"","V1","V2","V3","V4","Sample","Patient_ID","Microbiota","DNA_concentration","Experiment","Plate","Well_nextera","Adapter_plate","AdapterN","AdapterS","Tissue","Mouse","Sex","Survived","DEAD_DOL","Collection","Date.of.Extraction","Antibiotic","DOL","Antibiotic_day","Abx_relative","Abx_relativeinfxn","Infection","DPI","Adult","Notes","Total_Preprocessed_Reads","Total_Postprocessed_Reads","retainedreads","Resequence_DNA_concentration","Reseq_total_preprocessed_reads","Reseq_total_postprocessed_reads","Reseq_retainedreads","original_preprocessed_reads","original_postprocessed_reads","Resequence_Nextera","Resequence_nextera_plate","AdapterN2","AdapterS3","Klebsiella_aerogenes","Klebsiella_pneumoniae","Achromobacter_xylosoxidans","Escherichia_coli","Klebsiella_variicola","Klebsiella_quasipneumoniae","Enterococcus_faecalis","Achromobacter_insuavis","Pedobacter_nutrimenti","Delftia_acidovorans","Paenibacillus_pasadenensis","Acinetobacter_gandensis","Acinetobacter_johnsonii","Clostridium_perfringens","Clostridium_neonatale","Klebsiella_oxytoca","Clostridium_innocuum","Clostridioides_difficile","Clostridium_paraputrificum","Clostridium_sp_7_2_43FAA","Veillonella_parvula","Proteus_mirabilis","Citrobacter_freundii","Klebsiella_michiganensis","Peptoniphilus_harei","Campylobacter_ureolyticus","Varibaculum_cambriense","Finegoldia_magna","Proteus_hauseri","Citrobacter_amalonaticus","Gemella_asaccharolytica","Citrobacter_youngae","Citrobacter_rodentium","Enterococcus_gallinarum","Bacteroides_caecimuris","Bacteroides_thetaiotaomicron","Akkermansia_muciniphila","Lactobacillus_johnsonii","Blautia_coccoides","Clostridium_clostridioforme","Clostridium_aldenense","Lactobacillus_murinus","Parasutterella_excrementihominis","Proteobacteria_bacterium_CAG_139","Turicimonas_muris","Streptococcus_salivarius","Staphylococcus_epidermidis","Veillonella_dispar","Clostridium_asparagiforme","Clostridium_lavalense","Sphingomonas_melonis","Anaerococcus_vaginalis","Bifidobacterium_breve","Clostridium_bolteae","Clostridium_butyricum","Morganella_morganii","Anaerococcus_hydrogenalis","Negativicoccus_succinicivorans","Actinomyces_europaeus","Corynebacterium_simulans","Staphylococcus_warneri","Staphylococcus_aureus","Dermabacter_hominis","Staphylococcus_argenteus","Corynebacterium_striatum","Citrobacter_pasteurii","Aeriscardovia_aeriphila","Streptococcus_thermophilus","Streptococcus_gordonii","Mycobacteroides_abscessus","Lachnospiraceae_bacterium_28_4","Lachnospiraceae_bacterium_A4","Acutalibacter_muris","Anaerotruncus_sp_G3_2012","Dorea_sp_5_2","Lachnospiraceae_bacterium_A2","Clostridium_sp_ASF502","Enterorhabdus_caecimuris","Clostridium_sp_ASF356","Lachnospiraceae_bacterium_M18_1","Oscillibacter_sp_1_3","Bifidobacterium_pseudolongum","Clostridium_cocleatum","Tissierellia_bacterium_S5_A11","Collinsella_SGB47280","Clostridium_tertium","Enterobacter_cloacae_complex","Cutibacterium_acnes","Fusobacterium_nucleatum","Pseudomonas_aeruginosa_group","Ruthenibacterium_lactatiformans","Bifidobacterium_longum","Streptococcus_agalactiae","Cutibacterium_avidum","Actinomyces_sp_HPA0247","Serratia_marcescens","Lactobacillus_paragasseri","Leclercia_adecarboxylata","Staphylococcus_hominis","Actinomyces_radingae","Anaerococcus_prevotii","Bacillus_cereus_group","Burkholderia_contaminans","Lactobacillus_casei_group","shannon","speciesrichness"
"1",-0.544484396310156,-0.23185137499672,0.10030391478301,0.0164082682617697,"GF10_C2_d101","37.02 (11/5/2009)","A","15","GF10","1","D7","5","AM-F0452","AM-R0452","stool","C_4_2","F","yes",NA,"101","","ampicillin/probenecid","10","0","beforeamp","beforeamp",NA,NA,"no","",1416376,741051,"52.32021723","",NA,NA,NA,NA,NA,"",NA,"","",96.85893,0,0,0,0,0,1.81701,0,0,0,0,0,0,0.81571,0,0,0,0.50835,0,0,0,0,0,0,0,0,0,0,0,0,0,0,0,0,0,0,0,0,0,0,0,0,0,0,0,0,0,0,0,0,0,0,0,0,0,0,0,0,0,0,0,0,0,0,0,0,0,0,0,0,0,0,0,0,0,0,0,0,0,0,0,0,0,0,0,0,0,0,0,0,0,0,0,0,0,0,0,0,0,0,0,0,0,0,0.16981370367777,4
"2",-0.476437403059835,-0.205341909510918,0.044145230445865,0.0160032058758893,"GF10_C3_d101","37.02 (11/5/2009)","A","12.4","GF10","1","D8","5","AM-F0453","AM-R0453","stool","C_4_3","F","no","11","101","","ampicillin/probenecid","10","0","beforeamp","beforeamp",NA,NA,"no","",1886489,984405,"52.18185741","",NA,NA,NA,NA,NA,"",NA,"","",57.27343,0.77435,0,0.06959,0,0,0.98472,0,0,0,0,0,0,0.35353,0,0.27204,0,0.35531,0,0,0,39.41208,0,0,0,0,0,0,0.50496,0,0,0,0,0,0,0,0,0,0,0,0,0,0,0,0,0,0,0,0,0,0,0,0,0,0,0,0,0,0,0,0,0,0,0,0,0,0,0,0,0,0,0,0,0,0,0,0,0,0,0,0,0,0,0,0,0,0,0,0,0,0,0,0,0,0,0,0,0,0,0,0,0,0,0,0.857138168502707,9
"3",-0.543282721360002,-0.23727979404653,0.10044444668169,0.0161273550029163,"GF10_C5_d101","37.02 (11/5/2009)","A","37.6","GF10","1","D9","5","AM-F0454","AM-R0454","stool","C_4_5",NA,"no","11","101","","ampicillin/probenecid","10","0","beforeamp","beforeamp",NA,NA,"no","",1145001,253411,"22.13194574","",NA,NA,NA,NA,NA,"",NA,"","",96.84976,0,0,0.28917,0,0,1.49395,0,0,0,0,0,0,1.20562,0,0,0,0.1615,0,0,0,0,0,0,0,0,0,0,0,0,0,0,0,0,0,0,0,0,0,0,0,0,0,0,0,0,0,0,0,0,0,0,0,0,0,0,0,0,0,0,0,0,0,0,0,0,0,0,0,0,0,0,0,0,0,0,0,0,0,0,0,0,0,0,0,0,0,0,0,0,0,0,0,0,0,0,0,0,0,0,0,0,0,0,0.174355712156089,5
"4",-0.550827872153403,-0.252654572100002,0.106896341265412,0.0132435263820584,"GF10_C6_d101","37.02 (11/5/2009)","A","12.4","GF10","1","D10","5","AM-F0455","AM-R0455","stool","C_4_6","M","no","10.66","101","","ampicillin/probenecid","10","0","beforeamp","beforeamp",NA,NA,"no","",1041368,542726,"52.11663888","",NA,NA,NA,NA,NA,"",NA,"","",99.87219,0,0,0,0,0,0.12781,0,0,0,0,0,0,0,0,0,0,0,0,0,0,0,0,0,0,0,0,0,0,0,0,0,0,0,0,0,0,0,0,0,0,0,0,0,0,0,0,0,0,0,0,0,0,0,0,0,0,0,0,0,0,0,0,0,0,0,0,0,0,0,0,0,0,0,0,0,0,0,0,0,0,0,0,0,0,0,0,0,0,0,0,0,0,0,0,0,0,0,0,0,0,0,0,0,0.00979247162760953,2
"5",-0.542191249221137,-0.239500047682255,0.102447500960304,0.0153480208714734,"GF10_C8_d101","37.02 (11/5/2009)","A","13.5","GF10","1","D11","5","AM-F0456","AM-R0456","stool","C_4_8","M","no","12.33","101","","ampicillin/probenecid","10","0","beforeamp","beforeamp",NA,NA,"no","",783195,423494,"54.07261282","",NA,NA,NA,NA,NA,"",NA,"","",97.48219,0,0,0.37949,0,0,1.36398,0,0,0,0,0,0,0.61946,0,0,0,0.15488,0,0,0,0,0,0,0,0,0,0,0,0,0,0,0,0,0,0,0,0,0,0,0,0,0,0,0,0,0,0,0,0,0,0,0,0,0,0,0,0,0,0,0,0,0,0,0,0,0,0,0,0,0,0,0,0,0,0,0,0,0,0,0,0,0,0,0,0,0,0,0,0,0,0,0,0,0,0,0,0,0,0,0,0,0,0,0.146106278395742,5
"6",-0.430889910499363,-0.0951966008313305,-0.319724822723898,0.217328512877466,"GF14_A1_d32","37.02 (11/5/2009)","A","10.6","GF14","4","B8","8","AM-F0717","AM-R0717","stool","A_1_1","M","yes",NA,"32","","ampicillin/probenecid","10","0","beforeamp","beforeamp",NA,NA,"no","",1442313,877949,"60.87090666","",NA,NA,NA,NA,NA,"",NA,"","",50.98175,1.57115,0,0.20032,0,0,2.71973,0,0,0,0,0,0,1.07781,0.27662,40.43131,0.76575,1.65719,0.31836,0,0,0,0,0,0,0,0,0,0,0,0,0,0,0,0,0,0,0,0,0,0,0,0,0,0,0,0,0,0,0,0,0,0,0,0,0,0,0,0,0,0,0,0,0,0,0,0,0,0,0,0,0,0,0,0,0,0,0,0,0,0,0,0,0,0,0,0,0,0,0,0,0,0,0,0,0,0,0,0,0,0,0,0,0,1.07401463321182,10
"7",-0.528004954548588,-0.222931242682506,0.099887522664802,0.0197856301772381,"GF14_A1_d94_stool","37.02 (11/5/2009)","A","42.8","GF14","tubes","A05","7","AM-F0606","AM-R0606","stool","A_3_1","M","yes",NA,"94","","ampicillin","10","0","beforeamp","beforeamp",NA,NA,"no","",2657466,1115936,"41.99248457","",NA,NA,NA,NA,NA,"",NA,"","",92.92075,1.15419,0,0.96361,0,0,2.99274,0,0,0,0,0,0,0.87027,0,0,0,0.68133,0.13555,0,0,0.27565,0,0,0,0,0,0.00591,0,0,0,0,0,0,0,0,0,0,0,0,0,0,0,0,0,0,0,0,0,0,0,0,0,0,0,0,0,0,0,0,0,0,0,0,0,0,0,0,0,0,0,0,0,0,0,0,0,0,0,0,0,0,0,0,0,0,0,0,0,0,0,0,0,0,0,0,0,0,0,0,0,0,0,0,0.370520676473382,9
"8",-0.500318544581546,-0.153122590900496,-0.158266910540271,0.164023595302986,"GF14_A2_d32","37.02 (11/5/2009)","A","12.6","GF14","4","B9","8","AM-F0718","AM-R0718","stool","A_1_2","M","yes",NA,"32","","ampicillin/probenecid","10","0","beforeamp","beforeamp",NA,NA,"no","",1211856,860151,"70.97798748","",NA,NA,NA,NA,NA,"",NA,"","",71.28917,0.39124,0,0,0,0,3.23575,0,0,0,0,0,0,0.36995,0,22.78616,0,1.36774,0.05115,0.50883,0,0,0,0,0,0,0,0,0,0,0,0,0,0,0,0,0,0,0,0,0,0,0,0,0,0,0,0,0,0,0,0,0,0,0,0,0,0,0,0,0,0,0,0,0,0,0,0,0,0,0,0,0,0,0,0,0,0,0,0,0,0,0,0,0,0,0,0,0,0,0,0,0,0,0,0,0,0,0,0,0,0,0,0,0.821142186537455,8
"9",0.33492417036308,-0.364174205738671,0.0944995638380956,0.105550410221517,"GF14_A2_d94_stool","37.02 (11/5/2009)","A","81.3","GF14","tubes","A07","7","AM-F0608","AM-R0608","stool","A_3_2","M","yes",NA,"94","","ampicillin","10","0","beforeamp","beforeamp",NA,NA,"no","",842782,489607,"58.09414534","",NA,NA,NA,NA,NA,"",NA,"","",10.11175,0,0,89.80331,0,0,0.08494,0,0,0,0,0,0,0,0,0,0,0,0,0,0,0,0,0,0,0,0,0,0,0,0,0,0,0,0,0,0,0,0,0,0,0,0,0,0,0,0,0,0,0,0,0,0,0,0,0,0,0,0,0,0,0,0,0,0,0,0,0,0,0,0,0,0,0,0,0,0,0,0,0,0,0,0,0,0,0,0,0,0,0,0,0,0,0,0,0,0,0,0,0,0,0,0,0,0.334295997591402,3
"10",-0.466600537202256,-0.116911647653125,-0.239328714383615,0.191971911021821,"GF14_A3_d32","37.02 (11/5/2009)","A","18.3","GF14","4","B10","8","AM-F0719","AM-R0719","stool","A_1_3","M","yes",NA,"32","","ampicillin/probenecid","10","0","beforeamp","beforeamp",NA,NA,"no","",1213970,753421,"62.06257156","",NA,NA,NA,NA,NA,"",NA,"","",59.7349,0.54249,0,0.11032,0,0,3.46083,0,0,0,0,0,0,1.63987,0.05658,30.4754,0.28614,1.6752,2.01827,0,0,0,0,0,0,0,0,0,0,0,0,0,0,0,0,0,0,0,0,0,0,0,0,0,0,0,0,0,0,0,0,0,0,0,0,0,0,0,0,0,0,0,0,0,0,0,0,0,0,0,0,0,0,0,0,0,0,0,0,0,0,0,0,0,0,0,0,0,0,0,0,0,0,0,0,0,0,0,0,0,0,0,0,0,1.05780420770034,10
"11",0.234394068990922,-0.36194118270239,0.0644141424881998,0.12400425464693,"GF14_A4_d32","37.02 (11/5/2009)","A","19.2","GF14","4","B11","8","AM-F0720","AM-R0720","stool","A_1_4","F","yes",NA,"32","","ampicillin/probenecid","10","0","beforeamp","beforeamp",NA,NA,"no","",1025563,738783,"72.0368227","",NA,NA,NA,NA,NA,"",NA,"","",16.01241,0.16662,0,65.9366,0,0,0.65815,0,0,0,0,0,0,0,0,0.83648,0,0.44768,0,0,0,15.94207,0,0,0,0,0,0,0,0,0,0,0,0,0,0,0,0,0,0,0,0,0,0,0,0,0,0,0,0,0,0,0,0,0,0,0,0,0,0,0,0,0,0,0,0,0,0,0,0,0,0,0,0,0,0,0,0,0,0,0,0,0,0,0,0,0,0,0,0,0,0,0,0,0,0,0,0,0,0,0,0,0,0,0.968606791451526,7
"12",0.359063252811854,-0.343292696123374,0.0854127520928598,0.0966887018282003,"GF14_A4_d94_stool","37.02 (11/5/2009)","A","207","GF14","tubes","A08","7","AM-F0609","AM-R0609","stool","A_3_4","F","yes",NA,"94","","ampicillin","10","0","beforeamp","beforeamp",NA,NA,"no","",2214403,1543254,"69.69165053","",NA,NA,NA,NA,NA,"",NA,"","",7.25304,0.15142,0,91.86665,0,0,0.55803,0,0,0,0,0,0,0,0,0,0,0.17085,0,0,0,0,0,0,0,0,0,0,0,0,0,0,0,0,0,0,0,0,0,0,0,0,0,0,0,0,0,0,0,0,0,0,0,0,0,0,0,0,0,0,0,0,0,0,0,0,0,0,0,0,0,0,0,0,0,0,0,0,0,0,0,0,0,0,0,0,0,0,0,0,0,0,0,0,0,0,0,0,0,0,0,0,0,0,0.317905714827625,5
"13",0.205987150961427,-0.380429844356952,0.0855520042181415,0.144065692115791,"GF14_A5_d32","37.02 (11/5/2009)","A","20.1","GF14","4","B12","8","AM-F0721","AM-R0721","stool","A_1_5","M","yes",NA,"32","","ampicillin/probenecid","10","0","beforeamp","beforeamp",NA,NA,"no","",1134911,777447,"68.50290463","",NA,NA,NA,NA,NA,"",NA,"","",21.22083,0,0,73.70894,0,0,2.06992,0,0,0,0,0,0,0,0,2.08067,0,0.91964,0,0,0,0,0,0,0,0,0,0,0,0,0,0,0,0,0,0,0,0,0,0,0,0,0,0,0,0,0,0,0,0,0,0,0,0,0,0,0,0,0,0,0,0,0,0,0,0,0,0,0,0,0,0,0,0,0,0,0,0,0,0,0,0,0,0,0,0,0,0,0,0,0,0,0,0,0,0,0,0,0,0,0,0,0,0,0.757768171691947,5
"14",0.370993343759221,-0.338284695443542,0.084657404639753,0.0930052051572824,"GF14_A5_d94_stool","37.02 (11/5/2009)","A","57","GF14","tubes","B04","7","AM-F0617","AM-R0617","stool","A_3_5","F","yes",NA,"94","","ampicillin","10","0","beforeamp","beforeamp",NA,NA,"no","",2381709,1054348,"44.26854834","",NA,NA,NA,NA,NA,"",NA,"","",6.28458,0,0,93.19065,0,0,0.46952,0,0,0,0,0,0,0,0,0,0,0.05525,0,0,0,0,0,0,0,0,0,0,0,0,0,0,0,0,0,0,0,0,0,0,0,0,0,0,0,0,0,0,0,0,0,0,0,0,0,0,0,0,0,0,0,0,0,0,0,0,0,0,0,0,0,0,0,0,0,0,0,0,0,0,0,0,0,0,0,0,0,0,0,0,0,0,0,0,0,0,0,0,0,0,0,0,0,0,0.268935757696562,4
"15",-0.53726134978926,-0.258162318538422,0.105039779711276,0.00959897217035092,"GF14_A6_d94_stool","37.02 (11/5/2009)","A","7.13","GF14","tubes","A11","6","AM-F0516","AM-R0516","stool","A_3_6","M","yes",NA,"94","","ampicillin","10","0","beforeamp","beforeamp",NA,NA,"no","",2355173,1060489,"45.02807225","",NA,NA,NA,NA,NA,"",NA,"","",96.56452,2.10571,0,0.8105,0,0,0.20431,0,0,0,0,0,0,0,0,0,0,0.31496,0,0,0,0,0,0,0,0,0,0,0,0,0,0,0,0,0,0,0,0,0,0,0,0,0,0,0,0,0,0,0,0,0,0,0,0,0,0,0,0,0,0,0,0,0,0,0,0,0,0,0,0,0,0,0,0,0,0,0,0,0,0,0,0,0,0,0,0,0,0,0,0,0,0,0,0,0,0,0,0,0,0,0,0,0,0,0.184873608854178,5
"16",0.290075393645765,-0.360417479134104,0.0974789486181961,0.114825988379137,"GF14_A7_d32","37.02 (11/5/2009)","A","21.1","GF14","4","C1","8","AM-F0722","AM-R0722","stool","A_1_7","F","yes",NA,"32","","ampicillin/probenecid","10","0","beforeamp","beforeamp",NA,NA,"no","",1153798,795731,"68.96623152","",NA,NA,NA,NA,NA,"",NA,"","",13.35421,0,0,84.02281,0,0,1.82126,0,0,0,0,0,0,0.04273,0,0,0,0.75899,0,0,0,0,0,0,0,0,0,0,0,0,0,0,0,0,0,0,0,0,0,0,0,0,0,0,0,0,0,0,0,0,0,0,0,0,0,0,0,0,0,0,0,0,0,0,0,0,0,0,0,0,0,0,0,0,0,0,0,0,0,0,0,0,0,0,0,0,0,0,0,0,0,0,0,0,0,0,0,0,0,0,0,0,0,0,0.528447909833872,5
"17",-0.534012005134249,-0.242856125089745,0.1034867190161,0.0124921937643351,"GF14_A7_d94_stool","37.02 (11/5/2009)","A","116.879","GF14","tubes","A02","7","AM-F0603","AM-R0603","stool","A_3_7","M","yes",NA,"94","","ampicillin","10","0","beforeamp","beforeamp",NA,NA,"no","",2241416,956722,"42.6838213","",NA,NA,NA,NA,NA,"",NA,"","",96.29053,1.17989,0,0.81988,0,0,1.47639,0,0,0,0,0,0,0,0,0,0,0.23331,0,0,0,0,0,0,0,0,0,0,0,0,0,0,0,0,0,0,0,0,0,0,0,0,0,0,0,0,0,0,0,0,0,0,0,0,0,0,0,0,0,0,0,0,0,0,0,0,0,0,0,0,0,0,0,0,0,0,0,0,0,0,0,0,0,0,0,0,0,0,0,0,0,0,0,0,0,0,0,0,0,0,0,0,0,0,0.204545450403385,5
"18",-0.539040491935237,-0.244302894932826,0.100904764176761,0.0127401851669883,"GF14_A8_d94_stool","37.02 (11/5/2009)","A","136.508","GF14","tubes","A12","6","AM-F0517","AM-R0517","stool","A_3_8","M","yes",NA,"94","","ampicillin","10","0","beforeamp","beforeamp",NA,NA,"no","",2556289,1156925,"45.25798922","",NA,NA,NA,NA,NA,"",NA,"","",96.05977,1.39873,0,0.45838,0,0,1.21742,0,0,0,0,0,0,0.53312,0,0,0,0.33258,0,0,0,0,0,0,0,0,0,0,0,0,0,0,0,0,0,0,0,0,0,0,0,0,0,0,0,0,0,0,0,0,0,0,0,0,0,0,0,0,0,0,0,0,0,0,0,0,0,0,0,0,0,0,0,0,0,0,0,0,0,0,0,0,0,0,0,0,0,0,0,0,0,0,0,0,0,0,0,0,0,0,0,0,0,0,0.223571488998064,6
"19",0.385386975642061,-0.332030861174233,0.0741846259471273,0.0903584943347971,"GF14_d67_A1_stool","37.02 (11/5/2009)","A","12.615","GF14","201004","D06","5","AM-F0451","AM-R0451","stool","A_2_1","M","no","10.66","67","","ampicillin/probenecid","10","0","beforeamp","beforeamp",NA,NA,"no","",5090414,2718525,"53.40479183","",NA,NA,NA,NA,NA,"",NA,"","",4.77452,0,0,91.05926,0,0,0.18321,0,0,0,0,0,0,0,0,0,0,0,0,0,0,3.98301,0,0,0,0,0,0,0,0,0,0,0,0,0,0,0,0,0,0,0,0,0,0,0,0,0,0,0,0,0,0,0,0,0,0,0,0,0,0,0,0,0,0,0,0,0,0,0,0,0,0,0,0,0,0,0,0,0,0,0,0,0,0,0,0,0,0,0,0,0,0,0,0,0,0,0,0,0,0,0,0,0,0,0.370444941889049,4
"20",-0.538748584091402,-0.257416631915643,0.108341804472987,0.0137854571966303,"GF14_d67_A3_stool","37.02 (11/5/2009)","A","5.986","GF14","201004","D08","5","AM-F0453","AM-R0453","stool","A_2_3","F","no","11","67","","ampicillin/probenecid","10","0","beforeamp","beforeamp",NA,NA,"no","",1438861,415009,"28.84288336","",NA,NA,NA,NA,NA,"",NA,"","",98.86303,0,0,1.13697,0,0,0,0,0,0,0,0,0,0,0,0,0,0,0,0,0,0,0,0,0,0,0,0,0,0,0,0,0,0,0,0,0,0,0,0,0,0,0,0,0,0,0,0,0,0,0,0,0,0,0,0,0,0,0,0,0,0,0,0,0,0,0,0,0,0,0,0,0,0,0,0,0,0,0,0,0,0,0,0,0,0,0,0,0,0,0,0,0,0,0,0,0,0,0,0,0,0,0,0,0.0622047297242041,2
"21",0.389006305465104,-0.333857810515877,0.0811210770993692,0.0881743651812402,"GF14_d67_A4_stool","37.02 (11/5/2009)","A","9.377","GF14","201004","D09","5","AM-F0454","AM-R0454","stool","A_2_4","M","no","10.66","67","","ampicillin/probenecid","10","0","beforeamp","beforeamp",NA,NA,"no","",1191355,563271,"47.27986201","",NA,NA,NA,NA,NA,"",NA,"","",4.80073,0,0,94.36448,0,0,0,0,0,0,0,0,0,0,0,0,0,0,0,0,0,0.83479,0,0,0,0,0,0,0,0,0,0,0,0,0,0,0,0,0,0,0,0,0,0,0,0,0,0,0,0,0,0,0,0,0,0,0,0,0,0,0,0,0,0,0,0,0,0,0,0,0,0,0,0,0,0,0,0,0,0,0,0,0,0,0,0,0,0,0,0,0,0,0,0,0,0,0,0,0,0,0,0,0,0,0.240456939910453,3
"22",0.293373553924916,-0.387328034964003,0.10439385615415,0.117832386968732,"GF14_d67_A5_stool","37.02 (11/5/2009)","A","9.02","GF14","201004","D10","5","AM-F0455","AM-R0455","stool","A_2_5","F","no","11","67","","ampicillin/probenecid","10","0","beforeamp","beforeamp",NA,NA,"no","",971605,202178,"20.80866196","",NA,NA,NA,NA,NA,"",NA,"","",14.33106,0,0,85.66894,0,0,0,0,0,0,0,0,0,0,0,0,0,0,0,0,0,0,0,0,0,0,0,0,0,0,0,0,0,0,0,0,0,0,0,0,0,0,0,0,0,0,0,0,0,0,0,0,0,0,0,0,0,0,0,0,0,0,0,0,0,0,0,0,0,0,0,0,0,0,0,0,0,0,0,0,0,0,0,0,0,0,0,0,0,0,0,0,0,0,0,0,0,0,0,0,0,0,0,0,0.410927965528317,2
"23",0.282728017702938,-0.380981800706268,0.087131422896546,0.120392532944971,"GF14_d67_A6_stool","37.02 (11/5/2009)","A","2.907","GF14","201004","D11","5","AM-F0456","AM-R0456","stool","A_2_6","M","no","11","67","","ampicillin/probenecid","10","0","beforeamp","beforeamp",NA,NA,"no","",873288,450408,"51.57611235","",NA,NA,NA,NA,NA,"",NA,"","",14.23577,0,0,78.06378,0,0,0,0,0,0,0,0,0,0,0,0,0,0,0,0,0,7.70045,0,0,0,0,0,0,0,0,0,0,0,0,0,0,0,0,0,0,0,0,0,0,0,0,0,0,0,0,0,0,0,0,0,0,0,0,0,0,0,0,0,0,0,0,0,0,0,0,0,0,0,0,0,0,0,0,0,0,0,0,0,0,0,0,0,0,0,0,0,0,0,0,0,0,0,0,0,0,0,0,0,0,0.668265306871537,3
"24",-0.104675855273848,-0.2750198121599,0.0487581323436743,0.0670469555196833,"GF14_d67_A7_stool","37.02 (11/5/2009)","A","7.75","GF14","201004","D12","5","AM-F0457","AM-R0457","stool","A_2_7","M","no","11","67","","ampicillin/probenecid","10","0","beforeamp","beforeamp",NA,NA,"no","",1359475,232413,"17.09579065","",NA,NA,NA,NA,NA,"",NA,"","",32.42128,0.6097,0,24.27893,0,0,0,0,0,0,0,0,0,0,0,0,0,0,0,0,0,41.91276,0,0,0,0,0,0,0.77733,0,0,0,0,0,0,0,0,0,0,0,0,0,0,0,0,0,0,0,0,0,0,0,0,0,0,0,0,0,0,0,0,0,0,0,0,0,0,0,0,0,0,0,0,0,0,0,0,0,0,0,0,0,0,0,0,0,0,0,0,0,0,0,0,0,0,0,0,0,0,0,0,0,0,0,1.1421766633701,5
"25",-0.126697688476464,-0.448293808683979,0.141219235959431,0.152750753930822,"GF14_d67_A8_stool","37.02 (11/5/2009)","A","9.349","GF14","201004","E01","5","AM-F0458","AM-R0458","stool","A_2_8","F","no","10.66","67","","ampicillin/probenecid","10","0","beforeamp","beforeamp",NA,NA,"no","",595018,327626,"55.06152755","",NA,NA,NA,NA,NA,"",NA,"","",57.63251,0.5898,0,41.77769,0,0,0,0,0,0,0,0,0,0,0,0,0,0,0,0,0,0,0,0,0,0,0,0,0,0,0,0,0,0,0,0,0,0,0,0,0,0,0,0,0,0,0,0,0,0,0,0,0,0,0,0,0,0,0,0,0,0,0,0,0,0,0,0,0,0,0,0,0,0,0,0,0,0,0,0,0,0,0,0,0,0,0,0,0,0,0,0,0,0,0,0,0,0,0,0,0,0,0,0,0.71251735235241,3
"26",0.392988999599138,-0.332318364705479,0.082915052358523,0.0863624670743655,"GF14_d67_A9_stool","37.02 (11/5/2009)","A","21.499","GF14","201004","E02","5","AM-F0459","AM-R0459","stool","A_2_9","F","no","11","67","","ampicillin/probenecid","10","0","beforeamp","beforeamp",NA,NA,"no","",789169,163324,"20.69569382","",NA,NA,NA,NA,NA,"",NA,"","",4.53572,0,0,95.46428,0,0,0,0,0,0,0,0,0,0,0,0,0,0,0,0,0,0,0,0,0,0,0,0,0,0,0,0,0,0,0,0,0,0,0,0,0,0,0,0,0,0,0,0,0,0,0,0,0,0,0,0,0,0,0,0,0,0,0,0,0,0,0,0,0,0,0,0,0,0,0,0,0,0,0,0,0,0,0,0,0,0,0,0,0,0,0,0,0,0,0,0,0,0,0,0,0,0,0,0,0.184610919471675,2
"27",-0.537163369261529,-0.213310454913864,0.0860068182312338,0.0291480488621637,"GF14_d89_B1_stool","37.02 (11/5/2009)","A","25.961","GF14","201004","F01","5","AM-F0470","AM-R0470","stool","B_1_1","M","yes",NA,"89","","ampicillin","10","0","beforeamp","beforeamp",NA,NA,"no","",1233107,802569,"65.08510616","",NA,NA,NA,NA,NA,"",NA,"","",94.29133,0.40415,0,0,0,0,3.04599,0,0,0,0,0,0,0,0,1.31492,0,0.94362,0,0,0,0,0,0,0,0,0,0,0,0,0,0,0,0,0,0,0,0,0,0,0,0,0,0,0,0,0,0,0,0,0,0,0,0,0,0,0,0,0,0,0,0,0,0,0,0,0,0,0,0,0,0,0,0,0,0,0,0,0,0,0,0,0,0,0,0,0,0,0,0,0,0,0,0,0,0,0,0,0,0,0,0,0,0,0.285001944813742,5
"28",-0.528361234235235,-0.231833887929678,0.0600514052883646,0.0370639181622445,"GF14_d89_B2_stool","37.02 (11/5/2009)","A","13.5","GF14","201004","F02","5","AM-F0471","AM-R0471","stool","B_1_2","F","yes",NA,"89","","ampicillin","10","0","beforeamp","beforeamp",NA,NA,"no","",948987,332541,"35.04168129","",NA,NA,NA,NA,NA,"",NA,"","",92.7003,0.785,0,0.93512,0,0,1.35039,0,0,0,0,0,0,0,0,3.1454,0,1.08379,0,0,0,0,0,0,0,0,0,0,0,0,0,0,0,0,0,0,0,0,0,0,0,0,0,0,0,0,0,0,0,0,0,0,0,0,0,0,0,0,0,0,0,0,0,0,0,0,0,0,0,0,0,0,0,0,0,0,0,0,0,0,0,0,0,0,0,0,0,0,0,0,0,0,0,0,0,0,0,0,0,0,0,0,0,0,0.367983592127278,6
"29",-0.282784236598323,-0.0712496431468003,-0.21601383095985,-0.10823378724541,"GF14_d89_B3_stool","37.02 (11/5/2009)","A","4.795","GF14","201004","F03","5","AM-F0472","AM-R0472","stool","B_1_3","M","yes",NA,"89","","ampicillin","10","0","beforeamp","beforeamp",NA,NA,"no","",1191728,608226,"51.03731724","",NA,NA,NA,NA,NA,"",NA,"","",31.71502,0.30783,0,0,0,0,1.33721,0,0,0,0,0,0,0,0,18.58408,0,1.18606,0,0,0,0,29.88054,1.39166,0,0,0,0,0,0,0,14.66596,0,0,0,0,0,0,0,0,0,0,0,0,0,0,0,0,0,0,0,0,0,0,0,0,0,0,0,0,0,0,0,0,0,0.93166,0,0,0,0,0,0,0,0,0,0,0,0,0,0,0,0,0,0,0,0,0,0,0,0,0,0,0,0,0,0,0,0,0,0,0,0,0,0,1.55058050445379,9
"30",-0.0377108000446936,0.0895961509091156,-0.0483970319832356,-0.17851246336148,"GF21_C2_d115_stool","357.01 (11/25/12)","C","-0.304","GF21","","A02","UDI plate 02","AM-F0123","AM-R0123","stool","C2","F","yes",NA,"5/14/21","6/16/23","ampicillin/probenecid","10","0","beforeamp","beforeamp",NA,NA,"no","",157191,123302,"78.44087766","",NA,NA,NA,NA,NA,"",NA,"","",0,0,100,0,0,0,0,0,0,0,0,0,0,0,0,0,0,0,0,0,0,0,0,0,0,0,0,0,0,0,0,0,0,0,0,0,0,0,0,0,0,0,0,0,0,0,0,0,0,0,0,0,0,0,0,0,0,0,0,0,0,0,0,0,0,0,0,0,0,0,0,0,0,0,0,0,0,0,0,0,0,0,0,0,0,0,0,0,0,0,0,0,0,0,0,0,0,0,0,0,0,0,0,0,0,1
"31",-0.0471702368919111,0.190376311872381,-0.0211571642191811,-0.348978115553864,"GF21_C7_d115_stool","357.01 (11/25/12)","C","3.552","GF21","","B02","UDI plate 02","AM-F0135","AM-R0135","stool","C7","M","no - trauma",NA,"5/14/21","6/16/23","ampicillin/probenecid","10","0","beforeamp","beforeamp",NA,NA,"no","traumatic death",2120362,242659,"11.44422509","",NA,NA,NA,NA,NA,"",NA,"","",0,0,0,0,0,0,2.62446,0,0,0,0,0,0,0,0,0,0,0,0,0,0,0,0,0,0,0,0,0,0,0,0,0,0,0,0,0,0,0,0,0,0,0,0,0,0,0,97.37554,0,0,0,0,0,0,0,0,0,0,0,0,0,0,0,0,0,0,0,0,0,0,0,0,0,0,0,0,0,0,0,0,0,0,0,0,0,0,0,0,0,0,0,0,0,0,0,0,0,0,0,0,0,0,0,0,0,0.121435244352123,2
"32",-0.04478427371275,0.175523337331887,-0.0233441830284794,-0.359806410105378,"GF21_d115_C1_Stool","357.01 (11/25/12)","C","0.637","GF21","","H10","UDI plate 01","AM-F0119","AM-R0119","stool","C1","F","yes",NA,"5/14/21","6/12/23","ampicillin/probenecid","10","0","beforeamp","beforeamp",NA,NA,"no","",1514929,577574,"38.12548311","",NA,NA,NA,NA,NA,"",NA,"","",0,0,0.03747,0,0,0,0.73115,0,0,0,0,0,0,0,0,0,0,0,0,0,0,0,0,0,0,0,0,0,0,0,0,0,0,0,0,0,0,0,0,0,0,0,0,0,0,0,99.23138,0,0,0,0,0,0,0,0,0,0,0,0,0,0,0,0,0,0,0,0,0,0,0,0,0,0,0,0,0,0,0,0,0,0,0,0,0,0,0,0,0,0,0,0,0,0,0,0,0,0,0,0,0,0,0,0,0,0.0465729380685062,3
"33",-0.0462412423627449,0.178930740474015,-0.0233837955308548,-0.356849580623109,"GF21_d115_C3_Stool","357.01 (11/25/12)","C","4.358","GF21","","H11","UDI plate 01","AM-F0120","AM-R0120","stool","C3","M","yes",NA,"5/14/21","6/12/23","ampicillin/probenecid","10","0","beforeamp","beforeamp",NA,NA,"no","",1397620,94995,"6.796911893","",NA,NA,NA,NA,NA,"",NA,"","",0,0,0,0,0,0,1.27646,0,0,0,0,0,0,0,0,0,0,0,0,0,0,0,0,0,0,0,0,0,0,0,0,0,0,0,0,0,0,0,0,0,0,0,0,0,0,0,98.72354,0,0,0,0,0,0,0,0,0,0,0,0,0,0,0,0,0,0,0,0,0,0,0,0,0,0,0,0,0,0,0,0,0,0,0,0,0,0,0,0,0,0,0,0,0,0,0,0,0,0,0,0,0,0,0,0,0,0.0683502198391811,2
"34",-0.0450011271326027,0.227223940639742,-0.00628118613804336,-0.321572008905878,"GF21_d115_C5_Stool","357.01 (11/25/12)","C","0.123","GF21","","H12","UDI plate 01","AM-F0121","AM-R0121","stool","C5","F","yes",NA,"5/14/21","6/12/23","ampicillin/probenecid","10","0","beforeamp","beforeamp",NA,NA,"no","",1946669,1224422,"62.89831502","",NA,NA,NA,NA,NA,"",NA,"","",0,0,5.62121,0,0,0,6.15095,0,0,0.47608,0,0,0,0,0,0,0,0,0,0,0,0,0,0,0,0,0,0,0,0,0,0,0,0,0,0,0,0,0,0,0,0,0,0,0,0,87.75177,0,0,0,0,0,0,0,0,0,0,0,0,0,0,0,0,0,0,0,0,0,0,0,0,0,0,0,0,0,0,0,0,0,0,0,0,0,0,0,0,0,0,0,0,0,0,0,0,0,0,0,0,0,0,0,0,0,0.473449121724237,4
"35",-0.0161927750698934,0.484458785073502,0.205358637021572,-0.0539708595719071,"GF21_d82_A10_Stool","357.01 (11/25/12)","C","0.212","GF21","","G04","UDI plate 01","AM-F0101","AM-R0101","stool","A10","F","yes",NA,"4/11/21","6/12/23","ampicillin/probenecid","10","0","beforeamp","beforeamp",NA,NA,"no","",963008,154837,"16.07847495","",NA,NA,NA,NA,NA,"",NA,"","",0,0,3.51365,0,0,0,45.64736,0,0,0,0,0,0,0,0,0,0,0,0,0,0,0,0,0,0,0,0,0,0,0,0,0,0,0,0,0,0,0,0,0,0,0,0,0,0,0,50.839,0,0,0,0,0,0,0,0,0,0,0,0,0,0,0,0,0,0,0,0,0,0,0,0,0,0,0,0,0,0,0,0,0,0,0,0,0,0,0,0,0,0,0,0,0,0,0,0,0,0,0,0,0,0,0,0,0,0.819561942420759,3
"36",-0.0072920531258907,0.545959410055428,0.300373591719086,0.139471268170123,"GF21_d82_A7_Stool","357.01 (11/25/12)","C","0.373","GF21","","G03","UDI plate 01","AM-F0100","AM-R0100","stool","A7","M","yes",NA,"4/11/21","6/12/23","ampicillin/probenecid","10","0","beforeamp","beforeamp",NA,NA,"no","",3196649,301799,"9.441105358","",NA,NA,NA,NA,NA,"",NA,"","",0,0,2.07952,0,0,0,88.11768,0,0,0,0,0,0,0,0,0,0,0,0,0,0,0,0,0,0,0,0,0,0,0,0,0,0,0,0,0,0,0,0,0,0,0,0,0,0,0,6.54681,0,0,0,0,0,0,0,0,0,0,0,0,0,3.256,0,0,0,0,0,0,0,0,0,0,0,0,0,0,0,0,0,0,0,0,0,0,0,0,0,0,0,0,0,0,0,0,0,0,0,0,0,0,0,0,0,0,0,0.481992672106222,4
"37",-0.539985974724344,-0.240698798718542,0.102841987728608,0.00863581603630488,"GF24_A1_d73_stool","","A","1.97","GF24","","A01","UDI Plate 05","AM-F0410","AM-R0410","stool","A1","F","yes",NA,"","4/7/23","ampicillin/probenecid","10","0","beforeamp","beforeamp",NA,NA,"no","",1951357,462854,"23.71959616","",NA,NA,NA,NA,NA,"",NA,"","",95.60837,2.46927,0,0,0,0,1.66532,0,0,0,0,0,0,0,0,0,0,0.25705,0,0,0,0,0,0,0,0,0,0,0,0,0,0,0,0,0,0,0,0,0,0,0,0,0,0,0,0,0,0,0,0,0,0,0,0,0,0,0,0,0,0,0,0,0,0,0,0,0,0,0,0,0,0,0,0,0,0,0,0,0,0,0,0,0,0,0,0,0,0,0,0,0,0,0,0,0,0,0,0,0,0,0,0,0,0,0.217858394775024,4
"38",-0.543902474928239,-0.243680271318659,0.103239483723851,0.0114253819990513,"GF24_A2_d73_stool","","A","1.39","GF24","","A02","UDI Plate 05","AM-F0411","AM-R0411","stool","A2","M","yes",NA,"","4/7/23","ampicillin/probenecid","10","0","beforeamp","beforeamp",NA,NA,"no","",2603646,866163,"33.26731053","",NA,NA,NA,NA,NA,"",NA,"","",97.30069,1.32219,0,0,0,0,1.24658,0,0,0,0,0,0,0,0,0,0,0.13054,0,0,0,0,0,0,0,0,0,0,0,0,0,0,0,0,0,0,0,0,0,0,0,0,0,0,0,0,0,0,0,0,0,0,0,0,0,0,0,0,0,0,0,0,0,0,0,0,0,0,0,0,0,0,0,0,0,0,0,0,0,0,0,0,0,0,0,0,0,0,0,0,0,0,0,0,0,0,0,0,0,0,0,0,0,0,0.147150928811059,4
"39",-0.481012483240338,-0.176461186334284,-0.211757830002081,0.17348450085777,"GF24_C3_d85_stool","","A","5.22","GF24","","A12","UDI Plate 05","AM-F0421","AM-R0421","stool","C3","F","yes",NA,"","4/7/23","ampicillin/probenecid","10","0","beforeamp","beforeamp",NA,NA,"no","",2482242,1304881,"52.5686456","",NA,NA,NA,NA,NA,"",NA,"","",66.40641,3.57224,0,0.66991,0,0,0.64769,0,0,0,0,0,0,0,0,28.08054,0,0.58008,0.04312,0,0,0,0,0,0,0,0,0,0,0,0,0,0,0,0,0,0,0,0,0,0,0,0,0,0,0,0,0,0,0,0,0,0,0,0,0,0,0,0,0,0,0,0,0,0,0,0,0,0,0,0,0,0,0,0,0,0,0,0,0,0,0,0,0,0,0,0,0,0,0,0,0,0,0,0,0,0,0,0,0,0,0,0,0,0.846916317765031,7
"40",-0.499443000709291,-0.189586099934621,-0.165771034802518,0.150516366848914,"GF24_C5_d85_stool","","A","1.32","GF24","","B01","UDI Plate 05","AM-F0422","AM-R0422","stool","C5","M","yes",NA,"","4/7/23","ampicillin/probenecid","10","0","beforeamp","beforeamp",NA,NA,"no","",3151905,1168386,"37.06920101","",NA,NA,NA,NA,NA,"",NA,"","",71.29823,4.14812,0.04787,0,0,0,0.8457,0,0,0,0,0,0,0,0,23.3146,0,0.12435,0.22112,0,0,0,0,0,0,0,0,0,0,0,0,0,0,0,0,0,0,0,0,0,0,0,0,0,0,0,0,0,0,0,0,0,0,0,0,0,0,0,0,0,0,0,0,0,0,0,0,0,0,0,0,0,0,0,0,0,0,0,0,0,0,0,0,0,0,0,0,0,0,0,0,0,0,0,0,0,0,0,0,0,0,0,0,0,0.778558336905019,7
"41",0.0623356526714299,0.00804114445853926,-0.0399218317691032,-0.301242071091885,"GF26_A4_d146_stool","308.01 (5/19/12)","D","3.4","GF26","","G11","UDI Plate 05","AM-F0492","AM-R0492","stool","A4","M","no",NA,"","4/7/23","ampicillin/probenecid","10","0","beforeamp","beforeamp",NA,NA,"no","",2368287,1368550,"57.78649294","",NA,NA,NA,NA,NA,"",NA,"","",0,80.23327,0,4.62663,12.51751,2.62259,0,0,0,0,0,0,0,0,0,0,0,0,0,0,0,0,0,0,0,0,0,0,0,0,0,0,0,0,0,0,0,0,0,0,0,0,0,0,0,0,0,0,0,0,0,0,0,0,0,0,0,0,0,0,0,0,0,0,0,0,0,0,0,0,0,0,0,0,0,0,0,0,0,0,0,0,0,0,0,0,0,0,0,0,0,0,0,0,0,0,0,0,0,0,0,0,0,0,0.674499194649342,4
"42",0.130169682824222,0.418999374812768,0.283909314207106,0.190631641913522,"gnoto1_BA1_d10","40.01 (11/14/09)","B","13.4","gnoto1","3","D8","7","AM-F0670","AM-R0645","stool","BA1","F","yes",NA,"10","","ampicillin","10","0","beforeamp","beforeamp","E. coli","-3","no","",1163831,404463,"34.75272613","",NA,NA,NA,NA,NA,"",NA,"","",0,0,0,14.59103,0,0,81.98658,0,0,0,0,0,0,0,0,0,0,1.74548,0.81076,0,0,0,0,0,0,0,0,0,0,0,0,0,0,0,0,0,0,0,0,0,0,0,0,0,0,0,0,0,0,0,0,0,0.86614,0,0,0,0,0,0,0,0,0,0,0,0,0,0,0,0,0,0,0,0,0,0,0,0,0,0,0,0,0,0,0,0,0,0,0,0,0,0,0,0,0,0,0,0,0,0,0,0,0,0,0,0.594509206688523,5
"43",0.241224144676348,-0.0445312000674245,-0.0147520017303285,-0.178494065347428,"gnoto1_BA2_d10","40.01 (11/14/09)","B","23.1","gnoto1","3","D9","7","AM-F0671","AM-R0646","stool","BA2","M","yes",NA,"10","","ampicillin","10","0","beforeamp","beforeamp","E. coli","-3","no","",2228611,1726261,"77.45905409","",NA,NA,NA,NA,NA,"",NA,"","",0,0,0,28.06622,0,0,1.39391,0,0,0,0,0,0,0,0,0,0,0.57744,0.10301,0.00793,0,0,0,0,0,0,0,0,0,0,0,0,0,0,0,0,0,0,0,0,0,0,0,0,0,0,0,0,0,0,0,0,69.85149,0,0,0,0,0,0,0,0,0,0,0,0,0,0,0,0,0,0,0,0,0,0,0,0,0,0,0,0,0,0,0,0,0,0,0,0,0,0,0,0,0,0,0,0,0,0,0,0,0,0,0,0.704396239042444,6
"44",0.121761345065158,0.0720329938198466,-0.059687241445894,-0.233784548243127,"gnoto1_BA3_d10","40.01 (11/14/09)","B","33.3","gnoto1","3","D10","7","AM-F0663","AM-R0647","stool","BA3","M","yes",NA,"10","","ampicillin","10","0","beforeamp","beforeamp","E. coli","-3","no","",2591455,1756405,"67.77678949","",NA,NA,NA,NA,NA,"",NA,"","",0,0,0,13.71222,0,0,2.73923,0,0,0,0,0,0,0,0,1.16285,0,1.52134,0,0.03174,0,0,0,0,0,0,0,0,0,0,0,0,0,0,0,0,0,0,0,0,0,0,0,0,0,0,0,0,0,0,0,0,80.83261,0,0,0,0,0,0,0,0,0,0,0,0,0,0,0,0,0,0,0,0,0,0,0,0,0,0,0,0,0,0,0,0,0,0,0,0,0,0,0,0,0,0,0,0,0,0,0,0,0,0,0,0.66102323339941,6
"45",-0.0581460838395931,0.20460420267197,-0.603395733206408,0.150267574570402,"gnoto1_BA4_d10","40.01 (11/14/09)","B","16.7","gnoto1","3","D11","7","AM-F0664","AM-R0648","stool","BA4","M","yes",NA,"10","","ampicillin","10","0","beforeamp","beforeamp","E. coli","-3","no","",1459169,1159648,"79.4731796","",NA,NA,NA,NA,NA,"",NA,"","",0,0.41246,0,0,0,0,2.89181,0,0,0,0,0,0,0,0,91.0165,0,1.82379,3.05798,0,0,0,0,0.11258,0,0,0,0,0,0,0,0,0,0,0,0,0,0,0,0,0,0,0,0,0,0,0,0,0,0,0,0,0.68489,0,0,0,0,0,0,0,0,0,0,0,0,0,0,0,0,0,0,0,0,0,0,0,0,0,0,0,0,0,0,0,0,0,0,0,0,0,0,0,0,0,0,0,0,0,0,0,0,0,0,0,0.43223539766249,7
"46",0.127091853198915,0.105361932615231,-0.0302574661491494,-0.217939621597851,"gnoto2_BA1_d10","40.01 (11/14/09)","B","12.5","gnoto2","3","H6","7","AM-F0710","AM-R0691","stool","BA1","F","yes",NA,"10","","ampicillin","10","0","beforeamp","beforeamp","E. coli","-3","no","",2161547,1588213,"73.47575602","",NA,NA,NA,NA,NA,"",NA,"","",0,0,0,14.07533,0,0,6.62201,0,0,0,0,0,0,0,0,0.38602,0,0.51499,0,0,0,0,0,0,0,0,0,0,0,0,0,0,0,0,0,0,0,0,0,0,0,0,0,0,0,0,0,0,0,0,0,0,78.40164,0,0,0,0,0,0,0,0,0,0,0,0,0,0,0,0,0,0,0,0,0,0,0,0,0,0,0,0,0,0,0,0,0,0,0,0,0,0,0,0,0,0,0,0,0,0,0,0,0,0,0,0.69510995063635,5
"47",0.426492539033619,-0.158034714942226,0.129678257256383,0.132984025703998,"gnoto2_BA2_d10","40.01 (11/14/09)","B","2.66","gnoto2","3","H7","7","AM-F0695","AM-R0692","stool","BA2","M","yes",NA,"10","","ampicillin","10","0","beforeamp","beforeamp","E. coli","-3","no","",1549645,403713,"26.05196674","",NA,NA,NA,NA,NA,"",NA,"","",0,0,0,85.58467,0,0,14.41533,0,0,0,0,0,0,0,0,0,0,0,0,0,0,0,0,0,0,0,0,0,0,0,0,0,0,0,0,0,0,0,0,0,0,0,0,0,0,0,0,0,0,0,0,0,0,0,0,0,0,0,0,0,0,0,0,0,0,0,0,0,0,0,0,0,0,0,0,0,0,0,0,0,0,0,0,0,0,0,0,0,0,0,0,0,0,0,0,0,0,0,0,0,0,0,0,0,0.412431877236353,2
"48",0.0847022543292147,0.0985585318075403,-0.0517904663828014,-0.272139653580909,"gnoto2_BA3_d10","40.01 (11/14/09)","B","7.44","gnoto2","3","H8","7","AM-F0712","AM-R0693","stool","BA3","M","yes",NA,"10","","ampicillin","10","0","beforeamp","beforeamp","E. coli","-3","no","",1774408,1343204,"75.69871191","",NA,NA,NA,NA,NA,"",NA,"","",0,0,0,9.51341,0,0,2.87465,0,0,0,0,0,0,0,0,0,0,0.32952,0.12539,0,0,0,0,0,0,0,0,0,0,0,0,0,0,0,0,0,0,0,0,0,0,0,0,0,0,0,0,0,0,0,0,0,87.14499,0,0,0,0,0,0,0,0,0,0,0,0,0,0.01205,0,0,0,0,0,0,0,0,0,0,0,0,0,0,0,0,0,0,0,0,0,0,0,0,0,0,0,0,0,0,0,0,0,0,0,0,0,0.474035295560496,6
"49",0.0584864339933522,0.108106733513303,-0.0610406335153468,-0.294930439056453,"gnoto2_BA4_d10","40.01 (11/14/09)","B","11.8","gnoto2","3","H9","7","AM-F0678","AM-R0694","stool","BA4",NA,"no","12","10","","ampicillin","10","0","beforeamp","beforeamp","E. coli","-3","no","",1972152,1320393,"66.95188809","",NA,NA,NA,NA,NA,"",NA,"","",0,0,0,6.74014,0,0,1.81104,0,0,0,0,0,0,0,0,0.10168,0,0.45698,0,0,0,0,0,0,0,0,0,0,0,0,0,0,0,0,0,0,0,0,0,0,0,0,0,0,0,0,0,0,0,0,0,0,90.88314,0,0,0,0,0,0,0,0,0,0,0,0,0,0.00701,0,0,0,0,0,0,0,0,0,0,0,0,0,0,0,0,0,0,0,0,0,0,0,0,0,0,0,0,0,0,0,0,0,0,0,0,0,0.373614387300126,6
"50",0.311096431183105,0.124169628130765,0.0409478463653969,0.307231305005255,"gnoto2_BA5_d10","40.01 (11/14/09)","B","1.96","gnoto2","3","H10","7","AM-F0696","AM-R0695","stool","BA5","F","yes",NA,"10","","ampicillin","10","0","beforeamp","beforeamp","E. coli","-3","no","",1394205,803788,"57.65206695","",NA,NA,NA,NA,NA,"",NA,"","",0,0,0,44.64346,0,0,38.49895,0,0,0,0,0,0,0,0,16.8576,0,0,0,0,0,0,0,0,0,0,0,0,0,0,0,0,0,0,0,0,0,0,0,0,0,0,0,0,0,0,0,0,0,0,0,0,0,0,0,0,0,0,0,0,0,0,0,0,0,0,0,0,0,0,0,0,0,0,0,0,0,0,0,0,0,0,0,0,0,0,0,0,0,0,0,0,0,0,0,0,0,0,0,0,0,0,0,0,1.02764769121559,3
"51",-0.187038967105515,-0.381536229400907,0.132090237950784,0.136690295853114,"Gn3_A1_Stool","","A","","gnoto3","","","","","","stool","A1","M","yes",NA,"","","ampicillin/probenecid","10","0","beforeamp","beforeamp",NA,NA,"no","",2378635,1591750,"66.9186319","",NA,NA,NA,NA,NA,"",NA,"","",61.51922,0.83515,0,33.8117,0,0,3.04447,0,0,0,0,0,0,0,0,0,0,0.78946,0,0,0,0,0,0,0,0,0,0,0,0,0,0,0,0,0,0,0,0,0,0,0,0,0,0,0,0,0,0,0,0,0,0,0,0,0,0,0,0,0,0,0,0,0,0,0,0,0,0,0,0,0,0,0,0,0,0,0,0,0,0,0,0,0,0,0,0,0,0,0,0,0,0,0,0,0,0,0,0,0,0,0,0,0,0,0.850009651469472,5
"52",-0.515163787266717,-0.247320546944529,0.106237951075506,0.0121153110956528,"Gn3_A3_Stool_DoL10","","A","","gnoto3","","","","","","stool","A3","F","yes",NA,"","","ampicillin/probenecid","10","0","beforeamp","beforeamp",NA,NA,"no","",2399233,1750575,"72.96394306","",NA,NA,NA,NA,NA,"",NA,"","",94.22995,1.7014,0,2.35455,0,0,1.7141,0,0,0,0,0,0,0,0,0,0,0,0,0,0,0,0,0,0,0,0,0,0,0,0,0,0,0,0,0,0,0,0,0,0,0,0,0,0,0,0,0,0,0,0,0,0,0,0,0,0,0,0,0,0,0,0,0,0,0,0,0,0,0,0,0,0,0,0,0,0,0,0,0,0,0,0,0,0,0,0,0,0,0,0,0,0,0,0,0,0,0,0,0,0,0,0,0,0.283281097054545,4
"53",-0.541013231407178,-0.23572845754381,0.0721987968632817,0.0135209021297616,"GF10_C1_d77","37.02 (11/5/2009)","A","52.3","GF10","1","B7","5","AM-F0428","AM-R0428","stool","C_3_1","F","yes",NA,"77","","ampicillin/gentamicin/probenecid","10","0","beforeampgent","beforeampgent",NA,NA,"no","",3223906,307527,"9.538956781","",NA,NA,NA,NA,NA,"",NA,"","",77.28815,0,0,0,0,0,0.33375,0,0,0,0,0,0,22.37811,0,0,0,0,0,0,0,0,0,0,0,0,0,0,0,0,0,0,0,0,0,0,0,0,0,0,0,0,0,0,0,0,0,0,0,0,0,0,0,0,0,0,0,0,0,0,0,0,0,0,0,0,0,0,0,0,0,0,0,0,0,0,0,0,0,0,0,0,0,0,0,0,0,0,0,0,0,0,0,0,0,0,0,0,0,0,0,0,0,0,0.553169117074638,3
"54",-0.377111889311765,-0.130611554303516,0.00930192954381877,-0.024559131946503,"GF10_C2_d77","37.02 (11/5/2009)","A","14.6","GF10","1","B8","5","AM-F0429","AM-R0429","stool","C_3_2","F","yes",NA,"77","","ampicillin/gentamicin/probenecid","10","0","beforeampgent","beforeampgent",NA,NA,"no","",1270442,1034467,"81.42575576","",NA,NA,NA,NA,NA,"",NA,"","",37.39165,0,0,0.10797,0,0,1.5488,0,0,0,0,0,0,55.26831,0,0,0,0.38524,0,0,0.71521,4.58283,0,0,0,0,0,0,0,0,0,0,0,0,0,0,0,0,0,0,0,0,0,0,0,0,0,0,0,0,0,0,0,0,0,0,0,0,0,0,0,0,0,0,0,0,0,0,0,0,0,0,0,0,0,0,0,0,0,0,0,0,0,0,0,0,0,0,0,0,0,0,0,0,0,0,0,0,0,0,0,0,0,0,0.965511162792984,7
"55",-0.391312052581439,-0.102584987766223,0.0105258962179279,-0.00232579640434882,"GF10_C4_d77","37.02 (11/5/2009)","A","7.96","GF10","1","B9","5","AM-F0430","AM-R0430","stool","C_3_4","F","yes",NA,"77","","ampicillin/gentamicin/probenecid","10","0","beforeampgent","beforeampgent",NA,NA,"no","",1102384,778227,"70.59491067","",NA,NA,NA,NA,NA,"",NA,"","",39.6182,0,0,0,0,0,4.86103,0,0,0,0,0,0,27.63978,0,0,0,0.9527,0,0,5.13304,21.61881,0,0,0,0,0,0,0.17644,0,0,0,0,0,0,0,0,0,0,0,0,0,0,0,0,0,0,0,0,0,0,0,0,0,0,0,0,0,0,0,0,0,0,0,0,0,0,0,0,0,0,0,0,0,0,0,0,0,0,0,0,0,0,0,0,0,0,0,0,0,0,0,0,0,0,0,0,0,0,0,0,0,0,0,1.40829566649107,7
"56",-0.545108964254712,-0.23661653546766,0.104941292419076,0.0139375607285778,"GF10_C5_d77","37.02 (11/5/2009)","A","16.4","GF10","1","B10","5","AM-F0431","AM-R0431","stool","C_3_5","F","no","12.66","77","","ampicillin/gentamicin/probenecid","10","0","beforeampgent","beforeampgent",NA,NA,"no","",949198,179297,"18.88931498","",NA,NA,NA,NA,NA,"",NA,"","",98.38223,0,0,0,0,0,1.61777,0,0,0,0,0,0,0,0,0,0,0,0,0,0,0,0,0,0,0,0,0,0,0,0,0,0,0,0,0,0,0,0,0,0,0,0,0,0,0,0,0,0,0,0,0,0,0,0,0,0,0,0,0,0,0,0,0,0,0,0,0,0,0,0,0,0,0,0,0,0,0,0,0,0,0,0,0,0,0,0,0,0,0,0,0,0,0,0,0,0,0,0,0,0,0,0,0,0.0827649304292255,2
"57",0.00865678117918449,0.108202827141231,-0.0902093276034203,-0.489239216233061,"GF11_B1_d71","40.01 (11/14/09)","B","LOW","GF11","1","G7","5","AM-F0507","AM-R0488","stool","B_2_1","M","no","11.66","71","","ampicillin/gentamicin/probenecid","10","0","beforeampgent","beforeampgent",NA,NA,"no","",916087,226693,"24.74579379","",NA,NA,NA,NA,NA,"",NA,"","",0,0,0,0,0,0,0,0,0,0,0,0,0,0,0,0,0,0,0.01545,0,0,0,87.03691,0,0,0,0,0,0,0,0,11.2007,0,0,0,0,0,0,0,0,0,0,0,0,0,0,0,0,0,0,0,0,1.74694,0,0,0,0,0,0,0,0,0,0,0,0,0,0,0,0,0,0,0,0,0,0,0,0,0,0,0,0,0,0,0,0,0,0,0,0,0,0,0,0,0,0,0,0,0,0,0,0,0,0,0,0.438105031787377,4
"58",0.00799817446238814,0.199383947852695,-0.0603075463401508,-0.40801937516546,"GF11_B2_d71","40.01 (11/14/09)","B","1.83","GF11","1","G8","5","N706","AM-R0489","stool","B_2_2","M","yes",NA,"71","","ampicillin/gentamicin/probenecid","10","0","beforeampgent","beforeampgent",NA,NA,"no","",1133079,365339,"32.24302983","",NA,NA,NA,NA,NA,"",NA,"","",0,0,0,0,0,0,9.41894,0,0,0,0,0,0,0,0,0.61275,0,0.21354,0,0,0,0,77.86397,0,0,0,0,0,0,0,0,9.87659,0,0,0,0,0,0,0,0,0,0,0,0,0,0,0,0,0,0,0,0,2.01421,0,0,0,0,0,0,0,0,0,0,0,0,0,0,0,0,0,0,0,0,0,0,0,0,0,0,0,0,0,0,0,0,0,0,0,0,0,0,0,0,0,0,0,0,0,0,0,0,0,0,0,0.768985823738269,6
"59",-0.0022224196953392,0.117693456667828,-0.099483968293306,-0.467812630348467,"GF11_B3_d71","40.01 (11/14/09)","B","8.98","GF11","1","G9","5","N707","AM-R0490","stool","B_2_3","F","no","11.33","71","","ampicillin/gentamicin/probenecid","10","0","beforeampgent","beforeampgent",NA,NA,"no","",1251448,172907,"13.8165549","",NA,NA,NA,NA,NA,"",NA,"","",0,0,0,0,0,0,1.86076,0,0,0,0,0,0,0,0,0.94608,0,0,0,0,0,0,84.89701,0,0,0,0,0,0,0,0,12.29614,0,0,0,0,0,0,0,0,0,0,0,0,0,0,0,0,0,0,0,0,0,0,0,0,0,0,0,0,0,0,0,0,0,0,0,0,0,0,0,0,0,0,0,0,0,0,0,0,0,0,0,0,0,0,0,0,0,0,0,0,0,0,0,0,0,0,0,0,0,0,0,0,0.514944980496481,4
"60",0.0186749935979228,0.302607269770648,0.030184190732361,-0.309542947187116,"GF11_B5_d71","40.01 (11/14/09)","B","1.98","GF11","1","G10","5","AM-F0526","AM-R0491","stool","B_2_5","M","yes",NA,"71","","ampicillin/gentamicin/probenecid","10","0","beforeampgent","beforeampgent",NA,NA,"no","",1587698,437227,"27.53842355","",NA,NA,NA,NA,NA,"",NA,"","",0,0,0,0,0,0,22.21839,0,0,0,0,0,0,0,0,0,0,0.02208,0,0,0,0,68.93484,0,0,0,0,0,0,0,0,8.01567,0,0,0,0,0,0,0,0,0,0,0,0,0,0,0,0,0,0,0,0,0.80902,0,0,0,0,0,0,0,0,0,0,0,0,0,0,0,0,0,0,0,0,0,0,0,0,0,0,0,0,0,0,0,0,0,0,0,0,0,0,0,0,0,0,0,0,0,0,0,0,0,0,0,0.833790835501649,5
"61",0.432365372884677,-0.267062685914916,0.0448411167246472,-0.0829288129802025,"GF11_B6_d71","40.01 (11/14/09)","B","3.94","GF11","1","G11","5","AM-F0513","AM-R0492","stool","B_2_6","M","no","11.33","71","","ampicillin/gentamicin/probenecid","10","0","beforeampgent","beforeampgent",NA,NA,"no","",1144759,488184,"42.64513317","",NA,NA,NA,NA,NA,"",NA,"","",0,0,0,73.34129,0,0,0.35668,0,0,0,0,0,0,0,0,0,0,0,0,0,0,0,24.97998,0,0,0,0,0,0,0,0,0.89244,0,0,0,0,0,0,0,0,0,0,0,0,0,0,0,0,0,0,0,0,0.4296,0,0,0,0,0,0,0,0,0,0,0,0,0,0,0,0,0,0,0,0,0,0,0,0,0,0,0,0,0,0,0,0,0,0,0,0,0,0,0,0,0,0,0,0,0,0,0,0,0,0,0,0.659518433941157,5
"62",0.409009255340574,-0.192653445954074,0.0520002135768405,-0.0733785444864672,"GF11_B7_d71","40.01 (11/14/09)","B","6.89","GF11","1","G12","5","N707","AM-R0493","stool","B_2_7","M","yes",NA,"71","","ampicillin/gentamicin/probenecid","10","0","beforeampgent","beforeampgent",NA,NA,"no","",1355259,399183,"29.45436998","",NA,NA,NA,NA,NA,"",NA,"","",0,0,0,66.40203,0,0,5.95436,0,0,0,0,0,0,0,0,0,0,0,0,0,0,0,23.41494,0,0,0,0,0,0,0,0,2.47042,0,0,0,0,0,0,0,0,0,0,0,0,0,0,0,0,0,0,0,0,1.75825,0,0,0,0,0,0,0,0,0,0,0,0,0,0,0,0,0,0,0,0,0,0,0,0,0,0,0,0,0,0,0,0,0,0,0,0,0,0,0,0,0,0,0,0,0,0,0,0,0,0,0,0.942263697309173,5
"63",-0.0344638540170206,0.296319500440511,0.033096706462164,-0.258460140477396,"GF12_C2_d31","357.01 (11/25/12)","C","3.69","GF12","2","C9","6","AM-F0556","AM-R0538","stool","C_1_2","M","no","11","31","","ampicillin/gentamicin/probenecid","10","0","beforeampgent","beforeampgent",NA,NA,"no","",885553,473934,"53.51842295","",NA,NA,NA,NA,NA,"",NA,"","",0,0,0,0,0,0,13.87093,0,0,0,0,0,0,0,0,0,0,0,0,0,0,0,0,0,0,0,0,0,0,0,0,0,0,0,0,0,0,0,0,0,0,0,0,0,0,0,86.12907,0,0,0,0,0,0,0,0,0,0,0,0,0,0,0,0,0,0,0,0,0,0,0,0,0,0,0,0,0,0,0,0,0,0,0,0,0,0,0,0,0,0,0,0,0,0,0,0,0,0,0,0,0,0,0,0,0,0.402613554203211,2
"64",-0.0071822339038837,0.540011649135619,0.300751110573728,0.16338319815977,"GF12_C3_d31","357.01 (11/25/12)","C","4.19","GF12","2","C10","6","AM-F0540","AM-R0539","stool","C_1_3","M","no","13","31","","ampicillin/gentamicin/probenecid","10","0","beforeampgent","beforeampgent",NA,NA,"no","",1139971,261711,"22.95768927","",NA,NA,NA,NA,NA,"",NA,"","",0,0,0,0,0,0,98.93088,0,0,0,0,0,0,0,0,0,0,0,0,0,0,0,0,0,0,0,0,0,0,0,0,0,0,0,0,0,0,0,0,0,0,0,0,0,0,0,1.06912,0,0,0,0,0,0,0,0,0,0,0,0,0,0,0,0,0,0,0,0,0,0,0,0,0,0,0,0,0,0,0,0,0,0,0,0,0,0,0,0,0,0,0,0,0,0,0,0,0,0,0,0,0,0,0,0,0,0.059154084085202,2
"65",0.427004446947073,-0.272067087191833,0.0782707997490916,0.0723306725745301,"C1-d33","37.02 (11/5/2009)","A","1.37","GF1","GF1","B9","4","N710","S509","stool","C1",NA,"yes",NA,"33","","meropenem","10","0","beforemero","beforemero","C. rodentium","-11","no","",3952099,3001632,"75.95032412","",NA,NA,NA,NA,NA,"",NA,"","",0,0,0,96.69348,0,0,3.19563,0,0,0,0,0,0,0,0,0,0,0.11089,0,0,0,0,0,0,0,0,0,0,0,0,0,0,0,0,0,0,0,0,0,0,0,0,0,0,0,0,0,0,0,0,0,0,0,0,0,0,0,0,0,0,0,0,0,0,0,0,0,0,0,0,0,0,0,0,0,0,0,0,0,0,0,0,0,0,0,0,0,0,0,0,0,0,0,0,0,0,0,0,0,0,0,0,0,0,0.150095677973244,3
"66",0.427439467705771,-0.27656108876295,0.0768894942158232,0.0707100579999141,"C3-d33","37.02 (11/5/2009)","A","7.66","GF1","GF1","B11","4","N710","S611","stool","C3",NA,"yes",NA,"33","","meropenem","10","0","beforemero","beforemero","C. rodentium","-11","no","",8145445,4579414,"56.22055026","",NA,NA,NA,NA,NA,"",NA,"","",0,0,0,97.0409,0,0,2.77912,0,0,0,0,0,0,0.04759,0,0,0,0.13239,0,0,0,0,0,0,0,0,0,0,0,0,0,0,0,0,0,0,0,0,0,0,0,0,0,0,0,0,0,0,0,0,0,0,0,0,0,0,0,0,0,0,0,0,0,0,0,0,0,0,0,0,0,0,0,0,0,0,0,0,0,0,0,0,0,0,0,0,0,0,0,0,0,0,0,0,0,0,0,0,0,0,0,0,0,0,0.141140162828004,4
"67",-0.299233551687721,0.222618063251405,-0.00470586100214509,0.315691541769927,"C4-d33","37.02 (11/5/2009)","A","0.517","GF1","GF1","B12","4","N710","S512","stool","C4",NA,"yes",NA,"33","","meropenem","10","0","beforemero","beforemero","C. rodentium","-11","no","",9562310,1326454,"13.87169","",NA,NA,NA,NA,NA,"",NA,"","",32.04656,0.42462,0,0,0,0,39.26759,0,0,0,0,0,0,4.84584,0,21.36308,0,0.75141,0,0,0,1.3009,0,0,0,0,0,0,0,0,0,0,0,0,0,0,0,0,0,0,0,0,0,0,0,0,0,0,0,0,0,0,0,0,0,0,0,0,0,0,0,0,0,0,0,0,0,0,0,0,0,0,0,0,0,0,0,0,0,0,0,0,0,0,0,0,0,0,0,0,0,0,0,0,0,0,0,0,0,0,0,0,0,0,1.3246013011203,7
"68",0.116704447270132,0.43002093090015,0.298774565781491,0.192636468687769,"C6-d33","37.02 (11/5/2009)","A","0.097","GF1","GF1","C1","4","N711","S501","stool","C6",NA,"yes",NA,"33","","meropenem","10","0","beforemero","beforemero","C. rodentium","-11","no","",1591772,263423,"16.54904094","",NA,NA,NA,NA,NA,"",NA,"","",0.23223,0,0,13.22316,0,0,86.44359,0,0,0,0,0,0,0,0,0,0,0.10102,0,0,0,0,0,0,0,0,0,0,0,0,0,0,0,0,0,0,0,0,0,0,0,0,0,0,0,0,0,0,0,0,0,0,0,0,0,0,0,0,0,0,0,0,0,0,0,0,0,0,0,0,0,0,0,0,0,0,0,0,0,0,0,0,0,0,0,0,0,0,0,0,0,0,0,0,0,0,0,0,0,0,0,0,0,0,0.414513589001845,4
"69",0.209185581293871,0.200917793827761,0.280591667232139,0.265348740532309,"C7-d33","37.02 (11/5/2009)","A","0.504","GF1","GF1","C2","4","N711","S502","stool","C7",NA,"yes",NA,"33","","meropenem","10","0","beforemero","beforemero","C. rodentium","-11","no","",4789817,1405724,"29.3481776","",NA,NA,NA,NA,NA,"",NA,"","",5.7086,0,0,33.5333,0,0,58.84773,0,0,0,0,0,0,0.5973,0,0.53043,0,0.78265,0,0,0,0,0,0,0,0,0,0,0,0,0,0,0,0,0,0,0,0,0,0,0,0,0,0,0,0,0,0,0,0,0,0,0,0,0,0,0,0,0,0,0,0,0,0,0,0,0,0,0,0,0,0,0,0,0,0,0,0,0,0,0,0,0,0,0,0,0,0,0,0,0,0,0,0,0,0,0,0,0,0,0,0,0,0,0.938200032983022,6
"70",-0.00713372497937078,0.541571013150022,0.301084368543185,0.158716507407693,"GF12_B4_d31","357.01 (11/25/12)","C","1.62","GF12","2","C8","6","AM-F0583","AM-R0537","stool","B_1_4","M","yes",NA,"31","","meropenem/probenecid","10","0","beforemero","beforemero",NA,NA,"no","",840228,209223,"24.90074123","",NA,NA,NA,NA,NA,"",NA,"","",0,0,0,0,0,0,97.76713,0,0,0,0,0,0,0,0,0,0,0,0,0,0,0,0,0,0,0,0,0,0,0,0,0,0,0,0,0,0,0,0,0,0,0,0,0,0,0,2.23287,0,0,0,0,0,0,0,0,0,0,0,0,0,0,0,0,0,0,0,0,0,0,0,0,0,0,0,0,0,0,0,0,0,0,0,0,0,0,0,0,0,0,0,0,0,0,0,0,0,0,0,0,0,0,0,0,0,0.106968630445443,2
"71",0.0802022522298502,-0.00240402046775162,-0.0370451579667777,-0.290997917067311,"GF13_A1_d32","308.01 (5/19/12)","D","9.65","GF13","2","G12","6","AM-F0590","AM-R0589","stool","A_1_1","M","yes",NA,"32","","meropenem/probenecid","10","0","beforemero","beforemero",NA,NA,"no","",882329,659507,"74.74615478","",NA,NA,NA,NA,NA,"",NA,"","",0,75.66306,0,6.41594,16.36138,1.55962,0,0,0,0,0,0,0,0,0,0,0,0,0,0,0,0,0,0,0,0,0,0,0,0,0,0,0,0,0,0,0,0,0,0,0,0,0,0,0,0,0,0,0,0,0,0,0,0,0,0,0,0,0,0,0,0,0,0,0,0,0,0,0,0,0,0,0,0,0,0,0,0,0,0,0,0,0,0,0,0,0,0,0,0,0,0,0,0,0,0,0,0,0,0,0,0,0,0,0.748288483205896,4
"72",0.259620774042699,-0.142287912845347,0.00613489485109297,-0.159747677566656,"GF13_A2_d32","308.01 (5/19/12)","D","2.2","GF13","2","H1","6","AM-F0615","AM-R0590","stool","A_1_2","F","yes",NA,"32","","meropenem/probenecid","10","0","beforemero","beforemero",NA,NA,"no","",293948,110676,"37.65155742","",NA,NA,NA,NA,NA,"",NA,"","",0,51.18172,0,28.32593,16.88779,3.60456,0,0,0,0,0,0,0,0,0,0,0,0,0,0,0,0,0,0,0,0,0,0,0,0,0,0,0,0,0,0,0,0,0,0,0,0,0,0,0,0,0,0,0,0,0,0,0,0,0,0,0,0,0,0,0,0,0,0,0,0,0,0,0,0,0,0,0,0,0,0,0,0,0,0,0,0,0,0,0,0,0,0,0,0,0,0,0,0,0,0,0,0,0,0,0,0,0,0,1.12025126347403,4
"73",0.397935823996157,-0.272477249169772,0.0510634971726359,-0.0480598740012202,"GF13_A3_d32","308.01 (5/19/12)","D","22.3","GF13","2","H2","6","AM-F0616","AM-R0591","stool","A_1_3","M","yes",NA,"32","","meropenem/probenecid","10","0","beforemero","beforemero",NA,NA,"no","",910769,337597,"37.06724757","",NA,NA,NA,NA,NA,"",NA,"","",0,36.97297,0,57.48794,4.98731,0.55179,0,0,0,0,0,0,0,0,0,0,0,0,0,0,0,0,0,0,0,0,0,0,0,0,0,0,0,0,0,0,0,0,0,0,0,0,0,0,0,0,0,0,0,0,0,0,0,0,0,0,0,0,0,0,0,0,0,0,0,0,0,0,0,0,0,0,0,0,0,0,0,0,0,0,0,0,0,0,0,0,0,0,0,0,0,0,0,0,0,0,0,0,0,0,0,0,0,0,0.864350108943283,4
"74",0.376632665974535,-0.252331365601955,0.0434322500015191,-0.0645316333544158,"GF13_A4_d32","308.01 (5/19/12)","D","8.24","GF13","2","H3","6","AM-F0617","AM-R0592","stool","A_1_4","M","yes",NA,"32","","meropenem/probenecid","10","0","beforemero","beforemero",NA,NA,"no","",968338,168466,"17.39743767","",NA,NA,NA,NA,NA,"",NA,"","",0,33.65256,0,51.19224,14.0623,1.0929,0,0,0,0,0,0,0,0,0,0,0,0,0,0,0,0,0,0,0,0,0,0,0,0,0,0,0,0,0,0,0,0,0,0,0,0,0,0,0,0,0,0,0,0,0,0,0,0,0,0,0,0,0,0,0,0,0,0,0,0,0,0,0,0,0,0,0,0,0,0,0,0,0,0,0,0,0,0,0,0,0,0,0,0,0,0,0,0,0,0,0,0,0,0,0,0,0,0,1.03449313123312,4
"75",0.366132516625438,-0.242047026253764,0.0393320659280888,-0.0750093987659691,"GF13_A5_d32","308.01 (5/19/12)","D","16.8","GF13","2","H4","6","AM-F0608","AM-R0593","stool","A_1_5","F","yes",NA,"32","","meropenem/probenecid","10","0","beforemero","beforemero",NA,NA,"no","",1052246,270435,"25.70073918","",NA,NA,NA,NA,NA,"",NA,"","",0,37.68981,0,48.3816,12.66467,1.26393,0,0,0,0,0,0,0,0,0,0,0,0,0,0,0,0,0,0,0,0,0,0,0,0,0,0,0,0,0,0,0,0,0,0,0,0,0,0,0,0,0,0,0,0,0,0,0,0,0,0,0,0,0,0,0,0,0,0,0,0,0,0,0,0,0,0,0,0,0,0,0,0,0,0,0,0,0,0,0,0,0,0,0,0,0,0,0,0,0,0,0,0,0,0,0,0,0,0,1.03598727036932,4
"76",0.438247003581844,-0.314658808636979,0.0742675647640661,0.0475799760589819,"GF13_A6_d32","308.01 (5/19/12)","D","41.3","GF13","2","H5","6","AM-F0620","AM-R0594","stool","A_1_6","F","yes",NA,"32","","meropenem/probenecid","10","0","beforemero","beforemero",NA,NA,"no","",1105621,116044,"10.4958209","",NA,NA,NA,NA,NA,"",NA,"","",0,9.13409,0,90.86591,0,0,0,0,0,0,0,0,0,0,0,0,0,0,0,0,0,0,0,0,0,0,0,0,0,0,0,0,0,0,0,0,0,0,0,0,0,0,0,0,0,0,0,0,0,0,0,0,0,0,0,0,0,0,0,0,0,0,0,0,0,0,0,0,0,0,0,0,0,0,0,0,0,0,0,0,0,0,0,0,0,0,0,0,0,0,0,0,0,0,0,0,0,0,0,0,0,0,0,0,0.305629248051112,2
"77",0.445256566505985,-0.294886999634076,0.063583799682068,0.00630706819609914,"GF2_A1_day28","40.01 (11/14/09)","B","4.87","GF2","GF2_1","B3","3","N712","S527","stool","A1",NA,"yes",NA,"28","","meropenem","10","0","beforemero","beforemero","C. rodentium","-6","no","",782716,367040,"46.89312599","",NA,NA,NA,NA,NA,"",NA,"","",0,0,0,89.6342,0,0,0.15659,0,0,0,0,0,0,0,0,0,0,0,0,0,0,0,10.20921,0,0,0,0,0,0,0,0,0,0,0,0,0,0,0,0,0,0,0,0,0,0,0,0,0,0,0,0,0,0,0,0,0,0,0,0,0,0,0,0,0,0,0,0,0,0,0,0,0,0,0,0,0,0,0,0,0,0,0,0,0,0,0,0,0,0,0,0,0,0,0,0,0,0,0,0,0,0,0,0,0,0.341166134884019,3
"78",0.446360003585177,-0.297965226038974,0.0661935565310323,0.0173257243947119,"GF2_A2_day28","40.01 (11/14/09)","B","4.69","GF2","GF2_1","B4","3","N816","S528","stool","A2",NA,"yes",NA,"28","","meropenem","10","0","beforemero","beforemero","C. rodentium","-6","no","",752991,307179,"40.79451149","",NA,NA,NA,NA,NA,"",NA,"","",0,0,0,91.71976,0,0,0,0,0,0,0,0,0,0,0,0,0,0,0,0,0,0,8.28024,0,0,0,0,0,0,0,0,0,0,0,0,0,0,0,0,0,0,0,0,0,0,0,0,0,0,0,0,0,0,0,0,0,0,0,0,0,0,0,0,0,0,0,0,0,0,0,0,0,0,0,0,0,0,0,0,0,0,0,0,0,0,0,0,0,0,0,0,0,0,0,0,0,0,0,0,0,0,0,0,0,0.285561011852702,2
"79",0.443546475910366,-0.287576686410146,0.0564509506839321,-0.031374255474508,"GF2_A4_day28","40.01 (11/14/09)","B","24.1","GF2","GF2_1","B6","3","N712","S530","stool","A4",NA,"yes",NA,"28","","meropenem","10","0","beforemero","beforemero","C. rodentium","-6","no","",858443,447452,"52.12367041","",NA,NA,NA,NA,NA,"",NA,"","",0,0,0,82.97286,0,0,0.14762,0,0,0,0,0,0,0,0,0,0,0,0,0,0,0,16.87952,0,0,0,0,0,0,0,0,0,0,0,0,0,0,0,0,0,0,0,0,0,0,0,0,0,0,0,0,0,0,0,0,0,0,0,0,0,0,0,0,0,0,0,0,0,0,0,0,0,0,0,0,0,0,0,0,0,0,0,0,0,0,0,0,0,0,0,0,0,0,0,0,0,0,0,0,0,0,0,0,0,0.464794956764287,3
"80",0.440353955062447,-0.286165810356579,0.0592057234642028,-0.0117575261686211,"GF2_A6_day28","40.01 (11/14/09)","B","2.63","GF2","GF2_1","B8","3","N711","S532","stool","A6",NA,"yes",NA,"28","","meropenem","10","0","beforemero","beforemero","C. rodentium","-6","no","",948354,667382,"70.37266675","",NA,NA,NA,NA,NA,"",NA,"","",0,0,0,85.83634,0,0,0.74772,0,0,0,0,0,0,0,0,0,0,0,0,0,0,0,13.41595,0,0,0,0,0,0,0,0,0,0,0,0,0,0,0,0,0,0,0,0,0,0,0,0,0,0,0,0,0,0,0,0,0,0,0,0,0,0,0,0,0,0,0,0,0,0,0,0,0,0,0,0,0,0,0,0,0,0,0,0,0,0,0,0,0,0,0,0,0,0,0,0,0,0,0,0,0,0,0,0,0,0.437193207514451,3
"81",0.0322379625228989,0.217334653627506,-0.0225526828937393,-0.371583129873048,"GF20_d33_b2","40.01 (11/14/09)","B","1.9","GF20","","E02","3","AM-F0267","AM-R0267","stool","b2",NA,"no","11","33","","meropenem/probenecid","10","0","beforemero","beforemero",NA,NA,"no","",824941,641941,"77.81659537","",NA,NA,NA,NA,NA,"",NA,"","",0,0,0,2.51317,0,0,13.47497,0,0,0,0,0,0,0,0,0,0,0,0,0,0,0,76.87818,0,0,0,0,0,0,0,0,7.02769,0,0,0,0,0,0,0,0,0,0,0,0,0,0,0,0,0,0,0,0,0.106,0,0,0,0,0,0,0,0,0,0,0,0,0,0,0,0,0,0,0,0,0,0,0,0,0,0,0,0,0,0,0,0,0,0,0,0,0,0,0,0,0,0,0,0,0,0,0,0,0,0,0,0.758676774112519,5
"82",0.0362912556084234,0.0873268536324809,-0.081870838060171,-0.47304404529518,"GF20_d33_b3","40.01 (11/14/09)","B","1.82","GF20","","E01","3","AM-F0266","AM-R0266","stool","b3","F","yes",NA,"33","","meropenem/probenecid","10","0","beforemero","beforemero",NA,NA,"no","",414997,190387,"45.87671718","",NA,NA,NA,NA,NA,"",NA,"","",0,0,0,3.55553,0,0,0.52866,0,0,0,0,0,0,0,0,0,0,0,0,0,0,0,86.24114,0,0,0,0,0,0,0,0,9.67467,0,0,0,0,0,0,0,0,0,0,0,0,0,0,0,0,0,0,0,0,0,0,0,0,0,0,0,0,0,0,0,0,0,0,0,0,0,0,0,0,0,0,0,0,0,0,0,0,0,0,0,0,0,0,0,0,0,0,0,0,0,0,0,0,0,0,0,0,0,0,0,0,0.499975493491974,4
"83",0.124047393685341,0.0990337802021309,-0.0376928515542146,-0.365719886680365,"GF20_d33_b4","40.01 (11/14/09)","B","5.645","GF20","","D12","3","AM-F0265","AM-R0265","stool","b4","M","yes",NA,"33","","meropenem/probenecid","10","0","beforemero","beforemero",NA,NA,"no","",4371572,2242389,"51.29479739","",NA,NA,NA,NA,NA,"",NA,"","",0,0,0,12.60183,0,0,7.76074,0,0,0,0,0,0,0,0,0,0,0.02406,0,0,0,0,71.5799,0,0,0,0,0,0,0,0,7.52304,0,0,0,0,0,0,0,0,0,0,0,0,0,0,0,0,0,0,0,0,0.51042,0,0,0,0,0,0,0,0,0,0,0,0,0,0,0,0,0,0,0,0,0,0,0,0,0,0,0,0,0,0,0,0,0,0,0,0,0,0,0,0,0,0,0,0,0,0,0,0,0,0,0,0.922307783371,6
"84",-0.0326139751490561,0.309343469313048,0.0419337840594196,-0.245548244851321,"GF21_B3_d91_stool","357.01 (11/25/12)","C","0.031","GF21","","A08","UDI plate 02","AM-F0129","AM-R0129","stool","B3","M","yes",NA,"4/20/21","6/16/23","meropenem/probenecid","10","0","beforemero","beforemero",NA,NA,"no","actually d92",2743017,397232,"14.48157266","",NA,NA,NA,NA,NA,"",NA,"","",0,0,0.18335,0,0,0,15.41695,0,0,0,0,0,0,0,0,0,0,0,0,0,0,0,0,0,0,0,0,0,0,0,0,0,0,0,0,0,0,0,0,0,0,0,0,0,0,0,84.3997,0,0,0,0,0,0,0,0,0,0,0,0,0,0,0,0,0,0,0,0,0,0,0,0,0,0,0,0,0,0,0,0,0,0,0,0,0,0,0,0,0,0,0,0,0,0,0,0,0,0,0,0,0,0,0,0,0,0.442952213841576,3
"85",-0.00742316913871025,0.53956503589237,0.30045967362253,0.165344702415986,"GF21_B4_d91_stool","357.01 (11/25/12)","C","-0.264","GF21","","A09","UDI plate 02","AM-F0130","AM-R0130","stool","B4","M","yes",NA,"4/20/21","6/16/23","meropenem/probenecid","10","0","beforemero","beforemero",NA,NA,"no","actually d92",1353044,419851,"31.03010693","",NA,NA,NA,NA,NA,"",NA,"","",0,0,4.10638,0,0,0,95.89362,0,0,0,0,0,0,0,0,0,0,0,0,0,0,0,0,0,0,0,0,0,0,0,0,0,0,0,0,0,0,0,0,0,0,0,0,0,0,0,0,0,0,0,0,0,0,0,0,0,0,0,0,0,0,0,0,0,0,0,0,0,0,0,0,0,0,0,0,0,0,0,0,0,0,0,0,0,0,0,0,0,0,0,0,0,0,0,0,0,0,0,0,0,0,0,0,0,0.171310349650702,2
"86",-0.00721558944925799,0.546723126914616,0.301751607725837,0.142396985007055,"GF21_d82_A2_Stool","357.01 (11/25/12)","C","0.677","GF21","","G02","UDI plate 01","AM-F0099","AM-R0099","stool","A2","F","yes",NA,"4/11/21","6/12/23","meropenem/probenecid","10","0","beforemero","beforemero",NA,NA,"no","",1900493,667822,"35.13940856","",NA,NA,NA,NA,NA,"",NA,"","",0,0,0,0,0,0,93.62031,0,0,0,0,0,0,0,0,0,0,0,0,0,0,0,0,0,0,0,0,0,0,0,0,0,0,0,0,0,0,0,0,0,0,0,0,0,0,0,6.37969,0,0,0,0,0,0,0,0,0,0,0,0,0,0,0,0,0,0,0,0,0,0,0,0,0,0,0,0,0,0,0,0,0,0,0,0,0,0,0,0,0,0,0,0,0,0,0,0,0,0,0,0,0,0,0,0,0,0.237289468077582,2
"87",-0.0468129990579157,0.183681814016931,-0.0225176672923639,-0.3538937866926,"GF21_d91_B1_Stool","357.01 (11/25/12)","C","0.785","GF21","","G09","UDI plate 01","AM-F0106","AM-R0106","stool","B1","F","yes",NA,"4/20/21","6/12/23","meropenem/probenecid","10","0","beforemero","beforemero",NA,NA,"no","actually d92",1516485,693225,"45.71261832","",NA,NA,NA,NA,NA,"",NA,"","",0,0,0.06292,0,0,0,1.87061,0,0,0,0,0,0,0,0,0,0,0,0,0,0,0,0,0,0,0,0,0,0,0,0,0,0,0,0,0,0,0,0,0,0,0,0,0,0,0,98.06647,0,0,0,0,0,0,0,0,0,0,0,0,0,0,0,0,0,0,0,0,0,0,0,0,0,0,0,0,0,0,0,0,0,0,0,0,0,0,0,0,0,0,0,0,0,0,0,0,0,0,0,0,0,0,0,0,0,0.098214834504427,3
"88",-0.0453697429995879,0.220862175776604,-0.00984759831443706,-0.326129720921829,"GF21_d91_B2_Stool","357.01 (11/25/12)","C","0.881","GF21","","G10","UDI plate 01","AM-F0107","AM-R0107","stool","B2","M","yes",NA,"4/20/21","6/12/23","meropenem/probenecid","10","0","beforemero","beforemero",NA,NA,"no","actually d92",1245019,685112,"55.02823652","",NA,NA,NA,NA,NA,"",NA,"","",0,0,0.03209,0,0,0,5.69119,0,0,0,0,0,0,0,0,0,0,0,0,0,0,0,0,0,0,0,0,0,0,0,0,0,0,0,0,0,0,0,0,0,0,0,0,0,0,0,94.27672,0,0,0,0,0,0,0,0,0,0,0,0,0,0,0,0,0,0,0,0,0,0,0,0,0,0,0,0,0,0,0,0,0,0,0,0,0,0,0,0,0,0,0,0,0,0,0,0,0,0,0,0,0,0,0,0,0,0.221268053978914,3
"89",-0.5480990335839,-0.25197580333351,0.105071816610709,0.0121656480181187,"GF24_B4_d73_stool","","A","3.13","GF24","","A03","UDI Plate 05","AM-F0412","AM-R0412","stool","A4","F","yes",NA,"","4/7/23","meropenem/probenecid","10","0","beforemero","beforemero",NA,NA,"no","",2435436,860883,"35.3482087","",NA,NA,NA,NA,NA,"",NA,"","",98.71743,0.84388,0,0,0,0,0.4387,0,0,0,0,0,0,0,0,0,0,0,0,0,0,0,0,0,0,0,0,0,0,0,0,0,0,0,0,0,0,0,0,0,0,0,0,0,0,0,0,0,0,0,0,0,0,0,0,0,0,0,0,0,0,0,0,0,0,0,0,0,0,0,0,0,0,0,0,0,0,0,0,0,0,0,0,0,0,0,0,0,0,0,0,0,0,0,0,0,0,0,0,0,0,0,0,0,0.0768552472382986,3
"90",0.246487760444988,-0.398101105695725,0.109132481733349,0.12557946201673,"GF24_C5_36_stool","","A","2.643136","GF24","","B01","UDI Plate 06","AM-F0518","AM-R0518","stool","C5","F","yes","","","N/A","meropenem/probenecid","10","0","beforemero","beforemero",NA,NA,"no","",2018039,1022171,"50.65169702","",NA,NA,NA,NA,NA,"",NA,"","",18.11907,0.9066,0,80.12739,0,0,0.84695,0,0,0,0,0,0,0,0,0,0,0,0,0,0,0,0,0,0,0,0,0,0,0,0,0,0,0,0,0,0,0,0,0,0,0,0,0,0,0,0,0,0,0,0,0,0,0,0,0,0,0,0,0,0,0,0,0,0,0,0,0,0,0,0,0,0,0,0,0,0,0,0,0,0,0,0,0,0,0,0,0,0,0,0,0,0,0,0,0,0,0,0,0,0,0,0,0,0.570084948955382,4
"91",-0.509275218026462,-0.213857014056993,0.103522508931286,0.0150351345787969,"GF24_C6_36_stool","","A","2.962324","GF24","","B02","UDI Plate 06","AM-F0519","AM-R0519","stool","C6","F","yes","","","N/A","meropenem/probenecid","10","0","beforemero","beforemero",NA,NA,"no","",1914833,928857,"48.50851223","",NA,NA,NA,NA,NA,"",NA,"","",87.1415,5.23499,0,1.33152,0,0,4.17908,0,0,0,0,0,0,0.36595,0,0,0,1.74696,0,0,0,0,0,0,0,0,0,0,0,0,0,0,0,0,0,0,0,0,0,0,0,0,0,0,0,0,0,0,0,0,0,0,0,0,0,0,0,0,0,0,0,0,0,0,0,0,0,0,0,0,0,0,0,0,0,0,0,0,0,0,0,0,0,0,0,0,0,0,0,0,0,0,0,0,0,0,0,0,0,0,0,0,0,0,0.555792301674924,6
"92",-0.48151615641534,-0.169703867969572,-0.209937604876634,0.171198751207038,"GF24_C7_d85_stool","","A","6.54","GF24","","B03","UDI Plate 05","AM-F0424","AM-R0424","stool","C7","F","yes",NA,"","4/7/23","meropenem/probenecid","10","0","beforemero","beforemero",NA,NA,"no","",2790450,1561062,"55.94301994","",NA,NA,NA,NA,NA,"",NA,"","",65.96759,3.69626,0,0.38402,0,0,1.21395,0,0,0,0,0,0,0.22455,0,27.76704,0,0.61491,0.13169,0,0,0,0,0,0,0,0,0,0,0,0,0,0,0,0,0,0,0,0,0,0,0,0,0,0,0,0,0,0,0,0,0,0,0,0,0,0,0,0,0,0,0,0,0,0,0,0,0,0,0,0,0,0,0,0,0,0,0,0,0,0,0,0,0,0,0,0,0,0,0,0,0,0,0,0,0,0,0,0,0,0,0,0,0,0.88075938568494,8
"93",-0.443071175183684,-0.109919524015641,-0.301927667899607,0.211863693178144,"GF24_C8_d85_stool","","A","2.28","GF24","","B04","UDI Plate 05","AM-F0425","AM-R0425","stool","C8","M","yes",NA,"","4/7/23","meropenem/probenecid","10","0","beforemero","beforemero",NA,NA,"no","",2657794,1381601,"51.98299793","",NA,NA,NA,NA,NA,"",NA,"","",54.46812,3.12696,0,0,0,0,3.0528,0,0,0,0,0,0,0,0,39.35212,0,0,0,0,0,0,0,0,0,0,0,0,0,0,0,0,0,0,0,0,0,0,0,0,0,0,0,0,0,0,0,0,0,0,0,0,0,0,0,0,0,0,0,0,0,0,0,0,0,0,0,0,0,0,0,0,0,0,0,0,0,0,0,0,0,0,0,0,0,0,0,0,0,0,0,0,0,0,0,0,0,0,0,0,0,0,0,0,0.91279759737389,4
"94",-0.50448257958038,-0.18436354582382,-0.139178365861002,0.142103422385566,"GF24_C9_d85_stool","","A","4.39","GF24","","B05","UDI Plate 05","AM-F0426","AM-R0426","stool","C9","M","yes",NA,"","4/7/23","meropenem/probenecid","10","0","beforemero","beforemero",NA,NA,"no","",2604252,1431866,"54.98185275","",NA,NA,NA,NA,NA,"",NA,"","",73.65492,2.92639,0,0,0,0,1.66079,0,0,0,0,0,0,0.05049,0,20.54507,0,1.07031,0.00925,0,0,0.08277,0,0,0,0,0,0,0,0,0,0,0,0,0,0,0,0,0,0,0,0,0,0,0,0,0,0,0,0,0,0,0,0,0,0,0,0,0,0,0,0,0,0,0,0,0,0,0,0,0,0,0,0,0,0,0,0,0,0,0,0,0,0,0,0,0,0,0,0,0,0,0,0,0,0,0,0,0,0,0,0,0,0,0.780885302821454,8
"95",0.427325615832096,-0.259181495311131,0.04026373037422,-0.102865492550794,"GF3_C3_day30","40.01 (11/14/09)","B","11.2","GF3","GF2/3 1","A8","5","N712","S508","stool","C3",NA,"yes",NA,"30","","meropenem","10","0","beforemero","beforemero","E. coli","-8","no","",1170145,110507,"9.443872341","",NA,NA,NA,NA,NA,"",NA,"","",0,0,0,69.77163,0,0,0.23516,0,0,0,0,0,0,0,0,0,0,0,0,0,0,0,29.3609,0,0,0,0,0,0,0,0,0,0,0,0,0,0,0,0,0,0,0,0,0,0,0,0,0,0,0,0,0,0.63231,0,0,0,0,0,0,0,0,0,0,0,0,0,0,0,0,0,0,0,0,0,0,0,0,0,0,0,0,0,0,0,0,0,0,0,0,0,0,0,0,0,0,0,0,0,0,0,0,0,0,0,0.657208320010036,4
"96",0.429969202357295,-0.250185352261913,0.0454614044870433,-0.050408720377599,"GF3_C5_day30","40.01 (11/14/09)","B","5.8","GF3","GF2/3 1","A10","5","N709","S610","stool","C5",NA,"yes",NA,"30","","meropenem","10","0","beforemero","beforemero","E. coli","-8","no","",949610,508600,"53.55882941","",NA,NA,NA,NA,NA,"",NA,"","",0,0,0,76.16082,0,0,1.89356,0,0,0,0,0,0,0,0,0.40346,0,0,0,0,0,0,18.60599,0,0,0,0,0,0,0,0,0,0,0,0,0,0,0,0,0,0,0,0,0,0,0,0,0,0,0,0,0,2.93617,0,0,0,0,0,0,0,0,0,0,0,0,0,0,0,0,0,0,0,0,0,0,0,0,0,0,0,0,0,0,0,0,0,0,0,0,0,0,0,0,0,0,0,0,0,0,0,0,0,0,0,0.721242056754179,5
"97",0.442072617396253,-0.30457080990478,0.0770635591966748,0.0680327820804606,"GF3_C8_day30","40.01 (11/14/09)","B","18.4","GF3","GF2/3 1","A12","5","N713","S512","stool","C8",NA,"yes",NA,"30","","meropenem","10","0","beforemero","beforemero","E. coli","-8","no","",1006199,55400,"5.505869117","",NA,NA,NA,NA,NA,"",NA,"","",0,0,0,100,0,0,0,0,0,0,0,0,0,0,0,0,0,0,0,0,0,0,0,0,0,0,0,0,0,0,0,0,0,0,0,0,0,0,0,0,0,0,0,0,0,0,0,0,0,0,0,0,0,0,0,0,0,0,0,0,0,0,0,0,0,0,0,0,0,0,0,0,0,0,0,0,0,0,0,0,0,0,0,0,0,0,0,0,0,0,0,0,0,0,0,0,0,0,0,0,0,0,0,0,0,1
"98",0.417491853053652,-0.233682882602433,0.0131258349965771,-0.0447861079075894,"GF3_C9_day30","40.01 (11/14/09)","B","15.7","GF3","GF2/3 1","B1","5","N712","S501","stool","C9",NA,"yes",NA,"30","","meropenem","10","0","beforemero","beforemero","E. coli","-8","no","",904543,565958,"62.56839089","",NA,NA,NA,NA,NA,"",NA,"","",0,0,0,71.76917,0,0,2.24661,0,0,0,0,0,0,0,0,2.02138,0,0.48358,0.13287,0,0,0,20.03819,0,0,0,0,0,0,1.92202,0,0,0,0,0,0,0,0,0,0,0,0,0,0,0,0,0,0,0,0,0,0,1.38618,0,0,0,0,0,0,0,0,0,0,0,0,0,0,0,0,0,0,0,0,0,0,0,0,0,0,0,0,0,0,0,0,0,0,0,0,0,0,0,0,0,0,0,0,0,0,0,0,0,0,0,0.894174168738402,8
"99",0.0109489749818666,0.547468316579693,0.272895491311197,0.0944862128411488,"GF4_B1_D35","40.01 (11/14/09)","B","1.378","GF4","GF4_DNA","A3","5","N709","S615","stool","B1",NA,"no","14","35","","meropenem/probenecid","10","0","beforemero","beforemero","E. coli","-4","no","",909452,132424,"14.56085643","",NA,NA,NA,NA,NA,"",NA,"","",0,0,0,0,0,0,81.86896,0,0,0,0,0,0,0,0,0,0,0,0,0,0,0,0,0,0,0,0,0,0,0,0,0,0,0,0,0,0,0,0,0,0,0,0,0,0,0,0,0,0,0,0,0,18.13104,0,0,0,0,0,0,0,0,0,0,0,0,0,0,0,0,0,0,0,0,0,0,0,0,0,0,0,0,0,0,0,0,0,0,0,0,0,0,0,0,0,0,0,0,0,0,0,0,0,0,0,0.473374702637315,2
"100",0.426699468403301,-0.132008303973144,0.134190200122543,0.134263385152349,"GF4_B2_d35","40.01 (11/14/09)","B","1.355","GF4","GF4_DNA","A4","5","N711","S616","stool","B2",NA,"no","14","35","","meropenem/probenecid","10","0","beforemero","beforemero","E. coli","-4","no","",1348560,398812,"29.57317435","",NA,NA,NA,NA,NA,"",NA,"","",0,0,0,81.58055,0,0,16.33196,0,0,0,0,0,0,0,0,0,0,0,0,0,0,0,0.4999,0,0,0,0,0,0,0.45326,0,0,0,0,0,0,0,0,0,0,0,0,0,0,0,0,0,0,0,0,0,0,1.13433,0,0,0,0,0,0,0,0,0,0,0,0,0,0,0,0,0,0,0,0,0,0,0,0,0,0,0,0,0,0,0,0,0,0,0,0,0,0,0,0,0,0,0,0,0,0,0,0,0,0,0,0.563779165478754,5
"101",0.00640700556451606,0.545694677906379,0.266403505292909,0.108654344295128,"GF4_B3_d35","40.01 (11/14/09)","B","1.251","GF4","GF4_DNA","A5","5","N712","S617","stool","B3","F","yes",NA,"35","","meropenem/probenecid","10","0","beforemero","beforemero","E. coli","-4","no","",1559596,409584,"26.26218585","",NA,NA,NA,NA,NA,"",NA,"","",0,0,0,0,0,0,82.63922,0,0,0,0,0,0,0,0,0,0,2.36874,0,0,0,0,0,0,0,0,0,0,0,0,0,0,0,0,0,0,0,0,0,0,0,0,0,0,0,0,0,0,0,0,0,0,14.99204,0,0,0,0,0,0,0,0,0,0,0,0,0,0,0,0,0,0,0,0,0,0,0,0,0,0,0,0,0,0,0,0,0,0,0,0,0,0,0,0,0,0,0,0,0,0,0,0,0,0,0,0.530735308811883,3
"102",0.00534178368037699,0.546042353738869,0.277951808756549,0.126322131584428,"GF4_B4_d35","40.01 (11/14/09)","B","2.269","GF4","GF4_DNA","A6","5","N815","S618","stool","B4",NA,"no","15","35","","meropenem/probenecid","10","0","beforemero","beforemero","E. coli","-4","no","",943711,283851,"30.07817012","",NA,NA,NA,NA,NA,"",NA,"","",0,0,0,0,0,0,88.48589,0,0,0,0,0,0,0,0,0,0,0.85417,0.07612,0,0,0,0,0,0,0,0,0,0,0,0,0,0,0,0,0,0,0,0,0,0,0,0,0,0,0,0,0,0,0,0,0,10.58381,0,0,0,0,0,0,0,0,0,0,0,0,0,0,0,0,0,0,0,0,0,0,0,0,0,0,0,0,0,0,0,0,0,0,0,0,0,0,0,0,0,0,0,0,0,0,0,0,0,0,0,0.39208633497255,4
"103",0.176741007767792,0.380184524443731,0.294051396432686,0.201805352548293,"GF4_B5_d35","40.01 (11/14/09)","B","1.03","GF4","GF4_DNA","A7","5","N710","S519","stool","B5",NA,"no","12","35","","meropenem/probenecid","10","0","beforemero","beforemero","E. coli","-4","no","",1281848,569824,"44.45332052","",NA,NA,NA,NA,NA,"",NA,"","",0,0,0,19.43073,0,0,78.5023,0,0,0,0,0,0,0,0,0,0,0,0,0,0,0,0,0,0,0,0,0,0,0,0,0,0,0,0,0,0,0,0,0,0,0,0,0,0,0,0,0,0,0,0,0,2.06697,0,0,0,0,0,0,0,0,0,0,0,0,0,0,0,0,0,0,0,0,0,0,0,0,0,0,0,0,0,0,0,0,0,0,0,0,0,0,0,0,0,0,0,0,0,0,0,0,0,0,0,0.588524733802158,3
"104",-0.0107330270719981,-0.358921806154319,0.120165087627761,0.126418665488304,"GF5_A1_D46","40.01 (11/14/09)","B","5.662","GF5","GF5","A1","9","N822","S525","stool","A_1_1","M","yes",NA,"46","","meropenem/probenecid","10","0","beforemero","beforemero",NA,NA,"no","",3526647,933281,"26.463692","",NA,NA,NA,NA,NA,"",NA,"","",40.27087,0.91979,0,46.70212,0,0,4.66852,0,0,0,0,0,0,0,0,0,0,0.89574,0.36101,0.07542,3.06001,0,1.71203,0,0,0,0,0.08495,0,0,0,0,0,0,0,0,0,0,0,0,0,0,0,0,0,0,0,0,0,0,0,0,1.24955,0,0,0,0,0,0,0,0,0,0,0,0,0,0,0,0,0,0,0,0,0,0,0,0,0,0,0,0,0,0,0,0,0,0,0,0,0,0,0,0,0,0,0,0,0,0,0,0,0,0,0,1.21310786491971,11
"105",0.432939224944732,-0.248245519892536,0.0760809788643774,0.0494014941194751,"GF5_A1_D79","40.01 (11/14/09)","B","1.73","GF5","GF5","D8","9","N822","S532","stool","A_3_1","F","yes",NA,"79","","meropenem/probenecid","10","0","beforemero","beforemero","E. coli","-4","no","",457954,185905,"40.59468855","",NA,NA,NA,NA,NA,"",NA,"","",0,0,0,89.72633,0,0,3.37781,0,0,0,0,0,0,0,0,0,0,0,0,0,0,0,0,0,0,0,0,0,0,0,0,0,0,0,0,0,0,0,0,0,0,0,0,0,0,0,0,0,0,0,0,0,6.89586,0,0,0,0,0,0,0,0,0,0,0,0,0,0,0,0,0,0,0,0,0,0,0,0,0,0,0,0,0,0,0,0,0,0,0,0,0,0,0,0,0,0,0,0,0,0,0,0,0,0,0,0.396119387307633,3
"106",0.0123923066525146,-0.422783561973678,0.124707153482835,0.140169617387433,"GF5_A2_D46","40.01 (11/14/09)","B","1.753","GF5","GF5","A2","9","N717","S526","stool","A_1_2","M","yes",NA,"46","","meropenem/probenecid","10","0","beforemero","beforemero",NA,NA,"no","",4200112,2244627,"53.44207488","",NA,NA,NA,NA,NA,"",NA,"","",40.64953,0.53313,0,53.18821,0,0,1.20077,0,0,0,0,0,0,0,0,0,0,0.71645,0.29548,0,2.12698,0,0,0,0,0,0,0,0,0,0,0,0,0,0,0,0,0,0,0,0,0,0,0,0,0,0,0,0,0,0,0,1.28945,0,0,0,0,0,0,0,0,0,0,0,0,0,0,0,0,0,0,0,0,0,0,0,0,0,0,0,0,0,0,0,0,0,0,0,0,0,0,0,0,0,0,0,0,0,0,0,0,0,0,0,0.973314969828429,8
"107",0.4401347129936,-0.267140944743919,0.0704829543761544,0.0356432488181392,"GF5_A2_D79","40.01 (11/14/09)","B","0.395","GF5","GF5","D9","9","N820","S533","stool","A_3_2",NA,"yes",NA,"79","","meropenem/probenecid","10","0","beforemero","beforemero","E. coli","-4","no","",2817645,91630,"3.252006552","",NA,NA,NA,NA,NA,"",NA,"","",0,0,0,87.57192,0,0,0.8851,0,0,0,0,0,0,0,0,0,0,0,0.71487,1.76435,0,0,0,0,0,0,0,0,0,0,0,0,0,0,0,0,0,0,0,0,0,0,0,0,0,0,0,0,0,0,0,0,9.06376,0,0,0,0,0,0,0,0,0,0,0,0,0,0,0,0,0,0,0,0,0,0,0,0,0,0,0,0,0,0,0,0,0,0,0,0,0,0,0,0,0,0,0,0,0,0,0,0,0,0,0,0.482221859728744,5
"108",-0.0153334323642287,0.199231526869474,-0.158447594288375,-0.160811499351295,"GF5_A3_D46","40.01 (11/14/09)","B","0.683","GF5","GF5","A3","9","N820","S527","stool","A_1_3","M","yes",NA,"46","","meropenem/probenecid","10","0","beforemero","beforemero",NA,NA,"no","",3053899,1722899,"56.41637133","",NA,NA,NA,NA,NA,"",NA,"","",0,0,0,0,0,0,5.11045,0,0,0,0,0,0,0,0,5.08805,0,0.08347,0,0,0,0,0,0,0,0,0,0,0,83.02553,0,0,0,0,0,0,0,0,0,0,0,0,0,0,0,0,0,0,0,0,0,0,6.6925,0,0,0,0,0,0,0,0,0,0,0,0,0,0,0,0,0,0,0,0,0,0,0,0,0,0,0,0,0,0,0,0,0,0,0,0,0,0,0,0,0,0,0,0,0,0,0,0,0,0,0,0.644854864301773,5
"109",0.0236267890297455,0.147292703549039,-0.198664288603024,-0.116627097434382,"GF5_A4_D46","40.01 (11/14/09)","B","5.438","GF5","GF5","A4","9","N820","S528","stool","A_1_4","M","yes",NA,"46","","meropenem/probenecid","10","0","beforemero","beforemero",NA,NA,"no","",3163415,1787074,"56.49192408","",NA,NA,NA,NA,NA,"",NA,"","",0,0,0,4.81825,0,0,3.41918,0,0,0,0,0,0,0,0,8.65112,0,0,0,0,0,0,0,0,0,0,0,0,0,81.73946,0,0,0,0,0,0,0,0,0,0,0,0,0,0,0,0,0,0,0,0,0,0,1.372,0,0,0,0,0,0,0,0,0,0,0,0,0,0,0,0,0,0,0,0,0,0,0,0,0,0,0,0,0,0,0,0,0,0,0,0,0,0,0,0,0,0,0,0,0,0,0,0,0,0,0,0.696941844562795,5
"110",-0.017869131614368,0.148349001996824,-0.21188969938739,-0.139210124734491,"GF5_A5_D46","40.01 (11/14/09)","B","0.578","GF5","GF5","A5","9","N822","S529","stool","A_1_5",NA,"no","12","46","","meropenem/probenecid","10","0","beforemero","beforemero",NA,NA,"no","",6429732,4920799,"76.53194565","",NA,NA,NA,NA,NA,"",NA,"","",0,0.02152,0,0.75937,0,0,1.02289,0,0,0,0,0,0,0,0,8.1344,0,0.46523,0.02816,0,0,0,0,0,0,0,0,0,0,88.32429,0,0,0,0,0,0,0,0,0,0,0,0,0,0,0,0,0,0,0,0,0,0,1.24414,0,0,0,0,0,0,0,0,0,0,0,0,0,0,0,0,0,0,0,0,0,0,0,0,0,0,0,0,0,0,0,0,0,0,0,0,0,0,0,0,0,0,0,0,0,0,0,0,0,0,0,0.48137250191183,8
"111",-0.0217145368446233,0.215513825037607,-0.145821852280357,-0.121507162858754,"GF5_A7_D46","40.01 (11/14/09)","B","2.52","GF5","GF5","A6","9","N823","S530","stool","A_1_7","F","yes",NA,"46","","meropenem/probenecid","10","0","beforemero","beforemero",NA,NA,"no","",2561160,592427,"23.13119836","",NA,NA,NA,NA,NA,"",NA,"","",0,0,0,0,0,0,8.03493,0,0,0,0,0,0,0,0,5.4147,0,0,0,0,0,0,0,0,0,0,0,0,0,85.64787,0,0,0,0,0,0,0,0,0,0,0,0,0,0,0,0,0,0,0,0,0,0,0.9025,0,0,0,0,0,0,0,0,0,0,0,0,0,0,0,0,0,0,0,0,0,0,0,0,0,0,0,0,0,0,0,0,0,0,0,0,0,0,0,0,0,0,0,0,0,0,0,0,0,0,0,0.535664151641791,4
"112",0.0310867047703928,0.496832164566034,0.231094701741228,0.124347749674213,"GF5_A7_D79","40.01 (11/14/09)","B","6.477","GF5","GF5","D12","9","N823","S536","stool","A_3_7","F","yes",NA,"79","","meropenem/probenecid","10","0","beforemero","beforemero","E. coli","-4","no","",2090072,1045472,"50.02086053","",NA,NA,NA,NA,NA,"",NA,"","",0,0,0,3.71651,0,0,68.78224,0,0,0,0,0,0,0,0.61493,0.18845,0,3.02457,14.32097,0.30965,0,0,0.22149,0,0,0,0,0,0,6.49194,0,0,0,0,0,0,0,0,0,0,0,0,0,0,0,0,0,0,0,0,0,0,0.47309,0,1.85617,0,0,0,0,0,0,0,0,0,0,0,0,0,0,0,0,0,0,0,0,0,0,0,0,0,0,0,0,0,0,0,0,0,0,0,0,0,0,0,0,0,0,0,0,0,0,0,0,0,1.11531032064481,11
"113",-0.0130607565185145,0.288369771369857,-0.0240894556062941,-0.09577364104424,"GF5_A8_D79","40.01 (11/14/09)","B","1.37","GF5","GF5","E1","9","N818","S525","stool","A_3_8","F","yes",NA,"79","","meropenem/probenecid","10","0","beforemero","beforemero","E. coli","-4","no","",4340455,1149496,"26.48330647","",NA,NA,NA,NA,NA,"",NA,"","",0,0,0,0,0,0,17.05892,0,0,0,0,0,0,0,0,0,0,0.5046,0.17161,0,0,0,0,0,0,0,0,0,0,81.90129,0,0,0,0,0,0,0,0,0,0,0,0,0,0,0,0,0,0,0,0,0,0,0.36358,0,0,0,0,0,0,0,0,0,0,0,0,0,0,0,0,0,0,0,0,0,0,0,0,0,0,0,0,0,0,0,0,0,0,0,0,0,0,0,0,0,0,0,0,0,0,0,0,0,0,0,0.52324559481688,5
"114",0.12893439915227,0.1263434452811,-0.036689027419233,-0.0846618193770966,"GF6_B2_D87","40.01 (11/14/09)","B","6.694","GF6","GF6","E3","1","N705","S503","stool","B_3_2","F","yes",NA,"87","","meropenem/probenecid","10","0","beforemero","beforemero","E. coli","-4","no","",2461884,231707,"9.411775697","",NA,NA,NA,NA,NA,"",NA,"","",0,0,0,15.79214,0,0,10.63204,0,0,0,0,0,0,0,0.87952,0,0,0.36951,4.68202,0,0,0,0,0,0,0,0,0,0,67.64475,0,0,0,0,0,0,0,0,0,0,0,0,0,0,0,0,0,0,0,0,0,0,0,0,0,0,0,0,0,0,0,0,0,0,0,0,0,0,0,0,0,0,0,0,0,0,0,0,0,0,0,0,0,0,0,0,0,0,0,0,0,0,0,0,0,0,0,0,0,0,0,0,0,0,0.99985329851092,6
"115",0.0149663720464201,0.231233748634114,-0.0671988227485032,-0.134822493308255,"GF6_B3_D87","40.01 (11/14/09)","B","7.712","GF6","GF6","E4","1","N703","S504","stool","B_3_3","M","yes",NA,"87","","meropenem/probenecid","10","0","beforemero","beforemero","E. coli","-4","no","",2501046,587059,"23.47253909","",NA,NA,NA,NA,NA,"",NA,"","",0,0,0,3.28211,0,0,11.55034,0,0,0,0,0,0,0,0,1.01932,0,0.74529,13.32263,1.55036,0,0,0,0,0,0,0,0.55326,0,66.44062,0,0,0,0,0,0,0,0,0,0,0,0,0,0,0,0,0,0,0,0,0,0,1.53608,0,0,0,0,0,0,0,0,0,0,0,0,0,0,0,0,0,0,0,0,0,0,0,0,0,0,0,0,0,0,0,0,0,0,0,0,0,0,0,0,0,0,0,0,0,0,0,0,0,0,0,1.14240048583793,9
"116",0.0331458440202205,0.226734272469489,-0.0522886860992824,-0.126962572189381,"GF6_B4_D87","40.01 (11/14/09)","B","9.365","GF6","GF6","E5","1","N704","S505","stool","B_3_4","M","yes",NA,"87","","meropenem/probenecid","10","0","beforemero","beforemero","E. coli","-4","no","",2115706,484597,"22.90474196","",NA,NA,NA,NA,NA,"",NA,"","",0,0,0,4.98294,0,0,12.38831,0,0,0,0,0,0,0,0.42021,0.29962,0,1.06973,11.21373,0,0,0,0,0,0,0,0,0.18406,0,67.90207,0,0,0,0,0,0,0,0,0,0,0,0,0,0,0,0,0,0,0,0,0,0,1.53934,0,0,0,0,0,0,0,0,0,0,0,0,0,0,0,0,0,0,0,0,0,0,0,0,0,0,0,0,0,0,0,0,0,0,0,0,0,0,0,0,0,0,0,0,0,0,0,0,0,0,0,1.0811630110756,9
"117",0.298070079367855,-0.107591032644054,-0.404386823197658,0.251938175156478,"GF6_B6_D87","40.01 (11/14/09)","B","5.703","GF6","GF6","E7","1","N703","S507","stool","B_3_6","M","yes",NA,"87","","meropenem/probenecid","10","0","beforemero","beforemero","E. coli","-4","no","",2610316,72469,"2.776253909","",NA,NA,NA,NA,NA,"",NA,"","",0,0,0,44.05087,0,0,0,0,0,0,0,0,0,0,0,49.56117,0,0,0,0,0,0,0,0,0,0,0,0,0,6.38795,0,0,0,0,0,0,0,0,0,0,0,0,0,0,0,0,0,0,0,0,0,0,0,0,0,0,0,0,0,0,0,0,0,0,0,0,0,0,0,0,0,0,0,0,0,0,0,0,0,0,0,0,0,0,0,0,0,0,0,0,0,0,0,0,0,0,0,0,0,0,0,0,0,0,0.884757876897465,3
"118",0.148449404419779,0.0327707943329261,-0.522242392615694,0.219420841023308,"GF6_B7_D87","40.01 (11/14/09)","B","8.321","GF6","GF6","E8","1","N703","S508","stool","B_3_7","F","yes",NA,"87","","meropenem/probenecid","10","0","beforemero","beforemero","E. coli","-4","no","",2486270,635631,"25.56564653","",NA,NA,NA,NA,NA,"",NA,"","",0,0.34692,0,22.19807,0,0,1.03911,0,0,0,0,0,0,0,0,76.23547,0,0,0,0,0,0,0,0.18043,0,0,0,0,0,0,0,0,0,0,0,0,0,0,0,0,0,0,0,0,0,0,0,0,0,0,0,0,0,0,0,0,0,0,0,0,0,0,0,0,0,0,0,0,0,0,0,0,0,0,0,0,0,0,0,0,0,0,0,0,0,0,0,0,0,0,0,0,0,0,0,0,0,0,0,0,0,0,0,0,0.619479330880796,5
"119",-0.527766091039578,-0.207497501823651,0.0736358366298814,0.0128122299745328,"GF7_C1_D30","37.02 (11/5/2009)","A","0.563","GF7","GF7","A8","2","N701","S620","stool","C1","F","yes",NA,"30","","meropenem/probenecid","10","0","beforemero","beforemero","E. coli","-4","no","",3058546,821480,"26.85851382","",NA,NA,NA,NA,NA,"",NA,"","",80.32067,1.56521,0,0.18799,0,0,2.64286,0,0,0,0,0,0,3.02997,0,0,1.10739,2.21614,3.43288,1.87608,0,0,0,3.18581,0,0,0,0.435,0,0,0,0,0,0,0,0,0,0,0,0,0,0,0,0,0,0,0,0,0,0,0,0,0,0,0,0,0,0,0,0,0,0,0,0,0,0,0,0,0,0,0,0,0,0,0,0,0,0,0,0,0,0,0,0,0,0,0,0,0,0,0,0,0,0,0,0,0,0,0,0,0,0,0,0,0.91293645172448,11
"120",-0.502139124630216,-0.232332945782323,0.0713776438668377,0.0205111926292892,"GF7_C2_D30","37.02 (11/5/2009)","A","3.368","GF7","GF7","A9","2","N701","S621","stool","C2","M","yes",NA,"30","","meropenem/probenecid","10","0","beforemero","beforemero","E. coli","-4","no","",2102216,660229,"31.40633503","",NA,NA,NA,NA,NA,"",NA,"","",75.1967,2.47299,0,1.9405,0,0,2.00575,0,0,0,0,0,0,0.79399,0,0,0.25275,0.40607,0.5302,0,0,16.40104,0,0,0,0,0,0,0,0,0,0,0,0,0,0,0,0,0,0,0,0,0,0,0,0,0,0,0,0,0,0,0,0,0,0,0,0,0,0,0,0,0,0,0,0,0,0,0,0,0,0,0,0,0,0,0,0,0,0,0,0,0,0,0,0,0,0,0,0,0,0,0,0,0,0,0,0,0,0,0,0,0,0,0.860913500949083,9
"121",-0.550669847018761,-0.253956397295839,0.106774755683781,0.0133507593031166,"GF7_C3_D30","37.02 (11/5/2009)","A","1.463","GF7","GF7","A10","2","N701","S622","stool","C3","F","yes",NA,"30","","meropenem/probenecid","10","0","beforemero","beforemero","E. coli","-4","no","",2275874,506960,"22.27539837","",NA,NA,NA,NA,NA,"",NA,"","",99.76565,0,0,0.09126,0,0,0,0,0,0,0,0,0,0,0,0,0.14309,0,0,0,0,0,0,0,0,0,0,0,0,0,0,0,0,0,0,0,0,0,0,0,0,0,0,0,0,0,0,0,0,0,0,0,0,0,0,0,0,0,0,0,0,0,0,0,0,0,0,0,0,0,0,0,0,0,0,0,0,0,0,0,0,0,0,0,0,0,0,0,0,0,0,0,0,0,0,0,0,0,0,0,0,0,0,0,0.0180998439224382,3
"122",-0.0647714568145541,0.173991974276596,-0.614926049569354,0.156847186320703,"gnoto1_AM1_d10","37.02 (11/5/2009)","A","13","gnoto1","3","C7","7","AM-F0632","AM-R0632","stool","AM1","M","yes",NA,"10","","meropenem","10","0","beforemero","beforemero","E. coli","-3","no","",1665036,1338373,"80.38102479","",NA,NA,NA,NA,NA,"",NA,"","",0,0,0,0,0,0,0.23812,0,0,0,0,0,0,1.83814,0,72.09172,0,1.30774,0,0,0,16.50747,0,4.01236,0,0,0,0,0.08645,3.918,0,0,0,0,0,0,0,0,0,0,0,0,0,0,0,0,0,0,0,0,0,0,0,0,0,0,0,0,0,0,0,0,0,0,0,0,0,0,0,0,0,0,0,0,0,0,0,0,0,0,0,0,0,0,0,0,0,0,0,0,0,0,0,0,0,0,0,0,0,0,0,0,0,0,0.93987626852094,8
"123",-0.072399288862636,0.188608075463986,-0.59739862688559,0.150684182515833,"gnoto1_AM2_d10","37.02 (11/5/2009)","A","37.3","gnoto1","3","C8","7","AM-F0633","AM-R0633","stool","AM2","F","yes",NA,"10","","meropenem","10","0","beforemero","beforemero","E. coli","-3","no","",2016718,1373996,"68.13029883","",NA,NA,NA,NA,NA,"",NA,"","",0,0.14272,0,0.10938,0,0,2.21389,0,0,0,0,0,0,10.69547,0,69.1621,0.39561,3.02304,1.08392,0,0,9.65525,0,1.41217,0,0,0,0,0.11863,1.98783,0,0,0,0,0,0,0,0,0,0,0,0,0,0,0,0,0,0,0,0,0,0,0,0,0,0,0,0,0,0,0,0,0,0,0,0,0,0,0,0,0,0,0,0,0,0,0,0,0,0,0,0,0,0,0,0,0,0,0,0,0,0,0,0,0,0,0,0,0,0,0,0,0,0,1.14370872722538,12
"124",-0.0838702892696137,0.1661713761509,-0.447146531409693,0.0857731897273958,"gnoto1_AM3_d10","37.02 (11/5/2009)","A","63.8","gnoto1","3","C9","7","AM-F0634","AM-R0634","stool","AM3","M","yes",NA,"10","","meropenem","10","0","beforemero","beforemero","E. coli","-3","no","",1867653,1507416,"80.71178104","",NA,NA,NA,NA,NA,"",NA,"","",0,0.13282,0,0,0,0,3.78593,0,0,0,0,0,0,18.41387,0,34.89419,0.3225,1.65869,2.31534,0,0,36.19642,0,1.08248,0,0,0,0,0.3678,0.82995,0,0,0,0,0,0,0,0,0,0,0,0,0,0,0,0,0,0,0,0,0,0,0,0,0,0,0,0,0,0,0,0,0,0,0,0,0,0,0,0,0,0,0,0,0,0,0,0,0,0,0,0,0,0,0,0,0,0,0,0,0,0,0,0,0,0,0,0,0,0,0,0,0,0,1.46259095377415,11
"125",-0.070066078389184,0.183058357019444,-0.618268403326081,0.157299535269266,"gnoto1_AM4_d10","37.02 (11/5/2009)","A","46.2","gnoto1","3","C10","7","AM-F0635","AM-R0635","stool","AM4","M","yes",NA,"10","","meropenem","10","0","beforemero","beforemero","E. coli","-3","no","",2532854,1491562,"58.88858971","",NA,NA,NA,NA,NA,"",NA,"","",0,0.13092,0,0,0,0,1.13602,0,0,0,0,0,0,5.93334,0,78.8458,1.80157,1.69071,1.07738,0.0286,0,6.70843,0,0.71838,0,0,0,0,0.15028,1.77856,0,0,0,0,0,0,0,0,0,0,0,0,0,0,0,0,0,0,0,0,0,0,0,0,0,0,0,0,0,0,0,0,0,0,0,0,0,0,0,0,0,0,0,0,0,0,0,0,0,0,0,0,0,0,0,0,0,0,0,0,0,0,0,0,0,0,0,0,0,0,0,0,0,0,0.905175912906014,12
"126",0.150935182688977,0.173332117081369,-0.374529319390563,0.252096100047582,"gnoto1_BM1_d10","40.01 (11/14/09)","B","16.6","gnoto1","3","D3","7","AM-F0665","AM-R0640","stool","BM1","F","yes",NA,"10","","meropenem","10","0","beforemero","beforemero","E. coli","-3","no","",1220226,513406,"42.07466486","",NA,NA,NA,NA,NA,"",NA,"","",0,0.21229,0,21.35809,0,0,16.34334,0,0,0,0,0,0,0,0,57.15373,0,2.62257,0,0,0,0,0,0,0,0,0,0,0,0,0,0,0,0,0,0,0,0,0,0,0,0,0,0,0,0,0,0,0,0,0,0,2.30998,0,0,0,0,0,0,0,0,0,0,0,0,0,0,0,0,0,0,0,0,0,0,0,0,0,0,0,0,0,0,0,0,0,0,0,0,0,0,0,0,0,0,0,0,0,0,0,0,0,0,0,1.14107392039364,6
"127",-0.0252761759788937,0.27361526276373,-0.522932746665893,0.191863048123791,"gnoto1_BM2_d10","40.01 (11/14/09)","B","14","gnoto1","3","D4","7","AM-F0666","AM-R0641","stool","BM2","F","yes",NA,"10","","meropenem","10","0","beforemero","beforemero","E. coli","-3","no","",1453989,914165,"62.87289656","",NA,NA,NA,NA,NA,"",NA,"","",0,0.07151,0,2.26239,0,0,11.4325,0,0,0,0,0,0,0,0,81.64356,0,2.69129,0.5881,0,0,0,0,0,0,0,0,0,0,0,0,0,0,0,0,0,0,0,0,0,0,0,0,0,0,0,0,0,0,0,0,0,1.31066,0,0,0,0,0,0,0,0,0,0,0,0,0,0,0,0,0,0,0,0,0,0,0,0,0,0,0,0,0,0,0,0,0,0,0,0,0,0,0,0,0,0,0,0,0,0,0,0,0,0,0,0.688724179531898,7
"128",-0.0249102607815041,0.472318513135192,-0.284425615467464,0.314230237675444,"gnoto1_BM3_d10","40.01 (11/14/09)","B","10.4","gnoto1","3","D5","7","AM-F0667","AM-R0642","stool","BM3","M","yes",NA,"10","","meropenem","10","0","beforemero","beforemero","E. coli","-3","no","",1796942,1050639,"58.46816425","",NA,NA,NA,NA,NA,"",NA,"","",0,0,0,0.13823,0,0,41.50227,0,0,0,0,0,0,0,0,54.1304,0,1.91173,0.26641,0,0,0,0,0,0,0,0,0,0,0.48494,0,0,0,0,0,0,0,0,0,0,0,0,0,0,0,0,0,0,0,0,0,0,1.56603,0,0,0,0,0,0,0,0,0,0,0,0,0,0,0,0,0,0,0,0,0,0,0,0,0,0,0,0,0,0,0,0,0,0,0,0,0,0,0,0,0,0,0,0,0,0,0,0,0,0,0,0.88869837091851,7
"129",0.332137544233336,0.0326521281917937,-0.0384198343338373,0.215065060091548,"gnoto1_BM4_d10","40.01 (11/14/09)","B","13.3","gnoto1","3","D6","7","AM-F0672","AM-R0643","stool","BM4","M","yes",NA,"10","","meropenem","10","0","beforemero","beforemero","E. coli","-3","no","",1818439,1207933,"66.42691891","",NA,NA,NA,NA,NA,"",NA,"","",0,0,0,49.46164,0,0,22.69012,0,0,0,0,0,0,0,0,16.54241,0,2.50328,0,0,0,0,0,0,0,0,0,0,0,0,0,0,0,0,0,0,0,0,0,0,0,0,0,0,0,0,0,0,0,0,0,0,8.80256,0,0,0,0,0,0,0,0,0,0,0,0,0,0,0,0,0,0,0,0,0,0,0,0,0,0,0,0,0,0,0,0,0,0,0,0,0,0,0,0,0,0,0,0,0,0,0,0,0,0,0,1.28860723898737,5
"130",0.270323851971042,0.00863781588370209,-0.285733267031623,0.237713514947243,"gnoto1_BM5_d10","40.01 (11/14/09)","B","20.2","gnoto1","3","D7","7","AM-F0673","AM-R0644","stool","BM5","M","yes",NA,"10","","meropenem","10","0","beforemero","beforemero","E. coli","-3","no","",1421118,963438,"67.79437035","",NA,NA,NA,NA,NA,"",NA,"","",0,0,0,40.49968,0,0,11.08766,0,0,0,0,0,0,0,0,38.46364,0,4.68078,0.77754,0,0,0,0,0,0,0,0,0,0,0,0,0,0,0,0,0,0,0,0,0,0,0,0,0,0,0,0,0,0,0,0,0,4.49069,0,0,0,0,0,0,0,0,0,0,0,0,0,0,0,0,0,0,0,0,0,0,0,0,0,0,0,0,0,0,0,0,0,0,0,0,0,0,0,0,0,0,0,0,0,0,0,0,0,0,0,1.29785413404667,6
"131",0.171986704043198,0.025299345885053,-0.0329074488323633,-0.216264198372887,"gnoto2_BM1_d10","40.01 (11/14/09)","B","31.7","gnoto2","3","G5","7","AM-F0698","AM-R0678","stool","BM1","M","yes",NA,"10","","meropenem","10","0","beforemero","beforemero","E. coli","-3","no","",1649938,1256324,"76.14370964","",NA,NA,NA,NA,NA,"",NA,"","",0,0,0,19.2698,0,0,2.48443,0,0,0,0,0,0,0,0,0.05842,0,0.55941,0,0,0,0,0,0,0,0,0,0,0,0,0,0,0,0,0,0,0,0,0,0,0,0,0,0,0,0,0,0,0,0,0,0,77.6208,0,0,0,0,0,0,0,0,0,0,0,0,0,0.00714,0,0,0,0,0,0,0,0,0,0,0,0,0,0,0,0,0,0,0,0,0,0,0,0,0,0,0,0,0,0,0,0,0,0,0,0,0,0.639788258753039,6
"132",0.064538982280782,0.110706923637125,-0.0630170679087696,-0.281731049171608,"gnoto2_BM2_d10","40.01 (11/14/09)","B","25.8","gnoto2","3","G6","7","AM-F0699","AM-R0679","stool","BM2","M","yes",NA,"10","","meropenem","10","0","beforemero","beforemero","E. coli","-3","no","",1376293,1003453,"72.90983824","",NA,NA,NA,NA,NA,"",NA,"","",0,0,0,7.49865,0,0,2.48278,0,0,0,0,0,0,0,0,0.43202,0,0.70804,0.06466,0,0,0,0,0,0,0,0,0,0,0,0,0,0,0,0,0,0,0,0,0,0,0,0,0,0,0,0,0,0,0,0,0,88.81386,0,0,0,0,0,0,0,0,0,0,0,0,0,0,0,0,0,0,0,0,0,0,0,0,0,0,0,0,0,0,0,0,0,0,0,0,0,0,0,0,0,0,0,0,0,0,0,0,0,0,0,0.45468522808889,6
"133",0.268943042221229,0.0733741174813564,-0.176979675839674,0.217538944664419,"gnoto2_BM3_d10","40.01 (11/14/09)","B","21.7","gnoto2","3","G7","7","AM-F0700","AM-R0680","stool","BM3","M","yes",NA,"10","","meropenem","10","0","beforemero","beforemero","E. coli","-3","no","",1109740,808560,"72.86030962","",NA,NA,NA,NA,NA,"",NA,"","",0,0,0,38.3328,0,0,18.36425,0,0,0,0,0,0,0,0,27.6557,0,4.52238,0.7902,0,0,0,0,0,0,0,0,0,0,0,0,0,0,0,0,0,0,0,0,0,0,0,0,0,0,0,0,0,0,0,0,0,10.33467,0,0,0,0,0,0,0,0,0,0,0,0,0,0,0,0,0,0,0,0,0,0,0,0,0,0,0,0,0,0,0,0,0,0,0,0,0,0,0,0,0,0,0,0,0,0,0,0,0,0,0,1.4470916533085,6
"134",0.07830487324153,0.0972878380842153,-0.0551733642679157,-0.281138703823139,"gnoto2_BM4_d10","40.01 (11/14/09)","B","13.1","gnoto2","3","G8","7","AM-F0701","AM-R0681","stool","BM4","F","yes",NA,"10","","meropenem","10","0","beforemero","beforemero","E. coli","-3","no","",2124671,487839,"22.96068427","",NA,NA,NA,NA,NA,"",NA,"","",0,0,0,8.76568,0,0,2.18515,0,0,0,0,0,0,0,0,0,0,0.39968,0,0,0,0,0,0,0,0,0,0,0,0,0,0,0,0,0,0,0,0,0,0,0,0,0,0,0,0,0,0,0,0,0,0,88.6495,0,0,0,0,0,0,0,0,0,0,0,0,0,0,0,0,0,0,0,0,0,0,0,0,0,0,0,0,0,0,0,0,0,0,0,0,0,0,0,0,0,0,0,0,0,0,0,0,0,0,0,0.42581029893729,4
"135",0.357592494924105,-0.119044037324216,-0.0113943778937885,-0.00896549740542332,"gnoto2_BM5_d10","40.01 (11/14/09)","B","13.9","gnoto2","3","G9","7","AM-F0702","AM-R0682","stool","BM5","F","yes",NA,"10","","meropenem","10","0","beforemero","beforemero","E. coli","-3","no","",1885069,859191,"45.578756","",NA,NA,NA,NA,NA,"",NA,"","",0,0,0,52.84585,0,0,5.6849,0,0,0,0,0,0,0,0,4.30075,0,4.55782,1.82051,0,0,0,0,0,0,0,0,0,0,0,0,0,0,0,0,0,0,0,0,0,0,0,0,0,0,0,0,0,0,0,0,0,30.79018,0,0,0,0,0,0,0,0,0,0,0,0,0,0,0,0,0,0,0,0,0,0,0,0,0,0,0,0,0,0,0,0,0,0,0,0,0,0,0,0,0,0,0,0,0,0,0,0,0,0,0,1.21176174769426,6
"136",0.126012950965511,0.0770071581467508,-0.0421679517008236,-0.233175813199178,"gnoto2_BM6_d10","40.01 (11/14/09)","B","9.76","gnoto2","3","G10","7","AM-F0703","AM-R0683","stool","BM6","M","yes",NA,"10","","meropenem","10","0","beforemero","beforemero","E. coli","-3","no","",6075722,4184713,"68.87597885","",NA,NA,NA,NA,NA,"",NA,"","",0,0,0,14.14616,0,0,3.85108,0,0,0,0,0,0,0,0,0.28514,0,0.95869,0.04549,0,0,0,0,0,0,0,0,0,0,0,0,0,0,0,0,0,0,0,0,0,0,0,0,0,0,0,0,0,0,0,0,0,80.70732,0,0,0,0,0,0,0,0,0,0,0,0,0,0.00612,0,0,0,0,0,0,0,0,0,0,0,0,0,0,0,0,0,0,0,0,0,0,0,0,0,0,0,0,0,0,0,0,0,0,0,0,0,0.640428858363132,7
"137",-0.46006424518541,-0.266202168434522,0.111423004009041,0.0295521186140201,"Gn3_A5_Stool_Dol10","","A","","gnoto3","","","","","","stool","A5","F","yes",NA,"","","meropenem/probenecid","10","0","beforemero","beforemero",NA,NA,"no","",1288824,735239,"57.04727721","",NA,NA,NA,NA,NA,"",NA,"","",89.59335,1.03203,0,7.29638,0,0,2.07824,0,0,0,0,0,0,0,0,0,0,0,0,0,0,0,0,0,0,0,0,0,0,0,0,0,0,0,0,0,0,0,0,0,0,0,0,0,0,0,0,0,0,0,0,0,0,0,0,0,0,0,0,0,0,0,0,0,0,0,0,0,0,0,0,0,0,0,0,0,0,0,0,0,0,0,0,0,0,0,0,0,0,0,0,0,0,0,0,0,0,0,0,0,0,0,0,0,0.417162436944624,4
"138",-0.00728398987146248,0.538576905851473,0.300382549182485,0.167724620959693,"Gn3_B1_Stool","","B","","gnoto3","","","","","","stool","B1","M","no","11","","","meropenem/probenecid","10","0","beforemero","beforemero",NA,NA,"no","",170399,77026,"45.20331692","",NA,NA,NA,NA,NA,"",NA,"","",0,0,0,0,0,0,100,0,0,0,0,0,0,0,0,0,0,0,0,0,0,0,0,0,0,0,0,0,0,0,0,0,0,0,0,0,0,0,0,0,0,0,0,0,0,0,0,0,0,0,0,0,0,0,0,0,0,0,0,0,0,0,0,0,0,0,0,0,0,0,0,0,0,0,0,0,0,0,0,0,0,0,0,0,0,0,0,0,0,0,0,0,0,0,0,0,0,0,0,0,0,0,0,0,0,1
"139",0.406313204037014,-0.249787981200566,-0.123852976338124,0.173549724196735,"Gn3_B13_Stool","","B","","gnoto3","","","","","","stool","B13","M","no","11","","","meropenem/probenecid","10","0","beforemero","beforemero",NA,NA,"no","",2383740,1235946,"51.84902716","",NA,NA,NA,NA,NA,"",NA,"","",0,0,0,80.79704,0,0,1.00683,0,0,0,0,0,0,0,0,16.88856,0,0.72941,0,0,0,0,0,0,0,0,0,0,0,0,0,0,0,0,0,0,0,0,0,0,0,0,0,0,0,0,0,0,0,0,0,0,0.57817,0,0,0,0,0,0,0,0,0,0,0,0,0,0,0,0,0,0,0,0,0,0,0,0,0,0,0,0,0,0,0,0,0,0,0,0,0,0,0,0,0,0,0,0,0,0,0,0,0,0,0,0.584635322469097,5
"140",0.423525437646036,-0.266104664201359,0.0315338828537988,0.092993850323053,"Gn3_B14_Stool","","B","","gnoto3","","","","","","stool","B14","M","no","11","","","meropenem/probenecid","10","0","beforemero","beforemero",NA,NA,"no","",1256683,833425,"66.3194298","",NA,NA,NA,NA,NA,"",NA,"","",0,0,0,93.51752,0,0,2.78565,0,0,0,0,0,0,0,0,3.63191,0,0,0,0,0,0,0,0,0,0,0,0,0,0,0,0,0,0,0,0,0,0,0,0,0,0,0,0,0,0,0,0,0,0,0,0,0.06492,0,0,0,0,0,0,0,0,0,0,0,0,0,0,0,0,0,0,0,0,0,0,0,0,0,0,0,0,0,0,0,0,0,0,0,0,0,0,0,0,0,0,0,0,0,0,0,0,0,0,0,0.287599941671181,4
"141",0.406688930333182,-0.248130060738799,-0.087167257221853,0.149478189120395,"Gn3_B15_Stool","","B","","gnoto3","","","","","","stool","B15","F","no","11","","","meropenem/probenecid","10","0","beforemero","beforemero",NA,NA,"no","",8178353,3912833,"47.84377735","",NA,NA,NA,NA,NA,"",NA,"","",0,0.15226,0,81.54307,0,0,1.54375,0,0,0,0,0,0,0,0,12.59721,0,2.33632,0,0,0,0,0,0,0,0,0,0,0,1.8274,0,0,0,0,0,0,0,0,0,0,0,0,0,0,0,0,0,0,0,0,0,0,0,0,0,0,0,0,0,0,0,0,0,0,0,0,0,0,0,0,0,0,0,0,0,0,0,0,0,0,0,0,0,0,0,0,0,0,0,0,0,0,0,0,0,0,0,0,0,0,0,0,0,0,0.66252568894706,6
"142",-0.00593532198465769,0.539636796796727,0.292285471256328,0.168455587293395,"Gn3_B2_Stool","","B","","gnoto3","","","","","","stool","B3","M","yes",NA,"","","meropenem/probenecid","10","0","beforemero","beforemero",NA,NA,"no","",2979119,498731,"16.74088883","",NA,NA,NA,NA,NA,"",NA,"","",0,0,0,0,0,0,99.16052,0,0,0,0,0,0,0,0,0.50707,0,0,0,0,0,0,0,0,0,0,0,0,0,0,0,0,0,0,0,0,0,0,0,0,0,0,0,0,0,0,0,0,0,0,0,0,0.33241,0,0,0,0,0,0,0,0,0,0,0,0,0,0,0,0,0,0,0,0,0,0,0,0,0,0,0,0,0,0,0,0,0,0,0,0,0,0,0,0,0,0,0,0,0,0,0,0,0,0,0,0.0541236088682003,3
"143",-0.00429195230344875,0.53601527706178,0.2895607638113,0.170628510390247,"Gn3_B3_Stool","","B","","gnoto3","","","","","","stool","B3","F","yes",NA,"","","meropenem/probenecid","10","0","beforemero","beforemero",NA,NA,"no","",7757510,2790653,"35.97356626","",NA,NA,NA,NA,NA,"",NA,"","",0,0,0,0.40138,0,0,98.73329,0,0,0,0,0,0,0,0,0.71292,0,0.04952,0,0,0,0,0,0,0,0,0,0,0,0,0,0,0,0,0,0,0,0,0,0,0,0,0,0,0,0,0,0,0,0,0,0,0.10289,0,0,0,0,0,0,0,0,0,0,0,0,0,0,0,0,0,0,0,0,0,0,0,0,0,0,0,0,0,0,0,0,0,0,0,0,0,0,0,0,0,0,0,0,0,0,0,0,0,0,0,0.0808251682192627,5
"144",-0.00728398987146247,0.538576905851473,0.300382549182485,0.167724620959693,"Gn3_B4_Stool","","B","","gnoto3","","","","","","stool","B4","F","yes",NA,"","","meropenem/probenecid","10","0","beforemero","beforemero",NA,NA,"no","",1407557,151445,"10.75942218","",NA,NA,NA,NA,NA,"",NA,"","",0,0,0,0,0,0,100,0,0,0,0,0,0,0,0,0,0,0,0,0,0,0,0,0,0,0,0,0,0,0,0,0,0,0,0,0,0,0,0,0,0,0,0,0,0,0,0,0,0,0,0,0,0,0,0,0,0,0,0,0,0,0,0,0,0,0,0,0,0,0,0,0,0,0,0,0,0,0,0,0,0,0,0,0,0,0,0,0,0,0,0,0,0,0,0,0,0,0,0,0,0,0,0,0,0,1
"145",-0.550309650164171,-0.251643396245619,0.106647575750629,0.013297457282545,"B2-d29","37.02 (11/5/2009)","A","1.83","GF1","GF1","A9","4","N709","S509","stool","B2","M","yes",NA,"29","","PBS","10","0","beforePBS","beforePBS","C. rodentium","-10","no","",4702012,2091220,"44.47500347","",NA,NA,NA,NA,NA,"",NA,"","",99.76684,0,0,0,0,0,0.23316,0,0,0,0,0,0,0,0,0,0,0,0,0,0,0,0,0,0,0,0,0,0,0,0,0,0,0,0,0,0,0,0,0,0,0,0,0,0,0,0,0,0,0,0,0,0,0,0,0,0,0,0,0,0,0,0,0,0,0,0,0,0,0,0,0,0,0,0,0,0,0,0,0,0,0,0,0,0,0,0,0,0,0,0,0,0,0,0,0,0,0,0,0,0,0,0,0,0.016461174912245,2
"146",-0.546625366491667,-0.2408775855576,0.096362056154326,0.0163724652582357,"B4-d29","37.02 (11/5/2009)","A","2.12","GF1","GF1","A10","4","N709","S610","stool","B4","M","yes",NA,"29","","PBS","10","0","beforePBS","beforePBS","C. rodentium","-10","no","",1936308,1320493,"68.19643363","",NA,NA,NA,NA,NA,"",NA,"","",96.35887,0.50157,0,0,0,0,1.09048,0,0,0,0,0,0,1.34326,0,0,0,0.52607,0.01205,0,0,0,0,0.1677,0,0,0,0,0,0,0,0,0,0,0,0,0,0,0,0,0,0,0,0,0,0,0,0,0,0,0,0,0,0,0,0,0,0,0,0,0,0,0,0,0,0,0,0,0,0,0,0,0,0,0,0,0,0,0,0,0,0,0,0,0,0,0,0,0,0,0,0,0,0,0,0,0,0,0,0,0,0,0,0,0.208878760695965,7
"147",-0.551086567401054,-0.253094524458266,0.10700198793721,0.0132192228045724,"B5-d29","37.02 (11/5/2009)","A","1.55","GF1","GF1","A11","4","N709","S611","stool","B5","F","yes",NA,"29","","PBS","10","0","beforePBS","beforePBS","C. rodentium","-10","no","",3992065,1973609,"49.43829822","",NA,NA,NA,NA,NA,"",NA,"","",99.92019,0,0,0,0,0,0.07981,0,0,0,0,0,0,0,0,0,0,0,0,0,0,0,0,0,0,0,0,0,0,0,0,0,0,0,0,0,0,0,0,0,0,0,0,0,0,0,0,0,0,0,0,0,0,0,0,0,0,0,0,0,0,0,0,0,0,0,0,0,0,0,0,0,0,0,0,0,0,0,0,0,0,0,0,0,0,0,0,0,0,0,0,0,0,0,0,0,0,0,0,0,0,0,0,0,0.0064908495318555,2
"148",-0.544880879178115,-0.247131568020935,0.103928313361396,0.0123317413269065,"B6-d29","37.02 (11/5/2009)","A","0.288","GF1","GF1","A12","4","N709","S512","stool","B6","F","yes",NA,"29","","PBS","10","0","beforePBS","beforePBS","C. rodentium","-10","no","",5501189,2971417,"54.01408677","",NA,NA,NA,NA,NA,"",NA,"","",98.01057,0.92139,0,0.10126,0,0,0.93581,0,0,0,0,0,0,0,0,0,0,0,0,0,0,0,0,0.03097,0,0,0,0,0,0,0,0,0,0,0,0,0,0,0,0,0,0,0,0,0,0,0,0,0,0,0,0,0,0,0,0,0,0,0,0,0,0,0,0,0,0,0,0,0,0,0,0,0,0,0,0,0,0,0,0,0,0,0,0,0,0,0,0,0,0,0,0,0,0,0,0,0,0,0,0,0,0,0,0,0.116081966576638,5
"149",-0.549530908211168,-0.249976646455149,0.106321914659846,0.0133636286023827,"B7-d29","37.02 (11/5/2009)","A","4.38","GF1","GF1","B1","4","N710","S501","stool","B7","F","yes",NA,"29","","PBS","10","0","beforePBS","beforePBS","C. rodentium","-10","no","",7092838,2236138,"31.52670342","",NA,NA,NA,NA,NA,"",NA,"","",99.59761,0,0,0,0,0,0.40239,0,0,0,0,0,0,0,0,0,0,0,0,0,0,0,0,0,0,0,0,0,0,0,0,0,0,0,0,0,0,0,0,0,0,0,0,0,0,0,0,0,0,0,0,0,0,0,0,0,0,0,0,0,0,0,0,0,0,0,0,0,0,0,0,0,0,0,0,0,0,0,0,0,0,0,0,0,0,0,0,0,0,0,0,0,0,0,0,0,0,0,0,0,0,0,0,0,0.026209628561403,2
"150",0.435200730980484,-0.276972481584868,0.0533430795953039,0.00676210827774821,"GF2_B2_day27","40.01 (11/14/09)","B","5.21","GF2","GF2_1","A11","3","N711","S535","stool","B2",NA,"yes",NA,"27","","PBS","10","0","beforePBS","beforePBS","C. rodentium","-6","no","",782383,161903,"20.69357335","",NA,NA,NA,NA,NA,"",NA,"","",0,0,0,85.6498,0,0,0.73807,0,0,0,0,0,0,0,0,0,0,1.53969,1.57566,0,0,0,9.46117,0,0,0,0,0,0,0,0,0,0,0,0,0,0,0,0,0,0,0,0,0,0,0,0,0,0,0,0,0,1.03562,0,0,0,0,0,0,0,0,0,0,0,0,0,0,0,0,0,0,0,0,0,0,0,0,0,0,0,0,0,0,0,0,0,0,0,0,0,0,0,0,0,0,0,0,0,0,0,0,0,0,0,0.568985000469732,6
"151",0.43336550011315,-0.276629040319839,0.0569391601221837,0.0279299429638666,"GF2_B3_day27","40.01 (11/14/09)","B","6.25","GF2","GF2_1","A12","3","N711","S536","stool","B3",NA,"yes",NA,"27","","PBS","10","0","beforePBS","beforePBS","C. rodentium","-6","no","",2232760,1047556,"46.91753704","",NA,NA,NA,NA,NA,"",NA,"","",0,0,0,88.8977,0,0,1.06566,0,0,0,0,0,0,0,0,0,0,1.54681,1.29945,0,0,0,5.80026,0,0,0,0,0,0,0.22748,0,0,0,0,0,0,0,0,0,0,0,0,0,0,0,0,0,0,0,0,0,0,1.16264,0,0,0,0,0,0,0,0,0,0,0,0,0,0,0,0,0,0,0,0,0,0,0,0,0,0,0,0,0,0,0,0,0,0,0,0,0,0,0,0,0,0,0,0,0,0,0,0,0,0,0,0.504722837200764,7
"152",0.431880351173002,-0.270307064456532,0.0660028300188366,0.0354153893918662,"GF2_B4_day27","40.01 (11/14/09)","B","3.79","GF2","GF2_1","B1","3","N707","S525","stool","B4",NA,"no","26","27","","PBS","10","0","beforePBS","beforePBS","C. rodentium","-6","no","",1398628,417204,"29.82951864","",NA,NA,NA,NA,NA,"",NA,"","",0,0,0,91.27329,0,0,2.23656,0,0,0,0,0,0,0,0,0,0,0.61413,0,0,0,0,4.55362,0,0,0,0,0,0,0,0,0,0,0,0,0,0,0,0,0,0,0,0,0,0,0,0,0,0,0,0,0,1.32239,0,0,0,0,0,0,0,0,0,0,0,0,0,0,0,0,0,0,0,0,0,0,0,0,0,0,0,0,0,0,0,0,0,0,0,0,0,0,0,0,0,0,0,0,0,0,0,0,0,0,0,0.397489379145563,5
"153",0.419874819906615,-0.121128550027104,0.105793201276313,0.090167398999178,"GF2_B5_day27","40.01 (11/14/09)","B","8.29","GF2","GF2/3 1","G1","5","N711","S613","stool","B5",NA,"yes",NA,"27","","PBS","10","0","beforePBS","beforePBS","C. rodentium","-6","no","",1369693,579284,"42.29298098","",NA,NA,NA,NA,NA,"",NA,"","",0,0,0,73.09177,0,0,15.19258,0,0,0,0,0,0,0,0,0,0,0.19548,0,0,0,0,5.61009,0,0,0,0,0,0,4.74727,0,0,0,0,0,0,0,0,0,0,0,0,0,0,0,0,0,0,0,0,0,0,1.1628,0,0,0,0,0,0,0,0,0,0,0,0,0,0,0,0,0,0,0,0,0,0,0,0,0,0,0,0,0,0,0,0,0,0,0,0,0,0,0,0,0,0,0,0,0,0,0,0,0,0,0,0.885663053423465,6
"154",-0.540639411199055,-0.247181083109777,0.101906910641766,0.0126445474985501,"GF24_A1_36_stool","","A","2.263864","GF24","","A08","UDI Plate 06","AM-F0513","AM-R0513","stool","A1","M","yes","","","N/A","PBS","10","0","beforePBS","beforePBS",NA,NA,"no","",1857757,448931,"24.16521644","",NA,NA,NA,NA,NA,"",NA,"","",96.5201,1.33588,0,0.4302,0,0,1.02098,0,0,0,0,0,0,0.60212,0,0,0,0.09073,0,0,0,0,0,0,0,0,0,0,0,0,0,0,0,0,0,0,0,0,0,0,0,0,0,0,0,0,0,0,0,0,0,0,0,0,0,0,0,0,0,0,0,0,0,0,0,0,0,0,0,0,0,0,0,0,0,0,0,0,0,0,0,0,0,0,0,0,0,0,0,0,0,0,0,0,0,0,0,0,0,0,0,0,0,0,0.199222364780568,6
"155",-0.524758477871117,-0.220660365515865,0.0917386269933401,0.0110632408765089,"GF24_A2_36_stool","","A","4.971337","GF24","","A09","UDI Plate 06","AM-F0514","AM-R0514","stool","A2","M","yes","","","N/A","PBS","10","0","beforePBS","beforePBS",NA,NA,"no","",2022716,841732,"41.61394877","",NA,NA,NA,NA,NA,"",NA,"","",86.78201,5.2641,0,0.18359,0,0,3.12937,0,0,0,0,0,0,1.60371,0,0,0,1.63314,0.51025,0,0,0.89383,0,0,0,0,0,0,0,0,0,0,0,0,0,0,0,0,0,0,0,0,0,0,0,0,0,0,0,0,0,0,0,0,0,0,0,0,0,0,0,0,0,0,0,0,0,0,0,0,0,0,0,0,0,0,0,0,0,0,0,0,0,0,0,0,0,0,0,0,0,0,0,0,0,0,0,0,0,0,0,0,0,0,0.600572854661771,8
"156",0.399600795263117,-0.212026679908524,-0.125059455635865,0.141669195021234,"GF3_C2_day30","40.01 (11/14/09)","B","4.06","GF3","GF2/3 1","A7","5","N712","S507","stool","C2",NA,"yes",NA,"30","","PBS","10","0","beforePBS","beforePBS","E. coli","-8","no","",955488,365790,"38.28305536","",NA,NA,NA,NA,NA,"",NA,"","",0,0,0,73.74151,0,0,2.7554,0,0,0,0,0,0,0,0,16.90651,0,0,0,0,0,0,2.24193,0,0,0,0,0,0,0,0,0,0,0,0,0,0,0,0,0,0,0,0,0,0,0,0,0,0,0,0,0,4.35465,0,0,0,0,0,0,0,0,0,0,0,0,0,0,0,0,0,0,0,0,0,0,0,0,0,0,0,0,0,0,0,0,0,0,0,0,0,0,0,0,0,0,0,0,0,0,0,0,0,0,0,0.845707627704314,5
"157",0.303549200831348,0.058457141551507,-0.0593593819374605,0.0624695895262997,"GF3_C6_day30","40.01 (11/14/09)","B","1.17","GF3","GF2/3 1","A11","5","N713","S611","stool","C6",NA,"yes",NA,"30","","PBS","10","0","beforePBS","beforePBS","E. coli","-8","no","",978679,774010,"79.08721859","",NA,NA,NA,NA,NA,"",NA,"","",0,0,0,38.39724,0,0,20.02744,0,0,0,0,0,0,0,0,13.01273,0,0.59388,0.07439,0.04798,0,0,19.42142,0,0,0,0,0,0,3.74453,0,0,0,0,0,0,0,0,0,0,0,0,0,0,0,0,0,0,0,0,0,0,4.68039,0,0,0,0,0,0,0,0,0,0,0,0,0,0,0,0,0,0,0,0,0,0,0,0,0,0,0,0,0,0,0,0,0,0,0,0,0,0,0,0,0,0,0,0,0,0,0,0,0,0,0,1.57900112090725,9
"158",-0.035071292608642,0.251668202861615,-0.576840209970071,0.11368892748611,"GF6_A3_D51","40.01 (11/14/09)","B","1.392","GF6","GF6","A5","1","N702","S505","stool","A_1_3","M","yes",NA,"51","","PBS","10","0","beforePBS","beforePBS",NA,NA,"no","",2829664,264146,"9.334889231","",NA,NA,NA,NA,NA,"",NA,"","",0,0,0,0,0,0,5.82206,0,0,0,0,0,0,0,0,80.04383,0,0,0.14675,0,0,0,1.18385,0.27459,0,0,0,0,0,0,0,0.61306,0,0,0,0,0,0,0,0,0,0,0,0,0,0,0,0,0,0,0,0,11.91587,0,0,0,0,0,0,0,0,0,0,0,0,0,0,0,0,0,0,0,0,0,0,0,0,0,0,0,0,0,0,0,0,0,0,0,0,0,0,0,0,0,0,0,0,0,0,0,0,0,0,0,0.706732672394588,7
"159",-0.0310123439605706,0.405124021326402,-0.400368912020128,0.28277271118692,"GF6_A4_D51","40.01 (11/14/09)","B","1.019","GF6","GF6","A6","1","N704","S506","stool","A_1_4","M","yes",NA,"51","","PBS","10","0","beforePBS","beforePBS",NA,NA,"no","",2392970,213813,"8.935047243","",NA,NA,NA,NA,NA,"",NA,"","",0,0,0,0,0,0,28.73958,0,0,0,0,0,0,0,0,70.21353,0,0,0,0,0,0,1.04689,0,0,0,0,0,0,0,0,0,0,0,0,0,0,0,0,0,0,0,0,0,0,0,0,0,0,0,0,0,0,0,0,0,0,0,0,0,0,0,0,0,0,0,0,0,0,0,0,0,0,0,0,0,0,0,0,0,0,0,0,0,0,0,0,0,0,0,0,0,0,0,0,0,0,0,0,0,0,0,0,0,0.654379218814536,3
"160",-0.0218806728182894,0.0795273030162375,-0.549321974380548,0.194927572285787,"gnoto1_AP1_d10","37.02 (11/5/2009)","A","18.4","gnoto1","3","C11","7","AM-F0636","AM-R0636","stool","AP1","M","no","19","10","","PBS","10","0","beforePBS","beforePBS","E. coli","-3","no","",1243879,1009918,"81.19101617","",NA,NA,NA,NA,NA,"",NA,"","",5.90797,0.76556,0,9.07621,0,0,1.13848,0,0,0,0,0,0,0.01749,0,82.15694,0,0.73438,0,0,0,0,0,0.20296,0,0,0,0,0,0,0,0,0,0,0,0,0,0,0,0,0,0,0,0,0,0,0,0,0,0,0,0,0,0,0,0,0,0,0,0,0,0,0,0,0,0,0,0,0,0,0,0,0,0,0,0,0,0,0,0,0,0,0,0,0,0,0,0,0,0,0,0,0,0,0,0,0,0,0,0,0,0,0,0,0.684819905943092,8
"161",-0.11805096759963,0.13149509261578,-0.590467236412757,0.185411648311445,"gnoto1_AP2_d10","37.02 (11/5/2009)","A","24.8","gnoto1","3","C12","7","AM-F0637","AM-R0637","stool","AP2","M","no","19","10","","PBS","10","0","beforePBS","beforePBS","E. coli","-3","no","",2081322,1616124,"77.64891737","",NA,NA,NA,NA,NA,"",NA,"","",6.39575,0.36306,0,0,0,0,1.23535,0,0,0,0,0,0,0.80186,0,90.19638,0,0.30524,0,0,0,0,0,0.39016,0,0,0,0,0,0.3122,0,0,0,0,0,0,0,0,0,0,0,0,0,0,0,0,0,0,0,0,0,0,0,0,0,0,0,0,0,0,0,0,0,0,0,0,0,0,0,0,0,0,0,0,0,0,0,0,0,0,0,0,0,0,0,0,0,0,0,0,0,0,0,0,0,0,0,0,0,0,0,0,0,0,0.439623998105377,8
"162",-0.0663487244240362,0.190517838623912,-0.619122326991762,0.156151495437917,"gnoto1_AP3_d10","37.02 (11/5/2009)","A","48.7","gnoto1","3","D1","7","AM-F0638","AM-R0638","stool","AP3","M","yes",NA,"10","","PBS","10","0","beforePBS","beforePBS","E. coli","-3","no","",907732,690042,"76.01825208","",NA,NA,NA,NA,NA,"",NA,"","",0,0.21456,0,0,0,0,1.58357,0,0,0,0,0,0,5.9115,0,81.82119,0.30884,1.52333,0,0,0,2.64168,0,2.20342,0,0,0,0,0,3.79191,0,0,0,0,0,0,0,0,0,0,0,0,0,0,0,0,0,0,0,0,0,0,0,0,0,0,0,0,0,0,0,0,0,0,0,0,0,0,0,0,0,0,0,0,0,0,0,0,0,0,0,0,0,0,0,0,0,0,0,0,0,0,0,0,0,0,0,0,0,0,0,0,0,0,0.795914664500401,9
"163",-0.131676630967349,0.134003433139016,-0.576215151592753,0.191490387122763,"gnoto1_AP4_d10","37.02 (11/5/2009)","A","53.1","gnoto1","3","D2","7","AM-F0639","AM-R0639","stool","AP4","F","yes",NA,"10","","PBS","10","0","beforePBS","beforePBS","E. coli","-3","no","",1273843,946547,"74.30640982","",NA,NA,NA,NA,NA,"",NA,"","",7.4495,0.22248,0,0.17326,0,0,2.55934,0,0,0,0,0,0,3.47484,0,84.26908,0.18473,0.90007,0,0,0,0,0,0.76671,0,0,0,0,0,0,0,0,0,0,0,0,0,0,0,0,0,0,0,0,0,0,0,0,0,0,0,0,0,0,0,0,0,0,0,0,0,0,0,0,0,0,0,0,0,0,0,0,0,0,0,0,0,0,0,0,0,0,0,0,0,0,0,0,0,0,0,0,0,0,0,0,0,0,0,0,0,0,0,0,0.664222982428765,9
"164",-0.0441369701925728,0.315201986580915,-0.506230214651094,0.224820842664373,"gnoto1_BP1_d10","40.01 (11/14/09)","B","9.43","gnoto1","3","D12","7","AM-F0674","AM-R0649","stool","BP1","F","yes",NA,"10","","PBS","10","0","beforePBS","beforePBS","E. coli","-3","no","",2168838,1405930,"64.82411319","",NA,NA,NA,NA,NA,"",NA,"","",0,0.09544,0,0,0,0,15.62436,0,0,0,0,0,0,0,0,83.93292,0,0.21049,0,0,0,0,0,0.13679,0,0,0,0,0,0,0,0,0,0,0,0,0,0,0,0,0,0,0,0,0,0,0,0,0,0,0,0,0,0,0,0,0,0,0,0,0,0,0,0,0,0,0,0,0,0,0,0,0,0,0,0,0,0,0,0,0,0,0,0,0,0,0,0,0,0,0,0,0,0,0,0,0,0,0,0,0,0,0,0,0.46568291906076,5
"165",-0.0100391279109609,0.539316691743054,0.287943658159677,0.166854544946681,"gnoto1_BP2_d10","40.01 (11/14/09)","B","1.77","gnoto1","3","E3","7","AM-F0675","AM-R0652","stool","BP2","F","yes",NA,"10","","PBS","10","0","beforePBS","beforePBS","E. coli","-3","no","",1236461,379274,"30.67415794","",NA,NA,NA,NA,NA,"",NA,"","",0,0,0,0,0,0,93.29831,0,0,0,0,0,0,0,0,0,0,6.70169,0,0,0,0,0,0,0,0,0,0,0,0,0,0,0,0,0,0,0,0,0,0,0,0,0,0,0,0,0,0,0,0,0,0,0,0,0,0,0,0,0,0,0,0,0,0,0,0,0,0,0,0,0,0,0,0,0,0,0,0,0,0,0,0,0,0,0,0,0,0,0,0,0,0,0,0,0,0,0,0,0,0,0,0,0,0,0.245853328550698,2
"166",0.0213122153463791,0.194399221827813,-0.536933198368914,0.17918091109258,"gnoto1_BP3_d10","40.01 (11/14/09)","B","9.7","gnoto1","3","E4","7","AM-F0708","AM-R0653","stool","BP3","F","yes",NA,"10","","PBS","10","0","beforePBS","beforePBS","E. coli","-3","no","",1402582,857595,"61.14401867","",NA,NA,NA,NA,NA,"",NA,"","",0,0,0,7.56301,0,0,6.84667,0,0,0,0,0,0,0,0,84.13322,0,0.80797,0.02282,0,0,0,0,0,0,0,0,0,0,0,0,0,0,0,0,0,0,0,0,0,0,0,0,0,0,0,0,0,0,0,0,0,0.6263,0,0,0,0,0,0,0,0,0,0,0,0,0,0,0,0,0,0,0,0,0,0,0,0,0,0,0,0,0,0,0,0,0,0,0,0,0,0,0,0,0,0,0,0,0,0,0,0,0,0,0,0.596829943842509,6
"167",0.0592340139938627,0.481910796674144,0.2839522855279,0.172026602350963,"gnoto1_BP4_d10","40.01 (11/14/09)","B","7.95","gnoto1","3","E5","7","AM-F0709","AM-R0654","stool","BP4","M","yes",NA,"10","","PBS","10","0","beforePBS","beforePBS","E. coli","-3","no","",1410114,699290,"49.59102597","",NA,NA,NA,NA,NA,"",NA,"","",0,0,0,7.09078,0,0,89.78108,0,0,0,0,0,0,0,0,0.19699,0,1.85985,0,0.93235,0,0,0,0,0,0,0,0,0,0,0,0,0,0,0,0,0,0,0,0,0,0,0,0,0,0,0,0,0,0,0,0,0.13895,0,0,0,0,0,0,0,0,0,0,0,0,0,0,0,0,0,0,0,0,0,0,0,0,0,0,0,0,0,0,0,0,0,0,0,0,0,0,0,0,0,0,0,0,0,0,0,0,0,0,0,0.423540602244447,6
"168",0.0763485388103345,0.477766046516238,0.26300107051442,0.152952203203434,"gnoto2_BP1_d10","40.01 (11/14/09)","B","3.21","gnoto2","3","G12","7","AM-F0688","AM-R0685","stool","BP1","M","yes",NA,"10","","PBS","10","0","beforePBS","beforePBS","E. coli","-3","no","",1484231,665705,"44.85184584","",NA,NA,NA,NA,NA,"",NA,"","",0,0,0,7.96271,0,0,82.97053,0,0,0,0,0,0,0,0.13554,0.64709,0,1.99846,0.63374,0,0,0,0,0,0,0,0,0,0,0,0,0,0,0,0,0,0,0,0,0,0,0,0,0,0,0,0,0,0,0,0,0,5.65193,0,0,0,0,0,0,0,0,0,0,0,0,0,0,0,0,0,0,0,0,0,0,0,0,0,0,0,0,0,0,0,0,0,0,0,0,0,0,0,0,0,0,0,0,0,0,0,0,0,0,0,0.670609285815915,7
"169",0.414165221794612,-0.048388776464073,0.192075520012639,0.190154970576497,"gnoto2_BP2_d10","40.01 (11/14/09)","B","5.73","gnoto2","3","H1","7","AM-F0689","AM-R0686","stool","BP2","F","yes",NA,"10","","PBS","10","0","beforePBS","beforePBS","E. coli","-3","no","",1558373,920465,"59.06576923","",NA,NA,NA,NA,NA,"",NA,"","",0,0,0,72.10759,0,0,26.69404,0,0,0,0,0,0,0,0,0,0,0.38964,0,0,0,0,0,0,0,0,0,0,0,0,0,0,0,0,0,0,0,0,0,0,0,0,0,0,0,0,0,0,0,0,0,0,0.80874,0,0,0,0,0,0,0,0,0,0,0,0,0,0,0,0,0,0,0,0,0,0,0,0,0,0,0,0,0,0,0,0,0,0,0,0,0,0,0,0,0,0,0,0,0,0,0,0,0,0,0,0.648932552030076,4
"170",0.0174849137951955,0.530023298291642,0.22206544731953,0.146270814872075,"gnoto2_BP3_d10","40.01 (11/14/09)","B","4.1","gnoto2","3","H2","7","AM-F0690","AM-R0687","stool","BP3",NA,"no","13","10","","PBS","10","0","beforePBS","beforePBS","E. coli","-3","no","",1167965,448610,"38.40954138","",NA,NA,NA,NA,NA,"",NA,"","",0,0,0,1.7183,0,0,79.74587,0,0,0,0,0,0,0,0,3.21329,0,6.06666,0.32493,0,0,0,0,0,0,0,0,0,0,0,0,0,0,0,0,0,0,0,0,0,0,0,0,0,0,0,0,0,0,0,0,0,8.93095,0,0,0,0,0,0,0,0,0,0,0,0,0,0,0,0,0,0,0,0,0,0,0,0,0,0,0,0,0,0,0,0,0,0,0,0,0,0,0,0,0,0,0,0,0,0,0,0,0,0,0,0.765149088554659,6
"171",0.335516249796307,0.0575445529842851,0.118222073327261,0.122497328945305,"gnoto2_BP4_d10","40.01 (11/14/09)","B","16.3","gnoto2","3","H3","7","AM-F0707","AM-R0688","stool","BP4","F","yes",NA,"10","","PBS","10","0","beforePBS","beforePBS","E. coli","-3","no","",1921201,1390190,"72.36046619","",NA,NA,NA,NA,NA,"",NA,"","",0,0,0,45.23545,0,0,25.58876,0,0,0,0,0,0,0,0,0.43256,0,1.56822,0.10612,0,0,0,0,0,0,0,0,0,0,21.49354,0,0,0,0,0,0,0,0,0,0,0,0,0,0,0,0,0,0,0,0,0,0,5.57535,0,0,0,0,0,0,0,0,0,0,0,0,0,0,0,0,0,0,0,0,0,0,0,0,0,0,0,0,0,0,0,0,0,0,0,0,0,0,0,0,0,0,0,0,0,0,0,0,0,0,0,1.29499832556286,7
"172",0.0410087756409049,0.512666734725142,0.247814234574045,0.124025456289287,"gnoto2_BP5_d10","40.01 (11/14/09)","B","6.65","gnoto2","3","H4","7","AM-F0530","AM-R0689","stool","BP5","M","yes",NA,"10","","PBS","10","0","beforePBS","beforePBS","E. coli","-3","no","",2084189,940671,"45.1336707","",NA,NA,NA,NA,NA,"",NA,"","",0,0,0,3.85496,0,0,79.01278,0,0,0,0,0,0,0,0,1.05065,0,4.81114,0,0,0,0,0,0,0,0,0,0,0,0,0,0,0,0,0,0,0,0,0,0,0,0,0,0,0,0,0,0,0,0,0,0,11.27047,0,0,0,0,0,0,0,0,0,0,0,0,0,0,0,0,0,0,0,0,0,0,0,0,0,0,0,0,0,0,0,0,0,0,0,0,0,0,0,0,0,0,0,0,0,0,0,0,0,0,0,0.751512141330052,5
"173",0.0683770043287329,0.476616510743913,0.270302203971837,0.178997100338437,"gnoto2_BP6_d10","40.01 (11/14/09)","B","7.34","gnoto2","3","H5","7","AM-F0532","AM-R0690","stool","BP6","F","yes",NA,"10","","PBS","10","0","beforePBS","beforePBS","E. coli","-3","no","",1747095,554447,"31.73536642","",NA,NA,NA,NA,NA,"",NA,"","",0,0,0,7.90248,0,0,88.72117,0,0,0,0,0,0,0,0,1.1321,0,1.75782,0,0,0,0,0,0,0,0,0,0,0,0,0,0,0,0,0,0,0,0,0,0,0,0,0,0,0,0,0,0,0,0,0,0,0.48643,0,0,0,0,0,0,0,0,0,0,0,0,0,0,0,0,0,0,0,0,0,0,0,0,0,0,0,0,0,0,0,0,0,0,0,0,0,0,0,0,0,0,0,0,0,0,0,0,0,0,0,0.454410648764803,5
"174",-0.483840350497844,-0.0121138792711412,0.217156513219196,0.157878032859649,"GF10_A1_d101","37.02 (11/5/2009)","A","10.5","GF10","1","D2","5","AM-F0447","AM-R0447","stool","A_3_1","M","yes",NA,"101","","probenecid","10","0","beforepro","beforepro",NA,NA,"no","",1202015,714982,"59.48195322","",NA,NA,NA,NA,NA,"",NA,"","",73.90847,0.51793,0,0.58676,0,0,24.66459,0,0,0,0,0,0,0,0,0,0,0.32224,0,0,0,0,0,0,0,0,0,0,0,0,0,0,0,0,0,0,0,0,0,0,0,0,0,0,0,0,0,0,0,0,0,0,0,0,0,0,0,0,0,0,0,0,0,0,0,0,0,0,0,0,0,0,0,0,0,0,0,0,0,0,0,0,0,0,0,0,0,0,0,0,0,0,0,0,0,0,0,0,0,0,0,0,0,0,0.644609763018605,5
"175",-0.535300729267532,-0.18873417421207,0.116428294181153,0.0337429208083918,"GF10_A1_d77","37.02 (11/5/2009)","A","7.34","GF10","1","B4","5","AM-F0425","AM-R0425","stool","A_2_1","M","yes",NA,"77","","probenecid","10","0","beforepro","beforepro",NA,NA,"no","",1166639,143957,"12.33946405","",NA,NA,NA,NA,NA,"",NA,"","",94.25334,0,0,0,0,0,5.74666,0,0,0,0,0,0,0,0,0,0,0,0,0,0,0,0,0,0,0,0,0,0,0,0,0,0,0,0,0,0,0,0,0,0,0,0,0,0,0,0,0,0,0,0,0,0,0,0,0,0,0,0,0,0,0,0,0,0,0,0,0,0,0,0,0,0,0,0,0,0,0,0,0,0,0,0,0,0,0,0,0,0,0,0,0,0,0,0,0,0,0,0,0,0,0,0,0,0.219939118745654,2
"176",-0.551524259565131,-0.253815069883736,0.107172477877231,0.0131712300199575,"GF10_A2_d101","37.02 (11/5/2009)","A","10.6","GF10","1","D3","5","AM-F0448","AM-R0448","stool","A_3_2","F","yes",NA,"101","","probenecid","10","0","beforepro","beforepro",NA,NA,"no","",932725,346110,"37.10740036","",NA,NA,NA,NA,NA,"",NA,"","",100,0,0,0,0,0,0,0,0,0,0,0,0,0,0,0,0,0,0,0,0,0,0,0,0,0,0,0,0,0,0,0,0,0,0,0,0,0,0,0,0,0,0,0,0,0,0,0,0,0,0,0,0,0,0,0,0,0,0,0,0,0,0,0,0,0,0,0,0,0,0,0,0,0,0,0,0,0,0,0,0,0,0,0,0,0,0,0,0,0,0,0,0,0,0,0,0,0,0,0,0,0,0,0,0,1
"177",-0.529224168075101,-0.157139047884487,0.130364962190611,0.0538559011497903,"GF10_A2_d77","37.02 (11/5/2009)","A","3.78","GF10","1","B5","5","AM-F0426","AM-R0426","stool","A_2_2","M","yes",NA,"77","","probenecid","10","0","beforepro","beforepro",NA,NA,"no","",1061076,380646,"35.87358493","",NA,NA,NA,NA,NA,"",NA,"","",91.34202,0,0,0,0,0,8.65798,0,0,0,0,0,0,0,0,0,0,0,0,0,0,0,0,0,0,0,0,0,0,0,0,0,0,0,0,0,0,0,0,0,0,0,0,0,0,0,0,0,0,0,0,0,0,0,0,0,0,0,0,0,0,0,0,0,0,0,0,0,0,0,0,0,0,0,0,0,0,0,0,0,0,0,0,0,0,0,0,0,0,0,0,0,0,0,0,0,0,0,0,0,0,0,0,0,0.294552482772089,2
"178",-0.542453952279045,-0.222560607580717,0.103724952530977,0.0187219998726393,"GF10_A4_d101","37.02 (11/5/2009)","A","30.3","GF10","1","D4","5","AM-F0449","AM-R0449","stool","A_3_4","M","yes",NA,"101","","probenecid","10","0","beforepro","beforepro",NA,NA,"no","",1184425,428519,"36.17949638","",NA,NA,NA,NA,NA,"",NA,"","",96.46504,0,0,0,0,0,2.74942,0,0,0,0,0,0,0.68964,0,0,0,0.09591,0,0,0,0,0,0,0,0,0,0,0,0,0,0,0,0,0,0,0,0,0,0,0,0,0,0,0,0,0,0,0,0,0,0,0,0,0,0,0,0,0,0,0,0,0,0,0,0,0,0,0,0,0,0,0,0,0,0,0,0,0,0,0,0,0,0,0,0,0,0,0,0,0,0,0,0,0,0,0,0,0,0,0,0,0,0,0.174512480453689,4
"179",-0.533085493544724,-0.176826296356332,0.121101979704706,0.0409902728691885,"GF10_A4_d77","37.02 (11/5/2009)","A","2.63","GF10","1","B6","5","AM-F0427","AM-R0427","stool","A_2_4","M","no","11","77","","probenecid","10","0","beforepro","beforepro",NA,NA,"no","",1589109,833770,"52.46776653","",NA,NA,NA,NA,NA,"",NA,"","",93.17815,0,0,0,0,0,6.82185,0,0,0,0,0,0,0,0,0,0,0,0,0,0,0,0,0,0,0,0,0,0,0,0,0,0,0,0,0,0,0,0,0,0,0,0,0,0,0,0,0,0,0,0,0,0,0,0,0,0,0,0,0,0,0,0,0,0,0,0,0,0,0,0,0,0,0,0,0,0,0,0,0,0,0,0,0,0,0,0,0,0,0,0,0,0,0,0,0,0,0,0,0,0,0,0,0,0.249006190244261,2
"180",-0.54612602170679,-0.240037177782797,0.104885689635293,0.0136957277351822,"GF10_A5_d101","37.02 (11/5/2009)","A","13.2","GF10","1","D5","5","AM-F0450","AM-R0450","stool","A_3_5","F","no","13","101","","probenecid","10","0","beforepro","beforepro",NA,NA,"no","",932740,413449,"44.326286","",NA,NA,NA,NA,NA,"",NA,"","",98.68413,0,0,0,0,0,1.31587,0,0,0,0,0,0,0,0,0,0,0,0,0,0,0,0,0,0,0,0,0,0,0,0,0,0,0,0,0,0,0,0,0,0,0,0,0,0,0,0,0,0,0,0,0,0,0,0,0,0,0,0,0,0,0,0,0,0,0,0,0,0,0,0,0,0,0,0,0,0,0,0,0,0,0,0,0,0,0,0,0,0,0,0,0,0,0,0,0,0,0,0,0,0,0,0,0,0.0700577575646419,2
"181",-0.540976535566088,-0.219844622128841,0.106053404342412,0.0189713146698809,"GF10_A56_d101","37.02 (11/5/2009)","A","11.3","GF10","1","D6","5","AM-F0451","AM-R0451","stool","A_3_6","F","yes",NA,"101","","probenecid","10","0","beforepro","beforepro",NA,NA,"no","",1444696,940309,"65.08698024","",NA,NA,NA,NA,NA,"",NA,"","",96.77465,0,0,0,0,0,2.98674,0,0,0,0,0,0,0.01422,0,0,0,0.22438,0,0,0,0,0,0,0,0,0,0,0,0,0,0,0,0,0,0,0,0,0,0,0,0,0,0,0,0,0,0,0,0,0,0,0,0,0,0,0,0,0,0,0,0,0,0,0,0,0,0,0,0,0,0,0,0,0,0,0,0,0,0,0,0,0,0,0,0,0,0,0,0,0,0,0,0,0,0,0,0,0,0,0,0,0,0,0.151537555141867,4
"182",0.00374300970652795,0.164206892982374,-0.0696433013530999,-0.440559330906371,"GF11_C1_d71","40.01 (11/14/09)","B","4.48","GF11","1","H1","5","AM-F0501","AM-R0494","stool","C_2_1","F","yes",NA,"71","","probenecid","10","0","beforepro","beforepro",NA,NA,"no","",656177,250005,"38.1002382","",NA,NA,NA,NA,NA,"",NA,"","",0,0,0,0,0,0,6.26949,0,0,0,0,0,0,0,0,0,0,0,0,0,0,0,82.40119,0,0,0,0,0,0,0,0,10.09003,0,0,0,0,0,0,0,0,0,0,0,0,0,0,0,0,0,0,0,0,1.23929,0,0,0,0,0,0,0,0,0,0,0,0,0,0,0,0,0,0,0,0,0,0,0,0,0,0,0,0,0,0,0,0,0,0,0,0,0,0,0,0,0,0,0,0,0,0,0,0,0,0,0,0.618976049732028,4
"183",0.00104490972024742,0.123834579989674,-0.0852433209018096,-0.469235905265724,"GF11_C2_d71","40.01 (11/14/09)","B","5.06","GF11","1","H2","5","N707","AM-R0495","stool","C_2_2","F","yes",NA,"71","","probenecid","10","0","beforepro","beforepro",NA,NA,"no","",1003527,226983,"22.61852446","",NA,NA,NA,NA,NA,"",NA,"","",0,0,0,0,0,0,2.49355,0,0,0,0,0,0,0,0,0,0,0,0,0,0,0,90.32961,0,0,0,0,0,0,0,0,6.37631,0,0,0,0,0,0,0,0,0,0,0,0,0,0,0,0,0,0,0,0,0.80053,0,0,0,0,0,0,0,0,0,0,0,0,0,0,0,0,0,0,0,0,0,0,0,0,0,0,0,0,0,0,0,0,0,0,0,0,0,0,0,0,0,0,0,0,0,0,0,0,0,0,0,0.398077956796077,4
"184",0.00258538531023461,0.102556200918796,-0.0892111752336086,-0.488277425524746,"GF11_C3_d71","40.01 (11/14/09)","B","6.2","GF11","1","H3","5","AM-F0517","AM-R0496","stool","C_2_3","F","yes",NA,"71","","probenecid","10","0","beforepro","beforepro",NA,NA,"no","",1375785,394965,"28.70833742","",NA,NA,NA,NA,NA,"",NA,"","",0,0,0,0,0,0,0,0,0,0,0,0,0,0,0,0,0,0,0,0,0,0,90.29104,0,0,0,0,0,0,0,0,9.70896,0,0,0,0,0,0,0,0,0,0,0,0,0,0,0,0,0,0,0,0,0,0,0,0,0,0,0,0,0,0,0,0,0,0,0,0,0,0,0,0,0,0,0,0,0,0,0,0,0,0,0,0,0,0,0,0,0,0,0,0,0,0,0,0,0,0,0,0,0,0,0,0,0.318640701153933,2
"185",0.00478606011683817,0.130673200768978,-0.0927627748067545,-0.477020956633953,"GF11_C6_d71","40.01 (11/14/09)","B","1.5","GF11","1","H5","5","N706","AM-R0498","stool","C_2_6","M","yes",NA,"71","","probenecid","10","0","beforepro","beforepro",NA,NA,"no","",1357990,567354,"41.77895272","",NA,NA,NA,NA,NA,"",NA,"","",0,0,0,0,0,0,2.09429,0,0,0,0,0,0,0,0,0,0,0.65708,1.77669,0,0,0,79.47938,0,0,0,0,0,0,0,0,12.02127,0,0,0,0,0,0,0,0,0,0,0,0,0,0,0,0,0,0,0,0,3.97129,0,0,0,0,0,0,0,0,0,0,0,0,0,0,0,0,0,0,0,0,0,0,0,0,0,0,0,0,0,0,0,0,0,0,0,0,0,0,0,0,0,0,0,0,0,0,0,0,0,0,0,0.750920424068367,6
"186",0.00531804636539452,0.11763541733028,-0.0884599066740252,-0.478545681648615,"GF11_C7_d71","40.01 (11/14/09)","B","1.89","GF11","1","H6","5","AM-F0581","AM-R0499","stool","C_2_7","M","no","11.33","71","","probenecid","10","0","beforepro","beforepro",NA,NA,"no","",1337256,618561,"46.25598988","",NA,NA,NA,NA,NA,"",NA,"","",0,0,0,0.10491,0,0,1.52821,0,0,0,0,0,0,0,0,0,0,0,0,0,0,0,85.33641,0,0,0,0,0,0,0,0,11.04698,0,0,0,0,0,0,0,0,0,0,0,0,0,0,0,0,0,0,0,0,1.9835,0,0,0,0,0,0,0,0,0,0,0,0,0,0,0,0,0,0,0,0,0,0,0,0,0,0,0,0,0,0,0,0,0,0,0,0,0,0,0,0,0,0,0,0,0,0,0,0,0,0,0,0.527535045740481,5
"187",-0.0461015243154691,0.178444865842542,-0.0234560022402994,-0.357153960184034,"GF12_A1_d31","357.01 (11/25/12)","C","3.02","GF12","2","C4","6","AM-F0558","AM-R0533","stool","A_1_1","F","no","11","31","","probenecid","10","0","beforepro","beforepro",NA,NA,"no","",416350,200157,"48.0742164","",NA,NA,NA,NA,NA,"",NA,"","",0,0,0,0,0,0,1.20815,0,0,0,0,0,0,0,0,0,0,0,0,0,0,0,0,0,0,0,0,0,0,0,0,0,0,0,0,0,0,0,0,0,0,0,0,0,0,0,98.79185,0,0,0,0,0,0,0,0,0,0,0,0,0,0,0,0,0,0,0,0,0,0,0,0,0,0,0,0,0,0,0,0,0,0,0,0,0,0,0,0,0,0,0,0,0,0,0,0,0,0,0,0,0,0,0,0,0,0.0653610925601606,2
"188",-0.0146452518191978,0.544358162544911,0.293886325382112,0.144472119531566,"GF12_A3_d31","357.01 (11/25/12)","C","3.3","GF12","2","C5","6","AM-F0551","AM-R0534","stool","A_1_3","F","no","11","31","","probenecid","10","0","beforepro","beforepro",NA,NA,"no","",1154533,217283,"18.81999042","",NA,NA,NA,NA,NA,"",NA,"","",0,0,0,0,0,0,90.69378,0,0,0,0,0,0,1.49372,0.47864,0,0.74951,0.20231,0.0402,0,0,0,0,0,0,0,0,0,0,0,0,0,0,0,0,0,0,0,0,0,0,0,0,0,0,0,6.14758,0,0,0,0,0,0,0,0.19426,0,0,0,0,0,0,0,0,0,0,0,0,0,0,0,0,0,0,0,0,0,0,0,0,0,0,0,0,0,0,0,0,0,0,0,0,0,0,0,0,0,0,0,0,0,0,0,0,0,0.412916357819973,8
"189",-0.00728398987146247,0.538576905851473,0.300382549182485,0.167724620959693,"GF12_A4_d31","357.01 (11/25/12)","C","1.34","GF12","2","C6","6","AM-F0561","AM-R0535","stool","A_1_4","M","yes",NA,"31","","probenecid","10","0","beforepro","beforepro",NA,NA,"no","",1222470,97113,"7.943998626","",NA,NA,NA,NA,NA,"",NA,"","",0,0,0,0,0,0,100,0,0,0,0,0,0,0,0,0,0,0,0,0,0,0,0,0,0,0,0,0,0,0,0,0,0,0,0,0,0,0,0,0,0,0,0,0,0,0,0,0,0,0,0,0,0,0,0,0,0,0,0,0,0,0,0,0,0,0,0,0,0,0,0,0,0,0,0,0,0,0,0,0,0,0,0,0,0,0,0,0,0,0,0,0,0,0,0,0,0,0,0,0,0,0,0,0,0,1
"190",0.439717793923991,-0.315016669985977,0.0730169854787282,0.0339613315039874,"GF13_B1_d32","308.01 (5/19/12)","D","10","GF13","2","H6","6","AM-F0597","AM-R0595","stool","B_1_1","F","no","11","32","","probenecid","10","0","beforepro","beforepro",NA,NA,"no","",1177879,928840,"78.85699635","",NA,NA,NA,NA,NA,"",NA,"","",0,10.88768,0,85.88678,2.31414,0.9114,0,0,0,0,0,0,0,0,0,0,0,0,0,0,0,0,0,0,0,0,0,0,0,0,0,0,0,0,0,0,0,0,0,0,0,0,0,0,0,0,0,0,0,0,0,0,0,0,0,0,0,0,0,0,0,0,0,0,0,0,0,0,0,0,0,0,0,0,0,0,0,0,0,0,0,0,0,0,0,0,0,0,0,0,0,0,0,0,0,0,0,0,0,0,0,0,0,0,0.502077479340383,4
"191",0.406025431880223,-0.280171704151944,0.0541928440860588,-0.0395079214401289,"GF13_B2_d32","308.01 (5/19/12)","D","14.1","GF13","2","H7","6","AM-F0610","AM-R0596","stool","B_1_2","M","yes",NA,"32","","probenecid","10","0","beforepro","beforepro",NA,NA,"no","",1417925,295331,"20.8283936","",NA,NA,NA,NA,NA,"",NA,"","",0,32.1771,0,60.28888,5.6634,1.87062,0,0,0,0,0,0,0,0,0,0,0,0,0,0,0,0,0,0,0,0,0,0,0,0,0,0,0,0,0,0,0,0,0,0,0,0,0,0,0,0,0,0,0,0,0,0,0,0,0,0,0,0,0,0,0,0,0,0,0,0,0,0,0,0,0,0,0,0,0,0,0,0,0,0,0,0,0,0,0,0,0,0,0,0,0,0,0,0,0,0,0,0,0,0,0,0,0,0,0.90697089463518,4
"192",0.438640930617509,-0.31301892966777,0.0706533882537992,0.0189121939818951,"GF13_B3_d32","308.01 (5/19/12)","D","9.07","GF13","2","H8","6","AM-F0611","AM-R0597","stool","B_1_3","F","yes",NA,"32","","probenecid","10","0","beforepro","beforepro",NA,NA,"no","",1387155,596401,"42.99454639","",NA,NA,NA,NA,NA,"",NA,"","",0,15.45233,0,80.39333,3.56999,0.58436,0,0,0,0,0,0,0,0,0,0,0,0,0,0,0,0,0,0,0,0,0,0,0,0,0,0,0,0,0,0,0,0,0,0,0,0,0,0,0,0,0,0,0,0,0,0,0,0,0,0,0,0,0,0,0,0,0,0,0,0,0,0,0,0,0,0,0,0,0,0,0,0,0,0,0,0,0,0,0,0,0,0,0,0,0,0,0,0,0,0,0,0,0,0,0,0,0,0,0.613031959307075,4
"193",0.439740626162884,-0.31489410571548,0.0727774032687867,0.0324998406888174,"GF13_B4_d32","308.01 (5/19/12)","D","26","GF13","2","H9","6","AM-F0627","AM-R0598","stool","B_1_4","F","yes",NA,"32","","probenecid","10","0","beforepro","beforepro",NA,NA,"no","",1449255,1262680,"87.12614412","",NA,NA,NA,NA,NA,"",NA,"","",0,10.96235,0,85.45056,3.25204,0.27262,0,0,0,0,0,0,0,0,0,0,0,0,0,0,0,0,0,0,0,0,0,0,0,0,0,0.06243,0,0,0,0,0,0,0,0,0,0,0,0,0,0,0,0,0,0,0,0,0,0,0,0,0,0,0,0,0,0,0,0,0,0,0,0,0,0,0,0,0,0,0,0,0,0,0,0,0,0,0,0,0,0,0,0,0,0,0,0,0,0,0,0,0,0,0,0,0,0,0,0,0.508816536771667,5
"194",0.437959094424194,-0.31224797905085,0.0701512194168959,0.0165856685724297,"GF13_B5_d32","308.01 (5/19/12)","D","17.9","GF13","2","H10","6","AM-F0630","AM-R0599","stool","B_1_5","M","yes",NA,"32","","probenecid","10","0","beforepro","beforepro",NA,NA,"no","",1563623,82173,"5.255294914","",NA,NA,NA,NA,NA,"",NA,"","",0,13.72176,0,79.54588,6.73236,0,0,0,0,0,0,0,0,0,0,0,0,0,0,0,0,0,0,0,0,0,0,0,0,0,0,0,0,0,0,0,0,0,0,0,0,0,0,0,0,0,0,0,0,0,0,0,0,0,0,0,0,0,0,0,0,0,0,0,0,0,0,0,0,0,0,0,0,0,0,0,0,0,0,0,0,0,0,0,0,0,0,0,0,0,0,0,0,0,0,0,0,0,0,0,0,0,0,0,0.636225170455454,3
"195",-0.00714673457707776,0.540790044668893,0.300936528842467,0.161100714932331,"GF21_C1_d91_stool","357.01 (11/25/12)","C","0.059","GF21","","A10","UDI plate 02","AM-F0131","AM-R0131","stool","C1","M","yes",NA,"4/20/21","6/16/23","probenecid","10","0","beforepro","beforepro",NA,NA,"no","actually d92",1150800,294270,"25.57090719","",NA,NA,NA,NA,NA,"",NA,"","",0,0,0.1868,0,0,0,98.2256,0,0,0,0,0,0,0,0,0,0,0,0,0,0,0,0,0,0,0,0,0,0,0,0,0,0,0,0,0,0,0,0,0,0,0,0,0,0,0,1.5876,0,0,0,0,0,0,0,0,0,0,0,0,0,0,0,0,0,0,0,0,0,0,0,0,0,0,0,0,0,0,0,0,0,0,0,0,0,0,0,0,0,0,0,0,0,0,0,0,0,0,0,0,0,0,0,0,0,0.0950954910782149,3
"196",-0.0310396282205045,0.322066412107738,0.0515577053483933,-0.233317181943553,"GF21_C2_d91_stool","357.01 (11/25/12)","C","0.831","GF21","","A11","UDI plate 02","AM-F0132","AM-R0132","stool","C2","M","yes",NA,"4/20/21","6/16/23","probenecid","10","0","beforepro","beforepro",NA,NA,"no","actually d92",43227950,294270,"0.680740123","",NA,NA,NA,NA,NA,"",NA,"","",0,0,0.01674,0,0,0,17.02576,0,0,0,0,0,0,0,0,0,0,0,0,0,0,0,0,0,0,0,0,0,0,0,0,0,0,0,0,0,0,0,0,0,0,0,0,0,0,0,82.93094,0,0,0,0,0,0,0,0,0,0,0,0,0,0.02657,0,0,0,0,0,0,0,0,0,0,0,0,0,0,0,0,0,0,0,0,0,0,0,0,0,0,0,0,0,0,0,0,0,0,0,0,0,0,0,0,0,0,0,0.460289671258159,4
"197",-0.0469786997131863,0.187765058876686,-0.0218006756330373,-0.351075959688402,"GF21_C3_d91_stool","357.01 (11/25/12)","C","0.58","GF21","","A12","UDI plate 02","AM-F0133","AM-R0133","stool","C3","M","yes",NA,"4/20/21","6/16/23","probenecid","10","0","beforepro","beforepro",NA,NA,"no","actually d92",1332021,294270,"22.09199405","",NA,NA,NA,NA,NA,"",NA,"","",0,0,0,0,0,0,2.3361,0,0,0,0,0,0,0,0,0,0,0,0,0,0,0,0,0,0,0,0,0,0,0,0,0,0,0,0,0,0,0,0,0,0,0,0,0,0,0,97.6639,0,0,0,0,0,0,0,0,0,0,0,0,0,0,0,0,0,0,0,0,0,0,0,0,0,0,0,0,0,0,0,0,0,0,0,0,0,0,0,0,0,0,0,0,0,0,0,0,0,0,0,0,0,0,0,0,0,0.110845954178529,2
"198",-0.551524259565131,-0.253815069883736,0.107172477877231,0.0131712300199575,"GF24_A6_36_stool","","A","7.536113","GF24","","A10","UDI Plate 06","AM-F0515","AM-R0515","stool","A6","F","yes","","","N/A","probenecid","10","0","beforepro","beforepro",NA,NA,"no","",1919520,138044,"7.191589564","",NA,NA,NA,NA,NA,"",NA,"","",100,0,0,0,0,0,0,0,0,0,0,0,0,0,0,0,0,0,0,0,0,0,0,0,0,0,0,0,0,0,0,0,0,0,0,0,0,0,0,0,0,0,0,0,0,0,0,0,0,0,0,0,0,0,0,0,0,0,0,0,0,0,0,0,0,0,0,0,0,0,0,0,0,0,0,0,0,0,0,0,0,0,0,0,0,0,0,0,0,0,0,0,0,0,0,0,0,0,0,0,0,0,0,0,0,1
"199",-0.551524259565131,-0.253815069883736,0.107172477877231,0.0131712300199575,"GF24_A7_36_stool","","A","1.088498","GF24","","A11","UDI Plate 06","AM-F0516","AM-R0516","stool","A7","M","yes","","","N/A","probenecid","10","0","beforepro","beforepro",NA,NA,"no","",2255279,470686,"20.87041116","",NA,NA,NA,NA,NA,"",NA,"","",100,0,0,0,0,0,0,0,0,0,0,0,0,0,0,0,0,0,0,0,0,0,0,0,0,0,0,0,0,0,0,0,0,0,0,0,0,0,0,0,0,0,0,0,0,0,0,0,0,0,0,0,0,0,0,0,0,0,0,0,0,0,0,0,0,0,0,0,0,0,0,0,0,0,0,0,0,0,0,0,0,0,0,0,0,0,0,0,0,0,0,0,0,0,0,0,0,0,0,0,0,0,0,0,0,1
"200",0.280387485812387,0.251563192261276,0.278677117391239,0.231070438014412,"GF4_C3_d35","40.01 (11/14/09)","B","6.24","GF4","GF4_DNA","A9","5","N712","S621","stool","C3","M","yes",NA,"35","","probenecid","10","0","beforepro","beforepro","E. coli","-4","no","",1666708,321009,"19.26006235","",NA,NA,NA,NA,NA,"",NA,"","",0,0,0,34.2312,0,0,61.70128,0,0,0,0,0,0,0,0,0,0,0,0,0,0,0,0.69316,0,0,0,0,0,0,2.33302,0,0,0,0,0,0,0,0,0,0,0,0,0,0,0,0,0,0,0,0,0,0,1.04135,0,0,0,0,0,0,0,0,0,0,0,0,0,0,0,0,0,0,0,0,0,0,0,0,0,0,0,0,0,0,0,0,0,0,0,0,0,0,0,0,0,0,0,0,0,0,0,0,0,0,0,0.834574509053954,5
"201",0.107772738881203,0.456531857790137,0.267919848219164,0.161608446559953,"GF4_C4_d35","40.01 (11/14/09)","B","1.337","GF4","GF4_DNA","A10","5","N712","S622","stool","C4",NA,"no","15","35","","probenecid","10","0","beforepro","beforepro","E. coli","-4","no","",1117449,451256,"40.38269308","",NA,NA,NA,NA,NA,"",NA,"","",0,0,0,10.7182,0,0,80.5613,0,0,0,0,0,0,0,0,0,0,0.0279,0,0,0,0,0,0,0,0,0,0,0,5.43205,0,0,0,0,0,0,0,0,0,0,0,0,0,0,0,0,0,0,0,0,0,0,3.26055,0,0,0,0,0,0,0,0,0,0,0,0,0,0,0,0,0,0,0,0,0,0,0,0,0,0,0,0,0,0,0,0,0,0,0,0,0,0,0,0,0,0,0,0,0,0,0,0,0,0,0,0.68562508488834,5
"202",0.442072617396253,-0.304570809904779,0.0770635591966747,0.0680327820804606,"GF5_B2_D79","40.01 (11/14/09)","B","0.806","GF5","GF5","E2","9","N823","S526","stool","B_3_2",NA,"yes",NA,"79","","probenecid","10","0","beforepro","beforepro","E. coli","-4","no","",2685794,112766,"4.198609424","",NA,NA,NA,NA,NA,"",NA,"","",0,0,0,100,0,0,0,0,0,0,0,0,0,0,0,0,0,0,0,0,0,0,0,0,0,0,0,0,0,0,0,0,0,0,0,0,0,0,0,0,0,0,0,0,0,0,0,0,0,0,0,0,0,0,0,0,0,0,0,0,0,0,0,0,0,0,0,0,0,0,0,0,0,0,0,0,0,0,0,0,0,0,0,0,0,0,0,0,0,0,0,0,0,0,0,0,0,0,0,0,0,0,0,0,0,1
"203",0.431604607841302,-0.267183742203363,0.0580195249645306,0.062420775677062,"GF5_B3_D79","40.01 (11/14/09)","B","1.23","GF5","GF5","E3","9","N821","S527","stool","B_3_3","M","yes",NA,"79","","probenecid","10","0","beforepro","beforepro","E. coli","-4","no","",2802591,1124112,"40.10974131","",NA,NA,NA,NA,NA,"",NA,"","",0,0,0,89.21966,0,0,2.27953,0,0,0,0,0,0,0,0,0,0,0,0,0,0,0,0,0,0,0,0,0,0,8.38134,0,0,0,0,0,0,0,0,0,0,0,0,0,0,0,0,0,0,0,0,0,0,0.11946,0,0,0,0,0,0,0,0,0,0,0,0,0,0,0,0,0,0,0,0,0,0,0,0,0,0,0,0,0,0,0,0,0,0,0,0,0,0,0,0,0,0,0,0,0,0,0,0,0,0,0,0.403791934687738,4
"204",0.204001078349432,0.252563306096918,0.179530757132855,0.137609178264878,"GF5_B4_D79","40.01 (11/14/09)","B","LOW","GF5","GF5","E4","9","N823","S528","stool","B_3_4",NA,"yes",NA,"79","","probenecid","10","0","beforepro","beforepro","E. coli","-4","no","",1903395,233760,"12.28121331","",NA,NA,NA,NA,NA,"",NA,"","",0,0,0,24.37387,0,0,41.74849,0,0,0,0,0,0,0,0,0,0,5.33023,8.81846,7.03179,0,0,0,0,0,0,0,0,0,3.17884,0,0,0,0,0,0,0,0,0,0,0,0,0,0,0,0,0,0,0,0,0,0,0.42286,0,0,8.86763,0,0,0,0,0,0,0,0,0,0,0,0,0,0,0,0,0,0,0,0,0,0,0,0,0,0,0,0,0,0,0,0.22784,0,0,0,0,0,0,0,0,0,0,0,0,0,0,0,0,1.62728201281169,9
"205",0.227257749168198,0.318409402850221,0.301877452184434,0.231371139027968,"GF5_B5_D79","40.01 (11/14/09)","B","1.49","GF5","GF5","E5","9","N824","S529","stool","B_3_5",NA,"yes",NA,"79","","probenecid","10","0","beforepro","beforepro","E. coli","-4","no","",2856760,98493,"3.447716994","",NA,NA,NA,NA,NA,"",NA,"","",0,0,0,26.6533,0,0,72.91035,0,0,0,0,0,0,0,0,0,0,0,0,0,0,0,0,0,0,0,0,0,0,0,0,0,0,0,0,0,0,0,0,0,0,0,0,0,0,0,0,0,0,0,0,0,0.43635,0,0,0,0,0,0,0,0,0,0,0,0,0,0,0,0,0,0,0,0,0,0,0,0,0,0,0,0,0,0,0,0,0,0,0,0,0,0,0,0,0,0,0,0,0,0,0,0,0,0,0,0.606491194228874,3
"206",0.420532894532159,-0.173067157884601,0.11192137078438,0.121050375929149,"GF5_B6_D79","40.01 (11/14/09)","B","3.503","GF5","GF5","E6","9","N823","S530","stool","B_3_6","F","yes",NA,"79","","probenecid","10","0","beforepro","beforepro","E. coli","-4","no","",3115608,651207,"20.90144203","",NA,NA,NA,NA,NA,"",NA,"","",0,0,0,85.29699,0,0,12.2472,0,0,0,0,0,0,0,0,0,0,1.22051,0.68349,0.04753,0,0,0,0,0,0,0,0,0,0,0,0,0,0,0,0,0,0,0,0,0,0,0,0,0,0,0,0,0,0,0,0,0,0,0.50428,0,0,0,0,0,0,0,0,0,0,0,0,0,0,0,0,0,0,0,0,0,0,0,0,0,0,0,0,0,0,0,0,0,0,0,0,0,0,0,0,0,0,0,0,0,0,0,0,0,0.510987780364013,6
"207",-0.00502522430451111,0.53888935397816,0.282334710810896,0.163900213385929,"GF5_B7_D79","40.01 (11/14/09)","B","3.975","GF5","GF5","E7","9","N819","S531","stool","B_3_7","F","yes",NA,"79","","probenecid","10","0","beforepro","beforepro","E. coli","-4","no","",2411776,581723,"24.120109","",NA,NA,NA,NA,NA,"",NA,"","",0,0,0,0.23647,0,0,94.79631,0,0,0,0,0,0,0,0,0,0,0.84457,0.74744,0.13252,0,0,0,0,0,0,0,0,0,2.43077,0,0,0,0,0,0,0,0,0,0,0,0,0,0,0,0,0,0,0,0,0,0,0.14619,0,0.66574,0,0,0,0,0,0,0,0,0,0,0,0,0,0,0,0,0,0,0,0,0,0,0,0,0,0,0,0,0,0,0,0,0,0,0,0,0,0,0,0,0,0,0,0,0,0,0,0,0,0.283918016065556,8
"208",-0.0479535535589748,-0.401927766805515,0.114346293667359,0.131871092247209,"GF5_C1_D46","40.01 (11/14/09)","B","6.409","GF5","GF5","A7","9","N820","S531","stool","C_1_1","M","yes",NA,"46","","probenecid","10","0","beforepro","beforepro",NA,NA,"no","",1595638,989823,"62.03305512","",NA,NA,NA,NA,NA,"",NA,"","",44.24458,0.08641,0,44.61729,0,0,0.8027,0,0,0,0,0,0,0,0,0,0,2.13675,3.73653,1.82155,2.09992,0,0,0,0,0,0,0,0,0,0,0,0,0,0,0,0,0,0,0,0,0,0,0,0,0,0,0,0,0,0,0,0.02131,0,0,0.43297,0,0,0,0,0,0,0,0,0,0,0,0,0,0,0,0,0,0,0,0,0,0,0,0,0,0,0,0,0,0,0,0,0,0,0,0,0,0,0,0,0,0,0,0,0,0,0,0,1.15014455599821,10
"209",0.0491161511498976,-0.396966257992181,0.113909495313697,0.126357031505288,"GF5_C2_D46","40.01 (11/14/09)","B","16.503","GF5","GF5","A8","9","N717","S532","stool","C_1_2",NA,"no","10.66","46","","probenecid","10","0","beforepro","beforepro",NA,NA,"no","",1229822,499352,"40.60359955","",NA,NA,NA,NA,NA,"",NA,"","",34.61725,1.01051,0,53.5664,0,0,1.69315,0,0,0,0,0,0,0,0,0,0,1.132,0.26646,0.93673,3.63109,0,0,0,0,0,0,0,0,0,0,0,0,0,0,0,0,0,0,0,0,0,0,0,0,0,0,0,0,0,0,0,0.74889,0,2.39752,0,0,0,0,0,0,0,0,0,0,0,0,0,0,0,0,0,0,0,0,0,0,0,0,0,0,0,0,0,0,0,0,0,0,0,0,0,0,0,0,0,0,0,0,0,0,0,0,0,1.17386413557321,10
"210",0.385328236874255,-0.196757410980584,-0.0302616049160295,0.0412560029245845,"GF5_C3_D46","40.01 (11/14/09)","B","0.303","GF5","GF5","A9","9","N818","S533","stool","C_1_3","M","yes",NA,"46","","probenecid","10","0","beforepro","beforepro",NA,NA,"no","",2421643,1312358,"54.19287649","",NA,NA,NA,NA,NA,"",NA,"","",0,0,0,59.71328,0,0,1.68984,0,0,0,0,0,0,0,0.01991,3.86471,0,0,0,0,0,0,0,0,0,0,0,0,0,33.40862,0,0,0,0,0,0,0,0,0,0,0,0,0,0,0,0,0,0,0,0,0,0,1.30364,0,0,0,0,0,0,0,0,0,0,0,0,0,0,0,0,0,0,0,0,0,0,0,0,0,0,0,0,0,0,0,0,0,0,0,0,0,0,0,0,0,0,0,0,0,0,0,0,0,0,0,0.927127846776,6
"211",-0.0266280303722015,0.316643686373008,-0.38210068350247,0.118541624989237,"GF5_C4_D46","40.01 (11/14/09)","B","2.89","GF5","GF5","A10","9","N819","S534","stool","C_1_4","F","yes",NA,"46","","probenecid","10","0","beforepro","beforepro",NA,NA,"no","",1451993,768489,"52.92649482","",NA,NA,NA,NA,NA,"",NA,"","",0,0.07273,0,0,0,0,15.64176,0,0,0,0,0,0,0,0,36.28977,0,0,0,0,0,0,0,0,0,0,0,0,0,47.22711,0,0,0,0,0,0,0,0,0,0,0,0,0,0,0,0,0,0,0,0,0,0,0.76863,0,0,0,0,0,0,0,0,0,0,0,0,0,0,0,0,0,0,0,0,0,0,0,0,0,0,0,0,0,0,0,0,0,0,0,0,0,0,0,0,0,0,0,0,0,0,0,0,0,0,0,1.0550092417718,5
"212",0.437818937173357,-0.274993702275988,0.0544922450733703,0.054401299061097,"GF5_C6_D46","40.01 (11/14/09)","B","3.896","GF5","GF5","A11","9","N701","S535","stool","C_1_6",NA,"no","11","46","","probenecid","10","0","beforepro","beforepro",NA,NA,"no","",1006198,220566,"21.92073528","",NA,NA,NA,NA,NA,"",NA,"","",0.18516,0,0,87.83207,0,0,0.80604,0,0,0,0,0,0,0,0,0,0,0,0,0,0,0,0,0,0,0,0,0,0,9.52854,0,0,0,0,0,0,0,0,0,0,0,0,0,0,0,0,0,0,0,0,0,0,1.64819,0,0,0,0,0,0,0,0,0,0,0,0,0,0,0,0,0,0,0,0,0,0,0,0,0,0,0,0,0,0,0,0,0,0,0,0,0,0,0,0,0,0,0,0,0,0,0,0,0,0,0,0.456134358651012,5
"213",-0.0246305008689142,0.527538386534318,-0.155460072910406,0.346515698279411,"GF6_A1_D87","40.01 (11/14/09)","B","0.729","GF6","GF6","A2","1","N701","S502","stool","A_3_1","M","no","11.33","87","","probenecid","10","0","beforepro","beforepro","E. coli","-4","no","",1223735,167068,"13.65230217","",NA,NA,NA,NA,NA,"",NA,"","",0,0,0,0,0,0,58.26728,0,0,0,0,0,0,0,0,41.73272,0,0,0,0,0,0,0,0,0,0,0,0,0,0,0,0,0,0,0,0,0,0,0,0,0,0,0,0,0,0,0,0,0,0,0,0,0,0,0,0,0,0,0,0,0,0,0,0,0,0,0,0,0,0,0,0,0,0,0,0,0,0,0,0,0,0,0,0,0,0,0,0,0,0,0,0,0,0,0,0,0,0,0,0,0,0,0,0,0.679414619714524,2
"214",0.0764978536899179,0.139185846524433,-0.124679101990442,-0.168375759682027,"GF6_A2_D87","40.01 (11/14/09)","B","4.399","GF6","GF6","D12","1","N701","S512","stool","A_3_2","F","yes",NA,"87","","probenecid","10","0","beforepro","beforepro","E. coli","-4","no","",4172892,788375,"18.89277269","",NA,NA,NA,NA,NA,"",NA,"","",0,0,0,9.42683,0,0,3.92079,0,0,0,0,0,0,0,1.70623,3.02525,0,1.70905,7.06075,2.08002,0,0,0,0,0,0,0,0,0,58.35519,0,0,0,0,0,0,0,0,0,0,0,0,0,0,0,0,0,0,0,0,0,0,12.59974,0,0.11616,0,0,0,0,0,0,0,0,0,0,0,0,0,0,0,0,0,0,0,0,0,0,0,0,0,0,0,0,0,0,0,0,0,0,0,0,0,0,0,0,0,0,0,0,0,0,0,0,0,1.44532211826047,10
"215",0.125864097968916,0.0549767963502356,-0.546363974279944,0.210087244603751,"GF6_A3_D87","40.01 (11/14/09)","B","0.829","GF6","GF6","D11","1","N707","S611","stool","A_3_3",NA,"no","11","87","","probenecid","10","0","beforepro","beforepro","E. coli","-4","no","",979930,311955,"31.83441674","",NA,NA,NA,NA,NA,"",NA,"","",0,0,0,18.72754,0,0,0,0,0,0,0,0,0,0,0,81.27246,0,0,0,0,0,0,0,0,0,0,0,0,0,0,0,0,0,0,0,0,0,0,0,0,0,0,0,0,0,0,0,0,0,0,0,0,0,0,0,0,0,0,0,0,0,0,0,0,0,0,0,0,0,0,0,0,0,0,0,0,0,0,0,0,0,0,0,0,0,0,0,0,0,0,0,0,0,0,0,0,0,0,0,0,0,0,0,0,0.482248060256874,2
"216",-0.0146019327335504,0.31386859985304,-0.485555093777169,0.152558867654175,"GF6_A5_D51","40.01 (11/14/09)","B","0.874","GF6","GF6","A8","1","N702","S508","stool","A_1_5","F","no","11","51","","probenecid","10","0","beforepro","beforepro",NA,NA,"no","",2058896,90402,"4.39079973","",NA,NA,NA,NA,NA,"",NA,"","",0,0,0,0,0,0,16.97531,0,0,0,0,0,0,0,0,70.99427,0,0,0,0,0,0,12.03042,0,0,0,0,0,0,0,0,0,0,0,0,0,0,0,0,0,0,0,0,0,0,0,0,0,0,0,0,0,0,0,0,0,0,0,0,0,0,0,0,0,0,0,0,0,0,0,0,0,0,0,0,0,0,0,0,0,0,0,0,0,0,0,0,0,0,0,0,0,0,0,0,0,0,0,0,0,0,0,0,0,0.799019703213203,3
"217",-0.045946017235374,0.188893937349022,-0.632121915805797,0.152704114190876,"GF6_A5_D87","40.01 (11/14/09)","B","9.554","GF6","GF6","D10","1","N702","S610","stool","A_3_5","F","yes",NA,"87","","probenecid","10","0","beforepro","beforepro","E. coli","-4","no","",11659328,131842,"1.130785582","",NA,NA,NA,NA,NA,"",NA,"","",0,0,0,0,0,0,0,0,0,0,0,0,0,0,0,87.04283,0,0,0,0,0,0,0,0,0,0,0,0,0,6.47721,0,0,0,0,0,0,0,0,0,0,0,0,0,0,0,0,0,0,0,0,0,0,0,0,0,0,0,0,0,0,0,0,0,0,0,0,0,0,0,0,0,0,0,0,0,0,0,0,0,0,0,0,0,0,0,0,0,6.47996,0,0,0,0,0,0,0,0,0,0,0,0,0,0,0,0,0.475383969541779,3
"218",0.03772295369638,0.176426635023804,-0.534878718061205,0.184883513359797,"GF6_A6_D87","40.01 (11/14/09)","B","1.662","GF6","GF6","H4","1","N702","S504","stool","A_3_6","F","yes",NA,"87","","probenecid","10","0","beforepro","beforepro","E. coli","-4","no","",3686826,285551,"7.745171592","",NA,NA,NA,NA,NA,"",NA,"","",0,0,0,9.36501,0,0,6.50929,0,0,0,0,0,0,0,0,84.1257,0,0,0,0,0,0,0,0,0,0,0,0,0,0,0,0,0,0,0,0,0,0,0,0,0,0,0,0,0,0,0,0,0,0,0,0,0,0,0,0,0,0,0,0,0,0,0,0,0,0,0,0,0,0,0,0,0,0,0,0,0,0,0,0,0,0,0,0,0,0,0,0,0,0,0,0,0,0,0,0,0,0,0,0,0,0,0,0,0.545029161425333,3
"219",0.235377630595507,-0.048948691827616,-0.476664852664586,0.255885209222893,"GF6_A7_D87","40.01 (11/14/09)","B","4.788","GF6","GF6","E1","1","N702","S501","stool","A_3_7",NA,"yes",NA,"87","","probenecid","10","0","beforepro","beforepro","E. coli","-5","no","",2371760,92471,"3.898834621","",NA,NA,NA,NA,NA,"",NA,"","",0,0,0,33.74802,0,0,0,0,0,0,0,0,0,0,0,66.25198,0,0,0,0,0,0,0,0,0,0,0,0,0,0,0,0,0,0,0,0,0,0,0,0,0,0,0,0,0,0,0,0,0,0,0,0,0,0,0,0,0,0,0,0,0,0,0,0,0,0,0,0,0,0,0,0,0,0,0,0,0,0,0,0,0,0,0,0,0,0,0,0,0,0,0,0,0,0,0,0,0,0,0,0,0,0,0,0,0.639349944582511,2
"220",0.406212631169532,-0.20198421043706,-0.0599208750085676,0.152780900005408,"GF6_A8_D51","40.01 (11/14/09)","B","1.153","GF6","GF6","A7","1","N707","S507","stool","A_1_8","F","yes",NA,"51","","probenecid","10","0","beforepro","beforepro",NA,NA,"no","",2223708,257036,"11.55889172","",NA,NA,NA,NA,NA,"",NA,"","",0,0,0,79.89322,0,0,5.99787,0,0,0,0,0,0,0,0,12.40735,0,0,0,0,0,0,0,0,0,0,0,0,0,0,0,0,0,0,0,0,0,0,0,0,0,0,0,0,0,0,0,0,0,0,0,0,1.70156,0,0,0,0,0,0,0,0,0,0,0,0,0,0,0,0,0,0,0,0,0,0,0,0,0,0,0,0,0,0,0,0,0,0,0,0,0,0,0,0,0,0,0,0,0,0,0,0,0,0,0,0.676351485593315,4
"221",-0.525892267793964,-0.215977193937018,0.0953343067295666,0.0199115744942378,"GF7_B1_D30","37.02 (11/5/2009)","A","3.034","GF7","GF7","A4","2","N701","S616","stool","B1","M","yes",NA,"30","","probenecid","10","0","beforepro","beforepro","E. coli","-4","no","",2038032,469929,"23.05797946","",NA,NA,NA,NA,NA,"",NA,"","",89.92398,2.04693,0,0.83743,0,0,3.38503,0,0,0,0,0,0,1.86885,0,0,0.05326,0.99348,0.89105,0,0,0,0,0,0,0,0,0,0,0,0,0,0,0,0,0,0,0,0,0,0,0,0,0,0,0,0,0,0,0,0,0,0,0,0,0,0,0,0,0,0,0,0,0,0,0,0,0,0,0,0,0,0,0,0,0,0,0,0,0,0,0,0,0,0,0,0,0,0,0,0,0,0,0,0,0,0,0,0,0,0,0,0,0,0.49603796744956,8
"222",-0.54723309614597,-0.242596454947721,0.101118351888348,0.0159832983607325,"GF7_B2_D30","37.02 (11/5/2009)","A","0.885","GF7","GF7","A5","2","N701","S617","stool","B2","M","yes",NA,"30","","probenecid","10","0","beforepro","beforepro","E. coli","-4","no","",1901290,723042,"38.0290224","",NA,NA,NA,NA,NA,"",NA,"","",97.95659,0,0,0,0,0,0.82848,0,0,0,0,0,0,0.43847,0,0,0.04643,0.73003,0,0,0,0,0,0,0,0,0,0,0,0,0,0,0,0,0,0,0,0,0,0,0,0,0,0,0,0,0,0,0,0,0,0,0,0,0,0,0,0,0,0,0,0,0,0,0,0,0,0,0,0,0,0,0,0,0,0,0,0,0,0,0,0,0,0,0,0,0,0,0,0,0,0,0,0,0,0,0,0,0,0,0,0,0,0,0.123222806656931,5
"223",-0.475213408927653,-0.201334972889984,0.0664595693788098,0.00372784805934792,"GF7_B3_D30","37.02 (11/5/2009)","A","8.837","GF7","GF7","A6","2","N701","S618","stool","B3",NA,"no - trauma","22","30","","probenecid","10","0","beforepro","beforepro","E. coli","-4","no","",1807360,376497,"20.83132303","",NA,NA,NA,NA,NA,"",NA,"","",57.24047,0.67521,0,0,0,0,1.04946,0,0,0,0,0,0,0.33328,0,0,0,0.5729,0.1448,0.01264,0,0,0,39.97125,0,0,0,0,0,0,0,0,0,0,0,0,0,0,0,0,0,0,0,0,0,0,0,0,0,0,0,0,0,0,0,0,0,0,0,0,0,0,0,0,0,0,0,0,0,0,0,0,0,0,0,0,0,0,0,0,0,0,0,0,0,0,0,0,0,0,0,0,0,0,0,0,0,0,0,0,0,0,0,0,0.8266445383302,8
"224",-0.513655343967846,-0.189520833679228,0.0722277549147811,0.0184917996562327,"GF7_B5_D30","37.02 (11/5/2009)","A","5.168","GF7","GF7","A7","2","N701","S519","stool","B5","M","yes",NA,"30","","probenecid","10","0","beforepro","beforepro","E. coli","-4","no","",1944310,423772,"21.79549557","",NA,NA,NA,NA,NA,"",NA,"","",72.39571,0,0,0.40044,0,0,3.34235,0,0,0,0,0,0,2.40944,0,0,1.36911,2.13624,3.1934,2.25063,0,0,0,12.14214,0,0,0,0.36055,0,0,0,0,0,0,0,0,0,0,0,0,0,0,0,0,0,0,0,0,0,0,0,0,0,0,0,0,0,0,0,0,0,0,0,0,0,0,0,0,0,0,0,0,0,0,0,0,0,0,0,0,0,0,0,0,0,0,0,0,0,0,0,0,0,0,0,0,0,0,0,0,0,0,0,0,1.07190060774032,10
"225",0.44289267425604,-0.285712889899451,0.0547982226716147,-0.0385252932418937,"GF20_d161_b2","40.01 (11/14/09)","B","2.858","GF20","","C08","3","AM-F0249","AM-R0249","stool","b2","F","yes",NA,"161","","vancomycin/probenecid","10","0","beforevanc","beforevanc",NA,NA,"no","",3156060,1618663,"51.28745968","",NA,NA,NA,NA,NA,"",NA,"","",0,0,0,81.72426,0,0,0.13114,0,0,0,0,0,0,0,0,0,0,0,0,0,0,0,16.69448,0,0,0,0,0,0,0,0,1.41897,0,0,0,0,0,0,0,0,0,0,0,0,0,0,0,0,0,0,0,0,0.03116,0,0,0,0,0,0,0,0,0,0,0,0,0,0,0,0,0,0,0,0,0,0,0,0,0,0,0,0,0,0,0,0,0,0,0,0,0,0,0,0,0,0,0,0,0,0,0,0,0,0,0,0.535381600038051,5
"226",0.43767280356598,-0.274366395825805,0.0529709834712831,-0.0308444947151849,"GF20_d161_b4","40.01 (11/14/09)","B","6.186","GF20","","C09","3","AM-F0250","AM-R0250","stool","b4","F","yes",NA,"161","","vancomycin/probenecid","10","0","beforevanc","beforevanc",NA,NA,"no","",4354710,2206869,"50.67774892","",NA,NA,NA,NA,NA,"",NA,"","",0,0,0,81.69693,0,0,0.85692,0,0,0,0,0,0,0,0,0,0,0.23284,0,0,0,0,14.35874,0.05157,0,0,0,0,0,0,0,1.68249,0,0,0,0,0,0,0,0,0,0,0,0,0,0,0,0,0,0,0,0,1.12052,0,0,0,0,0,0,0,0,0,0,0,0,0,0,0,0,0,0,0,0,0,0,0,0,0,0,0,0,0,0,0,0,0,0,0,0,0,0,0,0,0,0,0,0,0,0,0,0,0,0,0,0.621689989378504,7
"227",0.446523838094923,-0.297241570144887,0.0656313701513026,0.0146986791566409,"GF20_d161_b6","40.01 (11/14/09)","B","8.07","GF20","","E07","3","AM-F0272","AM-R0272","stool","b6","M","yes",NA,"161","","vancomycin/probenecid","10","0","beforevanc","beforevanc",NA,NA,"no","",1730705,1175620,"67.92723197","",1730705,1175620,67.93,NA,NA,"",NA,"","",0,0,0,91.24548,0,0,0,0,0,0,0,0,0,0,0,0,0,0,0,0,0,0,8.70335,0,0,0,0,0,0,0,0,0,0,0,0,0,0,0,0,0,0,0,0,0,0,0,0,0,0,0,0,0,0.05118,0,0,0,0,0,0,0,0,0,0,0,0,0,0,0,0,0,0,0,0,0,0,0,0,0,0,0,0,0,0,0,0,0,0,0,0,0,0,0,0,0,0,0,0,0,0,0,0,0,0,0,0.299963396239922,3
"228",0.379568301569416,-0.211950425032501,-0.249530780760351,0.193518249553721,"GF20_d161_b8","40.01 (11/14/09)","B","8.62","GF20","","E08","3","AM-F0273","AM-R0273","stool","b8","M","yes",NA,"161","","vancomycin/probenecid","10","0","beforevanc","beforevanc",NA,NA,"no","",3280221,1994382,"60.80023267","",NA,NA,NA,NA,NA,"",NA,"","",0,0,0,65.04954,0,0,0.36998,0,0,0,0,0,0,0,0,29.27323,0,0,0,0,0,0,5.13395,0,0,0,0,0,0,0,0,0.10561,0,0,0,0,0,0,0,0,0,0,0,0,0,0,0,0,0,0,0,0,0.06769,0,0,0,0,0,0,0,0,0,0,0,0,0,0,0,0,0,0,0,0,0,0,0,0,0,0,0,0,0,0,0,0,0,0,0,0,0,0,0,0,0,0,0,0,0,0,0,0,0,0,0,0.824684091226543,6
"229",0.0160544922745305,0.521024352306019,0.289420269484848,0.156165727785819,"GF20_d33_a3","40.01 (11/14/09)","B","2.51","GF20","","E05","3","AM-F0270","AM-R0270","stool","a3","M","yes",NA,"33","","vancomycin/probenecid","10","0","beforevanc","beforevanc",NA,NA,"no","",2407647,1665895,"69.1918292","",NA,NA,NA,NA,NA,"",NA,"","",0,0,0,2.21241,0,0,90.46654,0,0,0,0,0,0,0,0,0,0,0.75657,0.01854,0,0,0,0,0,0,0,0,0,0,0,0,0,0,0,0,0,0,0,0,0,0,0,0,0,0,0,0,0,0,0,0,0,1.27753,0,0,5.26841,0,0,0,0,0,0,0,0,0,0,0,0,0,0,0,0,0,0,0,0,0,0,0,0,0,0,0,0,0,0,0,0,0,0,0,0,0,0,0,0,0,0,0,0,0,0,0,0,0.424276400854197,6
"230",0.0017379570459916,0.126431745652744,-0.0862866756347526,-0.465745677890684,"GF20_d33_a4","40.01 (11/14/09)","B","2.64","GF20","","E04","3","AM-F0269","AM-R0269","stool","a4","M","yes",NA,"33","","vancomycin/probenecid","10","0","beforevanc","beforevanc",NA,NA,"no","",1063752,760218,"71.46571757","",NA,NA,NA,NA,NA,"",NA,"","",0,0,0,0,0,0,2.29877,0,0,0,0,0,0,0,0,0,0,0.67582,0.17187,0,0,0,79.44051,0,0,0,0,0,0,0,0,8.37135,0,0,0,0,0,0,0,0,0,0,0,0,0,0,0,0,0,0,0,0,1.38273,0,0,7.65896,0,0,0,0,0,0,0,0,0,0,0,0,0,0,0,0,0,0,0,0,0,0,0,0,0,0,0,0,0,0,0,0,0,0,0,0,0,0,0,0,0,0,0,0,0,0,0,0,0.777898468225078,7
"231",0.431153911947293,-0.279268126864985,0.0708878607995697,0.0612303308180094,"GF20_d33_a5","40.01 (11/14/09)","B","1.68","GF20","","E03","3","AM-F0268","AM-R0268","stool","a5","F","yes",NA,"33","","vancomycin/probenecid","10","0","beforevanc","beforevanc",NA,NA,"no","",6499487,5115575,"78.70736567","",NA,NA,NA,NA,NA,"",NA,"","",0,0,0,95.34382,0,0,1.5821,0,0,0,0,0,0,0,0,0,0,0.75216,0.07427,0,0,0,0,0,0,0,0,0,0,0,0,0,0,0,0,0,0,0,0,0,0,0,0,0,0,0,0,0,0,0,0,0,1.64774,0,0,0.59991,0,0,0,0,0,0,0,0,0,0,0,0,0,0,0,0,0,0,0,0,0,0,0,0,0,0,0,0,0,0,0,0,0,0,0,0,0,0,0,0,0,0,0,0,0,0,0,0,0.251537410683819,6
"232",0.0149862368888751,0.524148142382143,0.289413602535623,0.160179251347064,"Gn3_B5_Stool","","B","","gnoto3","","","","","","stool","B5","M","yes",NA,"","","vancomycin/probenecid","10","0","beforevanc","beforevanc",NA,NA,"no","",2467656,1526607,"61.86466023","",NA,NA,NA,NA,NA,"",NA,"","",0,0,0,1.98769,0,0,96.26949,0,0,0,0,0,0,0,0,0.39199,0,0.07507,0,0,0,0,0.36567,0,0,0,0,0,0,0.04976,0,0,0,0,0,0,0,0,0,0,0,0,0,0,0,0,0,0,0,0,0,0,0.86034,0,0,0,0,0,0,0,0,0,0,0,0,0,0,0,0,0,0,0,0,0,0,0,0,0,0,0,0,0,0,0,0,0,0,0,0,0,0,0,0,0,0,0,0,0,0,0,0,0,0,0,0.206823285632402,7
"233",-0.0454412870982289,0.276975814042048,-0.54197961094998,0.191693931880524,"Gn3_B6_Stool","","B","","gnoto3","","","","","","stool","B6","F","yes",NA,"","","vancomycin/probenecid","10","0","beforevanc","beforevanc",NA,NA,"no","",2658862,1300976,"48.92980531","",NA,NA,NA,NA,NA,"",NA,"","",0,0.17081,0,0,0,0,10.83665,0,0,0,0,0,0,0,0,87.97477,0,0,0,0,0,0,0,0,0,0,0,0,0,0,0,0,0,0,0,0,0,0,0,0,0,0,0,0,0,0,0,0,0,0,0,0,1.01777,0,0,0,0,0,0,0,0,0,0,0,0,0,0,0,0,0,0,0,0,0,0,0,0,0,0,0,0,0,0,0,0,0,0,0,0,0,0,0,0,0,0,0,0,0,0,0,0,0,0,0,0.411104768470727,4
"234",-0.454808461269153,-0.0912969448530857,0.0667270610655103,0.0200125383228053,"GF1_INOC_GF1","37.02 (11/5/2009)","A","2.13","GF1","GF2_2","D9","6","N712","S533","INOC","INOC","INOC","INOC","INOC","INOC","","INOC","INOC","INOC","INOC","INOC","INOC","INOC","INOC","",5458543,4155816,"76.13416254","",NA,NA,NA,NA,NA,"",NA,"","",54.90441,0.47167,0,0.14156,0,0,8.95423,0,0,0,0,0,0,4.52963,8.2785,0.17194,4.33475,3.41741,2.29921,0.00543,11.39934,0.44602,0.05649,0,0,0,0.05614,0.03714,0,0,0,0.01257,0,0,0,0,0,0,0,0,0,0,0,0,0,0.35091,0.07161,0.06103,0,0,0,0,0,0,0,0,0,0,0,0,0,0,0,0,0,0,0,0,0,0,0,0,0,0,0,0,0,0,0,0,0,0,0,0,0,0,0,0,0,0,0,0,0,0,0,0,0,0,0,0,0,0,0,0,1.58961074556391,20
"235",-0.0116391619864102,0.529107377829446,0.255820382808632,0.00854167918194106,"GF12_Inoc","357.01 (11/25/12)","C","LOW","GF12","2","B11","6","N707","AM-R0528","INOC","INOC","INOC","INOC","INOC","INOC","","INOC","INOC","INOC","INOC","INOC","INOC","INOC","INOC","",1107053,898363,"81.14905068","",NA,NA,NA,NA,NA,"",NA,"","",0,0,0,0,0,0,59.98855,0,0,0,0,0,0,0,0,0,0,0,0,0,0,0,0,0,0,0,0,0,0,0,0,0,0,0,0,0,0,0,0,0,0,0,0,0,0,0,39.874,0,0,0,0,0,0,0,0,0,0,0,0,0,0.13745,0,0,0,0,0,0,0,0,0,0,0,0,0,0,0,0,0,0,0,0,0,0,0,0,0,0,0,0,0,0,0,0,0,0,0,0,0,0,0,0,0,0,0,0.682228648526876,3
"236",0.191615847397193,-0.0272442083239136,0.00511931053690691,-0.184329870767449,"GF13_inoc_200118","308.01 (5/19/12)","D","2.444","GF13","201004","D03","5","AM-F0648","AM-R0448","INOC","INOC","INOC","INOC","INOC","INOC","","INOC","INOC","INOC","INOC","INOC","INOC","INOC","INOC","",2424655,2012819,"83.01465569","",NA,NA,NA,NA,NA,"",NA,"","",0,0.17872,0,21.85085,0.04244,0,0,0,0,0,0,0,0,0,0,0,0,0,0,0,0,0,4.82966,0,0,0,0,0,0,0,0,1.18391,0,0,0,0,0,0,0,0,0,0,0,0,0,0,19.77758,0,0,0,0,0,0,0,0,0,0,0,0,0,0,46.82201,5.19493,0.11991,0,0,0,0,0,0,0,0,0,0,0,0,0,0,0,0,0,0,0,0,0,0,0,0,0,0,0,0,0,0,0,0,0,0,0,0,0,0,0,0,1.38333714877345,9
"237",-0.495556702155198,-0.133140011058194,0.0807840613301329,0.02878457680109,"GF14_INOC","37.02 (11/5/2009)","A","4.12","GF14","4","B5","8","AM-F0714","AM-R0714","INOC","INOC","INOC","INOC","INOC","INOC","","INOC","INOC","INOC","INOC","INOC","INOC","INOC","INOC","",1140344,1017499,"89.22737349","",NA,NA,NA,NA,NA,"",NA,"","",65.94059,0.14363,0,0,0,0,7.39196,0,0,0,0,0,0,1.89671,3.26463,0.34506,6.1927,2.27819,0.73683,0,11.2748,0.26793,0,0,0,0,0.07584,0,0,0,0,0,0,0,0,0,0,0,0,0,0,0,0,0,0,0.19114,0,0,0,0,0,0,0,0,0,0,0,0,0,0,0,0,0,0,0,0,0,0,0,0,0,0,0,0,0,0,0,0,0,0,0,0,0,0,0,0,0,0,0,0,0,0,0,0,0,0,0,0,0,0,0,0,0,0,1.25698913676219,13
"238",0.0402544862453005,0.319532995693799,0.0867510512293294,-0.0521300727295138,"GF2_Inoc","40.01 (11/14/09)","B","5","GF2","Anna's plate 4","D9","4","","S509","INOC","INOC","INOC","INOC","INOC","INOC","","INOC","INOC","INOC","INOC","INOC","INOC","INOC","INOC","",5390598,4622499,"85.75113559","",NA,NA,NA,NA,NA,"",NA,"","",0,0,0,4.32334,0,0,26.28913,0,0,0,0,0,0,0,2.16302,0,0,0,1.19901,0,0.65756,0,1.73451,0,0,0,16.52881,10.3351,0,0,0,0,0,0,0,0,0,0,0,0,0,0,0,0,0,0,0,0,0,0,0,25.18653,10.09414,0,0,0.07986,0.22163,0.09795,0.00862,0,0,0.46193,0,0,0,0,0,0.05124,0.46263,0,0,0,0,0,0,0,0,0,0,0,0,0,0,0,0,0,0,0.0707,0.03431,0,0,0,0,0,0,0,0,0,0,0,0,0,0,0,1.92551451407491,19
"239",0.0287794454606139,0.373054600616139,0.135689639648207,0.00414557175983143,"GF20_d0_inoc","40.01 (11/14/09)","B","1.61","GF20","","E06","3","AM-F0271","AM-R0271","INOC","INOC","INOC","INOC","INOC","INOC","","INOC","INOC","INOC","INOC","INOC","INOC","INOC","INOC","",1641279,1329997,"81.03418127","",1641279,1329997,81.03,NA,NA,"",NA,"","",0,0,0,3.15082,0,0,34.77182,0,0,0,0,0,0,0,1.11819,0,0,0,0.45899,0,0.25901,0,1.3836,0,0,0,13.35631,8.00946,0,0,0,0,0,0,0,0,0,0,0,0,0,0,0,0,0,0,0,0,0,0,0,28.37885,6.23767,0,0,0,0.03097,0,0,0,0,0.37415,0,0,0,0,0,1.89764,0.57253,0,0,0,0,0,0,0,0,0,0,0,0,0,0,0,0,0,0,0,0,0,0,0,0,0,0,0,0,0,0,0,0,0,0,0,1.75566410695823,14
"240",-0.0108076567414362,0.53540513628787,0.264516598358266,0.022692550658599,"GF21_d0_INOC_INOC","357.01 (11/25/12)","C","0.399","GF21","","F09","UDI plate 01","AM-F0094","AM-R0094","INOC","INOC","INOC","INOC","INOC","INOC","6/12/23","INOC","INOC","INOC","INOC","INOC","INOC","INOC","INOC","",1157824,1009298,"87.17197087","",NA,NA,NA,NA,NA,"",NA,"","",0,0,0.26321,0,0,0,63.10216,0,0,0,0,0,0,0,0,0,0,0,0,0,0,0,0,0,0,0,0,0,0,0,0,0,0,0,0,0,0,0,0,0,0,0,0,0,0,0,36.26329,0,0,0,0,0,0,0,0,0,0,0,0,0,0.37134,0,0,0,0,0,0,0,0,0,0,0,0,0,0,0,0,0,0,0,0,0,0,0,0,0,0,0,0,0,0,0,0,0,0,0,0,0,0,0,0,0,0,0,0.694787851951015,4
"241",-0.498303433780124,-0.145362511789234,0.080651099980384,0.0238614717764501,"GF24_Inoc_0","","A","6.0716","GF24","","C01","UDI Plate 06","AM-F0530","AM-R0530","INOC","INOC","INOC","INOC","INOC","INOC","N/A","INOC","INOC","INOC","INOC","INOC","INOC","INOC","INOC","",1657976,1475939,"89.02052864","",NA,NA,NA,NA,NA,"",NA,"","",68.29492,2.08031,0,0.13668,0,0,7.01883,0,0,0,0,0,0,2.70375,3.73174,0.24734,2.21149,3.0071,0.85446,0,9.03552,0.2995,0.0503,0,0,0,0.04989,0,0,0,0,0,0,0,0,0,0,0,0,0,0,0,0,0,0,0.27815,0,0,0,0,0,0,0,0,0,0,0,0,0,0,0,0,0,0,0,0,0,0,0,0,0,0,0,0,0,0,0,0,0,0,0,0,0,0,0,0,0,0,0,0,0,0,0,0,0,0,0,0,0,0,0,0,0,0,1.26060518344438,15
"242",0.207632783280685,-0.0395780511254462,0.0129297469181319,-0.179275882204025,"GF26_Inoc","","D","0.94","GF26","","C04","UDI Plate 06","AM-F0533","AM-R0533","INOC","INOC","INOC","INOC","INOC","INOC",NA,"INOC","INOC","INOC","INOC","INOC","INOC","INOC","INOC","",10240858,8623834,"65.14231533","",NA,NA,NA,NA,NA,"",NA,"","",0,0.48363,0,24.07854,0.08488,0,0,0,0,0,0,0,0,0,0,0,0,0,0,0,0,0,5.25136,0,0,0,0,0,0,0,0,0,0,0,0,0,0,0,0,0,0,0,0,0,0,0,23.29205,0,0,0,0,0,0,0,0,0,0,0,0,0,0,42.98098,3.31692,0.51165,0,0,0,0,0,0,0,0,0,0,0,0,0,0,0,0,0,0,0,0,0,0,0,0,0,0,0,0,0,0,0,0,0,0,0,0,0,0,0,0,1.3716558713175,8
"243",0.355187422313648,-0.208944157837174,0.0354321248437146,-0.0491227104713707,"GF28_Inoc","","D","7.38","GF28","","A04","UDI Plate 06","AM-F0509","AM-R0509","INOC","INOC","INOC","INOC","INOC","INOC",NA,"INOC","INOC","INOC","INOC","INOC","INOC","INOC","INOC","",2323980,2059114,"65.14231533","",NA,NA,NA,NA,NA,"",NA,"","",0,0.62351,0,47.17219,0,0,0,0,0,0,0,0,0,0,0,0,0,0,0,0,0,0,9.50545,0,0,0,0,0,0,0,0,0,0,0,0,0,0,0,0,0,0,0,0,0,0,0,1.65084,0,0,0,0,0,0,0,0,0,0,0,0,0,0,40.31948,0.16069,0.56783,0,0,0,0,0,0,0,0,0,0,0,0,0,0,0,0,0,0,0,0,0,0,0,0,0,0,0,0,0,0,0,0,0,0,0,0,0,0,0,0,1.0834726710299,7
"244",0.0722972227291973,0.132705102125845,-0.0589747956847393,-0.23978088316189,"GF3_inoc","40.01 (11/14/09)","B","26.4","GF3","GF2/3 1","A1","5","N709","S501","INOC","INOC","INOC","INOC","INOC","INOC","","INOC","INOC","INOC","INOC","INOC","INOC","INOC","INOC","GF2 adult inocula",208438,186713,"89.5772364","",NA,NA,NA,NA,NA,"",NA,"","",0,0,0,9.34384,0,0,4.68272,0,0,0,0,0,0,0,20.50977,0,0,4.49622,13.04029,0.45102,3.15421,0,0,0,0,0,1.04043,1.21818,0,2.21874,0,0,0,0,0,0,0,0,0,0,0,0,0,0,0,0,0,0,0,0,0,0,39.62537,0,0.21922,0,0,0,0,0,0,0,0,0,0,0,0,0,0,0,0,0,0,0,0,0,0,0,0,0,0,0,0,0,0,0,0,0,0,0,0,0,0,0,0,0,0,0,0,0,0,0,0,0,1.79420017550939,12
"245",0.00671340940004926,0.161497725902945,-0.0920997684491282,-0.307999948671659,"GF4_INOC_GF45","40.01 (11/14/09)","B","10.82","GF4","GF4_DNA","A2","5","N717","S514","INOC","INOC","INOC","INOC","INOC","INOC","","INOC","INOC","INOC","INOC","INOC","INOC","INOC","INOC","GF2 adult inocula",1128456,975065,"86.40700213","",NA,NA,NA,NA,NA,"",NA,"","",0,0,0,2.41058,0,0,2.9434,0,0,0,0,0,0,0,9.7168,0.70615,0,1.70067,6.25558,0.85127,4.19919,0,0.55835,0,0,0,3.52725,0.92406,0,3.14455,0,0,0,0,0,0,0,0,0,0,0,0,0,0,0,0,0,0,0,0,0,0.11924,60.61654,0,0.96026,0.44097,0.29701,0.32529,0.30285,0,0,0,0,0,0,0,0,0,0,0,0,0,0,0,0,0,0,0,0,0,0,0,0,0,0,0,0,0,0,0,0,0,0,0,0,0,0,0,0,0,0,0,0,0,1.60394817641682,19
"246",0.00797042930933023,0.174160945557554,-0.0818265578969184,-0.289253490350476,"GF6_INOC","40.01 (11/14/09)","B","2.778","GF6","GF6","A1","1","","S501","INOC","INOC","INOC","INOC","INOC","INOC","","INOC","INOC","INOC","INOC","INOC","INOC","INOC","INOC","GF2 adult inocula",5529260,2512201,"45.43466938","",NA,NA,NA,NA,NA,"",NA,"","",0,0,0,2.61253,0,0,4.35527,0,0,0,0,0,0,0,16.42301,0.43965,0,2.08204,7.99195,1.53604,4.96919,0,0.94167,0,0,0,3.13947,1.94812,0,3.48305,0,0.16402,0,0,0,0,0,0,0,0,0,0,0,0,0,0,0,0,0,0,0,0.61869,45.74954,0,1.73735,0.49547,0.78805,0.29188,0.23299,0,0,0,0,0,0,0,0,0,0,0,0,0,0,0,0,0,0,0,0,0,0,0,0,0,0,0,0,0,0,0,0,0,0,0,0,0,0,0,0,0,0,0,0,0,1.96013333448448,20
"247",-0.523628711480107,-0.151949310671091,0.113464913627078,0.0421566966042166,"GF7_INOC","37.02 (11/5/2009)","A","6.115","GF7","GF7","A3","2","N701","S615","INOC","INOC","INOC","INOC","INOC","INOC","","INOC","INOC","INOC","INOC","INOC","INOC","INOC","INOC","",1985888,781093,"39.33217785","",NA,NA,NA,NA,NA,"",NA,"","",81.76693,0.19589,0,0,0,0,8.22939,0,0,0,0,0,0,0.28202,1.05858,0.19207,3.34294,0.52694,0,0,4.25532,0,0,0,0,0,0,0,0,0,0,0,0,0,0,0,0,0,0,0,0,0,0,0,0,0.14992,0,0,0,0,0,0,0,0,0,0,0,0,0,0,0,0,0,0,0,0,0,0,0,0,0,0,0,0,0,0,0,0,0,0,0,0,0,0,0,0,0,0,0,0,0,0,0,0,0,0,0,0,0,0,0,0,0,0,0.744388507518682,10
"248",-0.11706856126988,0.0878068893831238,-0.158288958976106,-0.114235101270092,"gnoto1_A_inoc","37.02 (11/5/2009)","A","21.7","gnoto1","3","E1","7","AM-F0650","AM-R0650","INOC","INOC","INOC","INOC","INOC","INOC","","INOC","INOC","INOC","INOC","INOC","INOC","INOC","INOC","GF1 adult inocula",1216201,1061772,"87.30234558","",NA,NA,NA,NA,NA,"",NA,"","",4.95823,0.10408,0,0.19147,0,0,2.15555,0,0,0,0,0,0,34.89433,11.25584,5.31855,21.47781,4.02336,3.04522,0.18673,4.14021,1.43468,0,0.53651,1.47396,0.61555,1.89762,0.22255,0,1.97914,0,0.08861,0,0,0,0,0,0,0,0,0,0,0,0,0,0,0,0,0,0,0,0,0,0,0,0,0,0,0,0,0,0,0,0,0,0,0,0,0,0,0,0,0,0,0,0,0,0,0,0,0,0,0,0,0,0,0,0,0,0,0,0,0,0,0,0,0,0,0,0,0,0,0,0,2.08473386697843,20
"249",-0.00228492813434641,0.155897014885572,-0.0890845596222627,-0.317763965448544,"gnoto1_B_inoc","40.01 (11/14/09)","B","31.5","gnoto1","3","E2","7","AM-F0647","AM-R0651","INOC","INOC","INOC","INOC","INOC","INOC","","INOC","INOC","INOC","INOC","INOC","INOC","INOC","INOC","",1134419,1009529,"88.99084025","",NA,NA,NA,NA,NA,"",NA,"","",0,0,0,1.46039,0,0,1.39581,0,0,0,0,0,0,0,11.86423,0.15466,0,5.90028,12.42498,1.30605,3.77903,0,0.62912,0,0,0,2.31508,0.53943,0,2.56558,0,0,0,0,0,0,0,0,0,0,0,0,0,0,0,0,0,0,0,0,0,0.22047,53.48024,0,1.13024,0.31419,0.27195,0.03941,0.20887,0,0,0,0,0,0,0,0,0,0,0,0,0,0,0,0,0,0,0,0,0,0,0,0,0,0,0,0,0,0,0,0,0,0,0,0,0,0,0,0,0,0,0,0,0,1.68104252977411,19
"250",-0.11395024903132,0.0868266752259611,-0.162227738872875,-0.109773730724838,"gnoto2_INOC_microA","37.02 (11/5/2009)","A","25","gnoto2","3","G3","7","AM-F0676","AM-R0676","INOC","INOC","INOC","INOC","INOC","INOC","","INOC","INOC","INOC","INOC","INOC","INOC","INOC","INOC","GF1 adult inocula",1251170,1077310,"86.10420646","",NA,NA,NA,NA,NA,"",NA,"","",4.83016,0,0,0.4838,0,0,1.92606,0,0,0,0,0,0,33.29636,10.0164,5.88028,21.98422,6.36773,3.07896,0.15994,4.5322,1.35392,0,0.50365,1.36421,0.51759,1.97958,0.36827,0,1.35668,0,0,0,0,0,0,0,0,0,0,0,0,0,0,0,0,0,0,0,0,0,0,0,0,0,0,0,0,0,0,0,0,0,0,0,0,0,0,0,0,0,0,0,0,0,0,0,0,0,0,0,0,0,0,0,0,0,0,0,0,0,0,0,0,0,0,0,0,0,0,0,0,0,0,2.10492192808509,18
"251",0.00457067097591693,0.139959261333953,-0.072729722442593,-0.28962253163347,"gnoto2_INOC_microB","40.01 (11/14/09)","B","39.6","gnoto2","3","G4","7","AM-F0543","AM-R0677","INOC","INOC","INOC","INOC","INOC","INOC","","INOC","INOC","INOC","INOC","INOC","INOC","INOC","INOC","GF2 adult inocula",1167269,1013849,"86.85650009","",NA,NA,NA,NA,NA,"",NA,"","",0,0,0,3.17118,0,0,1.63499,0,0,0,0,0,0,0,16.26323,0,0,7.68656,8.27391,1.22479,11.58497,0,0,0,0,0,3.76546,0.65076,0,0.36907,0,0,0,0,0,0,0,0,0,0,0,0,0,0,0,0,0,0,0,0,0,0,38.14358,0,6.78571,0.05256,0.14999,0,0.24324,0,0,0,0,0,0,0,0,0,0,0,0,0,0,0,0,0,0,0,0,0,0,0,0,0,0,0,0,0,0,0,0,0,0,0,0,0,0,0,0,0,0,0,0,0,1.93458739469597,15
"252",-0.0756689681057366,0.163572377340166,-0.176661606283171,-0.101690491881205,"Gn3_A_Innoc","","A","","gnoto3","","","","","","INOC","INOC","INOC","INOC","INOC","INOC","","INOC","INOC","INOC","INOC","INOC","INOC","INOC","INOC","INOC",1014245,864982,"85.28333884","",NA,NA,NA,NA,NA,"",NA,"","",1.24988,0,0,0.2996,0,0,5.71807,0,0,0,0,0,0,14.26082,9.88962,6.97388,26.99102,9.59891,2.82888,0.25142,5.28261,1.13158,0.10764,2.66793,3.21967,2.06725,2.12917,1.10036,0,4.1007,0,0.13097,0,0,0,0,0,0,0,0,0,0,0,0,0,0,0,0,0,0,0,0,0,0,0,0,0,0,0,0,0,0,0,0,0,0,0,0,0,0,0,0,0,0,0,0,0,0,0,0,0,0,0,0,0,0,0,0,0,0,0,0,0,0,0,0,0,0,0,0,0,0,0,0,2.39460080743274,20
"253",0.00358683066454949,0.171842511484862,-0.0728929297304458,-0.284895228138256,"Gn3_B_Innoc","","B","","gnoto3","","","","","","INOC","INOC","INOC","INOC","INOC","INOC","","INOC","INOC","INOC","INOC","INOC","INOC","INOC","INOC","",4635436,3821940,"82.45049657","",NA,NA,NA,NA,NA,"",NA,"","",0,0,0,2.74643,0,0,4.73858,0,0,0,0,0,0,0,11.86615,0.37158,0,2.52488,2.35065,0.77763,12.36733,0,0.41471,0,0,0,5.55052,1.42507,0,1.21684,0,0,0,0,0,0,0,0,0,0,0,0,0,0,0,0,0,0,0,0,0,0.0681,48.52677,0,4.07097,0.17561,0.33829,0.04956,0.41679,0,0,0,0,0,0,0,0.00355,0,0,0,0,0,0,0,0,0,0,0,0,0,0,0,0,0,0,0,0,0,0,0,0,0,0,0,0,0,0,0,0,0,0,0,0,0,1.83523972136409,20
"254",0.0692757978224124,0.00427187516853597,-0.0388492192558906,-0.295452717833481,"GF26_A3_d63_stool","","D","0.56","GF26","","D03","UDI Plate 06","AM-F0544","AM-R0544","stool","A3","F","yes",NA,"63",NA,"meropenem/probenecid","10","0","beforemero","beforemero",NA,NA,"no","",2230327,473058,"65.14231533","",NA,NA,NA,NA,NA,"",NA,"","",0,85.17662,0,5.42498,6.89433,2.50407,0,0,0,0,0,0,0,0,0,0,0,0,0,0,0,0,0,0,0,0,0,0,0,0,0,0,0,0,0,0,0,0,0,0,0,0,0,0,0,0,0,0,0,0,0,0,0,0,0,0,0,0,0,0,0,0,0,0,0,0,0,0,0,0,0,0,0,0,0,0,0,0,0,0,0,0,0,0,0,0,0,0,0,0,0,0,0,0,0,0,0,0,0,0,0,0,0,0,0.571470712892413,4
"255",0.388045066939843,-0.262855065156578,0.0471697040128344,-0.05827311931989,"GF26_A4_d63_stool","","D","0.79","GF26","","D04","UDI Plate 06","AM-F0545","AM-R0545","stool","A4","F","yes",NA,"63",NA,"meropenem/probenecid","10","0","beforemero","beforemero",NA,NA,"no","",2930464,908641,"65.14231533","",NA,NA,NA,NA,NA,"",NA,"","",0,38.94092,0,54.30965,5.46716,1.17189,0,0,0,0,0,0,0,0,0,0,0,0,0,0,0,0,0.11039,0,0,0,0,0,0,0,0,0,0,0,0,0,0,0,0,0,0,0,0,0,0,0,0,0,0,0,0,0,0,0,0,0,0,0,0,0,0,0,0,0,0,0,0,0,0,0,0,0,0,0,0,0,0,0,0,0,0,0,0,0,0,0,0,0,0,0,0,0,0,0,0,0,0,0,0,0,0,0,0,0,0.917327751094491,5
"256",0.104707320111226,-0.0175234157449643,-0.0333707797907273,-0.276571378095198,"GF26_A6_d63_stool","","D","2.86","GF26","","D05","UDI Plate 06","AM-F0546","AM-R0546","stool","A6","F","yes",NA,"63",NA,"meropenem/probenecid","10","0","beforemero","beforemero",NA,NA,"no","",2097577,1490352,"65.14231533","",NA,NA,NA,NA,NA,"",NA,"","",0,77.24927,0,8.97814,10.99137,2.78122,0,0,0,0,0,0,0,0,0,0,0,0,0,0,0,0,0,0,0,0,0,0,0,0,0,0,0,0,0,0,0,0,0,0,0,0,0,0,0,0,0,0,0,0,0,0,0,0,0,0,0,0,0,0,0,0,0,0,0,0,0,0,0,0,0,0,0,0,0,0,0,0,0,0,0,0,0,0,0,0,0,0,0,0,0,0,0,0,0,0,0,0,0,0,0,0,0,0,0.758139824721475,4
"257",0.439584730779248,-0.314401398350709,0.072012829257507,0.0267799819175289,"GF26_A7_d63_stool","","D","1.73","GF26","","D06","UDI Plate 06","AM-F0547","AM-R0547","stool","A7","F","yes",NA,"63",NA,"meropenem/probenecid","10","0","beforemero","beforemero",NA,NA,"no","",2613674,1102153,"65.14231533","",NA,NA,NA,NA,NA,"",NA,"","",0,14.46319,0,83.26526,1.76496,0.5066,0,0,0,0,0,0,0,0,0,0,0,0,0,0,0,0,0,0,0,0,0,0,0,0,0,0,0,0,0,0,0,0,0,0,0,0,0,0,0,0,0,0,0,0,0,0,0,0,0,0,0,0,0,0,0,0,0,0,0,0,0,0,0,0,0,0,0,0,0,0,0,0,0,0,0,0,0,0,0,0,0,0,0,0,0,0,0,0,0,0,0,0,0,0,0,0,0,0,0.530172988014995,4
"258",0.341067132788803,-0.217918431713937,0.0300832600341922,-0.0966452224355311,"GF26_A8_d63_stool","","D","7.43","GF26","","D07","UDI Plate 06","AM-F0548","AM-R0548","stool","A8","M","yes",NA,"63",NA,"meropenem/probenecid","10","0","beforemero","beforemero",NA,NA,"no","",2843239,2101573,"65.14231533","",NA,NA,NA,NA,NA,"",NA,"","",0,49.24258,0,42.65335,6.88677,1.21729,0,0,0,0,0,0,0,0,0,0,0,0,0,0,0,0,0,0,0,0,0,0,0,0,0,0,0,0,0,0,0,0,0,0,0,0,0,0,0,0,0,0,0,0,0,0,0,0,0,0,0,0,0,0,0,0,0,0,0,0,0,0,0,0,0,0,0,0,0,0,0,0,0,0,0,0,0,0,0,0,0,0,0,0,0,0,0,0,0,0,0,0,0,0,0,0,0,0,0.950199056186723,4
"259",0.0267995366640806,0.0246683184865706,-0.045915737964355,-0.31732659757479,"GF28_A3_d38_stool","","D","0.22","GF28","","B05","UDI Plate 06","AM-F0522","AM-R0522","stool","A3","F","yes",NA,"38",NA,"meropenem/probenecid","10","0","beforemero","beforemero",NA,NA,"no","",3531479,387962,"65.14231533","",NA,NA,NA,NA,NA,"",NA,"","",0,83.32507,0,1.12721,13.5628,1.98493,0,0,0,0,0,0,0,0,0,0,0,0,0,0,0,0,0,0,0,0,0,0,0,0,0,0,0,0,0,0,0,0,0,0,0,0,0,0,0,0,0,0,0,0,0,0,0,0,0,0,0,0,0,0,0,0,0,0,0,0,0,0,0,0,0,0,0,0,0,0,0,0,0,0,0,0,0,0,0,0,0,0,0,0,0,0,0,0,0,0,0,0,0,0,0,0,0,0,0.55132640988553,4
"260",0.416691316553148,-0.290088634360345,0.0586589094044817,-0.0259235566242216,"GF28_A5_d73_stool","","D","3.29","GF28","","D06","UDI Plate 05","AM-F0451","AM-R0451","stool","A5","M","yes",NA,"73",NA,"ampicillin/probenecid","10","0","beforeamp","beforeamp",NA,NA,"no","",3156157,2066216,"65.14231533","",NA,NA,NA,NA,NA,"",NA,"","",0,28.23374,0,64.50345,4.97933,0.91054,0,0,0,0,0,0,0,0,0,0,0,0,0,0,0,0,0.09453,0,0,0,0,0,0,0,0,0,0,0,0,0,0,0,0,0,0,0,0,0,0,0,0,0,0,0,0,0,0,0,0,0,0,0,0,0,0,1.27842,0,0,0,0,0,0,0,0,0,0,0,0,0,0,0,0,0,0,0,0,0,0,0,0,0,0,0,0,0,0,0,0,0,0,0,0,0,0,0,0,0,0,0.89435032351327,6
"261",0.0424293632112596,0.018437732906492,-0.0430858595226714,-0.312860665087078,"GF28_B2_d65_stool","","D","4.27","GF28","","E11","UDI Plate 05","AM-F0468","AM-R0468","stool","B2","M","yes",NA,"65",NA,"meropenem/probenecid","10","0","beforemero","beforemero",NA,NA,"no","",2415475,1012043,"65.14231533","",NA,NA,NA,NA,NA,"",NA,"","",0,80.24668,0,2.59615,10.77998,2.90363,0,0,0,0,0,0,0,0,0,0,0,0,0,0,0,0,0,0,0,0,0,0,0,0,0,0,0,0,0,0,0,0,0,0,0,0,0,0,0,0,0,0,0,0,0,0,0,0,0,0,0,0,0,0,0,3.47356,0,0,0,0,0,0,0,0,0,0,0,0,0,0,0,0,0,0,0,0,0,0,0,0,0,0,0,0,0,0,0,0,0,0,0,0,0,0,0,0,0,0,0.730982416090029,5
"262",0.0180891418658978,0.0292561834286567,-0.04827177968832,-0.321783438003426,"GF28_C1_d73_stool","","D","0.56","GF28","","D07","UDI Plate 05","AM-F0452","AM-R0452","stool","C1","F","yes",NA,"73",NA,"probenecid","10","0","beforepro","beforepro",NA,NA,"no","",3081271,1449307,"65.14231533","",NA,NA,NA,NA,NA,"",NA,"","",0,81.97728,0,0.09578,14.66022,3.24457,0,0,0,0,0,0,0,0,0,0,0,0,0,0,0,0,0,0,0,0,0,0,0,0,0,0,0,0,0,0,0,0,0,0,0,0,0,0,0,0,0,0,0,0,0,0,0,0,0,0,0,0,0,0,0,0.02214,0,0,0,0,0,0,0,0,0,0,0,0,0,0,0,0,0,0,0,0,0,0,0,0,0,0,0,0,0,0,0,0,0,0,0,0,0,0,0,0,0,0,0.564143476434696,5
"263",0.283746003781195,-0.163780205242768,0.012868054481827,-0.143066992603683,"GF28_C2_d38_stool","","D","0.25","GF28","","B03","UDI Plate 06","AM-F0520","AM-R0520","stool","C2","M","yes",NA,"38",NA,"ampicillin/probenecid","10","0","beforeamp","beforeamp",NA,NA,"no","",3599237,414059,"65.14231533","",NA,NA,NA,NA,NA,"",NA,"","",0,54.99287,0,32.08008,10.2289,1.54115,0,0,0,0,0,0,0,0,0,0,0,0,0,0,0,0,0,0,0,0,0,0,0,0,0,0,0,0,0,0,0,0,0,0,0,0,0,0,0,0,0,0,0,0,0,0,0,0,0,0,0,0,0,0,0,1.157,0,0,0,0,0,0,0,0,0,0,0,0,0,0,0,0,0,0,0,0,0,0,0,0,0,0,0,0,0,0,0,0,0,0,0,0,0,0,0,0,0,0,1.0426839971309,5
"264",0.0773290632753215,-0.000673207622305918,-0.037550738207765,-0.292798165343779,"GF28_C5_d73_stool","","D","0.53","GF28","","D08","UDI Plate 05","AM-F0453","AM-R0453","stool","C5","M","yes",NA,"73",NA,"probenecid","10","0","beforepro","beforepro",NA,NA,"no","",4279408,1799363,"65.14231533","",NA,NA,NA,NA,NA,"",NA,"","",0,78.38768,0,6.1347,12.55367,2.91763,0,0,0,0,0,0,0,0,0,0,0,0,0,0,0,0,0,0,0,0,0,0,0,0,0,0,0,0,0,0,0,0,0,0,0,0,0,0,0,0,0,0,0,0,0,0,0,0,0,0,0,0,0,0,0,0.00632,0,0,0,0,0,0,0,0,0,0,0,0,0,0,0,0,0,0,0,0,0,0,0,0,0,0,0,0,0,0,0,0,0,0,0,0,0,0,0,0,0,0,0.726349120381043,5
