Sample	richness	shannon	simpson	invsimpson
B0	0	0	1	Inf
B1	9	0.965325150369237	0.49339736566142	1.9739336754646
B1-colon	9	1.15541949839223	0.54279759047822	2.1872150696799
B1-d31	5	0.336148089304178	0.133808780685343	1.15447949332852
b1-d33	8	0.939064742122474	0.42657032746385	1.74389301407656
B1-d39	11	1.48570201815943	0.68324828236879	3.1570468109167
B1-d40	11	1.59530071005584	0.71904271926616	3.55925996076013
B1-d48	13	1.41076344074922	0.623601305452055	2.65675735459444
B19	13	1.52265550143012	0.6656962642836	2.9912917301299
B2-d29	2	0.016461174912245	0.00465232728288001	1.00467407259835
b2-d33	9	1.02571905139401	0.499534864335562	1.99814118654311
B2-d39	9	1.30964875394702	0.620233518236277	2.63319710406187
B3	9	1.05967875004585	0.461056914275052	1.85548349443035
B3-d34	9	1.41512814775589	0.69657134428062	3.29566763438728
B3-d39	11	1.3864636339561	0.66841766050186	3.01584216310655
B3-d40	11	1.55426156917646	0.699092493284574	3.32328033592635
B3-d48	13	1.36539058643561	0.609832252786155	2.56300016375242
B4-d29	4	0.164445726972634	0.0582237286669001	1.06182331243543
B4-d34	10	0.982244994725584	0.499949887473572	1.9997995699824
B4-d40	11	1.57431952874395	0.73757899350764	3.810670545649
B4-d48	11	1.30947551539256	0.5780169625303	2.36976350043881
B5-d29	2	0.0064908495318555	0.00159492607277989	1.00159747392559
b5-d33	6	0.669455795052704	0.31341973176558	1.45649393998979
B5-d39	13	1.53118313705048	0.712401883712256	3.47707423437883
B5-d40	8	1.33979556794399	0.62664429164602	2.67841090312699
B5-d48	13	1.38353406880084	0.59152818831238	2.44814934932341
B6-d29	3	0.0610153371807902	0.02054524918714	1.0209762106622
b6-d33	7	0.647092585251725	0.286442571571503	1.401428897184
B6-d34	8	1.24959786656002	0.614272134831341	2.5925013210097
B6-d39	9	1.28388702898543	0.624695826842028	2.66450541059953
B6-d40	9	1.45665983794779	0.668115762068928	3.01309880286538
B6-d48	14	1.43786105563089	0.62173577953897	2.64365474160151
B7-d29	2	0.026209628561403	0.00801541645757986	1.00808018248525
b7-d33	5	0.737955026385137	0.370947648818267	1.58969281033829
B7-d40	9	1.65122500729055	0.76170816193962	4.19653483786806
B7-d48	13	1.51166513402531	0.65054567421318	2.8616042962079
C0	0	0	1	Inf
C1	8	0.837412795489224	0.40131779367908	1.67033526208386
C1-d33	3	0.150095677973244	0.0640146577800601	1.0683927994302
C1-d44	8	1.29418237347043	0.616929883400817	2.61048814999665
C1-d45	5	0.949800084194268	0.496848307124314	1.98747219607799
C1-d53	9	1.34420769553537	0.618604253761063	2.62194848752592
C19	13	1.23692898944654	0.530163294417514	2.12839905464652
C2-colon	9	1.14718286499896	0.53838457088518	2.16630540690022
C2-d33	1	0	0	1
C2-d37	5	1.01148839194493	0.49360612085856	1.97474740748336
C2-d44	8	1.15309820374208	0.532561886400537	2.13932063070252
C2-d45	8	1.37697141938313	0.67453057459646	3.0724852227214
C2-d49	9	1.29195823674475	0.597733377904678	2.48591343420742
C2-d53	9	1.31983673672154	0.616115963934981	2.60495333499783
C3	9	1.49435974164995	0.672002303382093	3.04880189803566
C3-colon	7	1.10309984834418	0.55077452082952	2.22605361086498
C3-d33	4	0.141140162828004	0.05753204272954	1.06104403050069
C3-d44	8	1.19784458533602	0.577255795601374	2.36549665162778
C3-d45	8	1.30020855037353	0.609104263421381	2.55822692964797
C3-d53	9	1.36431583953103	0.641525896786816	2.78960179002192
C4-d33	5	0.94035983043488	0.55341897027406	2.23923528640185
C4-d44	9	1.14814648901962	0.53915097430264	2.16990802679206
C4-d45	4	0.926670781575056	0.532275632626	2.1380113369214
C4-d53	9	1.25853887915532	0.57266312492976	2.34007420921874
C5-d34	7	1.04266174527552	0.472559165989269	1.89594725231239
C5-d44	8	1.1993669256453	0.57288062312392	2.34126582435554
C5-d45	8	1.07281344768073	0.508950877319439	2.03645613811742
C5-d53	8	1.30396361744291	0.6045404643683	2.5287037228793
C6-d33	4	0.414513589001845	0.2352589651713	1.30763219764191
C6-d37	6	1.16720298409045	0.62330228040571	2.65464840370421
C6-d44	8	1.56246489217554	0.7388485079536	3.82919504753327
C6-d49	9	1.04076241194981	0.47514265130826	1.90527960119564
C6-d53	10	1.17593105129989	0.529952943194126	2.12744657268005
C7-d33	5	0.920053179566523	0.53725677860842	2.16102571312176
C7-d38	5	1.11297642533325	0.56076501908098	2.27668570000431
C7-d44	8	1.37782895440244	0.648676688153011	2.84638100085863
C7-d45	8	1.22511778377481	0.577967165605401	2.36948388490788
C7-d53	10	1.47261025939133	0.67956571287388	3.12076466276035
C8-d35	5	0.308646624922418	0.13483484332928	1.15584867500691
C8-d38	5	1.43017605323626	0.74275771275278	3.8873857432272
C8-d44	8	1.44946205634572	0.689413681248789	3.21971683756306
C8-d45	8	1.22703713428976	0.602840059209306	2.51787730154539
C8-d53	8	1.2594272750944	0.584514147003264	2.40682081661119
CONV_MERO1_COLON	3	1.00000919538251	0.6029225294155	2.51840024700468
CONV_MERO1_D0	7	1.190085305327	0.623047653944884	2.65285522285564
CONV_MERO1_D1	7	0.411331252552413	0.20306803426924	1.25481225876419
CONV_MERO1_D3	3	0.14708527439383	0.0628327156770599	1.0670453575665
CONV_MERO2_COLON	3	1.00728934865451	0.6138152979305	2.58943452353541
CONV_MERO2_D0	8	1.44209733993756	0.69090386409084	3.23523940879639
CONV_MERO2_D3	2	0.0206415792765485	0.00605694475742014	1.00609385489991
CONV_MERO3_COLON	5	0.266150777081486	0.1131156264385	1.12754269869956
CONV_MERO3_D1	6	1.23241744913003	0.65884699105258	2.93123605471152
CONV_MERO3_D3	5	0.407251279676983	0.17876768682624	1.2176822367539
CONV_MERO4_COLON	5	1.30635228034122	0.70183790138086	3.35388033767953
CONV_MERO4_D0	7	0.822283462869346	0.37886011042602	1.60994329423259
CONV_MERO4_D1	3	0.219924639697607	0.100541961351447	1.11178060235307
CONV_MERO4_D3	4	0.70523930092971	0.45743467111162	1.84309602319931
CONV_PBS1_COLON	7	1.61554520083482	0.764619735347745	4.24844453921138
CONV_PBS1_D0	7	0.817190717791596	0.40626389056628	1.68424992873308
CONV_PBS1_D3	9	1.07168645757176	0.477508873581781	1.91390810185658
CONV_PBS2_COLON	7	1.03064771105793	0.549462605654936	2.21957158839984
CONV_PBS2_D1	9	1.41067918467056	0.663953450581663	2.97577821206884
CONV_PBS2_D3	7	0.922609251103256	0.42686896023072	1.74480167816868
CONV_PBS3_COLON	5	0.936183952958981	0.56160419309736	2.28104371495981
CONV_PBS3_D1	14	2.09398075935975	0.834824471600998	6.05416558792157
CONV_PBS4_COLON	4	1.0499444727491	0.59524504436766	2.47063065216267
CONV_PBS4_D0	7	0.796327680651907	0.38444537233852	1.62455118532541
CONV_PBS4_D1	8	0.999956870092993	0.53566717466159	2.1536276253379
CONV_PBS4_D3	10	0.888116874303772	0.4119155561215	1.70043606901903
CONV_WATER_F12	0	0	1	Inf
GF1_A10	12	1.57923663546374	0.68676897322556	3.19253175618553
GF1_B_mom_d32	12	1.6426906146946	0.691475429051427	3.2412329330058
GF1_B10	12	1.53743563797358	0.700573018554549	3.33971239055549
GF1_B14	11	1.15923651403849	0.516825205620396	2.06964438466621
GF1_B17	13	1.56413419523096	0.66700534430766	3.00305119888746
GF1_B25	11	1.51767888099823	0.64634020411742	2.82757613854421
GF1_B3_d38	11	1.33284995133997	0.65292966463262	2.88126036165402
GF1_B5_D38	8	1.26966572456276	0.6409723087872	2.78530047813857
GF1_B6_d38	8	1.21181781008064	0.60653884911432	2.54154698055705
GF1_B7_D38	8	1.14459273559977	0.563208144124986	2.289419975555
GF1_C_mom_d32	12	1.37723068446575	0.597138326109699	2.48224158516578
GF1_C10	12	1.61289441373581	0.716360927456198	3.52560735385134
GF1_C14	13	1.55536270867206	0.674674300766193	3.07384262096464
GF1_C17	13	1.47022370110873	0.65830630404134	2.92659774478539
GF1_C25	12	1.40862267736866	0.615908924430849	2.60354916739002
GF1_C4_d39	5	1.37926115033493	0.68878117505358	3.21317323967199
GF1_C6_d39	5	1.4571848262302	0.7458867875036	3.93525385860905
GF1_C7_d39	5	1.48423700829157	0.75548910569236	4.08979731897678
GF1_INOC_GF1	13	1.39852535009076	0.64436773423848	2.81189334116995
GF10_A_DAM_D0	7	1.1243817362354	0.514020753403304	2.05770103765332
GF10_A1_COLON_D35	6	0.724166112726524	0.32580038982362	1.48324025245044
GF10_A1_d101	4	0.61371914855498	0.38519193687286	1.62652388602978
GF10_A1_d104_colon	4	0.96427867584025	0.5475175303299	2.21003037030161
GF10_A1_d127_colon	9	1.63418730244321	0.753820990532274	4.06208474947618
GF10_A1_D32	10	1.69164716890043	0.7769023603215	4.48234235665188
GF10_A1_D34	4	0.398340854204916	0.17737785939145	1.21562495176732
GF10_A1_d77	2	0.219939118745654	0.10832837976888	1.12148909678296
GF10_A1_d79	1	0	0	1
GF10_A1_d80_colon	5	0.908171341289561	0.469583152954606	1.88530964951499
GF10_A2_COLON_D35	1	0	0	1
GF10_A2_d101	1	0	0	1
GF10_A2_d103	3	0.11121745736079	0.0430922680612602	1.04503283506128
GF10_A2_d104_colon	5	0.373462719551137	0.15728258074368	1.18663739131259
GF10_A2_d127_colon	1	0	0	1
GF10_A2_D32	11	1.78927500605459	0.79468727167896	4.87061863225711
GF10_A2_D33	6	0.305047623057171	0.11735967824898	1.13296432913484
GF10_A2_D34	7	0.876590594238696	0.39073023675694	1.64130908889543
GF10_A2_d77	2	0.294552482772089	0.15816747646392	1.18788473008805
GF10_A2_d79	1	0	0	1
GF10_A3_COLON_D35	1	0	0	1
GF10_A3_d104_colon	12	1.57105350366315	0.7347539636117	3.77008461131565
GF10_A3_d127_colon	0	0	1	Inf
GF10_A3_D33	4	0.181356412117558	0.0660003250815799	1.07066418421114
GF10_A3_D34	6	0.693718799570582	0.301152468840063	1.43092728443959
GF10_A3_d79	2	0.236549072683665	0.1189730380755	1.13503904331783
GF10_A3_d80_colon	5	0.269910721768774	0.10040944923344	1.11161683406732
GF10_A4_d101	4	0.174512480453689	0.0686453808113632	1.07370488039364
GF10_A4_d104_colon	4	0.925255691793901	0.49385259957754	1.97570905069421
GF10_A4_d127_colon	0	0	1	Inf
GF10_A4_d77	2	0.249006190244261	0.1271294725155	1.14564528015612
GF10_A5_d101	2	0.0700577575646419	0.0259710972286202	1.02666357964812
GF10_A5_d104_colon	3	0.203262977591864	0.0907467879160015	1.09980364843365
GF10_A5_d127_colon	3	1.0113927704201	0.61410911170174	2.5914060951527
GF10_A56_d101	4	0.151537555141867	0.062569407809601	1.06674564317706
GF10_A6_d102	7	0.709049547295568	0.31562031689676	1.46117721593607
GF10_A6_d103	7	1.7154088800261	0.798089228847538	4.95268278305422
GF10_A6_d104_colon	6	1.5057439923458	0.73616383826758	3.79023100333831
GF10_A6_d127_colon	0	0	1	Inf
GF10_A7_d103	3	0.161635711466374	0.0661533929537401	1.07083967800984
GF10_A7_d104_colon	2	0.0366876474052178	0.0119317543927799	1.01207584035397
GF10_A7_d127_colon	3	0.697109120205106	0.48326572596822	1.93523064030101
GF10_A8_d102	2	0.0461755473824689	0.01570116253152	1.01595162153386
GF10_A8_d104_colon	12	1.65242474265427	0.749794201880213	3.99670993843734
GF10_Adam_d1	8	1.72801243992632	0.777295099160752	4.49024694217132
GF10_Adam_d20	11	1.7868404810412	0.767509559491704	4.30125211950088
GF10_C1_COLON_D55	2	0.0416384812622682	0.0138741944023799	1.01406939593673
GF10_C1_d102_colon	0	0	1	Inf
GF10_C1_d55	1	0	0	1
GF10_C1_d77	3	0.553169117074638	0.352565196821257	1.54455706596286
GF10_C1_d78	0	0	1	Inf
GF10_C1_d80_colon	0	0	1	Inf
GF10_C10_COLON_D55	1	0	0	1
GF10_C10_d55	0	0	1	Inf
GF10_C2_COLON_D35	10	1.49812476865362	0.686088638290945	3.18561263458454
GF10_C2_COLON_D55	1	0	0	1
GF10_C2_d101	4	0.16981370367777	0.06141223513884	1.06543046632184
GF10_C2_d103	5	0.888396784678071	0.50315941426926	2.01271802006518
GF10_C2_d104_colon	3	1.01576704900348	0.61592936167706	2.60368770798658
GF10_C2_D32	9	0.834757720150383	0.342727108631778	1.52143807105499
GF10_C2_D33	4	0.230937666818605	0.0892251144698601	1.09796615594854
GF10_C2_D34	6	0.433924719014009	0.19064371355838	1.2355498026667
GF10_C2_d55	9	1.30630680226599	0.6822980968616	3.1476046889287
GF10_C2_d77	7	0.965511162792984	0.552320661040862	2.23374168288628
GF10_C2_d78	0	0	1	Inf
GF10_C2_d80_colon	1	0	0	1
GF10_C3_COLON_D35	8	1.17253978252065	0.538406162223142	2.16640673717879
GF10_C3_COLON_D55	0	0	1	Inf
GF10_C3_d101	6	0.771616762588246	0.50042039342988	2.00168298875435
GF10_C3_d102_colon	0	0	1	Inf
GF10_C3_D33	2	0.00976648736682547	0.00254515282871992	1.00255164716071
GF10_C3_d55	1	0	0	1
GF10_C3_d78	1	0	0	1
GF10_C3_d79	0	0	1	Inf
GF10_C3_d80_colon	0	0	1	Inf
GF10_C4_COLON_D55	1	0	0	1
GF10_C4_d102_colon	1	0	0	1
GF10_C4_d55	9	1.28627030911504	0.679276420393425	3.11794973486726
GF10_C4_d77	6	1.39804025412975	0.71405225181566	3.49714241972396
GF10_C4_d80_colon	4	0.981188351286972	0.59763578719772	2.48531049278827
GF10_C5_COLON_D55	4	0.882412197630381	0.48984381408496	1.96018401346316
GF10_C5_d101	5	0.174355712156089	0.0616328880216599	1.06568099759136
GF10_C5_d55	5	1.20884987366622	0.66131999231436	2.95263959285188
GF10_C5_d77	2	0.0827649304292255	0.0318319640454199	1.03287855296114
GF10_C5_d80_colon	0	0	1	Inf
GF10_C6_COLON_D55	5	1.10481231319606	0.63556211024194	2.74395179014968
GF10_C6_d101	2	0.00979247162760953	0.00255293292077985	1.00255946706852
GF10_C6_d102_colon	0	0	1	Inf
GF10_C6_d55	8	1.34840309738353	0.693442718662937	3.26203310402042
GF10_C7_COLON_D55	1	0	0	1
GF10_C7_d55	0	0	1	Inf
GF10_C8_COLON_D55	1	0	0	1
GF10_C8_d101	5	0.146106278395742	0.04948104601974	1.0520568746289
GF10_C8_d103	5	1.45395820311772	0.755760818415849	4.0943471621299
GF10_C8_d55	14	1.61557372884811	0.696696214175656	3.29702445777957
GF10_C9_COLON_D55	2	0.258774456864172	0.13362703518318	1.15423730957652
GF10_C9_d55	0	0	1	Inf
GF10_Cdam_d0	8	1.32348805957333	0.69257817196044	3.2528594549614
GF10_Cdam_d1	9	1.47569889417727	0.706521939464245	3.40740973336972
GF10_Cdam_d20	9	1.6892728559315	0.74521192836088	3.92483052117288
GF10_INOC	8	1.2200137258446	0.55991309231556	2.27227845804729
GF11_A_DAM_D0	11	1.93616900598355	0.819660037519844	5.54508266635599
GF11_A1_COLON_D38	10	1.90782906893188	0.82117633487896	5.59210101930934
GF11_A1_D35	8	1.29774504933274	0.66391917766276	2.97547474754912
GF11_A1_D37	9	1.11486974901694	0.569352544955715	2.32208501010918
GF11_A2_COLON_D38	8	1.80874612996046	0.804766644572283	5.12207556853798
GF11_A2_D35	7	0.877138628523272	0.4885635977601	1.95527732406292
GF11_A2_D36	2	0.552465160326357	0.36605050298592	1.57741271932548
GF11_A3_D36	1	0	0	1
GF11_A4_COLON_D38	9	1.75982751528835	0.80002078765696	5.00051974544545
GF11_A4_D37	5	0.555781079780539	0.26953717140104	1.36899505470801
GF11_A5_D35	4	0.652059960350049	0.3422168207415	1.52025778635336
GF11_B_dam_d0	0	0	1	Inf
GF11_B_dam_d111	13	1.28370591713297	0.61595647928848	2.60387155639885
GF11_B_dam_d20	11	1.20482862369919	0.56571250032774	2.30262211266652
GF11_B_dam_d7	11	1.01064573736477	0.4575049005251	1.84333462360846
GF11_B1_COLON_D38	7	1.61523030072075	0.76904960968723	4.32993422806399
GF11_B1_d105_colon	6	1.28513875758426	0.642336246536944	2.79592212047647
GF11_B1_D36	9	1.79250128179457	0.799975137099085	4.99937850473799
GF11_B1_d71	3	0.0895274462388308	0.0346319943421798	1.03587439622943
GF11_B2_COLON_D38	6	1.01705364850045	0.52738845069044	2.11590258735933
GF11_B2_d105_colon	6	1.32350418709219	0.67301757670396	3.05826836170527
GF11_B2_D36	8	1.85028079786145	0.820613026004607	5.57454076919587
GF11_B2_d71	5	0.460273777709404	0.22083995963446	1.28343337465157
GF11_B2_d73	2	0.606705168736604	0.41607901845048	1.71256048608898
GF11_B2_d74_colon	0	0	1	Inf
GF11_B3_COLON_D38	3	0.882952944348146	0.54287848697122	2.1876021396898
GF11_B3_d105_colon	5	1.05046401978728	0.57219052970196	2.33748916147961
GF11_B3_D35	3	0.207957803640373	0.0897074565782703	1.09854794178701
GF11_B3_D37	3	0.18101620466777	0.0757959019621798	1.08201208166367
GF11_B3_d71	3	0.145899868902512	0.0549132207760035	1.05810389266168
GF11_B3_d72_colon	0	0	1	Inf
GF11_B4_COLON_D38	1	0	0	1
GF11_B4_d105_colon	7	0.900356643634574	0.430996415417113	1.75745817266346
GF11_B4_D35	4	0.857047744343348	0.448120988290438	1.81199135821869
GF11_B4_D37	3	0.689228712360639	0.42149692102734	1.72859926999154
GF11_B4_d72	2	0.013752650782197	0.00377664142877987	1.00379095851978
GF11_B4_d73	2	0.496113137937921	0.31629387702942	1.46261670972783
GF11_B4_d74_colon	1	0	0	1
GF11_B5_COLON_D38	2	0.416794713309674	0.25024006250208	1.333760247763
GF11_B5_d105_colon	9	1.27549680226059	0.612421136038601	2.58012005551365
GF11_B5_D35	3	0.272090620446212	0.12317205803334	1.14047460412481
GF11_B5_D37	1	0	0	1
GF11_B5_d71	4	0.576666428231696	0.3584307155661	1.55867811047464
GF11_B5_d74_colon	1	0	0	1
GF11_B6_d105_colon	9	1.09154228474188	0.57745670777174	2.36662140517378
GF11_B6_d71	4	0.620701604092855	0.39513607702486	1.65326441537678
GF11_B6_d72_colon	0	0	1	Inf
GF11_B7_d105_colon	9	1.14292248672209	0.525850365579688	2.10903885062062
GF11_B7_d71	4	0.86074038119753	0.488217219761899	1.95395397933233
GF11_B7_d73	1	0	0	1
GF11_B7_d74_colon	9	1.8015227363628	0.816624522149458	5.45329185625921
GF11_B8_d105_colon	7	1.06838267351678	0.55344244922996	2.2393530201776
GF11_C1_COLON_D38	2	0.253347588274114	0.13000630264248	1.14943361433233
GF11_C1_D36	7	1.19296730657342	0.576804144291303	2.36297210029472
GF11_C1_d71	3	0.300240003526759	0.14045318783474	1.16340376794712
GF11_C1_d74_colon	7	1.52796190917649	0.7334493968169	3.75163285341762
GF11_C2_COLON_D38	0	0	1	Inf
GF11_C2_D37	2	0.213779142030463	0.1044491326395	1.11663115569007
GF11_C2_d71	3	0.163087462979291	0.0641106397070199	1.06850237050131
GF11_C2_d72	3	0.160377346957077	0.0673010362003401	1.07215729706203
GF11_C2_d74_colon	7	0.669793372773168	0.29158364193466	1.41159925037723
GF11_C3_COLON_D38	1	0	0	1
GF11_C3_D35	4	0.149904841856675	0.05230115734994	1.05518752898726
GF11_C3_D36	8	1.27889394300131	0.60694441075152	2.54416939321991
GF11_C3_d71	1	0	0	1
GF11_C3_d74_colon	6	1.63862583012024	0.786521750001702	4.68431795748735
GF11_C4_COLON_D38	2	0.664706730870177	0.47183021014392	1.89333055242044
GF11_C4_D35	4	0.554880499128977	0.28506046754876	1.39871968832301
GF11_C4_D36	6	0.985845151063852	0.519469466698802	2.08103321370673
GF11_C4_d74_colon	4	1.11563713900539	0.63979731930898	2.77621476353696
GF11_C5_D37	2	0.26728068987741	0.13935681495918	1.1619217085331
GF11_C5_d71	2	0.506312133328433	0.3251283425595	1.48176321968028
GF11_C5_d72	3	0.571036312004269	0.35373344579656	1.54734914486261
GF11_C5_d74_colon	10	1.60766277232006	0.7535545775947	4.05769354626282
GF11_C6_d71	5	0.394983012083009	0.16038854732268	1.19102710761179
GF11_C6_d72	5	0.248818998721251	0.0944411818778227	1.10429049995191
GF11_C6_d74_colon	7	1.35317446355711	0.683095493662632	3.15552470855503
GF11_C7_d71	4	0.184355683541576	0.0703963355613398	1.07572725695294
GF11_C7_d72_colon	2	0.114820753643941	0.04767091566048	1.0500571876302
GF11_INOC	9	1.93742951844038	0.826698854391603	5.77030230521191
GF12_A_dam_d1	0	0	1	Inf
GF12_A_dam_d21	3	0.770843726331497	0.43891171912072	1.78225073322313
GF12_A_Dam_d85	4	0.893860803261662	0.503573208665273	2.01439571242989
GF12_A1_d31	2	0.0653610925601606	0.0238710747155002	1.02445483798008
GF12_A1_d32_colon	0	0	1	Inf
GF12_A1_d76_colon	4	0.856155736056563	0.49881974298808	1.99529008976149
GF12_A2_d32	2	0.675204959141271	0.48216534584288	1.93111834438292
GF12_A2_d34_colon	4	0.323214637135221	0.14108150530454	1.16425482298476
GF12_A2_d76_colon	4	0.857764467897064	0.485409197570116	1.94329163148277
GF12_A3_d31	5	0.393440366288771	0.17313727803666	1.20939059584831
GF12_A3_d32_colon	0	0	1	Inf
GF12_A3_d76_colon	4	1.0230985785714	0.607619101982854	2.54854404241743
GF12_A4_d31	1	0	0	1
GF12_A4_d32	2	0.231217811444149	0.11552740410848	1.13061727932004
GF12_A4_d34_colon	2	0.0688102539286695	0.0254097004594998	1.02607218691945
GF12_A4_d76_colon	3	0.905328674119727	0.53879764077166	2.16824563012459
GF12_A5_d34_colon	3	0.967206892231083	0.587925758646626	2.42674717234376
GF12_A5_d76_colon	3	0.563084781465289	0.29925642355048	1.42705553587338
GF12_A6_d76_colon	4	0.754609939599606	0.4115903776518	1.69949634067717
GF12_A7_d76_colon	4	0.81994747258215	0.4571293109917	1.84205929744848
GF12_A8_d76_colon	3	0.740725541573343	0.42521167082474	1.7397708847618
GF12_B_Dam_d0	0	0	1	Inf
GF12_B1_d79	4	0.445546544094795	0.237363014163561	1.31123984093589
GF12_B1_d82_colon	0	0	1	Inf
GF12_B2_d32	2	0.00430944525216425	0.00100189759712022	1.00100290240263
GF12_B2_d34_colon	0	0	1	Inf
GF12_B2_d79	5	0.271186702740439	0.110010829174393	1.12360917725812
GF12_B2_d81	2	0.17344071623643	0.0799988442655202	1.08695515627005
GF12_B2_d82_colon	3	0.954287363037964	0.57035388045562	2.32749687361416
GF12_B3_d31	2	0.0549618236732747	0.01935752611902	1.01973963665107
GF12_B3_d32	0	0	1	Inf
GF12_B3_d34_colon	0	0	1	Inf
GF12_B3_d80	4	0.312040680331087	0.13374996973214	1.15440111406493
GF12_B3_d82_colon	0	0	1	Inf
GF12_B4_d31	2	0.106968630445443	0.0436602583126202	1.04565350200294
GF12_B4_d34_colon	0	0	1	Inf
GF12_B4_d79	4	0.778386210370816	0.49463465736544	1.97876647968541
GF12_B5_d79	4	0.534703025417625	0.27579415879156	1.38082288639285
GF12_B5_d82_colon	0	0	1	Inf
GF12_B6_d82_colon	0	0	1	Inf
GF12_C1_d31_colon	0	0	1	Inf
GF12_C1_d79	2	0.0451455129923414	0.0152826015192802	1.01551978419683
GF12_C1_d82_colon	4	1.17892029227987	0.65556928183966	2.9033415060688
GF12_C1_d92_colon	0	0	1	Inf
GF12_C2_d31	2	0.402613554203211	0.23893806018702	1.31395350061223
GF12_C2_d32_colon	0	0	1	Inf
GF12_C2_d79	2	0.0677982238839407	0.0249561720223199	1.02559492333189
GF12_C2_d92_colon	0	0	1	Inf
GF12_C3_d31	2	0.059154084085202	0.0211537964851201	1.02161095012593
GF12_C3_d34_colon	0	0	1	Inf
GF12_C3_d79	2	0.551439987911886	0.36512490856248	1.57511298440728
GF12_C3_d80_colon	1	0	0	1
GF12_C3_d92_colon	0	0	1	Inf
GF12_C4_d31	2	0.576919357491482	0.38835023345118	1.6349225564859
GF12_C4_d80_colon	0	0	1	Inf
GF12_C4_d80	0	0	1	Inf
GF12_C4_d92_colon	0	0	1	Inf
GF12_C5_d31_colon	0	0	1	Inf
GF12_C5_d79	4	0.0646045298475106	0.0198991361726668	1.02030315134604
GF12_C5_d80_colon	0	0	1	Inf
GF12_Inoc	2	0.673058065451982	0.4800457737795	1.92324621970843
GF13_A1_d32	2	0.238262091295724	0.12008594278328	1.13647462703702
GF13_A1_d34	1	0	0	1
GF13_A1_d35_colon	0	0	1	Inf
GF13_A1_d65_colon	6	1.57840842327234	0.773234781781776	4.40984736485322
GF13_A10_d65_colon	6	1.53817957045535	0.755604049862122	4.0917208302177
GF13_A2_d32	2	0.596005316374937	0.40604693792702	1.68363472445088
GF13_A2_d35_colon	0	0	1	Inf
GF13_A2_d65_colon	6	1.54064062726599	0.76046837620762	4.17481409831202
GF13_A3_d32	2	0.681891034046384	0.48878615091128	1.95612853951938
GF13_A3_d35_colon	0	0	1	Inf
GF13_A3_d65_colon	6	1.469384941862	0.74047347933394	3.85317075662848
GF13_A4_d32	2	0.692862866370551	0.49971571275648	1.99886349721241
GF13_A4_d35_colon	0	0	1	Inf
GF13_A4_d65_colon	5	1.39577802247869	0.705089654178524	3.39086103342522
GF13_A5_d32	2	0.692623245338846	0.499476156288	1.9979068181523
GF13_A5_d35_colon	0	0	1	Inf
GF13_A5_d65_colon	6	1.54146766283204	0.759481618301229	4.1576863811283
GF13_A6_d32	2	0.305629248051112	0.16599547997438	1.19903426898607
GF13_A6_d34	2	0.22218226093293	0.10975027435128	1.1232803236994
GF13_A6_d35_colon	0	0	1	Inf
GF13_A6_d65_colon	6	1.55946091077282	0.77400367083324	4.42485063225125
GF13_A7_d65_colon	5	1.4553723565676	0.73817632497462	3.81936431036294
GF13_A8_d65_colon	5	1.45208046295857	0.73689386354624	3.80074753663431
GF13_A9_d65_colon	6	1.4875148230251	0.74469168888607	3.91683292892787
GF13_B1_d32	2	0.407013444919764	0.24242780424632	1.32000620614797
GF13_B1_d65_colon	1	0	0	1
GF13_B2_d32	2	0.671822959574648	0.47882778966912	1.91875157611555
GF13_B2_d35_colon	5	1.49185261765025	0.752285142652941	4.03689956553134
GF13_B2_d65_colon	0	0	1	Inf
GF13_B3_d32	2	0.494901125261829	0.31524909830222	1.46038507948012
GF13_B3_d34	4	0.779906934185976	0.44625120233834	1.80587299552206
GF13_B3_d35_colon	5	1.40699320216931	0.72791378006822	3.67530557133959
GF13_B3_d65_colon	1	0	0	1
GF13_B4_d32	3	0.418839574369698	0.24883244394414	1.33126090435891
GF13_B4_d35_colon	5	1.58813319281272	0.7913666583215	4.79309774724781
GF13_B4_d65_colon	0	0	1	Inf
GF13_B5_d32	2	0.506633779570097	0.32540819500512	1.48237792483647
GF13_B5_d35_colon	5	1.34913719474941	0.702407602326593	3.36030089416952
GF13_B5_d65_colon	1	0	0	1
GF13_B6_d65_colon	0	0	1	Inf
GF13_B7_d65_colon	0	0	1	Inf
GF13_B8_d65_colon	2	0.161411966093257	0.0730415882967801	1.07879704998045
GF13_B9_d65_colon	1	0	0	1
GF13_inoc_200118	5	0.938543728205084	0.500785043886206	2.00314511364931
GF14_A_d66_stool	9	1.48264119630052	0.658725970141806	2.93019659426039
GF14_A_Dam_d0	0	0	1	Inf
GF14_A_Dam_d21	8	1.37589997062256	0.664785857056262	2.98316768862535
GF14_A1_d32	6	0.351801670977104	0.1340368719702	1.15478357869019
GF14_A1_d35_colon	1	0	0	1
GF14_A1_d94_stool	7	0.304281037542527	0.11384687247648	1.12847313736243
GF14_A1_d95_stool	7	0.937721711730901	0.48417269733994	1.93863332716806
GF14_a1_d97_colon	1	0	0	1
GF14_A2_d32	4	0.266994291084965	0.10628615732614	1.11892638588673
GF14_A2_d33	4	0.292593562096127	0.116635938015811	1.13203609138663
GF14_A2_d35_colon	1	0	0	1
GF14_A2_d94_stool	3	0.334295997591402	0.18331108101778	1.22445643225603
GF14_A2_d96_16_stool	1	0	0	1
GF14_a2_d97_colon	2	0.00806791286585587	0.00204450571421999	1.00204869428138
GF14_A3_d32	6	0.419562502070119	0.173525411449996	1.20995855632347
GF14_A3_d35_colon	1	0	0	1
GF14_a3_d97_colon	1	0	0	1
GF14_A4_d32	5	0.925968808944758	0.51080543655002	2.04417643758678
GF14_A4_d33	1	0	0	1
GF14_A4_d34	1	0	0	1
GF14_A4_d35_colon	1	0	0	1
GF14_A4_d94_stool	4	0.310517197858873	0.150535030375265	1.17721158112237
GF14_A4_d95_stool	4	0.327927867661678	0.13835100432236	1.16056538685286
GF14_a4_d97_colon	1	0	0	1
GF14_A5_d32	4	0.687653972789276	0.40189019552904	1.6719338029988
GF14_A5_d35_colon	1	0	0	1
GF14_A5_d94_stool	4	0.268935757696562	0.12757833052082	1.14623471078725
GF14_A5_d96_16_stool	5	0.445433722287962	0.18054445160524	1.22032244696971
GF14_A5_d96_stool	5	0.389353388725109	0.16706886504248	1.20057944532353
GF14_a5_d97_colon	2	0.512018244924727	0.33010423530552	1.49276955117946
GF14_A6_d34_colon	4	0.791704433131867	0.51566169969364	2.06467256330434
GF14_A6_d94_stool	4	0.083033399770937	0.0263387859119399	1.02705128388688
GF14_A6_d95_stool	6	0.432677284160247	0.18071713389282	1.2205796573673
GF14_A6_d96_16_stool	5	0.647126377006302	0.287284194377556	1.40308379877539
GF14_a6_d97_colon	1	0	0	1
GF14_A7_d32	5	0.528447909833872	0.27579375953192	1.38082212513616
GF14_A7_d34	1	0	0	1
GF14_A7_d35_colon	1	0	0	1
GF14_A7_d94_stool	4	0.140736402082415	0.0496610860821	1.05225618498286
GF14_A7_d95_stool	4	0.185298555568493	0.0772441449767399	1.08371027347726
GF14_a7_d97_colon	1	0	0	1
GF14_A8_d94_stool	5	0.15032487547539	0.0499753727678399	1.05260429186288
GF14_A8_d96_16_stool	5	0.687051582728916	0.30559554012886	1.44008291678537
GF14_A8_d96_stool	6	0.42431026999005	0.17557166502752	1.21296170640882
GF14_a8_d97_colon	1	0	0	1
GF14_Adam_d18_stool	9	1.58150694993827	0.724841210071411	3.63426514653421
GF14_Adam_d5_stool	9	1.27689795746564	0.58117981412308	2.38765951050381
GF14_Adam_d51_stool	8	1.45049779356807	0.67265734734642	3.05490284230781
GF14_Adam_d59_stool	9	1.381311875207	0.621472378792429	2.64181513837701
GF14_Adam_d78_stool	8	1.49373944529731	0.70409739989792	3.37949041223369
GF14_Adam_d9_stool	9	1.51800081715984	0.706439185826117	3.40644919797667
GF14_B_d0_stool	0	0	1	Inf
GF14_B_d66_stool	8	1.47743001137741	0.69864942923114	3.31839424577368
GF14_B_d78_stool	8	1.41035066906544	0.68134888326354	3.13822844947708
GF14_b1_d95_colon	2	0.419600638585162	0.25249490897792	1.33778353085553
GF14_b2_d95_colon	7	1.61595208890705	0.76371481650468	4.23217395694134
GF14_b3_d95_colon	5	1.48678560809623	0.75244693485954	4.0395379448548
GF14_Bdam_d18_stool	9	1.66978372498817	0.746844634295616	3.95014341180399
GF14_Bdam_d5_stool	8	1.65686431678214	0.767706543089864	4.30489955809153
GF14_Bdam_d51_stool	8	1.55686984986532	0.71862468564557	3.55397204013557
GF14_Bdam_d59_stool	8	1.42637895779276	0.6770996179082	3.09693037066677
GF14_Bdam_d9_stool	9	1.57005729875381	0.699465058850981	3.32740012251739
GF14_C_d66_stool	10	1.75188301758493	0.7601955364629	4.17006416498703
GF14_c_d78_stool	9	1.5560224185137	0.7131172845523	3.48574503151726
GF14_c1_d130_colon	4	0.0883657450918924	0.02829958139294	1.02912377194764
GF14_c2_d130_colon	4	0.819871381028786	0.524368994652194	2.10247016858951
GF14_c3_d130_colon	2	0.00300260068976406	0.000666577688879899	1.00066702231107
GF14_Cdam_d18_stool	10	1.63890103814646	0.746672695720932	3.94746236630849
GF14_cdam_d5_stool	9	1.627818809408	0.73743360359624	3.80856047726022
GF14_Cdam_d51_stool	10	1.55006788928981	0.701977359375741	3.35544976685439
GF14_Cdam_d59_stool	9	1.38202116963829	0.64749191741358	2.83681438639025
GF14_Cdam_d9_stool	10	1.71004594854406	0.76217188455764	4.20471733604751
GF14_d67_A1_stool	4	0.370444941889049	0.16695171924578	1.20041061617056
GF14_d67_A2_stool	0	0	1	Inf
GF14_d67_A3_stool	2	0.0622047297242041	0.02248085984382	1.02299787177592
GF14_d67_A4_stool	3	0.240456939910453	0.10716010314526	1.12002163380328
GF14_d67_A5_stool	2	0.410927965528317	0.24554534385528	1.32546070443785
GF14_d67_A6_stool	3	0.668265306871537	0.36440921744162	1.57333936778441
GF14_d67_A7_stool	3	1.07295480682073	0.64970441340866	2.85473194147494
GF14_d67_A8_stool	2	0.679564293654023	0.48647872365278	1.94733898293991
GF14_d67_A9_stool	2	0.184610919471675	0.08659984881632	1.09481041655631
GF14_d68_A1_colon	1	0	0	1
GF14_d68_A10_colon	4	0.29962951826511	0.14322187404326	1.16716331767145
GF14_d68_A2_colon	2	0.67052294659209	0.47754690642168	1.91404742797277
GF14_d68_A3_colon	2	0.648744804295701	0.45625881130718	1.83911026200544
GF14_d68_A4_colon	4	0.278218265598127	0.11467954404672	1.12953450163222
GF14_d68_A5_colon	3	0.375281125107369	0.17676716386654	1.2147231695674
GF14_d68_A6_colon	1	0	0	1
GF14_d68_A7_colon	3	0.883751731561073	0.51267085044608	2.05200120065741
GF14_d68_A8_colon	1	0	0	1
GF14_d68_A9_colon	1	0	0	1
GF14_d89_B1_stool	3	0.189438352140703	0.07718365382634	1.08363923563597
GF14_d89_B2_stool	4	0.183979642442857	0.0658635214179399	1.07050738615616
GF14_d89_B3_stool	4	0.808677676851102	0.52246906816534	2.09410518426111
GF14_d90_B2_stool	4	0.258570698328221	0.10330303479968	1.11520395273848
GF14_d90_B3_stool	5	0.85139889949327	0.50174021716586	2.00698518012416
GF14_d91_B2_stool	4	0.0913367966387172	0.0303088484233399	1.03125618747171
GF14_INOC	9	1.16900034565376	0.532694734060548	2.13992880647223
GF15_A_Dam_d0	0	0	1	Inf
GF15_A_Dam_d21	11	1.20750404853143	0.5649715998562	2.29870049787427
GF15_a1_d106_stool	6	0.886082991572562	0.485755038474643	1.94459853730758
GF15_A1_d108_colon	1	0	0	1
GF15_A1_d32	0	0	1	Inf
GF15_A1_d35_colon	1	0	0	1
GF15_A1_d72_stool	6	0.603120995920111	0.26584693753506	1.36211377589637
GF15_a1_d74_colon	0	0	1	Inf
GF15_a2_d105_stool	5	0.652931352869128	0.32403774575558	1.4793725444297
GF15_a2_d106_stool	7	1.10212169515513	0.532544184676592	2.13923961841859
GF15_A2_d108_colon	2	0.0556911331370641	0.0196676908875	1.02006226940057
GF15_A2_d32	1	0	0	1
GF15_a3_d105_stool	3	0.50353488690296	0.26354681629918	1.35785956545779
GF15_A3_d108_colon	4	0.561998969199554	0.27385761274194	1.37714037569964
GF15_A3_d32	2	0.60955261463979	0.41876212817208	1.72046600620694
GF15_A3_d33	0	0	1	Inf
GF15_A3_d35_colon	1	0	0	1
GF15_a3_d74_colon	0	0	1	Inf
GF15_a4_d105_stool	4	0.761590308213827	0.51265571291416	2.05193746289645
GF15_A4_d108_colon	3	0.536017748197751	0.31274036517527	1.45505417360213
GF15_A4_d32	6	0.365134865579251	0.1459781440716	1.17093022041328
GF15_a5_d105_stool	6	0.654036173845489	0.30803177371378	1.44515306051982
GF15_A5_d108_colon	3	0.099729933673879	0.03523928330582	1.03652644919724
GF15_A5_d32	5	0.237263332017767	0.0850864281131	1.0929994162592
GF15_A5_d35_colon	1	0	0	1
GF15_a5_d71_colon	0	0	1	Inf
GF15_a6_d105_stool	6	0.437379949044546	0.19191981542522	1.23750095484176
GF15_A6_d108_colon	3	0.564499111192624	0.31520141982714	1.4602834015041
GF15_A6_d32_colon	2	0.504071215668884	0.32318070325248	1.47749924507994
GF15_a6_d74_colon	0	0	1	Inf
GF15_A7_d108_colon	3	0.8224091296647	0.510015199559595	2.04087963361554
GF15_a7_d74_colon	1	0	0	1
GF15_a8_d105_stool	7	0.812347804405194	0.3641338840196	1.57265810344079
GF15_A8_d108_colon	3	0.747106736832087	0.5078775430665	2.032014564487
GF15_a8_d74_colon	0	0	1	Inf
GF15_a9_d105_stool	6	0.755635962186309	0.460716428769661	1.85431200457037
GF15_a9_d106_stool	6	1.19879761807266	0.618844336620207	2.62360000408435
GF15_A9_d108_colon	2	0.0690080699600434	0.0254985487215802	1.02616573704239
GF15_adam_d11_stool	10	0.981490102717251	0.417244210229554	1.71598466725472
GF15_adam_d18_stool	13	1.15575676078951	0.50309923213778	2.01247424974251
GF15_Adam_d5_stool	12	1.01777922780582	0.439048352978325	1.78268484513668
GF15_b_d5_stool	1	0	0	1
GF15_B1_d32	5	0.478740723344501	0.19707805111354	1.24545106954276
GF15_B1_d35_colon	4	0.767496037947757	0.41970031306494	1.72324752625949
GF15_B1_d94_stool	4	0.0878884584711695	0.0287393180460762	1.02958970601822
GF15_b1_d97_colon	3	0.787776234069043	0.45178286423062	1.82409475142833
GF15_b10_d94_stool	1	0	0	1
GF15_B10_d97_colon	3	0.58584908360348	0.30461218482914	1.43804648022815
GF15_B2_d32	5	0.391222921603824	0.153547207567297	1.18140079274357
GF15_B2_d33	5	0.444792232731897	0.1850072259238	1.22700474385617
GF15_B2_d35_colon	4	1.05143811956448	0.59494651220922	2.46880975017434
GF15_b2_d94_stool	4	0.851110994104269	0.54008122173106	2.17429695687538
GF15_b2_d95_stool	6	1.15002564055257	0.643830266271327	2.80765013223103
GF15_b2_d97_colon	3	0.959347951266118	0.56669603398078	2.30784871227244
GF15_B3_d34	2	0.682010971455169	0.48890519107038	1.95658414550187
GF15_B3_d35_colon	3	0.681238130157401	0.46330440422462	1.86325359826229
GF15_b3_d94_stool	2	0.0073940427305791	0.00185048467757976	1.00185391531947
GF15_b3_d97_colon	2	0.274759092115448	0.1444486968195	1.16883697831154
GF15_b4_d106_stool	8	0.917194023026323	0.40355415233954	1.67659814201485
GF15_B4_d32	6	0.369212552340626	0.144666531143392	1.16913465497472
GF15_B4_d33	7	0.395993469196401	0.15545883678332	1.18407490783659
GF15_B4_d34	4	1.20442334869697	0.6646804510201	2.98222994466673
GF15_B4_d35_colon	5	1.02733009674525	0.579794157992426	2.37978604776745
GF15_b4_d96_stool	5	0.361149665134594	0.15829943190086	1.18807095765464
GF15_b4_d97_colon	3	0.990011035620956	0.59862087545656	2.49141008799966
GF15_b5_d107_stool	6	0.996187699711243	0.55426345822384	2.24347771895754
GF15_B5_d32	4	0.782815696705586	0.51735061959574	2.07189740751851
GF15_B5_d35_colon	2	0.580976179347898	0.39209042369022	1.64498148897463
GF15_b5_d94_stool	3	0.0161662010568676	0.00412974618695994	1.00414687171461
GF15_b5_d95_stool	5	0.475462273098739	0.203052805997499	1.25478828148915
GF15_b5_d97_colon	3	0.481576545420826	0.24808539043866	1.32993825001404
GF15_B6_d32	3	0.681491681913604	0.48152369944978	1.92872846635184
GF15_B6_d34_colon	2	0.688578489121794	0.49543827045888	1.9819180517505
GF15_b6_d94_stool	4	0.0310429109730305	0.00815566056401995	1.00822272229598
GF15_b6_d95_stool	3	0.0551755307236513	0.0178809892980201	1.01820654024937
GF15_b6_d97_colon	4	0.845186944054673	0.446993401454036	1.80829668692802
GF15_B7_d32	2	0.6235005264445	0.4319859038	1.76051968901824
GF15_B7_d33	0	0	1	Inf
GF15_B7_d35_colon	1	0	0	1
GF15_b7_d97_colon	4	0.635053292201668	0.31093790799162	1.45124802481202
GF15_b8_d94_stool	4	0.153692974997238	0.0553676960343189	1.05861296062169
GF15_b8_d97_colon	2	0.480938070673471	0.30329088721182	1.43531924822696
GF15_b9_d106_stool	4	0.745520965707864	0.49800944749946	1.99206936269767
GF15_b9_d94_stool	4	0.241653237316083	0.0951737241897144	1.1051845273884
GF15_B9_d97_colon	3	0.655735702485863	0.35130348378054	1.5415529064776
GF15_bdam_d18_stool	11	1.35322389252977	0.61492176548768	2.59687489547791
GF15_c_d18_stool	13	1.28151922269208	0.55862229523842	2.26563324157973
GF15_c1_d105_stool	3	0.762754150769209	0.5089735023285	2.03654997182862
GF15_c1_d108_colon	5	0.378755617053717	0.18634391365276	1.22902048762311
GF15_C1_d36	4	0.839409775354931	0.531045648575904	2.13240371256446
GF15_C1_d37	4	0.751567176477229	0.38358567286092	1.62228545958889
GF15_C1_d39_colon	2	0.522062876273885	0.33892102298592	1.51267856756955
GF15_c1_d74_colon	1	0	0	1
GF15_c2_d105_stool	4	0.234833380426872	0.102026059446307	1.11361806266159
GF15_c2_d108_colon	5	0.315144571506042	0.139930624291254	1.16269690357937
GF15_C2_d36	2	0.307374525187005	0.16723860635118	1.20082415878864
GF15_C2_d37	6	0.44120859047736	0.205255315739761	1.25826572961707
GF15_C2_d39_colon	4	0.822236399425854	0.491268953964424	1.96567519869835
GF15_c2_d73_16_stool	2	0.382204414031237	0.22295084543358	1.28691987388878
GF15_c2_d74_colon	1	0	0	1
GF15_c3_d108_colon	3	0.328132169982234	0.16385413982225	1.1959635843768
GF15_C3_d36	3	0.303579401274291	0.15000864284856	1.17648255077708
GF15_C3_d39_colon	4	0.775107939123045	0.490331717547532	1.96206048998794
GF15_c4_d105_stool	6	0.5907147762297	0.27208773774418	1.37379194149165
GF15_c4_d108_colon	5	0.322536864738042	0.1568426260043	1.18601821064676
GF15_C4_d36	4	0.156830464165202	0.06069709342032	1.06461929692237
GF15_C4_d37	6	0.212243241070929	0.0783797507975201	1.08504560404933
GF15_C4_d38	4	0.497256626279958	0.231187055431007	1.3007065074335
GF15_C4_d39_colon	4	0.808252331275274	0.456516046684425	1.83998072785665
GF15_c4_d73_stool	5	0.448147365418632	0.25212956056905	1.33712999909569
GF15_c4_d74_colon	1	0	0	1
GF15_c5_d105_stool	5	0.900208892444915	0.52392072510594	2.10049051226295
GF15_c5_d108_colon	3	0.485913025819791	0.26325892327958	1.35732896074082
GF15_C5_d36	5	0.814965966935192	0.48846995770374	1.95491939341626
GF15_C5_d37	5	0.894044584485092	0.49000688362076	1.96081077936821
GF15_C5_d39_colon	3	0.727101519724753	0.5001554214735	2.00062187920076
GF15_c5_d71_stool	5	0.73794312466457	0.420350254493285	1.72517974475401
GF15_c5_d74_colon	1	0	0	1
GF15_c6_d105_stool	5	0.250227445392687	0.1121872095146	1.12636358781592
GF15_c6_d108_colon	3	0.293008286687944	0.12860246278158	1.14758185247125
GF15_C6_d36	4	0.366277387937954	0.17556277061662	1.21294862041581
GF15_C6_d39_colon	3	0.91107495169226	0.54863200195688	2.21548715091775
GF15_c6_d71_stool	3	0.139796019144994	0.0550442495686295	1.05825061072278
GF15_C6_d72_stool	4	0.150833435429952	0.0520769581504679	1.05493795999394
GF15_c6_d74_colon	2	0.186444242935282	0.0876959016478198	1.09612573461658
GF15_c7_d105_stool	4	0.490007223173433	0.259845595847858	1.35106944495658
GF15_c7_d108_colon	3	0.661600050245018	0.41069135991162	1.69690367996306
GF15_c7_d72_stool	5	0.163207198026131	0.0598611763417	1.06367269900499
GF15_c7_d74_colon	2	0.685977542895981	0.49284751335422	1.97179354598817
GF15_c8_d108_colon	3	0.183663733691342	0.0762461445671281	1.08253946018055
GF15_c8_d74_colon	2	0.479639716031088	0.30218629314168	1.43304723047384
GF15_c9_d108_colon	4	0.737202933804215	0.4046473203333	1.67967665915241
GF15_cdam_d11_stool	12	1.07994745852509	0.46787106390002	1.87924379254601
GF15_cdam_d23_stool	12	1.03523084850028	0.441857726309101	1.79165787494857
GF15_cdam_d5_stool	12	1.13552500477497	0.478725209930473	1.91837399208702
GF15_cdam_d59_stool	10	1.28221602626226	0.643517142685062	2.80518397864092
GF15_d67_B1_stool	4	0.409428450473081	0.187395699743898	1.2306112577608
GF15_d67_B2_stool	5	0.105696099407166	0.03486935484408	1.03612915517613
GF15_d67_B3_stool	6	0.23616351406622	0.0885523952408002	1.0971557715204
GF15_d67_B4_stool	3	0.399998045013545	0.21371147054504	1.27179777211449
GF15_d67_B5_stool	5	0.769051044143818	0.49283863295572	1.97175901987166
GF15_d67_B6_stool	3	0.158121805557326	0.0688050645024599	1.07388900205487
GF15_d67_B7_stool	3	0.669918395533785	0.47149986843702	1.8921471164872
GF15_d67_B8_stool	5	0.525352981320593	0.31695998256934	1.46404306406764
GF15_d68_B1_colon	5	0.738404399773092	0.406146640039064	1.68391739008731
GF15_d68_B2_stool	4	0.211902227016612	0.0926903592661	1.10215956615552
GF15_d68_B5_colon	2	0.682460310626428	0.48935125439022	1.95829326635449
GF15_d68_B8_stool	6	0.671135680324498	0.39823659968284	1.6617826864727
GF15_d69_B2_stool	2	0.572169641268031	0.3839859268755	1.62333953659188
GF15_d69_B9_stool	3	0.432290252803628	0.254269347219787	1.34096673681285
GF15_d70_B2_colon	3	0.674403946801535	0.36525925567886	1.57544636758667
GF15_d70_B4_colon	4	0.80741775860872	0.432660865321743	1.76261417356148
GF15_d70_B6_colon	4	0.972835912756256	0.57011441502576	2.32620035412428
GF15_d70_B7_colon	4	0.841557941279404	0.50872478948032	2.03551894861982
GF15_d70_B8_colon	3	0.86992394674677	0.54166087068974	2.18179059140089
GF15_d70_B9_colon	2	0.62421498648027	0.4326668765195	1.76263284940099
GF15_d71_A1_stool	3	0.0501812298374155	0.01597860547714	1.01623806714577
GF15_d71_A3_stool	3	0.406953077788464	0.21937597270664	1.28102641609339
GF15_d71_A4_stool	1	0	0	1
GF15_d71_A5_stool	2	0.338505386996529	0.18985005084128	1.23433939734049
GF15_d71_A6_stool	4	0.797198989970155	0.5203124736177	2.08469043909018
GF15_d71_A7_stool	5	0.286039317008765	0.12315253652008	1.1404492134029
GF15_d71_A8_stool	5	0.311748930993928	0.12080969859076	1.13741018116
GF15_d71_C2_stool	3	0.327474008808724	0.16458954094393	1.19701637579436
GF15_d71_C3_stool	4	0.498022868950343	0.2890468982849	1.40656253919929
GF15_d71_C4_stool	2	0.0160396439349608	0.00451416490231993	1.00453463499245
GF15_INOC	12	1.75589416095094	0.783140293531091	4.61127618534045
GF16_A1_d32	2	0.692750849384831	0.49960372118712	1.99841614004876
GF16_A1_d35_colon	1	0	0	1
GF16_A2_d32	1	0	0	1
GF16_A2_d35_colon	2	0.685786101867236	0.49265700093918	1.97105311761702
GF16_A3_d32	3	0.354618519948627	0.19658301779502	1.24468367255008
GF16_A3_d34	3	0.887979353585729	0.51592611096938	2.06580033061181
GF16_A3_d35_colon	1	0	0	1
GF16_a4_d100_stool	4	0.925135107994478	0.53817590499826	2.1653266055688
GF16_A4_d32	2	0.678166310502156	0.4850940895395	1.94210239130031
GF16_A4_d35_colon	0	0	1	Inf
GF16_A5_d32	1	0	0	1
GF16_A5_d35_colon	0	0	1	Inf
GF16_A6_d32	2	0.507783959342295	0.32640954226782	1.4845816007649
GF16_A6_d33	3	0.400960918356916	0.22820627239158	1.29568298397388
GF16_A6_d35_colon	1	0	0	1
GF16_A7_d32	3	0.659192886567569	0.416601933835143	1.7140955001339
GF16_A7_d34	3	0.751657996468696	0.46777813549802	1.87891566787798
GF16_A7_d35_colon	0	0	1	Inf
GF16_Adam_d21	9	1.26554691460492	0.57297139392638	2.34176349260218
GF16_ADam_do	0	0	1	Inf
GF16_B1_d32	1	0	0	1
GF16_B1_d34	0	0	1	Inf
GF16_B1_d35_colon	0	0	1	Inf
GF16_B2_d32	1	0	0	1
GF16_B2_d34	8	1.24850152928153	0.58961445887512	2.43673302246217
GF16_B3_d35_colon	0	0	1	Inf
GF16_B4_d35_colon	0	0	1	Inf
GF16_B5_d32	2	0.686840636257661	0.49370672438798	1.97513980171112
GF16_B5_d33_colon	2	0.604555519389202	0.4140571513595	1.70665108776426
GF16_B5_d33	0	0	1	Inf
GF16_B6_d32	3	0.483033972625063	0.29071693211542	1.40987434393785
GF16_B6_d35_colon	0	0	1	Inf
GF16_c1_d105_stool	2	0.0295171742932558	0.00922108915199993	1.00930690898952
GF16_C1_d34	2	0.0532203202595718	0.0186209251171201	1.0189742430766
GF16_C1_d35_colon	3	0.0824634280005532	0.0290533983507401	1.02992275610357
GF16_c1_d67_stool	2	0.679530451072457	0.48644518875	1.94721182256279
GF16_c1_d69_stool	4	0.245876515813758	0.0953992419336875	1.10546005083791
GF16_c10_d105_stool	1	0	0	1
GF16_c10_d106_stool	2	0.0134920577714023	0.00369395203968015	1.00370764791325
GF16_c2_d105_stool	1	0	0	1
GF16_C2_d32	3	0.237699770500635	0.11412248632042	1.12882422745601
GF16_C2_d35_colon	2	0.660704879506142	0.46791008088062	1.8793815933499
GF16_c2_d67_stool	3	0.700804315675628	0.50016449735142	2.00065820595195
GF16_c2_d68_stool	3	0.662594755375261	0.45508044318318	1.83513325497356
GF16_c2_d69_stool	4	0.609795155623738	0.36811506006414	1.58256659844038
GF16_c3_d105_stool	3	0.268702028039108	0.12683995825726	1.14526541778538
GF16_C3_d32	3	0.618124746169166	0.41598408633586	1.71228210842057
GF16_C3_d33	2	0.693147035514958	0.49999985495502	1.99999941982025
GF16_C3_d35_colon	2	0.692063673057952	0.49891688388408	1.99567690037407
GF16_c3_d67_stool	2	0.616322821215368	0.42516409931232	1.73962690709417
GF16_c4_d105_stool	1	0	0	1
GF16_C4_d33	4	0.549550474790837	0.267142914213194	1.36452252341449
GF16_C4_d34	3	0.588744973141235	0.3226473768105	1.47633590801085
GF16_C4_d35_colon	3	0.713522292968926	0.50336046445194	2.01353281086747
GF16_c4_d67_stool	2	0.687043542345801	0.493908790062	1.97592841045887
GF16_c4_d69_stool	2	0.692602799547431	0.49945571777822	1.99782523848094
GF16_c5_d105_stool	1	0	0	1
GF16_C5_d32	2	0.449189020372404	0.27664170726702	1.38244077664724
GF16_C5_d35_colon	2	0.691160356259357	0.498014491872	1.99208938068589
GF16_c5_d67_stool	2	0.651846936413033	0.45927153633822	1.84935705664181
GF16_c5_d68_stool	2	0.635939163808162	0.443891519928	1.79821030578518
GF16_c6_d105_stool	2	0.130625282452959	0.0559837154584801	1.05930376030078
GF16_c7_d105_stool	2	0.00216180827387581	0.000461093647279975	1.00046130635271
GF16_inoc_200622	9	0.815794186551384	0.392640547680447	1.64647145307597
GF17_a1_d31_stool	5	0.28541289772071	0.12434101805868	1.14199707948295
GF17_a2_d31_stool	5	0.872949232948246	0.53825351770118	2.1656905647044
GF17_a3_d31_stool	5	0.71419795701344	0.454727033846209	1.83394384477509
GF17_a4_d31_stool	3	0.439632782473774	0.26276642231432	1.35642221172182
GF17_a5_d31_stool	5	0.633809398407419	0.424050579587412	1.73626357551265
GF17_a6_d31_stool	4	0.572959001301604	0.33544086359866	1.50475698132014
GF17_a7_d31_stool	2	0.67158047532543	0.47858878733918	1.91787206664945
GF17_b2_d31_stool	3	0.474014599356592	0.28466273155512	1.39794198361001
GF17_b3_d31_stool	2	0.333119565678154	0.18587946270222	1.22831933870528
GF17_b6_d31_stool	3	0.465584918684748	0.28622260441282	1.40099701417045
GF17_inoc_200903	5	1.02078722239625	0.579978733596601	2.38083182921404
GF18_a1_d32_stool	6	0.536792148425519	0.28479599210504	1.398202455469
GF18_a1_d33_stool	6	1.3140233088935	0.672829176831338	3.0565072713849
GF18_a1_d35_colon	2	0.177768201446271	0.08254033719168	1.08996617566709
GF18_a2_d33_stool	2	0.00827672969314218	0.0021051794326199	1.00210962056244
GF18_a2_d35_colon	2	0.325028259054718	0.17996015875998	1.21945294571036
GF18_a2_d54_colon	5	0.948135617779693	0.48391557988994	1.9376674842979
GF18_a3_d35_colon	3	0.820263118514068	0.503319887062	2.01336831081221
GF18_a3_d54_colon	5	0.832726305851552	0.42020671124342	1.72475263062219
GF18_a4_d32_stool	4	0.103013967617899	0.0333474192663401	1.03449783296604
GF18_a4_d33_stool	5	1.18835575223512	0.6491184589545	2.84996468329557
GF18_a4_d35_colon	2	0.0206566415527864	0.00606211315181993	1.00609908650433
GF18_a4_d54_colon	3	0.0988213878712711	0.0347356418918398	1.03598562569939
GF18_a5_d54_colon	5	0.666039126216903	0.3086858240729	1.4465203156856
GF18_adam_d33_stoolsoln	6	0.592686513583165	0.30116863381978	1.4309603838562
GF18_b1_d35_colon	0	0	1	Inf
GF18_b3_d32_stool	3	0.0122334961552977	0.00298582027250405	1.00299476209388
GF18_b3_d33_stool	5	0.494358986247577	0.22224711925474	1.28575544335082
GF18_b3_d35_colon	1	0	0	1
GF18_b4_d32_stool	4	0.109987189812951	0.0357235944279584	1.03704704815085
GF18_b4_d35_colon	3	0.341481854621799	0.18193962271688	1.22240366086563
GF18_bdam_d33_stoolsoln	7	0.444528294907681	0.190976126387633	1.23605746704965
GF18_d0_innoculum	8	1.00588233387795	0.52438865768668	2.10255709028324
GF2_A_dam_d33	3	0.570637795391445	0.29734101869056	1.42316547087529
GF2_A_dam_day19	9	1.25288105549742	0.6215730616247	2.64251800966733
GF2_A_dam_day29	3	0.726419796745516	0.50595120439258	2.02409156522794
GF2_A_day1_dad	5	1.0975865418466	0.586265262769522	2.41700758967921
GF2_A_day1_mom	6	1.2702373220258	0.677286031703047	3.09871929398428
GF2_A0	0	0	1	Inf
GF2_A1_d37	11	1.4618687680075	0.7030904032282	3.36802855439053
GF2_A1_d39	7	1.08049450543671	0.53465036062384	2.14892183292671
GF2_A1_day28	3	0.352016343686825	0.194773899033098	1.24188721503093
GF2_A1_day29	6	0.563446615775346	0.27434298456906	1.37806150665565
GF2_A1_day30	2	0.363989663277425	0.20896417736478	1.26416525192076
GF2_A1_day31	6	1.40704461894198	0.68985080192162	3.22425466902959
GF2_A1_day32	4	0.75282767159252	0.393918635989263	1.64994348841633
GF2_A1_day41	8	1.1434821288732	0.601291351019204	2.50809708431523
GF2_A1_day42	6	1.25477006650508	0.683406241614485	3.15862196746881
GF2_A1_day44	5	0.885045413598401	0.538386801609155	2.16631587546876
GF2_A1_Liver	0	0	1	Inf
GF2_A1_Spleen	0	0	1	Inf
GF2_A2_Colon	7	0.994082920393461	0.49106826757168	1.96490007653599
GF2_A2_d36	6	0.748103077922632	0.34438567448578	1.52528698822386
GF2_A2_D37	7	1.25165125701148	0.607347530754764	2.54678138640569
GF2_A2_d39	7	0.856348723789811	0.38755907473676	1.63281054343352
GF2_A2_day28	2	0.312276283143146	0.17074409982062	1.20590037379738
GF2_A2_day29	5	0.452315207007863	0.25799820768422	1.34770563946889
GF2_A2_day30	7	1.3602152701116	0.66927134755248	3.02362674839211
GF2_A2_day31	4	0.734490214509364	0.456376753789985	1.83950926854529
GF2_A2_day32	7	1.27230129513244	0.64214833780366	2.79445397532159
GF2_A2_day34	12	1.89113194043509	0.78972350404798	4.75564325662044
GF2_A2_day41	8	1.06242668692889	0.54948194538736	2.21966686964368
GF2_A2_day42	8	1.27512742920764	0.64832326920734	2.84352051881867
GF2_A2_day44	6	1.50800756672303	0.7565104530698	4.10695248567145
GF2_A2_Liver	0	0	1	Inf
GF2_A2_Spleen	0	0	1	Inf
GF2_A25_N713	11	1.50421389112167	0.65380680471356	2.88856053098502
GF2_A3_Colon	9	1.34505225178133	0.6911890009418	3.23822662745097
GF2_A3_d37	6	1.06223380810584	0.53604023651652	2.15535931929064
GF2_A3_d39	6	1.32072165603351	0.67702808464382	3.09624444867653
GF2_A3_day28	1	0	0	1
GF2_A3_day30	7	1.37738765077173	0.67784592667484	3.10410478339869
GF2_A3_day32	7	1.06733811606047	0.52948460079566	2.12532895138191
GF2_A3_day41	10	1.33716409783305	0.65874843980193	2.93038953263562
GF2_A3_day42	6	0.788648495227096	0.404633900056	1.67963879719396
GF2_A3_Liver	0	0	1	Inf
GF2_A3_Spleen	0	0	1	Inf
GF2_A4_Colon	4	0.526967860834956	0.26559309094382	1.3616429634154
GF2_A4_d36	6	1.00593782813622	0.55872724971442	2.26617211090607
GF2_A4_d37	6	0.98092346559533	0.48104634889314	1.92695435877006
GF2_A4_D39	7	1.05367906090408	0.5125184635655	2.05135974444104
GF2_A4_day28	3	0.516625423210488	0.32615268581256	1.48401570941312
GF2_A4_day29	6	0.74949902863928	0.434354549057266	1.76789188056467
GF2_A4_day30	7	1.22847168207672	0.615517074291499	2.60089573069406
GF2_A4_day31	3	0.657649542816812	0.41094595628672	1.69763710252492
GF2_A4_day32	7	1.23910579323858	0.62960308155392	2.69980647839967
GF2_A4_day41	9	1.2031695445486	0.619929368448027	2.63108990009731
GF2_A4_day42	7	1.32975779239107	0.682995850513603	3.15453284009114
GF2_A4_day44	5	1.08381048590233	0.61175455785178	2.57569025013365
GF2_A4_Liver	0	0	1	Inf
GF2_A4_Spleen	0	0	1	Inf
GF2_A5_Colon	7	0.415581528838979	0.180589397021739	1.22038938276532
GF2_A5_d39	7	1.28790042449861	0.66956663630398	3.02632878476504
GF2_A5_day28	1	0	0	1
GF2_A5_day31	5	1.03965151086987	0.59429533449374	2.46484717830924
GF2_A5_day32	4	0.847906800685745	0.4786027091227	1.91792327558397
GF2_A5_day42	8	1.60017282817563	0.780681420941956	4.55957723369777
GF2_A5_Liver	0	0	1	Inf
GF2_A5_Spleen	0	0	1	Inf
GF2_A6_Colon	2	0.534158810234581	0.349635300728	1.53759882896377
GF2_A6_d33	13	1.78465423207107	0.76992914470054	4.34648707981026
GF2_A6_d36	7	1.08887389320475	0.5930993690749	2.4576024807985
GF2_A6_d37	7	1.07503916813365	0.5325468783951	2.13925194587794
GF2_A6_D39	7	0.931372526961627	0.41964362611366	1.72307920614971
GF2_A6_day28	4	0.444039183961007	0.24963429006024	1.33268349919705
GF2_A6_day29	6	0.684501834154766	0.37742028460776	1.60622001532764
GF2_A6_day30	8	1.2649031730544	0.6307049290402	2.70786175781061
GF2_A6_day31	5	1.33954931112177	0.71199560737974	3.472169264163
GF2_A6_day32	4	0.928904077859572	0.55719788138886	2.25834511166416
GF2_A6_day44	8	1.24342904334418	0.5635498255219	2.29121228143804
GF2_A6_Liver	0	0	1	Inf
GF2_A6_Spleen	0	0	1	Inf
GF2_B_dam_d33	9	1.14893839830676	0.60332635983228	2.52096408417051
GF2_B_dam_day19	10	1.31463822349834	0.673034114010771	3.0584230430478
GF2_B_dam_day37	10	1.29811583602816	0.673729092603635	3.06493768623129
GF2_B_day1_dad	4	0.943502335408546	0.532002098890895	2.13676171972162
GF2_B_day1_mom	5	1.29928290139381	0.688580456145584	3.21110225653495
GF2_B_Sire_day23	11	1.5194065134908	0.711047348218823	3.46077460731282
GF2_B0	0	0	1	Inf
GF2_B1_d34	7	1.1041123813523	0.58688984893738	2.42066189230102
GF2_B1_d35	5	0.717691979401559	0.341415110431439	1.51840714209993
GF2_B1_day29	7	1.44379430199755	0.70725639829004	3.41595851850851
GF2_B1_day32	6	1.11491633000398	0.60137020003954	2.50859318620733
GF2_B1_day37	6	0.919414024370249	0.549629939067202	2.22039626241766
GF2_B1_day41	9	1.29720665625144	0.648760447467904	2.84705977100521
GF2_B1_day44	10	1.48363324940553	0.671553914891276	3.04463973035019
GF2_B1_Liver	0	0	1	Inf
GF2_B1_Spleen	0	0	1	Inf
GF2_B2_d35	7	1.08554359987141	0.582427383941937	2.39479305285898
GF2_B2_day27	6	0.361514072365086	0.13318601886338	1.15365005844592
GF2_B2_day28	6	0.710091657382262	0.34518513317468	1.52714919996886
GF2_B2_day29	7	1.26326808674872	0.661725706750332	2.95618088620744
GF2_B2_day30	8	1.13478117238222	0.516770756993163	2.06941118417755
GF2_B2_day31	7	0.454891360583673	0.18813389226704	1.23173019599547
GF2_B2_day37	9	0.973341364590358	0.56394171486136	2.29327141366449
GF2_B2_day41	7	1.53902818171524	0.730169535553866	3.70603075546952
GF2_B2_day44	10	1.46534107633858	0.7216524340575	3.59263066164758
GF2_B2_Liver	0	0	1	Inf
GF2_B2_Spleen	0	0	1	Inf
GF2_B3_COLON	0	0	1	Inf
GF2_B3_d35	6	0.695635143581103	0.32103053482355	1.4728202832216
GF2_B3_day27	6	0.515868757465223	0.21820553452468	1.27910856901758
GF2_B3_day28	6	0.839195477193127	0.40046910562532	1.66797075744198
GF2_B3_day31	7	0.606516992131975	0.25819320412256	1.34805990664612
GF2_B3_day37	5	0.939319876617672	0.560125483486931	2.27337561613504
GF2_B3_day41	8	1.15008695528305	0.59305402388098	2.45732863496242
GF2_B3_day44	8	1.09780279768386	0.5607850137734	2.27678934316708
GF2_B3_Liver	0	0	1	Inf
GF2_B3_Spleen	0	0	1	Inf
GF2_B4_d35	6	0.583790188850663	0.26967427874008	1.36925206231933
GF2_B4_day27	5	0.426762339481959	0.180377570389164	1.22007398025309
GF2_B4_day28	7	1.27414712047285	0.64297478362323	2.80092260750764
GF2_B4_day29	7	1.23911698364571	0.619299781823198	2.62673871002508
GF2_B4_day32	13	1.52144389177501	0.682782445219591	3.15241065612602
GF2_B4_day37	5	0.860699132918205	0.53016436513234	2.12840390508411
GF2_B4_day41	2	0.00210055691602207	0.000446500274219774	1.00044669972577
GF2_B5_d34	7	1.02759210254979	0.57306633960888	2.34228427686842
GF2_B5_d35	6	1.01145636668605	0.57236183636312	2.33842553128427
GF2_B5_day27	7	1.31357761013517	0.659124234057927	2.93362010419343
GF2_B5_day28	7	1.0220483971769	0.481864644755264	1.92999761525183
GF2_B5_day29	9	1.62565307158404	0.7482438493687	3.97209759321635
GF2_B5_day30	8	0.872785348412402	0.39113902169524	1.64241105216544
GF2_B5_day31	8	0.590859118811728	0.258356681923074	1.34835705469981
GF2_B5_day37	9	1.05864577049223	0.56886598169436	2.31946438355759
GF2_B5_day41	7	1.49918708874406	0.71374303719734	3.49336480835012
GF2_B5_day44	11	1.22614659783585	0.6055670257845	2.53528499230809
GF2_B5_Spleen	0	0	1	Inf
GF2_colon_A1_day45	4	0.494059822413408	0.23869161661222	1.31352815996857
GF2_colon_B1_day44	6	0.950324461453815	0.423718967384349	1.73526446890184
GF2_colon_B2_day44	10	0.999817025065214	0.446928806213537	1.80808548923648
GF2_colon_B3_day44	9	1.32137324371446	0.67544511156124	3.08114293027723
GF2_colon_B5_day44	8	1.08068231145821	0.4939154452775	1.97595439471242
GF2_Inoc	12	1.89964924032784	0.816526024927227	5.4503642797479
GF20_d0_inoc	6	1.41987708319914	0.70459024562186	3.38512857202389
GF20_d123_b10	0	0	1	Inf
GF20_d127_a1	2	0.542747233593876	0.357306632672	1.55595195288463
GF20_d127_a2	2	0.639843318202944	0.44765019212088	1.81044690472464
GF20_d127_a3	1	0	0	1
GF20_d127_a4	0	0	1	Inf
GF20_d127_a5	1	0	0	1
GF20_d127_a6	1	0	0	1
GF20_d127_a7	2	0.643125565853204	0.45081817427598	1.82089055602239
GF20_d127_a8	0	0	1	Inf
GF20_d127_a9	2	0.429717373656977	0.26067538635648	1.35258583516086
GF20_d127_b1	0	0	1	Inf
GF20_d127_b2	0	0	1	Inf
GF20_d127_b5	0	0	1	Inf
GF20_d127_b6	0	0	1	Inf
GF20_d127_b8	0	0	1	Inf
GF20_d140_c1	0	0	1	Inf
GF20_d140_c3	0	0	1	Inf
GF20_d140_c5	0	0	1	Inf
GF20_d140_c6	0	0	1	Inf
GF20_d140_c7	0	0	1	Inf
GF20_d140_c8	1	0	0	1
GF20_d140_c9	0	0	1	Inf
GF20_d161_b2	4	0.485625568323828	0.299303148929847	1.42715069786989
GF20_d161_b4	6	0.567841757308056	0.306624520452593	1.44222002291275
GF20_d161_b6	2	0.238016526564572	0.11992623400632	1.13626838867412
GF20_d161_b8	5	0.819515439397076	0.48840408950254	1.95466769667418
GF20_d164_b1	3	0.453018804952829	0.242757256837026	1.32058049948823
GF20_d164_b2	3	0.974430133257883	0.58461673356438	2.40741522541566
GF20_d164_b3	4	1.03866505353331	0.5757905344595	2.35732599395411
GF20_d164_b4	3	1.02679811706879	0.61566508216758	2.60189733901832
GF20_d164_b5	4	1.08759463480593	0.60727850542424	2.54633376021411
GF20_d164_b6	4	0.512313335278368	0.241023841805066	1.31756444415631
GF20_d164_b7	3	1.0417980267281	0.6295109328985	2.69913497805331
GF20_d164_b8	4	0.708365177034796	0.35729000761654	1.55591170489126
GF20_d164_b9	2	0.648222527625774	0.455752229838	1.83739843289085
GF20_d167_damb	5	0.614619697076561	0.280609972620183	1.39006653128377
GF20_d170_c1	3	0.840003125267098	0.51883635996354	2.07829502645758
GF20_d170_c2	3	0.260266810662505	0.11464910530848	1.12949566775829
GF20_d170_c5	3	0.841766966381084	0.52782066692334	2.11783940962458
GF20_d170_c6	3	0.767644181417748	0.44425067958606	1.79937242074388
GF20_d170_c7	3	0.0838495776950131	0.02794145212278	1.02874461850451
GF20_d170_c8	2	0.692338162298037	0.49919119993182	1.99677002453603
GF20_d170_c9	2	0.0265684489869829	0.00814475852238017	1.0082116403501
GF20_d33_a3	6	0.424276400854197	0.17809494136948	1.21668553989219
GF20_d33_a4	6	0.50154987904777	0.222273657277646	1.28579931663315
GF20_d33_a5	6	0.251537410683819	0.0903406747583402	1.09931264623087
GF20_d33_b2	4	0.517153482600712	0.27719043492125	1.38349026951663
GF20_d33_b3	3	0.186347862994549	0.0787236117067402	1.08545059084015
GF20_d33_b4	5	0.673773299861763	0.352342727588542	1.54402651309178
GF20_d34_a2	2	0.560729019506527	0.37353895546752	1.59626844913603
GF20_d34_a4	7	0.979692651085546	0.52840932159317	2.1204829649693
GF20_d34_b3	5	0.334503978929869	0.14482322064856	1.16934886931611
GF20_d35_a2	3	0.0290919974716332	0.00814383062199997	1.00821069714887
GF20_d35_a3	2	0.425222067417789	0.2570306746755	1.34595058761442
GF20_d35_b5	0	0	1	Inf
GF20_d36_a1	2	0.115991142033859	0.0482756353996801	1.05072438743328
GF20_d36_a2	3	0.723131688620965	0.50382733989174	2.01542745177014
GF20_d36_a3	2	0.271901771058964	0.1424972318	1.16617699333976
GF20_d36_a4	2	0.292636308352622	0.15682419743022	1.18599228885869
GF20_d36_a5	3	0.652251536365372	0.40415587638274	1.67829128519248
GF20_d36_b1	0	0	1	Inf
GF20_d36_b3	0	0	1	Inf
GF20_d36_b4	0	0	1	Inf
GF20_d36_b5	2	0.688525082660762	0.49538502776462	1.98170893655836
GF20_d39_dama	10	1.21770403983127	0.590053285263977	2.43934141695447
GF20_d39_damc	8	1.12205059713223	0.591434211410132	2.44758623440161
GF20_d40_c1	0	0	1	Inf
GF20_d40_c2	0	0	1	Inf
GF20_d40_c3	1	0	0	1
GF20_d40_c4	0	0	1	Inf
GF20_d40_c5	4	1.12342072173374	0.61982063194606	2.63033737237976
GF20_d40_c6	1	0	0	1
GF20_d66_c1	5	0.964704639607301	0.5148335190061	2.06114816083631
GF20_d66_c10	5	1.15050990514569	0.627619045847463	2.68542198210914
GF20_d66_c2	5	0.902735171962664	0.455171788025693	1.83544092985985
GF20_d66_c3	5	0.925675740783403	0.515312405497576	2.06318463963698
GF20_d66_c4	5	1.11245550706823	0.59940323650914	2.49627578437192
GF20_d66_c5	5	0.902924913291767	0.459655944242164	1.85067271369812
GF20_d66_c6	6	0.992260269647154	0.48773313777364	1.95210753171483
GF20_d66_c7	5	1.29470283390241	0.68349841590338	3.15954184827942
GF20_d66_c8	5	0.906962637667417	0.477491281882872	1.91384366485505
GF20_d66_c9	5	1.20047790376734	0.6484351837635	2.84442570421294
GF20_d68_b2	2	0.582787217674352	0.39376383940608	1.64952219118753
GF20_d68_b3	4	0.674425218162107	0.40222347317286	1.67286595428524
GF20_d68_b4	1	0	0	1
GF20_d68_b5	2	0.410974988719042	0.24558286619678	1.3255266286951
GF20_d68_b6	1	0	0	1
GF20_d68_b7	2	0.12081926263655	0.0507888617590198	1.05350639042557
GF20_d68_b8	2	0.119227189570363	0.0499568320252799	1.0525837495698
GF20_d75_dama	8	1.11159608282675	0.57577442992436	2.35723650467769
GF20_d75_damc	8	1.68015995762413	0.77149040996226	4.37618394849355
GF20_d81_a1	7	1.54960960851792	0.751749582286809	4.02819060371258
GF20_d81_a2	4	0.991275427161474	0.52416261876342	2.10155830422834
GF20_d81_a3	2	0.261517798454465	0.13546769796608	1.15669477895433
GF20_d81_a4	5	1.23651435132261	0.64589102506384	2.82398942353913
GF20_d81_a5	5	1.43055345340273	0.737522977850819	3.80985730412487
GF20_d81_a6	4	1.22100268846134	0.6735049902755	3.06283394911246
GF20_d81_a7	6	1.36000811110648	0.722074923746738	3.59809202350902
GF20_d89_b2	6	1.30631970044081	0.666112153363744	2.99501766858085
GF20_d89_b3	1	0	0	1
GF20_d89_b4	0	0	1	Inf
GF20_d89_b5	1	0	0	1
GF20_d89_b6	2	0.0724725844387818	0.02706507929472	1.02781797499374
GF20_d89_b7	0	0	1	Inf
GF23_d0__inoc	15	1.76004135327607	0.701039907387952	3.34492805130908
GF23_d0_dama	0	0	1	Inf
GF23_d0_damb	0	0	1	Inf
GF23_d0_damc	0	0	1	Inf
GF23_d10_dama	13	1.89169338794354	0.806986042383733	5.18097246618874
GF23_d10_damb	13	2.04153952084958	0.84054159921626	6.27122807631951
GF23_d10_damc	0	0	1	Inf
GF23_d17_dama	13	1.73875626954756	0.732181330923567	3.73386964937313
GF23_d17_damb	13	1.76015327617896	0.75436076357784	4.07101086359583
GF23_d17_damc	13	1.76481104019921	0.774961144982083	4.44367707043472
GF23_d19_dama	0	0	1	Inf
GF23_d32_dama	0	0	1	Inf
GF23_d32_damb	8	1.59885552340948	0.746539562813305	3.94538891789023
GF23_d32_damc	0	0	1	Inf
GF23_d35_c1	0	0	1	Inf
GF23_d36_c1	1	0	0	1
GF23_d36_c2	1	0	0	1
GF23_d36_c3	1	0	0	1
GF23_d36_c4	3	0.49066502184968	0.24377835180422	1.3223636249846
GF23_d39_damb	14	1.53026863018153	0.664142018283277	2.97744896485278
GF23_d47_dama	0	0	1	Inf
GF23_d47_damb	14	1.72933052819764	0.753720664745259	4.06042999493094
GF23_d47_damc	0	0	1	Inf
GF23_d52_a1	0	0	1	Inf
GF23_d52_a2	6	0.366148351696619	0.164405001850798	1.19675201768195
GF23_d52_a5	5	0.444285125727663	0.23561849352886	1.30824724503948
GF23_d52_a6	0	0	1	Inf
GF23_d52_a8	3	0.160237231000424	0.0704856642006201	1.07583063701756
GF23_d52_a9	2	0.0374674797188665	0.01223403441198	1.0123855597765
GF23_d54_damc	11	1.68871535156062	0.745712796868613	3.93256124447329
GF23_d56_c2	1	0	0	1
GF23_d56_c3	2	0.436412606491279	0.26613259847502	1.36264398435193
GF23_d56_c6	3	0.0298749527463679	0.00834852796001984	1.00841881265284
GF23_d57_c2	4	0.24732899583234	0.0962646023763	1.10651857018041
GF23_d57_c4	1	0	0	1
GF23_d57_c5	0	0	1	Inf
GF23_d58_c3	3	0.956613553232717	0.56914106264098	2.3209452405225
GF23_d59_c1	3	0.529987030932939	0.26848036459018	1.3670173042447
GF23_d59_c2	1	0	0	1
GF23_d59_c4	2	0.177947928172086	0.0826463242108799	1.09009210557726
GF23_d59_c6	1	0	0	1
GF23_d62_dama	11	1.54968383073543	0.699521331850027	3.32802327085956
GF23_d62_damb	14	1.83650052216182	0.788547283007776	4.72918964685979
GF23_d62_damc	11	1.78220138994427	0.790190117249716	4.76621971706737
GF23_d7_damb	14	1.52072644949517	0.6374247027318	2.75804779733875
GF23_d7_damc	13	1.81702635352943	0.77678778702782	4.48004160114946
GF23_d77_damb	14	1.83889598823676	0.783589438339084	4.62084656277939
GF23_d80_c3	1	0	0	1
GF23_d80_c5	0	0	1	Inf
GF23_d80_c7	2	0.618418390836977	0.42715209695928	1.74566406666049
GF23_d82_c2	0	0	1	Inf
GF23_d82_c6	0	0	1	Inf
GF23_d83_c4	0	0	1	Inf
GF23_d83_c5	0	0	1	Inf
GF23_d84_c1	1	0	0	1
GF23_d84_c2	1	0	0	1
GF23_d84_c3	1	0	0	1
GF23_d84_c4	1	0	0	1
GF23_d84_c5	1	0	0	1
GF23_d84_c9	3	0.224938133915208	0.101546423082994	1.11302356147487
GF23_d89_damb	14	1.82630890429298	0.77818155986146	4.50819147125657
GF23_d89_damc	10	1.6851946009866	0.766862757318224	4.28931898008661
GF3_AB_Sire_day4	6	1.12962962684383	0.61761223155954	2.6151464103531
GF3_B_Sire_day19	7	1.29066208417883	0.6543570306404	2.89315880445298
GF3_B_Sire_day30	7	1.32569234729246	0.66369181385336	2.97346315431041
GF3_C_dam_day19	8	1.43688225332433	0.70059278367698	3.33993285893662
GF3_C_dam_day4	8	1.04111948911612	0.554684507095476	2.24559894262291
GF3_C_Sire_day19	13	1.39217903020362	0.630470935089727	2.70614708004853
GF3_C_Sire_day30	7	1.18964561450345	0.62632907329152	2.67615147051607
GF3_C_Sire_day4	13	1.59108055130119	0.71688710730674	3.53215987617863
GF3_C1_day30	8	1.11942276792359	0.60584818245189	2.53709346368279
GF3_C1_day32	11	1.42310764130069	0.653041260669466	2.88218709212953
GF3_C1_day34	8	1.15455338680297	0.58857828463762	2.43059605912926
GF3_C2_day30	2	0.0120219386935264	0.00323295703038018	1.00324344294204
GF3_C2_day32	5	0.749837210497993	0.37560642057918	1.60155394443291
GF3_C2_day35	8	1.43688225332433	0.70059278367698	3.33993285893662
GF3_C2_day38	5	0.706729214693669	0.321147709026695	1.47307450132672
GF3_C2_day39	7	1.45112583829543	0.72833636326524	3.68102264999255
GF3_C2_day40	7	1.07385457269462	0.523692283864058	2.09948309910351
GF3_C2_day41	2	0.482427817944062	0.30455985415118	1.43793826969746
GF3_C2_day42	7	1.42901858493299	0.69804113432878	3.31170935411058
GF3_C2_day45	7	1.2777216189358	0.66003948095155	2.94151804097429
GF3_C3_day30	8	1.31492118221764	0.65610876276894	2.90789613614988
GF3_C3_day32	3	0.459206415288472	0.25428572698758	1.34099619142377
GF3_C3_day34	16	1.90200044497679	0.818269870971838	5.50266488747736
GF3_C3_day35	11	1.63605175247483	0.73272311833532	3.74143844305464
GF3_C3_day39	1	0	0	1
GF3_C3_day40	6	0.665601432283758	0.345843440898825	1.52868604019506
GF3_C3_day41	1	0	0	1
GF3_C3_day42	7	1.38909422730495	0.670642580560809	3.03621519048436
GF3_C3_day45	7	1.1845296085891	0.622155457103285	2.64659108831791
GF3_C4_day30	14	1.32537639640293	0.573371758503443	2.34396109477452
GF3_C4_day32	3	0.709267194839518	0.42108026	1.7273551598016
GF3_C4_day34	9	1.54370455268555	0.715412070672719	3.5138524756262
GF3_C4_day38	4	0.684171520354114	0.44826326175706	1.81245860695193
GF3_C4_day39	7	0.827743714578897	0.435456887867633	1.77134390360879
GF3_C4_day40	1	0	0	1
GF3_C4_day41	2	0.401091927136774	0.23773473483648	1.31187927051285
GF3_C4_day42	7	1.37601660003488	0.677038913287931	3.0963482634412
GF3_C4_day45	7	1.27936297349123	0.652947660842669	2.881409767841
GF3_C5_day30	3	0.0328024422699254	0.00945072034198013	1.00954088861207
GF3_C5_day39	8	1.27777163946017	0.63822608245392	2.7641572581656
GF3_C5_day41	2	0.0266898359851713	0.00818859606911992	1.00825620277874
GF3_C5_day42	7	1.22774859602605	0.63152387118714	2.71388000959996
GF3_C5_day45	8	1.03800812964966	0.55694133157978	2.2570374338135
GF3_C6_day30	5	0.20193042521243	0.07815657435666	1.08478291668904
GF3_C6_day35	2	0.545795315323932	0.3600419384795	1.56260239557583
GF3_C6_day38	2	0.40231470009151	0.23870157802302	1.31354534717561
GF3_C6_day39	8	1.30875115278146	0.63566261995232	2.74470876380879
GF3_C6_day41	7	1.11658488796513	0.524287619293519	2.10211052004763
GF3_C6_day42	7	1.07303835603251	0.56642489277458	2.3064054723974
GF3_C6_day45	7	1.21443823026271	0.615924743759585	2.6036564026245
GF3_C7_day40	3	0.50463261903048	0.303887549491647	1.43654951045585
GF3_C7_day41	7	1.19875371204347	0.630722706735455	2.7079921193086
GF3_C7_day42	7	1.22887058895676	0.572767217575631	2.34064435394076
GF3_C7_day45	6	1.26718383772499	0.66077960188176	2.94793593058468
GF3_C8_day30	7	0.941508710604214	0.497030967842181	1.98819397629679
GF3_C8_day32	4	0.810248310470462	0.473376422319771	1.89888953397223
GF3_C8_day34	13	1.59108055130119	0.71688710730674	3.53215987617863
GF3_C8_day39	7	1.19923677782606	0.63018535932052	2.70405735739031
GF3_C8_day40	1	0	0	1
GF3_C8_day41	7	1.04187515667909	0.538065069194721	2.16480706115194
GF3_C8_day42	7	1.18096201936859	0.620994663479221	2.63848527617018
GF3_C8_day45	7	1.17026952996261	0.612694338889586	2.58194005513108
GF3_C9_day30	12	1.06250968412969	0.50468043231382	2.01889863683635
GF3_C9_day32	8	1.08993719629759	0.55865405779888	2.26579629352138
GF3_C9_day34	13	1.45557291734088	0.689797258685025	3.2236981393553
GF3_C9_day38	4	0.736320766902629	0.40447426893396	1.67918856874567
GF3_C9_day39	7	1.22367171240804	0.594871852766645	2.46835478312001
GF3_C9_day40	4	1.28779169761546	0.701079276288998	3.34536858999045
GF3_C9_day41	7	1.2965225718434	0.61679595726316	2.60957580942521
GF3_C9_day42	7	1.23213849192146	0.63298994992964	2.72472102550949
GF3_C9_day45	7	1.05989312480554	0.54565545544624	2.20097283435451
GF3_inoc	8	1.36101752747052	0.6630148095532	2.96748945754597
GF4_A0	0	0	1	Inf
GF4_B0	0	0	1	Inf
GF4_B1_D35	2	0.473374702637315	0.29687387770368	1.42221995213907
GF4_B1_D36	4	0.425468089613266	0.23134443755622	1.30097282691965
GF4_B1_d37	1	0	0	1
GF4_B2_d35	4	0.557183779306757	0.30756857257214	1.44418632717849
GF4_B2_d36	2	0.449015788924156	0.2764983860555	1.38216692364796
GF4_B2_d37	0	0	1	Inf
GF4_B3_d35	3	0.530735308811883	0.29403871252424	1.41650826715386
GF4_B3_d36	5	0.774331869646722	0.42964162230574	1.75328361799929
GF4_B3_d37	1	0	0	1
GF4_B3_d38	0	0	1	Inf
GF4_B3_d42	6	1.17905815734257	0.611377756869045	2.57319290821711
GF4_B3_d43	6	1.15924159531769	0.6199780302691	2.63142681121335
GF4_B3_d44	6	0.90710088912265	0.43264294216162	1.76255849149032
GF4_B3_d46	6	0.839687303294221	0.38276074379926	1.62011730452021
GF4_B3_LI	7	0.447221958317667	0.183212179902902	1.22430816840673
GF4_B3_MLN	0	0	1	Inf
GF4_B3_SI	5	0.175846266933689	0.0657037348870523	1.07032430433521
GF4_B4_d35	4	0.39208633497255	0.205749324764723	1.25904834730392
GF4_B4_d37	0	0	1	Inf
GF4_B4_d38	1	0	0	1
GF4_B5_d35	3	0.588524733802158	0.34555632613962	1.5280153815244
GF4_Bdam_d10	11	1.20842715949468	0.596312103175935	2.47716121257858
GF4_Bsire_d10	11	1.31397168900802	0.63154439853174	2.71403120488628
GF4_Bsire_d2	10	1.03045259577875	0.487523015620994	1.95130714252807
GF4_C0	0	0	1	Inf
GF4_C1_d36	2	0.157366091962844	0.0707375385087798	1.07612223826976
GF4_C1_D37	5	1.56579510098876	0.7814174950224	4.57493155777714
GF4_C1_d39	7	1.45664999526706	0.72137961777388	3.58911287110514
GF4_C1_d41	0	0	1	Inf
GF4_C1_d43	6	1.06970749204284	0.51732250657168	2.0717767321142
GF4_C1_d46	7	0.776794205417499	0.357848781455573	1.55726559589299
GF4_C1_LI	8	1.11637413229933	0.566394854174263	2.3062456929464
GF4_C1_MLN	0	0	1	Inf
GF4_C1_SI	6	0.873053766205453	0.4235754893314	1.73483254353652
GF4_C2_d35	2	0.484214584770805	0.30608399478272	1.44109660604655
GF4_C2_D36	5	1.31658063591735	0.659167449191183	2.93399206627107
GF4_C2_d37	7	1.7608078583625	0.813139406590573	5.35158313346955
GF4_C2_d38	7	1.54293525939459	0.7274560123958	3.66913249046698
GF4_C2_d39	7	1.43289803499916	0.6664496225888	2.99804787439111
GF4_C2_d43	8	0.824439639561346	0.35886919742902	1.55974412084075
GF4_C2_d45	9	1.06845625747543	0.470702377332552	1.8892962242309
GF4_C2_d46	9	1.32419722623595	0.60449112007799	2.52838823795104
GF4_C2_LI	6	0.133563277588442	0.0414801107692402	1.04327516959771
GF4_C2_MLN	0	0	1	Inf
GF4_C2_SI	2	0.0145811340568419	0.00404140036991985	1.00405779956257
GF4_C3_d35	4	0.818289421009648	0.50109348782302	2.00438353798289
GF4_C3_d36	5	0.875560318861368	0.46057290620784	1.85381863741775
GF4_C3_d38	6	1.22177484819125	0.580440753905384	2.38345361068383
GF4_C3_d41	0	0	1	Inf
GF4_C3_d42	7	0.845862269393051	0.3845819056488	1.62491159941315
GF4_C3_d43	8	1.15116243466454	0.517339910308913	2.07185143615256
GF4_C3_d44	9	1.20653364005455	0.544635494212096	2.19604292229525
GF4_C3_d45	8	1.17181315434937	0.555423582421798	2.24933208434093
GF4_C3_d46	7	0.862641508710893	0.383656412498734	1.62247165425072
GF4_C3_LI	8	0.78802624342485	0.335922243832908	1.50584775760564
GF4_C3_MLN	0	0	1	Inf
GF4_C3_SI	6	0.109061446396451	0.0326412626912401	1.03374266591322
GF4_C4_d35	5	0.68562508488834	0.3354857999155	1.5048587372141
GF4_C4_d36	6	0.416007286490476	0.19481280548622	1.24194722272485
GF4_C4_d37	6	1.56014563158769	0.74756066267968	3.96134774641363
GF4_C4_d38	0	0	1	Inf
GF4_C4_D39	7	1.08666733352072	0.5026004864285	2.01045632879625
GF4_C5_d43	8	0.744434616044778	0.33942739238144	1.51383812841576
GF4_C5_d45	8	1.19556294728251	0.54781719665468	2.21149498079503
GF4_C5_d46	8	0.831734088195424	0.3722689408181	1.59303890634831
GF4_C5_LI	7	0.491868899422924	0.21060472978328	1.26679249006073
GF4_C5_MLN	0	0	1	Inf
GF4_C5_SI	1	0	0	1
GF4_Cdam_d16	11	1.60950518643125	0.731322983772196	3.72194099085918
GF4_Csire_d16	10	1.58262997809262	0.73983277594954	3.84368170760068
GF4_Csire_d2	12	1.42421138681322	0.663600827427439	2.97265891694279
GF4_EMPTY	0	0	1	Inf
GF4_INOC_GF45	14	1.40775918283955	0.59462977136908	2.46688071636972
GF4_W1	0	0	1	Inf
GF4_W2	0	0	1	Inf
GF4_W3	0	0	1	Inf
GF4_W4	0	0	1	Inf
GF4_W5	0	0	1	Inf
GF5_A_DAM_D0	2	0.586883525766403	0.39755733833262	1.65990900649748
GF5_A_DAM_D24	14	1.6622391778651	0.70859357767088	3.4316333593725
GF5_A1_COLON_190628	0	0	1	Inf
GF5_A1_COLON_190815	8	1.02544343693021	0.50355941258364	2.01433973238234
GF5_A1_D46	9	1.16703573554062	0.60855911401742	2.55466415443506
GF5_A1_D47	10	1.86217321763496	0.808814863580639	5.23053213617255
GF5_A1_D48	1	0	0	1
GF5_A1_D79	3	0.396119387307633	0.18902232191954	1.2330795619023
GF5_A1_D80	3	0.0390441168141802	0.0113371708742857	1.01146717621043
GF5_A1_D81	4	0.261965827469528	0.10694668867294	1.119753980324
GF5_A1_D82	0	0	1	Inf
GF5_A1_D83	2	0.141705479484171	0.0619950549419999	1.06609246067265
GF5_A1_D88	5	1.19962338719463	0.6458675459379	2.82380219189016
GF5_A2_COLON_190628	1	0	0	1
GF5_A2_D46	7	0.944843127981217	0.54667736494716	2.20593441111415
GF5_A2_D48	7	0.990766375738692	0.47942979364778	1.92097048159417
GF5_A2_D79	4	0.467330104697514	0.22420771483576	1.2890048265797
GF5_A2_D80	1	0	0	1
GF5_A3_COLON_190628	5	1.06242722955694	0.535630611626417	2.15345805524008
GF5_A3_D46	5	0.644854864301773	0.30099598927232	1.43060695597294
GF5_A3_D80	0	0	1	Inf
GF5_A4_COLON_190628	0	0	1	Inf
GF5_A4_D46	5	0.696941844562795	0.320703145131288	1.47211045190732
GF5_A4_D48	1	0	0	1
GF5_A4_D79	0	0	1	Inf
GF5_A5_D46	7	0.479879832502793	0.21289127019224	1.27047250542404
GF5_A5_D47	0	0	1	Inf
GF5_A5_D79	2	0.688728324941308	0.49558765698798	1.9825050156954
GF5_A5_D80	1	0	0	1
GF5_A6_COLON_190628	0	0	1	Inf
GF5_A6_D81	3	0.458329967193519	0.25002922994326	1.33338529970221
GF5_A6_D82	8	1.36114028864452	0.65704626044056	2.91584515533962
GF5_A7_COLON_190628	0	0	1	Inf
GF5_A7_COLON_190815	9	0.674433601627888	0.27846497217782	1.38593410082711
GF5_A7_D46	4	0.535664151641791	0.25697487820182	1.34584951526258
GF5_A7_D79	7	1.00607312072085	0.49082450354778	1.96395939507635
GF5_A7_D80	5	1.46053240525533	0.75453734239534	4.0739394324109
GF5_A7_D81	5	0.923714369157764	0.4612562445641	1.85617000644563
GF5_A7_D82	2	0.673004165191732	0.4799925993155	1.9230495540711
GF5_A7_D83	2	0.40136000955542	0.23794660605758	1.31224400803018
GF5_A7_D84	7	0.582864726283396	0.235680521648142	1.30835341545443
GF5_A7_D87	8	1.39018666315538	0.674554008416455	3.07270645778807
GF5_A8_COLON_190815	9	1.22668058777558	0.582945314257851	2.39776708951369
GF5_A8_D79	5	0.52324559481688	0.3000755683201	1.42872566628355
GF5_A8_D83	3	0.474305507582618	0.266901620629473	1.36407340152443
GF5_A8_D87	7	0.703930715267209	0.310967559901965	1.45131047800554
GF5_B_COLON_M1	1	0	0	1
GF5_B_COLON_M2	2	0.495108623767374	0.31542788937912	1.46076649119264
GF5_B_COLON_M3	0	0	1	Inf
GF5_B_COLON_M4	0	0	1	Inf
GF5_B_COLON_P1	1	0	0	1
GF5_B_DAM_D3	10	1.25868489654964	0.635056627288519	2.74015114336817
GF5_B1_COLON_190815	8	1.07921248719063	0.479891061568827	1.92267412864763
GF5_B1_D80	5	0.800787449739196	0.521559601222054	2.09012450151418
GF5_B1_D82	7	1.5526289064976	0.729249075550638	3.69343152579716
GF5_B1_D83	5	1.40146838064974	0.71632520213062	3.52516334729339
GF5_B1_D84	5	1.39774815605303	0.70170017943694	3.35233188579341
GF5_B2_D79	1	0	0	1
GF5_B2_D80	1	0	0	1
GF5_B3_COLON_190815	7	0.889623409650425	0.4071350465028	1.68672476607225
GF5_B3_D79	4	0.403791934687739	0.196439327445504	1.24446110188672
GF5_B3_D81	6	0.844621620851125	0.393827372159211	1.64969507706417
GF5_B3_D82	5	1.39975477356656	0.708143638717681	3.42634299833772
GF5_B3_D83	6	1.17734576466546	0.571397319470311	2.33316319618941
GF5_B4_D79	8	1.51842559013604	0.729436620094669	3.69599167614588
GF5_B5_D79	3	0.606491194228874	0.3973492060665	1.65933573815278
GF5_B5_D80	2	0.660910479328364	0.46811121860958	1.88009229558458
GF5_B6_COLON_190815	9	1.50968328626349	0.71030361975666	3.45188986883446
GF5_B6_D79	4	0.500876074126592	0.25714139783498	1.3461512017032
GF5_B6_D84	8	0.388207242846583	0.14748467584492	1.17299944255089
GF5_B7_COLON_190815	8	1.5436900162874	0.732714817510349	3.74132224871358
GF5_B7_D79	6	0.26962418259231	0.100457299012459	1.11167596480098
GF5_B7_D80	6	1.07931509717026	0.52383215764368	2.10009981995318
GF5_B7_D82	5	0.741312747786205	0.3620340089645	1.56748167465302
GF5_B7_D84	0	0	1	Inf
GF5_C_DAM_D0	0	0	1	Inf
GF5_C_DAM_D24	11	1.48240597245024	0.716823039975501	3.5313607431674
GF5_C_DAM_D3	9	1.11046747951145	0.591650745593123	2.4488841089045
GF5_C1_COLON_190628	6	1.03958890960261	0.5665679945332	2.30716695441772
GF5_C1_COLON_190815	3	0.593547624759067	0.34330664380246	1.52278074776074
GF5_C1_D46	8	1.10873069044447	0.6003361007555	2.50210239626431
GF5_C1_D47	9	1.62912470442381	0.747412228706778	3.95901984834859
GF5_C1_D48	9	1.73034150564928	0.78229544647044	4.59338118467154
GF5_C2_COLON_190815	1	0	0	1
GF5_C2_D46	7	1.09860125138476	0.58304445641756	2.39833722177693
GF5_C3_COLON_190628	4	1.05172152665873	0.55031793905454	2.22379340171474
GF5_C3_COLON_190815	1	0	0	1
GF5_C3_D46	6	0.927127846776	0.52986968850698	2.12706982628761
GF5_C4_COLON_190628	6	1.6322134141492	0.772802414517309	4.40145522618763
GF5_C4_D46	4	1.04976283513896	0.62021132268234	2.63304321514458
GF5_C4_D47	3	0.845445210177897	0.52257665024858	2.09457706775479
GF5_C5_COLON_190628	5	1.39744582311268	0.71308728405142	3.48538055099384
GF5_C5_D47	4	0.428822539213995	0.19351968570058	1.23995587030378
GF5_C6_D46	5	0.456134358651012	0.21913338900002	1.28062845294332
GF5_COLON_A1	2	0.689285556839543	0.49614334955742	1.98469147747006
GF5_COLON_A2	2	0.575563464401127	0.38710274408672	1.63159483967651
GF5_EMPTY	0	0	1	Inf
GF6_A1_COLON_D54	5	0.938481993107223	0.495229598048015	1.98109872554517
GF6_A1_COLON_D88	6	1.00668569787082	0.47875176232484	1.91847171409181
GF6_A1_D53	8	1.04292545742746	0.48060975606924	1.92533458547849
GF6_A1_D87	2	0.679414619714524	0.48633041628032	1.946776744612
GF6_A1_D88	0	0	1	Inf
GF6_A2_COLON_D105	5	1.24519590536751	0.67206495992628	3.04938441398394
GF6_A2_COLON_D54	6	1.41499752762418	0.71400636180948	3.49658127476889
GF6_A2_D51	3	0.501667165788954	0.27327495363098	1.37603623956042
GF6_A2_D52	2	0.654771381766147	0.46211767279278	1.85914269612124
GF6_A2_D87	7	1.34265986894262	0.619941752738923	2.6311756348049
GF6_A2_D93	7	1.15109018504955	0.568128308652413	2.31550254400713
GF6_A3_COLON_D54	3	0.732017318129673	0.409720537056063	1.69411281058745
GF6_A3_COLON_D88	5	0.730336334942427	0.386754413016639	1.63066807364915
GF6_A3_D51	5	0.676866174632448	0.336981797312897	1.50825421677288
GF6_A3_D52	6	0.896058251635802	0.435375962737528	1.7710900245204
GF6_A3_D53	8	1.21290202447454	0.572529823960219	2.33934448775893
GF6_A3_D87	2	0.482248060256874	0.30440664910968	1.4376215625409
GF6_A4_COLON_D105	6	1.2545197280696	0.65686938204894	2.91434208340635
GF6_A4_COLON_D54	4	1.02105536510216	0.6090635325355	2.55796039311888
GF6_A4_D51	3	0.654379218814536	0.42430007676906	1.73701603847332
GF6_A4_D53	7	1.36424979984397	0.682995123363378	3.15452560417954
GF6_A4_D93	8	0.872488154467186	0.39922195708878	1.66450823527812
GF6_A5_COLON_D105	6	1.36149274262373	0.71115985326782	3.46212260073121
GF6_A5_D51	3	0.799019703213203	0.45269214721946	1.8271252548627
GF6_A5_D87	3	0.475383969541779	0.23396016146054	1.30541513598903
GF6_A5_D90	7	1.59304424410733	0.7508603249876	4.01381273356092
GF6_A5_D91	8	1.78921854395701	0.810294436319005	5.27132668434321
GF6_A6_COLON_D105	6	1.08794659279481	0.544575922286239	2.19575566803587
GF6_A6_COLON_D54	7	0.944028715090201	0.435355761660048	1.77102666085815
GF6_A6_D53	8	1.47912215782406	0.709555280814329	3.44299597804268
GF6_A6_D87	3	0.545029161425333	0.27927923309058	1.38749991107954
GF6_A6_D88	2	0.326872437172586	0.18130442796158	1.22145524435922
GF6_A6_D91	9	1.61438979353766	0.729059885998597	3.69085251065783
GF6_A7_D87	2	0.639349944582511	0.44717462921592	1.80888948454317
GF6_A8_COLON_D105	6	1.10254109190522	0.59559405084802	2.47276283174605
GF6_A8_COLON_D54	3	0.757562609185826	0.43955001088394	1.78428052354358
GF6_A8_D51	4	0.676351485593315	0.34242613130386	1.52074169550386
GF6_A8_D52	3	0.774919379932859	0.44897894242182	1.81481267593502
GF6_A8_D53	7	1.63170174737403	0.7555770600402	4.09126901167488
GF6_A8_D89	8	1.62340429162917	0.734875503323112	3.771812912553
GF6_A8_D91	8	1.25720875942326	0.60578439854428	2.5366829630976
GF6_A8_D93	9	1.31214302556756	0.58395622152372	2.40359320757638
GF6_ADAM_D0	6	1.28154800099241	0.631369195360655	2.71274127776262
GF6_ADAM_D67	0	0	1	Inf
GF6_ASIRE_D57	14	1.61538095906016	0.6739887171421	3.06737850062654
GF6_B_DAM_D22	9	1.09945673403778	0.580231321070268	2.38226444752777
GF6_B1_COLON_D105	0	0	1	Inf
GF6_B1_D63	4	0.835240712924695	0.53117411541192	2.13298803004152
GF6_B1_D64	7	0.504955616889616	0.22211615921491	1.28553898097528
GF6_B1_D66	2	0.268196603502287	0.13997771512032	1.16276056746588
GF6_B1_D87	2	0.339204348090924	0.19036712504832	1.23512771150712
GF6_B1_D89	7	1.21731820546406	0.603701682489937	2.52335161623443
GF6_B1_D91	7	1.45291940424357	0.715431433588466	3.51409156889743
GF6_B1_D93	8	1.48840130292659	0.70378526622014	3.3759293038515
GF6_B10_D63	4	0.162775506060457	0.0588061247931144	1.06248035218056
GF6_B10_D64	6	0.369143504299155	0.1516692679775	1.17878553994608
GF6_B10_D66	0	0	1	Inf
GF6_B2_COLON_D105	7	1.20930594783385	0.655184358200905	2.90010045594928
GF6_B2_D63	7	1.02500839269508	0.572755726420909	2.34058140000999
GF6_B2_D66	6	1.10349091117455	0.54487396314776	2.19719356623989
GF6_B2_D87	5	0.975573019629697	0.503068746719124	2.01235078976765
GF6_B2_D89	2	0.617590514958344	0.42636635699118	1.74327292722025
GF6_B3_COLON_D105	7	1.17902932300384	0.648589174032848	2.84567214811269
GF6_B3_D63	3	0.229265932294152	0.09757426175966	1.10812442245932
GF6_B3_D66	8	1.07517755405784	0.51388722169898	2.05713580189155
GF6_B3_D87	8	1.09267993115701	0.5215995770927	2.0902991555126
GF6_B3_D89	1	0	0	1
GF6_B3_D91	4	0.946761531743445	0.4886852386238	1.95574248102775
GF6_B3_D93	7	1.06256872979508	0.581871075465359	2.39160684976041
GF6_B4_COLON_D105	6	1.24681333688134	0.676710792697135	3.0932056419167
GF6_B4_D64	6	0.401702341789596	0.16153994171326	1.19266265592107
GF6_B4_D66	1	0	0	1
GF6_B4_D87	8	1.06308286298105	0.507202385955058	2.0292306040037
GF6_B4_D89	2	0.676372662588675	0.48331948875	1.93543200919406
GF6_B4_D90	0	0	1	Inf
GF6_B4_D93	7	1.18805413619186	0.597102536483821	2.4820210861413
GF6_B5_COLON_D105	6	1.20900220610519	0.659081796354494	2.93325492539501
GF6_B5_D66	2	0.536067159063925	0.35133529702368	1.54162851071073
GF6_B5_D87	0	0	1	Inf
GF6_B5_D90	3	0.906763856431781	0.55454692275872	2.24490535836696
GF6_B5_D91	2	0.628294827713683	0.436562204792	1.77481881496934
GF6_B6_COLON_D105	8	1.24852988739769	0.66869773409564	3.01839167103276
GF6_B6_D63	4	0.33860226142535	0.16042535072794	1.19107931720787
GF6_B6_D64	8	0.434805046448104	0.181691900783758	1.22203360929432
GF6_B6_D66	6	0.827060641036225	0.393093171613511	1.64769937200835
GF6_B6_D87	3	0.884757876897465	0.556240448775264	2.25347262327107
GF6_B6_D90	2	0.686111649593269	0.49298098414158	1.97231261298342
GF6_B6_D91	2	0.469318111057154	0.2934497162795	1.41532743392908
GF6_B6_D93	6	1.45999308929512	0.741837618908156	3.87353105348157
GF6_B7_COLON_D105	6	1.02515351957772	0.5484602665852	2.21464452848353
GF6_B7_D63	4	0.536670807638069	0.305800257928685	1.44050759370243
GF6_B7_D66	4	0.758939874581145	0.42618242584346	1.74271413954149
GF6_B7_D87	3	0.584570784873423	0.36136354043306	1.56583606372568
GF6_B7_D90	4	0.700425611151717	0.474130147337846	1.90161119702454
GF6_B7_D91	1	0	0	1
GF6_B7_D93	4	0.863614692540882	0.45784685917266	1.84449729180573
GF6_B8_COLON_D105	12	1.34893260263543	0.592860456588385	2.45616034153924
GF6_B8_D63	6	0.863043800299574	0.499081462836762	1.99633258865428
GF6_B8_D66	7	1.20012806123983	0.563362166164808	2.29022755819517
GF6_B8_D91	5	1.26377336295292	0.678439662926001	3.10983627240655
GF6_B9_D63	0	0	1	Inf
GF6_B9_D66	5	0.875445073446034	0.48960450307316	1.95926493478319
GF6_GF6MERO3_COLON	0	0	1	Inf
GF6_GFMERO1_COLON	0	0	1	Inf
GF6_GFMERO2_COLON	0	0	1	Inf
GF6_GFPBS1_COLON	1	0	0	1
GF6_GFPBS2_COLON	1	0	0	1
GF6_GFPBS3_COLON	1	0	0	1
GF6_INOC	14	1.64289625749275	0.7048247696024	3.38781813993337
GF6_WATER_D9	0	0	1	Inf
GF6_WATER_H11	6	0.833200690501941	0.3828333665363	1.62030794566411
GF6_WATER_H12	0	0	1	Inf
GF6_WATER	0	0	1	Inf
GF7_A1_COLON_D47	13	1.68217430131238	0.715525474446281	3.51525324826024
GF7_A3_COLON_D47	7	1.54358527733204	0.75412268763478	4.06706902064484
GF7_A4_COLON_D47	8	1.57266520027482	0.73047505110266	3.71023166534721
GF7_A5_COLON_D47	6	1.19333173769481	0.63084327861622	2.70887658838097
GF7_A6_COLON_D47	9	1.37090851030522	0.644081710874336	2.80963364500476
GF7_A7_COLON_D47	5	1.39871986990946	0.71024675773824	3.45121245993379
GF7_ADAM_D0	1	0	0	1
GF7_ADAM_D5	12	1.54662881454992	0.7278520288147	3.67447163263665
GF7_ADAM_D78	12	1.5933342740377	0.703810308411168	3.37621473129522
GF7_ASIRE_D22	0	0	1	Inf
GF7_ASIRE_D36	13	1.82283895050684	0.76687260857248	4.28950023365617
GF7_B1_COLON_D47	12	1.36456417141645	0.572286979172058	2.33801626629056
GF7_B1_D30	6	0.380549643344028	0.152058530825125	1.17932668274037
GF7_B1_D31	8	1.25830430666688	0.578190789628532	2.37074007729548
GF7_B1_D32	6	1.54028841830082	0.76335030525726	4.22565514435627
GF7_B1_D33	6	1.4885550304677	0.73905632057542	3.8322445755542
GF7_B1_D36	7	1.38982750195196	0.708836640621925	3.43449808429192
GF7_B2_COLON_D47	13	1.6523803523001	0.67638995542448	3.09013893963552
GF7_B2_D30	5	0.123222806656931	0.0403092740974799	1.04200235868652
GF7_B2_D34	6	1.48598458716576	0.742682084286689	3.88624319930426
GF7_B2_D36	6	1.37385666986241	0.7158150497854	3.51883517844579
GF7_B3_D30	4	0.124394901734217	0.0416480506093601	1.04345799122738
GF7_B3_D31	6	0.746069763528491	0.381977252970406	1.61806342049108
GF7_B3_D33	6	1.56751404742581	0.765819723616357	4.2702144494943
GF7_B3_D36	8	1.49945084040412	0.741804134513199	3.87302871064418
GF7_B4_COLON_D47	10	1.70740642931725	0.775925097993893	4.46279342776526
GF7_B4_D35	6	1.15573244093752	0.5972663861244	2.48303088082657
GF7_B4_D36	7	1.29012797121068	0.646589445597423	2.82957027610692
GF7_B5_COLON_D47	13	1.86062243984763	0.764393874141207	4.24437181484549
GF7_B5_D30	7	0.638696375995634	0.277377569336971	1.38384854602765
GF7_B5_D36	8	1.4750419611023	0.7247848313599	3.63352065564273
GF7_B6_COLON_D47	1	0	0	1
GF7_B7_COLON_D47	0	0	1	Inf
GF7_B8_COLON_D47	1	0	0	1
GF7_BDAM_D1	6	1.0822868646205	0.59049953745824	2.44199968369516
GF7_BDAM_D78	9	1.46005065642365	0.63998332566444	2.77764912374012
GF7_BSIRE_D12	12	1.9579734662128	0.80315350771404	5.08010068346707
GF7_BSIRE_D20	13	1.68078777084957	0.713074425826501	3.48522435785148
GF7_BSIRE_D36	13	1.38835429811124	0.59690190415092	2.48078572014491
GF7_C1_COLON_D47	9	1.13460915984682	0.4785654160943	1.91778610561214
GF7_C1_D30	7	0.610464327815961	0.26799229436676	1.36610583782711
GF7_C1_D34	1	0	0	1
GF7_C1_D36	6	1.34016128364313	0.68976356523998	3.22334802736351
GF7_C2_COLON_D47	9	1.53900096743021	0.712595195268072	3.4794129518215
GF7_C2_D30	7	0.742422575858029	0.368865305207697	1.58444783380049
GF7_C2_D32	1	0	0	1
GF7_C2_D33	2	0.0374781564574161	0.0122381827020002	1.01238981147852
GF7_C2_D36	7	1.48896100002126	0.73855245101444	3.82485895882402
GF7_C3_COLON_D47	9	1.61753874390871	0.71100740118034	3.46029622933018
GF7_C3_D30	3	0.0180998439224382	0.00467862769418015	1.00470062014577
GF7_C3_D31	3	0.107517740772435	0.0379283793940001	1.03942365472761
GF7_C3_D33	1	0	0	1
GF7_C3_D34	4	0.4274723432447	0.20156263406238	1.25244639424619
GF7_C4_COLON_D47	9	1.40413766834393	0.613196074767559	2.58528917305861
GF7_C4_D31	5	0.32960433725363	0.142768540257471	1.16654608114867
GF7_C4_D32	3	0.441735238381226	0.215247504972259	1.27428712407553
GF7_CONTAMINANT	4	0.350589660581668	0.158586260554866	1.18847595792701
GF7_INOC	7	0.710155453472653	0.31514708430398	1.46016754412689
GF7_WATER_A12	0	0	1	Inf
GF7_WATER_B7	0	0	1	Inf
GF7_WATER_C8	0	0	1	Inf
GF7_WATER_D9	0	0	1	Inf
GF7_WATER_H2	0	0	1	Inf
GF7_WATER_H8	0	0	1	Inf
GF7_WATER	1	0	0	1
GF8_A1_COLON_D46	12	1.50087397777724	0.715539855217782	3.51543096051504
GF8_A1_D30	11	1.6185895036999	0.752492070165178	4.04027459107013
GF8_A1_D33	1	0	0	1
GF8_A1_D35	6	1.53099569917052	0.75121841915614	4.0195901827138
GF8_A2_COLON_D46	12	1.64034050134059	0.738116440357927	3.81849094065599
GF8_A2_D30	6	0.511283728757052	0.207989045573489	1.26260879904634
GF8_A2_D35	6	1.47107065467727	0.73336648628243	3.75046627131518
GF8_A3_D30	7	0.744307884883006	0.32603272045698	1.48375155642281
GF8_A4_D30	6	1.17859106892808	0.640782451389683	2.78382836214055
GF8_A4_D31	1	0	0	1
GF8_A4_D32	2	0.180772259569288	0.0843163978582202	1.09208027495633
GF8_A4_D33	2	0.0311897507985876	0.00984188603767988	1.00993971154596
GF8_A5_D30	3	0.174964058236433	0.07829291689086	1.08494338204146
GF8_A7_D32	8	1.36506971484014	0.7035599988943	3.37336390591712
GF8_ADAM_D0	14	1.59359049921541	0.6845222717534	3.16979586976843
GF8_B1_COLON_D46	12	1.57294936236016	0.72335023467258	3.61467864907271
GF8_B1_D31	2	0.0232473388439668	0.00696179650478013	1.00701060289551
GF8_B1_D32	8	1.35692664710414	0.698810701888551	3.32017108931265
GF8_B1_D34	10	1.44696732906062	0.70738169754514	3.41742123309003
GF8_B2_D32	9	1.43583235648599	0.707064017845789	3.41371514911258
GF8_B3_D46	6	1.27366046024469	0.61244591787918	2.58028503925873
GF8_B4_COLON_D46	12	1.51462856487823	0.693412940407836	3.26171626855434
GF8_B4_D30	7	0.517949947190038	0.201882133527265	1.25294776875436
GF8_B4_D33	6	1.49276320695808	0.74387074475998	3.90427871686464
GF8_B5_COLON_D46	12	1.58387907386085	0.7314817175962	3.7241412057604
GF8_B5_D34	11	1.44451452179985	0.69888363443874	3.3209752586382
GF8_B5_D35	7	1.47465505574466	0.727302258192561	3.6670637364725
GF8_B6_COLON_D46	13	1.45934133817216	0.665807534283487	2.99228768624686
GF8_B6_D30	6	0.704100379356633	0.32504706896188	1.48158479504924
GF8_B6_D33	7	1.72961289888667	0.8024851316089	5.06290998822375
GF8_B6_D34	10	1.44635269452669	0.704781759855085	3.38732457557204
GF8_B6_D35	8	1.56562825512699	0.76199741197411	4.20163498344488
GF8_B7_D33	7	1.586649283425	0.750764168922519	4.01226419041299
GF8_C1_COLON_D46	8	1.43165326267765	0.685790986390176	3.18259488647825
GF8_C1_D31	1	0	0	1
GF8_C1_D32	6	1.4753869634959	0.72197822140432	3.5968405246924
GF8_C1_D33	4	0.990298038475443	0.580082864919881	2.38142222943392
GF8_C1_D34	12	1.65145210283406	0.748743931656299	3.9800033750113
GF8_C2_COLON_D46	9	1.61222620482269	0.750238452656163	4.00381888499169
GF8_C2_D30	7	1.38307032375487	0.69938411775874	3.32650421709072
GF8_C2_D31	1	0	0	1
GF8_C3_D30	9	0.77646853971854	0.351677785770032	1.54244290578217
GF8_C4_COLON_D46	9	1.62283299366314	0.7570466806161	4.11601702967417
GF8_C4_D30	10	0.860208449806809	0.376255328641251	1.60322010899368
GF8_C4_D35	6	1.43677403814281	0.72250896195576	3.60371998695169
GF8_C5_COLON_D46	9	1.67519874247392	0.77208185213674	4.38754004178707
GF8_C5_D30	4	0.0756731933468024	0.02401505998492	1.02460597392471
GF8_C5_D35	9	1.67110180070861	0.75710606717754	4.11702337880517
GF8_C6_COLON_D46	10	1.70419181214038	0.781745655112541	4.58181027514317
GF8_C6_D30	3	0.0683838641546125	0.0220628035670198	1.02256055260756
GF8_C6_D32	2	0.687934914671921	0.49479679633038	1.97940154127359
GF8_C6_D34	5	1.50499467256206	0.75907852676116	4.15073005555067
GF8_C7_COLON_D46	11	1.63945819269697	0.758676916496109	4.14382240389315
GF8_C7_D30	1	0	0	1
GF8_C7_D33	7	1.58553696057571	0.760996116195396	4.18403242692718
GF8_C7_D34	0	0	1	Inf
GF8_C7_D35	10	1.72425365599081	0.776899644195523	4.48228778656181
GF8_INOC	13	1.53781530335755	0.652820490651255	2.88035432124392
GF9_A_DAM_D0	10	1.59980051597485	0.741118584634289	3.86277245350866
GF9_A1_COLON_D33	3	1.02294989644592	0.618130607903215	2.61869639383549
GF9_A1_D16	8	1.50267756245389	0.7160985159102	3.52234861753556
GF9_A1_D19	7	1.7168493971642	0.79461924016916	4.86900526039363
GF9_A1_D20	7	1.61239964122383	0.768387098303153	4.31754877501978
GF9_A1_D21	6	1.49500695691594	0.75653753710282	4.10740936446668
GF9_A2_COLON_D33	5	1.28507160596257	0.6679820583368	3.01188542700624
GF9_A2_D21	9	1.60443113439248	0.764555299505652	4.247281836883
GF9_A3_COLON_D33	11	1.66359113263983	0.7562939013574	4.10330314083161
GF9_A3_D18	10	1.49800163698663	0.71443773010702	3.50186318512866
GF9_A3_D19	7	1.61252049471161	0.7632373508968	4.22363917529965
GF9_A3_D21	7	1.42484474059316	0.708225153662882	3.42730023699369
GF9_A4_COLON_D33	11	1.76577163206352	0.784696642267224	4.64460940382151
GF9_A4_D16	8	1.13951849621157	0.513795146418884	2.05674623080077
GF9_A4_D17	11	1.59080755484946	0.746596250961683	3.94627152832214
GF9_A4_D18	10	1.59111380345066	0.741858778224868	3.87384855903063
GF9_A4_D19	6	1.5076386170935	0.724162800845833	3.62532683432989
GF9_A4_D20	8	1.74528246824531	0.808193871573318	5.21359775207729
GF9_A5_COLON_D33	9	1.67103804433728	0.75526905719698	4.08611999997435
GF9_A5_D18	10	1.61531425688785	0.74924615203432	3.9879746935603
GF9_A5_D19	6	1.70794436535094	0.81038823285182	5.27393428709785
GF9_A6_COLON_D33	10	1.64856524954991	0.743335107946734	3.8961308342571
GF9_A6_D16	14	1.67277028999333	0.747986230251338	3.96803714732461
GF9_A6_D21	6	1.31879277439828	0.697690010317455	3.30786290274462
GF9_A7_D16	4	0.103551924386667	0.0354501758233399	1.03675307893358
GF9_A7_D20	9	1.82042921016548	0.8239447057335	5.68003367445611
GF9_C1_COLON_D33	10	1.3731252483593	0.6439859273848	2.80887772961957
GF9_C1_D16	7	0.438039935933401	0.17336348743844	1.20972154605321
GF9_C1_D17	9	1.32407733858691	0.631366513917891	2.71272154526206
GF9_C1_D19	6	1.39177292803176	0.70572873877706	3.39822514724739
GF9_C1_D21	8	1.38348403057291	0.67245594519134	3.05302442623837
GF9_C2_COLON_D33	9	1.30682317794916	0.614552406285515	2.59438641285367
GF9_C2_D16	10	1.64358282563822	0.75729962262664	4.12030673714875
GF9_C2_D18	9	1.68167796826754	0.771641419183497	4.37907783637676
GF9_C2_D21	9	1.62988594094985	0.73669569506414	3.79788701230539
GF9_C3_D16	10	1.62435225143543	0.75729873863766	4.12029172978649
GF9_C3_D17	9	1.41065958848608	0.65587353147576	2.90590841294023
GF9_C3_D19	6	1.25035704352311	0.61154872214482	2.5743254225381
GF9_C3_D20	7	1.6343580245659	0.768493957595164	4.3195416828529
GF9_C3_D21	6	1.45846910146098	0.735791705718271	3.78489253230517
GF9_C4_COLON_D33	9	1.53616805645876	0.714609030661914	3.50396511255883
GF9_C4_D16	10	1.6684105744624	0.75394567686168	4.06414318287693
GF9_C4_D17	8	1.19366835756707	0.567676158465	2.313080852653
GF9_C4_D19	6	1.58116284149146	0.7616987212029	4.19636858454059
GF9_C5_COLON_D33	9	1.39861985013819	0.64006670031224	2.77829253605458
GF9_C5_D17	10	1.22128869167354	0.561516170473789	2.28058581106746
GF9_C5_D18	5	1.31489000824487	0.697836929357419	3.30947126620535
GF9_C5_D20	6	0.834713603206618	0.36229985098796	1.56813512047826
GF9_C5_D21	9	1.78485227747283	0.809865396652409	5.25943190978167
GF9_C6_COLON_D33	9	1.37737465435049	0.63060862081162	2.70715576036772
GF9_C6_D16	10	1.57574506172731	0.746613766330739	3.94654431505256
GF9_C6_D20	6	1.6509152847197	0.795989305675911	4.90170382152325
GF9_C6_D21	9	1.79824237431302	0.812451346080821	5.33194975865267
GF9_C7_COLON_D33	9	1.25844083786264	0.596475764255747	2.47816589790603
GF9_C7_D16	10	1.57749927536286	0.7476538634278	3.96281081844059
GF9_C7_D17	8	1.26432746810965	0.58845312834364	2.42985688598551
GF9_INOC	11	1.5661335992398	0.7284485325461	3.68254316346041
Gn3_6A_dam	0	0	1	Inf
Gn3_6Adam_Stool	0	0	1	Inf
Gn3_6B_dam_210806	0	0	1	Inf
Gn3_6B_dam_210818	0	0	1	Inf
Gn3_6C_dam	11	1.3101943364246	0.593086554030495	2.45752508280334
Gn3_6Cdam_Stool_210816	12	1.66798978414789	0.74722430029744	3.9560764787782
Gn3_6Cdam_Stool_211105-1	9	1.3257429561048	0.651649861065286	2.87067489927832
Gn3_6Cdam_Stool_211105-2	9	1.41461319726775	0.68547495644578	3.1793970639022
Gn3_6Cdam_Stool_211105-3	8	1.43306457803665	0.70336764709096	3.37117644179103
Gn3_6D_dam	12	1.55519575422768	0.651677373223283	2.87090163867254
Gn3_6Ddam_Stool	11	1.83477620417764	0.78455577130878	4.641572466688
Gn3_6E_dam	11	1.64007501581543	0.73721231419458	3.8053533480273
Gn3_6Edam_Stool	12	1.40593825825189	0.67660812847878	3.09222367060757
Gn3_6F_dam	11	1.57718939991192	0.699767081340577	3.3307473559699
Gn3_7A_dam_210806	13	1.50999643877004	0.674194789909611	3.06931862668055
Gn3_7A_dam	12	1.42241376910259	0.659650997580833	2.93816051433117
Gn3_7ADam_Stool_210806	13	1.59472102601382	0.730901471617158	3.71611099477035
Gn3_7Adam_Stool_210823	12	1.61711942559133	0.743714268564326	3.90189494513858
Gn3_7C_dam	11	1.23265340999947	0.600129749516	2.50081119760624
Gn3_7D_dam_210806	9	1.04739371807483	0.5393733226285	2.17095545943269
Gn3_7D_dam_210818	8	1.15244676013615	0.5410077235351	2.17868589794554
Gn3_7E_dam	10	1.35193971355969	0.6682300318976	3.01413658903374
Gn3_7Edam_Stool	12	1.23164570755858	0.5607800487451	2.2767636058947
Gn3_7F_dam	11	1.45298245066242	0.692264119060669	3.24953982274543
Gn3_7Fdam_Stool	12	1.32390549829496	0.6483567060002	2.84379090135747
Gn3_8Ddam_Stool_211105-1	0	0	1	Inf
Gn3_8Ddam_Stool_211105-2	8	1.04320393766705	0.566260546268804	2.30553156139615
Gn3_A_Innoc	13	2.01978781154346	0.821801684921521	5.61172533847808
Gn3_A1_Cwash	1	0	0	1
Gn3_A1_Stool	4	0.805694498052158	0.49588094403406	1.98365840006564
Gn3_A2_Cwash	1	0	0	1
Gn3_A3_Cwash	1	0	0	1
Gn3_A3_Stool_DoL10	3	0.197815323961207	0.0788693966299199	1.08562238225651
Gn3_A3_Stool_DoL11	3	0.523369087423357	0.28369522161784	1.39605378908485
Gn3_A4_Cwash	2	0.633699366709427	0.44173988393982	1.79127967632243
Gn3_A5_Cwash	1	0	0	1
Gn3_A5_Stool_Dol10	3	0.360715650037471	0.17294842572536	1.20911443869391
Gn3_A5_Stool_dol11	5	0.821353057184776	0.491085254954846	1.96496566416301
Gn3_A5_Stool_dol12	3	0.529543153332284	0.29075833847832	1.40995665406132
Gn3_A6_Cwash	1	0	0	1
Gn3_AB_Innoc	15	2.0157242581986	0.8150887713461	5.40800040797798
Gn3_AB10_Cwash	1	0	0	1
Gn3_AB10_Stool	1	0	0	1
Gn3_AB11_Cwash	0	0	1	Inf
Gn3_AB12_Cwash	0	0	1	Inf
Gn3_AB12_Stool	1	0	0	1
Gn3_AB6_Cwash	1	0	0	1
Gn3_AB6_Stool	4	1.15113665563001	0.641987714172276	2.79320023246689
Gn3_AB7_Cwash	1	0	0	1
Gn3_AB7_Stool	4	0.861097222998125	0.47621789143706	1.90919083269878
Gn3_AB8_Cwash	3	1.04566384483426	0.63470541394838	2.73751661859749
Gn3_AB8_Stool	7	1.32990719438572	0.671942454402284	3.04824569170636
Gn3_AB9_Stool	7	1.22019251823668	0.6520019543427	2.87357935620356
Gn3_B_Innoc	15	1.63094799066645	0.70563293107318	3.39711912628583
Gn3_B1_Cwash	0	0	1	Inf
Gn3_B1_Stool	1	0	0	1
Gn3_B10_Cwash	1	0	0	1
Gn3_B11_Cwash	2	0.628820207225447	0.43706465336862	1.77640293149831
Gn3_B13_Cwash	2	0.686407062690074	0.49327503885678	1.97345715463455
Gn3_B13_Stool	5	0.584635322469097	0.318473620527173	1.46729463468974
Gn3_B14_Cwash	2	0.158174163652304	0.0711962514794999	1.07665370816269
Gn3_B14_Stool	4	0.287599941671181	0.12335186222726	1.14070852022871
Gn3_B15_Cwash	2	0.60825733447074	0.41754090767928	1.71685876859721
Gn3_B15_Stool	5	0.654270669870941	0.317699916832954	1.46563077547679
Gn3_B16_Cwash	2	0.300165726653093	0.1621210089875	1.1934897649022
Gn3_B2_Cwash	0	0	1	Inf
Gn3_B2_Stool	3	0.0541236088682003	0.0166823656936599	1.0169653885089
Gn3_B3_Cwash	0	0	1	Inf
Gn3_B3_Stool	5	0.0808251682192627	0.02510550463626	1.02575202214768
Gn3_B4_Cwash	0	0	1	Inf
Gn3_B4_Stool	1	0	0	1
Gn3_B5_Cwash	0	0	1	Inf
Gn3_B5_Stool	6	0.205300795316255	0.0727164179505557	1.07841874843706
Gn3_B6_Cwash	0	0	1	Inf
Gn3_B6_Stool	3	0.39872920189921	0.21118878874682	1.26773046038647
Gn3_B7_Stool	1	0	0	1
Gn3_B9_Cwash	2	0.489661526328433	0.31074491613438	1.45084167445178
Gn3_BP7_Cwash	2	0.268674961994595	0.14030229884238	1.16319957428461
Gn3_BP8_Cwash	3	0.587495604130976	0.30768147271882	1.44442183849553
Gn3_BV7_Cwash	0	0	1	Inf
Gn3_BV8_Cwash	0	0	1	Inf
Gn3_E1_Cwash	1	0	0	1
Gn3_E2_Cwash	1	0	0	1
Gn3_F1_Stool	5	1.10037690304974	0.60191790597502	2.51204466367495
Gn3_F2_Stool	6	0.888423549402741	0.48946566408064	1.95873211583158
Gn3_PBS_Innoc	0	0	1	Inf
Gn3_PBS1_Cwash	0	0	1	Inf
Gn3_PBS2_dam	0	0	1	Inf
Gn3_PBS3_Cwash	0	0	1	Inf
Gn4_E_Innoc	14	1.66442321226016	0.74309651566946	3.89251240638437
Gn4_F_Innoc	11	1.71918438022616	0.757764578150788	4.12821540452695
Gn4_G_Innoc	1	0	0	1
Gn4_H_Innoc	8	1.09771171148581	0.51238509787984	2.05079868488838
Gn4_I_Innoc	4	0.769350130561882	0.485508190664157	1.94366553918691
gnoto1_A_inoc	13	1.59981244402134	0.69303732662796	3.25772508108175
gnoto1_AM1_d10	6	0.777349733747092	0.39123144586856	1.64266040552431
gnoto1_AM1_d20_colon	8	1.50954223314548	0.71261235137806	3.47962066148328
gnoto1_AM2_d10	8	1.02161273009489	0.474666559784123	1.90355291220195
gnoto1_AM2_d20_colon	8	1.54396765796135	0.71772480862868	3.54264218241038
gnoto1_AM3_d10	7	1.31209704807724	0.69115843274894	3.23790611769267
gnoto1_AM3_d20_colon	8	1.53091459114482	0.71785610577118	3.54429076954965
gnoto1_AM4_d10	7	0.815339998429621	0.3541538994394	1.5483564879187
gnoto1_AM4_d20_colon	8	1.46033296449157	0.69808181132678	3.31215553589037
gnoto1_AP1_d10	5	0.409756717447758	0.198883339564286	1.24825765008571
gnoto1_AP1_d19_colon	7	1.59696226832408	0.774061513883555	4.42598344880746
gnoto1_AP2_d10	5	0.154858350534928	0.05215231239978	1.05502182796038
gnoto1_AP2_d19_colon	6	1.60238292578152	0.775088540389944	4.44619407892229
gnoto1_AP3_d10	7	0.678985065797138	0.28425357404112	1.39714284798601
gnoto1_AP3_d20_colon	8	1.68085200930697	0.775004219851496	4.44452780109907
gnoto1_AP4_d10	6	0.345788936046721	0.138577210000617	1.1608701460066
gnoto1_AP4_d20_colon	8	1.39431952496557	0.68058795510482	3.13075231814807
gnoto1_B_inoc	14	1.39511855804721	0.63561697369004	2.74436493413762
gnoto1_BA1_d10	5	0.594509206688523	0.306084692490455	1.44109805501912
gnoto1_BA1_d20_colon	8	1.07128255441423	0.566924813466097	2.30906787341813
gnoto1_BA2_d10	5	0.704110623196273	0.43307679099662	1.76390732310633
gnoto1_BA2_d20_colon	8	1.18510985347235	0.63301140764046	2.724880339115
gnoto1_BA3_d10	6	0.66102323339941	0.326689175269932	1.48519816297458
gnoto1_BA3_d20_colon	8	1.10618229776074	0.563401401312215	2.29043337061901
gnoto1_BA4_d10	5	0.39717345592785	0.159863904366798	1.19028334242241
gnoto1_BA4_d20_colon	8	1.17930187273766	0.607200924780489	2.54583084097426
gnoto1_BM1_d10	5	1.1270682966252	0.59736530975506	2.48364093861773
gnoto1_BM1_d20_colon	7	1.15915487280449	0.60750358401284	2.54779396516251
gnoto1_BM2_d10	6	0.682974262139906	0.317752150151907	1.46574298507889
gnoto1_BM2_d20_colon	7	1.12274198140053	0.59967114275534	2.497946330631
gnoto1_BM3_d10	7	0.88869837091851	0.534102990230277	2.14639712002931
gnoto1_BM3_d20_colon	7	1.25077836054807	0.646398993378235	2.82804624781418
gnoto1_BM4_d10	5	1.28860723898737	0.668130248471544	3.01323032724257
gnoto1_BM4_d20_colon	7	1.05920189306515	0.59911388537447	2.49447402520815
gnoto1_BM5_d10	6	1.29785413404667	0.671470688997771	3.04386843581581
gnoto1_BM5_d20_colon	6	1.11786136966256	0.55003795770898	2.22240968351111
gnoto1_BP1_d10	3	0.448106272413918	0.26720625940278	1.3646404773941
gnoto1_BP1_d20_colon	8	0.611151941763211	0.25364144070676	1.33983859037799
gnoto1_BP2_d10	2	0.245853328550698	0.12505127022878	1.14292411197794
gnoto1_BP2_d20_colon	8	0.563336314325184	0.228619164608705	1.29637651613776
gnoto1_BP3_d10	6	0.596829943842509	0.281647825741502	1.39207485664288
gnoto1_BP3_d20_colon	7	1.05433504608695	0.48042837333786	1.92466245015005
gnoto1_BP4_d10	6	0.423540602244447	0.18846920823176	1.23223913392258
gnoto1_BP4_d20_colon	7	0.720687301289869	0.30878189336864	1.44672136103825
gnoto2_BA1_d10	5	0.69510995063635	0.361080141028124	1.56514152120606
gnoto2_BA1_d20_colon	4	1.20316159486171	0.676901486804776	3.09503126495595
gnoto2_BA2_d10	2	0.412431877236353	0.24674625219822	1.32757387921175
gnoto2_BA2_d20_colon	7	1.27492633759707	0.63764860598884	2.75975204325887
gnoto2_BA3_d10	6	0.474035295560496	0.230685922279253	1.29985922389814
gnoto2_BA3_d20_colon	7	1.23685687630011	0.63685113379582	2.75369164842098
gnoto2_BA4_d10	6	0.373614387300126	0.169132463022131	1.20356128443448
gnoto2_BA5_d10	3	1.02764769121559	0.624061440224306	2.66000912648241
gnoto2_BA5_d20_colon	5	1.11791289267324	0.57697551808054	2.36392937700091
gnoto2_BA6_d20_colon	7	1.45136640337776	0.65239520025958	2.87683024154663
gnoto2_BA7_d20_colon	6	1.12057664596095	0.6125228398	2.5807972771449
gnoto2_BM1_d10	6	0.639788258753039	0.3597197419471	1.56181607573067
gnoto2_BM1_d20_colon	7	1.06467512490072	0.591190248512824	2.44612560332081
gnoto2_BM2_d10	6	0.45468522808889	0.204901377090922	1.25770561184125
gnoto2_BM2_d20_colon	4	0.851865981393194	0.47106587098534	1.89059458474135
gnoto2_BM3_d10	6	1.4470916533085	0.73006312826942	3.70456986327561
gnoto2_BM3_d20_colon	8	1.26222489295204	0.64593016455194	2.8243015921832
gnoto2_BM4_d10	4	0.42581029893729	0.205949596736359	1.25936589905361
gnoto2_BM4_d20_colon	7	1.27504589023858	0.65431264003016	2.89278728642912
gnoto2_BM5_d10	6	1.21176174769426	0.61843791980843	2.62080550430465
gnoto2_BM5_d20_colon	7	1.18403827655271	0.619670472948339	2.62929888129398
gnoto2_BM6_d10	7	0.640428858363132	0.32703813403754	1.48596830010541
gnoto2_BM6_d20_colon	8	1.28490914542064	0.644996268069087	2.81687179613822
gnoto2_BM7_d10	3	0.981451365164681	0.59753299290446	2.48467571843129
gnoto2_BM7_d20_colon	7	1.16983445252644	0.626420035641527	2.67680308208509
gnoto2_BP1_d10	6	0.667027765293382	0.3015537728692	1.43174944778208
gnoto2_BP1_d20_colon	7	1.01441104046314	0.4777698541491	1.9148645629613
gnoto2_BP2_d10	4	0.648932552030076	0.408711899572936	1.69122294069125
gnoto2_BP2_d20_colon	5	1.37395955952858	0.695131469285947	3.28010240236286
gnoto2_BP3_d10	6	0.765149088554658	0.3510646619466	1.5409855826309
gnoto2_BP4_d10	7	1.29499832556286	0.68032549520294	3.12818190063306
gnoto2_BP4_d20_colon	5	0.611310579467682	0.289905794620618	1.40826385066152
gnoto2_BP5_d10	5	0.751512141330052	0.3590845452527	1.56026819542724
gnoto2_BP5_d20_colon	6	0.765242898306719	0.358165871169231	1.55803494248849
gnoto2_BP6_d10	5	0.454410648764803	0.20614966079734	1.25968328111366
gnoto2_BP6_d20_colon	7	0.873439324386079	0.386031190329834	1.62874723316518
gnoto2_INOC_microA	13	1.65248373810142	0.71489925388942	3.50753203435019
gnoto2_INOC_microB	12	1.56186961623265	0.72648713102816	3.65613509799042
