Sample	richness	shannon	simpson	invsimpson
B0	0	0	1	Inf
B1	15	1.69909721200885	0.744215522148677	3.9095413779614
B1-colon	12	1.55540703811814	0.68371073303488	3.16166277027124
B1-d31	8	0.365692856708471	0.14082288166192	1.16390436692997
b1-d33	11	1.05823156524827	0.4446132151811	1.80054698335337
B1-d39	20	2.0613361985961	0.817877891279641	5.49082155388097
B1-d40	20	2.24601764769318	0.855221068034642	6.90708231111469
B1-d48	21	1.94527845825086	0.793172952574183	4.83495757661323
B19	20	2.05388041386681	0.81359174335214	5.36456924163547
B2-d29	2	0.016461174912245	0.00465232728288001	1.00467407259835
b2-d33	13	1.21728990449279	0.530172198910895	2.12843939350099
B2-d39	16	2.05319129120317	0.83215857547036	5.95800472262677
B3	15	1.49695867965743	0.616913814480051	2.61037865054501
B3-d34	13	1.85534368765153	0.786859108313285	4.69173227195582
B3-d39	17	2.07272678277583	0.83703075307814	6.13612702327499
B3-d40	20	2.21110671709003	0.858147962231399	7.04959911560291
B3-d48	22	1.91308529525514	0.79025645958366	4.76772728263767
B4-d29	7	0.208878760695965	0.0711418087662801	1.07659060278274
B4-d34	14	1.2466818324334	0.541806147171564	2.18248235725335
B4-d40	18	2.21183485910491	0.8651658291681	7.41651759216673
B4-d48	19	1.92797121522479	0.780332376162087	4.55233221231489
B5-d29	2	0.0064908495318555	0.00159492607277989	1.00159747392559
b5-d33	9	0.772574873666047	0.329377310610075	1.4911514564318
B5-d39	20	2.16901598854662	0.851670570828246	6.74175047786421
B5-d40	16	2.06724241484469	0.826336058636663	5.75824775223671
B5-d48	20	1.9898898955001	0.78762191115594	4.70858366530578
B6-d29	5	0.116081966576638	0.03921922556584	1.04082016065417
b6-d33	9	0.744285266509266	0.303540452020727	1.43583357124104
B6-d34	13	1.55157978049753	0.65996323118514	2.94085843564897
B6-d39	16	1.91331640920217	0.802412113453689	5.0610390013237
B6-d40	17	2.08575001823899	0.832284436720538	5.96247587550185
B6-d48	21	2.03143033246825	0.804564921421436	5.11678869153475
B7-d29	2	0.026209628561403	0.00801541645757986	1.00808018248525
b7-d33	7	0.84140572786121	0.379965227142291	1.61281277079195
B7-d40	17	2.24077794461357	0.866737370441737	7.50397919742982
B7-d48	22	2.06795339613988	0.816518269446318	5.45013390151902
C0	0	0	1	Inf
C1	13	1.40386925462511	0.636678691344055	2.75238466936981
C1-d33	3	0.150095677973244	0.0640146577800601	1.0683927994302
C1-d44	12	1.94399014013154	0.819870347855082	5.55155682638792
C1-d45	9	1.62249000517793	0.735367359049521	3.77882333943503
C1-d53	17	1.87462831959191	0.782535060207413	4.59844240158335
C19	17	1.70305551190615	0.69488197775446	3.27742029998891
C2-colon	13	1.67215271130603	0.726732873063258	3.65942296539564
C2-d33	1	0	0	1
C2-d37	6	1.04475633209413	0.495594759142623	1.98253292987246
C2-d44	14	1.69677529907339	0.72032464519494	3.57557426072463
C2-d45	15	1.90417811009651	0.8026037495821	5.06595235665793
C2-d49	18	1.90204000110685	0.787334805000351	4.70222689707947
C2-d53	17	1.85109327006296	0.788352276383687	4.72483229639105
C3	14	1.98101511140996	0.80909606825512	5.23823679721998
C3-colon	10	1.59756977416782	0.721807390307431	3.59463179523389
C3-d33	4	0.141140162828004	0.05753204272954	1.06104403050069
C3-d44	15	1.8299154382197	0.780725807492774	4.56050020554537
C3-d45	16	1.89096024959888	0.781157436461279	4.56949500056038
C3-d53	17	1.8617393774595	0.790695852739607	4.77773619438086
C4-d33	7	1.3246013011203	0.69487737554238	3.27737086614793
C4-d44	15	1.83089058746811	0.778890349965442	4.52264295042621
C4-d45	6	1.33273459195963	0.66516345854582	2.98653186315043
C4-d53	17	1.82524731731562	0.756983543970941	4.11494767202277
C5-d34	10	1.15725297956105	0.478003348582825	1.91572110143827
C5-d44	13	1.78144707919186	0.76505927193426	4.25639270054609
C5-d45	16	1.70009530682086	0.7384247903679	3.82299225299859
C5-d53	15	1.85269166131942	0.785311660906004	4.65791483701486
C6-d33	4	0.414513589001845	0.2352589651713	1.30763219764191
C6-d37	7	1.20987475454321	0.631544170908728	2.71402952822409
C6-d44	13	2.0646580991551	0.85190986960846	6.75264446966229
C6-d49	17	1.67107691231005	0.7285592871216	3.68404573284473
C6-d53	17	1.71651452033007	0.72518407180396	3.63879927398768
C7-d33	6	0.938200032983022	0.537862461097482	2.16385797694512
C7-d38	6	1.1749058668821	0.56484382002194	2.2980255044302
C7-d44	16	1.87733395487706	0.783162941214805	4.61175781299741
C7-d45	15	1.82321127491571	0.772655493296014	4.39861078896465
C7-d53	17	1.93340629946485	0.804556451924367	5.11656695678191
C8-d35	7	0.311577733897013	0.13484301557406	1.15585959311596
C8-d38	7	1.44897207202305	0.74433823978086	3.91141795762828
C8-d44	13	2.07835521366717	0.851701295674891	6.74314724832484
C8-d45	15	1.83891603534474	0.796900942633043	4.92370576685255
C8-d53	14	1.80653050159643	0.7698518959083	4.34502818933308
CONV_MERO1_COLON	4	1.20433659416625	0.64864608158182	2.84613305154549
CONV_MERO1_D0	7	1.190085305327	0.623047653944884	2.65285522285564
CONV_MERO1_D1	8	0.413018174039537	0.203071344111589	1.2548174703107
CONV_MERO1_D3	4	0.215348494972054	0.0873549567666679	1.09571624523066
CONV_MERO2_COLON	5	1.40689443726818	0.717404528731439	3.53862712488291
CONV_MERO2_D0	8	1.44209733993756	0.69090386409084	3.23523940879639
CONV_MERO2_D3	3	0.0297374140717667	0.0083964489816698	1.0084675463022
CONV_MERO3_COLON	7	0.912844826499895	0.544560238206847	2.19568005231429
CONV_MERO3_D1	8	1.4317077476681	0.71621284201882	3.52376762611054
CONV_MERO3_D3	7	0.552031198265017	0.23739871001448	1.31130121746711
CONV_MERO4_COLON	6	1.59299863160165	0.78975799254606	4.75642338136959
CONV_MERO4_D0	8	0.826806745273046	0.379010374755311	1.61033286120677
CONV_MERO4_D1	4	0.221506496552743	0.10085199965902	1.11216395923783
CONV_MERO4_D3	6	0.883363256998964	0.49519260662734	1.98095355402566
CONV_PBS1_COLON	9	1.87781791328449	0.823054876177376	5.65146966695979
CONV_PBS1_D0	7	0.817190717791596	0.40626389056628	1.68424992873308
CONV_PBS1_D3	11	1.4270198802521	0.631662265039261	2.71489968332077
CONV_PBS2_COLON	9	1.34841467663378	0.67202703337	3.04903178537926
CONV_PBS2_D1	9	1.41067918467056	0.663953450581663	2.97577821206884
CONV_PBS2_D3	8	1.01285011924161	0.45509557986422	1.83518423240321
CONV_PBS3_COLON	6	1.18104813278175	0.6365700645752	2.75156200006237
CONV_PBS3_D1	18	2.38798489472189	0.879160217224448	8.27542037093363
CONV_PBS4_COLON	5	1.07805877781404	0.60059507983706	2.50372479035071
CONV_PBS4_D0	7	0.796327680651907	0.38444537233852	1.62455118532541
CONV_PBS4_D1	9	1.00034008585052	0.535681868523408	2.15369577927071
CONV_PBS4_D3	11	0.888219148582572	0.4119163089775	1.70043824589201
CONV_WATER_F12	0	0	1	Inf
GF1_A10	18	1.98976471625007	0.791293631814618	4.7914206389321
GF1_B_mom_d32	16	2.05605361757432	0.795472255774981	4.88931222406585
GF1_B10	17	1.91251902031686	0.784725175266197	4.64522501057216
GF1_B14	16	1.6447110916145	0.679864830778159	3.12368054541062
GF1_B17	18	2.00789054051993	0.788501864397685	4.72817406712428
GF1_B25	16	2.03158506375993	0.788673027853737	4.73200363325077
GF1_B3_d38	16	1.88034026014264	0.792983625803337	4.83053576742685
GF1_B5_D38	12	1.77990811728211	0.77973689654798	4.5400250170262
GF1_B6_d38	11	1.81598762933866	0.79151742266214	4.79656387967342
GF1_B7_D38	12	1.63914273345525	0.72372868275034	3.61963018801667
GF1_C_mom_d32	16	1.8189781447206	0.738789128199578	3.82832457587772
GF1_C10	17	2.00455559190759	0.81765223095532	5.4840265128496
GF1_C14	20	2.01532072570687	0.796570755498963	4.91571407273699
GF1_C17	20	1.92558806092797	0.78874117234432	4.73353000722814
GF1_C25	17	1.85990221883195	0.74642483819602	3.94360391169946
GF1_C4_d39	7	1.58541843585975	0.74126368886492	3.86493876956422
GF1_C6_d39	8	1.60117456798498	0.76822619829384	4.31455148355286
GF1_C7_d39	8	1.5935085627574	0.767586842340761	4.30268238714
GF1_INOC_GF1	20	1.58961074556391	0.664996477053809	2.98504323538299
GF10_A_DAM_D0	9	1.20642904149172	0.518487563415502	2.0767895572818
GF10_A1_COLON_D35	7	0.73589847666195	0.32594687685626	1.48356259420039
GF10_A1_d101	5	0.644609763018605	0.392847847068665	1.64703360627479
GF10_A1_d104_colon	5	1.03977585274728	0.5666272951285	2.30748265582742
GF10_A1_d127_colon	16	1.98247910230186	0.826927891360754	5.77793850125448
GF10_A1_D32	16	2.14960742213804	0.860513961763999	7.16917630356716
GF10_A1_D34	8	0.498554445370162	0.208270940418346	1.26305835045185
GF10_A1_d77	2	0.219939118745654	0.10832837976888	1.12148909678296
GF10_A1_d79	1	0	0	1
GF10_A1_d80_colon	6	0.954250107564124	0.481423360567567	1.92835527858423
GF10_A2_COLON_D35	1	0	0	1
GF10_A2_d101	1	0	0	1
GF10_A2_d103	3	0.11121745736079	0.0430922680612602	1.04503283506128
GF10_A2_d104_colon	6	0.3957612867941	0.163451353523	1.19538774488651
GF10_A2_d127_colon	1	0	0	1
GF10_A2_D32	16	2.16342789317117	0.855324576266407	6.9120239926956
GF10_A2_D33	7	0.307932692276131	0.11738474997798	1.13299651232522
GF10_A2_D34	12	1.00886837141892	0.41328271332768	1.70439839206322
GF10_A2_d77	2	0.294552482772089	0.15816747646392	1.18788473008805
GF10_A2_d79	1	0	0	1
GF10_A3_COLON_D35	1	0	0	1
GF10_A3_d104_colon	19	2.03318134095287	0.803218808584204	5.08178648988366
GF10_A3_d127_colon	0	0	1	Inf
GF10_A3_D33	4	0.181356412117558	0.0660003250815799	1.07066418421114
GF10_A3_D34	8	0.758869009523424	0.3108848776426	1.45113634508425
GF10_A3_d79	2	0.236549072683665	0.1189730380755	1.13503904331783
GF10_A3_d80_colon	5	0.269910721768774	0.10040944923344	1.11161683406732
GF10_A4_d101	4	0.174512480453689	0.0686453808113632	1.07370488039364
GF10_A4_d104_colon	4	0.925255691793901	0.49385259957754	1.97570905069421
GF10_A4_d127_colon	0	0	1	Inf
GF10_A4_d77	2	0.249006190244261	0.1271294725155	1.14564528015612
GF10_A5_d101	2	0.0700577575646419	0.0259710972286202	1.02666357964812
GF10_A5_d104_colon	3	0.203262977591864	0.0907467879160015	1.09980364843365
GF10_A5_d127_colon	3	1.0113927704201	0.61410911170174	2.5914060951527
GF10_A56_d101	4	0.151537555141867	0.062569407809601	1.06674564317706
GF10_A6_d102	8	0.709667711853277	0.31562331846112	1.46118362442071
GF10_A6_d103	9	1.73497837085371	0.79929589185948	4.98245905011503
GF10_A6_d104_colon	9	1.56046202505807	0.74038414435828	3.85184486335857
GF10_A6_d127_colon	0	0	1	Inf
GF10_A7_d103	4	0.186535887837987	0.0734871114745617	1.07931580055137
GF10_A7_d104_colon	2	0.0366876474052178	0.0119317543927799	1.01207584035397
GF10_A7_d127_colon	3	0.697109120205106	0.48326572596822	1.93523064030101
GF10_A8_d102	2	0.0461755473824689	0.01570116253152	1.01595162153386
GF10_A8_d104_colon	20	2.17020060181449	0.848605461667331	6.60525809592043
GF10_Adam_d1	12	1.90240668988564	0.796576291579714	4.91584785158835
GF10_Adam_d20	15	2.06360841421702	0.822914146936041	5.64697847229403
GF10_C1_COLON_D55	2	0.0416384812622682	0.0138741944023799	1.01406939593673
GF10_C1_d102_colon	0	0	1	Inf
GF10_C1_d55	1	0	0	1
GF10_C1_d77	3	0.553169117074638	0.352565196821257	1.54455706596286
GF10_C1_d78	0	0	1	Inf
GF10_C1_d80_colon	0	0	1	Inf
GF10_C10_COLON_D55	1	0	0	1
GF10_C10_d55	0	0	1	Inf
GF10_C2_COLON_D35	10	1.49812476865362	0.686088638290945	3.18561263458454
GF10_C2_COLON_D55	1	0	0	1
GF10_C2_d101	4	0.16981370367777	0.06141223513884	1.06543046632184
GF10_C2_d103	5	0.888396784678071	0.50315941426926	2.01271802006518
GF10_C2_d104_colon	4	1.09561054350152	0.63332245601918	2.72719182403029
GF10_C2_D32	10	0.847970625370094	0.342912243655205	1.52186673750054
GF10_C2_D33	4	0.230937666818605	0.0892251144698601	1.09796615594854
GF10_C2_D34	6	0.433924719014009	0.19064371355838	1.2355498026667
GF10_C2_d55	13	1.75974058087018	0.788032775880237	4.71771050525714
GF10_C2_d77	7	0.965511162792984	0.552320661040862	2.23374168288628
GF10_C2_d78	0	0	1	Inf
GF10_C2_d80_colon	1	0	0	1
GF10_C3_COLON_D35	8	1.17253978252065	0.538406162223142	2.16640673717879
GF10_C3_COLON_D55	0	0	1	Inf
GF10_C3_d101	9	0.857138168502707	0.516428878006179	2.06794813527508
GF10_C3_d102_colon	0	0	1	Inf
GF10_C3_D33	2	0.00976648736682547	0.00254515282871992	1.00255164716071
GF10_C3_d55	1	0	0	1
GF10_C3_d78	1	0	0	1
GF10_C3_d79	0	0	1	Inf
GF10_C3_d80_colon	0	0	1	Inf
GF10_C4_COLON_D55	1	0	0	1
GF10_C4_d102_colon	1	0	0	1
GF10_C4_d55	12	1.63131232269209	0.757619293927692	4.12574093130035
GF10_C4_d77	7	1.40829566649107	0.71481513638294	3.50649746033779
GF10_C4_d80_colon	4	0.981188351286972	0.59763578719772	2.48531049278827
GF10_C5_COLON_D55	4	0.882412197630381	0.48984381408496	1.96018401346316
GF10_C5_d101	5	0.174355712156089	0.0616328880216599	1.06568099759136
GF10_C5_d55	8	1.60930186552516	0.767437243058024	4.29991462583795
GF10_C5_d77	2	0.0827649304292255	0.0318319640454199	1.03287855296114
GF10_C5_d80_colon	0	0	1	Inf
GF10_C6_COLON_D55	5	1.10481231319606	0.63556211024194	2.74395179014968
GF10_C6_d101	2	0.00979247162760953	0.00255293292077985	1.00255946706852
GF10_C6_d102_colon	0	0	1	Inf
GF10_C6_d55	11	1.7199108824589	0.78261770711908	4.60019069054438
GF10_C7_COLON_D55	1	0	0	1
GF10_C7_d55	0	0	1	Inf
GF10_C8_COLON_D55	1	0	0	1
GF10_C8_d101	5	0.146106278395742	0.04948104601974	1.0520568746289
GF10_C8_d103	5	1.45395820311772	0.755760818415849	4.0943471621299
GF10_C8_d55	20	2.34657249914026	0.88050744470144	8.36872219780918
GF10_C9_COLON_D55	2	0.258774456864172	0.13362703518318	1.15423730957652
GF10_C9_d55	0	0	1	Inf
GF10_Cdam_d0	12	1.66978815695079	0.76118713593402	4.1873791175827
GF10_Cdam_d1	13	1.79413196799176	0.78897797113314	4.73884174732738
GF10_Cdam_d20	14	1.94115631284621	0.792499750666702	4.81927131756717
GF10_INOC	10	1.31813402828929	0.56607824467498	2.30456294879931
GF11_A_DAM_D0	12	1.94096487081222	0.819684741984863	5.54584238188016
GF11_A1_COLON_D38	10	1.90782906893188	0.82117633487896	5.59210101930934
GF11_A1_D35	10	1.44428503182367	0.69680096259548	3.29816350526808
GF11_A1_D37	10	1.33555524128471	0.645766346290653	2.82299547072541
GF11_A2_COLON_D38	9	1.92002712534673	0.819155543464563	5.52961378611043
GF11_A2_D35	8	0.899813296804256	0.4893335978173	1.95822555728315
GF11_A2_D36	2	0.552465160326357	0.36605050298592	1.57741271932548
GF11_A3_D36	1	0	0	1
GF11_A4_COLON_D38	10	1.81533036520846	0.80612440728166	5.15794683579788
GF11_A4_D37	6	0.600296266972278	0.27229905909776	1.37419088500854
GF11_A5_D35	5	0.89335696878568	0.4462002023207	1.80570669074005
GF11_B_dam_d0	0	0	1	Inf
GF11_B_dam_d111	15	1.54098450469547	0.66318655199278	2.96900259154309
GF11_B_dam_d20	14	1.41633553245171	0.593912757120843	2.46252503011423
GF11_B_dam_d7	15	1.12565437292117	0.467505218123732	1.87795267490971
GF11_B1_COLON_D38	7	1.61523030072075	0.76904960968723	4.32993422806399
GF11_B1_d105_colon	11	1.4900273762085	0.656390321200969	2.91027890569077
GF11_B1_D36	10	1.83229428991841	0.803594863995239	5.09151654759049
GF11_B1_d71	4	0.438105031787377	0.22960685790958	1.2980385537786
GF11_B2_COLON_D38	7	1.08344469945733	0.53470621658708	2.14917979919057
GF11_B2_d105_colon	8	1.73648580592974	0.76997300934806	4.34731592656066
GF11_B2_D36	9	1.90987800938834	0.828087785770055	5.81692234306531
GF11_B2_d71	6	0.768985823738269	0.37464606112692	1.59909442931159
GF11_B2_d73	2	0.606705168736604	0.41607901845048	1.71256048608898
GF11_B2_d74_colon	0	0	1	Inf
GF11_B3_COLON_D38	4	1.00277517594198	0.56651299936914	2.30687425123403
GF11_B3_d105_colon	7	1.3729979299389	0.63218401675756	2.71875080355294
GF11_B3_D35	3	0.207957803640373	0.0897074565782703	1.09854794178701
GF11_B3_D37	3	0.18101620466777	0.0757959019621798	1.08201208166367
GF11_B3_d71	4	0.514944980496482	0.263694366640511	1.35813167072669
GF11_B3_d72_colon	0	0	1	Inf
GF11_B4_COLON_D38	1	0	0	1
GF11_B4_d105_colon	9	1.04312923677211	0.443888370551861	1.79820012214518
GF11_B4_D35	5	1.09441242256137	0.543225327001169	2.18926323877541
GF11_B4_D37	4	0.998434983726761	0.555980658423106	2.25215414366544
GF11_B4_d72	3	0.358021558719718	0.19765275613414	1.24634316082624
GF11_B4_d73	3	0.703521888649204	0.40225514469442	1.67295459111694
GF11_B4_d74_colon	1	0	0	1
GF11_B5_COLON_D38	2	0.416794713309674	0.25024006250208	1.333760247763
GF11_B5_d105_colon	11	1.87104437601891	0.815506678129807	5.4202503909794
GF11_B5_D35	4	0.297419438404422	0.12401943847074	1.14157784306792
GF11_B5_D37	1	0	0	1
GF11_B5_d71	5	0.833790835501649	0.46894250135466	1.8830352693463
GF11_B5_d74_colon	1	0	0	1
GF11_B6_d105_colon	11	1.34293589778879	0.6263339668166	2.67618651735783
GF11_B6_d71	5	0.659518433941157	0.399594635358883	1.66554141400408
GF11_B6_d72_colon	0	0	1	Inf
GF11_B7_d105_colon	10	1.19611309118167	0.52887209090544	2.12256582702107
GF11_B7_d71	5	0.942263697309173	0.4997862175627	1.99914523571798
GF11_B7_d73	1	0	0	1
GF11_B7_d74_colon	15	2.1659619688405	0.859767483549272	7.13101372855532
GF11_B8_d105_colon	9	1.27475697530275	0.58861883321502	2.43083563551337
GF11_C1_COLON_D38	2	0.253347588274114	0.13000630264248	1.14943361433233
GF11_C1_D36	8	1.40983272927462	0.652658477246889	2.87901081354675
GF11_C1_d71	4	0.618976049732028	0.30673928366188	1.44245876974266
GF11_C1_d74_colon	10	1.58268158463054	0.73609109457794	3.78918626637754
GF11_C2_COLON_D38	0	0	1	Inf
GF11_C2_D37	2	0.213779142030463	0.1044491326395	1.11663115569007
GF11_C2_d71	4	0.398077956796077	0.17930455881484	1.2184788044587
GF11_C2_d72	4	0.45916034195329	0.2245559668427	1.28958371879966
GF11_C2_d74_colon	8	0.697458902452503	0.29240365404498	1.41323511026662
GF11_C3_COLON_D38	1	0	0	1
GF11_C3_D35	4	0.149904841856675	0.05230115734994	1.05518752898726
GF11_C3_D36	9	1.32563424638976	0.6113991363912	2.57333447670021
GF11_C3_d71	2	0.318640701153933	0.17532641914368	1.21260098930491
GF11_C3_d74_colon	7	1.73165187346094	0.79553331232089	4.89077223948283
GF11_C4_COLON_D38	2	0.664706730870177	0.47183021014392	1.89333055242044
GF11_C4_D35	4	0.554880499128977	0.28506046754876	1.39871968832301
GF11_C4_D36	7	1.08370630257336	0.53283837478854	2.14058678203149
GF11_C4_d74_colon	5	1.22449997046252	0.6537838335408	2.8883688772455
GF11_C5_D37	2	0.26728068987741	0.13935681495918	1.1619217085331
GF11_C5_d71	3	0.672853748895576	0.389488677515621	1.6379712597805
GF11_C5_d72	4	0.844536952739485	0.47408877620776	1.90146160560941
GF11_C5_d74_colon	15	1.93114740973785	0.78001091412168	4.54568005502381
GF11_C6_d71	6	0.750920424068367	0.3514771646052	1.54196574958109
GF11_C6_d72	6	0.596636732795896	0.28465148864844	1.39792001259725
GF11_C6_d74_colon	8	1.48373828849564	0.715036345105382	3.50921944894975
GF11_C7_d71	5	0.527535045740481	0.258938213915295	1.34941514834189
GF11_C7_d72_colon	3	0.509329288374263	0.27641420840736	1.38200613060541
GF11_INOC	9	1.93742951844038	0.826698854391603	5.77030230521191
GF12_A_dam_d1	0	0	1	Inf
GF12_A_dam_d21	4	0.871834799136185	0.4514926183972	1.82312952120697
GF12_A_Dam_d85	8	1.77812945346363	0.8082662473094	5.21556578310808
GF12_A1_d31	2	0.0653610925601606	0.0238710747155002	1.02445483798008
GF12_A1_d32_colon	0	0	1	Inf
GF12_A1_d76_colon	8	1.6014904340624	0.756458847411643	4.10608223444783
GF12_A2_d32	2	0.675204959141271	0.48216534584288	1.93111834438292
GF12_A2_d34_colon	4	0.323214637135221	0.14108150530454	1.16425482298476
GF12_A2_d76_colon	8	1.72404949862612	0.801800927487537	5.0454322884741
GF12_A3_d31	8	0.412916357819973	0.17337431862034	1.20973739689647
GF12_A3_d32_colon	0	0	1	Inf
GF12_A3_d76_colon	8	1.54674874320421	0.723559010898731	3.61740855887933
GF12_A4_d31	1	0	0	1
GF12_A4_d32	2	0.231217811444149	0.11552740410848	1.13061727932004
GF12_A4_d34_colon	2	0.0688102539286695	0.0254097004594998	1.02607218691945
GF12_A4_d76_colon	5	1.18955397318389	0.58578258512476	2.41419110855393
GF12_A5_d34_colon	5	1.38529768541136	0.725496399081093	3.64293946109441
GF12_A5_d76_colon	7	1.46671137067875	0.714210667615059	3.49908091969319
GF12_A6_d76_colon	8	1.63618863765081	0.77021527216214	4.35189931641417
GF12_A7_d76_colon	8	1.73713215038005	0.805687651638142	5.14635332458518
GF12_A8_d76_colon	7	1.61737187003005	0.776123876025587	4.466755910578
GF12_B_Dam_d0	0	0	1	Inf
GF12_B1_d79	5	0.454866751953773	0.23779572745494	1.3119842488693
GF12_B1_d82_colon	0	0	1	Inf
GF12_B2_d32	2	0.00430944525216425	0.00100189759712022	1.00100290240263
GF12_B2_d34_colon	0	0	1	Inf
GF12_B2_d79	6	0.288162653765469	0.110369749098109	1.1240624956112
GF12_B2_d81	2	0.17344071623643	0.0799988442655202	1.08695515627005
GF12_B2_d82_colon	3	0.954287363037964	0.57035388045562	2.32749687361416
GF12_B3_d31	2	0.0549618236732747	0.01935752611902	1.01973963665107
GF12_B3_d32	0	0	1	Inf
GF12_B3_d34_colon	0	0	1	Inf
GF12_B3_d80	4	0.312040680331087	0.13374996973214	1.15440111406493
GF12_B3_d82_colon	0	0	1	Inf
GF12_B4_d31	2	0.106968630445443	0.0436602583126202	1.04565350200294
GF12_B4_d34_colon	0	0	1	Inf
GF12_B4_d79	5	0.781197871128439	0.494642981940839	1.97879907523701
GF12_B5_d79	4	0.534703025417625	0.27579415879156	1.38082288639285
GF12_B5_d82_colon	0	0	1	Inf
GF12_B6_d82_colon	0	0	1	Inf
GF12_C1_d31_colon	0	0	1	Inf
GF12_C1_d79	2	0.0451455129923414	0.0152826015192802	1.01551978419683
GF12_C1_d82_colon	6	1.5107741836718	0.746481728618158	3.94448887076005
GF12_C1_d92_colon	0	0	1	Inf
GF12_C2_d31	2	0.402613554203211	0.23893806018702	1.31395350061223
GF12_C2_d32_colon	0	0	1	Inf
GF12_C2_d79	2	0.0677982238839407	0.0249561720223199	1.02559492333189
GF12_C2_d92_colon	0	0	1	Inf
GF12_C3_d31	2	0.059154084085202	0.0211537964851201	1.02161095012593
GF12_C3_d34_colon	0	0	1	Inf
GF12_C3_d79	2	0.551439987911886	0.36512490856248	1.57511298440728
GF12_C3_d80_colon	1	0	0	1
GF12_C3_d92_colon	0	0	1	Inf
GF12_C4_d31	2	0.576919357491482	0.38835023345118	1.6349225564859
GF12_C4_d80_colon	0	0	1	Inf
GF12_C4_d80	0	0	1	Inf
GF12_C4_d92_colon	0	0	1	Inf
GF12_C5_d31_colon	0	0	1	Inf
GF12_C5_d79	4	0.0646045298475106	0.0198991361726668	1.02030315134604
GF12_C5_d80_colon	0	0	1	Inf
GF12_Inoc	3	0.682228648526876	0.4811419100395	1.92730925728869
GF13_A1_d32	4	0.748288483205896	0.3963809895304	1.65667413162158
GF13_A1_d34	2	0.448770828468327	0.276295759502	1.38177993721838
GF13_A1_d35_colon	0	0	1	Inf
GF13_A1_d65_colon	11	1.91643068176446	0.812907076575977	5.34493759410463
GF13_A10_d65_colon	11	1.90543925304585	0.81022077057348	5.26928053729498
GF13_A2_d32	4	1.12025126347403	0.6279882923599	2.68808744311736
GF13_A2_d35_colon	0	0	1	Inf
GF13_A2_d65_colon	11	1.8676901448298	0.79923895100086	4.98104590001561
GF13_A3_d32	4	0.864350108943283	0.530295945010346	2.12900014248765
GF13_A3_d35_colon	0	0	1	Inf
GF13_A3_d65_colon	10	1.85701400591977	0.806896169910806	5.17856118927368
GF13_A4_d32	4	1.03449313123312	0.60479170575288	2.53031126764437
GF13_A4_d35_colon	0	0	1	Inf
GF13_A4_d65_colon	9	1.62054401799152	0.7310035199821	3.71752076433661
GF13_A5_d32	4	1.03598727036932	0.607670840300846	2.54888013107876
GF13_A5_d35_colon	0	0	1	Inf
GF13_A5_d65_colon	11	1.94513523413686	0.82830169139417	5.82416919607352
GF13_A6_d32	2	0.305629248051112	0.16599547997438	1.19903426898607
GF13_A6_d34	2	0.22218226093293	0.10975027435128	1.1232803236994
GF13_A6_d35_colon	0	0	1	Inf
GF13_A6_d65_colon	10	1.95040438964679	0.834409030562879	6.03897666279274
GF13_A7_d65_colon	9	1.85870066644838	0.81120551799804	5.29676497637054
GF13_A8_d65_colon	9	1.79047826930103	0.786356321433168	4.68069079650854
GF13_A9_d65_colon	10	1.81845223689385	0.79630483769316	4.90929675832768
GF13_B1_d32	4	0.502077479340383	0.24987335515496	1.33310822495391
GF13_B1_d65_colon	2	0.682789745680475	0.48967837362912	1.9595485441435
GF13_B2_d32	4	0.90697089463518	0.52943118651912	2.12508770524512
GF13_B2_d35_colon	7	1.61927409867862	0.767092943766181	4.29355819514581
GF13_B2_d65_colon	0	0	1	Inf
GF13_B3_d32	4	0.613031959307075	0.328505302686196	1.48921503624723
GF13_B3_d34	7	0.942586675378209	0.46987722343486	1.88635547123511
GF13_B3_d35_colon	7	1.55522209081361	0.757069458579484	4.11640296091461
GF13_B3_d65_colon	2	0.5671803993333	0.37941864533888	1.61139227353369
GF13_B4_d32	5	0.508816536771667	0.2567374694833	1.34541963161364
GF13_B4_d35_colon	8	1.88814273398238	0.83787576036816	6.16810911354681
GF13_B4_d65_colon	0	0	1	Inf
GF13_B5_d32	3	0.636225170455454	0.34388416063584	1.52412110789628
GF13_B5_d35_colon	8	1.57150234119893	0.750701129649398	4.01124962417058
GF13_B5_d65_colon	1	0	0	1
GF13_B6_d65_colon	0	0	1	Inf
GF13_B7_d65_colon	0	0	1	Inf
GF13_B8_d65_colon	2	0.161411966093257	0.0730415882967801	1.07879704998045
GF13_B9_d65_colon	1	0	0	1
GF13_inoc_200118	9	1.38333714877345	0.688732500900733	3.2126707828275
GF14_A_d66_stool	12	1.75408672006534	0.729652261646566	3.69893976583843
GF14_A_Dam_d0	0	0	1	Inf
GF14_A_Dam_d21	12	1.85457918014627	0.804201624863227	5.10729468158998
GF14_A1_d32	10	1.07401463321182	0.575159171937329	2.35382273535274
GF14_A1_d35_colon	1	0	0	1
GF14_A1_d94_stool	9	0.370520676473383	0.13532010558468	1.1564973424948
GF14_A1_d95_stool	9	1.0099267600307	0.49819708663086	1.99281425706744
GF14_a1_d97_colon	1	0	0	1
GF14_A2_d32	8	0.821142186537455	0.438575178351431	1.78118237997315
GF14_A2_d33	8	0.880915494406453	0.46581610670972	1.87201451140832
GF14_A2_d35_colon	1	0	0	1
GF14_A2_d94_stool	3	0.334295997591402	0.18331108101778	1.22445643225603
GF14_A2_d96_16_stool	1	0	0	1
GF14_a2_d97_colon	2	0.00806791286585587	0.00204450571421999	1.00204869428138
GF14_A3_d32	10	1.05780420770034	0.54810539467928	2.21290537268148
GF14_A3_d35_colon	1	0	0	1
GF14_a3_d97_colon	1	0	0	1
GF14_A4_d32	7	0.968606791451526	0.514045784263578	2.05780702711795
GF14_A4_d33	2	0.362288408167359	0.20767155203102	1.26210285969582
GF14_A4_d34	1	0	0	1
GF14_A4_d35_colon	1	0	0	1
GF14_A4_d94_stool	5	0.317905714827625	0.150754681482555	1.17751605831132
GF14_A4_d95_stool	4	0.327927867661678	0.13835100432236	1.16056538685286
GF14_a4_d97_colon	1	0	0	1
GF14_A5_d32	5	0.757768171691947	0.41072090440026	1.6969887570545
GF14_A5_d35_colon	1	0	0	1
GF14_A5_d94_stool	4	0.268935757696562	0.12757833052082	1.14623471078725
GF14_A5_d96_16_stool	5	0.445433722287962	0.18054445160524	1.22032244696971
GF14_A5_d96_stool	5	0.389353388725109	0.16706886504248	1.20057944532353
GF14_a5_d97_colon	4	1.09045135730529	0.598692127605939	2.49185243746741
GF14_A6_d34_colon	6	1.07918854040289	0.60163682860786	2.51027221343115
GF14_A6_d94_stool	5	0.184873608854178	0.0670061609937801	1.0718184388711
GF14_A6_d95_stool	7	0.496858352049459	0.20227327909374	1.25356212070212
GF14_A6_d96_16_stool	7	0.669672825003156	0.29272308871696	1.41387338402712
GF14_a6_d97_colon	1	0	0	1
GF14_A7_d32	5	0.528447909833872	0.27579375953192	1.38082212513616
GF14_A7_d34	1	0	0	1
GF14_A7_d35_colon	1	0	0	1
GF14_A7_d94_stool	5	0.204545450403385	0.0723835327704399	1.07803174623088
GF14_A7_d95_stool	4	0.185298555568493	0.0772441449767399	1.08371027347726
GF14_a7_d97_colon	1	0	0	1
GF14_A8_d94_stool	6	0.223571488998064	0.0768477091862599	1.08324488814139
GF14_A8_d96_16_stool	7	0.797791197661756	0.33458998396632	1.50283280369105
GF14_A8_d96_stool	8	0.497086990158304	0.19994901772004	1.24992034526379
GF14_a8_d97_colon	1	0	0	1
GF14_Adam_d18_stool	15	2.06931604752899	0.82675532176232	5.77218307755502
GF14_Adam_d5_stool	14	1.47713262057809	0.632893250334855	2.72400330670069
GF14_Adam_d51_stool	12	1.79945282820596	0.7611499008047	4.18672633324859
GF14_Adam_d59_stool	13	1.68302984007991	0.702539818480817	3.36179449260341
GF14_Adam_d78_stool	12	1.80737583288391	0.770458147616563	4.35650400838255
GF14_Adam_d9_stool	15	2.00792950648037	0.82856854130953	5.83323508788176
GF14_B_d0_stool	0	0	1	Inf
GF14_B_d66_stool	13	1.79362706533405	0.76611302869674	4.27556949593139
GF14_B_d78_stool	13	1.71476648620585	0.738272224706478	3.82076376448209
GF14_b1_d95_colon	5	1.08045410904196	0.59942941830174	2.49643894406923
GF14_b2_d95_colon	10	1.84862437484903	0.7949255798365	4.87627856854467
GF14_b3_d95_colon	8	1.78377896981386	0.80178318971172	5.04498078919559
GF14_Bdam_d18_stool	12	2.06197877831631	0.84287122254048	6.36420658372158
GF14_Bdam_d5_stool	13	2.07780112183002	0.834444989445471	6.04028834071819
GF14_Bdam_d51_stool	14	1.94649962835905	0.790208563895047	4.76663880359601
GF14_Bdam_d59_stool	13	1.82437238035215	0.77621443917266	4.46856354942195
GF14_Bdam_d9_stool	14	1.91565797867093	0.79126391777416	4.79073856966454
GF14_C_d66_stool	14	1.94007453077545	0.78004509474968	4.54638644617609
GF14_c_d78_stool	15	1.88733917722911	0.770675147324843	4.36062637055966
GF14_c1_d130_colon	7	0.542463774955069	0.28620263455031	1.40095781856802
GF14_c2_d130_colon	5	1.10269262520587	0.608101438421402	2.55168071036526
GF14_c3_d130_colon	4	0.270384038322548	0.13273855649191	1.15305483425503
GF14_Cdam_d18_stool	13	1.98368250689839	0.810805792107991	5.28557407302233
GF14_cdam_d5_stool	12	1.97180240827965	0.82291137484096	5.64689007609562
GF14_Cdam_d51_stool	15	1.77741920507908	0.734766269265423	3.77025952630706
GF14_Cdam_d59_stool	13	1.76406708774869	0.74727484260892	3.956867651496
GF14_Cdam_d9_stool	13	2.05138974085478	0.83685150785688	6.1293854871963
GF14_d67_A1_stool	4	0.370444941889049	0.16695171924578	1.20041061617056
GF14_d67_A2_stool	0	0	1	Inf
GF14_d67_A3_stool	2	0.0622047297242041	0.02248085984382	1.02299787177592
GF14_d67_A4_stool	3	0.240456939910453	0.10716010314526	1.12002163380328
GF14_d67_A5_stool	2	0.410927965528317	0.24554534385528	1.32546070443785
GF14_d67_A6_stool	3	0.668265306871537	0.36440921744162	1.57333936778441
GF14_d67_A7_stool	5	1.1421766633701	0.66017387343802	2.94268133564949
GF14_d67_A8_stool	3	0.71251735235241	0.49327705453238	1.9734650047812
GF14_d67_A9_stool	2	0.184610919471675	0.08659984881632	1.09481041655631
GF14_d68_A1_colon	1	0	0	1
GF14_d68_A10_colon	4	0.29962951826511	0.14322187404326	1.16716331767145
GF14_d68_A2_colon	2	0.67052294659209	0.47754690642168	1.91404742797277
GF14_d68_A3_colon	2	0.648744804295701	0.45625881130718	1.83911026200544
GF14_d68_A4_colon	4	0.278218265598127	0.11467954404672	1.12953450163222
GF14_d68_A5_colon	3	0.375281125107369	0.17676716386654	1.2147231695674
GF14_d68_A6_colon	1	0	0	1
GF14_d68_A7_colon	3	0.883751731561073	0.51267085044608	2.05200120065741
GF14_d68_A8_colon	1	0	0	1
GF14_d68_A9_colon	1	0	0	1
GF14_d89_B1_stool	5	0.285001944813742	0.109708604180058	1.12322774845984
GF14_d89_B2_stool	6	0.367983592127278	0.13922720104194	1.16174674805067
GF14_d89_B3_stool	9	1.55058050445379	0.753475907350867	4.05639866373327
GF14_d90_B2_stool	6	0.415390867229126	0.16816045835136	1.20215492283293
GF14_d90_B3_stool	10	1.52382754857712	0.73063365536076	3.71241626840685
GF14_d91_B2_stool	5	0.135260073707378	0.04491518799038	1.04702743403057
GF14_INOC	13	1.25698913676219	0.541148563252662	2.17935462311877
GF15_A_Dam_d0	0	0	1	Inf
GF15_A_Dam_d21	13	1.35428386793374	0.58832155991838	2.42908032735875
GF15_a1_d106_stool	9	1.53901594604115	0.739707683417829	3.84183449258409
GF15_A1_d108_colon	3	0.718279622485902	0.43596153264506	1.77292872361969
GF15_A1_d32	0	0	1	Inf
GF15_A1_d35_colon	1	0	0	1
GF15_A1_d72_stool	6	0.603120995920111	0.26584693753506	1.36211377589637
GF15_a1_d74_colon	0	0	1	Inf
GF15_a2_d105_stool	8	1.05695648646808	0.488426458168184	1.95475316494917
GF15_a2_d106_stool	10	1.35859386090595	0.615836722439838	2.60305984046951
GF15_A2_d108_colon	4	0.82068556106286	0.44443448734818	1.7999677395863
GF15_A2_d32	1	0	0	1
GF15_a3_d105_stool	4	0.538770868855983	0.27351333212734	1.37648775156227
GF15_A3_d108_colon	7	1.32056235118703	0.645583222625738	2.82153685671603
GF15_A3_d32	2	0.60955261463979	0.41876212817208	1.72046600620694
GF15_A3_d33	0	0	1	Inf
GF15_A3_d35_colon	1	0	0	1
GF15_a3_d74_colon	0	0	1	Inf
GF15_a4_d105_stool	7	1.15066714615453	0.62616885533966	2.67500451549748
GF15_A4_d108_colon	3	0.536017748197751	0.31274036517527	1.45505417360213
GF15_A4_d32	8	0.629265475304441	0.275173446007728	1.37964040430376
GF15_a5_d105_stool	8	1.40792516117937	0.687562721927077	3.20064240146978
GF15_A5_d108_colon	6	0.79182907325974	0.426930696309557	1.74498964359147
GF15_A5_d32	6	0.559966528632706	0.25798402200974	1.34767987437209
GF15_A5_d35_colon	1	0	0	1
GF15_a5_d71_colon	0	0	1	Inf
GF15_a6_d105_stool	7	0.522632507112697	0.22226099624142	1.28577838473742
GF15_A6_d108_colon	6	1.06600929067606	0.52156623531082	2.09015348373178
GF15_A6_d32_colon	2	0.504071215668884	0.32318070325248	1.47749924507994
GF15_a6_d74_colon	0	0	1	Inf
GF15_A7_d108_colon	5	1.40080988933947	0.72403903776528	3.62370094632967
GF15_a7_d74_colon	1	0	0	1
GF15_a8_d105_stool	10	1.2870345154477	0.565754617842071	2.30284544427536
GF15_A8_d108_colon	5	1.13122822472458	0.606624869484368	2.54210274729165
GF15_a8_d74_colon	0	0	1	Inf
GF15_a9_d105_stool	9	1.04236351042156	0.51430744241842	2.05891563374848
GF15_a9_d106_stool	9	1.72548688960934	0.77436424062784	4.43192161908439
GF15_A9_d108_colon	3	0.175353786579459	0.0684172561603398	1.07344195307692
GF15_adam_d11_stool	12	1.03355511472468	0.420054795841997	1.72430083537264
GF15_adam_d18_stool	17	1.26168404175311	0.51259081300552	2.05166424163303
GF15_Adam_d5_stool	16	1.09178020281416	0.44355779587646	1.79713183613582
GF15_b_d5_stool	1	0	0	1
GF15_B1_d32	6	0.738030496405904	0.320998847860087	1.47275155108123
GF15_B1_d35_colon	7	1.49679443526833	0.73047196626688	3.71018920054222
GF15_B1_d94_stool	4	0.0878884584711695	0.0287393180460762	1.02958970601822
GF15_b1_d97_colon	6	1.21374192119868	0.60189534722938	2.51190231774603
GF15_b10_d94_stool	4	0.975595590971466	0.58759452190936	2.42479805222232
GF15_B10_d97_colon	6	1.27452450666526	0.646773713905076	2.83104638404874
GF15_B2_d32	6	0.648183541930717	0.278364026552572	1.38574023024761
GF15_B2_d33	6	0.733448150289719	0.3283621189268	1.48889755652572
GF15_B2_d35_colon	6	1.45335948160242	0.743457626999138	3.89799154152456
GF15_b2_d94_stool	5	0.909370087908406	0.55203122531686	2.23229844693378
GF15_b2_d95_stool	7	1.18406762595418	0.64869602620816	2.84653768417813
GF15_b2_d97_colon	5	1.46611980603427	0.755330484288836	4.08714586732788
GF15_B3_d34	4	1.20269002531147	0.67370595068538	3.06472031010219
GF15_B3_d35_colon	5	1.03517264243926	0.5391339711264	2.16982797027608
GF15_b3_d94_stool	5	0.940962124272102	0.56556778007836	2.3018550515898
GF15_b3_d97_colon	5	1.07424300427948	0.601967549432664	2.51235797125247
GF15_b4_d106_stool	13	1.64748728228088	0.722909617134156	3.6089307382572
GF15_B4_d32	7	0.655309670357363	0.288801920247453	1.40607803714535
GF15_B4_d33	8	0.702544703426631	0.31259328712082	1.4547428491228
GF15_B4_d34	6	1.57702108746292	0.7561948574179	4.10163620590265
GF15_B4_d35_colon	8	1.47263276003848	0.732726912903856	3.74149156155134
GF15_b4_d96_stool	8	1.13583436652104	0.576224415044131	2.35973953078052
GF15_b4_d97_colon	4	1.22310854244346	0.6551744140567	2.90001682231443
GF15_b5_d107_stool	9	1.09711286473715	0.56758633853054	2.31260038501496
GF15_B5_d32	5	0.813577279206691	0.522631555515824	2.09481797876388
GF15_B5_d35_colon	3	1.07372996214152	0.64942589813046	2.85246398597958
GF15_b5_d94_stool	3	0.0161662010568676	0.00412974618695994	1.00414687171461
GF15_b5_d95_stool	6	0.478362784604823	0.20310118842052	1.25486446393108
GF15_b5_d97_colon	5	1.08784746619197	0.55472758216732	2.2458161789302
GF15_B6_d32	4	0.69311736712517	0.4829734929393	1.9341368118339
GF15_B6_d34_colon	3	0.925278878394141	0.564995250792125	2.29882547678147
GF15_b6_d94_stool	5	0.10851167896028	0.0374205101882001	1.03887524156111
GF15_b6_d95_stool	6	0.888302734189643	0.4686260641467	1.88191390756523
GF15_b6_d97_colon	7	1.58083175997261	0.751152211460695	4.01852074261874
GF15_B7_d32	2	0.6235005264445	0.4319859038	1.76051968901824
GF15_B7_d33	0	0	1	Inf
GF15_B7_d35_colon	2	0.691734681233519	0.49858816585038	1.99436856470684
GF15_b7_d97_colon	6	1.26343420843845	0.6586047518927	2.92915617760942
GF15_b8_d94_stool	5	0.302485055486319	0.119897904081199	1.13623181291942
GF15_b8_d97_colon	4	1.30493818768566	0.7106607909313	3.45615101119103
GF15_b9_d106_stool	5	0.758250879920587	0.49963267733364	1.99853178794969
GF15_b9_d94_stool	5	0.362088313464534	0.143869108910237	1.16804569302143
GF15_B9_d97_colon	5	1.29704544789025	0.67322047007918	3.06016720276911
GF15_bdam_d18_stool	13	1.54281708994176	0.63791001052972	2.76174439802368
GF15_c_d18_stool	16	1.40085450548789	0.56847395742584	2.31735724229933
GF15_c1_d105_stool	4	0.807370621629027	0.51667153952502	2.06898637629837
GF15_c1_d108_colon	8	1.03765600816542	0.530090201985314	2.12806799139938
GF15_C1_d36	5	0.958307539348224	0.562363567961008	2.28500172012851
GF15_C1_d37	5	0.914490551634269	0.44473753846652	1.80095012588872
GF15_C1_d39_colon	5	0.844825995068247	0.43852112144138	1.78101089495497
GF15_c1_d74_colon	1	0	0	1
GF15_c2_d105_stool	6	0.354743321259643	0.143225373571724	1.1671680849943
GF15_c2_d108_colon	5	0.315144571506042	0.139930624291254	1.16269690357937
GF15_C2_d36	3	0.461420884157026	0.23136993295814	1.30101598009116
GF15_C2_d37	8	0.722041727896958	0.337597908814418	1.50965706978699
GF15_C2_d39_colon	8	1.26412321617817	0.615797513155717	2.60279418858967
GF15_c2_d73_16_stool	5	1.20189766592083	0.65514027067344	2.89972970155951
GF15_c2_d74_colon	4	0.393331590089533	0.18747451128556	1.23073062185677
GF15_c3_d108_colon	4	0.346768734111755	0.16882748106526	1.20311966194652
GF15_C3_d36	4	0.561075121547022	0.275143991286	1.37958434223943
GF15_C3_d39_colon	8	0.984305021429427	0.53493306568922	2.15022812034999
GF15_c4_d105_stool	10	1.04925279503839	0.46282376790624	1.86158645944234
GF15_c4_d108_colon	8	0.369097417926107	0.169146255904	1.20358126457989
GF15_C4_d36	5	0.482989602001076	0.23761363402042	1.311670885818
GF15_C4_d37	7	0.545838525465698	0.259459438775645	1.35036492578701
GF15_C4_d38	6	0.795818503387368	0.360007842651508	1.56251914733304
GF15_C4_d39_colon	7	1.12323085736698	0.557035003118119	2.25751471795559
GF15_c4_d73_stool	7	0.617063192184179	0.309439767480515	1.44809960508663
GF15_c4_d74_colon	2	0.573731320375941	0.38541913388472	1.62712517609103
GF15_c5_d105_stool	8	1.11297984011578	0.559399595499016	2.26963023588819
GF15_c5_d108_colon	5	1.11884463964489	0.60388309943306	2.52450728198861
GF15_C5_d36	6	1.02690714695375	0.564882400779594	2.29822926443721
GF15_C5_d37	6	1.15419616808309	0.592767322703039	2.45559861904398
GF15_C5_d39_colon	6	1.29465468061688	0.66796119837706	3.01169620873283
GF15_c5_d71_stool	5	0.73794312466457	0.420350254493285	1.72517974475401
GF15_c5_d74_colon	1	0	0	1
GF15_c6_d105_stool	6	0.321464850111139	0.13745649249824	1.15936180761057
GF15_c6_d108_colon	5	0.861644074486705	0.42072792162252	1.72630450754845
GF15_C6_d36	5	0.621604027293717	0.2979582878565	1.42441678706919
GF15_C6_d39_colon	5	1.17850447959238	0.62009149431746	2.63221271712095
GF15_c6_d71_stool	3	0.139796019144994	0.0550442495686295	1.05825061072278
GF15_C6_d72_stool	6	0.249979937854433	0.0873311967341599	1.09568771981869
GF15_c6_d74_colon	3	0.812187980248732	0.50930261627442	2.03791589921997
GF15_c7_d105_stool	8	1.19615164292063	0.587184518548231	2.42238977201933
GF15_c7_d108_colon	5	1.11604629239656	0.595885240550142	2.47454461045014
GF15_c7_d72_stool	6	0.271999746451591	0.103403978679335	1.11532950874244
GF15_c7_d74_colon	3	0.817668566541968	0.52412518795786	2.10139300230803
GF15_c8_d108_colon	3	0.183663733691342	0.0762461445671281	1.08253946018055
GF15_c8_d74_colon	2	0.479639716031088	0.30218629314168	1.43304723047384
GF15_c9_d108_colon	6	1.40289912190479	0.700362823856778	3.33736959102169
GF15_cdam_d11_stool	15	1.15905898503486	0.47396427590054	1.90101157428412
GF15_cdam_d23_stool	14	1.10729987338673	0.44702246243366	1.80839171949192
GF15_cdam_d5_stool	16	1.223247385778	0.48358359001004	1.93642181126553
GF15_cdam_d59_stool	14	1.68478880251428	0.733106318966016	3.74681032584158
GF15_d67_B1_stool	5	0.473941635116896	0.209003587826916	1.26422823746156
GF15_d67_B2_stool	6	0.142417465844074	0.04664289289672	1.04892489136462
GF15_d67_B3_stool	7	0.319265987349494	0.119405531447	1.1355965040789
GF15_d67_B4_stool	4	0.531292543540289	0.26491895123486	1.36039420643465
GF15_d67_B5_stool	6	0.807818869775939	0.49861077915532	1.9944585133189
GF15_d67_B6_stool	4	0.233115562207001	0.0962357403475799	1.10648323312165
GF15_d67_B7_stool	4	0.70808648162841	0.48004170436126	1.92323116755269
GF15_d67_B8_stool	8	1.2190826850677	0.629302246154985	2.69761548222946
GF15_d68_B1_colon	5	0.738404399773092	0.406146640039064	1.68391739008731
GF15_d68_B2_stool	5	0.257623204424788	0.1076009632418	1.12057494328174
GF15_d68_B5_colon	3	0.740063937949391	0.499979251476305	1.99991700934909
GF15_d68_B8_stool	9	1.25697525573965	0.633862865238221	2.73121709069645
GF15_d69_B2_stool	4	0.645143135938727	0.402682096834035	1.67415038909716
GF15_d69_B9_stool	5	0.610556000972797	0.315423873798792	1.46075792264202
GF15_d70_B2_colon	6	1.17367885422225	0.58710702019308	2.42193509918146
GF15_d70_B4_colon	5	0.831667950918647	0.433694117747592	1.76583014822772
GF15_d70_B6_colon	8	1.38819189557133	0.68362410854172	3.16079709926908
GF15_d70_B7_colon	6	1.08778923113579	0.557671725577689	2.26076436399192
GF15_d70_B8_colon	6	1.41058247266075	0.71297802150944	3.48405374828426
GF15_d70_B9_colon	3	0.700102687881065	0.45402729259682	1.83159338633669
GF15_d71_A1_stool	3	0.0501812298374155	0.01597860547714	1.01623806714577
GF15_d71_A3_stool	3	0.406953077788464	0.21937597270664	1.28102641609339
GF15_d71_A4_stool	1	0	0	1
GF15_d71_A5_stool	3	0.368490517004291	0.198421384582955	1.24753827106493
GF15_d71_A6_stool	5	0.839118615746484	0.5285729998028	2.12121919105545
GF15_d71_A7_stool	6	0.3596799658128	0.14934153685348	1.17555992601435
GF15_d71_A8_stool	5	0.311748930993928	0.12080969859076	1.13741018116
GF15_d71_C2_stool	3	0.327474008808724	0.16458954094393	1.19701637579436
GF15_d71_C3_stool	6	1.00809235283111	0.56466569098118	2.29708520390652
GF15_d71_C4_stool	2	0.0160396439349608	0.00451416490231993	1.00453463499245
GF15_INOC	15	1.78141132553136	0.783449966580105	4.61787044872434
GF16_A1_d32	2	0.692750849384831	0.49960372118712	1.99841614004876
GF16_A1_d35_colon	1	0	0	1
GF16_A2_d32	1	0	0	1
GF16_A2_d35_colon	2	0.685786101867236	0.49265700093918	1.97105311761702
GF16_A3_d32	3	0.354618519948627	0.19658301779502	1.24468367255008
GF16_A3_d34	3	0.887979353585729	0.51592611096938	2.06580033061181
GF16_A3_d35_colon	1	0	0	1
GF16_a4_d100_stool	4	0.925135107994478	0.53817590499826	2.1653266055688
GF16_A4_d32	2	0.678166310502156	0.4850940895395	1.94210239130031
GF16_A4_d35_colon	0	0	1	Inf
GF16_A5_d32	1	0	0	1
GF16_A5_d35_colon	0	0	1	Inf
GF16_A6_d32	2	0.507783959342295	0.32640954226782	1.4845816007649
GF16_A6_d33	3	0.400960918356916	0.22820627239158	1.29568298397388
GF16_A6_d35_colon	1	0	0	1
GF16_A7_d32	3	0.659192886567569	0.416601933835143	1.7140955001339
GF16_A7_d34	3	0.751657996468696	0.46777813549802	1.87891566787798
GF16_A7_d35_colon	0	0	1	Inf
GF16_Adam_d21	13	1.65483399513746	0.69218263695344	3.24867963945472
GF16_ADam_do	0	0	1	Inf
GF16_B1_d32	1	0	0	1
GF16_B1_d34	0	0	1	Inf
GF16_B1_d35_colon	0	0	1	Inf
GF16_B2_d32	1	0	0	1
GF16_B2_d34	10	1.46849809816433	0.6616754306853	2.95574158869269
GF16_B3_d35_colon	0	0	1	Inf
GF16_B4_d35_colon	0	0	1	Inf
GF16_B5_d32	2	0.686840636257661	0.49370672438798	1.97513980171112
GF16_B5_d33_colon	2	0.604555519389202	0.4140571513595	1.70665108776426
GF16_B5_d33	0	0	1	Inf
GF16_B6_d32	3	0.483033972625063	0.29071693211542	1.40987434393785
GF16_B6_d35_colon	0	0	1	Inf
GF16_c1_d105_stool	2	0.0295171742932558	0.00922108915199993	1.00930690898952
GF16_C1_d34	2	0.0532203202595718	0.0186209251171201	1.0189742430766
GF16_C1_d35_colon	3	0.0824634280005532	0.0290533983507401	1.02992275610357
GF16_c1_d67_stool	2	0.679530451072457	0.48644518875	1.94721182256279
GF16_c1_d69_stool	4	0.245876515813758	0.0953992419336875	1.10546005083791
GF16_c10_d105_stool	1	0	0	1
GF16_c10_d106_stool	2	0.0134920577714023	0.00369395203968015	1.00370764791325
GF16_c2_d105_stool	1	0	0	1
GF16_C2_d32	3	0.237699770500635	0.11412248632042	1.12882422745601
GF16_C2_d35_colon	2	0.660704879506142	0.46791008088062	1.8793815933499
GF16_c2_d67_stool	3	0.700804315675628	0.50016449735142	2.00065820595195
GF16_c2_d68_stool	3	0.662594755375261	0.45508044318318	1.83513325497356
GF16_c2_d69_stool	4	0.609795155623738	0.36811506006414	1.58256659844038
GF16_c3_d105_stool	3	0.268702028039108	0.12683995825726	1.14526541778538
GF16_C3_d32	3	0.618124746169166	0.41598408633586	1.71228210842057
GF16_C3_d33	2	0.693147035514958	0.49999985495502	1.99999941982025
GF16_C3_d35_colon	2	0.692063673057952	0.49891688388408	1.99567690037407
GF16_c3_d67_stool	2	0.616322821215368	0.42516409931232	1.73962690709417
GF16_c4_d105_stool	1	0	0	1
GF16_C4_d33	4	0.549550474790837	0.267142914213194	1.36452252341449
GF16_C4_d34	3	0.588744973141235	0.3226473768105	1.47633590801085
GF16_C4_d35_colon	3	0.713522292968926	0.50336046445194	2.01353281086747
GF16_c4_d67_stool	2	0.687043542345801	0.493908790062	1.97592841045887
GF16_c4_d69_stool	2	0.692602799547431	0.49945571777822	1.99782523848094
GF16_c5_d105_stool	1	0	0	1
GF16_C5_d32	2	0.449189020372404	0.27664170726702	1.38244077664724
GF16_C5_d35_colon	2	0.691160356259357	0.498014491872	1.99208938068589
GF16_c5_d67_stool	2	0.651846936413033	0.45927153633822	1.84935705664181
GF16_c5_d68_stool	2	0.635939163808162	0.443891519928	1.79821030578518
GF16_c6_d105_stool	2	0.130625282452959	0.0559837154584801	1.05930376030078
GF16_c7_d105_stool	2	0.00216180827387581	0.000461093647279975	1.00046130635271
GF16_inoc_200622	13	0.870056372149224	0.394719918817192	1.65212771919712
GF17_a1_d31_stool	6	0.317883813525912	0.12553800095448	1.14356027030506
GF17_a2_d31_stool	7	1.15946296896681	0.617378308177912	2.61354758857995
GF17_a3_d31_stool	7	1.08044633040494	0.59614646810988	2.47614523839816
GF17_a4_d31_stool	6	0.563789774787228	0.273840720149341	1.37710833937929
GF17_a5_d31_stool	7	0.982038295587669	0.569866185355031	2.32485790689439
GF17_a6_d31_stool	5	0.583571352235076	0.336152809267618	1.50637076417656
GF17_a7_d31_stool	3	0.723163267905479	0.48734602783514	1.95063347656735
GF17_b2_d31_stool	3	0.474014599356592	0.28466273155512	1.39794198361001
GF17_b3_d31_stool	4	0.380489902274392	0.188296802804499	1.23197740683427
GF17_b6_d31_stool	5	0.970825832663477	0.540063752091644	2.17421437111705
GF17_inoc_200903	10	1.17458156517864	0.598357716894597	2.4897777003662
GF18_a1_d32_stool	10	0.838389371373196	0.402811092079557	1.67451201242542
GF18_a1_d33_stool	10	1.69204333063742	0.75546157497042	4.08933687979317
GF18_a1_d35_colon	2	0.177768201446271	0.08254033719168	1.08996617566709
GF18_a2_d33_stool	4	0.0347309048759559	0.00939878237385627	1.00948795762272
GF18_a2_d35_colon	2	0.325028259054718	0.17996015875998	1.21945294571036
GF18_a2_d54_colon	7	1.10889961411938	0.52926556446748	2.12434001958821
GF18_a3_d35_colon	5	1.44113691441017	0.741541092830511	3.86908700865253
GF18_a3_d54_colon	8	1.42874128554035	0.69659054222792	3.29587616464875
GF18_a4_d32_stool	7	0.657993192273418	0.353363787129474	1.54646458100581
GF18_a4_d33_stool	10	1.65003562741757	0.729942480507817	3.70291485265954
GF18_a4_d35_colon	2	0.0206566415527864	0.00606211315181993	1.00609908650433
GF18_a4_d54_colon	5	0.589732748230705	0.326133596543676	1.48397367025705
GF18_a5_d54_colon	10	1.34065405946934	0.6542091872072	2.89192182962711
GF18_adam_d33_stoolsoln	7	0.593613418881423	0.30116952848474	1.43096221581712
GF18_b1_d35_colon	0	0	1	Inf
GF18_b3_d32_stool	5	0.415110920138304	0.226307953561408	1.29250391625859
GF18_b3_d33_stool	11	1.26574376262431	0.6259938213454	2.67375261980234
GF18_b3_d35_colon	1	0	0	1
GF18_b4_d32_stool	7	0.67023043804946	0.38650866415154	1.63001486991988
GF18_b4_d35_colon	3	0.341481854621799	0.18193962271688	1.22240366086563
GF18_bdam_d33_stoolsoln	11	0.634924559871128	0.259792084954316	1.35097177384044
GF18_d0_innoculum	10	1.03191993807016	0.52480017916	2.10437789777008
GF2_A_dam_d33	3	0.570637795391445	0.29734101869056	1.42316547087529
GF2_A_dam_day19	12	1.82240491020168	0.79492623804994	4.87629421965507
GF2_A_dam_day29	3	0.726419796745516	0.50595120439258	2.02409156522794
GF2_A_day1_dad	7	1.42882901512686	0.71112689172984	3.46172755916338
GF2_A_day1_mom	9	1.4983296457875	0.723520094285874	3.61689938159187
GF2_A0	0	0	1	Inf
GF2_A1_d37	16	1.86950956263307	0.79427551038844	4.86087000088398
GF2_A1_d39	11	1.82625212067256	0.81941025454534	5.53741297703455
GF2_A1_day28	4	0.39826056867112	0.197796362492986	1.24656627475247
GF2_A1_day29	7	0.605058119847647	0.27720938557716	1.38352654288202
GF2_A1_day30	3	0.393551517820775	0.210753857004329	1.26703184915721
GF2_A1_day31	10	1.93844041942636	0.838950482843128	6.20927040113967
GF2_A1_day32	5	0.804502816605548	0.398265249021406	1.66186180600956
GF2_A1_day41	13	1.82736167403491	0.798067621710188	4.95215283685118
GF2_A1_day42	11	1.68894684428509	0.758312045068783	4.13756655884897
GF2_A1_day44	8	1.10352802286467	0.59712782041922	2.48217685579724
GF2_A1_Liver	0	0	1	Inf
GF2_A1_Spleen	0	0	1	Inf
GF2_A2_Colon	11	1.07200564030231	0.497281539303267	1.98918495774766
GF2_A2_d36	10	1.42600622607952	0.65367873570886	2.88749234629536
GF2_A2_D37	11	1.90130351986922	0.833055931187934	5.99003011676762
GF2_A2_d39	10	1.86436230768036	0.81120769003562	5.2968259151481
GF2_A2_day28	3	0.329308704384896	0.17149282443434	1.20699014986473
GF2_A2_day29	6	0.517919100296322	0.26389181034548	1.35849595759739
GF2_A2_day30	11	1.71863983014181	0.742293934143919	3.88038984134143
GF2_A2_day31	5	0.856038512039787	0.47809355124172	1.9160522012694
GF2_A2_day32	10	1.60397657947514	0.71565824059978	3.51689460636863
GF2_A2_day34	18	2.24595453476044	0.8606287414541	7.17508050392371
GF2_A2_day41	11	1.84736672240625	0.815744664212745	5.42725124201895
GF2_A2_day42	13	1.68463714254509	0.698942019864749	3.32161930918007
GF2_A2_day44	11	1.87828543825858	0.80096000192946	5.02411580432994
GF2_A2_Liver	0	0	1	Inf
GF2_A2_Spleen	0	0	1	Inf
GF2_A25_N713	16	1.93844736113339	0.777530200749572	4.49499214441385
GF2_A3_Colon	12	1.51678286467476	0.713815024291728	3.49424353086714
GF2_A3_d37	9	1.5316949909273	0.7089468638857	3.43579874572212
GF2_A3_d39	8	1.6915553592442	0.774202141147601	4.42873995830795
GF2_A3_day28	1	0	0	1
GF2_A3_day30	11	1.71912996055448	0.753685551813723	4.05985116733283
GF2_A3_day32	10	1.2704462062689	0.558614493985756	2.26559319772437
GF2_A3_day41	15	1.58367491055235	0.707654310390756	3.42060798411847
GF2_A3_day42	8	0.88782827419103	0.41518976623912	1.70995639657169
GF2_A3_Liver	0	0	1	Inf
GF2_A3_Spleen	0	0	1	Inf
GF2_A4_Colon	5	0.556824202270501	0.267368807499979	1.36494324871374
GF2_A4_d36	8	1.28783568163838	0.62362448517292	2.65692097547694
GF2_A4_d37	10	1.60546626269764	0.737209282585669	3.80530944867182
GF2_A4_D39	11	1.91047052502229	0.81641228748814	5.44698763505427
GF2_A4_day28	4	0.598859231845639	0.3360754372168	1.50619521562504
GF2_A4_day29	7	0.842511964988668	0.448282324267491	1.81252122958053
GF2_A4_day30	11	1.52492230940883	0.669612103359152	3.02674525963965
GF2_A4_day31	4	0.71159505909411	0.417747732616822	1.71746862316966
GF2_A4_day32	11	1.49613601389512	0.679295847815943	3.11813861214396
GF2_A4_day41	13	1.52151714918059	0.694097700447073	3.269017596342
GF2_A4_day42	12	1.79784507069937	0.795011417392621	4.87832047658641
GF2_A4_day44	7	1.44879508748187	0.70384644425768	3.37662668777845
GF2_A4_Liver	0	0	1	Inf
GF2_A4_Spleen	0	0	1	Inf
GF2_A5_Colon	8	0.435837306070007	0.181022637026338	1.22103497020852
GF2_A5_d39	10	1.59737397116042	0.737640362530525	3.81156190656937
GF2_A5_day28	1	0	0	1
GF2_A5_day31	6	1.08862605261154	0.599957412313376	2.49973385529482
GF2_A5_day32	5	0.907515040964619	0.48532512031126	1.9429741754732
GF2_A5_day42	12	1.97364037705392	0.833795072334666	6.01666878381353
GF2_A5_Liver	0	0	1	Inf
GF2_A5_Spleen	0	0	1	Inf
GF2_A6_Colon	3	0.56662891292162	0.35285500515478	1.54524875872551
GF2_A6_d33	19	2.11600860351073	0.83038602527556	5.89574061703719
GF2_A6_d36	11	1.51877824013561	0.711455246155	3.46566689109579
GF2_A6_d37	11	1.91975698708366	0.826312972158018	5.7574823659818
GF2_A6_D39	12	1.84517712069714	0.779557091783592	4.53632193519378
GF2_A6_day28	5	0.487993227573443	0.25295700098824	1.33861103219342
GF2_A6_day29	7	0.728702441841317	0.38182117765224	1.61765489830618
GF2_A6_day30	12	1.53553146702499	0.679640493067196	3.12149312993465
GF2_A6_day31	6	1.3863609282902	0.71673479106798	3.53026057725284
GF2_A6_day32	5	1.05376367566686	0.5807558482106	2.38524495984462
GF2_A6_day44	13	1.99080098704056	0.81743776244588	5.47758404693935
GF2_A6_Liver	0	0	1	Inf
GF2_A6_Spleen	0	0	1	Inf
GF2_B_dam_d33	13	1.57817011642651	0.69503403500324	3.27905443484693
GF2_B_dam_day19	14	1.66037592119317	0.742312529908127	3.8806698658785
GF2_B_dam_day37	13	1.70254319333437	0.76705427356612	4.29284544219292
GF2_B_day1_dad	6	1.34236259223935	0.70397602234468	3.37810473300364
GF2_B_day1_mom	9	1.52196082324918	0.743249370012387	3.89482978113138
GF2_B_Sire_day23	16	1.87718055327951	0.7858497475708	4.66961859094987
GF2_B0	0	0	1	Inf
GF2_B1_d34	10	1.48123143887357	0.66720454548578	3.00484873346511
GF2_B1_d35	8	1.66856385744697	0.77400983281536	4.42497128285663
GF2_B1_day29	11	1.87929449127516	0.800691190867194	5.01733969688046
GF2_B1_day32	10	1.62900241861536	0.74439067746772	3.91222037636641
GF2_B1_day37	9	1.21246426221823	0.633039411248856	2.72508828101471
GF2_B1_day41	13	1.55539937629203	0.70480752886628	3.38762027418717
GF2_B1_day44	15	2.10169209876985	0.83745909688516	6.15229754994944
GF2_B1_Liver	0	0	1	Inf
GF2_B1_Spleen	0	0	1	Inf
GF2_B2_d35	10	1.63134608060528	0.744065853515442	3.90725510345426
GF2_B2_day27	6	0.361514072365086	0.13318601886338	1.15365005844592
GF2_B2_day28	7	0.737266345638186	0.34705083592354	1.5315127961216
GF2_B2_day29	11	1.54254456260094	0.706491667356065	3.40705829709146
GF2_B2_day30	13	1.77303433724232	0.750009499116373	4.00015199163711
GF2_B2_day31	10	1.03397664834744	0.505444309621653	2.02201697292165
GF2_B2_day37	12	1.39498914822882	0.6753170380942	3.07992755188099
GF2_B2_day41	12	1.75526857062495	0.746754433062206	3.9487364461769
GF2_B2_day44	13	1.7629207970566	0.770599600618112	4.35919031830141
GF2_B2_Liver	0	0	1	Inf
GF2_B2_Spleen	0	0	1	Inf
GF2_B3_COLON	0	0	1	Inf
GF2_B3_d35	9	1.71820624168992	0.777536596631373	4.4951213766292
GF2_B3_day27	7	0.546185377179386	0.219471223286513	1.28118274410154
GF2_B3_day28	8	0.922487607894867	0.4065130293062	1.68495695673146
GF2_B3_day31	11	1.30093674997265	0.629901254357224	2.70198159754158
GF2_B3_day37	8	1.32582194393605	0.669007019318977	3.02121210529143
GF2_B3_day41	11	1.39206251412349	0.64562189366434	2.82184475316548
GF2_B3_day44	12	1.86123332473842	0.808288176609198	5.21616237492831
GF2_B3_Liver	0	0	1	Inf
GF2_B3_Spleen	0	0	1	Inf
GF2_B4_d35	9	1.61381023475153	0.74667103183432	3.94743643903365
GF2_B4_day27	6	0.450955250530029	0.18116758542966	1.22125111586444
GF2_B4_day28	10	1.60844838292137	0.70987985831502	3.44684789615823
GF2_B4_day29	11	1.50407829524295	0.656123637384346	2.90802191925499
GF2_B4_day32	18	2.08967646679588	0.841129637865619	6.29444023772129
GF2_B4_day37	8	1.34264411380503	0.688089507029515	3.20604796099189
GF2_B4_day41	2	0.00210055691602207	0.000446500274219774	1.00044669972577
GF2_B5_d34	12	1.48374761487638	0.68197333167242	3.14439039109123
GF2_B5_d35	9	1.62816108510029	0.76551372940912	4.26464200859226
GF2_B5_day27	11	1.65761942693995	0.73777294745648	3.81348907483158
GF2_B5_day28	11	1.08910392469174	0.48509320789342	1.94209906594709
GF2_B5_day29	13	1.89828961479397	0.7864845015637	4.68350076375528
GF2_B5_day30	13	1.57614398207397	0.710685290264011	3.45644368000693
GF2_B5_day31	12	1.30618758118786	0.6463361756157	2.82754393028724
GF2_B5_day37	12	1.32781704999122	0.62785488439962	2.6871238075682
GF2_B5_day41	10	1.63959774434306	0.727287799175913	3.66686931123059
GF2_B5_day44	13	1.44718026054599	0.65223894309204	2.8755376145083
GF2_B5_Spleen	0	0	1	Inf
GF2_colon_A1_day45	6	0.544184039672993	0.24127894628474	1.31800744832803
GF2_colon_B1_day44	10	1.97027487506068	0.833039435494379	5.98943830215866
GF2_colon_B2_day44	13	1.94583583193209	0.82357999927594	5.66829155365501
GF2_colon_B3_day44	11	1.4397620511077	0.6887516548903	3.21286848817637
GF2_colon_B5_day44	11	1.61209060783326	0.699990963191346	3.33323292737278
GF2_Inoc	16	1.94712293472103	0.818320238704544	5.50419041102632
GF20_d0_inoc	6	1.41987708319914	0.70459024562186	3.38512857202389
GF20_d123_b10	0	0	1	Inf
GF20_d127_a1	2	0.542747233593876	0.357306632672	1.55595195288463
GF20_d127_a2	3	0.824853908942117	0.488961006261756	1.9567978417557
GF20_d127_a3	1	0	0	1
GF20_d127_a4	0	0	1	Inf
GF20_d127_a5	1	0	0	1
GF20_d127_a6	1	0	0	1
GF20_d127_a7	2	0.643125565853204	0.45081817427598	1.82089055602239
GF20_d127_a8	0	0	1	Inf
GF20_d127_a9	2	0.429717373656977	0.26067538635648	1.35258583516086
GF20_d127_b1	0	0	1	Inf
GF20_d127_b2	0	0	1	Inf
GF20_d127_b5	0	0	1	Inf
GF20_d127_b6	0	0	1	Inf
GF20_d127_b8	0	0	1	Inf
GF20_d140_c1	0	0	1	Inf
GF20_d140_c3	0	0	1	Inf
GF20_d140_c5	0	0	1	Inf
GF20_d140_c6	0	0	1	Inf
GF20_d140_c7	0	0	1	Inf
GF20_d140_c8	1	0	0	1
GF20_d140_c9	0	0	1	Inf
GF20_d161_b2	5	0.535381600038051	0.304040941239409	1.43686613086245
GF20_d161_b4	7	0.621689989378504	0.311456206778776	1.45234044638132
GF20_d161_b6	2	0.238016526564572	0.11992623400632	1.13626838867412
GF20_d161_b8	6	0.824684091226543	0.48851252879444	1.95508210131332
GF20_d164_b1	3	0.453018804952829	0.242757256837026	1.32058049948823
GF20_d164_b2	5	1.28405239144938	0.674187792888892	3.06925271114529
GF20_d164_b3	5	1.07429699868038	0.57836313032254	2.37170909831716
GF20_d164_b4	4	1.12428296262018	0.62955133532934	2.69942935518213
GF20_d164_b5	6	1.25504909108432	0.63245063217296	2.72072294917013
GF20_d164_b6	5	0.551327636431173	0.24290072765228	1.3208307503705
GF20_d164_b7	5	1.24458022693658	0.672663091124671	3.05495644666476
GF20_d164_b8	6	0.791840890321448	0.362528620593901	1.56869787774888
GF20_d164_b9	2	0.648222527625774	0.455752229838	1.83739843289085
GF20_d167_damb	7	1.05309897748105	0.497796353959164	1.99122409381848
GF20_d170_c1	4	0.972969862548894	0.55839286846522	2.26445618422093
GF20_d170_c2	4	0.430183430763954	0.1891272856464	1.2332391783551
GF20_d170_c5	4	1.10990158162432	0.624161178887098	2.6607150294876
GF20_d170_c6	4	1.16676760409169	0.6331324179543	2.72577913377866
GF20_d170_c7	4	0.488070410422976	0.26588989308526	1.36219347830903
GF20_d170_c8	4	1.02321623497894	0.591531490110872	2.4481691385988
GF20_d170_c9	3	0.327705141109123	0.17049212866794	1.20553406972999
GF20_d33_a3	6	0.424276400854197	0.17809494136948	1.21668553989219
GF20_d33_a4	7	0.777898468225078	0.355278493354378	1.55105730100867
GF20_d33_a5	6	0.251537410683819	0.0903406747583402	1.09931264623087
GF20_d33_b2	5	0.758676774112519	0.385245616671053	1.62666591262825
GF20_d33_b3	4	0.499975493491974	0.2455945256915	1.32554711498696
GF20_d33_b4	6	0.922307783371001	0.460042439307683	1.85199740275482
GF20_d34_a2	2	0.560729019506527	0.37353895546752	1.59626844913603
GF20_d34_a4	8	1.20466761627099	0.608200999834354	2.55232912686663
GF20_d34_b3	6	0.623500110451765	0.2907847531936	1.41000916788381
GF20_d35_a2	3	0.0290919974716332	0.00814383062199997	1.00821069714887
GF20_d35_a3	2	0.425222067417789	0.2570306746755	1.34595058761442
GF20_d35_b5	0	0	1	Inf
GF20_d36_a1	2	0.115991142033859	0.0482756353996801	1.05072438743328
GF20_d36_a2	3	0.723131688620965	0.50382733989174	2.01542745177014
GF20_d36_a3	2	0.271901771058964	0.1424972318	1.16617699333976
GF20_d36_a4	2	0.292636308352622	0.15682419743022	1.18599228885869
GF20_d36_a5	3	0.652251536365372	0.40415587638274	1.67829128519248
GF20_d36_b1	0	0	1	Inf
GF20_d36_b3	0	0	1	Inf
GF20_d36_b4	0	0	1	Inf
GF20_d36_b5	2	0.688525082660762	0.49538502776462	1.98170893655836
GF20_d39_dama	14	1.43989303551451	0.62556567725534	2.6706953376225
GF20_d39_damc	10	1.37430565690478	0.640835650255434	2.78424069847464
GF20_d40_c1	0	0	1	Inf
GF20_d40_c2	0	0	1	Inf
GF20_d40_c3	1	0	0	1
GF20_d40_c4	0	0	1	Inf
GF20_d40_c5	4	1.12342072173374	0.61982063194606	2.63033737237976
GF20_d40_c6	2	0.450066181025166	0.27736776660702	1.38382977369373
GF20_d66_c1	6	0.988285424158344	0.51664573663314	2.06887592763615
GF20_d66_c10	6	1.16436849122686	0.629366225209259	2.69808114644867
GF20_d66_c2	5	0.902735171962664	0.455171788025693	1.83544092985985
GF20_d66_c3	5	0.925675740783403	0.515312405497576	2.06318463963698
GF20_d66_c4	5	1.11245550706823	0.59940323650914	2.49627578437192
GF20_d66_c5	5	0.902924913291767	0.459655944242164	1.85067271369812
GF20_d66_c6	6	0.992260269647154	0.48773313777364	1.95210753171483
GF20_d66_c7	6	1.31541943470789	0.68656027220574	3.19040603766857
GF20_d66_c8	5	0.906962637667417	0.477491281882872	1.91384366485505
GF20_d66_c9	5	1.20047790376734	0.6484351837635	2.84442570421294
GF20_d68_b2	2	0.582787217674352	0.39376383940608	1.64952219118753
GF20_d68_b3	6	0.736078862444246	0.40877162064306	1.69139377424282
GF20_d68_b4	1	0	0	1
GF20_d68_b5	2	0.410974988719042	0.24558286619678	1.3255266286951
GF20_d68_b6	1	0	0	1
GF20_d68_b7	2	0.12081926263655	0.0507888617590198	1.05350639042557
GF20_d68_b8	2	0.119227189570363	0.0499568320252799	1.0525837495698
GF20_d75_dama	10	1.37866466180736	0.619695683414349	2.62947317815884
GF20_d75_damc	11	1.77406955600971	0.77938700988545	4.53282465135333
GF20_d81_a1	7	1.54960960851792	0.751749582286809	4.02819060371258
GF20_d81_a2	4	0.991275427161474	0.52416261876342	2.10155830422834
GF20_d81_a3	2	0.261517798454465	0.13546769796608	1.15669477895433
GF20_d81_a4	6	1.27414088288006	0.64797477646408	2.84070553227832
GF20_d81_a5	5	1.43055345340273	0.737522977850819	3.80985730412487
GF20_d81_a6	4	1.22100268846134	0.6735049902755	3.06283394911246
GF20_d81_a7	6	1.36000811110648	0.722074923746738	3.59809202350902
GF20_d89_b2	6	1.30631970044081	0.666112153363744	2.99501766858085
GF20_d89_b3	1	0	0	1
GF20_d89_b4	0	0	1	Inf
GF20_d89_b5	1	0	0	1
GF20_d89_b6	2	0.0724725844387818	0.02706507929472	1.02781797499374
GF20_d89_b7	0	0	1	Inf
GF23_d0__inoc	22	1.86233807008111	0.70774903153584	3.42171663367006
GF23_d0_dama	0	0	1	Inf
GF23_d0_damb	0	0	1	Inf
GF23_d0_damc	0	0	1	Inf
GF23_d10_dama	17	2.1881600338582	0.853174116811353	6.81078824988345
GF23_d10_damb	20	2.31263927094031	0.877186921303496	8.14245527116217
GF23_d10_damc	0	0	1	Inf
GF23_d17_dama	17	2.19236338488501	0.844088024968846	6.41387552046715
GF23_d17_damb	19	2.22760801642308	0.86185515670138	7.23877906783937
GF23_d17_damc	16	2.07087962023698	0.84364102399396	6.39553945378467
GF23_d19_dama	0	0	1	Inf
GF23_d32_dama	0	0	1	Inf
GF23_d32_damb	10	1.81326033048659	0.801893677594708	5.04779447651432
GF23_d32_damc	0	0	1	Inf
GF23_d35_c1	0	0	1	Inf
GF23_d36_c1	1	0	0	1
GF23_d36_c2	1	0	0	1
GF23_d36_c3	1	0	0	1
GF23_d36_c4	4	0.530308412258797	0.2454882315707	1.32536037453961
GF23_d39_damb	18	1.86711499017714	0.756028471641298	4.09883893718016
GF23_d47_dama	0	0	1	Inf
GF23_d47_damb	18	2.063496730051	0.82610314115379	5.75053515419952
GF23_d47_damc	0	0	1	Inf
GF23_d52_a1	0	0	1	Inf
GF23_d52_a2	10	1.05012916558195	0.56991038359934	2.32509682137601
GF23_d52_a5	8	0.857010355143065	0.43561227240793	1.77183158157327
GF23_d52_a6	0	0	1	Inf
GF23_d52_a8	6	0.880466639227135	0.5351475286159	2.15122014307571
GF23_d52_a9	4	0.409869826032405	0.205419921321754	1.25852639253612
GF23_d54_damc	15	2.03452376206318	0.82246524296964	5.63269985397277
GF23_d56_c2	1	0	0	1
GF23_d56_c3	3	0.450873747322671	0.26703191777862	1.36431588803886
GF23_d56_c6	5	0.120289453643416	0.0403705192434756	1.04206886100628
GF23_d57_c2	5	0.263371020524949	0.1005901718457	1.11184019642316
GF23_d57_c4	1	0	0	1
GF23_d57_c5	0	0	1	Inf
GF23_d58_c3	3	0.956613553232717	0.56914106264098	2.3209452405225
GF23_d59_c1	3	0.529987030932939	0.26848036459018	1.3670173042447
GF23_d59_c2	1	0	0	1
GF23_d59_c4	2	0.177947928172086	0.0826463242108799	1.09009210557726
GF23_d59_c6	1	0	0	1
GF23_d62_dama	16	1.98516857130871	0.805359083317335	5.13766589802063
GF23_d62_damb	20	2.17275022992362	0.839868226028146	6.24485681508637
GF23_d62_damc	15	2.14829322069717	0.842333477320227	6.34250050678824
GF23_d7_damb	19	1.67132125691424	0.64771231592747	2.83858915656591
GF23_d7_damc	20	2.30389922377089	0.87570985895972	8.04569044358812
GF23_d77_damb	18	2.12695197143811	0.831434634765421	5.93241677261742
GF23_d80_c3	3	0.207530804068599	0.08933974938082	1.09810436913226
GF23_d80_c5	0	0	1	Inf
GF23_d80_c7	3	1.04524177277658	0.63075119235128	2.70820102674871
GF23_d82_c2	0	0	1	Inf
GF23_d82_c6	0	0	1	Inf
GF23_d83_c4	0	0	1	Inf
GF23_d83_c5	0	0	1	Inf
GF23_d84_c1	1	0	0	1
GF23_d84_c2	1	0	0	1
GF23_d84_c3	1	0	0	1
GF23_d84_c4	1	0	0	1
GF23_d84_c5	1	0	0	1
GF23_d84_c9	3	0.224938133915208	0.101546423082994	1.11302356147487
GF23_d89_damb	18	2.18263887017017	0.8476478258092	6.56373960733661
GF23_d89_damc	15	1.93048160433428	0.787725261213504	4.71087613022948
GF3_AB_Sire_day4	8	1.51582485699371	0.72661649191392	3.65786512507964
GF3_B_Sire_day19	10	1.65105614640806	0.739942443636681	3.84530260909985
GF3_B_Sire_day30	10	1.80205821099993	0.79562581701576	4.89298592120666
GF3_C_dam_day19	11	1.86334197566482	0.805997787166695	5.15458038027247
GF3_C_dam_day4	11	1.12353496520494	0.559577984059331	2.27054952705796
GF3_C_Sire_day19	17	1.57580383329184	0.651585150880843	2.87014173628979
GF3_C_Sire_day30	10	1.53543470451873	0.70682070512176	3.41088206933341
GF3_C_Sire_day4	17	1.81278808381973	0.7542721335454	4.06954251639489
GF3_C1_day30	13	1.33764836484047	0.62799946271006	2.68816816041476
GF3_C1_day32	14	1.56088208333307	0.667154163343819	3.00439389612365
GF3_C1_day34	11	1.45406810413051	0.64232641839618	2.79584529423719
GF3_C2_day30	2	0.0120219386935264	0.00323295703038018	1.00324344294204
GF3_C2_day32	6	0.798806221038063	0.37878124215414	1.60973890013818
GF3_C2_day35	11	1.86334197566482	0.805997787166695	5.15458038027247
GF3_C2_day38	5	0.706729214693669	0.321147709026695	1.47307450132672
GF3_C2_day39	10	1.59805173743686	0.747732646702982	3.9640484070985
GF3_C2_day40	8	1.12233663282928	0.528697490560417	2.12177949400074
GF3_C2_day41	2	0.482427817944062	0.30455985415118	1.43793826969746
GF3_C2_day42	9	1.89989126440669	0.828215235688785	5.82123801263505
GF3_C2_day45	10	1.66552330946298	0.7597607359361	4.16251691369656
GF3_C3_day30	13	1.54915965303393	0.68370352433916	3.16159071298754
GF3_C3_day32	3	0.459206415288472	0.25428572698758	1.34099619142377
GF3_C3_day34	20	1.9442395551373	0.819772889883294	5.54855481704417
GF3_C3_day35	14	1.97458673205109	0.81548295692266	5.41955357251661
GF3_C3_day39	1	0	0	1
GF3_C3_day40	8	0.794019071163564	0.358011555420368	1.55766043523539
GF3_C3_day41	1	0	0	1
GF3_C3_day42	10	1.84508823957537	0.805463296782131	5.14041814967977
GF3_C3_day45	11	1.58621199864194	0.718486227590358	3.55222407571897
GF3_C4_day30	19	1.48426614095322	0.58443110254602	2.40633985393659
GF3_C4_day32	4	0.797025663074598	0.43303289848942	1.76377076789056
GF3_C4_day34	12	1.79913121475409	0.771810678508637	4.38232601536461
GF3_C4_day38	5	0.737009812722672	0.455953845343106	1.83807934573245
GF3_C4_day39	9	0.922881568326472	0.446535403196616	1.80680030082438
GF3_C4_day40	1	0	0	1
GF3_C4_day41	2	0.401091927136774	0.23773473483648	1.31187927051285
GF3_C4_day42	11	1.77679528176826	0.776428544982983	4.47284292140017
GF3_C4_day45	10	1.68920493181217	0.768086866339979	4.31195932812488
GF3_C5_day30	3	0.0328024422699254	0.00945072034198013	1.00954088861207
GF3_C5_day39	10	1.39798132764684	0.65923922060498	2.93461002693849
GF3_C5_day41	2	0.0266898359851713	0.00818859606911992	1.00825620277874
GF3_C5_day42	9	1.54165926261439	0.70101897050036	3.34469381443214
GF3_C5_day45	11	1.30498992105056	0.61608643923576	2.60475300223661
GF3_C6_day30	5	0.20193042521243	0.07815657435666	1.08478291668904
GF3_C6_day35	2	0.545795315323932	0.3600419384795	1.56260239557583
GF3_C6_day38	2	0.40231470009151	0.23870157802302	1.31354534717561
GF3_C6_day39	10	1.34217769357654	0.63705802499888	2.75526136098453
GF3_C6_day41	10	1.76564886811108	0.780505560240404	4.55592406393193
GF3_C6_day42	11	1.371439402319	0.624063134472727	2.66002111444283
GF3_C6_day45	10	1.5220538547977	0.678219759751861	3.1077110242346
GF3_C7_day40	3	0.50463261903048	0.303887549491647	1.43654951045585
GF3_C7_day41	10	1.5876507747096	0.732881367814026	3.7436549888582
GF3_C7_day42	10	1.81590917677573	0.790733825979867	4.77860315783186
GF3_C7_day45	8	1.62103907442709	0.74638475175246	3.94298058539428
GF3_C8_day30	8	0.994434449376174	0.499946342981986	1.99978539495808
GF3_C8_day32	5	0.906381136371645	0.486997930699349	1.94930987581249
GF3_C8_day34	17	1.81278808381973	0.7542721335454	4.06954251639489
GF3_C8_day39	8	1.39155088307759	0.6774848552975	3.10062958724756
GF3_C8_day40	1	0	0	1
GF3_C8_day41	9	1.28584475026442	0.576547043342646	2.36153741349165
GF3_C8_day42	9	1.51623884423019	0.70077221749714	3.34193567066401
GF3_C8_day45	11	1.51863552626863	0.689713106125792	3.22282384381148
GF3_C9_day30	15	1.13898703700894	0.51014411121932	2.04141671643295
GF3_C9_day32	12	1.28615680022592	0.579513689963956	2.37819870976128
GF3_C9_day34	18	1.69778881820853	0.729321428387198	3.6944187862439
GF3_C9_day38	5	0.786625652547717	0.4096837854984	1.69400733951429
GF3_C9_day39	9	1.30228045610939	0.604137600525394	2.52613029509045
GF3_C9_day40	5	1.35105752675397	0.709487719578569	3.44219527845553
GF3_C9_day41	11	1.82799338111785	0.7943649440271	4.86298406304705
GF3_C9_day42	9	1.56500259830676	0.703936782750809	3.37765700613298
GF3_C9_day45	11	1.30966112481083	0.58872741435494	2.43147740672175
GF3_inoc	14	1.99447046474667	0.836707682167548	6.12398680644647
GF4_A0	0	0	1	Inf
GF4_B0	0	0	1	Inf
GF4_B1_D35	2	0.473374702637315	0.29687387770368	1.42221995213907
GF4_B1_D36	4	0.425468089613266	0.23134443755622	1.30097282691965
GF4_B1_d37	1	0	0	1
GF4_B2_d35	5	0.563779165478754	0.30761388950694	1.44428084972398
GF4_B2_d36	2	0.449015788924156	0.2764983860555	1.38216692364796
GF4_B2_d37	0	0	1	Inf
GF4_B3_d35	3	0.530735308811883	0.29403871252424	1.41650826715386
GF4_B3_d36	5	0.774331869646722	0.42964162230574	1.75328361799929
GF4_B3_d37	1	0	0	1
GF4_B3_d38	0	0	1	Inf
GF4_B3_d42	9	1.39495853682569	0.645795992133592	2.82323174721716
GF4_B3_d43	8	1.46811527395771	0.700406892289051	3.33786049899657
GF4_B3_d44	8	1.01115515531904	0.44251976113676	1.79378555559046
GF4_B3_d46	8	0.915993761496071	0.38873716751632	1.63595747501415
GF4_B3_LI	9	0.460945975990248	0.183386462886265	1.22456946223844
GF4_B3_MLN	0	0	1	Inf
GF4_B3_SI	6	0.178055157221409	0.0657089859638821	1.07033031997174
GF4_B4_d35	4	0.39208633497255	0.205749324764723	1.25904834730392
GF4_B4_d37	0	0	1	Inf
GF4_B4_d38	1	0	0	1
GF4_B5_d35	3	0.588524733802158	0.34555632613962	1.5280153815244
GF4_Bdam_d10	15	1.40142998710838	0.629257343820442	2.69728876171098
GF4_Bsire_d10	16	1.52010501326158	0.663916742688885	2.97545318978592
GF4_Bsire_d2	13	1.1646980213507	0.50334227355347	2.01345906194749
GF4_C0	0	0	1	Inf
GF4_C1_d36	2	0.157366091962844	0.0707375385087798	1.07612223826976
GF4_C1_D37	6	1.60269115731435	0.78414300282116	4.63269670693829
GF4_C1_d39	9	1.60724407440167	0.7497256985542	3.99561598703158
GF4_C1_d41	0	0	1	Inf
GF4_C1_d43	9	1.65303451282298	0.75930939943178	4.15471147456199
GF4_C1_d46	10	1.53636960635444	0.674801116420177	3.07504130700541
GF4_C1_LI	9	1.12773137079957	0.566529126344729	2.30696007685
GF4_C1_MLN	0	0	1	Inf
GF4_C1_SI	6	0.873053766205453	0.4235754893314	1.73483254353652
GF4_C2_d35	2	0.484214584770805	0.30608399478272	1.44109660604655
GF4_C2_D36	6	1.35311438258886	0.66066873251448	2.94697275441224
GF4_C2_d37	10	1.92713703400652	0.830498399539012	5.89964930879903
GF4_C2_d38	9	1.96569178084713	0.84101109535476	6.28974708789491
GF4_C2_d39	9	1.88449790315609	0.80727560333368	5.18875667687981
GF4_C2_d43	12	1.58455517236071	0.713051096310472	3.48494100218615
GF4_C2_d45	12	1.95519739905322	0.820455413900975	5.56964719308475
GF4_C2_d46	12	2.00144443944091	0.840381135735584	6.26492366430735
GF4_C2_LI	7	0.13387789798311	0.0414804607162401	1.04327555048824
GF4_C2_MLN	0	0	1	Inf
GF4_C2_SI	2	0.0145811340568419	0.00404140036991985	1.00405779956257
GF4_C3_d35	5	0.834574509053954	0.501417012715912	2.00568415991741
GF4_C3_d36	7	0.932519469027532	0.466230239224163	1.87346693927827
GF4_C3_d38	8	1.67127364202434	0.760931497109153	4.18290150274031
GF4_C3_d41	0	0	1	Inf
GF4_C3_d42	10	1.4989508659406	0.689814243349842	3.22387465755833
GF4_C3_d43	11	1.6921484180106	0.731664380285277	3.72667632073272
GF4_C3_d44	12	1.79923724918917	0.761592985690835	4.1945074598485
GF4_C3_d45	12	1.95459555836302	0.823478613802389	5.6650359570626
GF4_C3_d46	10	1.75744325810878	0.780130970956078	4.54816216885297
GF4_C3_LI	10	0.842107205985572	0.33921770548074	1.51335774020327
GF4_C3_MLN	0	0	1	Inf
GF4_C3_SI	7	0.112285796337177	0.0326523459723	1.03375450990794
GF4_C4_d35	5	0.68562508488834	0.3354857999155	1.5048587372141
GF4_C4_d36	6	0.416007286490476	0.19481280548622	1.24194722272485
GF4_C4_d37	6	1.56014563158769	0.74756066267968	3.96134774641363
GF4_C4_d38	0	0	1	Inf
GF4_C4_D39	9	1.12027050341166	0.50458288995156	2.01850113715738
GF4_C5_d43	12	1.33082711689614	0.66419238118909	2.9778955091638
GF4_C5_d45	11	1.87182501132538	0.780558244660821	4.55701786769959
GF4_C5_d46	11	1.86660742997888	0.81604907256634	5.43623244498531
GF4_C5_LI	9	0.533373880114464	0.212284916708075	1.26949454340892
GF4_C5_MLN	0	0	1	Inf
GF4_C5_SI	1	0	0	1
GF4_Cdam_d16	15	2.06267738531621	0.834231088630654	6.0324942218624
GF4_Csire_d16	13	1.8342252507295	0.7865593054966	4.68514217650313
GF4_Csire_d2	18	1.61135393539832	0.694817808603495	3.27673117302169
GF4_EMPTY	0	0	1	Inf
GF4_INOC_GF45	19	1.60394817641682	0.613095223832089	2.58461528933418
GF4_W1	0	0	1	Inf
GF4_W2	0	0	1	Inf
GF4_W3	0	0	1	Inf
GF4_W4	0	0	1	Inf
GF4_W5	0	0	1	Inf
GF5_A_DAM_D0	2	0.586883525766403	0.39755733833262	1.65990900649748
GF5_A_DAM_D24	19	1.84771747666154	0.7257637640759	3.64649112335676
GF5_A1_COLON_190628	0	0	1	Inf
GF5_A1_COLON_190815	10	1.12625756312186	0.511256396953234	2.04606258530265
GF5_A1_D46	11	1.21310786491971	0.615972702619873	2.60398155761869
GF5_A1_D47	16	2.15566495348714	0.847995628117586	6.57875814765097
GF5_A1_D48	1	0	0	1
GF5_A1_D79	3	0.396119387307633	0.18902232191954	1.2330795619023
GF5_A1_D80	3	0.0390441168141802	0.0113371708742857	1.01146717621043
GF5_A1_D81	4	0.261965827469528	0.10694668867294	1.119753980324
GF5_A1_D82	0	0	1	Inf
GF5_A1_D83	2	0.141705479484171	0.0619950549419999	1.06609246067265
GF5_A1_D88	8	1.52768589538788	0.71701651027396	3.53377506570476
GF5_A2_COLON_190628	1	0	0	1
GF5_A2_D46	8	0.973314969828429	0.55101166173294	2.22722933931793
GF5_A2_D48	8	1.09729768092415	0.492313417826172	1.96971918327675
GF5_A2_D79	5	0.482221859728744	0.22445997101266	1.28942409498288
GF5_A2_D80	1	0	0	1
GF5_A3_COLON_190628	6	1.11282210638969	0.540484309512917	2.17620425309092
GF5_A3_D46	5	0.644854864301773	0.30099598927232	1.43060695597294
GF5_A3_D80	0	0	1	Inf
GF5_A4_COLON_190628	0	0	1	Inf
GF5_A4_D46	5	0.696941844562795	0.320703145131288	1.47211045190732
GF5_A4_D48	1	0	0	1
GF5_A4_D79	0	0	1	Inf
GF5_A5_D46	8	0.48137250191183	0.21292628064984	1.27052901833089
GF5_A5_D47	0	0	1	Inf
GF5_A5_D79	2	0.688728324941308	0.49558765698798	1.9825050156954
GF5_A5_D80	3	0.785220444554944	0.50830454861192	2.0337792370805
GF5_A6_COLON_190628	0	0	1	Inf
GF5_A6_D81	3	0.458329967193519	0.25002922994326	1.33338529970221
GF5_A6_D82	12	2.0784080001889	0.851308220256896	6.72532134410998
GF5_A7_COLON_190628	0	0	1	Inf
GF5_A7_COLON_190815	12	0.704155832798776	0.278891862555214	1.38675456297505
GF5_A7_D46	4	0.535664151641791	0.25697487820182	1.34584951526258
GF5_A7_D79	11	1.11531032064481	0.49945807502298	1.99783464700966
GF5_A7_D80	8	1.83359230383392	0.814519869830606	5.39141308067191
GF5_A7_D81	7	1.28033616608885	0.60432614839128	2.52733405539494
GF5_A7_D82	3	0.885254769653303	0.53543022670344	2.1525291947086
GF5_A7_D83	4	1.11919726014357	0.62439803842316	2.66239291137307
GF5_A7_D84	10	1.19725054926329	0.536650938934482	2.15820012174062
GF5_A7_D87	11	1.85770812950605	0.763763359131664	4.23304359698096
GF5_A8_COLON_190815	13	1.37656047086241	0.593385695788355	2.45933305749985
GF5_A8_D79	5	0.52324559481688	0.3000755683201	1.42872566628355
GF5_A8_D83	5	1.1676431138196	0.608451693383855	2.5539632865284
GF5_A8_D87	10	1.77567499779262	0.788122047448563	4.71969824117132
GF5_B_COLON_M1	1	0	0	1
GF5_B_COLON_M2	2	0.495108623767374	0.31542788937912	1.46076649119264
GF5_B_COLON_M3	0	0	1	Inf
GF5_B_COLON_M4	0	0	1	Inf
GF5_B_COLON_P1	1	0	0	1
GF5_B_DAM_D3	14	1.57311674020694	0.710183954715164	3.45046458355052
GF5_B1_COLON_190815	12	1.87460731686419	0.78721198932041	4.69951289457643
GF5_B1_D80	6	1.01863186429641	0.58542626739517	2.41211616017456
GF5_B1_D82	11	1.75593226787341	0.7449772268565	3.92121843737189
GF5_B1_D83	6	1.43157383907141	0.71726902773862	3.53693121061925
GF5_B1_D84	8	1.53602605988369	0.71086389896092	3.45857883677016
GF5_B2_D79	1	0	0	1
GF5_B2_D80	1	0	0	1
GF5_B3_COLON_190815	12	1.40097666184301	0.59066010114874	2.44295755875819
GF5_B3_D79	4	0.403791934687739	0.196439327445504	1.24446110188672
GF5_B3_D81	9	1.76069681199877	0.77791882094608	4.502857938075
GF5_B3_D82	8	1.48917409811563	0.714453293319671	3.50205404791976
GF5_B3_D83	9	1.29312646996778	0.578255830694108	2.37110569103019
GF5_B4_D79	9	1.62728201281169	0.741838529382967	3.87354471451489
GF5_B5_D79	3	0.606491194228874	0.3973492060665	1.65933573815278
GF5_B5_D80	2	0.660910479328364	0.46811121860958	1.88009229558458
GF5_B6_COLON_190815	12	2.08308684182148	0.85572289624866	6.93110669675965
GF5_B6_D79	6	0.510987780364013	0.25722162284404	1.34629659499368
GF5_B6_D84	11	1.49099011909046	0.709555339512825	3.44299667386778
GF5_B7_COLON_190815	11	2.03756112928816	0.838544005635711	6.19363811134644
GF5_B7_D79	8	0.283918016065556	0.100594274048904	1.11184526754322
GF5_B7_D80	8	1.56613570363869	0.74046001175512	3.85297081487298
GF5_B7_D82	8	1.28851334353353	0.629522139266926	2.69921662261079
GF5_B7_D84	0	0	1	Inf
GF5_C_DAM_D0	0	0	1	Inf
GF5_C_DAM_D24	15	1.78898676405669	0.77905692476396	4.52605268995949
GF5_C_DAM_D3	12	1.44264301623239	0.664453197438512	2.98021018935728
GF5_C1_COLON_190628	9	1.46798518932062	0.70729850028952	3.41644986783167
GF5_C1_COLON_190815	4	0.717144724097253	0.35966044025628	1.56167143632392
GF5_C1_D46	10	1.15014455599821	0.602462059222802	2.51548317135459
GF5_C1_D47	12	1.79191854361986	0.761644533854379	4.19541458885218
GF5_C1_D48	13	2.01410744951357	0.813757567231978	5.36934567025106
GF5_C2_COLON_190815	1	0	0	1
GF5_C2_D46	10	1.17386413557321	0.59066752650998	2.4430018744271
GF5_C3_COLON_190628	6	1.40926534942379	0.66839901899947	3.01567262250771
GF5_C3_COLON_190815	1	0	0	1
GF5_C3_D46	6	0.927127846776	0.52986968850698	2.12706982628761
GF5_C4_COLON_190628	9	2.12127410642968	0.87060255658502	7.72812795684828
GF5_C4_D46	5	1.0550092417718	0.62073919367676	2.63670799441298
GF5_C4_D47	3	0.845445210177897	0.52257665024858	2.09457706775479
GF5_C5_COLON_190628	7	1.49528978573628	0.72951183101082	3.69701936959765
GF5_C5_D47	4	0.428822539213995	0.19351968570058	1.23995587030378
GF5_C6_D46	5	0.456134358651012	0.21913338900002	1.28062845294332
GF5_COLON_A1	2	0.689285556839543	0.49614334955742	1.98469147747006
GF5_COLON_A2	2	0.575563464401127	0.38710274408672	1.63159483967651
GF5_EMPTY	0	0	1	Inf
GF6_A1_COLON_D54	7	1.45438961485763	0.714809230076547	3.50642484070717
GF6_A1_COLON_D88	7	1.02773305158706	0.47921696986568	1.92018545562454
GF6_A1_D53	9	1.11163672071313	0.487091438116063	1.9496652509113
GF6_A1_D87	2	0.679414619714524	0.48633041628032	1.946776744612
GF6_A1_D88	0	0	1	Inf
GF6_A2_COLON_D105	9	1.60871866656784	0.767309893804634	4.29756132029267
GF6_A2_COLON_D54	8	1.83371847144776	0.82083761632598	5.58152877570253
GF6_A2_D51	3	0.501667165788954	0.27327495363098	1.37603623956042
GF6_A2_D52	2	0.654771381766147	0.46211767279278	1.85914269612124
GF6_A2_D87	10	1.44532211826047	0.626250300423634	2.67558743494234
GF6_A2_D93	10	1.69445844322229	0.76638706291068	4.28058485313105
GF6_A3_COLON_D54	3	0.732017318129673	0.409720537056063	1.69411281058745
GF6_A3_COLON_D88	5	0.730336334942427	0.386754413016639	1.63066807364915
GF6_A3_D51	7	0.706732672394588	0.341522797676837	1.51865546213584
GF6_A3_D52	9	0.922165233173971	0.439949367517349	1.7855528446903
GF6_A3_D53	10	1.38718345805685	0.602637600941654	2.51659442959314
GF6_A3_D87	2	0.482248060256874	0.30440664910968	1.4376215625409
GF6_A4_COLON_D105	10	1.79440716175527	0.79518538781253	4.88246414315734
GF6_A4_COLON_D54	5	1.30537261697296	0.6945554039917	3.27391616374456
GF6_A4_D51	3	0.654379218814536	0.42430007676906	1.73701603847332
GF6_A4_D53	7	1.36424979984397	0.682995123363378	3.15452560417954
GF6_A4_D93	11	1.73612247716729	0.765749008471651	4.26892536708421
GF6_A5_COLON_D105	9	1.79110025208735	0.81281627764648	5.34234487607514
GF6_A5_D51	3	0.799019703213203	0.45269214721946	1.8271252548627
GF6_A5_D87	3	0.475383969541779	0.23396016146054	1.30541513598903
GF6_A5_D90	9	1.67039599057025	0.75514653940552	4.08407542034366
GF6_A5_D91	12	2.02241915872381	0.852429984025875	6.77644434337757
GF6_A6_COLON_D105	9	1.77416034218361	0.790473558606844	4.77266732232423
GF6_A6_COLON_D54	10	1.5306567963123	0.71222954877588	3.47499194495541
GF6_A6_D53	9	1.51535492768263	0.710922776833228	3.45928326363883
GF6_A6_D87	3	0.545029161425333	0.27927923309058	1.38749991107954
GF6_A6_D88	2	0.326872437172586	0.18130442796158	1.22145524435922
GF6_A6_D91	12	2.03207752177747	0.839890420667127	6.24572248685365
GF6_A7_D87	2	0.639349944582511	0.44717462921592	1.80888948454317
GF6_A8_COLON_D105	9	1.72825559836564	0.7997080721007	4.9927124397283
GF6_A8_COLON_D54	5	1.25169254399448	0.6606842346899	2.94710739150626
GF6_A8_D51	4	0.676351485593315	0.34242613130386	1.52074169550386
GF6_A8_D52	3	0.774919379932859	0.44897894242182	1.81481267593502
GF6_A8_D53	9	1.81056434227891	0.796021745154523	4.90248335910877
GF6_A8_D89	11	1.85781108112269	0.7847644572776	4.64607279704612
GF6_A8_D91	11	1.70247499575519	0.73985742519412	3.84404590731143
GF6_A8_D93	13	2.0469787952653	0.83203472211292	5.95361144028995
GF6_ADAM_D0	7	1.33984628852681	0.6349220615094	2.73914113828532
GF6_ADAM_D67	0	0	1	Inf
GF6_ASIRE_D57	19	1.76825915738684	0.688604096624694	3.21134603622181
GF6_B_DAM_D22	14	1.37889771765227	0.634056702647914	2.73266379582809
GF6_B1_COLON_D105	0	0	1	Inf
GF6_B1_D63	6	1.19923408483278	0.64758690544418	2.8375790101114
GF6_B1_D64	9	1.16700614678113	0.554864301826455	2.24650596234618
GF6_B1_D66	3	0.742836144426668	0.423107856387824	1.73342627573078
GF6_B1_D87	2	0.339204348090924	0.19036712504832	1.23512771150712
GF6_B1_D89	10	1.35320201336365	0.616576693966818	2.60808350526678
GF6_B1_D91	10	1.85199759751832	0.804685517406301	5.11994802802329
GF6_B1_D93	11	1.71653671620975	0.73944921280484	3.83802333036504
GF6_B10_D63	7	0.922934288003679	0.46844325930058	1.88126670858167
GF6_B10_D64	8	1.00201669549499	0.46797270409384	1.87960280928214
GF6_B10_D66	0	0	1	Inf
GF6_B2_COLON_D105	10	1.71237133786606	0.790476336016599	4.77273058798372
GF6_B2_D63	10	1.47118916058433	0.710219010713891	3.4508820004499
GF6_B2_D66	7	1.1832593870301	0.552755586178412	2.23591389650965
GF6_B2_D87	6	0.999853298510921	0.503892244831458	2.01569112673974
GF6_B2_D89	2	0.617590514958344	0.42636635699118	1.74327292722025
GF6_B3_COLON_D105	10	1.64540268768893	0.776711159503453	4.47850415531834
GF6_B3_D63	5	0.870266681720253	0.42686752463128	1.74479730773703
GF6_B3_D66	13	1.78508390455417	0.769814809408654	4.34432813610206
GF6_B3_D87	9	1.14240048583793	0.525730616729971	2.10850633685254
GF6_B3_D89	1	0	0	1
GF6_B3_D91	7	1.71434827543352	0.780706358468101	4.56009573745227
GF6_B3_D93	11	1.45628720243346	0.675928645344524	3.08574017923649
GF6_B4_COLON_D105	9	1.60581557290362	0.767852279139857	4.30760205740915
GF6_B4_D64	8	1.14366663710462	0.54879912965212	2.21630778156299
GF6_B4_D66	1	0	0	1
GF6_B4_D87	9	1.0811630110756	0.508144810063233	2.03311873181324
GF6_B4_D89	2	0.676372662588675	0.48331948875	1.93543200919406
GF6_B4_D90	0	0	1	Inf
GF6_B4_D93	10	1.74399607439351	0.760766883759149	4.18002329992323
GF6_B5_COLON_D105	9	1.61438049806787	0.770920705703531	4.36530068363937
GF6_B5_D66	2	0.536067159063925	0.35133529702368	1.54162851071073
GF6_B5_D87	0	0	1	Inf
GF6_B5_D90	3	0.906763856431781	0.55454692275872	2.24490535836696
GF6_B5_D91	2	0.628294827713683	0.436562204792	1.77481881496934
GF6_B6_COLON_D105	12	1.63904843958588	0.77342873709976	4.4136223950003
GF6_B6_D63	6	1.12772468227229	0.58455428916562	2.40705337405362
GF6_B6_D64	10	1.14820386239133	0.552889418868391	2.23658316801419
GF6_B6_D66	8	1.19742160417189	0.56436391909998	2.29549397729869
GF6_B6_D87	3	0.884757876897465	0.556240448775264	2.25347262327107
GF6_B6_D90	2	0.686111649593269	0.49298098414158	1.97231261298342
GF6_B6_D91	2	0.469318111057154	0.2934497162795	1.41532743392908
GF6_B6_D93	8	1.63566697739076	0.767783334196579	4.30632313378633
GF6_B7_COLON_D105	8	1.65706587301041	0.784559476552247	4.64165229454854
GF6_B7_D63	6	1.17666621735449	0.61169486271876	2.57529428274271
GF6_B7_D66	6	1.36758011944294	0.68015381359862	3.12650280827511
GF6_B7_D87	5	0.619479330880796	0.36941661440908	1.58583309178516
GF6_B7_D90	4	0.700425611151717	0.474130147337846	1.90161119702454
GF6_B7_D91	1	0	0	1
GF6_B7_D93	7	1.65060413400864	0.77554423094162	4.45522075104206
GF6_B8_COLON_D105	17	2.21144340611246	0.865698015708774	7.4459063674857
GF6_B8_D63	8	1.14185286193089	0.552392663449122	2.23410100403109
GF6_B8_D66	9	1.6521034275295	0.75949659836648	4.15794534799888
GF6_B8_D91	6	1.50584249761821	0.748739594470994	3.9799346733306
GF6_B9_D63	0	0	1	Inf
GF6_B9_D66	8	1.30300970175599	0.63961014837362	2.77477291740365
GF6_GF6MERO3_COLON	0	0	1	Inf
GF6_GFMERO1_COLON	0	0	1	Inf
GF6_GFMERO2_COLON	0	0	1	Inf
GF6_GFPBS1_COLON	1	0	0	1
GF6_GFPBS2_COLON	1	0	0	1
GF6_GFPBS3_COLON	1	0	0	1
GF6_INOC	20	1.96013333448448	0.748491404129232	3.97600724753688
GF6_WATER_D9	0	0	1	Inf
GF6_WATER_H11	7	0.880821315083913	0.38529174893666	1.62678798970108
GF6_WATER_H12	0	0	1	Inf
GF6_WATER	0	0	1	Inf
GF7_A1_COLON_D47	18	2.29020343355611	0.8697250543874	7.67607305685401
GF7_A3_COLON_D47	12	1.87555920953274	0.80869623993064	5.22728878741032
GF7_A4_COLON_D47	13	1.97779145437618	0.81771673979956	5.48596727368379
GF7_A5_COLON_D47	9	1.7659164812934	0.80582710938939	5.15004950925605
GF7_A6_COLON_D47	13	2.02888144827021	0.84393694304686	6.40766635950405
GF7_A7_COLON_D47	7	1.69671346307716	0.75964518192404	4.16051572423219
GF7_ADAM_D0	1	0	0	1
GF7_ADAM_D5	16	1.69612469261764	0.74715632628228	3.95501293465788
GF7_ADAM_D78	16	1.81770832983869	0.737690947328192	3.8122969444412
GF7_ASIRE_D22	0	0	1	Inf
GF7_ASIRE_D36	17	2.21080138386396	0.8459294037086	6.49053112060824
GF7_B1_COLON_D47	19	1.94976388530401	0.78480914786928	4.64703768816594
GF7_B1_D30	8	0.49603796744956	0.18920533934553	1.23335790000492
GF7_B1_D31	12	1.35470199142626	0.58781912599916	2.42611936428172
GF7_B1_D32	10	1.9223249753267	0.8209520601273	5.58509637536731
GF7_B1_D33	10	1.85660289139057	0.79132511428892	4.79214351354454
GF7_B1_D36	10	1.694794563799	0.79347449804218	4.84201704157696
GF7_B2_COLON_D47	19	2.11334911015421	0.825177736388859	5.72009525185139
GF7_B2_D30	5	0.123222806656931	0.0403092740974799	1.04200235868652
GF7_B2_D34	10	1.86937599802101	0.7961465211452	4.90548410366975
GF7_B2_D36	10	1.56556953536693	0.746431709009874	3.94371076957308
GF7_B3_D30	8	0.8266445383302	0.512381105124074	2.05078189239252
GF7_B3_D31	10	1.24914176883795	0.554294584617778	2.24363439502397
GF7_B3_D33	10	2.06356982909017	0.845954682021568	6.49159619469908
GF7_B3_D36	11	1.63147036532568	0.75889267573706	4.14753057816464
GF7_B4_COLON_D47	13	1.89726374917087	0.80893128232166	5.23371911504361
GF7_B4_D35	10	1.44774426000577	0.62814443771918	2.68921619422977
GF7_B4_D36	11	1.42036129993398	0.6542610436381	2.89235558099289
GF7_B5_COLON_D47	19	2.30123947991795	0.868081065493144	7.58041295389656
GF7_B5_D30	10	1.07190060774032	0.457246251970505	1.8424561850205
GF7_B5_D36	11	1.57219648428869	0.73405869200288	3.76022817790619
GF7_B6_COLON_D47	1	0	0	1
GF7_B7_COLON_D47	0	0	1	Inf
GF7_B8_COLON_D47	1	0	0	1
GF7_BDAM_D1	11	1.50204130052172	0.692549173478778	3.25255264822316
GF7_BDAM_D78	13	2.04371605952477	0.81552634154494	5.42082814627766
GF7_BSIRE_D12	16	2.28647511932969	0.862639019587895	7.28008781678641
GF7_BSIRE_D20	21	2.14109400594154	0.827969372979418	5.81291841644196
GF7_BSIRE_D36	19	1.96721204634921	0.79466934686976	4.87019344045872
GF7_C1_COLON_D47	18	1.67770564345277	0.6680013965821	3.01206086322375
GF7_C1_D30	11	0.912936451724479	0.34981587802578	1.53802587021596
GF7_C1_D34	1	0	0	1
GF7_C1_D36	9	1.60816479297326	0.732391339425785	3.73679983993893
GF7_C2_COLON_D47	15	2.03057563615732	0.82929189282551	5.8579525984542
GF7_C2_D30	9	0.860913500949083	0.406141644789165	1.68390322578685
GF7_C2_D32	1	0	0	1
GF7_C2_D33	2	0.0374781564574161	0.0122381827020002	1.01238981147852
GF7_C2_D36	9	1.76048702794253	0.800334665650165	5.00838066485739
GF7_C3_COLON_D47	18	2.16928940896313	0.846738971727046	6.52481593832859
GF7_C3_D30	3	0.0180998439224382	0.00467862769418015	1.00470062014577
GF7_C3_D31	3	0.107517740772435	0.0379283793940001	1.03942365472761
GF7_C3_D33	1	0	0	1
GF7_C3_D34	4	0.4274723432447	0.20156263406238	1.25244639424619
GF7_C4_COLON_D47	17	1.95761179344788	0.781679283744195	4.5804173655619
GF7_C4_D31	7	0.396355675251742	0.162943689231378	1.19466275701542
GF7_C4_D32	3	0.441735238381226	0.215247504972259	1.27428712407553
GF7_CONTAMINANT	5	0.983941763769019	0.576376957381043	2.36058924891743
GF7_INOC	10	0.744388507518682	0.32155877700132	1.47396703811724
GF7_WATER_A12	0	0	1	Inf
GF7_WATER_B7	0	0	1	Inf
GF7_WATER_C8	0	0	1	Inf
GF7_WATER_D9	0	0	1	Inf
GF7_WATER_H2	0	0	1	Inf
GF7_WATER_H8	0	0	1	Inf
GF7_WATER	1	0	0	1
GF8_A1_COLON_D46	20	2.03882413902066	0.81877689871412	5.51806029642157
GF8_A1_D30	16	2.04034989151087	0.82838860716171	5.82711895440591
GF8_A1_D33	1	0	0	1
GF8_A1_D35	9	1.80902795692275	0.793378429619	4.83976575222059
GF8_A2_COLON_D46	18	2.06131828088158	0.829645920584038	5.8701265236992
GF8_A2_D30	9	0.563206545724458	0.20907788002418	1.26434698783057
GF8_A2_D35	12	1.81539863559078	0.81459821006238	5.39369118462372
GF8_A3_D30	12	0.929369234447459	0.35924003956884	1.56064682838034
GF8_A4_D30	8	1.35039302661416	0.657973175230558	2.92374728407368
GF8_A4_D31	1	0	0	1
GF8_A4_D32	2	0.180772259569288	0.0843163978582202	1.09208027495633
GF8_A4_D33	2	0.0311897507985876	0.00984188603767988	1.00993971154596
GF8_A5_D30	3	0.174964058236433	0.07829291689086	1.08494338204146
GF8_A7_D32	14	1.83464895537402	0.77268705318214	4.39922148737649
GF8_ADAM_D0	20	2.09543563185176	0.80119450825594	5.03004213428565
GF8_B1_COLON_D46	18	2.07762139146671	0.83373146545992	6.0143670765255
GF8_B1_D31	2	0.0232473388439668	0.00696179650478013	1.00701060289551
GF8_B1_D32	14	1.80630344660908	0.773263595994711	4.4104077789673
GF8_B1_D34	16	1.89574534554088	0.76737051637486	4.29868125233603
GF8_B2_D32	15	1.9363946645106	0.7845173595194	4.6407450631274
GF8_B3_D46	9	1.71447595573042	0.746064751726783	3.93801178371294
GF8_B4_COLON_D46	18	2.04019590868987	0.833431386107912	6.00353197780618
GF8_B4_D30	11	0.648349885148667	0.242282848072527	1.31975368045479
GF8_B4_D33	10	1.90627207306014	0.80712388315386	5.18467509794235
GF8_B5_COLON_D46	18	2.10426329260137	0.83990218294208	6.24618135572842
GF8_B5_D34	16	1.96476934210805	0.784835722366157	4.64761163422189
GF8_B5_D35	12	1.8773627356008	0.779084021808548	4.52660784514813
GF8_B6_COLON_D46	20	1.91990699077189	0.78653860160526	4.68468775863056
GF8_B6_D30	10	0.810617993546233	0.32994421886646	1.49241306195178
GF8_B6_D33	12	2.07705377434899	0.843327386623829	6.38273644927974
GF8_B6_D34	18	1.97142211425408	0.788614274973887	4.73068841274153
GF8_B6_D35	13	1.817815365275	0.7873045570851	4.70155818242003
GF8_B7_D33	13	2.07547669214127	0.841209224568027	6.29759504152308
GF8_C1_COLON_D46	13	1.84761938134164	0.79737355940556	4.93519008213501
GF8_C1_D31	1	0	0	1
GF8_C1_D32	9	1.66557840141933	0.75260178337324	4.04206632381939
GF8_C1_D33	5	1.19403812384254	0.635704233366287	2.74502229120182
GF8_C1_D34	20	2.19102270046808	0.84432410898071	6.42360222544727
GF8_C2_COLON_D46	14	2.08145325069987	0.83958984903852	6.23401944332148
GF8_C2_D30	10	1.77768439718818	0.76558965875082	4.26602339585775
GF8_C2_D31	1	0	0	1
GF8_C3_D30	13	0.972011815917472	0.394651040951988	1.65193973666466
GF8_C4_COLON_D46	14	2.14255257628694	0.850074280840055	6.66996967300303
GF8_C4_D30	15	1.06157688803376	0.417304010871059	1.71616077449731
GF8_C4_D35	9	1.88212836059999	0.813778564406559	5.36995108438108
GF8_C5_COLON_D46	14	2.23923115793254	0.868301706889873	7.5931128368064
GF8_C5_D30	4	0.0756731933468024	0.02401505998492	1.02460597392471
GF8_C5_D35	14	2.22810265964714	0.85703835445894	6.99488311158809
GF8_C6_COLON_D46	17	2.22878838930921	0.861695066036118	7.23040003953257
GF8_C6_D30	3	0.0683838641546125	0.0220628035670198	1.02256055260756
GF8_C6_D32	2	0.687934914671921	0.49479679633038	1.97940154127359
GF8_C6_D34	7	1.69021436957129	0.792601768383798	4.82164188289965
GF8_C7_COLON_D46	18	2.18462589372327	0.844349256847503	6.42464006111594
GF8_C7_D30	2	0.0550144641732055	0.0193798801510201	1.01976288244423
GF8_C7_D33	12	2.14006088966656	0.84831459727148	6.59259218100081
GF8_C7_D34	0	0	1	Inf
GF8_C7_D35	15	2.21115892845586	0.84837710591486	6.59531006866599
GF8_INOC	21	2.11845357890202	0.79861678968998	4.96565725842064
GF9_A_DAM_D0	15	2.10625202206569	0.836963182833	6.13358391911988
GF9_A1_COLON_D33	3	1.02294989644592	0.618130607903215	2.61869639383549
GF9_A1_D16	14	2.06306130877886	0.83207943878146	5.95519686656211
GF9_A1_D19	8	1.83182778751347	0.815543078861	5.42132002326135
GF9_A1_D20	12	1.88007924385302	0.804841747552782	5.12404670292106
GF9_A1_D21	11	1.86150841909959	0.80980894419568	5.25787080665276
GF9_A2_COLON_D33	6	1.59740398534427	0.77636536361976	4.47157925170288
GF9_A2_D21	14	2.01122165172169	0.80706755049696	5.18316127004982
GF9_A3_COLON_D33	17	2.12894801036789	0.852373715984115	6.77386148859775
GF9_A3_D18	16	1.99140381017264	0.810001102897792	5.26318844609957
GF9_A3_D19	12	1.93178952446503	0.821358811114714	5.5978131708592
GF9_A3_D21	12	1.68968858687401	0.728955761550306	3.68943463148213
GF9_A4_COLON_D33	16	2.22154780756348	0.869894979933535	7.6860985032641
GF9_A4_D16	13	1.58950325657218	0.64648418426045	2.82872775552634
GF9_A4_D17	17	2.12193660481949	0.840955307584753	6.28754084662642
GF9_A4_D18	16	2.15278619385035	0.8447824765631	6.44257154641774
GF9_A4_D19	7	1.71135784609265	0.779920672865187	4.54381614583651
GF9_A4_D20	12	2.07695880122538	0.851536279897367	6.73565231498108
GF9_A5_COLON_D33	14	2.26818916505526	0.87321526527794	7.88738488266919
GF9_A5_D18	16	2.15347062085447	0.847508778979291	6.55775455994412
GF9_A5_D19	10	1.91988428736247	0.83084804457814	5.91184416110372
GF9_A6_COLON_D33	15	2.1838074429448	0.8595557580519	7.12026343073247
GF9_A6_D16	22	2.1371051748024	0.82922685865111	5.85572176105257
GF9_A6_D21	10	1.66889068909283	0.75509993808206	4.08329827346093
GF9_A7_D16	7	0.12609655974778	0.0409083361421398	1.04265320790881
GF9_A7_D20	14	2.1435558118195	0.857974197478071	7.04097412049897
GF9_C1_COLON_D33	14	1.79653347850982	0.77744630954225	4.49329776533112
GF9_C1_D16	10	0.482329297161471	0.18035844926534	1.22004551758471
GF9_C1_D17	14	1.73978374153895	0.719081242429584	3.5597480518877
GF9_C1_D19	9	1.52001987027517	0.71512911972792	3.51036230535357
GF9_C1_D21	11	1.69575536665356	0.72587372540272	3.64795385436549
GF9_C2_COLON_D33	13	1.75638835760258	0.761236264167705	4.18824071634727
GF9_C2_D16	17	2.13824235754031	0.83893682479796	6.20874385933088
GF9_C2_D18	14	2.16759699722505	0.854375801071346	6.86699056445924
GF9_C2_D21	16	2.09526987832696	0.839695402335671	6.23812426200001
GF9_C3_D16	16	2.16625864579788	0.85047581701632	6.68788138510776
GF9_C3_D17	14	1.85705963820922	0.753753577475177	4.06097270265599
GF9_C3_D19	7	1.28814634458326	0.61404542797282	2.59097850492513
GF9_C3_D20	12	1.87611171038391	0.788265614322255	4.72289844088894
GF9_C3_D21	9	1.57067814720113	0.744758327151767	3.91785553213562
GF9_C4_COLON_D33	16	2.01496409070089	0.827357921771459	5.79233064303253
GF9_C4_D16	17	2.2176046411917	0.848799441477883	6.61373218309723
GF9_C4_D17	13	1.49668733734034	0.63863322360198	2.76727155154565
GF9_C4_D19	10	1.78892360786109	0.790516905716171	4.77365490240992
GF9_C5_COLON_D33	15	1.86360816297498	0.782712566645025	4.60219896088669
GF9_C5_D17	16	1.61464899162209	0.659084162625646	2.93327528489654
GF9_C5_D18	8	1.60984735363917	0.75246677112576	4.03986165634374
GF9_C5_D20	9	0.868632373422486	0.36310980111728	1.57012935943162
GF9_C5_D21	14	2.15959339084897	0.858173704179131	7.05087864145467
GF9_C6_COLON_D33	14	1.81150959336689	0.76249698114756	4.2104727966481
GF9_C6_D16	15	2.04856919207825	0.82851039340016	5.83125718127884
GF9_C6_D20	11	1.97293310952087	0.834225642243543	6.03229602897406
GF9_C6_D21	14	2.19987250828462	0.86053100486137	7.17005237620031
GF9_C7_COLON_D33	13	1.68323011182968	0.735421064668266	3.77959038479832
GF9_C7_D16	15	2.04711377677272	0.82867177937198	5.83675004814971
GF9_C7_D17	14	1.67279148314455	0.6789798175346	3.11506894152296
GF9_INOC	17	2.1087082013544	0.832347992968233	5.96473622776564
Gn3_6A_dam	0	0	1	Inf
Gn3_6Adam_Stool	0	0	1	Inf
Gn3_6B_dam_210806	0	0	1	Inf
Gn3_6B_dam_210818	0	0	1	Inf
Gn3_6C_dam	17	1.59324890674763	0.669512309709509	3.02583130742638
Gn3_6Cdam_Stool_210816	17	1.86465980073304	0.772055049604742	4.38702414010925
Gn3_6Cdam_Stool_211105-1	10	1.38374321449239	0.655403577073465	2.90194538732397
Gn3_6Cdam_Stool_211105-2	10	1.50374238405268	0.69421601048164	3.27028240286582
Gn3_6Cdam_Stool_211105-3	9	1.53421814350006	0.714034704412492	3.49692782806224
Gn3_6D_dam	19	1.75354003384041	0.663491871394348	2.97169641679557
Gn3_6Ddam_Stool	16	2.09598698794754	0.81191326721136	5.3166961070228
Gn3_6E_dam	16	1.84038205207629	0.76749892915926	4.30105545915952
Gn3_6Edam_Stool	17	1.69853198695067	0.74083901859674	3.85860554542344
Gn3_6F_dam	16	1.94788206129343	0.7628168771357	4.21615158753151
Gn3_7A_dam_210806	17	2.09280316337799	0.83968359378445	6.23766477559055
Gn3_7A_dam	17	1.94402265599329	0.792321742375045	4.81514055171772
Gn3_7ADam_Stool_210806	19	1.74468497645783	0.744466729133527	3.91338472915545
Gn3_7Adam_Stool_210823	16	1.81365376449339	0.768969525349117	4.32843330089301
Gn3_7C_dam	16	1.47228591455529	0.63714787113278	2.75594359366687
Gn3_7D_dam_210806	13	1.23413015672839	0.565625399104374	2.30216038860957
Gn3_7D_dam_210818	12	1.33746899071971	0.561414716861004	2.28005826561919
Gn3_7E_dam	13	1.64417238577795	0.72362565949702	3.61828090907454
Gn3_7Edam_Stool	17	1.34812556885911	0.5700111384446	2.32564163728032
Gn3_7F_dam	15	1.71709478460847	0.748981118934563	3.98376407286794
Gn3_7Fdam_Stool	15	1.52898935280596	0.680206463668006	3.12701754847806
Gn3_8Ddam_Stool_211105-1	0	0	1	Inf
Gn3_8Ddam_Stool_211105-2	10	1.48703941977948	0.723458064421566	3.61608809133534
Gn3_A_Innoc	20	2.39460080743274	0.871358789308161	7.77355868016126
Gn3_A1_Cwash	1	0	0	1
Gn3_A1_Stool	5	0.850009651469472	0.50615649935066	2.02493299736684
Gn3_A2_Cwash	1	0	0	1
Gn3_A3_Cwash	1	0	0	1
Gn3_A3_Stool_DoL10	4	0.283281097054545	0.1109339716525	1.12477585254122
Gn3_A3_Stool_DoL11	4	0.598180856192681	0.30814878063894	1.44539746699229
Gn3_A4_Cwash	2	0.633699366709427	0.44173988393982	1.79127967632243
Gn3_A5_Cwash	1	0	0	1
Gn3_A5_Stool_Dol10	4	0.417162436944624	0.19144103072546	1.23676817399877
Gn3_A5_Stool_dol11	6	0.888974386194116	0.508781590846113	2.03575432305658
Gn3_A5_Stool_dol12	4	0.550523565865651	0.29604550947704	1.42054637545832
Gn3_A6_Cwash	1	0	0	1
Gn3_AB_Innoc	21	2.40826643546928	0.8706550002132	7.73126136803359
Gn3_AB10_Cwash	1	0	0	1
Gn3_AB10_Stool	1	0	0	1
Gn3_AB11_Cwash	0	0	1	Inf
Gn3_AB12_Cwash	0	0	1	Inf
Gn3_AB12_Stool	1	0	0	1
Gn3_AB6_Cwash	1	0	0	1
Gn3_AB6_Stool	5	1.17485103685742	0.645449165163767	2.82047001937507
Gn3_AB7_Cwash	1	0	0	1
Gn3_AB7_Stool	4	0.861097222998125	0.47621789143706	1.90919083269878
Gn3_AB8_Cwash	3	1.04566384483426	0.63470541394838	2.73751661859749
Gn3_AB8_Stool	10	1.38477168392536	0.675896606982195	3.08543514675597
Gn3_AB9_Stool	9	1.22654169293872	0.652033825163528	2.87384255228243
Gn3_B_Innoc	20	1.83523972136409	0.725736572523878	3.64612959592311
Gn3_B1_Cwash	0	0	1	Inf
Gn3_B1_Stool	1	0	0	1
Gn3_B10_Cwash	1	0	0	1
Gn3_B11_Cwash	2	0.628820207225447	0.43706465336862	1.77640293149831
Gn3_B13_Cwash	2	0.686407062690074	0.49327503885678	1.97345715463455
Gn3_B13_Stool	5	0.584635322469097	0.318473620527173	1.46729463468974
Gn3_B14_Cwash	2	0.158174163652304	0.0711962514794999	1.07665370816269
Gn3_B14_Stool	4	0.287599941671181	0.12335186222726	1.14070852022871
Gn3_B15_Cwash	2	0.60825733447074	0.41754090767928	1.71685876859721
Gn3_B15_Stool	6	0.66252568894706	0.318083526995152	1.4664552618791
Gn3_B16_Cwash	2	0.300165726653093	0.1621210089875	1.1934897649022
Gn3_B2_Cwash	0	0	1	Inf
Gn3_B2_Stool	3	0.0541236088682003	0.0166823656936599	1.0169653885089
Gn3_B3_Cwash	0	0	1	Inf
Gn3_B3_Stool	5	0.0808251682192627	0.02510550463626	1.02575202214768
Gn3_B4_Cwash	0	0	1	Inf
Gn3_B4_Stool	1	0	0	1
Gn3_B5_Cwash	0	0	1	Inf
Gn3_B5_Stool	7	0.206823285632402	0.0727200570976679	1.07842298073445
Gn3_B6_Cwash	0	0	1	Inf
Gn3_B6_Stool	4	0.411104768470727	0.21419418283956	1.27257902418382
Gn3_B7_Stool	1	0	0	1
Gn3_B9_Cwash	2	0.489661526328433	0.31074491613438	1.45084167445178
Gn3_BP7_Cwash	3	0.316402859332108	0.14282046925054	1.16661675194888
Gn3_BP8_Cwash	3	0.587495604130976	0.30768147271882	1.44442183849553
Gn3_BV7_Cwash	0	0	1	Inf
Gn3_BV8_Cwash	0	0	1	Inf
Gn3_E1_Cwash	1	0	0	1
Gn3_E2_Cwash	1	0	0	1
Gn3_F1_Stool	6	1.11203835985759	0.60216284798842	2.51359128966139
Gn3_F2_Stool	6	0.888423549402741	0.48946566408064	1.95873211583158
Gn3_PBS_Innoc	0	0	1	Inf
Gn3_PBS1_Cwash	0	0	1	Inf
Gn3_PBS2_dam	0	0	1	Inf
Gn3_PBS3_Cwash	0	0	1	Inf
Gn4_E_Innoc	17	1.88818757679693	0.78954166361008	4.75153428062494
Gn4_F_Innoc	13	1.95095877951702	0.807336195898631	5.1903885354296
Gn4_G_Innoc	1	0	0	1
Gn4_H_Innoc	10	1.14672302217124	0.51561449324314	2.06447134782246
Gn4_I_Innoc	4	0.769350130561882	0.485508190664157	1.94366553918691
gnoto1_A_inoc	20	2.08473386697843	0.8081720625224	5.21300501454211
gnoto1_AM1_d10	8	0.939876268520941	0.4493684467567	1.81609643346781
gnoto1_AM1_d20_colon	12	1.96163171953355	0.813895503210172	5.3733252943873
gnoto1_AM2_d10	12	1.14370872722538	0.498762442709207	1.99506199297003
gnoto1_AM2_d20_colon	12	1.87093416123059	0.77616865971654	4.46764960944969
gnoto1_AM3_d10	11	1.46259095377415	0.710858067477486	3.45850908332757
gnoto1_AM3_d20_colon	13	1.98267041948704	0.83153879407909	5.93608477710582
gnoto1_AM4_d10	12	0.905175912906014	0.36908556724541	1.58500098917372
gnoto1_AM4_d20_colon	12	1.88348380518226	0.80059275274358	5.01486286862026
gnoto1_AP1_d10	8	0.684819905943092	0.313049110697959	1.4557081380534
gnoto1_AP1_d19_colon	12	1.98598498650633	0.82367805330976	5.67144373557074
gnoto1_AP2_d10	8	0.439623998105377	0.18210636700642	1.22265287277013
gnoto1_AP2_d19_colon	10	1.98572174085885	0.828452792149393	5.82929919133897
gnoto1_AP3_d10	9	0.795914664500401	0.3239165273994	1.47910730039507
gnoto1_AP3_d20_colon	13	2.08287098468107	0.833891015868593	6.02014397492739
gnoto1_AP4_d10	9	0.664222982428765	0.282309219504413	1.39335773452387
gnoto1_AP4_d20_colon	12	1.83780613900034	0.78224153181204	4.59224391281464
gnoto1_B_inoc	19	1.68104252977411	0.677564693596995	3.10139733503663
gnoto1_BA1_d10	5	0.594509206688523	0.306084692490455	1.44109805501912
gnoto1_BA1_d20_colon	10	1.37573977361298	0.621987328507746	2.64541396470222
gnoto1_BA2_d10	6	0.704396239042444	0.43307695437048	1.76390783142284
gnoto1_BA2_d20_colon	11	1.55977446770198	0.729784031994859	3.70074354740196
gnoto1_BA3_d10	6	0.66102323339941	0.326689175269932	1.48519816297458
gnoto1_BA3_d20_colon	10	1.32199964708192	0.596737769426424	2.47977599731485
gnoto1_BA4_d10	7	0.43223539766249	0.169430650034808	1.20399338121724
gnoto1_BA4_d20_colon	10	1.45023685613785	0.655788022689709	2.90518653015536
gnoto1_BM1_d10	6	1.14107392039364	0.5997919428234	2.49870031866632
gnoto1_BM1_d20_colon	10	1.46928071521445	0.667870245067662	3.01087145957074
gnoto1_BM2_d10	7	0.688724179531898	0.318919816113494	1.46825590240141
gnoto1_BM2_d20_colon	10	1.48818698252275	0.678112547617284	3.10667592848889
gnoto1_BM3_d10	7	0.88869837091851	0.534102990230277	2.14639712002931
gnoto1_BM3_d20_colon	10	1.76666535693635	0.76353241637548	4.22890945419339
gnoto1_BM4_d10	5	1.28860723898737	0.668130248471544	3.01323032724257
gnoto1_BM4_d20_colon	10	1.47068551430794	0.708401616642636	3.42937429380212
gnoto1_BM5_d10	6	1.29785413404667	0.671470688997771	3.04386843581581
gnoto1_BM5_d20_colon	9	1.97046678023016	0.844330626802866	6.42387117942357
gnoto1_BP1_d10	5	0.46568291906076	0.27110721885262	1.37194389334719
gnoto1_BP1_d20_colon	11	1.58102406376293	0.71418788892194	3.49880204945858
gnoto1_BP2_d10	2	0.245853328550698	0.12505127022878	1.14292411197794
gnoto1_BP2_d20_colon	11	1.5341579135771	0.706844806769749	3.41116249376683
gnoto1_BP3_d10	6	0.596829943842509	0.281647825741502	1.39207485664288
gnoto1_BP3_d20_colon	10	1.80563208682624	0.764131836036985	4.23965652336533
gnoto1_BP4_d10	6	0.423540602244447	0.18846920823176	1.23223913392258
gnoto1_BP4_d20_colon	10	1.68268979123595	0.750229555064084	4.00367625663865
gnoto2_BA1_d10	5	0.69510995063635	0.361080141028124	1.56514152120606
gnoto2_BA1_d20_colon	5	1.45127663459588	0.745654015496769	3.93165239841755
gnoto2_BA2_d10	2	0.412431877236353	0.24674625219822	1.32757387921175
gnoto2_BA2_d20_colon	8	1.43980352160323	0.6665884829038	2.99929651113842
gnoto2_BA3_d10	6	0.474035295560496	0.230685922279253	1.29985922389814
gnoto2_BA3_d20_colon	8	1.4794352487337	0.69849071709782	3.31664746894189
gnoto2_BA4_d10	6	0.373614387300126	0.169132463022131	1.20356128443448
gnoto2_BA5_d10	3	1.02764769121559	0.624061440224306	2.66000912648241
gnoto2_BA5_d20_colon	6	1.49417164399636	0.7342699341675	3.76321737198657
gnoto2_BA6_d20_colon	8	1.81730162226374	0.7966017847032	4.91646398441006
gnoto2_BA7_d20_colon	8	1.41019166862073	0.676467291931275	3.09087759926758
gnoto2_BM1_d10	6	0.639788258753039	0.3597197419471	1.56181607573067
gnoto2_BM1_d20_colon	9	1.47680857439095	0.705869315303676	3.39984929159109
gnoto2_BM2_d10	6	0.45468522808889	0.204901377090922	1.25770561184125
gnoto2_BM2_d20_colon	5	0.885728404731281	0.47439491684224	1.90256911898976
gnoto2_BM3_d10	6	1.4470916533085	0.73006312826942	3.70456986327561
gnoto2_BM3_d20_colon	10	1.66960358458951	0.75225876828344	4.0364697998438
gnoto2_BM4_d10	4	0.42581029893729	0.205949596736359	1.25936589905361
gnoto2_BM4_d20_colon	9	1.5944738029306	0.727707047790623	3.67251517854586
gnoto2_BM5_d10	6	1.21176174769426	0.61843791980843	2.62080550430465
gnoto2_BM5_d20_colon	9	1.61862800717593	0.743434429460327	3.89763910214667
gnoto2_BM6_d10	7	0.640428858363132	0.32703813403754	1.48596830010541
gnoto2_BM6_d20_colon	10	1.72148590888925	0.772000607796354	4.38597660430082
gnoto2_BM7_d10	3	0.981451365164681	0.59753299290446	2.48467571843129
gnoto2_BM7_d20_colon	9	1.52589252903406	0.713395231875719	3.48912548295905
gnoto2_BP1_d10	7	0.670609285815915	0.30157095229312	1.43178466486074
gnoto2_BP1_d20_colon	10	1.85329027383114	0.79441495386256	4.86416701403208
gnoto2_BP2_d10	4	0.648932552030076	0.408711899572936	1.69122294069125
gnoto2_BP2_d20_colon	7	1.81085286986145	0.82073185745884	5.57823596443188
gnoto2_BP3_d10	6	0.765149088554658	0.3510646619466	1.5409855826309
gnoto2_BP4_d10	7	1.29499832556286	0.68032549520294	3.12818190063306
gnoto2_BP4_d20_colon	8	1.69275795497126	0.780383717244162	4.55339643969735
gnoto2_BP5_d10	5	0.751512141330052	0.3590845452527	1.56026819542724
gnoto2_BP5_d20_colon	9	1.73890842922108	0.783150918706596	4.61150212874071
gnoto2_BP6_d10	5	0.454410648764803	0.20614966079734	1.25968328111366
gnoto2_BP6_d20_colon	10	1.88021444091297	0.81522925069962	5.4121120566238
gnoto2_INOC_microA	18	2.10492192808509	0.81651616025912	5.450071251028
gnoto2_INOC_microB	15	1.93458739469597	0.7943723972382	4.86316032754807
