Sample	richness	shannon	simpson	invsimpson
B0	0	0	1	Inf
B1	7	0.958617995796858	0.49296529744182	1.97225159334189
B1-colon	9	1.15541949839223	0.54279759047822	2.1872150696799
B1-d31	5	0.336148089304178	0.133808780685343	1.15447949332852
b1-d33	7	0.915169044399596	0.42090203697622	1.72682354947074
B1-d39	9	1.41229666823893	0.678793429689379	3.11326134777678
B1-d40	9	1.4859202782222	0.710042177463417	3.4487774506371
B1-d48	11	1.38475755377412	0.622808718257577	2.6511747444971
B19	10	1.48942088735022	0.664971688705376	2.98482237556515
B2-d29	2	0.016461174912245	0.00465232728288001	1.00467407259835
b2-d33	7	0.971408867233983	0.486016190765617	1.94558657691878
B2-d39	7	1.25621053473099	0.617167699047114	2.61210978674202
B3	7	1.0154524034504	0.459127659866963	1.84886511252181
B3-d34	7	1.23798261760465	0.65739459396488	2.91880975134844
B3-d39	9	1.31408178238156	0.66408245160082	2.97692098780047
B3-d40	9	1.4718205143228	0.69223206535658	3.24920138661814
B3-d48	10	1.34276980609632	0.609352126571025	2.55985010547309
B4-d29	4	0.164445726972634	0.0582237286669001	1.06182331243543
B4-d34	8	0.961037964705006	0.495980540360423	1.98405037915619
B4-d40	9	1.51103300691335	0.73237653853758	3.73659317660542
B4-d48	9	1.27714610665502	0.57682134233902	2.36306813185538
B5-d29	2	0.0064908495318555	0.00159492607277989	1.00159747392559
b5-d33	6	0.669455795052704	0.31341973176558	1.45649393998979
B5-d39	10	1.46529961129678	0.707681004082432	3.42092034375348
B5-d40	7	1.2882710546597	0.62319933805474	2.65392315087089
B5-d48	11	1.33494588670923	0.58915786740866	2.43402494698539
B6-d29	2	0.0530306615621773	0.0185410519287801	1.01889131681485
b6-d33	6	0.601888056862599	0.273029514025154	1.37557166252634
B6-d34	7	1.12535540525202	0.57858594253064	2.37296308055103
B6-d39	7	1.2373069500876	0.62261625064282	2.64982263201147
B6-d40	7	1.39627783914502	0.663756170496039	2.97403227138841
B6-d48	11	1.41365787471227	0.6210046080549	2.63855450819005
B7-d29	2	0.026209628561403	0.00801541645757986	1.00808018248525
b7-d33	5	0.737955026385137	0.370947648818267	1.58969281033829
B7-d40	7	1.56866169127919	0.75347460661386	4.05637726103806
B7-d48	10	1.46792874692567	0.6493024458799	2.8514598640672
C0	0	0	1	Inf
C1	7	0.835057277511267	0.40123149298654	1.67009451613914
C1-d33	3	0.150095677973244	0.0640146577800601	1.0683927994302
C1-d44	6	1.18926049819405	0.6079366557666	2.55060824917284
C1-d45	5	0.949800084194268	0.496848307124314	1.98747219607799
C1-d53	7	1.30045921732636	0.616527744277425	2.60775058710755
C19	10	1.2147562425271	0.52975517185706	2.12655183035002
C2-colon	8	1.12668863385886	0.53786659054616	2.1638773123584
C2-d33	1	0	0	1
C2-d37	5	1.01148839194493	0.49360612085856	1.97474740748336
C2-d44	6	1.07310934857094	0.52764429040542	2.11704861333907
C2-d45	6	1.30091408986619	0.67054232931964	3.03529129534277
C2-d49	7	1.20675537050408	0.593043791438416	2.45726684827975
C2-d53	7	1.29329307341166	0.61514127934174	2.59835608840981
C3	7	1.39543106531643	0.662994738032586	2.96731271838922
C3-colon	7	1.10309984834418	0.55077452082952	2.22605361086498
C3-d33	4	0.141140162828004	0.05753204272954	1.06104403050069
C3-d44	6	1.12095908310458	0.57261293437714	2.33979940067356
C3-d45	6	1.19665679793955	0.601369040358502	2.50858588830966
C3-d53	7	1.3223765675181	0.639761605258653	2.77593952948298
C4-d33	5	0.94035983043488	0.55341897027406	2.23923528640185
C4-d44	7	1.07669574587342	0.53516522242426	2.15130202868063
C4-d45	4	0.926670781575056	0.532275632626	2.1380113369214
C4-d53	7	1.21454063610774	0.57079221077978	2.32987383993377
C5-d34	5	0.873256983246115	0.454416165073748	1.8328988800322
C5-d44	6	1.13181216619315	0.569864198781235	2.32484716958355
C5-d45	6	1.02815097797242	0.507580559012263	2.0307890322001
C5-d53	7	1.26701133569309	0.60301997192192	2.51901841218903
C6-d33	3	0.40278428550111	0.23464480228194	1.30658288201549
C6-d37	5	0.891497078860123	0.520449521388279	2.08528620990007
C6-d44	6	1.39763504496195	0.7175425799641	3.54035663100265
C6-d49	7	1.01258818874706	0.4746222764777	1.90339246455994
C6-d53	8	1.14544238241818	0.528903189027517	2.12270594219414
C7-d33	4	0.747266199194957	0.49541379273522	1.98182190793664
C7-d38	5	1.11297642533325	0.56076501908098	2.27668570000431
C7-d44	6	1.24697421401148	0.636442742520122	2.75059837047909
C7-d45	6	1.1623087687427	0.574815142899806	2.35191819111364
C7-d53	8	1.41258980860802	0.67566711374808	3.08325193771213
C8-d35	4	0.293460791872878	0.13084679873708	1.1505451496318
C8-d38	5	1.43017605323626	0.74275771275278	3.8873857432272
C8-d44	6	1.35321347330567	0.68240362461966	3.14865054364189
C8-d45	6	1.1818836258653	0.601427197202893	2.50895192291645
C8-d53	7	1.2275911898875	0.58337976854624	2.40026749663737
CONV_MERO1_COLON	3	1.00000919538251	0.6029225294155	2.51840024700468
CONV_MERO1_D0	6	1.16895927970231	0.622449225494699	2.64865037374187
CONV_MERO1_D1	6	0.410992879462498	0.20306760376784	1.25481158091694
CONV_MERO1_D3	3	0.14708527439383	0.0628327156770599	1.0670453575665
CONV_MERO2_COLON	3	1.00728934865451	0.6138152979305	2.58943452353541
CONV_MERO2_D0	7	1.38670821110802	0.68722146027432	3.19715029322997
CONV_MERO2_D3	2	0.0206415792765485	0.00605694475742014	1.00609385489991
CONV_MERO3_COLON	4	0.264445209761282	0.11311238989402	1.12753858392554
CONV_MERO3_D1	5	1.22934807327134	0.65870533365888	2.93001941905682
CONV_MERO3_D3	4	0.392392430938931	0.17835911184584	1.21707672344122
CONV_MERO4_COLON	4	1.29632619379005	0.7012233814423	3.34698211937518
CONV_MERO4_D0	6	0.802302173204274	0.3784373476465	1.6088482733214
CONV_MERO4_D1	3	0.219924639697607	0.100541961351447	1.11178060235307
CONV_MERO4_D3	4	0.70523930092971	0.45743467111162	1.84309602319931
CONV_PBS1_COLON	6	1.29965096055776	0.65994496539138	2.94070046970759
CONV_PBS1_D0	6	0.798246418743832	0.40582340170656	1.68300132127745
CONV_PBS1_D3	8	1.03005115269594	0.47527362497939	1.90575516612963
CONV_PBS2_COLON	6	1.0227883208749	0.548764207105636	2.21613625458587
CONV_PBS2_D1	8	1.35855549266192	0.660054462932961	2.94164767870682
CONV_PBS2_D3	6	0.873508117034081	0.42424391145932	1.73684659164372
CONV_PBS3_COLON	4	0.905254838626201	0.55632356611292	2.25389478372545
CONV_PBS3_D1	11	2.01201652362669	0.83211960002754	5.95662150056853
CONV_PBS4_COLON	4	1.0499444727491	0.59524504436766	2.47063065216267
CONV_PBS4_D0	6	0.767964585796188	0.38344990960676	1.62192823516122
CONV_PBS4_D1	7	0.991731548363578	0.535161382357111	2.15128425661107
CONV_PBS4_D3	8	0.850720305873151	0.4105030900044	1.69636173327433
CONV_WATER_F12	0	0	1	Inf
GF1_A10	9	1.48035394304487	0.680779992898532	3.13263573007232
GF1_B_mom_d32	10	1.60317558553658	0.69024762011648	3.22838520361342
GF1_B10	9	1.46456986904525	0.696814977774257	3.29831596778363
GF1_B14	9	1.14431637044227	0.516633956363546	2.06882550639431
GF1_B17	10	1.52583637750182	0.665794234785166	2.9921686101291
GF1_B25	10	1.49927477192494	0.64588626786594	2.82395148579389
GF1_B3_d38	8	1.27970050813825	0.651256170688959	2.8674342481573
GF1_B5_D38	6	1.20833639633038	0.63825667601112	2.76439103000762
GF1_B6_d38	6	1.15577527694756	0.60460832579708	2.52913772657435
GF1_B7_D38	6	1.10180006232649	0.561954733732128	2.2828690936897
GF1_C_mom_d32	9	1.3506175974681	0.59667110420132	2.47936612133822
GF1_C10	10	1.54198381802264	0.71220460270136	3.47469073302211
GF1_C14	10	1.51227710725615	0.673452524923438	3.0623418532498
GF1_C17	10	1.43862142258884	0.657764173338764	2.92196176465726
GF1_C25	10	1.36898329043352	0.614765103570653	2.59581883486872
GF1_C4_d39	5	1.37926115033493	0.68878117505358	3.21317323967199
GF1_C6_d39	5	1.4571848262302	0.7458867875036	3.93525385860905
GF1_C7_d39	5	1.48423700829157	0.75548910569236	4.08979731897678
GF1_INOC_GF1	11	1.38334066878047	0.642025873748908	2.7934979839816
GF10_A_DAM_D0	7	1.1243817362354	0.514020753403304	2.05770103765332
GF10_A1_COLON_D35	6	0.724166112726524	0.32580038982362	1.48324025245044
GF10_A1_d101	3	0.579411984815322	0.37645784880654	1.60374081862148
GF10_A1_d104_colon	4	0.96427867584025	0.5475175303299	2.21003037030161
GF10_A1_d127_colon	7	1.55242428389723	0.746709581589916	3.94803722255681
GF10_A1_D32	9	1.6659529363751	0.77450429197414	4.43467420623952
GF10_A1_D34	4	0.398340854204916	0.17737785939145	1.21562495176732
GF10_A1_d77	2	0.219939118745654	0.10832837976888	1.12148909678296
GF10_A1_d79	1	0	0	1
GF10_A1_d80_colon	4	0.79794079892102	0.433850083251492	1.76631660699195
GF10_A2_COLON_D35	1	0	0	1
GF10_A2_d101	1	0	0	1
GF10_A2_d103	3	0.11121745736079	0.0430922680612602	1.04503283506128
GF10_A2_d104_colon	4	0.241121523231249	0.102676939500311	1.11442583392779
GF10_A2_d127_colon	1	0	0	1
GF10_A2_D32	9	1.7114127765984	0.78814268247666	4.72015794257298
GF10_A2_D33	5	0.297292887559499	0.11550676704674	1.13059089967378
GF10_A2_D34	7	0.876590594238696	0.39073023675694	1.64130908889543
GF10_A2_d77	2	0.294552482772089	0.15816747646392	1.18788473008805
GF10_A2_d79	1	0	0	1
GF10_A3_COLON_D35	1	0	0	1
GF10_A3_d104_colon	10	1.51119130751227	0.730021445300944	3.70399790129514
GF10_A3_d127_colon	0	0	1	Inf
GF10_A3_D33	4	0.181356412117558	0.0660003250815799	1.07066418421114
GF10_A3_D34	6	0.693718799570582	0.301152468840063	1.43092728443959
GF10_A3_d79	2	0.236549072683665	0.1189730380755	1.13503904331783
GF10_A3_d80_colon	5	0.269910721768774	0.10040944923344	1.11161683406732
GF10_A4_d101	4	0.174512480453689	0.0686453808113632	1.07370488039364
GF10_A4_d104_colon	4	0.925255691793901	0.49385259957754	1.97570905069421
GF10_A4_d127_colon	0	0	1	Inf
GF10_A4_d77	2	0.249006190244261	0.1271294725155	1.14564528015612
GF10_A5_d101	2	0.0700577575646419	0.0259710972286202	1.02666357964812
GF10_A5_d104_colon	2	0.180688888134326	0.0842669771871198	1.09202133710137
GF10_A5_d127_colon	3	1.0113927704201	0.61410911170174	2.5914060951527
GF10_A56_d101	4	0.151537555141867	0.062569407809601	1.06674564317706
GF10_A6_d102	6	0.686402304051005	0.30986720258772	1.44899648842889
GF10_A6_d103	6	1.37962808133081	0.67990869076554	3.12410856262118
GF10_A6_d104_colon	5	1.4149839673003	0.71720041519946	3.53607308407226
GF10_A6_d127_colon	0	0	1	Inf
GF10_A7_d103	2	0.0275907564413237	0.00851523335838	1.00858836529302
GF10_A7_d104_colon	1	0	0	1
GF10_A7_d127_colon	3	0.697109120205106	0.48326572596822	1.93523064030101
GF10_A8_d102	2	0.0461755473824689	0.01570116253152	1.01595162153386
GF10_A8_d104_colon	10	1.54533725582072	0.737650595650492	3.81171057917774
GF10_Adam_d1	7	1.69567675586883	0.77584088899349	4.46111690713726
GF10_Adam_d20	10	1.75798542488061	0.76657997758836	4.284122628677
GF10_C1_COLON_D55	2	0.0416384812622682	0.0138741944023799	1.01406939593673
GF10_C1_d102_colon	0	0	1	Inf
GF10_C1_d55	1	0	0	1
GF10_C1_d77	3	0.553169117074638	0.352565196821257	1.54455706596286
GF10_C1_d78	0	0	1	Inf
GF10_C1_d80_colon	0	0	1	Inf
GF10_C10_COLON_D55	1	0	0	1
GF10_C10_d55	0	0	1	Inf
GF10_C2_COLON_D35	8	1.36940034971691	0.669503413855131	3.02574986224415
GF10_C2_COLON_D55	1	0	0	1
GF10_C2_d101	4	0.16981370367777	0.06141223513884	1.06543046632184
GF10_C2_d103	5	0.888396784678071	0.50315941426926	2.01271802006518
GF10_C2_d104_colon	3	1.01576704900348	0.61592936167706	2.60368770798658
GF10_C2_D32	8	0.817652772371884	0.34230467194376	1.52046085374426
GF10_C2_D33	4	0.230937666818605	0.0892251144698601	1.09796615594854
GF10_C2_D34	6	0.433924719014009	0.19064371355838	1.2355498026667
GF10_C2_d55	7	1.26963542953524	0.681294751224284	3.13769542184018
GF10_C2_d77	6	0.958116523166809	0.551513225912249	2.22972015626115
GF10_C2_d78	0	0	1	Inf
GF10_C2_d80_colon	1	0	0	1
GF10_C3_COLON_D35	6	1.0467492597568	0.515857720145431	2.06550851187876
GF10_C3_COLON_D55	0	0	1	Inf
GF10_C3_d101	5	0.766236291614217	0.4996086983143	1.99843601723538
GF10_C3_d102_colon	0	0	1	Inf
GF10_C3_D33	2	0.00976648736682547	0.00254515282871992	1.00255164716071
GF10_C3_d55	1	0	0	1
GF10_C3_d78	1	0	0	1
GF10_C3_d79	0	0	1	Inf
GF10_C3_d80_colon	0	0	1	Inf
GF10_C4_COLON_D55	1	0	0	1
GF10_C4_d102_colon	1	0	0	1
GF10_C4_d55	8	1.27023986130266	0.67900056588134	3.115270289325
GF10_C4_d77	6	1.39804025412975	0.71405225181566	3.49714241972396
GF10_C4_d80_colon	4	0.981188351286972	0.59763578719772	2.48531049278827
GF10_C5_COLON_D55	2	0.0564174388833847	0.0199775595832801	1.02038479810195
GF10_C5_d101	4	0.154647640692195	0.0560316790018199	1.05935758410046
GF10_C5_d55	5	1.20884987366622	0.66131999231436	2.95263959285188
GF10_C5_d77	2	0.0827649304292255	0.0318319640454199	1.03287855296114
GF10_C5_d80_colon	0	0	1	Inf
GF10_C6_COLON_D55	3	0.0889637100101119	0.02994278047962	1.03086702503428
GF10_C6_d101	2	0.00979247162760953	0.00255293292077985	1.00255946706852
GF10_C6_d102_colon	0	0	1	Inf
GF10_C6_d55	6	1.29190535189542	0.69158175856216	3.24235037246182
GF10_C7_COLON_D55	1	0	0	1
GF10_C7_d55	0	0	1	Inf
GF10_C8_COLON_D55	1	0	0	1
GF10_C8_d101	4	0.121247621663534	0.0420823386232919	1.04393106038238
GF10_C8_d103	4	1.37921137173451	0.74634212554876	3.94231798308405
GF10_C8_d55	11	1.53383769418385	0.69172204486094	3.24382585043719
GF10_C9_COLON_D55	2	0.258774456864172	0.13362703518318	1.15423730957652
GF10_C9_d55	0	0	1	Inf
GF10_Cdam_d0	7	1.31785135261528	0.69254193737254	3.25247609854251
GF10_Cdam_d1	7	1.42908230495158	0.7031820257544	3.3690682059994
GF10_Cdam_d20	8	1.64995098363268	0.74354358112564	3.89929799530542
GF10_INOC	8	1.2200137258446	0.55991309231556	2.27227845804729
GF11_A_DAM_D0	8	1.48600970506013	0.722152636076366	3.59909838941228
GF11_A1_COLON_D38	7	1.4760306873598	0.741377544983002	3.86664027272602
GF11_A1_D35	5	0.638158866740801	0.31303562245024	1.45567955585523
GF11_A1_D37	7	0.760073475792215	0.423955844522121	1.73597803309091
GF11_A2_COLON_D38	5	1.26583141744433	0.656923834653667	2.91480464400815
GF11_A2_D35	5	0.66140646605365	0.408776713600653	1.69140834436711
GF11_A2_D36	2	0.552465160326357	0.36605050298592	1.57741271932548
GF11_A3_D36	1	0	0	1
GF11_A4_COLON_D38	6	1.31227963458689	0.66717437687788	3.00457636229853
GF11_A4_D37	4	0.232775158667715	0.0972914392899711	1.10777724231777
GF11_A5_D35	3	0.571049176702589	0.31581199921422	1.4615865797873
GF11_B_dam_d0	0	0	1	Inf
GF11_B_dam_d111	9	1.24980169480249	0.615348350601604	2.59975487317947
GF11_B_dam_d20	7	1.14966001067068	0.564416600476374	2.29577160445886
GF11_B_dam_d7	8	0.973914948569497	0.4563564593603	1.83944059893236
GF11_B1_COLON_D38	5	1.20649972932056	0.62979430554198	2.70120102140513
GF11_B1_d105_colon	5	1.15690444760631	0.62023291693726	2.63319293482525
GF11_B1_D36	6	1.32557034383357	0.680745787751156	3.13230009701656
GF11_B1_d71	3	0.0895274462388308	0.0346319943421798	1.03587439622943
GF11_B2_COLON_D38	5	0.558615339125733	0.27246507013244	1.3745044518784
GF11_B2_d105_colon	6	1.32350418709219	0.67301757670396	3.05826836170527
GF11_B2_D36	5	1.30892213099332	0.668063364568301	3.01262317339408
GF11_B2_d71	4	0.423706902682203	0.21008735400646	1.26596276825296
GF11_B2_d73	1	0	0	1
GF11_B2_d74_colon	0	0	1	Inf
GF11_B3_COLON_D38	2	0.26976550549454	0.141043049598	1.16420269902
GF11_B3_d105_colon	5	1.05046401978728	0.57219052970196	2.33748916147961
GF11_B3_D35	3	0.207957803640373	0.0897074565782703	1.09854794178701
GF11_B3_D37	2	0.0327463832339615	0.0104260743194999	1.01053592263188
GF11_B3_d71	2	0.0925695188639778	0.03652271444448	1.0379071878414
GF11_B3_d72_colon	0	0	1	Inf
GF11_B4_COLON_D38	1	0	0	1
GF11_B4_d105_colon	5	0.873422193066326	0.430375983140959	1.75554395601873
GF11_B4_D35	3	0.526254923210498	0.285258509322415	1.39910724792538
GF11_B4_D37	2	0.128902064210004	0.0550621802215798	1.05827069154084
GF11_B4_d72	2	0.013752650782197	0.00377664142877987	1.00379095851978
GF11_B4_d73	1	0	0	1
GF11_B4_d74_colon	1	0	0	1
GF11_B5_COLON_D38	1	0	0	1
GF11_B5_d105_colon	7	1.23204931848157	0.611243011640916	2.57230102594665
GF11_B5_D35	2	0.0647463682711285	0.0235989724951799	1.0241693441838
GF11_B5_D37	1	0	0	1
GF11_B5_d71	4	0.576666428231696	0.3584307155661	1.55867811047464
GF11_B5_d74_colon	1	0	0	1
GF11_B6_d105_colon	7	1.07473343579695	0.57718436849528	2.36509704345885
GF11_B6_d71	3	0.0513481090030309	0.0156326002518798	1.0158808593782
GF11_B6_d72_colon	0	0	1	Inf
GF11_B7_d105_colon	7	1.08185229187819	0.520248371091529	2.08441189095115
GF11_B7_d71	3	0.31309585468525	0.14444918009158	1.16883763854851
GF11_B7_d73	1	0	0	1
GF11_B7_d74_colon	7	1.59588968849324	0.784133348273663	4.63248951147739
GF11_B8_d105_colon	6	1.05955892349793	0.55325226226364	2.23839969524397
GF11_C1_COLON_D38	1	0	0	1
GF11_C1_D36	5	0.817408437725131	0.405552648081206	1.68223476271219
GF11_C1_d71	3	0.300240003526759	0.14045318783474	1.16340376794712
GF11_C1_d74_colon	5	1.31231702671107	0.69505514611538	3.27928144141879
GF11_C2_COLON_D38	0	0	1	Inf
GF11_C2_D37	2	0.213779142030463	0.1044491326395	1.11663115569007
GF11_C2_d71	3	0.163087462979291	0.0641106397070199	1.06850237050131
GF11_C2_d72	3	0.160377346957077	0.0673010362003401	1.07215729706203
GF11_C2_d74_colon	5	0.596121477142898	0.287085610815639	1.40269296730578
GF11_C3_COLON_D38	1	0	0	1
GF11_C3_D35	3	0.101893511528915	0.0360900995137399	1.03744136199403
GF11_C3_D36	5	0.800858769989419	0.38167416167592	1.61727027728684
GF11_C3_d71	1	0	0	1
GF11_C3_d74_colon	5	1.55378182095302	0.77644000402846	4.47307218652528
GF11_C4_COLON_D38	1	0	0	1
GF11_C4_D35	3	0.512443158109019	0.27268603128158	1.37492203231305
GF11_C4_D36	5	0.488722834650352	0.228664747039268	1.2964531261362
GF11_C4_d74_colon	4	1.11563713900539	0.63979731930898	2.77621476353696
GF11_C5_D37	2	0.26728068987741	0.13935681495918	1.1619217085331
GF11_C5_d71	2	0.506312133328433	0.3251283425595	1.48176321968028
GF11_C5_d72	3	0.571036312004269	0.35373344579656	1.54734914486261
GF11_C5_d74_colon	8	1.33499151387248	0.67935801956256	3.11874321208888
GF11_C6_d71	5	0.394983012083009	0.16038854732268	1.19102710761179
GF11_C6_d72	4	0.236156169321211	0.0911454978236601	1.10028612677321
GF11_C6_d74_colon	5	1.27744021447325	0.67596765055602	3.08611162347198
GF11_C7_d71	3	0.176148003911283	0.0683740128307967	1.07339212706867
GF11_C7_d72_colon	2	0.114820753643941	0.04767091566048	1.0500571876302
GF11_INOC	6	1.51952852079227	0.755746998806852	4.09411550775268
GF12_A_dam_d1	0	0	1	Inf
GF12_A_dam_d21	3	0.770843726331497	0.43891171912072	1.78225073322313
GF12_A_Dam_d85	4	0.893860803261662	0.503573208665273	2.01439571242989
GF12_A1_d31	2	0.0653610925601606	0.0238710747155002	1.02445483798008
GF12_A1_d32_colon	0	0	1	Inf
GF12_A1_d76_colon	4	0.856155736056563	0.49881974298808	1.99529008976149
GF12_A2_d32	2	0.675204959141271	0.48216534584288	1.93111834438292
GF12_A2_d34_colon	4	0.323214637135221	0.14108150530454	1.16425482298476
GF12_A2_d76_colon	4	0.857764467897064	0.485409197570116	1.94329163148277
GF12_A3_d31	5	0.393440366288771	0.17313727803666	1.20939059584831
GF12_A3_d32_colon	0	0	1	Inf
GF12_A3_d76_colon	4	1.0230985785714	0.607619101982854	2.54854404241743
GF12_A4_d31	1	0	0	1
GF12_A4_d32	2	0.231217811444149	0.11552740410848	1.13061727932004
GF12_A4_d34_colon	2	0.0688102539286695	0.0254097004594998	1.02607218691945
GF12_A4_d76_colon	3	0.905328674119727	0.53879764077166	2.16824563012459
GF12_A5_d34_colon	3	0.967206892231083	0.587925758646626	2.42674717234376
GF12_A5_d76_colon	3	0.563084781465289	0.29925642355048	1.42705553587338
GF12_A6_d76_colon	4	0.754609939599606	0.4115903776518	1.69949634067717
GF12_A7_d76_colon	4	0.81994747258215	0.4571293109917	1.84205929744848
GF12_A8_d76_colon	3	0.740725541573343	0.42521167082474	1.7397708847618
GF12_B_Dam_d0	0	0	1	Inf
GF12_B1_d79	4	0.445546544094795	0.237363014163561	1.31123984093589
GF12_B1_d82_colon	0	0	1	Inf
GF12_B2_d32	2	0.00430944525216425	0.00100189759712022	1.00100290240263
GF12_B2_d34_colon	0	0	1	Inf
GF12_B2_d79	5	0.271186702740439	0.110010829174393	1.12360917725812
GF12_B2_d81	2	0.17344071623643	0.0799988442655202	1.08695515627005
GF12_B2_d82_colon	3	0.954287363037964	0.57035388045562	2.32749687361416
GF12_B3_d31	2	0.0549618236732747	0.01935752611902	1.01973963665107
GF12_B3_d32	0	0	1	Inf
GF12_B3_d34_colon	0	0	1	Inf
GF12_B3_d80	4	0.312040680331087	0.13374996973214	1.15440111406493
GF12_B3_d82_colon	0	0	1	Inf
GF12_B4_d31	2	0.106968630445443	0.0436602583126202	1.04565350200294
GF12_B4_d34_colon	0	0	1	Inf
GF12_B4_d79	4	0.778386210370816	0.49463465736544	1.97876647968541
GF12_B5_d79	4	0.534703025417625	0.27579415879156	1.38082288639285
GF12_B5_d82_colon	0	0	1	Inf
GF12_B6_d82_colon	0	0	1	Inf
GF12_C1_d31_colon	0	0	1	Inf
GF12_C1_d79	2	0.0451455129923414	0.0152826015192802	1.01551978419683
GF12_C1_d82_colon	4	1.17892029227987	0.65556928183966	2.9033415060688
GF12_C1_d92_colon	0	0	1	Inf
GF12_C2_d31	2	0.402613554203211	0.23893806018702	1.31395350061223
GF12_C2_d32_colon	0	0	1	Inf
GF12_C2_d79	2	0.0677982238839407	0.0249561720223199	1.02559492333189
GF12_C2_d92_colon	0	0	1	Inf
GF12_C3_d31	2	0.059154084085202	0.0211537964851201	1.02161095012593
GF12_C3_d34_colon	0	0	1	Inf
GF12_C3_d79	2	0.551439987911886	0.36512490856248	1.57511298440728
GF12_C3_d80_colon	1	0	0	1
GF12_C3_d92_colon	0	0	1	Inf
GF12_C4_d31	2	0.576919357491482	0.38835023345118	1.6349225564859
GF12_C4_d80_colon	0	0	1	Inf
GF12_C4_d80	0	0	1	Inf
GF12_C4_d92_colon	0	0	1	Inf
GF12_C5_d31_colon	0	0	1	Inf
GF12_C5_d79	4	0.0646045298475106	0.0198991361726668	1.02030315134604
GF12_C5_d80_colon	0	0	1	Inf
GF12_Inoc	2	0.673058065451982	0.4800457737795	1.92324621970843
GF13_A1_d32	1	0	0	1
GF13_A1_d34	1	0	0	1
GF13_A1_d35_colon	0	0	1	Inf
GF13_A1_d65_colon	4	1.29552145546866	0.70727959454296	3.41622921175805
GF13_A10_d65_colon	4	1.29604870306369	0.713159638337105	3.48625972371084
GF13_A2_d32	1	0	0	1
GF13_A2_d35_colon	0	0	1	Inf
GF13_A2_d65_colon	4	1.28006618837084	0.70030152466316	3.3366869780571
GF13_A3_d32	1	0	0	1
GF13_A3_d35_colon	0	0	1	Inf
GF13_A3_d65_colon	4	1.32380419639141	0.72088182172962	3.58271183266074
GF13_A4_d32	1	0	0	1
GF13_A4_d35_colon	0	0	1	Inf
GF13_A4_d65_colon	4	1.24208914586582	0.678473829208459	3.11016673242547
GF13_A5_d32	1	0	0	1
GF13_A5_d35_colon	0	0	1	Inf
GF13_A5_d65_colon	4	1.34777628652831	0.731443946769263	3.72361742723715
GF13_A6_d32	1	0	0	1
GF13_A6_d34	1	0	0	1
GF13_A6_d35_colon	0	0	1	Inf
GF13_A6_d65_colon	4	1.32388252743452	0.72342307083614	3.61563056984967
GF13_A7_d65_colon	4	1.2884854845564	0.7083237135957	3.42845835130345
GF13_A8_d65_colon	4	1.27788744262445	0.704533423632868	3.38447756864875
GF13_A9_d65_colon	4	1.32450851438316	0.721439540393481	3.58988494423276
GF13_B1_d32	1	0	0	1
GF13_B1_d65_colon	1	0	0	1
GF13_B2_d32	1	0	0	1
GF13_B2_d35_colon	4	1.26133752629711	0.6864566844604	3.18935199839622
GF13_B2_d65_colon	0	0	1	Inf
GF13_B3_d32	1	0	0	1
GF13_B3_d34	3	0.23713053433427	0.10102162165898	1.11237380574759
GF13_B3_d35_colon	4	1.32907325787653	0.71929204442738	3.56242129995955
GF13_B3_d65_colon	1	0	0	1
GF13_B4_d32	1	0	0	1
GF13_B4_d35_colon	4	1.31121272987833	0.70953027981226	3.44269963613993
GF13_B4_d65_colon	0	0	1	Inf
GF13_B5_d32	1	0	0	1
GF13_B5_d35_colon	4	0.93743233661431	0.515380302192515	2.06347369808573
GF13_B5_d65_colon	1	0	0	1
GF13_B6_d65_colon	0	0	1	Inf
GF13_B7_d65_colon	0	0	1	Inf
GF13_B8_d65_colon	2	0.161411966093257	0.0730415882967801	1.07879704998045
GF13_B9_d65_colon	1	0	0	1
GF13_inoc_200118	3	0.780297791200718	0.47327217798202	1.89851372606223
GF14_A_d66_stool	8	1.45283553094704	0.657799120216169	2.9222601666942
GF14_A_Dam_d0	0	0	1	Inf
GF14_A_Dam_d21	6	1.33381155358691	0.66333034961906	2.97027070562644
GF14_A1_d32	5	0.337496128103602	0.13031155258076	1.14983705138024
GF14_A1_d35_colon	1	0	0	1
GF14_A1_d94_stool	6	0.250451234832042	0.0957165618898	1.10584796520196
GF14_A1_d95_stool	6	0.423875211945367	0.17223881509358	1.20807790729285
GF14_a1_d97_colon	1	0	0	1
GF14_A2_d32	4	0.266994291084965	0.10628615732614	1.11892638588673
GF14_A2_d33	4	0.292593562096127	0.116635938015811	1.13203609138663
GF14_A2_d35_colon	1	0	0	1
GF14_A2_d94_stool	2	0.00685512985850732	0.00169735703927998	1.00170024295863
GF14_A2_d96_16_stool	1	0	0	1
GF14_a2_d97_colon	2	0.00806791286585587	0.00204450571421999	1.00204869428138
GF14_A3_d32	5	0.411053392322791	0.17152304207127	1.20703417328599
GF14_A3_d35_colon	1	0	0	1
GF14_a3_d97_colon	1	0	0	1
GF14_A4_d32	4	0.505049271319504	0.28641659309002	1.40137787722711
GF14_A4_d33	1	0	0	1
GF14_A4_d34	1	0	0	1
GF14_A4_d35_colon	1	0	0	1
GF14_A4_d94_stool	3	0.0471024338603994	0.0144904161145433	1.01470347559423
GF14_A4_d95_stool	3	0.14563039371341	0.0548749847438624	1.05806108594956
GF14_a4_d97_colon	1	0	0	1
GF14_A5_d32	3	0.152830054924576	0.0583844167492762	1.06200451414336
GF14_A5_d35_colon	1	0	0	1
GF14_A5_d94_stool	3	0.0345502153778352	0.0104455114854202	1.01055577192227
GF14_A5_d96_16_stool	4	0.309782637780825	0.12473219188714	1.14250745969519
GF14_A5_d96_stool	4	0.222429710987292	0.09359881835468	1.10326422808141
GF14_a5_d97_colon	2	0.512018244924727	0.33010423530552	1.49276955117946
GF14_A6_d34_colon	3	0.123567915888426	0.0476250150728201	1.05000657915901
GF14_A6_d94_stool	3	0.0359759095531205	0.0103443426592685	1.01045246655495
GF14_A6_d95_stool	5	0.365861937757399	0.15783061535518	1.18740958556899
GF14_A6_d96_16_stool	4	0.527060941652349	0.242027626448163	1.31930929792867
GF14_a6_d97_colon	1	0	0	1
GF14_A7_d32	4	0.139196725976191	0.0513821096259	1.05416523359647
GF14_A7_d34	1	0	0	1
GF14_A7_d35_colon	1	0	0	1
GF14_A7_d94_stool	3	0.0933281505623297	0.03367827649218	1.03485203289224
GF14_A7_d95_stool	4	0.185298555568493	0.0772441449767399	1.08371027347726
GF14_a7_d97_colon	1	0	0	1
GF14_A8_d94_stool	4	0.121163512794355	0.0410407673218398	1.04279719713133
GF14_A8_d96_16_stool	4	0.486853443384709	0.21788248433278	1.27858023886207
GF14_A8_d96_stool	5	0.314307699800423	0.13279566724394	1.15313077002499
GF14_a8_d97_colon	1	0	0	1
GF14_Adam_d18_stool	7	1.48610171849676	0.716251183937316	3.52424377967831
GF14_Adam_d5_stool	7	1.21121432065122	0.57710916691338	2.36467646437531
GF14_Adam_d51_stool	6	1.34917105891843	0.66690204540234	3.00211990556313
GF14_Adam_d59_stool	7	1.29951724134375	0.617059556806045	2.61137212789382
GF14_Adam_d78_stool	6	1.42180509026481	0.70100535014326	3.34454145075552
GF14_Adam_d9_stool	7	1.3822556144429	0.689066948509963	3.21612641437716
GF14_B_d0_stool	0	0	1	Inf
GF14_B_d66_stool	6	1.38706274713728	0.69388692234722	3.2667666721978
GF14_B_d78_stool	6	1.34471002967244	0.67895784946536	3.11485578555549
GF14_b1_d95_colon	1	0	0	1
GF14_b2_d95_colon	5	1.4079485013797	0.72023646112662	3.57444720647674
GF14_b3_d95_colon	4	1.16703306764455	0.64308730522882	2.80180563664486
GF14_Bdam_d18_stool	7	1.58056748278573	0.742357057794267	3.8813405538642
GF14_Bdam_d5_stool	6	1.4634335606559	0.738452179200537	3.82339259009438
GF14_Bdam_d51_stool	6	1.39205582034263	0.702390676750788	3.36010978783289
GF14_Bdam_d59_stool	6	1.34397890220986	0.67283391507622	3.05655153783122
GF14_Bdam_d9_stool	7	1.41372616964608	0.684240062774881	3.16696287942018
GF14_C_d66_stool	8	1.6171268092788	0.7487691194629	3.980402400621
GF14_c_d78_stool	7	1.48853797547348	0.709890530489327	3.44697469436864
GF14_c1_d130_colon	3	0.0388466360400278	0.0113023234980953	1.01143152630649
GF14_c2_d130_colon	3	0.161901954626561	0.0695457844725562	1.07474390820308
GF14_c3_d130_colon	2	0.00300260068976406	0.000666577688879899	1.00066702231107
GF14_Cdam_d18_stool	8	1.58938290563686	0.744631141389324	3.9159042548902
GF14_cdam_d5_stool	7	1.55508299261848	0.73316620126906	3.7476511774595
GF14_Cdam_d51_stool	8	1.43845206384393	0.6948210338541	3.27676580279756
GF14_Cdam_d59_stool	8	1.3528349097749	0.64657251949278	2.82943476428277
GF14_Cdam_d9_stool	8	1.6122379081872	0.755576467954719	4.09125910108665
GF14_d67_A1_stool	3	0.180706135188177	0.07999886763474	1.08695518388012
GF14_d67_A2_stool	0	0	1	Inf
GF14_d67_A3_stool	1	0	0	1
GF14_d67_A4_stool	2	0.0482638818478213	0.0165564251311798	1.01683515511644
GF14_d67_A5_stool	1	0	0	1
GF14_d67_A6_stool	2	0.271391655117967	0.1421496139595	1.16570443549674
GF14_d67_A7_stool	2	0.682421824107338	0.48931304315838	1.95814674058756
GF14_d67_A8_stool	1	0	0	1
GF14_d67_A9_stool	1	0	0	1
GF14_d68_A1_colon	1	0	0	1
GF14_d68_A10_colon	3	0.0474936014047481	0.0146941729815143	1.01491331176431
GF14_d68_A2_colon	1	0	0	1
GF14_d68_A3_colon	1	0	0	1
GF14_d68_A4_colon	3	0.11065761955883	0.03922312770336	1.04082438788269
GF14_d68_A5_colon	2	0.138163055390652	0.06005717615358	1.06389449935669
GF14_d68_A6_colon	1	0	0	1
GF14_d68_A7_colon	2	0.49307684592756	0.31367857307648	1.45704324646043
GF14_d68_A8_colon	1	0	0	1
GF14_d68_A9_colon	1	0	0	1
GF14_d89_B1_stool	3	0.189438352140703	0.07718365382634	1.08363923563597
GF14_d89_B2_stool	3	0.131212691021535	0.0477912613811399	1.05018990001127
GF14_d89_B3_stool	3	0.135202929009687	0.04950922395994	1.0520880635646
GF14_d90_B2_stool	3	0.205367191770627	0.0853474198620799	1.09331129842679
GF14_d90_B3_stool	4	0.238373583747162	0.0924019824580602	1.1018093700869
GF14_d91_B2_stool	4	0.0913367966387172	0.0303088484233399	1.03125618747171
GF14_INOC	9	1.16900034565376	0.532694734060548	2.13992880647223
GF15_A_Dam_d0	0	0	1	Inf
GF15_A_Dam_d21	8	1.13396514192067	0.56182011216848	2.28216773012754
GF15_a1_d106_stool	5	0.338834512603877	0.141828172640273	1.16526780315852
GF15_A1_d108_colon	1	0	0	1
GF15_A1_d32	0	0	1	Inf
GF15_A1_d35_colon	1	0	0	1
GF15_A1_d72_stool	5	0.591758646798282	0.263195578609802	1.35721226823423
GF15_a1_d74_colon	0	0	1	Inf
GF15_a2_d105_stool	5	0.652931352869128	0.32403774575558	1.4793725444297
GF15_a2_d106_stool	5	1.02499508627618	0.513886189680873	2.05713143459865
GF15_A2_d108_colon	2	0.0556911331370641	0.0196676908875	1.02006226940057
GF15_A2_d32	1	0	0	1
GF15_a3_d105_stool	3	0.50353488690296	0.26354681629918	1.35785956545779
GF15_A3_d108_colon	3	0.419228722117319	0.216997648204887	1.27713537220852
GF15_A3_d32	1	0	0	1
GF15_A3_d33	0	0	1	Inf
GF15_A3_d35_colon	1	0	0	1
GF15_a3_d74_colon	0	0	1	Inf
GF15_a4_d105_stool	3	0.0773832287148508	0.02545715713176	1.0261221528823
GF15_A4_d108_colon	3	0.536017748197751	0.31274036517527	1.45505417360213
GF15_A4_d32	6	0.365134865579251	0.1459781440716	1.17093022041328
GF15_a5_d105_stool	5	0.632943927396031	0.30272610863946	1.43415666697167
GF15_A5_d108_colon	2	0.0711029125882546	0.0264434103166201	1.02716165716183
GF15_A5_d32	5	0.237263332017767	0.0850864281131	1.0929994162592
GF15_A5_d35_colon	1	0	0	1
GF15_a5_d71_colon	0	0	1	Inf
GF15_a6_d105_stool	4	0.239653688051124	0.107785881134183	1.12080719062281
GF15_A6_d108_colon	2	0.130011312370724	0.0556549612735198	1.05893498561561
GF15_A6_d32_colon	1	0	0	1
GF15_a6_d74_colon	0	0	1	Inf
GF15_A7_d108_colon	2	0.207949793273233	0.100812791838	1.11211546485861
GF15_a7_d74_colon	1	0	0	1
GF15_a8_d105_stool	5	0.558415191119795	0.25572233884249	1.34358459508886
GF15_A8_d108_colon	3	0.747106736832087	0.5078775430665	2.032014564487
GF15_a8_d74_colon	0	0	1	Inf
GF15_a9_d105_stool	5	0.14925656848037	0.0518622465679088	1.0546990628526
GF15_a9_d106_stool	5	0.662341590436855	0.307168771831863	1.44335295428877
GF15_A9_d108_colon	2	0.0690080699600434	0.0254985487215802	1.02616573704239
GF15_adam_d11_stool	7	0.942368667025758	0.416199659112428	1.71291438178961
GF15_adam_d18_stool	9	1.11127969084551	0.5019705506073	2.00791338989975
GF15_Adam_d5_stool	8	0.986624265090345	0.438355782976036	1.78048659576483
GF15_b_d5_stool	1	0	0	1
GF15_B1_d32	5	0.478740723344501	0.19707805111354	1.24545106954276
GF15_B1_d35_colon	2	0.488991875606608	0.31017071608632	1.44963402296666
GF15_B1_d94_stool	3	0.0638732312207446	0.0215719910784418	1.02204760174662
GF15_b1_d97_colon	2	0.307235378440317	0.16713939818862	1.20068111977576
GF15_b10_d94_stool	1	0	0	1
GF15_B10_d97_colon	2	0.294100816108565	0.15785055780152	1.18743770391801
GF15_B2_d32	5	0.391222921603824	0.153547207567297	1.18140079274357
GF15_B2_d33	5	0.444792232731897	0.1850072259238	1.22700474385617
GF15_B2_d35_colon	2	0.610401647294608	0.41956324551392	1.72284058904127
GF15_b2_d94_stool	3	0.187925090247853	0.0822600122375801	1.08963324398465
GF15_b2_d95_stool	5	0.59661150687279	0.32357536647935	1.47836129916678
GF15_b2_d97_colon	2	0.496152773643258	0.3163280620395	1.46268984358661
GF15_B3_d34	1	0	0	1
GF15_B3_d35_colon	1	0	0	1
GF15_b3_d94_stool	2	0.0073940427305791	0.00185048467757976	1.00185391531947
GF15_b3_d97_colon	2	0.274759092115448	0.1444486968195	1.16883697831154
GF15_b4_d106_stool	6	0.738482199675531	0.33762136255556	1.50971052426774
GF15_B4_d32	5	0.348452122593655	0.138940917816915	1.16136049278367
GF15_B4_d33	5	0.371738085890303	0.14916960823582	1.17532237879575
GF15_B4_d34	2	0.385305343064725	0.22535856652478	1.2909198459909
GF15_B4_d35_colon	3	0.64515805119508	0.446929216005759	1.80808682891919
GF15_b4_d96_stool	4	0.213129439572731	0.0952518642417399	1.10527997845711
GF15_b4_d97_colon	3	0.990011035620956	0.59862087545656	2.49141008799966
GF15_b5_d107_stool	5	0.404273343142345	0.17631950416234	1.21406298322389
GF15_B5_d32	3	0.103441687758229	0.03664091370814	1.03803453377824
GF15_B5_d35_colon	2	0.580976179347898	0.39209042369022	1.64498148897463
GF15_b5_d94_stool	3	0.0161662010568676	0.00412974618695994	1.00414687171461
GF15_b5_d95_stool	5	0.475462273098739	0.203052805997499	1.25478828148915
GF15_b5_d97_colon	2	0.340866094807765	0.19159808106702	1.23700844416588
GF15_B6_d32	2	0.00891493409778659	0.00229216694647993	1.00229743304657
GF15_B6_d34_colon	1	0	0	1
GF15_b6_d94_stool	3	0.0198484632017631	0.00518445968662007	1.00521147838622
GF15_b6_d95_stool	3	0.0551755307236513	0.0178809892980201	1.01820654024937
GF15_b6_d97_colon	2	0.476497553446783	0.29951824209888	1.42758892536522
GF15_B7_d32	1	0	0	1
GF15_B7_d33	0	0	1	Inf
GF15_B7_d35_colon	1	0	0	1
GF15_b7_d97_colon	2	0.178509204654136	0.0829775382438198	1.09048582963269
GF15_b8_d94_stool	3	0.13156893096435	0.04893467809486	1.05145248908544
GF15_b8_d97_colon	2	0.480938070673471	0.30329088721182	1.43531924822696
GF15_b9_d106_stool	3	0.0787158819528468	0.0283291328906599	1.02915507076479
GF15_b9_d94_stool	3	0.20366771046062	0.0831729322600199	1.09071823377231
GF15_B9_d97_colon	2	0.329513404567285	0.18323450497422	1.22434163305152
GF15_bdam_d18_stool	9	1.31431072888378	0.613687487516271	2.58857781636602
GF15_c_d18_stool	9	1.21900928943154	0.556037550023324	2.25244274612084
GF15_c1_d105_stool	2	0.0912794477600741	0.035897463822	1.03723407259596
GF15_c1_d108_colon	4	0.361775641487128	0.1819272726145	1.22238520674797
GF15_C1_d36	4	0.839409775354931	0.531045648575904	2.13240371256446
GF15_C1_d37	4	0.751567176477229	0.38358567286092	1.62228545958889
GF15_C1_d39_colon	1	0	0	1
GF15_c1_d74_colon	1	0	0	1
GF15_c2_d105_stool	3	0.189522723097718	0.0872410715778201	1.09557953240581
GF15_c2_d108_colon	4	0.29332402706636	0.13385078545306	1.15453548095991
GF15_C2_d36	2	0.307374525187005	0.16723860635118	1.20082415878864
GF15_C2_d37	6	0.44120859047736	0.205255315739761	1.25826572961707
GF15_C2_d39_colon	2	0.0783891861022415	0.0297850986211199	1.03069948583431
GF15_c2_d73_16_stool	1	0	0	1
GF15_c2_d74_colon	1	0	0	1
GF15_c3_d108_colon	3	0.328132169982234	0.16385413982225	1.1959635843768
GF15_C3_d36	3	0.303579401274291	0.15000864284856	1.17648255077708
GF15_C3_d39_colon	2	0.120666809517933	0.0507090491263198	1.05341781577044
GF15_c4_d105_stool	5	0.514014361713134	0.24623829595336	1.32667923381011
GF15_c4_d108_colon	5	0.322536864738042	0.1568426260043	1.18601821064676
GF15_C4_d36	4	0.156830464165202	0.06069709342032	1.06461929692237
GF15_C4_d37	6	0.212243241070929	0.0783797507975201	1.08504560404933
GF15_C4_d38	2	0.0896123159028439	0.0350930335270199	1.03636934414029
GF15_C4_d39_colon	2	0.203486907731758	0.09805188883662	1.10871123030586
GF15_c4_d73_stool	3	0.0242569485021953	0.00669241168349988	1.00673750181939
GF15_c4_d74_colon	1	0	0	1
GF15_c5_d105_stool	4	0.309549627634435	0.142218332271465	1.16579782201229
GF15_c5_d108_colon	3	0.485913025819791	0.26325892327958	1.35732896074082
GF15_C5_d36	4	0.805907920989265	0.48684554482008	1.94873101052856
GF15_C5_d37	4	0.864491118646426	0.48325104066222	1.93517564366557
GF15_C5_d39_colon	2	0.0477309308003782	0.0163373201354999	1.01660866114972
GF15_c5_d71_stool	4	0.735740157879554	0.419992351891325	1.72411519617174
GF15_c5_d74_colon	1	0	0	1
GF15_c6_d105_stool	4	0.22451583923071	0.10470896806778	1.11695522945404
GF15_c6_d108_colon	3	0.293008286687944	0.12860246278158	1.14758185247125
GF15_C6_d36	4	0.366277387937954	0.17556277061662	1.21294862041581
GF15_C6_d39_colon	2	0.336102324175739	0.18807543939128	1.23164152005733
GF15_c6_d71_stool	3	0.139796019144994	0.0550442495686295	1.05825061072278
GF15_C6_d72_stool	3	0.107882752289232	0.0379020240589547	1.03939518116321
GF15_c6_d74_colon	1	0	0	1
GF15_c7_d105_stool	2	0.0406476905214668	0.0134810841208799	1.01366530727783
GF15_c7_d108_colon	3	0.661600050245018	0.41069135991162	1.69690367996306
GF15_c7_d72_stool	3	0.141827107724785	0.0542077266135199	1.05731462197235
GF15_c7_d74_colon	1	0	0	1
GF15_c8_d108_colon	3	0.183663733691342	0.0762461445671281	1.08253946018055
GF15_c8_d74_colon	2	0.479639716031088	0.30218629314168	1.43304723047384
GF15_c9_d108_colon	4	0.737202933804215	0.4046473203333	1.67967665915241
GF15_cdam_d11_stool	9	1.04526434759053	0.466883665311602	1.87576319638469
GF15_cdam_d23_stool	9	0.982361696867599	0.43967403068788	1.78467544745007
GF15_cdam_d5_stool	9	1.08875995287778	0.476746602531575	1.91111993699065
GF15_cdam_d59_stool	7	1.24685914614278	0.64264674758358	2.79835147221414
GF15_d67_B1_stool	3	0.203217342930551	0.09109959831624	1.10023056227885
GF15_d67_B2_stool	3	0.044983451200397	0.0145063186548602	1.014719849482
GF15_d67_B3_stool	5	0.225751701355966	0.0859165291535399	1.09399199514458
GF15_d67_B4_stool	2	0.0522295135341746	0.01820441276088	1.01854195822174
GF15_d67_B5_stool	4	0.123419945049394	0.0462576300214999	1.04850117964513
GF15_d67_B6_stool	2	0.00738216904479573	0.00184709096927982	1.00185050902779
GF15_d67_B7_stool	2	0.00708499784232126	0.00176244415200011	1.00176555584558
GF15_d67_B8_stool	4	0.0405761655231206	0.0115513131199001	1.01168630529154
GF15_d68_B1_colon	4	0.239478650194731	0.0979747575280505	1.1086164254778
GF15_d68_B2_stool	3	0.0333947250566466	0.0100187181262601	1.01012010864215
GF15_d68_B5_colon	1	0	0	1
GF15_d68_B8_stool	5	0.120678093088199	0.03853703923912	1.04008166805367
GF15_d69_B2_stool	1	0	0	1
GF15_d69_B9_stool	1	0	0	1
GF15_d70_B2_colon	1	0	0	1
GF15_d70_B4_colon	2	0.0884318269307742	0.0345258707182199	1.03576053430236
GF15_d70_B6_colon	2	0.113212868507541	0.04684304958648	1.04914515869203
GF15_d70_B7_colon	2	0.179822146746118	0.0837536309859201	1.09140950929611
GF15_d70_B8_colon	1	0	0	1
GF15_d70_B9_colon	1	0	0	1
GF15_d71_A1_stool	3	0.0501812298374155	0.01597860547714	1.01623806714577
GF15_d71_A3_stool	3	0.406953077788464	0.21937597270664	1.28102641609339
GF15_d71_A4_stool	1	0	0	1
GF15_d71_A5_stool	1	0	0	1
GF15_d71_A6_stool	3	0.120642857135217	0.043404652294029	1.04537409929718
GF15_d71_A7_stool	4	0.086231418748234	0.0283538948926	1.0291812983591
GF15_d71_A8_stool	3	0.225441661741454	0.09235001623782	1.10174628754471
GF15_d71_C2_stool	3	0.327474008808724	0.16458954094393	1.19701637579436
GF15_d71_C3_stool	4	0.498022868950343	0.2890468982849	1.40656253919929
GF15_d71_C4_stool	2	0.0160396439349608	0.00451416490231993	1.00453463499245
GF15_INOC	9	1.57176853447844	0.749043560957	3.98475529782543
GF16_A1_d32	2	0.692750849384831	0.49960372118712	1.99841614004876
GF16_A1_d35_colon	1	0	0	1
GF16_A2_d32	1	0	0	1
GF16_A2_d35_colon	2	0.685786101867236	0.49265700093918	1.97105311761702
GF16_A3_d32	3	0.354618519948627	0.19658301779502	1.24468367255008
GF16_A3_d34	3	0.887979353585729	0.51592611096938	2.06580033061181
GF16_A3_d35_colon	1	0	0	1
GF16_a4_d100_stool	4	0.925135107994478	0.53817590499826	2.1653266055688
GF16_A4_d32	2	0.678166310502156	0.4850940895395	1.94210239130031
GF16_A4_d35_colon	0	0	1	Inf
GF16_A5_d32	1	0	0	1
GF16_A5_d35_colon	0	0	1	Inf
GF16_A6_d32	2	0.507783959342295	0.32640954226782	1.4845816007649
GF16_A6_d33	3	0.400960918356916	0.22820627239158	1.29568298397388
GF16_A6_d35_colon	1	0	0	1
GF16_A7_d32	3	0.659192886567569	0.416601933835143	1.7140955001339
GF16_A7_d34	3	0.751657996468696	0.46777813549802	1.87891566787798
GF16_A7_d35_colon	0	0	1	Inf
GF16_Adam_d21	7	1.09870703233972	0.53488831436548	2.15002123336413
GF16_ADam_do	0	0	1	Inf
GF16_B1_d32	1	0	0	1
GF16_B1_d34	0	0	1	Inf
GF16_B1_d35_colon	0	0	1	Inf
GF16_B2_d32	1	0	0	1
GF16_B2_d34	6	0.993892083775657	0.49913286290676	1.99653745662663
GF16_B3_d35_colon	0	0	1	Inf
GF16_B4_d35_colon	0	0	1	Inf
GF16_B5_d32	2	0.686840636257661	0.49370672438798	1.97513980171112
GF16_B5_d33_colon	2	0.604555519389202	0.4140571513595	1.70665108776426
GF16_B5_d33	0	0	1	Inf
GF16_B6_d32	3	0.483033972625063	0.29071693211542	1.40987434393785
GF16_B6_d35_colon	0	0	1	Inf
GF16_c1_d105_stool	2	0.0295171742932558	0.00922108915199993	1.00930690898952
GF16_C1_d34	2	0.0532203202595718	0.0186209251171201	1.0189742430766
GF16_C1_d35_colon	3	0.0824634280005532	0.0290533983507401	1.02992275610357
GF16_c1_d67_stool	2	0.679530451072457	0.48644518875	1.94721182256279
GF16_c1_d69_stool	4	0.245876515813758	0.0953992419336875	1.10546005083791
GF16_c10_d105_stool	1	0	0	1
GF16_c10_d106_stool	2	0.0134920577714023	0.00369395203968015	1.00370764791325
GF16_c2_d105_stool	1	0	0	1
GF16_C2_d32	3	0.237699770500635	0.11412248632042	1.12882422745601
GF16_C2_d35_colon	2	0.660704879506142	0.46791008088062	1.8793815933499
GF16_c2_d67_stool	3	0.700804315675628	0.50016449735142	2.00065820595195
GF16_c2_d68_stool	3	0.662594755375261	0.45508044318318	1.83513325497356
GF16_c2_d69_stool	4	0.609795155623738	0.36811506006414	1.58256659844038
GF16_c3_d105_stool	3	0.268702028039108	0.12683995825726	1.14526541778538
GF16_C3_d32	3	0.618124746169166	0.41598408633586	1.71228210842057
GF16_C3_d33	2	0.693147035514958	0.49999985495502	1.99999941982025
GF16_C3_d35_colon	2	0.692063673057952	0.49891688388408	1.99567690037407
GF16_c3_d67_stool	2	0.616322821215368	0.42516409931232	1.73962690709417
GF16_c4_d105_stool	1	0	0	1
GF16_C4_d33	4	0.549550474790837	0.267142914213194	1.36452252341449
GF16_C4_d34	3	0.588744973141235	0.3226473768105	1.47633590801085
GF16_C4_d35_colon	3	0.713522292968926	0.50336046445194	2.01353281086747
GF16_c4_d67_stool	2	0.687043542345801	0.493908790062	1.97592841045887
GF16_c4_d69_stool	2	0.692602799547431	0.49945571777822	1.99782523848094
GF16_c5_d105_stool	1	0	0	1
GF16_C5_d32	2	0.449189020372404	0.27664170726702	1.38244077664724
GF16_C5_d35_colon	2	0.691160356259357	0.498014491872	1.99208938068589
GF16_c5_d67_stool	2	0.651846936413033	0.45927153633822	1.84935705664181
GF16_c5_d68_stool	2	0.635939163808162	0.443891519928	1.79821030578518
GF16_c6_d105_stool	2	0.130625282452959	0.0559837154584801	1.05930376030078
GF16_c7_d105_stool	2	0.00216180827387581	0.000461093647279975	1.00046130635271
GF16_inoc_200622	8	0.800999093760423	0.392057716003413	1.64489298791004
GF17_a1_d31_stool	4	0.0762639182943768	0.0236547922644602	1.0242278981625
GF17_a2_d31_stool	4	0.207956386610776	0.0778865770158998	1.08446528927412
GF17_a3_d31_stool	4	0.0938625587620402	0.0297974591404281	1.03071261709336
GF17_a4_d31_stool	2	0.010429073308672	0.00274462314872026	1.00275217683698
GF17_a5_d31_stool	4	0.0250783045824189	0.00698124499179986	1.0070303254159
GF17_a6_d31_stool	3	0.0907038126409033	0.03450697889266	1.03574026755065
GF17_a7_d31_stool	1	0	0	1
GF17_b2_d31_stool	2	0.0224820380405849	0.00669384498552006	1.00673895450232
GF17_b3_d31_stool	1	0	0	1
GF17_b6_d31_stool	2	0.0066595405253858	0.00164224928952006	1.00164495070865
GF17_inoc_200903	3	0.693472806300795	0.45547007533417	1.83644636355603
GF18_a1_d32_stool	6	0.536792148425519	0.28479599210504	1.398202455469
GF18_a1_d33_stool	6	1.3140233088935	0.672829176831338	3.0565072713849
GF18_a1_d35_colon	2	0.177768201446271	0.08254033719168	1.08996617566709
GF18_a2_d33_stool	2	0.00827672969314218	0.0021051794326199	1.00210962056244
GF18_a2_d35_colon	2	0.325028259054718	0.17996015875998	1.21945294571036
GF18_a2_d54_colon	5	0.948135617779693	0.48391557988994	1.9376674842979
GF18_a3_d35_colon	3	0.820263118514068	0.503319887062	2.01336831081221
GF18_a3_d54_colon	5	0.832726305851552	0.42020671124342	1.72475263062219
GF18_a4_d32_stool	4	0.103013967617899	0.0333474192663401	1.03449783296604
GF18_a4_d33_stool	5	1.18835575223512	0.6491184589545	2.84996468329557
GF18_a4_d35_colon	2	0.0206566415527864	0.00606211315181993	1.00609908650433
GF18_a4_d54_colon	3	0.0988213878712711	0.0347356418918398	1.03598562569939
GF18_a5_d54_colon	5	0.666039126216903	0.3086858240729	1.4465203156856
GF18_adam_d33_stoolsoln	6	0.592686513583165	0.30116863381978	1.4309603838562
GF18_b1_d35_colon	0	0	1	Inf
GF18_b3_d32_stool	3	0.0122334961552977	0.00298582027250405	1.00299476209388
GF18_b3_d33_stool	5	0.494358986247577	0.22224711925474	1.28575544335082
GF18_b3_d35_colon	1	0	0	1
GF18_b4_d32_stool	4	0.109987189812951	0.0357235944279584	1.03704704815085
GF18_b4_d35_colon	2	0.0223179557694201	0.00663663019127991	1.00668096931394
GF18_bdam_d33_stoolsoln	6	0.386182691686408	0.171707912124556	1.20730357640501
GF18_d0_innoculum	8	1.00588233387795	0.52438865768668	2.10255709028324
GF2_A_dam_d33	3	0.570637795391445	0.29734101869056	1.42316547087529
GF2_A_dam_day19	7	1.22871806066319	0.62114181639152	2.63951009445112
GF2_A_dam_day29	3	0.726419796745516	0.50595120439258	2.02409156522794
GF2_A_day1_dad	4	1.02332933783342	0.57728377343798	2.36565321405584
GF2_A_day1_mom	5	1.13075860131904	0.64351212884226	2.80514452498025
GF2_A0	0	0	1	Inf
GF2_A1_d37	9	1.4366944038504	0.70260305294724	3.36250929913747
GF2_A1_d39	5	0.88256956110385	0.50001657999234	2.0000663221686
GF2_A1_day28	2	0.0102634707962093	0.0026945598583803	1.00270184012833
GF2_A1_day29	5	0.19563073501935	0.0674044788859802	1.07227621981871
GF2_A1_day30	1	0	0	1
GF2_A1_day31	5	1.3041002731788	0.675380104700154	3.08052591501306
GF2_A1_day32	3	0.347731435672957	0.167733763064731	1.20153858900055
GF2_A1_day41	6	1.07371660353963	0.591694653795063	2.44914745617384
GF2_A1_day42	5	0.755519843253415	0.42398833438366	1.73607595070143
GF2_A1_day44	4	0.227284072283926	0.0862243673563526	1.09436054571394
GF2_A1_Liver	0	0	1	Inf
GF2_A1_Spleen	0	0	1	Inf
GF2_A2_Colon	6	0.889843374604754	0.45835665605386	1.8462333400324
GF2_A2_d36	5	0.700060541820703	0.3410761379533	1.51762602266956
GF2_A2_D37	5	1.19100538814334	0.603973001300614	2.52508036897523
GF2_A2_d39	5	0.741160830797237	0.37860536947474	1.60928329740266
GF2_A2_day28	1	0	0	1
GF2_A2_day29	4	0.03783782906086	0.0104838024403204	1.01059487703807
GF2_A2_day30	5	1.24783147577369	0.66215344952196	2.95992366530023
GF2_A2_day31	3	0.132729198141332	0.0518218319535799	1.05465410795141
GF2_A2_day32	5	1.20056954922051	0.63926790565266	2.7721403658559
GF2_A2_day34	8	1.77373139398643	0.7846742067577	4.64412546654236
GF2_A2_day41	6	0.948615623274424	0.533366515256152	2.14300951966389
GF2_A2_day42	6	0.868828897973983	0.463092706456634	1.86251893394931
GF2_A2_day44	5	1.19300718009757	0.64681381079186	2.83136779000914
GF2_A2_Liver	0	0	1	Inf
GF2_A2_Spleen	0	0	1	Inf
GF2_A25_N713	9	1.47132507922866	0.65301707369586	2.88198618488644
GF2_A3_Colon	7	1.27552329600382	0.67979294658094	3.1229793014312
GF2_A3_d37	5	1.04090370909896	0.5351652597171	2.15130220127565
GF2_A3_d39	5	1.22297022190175	0.66708054350594	3.00372952224209
GF2_A3_day28	1	0	0	1
GF2_A3_day30	5	1.24449420717142	0.66661025731134	2.99949240170194
GF2_A3_day32	5	0.987336277626194	0.525619114994458	2.10801073906744
GF2_A3_day41	8	1.27802922103965	0.655072315384857	2.89915841668598
GF2_A3_day42	5	0.316006023598664	0.1205997956023	1.13713869407717
GF2_A3_Liver	0	0	1	Inf
GF2_A3_Spleen	0	0	1	Inf
GF2_A4_Colon	4	0.526967860834956	0.26559309094382	1.3616429634154
GF2_A4_d36	5	0.988601832665414	0.55829074089198	2.26393261943248
GF2_A4_d37	5	0.900682558299823	0.47237559254918	1.8952876058775
GF2_A4_D39	5	0.871018140892807	0.48772973917814	1.95209458069194
GF2_A4_day28	2	0.0126759698735404	0.00343687356407996	1.00344872640068
GF2_A4_day29	5	0.183009175526094	0.063372417680016	1.06766020868513
GF2_A4_day30	5	1.1231292794539	0.608852488661556	2.55658024405719
GF2_A4_day31	2	0.0896824269731136	0.0351267823155199	1.03640559367978
GF2_A4_day32	5	1.16685837597249	0.6253156250351	2.66891300202652
GF2_A4_day41	7	1.16995806027166	0.619182954234105	2.62593287542791
GF2_A4_day42	5	0.815431671854129	0.409140845878367	1.69245071862615
GF2_A4_day44	4	0.483772697598949	0.23640621372058	1.30959682748659
GF2_A4_Liver	0	0	1	Inf
GF2_A4_Spleen	0	0	1	Inf
GF2_A5_Colon	6	0.404718051922522	0.17794768754274	1.21646759560936
GF2_A5_d39	5	1.21442419446395	0.6644361624292	2.98005889800033
GF2_A5_day28	1	0	0	1
GF2_A5_day31	4	0.552015556107761	0.32673611558094	1.48530171176918
GF2_A5_day32	3	0.355880786196827	0.18708454200042	1.2301402195756
GF2_A5_day42	6	1.24480377656728	0.6687490375312	3.01885915303322
GF2_A5_Liver	0	0	1	Inf
GF2_A5_Spleen	0	0	1	Inf
GF2_A6_Colon	2	0.534158810234581	0.349635300728	1.53759882896377
GF2_A6_d33	8	1.70065436302421	0.76726082559604	4.29665526897643
GF2_A6_d36	5	1.05865365609214	0.59255308019066	2.45430742357296
GF2_A6_d37	5	1.02481418379286	0.530153348950425	2.12835400181343
GF2_A6_D39	5	0.761689360901206	0.4021772395067	1.67273658027814
GF2_A6_day28	3	0.0454344572093202	0.0150568220104799	1.01528699558203
GF2_A6_day29	4	0.182465706423591	0.0670707703863802	1.07189266694341
GF2_A6_day30	6	1.14483998385422	0.621591597191053	2.64264744804012
GF2_A6_day31	4	1.06281204545213	0.63228819502926	2.71952106644924
GF2_A6_day32	3	0.344269963461877	0.18822863534086	1.23187395310488
GF2_A6_day44	6	1.10374492812036	0.55149236176798	2.22961643182247
GF2_A6_Liver	0	0	1	Inf
GF2_A6_Spleen	0	0	1	Inf
GF2_B_dam_d33	7	1.13050615444048	0.603043251106444	2.51916613784075
GF2_B_dam_day19	8	1.30475134903198	0.672968501660813	3.05780943144146
GF2_B_dam_day37	9	1.29279778874003	0.673697696270434	3.06464278238374
GF2_B_day1_dad	3	0.905814083004199	0.52901832412653	2.1232248540146
GF2_B_day1_mom	4	1.18775683405195	0.66842437194042	3.01590320691578
GF2_B_Sire_day23	8	1.4778567870243	0.71017414856284	3.45034783833567
GF2_B0	0	0	1	Inf
GF2_B1_d34	5	1.06352227848006	0.58577715841956	2.41415948040085
GF2_B1_d35	4	0.696010852315413	0.340917840307025	1.51726152087903
GF2_B1_day29	5	1.21421669517898	0.67547914809308	3.08146608799986
GF2_B1_day32	5	1.07787171399292	0.59989400222754	2.49933768943074
GF2_B1_day37	5	0.90680596027813	0.549461342481763	2.21956536539713
GF2_B1_day41	7	1.25502205918046	0.6469360896052	2.83234839517239
GF2_B1_day44	8	1.30712786147062	0.653276759301065	2.88414470856978
GF2_B1_Liver	0	0	1	Inf
GF2_B1_Spleen	0	0	1	Inf
GF2_B2_d35	5	1.04074578718749	0.58127130029322	2.38818117960451
GF2_B2_day27	5	0.263395390526484	0.09543323457578	1.1055015928327
GF2_B2_day28	5	0.303861277741292	0.11286590934996	1.1272253096116
GF2_B2_day29	6	0.869378067867255	0.484835936209846	1.94112918638544
GF2_B2_day30	6	0.95334986069679	0.49413418836136	1.97680882359043
GF2_B2_day31	5	0.426015308730934	0.18765107523332	1.23099812101951
GF2_B2_day37	6	0.949918745844616	0.56339710807184	2.29041084813644
GF2_B2_day41	6	1.28981060805602	0.64746831937273	2.83662449349423
GF2_B2_day44	8	1.43316558139015	0.719620319208797	3.56659226224276
GF2_B2_Liver	0	0	1	Inf
GF2_B2_Spleen	0	0	1	Inf
GF2_B3_COLON	0	0	1	Inf
GF2_B3_d35	5	0.633598056177559	0.317002411720574	1.4641340132974
GF2_B3_day27	5	0.271283757177714	0.09847836605412	1.10923572141368
GF2_B3_day28	5	0.591269222331741	0.289142227064743	1.4067511646821
GF2_B3_day31	5	0.552194315134843	0.25609402158214	1.34425589928286
GF2_B3_day37	4	0.927330218792108	0.55996197209782	2.27253086458768
GF2_B3_day41	7	1.11251041242921	0.59148154143496	2.44786980620801
GF2_B3_day44	6	0.915809811674011	0.5298566958851	2.1270110437553
GF2_B3_Liver	0	0	1	Inf
GF2_B3_Spleen	0	0	1	Inf
GF2_B4_d35	4	0.537537249913833	0.2677804593022	1.36571061603601
GF2_B4_day27	4	0.223090831460018	0.0853409632068065	1.09330358065013
GF2_B4_day28	5	1.19956613976959	0.639681597838053	2.77532314197637
GF2_B4_day29	6	0.967313666635768	0.51420935571308	2.05849991505677
GF2_B4_day32	8	1.46535183159709	0.68170223573752	3.14171229671398
GF2_B4_day37	4	0.857346496403337	0.53014889183434	2.128333811756
GF2_B4_day41	2	0.00210055691602207	0.000446500274219774	1.00044669972577
GF2_B5_d34	5	1.00193528330386	0.57269513855604	2.3402495272831
GF2_B5_d35	4	0.987580453578261	0.57192396959356	2.33603362246315
GF2_B5_day27	5	1.22497772426595	0.654551554994242	2.89478796172706
GF2_B5_day28	6	0.755004237501408	0.364127326335362	1.5726418847925
GF2_B5_day29	7	1.36082339799482	0.664309745474504	2.97893664328599
GF2_B5_day30	6	0.761081403004602	0.38270646154158	1.61997483806055
GF2_B5_day31	6	0.530206484499128	0.25622347093376	1.34448985806991
GF2_B5_day37	7	1.03225087993356	0.568350795367355	2.31669603295354
GF2_B5_day41	6	1.33037661260134	0.666287145101262	2.99658819047723
GF2_B5_day44	9	1.19568356980595	0.604912010145	2.53108174806075
GF2_B5_Spleen	0	0	1	Inf
GF2_colon_A1_day45	4	0.494059822413408	0.23869161661222	1.31352815996857
GF2_colon_B1_day44	4	0.829198700688342	0.415412395693275	1.71060760206491
GF2_colon_B2_day44	8	0.879531308650894	0.438033537409117	1.77946562040306
GF2_colon_B3_day44	7	1.29802264338142	0.67253713173756	3.05378135025241
GF2_colon_B5_day44	7	1.00318143293179	0.48726719250502	1.95033355654698
GF2_Inoc	9	1.63307409163785	0.759847376265037	4.16401863301573
GF20_d0_inoc	5	1.22862629427244	0.66147012968894	2.95394908307838
GF20_d123_b10	0	0	1	Inf
GF20_d127_a1	1	0	0	1
GF20_d127_a2	1	0	0	1
GF20_d127_a3	1	0	0	1
GF20_d127_a4	0	0	1	Inf
GF20_d127_a5	1	0	0	1
GF20_d127_a6	1	0	0	1
GF20_d127_a7	1	0	0	1
GF20_d127_a8	0	0	1	Inf
GF20_d127_a9	1	0	0	1
GF20_d127_b1	0	0	1	Inf
GF20_d127_b2	0	0	1	Inf
GF20_d127_b5	0	0	1	Inf
GF20_d127_b6	0	0	1	Inf
GF20_d127_b8	0	0	1	Inf
GF20_d140_c1	0	0	1	Inf
GF20_d140_c3	0	0	1	Inf
GF20_d140_c5	0	0	1	Inf
GF20_d140_c6	0	0	1	Inf
GF20_d140_c7	0	0	1	Inf
GF20_d140_c8	1	0	0	1
GF20_d140_c9	0	0	1	Inf
GF20_d161_b2	3	0.0128407911997004	0.00324154900647999	1.00325209081824
GF20_d161_b4	4	0.12708539228829	0.04351265708992	1.04549214102252
GF20_d161_b6	1	0	0	1
GF20_d161_b8	3	0.0300240614229873	0.00872009865213963	1.00879680768296
GF20_d164_b1	2	0.0842793264254443	0.0325471671064801	1.0336421229024
GF20_d164_b2	1	0	0	1
GF20_d164_b3	2	0.138465191555302	0.0602218774342199	1.06408095271446
GF20_d164_b4	1	0	0	1
GF20_d164_b5	2	0.230787149752073	0.11525025529728	1.1302631122386
GF20_d164_b6	2	0.058497948206623	0.0208705426754998	1.0213154067824
GF20_d164_b7	1	0	0	1
GF20_d164_b8	2	0.150042708930848	0.0666141001831799	1.07136823064957
GF20_d164_b9	1	0	0	1
GF20_d167_damb	3	0.246009631519401	0.10775134544379	1.12076380826529
GF20_d170_c1	1	0	0	1
GF20_d170_c2	1	0	0	1
GF20_d170_c5	2	0.208206163594102	0.10097200086798	1.1123124095862
GF20_d170_c6	2	0.52195737589077	0.33882803839422	1.51246583047973
GF20_d170_c7	2	0.0464304617136471	0.0158050856880001	1.01605889794609
GF20_d170_c8	1	0	0	1
GF20_d170_c9	1	0	0	1
GF20_d33_a3	6	0.424276400854197	0.17809494136948	1.21668553989219
GF20_d33_a4	6	0.50154987904777	0.222273657277646	1.28579931663315
GF20_d33_a5	6	0.251537410683819	0.0903406747583402	1.09931264623087
GF20_d33_b2	3	0.40348333069407	0.235016500294458	1.30721773787921
GF20_d33_b3	2	0.0329880244662033	0.0105173037208801	1.01062909312152
GF20_d33_b4	4	0.306727234592281	0.1529743132344	1.18060174044844
GF20_d34_a2	2	0.560729019506527	0.37353895546752	1.59626844913603
GF20_d34_a4	6	0.810216468917733	0.470503923244491	1.88858811972226
GF20_d34_b3	4	0.118877633553317	0.0407846682433001	1.0425187826894
GF20_d35_a2	3	0.0290919974716332	0.00814383062199997	1.00821069714887
GF20_d35_a3	2	0.425222067417789	0.2570306746755	1.34595058761442
GF20_d35_b5	0	0	1	Inf
GF20_d36_a1	2	0.115991142033859	0.0482756353996801	1.05072438743328
GF20_d36_a2	2	0.690751680605264	0.49760641346382	1.99047126953717
GF20_d36_a3	2	0.271901771058964	0.1424972318	1.16617699333976
GF20_d36_a4	2	0.292636308352622	0.15682419743022	1.18599228885869
GF20_d36_a5	2	0.583742520688669	0.39464747385678	1.65193000245845
GF20_d36_b1	0	0	1	Inf
GF20_d36_b3	0	0	1	Inf
GF20_d36_b4	0	0	1	Inf
GF20_d36_b5	2	0.688525082660762	0.49538502776462	1.98170893655836
GF20_d39_dama	7	1.18018466428933	0.58923564390016	2.43448581930254
GF20_d39_damc	7	1.11961254744806	0.591412697085995	2.44745735579176
GF20_d40_c1	0	0	1	Inf
GF20_d40_c2	0	0	1	Inf
GF20_d40_c3	1	0	0	1
GF20_d40_c4	0	0	1	Inf
GF20_d40_c5	3	0.701297020473261	0.41176487554746	1.7000004903323
GF20_d40_c6	1	0	0	1
GF20_d66_c1	5	0.964704639607301	0.5148335190061	2.06114816083631
GF20_d66_c10	5	1.15050990514569	0.627619045847463	2.68542198210914
GF20_d66_c2	5	0.902735171962664	0.455171788025693	1.83544092985985
GF20_d66_c3	5	0.925675740783403	0.515312405497576	2.06318463963698
GF20_d66_c4	5	1.11245550706823	0.59940323650914	2.49627578437192
GF20_d66_c5	5	0.902924913291767	0.459655944242164	1.85067271369812
GF20_d66_c6	6	0.992260269647154	0.48773313777364	1.95210753171483
GF20_d66_c7	5	1.29470283390241	0.68349841590338	3.15954184827942
GF20_d66_c8	5	0.906962637667417	0.477491281882872	1.91384366485505
GF20_d66_c9	5	1.20047790376734	0.6484351837635	2.84442570421294
GF20_d68_b2	1	0	0	1
GF20_d68_b3	3	0.126594130866111	0.0457342919506979	1.04792616098947
GF20_d68_b4	1	0	0	1
GF20_d68_b5	1	0	0	1
GF20_d68_b6	1	0	0	1
GF20_d68_b7	1	0	0	1
GF20_d68_b8	1	0	0	1
GF20_d75_dama	7	1.10785036259257	0.575732774096029	2.35700506412989
GF20_d75_damc	6	1.48509306287212	0.74399917483732	3.90623740905731
GF20_d81_a1	5	1.20337370705853	0.652908751626	2.88108675941744
GF20_d81_a2	4	0.991275427161474	0.52416261876342	2.10155830422834
GF20_d81_a3	2	0.261517798454465	0.13546769796608	1.15669477895433
GF20_d81_a4	4	1.01952025502039	0.58883187388102	2.43209513694315
GF20_d81_a5	5	1.43055345340273	0.737522977850819	3.80985730412487
GF20_d81_a6	4	1.22100268846134	0.6735049902755	3.06283394911246
GF20_d81_a7	6	1.36000811110648	0.722074923746738	3.59809202350902
GF20_d89_b2	5	1.12496115062859	0.62091284993128	2.63791584552186
GF20_d89_b3	1	0	0	1
GF20_d89_b4	0	0	1	Inf
GF20_d89_b5	1	0	0	1
GF20_d89_b6	2	0.0724725844387818	0.02706507929472	1.02781797499374
GF20_d89_b7	0	0	1	Inf
GF23_d0__inoc	12	1.62640705926508	0.678810474063698	3.11342655737261
GF23_d0_dama	0	0	1	Inf
GF23_d0_damb	0	0	1	Inf
GF23_d0_damc	0	0	1	Inf
GF23_d10_dama	9	1.84251963410209	0.806012777839808	5.15497870872243
GF23_d10_damb	9	1.96200808568918	0.83787199102376	6.16796571002454
GF23_d10_damc	0	0	1	Inf
GF23_d17_dama	9	1.68050464425399	0.730872135722797	3.71570592545554
GF23_d17_damb	9	1.7012106304285	0.75300096670766	4.04859884134215
GF23_d17_damc	9	1.71002255870867	0.773677415806389	4.41847199457804
GF23_d19_dama	0	0	1	Inf
GF23_d32_dama	0	0	1	Inf
GF23_d32_damb	7	1.58617415627873	0.74636937491812	3.94274153476998
GF23_d32_damc	0	0	1	Inf
GF23_d35_c1	0	0	1	Inf
GF23_d36_c1	1	0	0	1
GF23_d36_c2	1	0	0	1
GF23_d36_c3	1	0	0	1
GF23_d36_c4	2	0.230972823452752	0.1153697221875	1.13041575116871
GF23_d39_damb	9	1.48525158766621	0.663467569653347	2.97148182411403
GF23_d47_dama	0	0	1	Inf
GF23_d47_damb	9	1.66319787094413	0.751813728845727	4.02923173529771
GF23_d47_damc	0	0	1	Inf
GF23_d52_a1	0	0	1	Inf
GF23_d52_a2	4	0.0331525482603041	0.00938929631691998	1.0094782907978
GF23_d52_a5	3	0.0553824798272116	0.0194432693732599	1.01982880619343
GF23_d52_a6	0	0	1	Inf
GF23_d52_a8	2	0.00567428105139069	0.00136866209791986	1.0013705379012
GF23_d52_a9	2	0.0374674797188665	0.01223403441198	1.0123855597765
GF23_d54_damc	8	1.64141879466499	0.744828946183952	3.91893980545652
GF23_d56_c2	1	0	0	1
GF23_d56_c3	1	0	0	1
GF23_d56_c6	2	0.0116508624611242	0.0031181234355	1.00312787654064
GF23_d57_c2	3	0.205932435946205	0.08296439637358	1.09047020207885
GF23_d57_c4	1	0	0	1
GF23_d57_c5	0	0	1	Inf
GF23_d58_c3	3	0.956613553232717	0.56914106264098	2.3209452405225
GF23_d59_c1	2	0.257392834556662	0.1327026513875	1.15300709912211
GF23_d59_c2	1	0	0	1
GF23_d59_c4	2	0.177947928172086	0.0826463242108799	1.09009210557726
GF23_d59_c6	1	0	0	1
GF23_d62_dama	8	1.50323056299654	0.698565936617646	3.31747510145046
GF23_d62_damb	9	1.76518013521226	0.78685276001556	4.69159253515552
GF23_d62_damc	8	1.71475062611933	0.787291708861814	4.7012741941044
GF23_d7_damb	9	1.46964043554383	0.63642929555426	2.7504966373033
GF23_d7_damc	9	1.74453929071213	0.77469308218304	4.43839012884817
GF23_d77_damb	9	1.75644581158588	0.781370344108421	4.57394490203978
GF23_d80_c3	1	0	0	1
GF23_d80_c5	0	0	1	Inf
GF23_d80_c7	1	0	0	1
GF23_d82_c2	0	0	1	Inf
GF23_d82_c6	0	0	1	Inf
GF23_d83_c4	0	0	1	Inf
GF23_d83_c5	0	0	1	Inf
GF23_d84_c1	1	0	0	1
GF23_d84_c2	1	0	0	1
GF23_d84_c3	1	0	0	1
GF23_d84_c4	1	0	0	1
GF23_d84_c5	1	0	0	1
GF23_d84_c9	3	0.224938133915208	0.101546423082994	1.11302356147487
GF23_d89_damb	9	1.75308708869775	0.776326025560607	4.47079282471892
GF23_d89_damc	7	1.62102935215309	0.76500460457888	4.25540252909196
GF3_AB_Sire_day4	5	1.10264247199256	0.61674062804234	2.60919907813885
GF3_B_Sire_day19	5	1.1829914052799	0.64787736222744	2.8399196550547
GF3_B_Sire_day30	5	1.22104711722781	0.65726538482346	2.91770937547381
GF3_C_dam_day19	8	1.43688225332433	0.70059278367698	3.33993285893662
GF3_C_dam_day4	6	0.969019953917058	0.538241992618333	2.16563651092995
GF3_C_Sire_day19	8	1.32600033342558	0.61967797147416	2.62935072121929
GF3_C_Sire_day30	5	1.14122021425158	0.62483508377778	2.66549444460226
GF3_C_Sire_day4	9	1.53866070152331	0.71524037526506	3.51173380331155
GF3_C1_day30	6	1.06611230117496	0.6003546606877	2.50221859642046
GF3_C1_day32	9	1.34460598216509	0.646442955010505	2.82839788987859
GF3_C1_day34	6	1.05083576668364	0.582080359637	2.39280450933441
GF3_C2_day30	2	0.0120219386935264	0.00323295703038018	1.00324344294204
GF3_C2_day32	5	0.749837210497993	0.37560642057918	1.60155394443291
GF3_C2_day35	8	1.43688225332433	0.70059278367698	3.33993285893662
GF3_C2_day38	3	0.325917363751567	0.14672607437602	1.17195658975366
GF3_C2_day39	5	0.74355692787922	0.41322599100798	1.70423363113481
GF3_C2_day40	5	0.455976145171437	0.1960092865298	1.24379546087514
GF3_C2_day41	2	0.482427817944062	0.30455985415118	1.43793826969746
GF3_C2_day42	5	1.27723093595401	0.681551587043631	3.14022604388677
GF3_C2_day45	5	1.19265457204574	0.654330646349623	2.89293797509002
GF3_C3_day30	6	1.2321044240556	0.64739360210192	2.83602341296441
GF3_C3_day32	2	0.0646575961481383	0.023559731832	1.02412818540985
GF3_C3_day34	12	1.64136937509339	0.766315375767679	4.2792717034127
GF3_C3_day35	8	1.58488727095181	0.73157752217968	3.72547041559385
GF3_C3_day39	1	0	0	1
GF3_C3_day40	5	0.216547563579999	0.0764639745730943	1.08279479356287
GF3_C3_day41	1	0	0	1
GF3_C3_day42	5	1.21450915596582	0.6472711563062	2.83503891977739
GF3_C3_day45	5	1.11767768374425	0.619317472261268	2.62686077540789
GF3_C4_day30	9	1.18672753249781	0.559798057453783	2.271684659581
GF3_C4_day32	2	0.17518602130167	0.0810214199999999	1.08816464470804
GF3_C4_day34	8	1.49831859689851	0.712430176680418	3.47741633129801
GF3_C4_day38	3	0.0614340040069024	0.01967961524142	1.02007467716411
GF3_C4_day39	5	0.226316469402152	0.0848499909580374	1.09271703012587
GF3_C4_day40	1	0	0	1
GF3_C4_day41	2	0.401091927136774	0.23773473483648	1.31187927051285
GF3_C4_day42	5	1.25060904646174	0.667975157678042	3.01182282929998
GF3_C4_day45	5	1.20469375165894	0.64906251503911	2.84951036254063
GF3_C5_day30	3	0.0328024422699254	0.00945072034198013	1.00954088861207
GF3_C5_day39	6	0.578397041205661	0.255167026901172	1.34258288249454
GF3_C5_day41	2	0.0266898359851713	0.00818859606911992	1.00825620277874
GF3_C5_day42	5	1.14533944636001	0.626641998592594	2.67839445312652
GF3_C5_day45	5	0.976987049713441	0.55454266879516	2.24488392029664
GF3_C6_day30	5	0.20193042521243	0.07815657435666	1.08478291668904
GF3_C6_day35	1	0	0	1
GF3_C6_day38	1	0	0	1
GF3_C6_day39	6	0.517202739274716	0.210489326014613	1.26660732140844
GF3_C6_day41	5	1.0103047072189	0.516830766189908	2.0696682032388
GF3_C6_day42	5	1.01607545350411	0.56442673084646	2.29582499849755
GF3_C6_day45	5	1.12020892760468	0.61085045110066	2.56970617807055
GF3_C7_day40	3	0.50463261903048	0.303887549491647	1.43654951045585
GF3_C7_day41	5	1.14089494016528	0.62829213360186	2.69028473809293
GF3_C7_day42	5	1.12251765348237	0.56534574061546	2.3006791683486
GF3_C7_day45	5	1.21880601220308	0.65762201830288	2.92074856871093
GF3_C8_day30	6	0.915033577197745	0.49115794375414	1.96524636225592
GF3_C8_day32	3	0.283705096907824	0.14839381373194	1.1742516859609
GF3_C8_day34	9	1.53866070152331	0.71524037526506	3.51173380331155
GF3_C8_day39	5	0.308975551372186	0.11536034593852	1.13040376995185
GF3_C8_day40	1	0	0	1
GF3_C8_day41	5	0.983574321815763	0.535761397046055	2.15406472800196
GF3_C8_day42	5	1.12019570688345	0.618646508478572	2.62223900457933
GF3_C8_day45	5	1.11848674612193	0.611098213390891	2.57134329137221
GF3_C9_day30	8	1.038007900923	0.50059028050492	2.00236391276292
GF3_C9_day32	6	1.04302450616495	0.55539495372568	2.24918724692792
GF3_C9_day34	9	1.42573910266332	0.689238491076231	3.21790173906417
GF3_C9_day38	3	0.244036036754887	0.10235587417418	1.11402723109229
GF3_C9_day39	5	0.637179731452922	0.2896905324849	1.407837070648
GF3_C9_day40	2	0.679393284359412	0.48630927694622	1.94669663110756
GF3_C9_day41	5	1.16755963575778	0.6045194577309	2.52856940637945
GF3_C9_day42	5	1.15397525828477	0.62867584138082	2.6930647435347
GF3_C9_day45	5	0.987673911207958	0.54242183568088	2.18541896877446
GF3_inoc	6	1.21429993102986	0.6421811843921	2.7947104969902
GF4_A0	0	0	1	Inf
GF4_B0	0	0	1	Inf
GF4_B1_D35	2	0.473374702637315	0.29687387770368	1.42221995213907
GF4_B1_D36	4	0.425468089613266	0.23134443755622	1.30097282691965
GF4_B1_d37	1	0	0	1
GF4_B2_d35	3	0.505185254625963	0.29201670916454	1.41246271337837
GF4_B2_d36	1	0	0	1
GF4_B2_d37	0	0	1	Inf
GF4_B3_d35	3	0.530735308811883	0.29403871252424	1.41650826715386
GF4_B3_d36	5	0.774331869646722	0.42964162230574	1.75328361799929
GF4_B3_d37	1	0	0	1
GF4_B3_d38	0	0	1	Inf
GF4_B3_d42	5	1.13907698931187	0.60970514257654	2.56216545255431
GF4_B3_d43	5	1.13477519563417	0.619351967415827	2.62709882725814
GF4_B3_d44	5	0.888556556100872	0.432281596954155	1.76143664646934
GF4_B3_d46	5	0.791927625466187	0.380336888347078	1.61378010276027
GF4_B3_LI	5	0.422316265145013	0.18234572130242	1.22301078347303
GF4_B3_MLN	0	0	1	Inf
GF4_B3_SI	4	0.174240294891646	0.065382736104072	1.06995669631815
GF4_B4_d35	4	0.39208633497255	0.205749324764723	1.25904834730392
GF4_B4_d37	0	0	1	Inf
GF4_B4_d38	1	0	0	1
GF4_B5_d35	3	0.588524733802158	0.34555632613962	1.5280153815244
GF4_Bdam_d10	9	1.191774667252	0.596094584832831	2.4758271675712
GF4_Bsire_d10	8	1.27961701215265	0.63041186524658	2.70571456701979
GF4_Bsire_d2	8	0.977003679164923	0.485464439152107	1.94350026721597
GF4_C0	0	0	1	Inf
GF4_C1_d36	2	0.157366091962844	0.0707375385087798	1.07612223826976
GF4_C1_D37	4	1.20218864745436	0.6423445223139	2.79598681521568
GF4_C1_d39	5	1.22290160782898	0.6718182384753	3.04709193879056
GF4_C1_d41	0	0	1	Inf
GF4_C1_d43	4	0.901548443474904	0.49440853776442	1.97788150056626
GF4_C1_d46	5	0.648655970857067	0.344197822508361	1.52485007571166
GF4_C1_LI	7	1.07939614316539	0.56475236990316	2.29754266502843
GF4_C1_MLN	0	0	1	Inf
GF4_C1_SI	5	0.837216756608079	0.421859197226455	1.72968244967774
GF4_C2_d35	2	0.484214584770805	0.30608399478272	1.44109660604655
GF4_C2_D36	3	0.870964410153432	0.54779631977592	2.21139288274804
GF4_C2_d37	5	1.21073962603145	0.633568202093134	2.7290208047233
GF4_C2_d38	5	1.18104166476043	0.65158995816948	2.87018133790311
GF4_C2_d39	5	1.1246947756429	0.61091600770476	2.57013914682255
GF4_C2_d43	6	0.752494897857974	0.35475929510014	1.54980922996047
GF4_C2_d45	7	1.00055622399678	0.466443445663925	1.87421556697835
GF4_C2_d46	7	1.22902514897427	0.59657921661266	2.47880139343208
GF4_C2_LI	6	0.133563277588442	0.0414801107692402	1.04327516959771
GF4_C2_MLN	0	0	1	Inf
GF4_C2_SI	2	0.0145811340568419	0.00404140036991985	1.00405779956257
GF4_C3_d35	3	0.713317823907819	0.48037560172222	1.92446698675881
GF4_C3_d36	5	0.875560318861368	0.46057290620784	1.85381863741775
GF4_C3_d38	5	1.06801265742269	0.555825392868336	2.25136688127598
GF4_C3_d41	0	0	1	Inf
GF4_C3_d42	6	0.791106114592747	0.38086908373158	1.61516728324136
GF4_C3_d43	7	1.10891835359689	0.514899481443399	2.06142842925722
GF4_C3_d44	7	1.15597081529428	0.542410114850792	2.18536299086665
GF4_C3_d45	6	1.07643321158445	0.54919331530874	2.21824572252042
GF4_C3_d46	5	0.778955907122027	0.377600284707479	1.60668453958082
GF4_C3_LI	7	0.75865229809079	0.33501097332248	1.50378421279565
GF4_C3_MLN	0	0	1	Inf
GF4_C3_SI	6	0.109061446396451	0.0326412626912401	1.03374266591322
GF4_C4_d35	4	0.58249264503747	0.3238414402535	1.47894304610284
GF4_C4_d36	5	0.40458625711299	0.19440150734682	1.24131314683394
GF4_C4_d37	4	1.24934314677294	0.68496386488786	3.17423904290865
GF4_C4_d38	0	0	1	Inf
GF4_C4_D39	5	0.952809924417456	0.49162428952354	1.96704913195554
GF4_C5_d43	6	0.677399356255611	0.33516506177056	1.50413274408105
GF4_C5_d45	6	1.08254290864387	0.53620597191264	2.15612953043811
GF4_C5_d46	6	0.757157560589668	0.36744210758692	1.58088297054551
GF4_C5_LI	6	0.478038348042384	0.210378677684901	1.2664298338197
GF4_C5_MLN	0	0	1	Inf
GF4_C5_SI	1	0	0	1
GF4_Cdam_d16	8	1.57140378861894	0.730182406679631	3.70620754448969
GF4_Csire_d16	8	1.54954169616936	0.739151399402553	3.83364142153572
GF4_Csire_d2	9	1.36809396875845	0.660793390535551	2.94805576335566
GF4_EMPTY	0	0	1	Inf
GF4_INOC_GF45	9	1.31347348487007	0.59141737207546	2.44748535952117
GF4_W1	0	0	1	Inf
GF4_W2	0	0	1	Inf
GF4_W3	0	0	1	Inf
GF4_W4	0	0	1	Inf
GF4_W5	0	0	1	Inf
GF5_A_DAM_D0	1	0	0	1
GF5_A_DAM_D24	9	1.59281356298938	0.706552745326342	3.40776744056474
GF5_A1_COLON_190628	0	0	1	Inf
GF5_A1_COLON_190815	6	1.00527335401887	0.50326138511452	2.01313119220768
GF5_A1_D46	7	0.47482544100502	0.1937259663772	1.24027310603907
GF5_A1_D47	8	1.38755055759182	0.65268011505559	2.87919017409572
GF5_A1_D48	1	0	0	1
GF5_A1_D79	3	0.396119387307633	0.18902232191954	1.2330795619023
GF5_A1_D80	3	0.0390441168141802	0.0113371708742857	1.01146717621043
GF5_A1_D81	3	0.114709286135356	0.04294446946054	1.04487145007807
GF5_A1_D82	0	0	1	Inf
GF5_A1_D83	2	0.141705479484171	0.0619950549419999	1.06609246067265
GF5_A1_D88	5	1.19962338719463	0.6458675459379	2.82380219189016
GF5_A2_COLON_190628	1	0	0	1
GF5_A2_D46	6	0.298371368048414	0.10859097125944	1.12181946531646
GF5_A2_D48	6	0.953425496209811	0.47769208126918	1.91457943511549
GF5_A2_D79	4	0.467330104697514	0.22420771483576	1.2890048265797
GF5_A2_D80	1	0	0	1
GF5_A3_COLON_190628	4	0.962529265120854	0.52523031266506	2.10628442943225
GF5_A3_D46	4	0.450374962875912	0.21650837968902	1.27633783703147
GF5_A3_D80	0	0	1	Inf
GF5_A4_COLON_190628	0	0	1	Inf
GF5_A4_D46	3	0.221012597161172	0.0921707418335199	1.10152871919955
GF5_A4_D48	1	0	0	1
GF5_A4_D79	0	0	1	Inf
GF5_A5_D46	5	0.155957751498035	0.0541652661193399	1.05726715691346
GF5_A5_D47	0	0	1	Inf
GF5_A5_D79	2	0.688728324941308	0.49558765698798	1.9825050156954
GF5_A5_D80	1	0	0	1
GF5_A6_COLON_190628	0	0	1	Inf
GF5_A6_D81	3	0.458329967193519	0.25002922994326	1.33338529970221
GF5_A6_D82	7	1.17067049346692	0.618950620708898	2.62433179096206
GF5_A7_COLON_190628	0	0	1	Inf
GF5_A7_COLON_190815	6	0.646790118707386	0.27771554619826	1.38449608701462
GF5_A7_D46	3	0.330333761773284	0.164223358894207	1.19649192238363
GF5_A7_D79	5	0.928680039866494	0.485441211488337	1.94341253580073
GF5_A7_D80	5	1.46053240525533	0.75453734239534	4.0739394324109
GF5_A7_D81	4	0.89652901805854	0.46033942857322	1.85301660515267
GF5_A7_D82	2	0.673004165191732	0.4799925993155	1.9230495540711
GF5_A7_D83	2	0.40136000955542	0.23794660605758	1.31224400803018
GF5_A7_D84	5	0.534527274087725	0.234340418207861	1.3060634566335
GF5_A7_D87	6	1.33330838616157	0.6727175933424	3.05546518742815
GF5_A8_COLON_190815	7	1.20212905344856	0.58249035728636	2.39515426158882
GF5_A8_D79	5	0.52324559481688	0.3000755683201	1.42872566628355
GF5_A8_D83	3	0.474305507582618	0.266901620629473	1.36407340152443
GF5_A8_D87	5	0.661850097944998	0.30990105219266	1.44906756223483
GF5_B_COLON_M1	1	0	0	1
GF5_B_COLON_M2	2	0.495108623767374	0.31542788937912	1.46076649119264
GF5_B_COLON_M3	0	0	1	Inf
GF5_B_COLON_M4	0	0	1	Inf
GF5_B_COLON_P1	1	0	0	1
GF5_B_DAM_D3	9	1.22127237692496	0.633591811789156	2.72919665055238
GF5_B1_COLON_190815	6	1.0279664520966	0.478404692458474	1.9171951617306
GF5_B1_D80	4	0.123987236617817	0.0446019803039636	1.04668418751606
GF5_B1_D82	6	1.12178996478792	0.527479960572143	2.11631236044683
GF5_B1_D83	4	0.96364801398799	0.509745529842649	2.03975702593602
GF5_B1_D84	4	1.03434549205388	0.54689594439486	2.20699856386069
GF5_B2_D79	1	0	0	1
GF5_B2_D80	1	0	0	1
GF5_B3_COLON_190815	5	0.823604800574465	0.40449891092206	1.67925805400016
GF5_B3_D79	3	0.117933013188724	0.0468832319267399	1.04918938948217
GF5_B3_D81	5	0.795475176517166	0.3913021692183	1.64285126286023
GF5_B3_D82	4	1.21214174066719	0.652778502505174	2.88000601119146
GF5_B3_D83	5	1.02021808865025	0.51873092319615	2.07783971212339
GF5_B4_D79	7	1.41989612045382	0.713940496611734	3.49577618696592
GF5_B5_D79	3	0.606491194228874	0.3973492060665	1.65933573815278
GF5_B5_D80	2	0.660910479328364	0.46811121860958	1.88009229558458
GF5_B6_COLON_190815	7	1.46851361512106	0.70884364900298	3.43458075558254
GF5_B6_D79	4	0.500876074126592	0.25714139783498	1.3461512017032
GF5_B6_D84	6	0.361206008647015	0.146792542826707	1.17204789010288
GF5_B7_COLON_190815	7	1.50838052210077	0.730669084566756	3.71290461917974
GF5_B7_D79	5	0.261637933647575	0.100342338199071	1.11153391168615
GF5_B7_D80	6	1.07931509717026	0.52383215764368	2.10009981995318
GF5_B7_D82	5	0.741312747786205	0.3620340089645	1.56748167465302
GF5_B7_D84	0	0	1	Inf
GF5_C_DAM_D0	0	0	1	Inf
GF5_C_DAM_D24	9	1.44824284288617	0.71617784906582	3.52333317434377
GF5_C_DAM_D3	8	1.0846316807421	0.590956094661393	2.44472533864598
GF5_C1_COLON_190628	6	1.03958890960261	0.5665679945332	2.30716695441772
GF5_C1_COLON_190815	3	0.593547624759067	0.34330664380246	1.52278074776074
GF5_C1_D46	7	0.492192803079849	0.20475037339208	1.2574667960115
GF5_C1_D47	8	1.17253626479976	0.52901787441475	2.12322282667815
GF5_C1_D48	8	1.56573169032907	0.74269944075588	3.88650534976578
GF5_C2_COLON_190815	1	0	0	1
GF5_C2_D46	6	0.498517073383912	0.20135428776476	1.25211966292439
GF5_C3_COLON_190628	3	0.89996136354416	0.52630116022854	2.11104591364939
GF5_C3_COLON_190815	1	0	0	1
GF5_C3_D46	4	0.156904566721708	0.0589042105365216	1.0625910892345
GF5_C4_COLON_190628	4	1.20713214703332	0.669256889870435	3.02349457743281
GF5_C4_D46	3	0.47744449704787	0.27675216520734	1.3826519097519
GF5_C4_D47	2	0.230432755974522	0.1150223220795	1.12997200375695
GF5_C5_COLON_190628	4	1.27409368958006	0.69193978752826	3.24611864666469
GF5_C5_D47	3	0.184713785318407	0.07291717440346	1.07865227613999
GF5_C6_D46	3	0.130762472281003	0.0481456524349398	1.05058090301116
GF5_COLON_A1	1	0	0	1
GF5_COLON_A2	1	0	0	1
GF5_EMPTY	0	0	1	Inf
GF6_A1_COLON_D54	5	0.938481993107223	0.495229598048015	1.98109872554517
GF6_A1_COLON_D88	4	0.730067699603615	0.38108725896026	1.61573665185831
GF6_A1_D53	6	0.709260876508656	0.35475215787722	1.54979208719262
GF6_A1_D87	2	0.679414619714524	0.48633041628032	1.946776744612
GF6_A1_D88	0	0	1	Inf
GF6_A2_COLON_D105	5	1.24519590536751	0.67206495992628	3.04938441398394
GF6_A2_COLON_D54	4	1.09405536542047	0.65616919725566	2.90840725152703
GF6_A2_D51	2	0.399244184758758	0.23627596598078	1.30937348499738
GF6_A2_D52	1	0	0	1
GF6_A2_D87	5	0.944325231802726	0.468909380594859	1.88291783635733
GF6_A2_D93	7	1.15109018504955	0.568128308652413	2.31550254400713
GF6_A3_COLON_D54	3	0.732017318129673	0.409720537056063	1.69411281058745
GF6_A3_COLON_D88	4	0.274361891462173	0.11580042924824	1.1309663938762
GF6_A3_D51	4	0.590416269305164	0.30811683452346	1.44533072908522
GF6_A3_D52	5	0.83653379460546	0.418464651825266	1.71958592566849
GF6_A3_D53	6	1.04152285513942	0.525342115659498	2.10678055288056
GF6_A3_D87	1	0	0	1
GF6_A4_COLON_D105	6	1.2545197280696	0.65686938204894	2.91434208340635
GF6_A4_COLON_D54	4	1.02105536510216	0.6090635325355	2.55796039311888
GF6_A4_D51	2	0.599803425313167	0.40959890828472	1.69376380571167
GF6_A4_D53	6	0.857172561646015	0.410319723179161	1.69583423307174
GF6_A4_D93	6	0.816202743059189	0.3949334930703	1.65271088144396
GF6_A5_COLON_D105	5	1.35186918784517	0.7110569898515	3.46089008862356
GF6_A5_D51	2	0.455494505557092	0.28187397008078	1.39251323352321
GF6_A5_D87	2	0.239974472521652	0.12120122367968	1.13791692358423
GF6_A5_D90	5	1.24559234012744	0.65246841505646	2.87743630600499
GF6_A5_D91	6	1.36916902057045	0.696940059061881	3.29967727474806
GF6_A6_COLON_D105	6	1.08794659279481	0.544575922286239	2.19575566803587
GF6_A6_COLON_D54	5	0.771114136547239	0.418629698538915	1.72007410335001
GF6_A6_D53	6	0.893776668901737	0.42763002409856	1.74712169069503
GF6_A6_D87	2	0.240756716777686	0.12171162873918	1.13857820816238
GF6_A6_D88	2	0.326872437172586	0.18130442796158	1.22145524435922
GF6_A6_D91	7	1.37015039556102	0.693466656726362	3.26228784549325
GF6_A7_D87	1	0	0	1
GF6_A8_COLON_D105	6	1.10254109190522	0.59559405084802	2.47276283174605
GF6_A8_COLON_D54	3	0.757562609185826	0.43955001088394	1.78428052354358
GF6_A8_D51	3	0.312032277923838	0.14417350267046	1.16846113449435
GF6_A8_D52	2	0.270110648820633	0.1412777127795	1.16452084088418
GF6_A8_D53	6	1.47132882723992	0.72391015834346	3.62200939375385
GF6_A8_D89	6	1.20655527263782	0.636260628055788	2.74922122027905
GF6_A8_D91	6	1.2240124069322	0.60444300557868	2.52808069153966
GF6_A8_D93	7	1.16464019586024	0.5669524627691	2.30921530323079
GF6_ADAM_D0	5	1.08482571977254	0.588697237152967	2.43129900970762
GF6_ADAM_D67	0	0	1	Inf
GF6_ASIRE_D57	9	1.52840179435351	0.671158760864641	3.04098112094869
GF6_B_DAM_D22	7	1.07660259150172	0.579641033369583	2.37891916048792
GF6_B1_COLON_D105	0	0	1	Inf
GF6_B1_D63	3	0.164470391577058	0.0629257935845601	1.06715134527634
GF6_B1_D64	6	0.242714417673189	0.090650794289178	1.0996875498652
GF6_B1_D66	2	0.268196603502287	0.13997771512032	1.16276056746588
GF6_B1_D87	1	0	0	1
GF6_B1_D89	5	1.18321527477551	0.602616950687344	2.51646365321741
GF6_B1_D91	5	1.40798941575488	0.713868801348493	3.49490025803844
GF6_B1_D93	6	1.25379335568758	0.63115366957168	2.71115615773853
GF6_B10_D63	3	0.0832411456753224	0.0288324767601401	1.02968846884825
GF6_B10_D64	6	0.369143504299155	0.1516692679775	1.17878553994608
GF6_B10_D66	0	0	1	Inf
GF6_B2_COLON_D105	6	1.19313272819428	0.654885357181105	2.89758786191164
GF6_B2_D63	6	0.887100266008057	0.533665735790628	2.14438456864286
GF6_B2_D66	4	0.691811459613001	0.35984490717382	1.56212144714051
GF6_B2_D87	4	0.570767672230836	0.28941760677858	1.40729633824236
GF6_B2_D89	2	0.617590514958344	0.42636635699118	1.74327292722025
GF6_B3_COLON_D105	5	1.15910246106537	0.6483575378291	2.84379762849572
GF6_B3_D63	3	0.229265932294152	0.09757426175966	1.10812442245932
GF6_B3_D66	6	1.00953478926698	0.50874881403914	2.03561849534074
GF6_B3_D87	6	0.907003560539564	0.46377253780234	1.86488024298798
GF6_B3_D89	1	0	0	1
GF6_B3_D91	4	0.946761531743445	0.4886852386238	1.95574248102775
GF6_B3_D93	5	1.02426598302973	0.58085063870758	2.38578438224638
GF6_B4_COLON_D105	6	1.24681333688134	0.676710792697135	3.0932056419167
GF6_B4_D64	5	0.384247026644704	0.15690693022178	1.18610867037853
GF6_B4_D66	1	0	0	1
GF6_B4_D87	6	0.861847795032706	0.43516448428838	1.77042691577234
GF6_B4_D89	2	0.676372662588675	0.48331948875	1.93543200919406
GF6_B4_D90	0	0	1	Inf
GF6_B4_D93	5	1.09800999739511	0.591546135063641	2.44825691674091
GF6_B5_COLON_D105	5	1.19635106641115	0.658858127856608	2.93133174686827
GF6_B5_D66	2	0.536067159063925	0.35133529702368	1.54162851071073
GF6_B5_D87	0	0	1	Inf
GF6_B5_D90	3	0.906763856431781	0.55454692275872	2.24490535836696
GF6_B5_D91	2	0.628294827713683	0.436562204792	1.77481881496934
GF6_B6_COLON_D105	6	1.21807722713574	0.66813986723506	3.01331766388556
GF6_B6_D63	3	0.320441336240972	0.15557737320942	1.18424112319293
GF6_B6_D64	7	0.418044133978145	0.177322018511815	1.21554243884229
GF6_B6_D66	4	0.729079073882892	0.387556592073575	1.63280392450584
GF6_B6_D87	1	0	0	1
GF6_B6_D90	2	0.686111649593269	0.49298098414158	1.97231261298342
GF6_B6_D91	2	0.469318111057154	0.2934497162795	1.41532743392908
GF6_B6_D93	5	1.36653938171865	0.723667252285803	3.61882552202706
GF6_B7_COLON_D105	5	1.00732395609008	0.5481122866288	2.21293912272971
GF6_B7_D63	3	0.522452983154674	0.30248456504974	1.43366003086557
GF6_B7_D66	4	0.758939874581145	0.42618242584346	1.74271413954149
GF6_B7_D87	2	0.0577910583042269	0.02056625008158	1.02099810230482
GF6_B7_D90	4	0.700425611151717	0.474130147337846	1.90161119702454
GF6_B7_D91	1	0	0	1
GF6_B7_D93	4	0.863614692540882	0.45784685917266	1.84449729180573
GF6_B8_COLON_D105	10	1.30947773863711	0.591610043510683	2.44864004148486
GF6_B8_D63	4	0.250519322808276	0.1035376094904	1.11549576489377
GF6_B8_D66	5	1.05934015616354	0.551057210876457	2.22745531107041
GF6_B8_D91	5	1.26377336295292	0.678439662926001	3.10983627240655
GF6_B9_D63	0	0	1	Inf
GF6_B9_D66	4	0.825234766295566	0.48692819350802	1.94904492382321
GF6_GF6MERO3_COLON	0	0	1	Inf
GF6_GFMERO1_COLON	0	0	1	Inf
GF6_GFMERO2_COLON	0	0	1	Inf
GF6_GFPBS1_COLON	1	0	0	1
GF6_GFPBS2_COLON	1	0	0	1
GF6_GFPBS3_COLON	1	0	0	1
GF6_INOC	9	1.53634062848058	0.70080943972836	3.3423514401393
GF6_WATER_D9	0	0	1	Inf
GF6_WATER_H11	5	0.776045067511198	0.37919150148134	1.61080269098465
GF6_WATER_H12	0	0	1	Inf
GF6_WATER	0	0	1	Inf
GF7_A1_COLON_D47	10	1.60938166482262	0.711825809795955	3.47012339756014
GF7_A3_COLON_D47	5	1.40019427658722	0.7335873174765	3.75357505704253
GF7_A4_COLON_D47	6	1.46124798967662	0.72361024961562	3.61807917482209
GF7_A5_COLON_D47	5	1.18232555986928	0.6307120219671	2.70791376780457
GF7_A6_COLON_D47	6	1.28478662441361	0.64083396293294	2.78422761841841
GF7_A7_COLON_D47	4	1.28097403247012	0.69577948615276	3.28708931345154
GF7_ADAM_D0	1	0	0	1
GF7_ADAM_D5	9	1.48872243321604	0.72576884388944	3.64655867036799
GF7_ADAM_D78	9	1.5390506308474	0.702036406032232	3.35611470745038
GF7_ASIRE_D22	0	0	1	Inf
GF7_ASIRE_D36	10	1.74063887053311	0.7610642335501	4.18522523797072
GF7_B1_COLON_D47	10	1.30786276898351	0.569078230045488	2.32060682407751
GF7_B1_D30	5	0.332787415118479	0.136654689586956	1.15828508933648
GF7_B1_D31	7	0.946283232525365	0.439821025148821	1.78514375743157
GF7_B1_D32	5	1.40371281594673	0.73987773915354	3.84434610381255
GF7_B1_D33	5	1.32536011399001	0.71091643020082	3.45920731743654
GF7_B1_D36	6	1.33159427499516	0.701747233202	3.35286076550391
GF7_B2_COLON_D47	10	1.59904478587931	0.67378486253296	3.06546166975785
GF7_B2_D30	5	0.123222806656931	0.0403092740974799	1.04200235868652
GF7_B2_D34	5	1.30028111033664	0.704093988565071	3.37945145200236
GF7_B2_D36	5	1.31216133234859	0.7054499521747	3.39500878503713
GF7_B3_D30	4	0.124394901734217	0.0416480506093601	1.04345799122738
GF7_B3_D31	5	0.726209133144951	0.37731851070574	1.60595748740402
GF7_B3_D33	5	1.46013396127375	0.749604781860409	3.99368649062027
GF7_B3_D36	6	1.40127361773451	0.72672344616654	3.65929673062776
GF7_B4_COLON_D47	9	1.59294722738664	0.753084153585922	4.04996282953423
GF7_B4_D35	5	1.11496190337515	0.594415797383894	2.46557926455169
GF7_B4_D36	5	1.14628700970443	0.6219031383641	2.64482491516415
GF7_B5_COLON_D47	10	1.80038755204955	0.760543054139623	4.17611607133369
GF7_B5_D30	6	0.613249346498066	0.27060707745496	1.37100315768179
GF7_B5_D36	6	1.36117149539811	0.706661344822284	3.40902906026538
GF7_B6_COLON_D47	1	0	0	1
GF7_B7_COLON_D47	0	0	1	Inf
GF7_B8_COLON_D47	1	0	0	1
GF7_BDAM_D1	6	1.0822868646205	0.59049953745824	2.44199968369516
GF7_BDAM_D78	8	1.36322991624659	0.628260262976506	2.69005409001191
GF7_BSIRE_D12	10	1.83121952586812	0.7919130957894	4.80568445089617
GF7_BSIRE_D20	10	1.62898837692113	0.71181916444422	3.47004337769866
GF7_BSIRE_D36	10	1.34076255427094	0.59601925544146	2.47536550558313
GF7_C1_COLON_D47	7	1.07101909440816	0.4750986050342	1.90511972265792
GF7_C1_D30	6	0.597087025399452	0.26479376896614	1.36016257451162
GF7_C1_D34	1	0	0	1
GF7_C1_D36	5	1.25031107836533	0.67863585153446	3.11173478676708
GF7_C2_COLON_D47	7	1.3946830318316	0.69134123052576	3.23982371115964
GF7_C2_D30	6	0.651182029005374	0.338721692489975	1.51222259772197
GF7_C2_D32	1	0	0	1
GF7_C2_D33	2	0.0374781564574161	0.0122381827020002	1.01238981147852
GF7_C2_D36	6	1.42773988737128	0.731371744005064	3.72261658140256
GF7_C3_COLON_D47	7	1.47020984226411	0.69382904114888	3.26614909445498
GF7_C3_D30	2	0.0108014861571864	0.00285770505037997	1.0028658949328
GF7_C3_D31	2	0.0676421437429794	0.024886379192	1.02552151735034
GF7_C3_D33	1	0	0	1
GF7_C3_D34	4	0.4274723432447	0.20156263406238	1.25244639424619
GF7_C4_COLON_D47	7	1.30491449726263	0.60523616335338	2.53316010021244
GF7_C4_D31	5	0.32960433725363	0.142768540257471	1.16654608114867
GF7_C4_D32	3	0.441735238381226	0.215247504972259	1.27428712407553
GF7_CONTAMINANT	4	0.350589660581668	0.158586260554866	1.18847595792701
GF7_INOC	7	0.710155453472653	0.31514708430398	1.46016754412689
GF7_WATER_A12	0	0	1	Inf
GF7_WATER_B7	0	0	1	Inf
GF7_WATER_C8	0	0	1	Inf
GF7_WATER_D9	0	0	1	Inf
GF7_WATER_H2	0	0	1	Inf
GF7_WATER_H8	0	0	1	Inf
GF7_WATER	1	0	0	1
GF8_A1_COLON_D46	10	1.4561729769127	0.71294242083184	3.48362165840671
GF8_A1_D30	10	1.5687371917556	0.744608879382002	3.91556291221163
GF8_A1_D33	1	0	0	1
GF8_A1_D35	5	1.17406660650502	0.613234099642654	2.58554334566741
GF8_A2_COLON_D46	11	1.60983564461389	0.736276581304103	3.79185134541697
GF8_A2_D30	5	0.433078186094688	0.180535970315164	1.22030981687457
GF8_A2_D35	4	0.589296085172532	0.28962544688918	1.40770808247688
GF8_A3_D30	7	0.744307884883006	0.32603272045698	1.48375155642281
GF8_A4_D30	5	1.15255753250809	0.636282194953815	2.74938423724684
GF8_A4_D31	1	0	0	1
GF8_A4_D32	2	0.180772259569288	0.0843163978582202	1.09208027495633
GF8_A4_D33	2	0.0311897507985876	0.00984188603767988	1.00993971154596
GF8_A5_D30	3	0.174964058236433	0.07829291689086	1.08494338204146
GF8_A7_D32	6	1.25195849531608	0.6899955299034	3.22575993723056
GF8_ADAM_D0	11	1.4938329306367	0.67694722021432	3.095469417299
GF8_B1_COLON_D46	10	1.55313672591855	0.72237740963714	3.60201235314811
GF8_B1_D31	2	0.0232473388439668	0.00696179650478013	1.00701060289551
GF8_B1_D32	7	1.34146438959799	0.696662460679701	3.29665758560823
GF8_B1_D34	8	1.29546410568088	0.689175145310184	3.21724593420284
GF8_B2_D32	7	1.32522089001815	0.69611157752876	3.29068146745419
GF8_B3_D46	6	1.27366046024469	0.61244591787918	2.58028503925873
GF8_B4_COLON_D46	10	1.48022279985784	0.691672083641799	3.24330022338375
GF8_B4_D30	5	0.441327548446528	0.178518903299239	1.21731346468739
GF8_B4_D33	5	1.35691086437653	0.72222157671934	3.59999163430209
GF8_B5_COLON_D46	10	1.48519673502486	0.719971899877173	3.5710701874611
GF8_B5_D34	9	1.38116395586933	0.69424778512125	3.27062225991253
GF8_B5_D35	5	1.26728705060957	0.69130626914684	3.23945678208697
GF8_B6_COLON_D46	10	1.42757910794869	0.66516418398014	2.98653833358343
GF8_B6_D30	6	0.704100379356633	0.32504706896188	1.48158479504924
GF8_B6_D33	5	1.55851695453497	0.78116860876588	4.56972829336964
GF8_B6_D34	8	1.32483276868756	0.69353818463837	3.26304926054159
GF8_B6_D35	6	1.29377566022051	0.702123937135706	3.35710090426292
GF8_B7_D33	5	1.34565180380475	0.684550509166891	3.17007961356659
GF8_C1_COLON_D46	7	1.41113315317027	0.684762435821246	3.17221078206579
GF8_C1_D31	1	0	0	1
GF8_C1_D32	6	1.4753869634959	0.72197822140432	3.5968405246924
GF8_C1_D33	4	0.990298038475443	0.580082864919881	2.38142222943392
GF8_C1_D34	10	1.58521135673733	0.744178116736256	3.90896973801507
GF8_C2_COLON_D46	7	1.48638289999351	0.7352567037676	3.77724389713033
GF8_C2_D30	6	1.32213375509945	0.68798552142926	3.20497947589083
GF8_C2_D31	1	0	0	1
GF8_C3_D30	9	0.77646853971854	0.351677785770032	1.54244290578217
GF8_C4_COLON_D46	7	1.49110067812905	0.739910315698916	3.84482761277984
GF8_C4_D30	8	0.764535165842438	0.347743098820097	1.53313824382854
GF8_C4_D35	5	1.40385120433279	0.7201359405421	3.57316334915248
GF8_C5_COLON_D46	7	1.5363089283325	0.75099563870826	4.01599391597954
GF8_C5_D30	4	0.0756731933468024	0.02401505998492	1.02460597392471
GF8_C5_D35	7	1.55084142657033	0.744873264875686	3.9196205741148
GF8_C6_COLON_D46	8	1.5383066483981	0.755877723773108	4.0963078644678
GF8_C6_D30	3	0.0683838641546125	0.0220628035670198	1.02256055260756
GF8_C6_D32	2	0.687934914671921	0.49479679633038	1.97940154127359
GF8_C6_D34	5	1.50499467256206	0.75907852676116	4.15073005555067
GF8_C7_COLON_D46	9	1.50352918962267	0.73839976246054	3.82262649837678
GF8_C7_D30	1	0	0	1
GF8_C7_D33	6	1.50831320376552	0.749482263397425	3.99173333418071
GF8_C7_D34	0	0	1	Inf
GF8_C7_D35	8	1.56032507529035	0.754447132168337	4.07244276489388
GF8_INOC	11	1.47269302311156	0.648153584954157	2.84214917997589
GF9_A_DAM_D0	8	1.4008570871286	0.703530910245715	3.37303292167424
GF9_A1_COLON_D33	3	1.02294989644592	0.618130607903215	2.61869639383549
GF9_A1_D16	7	1.34716842905206	0.67598203462004	3.08624862460126
GF9_A1_D19	6	1.51862381775483	0.75067781612468	4.01087454175388
GF9_A1_D20	5	1.43029081283671	0.736935353245382	3.8013469781547
GF9_A1_D21	5	1.1628401467459	0.640648329831299	2.78278934819071
GF9_A2_COLON_D33	5	1.28507160596257	0.6679820583368	3.01188542700624
GF9_A2_D21	8	1.36202960521611	0.702228747955063	3.35828255122858
GF9_A3_COLON_D33	9	1.61556433415328	0.75365515589716	4.05935023175292
GF9_A3_D18	8	1.38824691823032	0.69354674623336	3.2631404225895
GF9_A3_D19	5	1.27934093260366	0.65549134843646	2.90268472347947
GF9_A3_D21	6	1.18622878420334	0.646281092795535	2.82710361146162
GF9_A4_COLON_D33	9	1.67216600182412	0.77554534217932	4.45524280809942
GF9_A4_D16	7	0.891028221560436	0.40940149787344	1.69319765695191
GF9_A4_D17	9	1.4672765316792	0.72757073025028	3.67067753372718
GF9_A4_D18	8	1.45462415060944	0.71685898678449	3.53180907507335
GF9_A4_D19	5	1.19925382709267	0.60840310894802	2.553646422763
GF9_A4_D20	6	1.52469606909658	0.764176508783831	4.24045965413743
GF9_A5_COLON_D33	8	1.60136854855786	0.74829846416378	3.97295946835498
GF9_A5_D18	8	1.42447345521615	0.70898966490268	3.43630407375593
GF9_A5_D19	5	1.4230097507813	0.72532400667854	3.64065307603958
GF9_A6_COLON_D33	9	1.62931447469633	0.742309290996747	3.88062108978626
GF9_A6_D16	11	1.50216868908258	0.715392696817074	3.51361327982953
GF9_A6_D21	5	1.27721391055717	0.693047899364233	3.25783729099353
GF9_A7_D16	4	0.103551924386667	0.0354501758233399	1.03675307893358
GF9_A7_D20	7	1.53801197155186	0.762373068236666	4.2082772040164
GF9_C1_COLON_D33	8	1.32464822158935	0.6419697695394	2.79306023604073
GF9_C1_D16	6	0.415527121866187	0.16715434805452	1.20070267241482
GF9_C1_D17	7	1.15860128904052	0.587127573659099	2.42205566707988
GF9_C1_D19	5	1.35512050375597	0.70229869618234	3.3590716170074
GF9_C1_D21	6	1.30631859862689	0.66775740061038	3.00984883286235
GF9_C2_COLON_D33	7	1.27796396414837	0.613735653675024	2.58890060528307
GF9_C2_D16	8	1.45750677634223	0.71847510487918	3.55208373160334
GF9_C2_D18	7	1.51641330740123	0.74056023823482	3.85445929026525
GF9_C2_D21	7	1.50322559858691	0.72551809034892	3.64322734883037
GF9_C3_D16	8	1.50637840466461	0.73972090119118	3.8420295927585
GF9_C3_D17	8	1.12285982265296	0.54166044318988	2.1817885564136
GF9_C3_D19	5	1.21684728252077	0.6097260491272	2.5623027049682
GF9_C3_D20	5	1.50240972468823	0.75645587736468	4.10603216033009
GF9_C3_D21	5	1.42291360915104	0.73286850450198	3.74347471882967
GF9_C4_COLON_D33	7	1.45712285247583	0.710213114646977	3.45081178805516
GF9_C4_D16	8	1.53758125825515	0.740588465904639	3.85487871033674
GF9_C4_D17	6	0.792844585645242	0.372183124666	1.59282115420679
GF9_C4_D19	5	1.49592734737489	0.75401680298506	4.06531833123245
GF9_C5_COLON_D33	7	1.34049399234437	0.6373928191008	2.75780528537847
GF9_C5_D17	8	0.930582179811296	0.441080416316139	1.78916615053808
GF9_C5_D18	5	1.31489000824487	0.697836929357419	3.30947126620535
GF9_C5_D20	5	0.776365273808795	0.35874752359298	1.55944816868867
GF9_C5_D21	7	1.62034233483039	0.784039558322881	4.63047765708449
GF9_C6_COLON_D33	7	1.32287681217081	0.62777884529684	2.68657486917283
GF9_C6_D16	8	1.4487017710993	0.724442799904953	3.62901059981402
GF9_C6_D20	5	1.33341542727165	0.69098161747017	3.23605344061843
GF9_C6_D21	7	1.63733153177572	0.78910422426364	4.74167866335121
GF9_C7_COLON_D33	7	1.2318099972859	0.595748000292594	2.47370452273283
GF9_C7_D16	8	1.46175921810813	0.72882850722318	3.68770326762563
GF9_C7_D17	7	1.08122787480241	0.52472971679498	2.104065908048
GF9_INOC	9	1.44564096306308	0.710615210881895	3.45560664417602
Gn3_6A_dam	0	0	1	Inf
Gn3_6Adam_Stool	0	0	1	Inf
Gn3_6B_dam_210806	0	0	1	Inf
Gn3_6B_dam_210818	0	0	1	Inf
Gn3_6C_dam	9	1.27772122864939	0.592108662112282	2.4516333324913
Gn3_6Cdam_Stool_210816	9	1.60078442400722	0.74469948812032	3.91695258516085
Gn3_6Cdam_Stool_211105-1	7	1.29651984008825	0.65064912599056	2.86245169082639
Gn3_6Cdam_Stool_211105-2	7	1.37645224744583	0.683938304554834	3.16393923848166
Gn3_6Cdam_Stool_211105-3	7	1.40509886431243	0.70238126923976	3.360003577213
Gn3_6D_dam	9	1.45353159582873	0.646609995693753	2.82973481936235
Gn3_6Ddam_Stool	9	1.74012110847678	0.7790935046877	4.52680215937644
Gn3_6E_dam	9	1.57630181820738	0.7346069909186	3.76799676623466
Gn3_6Edam_Stool	9	1.36017242701588	0.675381562604526	3.0805397500627
Gn3_6F_dam	9	1.51355219243908	0.697295377795477	3.30355048005957
Gn3_7A_dam_210806	10	1.49036630932434	0.673724186562491	3.06489160034391
Gn3_7A_dam	10	1.4077300574589	0.659432321935498	2.93627394614531
Gn3_7ADam_Stool_210806	10	1.56924834447627	0.7305578359427	3.71137161660912
Gn3_7Adam_Stool_210823	10	1.59793258521227	0.743161942779161	3.8935039877683
Gn3_7C_dam	9	1.18240096564303	0.59872737708082	2.49207133226582
Gn3_7D_dam_210806	7	1.02127558797769	0.53888429768022	2.16865310586736
Gn3_7D_dam_210818	6	1.0753070980227	0.537532117437211	2.162312319849
Gn3_7E_dam	8	1.31109546569327	0.6671656708673	3.00449777102561
Gn3_7Edam_Stool	8	1.18712830462643	0.5601179834142	2.27333685464486
Gn3_7F_dam	8	1.36986103627321	0.688745610684251	3.21280609792641
Gn3_7Fdam_Stool	8	1.28981163332644	0.64773085363506	2.83873853364391
Gn3_8Ddam_Stool_211105-1	0	0	1	Inf
Gn3_8Ddam_Stool_211105-2	6	0.967168600942754	0.547819382365051	2.21150567052238
Gn3_A_Innoc	10	1.88946967307027	0.810728002682212	5.28340174020038
Gn3_A1_Cwash	1	0	0	1
Gn3_A1_Stool	3	0.18212520388731	0.0742194936082599	1.08016964398779
Gn3_A2_Cwash	1	0	0	1
Gn3_A3_Cwash	1	0	0	1
Gn3_A3_Stool_DoL10	2	0.086693386594707	0.0336943722380001	1.03486927041503
Gn3_A3_Stool_DoL11	2	0.127031581282775	0.05406603048312	1.05715624158284
Gn3_A4_Cwash	1	0	0	1
Gn3_A5_Cwash	1	0	0	1
Gn3_A5_Stool_Dol10	2	0.101068653079227	0.0407009837004799	1.04242783846218
Gn3_A5_Stool_dol11	4	0.227552402683001	0.100610671058973	1.11186553789496
Gn3_A5_Stool_dol12	2	0.119449748219908	0.0500729489395202	1.05271241500452
Gn3_A6_Cwash	1	0	0	1
Gn3_AB_Innoc	11	1.90934427262017	0.81013833302594	5.26699262646117
Gn3_AB10_Cwash	1	0	0	1
Gn3_AB10_Stool	1	0	0	1
Gn3_AB11_Cwash	0	0	1	Inf
Gn3_AB12_Cwash	0	0	1	Inf
Gn3_AB12_Stool	1	0	0	1
Gn3_AB6_Cwash	1	0	0	1
Gn3_AB6_Stool	3	0.926939601036116	0.57290022252662	2.34137326391449
Gn3_AB7_Cwash	1	0	0	1
Gn3_AB7_Stool	3	0.690463824742179	0.414005851531945	1.70650168199506
Gn3_AB8_Cwash	2	0.676654260971704	0.4835979539195	1.93647567353773
Gn3_AB8_Stool	6	1.07180379930914	0.58041508018051	2.38330777099952
Gn3_AB9_Stool	7	1.22019251823668	0.6520019543427	2.87357935620356
Gn3_B_Innoc	9	1.56059186083101	0.70367584347092	3.37468268437259
Gn3_B1_Cwash	0	0	1	Inf
Gn3_B1_Stool	1	0	0	1
Gn3_B10_Cwash	1	0	0	1
Gn3_B11_Cwash	2	0.628820207225447	0.43706465336862	1.77640293149831
Gn3_B13_Cwash	1	0	0	1
Gn3_B13_Stool	4	0.134857309794444	0.0455645435365108	1.04773978505089
Gn3_B14_Cwash	1	0	0	1
Gn3_B14_Stool	3	0.132605936194823	0.0554224190146202	1.05867429010628
Gn3_B15_Cwash	1	0	0	1
Gn3_B15_Stool	3	0.190193188760441	0.07531175015902	1.08144555764818
Gn3_B16_Cwash	1	0	0	1
Gn3_B2_Cwash	0	0	1	Inf
Gn3_B2_Stool	3	0.0541236088682003	0.0166823656936599	1.0169653885089
Gn3_B3_Cwash	0	0	1	Inf
Gn3_B3_Stool	4	0.0735427954780134	0.0250482742703401	1.02569180976791
Gn3_B4_Cwash	0	0	1	Inf
Gn3_B4_Stool	1	0	0	1
Gn3_B5_Cwash	0	0	1	Inf
Gn3_B5_Stool	4	0.182904848209873	0.07236268907094	1.07800752321882
Gn3_B6_Cwash	0	0	1	Inf
Gn3_B6_Stool	3	0.39872920189921	0.21118878874682	1.26773046038647
Gn3_B7_Stool	1	0	0	1
Gn3_B9_Cwash	2	0.489661526328433	0.31074491613438	1.45084167445178
Gn3_BP7_Cwash	2	0.268674961994595	0.14030229884238	1.16319957428461
Gn3_BP8_Cwash	2	0.342508570272873	0.1928170228875	1.23887647330876
Gn3_BV7_Cwash	0	0	1	Inf
Gn3_BV8_Cwash	0	0	1	Inf
Gn3_E1_Cwash	1	0	0	1
Gn3_E2_Cwash	1	0	0	1
Gn3_F1_Stool	4	0.956103184601862	0.5580054386857	2.26247127798685
Gn3_F2_Stool	5	0.856247108289613	0.48205459192864	1.93070540720428
Gn3_PBS_Innoc	0	0	1	Inf
Gn3_PBS1_Cwash	0	0	1	Inf
Gn3_PBS2_dam	0	0	1	Inf
Gn3_PBS3_Cwash	0	0	1	Inf
Gn4_E_Innoc	11	1.19755048902757	0.519250604964774	2.08008582086042
Gn4_F_Innoc	10	1.30568342041525	0.57285208064079	2.34110937845644
Gn4_G_Innoc	1	0	0	1
Gn4_H_Innoc	7	0.811356104559551	0.38469024035338	1.62519768998027
Gn4_I_Innoc	4	0.769350130561882	0.485508190664157	1.94366553918691
gnoto1_A_inoc	10	1.52628893298591	0.68795959011958	3.20471313437647
gnoto1_AM1_d10	5	0.620949798385519	0.33159628878056	1.49610180675926
gnoto1_AM1_d20_colon	6	1.40317842526853	0.70563708230188	3.39716703387733
gnoto1_AM2_d10	6	0.922255924817296	0.44496143885716	1.8016766221449
gnoto1_AM2_d20_colon	6	1.38380152393561	0.70274157964112	3.36407627677191
gnoto1_AM3_d10	6	1.27238930249001	0.685164607592032	3.17626297460288
gnoto1_AM3_d20_colon	6	1.41715370607316	0.70824132471714	3.42749019898209
gnoto1_AM4_d10	6	0.729729359849868	0.3258053960282	1.48325126619054
gnoto1_AM4_d20_colon	6	1.36028187658231	0.691043003258694	3.23669640288908
gnoto1_AP1_d10	4	0.107275895220532	0.0372660820282599	1.03870859988684
gnoto1_AP1_d19_colon	6	1.47992720736322	0.759205483966349	4.15291849861004
gnoto1_AP2_d10	4	0.133803650927372	0.0460740687457799	1.04829941952118
gnoto1_AP2_d19_colon	5	1.48382092169045	0.760362197324893	4.17296431880477
gnoto1_AP3_d10	6	0.522645880260383	0.22036810381818	1.28265660358102
gnoto1_AP3_d20_colon	6	1.52497790574965	0.75956073054726	4.15905439355262
gnoto1_AP4_d10	5	0.333169834373744	0.13536471383206	1.15655700848388
gnoto1_AP4_d20_colon	6	1.32659799132953	0.67674829518056	3.09356450434987
gnoto1_B_inoc	9	1.34278419481585	0.634360330233288	2.73493300286051
gnoto1_BA1_d10	5	0.594509206688523	0.306084692490455	1.44109805501912
gnoto1_BA1_d20_colon	6	1.05928503789895	0.56682219096782	2.30852084097806
gnoto1_BA2_d10	5	0.704110623196273	0.43307679099662	1.76390732310633
gnoto1_BA2_d20_colon	6	1.1667838194209	0.63279493846294	2.72327400884444
gnoto1_BA3_d10	5	0.620222715628797	0.323500123626722	1.47819687028031
gnoto1_BA3_d20_colon	6	1.0811621421686	0.563001673268369	2.28833828147383
gnoto1_BA4_d10	5	0.39717345592785	0.159863904366798	1.19028334242241
gnoto1_BA4_d20_colon	6	1.15361198821467	0.606709054103523	2.54264688885877
gnoto1_BM1_d10	4	0.666886066299757	0.3523195861347	1.54397134542341
gnoto1_BM1_d20_colon	5	1.1177913639606	0.606493356858	2.54125315907092
gnoto1_BM2_d10	5	0.57889225567493	0.2807778861033	1.39039106373143
gnoto1_BM2_d20_colon	5	1.07922779776117	0.59859748323596	2.49126489804208
gnoto1_BM3_d10	5	0.851312781194485	0.52734311163316	2.11569962188698
gnoto1_BM3_d20_colon	5	1.20070673889978	0.64493867967316	2.81641491976508
gnoto1_BM4_d10	4	0.916989200102727	0.504487335569648	2.0181118905399
gnoto1_BM4_d20_colon	5	1.04432372021674	0.598960410244796	2.4935194069254
gnoto1_BM5_d10	5	0.750784574868822	0.359917604360117	1.56229886466462
gnoto1_BM5_d20_colon	5	1.07033318016245	0.54767935312358	2.21082103349842
gnoto1_BP1_d10	3	0.448106272413918	0.26720625940278	1.3646404773941
gnoto1_BP1_d20_colon	6	0.580791506466922	0.25295966087476	1.33861579840651
gnoto1_BP2_d10	2	0.245853328550698	0.12505127022878	1.14292411197794
gnoto1_BP2_d20_colon	6	0.525730777742189	0.22762865290037	1.29471400480501
gnoto1_BP3_d10	5	0.335695100869397	0.154387723451043	1.18257507339075
gnoto1_BP3_d20_colon	6	1.01218247461088	0.478458572422741	1.91739322539601
gnoto1_BP4_d10	5	0.414484654080487	0.18818984568132	1.23181509208795
gnoto1_BP4_d20_colon	6	0.6850681272067	0.3072348866396	1.44349070228045
gnoto2_BA1_d10	4	0.677314895117751	0.35999346903347	1.5624840554202
gnoto2_BA1_d20_colon	4	1.20316159486171	0.676901486804776	3.09503126495595
gnoto2_BA2_d10	2	0.412431877236353	0.24674625219822	1.32757387921175
gnoto2_BA2_d20_colon	5	1.2014961468213	0.63449051147782	2.73590708696285
gnoto2_BA3_d10	5	0.4728439925487	0.230475902895357	1.29950446485371
gnoto2_BA3_d20_colon	5	1.16603527047432	0.633810564147246	2.730827003983
gnoto2_BA4_d10	4	0.367591514392508	0.168867961766	1.20317826049013
gnoto2_BA5_d10	2	0.666453982368713	0.4735451697795	1.89949819546942
gnoto2_BA5_d20_colon	4	1.05300553234472	0.57104539608034	2.33124901997157
gnoto2_BA6_d20_colon	5	1.28099402438396	0.6355536396612	2.74388801433048
gnoto2_BA7_d20_colon	5	1.10492789905814	0.61226019264954	2.57904909695317
gnoto2_BM1_d10	4	0.635080586537526	0.359383723968872	1.56099686725944
gnoto2_BM1_d20_colon	5	1.03702337560714	0.590762632521701	2.44356962357067
gnoto2_BM2_d10	5	0.437913024820621	0.204253463865905	1.25668156201874
gnoto2_BM2_d20_colon	4	0.851865981393194	0.47106587098534	1.89059458474135
gnoto2_BM3_d10	5	0.998370220385858	0.51803904487742	2.07485687247355
gnoto2_BM3_d20_colon	6	1.1954239369798	0.64316837371228	2.8024421781316
gnoto2_BM4_d10	4	0.42581029893729	0.205949596736359	1.25936589905361
gnoto2_BM4_d20_colon	5	1.21758480587297	0.65240760354284	2.8769328966701
gnoto2_BM5_d10	5	1.05916168285578	0.572982571022	2.34182478779226
gnoto2_BM5_d20_colon	5	1.13148880779874	0.61808381873959	2.61837557314218
gnoto2_BM6_d10	5	0.625774616235782	0.32613262106538	1.48397152208346
gnoto2_BM6_d20_colon	6	1.2048308184833	0.641255895607493	2.78750225510573
gnoto2_BM7_d10	2	0.387287527212703	0.22690166188928	1.2934965071116
gnoto2_BM7_d20_colon	5	1.13888260534238	0.62578674277554	2.6722730440311
gnoto2_BP1_d10	5	0.644058388571988	0.300523132190643	1.42963984374756
gnoto2_BP1_d20_colon	6	0.950670989951925	0.47339199125502	1.89894567381004
gnoto2_BP2_d10	4	0.648932552030076	0.408711899572936	1.69122294069125
gnoto2_BP2_d20_colon	5	1.37395955952858	0.695131469285947	3.28010240236286
gnoto2_BP3_d10	5	0.73326795893342	0.3499603827052	1.53836777543128
gnoto2_BP4_d10	5	0.849509293371306	0.48009864602146	1.92344180746503
gnoto2_BP4_d20_colon	4	0.574308938082251	0.288275462686205	1.40503797125531
gnoto2_BP5_d10	4	0.726030756527641	0.3582745025079	1.55829868675634
gnoto2_BP5_d20_colon	5	0.720774098771026	0.355639570946971	1.55192646058298
gnoto2_BP6_d10	4	0.420317038482989	0.20436038127574	1.25685043387283
gnoto2_BP6_d20_colon	6	0.819680086367882	0.382701550350246	1.61996194963293
gnoto2_INOC_microA	10	1.57982030278343	0.710539608553695	3.45470409614056
gnoto2_INOC_microB	9	1.53699886879938	0.726050396723593	3.65030643607478
