Sample	c__Actinobacteria	c__Alphaproteobacteria	c__Bacilli	c__Bacteroidia	c__Betaproteobacteria	c__Clostridia	c__Coriobacteriia	c__Epsilonproteobacteria	c__Erysipelotrichia	c__Fusobacteriia	c__Gammaproteobacteria	c__Negativicutes	c__Proteobacteria_unclassified	c__Tissierellia	c__Verrucomicrobiae
B0	0	0	0	0	0	0	0	0	0	0	0	0	0	0	0
B1	0	0	2.32868	0	0	71.11662	0	0	4.02032	0	22.38963	0.14474	0	0	0
B1-colon	0.38186	0	0.09085	0	0	75.83628	0	0.59563	13.83594	0	1.49469	6.06231	0	1.70243	0
B1-d31	0	0	3.55941	0	0	3.0725	0	0	0	0	93.36809	0	0	0	0
b1-d33	0	0	6.05101	0	0	14.34736	0	0	0.6068	0	78.61247	0	0	0.38236	0
B1-d39	0	0	1.7724	0	0	56.25723	0	0	26.3323	0	11.96294	2.62734	0	1.0478	0
B1-d40	0	0	1.68631	0	0	53.28212	0	0	24.82659	0	15.68801	3.47227	0	1.04469	0
B1-d48	0.20184	0	1.54789	0	0	66.37066	0	1.46598	17.34769	0	5.86755	6.09007	0	1.10832	0
B19	2.43851	0	1.45915	0	0	61.88963	0	1.62405	21.42473	0	5.61034	3.46248	0	2.09112	0
B2-d29	0	0	0.23316	0	0	0	0	0	0	0	99.76684	0	0	0	0
b2-d33	0	0	1.54524	0	0	24.056	0	0	4.53197	0	68.48894	0	0	1.37785	0
B2-d39	0	0	3.12273	0	0	65.24583	0	0	20.18957	0	11.07654	0.36534	0	0	0
B3	0	0	1.36611	0	0	79.30079	0	0	9.47651	0	8.38138	1.47522	0	0	0
B3-d34	0	0	2.56496	0	0	38.60814	0	0	14.44297	0	43.6079	0	0	0.77603	0
B3-d39	0	0	1.96718	0	0	56.98399	0	0	28.55902	0	11.52164	0.90317	0	0.06501	0
B3-d40	0	0	3.79679	0	0	57.17518	0	0	17.05069	0	19.02759	2.90252	0	0.04723	0
B3-d48	1.04427	0	1.20745	0	0	65.16364	0	1.45711	20.31298	0	4.17296	5.85557	0	0.78602	0
B4-d29	0	0	1.09048	0	0	1.88138	0	0	0	0	97.02814	0	0	0	0
B4-d34	0	0	2.37855	0	0	26.71792	0	0	3.5878	0	67.01564	0.1092	0	0.19089	0
B4-d40	0	0	2.79956	0	0	51.15479	0	0.00252	24.39993	0	17.34479	4.27037	0	0.02804	0
B4-d48	0	0	1.50378	0	0	70.25149	0	1.62731	13.95921	0	6.89401	5.69167	0	0.07253	0
B5-d29	0	0	0.07981	0	0	0	0	0	0	0	99.92019	0	0	0	0
b5-d33	0	0	5.5417	0	0	11.87009	0	0	0.19784	0	82.39037	0	0	0	0
B5-d39	0.00433	0	1.72409	0	0	52.33568	0	0	26.53742	0	15.04445	3.94144	0	0.41259	0
B5-d40	0	0	2.2501	0	0	66.4731	0	0	18.33341	0	11.7029	1.24048	0	0	0
B5-d48	0.32423	0	1.27133	0	0	69.64577	0	1.26579	13.26462	0	7.47243	5.3786	0	1.37723	0
B6-d29	0	0	0.93581	0	0	0	0	0	0	0	99.06419	0	0	0	0
b6-d33	0	0	5.50935	0	0	9.11407	0	0	0.4913	0	84.88529	0	0	0	0
B6-d34	0	0	3.20839	0	0	27.81425	0	0	9.25291	0	59.10915	0	0	0.61529	0
B6-d39	0	0	2.37694	0	0	63.51686	0	0	24.60738	0	9.2516	0.24722	0	0	0
B6-d40	0	0	2.57808	0	0	61.49008	0	0	17.52628	0	14.4953	3.91026	0	0	0
B6-d48	0.79154	0	1.50739	0	0	65.43913	0	1.53435	16.60002	0	5.88894	6.37887	0	1.85976	0
B7-d29	0	0	0.40239	0	0	0	0	0	0	0	99.59761	0	0	0	0
b7-d33	0	0	5.27567	0	0	16.37161	0	0	0.54056	0	77.81216	0	0	0	0
B7-d40	0	0	4.71936	0	0	46.15338	0	0	25.2548	0	19.80448	4.06799	0	0	0
B7-d48	1.8771	0	1.17204	0	0	62.59947	0	1.45257	19.04269	0	5.41664	6.16162	0	2.27787	0
C0	0	0	0	0	0	0	0	0	0	0	0	0	0	0	0
C1	0	0	1.257	0	0	79.72532	0	0	6.0592	0	12.81694	0.14154	0	0	0
C1-d33	0	0	3.19563	0	0	0.11089	0	0	0	0	96.69348	0	0	0	0
C1-d44	0	0	1.26775	0	0	66.25834	0	0	17.6158	0	14.85811	0	0	0	0
C1-d45	0	0	0.43969	0	0	85.85821	0	0	9.9528	0	3.74931	0	0	0	0
C1-d53	0	0	1.46484	0	0	67.53988	0	0	16.9789	0	8.13504	5.88135	0	0	0
C19	0.91754	0	1.54636	0	0	72.72041	0	1.11509	14.51288	0	3.93751	3.66717	0	1.58305	0
C2-colon	0.05664	0	0.80869	0	0	74.41438	0	0	15.92951	0	4.44684	4.34394	0	0	0
C2-d33	0	0	0	0	0	0	0	0	0	0	100	0	0	0	0
C2-d37	0	0	11.64609	0	0	14.88151	0	0	4.3921	0	69.08031	0	0	0	0
C2-d44	0	0	1.43903	0	0	73.93114	0	0	13.46237	0	11.16746	0	0	0	0
C2-d45	0	0	3.23379	0	0	53.97723	0	0	33.57691	0	9.21207	0	0	0	0
C2-d49	0	0	1.92929	0	0	61.323	0	0	23.59549	0	10.53664	2.61558	0	0	0
C2-d53	0	0	1.16338	0	0	69.69687	0	0	16.25061	0	7.19481	5.69433	0	0	0
C3	0	0	2.04457	0	0	63.90964	0	0	12.8492	0	19.58402	1.61258	0	0	0
C3-colon	0	0	1.16085	0	0	74.81502	0	0	18.51596	0	2.33101	3.17716	0	0	0
C3-d33	0	0	2.77912	0	0	0.17999	0	0	0	0	97.0409	0	0	0	0
C3-d44	0	0	1.1243	0	0	69.05729	0	0	19.78618	0	10.03222	0	0	0	0
C3-d45	0	0	1.22467	0	0	69.64693	0	0	16.33307	0	12.79533	0	0	0	0
C3-d53	0	0	1.13475	0	0	64.89535	0	0	20.6894	0	6.82437	6.45614	0	0	0
C4-d33	0	0	39.26759	0	0	5.59725	0	0	0	0	55.13516	0	0	0	0
C4-d44	0	0	1.52302	0	0	72.98907	0	0	15.82774	0	9.63148	0.02869	0	0	0
C4-d45	0	0	0	0	0	66.96884	0	0	30.62652	0	2.40464	0	0	0	0
C4-d53	0	0	1.27466	0	0	70.86327	0	0	14.67526	0	7.05318	6.13363	0	0	0
C5-d34	0	0	71.29989	0	0	10.99422	0	0	0.24155	0	17.46433	0	0	0	0
C5-d44	0	0	1.6703	0	0	71.48558	0	0	19.02976	0	7.81436	0	0	0	0
C5-d45	0	0	1.57584	0	0	76.69648	0	0	16.02173	0	5.70595	0	0	0	0
C5-d53	0	0	1.21093	0	0	71.1498	0	0	15.24924	0	6.60598	5.78406	0	0	0
C6-d33	0	0	86.44359	0	0	0.10102	0	0	0	0	13.45539	0	0	0	0
C6-d37	0	0	34.09464	0	0	4.7698	0	0	0.98104	0	60.15451	0	0	0	0
C6-d44	0	0	2.72121	0	0	53.23836	0	0	22.64526	0	21.39518	0	0	0	0
C6-d49	0	0	1.30648	0	0	75.09269	0	0	15.67005	0	3.84863	4.08214	0	0	0
C6-d53	0	0	1.14587	0	0	75.19974	0	0	12.22493	0	5.92764	5.34375	0	0.15807	0
C7-d33	0	0	58.84773	0	0	1.37995	0	0	0	0	39.77232	0	0	0	0
C7-d38	0	0	16.63315	0	0	11.42444	0	0	9.16195	0	62.78046	0	0	0	0
C7-d44	0	0	1.52403	0	0	62.99491	0	0	20.0141	0	15.46695	0	0	0	0
C7-d45	0	0	1.58762	0	0	73.35022	0	0	15.03512	0	10.02705	0	0	0	0
C7-d53	0.07964	0	1.79079	0	0	61.6641	0	0	19.81234	0	10.62078	6.03236	0	0	0
C8-d35	0	0	5.67263	0	0	1.27668	0	0	0	0	93.05069	0	0	0	0
C8-d38	0	0	21.67674	0	0	38.32331	0	0	20.88168	0	19.11827	0	0	0	0
C8-d44	0	0	4.1065	0	0	58.50809	0	0	25.0592	0	12.32621	0	0	0	0
C8-d45	0	0	2.49721	0	0	69.05419	0	0	22.60384	0	5.84475	0	0	0	0
C8-d53	0	0	1.12861	0	0	71.73469	0	0	15.57288	0	5.85754	5.70629	0	0	0
CONV_MERO1_COLON	0	0	51.80815	32.01625	0	16.1756	0	0	0	0	0	0	0	0	0
CONV_MERO1_D0	0	0	44.97985	5.81218	0	5.59076	0	0	0	0	0	0	0	0	43.61721
CONV_MERO1_D1	0	0	89.60055	0.26921	0	0.33459	0	0	0	0	0	0	0	0	9.79566
CONV_MERO1_D3	0	0	96.84139	0	0	3.15861	0	0	0	0	0	0	0	0	0
CONV_MERO2_COLON	0	0	43.21215	14.57135	0	42.2165	0	0	0	0	0	0	0	0	0
CONV_MERO2_D0	0	0	30.49291	10.64572	0	10.44391	0	0	0	0	0.20283	0	0	0	48.21463
CONV_MERO2_D3	0	0	99.69623	0	0	0.30377	0	0	0	0	0	0	0	0	0
CONV_MERO3_COLON	0	0	4.56523	94.05712	0	1.37764	0	0	0	0	0	0	0	0	0
CONV_MERO3_D1	0	0	49.58784	26.41518	0	23.99699	0	0	0	0	0	0	0	0	0
CONV_MERO3_D3	0	0	4.18388	90.40058	0	5.41554	0	0	0	0	0	0	0	0	0
CONV_MERO4_COLON	0	0	43.26364	24.16463	0	32.57173	0	0	0	0	0	0	0	0	0
CONV_MERO4_D0	0	0	9.77129	77.75885	1.05766	3.43882	0	0	0	0	0	0	0	0	7.97338
CONV_MERO4_D1	0	0	0.35332	0	0	99.64668	0	0	0	0	0	0	0	0	0
CONV_MERO4_D3	0	0	32.11285	0	0	67.88715	0	0	0	0	0	0	0	0	0
CONV_PBS1_COLON	0	0	6.98937	33.8989	2.44024	49.16072	0	0	0	0	0	0	0	0	7.51078
CONV_PBS1_D0	0	0	19.54352	1.34581	0	4.33203	0	0	0	0	0	0	0	0	74.77864
CONV_PBS1_D3	0	0	3.35597	70.6241	1.57181	9.70827	0	0	0	0	1.64461	0	0	0	13.09525
CONV_PBS2_COLON	0	0	1.433	60.23488	1.89022	29.74769	0	0	0	0	0	0	0	0	6.6942
CONV_PBS2_D1	0	0	7.94678	51.79965	3.508	13.52174	0	0	0	0	1.12966	0	0.10116	0	21.99303
CONV_PBS2_D3	0	0	3.14713	74.31692	2.15237	7.65862	0	0	0	0	0	0	0	0	12.72496
CONV_PBS3_COLON	0	0	0	47.30147	0.84857	46.59387	0	0	0	0	0	0	0	0	5.25609
CONV_PBS3_D1	0	0	7.62189	13.9034	0.80066	34.88361	0	0	22.16733	0	5.56644	0	0	4.01006	11.0466
CONV_PBS4_COLON	0	0	0	54.79447	2.42976	29.27232	0	0	0	0	0	0	0	0	13.50345
CONV_PBS4_D0	0	0	1.35989	76.86505	1.17127	5.39144	0	0	0	0	0.21468	0	0	0	14.99767
CONV_PBS4_D1	0	0	0.13255	63.7768	1.83929	18.15167	0	0	0	0	0.27939	0	0.07425	0	15.74604
CONV_PBS4_D3	0	0	2.78885	75.19666	2.29928	5.49936	0	0	0	0	0.04449	0	0.10446	0	14.06691
CONV_WATER_F12	0	0	0	0	0	0	0	0	0	0	0	0	0	0	0
GF1_A10	0.37889	0	2.73172	0	0	61.02846	0	0	19.24484	0	11.09603	2.66641	0	2.85365	0
GF1_B_mom_d32	2.61501	0	3.3564	0	0	55.94312	0	2.12565	20.10749	0	6.54682	5.29674	0	4.00878	0
GF1_B10	0	0	2.79574	0	0	51.10186	0	0.85487	31.11821	0	9.01956	4.14865	0	0.96112	0
GF1_B14	0	0	1.83001	0	0	75.82995	0	0.86091	14.19298	0	3.45688	3.20471	0	0.62456	0
GF1_B17	1.76933	0	2.36627	0	0	60.46195	0	1.77103	19.29567	0	7.25958	4.77978	0	2.2964	0
GF1_B25	3.11903	0	1.65911	0	0	64.06079	0	1.76194	15.91911	0	4.6133	4.90961	0	3.95711	0
GF1_B3_d38	0.18711	0	0.67903	0	0	59.13489	0	0	31.03343	0	6.85241	0	0	2.11314	0
GF1_B5_D38	0	0	2.32762	0	0	57.2443	0	0	33.25909	0	7.16899	0	0	0	0
GF1_B6_d38	0	0	1.76203	0	0	66.4014	0	0	25.98555	0	5.85102	0	0	0	0
GF1_B7_D38	0	0	2.94926	0	0	70.22904	0	0	21.93516	0	4.88654	0	0	0	0
GF1_C_mom_d32	2.57628	0	1.89193	0	0	66.64622	0	0	17.44232	0	3.97899	3.74119	0	3.72307	0
GF1_C10	0.10668	0	2.3865	0	0	59.93828	0	1.4866	21.12827	0	10.22807	2.81619	0	1.90941	0
GF1_C14	1.44912	0	2.39429	0	0	60.45245	0	0.7504	21.65192	0	6.64195	4.73888	0	1.92098	0
GF1_C17	1.34234	0	2.00809	0	0	64.15566	0	0.54906	22.00848	0	4.38761	3.87555	0	1.67323	0
GF1_C25	1.51305	0	1.92148	0	0	65.7136	0	0.95486	19.98492	0	5.25918	2.81354	0	1.83938	0
GF1_C4_d39	0	0	13.23708	0	0	58.44652	0	0	18.18167	0	10.13473	0	0	0	0
GF1_C6_d39	0	0	19.34285	0	0	38.64275	0	0	28.50523	0	13.50917	0	0	0	0
GF1_C7_d39	0	0	26.35101	0	0	30.98996	0	0	31.28764	0	11.37139	0	0	0	0
GF1_INOC_GF1	0.05614	0	9.37675	0	0	18.53018	0	0	4.33475	0	56.20466	11.46037	0	0.03714	0
GF10_A_DAM_D0	0	0	7.57537	0	0	12.90501	0	0	3.84636	0	68.08031	7.59296	0	0	0
GF10_A1_COLON_D35	0	0	9.10604	0	0	4.68874	0	0	0.6376	0	81.42365	4.14397	0	0	0
GF10_A1_d101	0	0	24.66459	0	0	0.32224	0	0	0	0	75.01317	0	0	0	0
GF10_A1_d104_colon	0	0	0	0	0	66.36981	0	0	30.47976	0	3.15043	0	0	0	0
GF10_A1_d127_colon	0	0	1.38359	0	0	57.1922	0	0	17.03481	0	18.8082	5.58121	0	0	0
GF10_A1_D32	0	0	6.90207	0	0	42.69523	0	0.0697	20.07998	0	24.04779	5.96891	0	0.23631	0
GF10_A1_D34	0	0	5.8081	0	0	3.72995	0	0	0	0	90.46194	0	0	0	0
GF10_A1_d77	0	0	5.74666	0	0	0	0	0	0	0	94.25334	0	0	0	0
GF10_A1_d79	0	0	0	0	0	0	0	0	0	0	100	0	0	0	0
GF10_A1_d80_colon	0	0	14.06572	0	0	12.44228	0	0	0.63293	0	72.85906	0	0	0	0
GF10_A2_COLON_D35	0	0	100	0	0	0	0	0	0	0	0	0	0	0	0
GF10_A2_d101	0	0	0	0	0	0	0	0	0	0	100	0	0	0	0
GF10_A2_d103	0	0	2.04913	0	0	0.15079	0	0	0	0	97.80008	0	0	0	0
GF10_A2_d104_colon	0	0	4.11575	0	0	1.18491	0	0	0.0691	0	94.63025	0	0	0	0
GF10_A2_d127_colon	0	0	0	0	0	0	0	0	0	0	100	0	0	0	0
GF10_A2_D32	0	0	8.59217	0	0	38.39292	0	0.10904	25.76183	0	19.09123	7.82784	0	0.22497	0
GF10_A2_D33	0	0	2.44982	0	0	3.42923	0	0	0.13743	0	93.98352	0	0	0	0
GF10_A2_D34	0	0	4.36083	0	0	13.5129	0	0	3.1799	0	77.78492	1.16145	0	0	0
GF10_A2_d77	0	0	8.65798	0	0	0	0	0	0	0	91.34202	0	0	0	0
GF10_A2_d79	0	0	0	0	0	0	0	0	0	0	100	0	0	0	0
GF10_A3_COLON_D35	0	0	100	0	0	0	0	0	0	0	0	0	0	0	0
GF10_A3_d104_colon	0.35403	0	1.14946	0	0	39.74331	0	0	37.1432	0	15.99554	4.51583	0	1.09863	0
GF10_A3_d127_colon	0	0	0	0	0	0	0	0	0	0	0	0	0	0	0
GF10_A3_D33	0	0	1.85936	0	0	0.87464	0	0	0.64635	0	96.61965	0	0	0	0
GF10_A3_D34	0	0	4.20296	0	0	9.26172	0	0	2.2589	0	83.11604	1.16038	0	0	0
GF10_A3_d79	0	0	6.35215	0	0	0	0	0	0	0	93.64785	0	0	0	0
GF10_A3_d80_colon	0	0	0.44522	0	0	3.74048	0	0	1.01102	0	94.80328	0	0	0	0
GF10_A4_d101	0	0	2.74942	0	0	0.78554	0	0	0	0	96.46504	0	0	0	0
GF10_A4_d104_colon	0	0	0	0	0	77.40539	0	0	18.87685	0	3.71776	0	0	0	0
GF10_A4_d127_colon	0	0	0	0	0	0	0	0	0	0	0	0	0	0	0
GF10_A4_d77	0	0	6.82185	0	0	0	0	0	0	0	93.17815	0	0	0	0
GF10_A5_d101	0	0	1.31587	0	0	0	0	0	0	0	98.68413	0	0	0	0
GF10_A5_d104_colon	0	0	4.40762	0	0	0	0	0	0	0	95.59238	0	0	0	0
GF10_A5_d127_colon	0	0	0	0	0	0	0	0	15.54328	0	84.45672	0	0	0	0
GF10_A56_d101	0	0	2.98674	0	0	0.2386	0	0	0	0	96.77465	0	0	0	0
GF10_A6_d102	0	0	2.90735	0	0	12.82376	0	0	1.90886	0	82.36003	0	0	0	0
GF10_A6_d103	0	0	1.6323	0	0	39.71884	0	0	9.63699	0	49.01188	0	0	0	0
GF10_A6_d104_colon	0	0	0	0	0	40.35281	0	0	16.76044	0	42.88675	0	0	0	0
GF10_A6_d127_colon	0	0	0	0	0	0	0	0	0	0	0	0	0	0	0
GF10_A7_d103	0	0	0.42759	0	0	0	0	0	0	0	99.57241	0	0	0	0
GF10_A7_d104_colon	0	0	0	0	0	0	0	0	0	0	100	0	0	0	0
GF10_A7_d127_colon	0	0	0.44265	0	0	0	0	0	0	0	99.55735	0	0	0	0
GF10_A8_d102	0	0	0.79132	0	0	0	0	0	0	0	99.20868	0	0	0	0
GF10_A8_d104_colon	0.08418	0	0.90843	0	0	58.51841	0	0.64589	10.92224	0	23.53479	4.68125	0	0.70481	0
GF10_Adam_d1	0	0	3.39554	0	0	61.66269	0	0	18.67286	0	16.26891	0	0	0	0
GF10_Adam_d20	5.22338	0	2.4419	0	0	67.5339	0	0	14.40899	0	7.4192	2.88975	0	0.08288	0
GF10_C1_COLON_D55	0	0	0.69859	0	0	0	0	0	0	0	99.30141	0	0	0	0
GF10_C1_d102_colon	0	0	0	0	0	0	0	0	0	0	0	0	0	0	0
GF10_C1_d55	0	100	0	0	0	0	0	0	0	0	0	0	0	0	0
GF10_C1_d77	0	0	0.33375	0	0	22.37811	0	0	0	0	77.28815	0	0	0	0
GF10_C1_d78	0	0	0	0	0	0	0	0	0	0	0	0	0	0	0
GF10_C1_d80_colon	0	0	0	0	0	0	0	0	0	0	0	0	0	0	0
GF10_C10_COLON_D55	0	0	0	0	0	0	0	0	0	0	100	0	0	0	0
GF10_C10_d55	0	0	0	0	0	0	0	0	0	0	0	0	0	0	0
GF10_C2_COLON_D35	12.83503	0	19.11453	0	0	1.80515	0	0	0.13294	0	51.10584	0	0	15.00652	0
GF10_C2_COLON_D55	0	0	0	0	0	0	0	0	0	0	100	0	0	0	0
GF10_C2_d101	0	0	1.81701	0	0	1.32406	0	0	0	0	96.85893	0	0	0	0
GF10_C2_d103	0	0	0.02098	0	0	11.64742	0	0	22.40885	0	65.92274	0	0	0	0
GF10_C2_d104_colon	0	0	0	0	0	16.18907	0	0	36.13986	0	47.67107	0	0	0	0
GF10_C2_D32	2.81866	0	6.88325	0	0	2.87838	0	0	2.71375	0	80.58598	0	0	4.11998	0
GF10_C2_D33	0	0	2.24202	0	0	2.36957	0	0	0	0	95.38841	0	0	0	0
GF10_C2_D34	0	0	6.92085	0	0	1.15271	0	0	0.38864	0	89.67142	1.86638	0	0	0
GF10_C2_d55	30.73702	0	1.40212	0	0	63.24966	0	0	0	0	4.5357	0.07549	0	0	0
GF10_C2_d77	0	0	1.5488	0	0	55.65355	0	0	0	0	42.08245	0.71521	0	0	0
GF10_C2_d78	0	0	0	0	0	0	0	0	0	0	0	0	0	0	0
GF10_C2_d80_colon	0	0	0	0	0	0	0	0	0	0	100	0	0	0	0
GF10_C3_COLON_D35	5.01171	0	16.68483	0	0	1.83502	0	0	0	0	66.69284	0	0	9.77561	0
GF10_C3_COLON_D55	0	0	0	0	0	0	0	0	0	0	0	0	0	0	0
GF10_C3_d101	0	0	0.98472	0	0	0.70884	0	0	0	0	98.30644	0	0	0	0
GF10_C3_d102_colon	0	0	0	0	0	0	0	0	0	0	0	0	0	0	0
GF10_C3_D33	0	0	0.12742	0	0	0	0	0	0	0	99.87258	0	0	0	0
GF10_C3_d55	0	0	0	0	0	0	0	0	0	0	100	0	0	0	0
GF10_C3_d78	0	0	0	0	0	0	0	0	0	0	100	0	0	0	0
GF10_C3_d79	0	0	0	0	0	0	0	0	0	0	0	0	0	0	0
GF10_C3_d80_colon	0	0	0	0	0	0	0	0	0	0	0	0	0	0	0
GF10_C4_COLON_D55	0	0	0	0	0	0	0	0	0	0	100	0	0	0	0
GF10_C4_d102_colon	0	0	0	0	0	0	0	0	0	0	100	0	0	0	0
GF10_C4_d55	36.084	0	1.70866	0	0	58.73735	0	0	0	0	2.55053	0.87668	0	0.04279	0
GF10_C4_d77	0	0	4.86103	0	0	28.59248	0	0	0	0	61.41345	5.13304	0	0	0
GF10_C4_d80_colon	0	0	0	0	0	46.51819	0	0	11.94707	0	41.53473	0	0	0	0
GF10_C5_COLON_D55	0	0	1.00906	0	0	0	0	0	0	0	98.99094	0	0	0	0
GF10_C5_d101	0	0	1.49395	0	0	1.36712	0	0	0	0	97.13893	0	0	0	0
GF10_C5_d55	29.87981	0	1.50035	0	0	65.61753	0	0	0	0	3.00231	0	0	0	0
GF10_C5_d77	0	0	1.61777	0	0	0	0	0	0	0	98.38223	0	0	0	0
GF10_C5_d80_colon	0	0	0	0	0	0	0	0	0	0	0	0	0	0	0
GF10_C6_COLON_D55	0	0	0.72318	0	0	0	0	0	0.79117	0	98.48565	0	0	0	0
GF10_C6_d101	0	0	0.12781	0	0	0	0	0	0	0	99.87219	0	0	0	0
GF10_C6_d102_colon	0	0	0	0	0	0	0	0	0	0	0	0	0	0	0
GF10_C6_d55	30.27019	0	1.17972	0	0	62.74187	0	0	0	0	5.80822	0	0	0	0
GF10_C7_COLON_D55	0	0	0	0	0	0	0	0	0	0	100	0	0	0	0
GF10_C7_d55	0	0	0	0	0	0	0	0	0	0	0	0	0	0	0
GF10_C8_COLON_D55	0	0	0	0	0	0	0	0	0	0	100	0	0	0	0
GF10_C8_d101	0	0	1.36398	0	0	0.77434	0	0	0	0	97.86169	0	0	0	0
GF10_C8_d103	0	0	30.02357	0	0	24.72295	0	0	22.60431	0	22.64917	0	0	0	0
GF10_C8_d55	18.27397	0	2.73095	0	0	58.85031	0	0.08552	7.26789	0	10.28977	1.74869	0	0.7529	0
GF10_C9_COLON_D55	0	0	7.19971	0	0	0	0	0	0	0	92.80029	0	0	0	0
GF10_C9_d55	0	0	0	0	0	0	0	0	0	0	0	0	0	0	0
GF10_Cdam_d0	36.5025	0	0.71078	0	0	54.52009	0	0	0	0	1.13896	7.12766	0	0	0
GF10_Cdam_d1	0	0	4.04574	0	0	51.5471	0	0	24.87042	0	19.53674	0	0	0	0
GF10_Cdam_d20	3.83456	0	4.20382	0	0	69.83318	0	0	14.23004	0	7.89841	0	0	0	0
GF10_INOC	0	0	8.12138	0	0	14.96434	0	0	4.22671	0	64.26206	8.42551	0	0	0
GF11_A_DAM_D0	12.99624	0	20.90831	0	0	1.25527	0	0	1.41866	0	42.37855	0	0	21.04298	0
GF11_A1_COLON_D38	18.23328	0	31.35805	0	0	0.17126	0	0	0	0	34.36322	0.21529	0	15.65889	0
GF11_A1_D35	4.61029	0	12.27589	0	0	0	0	0	0	0	81.86477	0	0	1.24905	0
GF11_A1_D37	1.72383	0	23.62206	0	0	2.52819	0	0	0	0	72.08355	0	0	0.04235	0
GF11_A2_COLON_D38	9.85031	0	27.48098	0	0	0	0	0	0	0	49.544	0	0	13.12471	0
GF11_A2_D35	1.80078	0	25.64749	0	0	0.03536	0	0	0	0	72.46512	0	0	0.05126	0
GF11_A2_D36	0	0	24.12052	0	0	0	0	0	0	0	75.87948	0	0	0	0
GF11_A3_D36	0	0	0	0	0	0	0	0	0	0	100	0	0	0	0
GF11_A4_COLON_D38	12.59802	0	23.42302	0	0	0.23427	0	0	0	0	49.99287	0	0	13.75181	0
GF11_A4_D37	0.76533	0	4.02981	0	0	0.28289	0	0	0	0	94.92198	0	0	0	0
GF11_A5_D35	15.51447	0	3.30513	0	0	0	0	0	0	0	81.1804	0	0	0	0
GF11_B_dam_d0	0	0	0	0	0	0	0	0	0	0	0	0	0	0	0
GF11_B_dam_d111	58.71672	0	2.63994	0	0	34.20913	0	0	0	0	1.88577	0.39513	0	2.15331	0
GF11_B_dam_d20	68.40849	0	3.17522	0	0	22.36994	0	0	0	0	2.26508	0.34625	0	3.43502	0
GF11_B_dam_d7	77.25817	0	1.2033	0	0	14.25798	0	0	0	0	5.46181	0.5896	0	1.22914	0
GF11_B1_COLON_D38	9.56416	0	28.32483	0	0	0	0	0	0	0	52.51032	0	0	9.60069	0
GF11_B1_d105_colon	0	0	2.47207	0	0	16.70478	0	0	53.12622	0	27.69693	0	0	0	0
GF11_B1_D36	10.10596	0	29.64617	0	0	0.62378	0	0	0	0	45.29342	0	0	14.33068	0
GF11_B1_d71	1.74694	0	0	0	0	0.01545	0	0	0	0	98.23761	0	0	0	0
GF11_B2_COLON_D38	1.899	0	11.59457	0	0	0	0	0	0	0	84.46688	0	0	2.03955	0
GF11_B2_d105_colon	42.49539	0	3.43635	0	0	47.29495	0	0	0	0	6.77331	0	0	0	0
GF11_B2_D36	13.52404	0	23.18796	0	0	0	0	0	0	0	50.02991	0	0	13.2581	0
GF11_B2_d71	2.01421	0	9.41894	0	0	0.21354	0	0	0	0	88.35331	0	0	0	0
GF11_B2_d73	0	0	0	0	0	0	0	0	0	0	100	0	0	0	0
GF11_B2_d74_colon	0	0	0	0	0	0	0	0	0	0	0	0	0	0	0
GF11_B3_COLON_D38	0	0	7.6351	0	0	0	0	0	0	0	92.3649	0	0	0	0
GF11_B3_d105_colon	57.22703	0	1.22637	0	0	34.98183	0	0	0	0	6.56476	0	0	0	0
GF11_B3_D35	0.66057	0	4.01707	0	0	0	0	0	0	0	95.32235	0	0	0	0
GF11_B3_D37	0	0	0.52405	0	0	0	0	0	0	0	99.47595	0	0	0	0
GF11_B3_d71	0	0	1.86076	0	0	0	0	0	0	0	98.13924	0	0	0	0
GF11_B3_d72_colon	0	0	0	0	0	0	0	0	0	0	0	0	0	0	0
GF11_B4_COLON_D38	0	0	0	0	0	0	0	0	0	0	100	0	0	0	0
GF11_B4_d105_colon	73.63776	0	1.92354	0	0	20.36537	0	0	0	0	4.07333	0	0	0	0
GF11_B4_D35	2.84686	0	13.79192	0	0	0	0	0	0	0	83.36123	0	0	0	0
GF11_B4_D37	0	0	2.83339	0	0	0	0	0	0	0	97.16661	0	0	0	0
GF11_B4_d72	0.18919	0	0	0	0	0	0	0	0	0	99.81081	0	0	0	0
GF11_B4_d73	0	0	0	0	0	0	0	0	0	0	100	0	0	0	0
GF11_B4_d74_colon	0	0	0	0	0	0	0	0	0	0	100	0	0	0	0
GF11_B5_COLON_D38	0	0	0	0	0	0	0	0	0	0	100	0	0	0	0
GF11_B5_d105_colon	26.95436	0	2.52186	0	0	65.35374	0	0	0	0	5.17004	0	0	0	0
GF11_B5_D35	0	0	1.19421	0	0	0	0	0	0	0	98.80579	0	0	0	0
GF11_B5_D37	0	0	0	0	0	0	0	0	0	0	100	0	0	0	0
GF11_B5_d71	0.80902	0	22.21839	0	0	0.02208	0	0	0	0	76.95051	0	0	0	0
GF11_B5_d74_colon	0	0	0	0	0	0	0	0	0	0	100	0	0	0	0
GF11_B6_d105_colon	56.55554	0	1.74762	0	0	38.29623	0	0	0	0	3.40061	0	0	0	0
GF11_B6_d71	0.4296	0	0.35668	0	0	0	0	0	0	0	99.21371	0	0	0	0
GF11_B6_d72_colon	0	0	0	0	0	0	0	0	0	0	0	0	0	0	0
GF11_B7_d105_colon	68.55783	0	5.63129	0	0	9.68508	0	0	0	0	16.1258	0	0	0	0
GF11_B7_d71	1.75825	0	5.95436	0	0	0	0	0	0	0	92.28739	0	0	0	0
GF11_B7_d73	0	0	0	0	0	0	0	0	0	0	100	0	0	0	0
GF11_B7_d74_colon	0	0	12.47745	0	0	37.22395	0	0	24.99584	0	25.05766	0.2451	0	0	0
GF11_B8_d105_colon	61.75206	0	1.34003	0	0	32.38108	0	0	0	0	4.52683	0	0	0	0
GF11_C1_COLON_D38	0	0	0	0	0	0	0	0	0	0	100	0	0	0	0
GF11_C1_D36	4.52859	0	14.37393	0	0	0	0	0	0	0	75.44759	0	0	5.64989	0
GF11_C1_d71	1.23929	0	6.26949	0	0	0	0	0	0	0	92.49122	0	0	0	0
GF11_C1_d74_colon	0	0	41.15151	0	0	7.93397	0	0	21.69726	0	29.21727	0	0	0	0
GF11_C2_COLON_D38	0	0	0	0	0	0	0	0	0	0	0	0	0	0	0
GF11_C2_D37	0	0	5.52805	0	0	0	0	0	0	0	94.47195	0	0	0	0
GF11_C2_d71	0.80053	0	2.49355	0	0	0	0	0	0	0	96.70592	0	0	0	0
GF11_C2_d72	0.26679	0	3.21062	0	0	0	0	0	0	0	96.52259	0	0	0	0
GF11_C2_d74_colon	0	0	83.7209	0	0	1.26017	0	0	5.74365	0	9.27528	0	0	0	0
GF11_C3_COLON_D38	0	0	0	0	0	0	0	0	0	0	100	0	0	0	0
GF11_C3_D35	0.47489	0	1.35672	0	0	0	0	0	0	0	98.16839	0	0	0	0
GF11_C3_D36	5.08537	0	11.45507	0	0	0	0	0	0	0	77.48079	0	0	5.97877	0
GF11_C3_d71	0	0	0	0	0	0	0	0	0	0	100	0	0	0	0
GF11_C3_d74_colon	0	0	21.15954	0	0	45.69769	0	0	0	0	33.14277	0	0	0	0
GF11_C4_COLON_D38	0	0	0	0	0	0	0	0	0	0	100	0	0	0	0
GF11_C4_D35	3.06099	0	12.65621	0	0	0	0	0	0	0	84.2828	0	0	0	0
GF11_C4_D36	2.51938	0	8.96435	0	0	0	0	0	0	0	87.32986	0	0	1.18642	0
GF11_C4_d74_colon	0	0	0	0	0	50.33621	0	0	0	0	49.66379	0	0	0	0
GF11_C5_D37	0	0	7.53571	0	0	0	0	0	0	0	92.46429	0	0	0	0
GF11_C5_d71	0	0	20.43045	0	0	0	0	0	0	0	79.56955	0	0	0	0
GF11_C5_d72	0.85732	0	21.75682	0	0	0	0	0	0	0	77.38586	0	0	0	0
GF11_C5_d74_colon	0	0	3.71313	0	0	16.58783	0	0	37.94387	0	39.71988	1.85633	0	0.17896	0
GF11_C6_d71	3.97129	0	2.09429	0	0	2.43377	0	0	0	0	91.50065	0	0	0	0
GF11_C6_d72	1.85678	0	2.26374	0	0	0.59243	0	0	0	0	95.28705	0	0	0	0
GF11_C6_d74_colon	0	0	6.53349	0	0	73.15042	0	0	0	0	20.31609	0	0	0	0
GF11_C7_d71	1.9835	0	1.52821	0	0	0	0	0	0	0	96.4883	0	0	0	0
GF11_C7_d72_colon	2.44324	0	0	0	0	0	0	0	0	0	97.55676	0	0	0	0
GF11_INOC	14.47768	0	28.97205	0	0	2.21814	0	0	0	0	27.72136	0	0	26.61076	0
GF12_A_dam_d1	0	0	0	0	0	0	0	0	0	0	0	0	0	0	0
GF12_A_dam_d21	9.03382	0	90.96618	0	0	0	0	0	0	0	0	0	0	0	0
GF12_A_Dam_d85	0	0	1.11385	0	0	75.73554	0	0	23.15062	0	0	0	0	0	0
GF12_A1_d31	0	0	100	0	0	0	0	0	0	0	0	0	0	0	0
GF12_A1_d32_colon	0	0	0	0	0	0	0	0	0	0	0	0	0	0	0
GF12_A1_d76_colon	0	0	0.0456	0	0	76.74234	0	0	23.21206	0	0	0	0	0	0
GF12_A2_d32	0	0	100	0	0	0	0	0	0	0	0	0	0	0	0
GF12_A2_d34_colon	0	0	5.49987	0	0	0.8049	0	0	0	0	92.50334	1.19189	0	0	0
GF12_A2_d76_colon	0	0	0.52611	0	0	78.22508	0	0	21.24882	0	0	0	0	0	0
GF12_A3_d31	0	0	96.84136	0	0	2.40912	0	0	0.74951	0	0	0	0	0	0
GF12_A3_d32_colon	0	0	0	0	0	0	0	0	0	0	0	0	0	0	0
GF12_A3_d76_colon	0	0	0.86874	0	0	56.10351	0	0	43.02776	0	0	0	0	0	0
GF12_A4_d31	0	0	100	0	0	0	0	0	0	0	0	0	0	0	0
GF12_A4_d32	0	0	100	0	0	0	0	0	0	0	0	0	0	0	0
GF12_A4_d34_colon	0	0	0	0	0	100	0	0	0	0	0	0	0	0	0
GF12_A4_d76_colon	0	0	0	0	0	38.92728	0	0	61.07272	0	0	0	0	0	0
GF12_A5_d34_colon	0	0	0	0	0	87.57546	0	0	12.42454	0	0	0	0	0	0
GF12_A5_d76_colon	0	0	0	0	0	87.24954	0	0	12.75046	0	0	0	0	0	0
GF12_A6_d76_colon	0	0	0.62601	0	0	82.20646	0	0	17.16753	0	0	0	0	0	0
GF12_A7_d76_colon	0	0	0.53086	0	0	80.45466	0	0	19.01448	0	0	0	0	0	0
GF12_A8_d76_colon	0	0	0	0	0	79.59319	0	0	20.40681	0	0	0	0	0	0
GF12_B_Dam_d0	0	0	0	0	0	0	0	0	0	0	0	0	0	0	0
GF12_B1_d79	0	0	98.76172	0	0	1.23828	0	0	0	0	0	0	0	0	0
GF12_B1_d82_colon	0	0	0	0	0	0	0	0	0	0	0	0	0	0	0
GF12_B2_d32	0	0	100	0	0	0	0	0	0	0	0	0	0	0	0
GF12_B2_d34_colon	0	0	0	0	0	0	0	0	0	0	0	0	0	0	0
GF12_B2_d79	0	0	94.61395	0	0	5.3466	0	0	0.03945	0	0	0	0	0	0
GF12_B2_d81	0	0	95.82582	0	0	0	0	0	4.17418	0	0	0	0	0	0
GF12_B2_d82_colon	0	0	42.68562	0	0	57.31438	0	0	0	0	0	0	0	0	0
GF12_B3_d31	0	0	100	0	0	0	0	0	0	0	0	0	0	0	0
GF12_B3_d32	0	0	0	0	0	0	0	0	0	0	0	0	0	0	0
GF12_B3_d34_colon	0	0	0	0	0	0	0	0	0	0	0	0	0	0	0
GF12_B3_d80	0	0	97.81769	0	0	2.18231	0	0	0	0	0	0	0	0	0
GF12_B3_d82_colon	0	0	0	0	0	0	0	0	0	0	0	0	0	0	0
GF12_B4_d31	0	0	100	0	0	0	0	0	0	0	0	0	0	0	0
GF12_B4_d34_colon	0	0	0	0	0	0	0	0	0	0	0	0	0	0	0
GF12_B4_d79	0	0	97.24708	0	0	2.75292	0	0	0	0	0	0	0	0	0
GF12_B5_d79	0	0	96.9723	0	0	3.0277	0	0	0	0	0	0	0	0	0
GF12_B5_d82_colon	0	0	0	0	0	0	0	0	0	0	0	0	0	0	0
GF12_B6_d82_colon	0	0	0	0	0	0	0	0	0	0	0	0	0	0	0
GF12_C1_d31_colon	0	0	0	0	0	0	0	0	0	0	0	0	0	0	0
GF12_C1_d79	0	0	99.22994	0	0	0.77006	0	0	0	0	0	0	0	0	0
GF12_C1_d82_colon	0	0	6.79165	0	0	55.22981	0	0	37.97854	0	0	0	0	0	0
GF12_C1_d92_colon	0	0	0	0	0	0	0	0	0	0	0	0	0	0	0
GF12_C2_d31	0	0	100	0	0	0	0	0	0	0	0	0	0	0	0
GF12_C2_d32_colon	0	0	0	0	0	0	0	0	0	0	0	0	0	0	0
GF12_C2_d79	0	0	98.73622	0	0	1.26378	0	0	0	0	0	0	0	0	0
GF12_C2_d92_colon	0	0	0	0	0	0	0	0	0	0	0	0	0	0	0
GF12_C3_d31	0	0	100	0	0	0	0	0	0	0	0	0	0	0	0
GF12_C3_d34_colon	0	0	0	0	0	0	0	0	0	0	0	0	0	0	0
GF12_C3_d79	0	0	100	0	0	0	0	0	0	0	0	0	0	0	0
GF12_C3_d80_colon	0	0	100	0	0	0	0	0	0	0	0	0	0	0	0
GF12_C3_d92_colon	0	0	0	0	0	0	0	0	0	0	0	0	0	0	0
GF12_C4_d31	0	0	100	0	0	0	0	0	0	0	0	0	0	0	0
GF12_C4_d80_colon	0	0	0	0	0	0	0	0	0	0	0	0	0	0	0
GF12_C4_d80	0	0	0	0	0	0	0	0	0	0	0	0	0	0	0
GF12_C4_d92_colon	0	0	0	0	0	0	0	0	0	0	0	0	0	0	0
GF12_C5_d31_colon	0	0	0	0	0	0	0	0	0	0	0	0	0	0	0
GF12_C5_d79	0	0	99.0672	0	0	0.9328	0	0	0	0	0	0	0	0	0
GF12_C5_d80_colon	0	0	0	0	0	0	0	0	0	0	0	0	0	0	0
GF12_Inoc	0	0	100	0	0	0	0	0	0	0	0	0	0	0	0
GF13_A1_d32	0	0	0	0	0	0	0	0	0	0	100	0	0	0	0
GF13_A1_d34	0	0	0	0	0	0	0	0	0	0	100	0	0	0	0
GF13_A1_d35_colon	0	0	0	0	0	0	0	0	0	0	0	0	0	0	0
GF13_A1_d65_colon	0	0	0	0	0	30.01398	0	0	33.62296	0	36.36306	0	0	0	0
GF13_A10_d65_colon	0	0	0	0	0	39.18474	0	0	32.91305	0	27.90222	0	0	0	0
GF13_A2_d32	0	0	0	0	0	0	0	0	0	0	100	0	0	0	0
GF13_A2_d35_colon	0	0	0	0	0	0	0	0	0	0	0	0	0	0	0
GF13_A2_d65_colon	0	0	0	0	0	28.23194	0	0	35.50221	0	36.26585	0	0	0	0
GF13_A3_d32	0	0	0	0	0	0	0	0	0	0	100	0	0	0	0
GF13_A3_d35_colon	0	0	0	0	0	0	0	0	0	0	0	0	0	0	0
GF13_A3_d65_colon	0	0	0	0	0	47.36334	0	0	31.02587	0	21.61079	0	0	0	0
GF13_A4_d32	0	0	0	0	0	0	0	0	0	0	100	0	0	0	0
GF13_A4_d35_colon	0	0	0	0	0	0	0	0	0	0	0	0	0	0	0
GF13_A4_d65_colon	0	0	0	0	0	29.08427	0	0	45.71067	0	25.20506	0	0	0	0
GF13_A5_d32	0	0	0	0	0	0	0	0	0	0	100	0	0	0	0
GF13_A5_d35_colon	0	0	0	0	0	0	0	0	0	0	0	0	0	0	0
GF13_A5_d65_colon	0	0	0	0	0	49.36361	0	0	26.93747	0	23.69892	0	0	0	0
GF13_A6_d32	0	0	0	0	0	0	0	0	0	0	100	0	0	0	0
GF13_A6_d34	0	0	0	0	0	0	0	0	0	0	100	0	0	0	0
GF13_A6_d35_colon	0	0	0	0	0	0	0	0	0	0	0	0	0	0	0
GF13_A6_d65_colon	0	0	0	0	0	39.87668	0	0	28.21466	0	31.90866	0	0	0	0
GF13_A7_d65_colon	0	0	0	0	0	45.14103	0	0	29.60094	0	25.25803	0	0	0	0
GF13_A8_d65_colon	0	0	0	0	0	36.74051	0	0	37.10935	0	26.15014	0	0	0	0
GF13_A9_d65_colon	0	0	0	0	0	43.70125	0	0	34.25505	0	22.04369	0	0	0	0
GF13_B1_d32	0	0	0	0	0	0	0	0	0	0	100	0	0	0	0
GF13_B1_d65_colon	0	0	0	0	0	0	0	0	0	0	100	0	0	0	0
GF13_B2_d32	0	0	0	0	0	0	0	0	0	0	100	0	0	0	0
GF13_B2_d35_colon	0	0	0	0	0	44.17088	0	0	11.93308	0	43.89604	0	0	0	0
GF13_B2_d65_colon	0	0	0	0	0	0	0	0	0	0	0	0	0	0	0
GF13_B3_d32	0	0	0	0	0	0	0	0	0	0	100	0	0	0	0
GF13_B3_d34	0	0	0	0	0	5.27489	0	0	0	0	94.72511	0	0	0	0
GF13_B3_d35_colon	0	0	0	0	0	63.95822	0	0	17.74631	0	18.29547	0	0	0	0
GF13_B3_d65_colon	0	0	0	0	0	0	0	0	0	0	100	0	0	0	0
GF13_B4_d32	0	0	0	0	0	0	0	0	0	0	100	0	0	0	0
GF13_B4_d35_colon	0	0	0	0	0	40.01181	0	0	18.37252	0	41.61567	0	0	0	0
GF13_B4_d65_colon	0	0	0	0	0	0	0	0	0	0	0	0	0	0	0
GF13_B5_d32	0	0	0	0	0	0	0	0	0	0	100	0	0	0	0
GF13_B5_d35_colon	0	0	0	0	0	32.49507	0	0	2.21573	0	65.2892	0	0	0	0
GF13_B5_d65_colon	0	0	0	0	0	0	0	0	0	0	100	0	0	0	0
GF13_B6_d65_colon	0	0	0	0	0	0	0	0	0	0	0	0	0	0	0
GF13_B7_d65_colon	0	0	0	0	0	0	0	0	0	0	0	0	0	0	0
GF13_B8_d65_colon	0	0	0	0	0	3.79619	0	0	0	0	96.20381	0	0	0	0
GF13_B9_d65_colon	0	0	0	0	0	0	0	0	0	0	100	0	0	0	0
GF13_inoc_200118	5.19493	0	66.7195	0	0	0	0	0	0	0	28.08557	0	0	0	0
GF14_A_d66_stool	7.4567	0	7.49888	0	0	59.15956	0	0	17.46406	0	7.91636	0	0	0.50445	0
GF14_A_Dam_d0	0	0	0	0	0	0	0	0	0	0	0	0	0	0	0
GF14_A_Dam_d21	0	0	3.24742	0	0	65.81548	0	0	22.30588	0	8.63122	0	0	0	0
GF14_A1_d32	0	0	2.71973	0	0	3.32998	0	0	0.76575	0	93.18453	0	0	0	0
GF14_A1_d35_colon	0	0	0	0	0	0	0	0	0	0	100	0	0	0	0
GF14_A1_d94_stool	0	0	2.99274	0	0	1.68715	0	0	0	0	95.31421	0	0	0.00591	0
GF14_A1_d95_stool	0	0	2.80689	0	0	5.63364	0	0	0.4889	0	90.83359	0	0	0.23698	0
GF14_a1_d97_colon	0	0	0	0	0	0	0	0	0	0	100	0	0	0	0
GF14_A2_d32	0	0	3.23575	0	0	2.29768	0	0	0	0	94.46657	0	0	0	0
GF14_A2_d33	0	0	2.88683	0	0	3.19899	0	0	0	0	93.91418	0	0	0	0
GF14_A2_d35_colon	0	0	0	0	0	0	0	0	0	0	100	0	0	0	0
GF14_A2_d94_stool	0	0	0.08494	0	0	0	0	0	0	0	99.91506	0	0	0	0
GF14_A2_d96_16_stool	0	0	0	0	0	0	0	0	0	0	100	0	0	0	0
GF14_a2_d97_colon	0.10233	0	0	0	0	0	0	0	0	0	99.89767	0	0	0	0
GF14_A3_d32	0	0	3.46083	0	0	5.38992	0	0	0.28614	0	90.86312	0	0	0	0
GF14_A3_d35_colon	0	0	0	0	0	0	0	0	0	0	100	0	0	0	0
GF14_a3_d97_colon	0	0	0	0	0	0	0	0	0	0	100	0	0	0	0
GF14_A4_d32	0	0	0.65815	0	0	0.44768	0	0	0	0	98.89417	0	0	0	0
GF14_A4_d33	0	0	0	0	0	0	0	0	0	0	100	0	0	0	0
GF14_A4_d34	0	0	0	0	0	0	0	0	100	0	0	0	0	0	0
GF14_A4_d35_colon	0	0	0	0	0	0	0	0	0	0	100	0	0	0	0
GF14_A4_d94_stool	0	0	0.55803	0	0	0.17085	0	0	0	0	99.27111	0	0	0	0
GF14_A4_d95_stool	0	0	1.88787	0	0	0.91725	0	0	0	0	97.19489	0	0	0	0
GF14_a4_d97_colon	0	0	0	0	0	0	0	0	0	0	100	0	0	0	0
GF14_A5_d32	0	0	2.06992	0	0	0.91964	0	0	0	0	97.01045	0	0	0	0
GF14_A5_d35_colon	0	0	0	0	0	0	0	0	0	0	100	0	0	0	0
GF14_A5_d94_stool	0	0	0.46952	0	0	0.05525	0	0	0	0	99.47523	0	0	0	0
GF14_A5_d96_16_stool	0	0	2.7084	0	0	3.81846	0	0	0	0	93.47314	0	0	0	0
GF14_A5_d96_stool	0	0	3.71285	0	0	1.16136	0	0	0	0	95.12579	0	0	0	0
GF14_a5_d97_colon	0	0	0	0	0	0	0	0	0	0	100	0	0	0	0
GF14_A6_d34_colon	0	0	0	0	0	0.29983	0	0	2.13427	0	97.5659	0	0	0	0
GF14_A6_d94_stool	0	0	0.20431	0	0	0.31496	0	0	0	0	99.48072	0	0	0	0
GF14_A6_d95_stool	0	0	5.30356	0	0	3.08725	0	0	0	0	91.58897	0	0	0.02022	0
GF14_A6_d96_16_stool	0	0	7.27114	0	0	6.07806	0	0	0	0	86.65079	0	0	0	0
GF14_a6_d97_colon	0	0	0	0	0	0	0	0	0	0	100	0	0	0	0
GF14_A7_d32	0	0	1.82126	0	0	0.80171	0	0	0	0	97.37702	0	0	0	0
GF14_A7_d34	0	0	0	0	0	0	0	0	0	0	100	0	0	0	0
GF14_A7_d35_colon	0	0	0	0	0	0	0	0	0	0	100	0	0	0	0
GF14_A7_d94_stool	0	0	1.47639	0	0	0.23331	0	0	0	0	98.2903	0	0	0	0
GF14_A7_d95_stool	0	0	3.49862	0	0	0.43687	0	0	0	0	95.99543	0	0	0.06908	0
GF14_a7_d97_colon	0	0	0	0	0	0	0	0	0	0	100	0	0	0	0
GF14_A8_d94_stool	0	0	1.21742	0	0	0.8657	0	0	0	0	97.91688	0	0	0	0
GF14_A8_d96_16_stool	0	0	5.75819	0	0	6.10381	0	0	0	0	88.138	0	0	0	0
GF14_A8_d96_stool	0	0	4.85701	0	0	1.84434	0	0	0	0	92.983	0	0	0.31565	0
GF14_a8_d97_colon	0	0	0	0	0	0	0	0	0	0	100	0	0	0	0
GF14_Adam_d18_stool	0	0	6.77855	0	0	47.3835	0	0	26.91145	0	18.04677	0	0	0.87973	0
GF14_Adam_d5_stool	0	0	5.1	0	0	63.85	0	0	16.39493	0	13.98707	0	0	0.668	0
GF14_Adam_d51_stool	0	0	6.03345	0	0	53.68442	0	0	27.62716	0	12.65497	0	0	0	0
GF14_Adam_d59_stool	0	0	6.21892	0	0	63.12104	0	0	18.08584	0	12.19352	0	0	0.38067	0
GF14_Adam_d78_stool	0	0	6.5562	0	0	46.97657	0	0	35.02377	0	11.44346	0	0	0	0
GF14_Adam_d9_stool	0	0	3.52683	0	0	50.98979	0	0	17.95051	0	27.52934	0	0	0.00354	0
GF14_B_d0_stool	0	0	0	0	0	0	0	0	0	0	0	0	0	0	0
GF14_B_d66_stool	0	0	5.73874	0	0	48.22223	0	0	35.24264	0	10.79638	0	0	0	0
GF14_B_d78_stool	0	0	4.43228	0	0	47.64134	0	0	39.48616	0	8.44021	0	0	0	0
GF14_b1_d95_colon	0	0	0	0	0	0	0	0	0	0	100	0	0	0	0
GF14_b2_d95_colon	0	0	5.94076	0	0	23.8633	0	0	37.69838	0	32.49755	0	0	0	0
GF14_b3_d95_colon	0	0	0	0	0	43.13747	0	0	8.63203	0	48.2305	0	0	0	0
GF14_Bdam_d18_stool	0	0	9.03343	0	0	51.4952	0	0	23.43233	0	15.28068	0	0	0.75837	0
GF14_Bdam_d5_stool	0	0	6.94894	0	0	32.78175	0	0	30.35385	0	29.91546	0	0	0	0
GF14_Bdam_d51_stool	0	0	7.37848	0	0	45.94174	0	0	28.53039	0	18.14939	0	0	0	0
GF14_Bdam_d59_stool	0	0	5.20796	0	0	58.06269	0	0	27.14232	0	9.58703	0	0	0	0
GF14_Bdam_d9_stool	0	0	8.90012	0	0	55.56723	0	0	16.34638	0	19.17193	0	0	0.01433	0
GF14_C_d66_stool	7.84573	0	7.21346	0	0	26.76154	0	0	39.7526	0	17.77303	0	0	0.65364	0
GF14_c_d78_stool	4.35464	0	5.29997	0	0	43.57388	0	0	36.15565	0	10.61586	0	0	0	0
GF14_c1_d130_colon	0	0	0.33654	0	0	0.23102	0	0	0	0	99.43245	0	0	0	0
GF14_c2_d130_colon	0	0	0.16994	0	0	0	0	0	0	0	99.83006	0	0	0	0
GF14_c3_d130_colon	0	0	0.03334	0	0	0	0	0	0	0	99.96666	0	0	0	0
GF14_Cdam_d18_stool	5.58039	0	6.1202	0	0	43.08171	0	0	35.31689	0	9.87732	0	0	0.0235	0
GF14_cdam_d5_stool	0	0	9.95007	0	0	53.04922	0	0	17.50428	0	19.47836	0	0	0.01807	0
GF14_Cdam_d51_stool	1.52863	0	6.12291	0	0	36.23465	0	0	42.7824	0	12.79491	0	0	0.5365	0
GF14_Cdam_d59_stool	3.0847	0	4.19106	0	0	55.35457	0	0	28.73868	0	8.35738	0	0	0.27361	0
GF14_Cdam_d9_stool	0.31647	0	10.76301	0	0	43.47102	0	0	25.97501	0	18.65584	0	0	0.81865	0
GF14_d67_A1_stool	0	0	0.18321	0	0	0	0	0	0	0	99.81679	0	0	0	0
GF14_d67_A2_stool	0	0	0	0	0	0	0	0	0	0	0	0	0	0	0
GF14_d67_A3_stool	0	0	0	0	0	0	0	0	0	0	100	0	0	0	0
GF14_d67_A4_stool	0	0	0	0	0	0	0	0	0	0	100	0	0	0	0
GF14_d67_A5_stool	0	0	0	0	0	0	0	0	0	0	100	0	0	0	0
GF14_d67_A6_stool	0	0	0	0	0	0	0	0	0	0	100	0	0	0	0
GF14_d67_A7_stool	0	0	0	0	0	0	0	0	0	0	100	0	0	0	0
GF14_d67_A8_stool	0	0	0	0	0	0	0	0	0	0	100	0	0	0	0
GF14_d67_A9_stool	0	0	0	0	0	0	0	0	0	0	100	0	0	0	0
GF14_d68_A1_colon	0	0	0	0	0	0	0	0	0	0	100	0	0	0	0
GF14_d68_A10_colon	0	0	0.58004	0	0	0.15921	0	0	0	0	99.26074	0	0	0	0
GF14_d68_A2_colon	0	0	0	0	0	0	0	0	0	0	100	0	0	0	0
GF14_d68_A3_colon	0	0	0	0	0	0	0	0	0	0	100	0	0	0	0
GF14_d68_A4_colon	0	0	1.28748	0	0	0	0	0	0	0	98.71252	0	0	0	0
GF14_d68_A5_colon	0	0	0	0	0	0	0	0	0	0	100	0	0	0	0
GF14_d68_A6_colon	0	0	0	0	0	0	0	0	0	0	100	0	0	0	0
GF14_d68_A7_colon	0	0	0	0	0	0	0	0	0	0	100	0	0	0	0
GF14_d68_A8_colon	0	0	0	0	0	0	0	0	0	0	100	0	0	0	0
GF14_d68_A9_colon	0	0	0	0	0	0	0	0	0	0	100	0	0	0	0
GF14_d89_B1_stool	0	0	3.04599	0	0	0.94362	0	0	0	0	96.01039	0	0	0	0
GF14_d89_B2_stool	0	0	1.35039	0	0	1.08379	0	0	0	0	97.56582	0	0	0	0
GF14_d89_B3_stool	0	0	1.33721	0	0	1.18606	0	0	0	0	97.47673	0	0	0	0
GF14_d90_B2_stool	0	0	3.39684	0	0	1.0316	0	0	0	0	95.57156	0	0	0	0
GF14_d90_B3_stool	0	0	2.19814	0	0	2.03174	0	0	0.55081	0	95.21931	0	0	0	0
GF14_d91_B2_stool	0	0	0.93926	0	0	0.59381	0	0	0	0	98.46693	0	0	0	0
GF14_INOC	0.07584	0	7.58309	0	0	8.17635	0	0	6.1927	0	66.69721	11.2748	0	0	0
GF15_A_Dam_d0	0	0	0	0	0	0	0	0	0	0	0	0	0	0	0
GF15_A_Dam_d21	69.24741	0	0.81905	0	0	26.24605	0	0	0	0	2.36049	0.26832	0	1.05869	0
GF15_a1_d106_stool	2.36014	0	4.41948	0	0	0.71982	0	0	0	0	92.50055	0	0	0	0
GF15_A1_d108_colon	0	0	0	0	0	0	0	0	0	0	100	0	0	0	0
GF15_A1_d32	0	0	0	0	0	0	0	0	0	0	0	0	0	0	0
GF15_A1_d35_colon	0	0	0	0	0	0	0	0	0	0	100	0	0	0	0
GF15_A1_d72_stool	1.83142	0	4.5672	0	0	8.18299	0	0	0	0	85.4184	0	0	0	0
GF15_a1_d74_colon	0	0	0	0	0	0	0	0	0	0	0	0	0	0	0
GF15_a2_d105_stool	9.05494	0	8.60455	0	0	1.0821	0	0	0	0	81.25841	0	0	0	0
GF15_a2_d106_stool	5.92582	0	13.16808	0	0	13.82096	0	0	0	0	67.08513	0	0	0	0
GF15_A2_d108_colon	0.99325	0	0	0	0	0	0	0	0	0	99.00675	0	0	0	0
GF15_A2_d32	0	0	0	0	0	0	0	0	0	0	100	0	0	0	0
GF15_a3_d105_stool	11.68336	0	3.36545	0	0	0	0	0	0	0	84.95119	0	0	0	0
GF15_A3_d108_colon	1.71166	0	0	0	0	0	0	0	0	0	98.28834	0	0	0	0
GF15_A3_d32	0	0	0	0	0	0	0	0	0	0	100	0	0	0	0
GF15_A3_d33	0	0	0	0	0	0	0	0	0	0	0	0	0	0	0
GF15_A3_d35_colon	100	0	0	0	0	0	0	0	0	0	0	0	0	0	0
GF15_a3_d74_colon	0	0	0	0	0	0	0	0	0	0	0	0	0	0	0
GF15_a4_d105_stool	0.77304	0	0.51238	0	0	0	0	0	0	0	98.71458	0	0	0	0
GF15_A4_d108_colon	1.39055	0	0	0	0	0	0	0	0	0	98.60945	0	0	0	0
GF15_A4_d32	2.47262	0	3.45339	0	0	1.76073	0	0	0	0	92.30685	0	0	0.00641	0
GF15_a5_d105_stool	2.12712	0	11.3649	0	0	3.86863	0	0	0	0	82.63935	0	0	0	0
GF15_A5_d108_colon	1.34013	0	0	0	0	0	0	0	0	0	98.65987	0	0	0	0
GF15_A5_d32	1.40356	0	0.45719	0	0	2.51627	0	0	0	0	95.62298	0	0	0	0
GF15_A5_d35_colon	0	0	100	0	0	0	0	0	0	0	0	0	0	0	0
GF15_a5_d71_colon	0	0	0	0	0	0	0	0	0	0	0	0	0	0	0
GF15_a6_d105_stool	0.57734	0	5.05005	0	0	0.0524	0	0	0	0	94.32022	0	0	0	0
GF15_A6_d108_colon	0	0	0	0	0	0	0	0	0	0	100	0	0	0	0
GF15_A6_d32_colon	0	0	0	0	0	0	0	0	0	0	100	0	0	0	0
GF15_a6_d74_colon	0	0	0	0	0	0	0	0	0	0	0	0	0	0	0
GF15_A7_d108_colon	5.3241	0	0	0	0	0	0	0	0	0	94.6759	0	0	0	0
GF15_a7_d74_colon	100	0	0	0	0	0	0	0	0	0	0	0	0	0	0
GF15_a8_d105_stool	0.48668	0	6.05234	0	0	7.64771	0	0	0	0	85.81328	0	0	0	0
GF15_A8_d108_colon	1.24545	0	0	0	0	0	0	0	0	0	98.75455	0	0	0	0
GF15_a8_d74_colon	0	0	0	0	0	0	0	0	0	0	0	0	0	0	0
GF15_a9_d105_stool	0.425	0	1.7087	0	0	0.51055	0	0	0	0	97.35575	0	0	0	0
GF15_a9_d106_stool	2.18737	0	8.86175	0	0	6.39103	0	0	0	0	82.55986	0	0	0	0
GF15_A9_d108_colon	1.29161	0	0	0	0	0	0	0	0	0	98.70839	0	0	0	0
GF15_adam_d11_stool	82.60084	0	2.95342	0	0	10.67993	0	0	0	0	2.72679	0	0	1.03901	0
GF15_adam_d18_stool	75.45995	0	2.66475	0	0	16.75356	0	0	0	0	3.56757	0.67038	0	0.88379	0
GF15_Adam_d5_stool	80.99398	0	1.77612	0	0	12.46641	0	0	0	0	3.83891	0	0	0.92458	0
GF15_b_d5_stool	100	0	0	0	0	0	0	0	0	0	0	0	0	0	0
GF15_B1_d32	2.61814	0	3.31209	0	0	4.63284	0	0	0	0	89.43693	0	0	0	0
GF15_B1_d35_colon	0	0	0	0	0	0	0	0	0	0	100	0	0	0	0
GF15_B1_d94_stool	0.12142	0	0.96787	0	0	0	0	0	0	0	98.91072	0	0	0	0
GF15_b1_d97_colon	0	0	0	0	0	0	0	0	0	0	100	0	0	0	0
GF15_b10_d94_stool	0	0	0	0	0	0	0	0	0	0	100	0	0	0	0
GF15_B10_d97_colon	0	0	0	0	0	0	0	0	0	0	100	0	0	0	0
GF15_B2_d32	2.10322	0	2.10123	0	0	3.88559	0	0	0	0	91.90997	0	0	0	0
GF15_B2_d33	2.97421	0	2.33712	0	0	4.58184	0	0	0	0	90.10683	0	0	0	0
GF15_B2_d35_colon	0	0	0	0	0	0	0	0	0	0	100	0	0	0	0
GF15_b2_d94_stool	0.30691	0	3.97744	0	0	0	0	0	0	0	95.71565	0	0	0	0
GF15_b2_d95_stool	1.10231	0	16.94407	0	0	1.48889	0	0	0	0	80.46473	0	0	0	0
GF15_b2_d97_colon	0	0	0	0	0	0	0	0	0	0	100	0	0	0	0
GF15_B3_d34	0	0	0	0	0	0	0	0	0	0	100	0	0	0	0
GF15_B3_d35_colon	0	0	0	0	0	0	0	0	0	0	100	0	0	0	0
GF15_b3_d94_stool	0	0	0.09261	0	0	0	0	0	0	0	99.90739	0	0	0	0
GF15_b3_d97_colon	0	0	0	0	0	0	0	0	0	0	100	0	0	0	0
GF15_b4_d106_stool	1.63526	0	8.98246	0	0	8.04418	0	0	0	0	81.3381	0	0	0	0
GF15_B4_d32	1.20736	0	3.94313	0	0	2.1612	0	0	0	0	92.68832	0	0	0	0
GF15_B4_d33	1.44397	0	3.66062	0	0	2.76601	0	0	0	0	92.1294	0	0	0	0
GF15_B4_d34	0	0	0	0	0	0	0	0	0	0	100	0	0	0	0
GF15_B4_d35_colon	0.09888	0	0	0	0	0	0	0	0	0	99.90112	0	0	0	0
GF15_b4_d96_stool	0	0	0.16208	0	0	0.17656	0	0	0	0	99.66136	0	0	0	0
GF15_b4_d97_colon	0	0	51.62486	0	0	0	0	0	0	0	48.37514	0	0	0	0
GF15_b5_d107_stool	1.71679	0	6.31782	0	0	1.45215	0	0	0	0	90.51324	0	0	0	0
GF15_B5_d32	1.35107	0	0.50869	0	0	0	0	0	0	0	98.14024	0	0	0	0
GF15_B5_d35_colon	0	0	0	0	0	0	0	0	0	0	100	0	0	0	0
GF15_b5_d94_stool	0.13788	0	0.06894	0	0	0	0	0	0	0	99.79318	0	0	0	0
GF15_b5_d95_stool	0.99496	0	4.24791	0	0	5.71708	0	0	0	0	89.04004	0	0	0	0
GF15_b5_d97_colon	0	0	0	0	0	0	0	0	0	0	100	0	0	0	0
GF15_B6_d32	0.11474	0	0	0	0	0	0	0	0	0	99.88526	0	0	0	0
GF15_B6_d34_colon	0	0	0	0	0	0	0	0	0	0	100	0	0	0	0
GF15_b6_d94_stool	0.1402	0	0.11953	0	0	0	0	0	0	0	99.74027	0	0	0	0
GF15_b6_d95_stool	0.13277	0	0.76838	0	0	0	0	0	0	0	99.09885	0	0	0	0
GF15_b6_d97_colon	0	0	0	0	0	0	0	0	0	0	100	0	0	0	0
GF15_B7_d32	0	0	0	0	0	0	0	0	0	0	100	0	0	0	0
GF15_B7_d33	0	0	0	0	0	0	0	0	0	0	0	0	0	0	0
GF15_B7_d35_colon	0	0	0	0	0	0	0	0	0	0	100	0	0	0	0
GF15_b7_d97_colon	0	0	0	0	0	0	0	0	0	0	100	0	0	0	0
GF15_b8_d94_stool	1.79888	0	0.69763	0	0	0	0	0	0	0	97.50349	0	0	0	0
GF15_b8_d97_colon	0	0	0	0	0	0	0	0	0	0	100	0	0	0	0
GF15_b9_d106_stool	1.33937	0	0	0	0	0.09641	0	0	0	0	98.56422	0	0	0	0
GF15_b9_d94_stool	1.27245	0	3.03297	0	0	0	0	0	0	0	95.69458	0	0	0	0
GF15_B9_d97_colon	0	0	0	0	0	0	0	0	0	0	100	0	0	0	0
GF15_bdam_d18_stool	65.74315	0	3.98613	0	0	24.86339	0	0	0	0	4.41929	0.46012	0	0.52792	0
GF15_c_d18_stool	72.98868	0	4.94038	0	0	16.40134	0	0	0	0	3.79295	0.24183	0	1.63481	0
GF15_c1_d105_stool	0	0	1.8283	0	0	0	0	0	0	0	98.1717	0	0	0	0
GF15_c1_d108_colon	0.75489	0	0.20128	0	0	0	0	0	0	0	99.04383	0	0	0	0
GF15_C1_d36	0.57349	0	42.93361	0	0	0	0	0	0	0	56.4929	0	0	0	0
GF15_C1_d37	2.13341	0	11.87903	0	0	0	0	0	0	0	85.98756	0	0	0	0
GF15_C1_d39_colon	0	0	0	0	0	0	0	0	0	0	100	0	0	0	0
GF15_c1_d74_colon	0	0	0	0	0	0	0	0	0	0	100	0	0	0	0
GF15_c2_d105_stool	0.0782	0	4.48893	0	0	0	0	0	0	0	95.43287	0	0	0	0
GF15_c2_d108_colon	1.03642	0	0.1436	0	0	0	0	0	0	0	98.81998	0	0	0	0
GF15_C2_d36	0	0	9.21021	0	0	0	0	0	0	0	90.78979	0	0	0	0
GF15_C2_d37	1.27179	0	8.73129	0	0	0.42273	0	0	0	0	89.57418	0	0	0	0
GF15_C2_d39_colon	0	0	0	0	0	0	0	0	0	0	100	0	0	0	0
GF15_c2_d73_16_stool	0	0	0	0	0	0	0	0	0	0	100	0	0	0	0
GF15_c2_d74_colon	0	0	0	0	0	0	0	0	0	0	100	0	0	0	0
GF15_c3_d108_colon	0.82048	0	0	0	0	0	0	0	0	0	99.17952	0	0	0	0
GF15_C3_d36	0.62802	0	7.48336	0	0	0	0	0	0	0	91.88862	0	0	0	0
GF15_C3_d39_colon	0	0	0	0	0	0	0	0	0	0	100	0	0	0	0
GF15_c4_d105_stool	0.41471	0	9.97681	0	0	3.40918	0	0	0	0	86.1993	0	0	0	0
GF15_c4_d108_colon	0.90803	0	0.01964	0	0	0	0	0	0	0	99.07233	0	0	0	0
GF15_C4_d36	0.59226	0	2.46018	0	0	0	0	0	0	0	96.94756	0	0	0	0
GF15_C4_d37	1.42075	0	2.15759	0	0	0.27123	0	0	0	0	96.15042	0	0	0	0
GF15_C4_d38	0	0	0	0	0	0	0	0	0	0	100	0	0	0	0
GF15_C4_d39_colon	0	0	0	0	0	0	0	0	0	0	100	0	0	0	0
GF15_c4_d73_stool	0.0756	0	0.25995	0	0	0	0	0	0	0	99.66445	0	0	0	0
GF15_c4_d74_colon	0	0	0	0	0	0	0	0	0	0	100	0	0	0	0
GF15_c5_d105_stool	1.3294	0	6.16041	0	0	0.10842	0	0	0	0	92.40176	0	0	0	0
GF15_c5_d108_colon	2.02025	0	0	0	0	0	0	0	0	0	97.97975	0	0	0	0
GF15_C5_d36	0.10864	0	29.15074	0	0	0	0	0	0	0	70.74062	0	0	0	0
GF15_C5_d37	0.8768	0	20.72677	0	0	0	0	0	0	0	78.39643	0	0	0	0
GF15_C5_d39_colon	0	0	0	0	0	0	0	0	0	0	100	0	0	0	0
GF15_c5_d71_stool	73.15538	0	6.72639	0	0	0.04034	0	0	0	0	20.0779	0	0	0	0
GF15_c5_d74_colon	0	0	0	0	0	0	0	0	0	0	100	0	0	0	0
GF15_c6_d105_stool	0.1158	0	5.31141	0	0	0.10229	0	0	0	0	94.4705	0	0	0	0
GF15_c6_d108_colon	2.58141	0	0	0	0	0	0	0	0	0	97.41859	0	0	0	0
GF15_C6_d36	0.3967	0	8.03343	0	0	0	0	0	0	0	91.56987	0	0	0	0
GF15_C6_d39_colon	0	0	0	0	0	0	0	0	0	0	100	0	0	0	0
GF15_c6_d71_stool	2.43546	0	0.38699	0	0	0	0	0	0	0	97.17756	0	0	0	0
GF15_C6_d72_stool	1.17734	0	0.74597	0	0	0	0	0	0	0	98.0767	0	0	0	0
GF15_c6_d74_colon	0	0	0	0	0	0	0	0	0	0	100	0	0	0	0
GF15_c7_d105_stool	0	0	0.67866	0	0	0	0	0	0	0	99.32134	0	0	0	0
GF15_c7_d108_colon	1.99122	0	0	0	0	0	0	0	0	0	98.00878	0	0	0	0
GF15_c7_d72_stool	2.12828	0	0.6453	0	0	0	0	0	0	0	97.22642	0	0	0	0
GF15_c7_d74_colon	0	0	0	0	0	0	0	0	0	0	100	0	0	0	0
GF15_c8_d108_colon	0.63461	0	0	0	0	0	0	0	0	0	99.36539	0	0	0	0
GF15_c8_d74_colon	0	0	0	0	0	0	0	0	0	0	100	0	0	0	0
GF15_c9_d108_colon	0.24938	0	16.14859	0	0	0	0	0	0	0	83.60203	0	0	0	0
GF15_cdam_d11_stool	78.81169	0	2.03868	0	0	14.32849	0	0	0	0	3.41062	0.63803	0	0.77249	0
GF15_cdam_d23_stool	82.26897	0	1.77449	0	0	12.89718	0	0	0	0	0.78665	0.77977	0	1.49294	0
GF15_cdam_d5_stool	75.3763	0	2.05436	0	0	13.56804	0	0	0	0	8.07205	0.66964	0	0.25962	0
GF15_cdam_d59_stool	46.15229	0	3.93378	0	0	44.4177	0	0	0	0	5.49624	0	0	0	0
GF15_d67_B1_stool	0.31414	0	4.45422	0	0	0	0	0	0	0	95.23164	0	0	0	0
GF15_d67_B2_stool	0.68199	0	0.04833	0	0	0	0	0	0	0	99.26968	0	0	0	0
GF15_d67_B3_stool	1.7919	0	2.23032	0	0	0.41334	0	0	0	0	95.56444	0	0	0	0
GF15_d67_B4_stool	0.91866	0	0	0	0	0	0	0	0	0	99.08134	0	0	0	0
GF15_d67_B5_stool	1.91235	0	0.44385	0	0	0.0038	0	0	0	0	97.64	0	0	0	0
GF15_d67_B6_stool	0.09244	0	0	0	0	0	0	0	0	0	99.90756	0	0	0	0
GF15_d67_B7_stool	0	0	0.0882	0	0	0	0	0	0	0	99.9118	0	0	0	0
GF15_d67_B8_stool	0.25129	0	0.30087	0	0	0.02786	0	0	0	0	99.41998	0	0	0	0
GF15_d68_B1_colon	0	0	2.3804	0	0	2.71133	0	0	0	0	94.90827	0	0	0	0
GF15_d68_B2_stool	0.44779	0	0.05543	0	0	0	0	0	0	0	99.49678	0	0	0	0
GF15_d68_B5_colon	0	0	0	0	0	0	0	0	0	0	100	0	0	0	0
GF15_d68_B8_stool	0.40566	0	0.85831	0	0	0.6879	0	0	0	0	98.04813	0	0	0	0
GF15_d69_B2_stool	0	0	0	0	0	0	0	0	0	0	100	0	0	0	0
GF15_d69_B9_stool	0	0	0	0	0	0	0	0	0	0	100	0	0	0	0
GF15_d70_B2_colon	0	0	0	0	0	0	0	0	0	0	100	0	0	0	0
GF15_d70_B4_colon	0	0	0	0	0	0	0	0	0	0	100	0	0	0	0
GF15_d70_B6_colon	0	0	0	0	0	0	0	0	0	0	100	0	0	0	0
GF15_d70_B7_colon	0	0	0	0	0	0	0	0	0	0	100	0	0	0	0
GF15_d70_B8_colon	0	0	0	0	0	0	0	0	0	0	100	0	0	0	0
GF15_d70_B9_colon	0	0	0	0	0	0	0	0	0	0	100	0	0	0	0
GF15_d71_A1_stool	0.68593	0	0.11866	0	0	0	0	0	0	0	99.19541	0	0	0	0
GF15_d71_A3_stool	0.89046	0	11.51468	0	0	0	0	0	0	0	87.59486	0	0	0	0
GF15_d71_A4_stool	0	0	0	0	0	0	0	0	0	0	100	0	0	0	0
GF15_d71_A5_stool	0	0	0	0	0	0	0	0	0	0	100	0	0	0	0
GF15_d71_A6_stool	0.83377	0	1.37374	0	0	0	0	0	0	0	97.7925	0	0	0	0
GF15_d71_A7_stool	0.72189	0	0.68107	0	0	0.02993	0	0	0	0	98.56711	0	0	0	0
GF15_d71_A8_stool	2.3082	0	2.48143	0	0	0	0	0	0	0	95.21037	0	0	0	0
GF15_d71_C2_stool	0.73952	0	8.23437	0	0	0	0	0	0	0	91.02612	0	0	0	0
GF15_d71_C3_stool	0.56724	0	16.52142	0	0	0.23003	0	0	0	0	82.68131	0	0	0	0
GF15_d71_C4_stool	0.22622	0	0	0	0	0	0	0	0	0	99.77378	0	0	0	0
GF15_INOC	28.1213	0	31.78256	0	0	1.63877	0	0	0	0	3.65098	0.63018	0	34.17622	0
GF16_A1_d32	0	0	51.40762	0	0	0	0	0	0	0	48.59238	0	0	0	0
GF16_A1_d35_colon	100	0	0	0	0	0	0	0	0	0	0	0	0	0	0
GF16_A2_d32	0	0	100	0	0	0	0	0	0	0	0	0	0	0	0
GF16_A2_d35_colon	0	0	56.05929	0	0	0	0	0	0	0	43.94071	0	0	0	0
GF16_A3_d32	0	0	89.10817	0	0	0	0	0	0	0	10.89183	0	0	0	0
GF16_A3_d34	0	0	64.9185	0	0	19.88291	0	0	0	0	15.19859	0	0	0	0
GF16_A3_d35_colon	0	0	100	0	0	0	0	0	0	0	0	0	0	0	0
GF16_a4_d100_stool	0	0	61.77695	0	0	4.65269	0	0	0	0	33.57036	0	0	0	0
GF16_A4_d32	0	0	58.63305	0	0	0	0	0	0	0	41.36695	0	0	0	0
GF16_A4_d35_colon	0	0	0	0	0	0	0	0	0	0	0	0	0	0	0
GF16_A5_d32	0	0	100	0	0	0	0	0	0	0	0	0	0	0	0
GF16_A5_d35_colon	0	0	0	0	0	0	0	0	0	0	0	0	0	0	0
GF16_A6_d32	0	0	79.46103	0	0	0	0	0	0	0	20.53897	0	0	0	0
GF16_A6_d33	0	0	87.17244	0	0	0	0	0	0	0	12.82756	0	0	0	0
GF16_A6_d35_colon	0	0	100	0	0	0	0	0	0	0	0	0	0	0	0
GF16_A7_d32	0	0	73.01374	0	0	0	0	0	0	0	26.98626	0	0	0	0
GF16_A7_d34	0	0	96.46847	0	0	0	0	0	0	0	3.53153	0	0	0	0
GF16_A7_d35_colon	0	0	0	0	0	0	0	0	0	0	0	0	0	0	0
GF16_Adam_d21	0	0	18.42038	5.53117	0	75.16514	0.88331	0	0	0	0	0	0	0	0
GF16_ADam_do	0	0	0	0	0	0	0	0	0	0	0	0	0	0	0
GF16_B1_d32	0	0	100	0	0	0	0	0	0	0	0	0	0	0	0
GF16_B1_d34	0	0	0	0	0	0	0	0	0	0	0	0	0	0	0
GF16_B1_d35_colon	0	0	0	0	0	0	0	0	0	0	0	0	0	0	0
GF16_B2_d32	0	0	100	0	0	0	0	0	0	0	0	0	0	0	0
GF16_B2_d34	4.09511	0	6.23082	0	0	21.81735	0	0	0	0	67.71461	0	0	0.14211	0
GF16_B3_d35_colon	0	0	0	0	0	0	0	0	0	0	0	0	0	0	0
GF16_B4_d35_colon	0	0	0	0	0	0	0	0	0	0	0	0	0	0	0
GF16_B5_d32	0	0	55.60949	0	0	0	0	0	0	0	44.39051	0	0	0	0
GF16_B5_d33_colon	0	0	70.72955	0	0	0	0	0	0	0	29.27045	0	0	0	0
GF16_B5_d33	0	0	0	0	0	0	0	0	0	0	0	0	0	0	0
GF16_B6_d32	0	0	82.83627	0	0	0	0	0	0	0	17.16373	0	0	0	0
GF16_B6_d35_colon	0	0	0	0	0	0	0	0	0	0	0	0	0	0	0
GF16_c1_d105_stool	0	0	99.5368	0	0	0	0	0	0	0	0.4632	0	0	0	0
GF16_C1_d34	0	0	0	0	0	100	0	0	0	0	0	0	0	0	0
GF16_C1_d35_colon	0	0	98.52817	0	0	0.19531	0	0	0	0	1.27653	0	0	0	0
GF16_c1_d67_stool	0	0	58.2325	0	0	0	0	0	0	0	41.7675	0	0	0	0
GF16_c1_d69_stool	3.60995	0	95.05831	0	0	0	1.33174	0	0	0	0	0	0	0	0
GF16_c10_d105_stool	0	0	100	0	0	0	0	0	0	0	0	0	0	0	0
GF16_c10_d106_stool	0	0	100	0	0	0	0	0	0	0	0	0	0	0	0
GF16_c2_d105_stool	0	0	100	0	0	0	0	0	0	0	0	0	0	0	0
GF16_C2_d32	0	0	94.1463	0	0	0	0	0	0	0	5.8537	0	0	0	0
GF16_C2_d35_colon	0	0	62.66687	0	0	0	0	0	0	0	37.33313	0	0	0	0
GF16_c2_d67_stool	0	0	52.2654	0.12507	0	0	0	0	0	0	47.60953	0	0	0	0
GF16_c2_d68_stool	0	0	65.62456	0	0	0	0	0	0	0	34.37544	0	0	0	0
GF16_c2_d69_stool	0	0	76.46044	1.57038	0	0	0	0	0	0	21.96918	0	0	0	0
GF16_c3_d105_stool	0	0	93.24067	0.64712	0	0	0	0	0	0	6.11221	0	0	0	0
GF16_C3_d32	0	0	70.86863	0	0	0	0	0	0	0	29.13137	0	0	0	0
GF16_C3_d33	0	0	50.02693	0	0	0	0	0	0	0	49.97307	0	0	0	0
GF16_C3_d35_colon	0	0	47.67286	0	0	0	0	0	0	0	52.32714	0	0	0	0
GF16_c3_d67_stool	0	0	30.65628	0	0	0	0	0	0	0	69.34372	0	0	0	0
GF16_c4_d105_stool	0	0	100	0	0	0	0	0	0	0	0	0	0	0	0
GF16_C4_d33	0	0	84.92995	3.76533	0	1.32803	0	0	0	0	9.9767	0	0	0	0
GF16_C4_d34	0	0	4.10685	0	0	95.89315	0	0	0	0	0	0	0	0	0
GF16_C4_d35_colon	0	0	49.77859	0	0	0	0	0	0	0	50.22141	0	0	0	0
GF16_c4_d67_stool	0	0	44.4813	0	0	0	0	0	0	0	55.5187	0	0	0	0
GF16_c4_d69_stool	0	0	48.35033	0	0	0	0	0	0	0	51.64967	0	0	0	0
GF16_c5_d105_stool	0	0	100	0	0	0	0	0	0	0	0	0	0	0	0
GF16_C5_d32	0	0	83.41843	0	0	0	0	0	0	0	16.58157	0	0	0	0
GF16_C5_d35_colon	0	0	53.1508	0	0	0	0	0	0	0	46.8492	0	0	0	0
GF16_c5_d67_stool	0	0	64.27033	0	0	0	0	0	0	0	35.72967	0	0	0	0
GF16_c5_d68_stool	0	0	66.7494	0	0	0	0	0	0	0	33.2506	0	0	0	0
GF16_c6_d105_stool	0	0	97.11774	0	0	0	0	0	0	0	2.88226	0	0	0	0
GF16_c7_d105_stool	0	0	100	0	0	0	0	0	0	0	0	0	0	0	0
GF16_inoc_200622	1.7771	0	76.52548	12.1128	0	9.29025	0.28876	0	0.00562	0	0	0	0	0	0
GF17_a1_d31_stool	0	0	0.6928	0	0	0.50008	0	0	0	0	98.80712	0	0	0	0
GF17_a2_d31_stool	0	0	0.99821	0	0	3.0092	0	0	0	0	95.99259	0	0	0	0
GF17_a3_d31_stool	0	0	0.3444	0	0	1.16098	0	0	0	0	98.49462	0	0	0	0
GF17_a4_d31_stool	0	0	0.13742	0	0	0	0	0	0	0	99.86258	0	0	0	0
GF17_a5_d31_stool	0	0	0.29929	0	0	0.05085	0	0	0	0	99.64987	0	0	0	0
GF17_a6_d31_stool	0	0	1.75527	0	0	0	0	0	0	0	98.24473	0	0	0	0
GF17_a7_d31_stool	0	0	0	0	0	0	0	0	0	0	100	0	0	0	0
GF17_b2_d31_stool	0	0	0.33582	0	0	0	0	0	0	0	99.66418	0	0	0	0
GF17_b3_d31_stool	0	0	0	0	0	0	0	0	0	0	100	0	0	0	0
GF17_b6_d31_stool	0	0	0	0	0	0.08218	0	0	0	0	99.91782	0	0	0	0
GF17_inoc_200903	1.26851	0	32.4877	0	0	0	0	0	0	0	66.24378	0	0	0	0
GF18_a1_d32_stool	0	0	1.12064	0	0	0.91684	0	0	0.05003	0	97.91249	0	0	0	0
GF18_a1_d33_stool	0	0	0.75258	0	0	36.92416	0	0	9.23303	0	53.09023	0	0	0	0
GF18_a1_d35_colon	0	0	95.68696	0	0	0	0	0	4.31304	0	0	0	0	0	0
GF18_a2_d33_stool	0	0	0.10537	0	0	0	0	0	0	0	99.89463	0	0	0	0
GF18_a2_d35_colon	90.00249	0	9.99751	0	0	0	0	0	0	0	0	0	0	0	0
GF18_a2_d54_colon	0	0	8.04728	0	0	5.77211	0	0	17.03681	0	69.1438	0	0	0	0
GF18_a3_d35_colon	0	0	31.4095	0	0	0	0	0	0	0	68.5905	0	0	0	0
GF18_a3_d54_colon	0	0	2.80997	0	0	8.86191	0	0	13.99392	0	74.3342	0	0	0	0
GF18_a4_d32_stool	0	0	0.50527	0	0	1.18171	0	0	0	0	98.31302	0	0	0	0
GF18_a4_d33_stool	0	0	0.87331	0	0	29.28812	0	0	20.73127	0	49.1073	0	0	0	0
GF18_a4_d35_colon	0	0	99.69597	0	0	0.30403	0	0	0	0	0	0	0	0	0
GF18_a4_d54_colon	0.46864	0	1.29312	0	0	0	0	0	0	0	98.23824	0	0	0	0
GF18_a5_d54_colon	0	0	5.0831	0	0	9.48275	0	0	2.95287	0	82.48128	0	0	0	0
GF18_adam_d33_stoolsoln	0.13864	0	82.66301	0	0	6.34234	0	0	10.79604	0	0.05997	0	0	0	0
GF18_b1_d35_colon	0	0	0	0	0	0	0	0	0	0	0	0	0	0	0
GF18_b3_d32_stool	0	0	0	0	0	0.14947	0	0	0	0	99.85053	0	0	0	0
GF18_b3_d33_stool	0	0	0.56661	0	0	7.38146	0	0	4.21408	0	87.83785	0	0	0	0
GF18_b3_d35_colon	0	0	0	0	0	0	0	0	0	0	100	0	0	0	0
GF18_b4_d32_stool	0	0	0.65696	0	0	1.15122	0	0	0	0	98.19181	0	0	0	0
GF18_b4_d35_colon	0	0	0	0	0	0	0	0	0.33294	0	99.66706	0	0	0	0
GF18_bdam_d33_stoolsoln	0	0	0.36124	0	0	1.89779	0	0	6.81325	0	90.73912	0	0	0.18861	0
GF18_d0_innoculum	0	0	63.64853	0	0	3.60809	0	0	2.15677	0	25.9294	4.65721	0	0	0
GF2_A_dam_d33	82.89008	0	10.72864	0	0	6.38128	0	0	0	0	0	0	0	0	0
GF2_A_dam_day19	24.11772	0	3.03895	0	0	68.28077	0	0	0	0	3.83797	0.72458	0	0	0
GF2_A_dam_day29	50.71415	0	48.66391	0	0	0.62194	0	0	0	0	0	0	0	0	0
GF2_A_day1_dad	0	0	18.3531	0	0	60.25323	0	0	0	0	21.39367	0	0	0	0
GF2_A_day1_mom	0	0	16.52056	0	0	39.24553	0	0	0	0	44.23391	0	0	0	0
GF2_A0	0	0	0	0	0	0	0	0	0	0	0	0	0	0	0
GF2_A1_d37	34.88534	0	1.54566	0	0	48.98064	0	0	0	0	3.29228	10.88429	0	0.41179	0
GF2_A1_d39	0.25451	0	0.99044	0	0	72.78351	0	0	0	0	25.97154	0	0	0	0
GF2_A1_day28	0	0	0.13491	0	0	0	0	0	0	0	99.86509	0	0	0	0
GF2_A1_day29	0.67832	0	1.32712	0	0	1.44085	0	0	0	0	96.55371	0	0	0	0
GF2_A1_day30	0	0	0	0	0	0	0	0	0	0	100	0	0	0	0
GF2_A1_day31	11.84523	0	2.2321	0	0	63.14717	0	0	0	0	22.77549	0	0	0	0
GF2_A1_day32	1.65389	0	7.43609	0	0	0	0	0	0	0	90.91001	0	0	0	0
GF2_A1_day41	7.67627	0	0.44079	0	0	57.21899	0	0	0	0	34.66396	0	0	0	0
GF2_A1_day42	1.79555	0	0.86926	0	0	25.29663	0	0	0	0	72.03856	0	0	0	0
GF2_A1_day44	1.2568	0	2.3056	0	0	0.88617	0	0	0	0	95.55142	0	0	0	0
GF2_A1_Liver	0	0	0	0	0	0	0	0	0	0	0	0	0	0	0
GF2_A1_Spleen	0	0	0	0	0	0	0	0	0	0	0	0	0	0	0
GF2_A2_Colon	16.37148	0	0.28807	0	0	12.00338	0	0	0	0	71.33706	0	0	0	0
GF2_A2_d36	1.69692	0	0.74478	0	0	86.1113	0	0	0	0	11.447	0	0	0	0
GF2_A2_D37	2.30283	0	16.186	0	0	71.23591	0	0	0	0	10.27526	0	0	0	0
GF2_A2_d39	0.1319	0	1.75912	0	0	84.79906	0	0	0	0	13.30992	0	0	0	0
GF2_A2_day28	0	0	0	0	0	0	0	0	0	0	100	0	0	0	0
GF2_A2_day29	0.16344	0	0.29676	0	0	0.06597	0	0	0	0	99.47382	0	0	0	0
GF2_A2_day30	43.81059	0	2.36287	0	0	43.35946	0	0	0	0	10.46707	0	0	0	0
GF2_A2_day31	0.34451	0	2.30904	0	0	0	0	0	0	0	97.34645	0	0	0	0
GF2_A2_day32	46.64562	0	3.0656	0	0	43.66562	0	0	0	0	6.62315	0	0	0	0
GF2_A2_day34	31.52028	0	3.51452	0	0	47.06653	0	0	0	0	4.89677	5.92886	0	7.07304	0
GF2_A2_day41	1.50241	0	0.19186	0	0	69.54817	0	0	0	0	28.75756	0	0	0	0
GF2_A2_day42	3.20625	0	1.716	0	0	25.63496	0	0	0	0	69.44279	0	0	0	0
GF2_A2_day44	21.93835	0	4.1636	0	0	23.78967	0	0	0	0	50.10838	0	0	0	0
GF2_A2_Liver	0	0	0	0	0	0	0	0	0	0	0	0	0	0	0
GF2_A2_Spleen	0	0	0	0	0	0	0	0	0	0	0	0	0	0	0
GF2_A25_N713	3.34193	0	2.03167	0	0	63.93361	0	0	17.82531	0	5.14597	4.894	0	2.82751	0
GF2_A3_Colon	31.27407	0	1.01388	0	0	24.49815	0	0	0	0	43.2139	0	0	0	0
GF2_A3_d37	14.38746	0	0.46853	0	0	77.32429	0	0	0	0	7.81972	0	0	0	0
GF2_A3_d39	29.92258	0	0.04571	0	0	55.9212	0	0	0	0	14.11051	0	0	0	0
GF2_A3_day28	0	0	0	0	0	0	0	0	0	0	100	0	0	0	0
GF2_A3_day30	41.36087	0	4.92485	0	0	39.75465	0	0	0	0	13.95962	0	0	0	0
GF2_A3_day32	64.03964	0	2.00644	0	0	25.83365	0	0	0	0	8.12027	0	0	0	0
GF2_A3_day41	48.09963	0	0.49644	0	0	33.80002	0	0	0	0	12.79232	4.43839	0	0.37319	0
GF2_A3_day42	0.90822	0	1.35849	0	0	4.02063	0	0	0	0	93.71266	0	0	0	0
GF2_A3_Liver	0	0	0	0	0	0	0	0	0	0	0	0	0	0	0
GF2_A3_Spleen	0	0	0	0	0	0	0	0	0	0	0	0	0	0	0
GF2_A4_Colon	2.84825	0	0	0	0	12.282	0	0	0	0	84.86975	0	0	0	0
GF2_A4_d36	55.64148	0	2.00022	0	0	38.14693	0	0	0	0	4.21137	0	0	0	0
GF2_A4_d37	0.48198	0	2.44314	0	0	79.69398	0	0	0	0	17.38089	0	0	0	0
GF2_A4_D39	0.4855	0	0.54994	0	0	75.57091	0	0	0	0	23.39365	0	0	0	0
GF2_A4_day28	0	0	0.17214	0	0	0	0	0	0	0	99.82786	0	0	0	0
GF2_A4_day29	0.59705	0	1.08253	0	0	1.55802	0	0	0	0	96.7624	0	0	0	0
GF2_A4_day30	52.73717	0	2.07135	0	0	34.74512	0	0	0	0	10.44636	0	0	0	0
GF2_A4_day31	0	0	1.78832	0	0	0	0	0	0	0	98.21168	0	0	0	0
GF2_A4_day32	49.99856	0	2.39137	0	0	38.58507	0	0	0	0	9.025	0	0	0	0
GF2_A4_day41	48.43964	0	0.44257	0	0	43.83025	0	0	0	0	3.88894	3.39859	0	0	0
GF2_A4_day42	11.27871	0	0.81482	0	0	12.65769	0	0	0	0	75.24878	0	0	0	0
GF2_A4_day44	3.29974	0	9.3906	0	0	0.49595	0	0	0	0	86.81371	0	0	0	0
GF2_A4_Liver	0	0	0	0	0	0	0	0	0	0	0	0	0	0	0
GF2_A4_Spleen	0	0	0	0	0	0	0	0	0	0	0	0	0	0	0
GF2_A5_Colon	5.69294	0	0.0555	0	0	3.81454	0	0	0	0	90.43702	0	0	0	0
GF2_A5_d39	39.16276	0	0.40158	0	0	47.25242	0	0	0	0	13.18324	0	0	0	0
GF2_A5_day28	0	0	0	0	0	0	0	0	0	0	100	0	0	0	0
GF2_A5_day31	0.79856	0	19.12273	0	0	0.29	0	0	0	0	79.78871	0	0	0	0
GF2_A5_day32	0.59193	0	9.78022	0	0	0	0	0	0	0	89.62785	0	0	0	0
GF2_A5_day42	24.67441	0	1.10749	0	0	27.47152	0	0	0	0	46.74658	0	0	0	0
GF2_A5_Liver	0	0	0	0	0	0	0	0	0	0	0	0	0	0	0
GF2_A5_Spleen	0	0	0	0	0	0	0	0	0	0	0	0	0	0	0
GF2_A6_Colon	0	0	0	0	0	22.5806	0	0	0	0	77.4194	0	0	0	0
GF2_A6_d33	36.69335	0	2.25316	0	0	42.15903	0	0	0	0	4.35326	9.82095	0	4.72025	0
GF2_A6_d36	44.50396	0	2.47987	0	0	50.03142	0	0	0	0	2.98475	0	0	0	0
GF2_A6_d37	4.17614	0	1.92221	0	0	85.78309	0	0	0	0	8.11857	0	0	0	0
GF2_A6_D39	0.27811	0	1.21138	0	0	81.61915	0	0	0	0	16.89137	0	0	0	0
GF2_A6_day28	0	0	0.7404	0	0	0.01806	0	0	0	0	99.24154	0	0	0	0
GF2_A6_day29	1.29099	0	1.76165	0	0	0.38456	0	0	0	0	96.5628	0	0	0	0
GF2_A6_day30	51.53101	0	1.25683	0	0	34.70881	0	0	0	0	12.50334	0	0	0	0
GF2_A6_day31	17.27904	0	42.23421	0	0	0.55536	0	0	0	0	39.93139	0	0	0	0
GF2_A6_day32	0	0	10.33301	0	0	0.16327	0	0	0	0	89.50372	0	0	0	0
GF2_A6_day44	12.89691	0	1.28484	0	0	71.07475	0	0	0	0	14.22992	0	0	0.51358	0
GF2_A6_Liver	0	0	0	0	0	0	0	0	0	0	0	0	0	0	0
GF2_A6_Spleen	0	0	0	0	0	0	0	0	0	0	0	0	0	0	0
GF2_B_dam_d33	49.40654	0	1.49502	0	0	42.60281	0	0	0	0	2.56482	3.90827	0	0.02255	0
GF2_B_dam_day19	43.99358	0	1.16269	0	0	39.87914	0	0	0	0	1.08947	13.83046	0	0.04466	0
GF2_B_dam_day37	38.13328	0	0.33365	0	0	49.19735	0	0	0	0	0.85979	11.31129	0	0.16464	0
GF2_B_day1_dad	0	0	20.85959	0	0	63.47724	0	0	0	0	15.66318	0	0	0	0
GF2_B_day1_mom	0	0	21.16103	0	0	46.94877	0	0	0	0	31.8902	0	0	0	0
GF2_B_Sire_day23	41.65161	0	0.66007	0	0	43.54844	0	0	0	0	1.50686	10.6439	0	1.98912	0
GF2_B0	0	0	0	0	0	0	0	0	0	0	0	0	0	0	0
GF2_B1_d34	52.42429	0	3.08676	0	0	40.0786	0	0	0	0	4.41035	0	0	0	0
GF2_B1_d35	9.99139	0	0	0	0	86.79632	0	0	0	0	3.21229	0	0	0	0
GF2_B1_day29	33.43889	0	2.25889	0	0	41.01897	0	0	0	0	23.28325	0	0	0	0
GF2_B1_day32	41.43498	0	1.60186	0	0	51.32397	0	0	0	0	5.63919	0	0	0	0
GF2_B1_day37	50.66664	0	0.15483	0	0	47.30266	0	0	0	0	1.87587	0	0	0	0
GF2_B1_day41	48.14428	0	0.44697	0	0	36.99733	0	0	0	0	8.92937	5.48205	0	0	0
GF2_B1_day44	22.46866	0	1.04691	0	0	56.01847	0	0	0	0	17.11965	2.52627	0	0.82003	0
GF2_B1_Liver	0	0	0	0	0	0	0	0	0	0	0	0	0	0	0
GF2_B1_Spleen	0	0	0	0	0	0	0	0	0	0	0	0	0	0	0
GF2_B2_d35	37.26765	0	1.36325	0	0	57.0802	0	0	0	0	4.2889	0	0	0	0
GF2_B2_day27	1.27159	0	0.8063	0	0	2.84667	0	0	0	0	95.07544	0	0	0	0
GF2_B2_day28	1.18433	0	1.47821	0	0	3.19583	0	0	0	0	94.14163	0	0	0	0
GF2_B2_day29	2.22375	0	0.7165	0	0	30.4534	0	0	0	0	65.81719	0	0	0.78917	0
GF2_B2_day30	2.26456	0	1.68339	0	0	75.92595	0	0	0	0	20.02459	0	0	0.10151	0
GF2_B2_day31	0.56887	0	0.53143	0	0	96.14445	0	0	0	0	2.75525	0	0	0	0
GF2_B2_day37	48.0216	0	0.13582	0	0	48.82386	0	0	0	0	3.01872	0	0	0	0
GF2_B2_day41	20.51453	0	8.31744	0	0	16.09336	0	0	0	0	53.05626	2.01842	0	0	0
GF2_B2_day44	39.32985	0	0.77927	0	0	35.12451	0	0	0	0	15.4622	9.22487	0	0.07928	0
GF2_B2_Liver	0	0	0	0	0	0	0	0	0	0	0	0	0	0	0
GF2_B2_Spleen	0	0	0	0	0	0	0	0	0	0	0	0	0	0	0
GF2_B3_COLON	0	0	0	0	0	0	0	0	0	0	0	0	0	0	0
GF2_B3_d35	0.5903	0	0.18768	0	0	90.18833	0	0	0	0	9.03369	0	0	0	0
GF2_B3_day27	1.19857	0	1.09889	0	0	2.78844	0	0	0	0	94.91409	0	0	0	0
GF2_B3_day28	1.11578	0	0.98406	0	0	14.51982	0	0	0	0	83.38033	0	0	0	0
GF2_B3_day31	0.90685	0	0.45948	0	0	92.28439	0	0	0	0	6.34928	0	0	0	0
GF2_B3_day37	46.57987	0	0	0	0	51.42264	0	0	0	0	1.99749	0	0	0	0
GF2_B3_day41	54.65444	0	0.21272	0	0	35.30574	0	0	0	0	6.11926	3.70784	0	0	0
GF2_B3_day44	1.55405	0	0.41444	0	0	65.10451	0	0	0	0	32.90212	0.02488	0	0	0
GF2_B3_Liver	0	0	0	0	0	0	0	0	0	0	0	0	0	0	0
GF2_B3_Spleen	0	0	0	0	0	0	0	0	0	0	0	0	0	0	0
GF2_B4_d35	0	0	0.19373	0	0	92.6885	0	0	0	0	7.11777	0	0	0	0
GF2_B4_day27	1.42458	0	2.394	0	0	0.58599	0	0	0	0	95.59544	0	0	0	0
GF2_B4_day28	48.09335	0	2.10006	0	0	42.47949	0	0	0	0	7.32709	0	0	0	0
GF2_B4_day29	2.83389	0	2.23211	0	0	30.16701	0	0	0	0	63.98716	0	0	0.77983	0
GF2_B4_day32	26.4753	0	1.14498	0	0	60.71961	0	0	0	0	2.80859	5.66293	0	3.18858	0
GF2_B4_day37	38.95564	0	0	0	0	60.29339	0	0	0	0	0.75097	0	0	0	0
GF2_B4_day41	0	0	0	0	0	0	0	0	0	0	99.97767	0.02233	0	0	0
GF2_B5_d34	49.23939	0	2.44625	0	0	45.92271	0	0	0	0	2.39165	0	0	0	0
GF2_B5_d35	36.78445	0	0	0	0	60.04452	0	0	0	0	3.17103	0	0	0	0
GF2_B5_day27	43.15546	0	2.01816	0	0	46.24547	0	0	0	0	8.58092	0	0	0	0
GF2_B5_day28	1.59401	0	13.04748	0	0	6.66109	0	0	0	0	78.48187	0.21554	0	0	0
GF2_B5_day29	6.68135	0	8.29176	0	0	29.33095	0	0	0	0	49.67742	0	0	6.01853	0
GF2_B5_day30	0.55838	0	1.38155	0	0	85.79276	0	0	0	0	12.22318	0	0	0.04413	0
GF2_B5_day31	0.22288	0	0.11143	0	0	93.71832	0	0	0	0	5.82891	0	0	0.11846	0
GF2_B5_day37	55.30461	0	0.23473	0	0	39.84493	0	0	0	0	3.44838	1.16735	0	0	0
GF2_B5_day41	22.38218	0	6.4659	0	0	19.18605	0	0	0	0	50.24326	1.7226	0	0	0
GF2_B5_day44	54.47174	0	0.74497	0	0	32.89294	0	0	0	0	3.90055	6.6713	0	1.31851	0
GF2_B5_Spleen	0	0	0	0	0	0	0	0	0	0	0	0	0	0	0
GF2_colon_A1_day45	5.00538	0	0	0	0	8.2424	0	0	0	0	86.75222	0	0	0	0
GF2_colon_B1_day44	7.3654	0	0	0	0	81.32045	0	0	0	0	11.31415	0	0	0	0
GF2_colon_B2_day44	8.5868	0	0.17645	0	0	78.555	0	0	0	0	12.55188	0.12128	0	0.00858	0
GF2_colon_B3_day44	34.56595	0	0	0	0	18.81897	0	0	0	0	43.27673	2.56377	0	0.77458	0
GF2_colon_B5_day44	9.78818	0	1.04444	0	0	76.06365	0	0	0	0	12.3522	0.69137	0	0.06016	0
GF2_Inoc	23.96745	0	27.28984	0	0	4.41914	0	0	0	0	6.98871	0.91944	0	36.41543	0
GF20_d0_inoc	20.16001	0	44.92024	0	0	0	0	0	0	0	1.225	0	0	33.69475	0
GF20_d123_b10	0	0	0	0	0	0	0	0	0	0	0	0	0	0	0
GF20_d127_a1	0	0	0	0	0	0	0	0	0	0	100	0	0	0	0
GF20_d127_a2	0	0	0	0	0	0	0	0	0	0	100	0	0	0	0
GF20_d127_a3	0	0	0	0	0	0	0	0	0	0	100	0	0	0	0
GF20_d127_a4	0	0	0	0	0	0	0	0	0	0	0	0	0	0	0
GF20_d127_a5	0	0	0	0	0	0	0	0	0	0	100	0	0	0	0
GF20_d127_a6	0	0	0	0	0	0	0	0	0	0	100	0	0	0	0
GF20_d127_a7	0	0	0	0	0	0	0	0	0	0	100	0	0	0	0
GF20_d127_a8	0	0	0	0	0	0	0	0	0	0	0	0	0	0	0
GF20_d127_a9	0	0	0	0	0	0	0	0	0	0	100	0	0	0	0
GF20_d127_b1	0	0	0	0	0	0	0	0	0	0	0	0	0	0	0
GF20_d127_b2	0	0	0	0	0	0	0	0	0	0	0	0	0	0	0
GF20_d127_b5	0	0	0	0	0	0	0	0	0	0	0	0	0	0	0
GF20_d127_b6	0	0	0	0	0	0	0	0	0	0	0	0	0	0	0
GF20_d127_b8	0	0	0	0	0	0	0	0	0	0	0	0	0	0	0
GF20_d140_c1	0	0	0	0	0	0	0	0	0	0	0	0	0	0	0
GF20_d140_c3	0	0	0	0	0	0	0	0	0	0	0	0	0	0	0
GF20_d140_c5	0	0	0	0	0	0	0	0	0	0	0	0	0	0	0
GF20_d140_c6	0	0	0	0	0	0	0	0	0	0	0	0	0	0	0
GF20_d140_c7	0	0	0	0	0	0	0	0	0	0	0	0	0	0	0
GF20_d140_c8	0	0	0	0	0	0	0	0	0	0	100	0	0	0	0
GF20_d140_c9	0	0	0	0	0	0	0	0	0	0	0	0	0	0	0
GF20_d161_b2	0.03116	0	0.13114	0	0	0	0	0	0	0	99.8377	0	0	0	0
GF20_d161_b4	1.12052	0	0.85692	0	0	0.23284	0	0	0	0	97.78972	0	0	0	0
GF20_d161_b6	0	0	0	0	0	0	0	0	0	0	100	0	0	0	0
GF20_d161_b8	0.06769	0	0.36998	0	0	0	0	0	0	0	99.56232	0	0	0	0
GF20_d164_b1	0	0	1.65474	0	0	0	0	0	0	0	98.34526	0	0	0	0
GF20_d164_b2	0	0	0	0	0	0	0	0	0	0	100	0	0	0	0
GF20_d164_b3	0	0	0	0	0	0	0	0	0	0	100	0	0	0	0
GF20_d164_b4	0	0	0	0	0	0	0	0	0	0	100	0	0	0	0
GF20_d164_b5	0	0	0	0	0	0	0	0	0	0	100	0	0	0	0
GF20_d164_b6	0	0	0	0	0	0	0	0	0	0	100	0	0	0	0
GF20_d164_b7	0	0	0	0	0	0	0	0	0	0	100	0	0	0	0
GF20_d164_b8	0	0	0	0	0	0	0	0	0	0	100	0	0	0	0
GF20_d164_b9	0	0	0	0	0	0	0	0	0	0	100	0	0	0	0
GF20_d167_damb	0	0	1.15517	0	0	0	0	0	0	0	98.84483	0	0	0	0
GF20_d170_c1	0	0	0	0	0	0	0	0	0	0	100	0	0	0	0
GF20_d170_c2	0	0	0	0	0	0	0	0	0	0	100	0	0	0	0
GF20_d170_c5	0	0	0	0	0	0	0	0	0	0	100	0	0	0	0
GF20_d170_c6	0	0	0	0	0	0	0	0	0	0	100	0	0	0	0
GF20_d170_c7	0	0	0	0	0	0	0	0	0	0	100	0	0	0	0
GF20_d170_c8	0	0	0	0	0	0	0	0	0	0	100	0	0	0	0
GF20_d170_c9	0	0	0	0	0	0	0	0	0	0	100	0	0	0	0
GF20_d33_a3	1.27753	0	90.46654	0	0	0.7751	0	0	0	0	7.48083	0	0	0	0
GF20_d33_a4	1.38273	0	2.29877	0	0	0.84769	0	0	0	0	95.47082	0	0	0	0
GF20_d33_a5	1.64774	0	1.5821	0	0	0.82643	0	0	0	0	95.94373	0	0	0	0
GF20_d33_b2	0.106	0	13.47497	0	0	0	0	0	0	0	86.41904	0	0	0	0
GF20_d33_b3	0	0	0.52866	0	0	0	0	0	0	0	99.47134	0	0	0	0
GF20_d33_b4	0.51042	0	7.76074	0	0	0.02406	0	0	0	0	91.70478	0	0	0	0
GF20_d34_a2	0	0	0	0	0	0	0	0	0	0	100	0	0	0	0
GF20_d34_a4	1.12183	0	1.79183	0	0	1.0708	0	0	0	0	96.01555	0	0	0	0
GF20_d34_b3	0.94969	0	0.99942	0	0	0.12113	0	0	0	0	97.92976	0	0	0	0
GF20_d35_a2	0.2797	0	0	0	0	0	0	0	0	0	99.7203	0	0	0	0
GF20_d35_a3	0	0	0	0	0	0	0	0	0	0	100	0	0	0	0
GF20_d35_b5	0	0	0	0	0	0	0	0	0	0	0	0	0	0	0
GF20_d36_a1	0	0	0	0	0	0	0	0	0	0	100	0	0	0	0
GF20_d36_a2	0	0	0	0	0	0	0	0	0	0	100	0	0	0	0
GF20_d36_a3	0	0	0	0	0	0	0	0	0	0	100	0	0	0	0
GF20_d36_a4	0	0	0	0	0	0	0	0	0	0	100	0	0	0	0
GF20_d36_a5	0	0	0	0	0	0	0	0	0	0	100	0	0	0	0
GF20_d36_b1	0	0	0	0	0	0	0	0	0	0	0	0	0	0	0
GF20_d36_b3	0	0	0	0	0	0	0	0	0	0	0	0	0	0	0
GF20_d36_b4	0	0	0	0	0	0	0	0	0	0	0	0	0	0	0
GF20_d36_b5	0	0	0	0	0	0	0	0	0	0	100	0	0	0	0
GF20_d39_dama	59.35703	0	4.03293	0	0	32.62069	0	0	0	0	3.98936	0	0	0	0
GF20_d39_damc	55.59426	0	3.977	0	0	37.82634	0	0	0	0	2.60239	0	0	0	0
GF20_d40_c1	0	0	0	0	0	0	0	0	0	0	0	0	0	0	0
GF20_d40_c2	0	0	0	0	0	0	0	0	0	0	0	0	0	0	0
GF20_d40_c3	0	0	100	0	0	0	0	0	0	0	0	0	0	0	0
GF20_d40_c4	0	0	0	0	0	0	0	0	0	0	0	0	0	0	0
GF20_d40_c5	0	0	4.45957	0	0	22.29006	0	0	0	0	73.25037	0	0	0	0
GF20_d40_c6	0	0	0	0	0	0	0	0	0	0	100	0	0	0	0
GF20_d66_c1	0	0	0.60987	0	0	19.97234	0	0	0	0	79.41778	0	0	0	0
GF20_d66_c10	0	0	3.49855	0	0	41.22035	0	0	0	0	55.2811	0	0	0	0
GF20_d66_c2	0	0	4.25906	0	0	10.97089	0	0	0	0	84.77004	0	0	0	0
GF20_d66_c3	0	0	0.8604	0	0	28.3336	0	0	0	0	70.806	0	0	0	0
GF20_d66_c4	0	0	15.44422	0	0	24.81761	0	0	0	0	59.73817	0	0	0	0
GF20_d66_c5	0	0	2.33365	0	0	13.28759	0	0	0	0	84.37875	0	0	0	0
GF20_d66_c6	0.22339	0	8.41306	0	0	12.19637	0	0	0	0	79.16718	0	0	0	0
GF20_d66_c7	0	0	6.66006	0	0	45.65337	0	0	0	0	47.68656	0	0	0	0
GF20_d66_c8	0	0	2.16954	0	0	20.11709	0	0	0	0	77.71337	0	0	0	0
GF20_d66_c9	0	0	12.21802	0	0	35.84611	0	0	0	0	51.93587	0	0	0	0
GF20_d68_b2	0	0	0	0	0	0	0	0	0	0	100	0	0	0	0
GF20_d68_b3	1.08043	0	1.24698	0	0	0	0	0	0	0	97.67258	0	0	0	0
GF20_d68_b4	0	0	0	0	0	0	0	0	0	0	100	0	0	0	0
GF20_d68_b5	0	0	0	0	0	0	0	0	0	0	100	0	0	0	0
GF20_d68_b6	0	0	0	0	0	0	0	0	0	0	100	0	0	0	0
GF20_d68_b7	0	0	0	0	0	0	0	0	0	0	100	0	0	0	0
GF20_d68_b8	0	0	0	0	0	0	0	0	0	0	100	0	0	0	0
GF20_d75_dama	58.5578	0	5.58949	0	0	32.89968	0	0	0	0	2.95303	0	0	0	0
GF20_d75_damc	3.10304	0	10.67831	0	0	61.52802	0	0	0	0	24.69063	0	0	0	0
GF20_d81_a1	0	0	8.17803	0	0	12.81389	0	0	0	0	79.00808	0	0	0	0
GF20_d81_a2	0	0	9.84517	0	0	6.27838	0	0	0	0	83.87645	0	0	0	0
GF20_d81_a3	0	0	0	0	0	0	0	0	0	0	100	0	0	0	0
GF20_d81_a4	0	0	6.7285	0	0	3.76697	0	0	0	0	89.50453	0	0	0	0
GF20_d81_a5	0	0	24.10066	0	0	17.84041	0	0	0	0	58.05893	0	0	0	0
GF20_d81_a6	0	0	7.95975	0	0	15.377	0	0	0	0	76.66325	0	0	0	0
GF20_d81_a7	0.02664	0	11.50546	0	0	23.53361	0	0	0	0	64.93429	0	0	0	0
GF20_d89_b2	0	0	9.3845	0	0	46.99089	0	0	0	0	43.62461	0	0	0	0
GF20_d89_b3	0	0	0	0	0	0	0	0	0	0	100	0	0	0	0
GF20_d89_b4	0	0	0	0	0	0	0	0	0	0	0	0	0	0	0
GF20_d89_b5	0	0	100	0	0	0	0	0	0	0	0	0	0	0	0
GF20_d89_b6	0	0	0	0	0	1.37208	0	0	0	0	98.62792	0	0	0	0
GF20_d89_b7	0	0	0	0	0	0	0	0	0	0	0	0	0	0	0
GF23_d0__inoc	5.39813	0	11.7079	0	0	9.56802	0	0	3.78277	0	54.01054	7.35401	0	8.17863	0
GF23_d0_dama	0	0	0	0	0	0	0	0	0	0	0	0	0	0	0
GF23_d0_damb	0	0	0	0	0	0	0	0	0	0	0	0	0	0	0
GF23_d0_damc	0	0	0	0	0	0	0	0	0	0	0	0	0	0	0
GF23_d10_dama	36.73312	0	8.22753	0	0	36.24212	0	0	11.57605	0	6.56352	0	0	0.65766	0
GF23_d10_damb	29.09507	0	6.50985	0	0	32.32512	0	0	19.31548	0	11.44476	0	0	1.30972	0
GF23_d10_damc	0	0	0	0	0	0	0	0	0	0	0	0	0	0	0
GF23_d17_dama	14.72056	0	6.98638	0	0	55.4544	0	0	14.53708	0	7.09229	0	0	1.20929	0
GF23_d17_damb	15.78471	0	5.52823	0	0	51.02171	0	0	18.94611	0	7.54442	0	0	1.17482	0
GF23_d17_damc	15.66296	0	7.59081	0	0	46.78723	0	0	21.56006	0	7.61815	0	0	0.78079	0
GF23_d19_dama	0	0	0	0	0	0	0	0	0	0	0	0	0	0	0
GF23_d32_dama	0	0	0	0	0	0	0	0	0	0	0	0	0	0	0
GF23_d32_damb	14.58493	0	7.27067	0	0	56.44543	0	0	17.45534	0	4.24363	0	0	0	0
GF23_d32_damc	0	0	0	0	0	0	0	0	0	0	0	0	0	0	0
GF23_d35_c1	0	0	0	0	0	0	0	0	0	0	0	0	0	0	0
GF23_d36_c1	0	0	0	0	0	0	0	0	0	0	100	0	0	0	0
GF23_d36_c2	0	0	0	0	0	0	0	0	0	0	100	0	0	0	0
GF23_d36_c3	0	0	0	0	0	0	0	0	0	0	100	0	0	0	0
GF23_d36_c4	0	0	0	0	0	6.14625	0	0	0	0	93.85375	0	0	0	0
GF23_d39_damb	9.27951	0	4.67574	0	0	66.4737	0	0	13.91661	0	4.08632	0	0	1.56812	0
GF23_d47_dama	0	0	0	0	0	0	0	0	0	0	0	0	0	0	0
GF23_d47_damb	12.82067	0	4.57542	0	0	51.24731	0	0	23.90876	0	6.83657	0	0	0.61127	0
GF23_d47_damc	0	0	0	0	0	0	0	0	0	0	0	0	0	0	0
GF23_d52_a1	0	0	0	0	0	0	0	0	0	0	0	0	0	0	0
GF23_d52_a2	0	0	0.35407	0	0	0.11718	0	0	0	0	99.52875	0	0	0	0
GF23_d52_a5	0	0	0.97848	0	0	0.00329	0	0	0	0	99.01823	0	0	0	0
GF23_d52_a6	0	0	0	0	0	0	0	0	0	0	0	0	0	0	0
GF23_d52_a8	0	0	0.06848	0	0	0	0	0	0	0	99.93152	0	0	0	0
GF23_d52_a9	0	0	0.61549	0	0	0	0	0	0	0	99.38451	0	0	0	0
GF23_d54_damc	6.94825	0	8.90257	0	0	61.83865	0	0	14.57834	0	5.94862	0	0	1.78358	0
GF23_d56_c2	0	0	0	0	0	0	0	0	0	0	100	0	0	0	0
GF23_d56_c3	0	0	0	0	0	0	0	0	0	0	100	0	0	0	0
GF23_d56_c6	0	0	0.15615	0	0	0	0	0	0	0	99.84385	0	0	0	0
GF23_d57_c2	0	0	1.73839	0	0	0	0	0	0	0	98.26161	0	0	0	0
GF23_d57_c4	0	0	0	0	0	0	0	0	0	0	100	0	0	0	0
GF23_d57_c5	0	0	0	0	0	0	0	0	0	0	0	0	0	0	0
GF23_d58_c3	0	0	58.03759	0	0	26.44955	0	0	15.51286	0	0	0	0	0	0
GF23_d59_c1	0	0	7.14575	0	0	0	0	0	0	0	92.85425	0	0	0	0
GF23_d59_c2	0	0	100	0	0	0	0	0	0	0	0	0	0	0	0
GF23_d59_c4	0	0	95.68116	0	0	0	0	0	4.31884	0	0	0	0	0	0
GF23_d59_c6	0	0	0	0	0	0	0	0	0	0	100	0	0	0	0
GF23_d62_dama	4.59217	0	6.63812	0	0	63.17925	0	0	19.40077	0	6.1897	0	0	0	0
GF23_d62_damb	8.92074	0	4.94494	0	0	48.16655	0	0	28.60667	0	6.83556	0	0	2.52554	0
GF23_d62_damc	8.78291	0	14.74987	0	0	34.51277	0	0	30.64253	0	11.04057	0	0	0.27134	0
GF23_d7_damb	62.34164	0	4.90702	0	0	18.13492	0	0	8.09001	0	6.02589	0	0	0.50051	0
GF23_d7_damc	14.94552	0	3.9336	0	0	57.81857	0	0	13.03129	0	9.21268	0	0	1.05834	0
GF23_d77_damb	12.44551	0	5.17627	0	0	43.87452	0	0	29.46385	0	7.8316	0	0	1.20825	0
GF23_d80_c3	0	0	0	0	0	0	0	0	0	0	100	0	0	0	0
GF23_d80_c5	0	0	0	0	0	0	0	0	0	0	0	0	0	0	0
GF23_d80_c7	0	0	0	0	0	0	0	0	0	0	100	0	0	0	0
GF23_d82_c2	0	0	0	0	0	0	0	0	0	0	0	0	0	0	0
GF23_d82_c6	0	0	0	0	0	0	0	0	0	0	0	0	0	0	0
GF23_d83_c4	0	0	0	0	0	0	0	0	0	0	0	0	0	0	0
GF23_d83_c5	0	0	0	0	0	0	0	0	0	0	0	0	0	0	0
GF23_d84_c1	0	0	100	0	0	0	0	0	0	0	0	0	0	0	0
GF23_d84_c2	0	0	100	0	0	0	0	0	0	0	0	0	0	0	0
GF23_d84_c3	0	0	100	0	0	0	0	0	0	0	0	0	0	0	0
GF23_d84_c4	0	0	100	0	0	0	0	0	0	0	0	0	0	0	0
GF23_d84_c5	0	0	100	0	0	0	0	0	0	0	0	0	0	0	0
GF23_d84_c9	0	0	94.6619	0	0	4.83868	0	0	0.49943	0	0	0	0	0	0
GF23_d89_damb	10.68078	0	7.07797	0	0	45.99021	0	0	25.68731	0	6.20691	0	0	4.35682	0
GF23_d89_damc	2.16986	0	26.68235	0	0	27.7303	0	0	34.50024	0	8.91725	0	0	0	0
GF3_AB_Sire_day4	41.71299	0	0.48794	0	0	52.93055	0	0	0	0	4.86852	0	0	0	0
GF3_B_Sire_day19	42.5125	0	0.53591	0	0	47.02214	0	0	0	0	9.92945	0	0	0	0
GF3_B_Sire_day30	32.16714	0	0.71287	0	0	56.86577	0	0	0	0	10.25422	0	0	0	0
GF3_C_dam_day19	31.59842	0	0.40812	0	0	54.44505	0	0	0	0	1.30635	11.20095	0	1.04111	0
GF3_C_dam_day4	26.87296	0	0.49189	0	0	10.73651	0	0	0	0	61.89863	0	0	0	0
GF3_C_Sire_day19	13.57464	0	0.71492	0	0	22.49844	0	0	0	0	57.39462	4.40235	0	1.41504	0
GF3_C_Sire_day30	46.9662	0	1.2207	0	0	46.70979	0	0	0	0	5.10331	0	0	0	0
GF3_C_Sire_day4	46.21263	0	1.26125	0	0	36.65731	0	0	0	0	5.64432	9.00623	0	1.21826	0
GF3_C1_day30	54.95997	0	0.88144	0	0	18.21313	0	0	0	0	25.94546	0	0	0	0
GF3_C1_day32	54.24991	0	1.15497	0	0	21.83168	0	0	0	0	17.15185	4.33373	0	1.27786	0
GF3_C1_day34	55.96762	0	0.22706	0	0	32.74658	0	0	0	0	11.05874	0	0	0	0
GF3_C2_day30	0	0	0	0	0	0.16191	0	0	0	0	99.83809	0	0	0	0
GF3_C2_day32	9.91644	0	0.395	0	0	11.99763	0	0	0	0	77.69093	0	0	0	0
GF3_C2_day35	31.59842	0	0.40812	0	0	54.44505	0	0	0	0	1.30635	11.20095	0	1.04111	0
GF3_C2_day38	4.78405	0	3.01642	0	0	0	0	0	0	0	92.19953	0	0	0	0
GF3_C2_day39	4.8555	0	20.68664	0	0	0.86652	0	0	0	0	73.59134	0	0	0	0
GF3_C2_day40	1.00884	0	6.17313	0	0	3.40538	0	0	0	0	89.41265	0	0	0	0
GF3_C2_day41	18.73979	0	81.26021	0	0	0	0	0	0	0	0	0	0	0	0
GF3_C2_day42	25.46477	0	0.62056	0	0	56.68674	0	0	0	0	17.22792	0	0	0	0
GF3_C2_day45	38.62494	0	0.39377	0	0	49.28077	0	0	0	0	11.70051	0	0	0	0
GF3_C3_day30	50.91623	0	3.67693	0	0	22.6321	0	0	0	0	22.77474	0	0	0	0
GF3_C3_day32	0	0	1.1922	0	0	0	0	0	0	0	98.8078	0	0	0	0
GF3_C3_day34	27.97982	0	26.91655	0	0	2.92222	0	0	0	0.02018	6.98857	0.74403	0	34.42865	0
GF3_C3_day35	29.57829	0	1.36451	0	0	53.50669	0	0	0	0	2.28637	10.20882	0	3.05532	0
GF3_C3_day39	0	0	0	0	0	0	0	0	0	0	100	0	0	0	0
GF3_C3_day40	0.48816	0	1.52075	0	0	1.91361	0	0	0	0	96.07747	0	0	0	0
GF3_C3_day41	0	0	100	0	0	0	0	0	0	0	0	0	0	0	0
GF3_C3_day42	19.10468	0	0.60577	0	0	59.47326	0	0	0	0	20.81629	0	0	0	0
GF3_C3_day45	45.31227	0	0.7248	0	0	46.99827	0	0	0	0	6.96466	0	0	0	0
GF3_C4_day30	64.01304	0	1.16785	0	0	11.22246	0	0	0	0	17.72448	4.06061	0	1.81156	0
GF3_C4_day32	0	0	4.23	0	0	0	0	0	0	0	95.77	0	0	0	0
GF3_C4_day34	40.52758	0	4.68994	0	0	38.53952	0	0	0	0	10.97031	4.15824	0	1.11441	0
GF3_C4_day38	0.72192	0	0.26995	0	0	0	0	0	0	0	99.00813	0	0	0	0
GF3_C4_day39	1.38912	0	2.24068	0	0	0.74542	0	0	0	0	95.62477	0	0	0	0
GF3_C4_day40	0	0	100	0	0	0	0	0	0	0	0	0	0	0	0
GF3_C4_day41	13.78776	0	86.21224	0	0	0	0	0	0	0	0	0	0	0	0
GF3_C4_day42	35.17645	0	1.50829	0	0	51.348	0	0	0	0	11.96727	0	0	0	0
GF3_C4_day45	34.21025	0	1.02136	0	0	56.45542	0	0	0	0	8.31298	0	0	0	0
GF3_C5_day30	0.35395	0	0	0	0	0.12041	0	0	0	0	99.52564	0	0	0	0
GF3_C5_day39	1.73798	0	2.7964	0	0	9.33443	0	0	0	0	85.86561	0	0	0.26559	0
GF3_C5_day41	0.41112	0	99.58888	0	0	0	0	0	0	0	0	0	0	0	0
GF3_C5_day42	46.52835	0	1.84554	0	0	41.66631	0	0	0	0	9.9598	0	0	0	0
GF3_C5_day45	57.13328	0	0.69573	0	0	36.31768	0	0	0	0	5.85331	0	0	0	0
GF3_C6_day30	1.11041	0	0	0	0	2.73899	0	0	0	0	95.96768	0.18292	0	0	0
GF3_C6_day35	0	0	0	0	0	0	0	0	0	0	100	0	0	0	0
GF3_C6_day38	0	0	0	0	0	0	0	0	0	0	100	0	0	0	0
GF3_C6_day39	2.1763	0	2.42112	0	0	6.20442	0	0	0	0	88.66333	0	0	0.53484	0
GF3_C6_day41	10.69772	0	0.2304	0	0	77.6392	0	0	0	0	11.43267	0	0	0	0
GF3_C6_day42	57.31886	0	0.56981	0	0	36.34514	0	0	0	0	5.76619	0	0	0	0
GF3_C6_day45	51.67369	0	1.0882	0	0	38.35895	0	0	0	0	8.87916	0	0	0	0
GF3_C7_day40	17.95539	0	81.47642	0	0	0.5682	0	0	0	0	0	0	0	0	0
GF3_C7_day41	38.84773	0	0.6571	0	0	53.73319	0	0	0	0	6.76198	0	0	0	0
GF3_C7_day42	13.69841	0	1.7887	0	0	73.20763	0	0	0	0	11.30526	0	0	0	0
GF3_C7_day45	41.70374	0	1.1889	0	0	46.59886	0	0	0	0	10.5085	0	0	0	0
GF3_C8_day30	22.24065	0	0	0	0	9.67764	0	0	0	0	67.31064	0.75243	0	0.01864	0
GF3_C8_day32	0.05581	0	8.00998	0	0	0	0	0	0	0	91.93421	0	0	0	0
GF3_C8_day34	46.21263	0	1.26125	0	0	36.65731	0	0	0	0	5.64432	9.00623	0	1.21826	0
GF3_C8_day39	1.30801	0	1.92073	0	0	2.76525	0	0	0	0	94.00601	0	0	0	0
GF3_C8_day40	0	0	100	0	0	0	0	0	0	0	0	0	0	0	0
GF3_C8_day41	62.27529	0	0.5116	0	0	30.46181	0	0	0	0	6.75131	0	0	0	0
GF3_C8_day42	47.13748	0	0.7565	0	0	45.60175	0	0	0	0	6.50427	0	0	0	0
GF3_C8_day45	49.52601	0	1.61762	0	0	43.71961	0	0	0	0	5.13677	0	0	0	0
GF3_C9_day30	15.19613	0	0.01829	0	0	11.44502	0	0	0	0	68.26109	4.2553	0	0.82416	0
GF3_C9_day32	62.07286	0	0.51616	0	0	21.6516	0	0	0	0	15.75938	0	0	0	0
GF3_C9_day34	46.45479	0	1.83829	0	0	35.51877	0	0	0	0	3.32286	12.48949	0	0.37579	0
GF3_C9_day38	3.22685	0	2.10749	0	0	0	0	0	0	0	94.66566	0	0	0	0
GF3_C9_day39	3.75526	0	8.50862	0	0	4.02339	0	0	0	0	83.71274	0	0	0	0
GF3_C9_day40	0	0	41.72633	0	0	0	0	0	0	0	58.27367	0	0	0	0
GF3_C9_day41	15.67679	0	1.06091	0	0	67.1672	0	0	0	0	16.0951	0	0	0	0
GF3_C9_day42	48.83157	0	0.80225	0	0	41.56616	0	0	0	0	8.80002	0	0	0	0
GF3_C9_day45	61.03244	0	2.6013	0	0	28.98196	0	0	0	0	7.3843	0	0	0	0
GF3_inoc	16.23477	0	1.77191	0	0	52.86234	0	0	0	0	29.13098	0	0	0	0
GF4_A0	0	0	0	0	0	0	0	0	0	0	0	0	0	0	0
GF4_B0	0	0	0	0	0	0	0	0	0	0	0	0	0	0	0
GF4_B1_D35	18.13104	0	81.86896	0	0	0	0	0	0	0	0	0	0	0	0
GF4_B1_D36	0.59973	0	86.78923	0	0	0.21018	0	0	0	0	12.40086	0	0	0	0
GF4_B1_d37	0	0	100	0	0	0	0	0	0	0	0	0	0	0	0
GF4_B2_d35	1.13433	0	16.33196	0	0	0	0	0	0	0	82.53371	0	0	0	0
GF4_B2_d36	0	0	0	0	0	0	0	0	0	0	100	0	0	0	0
GF4_B2_d37	0	0	0	0	0	0	0	0	0	0	0	0	0	0	0
GF4_B3_d35	14.99204	0	82.63922	0	0	2.36874	0	0	0	0	0	0	0	0	0
GF4_B3_d36	4.34166	0	72.03416	0	0	1.3826	0	0	0	0	22.24158	0	0	0	0
GF4_B3_d37	0	0	100	0	0	0	0	0	0	0	0	0	0	0	0
GF4_B3_d38	0	0	0	0	0	0	0	0	0	0	0	0	0	0	0
GF4_B3_d42	53.55772	0	1.56615	0	0	39.05635	0	0	0	0	5.81978	0	0	0	0
GF4_B3_d43	44.13371	0	2.89738	0	0	49.41047	0	0	0	0	3.55844	0	0	0	0
GF4_B3_d44	73.65812	0	3.91362	0	0	19.71188	0	0	0	0	2.71638	0	0	0	0
GF4_B3_d46	77.56029	0	2.97518	0	0	12.33613	0	0	0	0	7.12841	0	0	0	0
GF4_B3_LI	90.22326	0	4.1241	0	0	1.49785	0	0	0	0	4.15478	0	0	0	0
GF4_B3_MLN	0	0	0	0	0	0	0	0	0	0	0	0	0	0	0
GF4_B3_SI	96.6448	0	2.31173	0	0	1.04347	0	0	0	0	0	0	0	0	0
GF4_B4_d35	10.58381	0	88.48589	0	0	0.9303	0	0	0	0	0	0	0	0	0
GF4_B4_d37	0	0	0	0	0	0	0	0	0	0	0	0	0	0	0
GF4_B4_d38	0	0	100	0	0	0	0	0	0	0	0	0	0	0	0
GF4_B5_d35	2.06697	0	78.5023	0	0	0	0	0	0	0	19.43073	0	0	0	0
GF4_Bdam_d10	59.57224	0	2.08586	0	0	35.00753	0	0	0	0	2.35927	0.34605	0	0.62905	0
GF4_Bsire_d10	56.15246	0	2.83787	0	0	35.01085	0	0	0	0	4.93376	0	0	1.06507	0
GF4_Bsire_d2	69.96521	0	2.1971	0	0	21.31252	0	0	0	0	6.48573	0.03943	0	0	0
GF4_C0	0	0	0	0	0	0	0	0	0	0	0	0	0	0	0
GF4_C1_d36	0	0	3.67169	0	0	0	0	0	0	0	96.32831	0	0	0	0
GF4_C1_D37	0	0	15.72958	0	0	30.88916	0	0	0	0	53.38126	0	0	0	0
GF4_C1_d39	0.10618	0	14.10035	0	0	49.02673	0	0	0	0	36.76674	0	0	0	0
GF4_C1_d41	0	0	0	0	0	0	0	0	0	0	0	0	0	0	0
GF4_C1_d43	0	0	3.47485	0	0	73.06965	0	0	0	0	23.4555	0	0	0	0
GF4_C1_d46	0	0	0.66459	0	0	82.18351	0	0	0	0	17.1519	0	0	0	0
GF4_C1_LI	58.89099	0	2.82695	0	0	2.18149	0	0	0	0	7.32631	28.77426	0	0	0
GF4_C1_MLN	0	0	0	0	0	0	0	0	0	0	0	0	0	0	0
GF4_C1_SI	74.12533	0	1.31826	0	0	1.97334	0	0	0	0	7.67123	14.91183	0	0	0
GF4_C2_d35	0	0	81.13808	0	0	0	0	0	0	0	18.86192	0	0	0	0
GF4_C2_D36	0	0	52.75362	0	0	5.97408	0	0	0	0	41.2723	0	0	0	0
GF4_C2_d37	0	0	10.43878	0	0	34.26926	0	0	0	0	55.29195	0	0	0	0
GF4_C2_d38	0	0	6.26229	0	0	58.74172	0	0	0	0	34.996	0	0	0	0
GF4_C2_d39	0	0	9.50199	0	0	59.92111	0	0	0	0	30.5769	0	0	0	0
GF4_C2_d43	1.71639	0	0.68046	0	0	87.08313	0	0	0	0	10.52002	0	0	0	0
GF4_C2_d45	2.39023	0	0.40793	0	0	78.36244	0	0	0	0	9.82377	9.01563	0	0	0
GF4_C2_d46	15.77826	0	0.55526	0	0	64.01966	0	0	0	0	12.91047	6.73634	0	0	0
GF4_C2_LI	97.89862	0	0.16881	0	0	0.67168	0	0	0	0	0.64339	0.6175	0	0	0
GF4_C2_MLN	0	0	0	0	0	0	0	0	0	0	0	0	0	0	0
GF4_C2_SI	99.79752	0	0	0	0	0	0	0	0	0	0	0.20248	0	0	0
GF4_C3_d35	1.04135	0	61.70128	0	0	0	0	0	0	0	37.25737	0	0	0	0
GF4_C3_d36	0.37763	0	8.08023	0	0	20.93715	0	0	0	0	70.60499	0	0	0	0
GF4_C3_d38	0	0	4.83015	0	0	71.26504	0	0	0	0	23.90481	0	0	0	0
GF4_C3_d41	0	0	0	0	0	0	0	0	0	0	0	0	0	0	0
GF4_C3_d42	1.22375	0	0.36382	0	0	86.31143	0	0	0	0	12.101	0	0	0	0
GF4_C3_d43	11.6821	0	1.36391	0	0	74.22551	0	0	0	0	10.31607	2.41241	0	0	0
GF4_C3_d44	15.21052	0	1.39174	0	0	71.30339	0	0	0	0	7.28067	4.81368	0	0	0
GF4_C3_d45	19.36727	0	0.67251	0	0	68.46221	0	0	0	0	11.498	0	0	0	0
GF4_C3_d46	5.15493	0	0	0	0	83.06481	0	0	0	0	11.78026	0	0	0	0
GF4_C3_LI	80.82215	0	1.61196	0	0	11.04218	0	0	0	0	4.99954	1.52416	0	0	0
GF4_C3_MLN	0	0	0	0	0	0	0	0	0	0	0	0	0	0	0
GF4_C3_SI	98.35113	0	0.19403	0	0	0.65689	0	0	0	0	0.29266	0.50529	0	0	0
GF4_C4_d35	3.26055	0	80.5613	0	0	0.0279	0	0	0	0	16.15025	0	0	0	0
GF4_C4_d36	2.13291	0	89.34576	0	0	0.15846	0	0	0	0	8.29099	0	0	0.07188	0
GF4_C4_d37	0	0	40.41465	0	0	25.06793	0	0	0	0	34.51742	0	0	0	0
GF4_C4_d38	0	0	0	0	0	0	0	0	0	0	0	0	0	0	0
GF4_C4_D39	0.52787	0	68.57607	0	0	17.036	0	0	0	0	13.86006	0	0	0	0
GF4_C5_d43	0.08055	0	0.2774	0	0	86.50483	0	0	0	0	13.13722	0	0	0	0
GF4_C5_d45	11.49531	0	1.15614	0	0	70.53697	0	0	0	0	16.81158	0	0	0	0
GF4_C5_d46	6.78781	0	0.05001	0	0	82.95317	0	0	0	0	10.20901	0	0	0	0
GF4_C5_LI	88.52486	0	1.10183	0	0	7.59395	0	0	0	0	2.77936	0	0	0	0
GF4_C5_MLN	0	0	0	0	0	0	0	0	0	0	0	0	0	0	0
GF4_C5_SI	100	0	0	0	0	0	0	0	0	0	0	0	0	0	0
GF4_Cdam_d16	22.93221	0	3.33942	0	0	52.61636	0	0	0	0	5.16917	15.23271	0	0.71013	0
GF4_Csire_d16	36.16496	0	2.15001	0	0	40.36373	0	0	0	0	3.47445	16.48485	0	1.36202	0
GF4_Csire_d2	53.16397	0	3.60291	0	0	34.56793	0	0	0	0	8.18749	0.15079	0	0.3269	0
GF4_EMPTY	0	0	0	0	0	0	0	0	0	0	0	0	0	0	0
GF4_INOC_GF45	64.44663	0	2.9434	0	0	19.48458	0	0	0	0	7.2606	4.52449	0	1.34031	0
GF4_W1	0	0	0	0	0	0	0	0	0	0	0	0	0	0	0
GF4_W2	0	0	0	0	0	0	0	0	0	0	0	0	0	0	0
GF4_W3	0	0	0	0	0	0	0	0	0	0	0	0	0	0	0
GF4_W4	0	0	0	0	0	0	0	0	0	0	0	0	0	0	0
GF4_W5	0	0	0	0	0	0	0	0	0	0	0	0	0	0	0
GF5_A_DAM_D0	0	0	0	0	0	0	0	0	0	0	100	0	0	0	0
GF5_A_DAM_D24	56.22462	0	3.11252	0	0	25.27568	0	0	0	0	5.29482	6.92479	0	3.16757	0
GF5_A1_COLON_190628	0	0	0	0	0	0	0	0	0	0	0	0	0	0	0
GF5_A1_COLON_190815	67.74715	0	2.74553	0	0	12.19333	0	0	0	0	2.61809	14.6959	0	0	0
GF5_A1_D46	1.24955	0	4.66852	0	0	1.33217	0	0	0	0	89.6048	3.06001	0	0.08495	0
GF5_A1_D47	0.95731	0	3.24733	0	0	33.39489	0	0	0	0	54.99143	2.15793	0	5.25111	0
GF5_A1_D48	0	0	0	0	0	0	0	0	0	0	100	0	0	0	0
GF5_A1_D79	6.89586	0	3.37781	0	0	0	0	0	0	0	89.72633	0	0	0	0
GF5_A1_D80	0.29311	0	0.27618	0	0	0	0	0	0	0	99.43072	0	0	0	0
GF5_A1_D81	0.33733	0	1.85156	0	0	0	0	0	0	0	97.81111	0	0	0	0
GF5_A1_D82	0	0	0	0	0	0	0	0	0	0	0	0	0	0	0
GF5_A1_D83	0	0	96.7977	0	0	3.2023	0	0	0	0	0	0	0	0	0
GF5_A1_D88	6.87218	0	1.57841	0	0	46.43963	0	0	0	0	45.10979	0	0	0	0
GF5_A2_COLON_190628	0	0	0	0	0	100	0	0	0	0	0	0	0	0	0
GF5_A2_D46	1.28945	0	1.20077	0	0	1.01193	0	0	0	0	94.37087	2.12698	0	0	0
GF5_A2_D48	69.6031	0	2.38966	0	0	20.62328	0	0	0	0	7.17711	0	0	0.20685	0
GF5_A2_D79	9.06376	0	0.8851	0	0	2.47922	0	0	0	0	87.57192	0	0	0	0
GF5_A2_D80	0	0	0	0	0	0	0	0	0	0	100	0	0	0	0
GF5_A3_COLON_190628	0	0	64.78981	0	0	20.76463	0	0	0	0	14.44556	0	0	0	0
GF5_A3_D46	6.6925	0	5.11045	0	0	0.08347	0	0	0	0	88.11358	0	0	0	0
GF5_A3_D80	0	0	0	0	0	0	0	0	0	0	0	0	0	0	0
GF5_A4_COLON_190628	0	0	0	0	0	0	0	0	0	0	0	0	0	0	0
GF5_A4_D46	1.372	0	3.41918	0	0	0	0	0	0	0	95.20882	0	0	0	0
GF5_A4_D48	0	0	100	0	0	0	0	0	0	0	0	0	0	0	0
GF5_A4_D79	0	0	0	0	0	0	0	0	0	0	0	0	0	0	0
GF5_A5_D46	1.24414	0	1.02289	0	0	0.49339	0	0	0	0	97.23958	0	0	0	0
GF5_A5_D47	0	0	0	0	0	0	0	0	0	0	0	0	0	0	0
GF5_A5_D79	0	0	45.30301	0	0	0	0	0	0	0	54.69699	0	0	0	0
GF5_A5_D80	0	0	0	0	0	100	0	0	0	0	0	0	0	0	0
GF5_A6_COLON_190628	0	0	0	0	0	0	0	0	0	0	0	0	0	0	0
GF5_A6_D81	1.42213	0	12.96479	0	0	0	0	0	0	0	85.61308	0	0	0	0
GF5_A6_D82	12.94094	0	4.12917	0	0	54.50596	0	0	0	0	28.11026	0.31367	0	0	0
GF5_A7_COLON_190628	0	0	0	0	0	0	0	0	0	0	0	0	0	0	0
GF5_A7_COLON_190815	84.61875	0	5.47999	0	0	2.64183	0	0	0	0	2.91598	4.34345	0	0	0
GF5_A7_D46	0.9025	0	8.03493	0	0	0	0	0	0	0	91.06258	0	0	0	0
GF5_A7_D79	0.47309	0	68.78224	0	0	20.12628	0	0	0	0	10.61838	0	0	0	0
GF5_A7_D80	17.11014	0	27.78751	0	0	32.79551	0	0	0	0	22.30684	0	0	0	0
GF5_A7_D81	12.03925	0	11.39413	0	0	71.37872	0	0	0	0	5.1879	0	0	0	0
GF5_A7_D82	60.00185	0	0	0	0	39.99815	0	0	0	0	0	0	0	0	0
GF5_A7_D83	0	0	0	0	0	100	0	0	0	0	0	0	0	0	0
GF5_A7_D84	0.92209	0	5.65575	0	0	88.82492	0	0	0	0	4.59724	0	0	0	0
GF5_A7_D87	43.7685	0	2.0601	0	0	41.08215	0	0	0	0	5.34756	7.74168	0	0	0
GF5_A8_COLON_190815	61.13288	0	7.27836	0	0	13.33262	0	0	0	0	3.69759	14.55856	0	0	0
GF5_A8_D79	0.36358	0	17.05892	0	0	0.67621	0	0	0	0	81.90129	0	0	0	0
GF5_A8_D83	0	0	1.14824	0	0	98.85176	0	0	0	0	0	0	0	0	0
GF5_A8_D87	2.10524	0	1.24724	0	0	92.38794	0	0	0	0	4.25958	0	0	0	0
GF5_B_COLON_M1	0	0	0	0	0	0	0	0	0	0	100	0	0	0	0
GF5_B_COLON_M2	0	0	19.62138	0	0	0	0	0	0	0	80.37862	0	0	0	0
GF5_B_COLON_M3	0	0	0	0	0	0	0	0	0	0	0	0	0	0	0
GF5_B_COLON_M4	0	0	0	0	0	0	0	0	0	0	0	0	0	0	0
GF5_B_COLON_P1	100	0	0	0	0	0	0	0	0	0	0	0	0	0	0
GF5_B_DAM_D3	44.42415	0	1.79114	0	0	47.02702	0	0	0	0	6.03463	0.09383	0	0.62923	0
GF5_B1_COLON_190815	6.1868	0	4.96663	0	0	72.00366	0	0	0	0	4.79125	12.05166	0	0	0
GF5_B1_D80	0	0	1.58762	0	0	0.68288	0	0	0	0	97.7295	0	0	0	0
GF5_B1_D82	7.63627	0	8.86903	0	0	15.56786	0	0	0	0	66.69783	1.22902	0	0	0
GF5_B1_D83	0	0	14.7662	0	0	18.38692	0	0	0	0	66.84689	0	0	0	0
GF5_B1_D84	0	0	10.55343	0	0	25.99327	0	0	0	0	63.4533	0	0	0	0
GF5_B2_D79	0	0	0	0	0	0	0	0	0	0	100	0	0	0	0
GF5_B2_D80	0	0	0	0	0	0	0	0	0	0	100	0	0	0	0
GF5_B3_COLON_190815	9.90658	0	7.27749	0	0	75.8864	0	0	0	0	6.92953	0	0	0	0
GF5_B3_D79	0.11946	0	2.27953	0	0	0	0	0	0	0	97.60101	0	0	0	0
GF5_B3_D81	0	0	3.58245	0	0	88.71452	0	0	0	0	7.70304	0	0	0	0
GF5_B3_D82	0	0	17.15864	0	0	31.50547	0	0	0	0	51.33589	0	0	0	0
GF5_B3_D83	0	0	11.21946	0	0	21.60172	0	0	0	0	67.17882	0	0	0	0
GF5_B4_D79	0.6507	0	41.74849	0	0	21.18048	0	0	0	0	36.42034	0	0	0	0
GF5_B5_D79	0.43635	0	72.91035	0	0	0	0	0	0	0	26.6533	0	0	0	0
GF5_B5_D80	0	0	62.62711	0	0	0	0	0	0	0	37.37289	0	0	0	0
GF5_B6_COLON_190815	20.56245	0	11.25762	0	0	46.93097	0	0	0	0	7.78038	13.46858	0	0	0
GF5_B6_D79	0	0	12.2472	0	0	2.45581	0	0	0	0	85.29699	0	0	0	0
GF5_B6_D84	0.35657	0	0.4513	0	0	93.12634	0	0	0	0	6.06579	0	0	0	0
GF5_B7_COLON_190815	12.86159	0	28.64537	0	0	41.12347	0	0	0	0	11.48924	5.88034	0	0	0
GF5_B7_D79	0.14619	0	94.79631	0	0	2.39026	0	0	0	0	2.66724	0	0	0	0
GF5_B7_D80	0.01591	0	11.0072	0	0	72.51365	0	0	0	0	16.46325	0	0	0	0
GF5_B7_D82	0	0	1.68476	0	0	86.54681	0	0	0	0	11.76842	0	0	0	0
GF5_B7_D84	0	0	0	0	0	0	0	0	0	0	0	0	0	0	0
GF5_C_DAM_D0	0	0	0	0	0	0	0	0	0	0	0	0	0	0	0
GF5_C_DAM_D24	26.97307	0	1.15787	0	0	49.65122	0	0	0	0	3.292	18.22261	0	0.70322	0
GF5_C_DAM_D3	52.13986	0	1.28179	0	0	42.72686	0	0	0	0	3.73505	0	0	0.11644	0
GF5_C1_COLON_190628	0.96743	0	0.6502	0	0	82.21564	0	0	0	0	16.16674	0	0	0	0
GF5_C1_COLON_190815	0	0	0	0	0	21.18323	0	0	0	0	78.81677	0	0	0	0
GF5_C1_D46	0.02131	0	0.8027	0	0	7.69482	0	0	0	0	89.38125	2.09992	0	0	0
GF5_C1_D47	0.13587	0	1.96302	0	0	17.23642	0	0	0	0	72.24647	3.23835	0	5.17986	0
GF5_C1_D48	10.12398	0	2.21057	0	0	40.16675	0	0	0	0	42.91769	4.4921	0	0.08892	0
GF5_C2_COLON_190815	0	0	0	0	0	0	0	0	0	0	100	0	0	0	0
GF5_C2_D46	0.74889	0	1.69315	0	0	4.73271	0	0	0	0	89.19416	3.63109	0	0	0
GF5_C3_COLON_190628	0	0	0	0	0	78.03324	0	0	0	0	21.96676	0	0	0	0
GF5_C3_COLON_190815	0	0	0	0	0	0	0	0	0	0	100	0	0	0	0
GF5_C3_D46	1.30364	0	1.68984	0	0	0.01991	0	0	0	0	96.9866	0	0	0	0
GF5_C4_COLON_190628	0	0	7.0066	0	0	52.83408	0	0	0	0	40.15933	0	0	0	0
GF5_C4_D46	0.76863	0	15.64176	0	0	0	0	0	0	0	83.58961	0	0	0	0
GF5_C4_D47	0	0	6.12645	0	0	0	0	0	0	0	93.87355	0	0	0	0
GF5_C5_COLON_190628	0	0	14.01906	0	0	57.94592	0	0	0	0	28.03501	0	0	0	0
GF5_C5_D47	2.37838	0	1.37569	0	0	0	0	0	0	0	96.24593	0	0	0	0
GF5_C6_D46	1.64819	0	0.80604	0	0	0	0	0	0	0	97.54577	0	0	0	0
GF5_COLON_A1	0	0	0	0	0	0	0	0	0	0	100	0	0	0	0
GF5_COLON_A2	0	0	0	0	0	0	0	0	0	0	100	0	0	0	0
GF5_EMPTY	0	0	0	0	0	0	0	0	0	0	0	0	0	0	0
GF6_A1_COLON_D54	0	0	0.15083	0	0	76.97969	0	0	0	0	18.71182	0	0	4.15767	0
GF6_A1_COLON_D88	0	0	1.54785	0	0	21.48533	0	0	0	0	76.96682	0	0	0	0
GF6_A1_D53	1.2494	0	2.17776	0	0	17.6911	0	0	0	0	78.88174	0	0	0	0
GF6_A1_D87	0	0	58.26728	0	0	0	0	0	0	0	41.73272	0	0	0	0
GF6_A1_D88	0	0	0	0	0	0	0	0	0	0	0	0	0	0	0
GF6_A2_COLON_D105	21.83993	0	0	0	0	70.81698	0	0	0	0	0.64164	6.70145	0	0	0
GF6_A2_COLON_D54	0.20931	0	0	0	0	70.06787	0	0	0	0	29.72282	0	0	0	0
GF6_A2_D51	0	0	13.68719	0	0	0	0	0	0	0	86.31281	0	0	0	0
GF6_A2_D52	0	0	0	0	0	0	0	0	0	0	100	0	0	0	0
GF6_A2_D87	12.59974	0	3.92079	0	0	12.6722	0	0	0	0	70.80727	0	0	0	0
GF6_A2_D93	1.81383	0	0.8139	0	0	66.7259	0	0	0	0	25.57389	5.07249	0	0	0
GF6_A3_COLON_D54	0	0	0	0	0	83.12764	0	0	0	0	16.87236	0	0	0	0
GF6_A3_COLON_D88	0	0	0	0	0	5.58514	0	0	0	0	93.91764	0.49722	0	0	0
GF6_A3_D51	11.91587	0	5.82206	0	0	0.14675	0	0	0	0	82.11532	0	0	0	0
GF6_A3_D52	0.80719	0	14.92847	0	0	9.82215	0	0	0	0	74.44219	0	0	0	0
GF6_A3_D53	2.21508	0	3.46347	0	0	27.44678	0	0	0	0	64.46915	0	0	2.40551	0
GF6_A3_D87	0	0	0	0	0	0	0	0	0	0	100	0	0	0	0
GF6_A4_COLON_D105	22.21706	0	0	0	0	70.27924	0	0	0.89214	0	0.959	5.65256	0	0	0
GF6_A4_COLON_D54	0	0	0	0	0	54.95815	0	0	0	0	44.39342	0	0	0.64843	0
GF6_A4_D51	0	0	28.73958	0	0	0	0	0	0	0	71.26042	0	0	0	0
GF6_A4_D53	2.50157	0	7.85671	0	0	14.04911	0	0	0	0	75.42938	0	0	0.16322	0
GF6_A4_D93	1.94222	0	1.26584	0	0	79.62738	0	0	0	0	17.16456	0	0	0	0
GF6_A5_COLON_D105	27.7575	0	0	0	0	57.84564	0	0	0	0	1.5423	12.85455	0	0	0
GF6_A5_D51	0	0	16.97531	0	0	0	0	0	0	0	83.02469	0	0	0	0
GF6_A5_D87	6.47996	0	0	0	0	0	0	0	0	0	93.52004	0	0	0	0
GF6_A5_D90	32.65667	0	4.94552	0	0	14.82383	0	0	0	0	47.57398	0	0	0	0
GF6_A5_D91	7.59475	0	11.98946	0	0	36.20611	0	0	0	0	44.20969	0	0	0	0
GF6_A6_COLON_D105	13.38067	0	0.08344	0	0	77.05547	0	0	0	0	1.74764	7.73277	0	0	0
GF6_A6_COLON_D54	0.42237	0	0.1082	0	0	83.50187	0	0	0	0	15.96755	0	0	0	0
GF6_A6_D53	0.91311	0	12.12825	0	0	12.06425	0	0	0	0	74.89439	0	0	0	0
GF6_A6_D87	0	0	6.50929	0	0	0	0	0	0	0	93.49071	0	0	0	0
GF6_A6_D88	0	0	10.08161	0	0	0	0	0	0	0	89.91839	0	0	0	0
GF6_A6_D91	1.28994	0	13.9797	0	0	58.6872	0	0	0	0	26.04317	0	0	0	0
GF6_A7_D87	0	0	0	0	0	0	0	0	0	0	100	0	0	0	0
GF6_A8_COLON_D105	16.7386	0	0.90874	0	0	80.18757	0	0	0	0	1.19521	0.96988	0	0	0
GF6_A8_COLON_D54	0	0	0	0	0	93.15302	0	0	0	0	6.84698	0	0	0	0
GF6_A8_D51	1.70156	0	5.99787	0	0	0	0	0	0	0	92.30057	0	0	0	0
GF6_A8_D52	0	0	7.64895	0	0	0	0	0	0	0	92.35105	0	0	0	0
GF6_A8_D53	3.66071	0	5.11683	0	0	53.69317	0	0	0	0	37.52928	0	0	0	0
GF6_A8_D89	0.51218	0	3.93474	0	0	51.83931	0	0	0	0	43.71378	0	0	0	0
GF6_A8_D91	13.16728	0	0	0	0	74.61944	0	0	0	0	9.57233	2.64095	0	0	0
GF6_A8_D93	2.82614	0	0.84992	0	0	64.91453	0	0	0	0	19.59721	11.8122	0	0	0
GF6_ADAM_D0	1.84337	0	0	0	0	11.7107	0	0	55.28347	0	31.16246	0	0	0	0
GF6_ADAM_D67	0	0	0	0	0	0	0	0	0	0	0	0	0	0	0
GF6_ASIRE_D57	60.90151	0	2.19677	0	0	22.03958	0	0	0	0	4.29702	5.02526	0	5.53985	0
GF6_B_DAM_D22	55.50471	0	4.0977	0	0	35.8891	0	0	0	0	4.50849	0	0	0	0
GF6_B1_COLON_D105	0	0	0	0	0	0	0	0	0	0	0	0	0	0	0
GF6_B1_D63	1.85168	0	1.37318	0	0	0	0	0	0	0	96.77514	0	0	0	0
GF6_B1_D64	1.91589	0	1.95817	0	0	0.76184	0	0	0	0	95.31826	0	0	0.04584	0
GF6_B1_D66	0	0	0	0	0	100	0	0	0	0	0	0	0	0	0
GF6_B1_D87	0	0	0	0	0	0	0	0	0	0	100	0	0	0	0
GF6_B1_D89	58.22707	0	14.01609	0	0	21.54105	0	0	0	0	6.2158	0	0	0	0
GF6_B1_D91	22.20171	0	17.47679	0	0	53.95432	0	0	0	0	6.36718	0	0	0	0
GF6_B1_D93	2.17353	0	5.77667	0	0	36.03877	0	0	0	0	56.01103	0	0	0	0
GF6_B10_D63	0.27419	0	1.18549	0	0	0	0	0	0	0	98.54032	0	0	0	0
GF6_B10_D64	0.87194	0	4.50205	0	0	2.58487	0	0	0	0	91.96378	0	0	0.07735	0
GF6_B10_D66	0	0	0	0	0	0	0	0	0	0	0	0	0	0	0
GF6_B2_COLON_D105	22.18197	0	1.06454	0	0	73.94068	0	0	0	0	2.71364	0.09916	0	0	0
GF6_B2_D63	0.85669	0	39.53474	0	0	4.03343	0	0	0	0	55.57515	0	0	0	0
GF6_B2_D66	0	0	1.86624	0	0	19.73244	0	0	0	0	78.40132	0	0	0	0
GF6_B2_D87	0	0	10.63204	0	0	5.93106	0	0	0	0	83.4369	0	0	0	0
GF6_B2_D89	69.18771	0	30.81229	0	0	0	0	0	0	0	0	0	0	0	0
GF6_B3_COLON_D105	24.89896	0	0.82679	0	0	72.3354	0	0	0	0	1.93885	0	0	0	0
GF6_B3_D63	1.22541	0	3.86507	0	0	0	0	0	0	0	94.90952	0	0	0	0
GF6_B3_D66	0.29986	0	3.53474	0	0	78.20998	0	0	0	0	16.32973	0	0	1.62569	0
GF6_B3_D87	1.53608	0	11.55034	0	0	15.61827	0	0	0	0	70.74205	0	0	0.55326	0
GF6_B3_D89	0	0	0	0	0	0	0	0	0	0	100	0	0	0	0
GF6_B3_D91	12.54179	0	11.82573	0	0	75.63249	0	0	0	0	0	0	0	0	0
GF6_B3_D93	48.41796	0	2.73232	0	0	44.57561	0	0	0	0	4.27411	0	0	0	0
GF6_B4_COLON_D105	28.72467	0	0.88337	0	0	66.86026	0	0	0	0	2.54208	0.98963	0	0	0
GF6_B4_D64	2.14736	0	3.892	0	0	2.26869	0	0	0	0	91.69195	0	0	0	0
GF6_B4_D66	0	0	0	0	0	100	0	0	0	0	0	0	0	0	0
GF6_B4_D87	1.53934	0	12.38831	0	0	12.70367	0	0	0	0	73.18462	0	0	0.18406	0
GF6_B4_D89	40.8675	0	59.1325	0	0	0	0	0	0	0	0	0	0	0	0
GF6_B4_D90	0	0	0	0	0	0	0	0	0	0	0	0	0	0	0
GF6_B4_D93	28.33239	0	1.42168	0	0	59.87706	0	0	0	0	10.36886	0	0	0	0
GF6_B5_COLON_D105	25.708	0	1.06112	0	0	70.33156	0	0	0	0	2.89932	0	0	0	0
GF6_B5_D66	0	0	0	0	0	100	0	0	0	0	0	0	0	0	0
GF6_B5_D87	0	0	0	0	0	0	0	0	0	0	0	0	0	0	0
GF6_B5_D90	65.1004	0	34.8996	0	0	0	0	0	0	0	0	0	0	0	0
GF6_B5_D91	67.8098	0	32.1902	0	0	0	0	0	0	0	0	0	0	0	0
GF6_B6_COLON_D105	25.53486	0	0.91414	0	0	70.34222	0	0	0	0	3.20878	0	0	0	0
GF6_B6_D63	1.05813	0	7.34992	0	0	0	0	0	0	0	91.59195	0	0	0	0
GF6_B6_D64	1.36745	0	6.04352	0	0	1.98019	0	0	0	0	90.47678	0	0	0.13206	0
GF6_B6_D66	0	0	0.63889	0	0	89.97388	0	0	0	0	9.38723	0	0	0	0
GF6_B6_D87	0	0	0	0	0	0	0	0	0	0	100	0	0	0	0
GF6_B6_D90	55.92411	0	44.07589	0	0	0	0	0	0	0	0	0	0	0	0
GF6_B6_D91	17.86355	0	82.13645	0	0	0	0	0	0	0	0	0	0	0	0
GF6_B6_D93	1.01776	0	21.44608	0	0	39.22171	0	0	0	0	38.31445	0	0	0	0
GF6_B7_COLON_D105	12.40464	0	0.29836	0	0	84.50548	0	0	0	0	2.79152	0	0	0	0
GF6_B7_D63	1.33669	0	16.88059	0	0	0	0	0	0	0	81.78272	0	0	0	0
GF6_B7_D66	0	0	1.63209	0	0	75.90565	0	0	0	0	22.46226	0	0	0	0
GF6_B7_D87	0	0	1.03911	0	0	0	0	0	0	0	98.96089	0	0	0	0
GF6_B7_D90	62.71699	0	36.89766	0	0	0	0	0	0	0	0	0	0	0.38536	0
GF6_B7_D91	100	0	0	0	0	0	0	0	0	0	0	0	0	0	0
GF6_B7_D93	0	0	3.30396	0	0	78.56587	0	0	0	0	18.13017	0	0	0	0
GF6_B8_COLON_D105	11.58468	0	1.55647	0	0	73.33734	0	0	6.08026	0	5.50015	1.51131	0	0.42978	0
GF6_B8_D63	1.32866	0	3.79838	0	0	0.27722	0	0	0	0	94.59574	0	0	0	0
GF6_B8_D66	0	0	6.72359	0	0	78.26103	0	0	0	0	15.01538	0	0	0	0
GF6_B8_D91	0.64463	0	31.81388	0	0	56.07397	0	0	0	0	11.46753	0	0	0	0
GF6_B9_D63	0	0	0	0	0	0	0	0	0	0	0	0	0	0	0
GF6_B9_D66	0	0	0	0	0	92.40079	0	0	0	0	7.59921	0	0	0	0
GF6_GF6MERO3_COLON	0	0	0	0	0	0	0	0	0	0	0	0	0	0	0
GF6_GFMERO1_COLON	0	0	0	0	0	0	0	0	0	0	0	0	0	0	0
GF6_GFMERO2_COLON	0	0	0	0	0	0	0	0	0	0	0	0	0	0	0
GF6_GFPBS1_COLON	0	0	0	0	0	100	0	0	0	0	0	0	0	0	0
GF6_GFPBS2_COLON	0	0	0	0	0	100	0	0	0	0	0	0	0	0	0
GF6_GFPBS3_COLON	0	0	0	0	0	100	0	0	0	0	0	0	0	0	0
GF6_INOC	49.122	0	4.35527	0	0	29.7704	0	0	0	0	8.1364	5.26107	0	3.35487	0
GF6_WATER_D9	0	0	0	0	0	0	0	0	0	0	0	0	0	0	0
GF6_WATER_H11	77.69976	0	5.65997	0	0	7.42563	0	0	0	0	9.21464	0	0	0	0
GF6_WATER_H12	0	0	0	0	0	0	0	0	0	0	0	0	0	0	0
GF6_WATER	0	0	0	0	0	0	0	0	0	0	0	0	0	0	0
GF7_A1_COLON_D47	0	0	2.22416	6.64368	0	57.52066	0	0	19.60945	0	9.31484	0	0	3.00251	1.68468
GF7_A3_COLON_D47	0	0	2.08882	0	0	43.83552	0	0	32.19554	0	21.88013	0	0	0	0
GF7_A4_COLON_D47	0	0	1.37121	0	0	54.78127	0	0	27.15261	0	6.80734	0	0	9.88756	0
GF7_A5_COLON_D47	0	0	0	0	0	75.07914	0	0	19.35101	0	3.87467	0	0	1.69518	0
GF7_A6_COLON_D47	0	0	1.31192	0	0	70.93733	0	0	17.84674	0	7.03936	0	0	2.86466	0
GF7_A7_COLON_D47	0	0	0	0	0	40.00612	0	0	42.93163	0	17.06225	0	0	0	0
GF7_ADAM_D0	100	0	0	0	0	0	0	0	0	0	0	0	0	0	0
GF7_ADAM_D5	41.13349	0	1.32836	0	0	34.89952	0	0	0	0	5.82924	16.14243	0	0.66697	0
GF7_ADAM_D78	50.36411	0	1.53942	0	0	29.98688	0	0	0	0	6.44438	8.50978	0	3.15543	0
GF7_ASIRE_D22	0	0	0	0	0	0	0	0	0	0	0	0	0	0	0
GF7_ASIRE_D36	1.80472	0	3.06225	0	0	47.17091	0	0.42571	16.77449	0	20.18358	6.75266	0	3.82568	0
GF7_B1_COLON_D47	1.24397	0	2.53792	0	0	64.19781	0	1.40286	9.76863	0	12.30923	6.10125	0	2.43833	0
GF7_B1_D30	0	0	3.38503	0	0	3.75337	0	0	0.05326	0	92.80833	0	0	0	0
GF7_B1_D31	0	0	1.90577	0	0	7.95326	0	0	12.70193	0	73.4649	0	0	3.97414	0
GF7_B1_D32	0	0	1.51046	0	0	43.0466	0	0	28.79431	0	26.64863	0	0	0	0
GF7_B1_D33	0	0	0.79999	0	0	36.68328	0	0	38.38454	0	24.13219	0	0	0	0
GF7_B1_D36	0	0	1.74851	0	0	47.97427	0	0	25.96442	0	24.3128	0	0	0	0
GF7_B2_COLON_D47	1.86219	0	3.17198	0	0	59.13584	0	2.69045	9.8953	0	11.51092	7.50143	0	4.23189	0
GF7_B2_D30	0	0	0.82848	0	0	1.1685	0	0	0.04643	0	97.95659	0	0	0	0
GF7_B2_D34	0	0	1.2373	0	0	33.04478	0	0	35.6011	0	30.11682	0	0	0	0
GF7_B2_D36	0	0	0.86662	0	0	41.41124	0	0	20.98222	0	36.73992	0	0	0	0
GF7_B3_D30	0	0	1.04946	0	0	1.06362	0	0	0	0	97.88692	0	0	0	0
GF7_B3_D31	0	0	2.96331	0	0	19.50083	0	0	0.63242	0	76.90344	0	0	0	0
GF7_B3_D33	0	0	4.7071	0	0	41.7764	0	0	28.67273	0	24.84376	0	0	0	0
GF7_B3_D36	0	0	4.15868	0	0	30.54217	0	0	32.03328	0	33.26587	0	0	0	0
GF7_B4_COLON_D47	0	0	3.11124	0	0	32.71695	0	0.03193	19.11383	0	36.55704	6.1236	0	2.34542	0
GF7_B4_D35	0	0	0.07011	0	0	28.88118	0	0	58.38157	0	12.66715	0	0	0	0
GF7_B4_D36	0	0	0.79182	0	0	16.57385	0	0	51.66435	0	30.96998	0	0	0	0
GF7_B5_COLON_D47	2.20333	0	4.16548	0	0	49.31449	0	5.77343	10.60289	0	16.28817	7.15459	0	4.49762	0
GF7_B5_D30	0	0	3.34235	0	0	9.9897	0	0	1.36911	0	84.93829	0	0	0.36055	0
GF7_B5_D36	0	0	3.77015	0	0	24.29707	0	0	36.41707	0	35.51571	0	0	0	0
GF7_B6_COLON_D47	0	0	0	0	0	0	0	0	0	0	100	0	0	0	0
GF7_B7_COLON_D47	0	0	0	0	0	0	0	0	0	0	0	0	0	0	0
GF7_B8_COLON_D47	0	100	0	0	0	0	0	0	0	0	0	0	0	0	0
GF7_BDAM_D1	0	0	3.43427	0	0	42.59183	0	0	2.82021	0	50.65914	0.49455	0	0	0
GF7_BDAM_D78	4.00992	0	8.88023	0	0	59.83238	0	0	0	0	20.17845	6.17624	0	0.92277	0
GF7_BSIRE_D12	2.67459	0	3.23542	0	0	43.03917	0	2.52964	22.03933	0	15.49984	6.38053	0	4.60148	0
GF7_BSIRE_D20	2.03949	0	2.37318	0	0	57.44282	0	2.05388	21.63689	0	5.88681	5.61468	0	2.95225	0
GF7_BSIRE_D36	1.20541	0	1.13697	0	0	72.99862	0	0.51384	13.02498	0	4.1454	4.77706	0	2.19772	0
GF7_C1_COLON_D47	0	0	2.55381	0	0	75.02153	0	0	7.36456	0	9.27155	5.78855	0	0	0
GF7_C1_D30	0	0	2.64286	0	0	10.55507	0	0	1.10739	0	85.25968	0	0	0.435	0
GF7_C1_D34	0	0	100	0	0	0	0	0	0	0	0	0	0	0	0
GF7_C1_D36	0	0	0.6761	0	0	35.33926	0	0	43.81937	0	20.16527	0	0	0	0
GF7_C2_COLON_D47	0	0	4.99452	0	0	47.8999	0	0	17.47126	0	21.80359	7.83072	0	0	0
GF7_C2_D30	0	0	2.00575	0	0	1.73027	0	0	0.25275	0	96.01123	0	0	0	0
GF7_C2_D32	0	0	100	0	0	0	0	0	0	0	0	0	0	0	0
GF7_C2_D33	0.6157	0	99.3843	0	0	0	0	0	0	0	0	0	0	0	0
GF7_C2_D36	0	0	7.84593	0	0	43.55487	0	0	26.2343	0	22.36491	0	0	0	0
GF7_C3_COLON_D47	0	0	3.53297	0	0	52.4348	0	0	16.19263	0	20.04749	7.79211	0	0	0
GF7_C3_D30	0	0	0	0	0	0	0	0	0.14309	0	99.85691	0	0	0	0
GF7_C3_D31	0	0	1.2602	0	0	0	0	0	0	0	98.7398	0	0	0	0
GF7_C3_D33	0	0	100	0	0	0	0	0	0	0	0	0	0	0	0
GF7_C3_D34	0	0	89.02347	0	0	5.73106	0	0	5.13201	0	0.11346	0	0	0	0
GF7_C4_COLON_D47	0	0	3.27093	0	0	63.09334	0	0	11.97064	0	13.81876	7.84633	0	0	0
GF7_C4_D31	0	0	1.82193	0	0	0.52559	0	0	0	0	97.65249	0	0	0	0
GF7_C4_D32	0	0	7.4399	0	0	0	0	0	4.39636	0	88.16373	0	0	0	0
GF7_CONTAMINANT	0	0	6.31616	91.4932	0	2.19064	0	0	0	0	0	0	0	0	0
GF7_INOC	0	0	8.37931	0	0	1.86754	0	0	3.34294	0	82.15489	4.25532	0	0	0
GF7_WATER_A12	0	0	0	0	0	0	0	0	0	0	0	0	0	0	0
GF7_WATER_B7	0	0	0	0	0	0	0	0	0	0	0	0	0	0	0
GF7_WATER_C8	0	0	0	0	0	0	0	0	0	0	0	0	0	0	0
GF7_WATER_D9	0	0	0	0	0	0	0	0	0	0	0	0	0	0	0
GF7_WATER_H2	0	0	0	0	0	0	0	0	0	0	0	0	0	0	0
GF7_WATER_H8	0	0	0	0	0	0	0	0	0	0	0	0	0	0	0
GF7_WATER	0	0	0	0	0	0	0	0	0	0	100	0	0	0	0
GF8_A1_COLON_D46	0.16584	0	0.81149	0	0	50.09159	0	0	31.85846	0	12.26338	3.96145	0	0.84779	0
GF8_A1_D30	0.28834	0	2.29167	0	0	36.64357	0	0.22087	16.46566	0	37.16872	6.59042	0	0.33074	0
GF8_A1_D33	0	0	0	0	0	0	0	0	0	0	100	0	0	0	0
GF8_A1_D35	0	0	0	0	0	34.6993	0	0	7.90318	0	54.9373	2.46023	0	0	0
GF8_A2_COLON_D46	0.36331	0	1.42237	0	0	62.07803	0	1.26143	14.56684	0	11.98887	6.94704	0	1.3721	0
GF8_A2_D30	1.3621	0	3.71126	0	0	4.57457	0	0	0	0	90.35208	0	0	0	0
GF8_A2_D35	0	0	0	0	0	5.31932	0	0	11.23461	0	83.44607	0	0	0	0
GF8_A3_D30	0.45107	0	1.98807	0	0	11.91293	0	0	3.41517	0	81.46577	0.76699	0	0	0
GF8_A4_D30	29.94613	0	0.72641	0	0	19.79521	0	0	0	0	49.53225	0	0	0	0
GF8_A4_D31	0	0	0	0	0	0	0	0	0	0	100	0	0	0	0
GF8_A4_D32	0	0	0	0	0	0	0	0	4.41033	0	95.58967	0	0	0	0
GF8_A4_D33	0	0	0.49454	0	0	0	0	0	0	0	99.50546	0	0	0	0
GF8_A5_D30	3.98013	0	0	0	0	0.09688	0	0	0	0	95.92299	0	0	0	0
GF8_A7_D32	0	0	0.02295	0	0	36.60829	0	0	39.70173	0	23.48016	0.18687	0	0	0
GF8_ADAM_D0	1.62728	0	2.0768	0	0	52.26916	0	0.71535	19.53585	0	16.55098	5.35109	0	1.87348	0
GF8_B1_COLON_D46	0.19255	0	1.67006	0	0	61.47382	0	0.526	16.59344	0	13.63255	5.31262	0	0.59897	0
GF8_B1_D31	0	0	0.34931	0	0	0	0	0	0	0	99.65069	0	0	0	0
GF8_B1_D32	0.24956	0	2.63715	0	0	33.54702	0	0	20.59356	0	42.85449	0.11823	0	0	0
GF8_B1_D34	0.105	0	0.32185	0	0	35.18363	0	0	41.82424	0	21.72439	0.84089	0	0	0
GF8_B2_D32	0	0	1.59979	0	0	38.82303	0	0	40.50958	0	18.60587	0.43967	0	0.02206	0
GF8_B3_D46	2.28761	0	0	0	0	24.82029	0	0	10.50546	0	58.42488	3.96176	0	0	0
GF8_B4_COLON_D46	0.37161	0	1.01849	0	0	68.60793	0	1.7463	12.64927	0	10.1924	4.98862	0	0.4254	0
GF8_B4_D30	0	0	3.48619	0	0	3.43911	0	0	2.57547	0	90.49922	0	0	0	0
GF8_B4_D33	0	0	1.19792	0	0	40.87833	0	0	34.17682	0	23.74693	0	0	0	0
GF8_B5_COLON_D46	0.03581	0	0.76287	0	0	59.93521	0	0.4639	9.58108	0	24.84218	3.86904	0	0.50992	0
GF8_B5_D34	0.20196	0	0.80882	0	0	40.32267	0	0	40.80802	0	14.57527	2.86821	0	0.41504	0
GF8_B5_D35	0	0	0.17001	0	0	28.11911	0	0	41.27537	0	30.43551	0	0	0	0
GF8_B6_COLON_D46	0.44749	0	0.95033	0	0	75.05701	0	0.76779	11.00274	0	5.61805	4.78319	0	1.37341	0
GF8_B6_D30	0.02283	0	1.93449	0	0	11.24865	0	0	5.36611	0	81.42792	0	0	0	0
GF8_B6_D33	0	0	10.27133	0	0	40.26505	0	0	27.15123	0	22.31239	0	0	0	0
GF8_B6_D34	0	0	1.21737	0	0	41.25366	0	0	39.93983	0	16.90348	0.67841	0	0.00724	0
GF8_B6_D35	0	0	0.26635	0	0	29.02269	0	0	36.14371	0	34.56725	0	0	0	0
GF8_B7_D33	0	0	11.50673	0	0	16.74834	0	0	23.90545	0	47.83949	0	0	0	0
GF8_C1_COLON_D46	0	0	0.79122	0	0	69.57475	0	0	13.16774	0	11.68129	4.78501	0	0	0
GF8_C1_D31	0	0	0	0	0	0	0	0	0	0	100	0	0	0	0
GF8_C1_D32	0	0	14.15032	0	0	21.8991	0	0	17.83401	0	44.31878	1.79779	0	0	0
GF8_C1_D33	0	0	0	0	0	8.87391	0	0	47.33128	0	43.79481	0	0	0	0
GF8_C1_D34	0.28804	0	3.62958	0	0	48.20856	0	0.21414	27.15041	0	14.62204	5.4796	0	0.40763	0
GF8_C2_COLON_D46	0	0	0.77471	0	0	58.63943	0	0	12.20022	0	23.54905	4.83659	0	0	0
GF8_C2_D30	17.69662	0	1.03686	0	0	36.77037	0	0	1.82354	0	42.67261	0	0	0	0
GF8_C2_D31	0	0	0	0	0	0	0	0	0	0	100	0	0	0	0
GF8_C3_D30	0.37046	0	2.13814	0	0	11.52162	0	0	5.31976	0	79.62947	0.80453	0	0.21603	0
GF8_C4_COLON_D46	0	0	1.01128	0	0	56.14611	0	0	13.34817	0	25.36629	4.12814	0	0	0
GF8_C4_D30	0.15265	0	2.43946	0	0	11.66006	0	0	4.81872	0	79.86496	0.89244	0	0.17172	0
GF8_C4_D35	0	0	5.53532	0	0	47.25094	0	0	32.7117	0	14.50204	0	0	0	0
GF8_C5_COLON_D46	0	0	2.3428	0	0	50.25306	0	0	17.8648	0	25.68381	3.85553	0	0	0
GF8_C5_D30	0	0	0.27877	0	0	0.93308	0	0	0	0	98.78815	0	0	0	0
GF8_C5_D35	0	0	4.21242	0	0	46.75286	0	0	25.10412	0	19.9235	4.0071	0	0	0
GF8_C6_COLON_D46	0.24304	0	1.37025	0	0	41.71158	0	0	21.61953	0	30.98196	4.07365	0	0	0
GF8_C6_D30	0	0	0.71272	0	0	0.39995	0	0	0	0	98.88733	0	0	0	0
GF8_C6_D32	0	0	55.10059	0	0	0	0	0	0	0	44.89941	0	0	0	0
GF8_C6_D34	0	0	18.23153	0	0	41.54215	0	0	28.76179	0	11.46453	0	0	0	0
GF8_C7_COLON_D46	0.36956	0	1.83472	0	0	34.90039	0	0	26.079	0	31.45245	5.1248	0	0.23909	0
GF8_C7_D30	0	0	0	0	0	0	0	0	0	0	100	0	0	0	0
GF8_C7_D33	0	0	3.95398	0	0	36.56801	0	0	27.52468	0	28.47029	3.48304	0	0	0
GF8_C7_D34	0	0	0	0	0	0	0	0	0	0	0	0	0	0	0
GF8_C7_D35	0.41303	0	2.36235	0	0	37.46006	0	0	28.61457	0	25.94352	5.20647	0	0	0
GF8_INOC	2.02909	0	1.78116	0	0	57.81285	0	0.78009	15.05938	0	16.03379	4.14159	0	2.36205	0
GF9_A_DAM_D0	0	0	1.23108	0	0	41.38592	0	0	15.75726	0	37.37448	4.1846	0	0.06665	0
GF9_A1_COLON_D33	0	0	17.77745	0	0	0	0	0	0	0	82.22255	0	0	0	0
GF9_A1_D16	0	0	1.21081	0	0	35.77304	0	0	12.67301	0	46.62709	3.71605	0	0	0
GF9_A1_D19	4.98897	0	2.04157	0	0	45.57585	0	0	15.27656	0	32.11705	0	0	0	0
GF9_A1_D20	0	0	4.84791	0	0	44.02117	0	0	26.18842	0	24.94251	0	0	0	0
GF9_A1_D21	0	0	1.17944	0	0	19.74529	0	0	30.42797	0	48.6473	0	0	0	0
GF9_A2_COLON_D33	0	0	0	0	0	69.55076	0	0	17.15763	0	1.63131	11.6603	0	0	0
GF9_A2_D21	0	0	2.7594	0	0	24.61182	0	0	35.08672	0	36.25166	1.18238	0	0.10801	0
GF9_A3_COLON_D33	0	0	5.29283	0	0	61.15766	0	0.14408	15.14708	0	12.67586	5.49608	0	0.08641	0
GF9_A3_D18	0.07579	0	1.99392	0	0	20.74449	0	0	26.74584	0	45.28083	5.15913	0	0	0
GF9_A3_D19	0	0	4.07406	0	0	20.15133	0	0	24.63353	0	51.14108	0	0	0	0
GF9_A3_D21	0	0	1.34615	0	0	17.04978	0	0	44.24817	0	36.99146	0.36445	0	0	0
GF9_A4_COLON_D33	0	0	7.10403	0	0	46.28393	0	0.01522	19.23964	0	21.09833	6.11879	0	0.14006	0
GF9_A4_D16	0	0	0.91545	0	0	14.09069	0	0	6.91216	0	76.372	1.7097	0	0	0
GF9_A4_D17	0.11817	0	1.42689	0	0	38.49754	0	0	21.14536	0	34.05558	4.62946	0	0.127	0
GF9_A4_D18	0.05248	0	2.18968	0	0	33.93748	0	0	18.07399	0	41.2704	4.47597	0	0	0
GF9_A4_D19	0	0	8.27111	0	0	28.28257	0	0	6.31378	0	57.13255	0	0	0	0
GF9_A4_D20	0	0	9.30427	0	0	36.37167	0	0	23.23182	0	31.09224	0	0	0	0
GF9_A5_COLON_D33	0	0	5.03168	0	0	52.6618	0	0	19.76695	0	18.66445	3.64305	0	0.23207	0
GF9_A5_D18	0.02874	0	1.9272	0	0	34.37475	0	0	17.96245	0	41.92177	3.7851	0	0	0
GF9_A5_D19	0	0	22.61763	0	0	20.01455	0	0	15.80532	0	41.5625	0	0	0	0
GF9_A6_COLON_D33	0	0	5.35314	0	0	60.71845	0	0.76264	15.07171	0	13.80671	3.86563	0	0.42171	0
GF9_A6_D16	0.23046	0	1.44346	0	0	40.03936	0	0.45923	11.98026	0	40.73261	4.45865	0	0.65596	0
GF9_A6_D21	0	0	1.15269	0	0	34.98217	0	0	39.57432	0	24.29081	0	0	0	0
GF9_A7_D16	0	0	1.3308	0	0	0.46729	0	0	0	0	98.20191	0	0	0	0
GF9_A7_D20	0	0	11.34315	0	0	30.52847	0	0	23.41719	0	34.52979	0.1814	0	0	0
GF9_C1_COLON_D33	0.01806	0	0.54439	0	0	72.40886	0	0	11.84604	0	8.00368	7.17897	0	0	0
GF9_C1_D16	0	0	1.80216	0	0	6.23042	0	0	0.71948	0	91.12947	0.11847	0	0	0
GF9_C1_D17	0	0	1.45167	0	0	24.6235	0	0	12.85768	0	59.16065	1.9065	0	0	0
GF9_C1_D19	0	0	44.7259	0	0	14.98047	0	0	20.30793	0	19.9857	0	0	0	0
GF9_C1_D21	0	0	7.58516	0	0	34.74304	0	0	47.74847	0	9.92333	0	0	0	0
GF9_C2_COLON_D33	0	0	0.97762	0	0	74.33625	0	0	12.5975	0	6.22379	5.86483	0	0	0
GF9_C2_D16	0.09126	0	2.00187	0	0	32.32035	0	0	19.82968	0	41.28478	4.47206	0	0	0
GF9_C2_D18	0	0	2.83171	0	0	36.46815	0	0	19.09403	0	36.28402	5.32208	0	0	0
GF9_C2_D21	0	0	2.25875	0	0	52.36398	0	0	24.40627	0	14.74667	6.22433	0	0	0
GF9_C3_D16	0.03462	0	2.055	0	0	39.02565	0	0	21.46056	0	32.73727	4.6869	0	0	0
GF9_C3_D17	0.00916	0	1.94575	0	0	18.34123	0	0	11.96508	0	65.14449	2.59429	0	0	0
GF9_C3_D19	0	0	58.18507	0	0	15.95934	0	0	16.25049	0	9.6051	0	0	0	0
GF9_C3_D20	0	0	36.06277	0	0	26.23667	0	0	22.81828	0	14.88229	0	0	0	0
GF9_C3_D21	0	0	36.02118	0	0	17.11872	0	0	29.95562	0	16.90448	0	0	0	0
GF9_C4_COLON_D33	0	0	1.17035	0	0	65.77337	0	0	17.47178	0	9.87832	5.70618	0	0	0
GF9_C4_D16	0.11098	0	3.21801	0	0	45.28113	0	0	27.13347	0	19.42397	4.83244	0	0	0
GF9_C4_D17	0	0	0.63913	0	0	10.99158	0	0	8.57375	0	78.18869	1.60685	0	0	0
GF9_C4_D19	0	0	16.45189	0	0	44.01725	0	0	26.91174	0	12.61912	0	0	0	0
GF9_C5_COLON_D33	0	0	0.9392	0	0	71.11058	0	0	12.67765	0	8.82219	6.45039	0	0	0
GF9_C5_D17	0.14909	0	1.38344	0	0	11.32907	0	0	12.09254	0	73.36005	1.6858	0	0	0
GF9_C5_D18	0	0	0	0	0	24.61256	0	0	32.33119	0	38.78275	4.27349	0	0	0
GF9_C5_D20	0	0	79.26772	0	0	6.12162	0	0	6.1568	0	8.45386	0	0	0	0
GF9_C5_D21	0	0	17.41531	0	0	32.97157	0	0	24.64903	0	24.3558	0.6083	0	0	0
GF9_C6_COLON_D33	0	0	0.72286	0	0	72.70569	0	0	10.73215	0	9.25809	6.58121	0	0	0
GF9_C6_D16	0.14556	0	1.75346	0	0	26.57082	0	0	29.49039	0	37.22129	4.81849	0	0	0
GF9_C6_D20	0	0	12.59346	0	0	16.55011	0	0	24.97953	0	45.87691	0	0	0	0
GF9_C6_D21	0	0	19.73128	0	0	31.80624	0	0	24.32291	0	23.09783	1.04174	0	0	0
GF9_C7_COLON_D33	0	0	0.97741	0	0	78.26034	0	0	10.35251	0	6.25247	4.15726	0	0	0
GF9_C7_D16	0.2201	0	1.36911	0	0	32.5682	0	0	25.58898	0	35.94999	4.30362	0	0	0
GF9_C7_D17	0	0	1.30032	0	0	19.50833	0	0	10.15174	0	66.3711	2.66851	0	0	0
GF9_INOC	0.26363	0	1.3865	0	0	44.37426	0	0	16.93636	0	32.90686	3.88223	0	0.25016	0
Gn3_6A_dam	0	0	0	0	0	0	0	0	0	0	0	0	0	0	0
Gn3_6Adam_Stool	0	0	0	0	0	0	0	0	0	0	0	0	0	0	0
Gn3_6B_dam_210806	0	0	0	0	0	0	0	0	0	0	0	0	0	0	0
Gn3_6B_dam_210818	0	0	0	0	0	0	0	0	0	0	0	0	0	0	0
Gn3_6C_dam	4.15783	0	4.03412	0	0	60.51481	0	0.75941	20.64921	0	3.89558	0	0	5.98905	0
Gn3_6Cdam_Stool_210816	7.08683	0	9.55139	0	0	34.25578	0	0.56742	34.8881	0	6.10923	0	0	7.54124	0
Gn3_6Cdam_Stool_211105-1	50.07663	0	3.32839	0	0	11.00367	0	0	29.06784	0	6.2752	0	0	0.24827	0
Gn3_6Cdam_Stool_211105-2	46.78695	0	3.19191	0	0	16.55261	0	0	26.72932	0	6.5386	0	0	0.20061	0
Gn3_6Cdam_Stool_211105-3	40.78578	0	3.04077	0	0	18.22775	0	0	32.34761	0	5.47576	0	0	0.12233	0
Gn3_6D_dam	6.36704	0	5.56005	0	0	13.01176	0	2.15362	56.17476	0	11.29121	0	0	5.44155	0
Gn3_6Ddam_Stool	7.74539	0	11.55143	0	0	22.72147	0	2.70529	36.87046	0	10.35235	0	0	8.05361	0
Gn3_6E_dam	7.41163	0	7.79158	0	0	33.81046	0	1.12678	36.67786	0	5.58291	0	0	7.59878	0
Gn3_6Edam_Stool	2.1902	0	9.27659	0	0	41.58599	0	0.62772	37.30482	0	5.76102	0	0	3.25365	0
Gn3_6F_dam	3.04198	0	4.16589	0	0	36.42103	0	2.59528	41.75874	0	5.51928	0	0	6.49781	0
Gn3_7A_dam_210806	11.96569	0	2.38721	0	0	54.20499	0	1.52542	23.26555	0	0.85881	0	0	5.79233	0
Gn3_7A_dam	5.51637	0	3.58891	0	0	48.0017	0	3.46054	34.23428	0	1.39224	0	0	3.80595	0
Gn3_7ADam_Stool_210806	39.82491	0	4.85079	0	0	16.5358	0	0.93421	31.16276	0	2.35422	0	0	4.33731	0
Gn3_7Adam_Stool_210823	42.37567	0	4.35613	0	0	22.66994	0	1.07223	22.65143	0	0.68645	0	0	6.18814	0
Gn3_7C_dam	55.69369	0	6.87761	0	0	31.02165	0	0	0	0	5.34539	0.27325	0	0.78841	0
Gn3_7D_dam_210806	61.92805	0	5.47291	0	0	29.09639	0	0	0	0	3.47003	0.03263	0	0	0
Gn3_7D_dam_210818	64.23431	0	4.91059	0	0	22.47735	0	0	0	0	8.37774	0	0	0	0
Gn3_7E_dam	45.31583	0	12.28573	0	0	36.7431	0	0	0	0	5.29135	0	0	0.36399	0
Gn3_7Edam_Stool	66.39069	0	11.55173	0	0	16.95747	0	0	0	0	2.74596	0	0	2.35416	0
Gn3_7F_dam	39.80977	0	11.89288	0	0	37.34982	0	0	0	0	9.13357	0	0	1.81396	0
Gn3_7Fdam_Stool	49.35064	0	8.67554	0	0	36.73238	0	0	0	0	4.65178	0	0	0.58965	0
Gn3_8Ddam_Stool_211105-1	0	0	0	0	0	0	0	0	0	0	0	0	0	0	0
Gn3_8Ddam_Stool_211105-2	40.43543	0	2.37767	0	0	0	0	0	0	0	57.1869	0	0	0	0
Gn3_A_Innoc	2.12917	0	5.71807	0	0	36.82965	0	2.06725	26.99102	0	16.66219	5.28261	0	4.32003	0
Gn3_A1_Cwash	0	0	0	0	0	0	0	0	0	0	100	0	0	0	0
Gn3_A1_Stool	0	0	3.04447	0	0	0.78946	0	0	0	0	96.16607	0	0	0	0
Gn3_A2_Cwash	0	0	0	0	0	0	0	0	0	0	100	0	0	0	0
Gn3_A3_Cwash	0	0	0	0	0	0	0	0	0	0	100	0	0	0	0
Gn3_A3_Stool_DoL10	0	0	1.7141	0	0	0	0	0	0	0	98.2859	0	0	0	0
Gn3_A3_Stool_DoL11	0	0	2.78062	0	0	0	0	0	0	0	97.21938	0	0	0	0
Gn3_A4_Cwash	0	0	0	0	0	0	0	0	0	0	100	0	0	0	0
Gn3_A5_Cwash	0	0	0	0	0	0	0	0	0	0	100	0	0	0	0
Gn3_A5_Stool_Dol10	0	0	2.07824	0	0	0	0	0	0	0	97.92176	0	0	0	0
Gn3_A5_Stool_dol11	0	0	4.74114	0	0	0.54221	0	0	0	0	94.71664	0	0	0	0
Gn3_A5_Stool_dol12	0	0	2.56968	0	0	0	0	0	0	0	97.43032	0	0	0	0
Gn3_A6_Cwash	0	0	0	0	0	0	0	0	0	0	100	0	0	0	0
Gn3_AB_Innoc	29.60574	0	4.86155	0	0	35.64529	0	0.84145	10.70679	0	9.03575	6.69253	0	2.6109	0
Gn3_AB10_Cwash	0	0	100	0	0	0	0	0	0	0	0	0	0	0	0
Gn3_AB10_Stool	0	0	0	0	0	0	0	0	0	0	100	0	0	0	0
Gn3_AB11_Cwash	0	0	0	0	0	0	0	0	0	0	0	0	0	0	0
Gn3_AB12_Cwash	0	0	0	0	0	0	0	0	0	0	0	0	0	0	0
Gn3_AB12_Stool	0	0	100	0	0	0	0	0	0	0	0	0	0	0	0
Gn3_AB6_Cwash	0	0	100	0	0	0	0	0	0	0	0	0	0	0	0
Gn3_AB6_Stool	0	0	8.88815	0	0	0	0	0	0	0	91.11185	0	0	0	0
Gn3_AB7_Cwash	0	0	0	0	0	0	0	0	0	0	100	0	0	0	0
Gn3_AB7_Stool	0	0	3.44766	0	0	0	0	0	0	0	96.55234	0	0	0	0
Gn3_AB8_Cwash	0	0	0	0	0	0	0	0	0	0	100	0	0	0	0
Gn3_AB8_Stool	0.16827	0	4.31945	0	0	10.39768	0	0	0	0	85.1146	0	0	0	0
Gn3_AB9_Stool	4.11592	0	19.13476	0	0	1.0105	0	0	0.40422	0	75.3346	0	0	0	0
Gn3_B_Innoc	54.49763	0	4.73858	0	0	21.59027	0	0	0	0	4.92517	12.41689	0	1.83146	0
Gn3_B1_Cwash	0	0	0	0	0	0	0	0	0	0	0	0	0	0	0
Gn3_B1_Stool	0	0	100	0	0	0	0	0	0	0	0	0	0	0	0
Gn3_B10_Cwash	0	0	0	0	0	0	0	0	0	0	100	0	0	0	0
Gn3_B11_Cwash	0	0	0	0	0	32.26087	0	0	0	0	67.73913	0	0	0	0
Gn3_B13_Cwash	0	0	0	0	0	0	0	0	0	0	100	0	0	0	0
Gn3_B13_Stool	0.57817	0	1.00683	0	0	0.72941	0	0	0	0	97.6856	0	0	0	0
Gn3_B14_Cwash	0	0	0	0	0	0	0	0	0	0	100	0	0	0	0
Gn3_B14_Stool	0.06492	0	2.78565	0	0	0	0	0	0	0	97.14943	0	0	0	0
Gn3_B15_Cwash	0	0	0	0	0	0	0	0	0	0	100	0	0	0	0
Gn3_B15_Stool	0	0	1.54375	0	0	2.33632	0	0	0	0	96.11993	0	0	0	0
Gn3_B16_Cwash	0	0	0	0	0	0	0	0	0	0	100	0	0	0	0
Gn3_B2_Cwash	0	0	0	0	0	0	0	0	0	0	0	0	0	0	0
Gn3_B2_Stool	0.33241	0	99.16052	0	0	0	0	0	0	0	0.50707	0	0	0	0
Gn3_B3_Cwash	0	0	0	0	0	0	0	0	0	0	0	0	0	0	0
Gn3_B3_Stool	0.10289	0	98.73329	0	0	0.04952	0	0	0	0	1.1143	0	0	0	0
Gn3_B4_Cwash	0	0	0	0	0	0	0	0	0	0	0	0	0	0	0
Gn3_B4_Stool	0	0	100	0	0	0	0	0	0	0	0	0	0	0	0
Gn3_B5_Cwash	0	0	0	0	0	0	0	0	0	0	0	0	0	0	0
Gn3_B5_Stool	0.86034	0	96.26949	0	0	0.07507	0	0	0	0	2.7951	0	0	0	0
Gn3_B6_Cwash	0	0	0	0	0	0	0	0	0	0	0	0	0	0	0
Gn3_B6_Stool	1.01777	0	10.83665	0	0	0	0	0	0	0	88.14558	0	0	0	0
Gn3_B7_Stool	0	0	100	0	0	0	0	0	0	0	0	0	0	0	0
Gn3_B9_Cwash	0	0	0	0	0	19.23841	0	0	0	0	80.76159	0	0	0	0
Gn3_BP7_Cwash	0	0	0	0	0	7.59141	0	0	0	0	92.40859	0	0	0	0
Gn3_BP8_Cwash	0	0	0	0	0	10.80925	0	0	0	0	89.19075	0	0	0	0
Gn3_BV7_Cwash	0	0	0	0	0	0	0	0	0	0	0	0	0	0	0
Gn3_BV8_Cwash	0	0	0	0	0	0	0	0	0	0	0	0	0	0	0
Gn3_E1_Cwash	0	0	0	0	0	0	0	0	0	0	100	0	0	0	0
Gn3_E2_Cwash	0	0	0	0	0	0	0	0	0	0	100	0	0	0	0
Gn3_F1_Stool	20.20773	0	19.30496	0	0	0	0	0	0	0	60.48731	0	0	0	0
Gn3_F2_Stool	6.54219	0	24.70851	0	0	0.07867	0	0	0	0	68.67063	0	0	0	0
Gn3_PBS_Innoc	0	0	0	0	0	0	0	0	0	0	0	0	0	0	0
Gn3_PBS1_Cwash	0	0	0	0	0	0	0	0	0	0	0	0	0	0	0
Gn3_PBS2_dam	0	0	0	0	0	0	0	0	0	0	0	0	0	0	0
Gn3_PBS3_Cwash	0	0	0	0	0	0	0	0	0	0	0	0	0	0	0
Gn4_E_Innoc	6.12934	0	8.16503	0	0	6.56374	0	0	0	0	67.96914	8.13146	0	3.0413	0
Gn4_F_Innoc	7.5215	0	9.59245	0	0	6.62879	0	0	0	0	63.49064	9.14957	0	3.61704	0
Gn4_G_Innoc	0	0	100	0	0	0	0	0	0	0	0	0	0	0	0
Gn4_H_Innoc	4.54501	0	18.11154	0	0	0	0	0	0	0	77.19964	0	0	0.14381	0
Gn4_I_Innoc	33.57878	0	3.10818	0	0	0	0	0	0	0	63.31304	0	0	0	0
gnoto1_A_inoc	1.89762	0	2.15555	0	0	53.40548	0	0.61555	21.47781	0	14.61126	4.14021	0	1.69651	0
gnoto1_AM1_d10	0	0	0.23812	0	0	3.14588	0	0	0	0	96.616	0	0	0	0
gnoto1_AM1_d20_colon	0	0	7.57413	0	0	48.65338	0	0	32.15158	0	11.62091	0	0	0	0
gnoto1_AM2_d10	0	0	2.21389	0	0	14.80243	0	0	0.39561	0	82.58807	0	0	0	0
gnoto1_AM2_d20_colon	0	0	3.5467	0	0	39.70249	0	0	39.50911	0	17.2417	0	0	0	0
gnoto1_AM3_d10	0	0	3.78593	0	0	22.3879	0	0	0.3225	0	73.50367	0	0	0	0
gnoto1_AM3_d20_colon	0	0	11.71024	0	0	49.23992	0	0	24.22322	0	14.82662	0	0	0	0
gnoto1_AM4_d10	0	0	1.13602	0	0	8.73004	0	0	1.80157	0	88.33237	0	0	0	0
gnoto1_AM4_d20_colon	0	0	5.75981	0	0	48.98084	0	0	32.86842	0	12.39092	0	0	0	0
gnoto1_AP1_d10	0	0	1.13848	0	0	0.75187	0	0	0	0	98.10965	0	0	0	0
gnoto1_AP1_d19_colon	0	0	29.43771	0	0	29.85614	0	0	22.57242	0	18.13373	0	0	0	0
gnoto1_AP2_d10	0	0	1.23535	0	0	1.10709	0	0	0	0	97.65755	0	0	0	0
gnoto1_AP2_d19_colon	0	0	28.74736	0	0	31.70261	0	0	22.25919	0	17.29085	0	0	0	0
gnoto1_AP3_d10	0	0	1.58357	0	0	7.43483	0	0	0.30884	0	90.67276	0	0	0	0
gnoto1_AP3_d20_colon	0	0	15.5292	0	0	36.108	0	0	30.98364	0	17.37916	0	0	0	0
gnoto1_AP4_d10	0	0	2.55934	0	0	4.37491	0	0	0.18473	0	92.88102	0	0	0	0
gnoto1_AP4_d20_colon	0	0	3.23017	0	0	49.52016	0	0	36.56156	0	10.68811	0	0	0	0
gnoto1_B_inoc	56.00419	0	1.39581	0	0	32.62577	0	0	0	0	5.12394	3.81844	0	1.03186	0
gnoto1_BA1_d10	0.86614	0	81.98658	0	0	2.55625	0	0	0	0	14.59103	0	0	0	0
gnoto1_BA1_d20_colon	58.19486	0	3.12993	0	0	36.66252	0	0	0	0	2.01269	0	0	0	0
gnoto1_BA2_d10	69.85149	0	1.39391	0	0	0.68838	0	0	0	0	28.06622	0	0	0	0
gnoto1_BA2_d20_colon	42.7647	0	2.94396	0	0	51.96151	0	0	0	0	2.32983	0	0	0	0
gnoto1_BA3_d10	80.83261	0	2.73923	0	0	1.55309	0	0	0	0	14.87507	0	0	0	0
gnoto1_BA3_d20_colon	60.15915	0	2.64251	0	0	33.94617	0	0	0	0	3.25216	0	0	0	0
gnoto1_BA4_d10	0.68489	0	2.89181	0	0	4.88177	0	0	0	0	91.54154	0	0	0	0
gnoto1_BA4_d20_colon	53.82744	0	3.68556	0	0	39.00739	0	0	0	0	3.47962	0	0	0	0
gnoto1_BM1_d10	2.30998	0	16.34334	0	0	2.62257	0	0	0	0	78.72411	0	0	0	0
gnoto1_BM1_d20_colon	51.21501	0	2.39153	0	0	42.37497	0	0	0	0	4.01849	0	0	0	0
gnoto1_BM2_d10	1.31066	0	11.4325	0	0	3.27939	0	0	0	0	83.97746	0	0	0	0
gnoto1_BM2_d20_colon	50.27995	0	1.25053	0	0	44.39344	0	0	0	0	4.07608	0	0	0	0
gnoto1_BM3_d10	1.56603	0	41.50227	0	0	2.17814	0	0	0	0	54.75356	0	0	0	0
gnoto1_BM3_d20_colon	40.44283	0	2.7126	0	0	51.99912	0	0	0	0	4.84545	0	0	0	0
gnoto1_BM4_d10	8.80256	0	22.69012	0	0	2.50328	0	0	0	0	66.00405	0	0	0	0
gnoto1_BM4_d20_colon	39.51458	0	0.55291	0	0	58.12417	0	0	0	0	1.80834	0	0	0	0
gnoto1_BM5_d10	4.49069	0	11.08766	0	0	5.45832	0	0	0	0	78.96332	0	0	0	0
gnoto1_BM5_d20_colon	15.7487	0	1.06054	0	0	76.29693	0	0	0	0	6.89383	0	0	0	0
gnoto1_BP1_d10	0	0	15.62436	0	0	0.21049	0	0	0	0	84.16515	0	0	0	0
gnoto1_BP1_d20_colon	0.29532	0	4.90437	0	0	90.76012	0	0	0	0	4.04019	0	0	0	0
gnoto1_BP2_d10	0	0	93.29831	0	0	6.70169	0	0	0	0	0	0	0	0	0
gnoto1_BP2_d20_colon	0.80467	0	1.05189	0	0	93.1826	0	0	0	0	4.96085	0	0	0	0
gnoto1_BP3_d10	0.6263	0	6.84667	0	0	0.8308	0	0	0	0	91.69623	0	0	0	0
gnoto1_BP3_d20_colon	3.47515	0	12.15022	0	0	76.96458	0	0	0	0	7.41006	0	0	0	0
gnoto1_BP4_d10	0.13895	0	89.78108	0	0	2.7922	0	0	0	0	7.28777	0	0	0	0
gnoto1_BP4_d20_colon	1.87027	0	2.32346	0	0	89.00788	0	0	0	0	6.79839	0	0	0	0
gnoto2_BA1_d10	78.40164	0	6.62201	0	0	0.51499	0	0	0	0	14.46135	0	0	0	0
gnoto2_BA1_d20_colon	33.24854	0	0	0	0	44.44696	0	0	0	0	22.30451	0	0	0	0
gnoto2_BA2_d10	0	0	14.41533	0	0	0	0	0	0	0	85.58467	0	0	0	0
gnoto2_BA2_d20_colon	52.87903	0	1.26636	0	0	38.73247	0	0	0	0	7.12214	0	0	0	0
gnoto2_BA3_d10	87.15704	0	2.87465	0	0	0.45491	0	0	0	0	9.51341	0	0	0	0
gnoto2_BA3_d20_colon	47.76158	0	0.92539	0	0	44.26406	0	0	0	0	7.04896	0	0	0	0
gnoto2_BA4_d10	90.89016	0	1.81104	0	0	0.45698	0	0	0	0	6.84182	0	0	0	0
gnoto2_BA5_d10	0	0	38.49895	0	0	0	0	0	0	0	61.50105	0	0	0	0
gnoto2_BA5_d20_colon	0	0	4.56905	0	0	80.39241	0	0	0	0	15.03853	0	0	0	0
gnoto2_BA6_d20_colon	7.58789	0	9.65511	0	0	66.43083	0	0	0	0	16.32617	0	0	0	0
gnoto2_BA7_d20_colon	49.39575	0	1.63012	0	0	46.60329	0	0	0	0	2.37084	0	0	0	0
gnoto2_BM1_d10	77.62795	0	2.48443	0	0	0.55941	0	0	0	0	19.32822	0	0	0	0
gnoto2_BM1_d20_colon	44.81376	0	1.01588	0	0	51.62008	0	0	0	0	2.55027	0	0	0	0
gnoto2_BM2_d10	88.81386	0	2.48278	0	0	0.77269	0	0	0	0	7.93067	0	0	0	0
gnoto2_BM2_d20_colon	70.62416	0	0	0	0	29.37584	0	0	0	0	0	0	0	0	0
gnoto2_BM3_d10	10.33467	0	18.36425	0	0	5.31258	0	0	0	0	65.9885	0	0	0	0
gnoto2_BM3_d20_colon	39.37967	0	1.60281	0	0	52.16392	0	0	0	0	6.85361	0	0	0	0
gnoto2_BM4_d10	88.6495	0	2.18515	0	0	0.39968	0	0	0	0	8.76568	0	0	0	0
gnoto2_BM4_d20_colon	42.81883	0	2.37281	0	0	49.33707	0	0	0	0	5.47129	0	0	0	0
gnoto2_BM5_d10	30.79018	0	5.6849	0	0	6.37832	0	0	0	0	57.1466	0	0	0	0
gnoto2_BM5_d20_colon	37.94561	0	1.61223	0	0	55.42874	0	0	0	0	5.01343	0	0	0	0
gnoto2_BM6_d10	80.71344	0	3.85108	0	0	1.00418	0	0	0	0	14.4313	0	0	0	0
gnoto2_BM6_d20_colon	35.08838	0	2.3597	0	0	54.82571	0	0	0	0	7.7262	0	0	0	0
gnoto2_BM7_d10	0	0	13.04744	0	0	0	0	0	0	0	86.95256	0	0	0	0
gnoto2_BM7_d20_colon	42.85616	0	1.92356	0	0	51.91306	0	0	0	0	3.30722	0	0	0	0
gnoto2_BP1_d10	5.65193	0	82.97053	0	0	2.76774	0	0	0	0	8.60979	0	0	0	0
gnoto2_BP1_d20_colon	9.53492	0	0.14948	0	0	80.24769	0	0	0	0	10.06791	0	0	0	0
gnoto2_BP2_d10	0.80874	0	26.69404	0	0	0.38964	0	0	0	0	72.10759	0	0	0	0
gnoto2_BP2_d20_colon	20.45039	0	0	0	0	57.90472	0	0	0	0	15.93837	5.70652	0	0	0
gnoto2_BP3_d10	8.93095	0	79.74587	0	0	6.39159	0	0	0	0	4.93159	0	0	0	0
gnoto2_BP4_d10	5.57535	0	25.58876	0	0	1.67434	0	0	0	0	67.16155	0	0	0	0
gnoto2_BP4_d20_colon	0	0	0.40689	0	0	92.97021	0	0	0	0	6.6229	0	0	0	0
gnoto2_BP5_d10	11.27047	0	79.01278	0	0	4.81114	0	0	0	0	4.90561	0	0	0	0
gnoto2_BP5_d20_colon	2.83942	0	0	0	0	88.2406	0	0	0	0	8.91998	0	0	0	0
gnoto2_BP6_d10	0.48643	0	88.72117	0	0	1.75782	0	0	0	0	9.03458	0	0	0	0
gnoto2_BP6_d20_colon	3.0899	0	1.56387	0	0	85.71651	0	0	0	0	9.62972	0	0	0	0
gnoto2_INOC_microA	1.97958	0	1.92606	0	0	52.91938	0	0.51759	21.98422	0	14.40848	4.5322	0	1.73248	0
gnoto2_INOC_microB	42.15228	0	1.63499	0	0	40.2342	0	0	0	0	3.59281	11.58497	0	0.80075	0
