Sample	f__Actinomycetaceae	f__Akkermansiaceae	f__Bacillales_unclassified	f__Bacteroidaceae	f__Bifidobacteriaceae	f__Campylobacteraceae	f__Clostridiaceae	f__Corynebacteriaceae	f__Dermabacteraceae	f__Eggerthellaceae	f__Enterobacteriaceae	f__Enterococcaceae	f__Erysipelotrichaceae	f__Fusobacteriaceae	f__Lachnospiraceae	f__Lactobacillaceae	f__Morganellaceae	f__Mycobacteriaceae	f__Oscillospiraceae	f__Peptoniphilaceae	f__Peptostreptococcaceae	f__Propionibacteriaceae	f__Proteobacteria_unclassified	f__Pseudomonadaceae	f__Ruminococcaceae	f__Sphingomonadaceae	f__Staphylococcaceae	f__Streptococcaceae	f__Sutterellaceae	f__Veillonellaceae	f__Yersiniaceae
B0	0	0	0	0	0	0	0	0	0	0	0	0	0	0	0	0	0	0	0	0	0	0	0	0	0	0	0	0	0	0	0
B1	0	0	0	0	0	0	67.37624	0	0	0	22.25249	2.32868	4.02032	0	0	0	0.13714	0	0	0	3.74039	0	0	0	0	0	0	0	0	0.14474	0
B1-colon	0.38186	0	0	0	0	0.59563	64.96095	0	0	0	1.49469	0.09085	13.83594	0	0	0	0	0	0	1.70243	10.87534	0	0	0	0	0	0	0	0	6.06231	0
B1-d31	0	0	0	0	0	0	1.78602	0	0	0	92.97443	3.55941	0	0	0	0	0.39366	0	0	0	1.28649	0	0	0	0	0	0	0	0	0	0
b1-d33	0	0	0	0	0	0	11.27706	0	0	0	74.85403	6.05101	0.6068	0	0	0	3.75844	0	0	0.38236	3.0703	0	0	0	0	0	0	0	0	0	0
B1-d39	0	0	0.12297	0	0	0	48.15972	0	0	0	11.05367	1.64942	26.3323	0	0	0	0.90927	0	0	1.0478	8.0975	0	0	0	0	0	0	0	0	2.62734	0
B1-d40	0	0	0.11868	0	0	0	44.3966	0	0	0	14.71904	1.56764	24.82659	0	0	0	0.96898	0	0	1.04469	8.88552	0	0	0	0	0	0	0	0	3.47227	0
B1-d48	0.20184	0	0.08642	0	0	1.46598	57.6682	0	0	0	5.14185	1.46147	17.34769	0	0	0	0.7257	0	0	1.10832	8.70245	0	0	0	0	0	0	0	0	6.09007	0
B19	2.43851	0	0	0	0	1.62405	52.4373	0	0	0	4.97716	1.45915	21.42473	0	0	0	0.63317	0	0	2.09112	9.45234	0	0	0	0	0	0	0	0	3.46248	0
B2-d29	0	0	0	0	0	0	0	0	0	0	99.76684	0.23316	0	0	0	0	0	0	0	0	0	0	0	0	0	0	0	0	0	0	0
b2-d33	0	0	0	0	0	0	20.59602	0	0	0	68.40204	1.54524	4.53197	0	0	0	0.08691	0	0	1.37785	3.45998	0	0	0	0	0	0	0	0	0	0
B2-d39	0	0	0	0	0	0	56.90304	0	0	0	10.11625	3.12273	20.18957	0	0	0	0.96028	0	0	0	8.34278	0	0	0	0	0	0	0	0	0.36534	0
B3	0	0	0	0	0	0	72.22489	0	0	0	6.76468	1.36611	9.47651	0	0	0	1.6167	0	0	0	7.0759	0	0	0	0	0	0	0	0	1.47522	0
B3-d34	0	0	0	0	0	0	36.25416	0	0	0	43.47817	2.56496	14.44297	0	0	0	0.12973	0	0	0.77603	2.35398	0	0	0	0	0	0	0	0	0	0
B3-d39	0	0	0.00191	0	0	0	48.41259	0	0	0	11.01695	1.96526	28.55902	0	0	0	0.50469	0	0	0.06501	8.5714	0	0	0	0	0	0	0	0	0.90317	0
B3-d40	0	0	0.00157	0	0	0	49.18513	0	0	0	16.5877	3.79522	17.05069	0	0	0	2.43989	0	0	0.04723	7.99005	0	0	0	0	0	0	0	0	2.90252	0
B3-d48	1.04427	0	0	0	0	1.45711	58.26368	0	0	0	3.37357	1.20745	20.31298	0	0	0	0.7994	0	0	0.78602	6.89997	0	0	0	0	0	0	0	0	5.85557	0
B4-d29	0	0	0	0	0	0	1.35531	0	0	0	97.02814	1.09048	0	0	0	0	0	0	0	0	0.52607	0	0	0	0	0	0	0	0	0	0
B4-d34	0	0	0	0	0	0	23.94357	0	0	0	66.63693	2.37855	3.5878	0	0	0	0.3787	0	0	0.19089	2.77435	0	0	0	0	0	0	0	0	0.1092	0
B4-d40	0	0	0	0	0	0.00252	40.82568	0	0	0	16.76423	2.79956	24.39993	0	0	0	0.58055	0	0	0.02804	10.32911	0	0	0	0	0	0	0	0	4.27037	0
B4-d48	0	0	0	0	0	1.62731	62.46867	0	0	0	5.99126	1.50378	13.95921	0	0	0	0.90275	0	0	0.07253	7.78282	0	0	0	0	0	0	0	0	5.69167	0
B5-d29	0	0	0	0	0	0	0	0	0	0	99.92019	0.07981	0	0	0	0	0	0	0	0	0	0	0	0	0	0	0	0	0	0	0
b5-d33	0	0	0	0	0	0	8.8299	0	0	0	82.14489	5.5417	0.19784	0	0	0	0.24548	0	0	0	3.04019	0	0	0	0	0	0	0	0	0	0
B5-d39	0.00433	0	0.03105	0	0	0	43.95828	0	0	0	14.03008	1.69305	26.53742	0	0	0	1.01437	0	0	0.41259	8.3774	0	0	0	0	0	0	0	0	3.94144	0
B5-d40	0	0	0	0	0	0	56.72546	0	0	0	10.5428	2.2501	18.33341	0	0	0	1.1601	0	0	0	9.74765	0	0	0	0	0	0	0	0	1.24048	0
B5-d48	0.32423	0	0.13746	0	0	1.26579	61.52039	0	0	0	6.89329	1.13386	13.26462	0	0	0	0.57914	0	0	1.37723	8.12539	0	0	0	0	0	0	0	0	5.3786	0
B6-d29	0	0	0	0	0	0	0	0	0	0	99.06419	0.93581	0	0	0	0	0	0	0	0	0	0	0	0	0	0	0	0	0	0	0
b6-d33	0	0	0	0	0	0	6.9501	0	0	0	84.77094	5.50935	0.4913	0	0	0	0.11435	0	0	0	2.16397	0	0	0	0	0	0	0	0	0	0
B6-d34	0	0	0	0	0	0	24.94452	0	0	0	59.05408	3.20839	9.25291	0	0	0	0.05507	0	0	0.61529	2.86974	0	0	0	0	0	0	0	0	0	0
B6-d39	0	0	0	0	0	0	54.93361	0	0	0	8.39632	2.37694	24.60738	0	0	0	0.85528	0	0	0	8.58325	0	0	0	0	0	0	0	0	0.24722	0
B6-d40	0	0	0	0	0	0	52.67065	0	0	0	13.42402	2.57808	17.52628	0	0	0	1.07128	0	0	0	8.81944	0	0	0	0	0	0	0	0	3.91026	0
B6-d48	0.79154	0	0.13922	0	0	1.53435	58.19296	0	0	0	5.07816	1.36818	16.60002	0	0	0	0.81078	0	0	1.85976	7.24616	0	0	0	0	0	0	0	0	6.37887	0
B7-d29	0	0	0	0	0	0	0	0	0	0	99.59761	0.40239	0	0	0	0	0	0	0	0	0	0	0	0	0	0	0	0	0	0	0
b7-d33	0	0	0	0	0	0	14.25428	0	0	0	77.81216	5.27567	0.54056	0	0	0	0	0	0	0	2.11734	0	0	0	0	0	0	0	0	0	0
B7-d40	0	0	0	0	0	0	36.50636	0	0	0	19.03296	4.71936	25.2548	0	0	0	0.77151	0	0	0	9.64702	0	0	0	0	0	0	0	0	4.06799	0
B7-d48	1.8771	0	0	0	0	1.45257	54.88173	0	0	0	4.70235	1.17204	19.04269	0	0	0	0.71429	0	0	2.27787	7.71774	0	0	0	0	0	0	0	0	6.16162	0
C0	0	0	0	0	0	0	0	0	0	0	0	0	0	0	0	0	0	0	0	0	0	0	0	0	0	0	0	0	0	0	0
C1	0	0	0	0	0	0	75.98501	0	0	0	12.71412	1.257	6.0592	0	0	0	0.10282	0	0	0	3.74031	0	0	0	0	0	0	0	0	0.14154	0
C1-d33	0	0	0	0	0	0	0	0	0	0	96.69348	3.19563	0	0	0	0	0	0	0	0	0.11089	0	0	0	0	0	0	0	0	0	0
C1-d44	0	0	0	0	0	0	57.65121	0	0	0	14.52072	1.26775	17.6158	0	0	0	0.33739	0	0	0	8.60713	0	0	0	0	0	0	0	0	0	0
C1-d45	0	0	0	0	0	0	67.75241	0	0	0	3.74931	0.43969	9.9528	0	0	0	0	0	0	0	18.1058	0	0	0	0	0	0	0	0	0	0
C1-d53	0	0	0	0	0	0	58.00655	0	0	0	7.30562	1.46484	16.9789	0	0	0	0.82942	0	0	0	9.53333	0	0	0	0	0	0	0	0	5.88135	0
C19	0.91754	0	0	0	0	1.11509	66.49619	0	0	0	3.2253	1.54636	14.51288	0	0	0	0.71221	0	0	1.58305	6.22421	0	0	0	0	0	0	0	0	3.66717	0
C2-colon	0.05664	0	0	0	0	0	65.17113	0	0	0	3.8752	0.80869	15.92951	0	0	0	0.57164	0	0	0	9.24325	0	0	0	0	0	0	0	0	4.34394	0
C2-d33	0	0	0	0	0	0	0	0	0	0	100	0	0	0	0	0	0	0	0	0	0	0	0	0	0	0	0	0	0	0	0
C2-d37	0	0	0	0	0	0	11.06001	0	0	0	69.08031	11.64609	4.3921	0	0	0	0	0	0	0	3.82149	0	0	0	0	0	0	0	0	0	0
C2-d44	0	0	0	0	0	0	66.08278	0	0	0	10.55184	1.43903	13.46237	0	0	0	0.61562	0	0	0	7.84836	0	0	0	0	0	0	0	0	0	0
C2-d45	0	0	0	0	0	0	44.67912	0	0	0	8.581	3.23379	33.57691	0	0	0	0.63107	0	0	0	9.29811	0	0	0	0	0	0	0	0	0	0
C2-d49	0	0	0	0	0	0	58.36206	0	0	0	9.2586	1.92929	23.59549	0	0	0	1.27804	0	0	0	2.96095	0	0	0	0	0	0	0	0	2.61558	0
C2-d53	0	0	0	0	0	0	58.11037	0	0	0	6.22239	1.16338	16.25061	0	0	0	0.97241	0	0	0	11.58651	0	0	0	0	0	0	0	0	5.69433	0
C3	0	0	0	0	0	0	52.88168	0	0	0	16.43715	2.04457	12.8492	0	0	0	3.14687	0	0	0	11.02796	0	0	0	0	0	0	0	0	1.61258	0
C3-colon	0	0	0	0	0	0	63.23505	0	0	0	2.28081	1.16085	18.51596	0	0	0	0.05019	0	0	0	11.57998	0	0	0	0	0	0	0	0	3.17716	0
C3-d33	0	0	0	0	0	0	0.04759	0	0	0	97.0409	2.77912	0	0	0	0	0	0	0	0	0.13239	0	0	0	0	0	0	0	0	0	0
C3-d44	0	0	0	0	0	0	61.01174	0	0	0	9.68663	1.1243	19.78618	0	0	0	0.34559	0	0	0	8.04556	0	0	0	0	0	0	0	0	0	0
C3-d45	0	0	0	0	0	0	58.7867	0	0	0	11.98153	1.22467	16.33307	0	0	0	0.8138	0	0	0	10.86022	0	0	0	0	0	0	0	0	0	0
C3-d53	0	0	0	0	0	0	54.66751	0	0	0	6.14464	1.13475	20.6894	0	0	0	0.67973	0	0	0	10.22784	0	0	0	0	0	0	0	0	6.45614	0
C4-d33	0	0	0	0	0	0	4.84584	0	0	0	53.83426	39.26759	0	0	0	0	1.3009	0	0	0	0.75141	0	0	0	0	0	0	0	0	0	0
C4-d44	0	0	0	0	0	0	65.18005	0	0	0	9.2715	1.52302	15.82774	0	0	0	0.35998	0	0	0	7.80902	0	0	0	0	0	0	0	0	0.02869	0
C4-d45	0	0	0	0	0	0	60.78886	0	0	0	2.40464	0	30.62652	0	0	0	0	0	0	0	6.17998	0	0	0	0	0	0	0	0	0	0
C4-d53	0	0	0	0	0	0	62.68176	0	0	0	6.4123	1.27466	14.67526	0	0	0	0.64088	0	0	0	8.18151	0	0	0	0	0	0	0	0	6.13363	0
C5-d34	0	0	0	0	0	0	7.32267	0	0	0	17.46433	71.29989	0.24155	0	0	0	0	0	0	0	3.67155	0	0	0	0	0	0	0	0	0	0
C5-d44	0	0	0	0	0	0	61.51265	0	0	0	7.27166	1.6703	19.02976	0	0	0	0.5427	0	0	0	9.97294	0	0	0	0	0	0	0	0	0	0
C5-d45	0	0	0	0	0	0	67.48721	0	0	0	5.02127	1.57584	16.02173	0	0	0	0.68468	0	0	0	9.20928	0	0	0	0	0	0	0	0	0	0
C5-d53	0	0	0	0	0	0	59.40133	0	0	0	5.9464	1.21093	15.24924	0	0	0	0.65957	0	0	0	11.74847	0	0	0	0	0	0	0	0	5.78406	0
C6-d33	0	0	0	0	0	0	0	0	0	0	13.45539	86.44359	0	0	0	0	0	0	0	0	0.10102	0	0	0	0	0	0	0	0	0	0
C6-d37	0	0	0	0	0	0	3.42325	0	0	0	60.15451	34.09464	0.98104	0	0	0	0	0	0	0	1.34655	0	0	0	0	0	0	0	0	0	0
C6-d44	0	0	0	0	0	0	41.50618	0	0	0	21.06768	2.72121	22.64526	0	0	0	0.32749	0	0	0	11.73218	0	0	0	0	0	0	0	0	0	0
C6-d49	0	0	0	0	0	0	70.41212	0	0	0	3.08094	1.30648	15.67005	0	0	0	0.76769	0	0	0	4.68058	0	0	0	0	0	0	0	0	4.08214	0
C6-d53	0	0	0	0	0	0	66.54601	0	0	0	5.28754	1.14587	12.22493	0	0	0	0.6401	0	0	0.15807	8.65374	0	0	0	0	0	0	0	0	5.34375	0
C7-d33	0	0	0	0	0	0	0.5973	0	0	0	39.77232	58.84773	0	0	0	0	0	0	0	0	0.78265	0	0	0	0	0	0	0	0	0	0
C7-d38	0	0	0	0	0	0	9.25494	0	0	0	62.78046	16.63315	9.16195	0	0	0	0	0	0	0	2.1695	0	0	0	0	0	0	0	0	0	0
C7-d44	0	0	0	0	0	0	54.16725	0	0	0	14.84168	1.52403	20.0141	0	0	0	0.62527	0	0	0	8.82766	0	0	0	0	0	0	0	0	0	0
C7-d45	0	0	0	0	0	0	61.68002	0	0	0	9.0375	1.58762	15.03512	0	0	0	0.98955	0	0	0	11.6702	0	0	0	0	0	0	0	0	0	0
C7-d53	0.07964	0	0	0	0	0	50.95227	0	0	0	9.99653	1.79079	19.81234	0	0	0	0.62424	0	0	0	10.71183	0	0	0	0	0	0	0	0	6.03236	0
C8-d35	0	0	0	0	0	0	0.40659	0	0	0	93.05069	5.67263	0	0	0	0	0	0	0	0	0.87009	0	0	0	0	0	0	0	0	0	0
C8-d38	0	0	0	0	0	0	35.99393	0	0	0	19.11827	21.67674	20.88168	0	0	0	0	0	0	0	2.32938	0	0	0	0	0	0	0	0	0	0
C8-d44	0	0	0	0	0	0	47.71527	0	0	0	11.72805	4.1065	25.0592	0	0	0	0.59816	0	0	0	10.79282	0	0	0	0	0	0	0	0	0	0
C8-d45	0	0	0	0	0	0	57.51488	0	0	0	5.19833	2.49721	22.60384	0	0	0	0.64642	0	0	0	11.53931	0	0	0	0	0	0	0	0	0	0
C8-d53	0	0	0	0	0	0	61.26181	0	0	0	5.16556	1.12861	15.57288	0	0	0	0.69198	0	0	0	10.47287	0	0	0	0	0	0	0	0	5.70629	0
CONV_MERO1_COLON	0	0	0	32.01625	0	0	0	0	0	0	0	51.80815	0	0	0	0	0	0	0	0	16.1756	0	0	0	0	0	0	0	0	0	0
CONV_MERO1_D0	0	43.61721	0	5.81218	0	0	0	0	0	0	0	2.41612	0	0	4.54574	42.56373	0	0	0	0	1.04501	0	0	0	0	0	0	0	0	0	0
CONV_MERO1_D1	0	9.79566	0	0.26921	0	0	0	0	0	0	0	0.87379	0	0	0.31027	88.72675	0	0	0	0	0.02432	0	0	0	0	0	0	0	0	0	0
CONV_MERO1_D3	0	0	0	0	0	0	0	0	0	0	0	96.75582	0	0	0	0.08557	0	0	0	0	3.15861	0	0	0	0	0	0	0	0	0	0
CONV_MERO2_COLON	0	0	0	14.57135	0	0	0	0	0	0	0	43.21215	0	0	0	0	0	0	0	0	42.2165	0	0	0	0	0	0	0	0	0	0
CONV_MERO2_D0	0	48.21463	0	10.64572	0	0	0	0	0	0	0.20283	7.37509	0	0	10.03855	23.11782	0	0	0	0	0.40536	0	0	0	0	0	0	0	0	0	0
CONV_MERO2_D3	0	0	0	0	0	0	0	0	0	0	0	99.69623	0	0	0.30377	0	0	0	0	0	0	0	0	0	0	0	0	0	0	0	0
CONV_MERO3_COLON	0	0	0	94.05712	0	0	0	0	0	0	0	4.56523	0	0	0.2741	0	0	0	0	0	1.10355	0	0	0	0	0	0	0	0	0	0
CONV_MERO3_D1	0	0	0	26.41518	0	0	0	0	0	0	0	48.9519	0	0	15.90774	0.63594	0	0	0	0	8.08924	0	0	0	0	0	0	0	0	0	0
CONV_MERO3_D3	0	0	0	90.40058	0	0	0	0	0	0	0	4.18388	0	0	5.15472	0	0	0	0	0	0.26082	0	0	0	0	0	0	0	0	0	0
CONV_MERO4_COLON	0	0	0	24.16463	0	0	0	0	0	0	0	43.26364	0	0	17.19016	0	0	0	0	0	15.38157	0	0	0	0	0	0	0	0	0	0
CONV_MERO4_D0	0	7.97338	0	77.75885	0	0	0	0	0	0	0	0	0	0	2.9651	9.77129	0	0	0	0	0.47372	0	0	0	0	0	0	0	1.05766	0	0
CONV_MERO4_D1	0	0	0	0	0	0	0	0	0	0	0	0	0	0	94.71057	0.35332	0	0	0	0	4.93612	0	0	0	0	0	0	0	0	0	0
CONV_MERO4_D3	0	0	0	0	0	0	0	0	0	0	0	32.09592	0	0	1.60805	0.01693	0	0	0	0	66.2791	0	0	0	0	0	0	0	0	0	0
CONV_PBS1_COLON	0	7.51078	0	33.8989	0	0	0	0	0	0	0	0	0	0	46.16518	6.98937	0	0	0	0	2.99553	0	0	0	0	0	0	0	2.44024	0	0
CONV_PBS1_D0	0	74.77864	0	1.34581	0	0	0	0	0	0	0	1.2897	0	0	3.55555	18.25381	0	0	0	0	0.77649	0	0	0	0	0	0	0	0	0	0
CONV_PBS1_D3	0	13.09525	0	70.6241	0	0	0	0	0	0	1.64461	0.19156	0	0	8.43638	3.16441	0	0	0	0	1.27189	0	0	0	0	0	0	0	1.57181	0	0
CONV_PBS2_COLON	0	6.6942	0	60.23488	0	0	0	0	0	0	0	0	0	0	28.85982	1.433	0	0	0	0	0.88787	0	0	0	0	0	0	0	1.89022	0	0
CONV_PBS2_D1	0	21.99303	0	51.79965	0	0	0	0	0	0	1.12966	0	0	0	12.43522	7.94678	0	0	0	0	1.08651	0	0.10116	0	0	0	0	0	3.508	0	0
CONV_PBS2_D3	0	12.72496	0	74.31692	0	0	0	0	0	0	0	0	0	0	7.62189	3.14713	0	0	0	0	0.03673	0	0	0	0	0	0	0	2.15237	0	0
CONV_PBS3_COLON	0	5.25609	0	47.30147	0	0	0	0	0	0	0	0	0	0	46.59387	0	0	0	0	0	0	0	0	0	0	0	0	0	0.84857	0	0
CONV_PBS3_D1	0	11.0466	0	13.9034	0	0	27.51881	0	0	0	5.56644	1.5436	22.16733	0	4.24862	6.0783	0	0	0	4.01006	3.11618	0	0	0	0	0	0	0	0.80066	0	0
CONV_PBS4_COLON	0	13.50345	0	54.79447	0	0	0	0	0	0	0	0	0	0	29.27232	0	0	0	0	0	0	0	0	0	0	0	0	0	2.42976	0	0
CONV_PBS4_D0	0	14.99767	0	76.86505	0	0	0	0	0	0	0.21468	0	0	0	5.39144	1.35989	0	0	0	0	0	0	0	0	0	0	0	0	1.17127	0	0
CONV_PBS4_D1	0	15.74604	0	63.7768	0	0	0	0	0	0	0.27939	0	0	0	18.15167	0.13255	0	0	0	0	0	0	0.07425	0	0	0	0	0	1.83929	0	0
CONV_PBS4_D3	0	14.06691	0	75.19666	0	0	0	0	0	0	0.04449	0	0	0	5.42874	2.78885	0	0	0	0	0.07061	0	0.10446	0	0	0	0	0	2.29928	0	0
CONV_WATER_F12	0	0	0	0	0	0	0	0	0	0	0	0	0	0	0	0	0	0	0	0	0	0	0	0	0	0	0	0	0	0	0
GF1_A10	0.37889	0	0	0	0	0	50.85604	0	0	0	10.42658	2.73172	19.24484	0	0	0	0.66944	0	0	2.85365	10.17242	0	0	0	0	0	0	0	0	2.66641	0
GF1_B_mom_d32	2.61501	0	0	0	0	2.12565	50.65554	0	0	0	5.62842	3.3564	20.10749	0	0	0	0.91839	0	0	4.00878	5.28758	0	0	0	0	0	0	0	0	5.29674	0
GF1_B10	0	0	0	0	0	0.85487	43.63559	0	0	0	8.77239	2.79574	31.11821	0	0	0	0.24717	0	0	0.96112	7.46627	0	0	0	0	0	0	0	0	4.14865	0
GF1_B14	0	0	0	0	0	0.86091	67.36827	0	0	0	2.56797	1.83001	14.19298	0	0	0	0.8889	0	0	0.62456	8.46168	0	0	0	0	0	0	0	0	3.20471	0
GF1_B17	1.76933	0	0	0	0	1.77103	53.27646	0	0	0	6.21689	2.36627	19.29567	0	0	0	1.04269	0	0	2.2964	7.18549	0	0	0	0	0	0	0	0	4.77978	0
GF1_B25	3.11903	0	0	0	0	1.76194	56.15216	0	0	0	4.05566	1.65911	15.91911	0	0	0	0.55764	0	0	3.95711	7.90863	0	0	0	0	0	0	0	0	4.90961	0
GF1_B3_d38	0.18711	0	0	0	0	0	48.68524	0	0	0	6.29659	0.67903	31.03343	0	0	0	0.55582	0	0	2.11314	10.44965	0	0	0	0	0	0	0	0	0	0
GF1_B5_D38	0	0	0	0	0	0	48.84945	0	0	0	7.00567	2.32762	33.25909	0	0	0	0.16332	0	0	0	8.39485	0	0	0	0	0	0	0	0	0	0
GF1_B6_d38	0	0	0	0	0	0	55.99118	0	0	0	5.66969	1.76203	25.98555	0	0	0	0.18133	0	0	0	10.41022	0	0	0	0	0	0	0	0	0	0
GF1_B7_D38	0	0	0	0	0	0	61.59407	0	0	0	4.70962	2.94926	21.93516	0	0	0	0.17692	0	0	0	8.63498	0	0	0	0	0	0	0	0	0	0
GF1_C_mom_d32	2.57628	0	0	0	0	0	60.34954	0	0	0	2.81069	1.89193	17.44232	0	0	0	1.1683	0	0	3.72307	6.29668	0	0	0	0	0	0	0	0	3.74119	0
GF1_C10	0.10668	0	0	0	0	1.4866	46.05232	0	0	0	9.9158	2.3865	21.12827	0	0	0	0.31227	0	0	1.90941	13.88596	0	0	0	0	0	0	0	0	2.81619	0
GF1_C14	1.44912	0	0	0	0	0.7504	51.51186	0	0	0	5.14608	2.39429	21.65192	0	0	0	1.49587	0	0	1.92098	8.94059	0	0	0	0	0	0	0	0	4.73888	0
GF1_C17	1.34234	0	0	0	0	0.54906	52.60701	0	0	0	3.5236	2.00809	22.00848	0	0	0	0.86401	0	0	1.67323	11.54865	0	0	0	0	0	0	0	0	3.87555	0
GF1_C25	1.51305	0	0	0	0	0.95486	57.89299	0	0	0	4.65079	1.92148	19.98492	0	0	0	0.60839	0	0	1.83938	7.82061	0	0	0	0	0	0	0	0	2.81354	0
GF1_C4_d39	0	0	0	0	0	0	49.16924	0	0	0	10.13473	13.23708	18.18167	0	0	0	0	0	0	0	9.27728	0	0	0	0	0	0	0	0	0	0
GF1_C6_d39	0	0	0	0	0	0	33.90406	0	0	0	13.50917	19.34285	28.50523	0	0	0	0	0	0	0	4.73869	0	0	0	0	0	0	0	0	0	0
GF1_C7_d39	0	0	0	0	0	0	24.50385	0	0	0	11.37139	26.35101	31.28764	0	0	0	0	0	0	0	6.48611	0	0	0	0	0	0	0	0	0	0
GF1_INOC_GF1	0.05614	0	0	0	0	0	15.11277	0	0	0	55.75864	8.95423	4.33475	0	0	0	0.44602	0	0	0.03714	3.41741	0	0	0	0	0	0.07161	0.35091	0	11.46037	0
GF10_A_DAM_D0	0	0	0	0	0	0	8.92969	0	0	0	68.08031	7.54146	3.84636	0	0	0	0	0	0	0	3.97532	0	0	0	0	0	0	0.03391	0	7.59296	0
GF10_A1_COLON_D35	0	0	0	0	0	0	1.75522	0	0	0	81.42365	9.10604	0.6376	0	0	0	0	0	0	0	2.93352	0	0	0	0	0	0	0	0	4.14397	0
GF10_A1_d101	0	0	0	0	0	0	0	0	0	0	75.01317	24.66459	0	0	0	0	0	0	0	0	0.32224	0	0	0	0	0	0	0	0	0	0
GF10_A1_d104_colon	0	0	0	0	0	0	59.48517	0	0	0	3.15043	0	30.47976	0	0	0	0	0	0	0	6.88464	0	0	0	0	0	0	0	0	0	0
GF10_A1_d127_colon	0	0	0	0	0	0	40.16174	0	0	0	17.45953	1.38359	17.03481	0	0	0	1.34868	0	0	0	17.03045	0	0	0	0	0	0	0	0	5.58121	0
GF10_A1_D32	0	0	0	0	0	0.0697	34.53489	0	0	0	22.51261	6.90207	20.07998	0	0	0	1.53518	0	0	0.23631	8.16035	0	0	0	0	0	0	0	0	5.96891	0
GF10_A1_D34	0	0	0	0	0	0	2.90586	0	0	0	90.46194	5.8081	0	0	0	0	0	0	0	0	0.82409	0	0	0	0	0	0	0	0	0	0
GF10_A1_d77	0	0	0	0	0	0	0	0	0	0	94.25334	5.74666	0	0	0	0	0	0	0	0	0	0	0	0	0	0	0	0	0	0	0
GF10_A1_d79	0	0	0	0	0	0	0	0	0	0	100	0	0	0	0	0	0	0	0	0	0	0	0	0	0	0	0	0	0	0	0
GF10_A1_d80_colon	0	0	0	0	0	0	0	0	0	0	72.85906	14.06572	0.63293	0	0	0	0	0	0	0	12.44228	0	0	0	0	0	0	0	0	0	0
GF10_A2_COLON_D35	0	0	0	0	0	0	0	0	0	0	0	100	0	0	0	0	0	0	0	0	0	0	0	0	0	0	0	0	0	0	0
GF10_A2_d101	0	0	0	0	0	0	0	0	0	0	100	0	0	0	0	0	0	0	0	0	0	0	0	0	0	0	0	0	0	0	0
GF10_A2_d103	0	0	0	0	0	0	0	0	0	0	97.80008	2.04913	0	0	0	0	0	0	0	0	0.15079	0	0	0	0	0	0	0	0	0	0
GF10_A2_d104_colon	0	0	0	0	0	0	0	0	0	0	94.63025	4.11575	0.0691	0	0	0	0	0	0	0	1.18491	0	0	0	0	0	0	0	0	0	0
GF10_A2_d127_colon	0	0	0	0	0	0	0	0	0	0	100	0	0	0	0	0	0	0	0	0	0	0	0	0	0	0	0	0	0	0	0
GF10_A2_D32	0	0	0	0	0	0.10904	31.02609	0	0	0	17.31132	8.59217	25.76183	0	0	0	1.77991	0	0	0.22497	7.36683	0	0	0	0	0	0	0	0	7.82784	0
GF10_A2_D33	0	0	0	0	0	0	1.96955	0	0	0	93.98352	2.44982	0.13743	0	0	0	0	0	0	0	1.45968	0	0	0	0	0	0	0	0	0	0
GF10_A2_D34	0	0	0	0	0	0	10.34823	0	0	0	77.10157	4.36083	3.1799	0	0	0	0.68335	0	0	0	3.16467	0	0	0	0	0	0	0	0	1.16145	0
GF10_A2_d77	0	0	0	0	0	0	0	0	0	0	91.34202	8.65798	0	0	0	0	0	0	0	0	0	0	0	0	0	0	0	0	0	0	0
GF10_A2_d79	0	0	0	0	0	0	0	0	0	0	100	0	0	0	0	0	0	0	0	0	0	0	0	0	0	0	0	0	0	0	0
GF10_A3_COLON_D35	0	0	0	0	0	0	0	0	0	0	0	100	0	0	0	0	0	0	0	0	0	0	0	0	0	0	0	0	0	0	0
GF10_A3_d104_colon	0.35403	0	0.01245	0	0	0	31.32691	0	0	0	15.64666	1.13702	37.1432	0	0	0	0.34888	0	0	1.09863	8.4164	0	0	0	0	0	0	0	0	4.51583	0
GF10_A3_d127_colon	0	0	0	0	0	0	0	0	0	0	0	0	0	0	0	0	0	0	0	0	0	0	0	0	0	0	0	0	0	0	0
GF10_A3_D33	0	0	0	0	0	0	0	0	0	0	96.61965	1.85936	0.64635	0	0	0	0	0	0	0	0.87464	0	0	0	0	0	0	0	0	0	0
GF10_A3_D34	0	0	0	0	0	0	7.1996	0	0	0	83.11604	4.20296	2.2589	0	0	0	0	0	0	0	2.06213	0	0	0	0	0	0	0	0	1.16038	0
GF10_A3_d79	0	0	0	0	0	0	0	0	0	0	93.64785	6.35215	0	0	0	0	0	0	0	0	0	0	0	0	0	0	0	0	0	0	0
GF10_A3_d80_colon	0	0	0	0	0	0	1.98778	0	0	0	94.80328	0.44522	1.01102	0	0	0	0	0	0	0	1.7527	0	0	0	0	0	0	0	0	0	0
GF10_A4_d101	0	0	0	0	0	0	0.68964	0	0	0	96.46504	2.74942	0	0	0	0	0	0	0	0	0.09591	0	0	0	0	0	0	0	0	0	0
GF10_A4_d104_colon	0	0	0	0	0	0	67.81901	0	0	0	3.71776	0	18.87685	0	0	0	0	0	0	0	9.58638	0	0	0	0	0	0	0	0	0	0
GF10_A4_d127_colon	0	0	0	0	0	0	0	0	0	0	0	0	0	0	0	0	0	0	0	0	0	0	0	0	0	0	0	0	0	0	0
GF10_A4_d77	0	0	0	0	0	0	0	0	0	0	93.17815	6.82185	0	0	0	0	0	0	0	0	0	0	0	0	0	0	0	0	0	0	0
GF10_A5_d101	0	0	0	0	0	0	0	0	0	0	98.68413	1.31587	0	0	0	0	0	0	0	0	0	0	0	0	0	0	0	0	0	0	0
GF10_A5_d104_colon	0	0	0	0	0	0	0	0	0	0	95.59238	4.40762	0	0	0	0	0	0	0	0	0	0	0	0	0	0	0	0	0	0	0
GF10_A5_d127_colon	0	0	0	0	0	0	0	0	0	0	37.18621	0	15.54328	0	0	0	47.27051	0	0	0	0	0	0	0	0	0	0	0	0	0	0
GF10_A56_d101	0	0	0	0	0	0	0.01422	0	0	0	96.77465	2.98674	0	0	0	0	0	0	0	0	0.22438	0	0	0	0	0	0	0	0	0	0
GF10_A6_d102	0	0	0	0	0	0	10.11819	0	0	0	82.36003	2.90735	1.90886	0	1.45071	0	0	0	0	0	1.25486	0	0	0	0	0	0	0	0	0	0
GF10_A6_d103	0	0	0	0	0	0	23.73079	0	0	0	49.01188	1.6323	9.63699	0	5.51878	0	0	0	0	0	10.46926	0	0	0	0	0	0	0	0	0	0
GF10_A6_d104_colon	0	0	0	0	0	0	23.93054	0	0	0	42.88675	0	16.76044	0	8.59451	0	0	0	0	0	7.82776	0	0	0	0	0	0	0	0	0	0
GF10_A6_d127_colon	0	0	0	0	0	0	0	0	0	0	0	0	0	0	0	0	0	0	0	0	0	0	0	0	0	0	0	0	0	0	0
GF10_A7_d103	0	0	0	0	0	0	0	0	0	0	99.57241	0.42759	0	0	0	0	0	0	0	0	0	0	0	0	0	0	0	0	0	0	0
GF10_A7_d104_colon	0	0	0	0	0	0	0	0	0	0	100	0	0	0	0	0	0	0	0	0	0	0	0	0	0	0	0	0	0	0	0
GF10_A7_d127_colon	0	0	0	0	0	0	0	0	0	0	60.05763	0.44265	0	0	0	0	39.49972	0	0	0	0	0	0	0	0	0	0	0	0	0	0
GF10_A8_d102	0	0	0	0	0	0	0	0	0	0	99.20868	0.79132	0	0	0	0	0	0	0	0	0	0	0	0	0	0	0	0	0	0	0
GF10_A8_d104_colon	0.08418	0	0	0	0	0.64589	40.21571	0	0	0	22.97683	0.90843	10.92224	0	0	0	0.55796	0	0	0.70481	18.30269	0	0	0	0	0	0	0	0	4.68125	0
GF10_Adam_d1	0	0	0	0	0	0	7.69753	0	0	0	7.35678	3.39554	18.67286	0	37.76372	0	8.91212	0	0	0	16.20144	0	0	0	0	0	0	0	0	0	0
GF10_Adam_d20	5.22338	0	0	0	0	0	40.01328	0	0	0	4.66322	2.4419	14.40899	0	19.91991	0	2.75599	0	0	0.08288	7.6007	0	0	0	0	0	0	0	0	2.88975	0
GF10_C1_COLON_D55	0	0	0	0	0	0	0	0	0	0	99.30141	0.69859	0	0	0	0	0	0	0	0	0	0	0	0	0	0	0	0	0	0	0
GF10_C1_d102_colon	0	0	0	0	0	0	0	0	0	0	0	0	0	0	0	0	0	0	0	0	0	0	0	0	0	0	0	0	0	0	0
GF10_C1_d55	0	0	0	0	0	0	0	0	0	0	0	0	0	0	0	0	0	0	0	0	0	0	0	0	0	100	0	0	0	0	0
GF10_C1_d77	0	0	0	0	0	0	22.37811	0	0	0	77.28815	0.33375	0	0	0	0	0	0	0	0	0	0	0	0	0	0	0	0	0	0	0
GF10_C1_d78	0	0	0	0	0	0	0	0	0	0	0	0	0	0	0	0	0	0	0	0	0	0	0	0	0	0	0	0	0	0	0
GF10_C1_d80_colon	0	0	0	0	0	0	0	0	0	0	0	0	0	0	0	0	0	0	0	0	0	0	0	0	0	0	0	0	0	0	0
GF10_C10_COLON_D55	0	0	0	0	0	0	0	0	0	0	100	0	0	0	0	0	0	0	0	0	0	0	0	0	0	0	0	0	0	0	0
GF10_C10_d55	0	0	0	0	0	0	0	0	0	0	0	0	0	0	0	0	0	0	0	0	0	0	0	0	0	0	0	0	0	0	0
GF10_C2_COLON_D35	9.37908	0	0	0	3.45595	0	1.62405	0	0	0	51.10584	19.11453	0.13294	0	0	0	0	0	0	15.00652	0.1811	0	0	0	0	0	0	0	0	0	0
GF10_C2_COLON_D55	0	0	0	0	0	0	0	0	0	0	100	0	0	0	0	0	0	0	0	0	0	0	0	0	0	0	0	0	0	0	0
GF10_C2_d101	0	0	0	0	0	0	0.81571	0	0	0	96.85893	1.81701	0	0	0	0	0	0	0	0	0.50835	0	0	0	0	0	0	0	0	0	0
GF10_C2_d103	0	0	0	0	0	0	0	0	0	0	65.92274	0.02098	22.40885	0	0.69488	0	0	0	0	0	10.95255	0	0	0	0	0	0	0	0	0	0
GF10_C2_d104_colon	0	0	0	0	0	0	0	0	0	0	47.67107	0	36.13986	0	0	0	0	0	0	0	16.18907	0	0	0	0	0	0	0	0	0	0
GF10_C2_D32	2.51985	0	0	0	0.29881	0	1.96542	0	0	0	80.58598	6.88325	2.71375	0	0	0	0	0	0	4.11998	0.91296	0	0	0	0	0	0	0	0	0	0
GF10_C2_D33	0	0	0	0	0	0	1.87977	0	0	0	95.38841	2.24202	0	0	0	0	0	0	0	0	0.4898	0	0	0	0	0	0	0	0	0	0
GF10_C2_D34	0	0	0	0	0	0	1.02488	0	0	0	89.67142	6.92085	0.38864	0	0	0	0	0	0	0	0.12783	0	0	0	0	0	0	0	0	1.86638	0
GF10_C2_d55	0	0	0	0	30.73702	0	42.1472	0	0	0	4.30859	1.40212	0	0	0	0	0.22711	0	0	0	21.10246	0	0	0	0	0	0	0	0	0.07549	0
GF10_C2_d77	0	0	0	0	0	0	55.26831	0	0	0	37.49962	1.5488	0	0	0	0	4.58283	0	0	0	0.38524	0	0	0	0	0	0	0	0	0.71521	0
GF10_C2_d78	0	0	0	0	0	0	0	0	0	0	0	0	0	0	0	0	0	0	0	0	0	0	0	0	0	0	0	0	0	0	0
GF10_C2_d80_colon	0	0	0	0	0	0	0	0	0	0	100	0	0	0	0	0	0	0	0	0	0	0	0	0	0	0	0	0	0	0	0
GF10_C3_COLON_D35	3.85063	0	0	0	1.16108	0	0	0	0	0	66.69284	16.68483	0	0	0	0	0	0	0	9.77561	1.83502	0	0	0	0	0	0	0	0	0	0
GF10_C3_COLON_D55	0	0	0	0	0	0	0	0	0	0	0	0	0	0	0	0	0	0	0	0	0	0	0	0	0	0	0	0	0	0	0
GF10_C3_d101	0	0	0	0	0	0	0.35353	0	0	0	58.3894	0.98472	0	0	0	0	39.91704	0	0	0	0.35531	0	0	0	0	0	0	0	0	0	0
GF10_C3_d102_colon	0	0	0	0	0	0	0	0	0	0	0	0	0	0	0	0	0	0	0	0	0	0	0	0	0	0	0	0	0	0	0
GF10_C3_D33	0	0	0	0	0	0	0	0	0	0	99.87258	0.12742	0	0	0	0	0	0	0	0	0	0	0	0	0	0	0	0	0	0	0
GF10_C3_d55	0	0	0	0	0	0	0	0	0	0	100	0	0	0	0	0	0	0	0	0	0	0	0	0	0	0	0	0	0	0	0
GF10_C3_d78	0	0	0	0	0	0	0	0	0	0	100	0	0	0	0	0	0	0	0	0	0	0	0	0	0	0	0	0	0	0	0
GF10_C3_d79	0	0	0	0	0	0	0	0	0	0	0	0	0	0	0	0	0	0	0	0	0	0	0	0	0	0	0	0	0	0	0
GF10_C3_d80_colon	0	0	0	0	0	0	0	0	0	0	0	0	0	0	0	0	0	0	0	0	0	0	0	0	0	0	0	0	0	0	0
GF10_C4_COLON_D55	0	0	0	0	0	0	0	0	0	0	100	0	0	0	0	0	0	0	0	0	0	0	0	0	0	0	0	0	0	0	0
GF10_C4_d102_colon	0	0	0	0	0	0	0	0	0	0	100	0	0	0	0	0	0	0	0	0	0	0	0	0	0	0	0	0	0	0	0
GF10_C4_d55	0	0	0	0	36.084	0	38.67691	0	0	0	2.43129	1.70866	0	0	0	0	0.11924	0	0	0.04279	20.06044	0	0	0	0	0	0	0	0	0.87668	0
GF10_C4_d77	0	0	0	0	0	0	27.63978	0	0	0	39.6182	4.86103	0	0	0	0	21.79525	0	0	0	0.9527	0	0	0	0	0	0	0	0	5.13304	0
GF10_C4_d80_colon	0	0	0	0	0	0	0	0	0	0	41.53473	0	11.94707	0	0.08795	0	0	0	0	0	46.43025	0	0	0	0	0	0	0	0	0	0
GF10_C5_COLON_D55	0	0	0	0	0	0	0	0	0	0	98.99094	1.00906	0	0	0	0	0	0	0	0	0	0	0	0	0	0	0	0	0	0	0
GF10_C5_d101	0	0	0	0	0	0	1.20562	0	0	0	97.13893	1.49395	0	0	0	0	0	0	0	0	0.1615	0	0	0	0	0	0	0	0	0	0
GF10_C5_d55	0	0	0	0	29.87981	0	45.65209	0	0	0	3.00231	1.50035	0	0	0	0	0	0	0	0	19.96544	0	0	0	0	0	0	0	0	0	0
GF10_C5_d77	0	0	0	0	0	0	0	0	0	0	98.38223	1.61777	0	0	0	0	0	0	0	0	0	0	0	0	0	0	0	0	0	0	0
GF10_C5_d80_colon	0	0	0	0	0	0	0	0	0	0	0	0	0	0	0	0	0	0	0	0	0	0	0	0	0	0	0	0	0	0	0
GF10_C6_COLON_D55	0	0	0	0	0	0	0	0	0	0	98.48565	0.72318	0.79117	0	0	0	0	0	0	0	0	0	0	0	0	0	0	0	0	0	0
GF10_C6_d101	0	0	0	0	0	0	0	0	0	0	99.87219	0.12781	0	0	0	0	0	0	0	0	0	0	0	0	0	0	0	0	0	0	0
GF10_C6_d102_colon	0	0	0	0	0	0	0	0	0	0	0	0	0	0	0	0	0	0	0	0	0	0	0	0	0	0	0	0	0	0	0
GF10_C6_d55	0	0	0	0	30.27019	0	40.53566	0	0	0	5.49091	1.17972	0	0	0	0	0.31731	0	0	0	22.20621	0	0	0	0	0	0	0	0	0	0
GF10_C7_COLON_D55	0	0	0	0	0	0	0	0	0	0	100	0	0	0	0	0	0	0	0	0	0	0	0	0	0	0	0	0	0	0	0
GF10_C7_d55	0	0	0	0	0	0	0	0	0	0	0	0	0	0	0	0	0	0	0	0	0	0	0	0	0	0	0	0	0	0	0
GF10_C8_COLON_D55	0	0	0	0	0	0	0	0	0	0	100	0	0	0	0	0	0	0	0	0	0	0	0	0	0	0	0	0	0	0	0
GF10_C8_d101	0	0	0	0	0	0	0.61946	0	0	0	97.86169	1.36398	0	0	0	0	0	0	0	0	0.15488	0	0	0	0	0	0	0	0	0	0
GF10_C8_d103	0	0	0	0	0	0	0	0	0	0	22.64917	30.02357	22.60431	0	0	0	0	0	0	0	24.72295	0	0	0	0	0	0	0	0	0	0
GF10_C8_d55	0.35672	0	0	0	17.91725	0.08552	50.2251	0	0	0	10.03454	2.73095	7.26789	0	0	0	0.25523	0	0	0.7529	8.62521	0	0	0	0	0	0	0	0	1.74869	0
GF10_C9_COLON_D55	0	0	0	0	0	0	0	0	0	0	92.80029	7.19971	0	0	0	0	0	0	0	0	0	0	0	0	0	0	0	0	0	0	0
GF10_C9_d55	0	0	0	0	0	0	0	0	0	0	0	0	0	0	0	0	0	0	0	0	0	0	0	0	0	0	0	0	0	0	0
GF10_Cdam_d0	0	0	0	0	36.5025	0	37.35194	0	0	0	0.94228	0.71078	0	0	0	0	0.19669	0	0	0	17.16815	0	0	0	0	0	0	0	0	7.12766	0
GF10_Cdam_d1	0	0	0	0	0	0	44.96385	0	0	0	16.02103	4.04574	24.87042	0	0.06495	0	3.5157	0	0	0	6.51831	0	0	0	0	0	0	0	0	0	0
GF10_Cdam_d20	3.83456	0	0	0	0	0	42.98639	0	0	0	6.01537	4.20382	14.23004	0	19.8171	0	1.88303	0	0	0	7.02969	0	0	0	0	0	0	0	0	0	0
GF10_INOC	0	0	0	0	0	0	10.2886	0	0	0	64.19176	7.98061	4.22671	0	0	0	0.0703	0	0	0	4.67574	0	0	0	0	0	0	0.14077	0	8.42551	0
GF11_A_DAM_D0	9.26366	0	0	0	3.73258	0	0.72829	0	0	0	42.37855	20.90831	1.41866	0	0	0	0	0	0	21.04298	0.52698	0	0	0	0	0	0	0	0	0	0
GF11_A1_COLON_D38	11.4148	0	0	0	6.81848	0	0.17126	0	0	0	34.36322	31.35805	0	0	0	0	0	0	0	15.65889	0	0	0	0	0	0	0	0	0	0.21529	0
GF11_A1_D35	0.73699	0	0	0	3.8733	0	0	0	0	0	81.86477	12.27589	0	0	0	0	0	0	0	1.24905	0	0	0	0	0	0	0	0	0	0	0
GF11_A1_D37	0.00754	0	0	0	1.71629	0	1.62185	0	0	0	72.08355	23.62206	0	0	0	0	0	0	0	0.04235	0.90634	0	0	0	0	0	0	0	0	0	0
GF11_A2_COLON_D38	5.22326	0	0	0	4.62706	0	0	0	0	0	49.544	27.48098	0	0	0	0	0	0	0	13.12471	0	0	0	0	0	0	0	0	0	0	0
GF11_A2_D35	0	0	0	0	1.80078	0	0	0	0	0	72.46512	25.64749	0	0	0	0	0	0	0	0.05126	0.03536	0	0	0	0	0	0	0	0	0	0
GF11_A2_D36	0	0	0	0	0	0	0	0	0	0	75.87948	24.12052	0	0	0	0	0	0	0	0	0	0	0	0	0	0	0	0	0	0	0
GF11_A3_D36	0	0	0	0	0	0	0	0	0	0	100	0	0	0	0	0	0	0	0	0	0	0	0	0	0	0	0	0	0	0	0
GF11_A4_COLON_D38	8.72893	0	0	0	3.8691	0	0.23427	0	0	0	49.99287	23.42302	0	0	0	0	0	0	0	13.75181	0	0	0	0	0	0	0	0	0	0	0
GF11_A4_D37	0	0	0	0	0.76533	0	0.28289	0	0	0	94.92198	4.02981	0	0	0	0	0	0	0	0	0	0	0	0	0	0	0	0	0	0	0
GF11_A5_D35	0	0	0	0	15.51447	0	0	0	0	0	81.1804	3.30513	0	0	0	0	0	0	0	0	0	0	0	0	0	0	0	0	0	0	0
GF11_B_dam_d0	0	0	0	0	0	0	0	0	0	0	0	0	0	0	0	0	0	0	0	0	0	0	0	0	0	0	0	0	0	0	0
GF11_B_dam_d111	5.64371	0	0	0	53.07301	0	31.21691	0	0	0	1.62511	2.63994	0	0	0	0	0.26066	0	0	2.15331	2.99221	0	0	0	0	0	0	0	0	0.39513	0
GF11_B_dam_d20	6.92397	0	0	0	61.48453	0	22.36994	0	0	0	2.26508	3.17522	0	0	0	0	0	0	0	3.43502	0	0	0	0	0	0	0	0	0	0.34625	0
GF11_B_dam_d7	5.33435	0	0	0	71.92382	0	14.25798	0	0	0	5.32245	1.2033	0	0	0	0	0.13936	0	0	1.22914	0	0	0	0	0	0	0	0	0	0.5896	0
GF11_B1_COLON_D38	6.28498	0	0	0	3.27918	0	0	0	0	0	52.51032	28.32483	0	0	0	0	0	0	0	9.60069	0	0	0	0	0	0	0	0	0	0	0
GF11_B1_d105_colon	0	0	0	0	0	0	13.94344	0	0	0	27.69693	2.47207	53.12622	0	0	0	0	0	0	0	2.76134	0	0	0	0	0	0	0	0	0	0
GF11_B1_D36	6.68558	0	0	0	3.42038	0	0.62378	0	0	0	45.29342	29.64617	0	0	0	0	0	0	0	14.33068	0	0	0	0	0	0	0	0	0	0	0
GF11_B1_d71	0	0	0	0	1.74694	0	0.01545	0	0	0	98.23761	0	0	0	0	0	0	0	0	0	0	0	0	0	0	0	0	0	0	0	0
GF11_B2_COLON_D38	1.33587	0	0	0	0.56313	0	0	0	0	0	84.46688	11.59457	0	0	0	0	0	0	0	2.03955	0	0	0	0	0	0	0	0	0	0	0
GF11_B2_d105_colon	2.17978	0	0	0	40.31561	0	38.87298	0	0	0	6.77331	3.43635	0	0	0	0	0	0	0	0	8.42197	0	0	0	0	0	0	0	0	0	0
GF11_B2_D36	9.15645	0	0	0	4.36759	0	0	0	0	0	50.02991	23.18796	0	0	0	0	0	0	0	13.2581	0	0	0	0	0	0	0	0	0	0	0
GF11_B2_d71	0	0	0	0	2.01421	0	0	0	0	0	88.35331	9.41894	0	0	0	0	0	0	0	0	0.21354	0	0	0	0	0	0	0	0	0	0
GF11_B2_d73	0	0	0	0	0	0	0	0	0	0	100	0	0	0	0	0	0	0	0	0	0	0	0	0	0	0	0	0	0	0	0
GF11_B2_d74_colon	0	0	0	0	0	0	0	0	0	0	0	0	0	0	0	0	0	0	0	0	0	0	0	0	0	0	0	0	0	0	0
GF11_B3_COLON_D38	0	0	0	0	0	0	0	0	0	0	92.3649	7.6351	0	0	0	0	0	0	0	0	0	0	0	0	0	0	0	0	0	0	0
GF11_B3_d105_colon	0	0	0	0	57.22703	0	30.65711	0	0	0	6.56476	1.22637	0	0	0	0	0	0	0	0	4.32473	0	0	0	0	0	0	0	0	0	0
GF11_B3_D35	0	0	0	0	0.66057	0	0	0	0	0	95.32235	4.01707	0	0	0	0	0	0	0	0	0	0	0	0	0	0	0	0	0	0	0
GF11_B3_D37	0	0	0	0	0	0	0	0	0	0	99.47595	0.52405	0	0	0	0	0	0	0	0	0	0	0	0	0	0	0	0	0	0	0
GF11_B3_d71	0	0	0	0	0	0	0	0	0	0	98.13924	1.86076	0	0	0	0	0	0	0	0	0	0	0	0	0	0	0	0	0	0	0
GF11_B3_d72_colon	0	0	0	0	0	0	0	0	0	0	0	0	0	0	0	0	0	0	0	0	0	0	0	0	0	0	0	0	0	0	0
GF11_B4_COLON_D38	0	0	0	0	0	0	0	0	0	0	100	0	0	0	0	0	0	0	0	0	0	0	0	0	0	0	0	0	0	0	0
GF11_B4_d105_colon	0	0	0	0	73.63776	0	14.9814	0	0	0	4.07333	1.92354	0	0	0	0	0	0	0	0	5.38398	0	0	0	0	0	0	0	0	0	0
GF11_B4_D35	0	0	0	0	2.84686	0	0	0	0	0	83.36123	13.79192	0	0	0	0	0	0	0	0	0	0	0	0	0	0	0	0	0	0	0
GF11_B4_D37	0	0	0	0	0	0	0	0	0	0	97.16661	2.83339	0	0	0	0	0	0	0	0	0	0	0	0	0	0	0	0	0	0	0
GF11_B4_d72	0	0	0	0	0.18919	0	0	0	0	0	99.81081	0	0	0	0	0	0	0	0	0	0	0	0	0	0	0	0	0	0	0	0
GF11_B4_d73	0	0	0	0	0	0	0	0	0	0	100	0	0	0	0	0	0	0	0	0	0	0	0	0	0	0	0	0	0	0	0
GF11_B4_d74_colon	0	0	0	0	0	0	0	0	0	0	100	0	0	0	0	0	0	0	0	0	0	0	0	0	0	0	0	0	0	0	0
GF11_B5_COLON_D38	0	0	0	0	0	0	0	0	0	0	100	0	0	0	0	0	0	0	0	0	0	0	0	0	0	0	0	0	0	0	0
GF11_B5_d105_colon	2.88031	0	0	0	24.07404	0	56.46414	0	0	0	5.11138	2.52186	0	0	0	0	0.05866	0	0	0	8.8896	0	0	0	0	0	0	0	0	0	0
GF11_B5_D35	0	0	0	0	0	0	0	0	0	0	98.80579	1.19421	0	0	0	0	0	0	0	0	0	0	0	0	0	0	0	0	0	0	0
GF11_B5_D37	0	0	0	0	0	0	0	0	0	0	100	0	0	0	0	0	0	0	0	0	0	0	0	0	0	0	0	0	0	0	0
GF11_B5_d71	0	0	0	0	0.80902	0	0	0	0	0	76.95051	22.21839	0	0	0	0	0	0	0	0	0.02208	0	0	0	0	0	0	0	0	0	0
GF11_B5_d74_colon	0	0	0	0	0	0	0	0	0	0	100	0	0	0	0	0	0	0	0	0	0	0	0	0	0	0	0	0	0	0	0
GF11_B6_d105_colon	0.55401	0	0	0	56.00153	0	32.26074	0	0	0	3.38246	1.74762	0	0	0	0	0.01815	0	0	0	6.03549	0	0	0	0	0	0	0	0	0	0
GF11_B6_d71	0	0	0	0	0.4296	0	0	0	0	0	99.21371	0.35668	0	0	0	0	0	0	0	0	0	0	0	0	0	0	0	0	0	0	0
GF11_B6_d72_colon	0	0	0	0	0	0	0	0	0	0	0	0	0	0	0	0	0	0	0	0	0	0	0	0	0	0	0	0	0	0	0
GF11_B7_d105_colon	1.92648	0	0	0	66.63134	0	8.00359	0	0	0	15.98286	5.63129	0	0	0	0	0.14294	0	0	0	1.68149	0	0	0	0	0	0	0	0	0	0
GF11_B7_d71	0	0	0	0	1.75825	0	0	0	0	0	92.28739	5.95436	0	0	0	0	0	0	0	0	0	0	0	0	0	0	0	0	0	0	0
GF11_B7_d73	0	0	0	0	0	0	0	0	0	0	100	0	0	0	0	0	0	0	0	0	0	0	0	0	0	0	0	0	0	0	0
GF11_B7_d74_colon	0	0	0	0	0	0	25.02988	0	0	0	24.54953	12.47745	24.99584	0	0	0	0.50813	0	0	0	12.19408	0	0	0	0	0	0	0	0	0.2451	0
GF11_B8_d105_colon	0.80243	0	0	0	60.94963	0	26.32516	0	0	0	4.52683	1.34003	0	0	0	0	0	0	0	0	6.05592	0	0	0	0	0	0	0	0	0	0
GF11_C1_COLON_D38	0	0	0	0	0	0	0	0	0	0	100	0	0	0	0	0	0	0	0	0	0	0	0	0	0	0	0	0	0	0	0
GF11_C1_D36	3.55819	0	0	0	0.97039	0	0	0	0	0	75.44759	14.37393	0	0	0	0	0	0	0	5.64989	0	0	0	0	0	0	0	0	0	0	0
GF11_C1_d71	0	0	0	0	1.23929	0	0	0	0	0	92.49122	6.26949	0	0	0	0	0	0	0	0	0	0	0	0	0	0	0	0	0	0	0
GF11_C1_d74_colon	0	0	0	0	0	0	4.1993	0	0	0	29.21727	41.15151	21.69726	0	0	0	0	0	0	0	3.73466	0	0	0	0	0	0	0	0	0	0
GF11_C2_COLON_D38	0	0	0	0	0	0	0	0	0	0	0	0	0	0	0	0	0	0	0	0	0	0	0	0	0	0	0	0	0	0	0
GF11_C2_D37	0	0	0	0	0	0	0	0	0	0	94.47195	5.52805	0	0	0	0	0	0	0	0	0	0	0	0	0	0	0	0	0	0	0
GF11_C2_d71	0	0	0	0	0.80053	0	0	0	0	0	96.70592	2.49355	0	0	0	0	0	0	0	0	0	0	0	0	0	0	0	0	0	0	0
GF11_C2_d72	0	0	0	0	0.26679	0	0	0	0	0	96.52259	3.21062	0	0	0	0	0	0	0	0	0	0	0	0	0	0	0	0	0	0	0
GF11_C2_d74_colon	0	0	0	0	0	0	0.36642	0	0	0	9.27528	83.7209	5.74365	0	0	0	0	0	0	0	0.89374	0	0	0	0	0	0	0	0	0	0
GF11_C3_COLON_D38	0	0	0	0	0	0	0	0	0	0	100	0	0	0	0	0	0	0	0	0	0	0	0	0	0	0	0	0	0	0	0
GF11_C3_D35	0	0	0	0	0.47489	0	0	0	0	0	98.16839	1.35672	0	0	0	0	0	0	0	0	0	0	0	0	0	0	0	0	0	0	0
GF11_C3_D36	2.7557	0	0	0	2.32967	0	0	0	0	0	77.48079	11.45507	0	0	0	0	0	0	0	5.97877	0	0	0	0	0	0	0	0	0	0	0
GF11_C3_d71	0	0	0	0	0	0	0	0	0	0	100	0	0	0	0	0	0	0	0	0	0	0	0	0	0	0	0	0	0	0	0
GF11_C3_d74_colon	0	0	0	0	0	0	13.43452	0	0	0	19.50854	21.15954	0	0	0	0	13.63423	0	0	0	32.26317	0	0	0	0	0	0	0	0	0	0
GF11_C4_COLON_D38	0	0	0	0	0	0	0	0	0	0	100	0	0	0	0	0	0	0	0	0	0	0	0	0	0	0	0	0	0	0	0
GF11_C4_D35	0	0	0	0	3.06099	0	0	0	0	0	84.2828	12.65621	0	0	0	0	0	0	0	0	0	0	0	0	0	0	0	0	0	0	0
GF11_C4_D36	0.28275	0	0	0	2.23663	0	0	0	0	0	87.32986	8.96435	0	0	0	0	0	0	0	1.18642	0	0	0	0	0	0	0	0	0	0	0
GF11_C4_d74_colon	0	0	0	0	0	0	19.21285	0	0	0	47.53634	0	0	0	0	0	2.12745	0	0	0	31.12336	0	0	0	0	0	0	0	0	0	0
GF11_C5_D37	0	0	0	0	0	0	0	0	0	0	92.46429	7.53571	0	0	0	0	0	0	0	0	0	0	0	0	0	0	0	0	0	0	0
GF11_C5_d71	0	0	0	0	0	0	0	0	0	0	79.56955	20.43045	0	0	0	0	0	0	0	0	0	0	0	0	0	0	0	0	0	0	0
GF11_C5_d72	0	0	0	0	0.85732	0	0	0	0	0	77.38586	21.75682	0	0	0	0	0	0	0	0	0	0	0	0	0	0	0	0	0	0	0
GF11_C5_d74_colon	0	0	0	0	0	0	13.58829	0	0	0	39.44238	3.71313	37.94387	0	0	0	0.2775	0	0	0.17896	2.99954	0	0	0	0	0	0	0	0	1.85633	0
GF11_C6_d71	0	0	0	0	3.97129	0	1.77669	0	0	0	91.50065	2.09429	0	0	0	0	0	0	0	0	0.65708	0	0	0	0	0	0	0	0	0	0
GF11_C6_d72	0	0	0	0	1.85678	0	0	0	0	0	95.28705	2.26374	0	0	0	0	0	0	0	0	0.59243	0	0	0	0	0	0	0	0	0	0
GF11_C6_d74_colon	0	0	0	0	0	0	46.1113	0	0	0	18.34032	6.53349	0	0	0	0	1.97577	0	0	0	27.03912	0	0	0	0	0	0	0	0	0	0
GF11_C7_d71	0	0	0	0	1.9835	0	0	0	0	0	96.4883	1.52821	0	0	0	0	0	0	0	0	0	0	0	0	0	0	0	0	0	0	0
GF11_C7_d72_colon	0	0	0	0	2.44324	0	0	0	0	0	97.55676	0	0	0	0	0	0	0	0	0	0	0	0	0	0	0	0	0	0	0	0
GF11_INOC	10.13899	0	0	0	4.33869	0	2.21814	0	0	0	27.72136	28.97205	0	0	0	0	0	0	0	26.61076	0	0	0	0	0	0	0	0	0	0	0
GF12_A_dam_d1	0	0	0	0	0	0	0	0	0	0	0	0	0	0	0	0	0	0	0	0	0	0	0	0	0	0	0	0	0	0	0
GF12_A_dam_d21	0	0	0	0	0	0	0	9.03382	0	0	0	71.86348	0	0	0	0	0	0	0	0	0	0	0	0	0	0	19.1027	0	0	0	0
GF12_A_Dam_d85	0	0	0	0	0	0	65.78856	0	0	0	0	1.11385	23.15062	0	0	0	0	0	0	0	9.94698	0	0	0	0	0	0	0	0	0	0
GF12_A1_d31	0	0	0	0	0	0	0	0	0	0	0	1.20815	0	0	0	0	0	0	0	0	0	0	0	0	0	0	98.79185	0	0	0	0
GF12_A1_d32_colon	0	0	0	0	0	0	0	0	0	0	0	0	0	0	0	0	0	0	0	0	0	0	0	0	0	0	0	0	0	0	0
GF12_A1_d76_colon	0	0	0	0	0	0	66.0145	0	0	0	0	0.0456	23.21206	0	0	0	0	0	0	0	10.72784	0	0	0	0	0	0	0	0	0	0
GF12_A2_d32	0	0	0	0	0	0	0	0	0	0	0	59.44316	0	0	0	0	0	0	0	0	0	0	0	0	0	0	40.55684	0	0	0	0
GF12_A2_d34_colon	0	0	0	0	0	0	0.8049	0	0	0	92.50334	5.49987	0	0	0	0	0	0	0	0	0	0	0	0	0	0	0	0	0	1.19189	0
GF12_A2_d76_colon	0	0	0	0	0	0	67.70046	0	0	0	0	0.52611	21.24882	0	0	0	0	0	0	0	10.52462	0	0	0	0	0	0	0	0	0	0
GF12_A3_d31	0	0	0	0	0	0	2.20682	0	0	0	0	90.69378	0.74951	0	0	0	0	0	0	0	0.20231	0	0	0	0	0	6.14758	0	0	0	0
GF12_A3_d32_colon	0	0	0	0	0	0	0	0	0	0	0	0	0	0	0	0	0	0	0	0	0	0	0	0	0	0	0	0	0	0	0
GF12_A3_d76_colon	0	0	0	0	0	0	43.82935	0	0	0	0	0.86874	43.02776	0	0	0	0	0	0	0	12.27416	0	0	0	0	0	0	0	0	0	0
GF12_A4_d31	0	0	0	0	0	0	0	0	0	0	0	100	0	0	0	0	0	0	0	0	0	0	0	0	0	0	0	0	0	0	0
GF12_A4_d32	0	0	0	0	0	0	0	0	0	0	0	93.84476	0	0	0	0	0	0	0	0	0	0	0	0	0	0	6.15524	0	0	0	0
GF12_A4_d34_colon	0	0	0	0	0	0	1.28705	0	0	0	0	0	0	0	0	0	0	0	0	0	98.71295	0	0	0	0	0	0	0	0	0	0
GF12_A4_d76_colon	0	0	0	0	0	0	27.35287	0	0	0	0	0	61.07272	0	0	0	0	0	0	0	11.57441	0	0	0	0	0	0	0	0	0	0
GF12_A5_d34_colon	0	0	0	0	0	0	51.90076	0	0	0	0	0	12.42454	0	0	0	0	0	0	0	35.67469	0	0	0	0	0	0	0	0	0	0
GF12_A5_d76_colon	0	0	0	0	0	0	82.6031	0	0	0	0	0	12.75046	0	0	0	0	0	0	0	4.64644	0	0	0	0	0	0	0	0	0	0
GF12_A6_d76_colon	0	0	0	0	0	0	74.34499	0	0	0	0	0.62601	17.16753	0	0	0	0	0	0	0	7.86147	0	0	0	0	0	0	0	0	0	0
GF12_A7_d76_colon	0	0	0	0	0	0	70.47959	0	0	0	0	0.53086	19.01448	0	0	0	0	0	0	0	9.97507	0	0	0	0	0	0	0	0	0	0
GF12_A8_d76_colon	0	0	0	0	0	0	72.68966	0	0	0	0	0	20.40681	0	0	0	0	0	0	0	6.90353	0	0	0	0	0	0	0	0	0	0
GF12_B_Dam_d0	0	0	0	0	0	0	0	0	0	0	0	0	0	0	0	0	0	0	0	0	0	0	0	0	0	0	0	0	0	0	0
GF12_B1_d79	0	0	0	0	0	0	0.35812	0	0	0	0	86.45192	0	0	0	0	0	0	0	0	0.88016	0	0	0	0	0	12.30979	0	0	0	0
GF12_B1_d82_colon	0	0	0	0	0	0	0	0	0	0	0	0	0	0	0	0	0	0	0	0	0	0	0	0	0	0	0	0	0	0	0
GF12_B2_d32	0	0	0	0	0	0	0	0	0	0	0	99.94988	0	0	0	0	0	0	0	0	0	0	0	0	0	0	0.05012	0	0	0	0
GF12_B2_d34_colon	0	0	0	0	0	0	0	0	0	0	0	0	0	0	0	0	0	0	0	0	0	0	0	0	0	0	0	0	0	0	0
GF12_B2_d79	0	0	0	0	0	0	3.2596	0	0	0	0	0.35482	0.03945	0	0	0	0	0	0	0	2.087	0	0	0	0	0	94.25914	0	0	0	0
GF12_B2_d81	0	0	0	0	0	0	0	0	0	0	0	0	4.17418	0	0	0	0	0	0	0	0	0	0	0	0	0	95.82582	0	0	0	0
GF12_B2_d82_colon	0	0	0	0	0	0	0	0	0	0	0	28.43125	0	0	0	0	0	0	0	0	57.31438	0	0	0	0	0	14.25437	0	0	0	0
GF12_B3_d31	0	0	0	0	0	0	0	0	0	0	0	0.97743	0	0	0	0	0	0	0	0	0	0	0	0	0	0	99.02257	0	0	0	0
GF12_B3_d32	0	0	0	0	0	0	0	0	0	0	0	0	0	0	0	0	0	0	0	0	0	0	0	0	0	0	0	0	0	0	0
GF12_B3_d34_colon	0	0	0	0	0	0	0	0	0	0	0	0	0	0	0	0	0	0	0	0	0	0	0	0	0	0	0	0	0	0	0
GF12_B3_d80	0	0	0	0	0	0	0.60275	0	0	0	0	92.92868	0	0	0	0	0	0	0	0	1.57956	0	0	0	0	0	4.88901	0	0	0	0
GF12_B3_d82_colon	0	0	0	0	0	0	0	0	0	0	0	0	0	0	0	0	0	0	0	0	0	0	0	0	0	0	0	0	0	0	0
GF12_B4_d31	0	0	0	0	0	0	0	0	0	0	0	97.76713	0	0	0	0	0	0	0	0	0	0	0	0	0	0	2.23287	0	0	0	0
GF12_B4_d34_colon	0	0	0	0	0	0	0	0	0	0	0	0	0	0	0	0	0	0	0	0	0	0	0	0	0	0	0	0	0	0	0
GF12_B4_d79	0	0	0	0	0	0	0.40556	0	0	0	0	35.98468	0	0	0	0	0	0	0	0	2.34736	0	0	0	0	0	61.2624	0	0	0	0
GF12_B5_d79	0	0	0	0	0	0	0.98211	0	0	0	0	84.08879	0	0	0	0	0	0	0	0	2.04559	0	0	0	0	0	12.88351	0	0	0	0
GF12_B5_d82_colon	0	0	0	0	0	0	0	0	0	0	0	0	0	0	0	0	0	0	0	0	0	0	0	0	0	0	0	0	0	0	0
GF12_B6_d82_colon	0	0	0	0	0	0	0	0	0	0	0	0	0	0	0	0	0	0	0	0	0	0	0	0	0	0	0	0	0	0	0
GF12_C1_d31_colon	0	0	0	0	0	0	0	0	0	0	0	0	0	0	0	0	0	0	0	0	0	0	0	0	0	0	0	0	0	0	0
GF12_C1_d79	0	0	0	0	0	0	0	0	0	0	0	99.22994	0	0	0	0	0	0	0	0	0.77006	0	0	0	0	0	0	0	0	0	0
GF12_C1_d82_colon	0	0	0	0	0	0	42.28878	0	0	0	0	6.79165	37.97854	0	0	0	0	0	0	0	12.94103	0	0	0	0	0	0	0	0	0	0
GF12_C1_d92_colon	0	0	0	0	0	0	0	0	0	0	0	0	0	0	0	0	0	0	0	0	0	0	0	0	0	0	0	0	0	0	0
GF12_C2_d31	0	0	0	0	0	0	0	0	0	0	0	13.87093	0	0	0	0	0	0	0	0	0	0	0	0	0	0	86.12907	0	0	0	0
GF12_C2_d32_colon	0	0	0	0	0	0	0	0	0	0	0	0	0	0	0	0	0	0	0	0	0	0	0	0	0	0	0	0	0	0	0
GF12_C2_d79	0	0	0	0	0	0	0	0	0	0	0	98.73622	0	0	0	0	0	0	0	0	1.26378	0	0	0	0	0	0	0	0	0	0
GF12_C2_d92_colon	0	0	0	0	0	0	0	0	0	0	0	0	0	0	0	0	0	0	0	0	0	0	0	0	0	0	0	0	0	0	0
GF12_C3_d31	0	0	0	0	0	0	0	0	0	0	0	98.93088	0	0	0	0	0	0	0	0	0	0	0	0	0	0	1.06912	0	0	0	0
GF12_C3_d34_colon	0	0	0	0	0	0	0	0	0	0	0	0	0	0	0	0	0	0	0	0	0	0	0	0	0	0	0	0	0	0	0
GF12_C3_d79	0	0	0	0	0	0	0	0	0	0	0	75.96874	0	0	0	0	0	0	0	0	0	0	0	0	0	0	24.03126	0	0	0	0
GF12_C3_d80_colon	0	0	0	0	0	0	0	0	0	0	0	100	0	0	0	0	0	0	0	0	0	0	0	0	0	0	0	0	0	0	0
GF12_C3_d92_colon	0	0	0	0	0	0	0	0	0	0	0	0	0	0	0	0	0	0	0	0	0	0	0	0	0	0	0	0	0	0	0
GF12_C4_d31	0	0	0	0	0	0	0	0	0	0	0	73.62729	0	0	0	0	0	0	0	0	0	0	0	0	0	0	26.37271	0	0	0	0
GF12_C4_d80_colon	0	0	0	0	0	0	0	0	0	0	0	0	0	0	0	0	0	0	0	0	0	0	0	0	0	0	0	0	0	0	0
GF12_C4_d80	0	0	0	0	0	0	0	0	0	0	0	0	0	0	0	0	0	0	0	0	0	0	0	0	0	0	0	0	0	0	0
GF12_C4_d92_colon	0	0	0	0	0	0	0	0	0	0	0	0	0	0	0	0	0	0	0	0	0	0	0	0	0	0	0	0	0	0	0
GF12_C5_d31_colon	0	0	0	0	0	0	0	0	0	0	0	0	0	0	0	0	0	0	0	0	0	0	0	0	0	0	0	0	0	0	0
GF12_C5_d79	0	0	0	0	0	0	0.61794	0	0	0	0	0.06961	0	0	0	0	0	0	0	0	0.31486	0	0	0	0	0	98.99758	0	0	0	0
GF12_C5_d80_colon	0	0	0	0	0	0	0	0	0	0	0	0	0	0	0	0	0	0	0	0	0	0	0	0	0	0	0	0	0	0	0
GF12_Inoc	0	0	0	0	0	0	0	0	0	0	0	59.98855	0	0	0	0	0	0	0	0	0	0	0	0	0	0	40.01145	0	0	0	0
GF13_A1_d32	0	0	0	0	0	0	0	0	0	0	100	0	0	0	0	0	0	0	0	0	0	0	0	0	0	0	0	0	0	0	0
GF13_A1_d34	0	0	0	0	0	0	0	0	0	0	100	0	0	0	0	0	0	0	0	0	0	0	0	0	0	0	0	0	0	0	0
GF13_A1_d35_colon	0	0	0	0	0	0	0	0	0	0	0	0	0	0	0	0	0	0	0	0	0	0	0	0	0	0	0	0	0	0	0
GF13_A1_d65_colon	0	0	0	0	0	0	18.47174	0	0	0	36.36306	0	33.62296	0	0	0	0	0	0	0	11.54224	0	0	0	0	0	0	0	0	0	0
GF13_A10_d65_colon	0	0	0	0	0	0	30.52122	0	0	0	27.90222	0	32.91305	0	0	0	0	0	0	0	8.66352	0	0	0	0	0	0	0	0	0	0
GF13_A2_d32	0	0	0	0	0	0	0	0	0	0	100	0	0	0	0	0	0	0	0	0	0	0	0	0	0	0	0	0	0	0	0
GF13_A2_d35_colon	0	0	0	0	0	0	0	0	0	0	0	0	0	0	0	0	0	0	0	0	0	0	0	0	0	0	0	0	0	0	0
GF13_A2_d65_colon	0	0	0	0	0	0	17.49567	0	0	0	36.26585	0	35.50221	0	0	0	0	0	0	0	10.73627	0	0	0	0	0	0	0	0	0	0
GF13_A3_d32	0	0	0	0	0	0	0	0	0	0	100	0	0	0	0	0	0	0	0	0	0	0	0	0	0	0	0	0	0	0	0
GF13_A3_d35_colon	0	0	0	0	0	0	0	0	0	0	0	0	0	0	0	0	0	0	0	0	0	0	0	0	0	0	0	0	0	0	0
GF13_A3_d65_colon	0	0	0	0	0	0	34.63402	0	0	0	21.61079	0	31.02587	0	0	0	0	0	0	0	12.72932	0	0	0	0	0	0	0	0	0	0
GF13_A4_d32	0	0	0	0	0	0	0	0	0	0	100	0	0	0	0	0	0	0	0	0	0	0	0	0	0	0	0	0	0	0	0
GF13_A4_d35_colon	0	0	0	0	0	0	0	0	0	0	0	0	0	0	0	0	0	0	0	0	0	0	0	0	0	0	0	0	0	0	0
GF13_A4_d65_colon	0	0	0	0	0	0	20.35391	0	0	0	25.20506	0	45.71067	0	0	0	0	0	0	0	8.73035	0	0	0	0	0	0	0	0	0	0
GF13_A5_d32	0	0	0	0	0	0	0	0	0	0	100	0	0	0	0	0	0	0	0	0	0	0	0	0	0	0	0	0	0	0	0
GF13_A5_d35_colon	0	0	0	0	0	0	0	0	0	0	0	0	0	0	0	0	0	0	0	0	0	0	0	0	0	0	0	0	0	0	0
GF13_A5_d65_colon	0	0	0	0	0	0	34.16631	0	0	0	23.69892	0	26.93747	0	0	0	0	0	0	0	15.19731	0	0	0	0	0	0	0	0	0	0
GF13_A6_d32	0	0	0	0	0	0	0	0	0	0	100	0	0	0	0	0	0	0	0	0	0	0	0	0	0	0	0	0	0	0	0
GF13_A6_d34	0	0	0	0	0	0	0	0	0	0	100	0	0	0	0	0	0	0	0	0	0	0	0	0	0	0	0	0	0	0	0
GF13_A6_d35_colon	0	0	0	0	0	0	0	0	0	0	0	0	0	0	0	0	0	0	0	0	0	0	0	0	0	0	0	0	0	0	0
GF13_A6_d65_colon	0	0	0	0	0	0	28.78325	0	0	0	31.90866	0	28.21466	0	0	0	0	0	0	0	11.09343	0	0	0	0	0	0	0	0	0	0
GF13_A7_d65_colon	0	0	0	0	0	0	36.42192	0	0	0	25.25803	0	29.60094	0	0	0	0	0	0	0	8.71911	0	0	0	0	0	0	0	0	0	0
GF13_A8_d65_colon	0	0	0	0	0	0	28.8297	0	0	0	26.15014	0	37.10935	0	0	0	0	0	0	0	7.91082	0	0	0	0	0	0	0	0	0	0
GF13_A9_d65_colon	0	0	0	0	0	0	31.10729	0	0	0	22.04369	0	34.25505	0	0	0	0	0	0	0	12.59396	0	0	0	0	0	0	0	0	0	0
GF13_B1_d32	0	0	0	0	0	0	0	0	0	0	100	0	0	0	0	0	0	0	0	0	0	0	0	0	0	0	0	0	0	0	0
GF13_B1_d65_colon	0	0	0	0	0	0	0	0	0	0	100	0	0	0	0	0	0	0	0	0	0	0	0	0	0	0	0	0	0	0	0
GF13_B2_d32	0	0	0	0	0	0	0	0	0	0	100	0	0	0	0	0	0	0	0	0	0	0	0	0	0	0	0	0	0	0	0
GF13_B2_d35_colon	0	0	0	0	0	0	28.81742	0	0	0	43.89604	0	11.93308	0	0	0	0	0	0	0	15.35346	0	0	0	0	0	0	0	0	0	0
GF13_B2_d65_colon	0	0	0	0	0	0	0	0	0	0	0	0	0	0	0	0	0	0	0	0	0	0	0	0	0	0	0	0	0	0	0
GF13_B3_d32	0	0	0	0	0	0	0	0	0	0	100	0	0	0	0	0	0	0	0	0	0	0	0	0	0	0	0	0	0	0	0
GF13_B3_d34	0	0	0	0	0	0	3.8673	0	0	0	94.72511	0	0	0	0	0	0	0	0	0	1.40759	0	0	0	0	0	0	0	0	0	0
GF13_B3_d35_colon	0	0	0	0	0	0	39.46566	0	0	0	18.29547	0	17.74631	0	0	0	0	0	0	0	24.49256	0	0	0	0	0	0	0	0	0	0
GF13_B3_d65_colon	0	0	0	0	0	0	0	0	0	0	100	0	0	0	0	0	0	0	0	0	0	0	0	0	0	0	0	0	0	0	0
GF13_B4_d32	0	0	0	0	0	0	0	0	0	0	100	0	0	0	0	0	0	0	0	0	0	0	0	0	0	0	0	0	0	0	0
GF13_B4_d35_colon	0	0	0	0	0	0	24.17791	0	0	0	41.61567	0	18.37252	0	0	0	0	0	0	0	15.8339	0	0	0	0	0	0	0	0	0	0
GF13_B4_d65_colon	0	0	0	0	0	0	0	0	0	0	0	0	0	0	0	0	0	0	0	0	0	0	0	0	0	0	0	0	0	0	0
GF13_B5_d32	0	0	0	0	0	0	0	0	0	0	100	0	0	0	0	0	0	0	0	0	0	0	0	0	0	0	0	0	0	0	0
GF13_B5_d35_colon	0	0	0	0	0	0	11.21551	0	0	0	65.2892	0	2.21573	0	0	0	0	0	0	0	21.27955	0	0	0	0	0	0	0	0	0	0
GF13_B5_d65_colon	0	0	0	0	0	0	0	0	0	0	100	0	0	0	0	0	0	0	0	0	0	0	0	0	0	0	0	0	0	0	0
GF13_B6_d65_colon	0	0	0	0	0	0	0	0	0	0	0	0	0	0	0	0	0	0	0	0	0	0	0	0	0	0	0	0	0	0	0
GF13_B7_d65_colon	0	0	0	0	0	0	0	0	0	0	0	0	0	0	0	0	0	0	0	0	0	0	0	0	0	0	0	0	0	0	0
GF13_B8_d65_colon	0	0	0	0	0	0	0	0	0	0	96.20381	0	0	0	0	0	0	0	0	0	3.79619	0	0	0	0	0	0	0	0	0	0
GF13_B9_d65_colon	0	0	0	0	0	0	0	0	0	0	100	0	0	0	0	0	0	0	0	0	0	0	0	0	0	0	0	0	0	0	0
GF13_inoc_200118	0	0	0	0	0	0	0	0	5.19493	0	28.08557	0	0	0	0	0	0	0	0	0	0	0	0	0	0	0	66.7195	0	0	0	0
GF14_A_d66_stool	7.4567	0	0	0	0	0	54.31242	0	0	0	4.3173	7.49888	17.46406	0	0	0	3.59906	0	0	0.50445	4.84714	0	0	0	0	0	0	0	0	0	0
GF14_A_Dam_d0	0	0	0	0	0	0	0	0	0	0	0	0	0	0	0	0	0	0	0	0	0	0	0	0	0	0	0	0	0	0	0
GF14_A_Dam_d21	0	0	0	0	0	0	50.88421	0	0	0	6.46085	3.24742	22.30588	0	0	0	2.17038	0	0	0	14.93126	0	0	0	0	0	0	0	0	0	0
GF14_A1_d32	0	0	0	0	0	0	1.6728	0	0	0	93.18453	2.71973	0.76575	0	0	0	0	0	0	0	1.65719	0	0	0	0	0	0	0	0	0	0
GF14_A1_d35_colon	0	0	0	0	0	0	0	0	0	0	100	0	0	0	0	0	0	0	0	0	0	0	0	0	0	0	0	0	0	0	0
GF14_A1_d94_stool	0	0	0	0	0	0	1.00582	0	0	0	95.03855	2.99274	0	0	0	0	0.27565	0	0	0.00591	0.68133	0	0	0	0	0	0	0	0	0	0
GF14_A1_d95_stool	0	0	0	0	0	0	4.00594	0	0	0	90.83359	2.80689	0.4889	0	0	0	0	0	0	0.23698	1.6277	0	0	0	0	0	0	0	0	0	0
GF14_a1_d97_colon	0	0	0	0	0	0	0	0	0	0	100	0	0	0	0	0	0	0	0	0	0	0	0	0	0	0	0	0	0	0	0
GF14_A2_d32	0	0	0	0	0	0	0.92994	0	0	0	94.46657	3.23575	0	0	0	0	0	0	0	0	1.36774	0	0	0	0	0	0	0	0	0	0
GF14_A2_d33	0	0	0	0	0	0	1.99862	0	0	0	93.91418	2.88683	0	0	0	0	0	0	0	0	1.20038	0	0	0	0	0	0	0	0	0	0
GF14_A2_d35_colon	0	0	0	0	0	0	0	0	0	0	100	0	0	0	0	0	0	0	0	0	0	0	0	0	0	0	0	0	0	0	0
GF14_A2_d94_stool	0	0	0	0	0	0	0	0	0	0	99.91506	0.08494	0	0	0	0	0	0	0	0	0	0	0	0	0	0	0	0	0	0	0
GF14_A2_d96_16_stool	0	0	0	0	0	0	0	0	0	0	100	0	0	0	0	0	0	0	0	0	0	0	0	0	0	0	0	0	0	0	0
GF14_a2_d97_colon	0	0	0	0	0	0	0	0.10233	0	0	99.89767	0	0	0	0	0	0	0	0	0	0	0	0	0	0	0	0	0	0	0	0
GF14_A3_d32	0	0	0	0	0	0	3.71472	0	0	0	90.86312	3.46083	0.28614	0	0	0	0	0	0	0	1.6752	0	0	0	0	0	0	0	0	0	0
GF14_A3_d35_colon	0	0	0	0	0	0	0	0	0	0	100	0	0	0	0	0	0	0	0	0	0	0	0	0	0	0	0	0	0	0	0
GF14_a3_d97_colon	0	0	0	0	0	0	0	0	0	0	100	0	0	0	0	0	0	0	0	0	0	0	0	0	0	0	0	0	0	0	0
GF14_A4_d32	0	0	0	0	0	0	0	0	0	0	82.9521	0.65815	0	0	0	0	15.94207	0	0	0	0.44768	0	0	0	0	0	0	0	0	0	0
GF14_A4_d33	0	0	0	0	0	0	0	0	0	0	100	0	0	0	0	0	0	0	0	0	0	0	0	0	0	0	0	0	0	0	0
GF14_A4_d34	0	0	0	0	0	0	0	0	0	0	0	0	100	0	0	0	0	0	0	0	0	0	0	0	0	0	0	0	0	0	0
GF14_A4_d35_colon	0	0	0	0	0	0	0	0	0	0	100	0	0	0	0	0	0	0	0	0	0	0	0	0	0	0	0	0	0	0	0
GF14_A4_d94_stool	0	0	0	0	0	0	0	0	0	0	99.27111	0.55803	0	0	0	0	0	0	0	0	0.17085	0	0	0	0	0	0	0	0	0	0
GF14_A4_d95_stool	0	0	0	0	0	0	0	0	0	0	97.19489	1.88787	0	0	0	0	0	0	0	0	0.91725	0	0	0	0	0	0	0	0	0	0
GF14_a4_d97_colon	0	0	0	0	0	0	0	0	0	0	100	0	0	0	0	0	0	0	0	0	0	0	0	0	0	0	0	0	0	0	0
GF14_A5_d32	0	0	0	0	0	0	0	0	0	0	97.01045	2.06992	0	0	0	0	0	0	0	0	0.91964	0	0	0	0	0	0	0	0	0	0
GF14_A5_d35_colon	0	0	0	0	0	0	0	0	0	0	100	0	0	0	0	0	0	0	0	0	0	0	0	0	0	0	0	0	0	0	0
GF14_A5_d94_stool	0	0	0	0	0	0	0	0	0	0	99.47523	0.46952	0	0	0	0	0	0	0	0	0.05525	0	0	0	0	0	0	0	0	0	0
GF14_A5_d96_16_stool	0	0	0	0	0	0	2.55127	0	0	0	93.47314	2.7084	0	0	0	0	0	0	0	0	1.26719	0	0	0	0	0	0	0	0	0	0
GF14_A5_d96_stool	0	0	0	0	0	0	0.01665	0	0	0	95.12579	3.71285	0	0	0	0	0	0	0	0	1.14471	0	0	0	0	0	0	0	0	0	0
GF14_a5_d97_colon	0	0	0	0	0	0	0	0	0	0	79.14582	0	0	0	0	0	20.85418	0	0	0	0	0	0	0	0	0	0	0	0	0	0
GF14_A6_d34_colon	0	0	0	0	0	0	0.29983	0	0	0	97.5659	0	2.13427	0	0	0	0	0	0	0	0	0	0	0	0	0	0	0	0	0	0
GF14_A6_d94_stool	0	0	0	0	0	0	0	0	0	0	99.48072	0.20431	0	0	0	0	0	0	0	0	0.31496	0	0	0	0	0	0	0	0	0	0
GF14_A6_d95_stool	0	0	0	0	0	0	1.18258	0	0	0	91.58897	5.30356	0	0	0	0	0	0	0	0.02022	1.90467	0	0	0	0	0	0	0	0	0	0
GF14_A6_d96_16_stool	0	0	0	0	0	0	3.14374	0	0	0	86.65079	7.27114	0	0	0	0	0	0	0	0	2.93432	0	0	0	0	0	0	0	0	0	0
GF14_a6_d97_colon	0	0	0	0	0	0	0	0	0	0	100	0	0	0	0	0	0	0	0	0	0	0	0	0	0	0	0	0	0	0	0
GF14_A7_d32	0	0	0	0	0	0	0.04273	0	0	0	97.37702	1.82126	0	0	0	0	0	0	0	0	0.75899	0	0	0	0	0	0	0	0	0	0
GF14_A7_d34	0	0	0	0	0	0	0	0	0	0	100	0	0	0	0	0	0	0	0	0	0	0	0	0	0	0	0	0	0	0	0
GF14_A7_d35_colon	0	0	0	0	0	0	0	0	0	0	100	0	0	0	0	0	0	0	0	0	0	0	0	0	0	0	0	0	0	0	0
GF14_A7_d94_stool	0	0	0	0	0	0	0	0	0	0	98.2903	1.47639	0	0	0	0	0	0	0	0	0.23331	0	0	0	0	0	0	0	0	0	0
GF14_A7_d95_stool	0	0	0	0	0	0	0	0	0	0	95.99543	3.49862	0	0	0	0	0	0	0	0.06908	0.43687	0	0	0	0	0	0	0	0	0	0
GF14_a7_d97_colon	0	0	0	0	0	0	0	0	0	0	100	0	0	0	0	0	0	0	0	0	0	0	0	0	0	0	0	0	0	0	0
GF14_A8_d94_stool	0	0	0	0	0	0	0.53312	0	0	0	97.91688	1.21742	0	0	0	0	0	0	0	0	0.33258	0	0	0	0	0	0	0	0	0	0
GF14_A8_d96_16_stool	0	0	0	0	0	0	3.78781	0	0	0	88.138	5.75819	0	0	0	0	0	0	0	0	2.316	0	0	0	0	0	0	0	0	0	0
GF14_A8_d96_stool	0	0	0	0	0	0	0.28418	0	0	0	92.983	4.85701	0	0	0	0	0	0	0	0.31565	1.56016	0	0	0	0	0	0	0	0	0	0
GF14_a8_d97_colon	0	0	0	0	0	0	0	0	0	0	100	0	0	0	0	0	0	0	0	0	0	0	0	0	0	0	0	0	0	0	0
GF14_Adam_d18_stool	0	0	0	0	0	0	42.8017	0	0	0	14.05918	6.77855	26.91145	0	0	0	3.98759	0	0	0.87973	4.58181	0	0	0	0	0	0	0	0	0	0
GF14_Adam_d5_stool	0	0	0	0	0	0	61.62178	0	0	0	11.09418	5.1	16.39493	0	0	0	2.89289	0	0	0.668	2.22822	0	0	0	0	0	0	0	0	0	0
GF14_Adam_d51_stool	0	0	0	0	0	0	49.10988	0	0	0	9.37184	6.03345	27.62716	0	0	0	3.28313	0	0	0	4.57454	0	0	0	0	0	0	0	0	0	0
GF14_Adam_d59_stool	0	0	0	0	0	0	57.79272	0	0	0	9.31823	6.21892	18.08584	0	0	0	2.87529	0	0	0.38067	5.32832	0	0	0	0	0	0	0	0	0	0
GF14_Adam_d78_stool	0	0	0	0	0	0	40.03623	0	0	0	7.09174	6.5562	35.02377	0	0	0	4.35172	0	0	0	6.94034	0	0	0	0	0	0	0	0	0	0
GF14_Adam_d9_stool	0	0	0	0	0	0	46.59312	0	0	0	23.90099	3.52683	17.95051	0	0	0	3.62835	0	0	0.00354	4.39667	0	0	0	0	0	0	0	0	0	0
GF14_B_d0_stool	0	0	0	0	0	0	0	0	0	0	0	0	0	0	0	0	0	0	0	0	0	0	0	0	0	0	0	0	0	0	0
GF14_B_d66_stool	0	0	0	0	0	0	40.5898	0	0	0	8.72137	5.73874	35.24264	0	0	0	2.07501	0	0	0	7.63244	0	0	0	0	0	0	0	0	0	0
GF14_B_d78_stool	0	0	0	0	0	0	38.89998	0	0	0	6.00632	4.43228	39.48616	0	0	0	2.4339	0	0	0	8.74136	0	0	0	0	0	0	0	0	0	0
GF14_b1_d95_colon	0	0	0	0	0	0	0	0	0	0	100	0	0	0	0	0	0	0	0	0	0	0	0	0	0	0	0	0	0	0	0
GF14_b2_d95_colon	0	0	0	0	0	0	12.35318	0	0	0	32.49755	5.94076	37.69838	0	0	0	0	0	0	0	11.51013	0	0	0	0	0	0	0	0	0	0
GF14_b3_d95_colon	0	0	0	0	0	0	32.47775	0	0	0	48.2305	0	8.63203	0	0	0	0	0	0	0	10.65972	0	0	0	0	0	0	0	0	0	0
GF14_Bdam_d18_stool	0	0	0	0	0	0	41.58484	0	0	0	8.31652	9.03343	23.43233	0	0	0	6.96416	0	0	0.75837	9.91037	0	0	0	0	0	0	0	0	0	0
GF14_Bdam_d5_stool	0	0	0	0	0	0	29.60438	0	0	0	27.44477	6.94894	30.35385	0	0	0	2.4707	0	0	0	3.17737	0	0	0	0	0	0	0	0	0	0
GF14_Bdam_d51_stool	0	0	0	0	0	0	42.74403	0	0	0	16.34415	7.37848	28.53039	0	0	0	1.80524	0	0	0	3.1977	0	0	0	0	0	0	0	0	0	0
GF14_Bdam_d59_stool	0	0	0	0	0	0	48.3813	0	0	0	8.49469	5.20796	27.14232	0	0	0	1.09234	0	0	0	9.68139	0	0	0	0	0	0	0	0	0	0
GF14_Bdam_d9_stool	0	0	0	0	0	0	50.00452	0	0	0	16.51439	8.90012	16.34638	0	0	0	2.65755	0	0	0.01433	5.56272	0	0	0	0	0	0	0	0	0	0
GF14_C_d66_stool	7.84573	0	0	0	0	0	24.62136	0	0	0	13.85093	7.21346	39.7526	0	0	0	3.9221	0	0	0.65364	2.14018	0	0	0	0	0	0	0	0	0	0
GF14_c_d78_stool	4.35464	0	0	0	0	0	38.07421	0	0	0	7.60701	5.29997	36.15565	0	0	0	3.00886	0	0	0	5.49967	0	0	0	0	0	0	0	0	0	0
GF14_c1_d130_colon	0	0	0	0	0	0	0	0	0	0	99.43245	0.33654	0	0	0	0	0	0	0	0	0.23102	0	0	0	0	0	0	0	0	0	0
GF14_c2_d130_colon	0	0	0	0	0	0	0	0	0	0	96.39885	0.16994	0	0	0	0	3.4312	0	0	0	0	0	0	0	0	0	0	0	0	0	0
GF14_c3_d130_colon	0	0	0	0	0	0	0	0	0	0	99.96666	0.03334	0	0	0	0	0	0	0	0	0	0	0	0	0	0	0	0	0	0	0
GF14_Cdam_d18_stool	5.58039	0	0	0	0	0	32.7715	0	0	0	7.03101	6.1202	35.31689	0	0	0	2.84631	0	0	0.0235	10.31021	0	0	0	0	0	0	0	0	0	0
GF14_cdam_d5_stool	0	0	0	0	0	0	44.73751	0	0	0	10.90137	9.95007	17.50428	0	0	0	8.57699	0	0	0.01807	8.31171	0	0	0	0	0	0	0	0	0	0
GF14_Cdam_d51_stool	1.52863	0	0	0	0	0	32.40084	0	0	0	10.5792	6.12291	42.7824	0	0	0	2.21572	0	0	0.5365	3.8338	0	0	0	0	0	0	0	0	0	0
GF14_Cdam_d59_stool	3.0847	0	0	0	0	0	51.27871	0	0	0	4.46698	4.19106	28.73868	0	0	0	3.8904	0	0	0.27361	4.07586	0	0	0	0	0	0	0	0	0	0
GF14_Cdam_d9_stool	0.31647	0	0	0	0	0	37.88167	0	0	0	11.84187	10.76301	25.97501	0	0	0	6.81397	0	0	0.81865	5.58936	0	0	0	0	0	0	0	0	0	0
GF14_d67_A1_stool	0	0	0	0	0	0	0	0	0	0	95.83378	0.18321	0	0	0	0	3.98301	0	0	0	0	0	0	0	0	0	0	0	0	0	0
GF14_d67_A2_stool	0	0	0	0	0	0	0	0	0	0	0	0	0	0	0	0	0	0	0	0	0	0	0	0	0	0	0	0	0	0	0
GF14_d67_A3_stool	0	0	0	0	0	0	0	0	0	0	100	0	0	0	0	0	0	0	0	0	0	0	0	0	0	0	0	0	0	0	0
GF14_d67_A4_stool	0	0	0	0	0	0	0	0	0	0	99.16521	0	0	0	0	0	0.83479	0	0	0	0	0	0	0	0	0	0	0	0	0	0
GF14_d67_A5_stool	0	0	0	0	0	0	0	0	0	0	100	0	0	0	0	0	0	0	0	0	0	0	0	0	0	0	0	0	0	0	0
GF14_d67_A6_stool	0	0	0	0	0	0	0	0	0	0	92.29955	0	0	0	0	0	7.70045	0	0	0	0	0	0	0	0	0	0	0	0	0	0
GF14_d67_A7_stool	0	0	0	0	0	0	0	0	0	0	57.30991	0	0	0	0	0	42.69009	0	0	0	0	0	0	0	0	0	0	0	0	0	0
GF14_d67_A8_stool	0	0	0	0	0	0	0	0	0	0	100	0	0	0	0	0	0	0	0	0	0	0	0	0	0	0	0	0	0	0	0
GF14_d67_A9_stool	0	0	0	0	0	0	0	0	0	0	100	0	0	0	0	0	0	0	0	0	0	0	0	0	0	0	0	0	0	0	0
GF14_d68_A1_colon	0	0	0	0	0	0	0	0	0	0	100	0	0	0	0	0	0	0	0	0	0	0	0	0	0	0	0	0	0	0	0
GF14_d68_A10_colon	0	0	0	0	0	0	0	0	0	0	99.26074	0.58004	0	0	0	0	0	0	0	0	0.15921	0	0	0	0	0	0	0	0	0	0
GF14_d68_A2_colon	0	0	0	0	0	0	0	0	0	0	100	0	0	0	0	0	0	0	0	0	0	0	0	0	0	0	0	0	0	0	0
GF14_d68_A3_colon	0	0	0	0	0	0	0	0	0	0	100	0	0	0	0	0	0	0	0	0	0	0	0	0	0	0	0	0	0	0	0
GF14_d68_A4_colon	0	0	0	0	0	0	0	0	0	0	98.00824	1.28748	0	0	0	0	0.70428	0	0	0	0	0	0	0	0	0	0	0	0	0	0
GF14_d68_A5_colon	0	0	0	0	0	0	0	0	0	0	96.90111	0	0	0	0	0	3.09889	0	0	0	0	0	0	0	0	0	0	0	0	0	0
GF14_d68_A6_colon	0	0	0	0	0	0	0	0	0	0	100	0	0	0	0	0	0	0	0	0	0	0	0	0	0	0	0	0	0	0	0
GF14_d68_A7_colon	0	0	0	0	0	0	0	0	0	0	80.52224	0	0	0	0	0	19.47776	0	0	0	0	0	0	0	0	0	0	0	0	0	0
GF14_d68_A8_colon	0	0	0	0	0	0	0	0	0	0	100	0	0	0	0	0	0	0	0	0	0	0	0	0	0	0	0	0	0	0	0
GF14_d68_A9_colon	0	0	0	0	0	0	0	0	0	0	100	0	0	0	0	0	0	0	0	0	0	0	0	0	0	0	0	0	0	0	0
GF14_d89_B1_stool	0	0	0	0	0	0	0	0	0	0	96.01039	3.04599	0	0	0	0	0	0	0	0	0.94362	0	0	0	0	0	0	0	0	0	0
GF14_d89_B2_stool	0	0	0	0	0	0	0	0	0	0	97.56582	1.35039	0	0	0	0	0	0	0	0	1.08379	0	0	0	0	0	0	0	0	0	0
GF14_d89_B3_stool	0	0	0	0	0	0	0	0	0	0	97.47673	1.33721	0	0	0	0	0	0	0	0	1.18606	0	0	0	0	0	0	0	0	0	0
GF14_d90_B2_stool	0	0	0	0	0	0	0	0	0	0	95.57156	3.39684	0	0	0	0	0	0	0	0	1.0316	0	0	0	0	0	0	0	0	0	0
GF14_d90_B3_stool	0	0	0	0	0	0	0	0	0	0	95.21931	2.19814	0.55081	0	0	0	0	0	0	0	2.03174	0	0	0	0	0	0	0	0	0	0
GF14_d91_B2_stool	0	0	0	0	0	0	0.05535	0	0	0	98.46693	0.93926	0	0	0	0	0	0	0	0	0.53846	0	0	0	0	0	0	0	0	0	0
GF14_INOC	0.07584	0	0	0	0	0	5.89817	0	0	0	66.42928	7.39196	6.1927	0	0	0	0.26793	0	0	0	2.27819	0	0	0	0	0	0	0.19114	0	11.2748	0
GF15_A_Dam_d0	0	0	0	0	0	0	0	0	0	0	0	0	0	0	0	0	0	0	0	0	0	0	0	0	0	0	0	0	0	0	0
GF15_A_Dam_d21	7.98748	0	0	0	61.25992	0	23.45158	0	0	0	2.36049	0.81905	0	0	0	0	0	0	0	1.05869	2.79447	0	0	0	0	0	0	0	0	0.26832	0
GF15_a1_d106_stool	0	0	0	0	2.36014	0	0.31706	0	0	0	92.50055	4.41948	0	0	0	0	0	0	0	0	0.40276	0	0	0	0	0	0	0	0	0	0
GF15_A1_d108_colon	0	0	0	0	0	0	0	0	0	0	100	0	0	0	0	0	0	0	0	0	0	0	0	0	0	0	0	0	0	0	0
GF15_A1_d32	0	0	0	0	0	0	0	0	0	0	0	0	0	0	0	0	0	0	0	0	0	0	0	0	0	0	0	0	0	0	0
GF15_A1_d35_colon	0	0	0	0	0	0	0	0	0	0	100	0	0	0	0	0	0	0	0	0	0	0	0	0	0	0	0	0	0	0	0
GF15_A1_d72_stool	0	0	0	0	1.83142	0	6.74183	0	0	0	85.4184	4.5672	0	0	0	0	0	0	0	0	1.44116	0	0	0	0	0	0	0	0	0	0
GF15_a1_d74_colon	0	0	0	0	0	0	0	0	0	0	0	0	0	0	0	0	0	0	0	0	0	0	0	0	0	0	0	0	0	0	0
GF15_a2_d105_stool	0	0	0	0	9.05494	0	0.7381	0	0	0	81.25841	8.60455	0	0	0	0	0	0	0	0	0.344	0	0	0	0	0	0	0	0	0	0
GF15_a2_d106_stool	0	0	0	0	5.92582	0	12.23492	0	0	0	67.08513	13.16808	0	0	0	0	0	0	0	0	1.58604	0	0	0	0	0	0	0	0	0	0
GF15_A2_d108_colon	0	0	0	0	0.99325	0	0	0	0	0	99.00675	0	0	0	0	0	0	0	0	0	0	0	0	0	0	0	0	0	0	0	0
GF15_A2_d32	0	0	0	0	0	0	0	0	0	0	100	0	0	0	0	0	0	0	0	0	0	0	0	0	0	0	0	0	0	0	0
GF15_a3_d105_stool	0	0	0	0	11.68336	0	0	0	0	0	84.95119	3.36545	0	0	0	0	0	0	0	0	0	0	0	0	0	0	0	0	0	0	0
GF15_A3_d108_colon	0	0	0	0	1.71166	0	0	0	0	0	87.8533	0	0	0	0	0	10.43503	0	0	0	0	0	0	0	0	0	0	0	0	0	0
GF15_A3_d32	0	0	0	0	0	0	0	0	0	0	100	0	0	0	0	0	0	0	0	0	0	0	0	0	0	0	0	0	0	0	0
GF15_A3_d33	0	0	0	0	0	0	0	0	0	0	0	0	0	0	0	0	0	0	0	0	0	0	0	0	0	0	0	0	0	0	0
GF15_A3_d35_colon	0	0	0	0	100	0	0	0	0	0	0	0	0	0	0	0	0	0	0	0	0	0	0	0	0	0	0	0	0	0	0
GF15_a3_d74_colon	0	0	0	0	0	0	0	0	0	0	0	0	0	0	0	0	0	0	0	0	0	0	0	0	0	0	0	0	0	0	0
GF15_a4_d105_stool	0	0	0	0	0.77304	0	0	0	0	0	98.71458	0.51238	0	0	0	0	0	0	0	0	0	0	0	0	0	0	0	0	0	0	0
GF15_A4_d108_colon	0	0	0	0	1.39055	0	0	0	0	0	17.61284	0	0	0	0	0	80.9966	0	0	0	0	0	0	0	0	0	0	0	0	0	0
GF15_A4_d32	0	0	0	0	2.47262	0	0.68785	0	0	0	92.30685	3.45339	0	0	0	0	0	0	0	0.00641	1.07288	0	0	0	0	0	0	0	0	0	0
GF15_a5_d105_stool	0	0	0	0	2.12712	0	3.00856	0	0	0	82.63935	11.3649	0	0	0	0	0	0	0	0	0.86007	0	0	0	0	0	0	0	0	0	0
GF15_A5_d108_colon	0	0	0	0	1.34013	0	0	0	0	0	98.65987	0	0	0	0	0	0	0	0	0	0	0	0	0	0	0	0	0	0	0	0
GF15_A5_d32	0	0	0	0	1.40356	0	1.39342	0	0	0	95.62298	0.45719	0	0	0	0	0	0	0	0	1.12285	0	0	0	0	0	0	0	0	0	0
GF15_A5_d35_colon	0	0	0	0	0	0	0	0	0	0	0	100	0	0	0	0	0	0	0	0	0	0	0	0	0	0	0	0	0	0	0
GF15_a5_d71_colon	0	0	0	0	0	0	0	0	0	0	0	0	0	0	0	0	0	0	0	0	0	0	0	0	0	0	0	0	0	0	0
GF15_a6_d105_stool	0	0	0	0	0.57734	0	0	0	0	0	94.32022	5.05005	0	0	0	0	0	0	0	0	0.0524	0	0	0	0	0	0	0	0	0	0
GF15_A6_d108_colon	0	0	0	0	0	0	0	0	0	0	97.13518	0	0	0	0	0	2.86482	0	0	0	0	0	0	0	0	0	0	0	0	0	0
GF15_A6_d32_colon	0	0	0	0	0	0	0	0	0	0	100	0	0	0	0	0	0	0	0	0	0	0	0	0	0	0	0	0	0	0	0
GF15_a6_d74_colon	0	0	0	0	0	0	0	0	0	0	0	0	0	0	0	0	0	0	0	0	0	0	0	0	0	0	0	0	0	0	0
GF15_A7_d108_colon	0	0	0	0	5.3241	0	0	0	0	0	94.6759	0	0	0	0	0	0	0	0	0	0	0	0	0	0	0	0	0	0	0	0
GF15_a7_d74_colon	0	0	0	0	0	0	0	100	0	0	0	0	0	0	0	0	0	0	0	0	0	0	0	0	0	0	0	0	0	0	0
GF15_a8_d105_stool	0	0	0	0	0.48668	0	6.3485	0	0	0	85.81328	6.05234	0	0	0	0	0	0	0	0	1.29921	0	0	0	0	0	0	0	0	0	0
GF15_A8_d108_colon	0	0	0	0	1.24545	0	0	0	0	0	44.71665	0	0	0	0	0	54.0379	0	0	0	0	0	0	0	0	0	0	0	0	0	0
GF15_a8_d74_colon	0	0	0	0	0	0	0	0	0	0	0	0	0	0	0	0	0	0	0	0	0	0	0	0	0	0	0	0	0	0	0
GF15_a9_d105_stool	0	0	0	0	0.425	0	0.29383	0	0	0	97.35575	1.7087	0	0	0	0	0	0	0	0	0.21671	0	0	0	0	0	0	0	0	0	0
GF15_a9_d106_stool	0	0	0	0	2.18737	0	5.25043	0	0	0	82.55986	8.86175	0	0	0	0	0	0	0	0	1.1406	0	0	0	0	0	0	0	0	0	0
GF15_A9_d108_colon	0	0	0	0	1.29161	0	0	0	0	0	98.70839	0	0	0	0	0	0	0	0	0	0	0	0	0	0	0	0	0	0	0	0
GF15_adam_d11_stool	7.16306	0	0	0	75.43778	0	8.62372	0	0	0	2.72679	2.95342	0	0	0	0	0	0	0	1.03901	2.05621	0	0	0	0	0	0	0	0	0	0
GF15_adam_d18_stool	6.8009	0	0	0	68.65905	0	13.80111	0	0	0	3.5294	2.66475	0	0	0	0	0.03817	0	0	0.88379	2.95245	0	0	0	0	0	0	0	0	0.67038	0
GF15_Adam_d5_stool	7.28403	0	0	0	73.70994	0	10.61676	0	0	0	3.08409	1.77612	0	0	0	0	0.75482	0	0	0.92458	1.84964	0	0	0	0	0	0	0	0	0	0
GF15_b_d5_stool	0	0	0	0	0	0	0	100	0	0	0	0	0	0	0	0	0	0	0	0	0	0	0	0	0	0	0	0	0	0	0
GF15_B1_d32	0	0	0	0	2.61814	0	3.23806	0	0	0	89.43693	3.31209	0	0	0	0	0	0	0	0	1.39478	0	0	0	0	0	0	0	0	0	0
GF15_B1_d35_colon	0	0	0	0	0	0	0	0	0	0	80.80822	0	0	0	0	0	19.19178	0	0	0	0	0	0	0	0	0	0	0	0	0	0
GF15_B1_d94_stool	0	0	0	0	0.12142	0	0	0	0	0	98.91072	0.96787	0	0	0	0	0	0	0	0	0	0	0	0	0	0	0	0	0	0	0
GF15_b1_d97_colon	0	0	0	0	0	0	0	0	0	0	90.79587	0	0	0	0	0	9.20413	0	0	0	0	0	0	0	0	0	0	0	0	0	0
GF15_b10_d94_stool	0	0	0	0	0	0	0	0	0	0	100	0	0	0	0	0	0	0	0	0	0	0	0	0	0	0	0	0	0	0	0
GF15_B10_d97_colon	0	0	0	0	0	0	0	0	0	0	91.36118	0	0	0	0	0	8.63882	0	0	0	0	0	0	0	0	0	0	0	0	0	0
GF15_B2_d32	0	0	0	0	2.10322	0	2.53416	0	0	0	91.90997	2.10123	0	0	0	0	0	0	0	0	1.35143	0	0	0	0	0	0	0	0	0	0
GF15_B2_d33	0	0	0	0	2.97421	0	4.00589	0	0	0	90.10683	2.33712	0	0	0	0	0	0	0	0	0.57595	0	0	0	0	0	0	0	0	0	0
GF15_B2_d35_colon	0	0	0	0	0	0	0	0	0	0	70.05452	0	0	0	0	0	29.94548	0	0	0	0	0	0	0	0	0	0	0	0	0	0
GF15_b2_d94_stool	0	0	0	0	0.30691	0	0	0	0	0	95.71565	3.97744	0	0	0	0	0	0	0	0	0	0	0	0	0	0	0	0	0	0	0
GF15_b2_d95_stool	0	0	0	0	1.10231	0	1.09603	0	0	0	80.46473	16.94407	0	0	0	0	0	0	0	0	0.39285	0	0	0	0	0	0	0	0	0	0
GF15_b2_d97_colon	0	0	0	0	0	0	0	0	0	0	80.30445	0	0	0	0	0	19.69555	0	0	0	0	0	0	0	0	0	0	0	0	0	0
GF15_B3_d34	0	0	0	0	0	0	0	0	0	0	100	0	0	0	0	0	0	0	0	0	0	0	0	0	0	0	0	0	0	0	0
GF15_B3_d35_colon	0	0	0	0	0	0	0	0	0	0	100	0	0	0	0	0	0	0	0	0	0	0	0	0	0	0	0	0	0	0	0
GF15_b3_d94_stool	0	0	0	0	0	0	0	0	0	0	99.90739	0.09261	0	0	0	0	0	0	0	0	0	0	0	0	0	0	0	0	0	0	0
GF15_b3_d97_colon	0	0	0	0	0	0	0	0	0	0	92.16345	0	0	0	0	0	7.83655	0	0	0	0	0	0	0	0	0	0	0	0	0	0
GF15_b4_d106_stool	0	0	0	0	1.63526	0	6.28735	0	0	0	80.60567	8.98246	0	0	0	0	0.73243	0	0	0	1.75683	0	0	0	0	0	0	0	0	0	0
GF15_B4_d32	0	0	0	0	1.20736	0	1.33209	0	0	0	92.68832	3.94313	0	0	0	0	0	0	0	0	0.82911	0	0	0	0	0	0	0	0	0	0
GF15_B4_d33	0	0	0	0	1.44397	0	2.14687	0	0	0	92.1294	3.66062	0	0	0	0	0	0	0	0	0.61914	0	0	0	0	0	0	0	0	0	0
GF15_B4_d34	0	0	0	0	0	0	0	0	0	0	87.05681	0	0	0	0	0	12.94319	0	0	0	0	0	0	0	0	0	0	0	0	0	0
GF15_B4_d35_colon	0	0	0	0	0.09888	0	0	0	0	0	66.39107	0	0	0	0	0	33.51004	0	0	0	0	0	0	0	0	0	0	0	0	0	0
GF15_b4_d96_stool	0	0	0	0	0	0	0	0	0	0	95.00385	0.16208	0	0	0	0	4.65751	0	0	0	0.17656	0	0	0	0	0	0	0	0	0	0
GF15_b4_d97_colon	0	0	0	0	0	0	0	0	0	0	33.63712	51.62486	0	0	0	0	14.73802	0	0	0	0	0	0	0	0	0	0	0	0	0	0
GF15_b5_d107_stool	0	0	0	0	1.71679	0	0.3784	0	0	0	90.51324	6.31782	0	0	0	0	0	0	0	0	1.07375	0	0	0	0	0	0	0	0	0	0
GF15_B5_d32	0	0	0	0	1.35107	0	0	0	0	0	98.14024	0.50869	0	0	0	0	0	0	0	0	0	0	0	0	0	0	0	0	0	0	0
GF15_B5_d35_colon	0	0	0	0	0	0	0	0	0	0	73.22817	0	0	0	0	0	26.77183	0	0	0	0	0	0	0	0	0	0	0	0	0	0
GF15_b5_d94_stool	0	0	0	0	0.13788	0	0	0	0	0	99.79318	0.06894	0	0	0	0	0	0	0	0	0	0	0	0	0	0	0	0	0	0	0
GF15_b5_d95_stool	0	0	0	0	0.99496	0	4.58545	0	0	0	89.04004	4.24791	0	0	0	0	0	0	0	0	1.13163	0	0	0	0	0	0	0	0	0	0
GF15_b5_d97_colon	0	0	0	0	0	0	0	0	0	0	89.26843	0	0	0	0	0	10.73157	0	0	0	0	0	0	0	0	0	0	0	0	0	0
GF15_B6_d32	0	0	0	0	0.11474	0	0	0	0	0	99.88526	0	0	0	0	0	0	0	0	0	0	0	0	0	0	0	0	0	0	0	0
GF15_B6_d34_colon	0	0	0	0	0	0	0	0	0	0	100	0	0	0	0	0	0	0	0	0	0	0	0	0	0	0	0	0	0	0	0
GF15_b6_d94_stool	0	0	0	0	0.1402	0	0	0	0	0	99.74027	0.11953	0	0	0	0	0	0	0	0	0	0	0	0	0	0	0	0	0	0	0
GF15_b6_d95_stool	0	0	0	0	0.13277	0	0	0	0	0	99.09885	0.76838	0	0	0	0	0	0	0	0	0	0	0	0	0	0	0	0	0	0	0
GF15_b6_d97_colon	0	0	0	0	0	0	0	0	0	0	81.66084	0	0	0	0	0	18.33916	0	0	0	0	0	0	0	0	0	0	0	0	0	0
GF15_B7_d32	0	0	0	0	0	0	0	0	0	0	100	0	0	0	0	0	0	0	0	0	0	0	0	0	0	0	0	0	0	0	0
GF15_B7_d33	0	0	0	0	0	0	0	0	0	0	0	0	0	0	0	0	0	0	0	0	0	0	0	0	0	0	0	0	0	0	0
GF15_B7_d35_colon	0	0	0	0	0	0	0	0	0	0	100	0	0	0	0	0	0	0	0	0	0	0	0	0	0	0	0	0	0	0	0
GF15_b7_d97_colon	0	0	0	0	0	0	0	0	0	0	95.66303	0	0	0	0	0	4.33697	0	0	0	0	0	0	0	0	0	0	0	0	0	0
GF15_b8_d94_stool	0	0	0	0	1.79888	0	0	0	0	0	97.50349	0.69763	0	0	0	0	0	0	0	0	0	0	0	0	0	0	0	0	0	0	0
GF15_b8_d97_colon	0	0	0	0	0	0	0	0	0	0	81.36153	0	0	0	0	0	18.63847	0	0	0	0	0	0	0	0	0	0	0	0	0	0
GF15_b9_d106_stool	0	0	0	0	1.33937	0	0	0	0	0	98.56422	0	0	0	0	0	0	0	0	0	0.09641	0	0	0	0	0	0	0	0	0	0
GF15_b9_d94_stool	0	0	0	0	1.27245	0	0	0	0	0	95.69458	3.03297	0	0	0	0	0	0	0	0	0	0	0	0	0	0	0	0	0	0	0
GF15_B9_d97_colon	0	0	0	0	0	0	0	0	0	0	89.79733	0	0	0	0	0	10.20267	0	0	0	0	0	0	0	0	0	0	0	0	0	0
GF15_bdam_d18_stool	8.15404	0	0	0	57.58911	0	20.77603	0	0	0	3.8883	3.98613	0	0	0	0	0.53098	0	0	0.52792	4.08736	0	0	0	0	0	0	0	0	0.46012	0
GF15_c_d18_stool	8.85879	0	0	0	64.12989	0	14.25133	0	0	0	3.69203	4.94038	0	0	0	0	0.10092	0	0	1.63481	2.15001	0	0	0	0	0	0	0	0	0.24183	0
GF15_c1_d105_stool	0	0	0	0	0	0	0	0	0	0	98.1717	1.8283	0	0	0	0	0	0	0	0	0	0	0	0	0	0	0	0	0	0	0
GF15_c1_d108_colon	0	0	0	0	0.75489	0	0	0	0	0	89.98966	0.20128	0	0	0	0	9.05417	0	0	0	0	0	0	0	0	0	0	0	0	0	0
GF15_C1_d36	0	0	0	0	0.57349	0	0	0	0	0	53.2484	42.93361	0	0	0	0	3.24449	0	0	0	0	0	0	0	0	0	0	0	0	0	0
GF15_C1_d37	0	0	0	0	2.13341	0	0	0	0	0	77.06393	11.87903	0	0	0	0	8.92363	0	0	0	0	0	0	0	0	0	0	0	0	0	0
GF15_C1_d39_colon	0	0	0	0	0	0	0	0	0	0	100	0	0	0	0	0	0	0	0	0	0	0	0	0	0	0	0	0	0	0	0
GF15_c1_d74_colon	0	0	0	0	0	0	0	0	0	0	100	0	0	0	0	0	0	0	0	0	0	0	0	0	0	0	0	0	0	0	0
GF15_c2_d105_stool	0	0	0	0	0.0782	0	0	0	0	0	95.43287	4.48893	0	0	0	0	0	0	0	0	0	0	0	0	0	0	0	0	0	0	0
GF15_c2_d108_colon	0	0	0	0	1.03642	0	0	0	0	0	92.87091	0.1436	0	0	0	0	5.94907	0	0	0	0	0	0	0	0	0	0	0	0	0	0
GF15_C2_d36	0	0	0	0	0	0	0	0	0	0	90.78979	9.21021	0	0	0	0	0	0	0	0	0	0	0	0	0	0	0	0	0	0	0
GF15_C2_d37	0	0	0	0	1.27179	0	0.08891	0	0	0	88.7058	8.73129	0	0	0	0	0.86838	0	0	0	0.33382	0	0	0	0	0	0	0	0	0	0
GF15_C2_d39_colon	0	0	0	0	0	0	0	0	0	0	98.48788	0	0	0	0	0	1.51212	0	0	0	0	0	0	0	0	0	0	0	0	0	0
GF15_c2_d73_16_stool	0	0	0	0	0	0	0	0	0	0	100	0	0	0	0	0	0	0	0	0	0	0	0	0	0	0	0	0	0	0	0
GF15_c2_d74_colon	0	0	0	0	0	0	0	0	0	0	100	0	0	0	0	0	0	0	0	0	0	0	0	0	0	0	0	0	0	0	0
GF15_c3_d108_colon	0	0	0	0	0.82048	0	0	0	0	0	91.0777	0	0	0	0	0	8.10183	0	0	0	0	0	0	0	0	0	0	0	0	0	0
GF15_C3_d36	0	0	0	0	0.62802	0	0	0	0	0	91.88862	7.48336	0	0	0	0	0	0	0	0	0	0	0	0	0	0	0	0	0	0	0
GF15_C3_d39_colon	0	0	0	0	0	0	0	0	0	0	97.39678	0	0	0	0	0	2.60322	0	0	0	0	0	0	0	0	0	0	0	0	0	0
GF15_c4_d105_stool	0	0	0	0	0.41471	0	2.64739	0	0	0	86.1993	9.97681	0	0	0	0	0	0	0	0	0.76179	0	0	0	0	0	0	0	0	0	0
GF15_c4_d108_colon	0	0	0	0	0.8676	0	0	0.04043	0	0	91.50732	0.01964	0	0	0	0	7.56501	0	0	0	0	0	0	0	0	0	0	0	0	0	0
GF15_C4_d36	0	0	0	0	0.59226	0	0	0	0	0	96.88458	2.46018	0	0	0	0	0.06298	0	0	0	0	0	0	0	0	0	0	0	0	0	0
GF15_C4_d37	0	0	0	0	1.42075	0	0.14394	0	0	0	95.96592	2.15759	0	0	0	0	0.18451	0	0	0	0.12729	0	0	0	0	0	0	0	0	0	0
GF15_C4_d38	0	0	0	0	0	0	0	0	0	0	98.21343	0	0	0	0	0	1.78657	0	0	0	0	0	0	0	0	0	0	0	0	0	0
GF15_C4_d39_colon	0	0	0	0	0	0	0	0	0	0	94.83013	0	0	0	0	0	5.16987	0	0	0	0	0	0	0	0	0	0	0	0	0	0
GF15_c4_d73_stool	0	0	0	0	0.0756	0	0	0	0	0	99.66445	0.25995	0	0	0	0	0	0	0	0	0	0	0	0	0	0	0	0	0	0	0
GF15_c4_d74_colon	0	0	0	0	0	0	0	0	0	0	100	0	0	0	0	0	0	0	0	0	0	0	0	0	0	0	0	0	0	0	0
GF15_c5_d105_stool	0	0	0	0	1.3294	0	0	0	0	0	92.40176	6.16041	0	0	0	0	0	0	0	0	0.10842	0	0	0	0	0	0	0	0	0	0
GF15_c5_d108_colon	0	0	0	0	2.02025	0	0	0	0	0	84.79011	0	0	0	0	0	13.18964	0	0	0	0	0	0	0	0	0	0	0	0	0	0
GF15_C5_d36	0	0	0	0	0.10864	0	0	0	0	0	65.20024	29.15074	0	0	0	0	5.54038	0	0	0	0	0	0	0	0	0	0	0	0	0	0
GF15_C5_d37	0	0	0	0	0.8768	0	0	0	0	0	68.04368	20.72677	0	0	0	0	10.35275	0	0	0	0	0	0	0	0	0	0	0	0	0	0
GF15_C5_d39_colon	0	0	0	0	0	0	0	0	0	0	99.17635	0	0	0	0	0	0.82365	0	0	0	0	0	0	0	0	0	0	0	0	0	0
GF15_c5_d71_stool	0	0	0	0	73.15538	0	0	0	0	0	20.0779	6.72639	0	0	0	0	0	0	0	0	0.04034	0	0	0	0	0	0	0	0	0	0
GF15_c5_d74_colon	0	0	0	0	0	0	0	0	0	0	100	0	0	0	0	0	0	0	0	0	0	0	0	0	0	0	0	0	0	0	0
GF15_c6_d105_stool	0	0	0	0	0.1158	0	0	0	0	0	94.4705	5.31141	0	0	0	0	0	0	0	0	0.10229	0	0	0	0	0	0	0	0	0	0
GF15_c6_d108_colon	0	0	0	0	2.58141	0	0	0	0	0	93.2184	0	0	0	0	0	4.20019	0	0	0	0	0	0	0	0	0	0	0	0	0	0
GF15_C6_d36	0	0	0	0	0.3967	0	0	0	0	0	90.43445	8.03343	0	0	0	0	1.13542	0	0	0	0	0	0	0	0	0	0	0	0	0	0
GF15_C6_d39_colon	0	0	0	0	0	0	0	0	0	0	89.49206	0	0	0	0	0	10.50794	0	0	0	0	0	0	0	0	0	0	0	0	0	0
GF15_c6_d71_stool	0	0	0	0	2.43546	0	0	0	0	0	97.17756	0.38699	0	0	0	0	0	0	0	0	0	0	0	0	0	0	0	0	0	0	0
GF15_C6_d72_stool	0	0	0	0	1.17734	0	0	0	0	0	98.0767	0.74597	0	0	0	0	0	0	0	0	0	0	0	0	0	0	0	0	0	0	0
GF15_c6_d74_colon	0	0	0	0	0	0	0	0	0	0	100	0	0	0	0	0	0	0	0	0	0	0	0	0	0	0	0	0	0	0	0
GF15_c7_d105_stool	0	0	0	0	0	0	0	0	0	0	99.32134	0.67866	0	0	0	0	0	0	0	0	0	0	0	0	0	0	0	0	0	0	0
GF15_c7_d108_colon	0	0	0	0	1.99122	0	0	0	0	0	72.30955	0	0	0	0	0	25.69923	0	0	0	0	0	0	0	0	0	0	0	0	0	0
GF15_c7_d72_stool	0	0	0	0	2.12828	0	0	0	0	0	97.22642	0.6453	0	0	0	0	0	0	0	0	0	0	0	0	0	0	0	0	0	0	0
GF15_c7_d74_colon	0	0	0	0	0	0	0	0	0	0	100	0	0	0	0	0	0	0	0	0	0	0	0	0	0	0	0	0	0	0	0
GF15_c8_d108_colon	0	0	0	0	0.63461	0	0	0	0	0	96.05291	0	0	0	0	0	3.31247	0	0	0	0	0	0	0	0	0	0	0	0	0	0
GF15_c8_d74_colon	0	0	0	0	0	0	0	0	0	0	81.44946	0	0	0	0	0	18.55054	0	0	0	0	0	0	0	0	0	0	0	0	0	0
GF15_c9_d108_colon	0	0	0	0	0.24938	0	0	0	0	0	74.95247	16.14859	0	0	0	0	8.64956	0	0	0	0	0	0	0	0	0	0	0	0	0	0
GF15_cdam_d11_stool	7.37443	0	0	0	71.43727	0	12.51901	0	0	0	2.82839	2.03868	0	0	0	0	0.58223	0	0	0.77249	1.80948	0	0	0	0	0	0	0	0	0.63803	0
GF15_cdam_d23_stool	8.72609	0	0	0	73.54288	0	10.25448	0	0	0	0.64481	1.77449	0	0	0	0	0.14184	0	0	1.49294	2.6427	0	0	0	0	0	0	0	0	0.77977	0
GF15_cdam_d5_stool	4.40516	0	0	0	70.97114	0	10.80691	0	0	0	6.72847	2.05436	0	0	0	0	1.34358	0	0	0.25962	2.76113	0	0	0	0	0	0	0	0	0.66964	0
GF15_cdam_d59_stool	0.3786	0	0	0	45.77369	0	37.28474	0	0	0	4.55764	3.93378	0	0	0	0	0.9386	0	0	0	7.13295	0	0	0	0	0	0	0	0	0	0
GF15_d67_B1_stool	0	0	0	0	0.31414	0	0	0	0	0	95.23164	4.45422	0	0	0	0	0	0	0	0	0	0	0	0	0	0	0	0	0	0	0
GF15_d67_B2_stool	0	0	0	0	0.68199	0	0	0	0	0	99.26968	0.04833	0	0	0	0	0	0	0	0	0	0	0	0	0	0	0	0	0	0	0
GF15_d67_B3_stool	0	0	0	0	1.7919	0	0.23715	0	0	0	95.56444	2.23032	0	0	0	0	0	0	0	0	0.17619	0	0	0	0	0	0	0	0	0	0
GF15_d67_B4_stool	0	0	0	0	0.91866	0	0	0	0	0	99.08134	0	0	0	0	0	0	0	0	0	0	0	0	0	0	0	0	0	0	0	0
GF15_d67_B5_stool	0	0	0	0	1.91235	0	0	0	0	0	97.64	0.44385	0	0	0	0	0	0	0	0	0.0038	0	0	0	0	0	0	0	0	0	0
GF15_d67_B6_stool	0	0	0	0	0.09244	0	0	0	0	0	99.90756	0	0	0	0	0	0	0	0	0	0	0	0	0	0	0	0	0	0	0	0
GF15_d67_B7_stool	0	0	0	0	0	0	0	0	0	0	99.9118	0.0882	0	0	0	0	0	0	0	0	0	0	0	0	0	0	0	0	0	0	0
GF15_d67_B8_stool	0	0	0	0	0.25129	0	0	0	0	0	99.41998	0.30087	0	0	0	0	0	0	0	0	0.02786	0	0	0	0	0	0	0	0	0	0
GF15_d68_B1_colon	0	0	0	0	0	0	2.64581	0	0	0	94.90827	2.3804	0	0	0	0	0	0	0	0	0.06551	0	0	0	0	0	0	0	0	0	0
GF15_d68_B2_stool	0	0	0	0	0.44779	0	0	0	0	0	99.49678	0.05543	0	0	0	0	0	0	0	0	0	0	0	0	0	0	0	0	0	0	0
GF15_d68_B5_colon	0	0	0	0	0	0	0	0	0	0	100	0	0	0	0	0	0	0	0	0	0	0	0	0	0	0	0	0	0	0	0
GF15_d68_B8_stool	0	0	0	0	0.40566	0	0.17669	0	0	0	98.04813	0.85831	0	0	0	0	0	0	0	0	0.51121	0	0	0	0	0	0	0	0	0	0
GF15_d69_B2_stool	0	0	0	0	0	0	0	0	0	0	100	0	0	0	0	0	0	0	0	0	0	0	0	0	0	0	0	0	0	0	0
GF15_d69_B9_stool	0	0	0	0	0	0	0	0	0	0	100	0	0	0	0	0	0	0	0	0	0	0	0	0	0	0	0	0	0	0	0
GF15_d70_B2_colon	0	0	0	0	0	0	0	0	0	0	100	0	0	0	0	0	0	0	0	0	0	0	0	0	0	0	0	0	0	0	0
GF15_d70_B4_colon	0	0	0	0	0	0	0	0	0	0	98.24283	0	0	0	0	0	1.75717	0	0	0	0	0	0	0	0	0	0	0	0	0	0
GF15_d70_B6_colon	0	0	0	0	0	0	0	0	0	0	97.60026	0	0	0	0	0	2.39974	0	0	0	0	0	0	0	0	0	0	0	0	0	0
GF15_d70_B7_colon	0	0	0	0	0	0	0	0	0	0	95.62052	0	0	0	0	0	4.37948	0	0	0	0	0	0	0	0	0	0	0	0	0	0
GF15_d70_B8_colon	0	0	0	0	0	0	0	0	0	0	100	0	0	0	0	0	0	0	0	0	0	0	0	0	0	0	0	0	0	0	0
GF15_d70_B9_colon	0	0	0	0	0	0	0	0	0	0	100	0	0	0	0	0	0	0	0	0	0	0	0	0	0	0	0	0	0	0	0
GF15_d71_A1_stool	0	0	0	0	0.68593	0	0	0	0	0	99.19541	0.11866	0	0	0	0	0	0	0	0	0	0	0	0	0	0	0	0	0	0	0
GF15_d71_A3_stool	0	0	0	0	0.89046	0	0	0	0	0	87.59486	11.51468	0	0	0	0	0	0	0	0	0	0	0	0	0	0	0	0	0	0	0
GF15_d71_A4_stool	0	0	0	0	0	0	0	0	0	0	100	0	0	0	0	0	0	0	0	0	0	0	0	0	0	0	0	0	0	0	0
GF15_d71_A5_stool	0	0	0	0	0	0	0	0	0	0	100	0	0	0	0	0	0	0	0	0	0	0	0	0	0	0	0	0	0	0	0
GF15_d71_A6_stool	0	0	0	0	0.83377	0	0	0	0	0	97.7925	1.37374	0	0	0	0	0	0	0	0	0	0	0	0	0	0	0	0	0	0	0
GF15_d71_A7_stool	0	0	0	0	0.72189	0	0	0	0	0	98.56711	0.68107	0	0	0	0	0	0	0	0	0.02993	0	0	0	0	0	0	0	0	0	0
GF15_d71_A8_stool	0	0	0	0	2.3082	0	0	0	0	0	95.21037	2.48143	0	0	0	0	0	0	0	0	0	0	0	0	0	0	0	0	0	0	0
GF15_d71_C2_stool	0	0	0	0	0.73952	0	0	0	0	0	91.02612	8.23437	0	0	0	0	0	0	0	0	0	0	0	0	0	0	0	0	0	0	0
GF15_d71_C3_stool	0	0	0	0	0.56724	0	0	0	0	0	82.68131	16.52142	0	0	0	0	0	0	0	0	0.23003	0	0	0	0	0	0	0	0	0	0
GF15_d71_C4_stool	0	0	0	0	0.22622	0	0	0	0	0	99.77378	0	0	0	0	0	0	0	0	0	0	0	0	0	0	0	0	0	0	0	0
GF15_INOC	19.2124	0	0	0	8.9089	0	1.63877	0	0	0	3.65098	29.53727	0	0	0	0	0	0	0	34.17622	0	0	0	0	0	0	0.20551	2.03977	0	0.63018	0
GF16_A1_d32	0	0	0	0	0	0	0	0	0	0	48.59238	0	0	0	0	51.40762	0	0	0	0	0	0	0	0	0	0	0	0	0	0	0
GF16_A1_d35_colon	0	0	0	0	0	0	0	0	0	0	0	0	0	0	0	0	0	100	0	0	0	0	0	0	0	0	0	0	0	0	0
GF16_A2_d32	0	0	0	0	0	0	0	0	0	0	0	0	0	0	0	100	0	0	0	0	0	0	0	0	0	0	0	0	0	0	0
GF16_A2_d35_colon	0	0	0	0	0	0	0	0	0	0	43.94071	0	0	0	0	56.05929	0	0	0	0	0	0	0	0	0	0	0	0	0	0	0
GF16_A3_d32	0	0	0	0	0	0	0	0	0	0	10.89183	0.13897	0	0	0	88.9692	0	0	0	0	0	0	0	0	0	0	0	0	0	0	0
GF16_A3_d34	0	0	0	0	0	0	0	0	0	0	15.19859	0	0	0	19.88291	64.9185	0	0	0	0	0	0	0	0	0	0	0	0	0	0	0
GF16_A3_d35_colon	0	0	0	0	0	0	0	0	0	0	0	100	0	0	0	0	0	0	0	0	0	0	0	0	0	0	0	0	0	0	0
GF16_a4_d100_stool	0	0	0	0	0	0	0	0	0	0	33.57036	2.94721	0	0	4.65269	58.82974	0	0	0	0	0	0	0	0	0	0	0	0	0	0	0
GF16_A4_d32	0	0	0	0	0	0	0	0	0	0	41.36695	0	0	0	0	58.63305	0	0	0	0	0	0	0	0	0	0	0	0	0	0	0
GF16_A4_d35_colon	0	0	0	0	0	0	0	0	0	0	0	0	0	0	0	0	0	0	0	0	0	0	0	0	0	0	0	0	0	0	0
GF16_A5_d32	0	0	0	0	0	0	0	0	0	0	0	0	0	0	0	100	0	0	0	0	0	0	0	0	0	0	0	0	0	0	0
GF16_A5_d35_colon	0	0	0	0	0	0	0	0	0	0	0	0	0	0	0	0	0	0	0	0	0	0	0	0	0	0	0	0	0	0	0
GF16_A6_d32	0	0	0	0	0	0	0	0	0	0	20.53897	0	0	0	0	79.46103	0	0	0	0	0	0	0	0	0	0	0	0	0	0	0
GF16_A6_d33	0	0	0	0	0	0	0	0	0	0	12.82756	0.26259	0	0	0	86.90985	0	0	0	0	0	0	0	0	0	0	0	0	0	0	0
GF16_A6_d35_colon	0	0	0	0	0	0	0	0	0	0	0	0	0	0	0	100	0	0	0	0	0	0	0	0	0	0	0	0	0	0	0
GF16_A7_d32	0	0	0	0	0	0	0	0	0	0	26.98626	1.5768	0	0	0	71.43693	0	0	0	0	0	0	0	0	0	0	0	0	0	0	0
GF16_A7_d34	0	0	0	0	0	0	0	0	0	0	3.53153	30.1143	0	0	0	66.35417	0	0	0	0	0	0	0	0	0	0	0	0	0	0	0
GF16_A7_d35_colon	0	0	0	0	0	0	0	0	0	0	0	0	0	0	0	0	0	0	0	0	0	0	0	0	0	0	0	0	0	0	0
GF16_Adam_d21	0	0	0	5.53117	0	0	2.67101	0	0	0.88331	0	0	0	0	64.97339	18.42038	0	0	0.3343	0	0	0	0	0	7.18644	0	0	0	0	0	0
GF16_ADam_do	0	0	0	0	0	0	0	0	0	0	0	0	0	0	0	0	0	0	0	0	0	0	0	0	0	0	0	0	0	0	0
GF16_B1_d32	0	0	0	0	0	0	0	0	0	0	0	0	0	0	0	100	0	0	0	0	0	0	0	0	0	0	0	0	0	0	0
GF16_B1_d34	0	0	0	0	0	0	0	0	0	0	0	0	0	0	0	0	0	0	0	0	0	0	0	0	0	0	0	0	0	0	0
GF16_B1_d35_colon	0	0	0	0	0	0	0	0	0	0	0	0	0	0	0	0	0	0	0	0	0	0	0	0	0	0	0	0	0	0	0
GF16_B2_d32	0	0	0	0	0	0	0	0	0	0	0	0	0	0	0	100	0	0	0	0	0	0	0	0	0	0	0	0	0	0	0
GF16_B2_d34	0	0	0	0	4.09511	0	18.96446	0	0	0	67.71461	6.23082	0	0	0	0	0	0	0	0.14211	2.85289	0	0	0	0	0	0	0	0	0	0
GF16_B3_d35_colon	0	0	0	0	0	0	0	0	0	0	0	0	0	0	0	0	0	0	0	0	0	0	0	0	0	0	0	0	0	0	0
GF16_B4_d35_colon	0	0	0	0	0	0	0	0	0	0	0	0	0	0	0	0	0	0	0	0	0	0	0	0	0	0	0	0	0	0	0
GF16_B5_d32	0	0	0	0	0	0	0	0	0	0	44.39051	0	0	0	0	55.60949	0	0	0	0	0	0	0	0	0	0	0	0	0	0	0
GF16_B5_d33_colon	0	0	0	0	0	0	0	0	0	0	29.27045	0	0	0	0	70.72955	0	0	0	0	0	0	0	0	0	0	0	0	0	0	0
GF16_B5_d33	0	0	0	0	0	0	0	0	0	0	0	0	0	0	0	0	0	0	0	0	0	0	0	0	0	0	0	0	0	0	0
GF16_B6_d32	0	0	0	0	0	0	0	0	0	0	17.16373	0.38575	0	0	0	82.45052	0	0	0	0	0	0	0	0	0	0	0	0	0	0	0
GF16_B6_d35_colon	0	0	0	0	0	0	0	0	0	0	0	0	0	0	0	0	0	0	0	0	0	0	0	0	0	0	0	0	0	0	0
GF16_c1_d105_stool	0	0	0	0	0	0	0	0	0	0	0.4632	0	0	0	0	99.5368	0	0	0	0	0	0	0	0	0	0	0	0	0	0	0
GF16_C1_d34	0	0	0	0	0	0	0	0	0	0	0	0	0	0	99.06012	0	0	0	0	0	0	0	0	0	0.93988	0	0	0	0	0	0
GF16_C1_d35_colon	0	0	0	0	0	0	0	0	0	0	1.27653	98.52817	0	0	0.19531	0	0	0	0	0	0	0	0	0	0	0	0	0	0	0	0
GF16_c1_d67_stool	0	0	0	0	0	0	0	0	0	0	41.7675	0	0	0	0	58.2325	0	0	0	0	0	0	0	0	0	0	0	0	0	0	0
GF16_c1_d69_stool	0	0	0	0	0.90106	0	0	2.70888	0	1.33174	0	0	0	0	0	95.05831	0	0	0	0	0	0	0	0	0	0	0	0	0	0	0
GF16_c10_d105_stool	0	0	0	0	0	0	0	0	0	0	0	0	0	0	0	100	0	0	0	0	0	0	0	0	0	0	0	0	0	0	0
GF16_c10_d106_stool	0	0	0	0	0	0	0	0	0	0	0	0.18504	0	0	0	99.81496	0	0	0	0	0	0	0	0	0	0	0	0	0	0	0
GF16_c2_d105_stool	0	0	0	0	0	0	0	0	0	0	0	0	0	0	0	100	0	0	0	0	0	0	0	0	0	0	0	0	0	0	0
GF16_C2_d32	0	0	0	0	0	0	0	0	0	0	5.8537	0.20767	0	0	0	93.93863	0	0	0	0	0	0	0	0	0	0	0	0	0	0	0
GF16_C2_d35_colon	0	0	0	0	0	0	0	0	0	0	37.33313	62.66687	0	0	0	0	0	0	0	0	0	0	0	0	0	0	0	0	0	0	0
GF16_c2_d67_stool	0	0	0	0.12507	0	0	0	0	0	0	47.60953	0	0	0	0	52.2654	0	0	0	0	0	0	0	0	0	0	0	0	0	0	0
GF16_c2_d68_stool	0	0	0	0	0	0	0	0	0	0	34.37544	0.29895	0	0	0	65.32561	0	0	0	0	0	0	0	0	0	0	0	0	0	0	0
GF16_c2_d69_stool	0	0	0	1.57038	0	0	0	0	0	0	21.96918	0.08157	0	0	0	76.37887	0	0	0	0	0	0	0	0	0	0	0	0	0	0	0
GF16_c3_d105_stool	0	0	0	0.64712	0	0	0	0	0	0	6.11221	0	0	0	0	93.24067	0	0	0	0	0	0	0	0	0	0	0	0	0	0	0
GF16_C3_d32	0	0	0	0	0	0	0	0	0	0	29.13137	0.21826	0	0	0	70.65037	0	0	0	0	0	0	0	0	0	0	0	0	0	0	0
GF16_C3_d33	0	0	0	0	0	0	0	0	0	0	49.97307	0	0	0	0	50.02693	0	0	0	0	0	0	0	0	0	0	0	0	0	0	0
GF16_C3_d35_colon	0	0	0	0	0	0	0	0	0	0	52.32714	47.67286	0	0	0	0	0	0	0	0	0	0	0	0	0	0	0	0	0	0	0
GF16_c3_d67_stool	0	0	0	0	0	0	0	0	0	0	69.34372	0	0	0	0	30.65628	0	0	0	0	0	0	0	0	0	0	0	0	0	0	0
GF16_c4_d105_stool	0	0	0	0	0	0	0	0	0	0	0	0	0	0	0	100	0	0	0	0	0	0	0	0	0	0	0	0	0	0	0
GF16_C4_d33	0	0	0	3.76533	0	0	0	0	0	0	9.9767	0	0	0	1.32803	84.92995	0	0	0	0	0	0	0	0	0	0	0	0	0	0	0
GF16_C4_d34	0	0	0	0	0	0	0	0	0	0	0	0	0	0	80.80165	4.10685	0	0	0	0	0	0	0	0	15.0915	0	0	0	0	0	0
GF16_C4_d35_colon	0	0	0	0	0	0	0	0	0	0	50.22141	49.43773	0	0	0	0.34086	0	0	0	0	0	0	0	0	0	0	0	0	0	0	0
GF16_c4_d67_stool	0	0	0	0	0	0	0	0	0	0	55.5187	0	0	0	0	44.4813	0	0	0	0	0	0	0	0	0	0	0	0	0	0	0
GF16_c4_d69_stool	0	0	0	0	0	0	0	0	0	0	51.64967	0	0	0	0	48.35033	0	0	0	0	0	0	0	0	0	0	0	0	0	0	0
GF16_c5_d105_stool	0	0	0	0	0	0	0	0	0	0	0	0	0	0	0	100	0	0	0	0	0	0	0	0	0	0	0	0	0	0	0
GF16_C5_d32	0	0	0	0	0	0	0	0	0	0	16.58157	0	0	0	0	83.41843	0	0	0	0	0	0	0	0	0	0	0	0	0	0	0
GF16_C5_d35_colon	0	0	0	0	0	0	0	0	0	0	46.8492	53.1508	0	0	0	0	0	0	0	0	0	0	0	0	0	0	0	0	0	0	0
GF16_c5_d67_stool	0	0	0	0	0	0	0	0	0	0	35.72967	0	0	0	0	64.27033	0	0	0	0	0	0	0	0	0	0	0	0	0	0	0
GF16_c5_d68_stool	0	0	0	0	0	0	0	0	0	0	33.2506	0	0	0	0	66.7494	0	0	0	0	0	0	0	0	0	0	0	0	0	0	0
GF16_c6_d105_stool	0	0	0	0	0	0	0	0	0	0	2.88226	0	0	0	0	97.11774	0	0	0	0	0	0	0	0	0	0	0	0	0	0	0
GF16_c7_d105_stool	0	0	0	0	0	0	0	0	0	0	0	0.02306	0	0	0	99.97694	0	0	0	0	0	0	0	0	0	0	0	0	0	0	0
GF16_inoc_200622	0	0	0	12.1128	1.7771	0	0.48976	0	0	0.28876	0	0	0.00562	0	8.54448	76.52548	0	0	0	0	0	0	0	0	0.25601	0	0	0	0	0	0
GF17_a1_d31_stool	0	0	0	0	0	0	0.24287	0	0	0	98.80712	0.6928	0	0	0	0	0	0	0	0	0.25721	0	0	0	0	0	0	0	0	0	0
GF17_a2_d31_stool	0	0	0	0	0	0	2.22322	0	0	0	95.99259	0.99821	0	0	0	0	0	0	0	0	0.78598	0	0	0	0	0	0	0	0	0	0
GF17_a3_d31_stool	0	0	0	0	0	0	0.43113	0	0	0	98.49462	0.3444	0	0	0	0	0	0	0	0	0.72986	0	0	0	0	0	0	0	0	0	0
GF17_a4_d31_stool	0	0	0	0	0	0	0	0	0	0	99.86258	0.13742	0	0	0	0	0	0	0	0	0	0	0	0	0	0	0	0	0	0	0
GF17_a5_d31_stool	0	0	0	0	0	0	0.01863	0	0	0	99.64987	0.29929	0	0	0	0	0	0	0	0	0.03221	0	0	0	0	0	0	0	0	0	0
GF17_a6_d31_stool	0	0	0	0	0	0	0	0	0	0	98.24473	0.05218	0	0	0	0	0	0	0	0	0	0	0	0	0	0	1.70309	0	0	0	0
GF17_a7_d31_stool	0	0	0	0	0	0	0	0	0	0	100	0	0	0	0	0	0	0	0	0	0	0	0	0	0	0	0	0	0	0	0
GF17_b2_d31_stool	0	0	0	0	0	0	0	0	0	0	99.66418	0	0	0	0	0	0	0	0	0	0	0	0	0	0	0	0.33582	0	0	0	0
GF17_b3_d31_stool	0	0	0	0	0	0	0	0	0	0	100	0	0	0	0	0	0	0	0	0	0	0	0	0	0	0	0	0	0	0	0
GF17_b6_d31_stool	0	0	0	0	0	0	0	0	0	0	99.91782	0	0	0	0	0	0	0	0	0	0.08218	0	0	0	0	0	0	0	0	0	0
GF17_inoc_200903	0	0	0	0	0	0	0	0	1.26851	0	66.24378	0	0	0	0	0	0	0	0	0	0	0	0	0	0	0	32.4877	0	0	0	0
GF18_a1_d32_stool	0	0	0	0	0	0	0.55963	0	0	0	83.2849	1.12064	0.05003	0	0	0	14.62759	0	0	0	0.35721	0	0	0	0	0	0	0	0	0	0
GF18_a1_d33_stool	0	0	0	0	0	0	33.06333	0	0	0	44.82786	0.75258	9.23303	0	0	0	8.26237	0	0	0	3.86084	0	0	0	0	0	0	0	0	0	0
GF18_a1_d35_colon	0	0	0	0	0	0	0	0	0	0	0	95.68696	4.31304	0	0	0	0	0	0	0	0	0	0	0	0	0	0	0	0	0	0
GF18_a2_d33_stool	0	0	0	0	0	0	0	0	0	0	99.89463	0.10537	0	0	0	0	0	0	0	0	0	0	0	0	0	0	0	0	0	0	0
GF18_a2_d35_colon	0	0	0	0	0	0	0	90.00249	0	0	0	9.99751	0	0	0	0	0	0	0	0	0	0	0	0	0	0	0	0	0	0	0
GF18_a2_d54_colon	0	0	0	0	0	0	4.9243	0	0	0	69.1438	8.04728	17.03681	0	0	0	0	0	0	0	0.84781	0	0	0	0	0	0	0	0	0	0
GF18_a3_d35_colon	0	0	0	0	0	0	0	0	0	0	62.8252	31.4095	0	0	0	0	5.7653	0	0	0	0	0	0	0	0	0	0	0	0	0	0
GF18_a3_d54_colon	0	0	0	0	0	0	8.26287	0	0	0	74.3342	2.80997	13.99392	0	0	0	0	0	0	0	0.59904	0	0	0	0	0	0	0	0	0	0
GF18_a4_d32_stool	0	0	0	0	0	0	0.83823	0	0	0	98.31302	0.50527	0	0	0	0	0	0	0	0	0.34348	0	0	0	0	0	0	0	0	0	0
GF18_a4_d33_stool	0	0	0	0	0	0	25.54918	0	0	0	49.1073	0.87331	20.73127	0	0	0	0	0	0	0	3.73894	0	0	0	0	0	0	0	0	0	0
GF18_a4_d35_colon	0	0	0	0	0	0	0	0	0	0	0	99.69597	0	0	0	0	0	0	0	0	0.30403	0	0	0	0	0	0	0	0	0	0
GF18_a4_d54_colon	0	0	0	0	0	0	0	0.46864	0	0	98.23824	1.29312	0	0	0	0	0	0	0	0	0	0	0	0	0	0	0	0	0	0	0
GF18_a5_d54_colon	0	0	0	0	0	0	8.64404	0	0	0	82.48128	5.0831	2.95287	0	0	0	0	0	0	0	0.83871	0	0	0	0	0	0	0	0	0	0
GF18_adam_d33_stoolsoln	0.13864	0	0	0	0	0	0.13386	0	0	0	0.05997	82.66301	10.79604	0	0	0	0	0	0	0	6.20848	0	0	0	0	0	0	0	0	0	0
GF18_b1_d35_colon	0	0	0	0	0	0	0	0	0	0	0	0	0	0	0	0	0	0	0	0	0	0	0	0	0	0	0	0	0	0	0
GF18_b3_d32_stool	0	0	0	0	0	0	0.08683	0	0	0	99.85053	0	0	0	0	0	0	0	0	0	0.06263	0	0	0	0	0	0	0	0	0	0
GF18_b3_d33_stool	0	0	0	0	0	0	6.58196	0	0	0	87.83785	0.56661	4.21408	0	0	0	0	0	0	0	0.7995	0	0	0	0	0	0	0	0	0	0
GF18_b3_d35_colon	0	0	0	0	0	0	0	0	0	0	100	0	0	0	0	0	0	0	0	0	0	0	0	0	0	0	0	0	0	0	0
GF18_b4_d32_stool	0	0	0	0	0	0	0.71038	0	0	0	98.19181	0.65696	0	0	0	0	0	0	0	0	0.44084	0	0	0	0	0	0	0	0	0	0
GF18_b4_d35_colon	0	0	0	0	0	0	0	0	0	0	99.66706	0	0.33294	0	0	0	0	0	0	0	0	0	0	0	0	0	0	0	0	0	0
GF18_bdam_d33_stoolsoln	0	0	0	0	0	0	0.26064	0	0	0	90.73912	0.36124	6.81325	0	0	0	0	0	0	0.18861	1.63715	0	0	0	0	0	0	0	0	0	0
GF18_d0_innoculum	0	0	0	0	0	0	2.59811	0	0	0	25.92236	63.63987	2.15677	0	0	0	0.00704	0	0	0	1.00998	0	0	0	0	0	0	0.00866	0	4.65721	0
GF2_A_dam_d33	0	0	0	0	82.89008	0	0	0	0	0	0	10.72864	0	0	0	0	0	0	0	0	6.38128	0	0	0	0	0	0	0	0	0	0
GF2_A_dam_day19	0	0	0	0	24.11772	0	54.82931	0	0	0	3.05848	3.03895	0	0	0	0	0.77949	0	0	0	13.45147	0	0	0	0	0	0	0	0	0.72458	0
GF2_A_dam_day29	0	0	0	0	50.71415	0	0	0	0	0	0	48.66391	0	0	0	0	0	0	0	0	0.62194	0	0	0	0	0	0	0	0	0	0
GF2_A_day1_dad	0	0	0	0	0	0	58.56437	0	0	0	21.39367	18.3531	0	0	0	0	0	0	0	0	1.68887	0	0	0	0	0	0	0	0	0	0
GF2_A_day1_mom	0	0	0	0	0	0	36.589	0	0	0	44.11489	16.52056	0	0	0	0	0.11901	0	0	0	2.65654	0	0	0	0	0	0	0	0	0	0
GF2_A0	0	0	0	0	0	0	0	0	0	0	0	0	0	0	0	0	0	0	0	0	0	0	0	0	0	0	0	0	0	0	0
GF2_A1_d37	0.7294	0	0	0	34.15594	0	39.93323	0	0	0	3.03264	1.54566	0	0	0	0	0.25964	0	0	0.41179	9.04741	0	0	0	0	0	0	0	0	10.88429	0
GF2_A1_d39	0	0	0	0	0.25451	0	65.33608	0	0	0	25.97154	0.99044	0	0	0	0	0	0	0	0	7.44743	0	0	0	0	0	0	0	0	0	0
GF2_A1_day28	0	0	0	0	0	0	0	0	0	0	99.86509	0.13491	0	0	0	0	0	0	0	0	0	0	0	0	0	0	0	0	0	0	0
GF2_A1_day29	0	0	0	0	0.67832	0	0.52433	0	0	0	96.55371	1.32712	0	0	0	0	0	0	0	0	0.91652	0	0	0	0	0	0	0	0	0	0
GF2_A1_day30	0	0	0	0	0	0	0	0	0	0	100	0	0	0	0	0	0	0	0	0	0	0	0	0	0	0	0	0	0	0	0
GF2_A1_day31	0	0	0	0	11.84523	0	48.72586	0	0	0	22.77549	2.2321	0	0	0	0	0	0	0	0	14.42131	0	0	0	0	0	0	0	0	0	0
GF2_A1_day32	0	0	0	0	1.65389	0	0	0	0	0	90.91001	7.43609	0	0	0	0	0	0	0	0	0	0	0	0	0	0	0	0	0	0	0
GF2_A1_day41	0	0	0	0	7.67627	0	53.22474	0	0	0	34.27767	0.44079	0	0	0	0	0.38629	0	0	0	3.99425	0	0	0	0	0	0	0	0	0	0
GF2_A1_day42	0	0	0	0	1.79555	0	23.75289	0	0	0	72.03856	0.86926	0	0	0	0	0	0	0	0	1.54374	0	0	0	0	0	0	0	0	0	0
GF2_A1_day44	0	0	0	0	1.2568	0	0.88617	0	0	0	95.55142	2.3056	0	0	0	0	0	0	0	0	0	0	0	0	0	0	0	0	0	0	0
GF2_A1_Liver	0	0	0	0	0	0	0	0	0	0	0	0	0	0	0	0	0	0	0	0	0	0	0	0	0	0	0	0	0	0	0
GF2_A1_Spleen	0	0	0	0	0	0	0	0	0	0	0	0	0	0	0	0	0	0	0	0	0	0	0	0	0	0	0	0	0	0	0
GF2_A2_Colon	0	0	0	0	16.37148	0	9.13904	0	0	0	71.1094	0.28807	0	0	0	0	0.22767	0	0	0	2.86434	0	0	0	0	0	0	0	0	0	0
GF2_A2_d36	0	0	0	0	1.69692	0	80.11771	0	0	0	11.447	0.74478	0	0	0	0	0	0	0	0	5.99359	0	0	0	0	0	0	0	0	0	0
GF2_A2_D37	0	0	0	0	2.30283	0	58.53217	0	0	0	10.27526	16.186	0	0	0	0	0	0	0	0	12.70375	0	0	0	0	0	0	0	0	0	0
GF2_A2_d39	0	0	0	0	0.1319	0	77.31543	0	0	0	13.30992	1.75912	0	0	0	0	0	0	0	0	7.48363	0	0	0	0	0	0	0	0	0	0
GF2_A2_day28	0	0	0	0	0	0	0	0	0	0	100	0	0	0	0	0	0	0	0	0	0	0	0	0	0	0	0	0	0	0	0
GF2_A2_day29	0	0	0	0	0.16344	0	0	0	0	0	99.47382	0.29676	0	0	0	0	0	0	0	0	0.06597	0	0	0	0	0	0	0	0	0	0
GF2_A2_day30	0	0	0	0	43.81059	0	35.89123	0	0	0	10.46707	2.36287	0	0	0	0	0	0	0	0	7.46824	0	0	0	0	0	0	0	0	0	0
GF2_A2_day31	0	0	0	0	0.34451	0	0	0	0	0	97.34645	2.30904	0	0	0	0	0	0	0	0	0	0	0	0	0	0	0	0	0	0	0
GF2_A2_day32	0	0	0	0	46.64562	0	36.40847	0	0	0	6.62315	3.0656	0	0	0	0	0	0	0	0	7.25716	0	0	0	0	0	0	0	0	0	0
GF2_A2_day34	7.63442	0	0	0	23.88586	0	35.68441	0	0	0	4.89677	3.51452	0	0	0	0	0	0	0	7.07304	11.38212	0	0	0	0	0	0	0	0	5.92886	0
GF2_A2_day41	0	0	0	0	1.50241	0	61.53767	0	0	0	28.5119	0.19186	0	0	0	0	0.24567	0	0	0	8.0105	0	0	0	0	0	0	0	0	0	0
GF2_A2_day42	0	0	0	0	3.20625	0	23.08733	0	0	0	69.3998	1.716	0	0	0	0	0.043	0	0	0	2.54763	0	0	0	0	0	0	0	0	0	0
GF2_A2_day44	0	0	0	0	21.93835	0	22.83584	0	0	0	50.10838	4.1636	0	0	0	0	0	0	0	0	0.95383	0	0	0	0	0	0	0	0	0	0
GF2_A2_Liver	0	0	0	0	0	0	0	0	0	0	0	0	0	0	0	0	0	0	0	0	0	0	0	0	0	0	0	0	0	0	0
GF2_A2_Spleen	0	0	0	0	0	0	0	0	0	0	0	0	0	0	0	0	0	0	0	0	0	0	0	0	0	0	0	0	0	0	0
GF2_A25_N713	3.34193	0	0	0	0	0	54.78429	0	0	0	4.38632	2.03167	17.82531	0	0	0	0.75965	0	0	2.82751	9.14932	0	0	0	0	0	0	0	0	4.894	0
GF2_A3_Colon	0.11746	0	0	0	31.15661	0	19.2648	0	0	0	42.7972	1.01388	0	0	0	0	0.4167	0	0	0	5.23335	0	0	0	0	0	0	0	0	0	0
GF2_A3_d37	0	0	0	0	14.38746	0	65.02934	0	0	0	7.81972	0.46853	0	0	0	0	0	0	0	0	12.29495	0	0	0	0	0	0	0	0	0	0
GF2_A3_d39	0	0	0	0	29.92258	0	46.2791	0	0	0	14.11051	0.04571	0	0	0	0	0	0	0	0	9.6421	0	0	0	0	0	0	0	0	0	0
GF2_A3_day28	0	0	0	0	0	0	0	0	0	0	100	0	0	0	0	0	0	0	0	0	0	0	0	0	0	0	0	0	0	0	0
GF2_A3_day30	0	0	0	0	41.36087	0	37.39638	0	0	0	13.95962	4.92485	0	0	0	0	0	0	0	0	2.35828	0	0	0	0	0	0	0	0	0	0
GF2_A3_day32	0	0	0	0	64.03964	0	23.85024	0	0	0	8.12027	2.00644	0	0	0	0	0	0	0	0	1.9834	0	0	0	0	0	0	0	0	0	0
GF2_A3_day41	0	0	0	0	48.09963	0	30.7747	0	0	0	12.62353	0.49644	0	0	0	0	0.16879	0	0	0.37319	3.02532	0	0	0	0	0	0	0	0	4.43839	0
GF2_A3_day42	0	0	0	0	0.90822	0	2.78048	0	0	0	93.71266	1.35849	0	0	0	0	0	0	0	0	1.24015	0	0	0	0	0	0	0	0	0	0
GF2_A3_Liver	0	0	0	0	0	0	0	0	0	0	0	0	0	0	0	0	0	0	0	0	0	0	0	0	0	0	0	0	0	0	0
GF2_A3_Spleen	0	0	0	0	0	0	0	0	0	0	0	0	0	0	0	0	0	0	0	0	0	0	0	0	0	0	0	0	0	0	0
GF2_A4_Colon	0	0	0	0	2.84825	0	11.51028	0	0	0	84.86975	0	0	0	0	0	0	0	0	0	0.77172	0	0	0	0	0	0	0	0	0	0
GF2_A4_d36	0	0	0	0	55.64148	0	35.98186	0	0	0	4.21137	2.00022	0	0	0	0	0	0	0	0	2.16507	0	0	0	0	0	0	0	0	0	0
GF2_A4_d37	0	0	0	0	0.48198	0	69.78344	0	0	0	17.38089	2.44314	0	0	0	0	0	0	0	0	9.91055	0	0	0	0	0	0	0	0	0	0
GF2_A4_D39	0	0	0	0	0.4855	0	67.10627	0	0	0	23.39365	0.54994	0	0	0	0	0	0	0	0	8.46464	0	0	0	0	0	0	0	0	0	0
GF2_A4_day28	0	0	0	0	0	0	0	0	0	0	99.82786	0.17214	0	0	0	0	0	0	0	0	0	0	0	0	0	0	0	0	0	0	0
GF2_A4_day29	0	0	0	0	0.59705	0	0.24349	0	0	0	96.7624	1.08253	0	0	0	0	0	0	0	0	1.31454	0	0	0	0	0	0	0	0	0	0
GF2_A4_day30	0	0	0	0	52.73717	0	31.74681	0	0	0	10.44636	2.07135	0	0	0	0	0	0	0	0	2.99832	0	0	0	0	0	0	0	0	0	0
GF2_A4_day31	0	0	0	0	0	0	0	0	0	0	98.21168	1.78832	0	0	0	0	0	0	0	0	0	0	0	0	0	0	0	0	0	0	0
GF2_A4_day32	0	0	0	0	49.99856	0	33.70459	0	0	0	9.025	2.39137	0	0	0	0	0	0	0	0	4.88048	0	0	0	0	0	0	0	0	0	0
GF2_A4_day41	0	0	0	0	48.43964	0	37.34139	0	0	0	3.67335	0.44257	0	0	0	0	0.21559	0	0	0	6.48886	0	0	0	0	0	0	0	0	3.39859	0
GF2_A4_day42	0	0	0	0	11.27871	0	10.70103	0	0	0	75.24878	0.81482	0	0	0	0	0	0	0	0	1.95667	0	0	0	0	0	0	0	0	0	0
GF2_A4_day44	0	0	0	0	3.29974	0	0	0	0	0	86.81371	9.3906	0	0	0	0	0	0	0	0	0.49595	0	0	0	0	0	0	0	0	0	0
GF2_A4_Liver	0	0	0	0	0	0	0	0	0	0	0	0	0	0	0	0	0	0	0	0	0	0	0	0	0	0	0	0	0	0	0
GF2_A4_Spleen	0	0	0	0	0	0	0	0	0	0	0	0	0	0	0	0	0	0	0	0	0	0	0	0	0	0	0	0	0	0	0
GF2_A5_Colon	0.03235	0	0	0	5.66059	0	2.9905	0	0	0	90.43702	0.0555	0	0	0	0	0	0	0	0	0.82404	0	0	0	0	0	0	0	0	0	0
GF2_A5_d39	0	0	0	0	39.16276	0	39.929	0	0	0	13.18324	0.40158	0	0	0	0	0	0	0	0	7.32342	0	0	0	0	0	0	0	0	0	0
GF2_A5_day28	0	0	0	0	0	0	0	0	0	0	100	0	0	0	0	0	0	0	0	0	0	0	0	0	0	0	0	0	0	0	0
GF2_A5_day31	0	0	0	0	0.79856	0	0	0	0	0	79.78871	19.12273	0	0	0	0	0	0	0	0	0.29	0	0	0	0	0	0	0	0	0	0
GF2_A5_day32	0	0	0	0	0.59193	0	0	0	0	0	89.62785	9.78022	0	0	0	0	0	0	0	0	0	0	0	0	0	0	0	0	0	0	0
GF2_A5_day42	0	0	0	0	24.67441	0	22.40867	0	0	0	46.63328	1.10749	0	0	0	0	0.1133	0	0	0	5.06285	0	0	0	0	0	0	0	0	0	0
GF2_A5_Liver	0	0	0	0	0	0	0	0	0	0	0	0	0	0	0	0	0	0	0	0	0	0	0	0	0	0	0	0	0	0	0
GF2_A5_Spleen	0	0	0	0	0	0	0	0	0	0	0	0	0	0	0	0	0	0	0	0	0	0	0	0	0	0	0	0	0	0	0
GF2_A6_Colon	0	0	0	0	0	0	22.5806	0	0	0	77.4194	0	0	0	0	0	0	0	0	0	0	0	0	0	0	0	0	0	0	0	0
GF2_A6_d33	5.90249	0	0	0	30.79086	0	33.58999	0	0	0	4.35326	2.25316	0	0	0	0	0	0	0	4.72025	8.56904	0	0	0	0	0	0	0	0	9.82095	0
GF2_A6_d36	0	0	0	0	44.50396	0	45.35332	0	0	0	2.98475	2.47987	0	0	0	0	0	0	0	0	4.6781	0	0	0	0	0	0	0	0	0	0
GF2_A6_d37	0	0	0	0	4.17614	0	64.47918	0	0	0	8.11857	1.92221	0	0	0	0	0	0	0	0	21.30391	0	0	0	0	0	0	0	0	0	0
GF2_A6_D39	0	0	0	0	0.27811	0	75.1645	0	0	0	16.89137	1.21138	0	0	0	0	0	0	0	0	6.45464	0	0	0	0	0	0	0	0	0	0
GF2_A6_day28	0	0	0	0	0	0	0	0	0	0	99.24154	0.7404	0	0	0	0	0	0	0	0	0.01806	0	0	0	0	0	0	0	0	0	0
GF2_A6_day29	0	0	0	0	1.29099	0	0	0	0	0	96.5628	1.76165	0	0	0	0	0	0	0	0	0.38456	0	0	0	0	0	0	0	0	0	0
GF2_A6_day30	0.03211	0	0	0	51.4989	0	30.98675	0	0	0	12.50334	1.25683	0	0	0	0	0	0	0	0	3.72206	0	0	0	0	0	0	0	0	0	0
GF2_A6_day31	0	0	0	0	17.27904	0	0	0	0	0	39.93139	42.23421	0	0	0	0	0	0	0	0	0.55536	0	0	0	0	0	0	0	0	0	0
GF2_A6_day32	0	0	0	0	0	0	0	0	0	0	89.50372	10.33301	0	0	0	0	0	0	0	0	0.16327	0	0	0	0	0	0	0	0	0	0
GF2_A6_day44	0	0	0	0	12.89691	0	63.72009	0	0	0	14.22992	1.28484	0	0	0	0	0	0	0	0.51358	7.35466	0	0	0	0	0	0	0	0	0	0
GF2_A6_Liver	0	0	0	0	0	0	0	0	0	0	0	0	0	0	0	0	0	0	0	0	0	0	0	0	0	0	0	0	0	0	0
GF2_A6_Spleen	0	0	0	0	0	0	0	0	0	0	0	0	0	0	0	0	0	0	0	0	0	0	0	0	0	0	0	0	0	0	0
GF2_B_dam_d33	0	0	0	0	49.40654	0	38.57818	0	0	0	2.56482	1.49502	0	0	0	0	0	0	0	0.02255	4.02463	0	0	0	0	0	0	0	0	3.90827	0
GF2_B_dam_day19	0.6714	0	0	0	43.32219	0	34.15325	0	0	0	1.08947	1.16269	0	0	0	0	0	0	0	0.04466	5.72589	0	0	0	0	0	0	0	0	13.83046	0
GF2_B_dam_day37	0.62629	0	0	0	37.50699	0	40.67441	0	0	0	0.85161	0.33365	0	0	0	0	0.00819	0	0	0.16464	8.52294	0	0	0	0	0	0	0	0	11.31129	0
GF2_B_day1_dad	0	0	0	0	0	0	63.47724	0	0	0	15.66318	20.85959	0	0	0	0	0	0	0	0	0	0	0	0	0	0	0	0	0	0	0
GF2_B_day1_mom	0	0	0	0	0	0	42.82495	0	0	0	31.8902	21.16103	0	0	0	0	0	0	0	0	4.12382	0	0	0	0	0	0	0	0	0	0
GF2_B_Sire_day23	5.3332	0	0	0	36.31841	0	37.30805	0	0	0	1.50686	0.66007	0	0	0	0	0	0	0	1.98912	6.24039	0	0	0	0	0	0	0	0	10.6439	0
GF2_B0	0	0	0	0	0	0	0	0	0	0	0	0	0	0	0	0	0	0	0	0	0	0	0	0	0	0	0	0	0	0	0
GF2_B1_d34	0	0	0	0	52.42429	0	36.79931	0	0	0	4.41035	3.08676	0	0	0	0	0	0	0	0	3.27929	0	0	0	0	0	0	0	0	0	0
GF2_B1_d35	0	0	0	0	9.99139	0	80.23478	0	0	0	3.21229	0	0	0	0	0	0	0	0	0	6.56153	0	0	0	0	0	0	0	0	0	0
GF2_B1_day29	0	0	0	0	33.43889	0	39.72613	0	0	0	23.28325	2.25889	0	0	0	0	0	0	0	0	1.29284	0	0	0	0	0	0	0	0	0	0
GF2_B1_day32	0	0	0	0	41.43498	0	47.25783	0	0	0	5.63919	1.60186	0	0	0	0	0	0	0	0	4.06614	0	0	0	0	0	0	0	0	0	0
GF2_B1_day37	0	0	0	0	50.66664	0	43.84989	0	0	0	1.87587	0.15483	0	0	0	0	0	0	0	0	3.45276	0	0	0	0	0	0	0	0	0	0
GF2_B1_day41	0	0	0	0	48.14428	0	33.02569	0	0	0	8.71779	0.44697	0	0	0	0	0.21158	0	0	0	3.97164	0	0	0	0	0	0	0	0	5.48205	0
GF2_B1_day44	0.0894	0	0	0	22.37926	0	51.41997	0	0	0	17.11965	1.04691	0	0	0	0	0	0	0	0.82003	4.5985	0	0	0	0	0	0	0	0	2.52627	0
GF2_B1_Liver	0	0	0	0	0	0	0	0	0	0	0	0	0	0	0	0	0	0	0	0	0	0	0	0	0	0	0	0	0	0	0
GF2_B1_Spleen	0	0	0	0	0	0	0	0	0	0	0	0	0	0	0	0	0	0	0	0	0	0	0	0	0	0	0	0	0	0	0
GF2_B2_d35	0	0	0	0	37.26765	0	52.50968	0	0	0	4.2889	1.36325	0	0	0	0	0	0	0	0	4.57052	0	0	0	0	0	0	0	0	0	0
GF2_B2_day27	0	0	0	0	1.27159	0	1.35428	0	0	0	95.07544	0.8063	0	0	0	0	0	0	0	0	1.49239	0	0	0	0	0	0	0	0	0	0
GF2_B2_day28	0	0	0	0	1.18433	0	1.59747	0	0	0	94.14163	1.47821	0	0	0	0	0	0	0	0	1.59836	0	0	0	0	0	0	0	0	0	0
GF2_B2_day29	0	0	0	0	2.22375	0	28.45459	0	0	0	65.81719	0.7165	0	0	0	0	0	0	0	0.78917	1.99882	0	0	0	0	0	0	0	0	0	0
GF2_B2_day30	0	0	0	0	2.26456	0	67.68945	0	0	0	20.02459	1.68339	0	0	0	0	0	0	0	0.10151	8.2365	0	0	0	0	0	0	0	0	0	0
GF2_B2_day31	0	0	0	0	0.56887	0	89.86585	0	0	0	2.75525	0.53143	0	0	0	0	0	0	0	0	6.2786	0	0	0	0	0	0	0	0	0	0
GF2_B2_day37	0	0	0	0	48.0216	0	45.13883	0	0	0	2.97337	0.13582	0	0	0	0	0.04535	0	0	0	3.68503	0	0	0	0	0	0	0	0	0	0
GF2_B2_day41	0	0	0	0	20.51453	0	14.63276	0	0	0	53.05626	8.31744	0	0	0	0	0	0	0	0	1.4606	0	0	0	0	0	0	0	0	2.01842	0
GF2_B2_day44	0	0	0	0	39.32985	0	30.14879	0	0	0	15.41225	0.77927	0	0	0	0	0.04995	0	0	0.07928	4.97573	0	0	0	0	0	0	0	0	9.22487	0
GF2_B2_Liver	0	0	0	0	0	0	0	0	0	0	0	0	0	0	0	0	0	0	0	0	0	0	0	0	0	0	0	0	0	0	0
GF2_B2_Spleen	0	0	0	0	0	0	0	0	0	0	0	0	0	0	0	0	0	0	0	0	0	0	0	0	0	0	0	0	0	0	0
GF2_B3_COLON	0	0	0	0	0	0	0	0	0	0	0	0	0	0	0	0	0	0	0	0	0	0	0	0	0	0	0	0	0	0	0
GF2_B3_d35	0	0	0	0	0.5903	0	81.70713	0	0	0	9.03369	0.18768	0	0	0	0	0	0	0	0	8.48121	0	0	0	0	0	0	0	0	0	0
GF2_B3_day27	0	0	0	0	1.19857	0	1.39301	0	0	0	94.91409	1.09889	0	0	0	0	0	0	0	0	1.39544	0	0	0	0	0	0	0	0	0	0
GF2_B3_day28	0	0	0	0	1.11578	0	12.19301	0	0	0	83.38033	0.98406	0	0	0	0	0	0	0	0	2.32681	0	0	0	0	0	0	0	0	0	0
GF2_B3_day31	0	0	0	0	0.90685	0	85.76232	0	0	0	6.34928	0.45948	0	0	0	0	0	0	0	0	6.52207	0	0	0	0	0	0	0	0	0	0
GF2_B3_day37	0	0	0	0	46.57987	0	46.97822	0	0	0	1.99749	0	0	0	0	0	0	0	0	0	4.44442	0	0	0	0	0	0	0	0	0	0
GF2_B3_day41	0	0	0	0	54.65444	0	32.22086	0	0	0	6.04798	0.21272	0	0	0	0	0.07128	0	0	0	3.08488	0	0	0	0	0	0	0	0	3.70784	0
GF2_B3_day44	0	0	0	0	1.55405	0	59.91096	0	0	0	32.90212	0.41444	0	0	0	0	0	0	0	0	5.19355	0	0	0	0	0	0	0	0	0.02488	0
GF2_B3_Liver	0	0	0	0	0	0	0	0	0	0	0	0	0	0	0	0	0	0	0	0	0	0	0	0	0	0	0	0	0	0	0
GF2_B3_Spleen	0	0	0	0	0	0	0	0	0	0	0	0	0	0	0	0	0	0	0	0	0	0	0	0	0	0	0	0	0	0	0
GF2_B4_d35	0	0	0	0	0	0	84.91831	0	0	0	7.11777	0.19373	0	0	0	0	0	0	0	0	7.77019	0	0	0	0	0	0	0	0	0	0
GF2_B4_day27	0	0	0	0	1.42458	0	0	0	0	0	95.59544	2.394	0	0	0	0	0	0	0	0	0.58599	0	0	0	0	0	0	0	0	0	0
GF2_B4_day28	0	0	0	0	48.09335	0	34.08231	0	0	0	7.32709	2.10006	0	0	0	0	0	0	0	0	8.39718	0	0	0	0	0	0	0	0	0	0
GF2_B4_day29	0	0	0	0	2.83389	0	27.22649	0	0	0	63.98716	2.23211	0	0	0	0	0	0	0	0.77983	2.94052	0	0	0	0	0	0	0	0	0	0
GF2_B4_day32	3.12455	0	0	0	23.35075	0	49.50512	0	0	0	2.80859	1.14498	0	0	0	0	0	0	0	3.18858	11.21449	0	0	0	0	0	0	0	0	5.66293	0
GF2_B4_day37	0	0	0	0	38.95564	0	56.24994	0	0	0	0.75097	0	0	0	0	0	0	0	0	0	4.04345	0	0	0	0	0	0	0	0	0	0
GF2_B4_day41	0	0	0	0	0	0	0	0	0	0	99.97767	0	0	0	0	0	0	0	0	0	0	0	0	0	0	0	0	0	0	0.02233	0
GF2_B5_d34	0	0	0	0	49.23939	0	42.73987	0	0	0	2.39165	2.44625	0	0	0	0	0	0	0	0	3.18284	0	0	0	0	0	0	0	0	0	0
GF2_B5_d35	0	0	0	0	36.78445	0	53.63303	0	0	0	3.17103	0	0	0	0	0	0	0	0	0	6.41149	0	0	0	0	0	0	0	0	0	0
GF2_B5_day27	0	0	0	0	43.15546	0	38.04025	0	0	0	8.58092	2.01816	0	0	0	0	0	0	0	0	8.20522	0	0	0	0	0	0	0	0	0	0
GF2_B5_day28	0	0	0	0	1.59401	0	4.79895	0	0	0	78.48187	13.04748	0	0	0	0	0	0	0	0	1.86214	0	0	0	0	0	0	0	0	0.21554	0
GF2_B5_day29	0.70512	0	0	0	5.97623	0	27.26937	0	0	0	49.67742	8.29176	0	0	0	0	0	0	0	6.01853	2.06158	0	0	0	0	0	0	0	0	0	0
GF2_B5_day30	0	0	0	0	0.55838	0	77.10974	0	0	0	12.22318	1.38155	0	0	0	0	0	0	0	0.04413	8.68302	0	0	0	0	0	0	0	0	0	0
GF2_B5_day31	0	0	0	0	0.22288	0	85.66735	0	0	0	5.82891	0.11143	0	0	0	0	0	0	0	0.11846	8.05097	0	0	0	0	0	0	0	0	0	0
GF2_B5_day37	0	0	0	0	55.30461	0	34.95623	0	0	0	3.25588	0.23473	0	0	0	0	0.19251	0	0	0	4.8887	0	0	0	0	0	0	0	0	1.16735	0
GF2_B5_day41	0	0	0	0	22.38218	0	16.03326	0	0	0	50.24326	6.4659	0	0	0	0	0	0	0	0	3.15279	0	0	0	0	0	0	0	0	1.7226	0
GF2_B5_day44	0.0577	0	0	0	54.41403	0	30.3711	0	0	0	3.79685	0.74497	0	0	0	0	0.1037	0	0	1.31851	2.52184	0	0	0	0	0	0	0	0	6.6713	0
GF2_B5_Spleen	0	0	0	0	0	0	0	0	0	0	0	0	0	0	0	0	0	0	0	0	0	0	0	0	0	0	0	0	0	0	0
GF2_colon_A1_day45	0	0	0	0	5.00538	0	7.87045	0	0	0	86.75222	0	0	0	0	0	0	0	0	0	0.37195	0	0	0	0	0	0	0	0	0	0
GF2_colon_B1_day44	0	0	0	0	7.3654	0	74.9903	0	0	0	11.31415	0	0	0	0	0	0	0	0	0	6.33014	0	0	0	0	0	0	0	0	0	0
GF2_colon_B2_day44	0	0	0	0	8.5868	0	73.22056	0	0	0	12.49695	0.17645	0	0	0	0	0.05493	0	0	0.00858	5.33443	0	0	0	0	0	0	0	0	0.12128	0
GF2_colon_B3_day44	1.04153	0	0	0	33.52442	0	16.2114	0	0	0	43.27673	0	0	0	0	0	0	0	0	0.77458	2.60757	0	0	0	0	0	0	0	0	2.56377	0
GF2_colon_B5_day44	0	0	0	0	9.78818	0	69.53207	0	0	0	12.3522	1.04444	0	0	0	0	0	0	0	0.06016	6.53158	0	0	0	0	0	0	0	0	0.69137	0
GF2_Inoc	15.11897	0	0	0	8.84848	0	4.41914	0	0	0	6.98871	26.43814	0	0	0	0	0	0	0	36.41543	0	0	0	0	0	0	0.49707	0.35463	0	0.91944	0
GF20_d0_inoc	13.78277	0	0	0	6.37724	0	0	0	0	0	1.225	44.92024	0	0	0	0	0	0	0	33.69475	0	0	0	0	0	0	0	0	0	0	0
GF20_d123_b10	0	0	0	0	0	0	0	0	0	0	0	0	0	0	0	0	0	0	0	0	0	0	0	0	0	0	0	0	0	0	0
GF20_d127_a1	0	0	0	0	0	0	0	0	0	0	100	0	0	0	0	0	0	0	0	0	0	0	0	0	0	0	0	0	0	0	0
GF20_d127_a2	0	0	0	0	0	0	0	0	0	0	100	0	0	0	0	0	0	0	0	0	0	0	0	0	0	0	0	0	0	0	0
GF20_d127_a3	0	0	0	0	0	0	0	0	0	0	100	0	0	0	0	0	0	0	0	0	0	0	0	0	0	0	0	0	0	0	0
GF20_d127_a4	0	0	0	0	0	0	0	0	0	0	0	0	0	0	0	0	0	0	0	0	0	0	0	0	0	0	0	0	0	0	0
GF20_d127_a5	0	0	0	0	0	0	0	0	0	0	100	0	0	0	0	0	0	0	0	0	0	0	0	0	0	0	0	0	0	0	0
GF20_d127_a6	0	0	0	0	0	0	0	0	0	0	100	0	0	0	0	0	0	0	0	0	0	0	0	0	0	0	0	0	0	0	0
GF20_d127_a7	0	0	0	0	0	0	0	0	0	0	100	0	0	0	0	0	0	0	0	0	0	0	0	0	0	0	0	0	0	0	0
GF20_d127_a8	0	0	0	0	0	0	0	0	0	0	0	0	0	0	0	0	0	0	0	0	0	0	0	0	0	0	0	0	0	0	0
GF20_d127_a9	0	0	0	0	0	0	0	0	0	0	100	0	0	0	0	0	0	0	0	0	0	0	0	0	0	0	0	0	0	0	0
GF20_d127_b1	0	0	0	0	0	0	0	0	0	0	0	0	0	0	0	0	0	0	0	0	0	0	0	0	0	0	0	0	0	0	0
GF20_d127_b2	0	0	0	0	0	0	0	0	0	0	0	0	0	0	0	0	0	0	0	0	0	0	0	0	0	0	0	0	0	0	0
GF20_d127_b5	0	0	0	0	0	0	0	0	0	0	0	0	0	0	0	0	0	0	0	0	0	0	0	0	0	0	0	0	0	0	0
GF20_d127_b6	0	0	0	0	0	0	0	0	0	0	0	0	0	0	0	0	0	0	0	0	0	0	0	0	0	0	0	0	0	0	0
GF20_d127_b8	0	0	0	0	0	0	0	0	0	0	0	0	0	0	0	0	0	0	0	0	0	0	0	0	0	0	0	0	0	0	0
GF20_d140_c1	0	0	0	0	0	0	0	0	0	0	0	0	0	0	0	0	0	0	0	0	0	0	0	0	0	0	0	0	0	0	0
GF20_d140_c3	0	0	0	0	0	0	0	0	0	0	0	0	0	0	0	0	0	0	0	0	0	0	0	0	0	0	0	0	0	0	0
GF20_d140_c5	0	0	0	0	0	0	0	0	0	0	0	0	0	0	0	0	0	0	0	0	0	0	0	0	0	0	0	0	0	0	0
GF20_d140_c6	0	0	0	0	0	0	0	0	0	0	0	0	0	0	0	0	0	0	0	0	0	0	0	0	0	0	0	0	0	0	0
GF20_d140_c7	0	0	0	0	0	0	0	0	0	0	0	0	0	0	0	0	0	0	0	0	0	0	0	0	0	0	0	0	0	0	0
GF20_d140_c8	0	0	0	0	0	0	0	0	0	0	100	0	0	0	0	0	0	0	0	0	0	0	0	0	0	0	0	0	0	0	0
GF20_d140_c9	0	0	0	0	0	0	0	0	0	0	0	0	0	0	0	0	0	0	0	0	0	0	0	0	0	0	0	0	0	0	0
GF20_d161_b2	0	0	0	0	0.03116	0	0	0	0	0	99.8377	0.13114	0	0	0	0	0	0	0	0	0	0	0	0	0	0	0	0	0	0	0
GF20_d161_b4	0	0	0	0	1.12052	0	0	0	0	0	97.78972	0.85692	0	0	0	0	0	0	0	0	0.23284	0	0	0	0	0	0	0	0	0	0
GF20_d161_b6	0	0	0	0	0	0	0	0	0	0	100	0	0	0	0	0	0	0	0	0	0	0	0	0	0	0	0	0	0	0	0
GF20_d161_b8	0	0	0	0	0.06769	0	0	0	0	0	99.56232	0.36998	0	0	0	0	0	0	0	0	0	0	0	0	0	0	0	0	0	0	0
GF20_d164_b1	0	0	0	0	0	0	0	0	0	0	98.34526	1.65474	0	0	0	0	0	0	0	0	0	0	0	0	0	0	0	0	0	0	0
GF20_d164_b2	0	0	0	0	0	0	0	0	0	0	100	0	0	0	0	0	0	0	0	0	0	0	0	0	0	0	0	0	0	0	0
GF20_d164_b3	0	0	0	0	0	0	0	0	0	0	96.89233	0	0	0	0	0	3.10767	0	0	0	0	0	0	0	0	0	0	0	0	0	0
GF20_d164_b4	0	0	0	0	0	0	0	0	0	0	100	0	0	0	0	0	0	0	0	0	0	0	0	0	0	0	0	0	0	0	0
GF20_d164_b5	0	0	0	0	0	0	0	0	0	0	93.86056	0	0	0	0	0	6.13944	0	0	0	0	0	0	0	0	0	0	0	0	0	0
GF20_d164_b6	0	0	0	0	0	0	0	0	0	0	98.94535	0	0	0	0	0	1.05465	0	0	0	0	0	0	0	0	0	0	0	0	0	0
GF20_d164_b7	0	0	0	0	0	0	0	0	0	0	100	0	0	0	0	0	0	0	0	0	0	0	0	0	0	0	0	0	0	0	0
GF20_d164_b8	0	0	0	0	0	0	0	0	0	0	96.55029	0	0	0	0	0	3.44971	0	0	0	0	0	0	0	0	0	0	0	0	0	0
GF20_d164_b9	0	0	0	0	0	0	0	0	0	0	100	0	0	0	0	0	0	0	0	0	0	0	0	0	0	0	0	0	0	0	0
GF20_d167_damb	0	0	0	0	0	0	0	0	0	0	94.34459	1.15517	0	0	0	0	4.50025	0	0	0	0	0	0	0	0	0	0	0	0	0	0
GF20_d170_c1	0	0	0	0	0	0	0	0	0	0	100	0	0	0	0	0	0	0	0	0	0	0	0	0	0	0	0	0	0	0	0
GF20_d170_c2	0	0	0	0	0	0	0	0	0	0	100	0	0	0	0	0	0	0	0	0	0	0	0	0	0	0	0	0	0	0	0
GF20_d170_c5	0	0	0	0	0	0	0	0	0	0	94.66699	0	0	0	0	0	5.33301	0	0	0	0	0	0	0	0	0	0	0	0	0	0
GF20_d170_c6	0	0	0	0	0	0	0	0	0	0	78.38767	0	0	0	0	0	21.61233	0	0	0	0	0	0	0	0	0	0	0	0	0	0
GF20_d170_c7	0	0	0	0	0	0	0	0	0	0	99.2034	0	0	0	0	0	0.7966	0	0	0	0	0	0	0	0	0	0	0	0	0	0
GF20_d170_c8	0	0	0	0	0	0	0	0	0	0	100	0	0	0	0	0	0	0	0	0	0	0	0	0	0	0	0	0	0	0	0
GF20_d170_c9	0	0	0	0	0	0	0	0	0	0	100	0	0	0	0	0	0	0	0	0	0	0	0	0	0	0	0	0	0	0	0
GF20_d33_a3	0	0	0	0	1.27753	0	0.01854	0	0	0	2.21241	90.46654	0	0	0	0	5.26841	0	0	0	0.75657	0	0	0	0	0	0	0	0	0	0
GF20_d33_a4	0	0	0	0	1.38273	0	0.17187	0	0	0	87.81186	2.29877	0	0	0	0	7.65896	0	0	0	0.67582	0	0	0	0	0	0	0	0	0	0
GF20_d33_a5	0	0	0	0	1.64774	0	0.07427	0	0	0	95.34382	1.5821	0	0	0	0	0.59991	0	0	0	0.75216	0	0	0	0	0	0	0	0	0	0
GF20_d33_b2	0	0	0	0	0.106	0	0	0	0	0	86.41904	13.47497	0	0	0	0	0	0	0	0	0	0	0	0	0	0	0	0	0	0	0
GF20_d33_b3	0	0	0	0	0	0	0	0	0	0	99.47134	0.52866	0	0	0	0	0	0	0	0	0	0	0	0	0	0	0	0	0	0	0
GF20_d33_b4	0	0	0	0	0.51042	0	0	0	0	0	91.70478	7.76074	0	0	0	0	0	0	0	0	0.02406	0	0	0	0	0	0	0	0	0	0
GF20_d34_a2	0	0	0	0	0	0	0	0	0	0	75.14568	0	0	0	0	0	24.85432	0	0	0	0	0	0	0	0	0	0	0	0	0	0
GF20_d34_a4	0	0	0	0	1.12183	0	0.47323	0	0	0	66.45254	1.79183	0	0	0	0	29.56301	0	0	0	0.59757	0	0	0	0	0	0	0	0	0	0
GF20_d34_b3	0	0	0	0	0.94969	0	0	0	0	0	97.92976	0.99942	0	0	0	0	0	0	0	0	0.12113	0	0	0	0	0	0	0	0	0	0
GF20_d35_a2	0	0	0	0	0.2797	0	0	0	0	0	99.5915	0	0	0	0	0	0.1288	0	0	0	0	0	0	0	0	0	0	0	0	0	0
GF20_d35_a3	0	0	0	0	0	0	0	0	0	0	15.14535	0	0	0	0	0	84.85465	0	0	0	0	0	0	0	0	0	0	0	0	0	0
GF20_d35_b5	0	0	0	0	0	0	0	0	0	0	0	0	0	0	0	0	0	0	0	0	0	0	0	0	0	0	0	0	0	0	0
GF20_d36_a1	0	0	0	0	0	0	0	0	0	0	2.47504	0	0	0	0	0	97.52496	0	0	0	0	0	0	0	0	0	0	0	0	0	0
GF20_d36_a2	0	0	0	0	0	0	0	0	0	0	53.45947	0	0	0	0	0	46.54053	0	0	0	0	0	0	0	0	0	0	0	0	0	0
GF20_d36_a3	0	0	0	0	0	0	0	0	0	0	7.721	0	0	0	0	0	92.279	0	0	0	0	0	0	0	0	0	0	0	0	0	0
GF20_d36_a4	0	0	0	0	0	0	0	0	0	0	8.57683	0	0	0	0	0	91.42317	0	0	0	0	0	0	0	0	0	0	0	0	0	0
GF20_d36_a5	0	0	0	0	0	0	0	0	0	0	27.04869	0	0	0	0	0	72.95131	0	0	0	0	0	0	0	0	0	0	0	0	0	0
GF20_d36_b1	0	0	0	0	0	0	0	0	0	0	0	0	0	0	0	0	0	0	0	0	0	0	0	0	0	0	0	0	0	0	0
GF20_d36_b3	0	0	0	0	0	0	0	0	0	0	0	0	0	0	0	0	0	0	0	0	0	0	0	0	0	0	0	0	0	0	0
GF20_d36_b4	0	0	0	0	0	0	0	0	0	0	0	0	0	0	0	0	0	0	0	0	0	0	0	0	0	0	0	0	0	0	0
GF20_d36_b5	0	0	0	0	0	0	0	0	0	0	45.19637	0	0	0	0	0	54.80363	0	0	0	0	0	0	0	0	0	0	0	0	0	0
GF20_d39_dama	1.25348	0	0	0	58.10355	0	25.51392	0	0	0	3.47142	4.03293	0	0	0	0	0.51793	0	0	0	7.10677	0	0	0	0	0	0	0	0	0	0
GF20_d39_damc	0.02025	0	0	0	55.57402	0	30.34606	0	0	0	2.12613	3.977	0	0	0	0	0.47627	0	0	0	7.48028	0	0	0	0	0	0	0	0	0	0
GF20_d40_c1	0	0	0	0	0	0	0	0	0	0	0	0	0	0	0	0	0	0	0	0	0	0	0	0	0	0	0	0	0	0	0
GF20_d40_c2	0	0	0	0	0	0	0	0	0	0	0	0	0	0	0	0	0	0	0	0	0	0	0	0	0	0	0	0	0	0	0
GF20_d40_c3	0	0	0	0	0	0	0	0	0	0	0	100	0	0	0	0	0	0	0	0	0	0	0	0	0	0	0	0	0	0	0
GF20_d40_c4	0	0	0	0	0	0	0	0	0	0	0	0	0	0	0	0	0	0	0	0	0	0	0	0	0	0	0	0	0	0	0
GF20_d40_c5	0	0	0	0	0	0	22.29006	0	0	0	73.25037	4.45957	0	0	0	0	0	0	0	0	0	0	0	0	0	0	0	0	0	0	0
GF20_d40_c6	0	0	0	0	0	0	0	0	0	0	100	0	0	0	0	0	0	0	0	0	0	0	0	0	0	0	0	0	0	0	0
GF20_d66_c1	0	0	0	0	0	0	17.89138	0	0	0	13.50519	0.60987	0	0	0	0	65.9126	0	0	0	2.08096	0	0	0	0	0	0	0	0	0	0
GF20_d66_c10	0	0	0	0	0	0	38.99809	0	0	0	45.77587	3.49855	0	0	0	0	9.50522	0	0	0	2.22226	0	0	0	0	0	0	0	0	0	0
GF20_d66_c2	0	0	0	0	0	0	10.38498	0	0	0	12.98289	4.25906	0	0	0	0	71.78715	0	0	0	0.58591	0	0	0	0	0	0	0	0	0	0
GF20_d66_c3	0	0	0	0	0	0	27.00604	0	0	0	63.76055	0.8604	0	0	0	0	7.04545	0	0	0	1.32755	0	0	0	0	0	0	0	0	0	0
GF20_d66_c4	0	0	0	0	0	0	23.73449	0	0	0	3.23621	15.44422	0	0	0	0	56.50196	0	0	0	1.08312	0	0	0	0	0	0	0	0	0	0
GF20_d66_c5	0	0	0	0	0	0	12.14273	0	0	0	71.25267	2.33365	0	0	0	0	13.12608	0	0	0	1.14486	0	0	0	0	0	0	0	0	0	0
GF20_d66_c6	0	0	0	0	0.22339	0	11.16154	0	0	0	69.52075	8.41306	0	0	0	0	9.64643	0	0	0	1.03483	0	0	0	0	0	0	0	0	0	0
GF20_d66_c7	0	0	0	0	0	0	43.12491	0	0	0	16.1783	6.66006	0	0	0	0	31.50827	0	0	0	2.52846	0	0	0	0	0	0	0	0	0	0
GF20_d66_c8	0	0	0	0	0	0	19.29282	0	0	0	8.62587	2.16954	0	0	0	0	69.08749	0	0	0	0.82427	0	0	0	0	0	0	0	0	0	0
GF20_d66_c9	0	0	0	0	0	0	34.5278	0	0	0	5.67269	12.21802	0	0	0	0	46.26318	0	0	0	1.31831	0	0	0	0	0	0	0	0	0	0
GF20_d68_b2	0	0	0	0	0	0	0	0	0	0	100	0	0	0	0	0	0	0	0	0	0	0	0	0	0	0	0	0	0	0	0
GF20_d68_b3	0	0	0	0	1.08043	0	0	0	0	0	97.67258	1.24698	0	0	0	0	0	0	0	0	0	0	0	0	0	0	0	0	0	0	0
GF20_d68_b4	0	0	0	0	0	0	0	0	0	0	100	0	0	0	0	0	0	0	0	0	0	0	0	0	0	0	0	0	0	0	0
GF20_d68_b5	0	0	0	0	0	0	0	0	0	0	100	0	0	0	0	0	0	0	0	0	0	0	0	0	0	0	0	0	0	0	0
GF20_d68_b6	0	0	0	0	0	0	0	0	0	0	100	0	0	0	0	0	0	0	0	0	0	0	0	0	0	0	0	0	0	0	0
GF20_d68_b7	0	0	0	0	0	0	0	0	0	0	100	0	0	0	0	0	0	0	0	0	0	0	0	0	0	0	0	0	0	0	0
GF20_d68_b8	0	0	0	0	0	0	0	0	0	0	100	0	0	0	0	0	0	0	0	0	0	0	0	0	0	0	0	0	0	0	0
GF20_d75_dama	0.01182	0	0	0	58.54598	0	27.31527	0	0	0	2.50785	5.58949	0	0	0	0	0.44517	0	0	0	5.58441	0	0	0	0	0	0	0	0	0	0
GF20_d75_damc	0	0	0	0	3.10304	0	34.65731	0	0	0	22.55255	10.67831	0	0	0	0	2.13808	0	0	0	26.87071	0	0	0	0	0	0	0	0	0	0
GF20_d81_a1	0	0	0	0	0	0	12.40979	0	0	0	47.52677	8.17803	0	0	0	0	31.4813	0	0	0	0.40411	0	0	0	0	0	0	0	0	0	0
GF20_d81_a2	0	0	0	0	0	0	6.27838	0	0	0	18.4393	9.84517	0	0	0	0	65.43715	0	0	0	0	0	0	0	0	0	0	0	0	0	0
GF20_d81_a3	0	0	0	0	0	0	0	0	0	0	92.69264	0	0	0	0	0	7.30736	0	0	0	0	0	0	0	0	0	0	0	0	0	0
GF20_d81_a4	0	0	0	0	0	0	3.76697	0	0	0	39.9207	6.7285	0	0	0	0	49.58383	0	0	0	0	0	0	0	0	0	0	0	0	0	0
GF20_d81_a5	0	0	0	0	0	0	14.50797	0	0	0	37.30361	24.10066	0	0	0	0	20.75533	0	0	0	3.33245	0	0	0	0	0	0	0	0	0	0
GF20_d81_a6	0	0	0	0	0	0	15.377	0	0	0	34.69065	7.95975	0	0	0	0	41.9726	0	0	0	0	0	0	0	0	0	0	0	0	0	0
GF20_d81_a7	0	0	0	0	0.02664	0	22.47878	0	0	0	28.45246	11.50546	0	0	0	0	36.48182	0	0	0	1.05483	0	0	0	0	0	0	0	0	0	0
GF20_d89_b2	0	0	0	0	0	0	45.26152	0	0	0	40.51596	9.3845	0	0	0	0	3.10866	0	0	0	1.72936	0	0	0	0	0	0	0	0	0	0
GF20_d89_b3	0	0	0	0	0	0	0	0	0	0	100	0	0	0	0	0	0	0	0	0	0	0	0	0	0	0	0	0	0	0	0
GF20_d89_b4	0	0	0	0	0	0	0	0	0	0	0	0	0	0	0	0	0	0	0	0	0	0	0	0	0	0	0	0	0	0	0
GF20_d89_b5	0	0	0	0	0	0	0	0	0	0	0	100	0	0	0	0	0	0	0	0	0	0	0	0	0	0	0	0	0	0	0
GF20_d89_b6	0	0	0	0	0	0	1.37208	0	0	0	98.62792	0	0	0	0	0	0	0	0	0	0	0	0	0	0	0	0	0	0	0	0
GF20_d89_b7	0	0	0	0	0	0	0	0	0	0	0	0	0	0	0	0	0	0	0	0	0	0	0	0	0	0	0	0	0	0	0
GF23_d0__inoc	3.5108	0	0	0	1.88733	0	7.12896	0	0	0	53.70568	10.91099	3.78277	0	0	0	0.30486	0	0	8.17863	2.43906	0	0	0	0	0	0.08538	0.71154	0	7.35401	0
GF23_d0_dama	0	0	0	0	0	0	0	0	0	0	0	0	0	0	0	0	0	0	0	0	0	0	0	0	0	0	0	0	0	0	0
GF23_d0_damb	0	0	0	0	0	0	0	0	0	0	0	0	0	0	0	0	0	0	0	0	0	0	0	0	0	0	0	0	0	0	0
GF23_d0_damc	0	0	0	0	0	0	0	0	0	0	0	0	0	0	0	0	0	0	0	0	0	0	0	0	0	0	0	0	0	0	0
GF23_d10_dama	8.88794	0	0	0	27.84518	0	28.24614	0	0	0	3.47248	8.22753	11.57605	0	0	0	3.09104	0	0	0.65766	7.99597	0	0	0	0	0	0	0	0	0	0
GF23_d10_damb	15.87985	0	0	0	13.21522	0	25.71526	0	0	0	7.57049	6.50985	19.31548	0	0	0	3.87427	0	0	1.30972	6.60986	0	0	0	0	0	0	0	0	0	0
GF23_d10_damc	0	0	0	0	0	0	0	0	0	0	0	0	0	0	0	0	0	0	0	0	0	0	0	0	0	0	0	0	0	0	0
GF23_d17_dama	11.78772	0	0	0	2.93285	0	46.68769	0	0	0	3.10847	6.98638	14.53708	0	0	0	3.98382	0	0	1.20929	8.76672	0	0	0	0	0	0	0	0	0	0
GF23_d17_damb	14.03772	0	0	0	1.74699	0	42.07756	0	0	0	3.82767	5.52823	18.94611	0	0	0	3.71675	0	0	1.17482	8.94415	0	0	0	0	0	0	0	0	0	0
GF23_d17_damc	15.38557	0	0	0	0.27739	0	37.16389	0	0	0	4.35028	7.59081	21.56006	0	0	0	3.26788	0	0	0.78079	9.62334	0	0	0	0	0	0	0	0	0	0
GF23_d19_dama	0	0	0	0	0	0	0	0	0	0	0	0	0	0	0	0	0	0	0	0	0	0	0	0	0	0	0	0	0	0	0
GF23_d32_dama	0	0	0	0	0	0	0	0	0	0	0	0	0	0	0	0	0	0	0	0	0	0	0	0	0	0	0	0	0	0	0
GF23_d32_damb	14.58493	0	0	0	0	0	41.71106	0	0	0	2.3628	7.27067	17.45534	0	0	0	1.88083	0	0	0	14.73437	0	0	0	0	0	0	0	0	0	0
GF23_d32_damc	0	0	0	0	0	0	0	0	0	0	0	0	0	0	0	0	0	0	0	0	0	0	0	0	0	0	0	0	0	0	0
GF23_d35_c1	0	0	0	0	0	0	0	0	0	0	0	0	0	0	0	0	0	0	0	0	0	0	0	0	0	0	0	0	0	0	0
GF23_d36_c1	0	0	0	0	0	0	0	0	0	0	100	0	0	0	0	0	0	0	0	0	0	0	0	0	0	0	0	0	0	0	0
GF23_d36_c2	0	0	0	0	0	0	0	0	0	0	100	0	0	0	0	0	0	0	0	0	0	0	0	0	0	0	0	0	0	0	0
GF23_d36_c3	0	0	0	0	0	0	0	0	0	0	100	0	0	0	0	0	0	0	0	0	0	0	0	0	0	0	0	0	0	0	0
GF23_d36_c4	0	0	0	0	0	0	6.14625	0	0	0	93.85375	0	0	0	0	0	0	0	0	0	0	0	0	0	0	0	0	0	0	0	0
GF23_d39_damb	8.31849	0	0	0	0.96102	0	53.96227	0	0	0	1.59718	4.67574	13.91661	0	0	0	2.48913	0	0	1.56812	12.51143	0	0	0	0	0	0	0	0	0	0
GF23_d47_dama	0	0	0	0	0	0	0	0	0	0	0	0	0	0	0	0	0	0	0	0	0	0	0	0	0	0	0	0	0	0	0
GF23_d47_damb	11.2789	0	0	0	1.54177	0	40.12754	0	0	0	4.44237	4.57542	23.90876	0	0	0	2.39421	0	0	0.61127	11.11977	0	0	0	0	0	0	0	0	0	0
GF23_d47_damc	0	0	0	0	0	0	0	0	0	0	0	0	0	0	0	0	0	0	0	0	0	0	0	0	0	0	0	0	0	0	0
GF23_d52_a1	0	0	0	0	0	0	0	0	0	0	0	0	0	0	0	0	0	0	0	0	0	0	0	0	0	0	0	0	0	0	0
GF23_d52_a2	0	0	0	0	0	0	0.02165	0	0	0	99.52875	0.35407	0	0	0	0	0	0	0	0	0.09553	0	0	0	0	0	0	0	0	0	0
GF23_d52_a5	0	0	0	0	0	0	0	0	0	0	99.01823	0.97848	0	0	0	0	0	0	0	0	0.00329	0	0	0	0	0	0	0	0	0	0
GF23_d52_a6	0	0	0	0	0	0	0	0	0	0	0	0	0	0	0	0	0	0	0	0	0	0	0	0	0	0	0	0	0	0	0
GF23_d52_a8	0	0	0	0	0	0	0	0	0	0	99.93152	0.06848	0	0	0	0	0	0	0	0	0	0	0	0	0	0	0	0	0	0	0
GF23_d52_a9	0	0	0	0	0	0	0	0	0	0	99.38451	0.61549	0	0	0	0	0	0	0	0	0	0	0	0	0	0	0	0	0	0	0
GF23_d54_damc	6.94825	0	0	0	0	0	42.71891	0	0	0	3.36524	8.90257	14.57834	0	0	0	2.58339	0	0	1.78358	19.11974	0	0	0	0	0	0	0	0	0	0
GF23_d56_c2	0	0	0	0	0	0	0	0	0	0	100	0	0	0	0	0	0	0	0	0	0	0	0	0	0	0	0	0	0	0	0
GF23_d56_c3	0	0	0	0	0	0	0	0	0	0	100	0	0	0	0	0	0	0	0	0	0	0	0	0	0	0	0	0	0	0	0
GF23_d56_c6	0	0	0	0	0	0	0	0	0	0	99.84385	0.15615	0	0	0	0	0	0	0	0	0	0	0	0	0	0	0	0	0	0	0
GF23_d57_c2	0	0	0	0	0	0	0	0	0	0	95.71225	1.73839	0	0	0	0	2.54936	0	0	0	0	0	0	0	0	0	0	0	0	0	0
GF23_d57_c4	0	0	0	0	0	0	0	0	0	0	100	0	0	0	0	0	0	0	0	0	0	0	0	0	0	0	0	0	0	0	0
GF23_d57_c5	0	0	0	0	0	0	0	0	0	0	0	0	0	0	0	0	0	0	0	0	0	0	0	0	0	0	0	0	0	0	0
GF23_d58_c3	0	0	0	0	0	0	0	0	0	0	0	58.03759	15.51286	0	0	0	0	0	0	0	26.44955	0	0	0	0	0	0	0	0	0	0
GF23_d59_c1	0	0	0	0	0	0	0	0	0	0	92.85425	7.14575	0	0	0	0	0	0	0	0	0	0	0	0	0	0	0	0	0	0	0
GF23_d59_c2	0	0	0	0	0	0	0	0	0	0	0	100	0	0	0	0	0	0	0	0	0	0	0	0	0	0	0	0	0	0	0
GF23_d59_c4	0	0	0	0	0	0	0	0	0	0	0	95.68116	4.31884	0	0	0	0	0	0	0	0	0	0	0	0	0	0	0	0	0	0
GF23_d59_c6	0	0	0	0	0	0	0	0	0	0	100	0	0	0	0	0	0	0	0	0	0	0	0	0	0	0	0	0	0	0	0
GF23_d62_dama	4.17139	0	0	0	0.42078	0	48.34191	0	0	0	3.27659	6.63812	19.40077	0	0	0	2.91311	0	0	0	14.83734	0	0	0	0	0	0	0	0	0	0
GF23_d62_damb	7.27917	0	0	0	1.64158	0	28.72966	0	0	0	3.22953	4.94494	28.60667	0	0	0	3.60603	0	0	2.52554	19.43689	0	0	0	0	0	0	0	0	0	0
GF23_d62_damc	0	0	0	0	8.78291	0	27.69457	0	0	0	2.44442	14.74987	30.64253	0	0	0	8.59615	0	0	0.27134	6.8182	0	0	0	0	0	0	0	0	0	0
GF23_d7_damb	4.84528	0	0	0	57.49637	0	13.19189	0	0	0	3.06266	4.90702	8.09001	0	0	0	2.96323	0	0	0.50051	4.94303	0	0	0	0	0	0	0	0	0	0
GF23_d7_damc	1.55351	0	0	0	13.392	0	38.11495	0	0	0	3.7452	3.9336	13.03129	0	0	0	5.46748	0	0	1.05834	19.70363	0	0	0	0	0	0	0	0	0	0
GF23_d77_damb	10.41414	0	0	0	2.03137	0	31.51265	0	0	0	4.5536	5.17627	29.46385	0	0	0	3.278	0	0	1.20825	12.36186	0	0	0	0	0	0	0	0	0	0
GF23_d80_c3	0	0	0	0	0	0	0	0	0	0	100	0	0	0	0	0	0	0	0	0	0	0	0	0	0	0	0	0	0	0	0
GF23_d80_c5	0	0	0	0	0	0	0	0	0	0	0	0	0	0	0	0	0	0	0	0	0	0	0	0	0	0	0	0	0	0	0
GF23_d80_c7	0	0	0	0	0	0	0	0	0	0	100	0	0	0	0	0	0	0	0	0	0	0	0	0	0	0	0	0	0	0	0
GF23_d82_c2	0	0	0	0	0	0	0	0	0	0	0	0	0	0	0	0	0	0	0	0	0	0	0	0	0	0	0	0	0	0	0
GF23_d82_c6	0	0	0	0	0	0	0	0	0	0	0	0	0	0	0	0	0	0	0	0	0	0	0	0	0	0	0	0	0	0	0
GF23_d83_c4	0	0	0	0	0	0	0	0	0	0	0	0	0	0	0	0	0	0	0	0	0	0	0	0	0	0	0	0	0	0	0
GF23_d83_c5	0	0	0	0	0	0	0	0	0	0	0	0	0	0	0	0	0	0	0	0	0	0	0	0	0	0	0	0	0	0	0
GF23_d84_c1	0	0	0	0	0	0	0	0	0	0	0	100	0	0	0	0	0	0	0	0	0	0	0	0	0	0	0	0	0	0	0
GF23_d84_c2	0	0	0	0	0	0	0	0	0	0	0	100	0	0	0	0	0	0	0	0	0	0	0	0	0	0	0	0	0	0	0
GF23_d84_c3	0	0	0	0	0	0	0	0	0	0	0	100	0	0	0	0	0	0	0	0	0	0	0	0	0	0	0	0	0	0	0
GF23_d84_c4	0	0	0	0	0	0	0	0	0	0	0	100	0	0	0	0	0	0	0	0	0	0	0	0	0	0	0	0	0	0	0
GF23_d84_c5	0	0	0	0	0	0	0	0	0	0	0	100	0	0	0	0	0	0	0	0	0	0	0	0	0	0	0	0	0	0	0
GF23_d84_c9	0	0	0	0	0	0	0	0	0	0	0	94.6619	0.49943	0	0	0	0	0	0	0	4.83868	0	0	0	0	0	0	0	0	0	0
GF23_d89_damb	9.9542	0	0	0	0.72658	0	35.85894	0	0	0	2.6347	7.07797	25.68731	0	0	0	3.57221	0	0	4.35682	10.13128	0	0	0	0	0	0	0	0	0	0
GF23_d89_damc	0	0	0	0	2.16986	0	16.91103	0	0	0	4.11724	26.68235	34.50024	0	0	0	4.80001	0	0	0	10.81927	0	0	0	0	0	0	0	0	0	0
GF3_AB_Sire_day4	0	0	0	0	41.71299	0	44.739	0	0	0	4.86852	0.48794	0	0	0	0	0	0	0	0	8.19155	0	0	0	0	0	0	0	0	0	0
GF3_B_Sire_day19	0	0	0	0	42.5125	0	39.47183	0	0	0	9.92945	0.53591	0	0	0	0	0	0	0	0	7.55031	0	0	0	0	0	0	0	0	0	0
GF3_B_Sire_day30	0	0	0	0	32.16714	0	46.73734	0	0	0	10.25422	0.71287	0	0	0	0	0	0	0	0	10.12843	0	0	0	0	0	0	0	0	0	0
GF3_C_dam_day19	3.29447	0	0	0	28.30395	0	44.12748	0	0	0	1.30635	0.40812	0	0	0	0	0	0	0	1.04111	10.31757	0	0	0	0	0	0	0	0	11.20095	0
GF3_C_dam_day4	0	0	0	0	26.87296	0	9.5084	0	0	0	61.67018	0.49189	0	0	0	0	0.22845	0	0	0	1.22811	0	0	0	0	0	0	0	0	0	0
GF3_C_Sire_day19	2.11208	0	0	0	11.46255	0	18.25789	0	0	0	57.39462	0.71492	0	0	0	0	0	0	0	1.41504	4.24055	0	0	0	0	0	0	0	0	4.40235	0
GF3_C_Sire_day30	0	0	0	0	46.9662	0	37.97319	0	0	0	5.10331	1.2207	0	0	0	0	0	0	0	0	8.7366	0	0	0	0	0	0	0	0	0	0
GF3_C_Sire_day4	3.50119	0	0	0	42.71144	0	28.98769	0	0	0	5.25581	1.26125	0	0	0	0	0.38851	0	0	1.21826	7.66962	0	0	0	0	0	0	0	0	9.00623	0
GF3_C1_day30	0	0	0	0	54.95997	0	17.8744	0	0	0	25.5998	0.88144	0	0	0	0	0.34566	0	0	0	0.33873	0	0	0	0	0	0	0	0	0	0
GF3_C1_day32	0.03357	0	0	0	54.21633	0	15.50976	0	0	0	17.14324	1.15497	0	0	0	0	0.00861	0	0	1.27786	6.32192	0	0	0	0	0	0	0	0	4.33373	0
GF3_C1_day34	0	0	0	0	55.96762	0	30.50785	0	0	0	10.52345	0.22706	0	0	0	0	0.53529	0	0	0	2.23873	0	0	0	0	0	0	0	0	0	0
GF3_C2_day30	0	0	0	0	0	0	0.16191	0	0	0	99.83809	0	0	0	0	0	0	0	0	0	0	0	0	0	0	0	0	0	0	0	0
GF3_C2_day32	0	0	0	0	9.91644	0	10.33424	0	0	0	77.69093	0.395	0	0	0	0	0	0	0	0	1.66339	0	0	0	0	0	0	0	0	0	0
GF3_C2_day35	3.29447	0	0	0	28.30395	0	44.12748	0	0	0	1.30635	0.40812	0	0	0	0	0	0	0	1.04111	10.31757	0	0	0	0	0	0	0	0	11.20095	0
GF3_C2_day38	0	0	0	0	4.78405	0	0	0	0	0	92.19953	3.01642	0	0	0	0	0	0	0	0	0	0	0	0	0	0	0	0	0	0	0
GF3_C2_day39	0	0	0	0	4.8555	0	0.14483	0	0	0	73.59134	20.68664	0	0	0	0	0	0	0	0	0.72169	0	0	0	0	0	0	0	0	0	0
GF3_C2_day40	0	0	0	0	1.00884	0	2.12787	0	0	0	89.41265	6.17313	0	0	0	0	0	0	0	0	1.27751	0	0	0	0	0	0	0	0	0	0
GF3_C2_day41	0	0	0	0	18.73979	0	0	0	0	0	0	81.26021	0	0	0	0	0	0	0	0	0	0	0	0	0	0	0	0	0	0	0
GF3_C2_day42	0	0	0	0	25.46477	0	46.12186	0	0	0	17.22792	0.62056	0	0	0	0	0	0	0	0	10.56488	0	0	0	0	0	0	0	0	0	0
GF3_C2_day45	0	0	0	0	38.62494	0	42.15399	0	0	0	11.70051	0.39377	0	0	0	0	0	0	0	0	7.12678	0	0	0	0	0	0	0	0	0	0
GF3_C3_day30	0	0	0	0	50.91623	0	20.31469	0	0	0	22.40282	3.67693	0	0	0	0	0.37192	0	0	0	2.31741	0	0	0	0	0	0	0	0	0	0
GF3_C3_day32	0	0	0	0	0	0	0	0	0	0	98.8078	1.1922	0	0	0	0	0	0	0	0	0	0	0	0	0	0	0	0	0	0	0
GF3_C3_day34	17.56688	0	0	0	10.35093	0	2.92222	0	0	0	6.906	26.05002	0	0.02018	0	0	0.08257	0	0	34.42865	0	0.06201	0	0	0	0	0.3988	0.46773	0	0.74403	0
GF3_C3_day35	5.08872	0	0	0	24.48957	0	42.6666	0	0	0	2.28637	1.36451	0	0	0	0	0	0	0	3.05532	10.84009	0	0	0	0	0	0	0	0	10.20882	0
GF3_C3_day39	0	0	0	0	0	0	0	0	0	0	100	0	0	0	0	0	0	0	0	0	0	0	0	0	0	0	0	0	0	0	0
GF3_C3_day40	0	0	0	0	0.48816	0	1.17616	0	0	0	96.07747	1.52075	0	0	0	0	0	0	0	0	0.73745	0	0	0	0	0	0	0	0	0	0
GF3_C3_day41	0	0	0	0	0	0	0	0	0	0	0	100	0	0	0	0	0	0	0	0	0	0	0	0	0	0	0	0	0	0	0
GF3_C3_day42	0	0	0	0	19.10468	0	51.64645	0	0	0	20.81629	0.60577	0	0	0	0	0	0	0	0	7.82681	0	0	0	0	0	0	0	0	0	0
GF3_C3_day45	0	0	0	0	45.31227	0	40.82213	0	0	0	6.96466	0.7248	0	0	0	0	0	0	0	0	6.17613	0	0	0	0	0	0	0	0	0	0
GF3_C4_day30	1.04925	0	0	0	62.96378	0	10.55393	0	0	0	17.41901	1.16785	0	0	0	0	0.30548	0	0	1.81156	0.66854	0	0	0	0	0	0	0	0	4.06061	0
GF3_C4_day32	0	0	0	0	0	0	0	0	0	0	95.77	4.23	0	0	0	0	0	0	0	0	0	0	0	0	0	0	0	0	0	0	0
GF3_C4_day34	1.13564	0	0	0	39.39194	0	33.74665	0	0	0	10.97031	4.68994	0	0	0	0	0	0	0	1.11441	4.79288	0	0	0	0	0	0	0	0	4.15824	0
GF3_C4_day38	0	0	0	0	0.72192	0	0	0	0	0	99.00813	0.26995	0	0	0	0	0	0	0	0	0	0	0	0	0	0	0	0	0	0	0
GF3_C4_day39	0	0	0	0	1.38912	0	0.07818	0	0	0	95.62477	2.24068	0	0	0	0	0	0	0	0	0.66724	0	0	0	0	0	0	0	0	0	0
GF3_C4_day40	0	0	0	0	0	0	0	0	0	0	0	100	0	0	0	0	0	0	0	0	0	0	0	0	0	0	0	0	0	0	0
GF3_C4_day41	0	0	0	0	13.78776	0	0	0	0	0	0	86.21224	0	0	0	0	0	0	0	0	0	0	0	0	0	0	0	0	0	0	0
GF3_C4_day42	0	0	0	0	35.17645	0	43.26757	0	0	0	11.96727	1.50829	0	0	0	0	0	0	0	0	8.08043	0	0	0	0	0	0	0	0	0	0
GF3_C4_day45	0	0	0	0	34.21025	0	46.60267	0	0	0	8.31298	1.02136	0	0	0	0	0	0	0	0	9.85275	0	0	0	0	0	0	0	0	0	0
GF3_C5_day30	0	0	0	0	0.35395	0	0.12041	0	0	0	99.52564	0	0	0	0	0	0	0	0	0	0	0	0	0	0	0	0	0	0	0	0
GF3_C5_day39	0	0	0	0	1.73798	0	7.90384	0	0	0	85.86561	2.7964	0	0	0	0	0	0	0	0.26559	1.43059	0	0	0	0	0	0	0	0	0	0
GF3_C5_day41	0	0	0	0	0.41112	0	0	0	0	0	0	99.58888	0	0	0	0	0	0	0	0	0	0	0	0	0	0	0	0	0	0	0
GF3_C5_day42	0	0	0	0	46.52835	0	38.12548	0	0	0	9.9598	1.84554	0	0	0	0	0	0	0	0	3.54084	0	0	0	0	0	0	0	0	0	0
GF3_C5_day45	0	0	0	0	57.13328	0	33.90891	0	0	0	5.85331	0.69573	0	0	0	0	0	0	0	0	2.40877	0	0	0	0	0	0	0	0	0	0
GF3_C6_day30	0.06194	0	0	0	1.04847	0	2.73899	0	0	0	95.96768	0	0	0	0	0	0	0	0	0	0	0	0	0	0	0	0	0	0	0.18292	0
GF3_C6_day35	0	0	0	0	0	0	0	0	0	0	100	0	0	0	0	0	0	0	0	0	0	0	0	0	0	0	0	0	0	0	0
GF3_C6_day38	0	0	0	0	0	0	0	0	0	0	100	0	0	0	0	0	0	0	0	0	0	0	0	0	0	0	0	0	0	0	0
GF3_C6_day39	0	0	0	0	2.1763	0	4.47892	0	0	0	88.66333	2.42112	0	0	0	0	0	0	0	0.53484	1.7255	0	0	0	0	0	0	0	0	0	0
GF3_C6_day41	0	0	0	0	10.69772	0	66.86036	0	0	0	11.43267	0.2304	0	0	0	0	0	0	0	0	10.77884	0	0	0	0	0	0	0	0	0	0
GF3_C6_day42	0	0	0	0	57.31886	0	31.88794	0	0	0	5.76619	0.56981	0	0	0	0	0	0	0	0	4.4572	0	0	0	0	0	0	0	0	0	0
GF3_C6_day45	0	0	0	0	51.67369	0	33.42021	0	0	0	8.87916	1.0882	0	0	0	0	0	0	0	0	4.93874	0	0	0	0	0	0	0	0	0	0
GF3_C7_day40	0	0	0	0	17.95539	0	0	0	0	0	0	81.47642	0	0	0	0	0	0	0	0	0.5682	0	0	0	0	0	0	0	0	0	0
GF3_C7_day41	0	0	0	0	38.84773	0	45.81585	0	0	0	6.76198	0.6571	0	0	0	0	0	0	0	0	7.91734	0	0	0	0	0	0	0	0	0	0
GF3_C7_day42	0	0	0	0	13.69841	0	62.56734	0	0	0	11.30526	1.7887	0	0	0	0	0	0	0	0	10.64029	0	0	0	0	0	0	0	0	0	0
GF3_C7_day45	0	0	0	0	41.70374	0	38.90406	0	0	0	10.5085	1.1889	0	0	0	0	0	0	0	0	7.6948	0	0	0	0	0	0	0	0	0	0
GF3_C8_day30	0	0	0	0	22.24065	0	7.63676	0	0	0	67.31064	0	0	0	0	0	0	0	0	0.01864	2.04088	0	0	0	0	0	0	0	0	0.75243	0
GF3_C8_day32	0	0	0	0	0.05581	0	0	0	0	0	91.93421	8.00998	0	0	0	0	0	0	0	0	0	0	0	0	0	0	0	0	0	0	0
GF3_C8_day34	3.50119	0	0	0	42.71144	0	28.98769	0	0	0	5.25581	1.26125	0	0	0	0	0.38851	0	0	1.21826	7.66962	0	0	0	0	0	0	0	0	9.00623	0
GF3_C8_day39	0	0	0	0	1.30801	0	1.23561	0	0	0	94.00601	1.92073	0	0	0	0	0	0	0	0	1.52964	0	0	0	0	0	0	0	0	0	0
GF3_C8_day40	0	0	0	0	0	0	0	0	0	0	0	100	0	0	0	0	0	0	0	0	0	0	0	0	0	0	0	0	0	0	0
GF3_C8_day41	0	0	0	0	62.27529	0	26.50859	0	0	0	6.75131	0.5116	0	0	0	0	0	0	0	0	3.95322	0	0	0	0	0	0	0	0	0	0
GF3_C8_day42	0	0	0	0	47.13748	0	38.75324	0	0	0	6.50427	0.7565	0	0	0	0	0	0	0	0	6.84852	0	0	0	0	0	0	0	0	0	0
GF3_C8_day45	0	0	0	0	49.52601	0	36.88458	0	0	0	5.13677	1.61762	0	0	0	0	0	0	0	0	6.83503	0	0	0	0	0	0	0	0	0	0
GF3_C9_day30	0.33793	0	0	0	14.85821	0	9.55388	0	0	0	68.26109	0.01829	0	0	0	0	0	0	0	0.82416	1.89114	0	0	0	0	0	0	0	0	4.2553	0
GF3_C9_day32	0	0	0	0	62.07286	0	18.31035	0	0	0	15.69417	0.51616	0	0	0	0	0.06521	0	0	0	3.34125	0	0	0	0	0	0	0	0	0	0
GF3_C9_day34	1.51548	0	0	0	44.93931	0	29.72102	0	0	0	3.03887	1.83829	0	0	0	0	0.28399	0	0	0.37579	5.79775	0	0	0	0	0	0	0	0	12.48949	0
GF3_C9_day38	0	0	0	0	3.22685	0	0	0	0	0	94.66566	2.10749	0	0	0	0	0	0	0	0	0	0	0	0	0	0	0	0	0	0	0
GF3_C9_day39	0	0	0	0	3.75526	0	2.59455	0	0	0	83.71274	8.50862	0	0	0	0	0	0	0	0	1.42883	0	0	0	0	0	0	0	0	0	0
GF3_C9_day40	0	0	0	0	0	0	0	0	0	0	58.27367	41.72633	0	0	0	0	0	0	0	0	0	0	0	0	0	0	0	0	0	0	0
GF3_C9_day41	0	0	0	0	15.67679	0	58.00848	0	0	0	16.0951	1.06091	0	0	0	0	0	0	0	0	9.15872	0	0	0	0	0	0	0	0	0	0
GF3_C9_day42	0	0	0	0	48.83157	0	34.68924	0	0	0	8.80002	0.80225	0	0	0	0	0	0	0	0	6.87692	0	0	0	0	0	0	0	0	0	0
GF3_C9_day45	0	0	0	0	61.03244	0	28.0842	0	0	0	7.3843	2.6013	0	0	0	0	0	0	0	0	0.89776	0	0	0	0	0	0	0	0	0	0
GF3_inoc	0	0	0	0	16.23477	0	50.11219	0	0	0	28.13713	1.77191	0	0	0	0	0.99385	0	0	0	2.75015	0	0	0	0	0	0	0	0	0	0
GF4_A0	0	0	0	0	0	0	0	0	0	0	0	0	0	0	0	0	0	0	0	0	0	0	0	0	0	0	0	0	0	0	0
GF4_B0	0	0	0	0	0	0	0	0	0	0	0	0	0	0	0	0	0	0	0	0	0	0	0	0	0	0	0	0	0	0	0
GF4_B1_D35	0	0	0	0	18.13104	0	0	0	0	0	0	81.86896	0	0	0	0	0	0	0	0	0	0	0	0	0	0	0	0	0	0	0
GF4_B1_D36	0	0	0	0	0.59973	0	0.21018	0	0	0	12.40086	86.78923	0	0	0	0	0	0	0	0	0	0	0	0	0	0	0	0	0	0	0
GF4_B1_d37	0	0	0	0	0	0	0	0	0	0	0	100	0	0	0	0	0	0	0	0	0	0	0	0	0	0	0	0	0	0	0
GF4_B2_d35	0	0	0	0	1.13433	0	0	0	0	0	82.53371	16.33196	0	0	0	0	0	0	0	0	0	0	0	0	0	0	0	0	0	0	0
GF4_B2_d36	0	0	0	0	0	0	0	0	0	0	100	0	0	0	0	0	0	0	0	0	0	0	0	0	0	0	0	0	0	0	0
GF4_B2_d37	0	0	0	0	0	0	0	0	0	0	0	0	0	0	0	0	0	0	0	0	0	0	0	0	0	0	0	0	0	0	0
GF4_B3_d35	0	0	0	0	14.99204	0	0	0	0	0	0	82.63922	0	0	0	0	0	0	0	0	2.36874	0	0	0	0	0	0	0	0	0	0
GF4_B3_d36	0	0	0	0	4.34166	0	0.39985	0	0	0	22.24158	72.03416	0	0	0	0	0	0	0	0	0.98275	0	0	0	0	0	0	0	0	0	0
GF4_B3_d37	0	0	0	0	0	0	0	0	0	0	0	100	0	0	0	0	0	0	0	0	0	0	0	0	0	0	0	0	0	0	0
GF4_B3_d38	0	0	0	0	0	0	0	0	0	0	0	0	0	0	0	0	0	0	0	0	0	0	0	0	0	0	0	0	0	0	0
GF4_B3_d42	0	0	0	0	53.55772	0	30.37938	0	0	0	5.81978	1.56615	0	0	0	0	0	0	0	0	8.67697	0	0	0	0	0	0	0	0	0	0
GF4_B3_d43	0	0	0	0	44.13371	0	42.26856	0	0	0	3.55844	2.89738	0	0	0	0	0	0	0	0	7.1419	0	0	0	0	0	0	0	0	0	0
GF4_B3_d44	0	0	0	0	73.65812	0	14.02068	0	0	0	2.71638	3.91362	0	0	0	0	0	0	0	0	5.69119	0	0	0	0	0	0	0	0	0	0
GF4_B3_d46	0	0	0	0	77.56029	0	10.9261	0	0	0	7.12841	2.97518	0	0	0	0	0	0	0	0	1.41003	0	0	0	0	0	0	0	0	0	0
GF4_B3_LI	0	0	0	0	90.22326	0	1.42493	0	0	0	4.15478	4.1241	0	0	0	0	0	0	0	0	0.07293	0	0	0	0	0	0	0	0	0	0
GF4_B3_MLN	0	0	0	0	0	0	0	0	0	0	0	0	0	0	0	0	0	0	0	0	0	0	0	0	0	0	0	0	0	0	0
GF4_B3_SI	0	0	0	0	96.6448	0	0.33651	0	0	0	0	2.31173	0	0	0	0	0	0	0	0	0.70697	0	0	0	0	0	0	0	0	0	0
GF4_B4_d35	0	0	0	0	10.58381	0	0.07612	0	0	0	0	88.48589	0	0	0	0	0	0	0	0	0.85417	0	0	0	0	0	0	0	0	0	0
GF4_B4_d37	0	0	0	0	0	0	0	0	0	0	0	0	0	0	0	0	0	0	0	0	0	0	0	0	0	0	0	0	0	0	0
GF4_B4_d38	0	0	0	0	0	0	0	0	0	0	0	100	0	0	0	0	0	0	0	0	0	0	0	0	0	0	0	0	0	0	0
GF4_B5_d35	0	0	0	0	2.06697	0	0	0	0	0	19.43073	78.5023	0	0	0	0	0	0	0	0	0	0	0	0	0	0	0	0	0	0	0
GF4_Bdam_d10	4.14679	0	0	0	55.42544	0	30.29984	0	0	0	2.17615	2.08586	0	0	0	0	0.18312	0	0	0.62905	4.70769	0	0	0	0	0	0	0	0	0.34605	0
GF4_Bsire_d10	4.19904	0	0	0	51.95341	0	30.42169	0	0	0	4.83269	2.83787	0	0	0	0	0.10107	0	0	1.06507	4.58916	0	0	0	0	0	0	0	0	0	0
GF4_Bsire_d2	1.34423	0	0	0	68.62099	0	19.69664	0	0	0	6.26607	2.1971	0	0	0	0	0.21966	0	0	0	1.61589	0	0	0	0	0	0	0	0	0.03943	0
GF4_C0	0	0	0	0	0	0	0	0	0	0	0	0	0	0	0	0	0	0	0	0	0	0	0	0	0	0	0	0	0	0	0
GF4_C1_d36	0	0	0	0	0	0	0	0	0	0	96.32831	3.67169	0	0	0	0	0	0	0	0	0	0	0	0	0	0	0	0	0	0	0
GF4_C1_D37	0	0	0	0	0	0	14.32519	0	0	0	53.38126	15.72958	0	0	0	0	0	0	0	0	16.56397	0	0	0	0	0	0	0	0	0	0
GF4_C1_d39	0	0	0	0	0.10618	0	40.78271	0	0	0	36.76674	14.10035	0	0	0	0	0	0	0	0	8.24402	0	0	0	0	0	0	0	0	0	0
GF4_C1_d41	0	0	0	0	0	0	0	0	0	0	0	0	0	0	0	0	0	0	0	0	0	0	0	0	0	0	0	0	0	0	0
GF4_C1_d43	0	0	0	0	0	0	66.73493	0	0	0	23.4555	3.47485	0	0	0	0	0	0	0	0	6.33472	0	0	0	0	0	0	0	0	0	0
GF4_C1_d46	0	0	0	0	0	0	79.19426	0	0	0	16.63258	0.66459	0	0	0	0	0.51932	0	0	0	2.98924	0	0	0	0	0	0	0	0	0	0
GF4_C1_LI	0	0	0	0	58.89099	0	1.63925	0	0	0	6.70941	2.82695	0	0	0	0	0.6169	0	0	0	0.54224	0	0	0	0	0	0	0	0	28.77426	0
GF4_C1_MLN	0	0	0	0	0	0	0	0	0	0	0	0	0	0	0	0	0	0	0	0	0	0	0	0	0	0	0	0	0	0	0
GF4_C1_SI	0	0	0	0	74.12533	0	1.97334	0	0	0	7.67123	1.31826	0	0	0	0	0	0	0	0	0	0	0	0	0	0	0	0	0	14.91183	0
GF4_C2_d35	0	0	0	0	0	0	0	0	0	0	18.86192	81.13808	0	0	0	0	0	0	0	0	0	0	0	0	0	0	0	0	0	0	0
GF4_C2_D36	0	0	0	0	0	0	5.97408	0	0	0	41.2723	52.75362	0	0	0	0	0	0	0	0	0	0	0	0	0	0	0	0	0	0	0
GF4_C2_d37	0	0	0	0	0	0	17.98669	0	0	0	54.46114	10.43878	0	0	0	0	0.83081	0	0	0	16.28257	0	0	0	0	0	0	0	0	0	0
GF4_C2_d38	0	0	0	0	0	0	45.30839	0	0	0	34.80724	6.26229	0	0	0	0	0.18875	0	0	0	13.43333	0	0	0	0	0	0	0	0	0	0
GF4_C2_d39	0	0	0	0	0	0	53.42903	0	0	0	30.05785	9.50199	0	0	0	0	0.51905	0	0	0	6.49208	0	0	0	0	0	0	0	0	0	0
GF4_C2_d43	0	0	0	0	1.71639	0	79.34341	0	0	0	9.6408	0.68046	0	0	0	0	0.87922	0	0	0	7.73972	0	0	0	0	0	0	0	0	0	0
GF4_C2_d45	0	0	0	0	2.39023	0	71.51901	0	0	0	9.29074	0.40793	0	0	0	0	0.53302	0	0	0	6.84343	0	0	0	0	0	0	0	0	9.01563	0
GF4_C2_d46	0	0	0	0	15.77826	0	59.7117	0	0	0	12.46281	0.55526	0	0	0	0	0.44766	0	0	0	4.30797	0	0	0	0	0	0	0	0	6.73634	0
GF4_C2_LI	0	0	0	0	97.89862	0	0.26597	0	0	0	0.64339	0.16881	0	0	0	0	0	0	0	0	0.40571	0	0	0	0	0	0	0	0	0.6175	0
GF4_C2_MLN	0	0	0	0	0	0	0	0	0	0	0	0	0	0	0	0	0	0	0	0	0	0	0	0	0	0	0	0	0	0	0
GF4_C2_SI	0	0	0	0	99.79752	0	0	0	0	0	0	0	0	0	0	0	0	0	0	0	0	0	0	0	0	0	0	0	0	0.20248	0
GF4_C3_d35	0	0	0	0	1.04135	0	0	0	0	0	37.25737	61.70128	0	0	0	0	0	0	0	0	0	0	0	0	0	0	0	0	0	0	0
GF4_C3_d36	0	0	0	0	0.37763	0	18.36134	0	0	0	70.60499	8.08023	0	0	0	0	0	0	0	0	2.57581	0	0	0	0	0	0	0	0	0	0
GF4_C3_d38	0	0	0	0	0	0	61.93237	0	0	0	22.19885	4.83015	0	0	0	0	1.70596	0	0	0	9.33268	0	0	0	0	0	0	0	0	0	0
GF4_C3_d41	0	0	0	0	0	0	0	0	0	0	0	0	0	0	0	0	0	0	0	0	0	0	0	0	0	0	0	0	0	0	0
GF4_C3_d42	0	0	0	0	1.22375	0	77.45906	0	0	0	10.42038	0.36382	0	0	0	0	1.68062	0	0	0	8.85237	0	0	0	0	0	0	0	0	0	0
GF4_C3_d43	0	0	0	0	11.6821	0	67.63727	0	0	0	9.36748	1.36391	0	0	0	0	0.9486	0	0	0	6.58824	0	0	0	0	0	0	0	0	2.41241	0
GF4_C3_d44	0	0	0	0	15.21052	0	65.08365	0	0	0	6.67023	1.39174	0	0	0	0	0.61044	0	0	0	6.21975	0	0	0	0	0	0	0	0	4.81368	0
GF4_C3_d45	0	0	0	0	19.36727	0	63.1708	0	0	0	10.64146	0.67251	0	0	0	0	0.85654	0	0	0	5.29142	0	0	0	0	0	0	0	0	0	0
GF4_C3_d46	0	0	0	0	5.15493	0	77.73326	0	0	0	11.23581	0	0	0	0	0	0.54445	0	0	0	5.33156	0	0	0	0	0	0	0	0	0	0
GF4_C3_LI	0	0	0	0	80.82215	0	9.55318	0	0	0	4.33971	1.61196	0	0	0	0	0.65983	0	0	0	1.48901	0	0	0	0	0	0	0	0	1.52416	0
GF4_C3_MLN	0	0	0	0	0	0	0	0	0	0	0	0	0	0	0	0	0	0	0	0	0	0	0	0	0	0	0	0	0	0	0
GF4_C3_SI	0	0	0	0	98.35113	0	0.48374	0	0	0	0.29266	0.19403	0	0	0	0	0	0	0	0	0.17315	0	0	0	0	0	0	0	0	0.50529	0
GF4_C4_d35	0	0	0	0	3.26055	0	0	0	0	0	16.15025	80.5613	0	0	0	0	0	0	0	0	0.0279	0	0	0	0	0	0	0	0	0	0
GF4_C4_d36	0	0	0	0	2.13291	0	0	0	0	0	8.29099	89.34576	0	0	0	0	0	0	0	0.07188	0.15846	0	0	0	0	0	0	0	0	0	0
GF4_C4_d37	0	0	0	0	0	0	10.15021	0	0	0	34.51742	40.41465	0	0	0	0	0	0	0	0	14.91772	0	0	0	0	0	0	0	0	0	0
GF4_C4_d38	0	0	0	0	0	0	0	0	0	0	0	0	0	0	0	0	0	0	0	0	0	0	0	0	0	0	0	0	0	0	0
GF4_C4_D39	0	0	0	0	0.52787	0	13.18636	0	0	0	13.86006	68.57607	0	0	0	0	0	0	0	0	3.84964	0	0	0	0	0	0	0	0	0	0
GF4_C5_d43	0	0	0	0	0.08055	0	80.44198	0	0	0	11.77929	0.2774	0	0	0	0	1.35793	0	0	0	6.06285	0	0	0	0	0	0	0	0	0	0
GF4_C5_d45	0	0	0	0	11.49531	0	65.02844	0	0	0	15.62053	1.15614	0	0	0	0	1.19105	0	0	0	5.50853	0	0	0	0	0	0	0	0	0	0
GF4_C5_d46	0	0	0	0	6.78781	0	78.47678	0	0	0	10.04146	0.05001	0	0	0	0	0.16755	0	0	0	4.47639	0	0	0	0	0	0	0	0	0	0
GF4_C5_LI	0	0	0	0	88.52486	0	7.2192	0	0	0	2.44604	1.10183	0	0	0	0	0.33333	0	0	0	0.37476	0	0	0	0	0	0	0	0	0	0
GF4_C5_MLN	0	0	0	0	0	0	0	0	0	0	0	0	0	0	0	0	0	0	0	0	0	0	0	0	0	0	0	0	0	0	0
GF4_C5_SI	0	0	0	0	100	0	0	0	0	0	0	0	0	0	0	0	0	0	0	0	0	0	0	0	0	0	0	0	0	0	0
GF4_Cdam_d16	1.9514	0	0	0	20.98081	0	43.62178	0	0	0	5.16917	3.33942	0	0	0	0	0	0	0	0.71013	8.99459	0	0	0	0	0	0	0	0	15.23271	0
GF4_Csire_d16	1.34259	0	0	0	34.82236	0	32.20626	0	0	0	3.47445	2.15001	0	0	0	0	0	0	0	1.36202	8.15747	0	0	0	0	0	0	0	0	16.48485	0
GF4_Csire_d2	3.35851	0	0	0	49.80546	0	28.01288	0	0	0	7.69123	3.60291	0	0	0	0	0.49626	0	0	0.3269	6.55505	0	0	0	0	0	0	0	0	0.15079	0
GF4_EMPTY	0	0	0	0	0	0	0	0	0	0	0	0	0	0	0	0	0	0	0	0	0	0	0	0	0	0	0	0	0	0	0
GF4_INOC_GF45	3.83009	0	0	0	60.61654	0	17.78391	0	0	0	6.81963	2.9434	0	0	0	0	0.44097	0	0	1.34031	1.70067	0	0	0	0	0	0	0	0	4.52449	0
GF4_W1	0	0	0	0	0	0	0	0	0	0	0	0	0	0	0	0	0	0	0	0	0	0	0	0	0	0	0	0	0	0	0
GF4_W2	0	0	0	0	0	0	0	0	0	0	0	0	0	0	0	0	0	0	0	0	0	0	0	0	0	0	0	0	0	0	0
GF4_W3	0	0	0	0	0	0	0	0	0	0	0	0	0	0	0	0	0	0	0	0	0	0	0	0	0	0	0	0	0	0	0
GF4_W4	0	0	0	0	0	0	0	0	0	0	0	0	0	0	0	0	0	0	0	0	0	0	0	0	0	0	0	0	0	0	0
GF4_W5	0	0	0	0	0	0	0	0	0	0	0	0	0	0	0	0	0	0	0	0	0	0	0	0	0	0	0	0	0	0	0
GF5_A_DAM_D0	0	0	0	0	0	0	0	0	0	0	100	0	0	0	0	0	0	0	0	0	0	0	0	0	0	0	0	0	0	0	0
GF5_A_DAM_D24	7.80434	0	0	0	48.42028	0	20.28318	0	0	0	4.99441	3.11252	0	0	0	0	0.30041	0	0	3.16757	4.99249	0	0	0	0	0	0	0	0	6.92479	0
GF5_A1_COLON_190628	0	0	0	0	0	0	0	0	0	0	0	0	0	0	0	0	0	0	0	0	0	0	0	0	0	0	0	0	0	0	0
GF5_A1_COLON_190815	0	0	0	0	67.74715	0	12.19333	0	0	0	2.33323	2.74553	0	0	0	0	0.28486	0	0	0	0	0	0	0	0	0	0	0	0	14.6959	0
GF5_A1_D46	0	0	0	0	1.24955	0	0.43643	0	0	0	89.6048	4.66852	0	0	0	0	0	0	0	0.08495	0.89574	0	0	0	0	0	0	0	0	3.06001	0
GF5_A1_D47	0	0	0	0	0.95731	0	23.71355	0	0	0	52.60963	3.24733	0	0	0	0	2.3818	0	0	5.25111	9.68135	0	0	0	0	0	0	0	0	2.15793	0
GF5_A1_D48	0	0	0	0	0	0	0	0	0	0	100	0	0	0	0	0	0	0	0	0	0	0	0	0	0	0	0	0	0	0	0
GF5_A1_D79	0	0	0	0	6.89586	0	0	0	0	0	89.72633	3.37781	0	0	0	0	0	0	0	0	0	0	0	0	0	0	0	0	0	0	0
GF5_A1_D80	0	0	0	0	0.29311	0	0	0	0	0	99.43072	0.27618	0	0	0	0	0	0	0	0	0	0	0	0	0	0	0	0	0	0	0
GF5_A1_D81	0	0	0	0	0.33733	0	0	0	0	0	97.81111	1.85156	0	0	0	0	0	0	0	0	0	0	0	0	0	0	0	0	0	0	0
GF5_A1_D82	0	0	0	0	0	0	0	0	0	0	0	0	0	0	0	0	0	0	0	0	0	0	0	0	0	0	0	0	0	0	0
GF5_A1_D83	0	0	0	0	0	0	0	0	0	0	0	96.7977	0	0	0	0	0	0	0	0	3.2023	0	0	0	0	0	0	0	0	0	0
GF5_A1_D88	0	0	0	0	6.87218	0	36.9747	0	0	0	45.10979	1.57841	0	0	0	0	0	0	0	0	9.46492	0	0	0	0	0	0	0	0	0	0
GF5_A2_COLON_190628	0	0	0	0	0	0	0	0	0	0	0	0	0	0	0	0	0	0	0	0	100	0	0	0	0	0	0	0	0	0	0
GF5_A2_D46	0	0	0	0	1.28945	0	0.29548	0	0	0	94.37087	1.20077	0	0	0	0	0	0	0	0	0.71645	0	0	0	0	0	0	0	0	2.12698	0
GF5_A2_D48	0	0	0	0	69.6031	0	17.67926	0	0	0	7.17711	2.38966	0	0	0	0	0	0	0	0.20685	2.94402	0	0	0	0	0	0	0	0	0	0
GF5_A2_D79	0	0	0	0	9.06376	0	2.47922	0	0	0	87.57192	0.8851	0	0	0	0	0	0	0	0	0	0	0	0	0	0	0	0	0	0	0
GF5_A2_D80	0	0	0	0	0	0	0	0	0	0	100	0	0	0	0	0	0	0	0	0	0	0	0	0	0	0	0	0	0	0	0
GF5_A3_COLON_190628	0	0	0	0	0	0	18.31069	0	0	0	14.44556	64.78981	0	0	0	0	0	0	0	0	2.45394	0	0	0	0	0	0	0	0	0	0
GF5_A3_D46	0	0	0	0	6.6925	0	0	0	0	0	88.11358	5.11045	0	0	0	0	0	0	0	0	0.08347	0	0	0	0	0	0	0	0	0	0
GF5_A3_D80	0	0	0	0	0	0	0	0	0	0	0	0	0	0	0	0	0	0	0	0	0	0	0	0	0	0	0	0	0	0	0
GF5_A4_COLON_190628	0	0	0	0	0	0	0	0	0	0	0	0	0	0	0	0	0	0	0	0	0	0	0	0	0	0	0	0	0	0	0
GF5_A4_D46	0	0	0	0	1.372	0	0	0	0	0	95.20882	3.41918	0	0	0	0	0	0	0	0	0	0	0	0	0	0	0	0	0	0	0
GF5_A4_D48	0	0	0	0	0	0	0	0	0	0	0	100	0	0	0	0	0	0	0	0	0	0	0	0	0	0	0	0	0	0	0
GF5_A4_D79	0	0	0	0	0	0	0	0	0	0	0	0	0	0	0	0	0	0	0	0	0	0	0	0	0	0	0	0	0	0	0
GF5_A5_D46	0	0	0	0	1.24414	0	0.02816	0	0	0	97.23958	1.02289	0	0	0	0	0	0	0	0	0.46523	0	0	0	0	0	0	0	0	0	0
GF5_A5_D47	0	0	0	0	0	0	0	0	0	0	0	0	0	0	0	0	0	0	0	0	0	0	0	0	0	0	0	0	0	0	0
GF5_A5_D79	0	0	0	0	0	0	0	0	0	0	54.69699	45.30301	0	0	0	0	0	0	0	0	0	0	0	0	0	0	0	0	0	0	0
GF5_A5_D80	0	0	0	0	0	0	100	0	0	0	0	0	0	0	0	0	0	0	0	0	0	0	0	0	0	0	0	0	0	0	0
GF5_A6_COLON_190628	0	0	0	0	0	0	0	0	0	0	0	0	0	0	0	0	0	0	0	0	0	0	0	0	0	0	0	0	0	0	0
GF5_A6_D81	0	0	0	0	1.42213	0	0	0	0	0	85.61308	12.96479	0	0	0	0	0	0	0	0	0	0	0	0	0	0	0	0	0	0	0
GF5_A6_D82	0	0	0	0	12.94094	0	53.35723	0	0	0	27.8839	4.12917	0	0	0	0	0.22636	0	0	0	1.14872	0	0	0	0	0	0	0	0	0.31367	0
GF5_A7_COLON_190628	0	0	0	0	0	0	0	0	0	0	0	0	0	0	0	0	0	0	0	0	0	0	0	0	0	0	0	0	0	0	0
GF5_A7_COLON_190815	0	0	0	0	84.61875	0	2.64183	0	0	0	2.55003	5.47999	0	0	0	0	0.36595	0	0	0	0	0	0	0	0	0	0	0	0	4.34345	0
GF5_A7_D46	0	0	0	0	0.9025	0	0	0	0	0	91.06258	8.03493	0	0	0	0	0	0	0	0	0	0	0	0	0	0	0	0	0	0	0
GF5_A7_D79	0	0	0	0	0.47309	0	17.10171	0	0	0	10.61838	68.78224	0	0	0	0	0	0	0	0	3.02457	0	0	0	0	0	0	0	0	0	0
GF5_A7_D80	0	0	0	0	17.11014	0	29.70858	0	0	0	22.30684	27.78751	0	0	0	0	0	0	0	0	3.08693	0	0	0	0	0	0	0	0	0	0
GF5_A7_D81	0	0	0	0	12.03925	0	71.37872	0	0	0	5.1879	11.39413	0	0	0	0	0	0	0	0	0	0	0	0	0	0	0	0	0	0	0
GF5_A7_D82	0	0	0	0	60.00185	0	39.99815	0	0	0	0	0	0	0	0	0	0	0	0	0	0	0	0	0	0	0	0	0	0	0	0
GF5_A7_D83	0	0	0	0	0	0	86.19761	0	0	0	0	0	0	0	0	0	0	0	0	0	13.80239	0	0	0	0	0	0	0	0	0	0
GF5_A7_D84	0	0	0	0	0.92209	0	87.17745	0	0	0	4.59724	5.65575	0	0	0	0	0	0	0	0	1.64746	0	0	0	0	0	0	0	0	0	0
GF5_A7_D87	0	0	0	0	43.7685	0	35.04102	0	0	0	5.34756	2.0601	0	0	0	0	0	0	0	0	6.04114	0	0	0	0	0	0	0	0	7.74168	0
GF5_A8_COLON_190815	0	0	0	0	61.13288	0	12.73817	0	0	0	3.16993	7.27836	0	0	0	0	0.52765	0	0	0	0.59445	0	0	0	0	0	0	0	0	14.55856	0
GF5_A8_D79	0	0	0	0	0.36358	0	0.17161	0	0	0	81.90129	17.05892	0	0	0	0	0	0	0	0	0.5046	0	0	0	0	0	0	0	0	0	0
GF5_A8_D83	0	0	0	0	0	0	84.38179	0	0	0	0	1.14824	0	0	0	0	0	0	0	0	14.46998	0	0	0	0	0	0	0	0	0	0
GF5_A8_D87	0	0	0	0	2.10524	0	82.31247	0	0	0	4.25958	1.24724	0	0	0	0	0	0	0	0	10.07547	0	0	0	0	0	0	0	0	0	0
GF5_B_COLON_M1	0	0	0	0	0	0	0	0	0	0	100	0	0	0	0	0	0	0	0	0	0	0	0	0	0	0	0	0	0	0	0
GF5_B_COLON_M2	0	0	0	0	0	0	0	0	0	0	80.37862	19.62138	0	0	0	0	0	0	0	0	0	0	0	0	0	0	0	0	0	0	0
GF5_B_COLON_M3	0	0	0	0	0	0	0	0	0	0	0	0	0	0	0	0	0	0	0	0	0	0	0	0	0	0	0	0	0	0	0
GF5_B_COLON_M4	0	0	0	0	0	0	0	0	0	0	0	0	0	0	0	0	0	0	0	0	0	0	0	0	0	0	0	0	0	0	0
GF5_B_COLON_P1	0	0	0	0	100	0	0	0	0	0	0	0	0	0	0	0	0	0	0	0	0	0	0	0	0	0	0	0	0	0	0
GF5_B_DAM_D3	0.28526	0	0	0	44.13889	0	40.48939	0	0	0	5.44688	1.79114	0	0	0	0	0.58774	0	0	0.62923	6.53763	0	0	0	0	0	0	0	0	0.09383	0
GF5_B1_COLON_190815	0	0	0	0	6.1868	0	70.58901	0	0	0	4.79125	4.96663	0	0	0	0	0	0	0	0	1.41464	0	0	0	0	0	0	0	0	12.05166	0
GF5_B1_D80	0	0	0	0	0	0	0.63575	0	0	0	97.7295	1.58762	0	0	0	0	0	0	0	0	0.04714	0	0	0	0	0	0	0	0	0	0
GF5_B1_D82	0	0	0	0	7.63627	0	10.69416	0	0	0	66.69783	8.86903	0	0	0	0	0	0	0	0	4.8737	0	0	0	0	0	0	0	0	1.22902	0
GF5_B1_D83	0	0	0	0	0	0	4.3479	0	0	0	66.84689	14.7662	0	0	0	0	0	0	0	0	14.03902	0	0	0	0	0	0	0	0	0	0
GF5_B1_D84	0	0	0	0	0	0	7.72789	0	0	0	63.4533	10.55343	0	0	0	0	0	0	0	0	18.26538	0	0	0	0	0	0	0	0	0	0
GF5_B2_D79	0	0	0	0	0	0	0	0	0	0	100	0	0	0	0	0	0	0	0	0	0	0	0	0	0	0	0	0	0	0	0
GF5_B2_D80	0	0	0	0	0	0	0	0	0	0	100	0	0	0	0	0	0	0	0	0	0	0	0	0	0	0	0	0	0	0	0
GF5_B3_COLON_190815	0	0	0	0	9.90658	0	75.8864	0	0	0	6.71698	7.27749	0	0	0	0	0.21255	0	0	0	0	0	0	0	0	0	0	0	0	0	0
GF5_B3_D79	0	0	0	0	0.11946	0	0	0	0	0	97.60101	2.27953	0	0	0	0	0	0	0	0	0	0	0	0	0	0	0	0	0	0	0
GF5_B3_D81	0	0	0	0	0	0	76.66564	0	0	0	7.14396	3.58245	0	0	0	0	0.55908	0	0	0	12.04887	0	0	0	0	0	0	0	0	0	0
GF5_B3_D82	0	0	0	0	0	0	10.9504	0	0	0	51.33589	17.15864	0	0	0	0	0	0	0	0	20.55506	0	0	0	0	0	0	0	0	0	0
GF5_B3_D83	0	0	0	0	0	0	11.06051	0	0	0	66.73203	11.21946	0	0	0	0	0.4468	0	0	0	10.54121	0	0	0	0	0	0	0	0	0	0
GF5_B4_D79	0	0	0	0	0.42286	0	15.85025	0	0	0	27.55271	41.74849	0	0	0	0	8.86763	0	0	0	5.33023	0.22784	0	0	0	0	0	0	0	0	0
GF5_B5_D79	0	0	0	0	0.43635	0	0	0	0	0	26.6533	72.91035	0	0	0	0	0	0	0	0	0	0	0	0	0	0	0	0	0	0	0
GF5_B5_D80	0	0	0	0	0	0	0	0	0	0	37.37289	62.62711	0	0	0	0	0	0	0	0	0	0	0	0	0	0	0	0	0	0	0
GF5_B6_COLON_190815	0	0	0	0	20.56245	0	46.23977	0	0	0	6.31416	11.25762	0	0	0	0	1.46622	0	0	0	0.6912	0	0	0	0	0	0	0	0	13.46858	0
GF5_B6_D79	0	0	0	0	0	0	1.2353	0	0	0	85.29699	12.2472	0	0	0	0	0	0	0	0	1.22051	0	0	0	0	0	0	0	0	0	0
GF5_B6_D84	0	0	0	0	0.35657	0	92.22558	0	0	0	4.90054	0.4513	0	0	0	0	1.16524	0	0	0	0.90076	0	0	0	0	0	0	0	0	0	0
GF5_B7_COLON_190815	0	0	0	0	12.86159	0	39.53515	0	0	0	10.28342	28.64537	0	0	0	0	1.20582	0	0	0	1.58832	0	0	0	0	0	0	0	0	5.88034	0
GF5_B7_D79	0	0	0	0	0.14619	0	1.5457	0	0	0	2.66724	94.79631	0	0	0	0	0	0	0	0	0.84457	0	0	0	0	0	0	0	0	0	0
GF5_B7_D80	0	0	0	0	0.01591	0	66.74415	0	0	0	11.14125	11.0072	0	0	0	0	5.32199	0	0	0	5.7695	0	0	0	0	0	0	0	0	0	0
GF5_B7_D82	0	0	0	0	0	0	78.72592	0	0	0	10.81558	1.68476	0	0	0	0	0.95285	0	0	0	7.82089	0	0	0	0	0	0	0	0	0	0
GF5_B7_D84	0	0	0	0	0	0	0	0	0	0	0	0	0	0	0	0	0	0	0	0	0	0	0	0	0	0	0	0	0	0	0
GF5_C_DAM_D0	0	0	0	0	0	0	0	0	0	0	0	0	0	0	0	0	0	0	0	0	0	0	0	0	0	0	0	0	0	0	0
GF5_C_DAM_D24	0.07427	0	0	0	26.8988	0	41.23336	0	0	0	3.11275	1.15787	0	0	0	0	0.17925	0	0	0.70322	8.41787	0	0	0	0	0	0	0	0	18.22261	0
GF5_C_DAM_D3	0.49972	0	0	0	51.64013	0	37.09784	0	0	0	3.72737	1.28179	0	0	0	0	0.00768	0	0	0.11644	5.62902	0	0	0	0	0	0	0	0	0	0
GF5_C1_COLON_190628	0	0	0	0	0.96743	0	59.96526	0	0	0	15.54555	0.6502	0	0	0	0	0.62119	0	0	0	22.25037	0	0	0	0	0	0	0	0	0	0
GF5_C1_COLON_190815	0	0	0	0	0	0	18.66892	0	0	0	78.81677	0	0	0	0	0	0	0	0	0	2.51431	0	0	0	0	0	0	0	0	0	0
GF5_C1_D46	0	0	0	0	0.02131	0	5.55807	0	0	0	88.94828	0.8027	0	0	0	0	0.43297	0	0	0	2.13675	0	0	0	0	0	0	0	0	2.09992	0
GF5_C1_D47	0.13587	0	0	0	0	0	13.83752	0	0	0	66.58489	1.96302	0	0	0	0	5.66158	0	0	5.17986	3.3989	0	0	0	0	0	0	0	0	3.23835	0
GF5_C1_D48	0	0	0	0	10.12398	0	21.42271	0	0	0	40.35596	2.21057	0	0	0	0	2.56173	0	0	0.08892	18.74403	0	0	0	0	0	0	0	0	4.4921	0
GF5_C2_COLON_190815	0	0	0	0	0	0	0	0	0	0	100	0	0	0	0	0	0	0	0	0	0	0	0	0	0	0	0	0	0	0	0
GF5_C2_D46	0	0	0	0	0.74889	0	3.60071	0	0	0	89.19416	1.69315	0	0	0	0	0	0	0	0	1.132	0	0	0	0	0	0	0	0	3.63109	0
GF5_C3_COLON_190628	0	0	0	0	0	0	63.61191	0	0	0	21.96676	0	0	0	0	0	0	0	0	0	14.42133	0	0	0	0	0	0	0	0	0	0
GF5_C3_COLON_190815	0	0	0	0	0	0	0	0	0	0	100	0	0	0	0	0	0	0	0	0	0	0	0	0	0	0	0	0	0	0	0
GF5_C3_D46	0	0	0	0	1.30364	0	0.01991	0	0	0	96.9866	1.68984	0	0	0	0	0	0	0	0	0	0	0	0	0	0	0	0	0	0	0
GF5_C4_COLON_190628	0	0	0	0	0	0	37.59397	0	0	0	40.15933	7.0066	0	0	0	0	0	0	0	0	15.24011	0	0	0	0	0	0	0	0	0	0
GF5_C4_D46	0	0	0	0	0.76863	0	0	0	0	0	83.58961	15.64176	0	0	0	0	0	0	0	0	0	0	0	0	0	0	0	0	0	0	0
GF5_C4_D47	0	0	0	0	0	0	0	0	0	0	93.87355	6.12645	0	0	0	0	0	0	0	0	0	0	0	0	0	0	0	0	0	0	0
GF5_C5_COLON_190628	0	0	0	0	0	0	43.45124	0	0	0	28.03501	14.01906	0	0	0	0	0	0	0	0	14.49469	0	0	0	0	0	0	0	0	0	0
GF5_C5_D47	0	0	0	0	2.37838	0	0	0	0	0	96.24593	1.37569	0	0	0	0	0	0	0	0	0	0	0	0	0	0	0	0	0	0	0
GF5_C6_D46	0	0	0	0	1.64819	0	0	0	0	0	97.54577	0.80604	0	0	0	0	0	0	0	0	0	0	0	0	0	0	0	0	0	0	0
GF5_COLON_A1	0	0	0	0	0	0	0	0	0	0	100	0	0	0	0	0	0	0	0	0	0	0	0	0	0	0	0	0	0	0	0
GF5_COLON_A2	0	0	0	0	0	0	0	0	0	0	100	0	0	0	0	0	0	0	0	0	0	0	0	0	0	0	0	0	0	0	0
GF5_EMPTY	0	0	0	0	0	0	0	0	0	0	0	0	0	0	0	0	0	0	0	0	0	0	0	0	0	0	0	0	0	0	0
GF6_A1_COLON_D54	0	0	0	0	0	0	67.79281	0	0	0	18.71182	0.15083	0	0	0	0	0	0	0	4.15767	9.18688	0	0	0	0	0	0	0	0	0	0
GF6_A1_COLON_D88	0	0	0	0	0	0	14.74457	0	0	0	76.96682	1.54785	0	0	0	0	0	0	0	0	6.74076	0	0	0	0	0	0	0	0	0	0
GF6_A1_D53	0	0	0	0	1.2494	0	15.32771	0	0	0	78.77588	2.17776	0	0	0	0	0.10586	0	0	0	2.36339	0	0	0	0	0	0	0	0	0	0
GF6_A1_D87	0	0	0	0	0	0	0	0	0	0	41.73272	58.26728	0	0	0	0	0	0	0	0	0	0	0	0	0	0	0	0	0	0	0
GF6_A1_D88	0	0	0	0	0	0	0	0	0	0	0	0	0	0	0	0	0	0	0	0	0	0	0	0	0	0	0	0	0	0	0
GF6_A2_COLON_D105	0	0	0	0	21.83993	0	46.57819	0	0	0	0.64164	0	0	0	0	0	0	0	0	0	24.23879	0	0	0	0	0	0	0	0	6.70145	0
GF6_A2_COLON_D54	0	0	0	0	0.20931	0	42.1073	0	0	0	29.72282	0	0	0	0	0	0	0	0	0	27.96057	0	0	0	0	0	0	0	0	0	0
GF6_A2_D51	0	0	0	0	0	0	0	0	0	0	86.31281	13.68719	0	0	0	0	0	0	0	0	0	0	0	0	0	0	0	0	0	0	0
GF6_A2_D52	0	0	0	0	0	0	0	0	0	0	100	0	0	0	0	0	0	0	0	0	0	0	0	0	0	0	0	0	0	0	0
GF6_A2_D87	0	0	0	0	12.59974	0	10.96316	0	0	0	70.80727	3.92079	0	0	0	0	0	0	0	0	1.70905	0	0	0	0	0	0	0	0	0	0
GF6_A2_D93	0	0	0	0	1.81383	0	60.74201	0	0	0	23.66409	0.8139	0	0	0	0	1.9098	0	0	0	5.98389	0	0	0	0	0	0	0	0	5.07249	0
GF6_A3_COLON_D54	0	0	0	0	0	0	74.4501	0	0	0	16.87236	0	0	0	0	0	0	0	0	0	8.67753	0	0	0	0	0	0	0	0	0	0
GF6_A3_COLON_D88	0	0	0	0	0	0	1.115	0	0	0	93.91764	0	0	0	0	0	0	0	0	0	4.47014	0	0	0	0	0	0	0	0	0.49722	0
GF6_A3_D51	0	0	0	0	11.91587	0	0.14675	0	0	0	82.11532	5.82206	0	0	0	0	0	0	0	0	0	0	0	0	0	0	0	0	0	0	0
GF6_A3_D52	0	0	0	0	0.80719	0	5.9022	0	0	0	74.44219	14.92847	0	0	0	0	0	0	0	0	3.91994	0	0	0	0	0	0	0	0	0	0
GF6_A3_D53	0	0	0	0	2.21508	0	23.49465	0	0	0	64.46915	3.46347	0	0	0	0	0	0	0	2.40551	3.95213	0	0	0	0	0	0	0	0	0	0
GF6_A3_D87	0	0	0	0	0	0	0	0	0	0	100	0	0	0	0	0	0	0	0	0	0	0	0	0	0	0	0	0	0	0	0
GF6_A4_COLON_D105	0	0	0	0	22.21706	0	49.87827	0	0	0	0.959	0	0.89214	0	0	0	0	0	0	0	20.40097	0	0	0	0	0	0	0	0	5.65256	0
GF6_A4_COLON_D54	0	0	0	0	0	0	42.10729	0	0	0	44.39342	0	0	0	0	0	0	0	0	0.64843	12.85086	0	0	0	0	0	0	0	0	0	0
GF6_A4_D51	0	0	0	0	0	0	0	0	0	0	71.26042	28.73958	0	0	0	0	0	0	0	0	0	0	0	0	0	0	0	0	0	0	0
GF6_A4_D53	0	0	0	0	2.50157	0	11.52506	0	0	0	75.42938	7.85671	0	0	0	0	0	0	0	0.16322	2.52405	0	0	0	0	0	0	0	0	0	0
GF6_A4_D93	0	0	0	0	1.94222	0	76.1031	0	0	0	15.43345	1.26584	0	0	0	0	1.73111	0	0	0	3.52428	0	0	0	0	0	0	0	0	0	0
GF6_A5_COLON_D105	0	0	0	0	27.7575	0	40.71845	0	0	0	1.5423	0	0	0	0	0	0	0	0	0	17.1272	0	0	0	0	0	0	0	0	12.85455	0
GF6_A5_D51	0	0	0	0	0	0	0	0	0	0	83.02469	16.97531	0	0	0	0	0	0	0	0	0	0	0	0	0	0	0	0	0	0	0
GF6_A5_D87	0	0	0	0	0	0	0	0	0	0	93.52004	0	0	0	0	0	0	0	0	0	0	6.47996	0	0	0	0	0	0	0	0	0
GF6_A5_D90	0	0	0	0	32.65667	0	9.78289	0	0	0	47.57398	4.94552	0	0	0	0	0	0	0	0	5.04094	0	0	0	0	0	0	0	0	0	0
GF6_A5_D91	0.07662	0	0	0	7.51813	0	28.60036	0	0	0	44.20969	11.98946	0	0	0	0	0	0	0	0	7.60575	0	0	0	0	0	0	0	0	0	0
GF6_A6_COLON_D105	0	0	0	0	13.38067	0	64.44653	0	0	0	1.74764	0.08344	0	0	0	0	0	0	0	0	12.60894	0	0	0	0	0	0	0	0	7.73277	0
GF6_A6_COLON_D54	0	0	0	0	0.42237	0	73.93997	0	0	0	15.96755	0.1082	0	0	0	0	0	0	0	0	9.5619	0	0	0	0	0	0	0	0	0	0
GF6_A6_D53	0	0	0	0	0.91311	0	5.23521	0	0	0	74.1701	12.12825	0	0	0	0	0.72429	0	0	0	6.82904	0	0	0	0	0	0	0	0	0	0
GF6_A6_D87	0	0	0	0	0	0	0	0	0	0	93.49071	6.50929	0	0	0	0	0	0	0	0	0	0	0	0	0	0	0	0	0	0	0
GF6_A6_D88	0	0	0	0	0	0	0	0	0	0	89.91839	10.08161	0	0	0	0	0	0	0	0	0	0	0	0	0	0	0	0	0	0	0
GF6_A6_D91	0.01969	0	0	0	1.27025	0	46.125	0	0	0	24.06333	13.9797	0	0	0	0	1.97984	0	0	0	12.5622	0	0	0	0	0	0	0	0	0	0
GF6_A7_D87	0	0	0	0	0	0	0	0	0	0	100	0	0	0	0	0	0	0	0	0	0	0	0	0	0	0	0	0	0	0	0
GF6_A8_COLON_D105	0	0	0	0	16.7386	0	56.61136	0	0	0	1.19521	0.90874	0	0	0	0	0	0	0	0	23.57621	0	0	0	0	0	0	0	0	0.96988	0
GF6_A8_COLON_D54	0	0	0	0	0	0	71.26331	0	0	0	6.84698	0	0	0	0	0	0	0	0	0	21.88971	0	0	0	0	0	0	0	0	0	0
GF6_A8_D51	0	0	0	0	1.70156	0	0	0	0	0	92.30057	5.99787	0	0	0	0	0	0	0	0	0	0	0	0	0	0	0	0	0	0	0
GF6_A8_D52	0	0	0	0	0	0	0	0	0	0	92.35105	7.64895	0	0	0	0	0	0	0	0	0	0	0	0	0	0	0	0	0	0	0
GF6_A8_D53	0	0	0	0	3.66071	0	39.3345	0	0	0	30.24762	5.11683	0	0	0	0	7.28166	0	0	0	14.35868	0	0	0	0	0	0	0	0	0	0
GF6_A8_D89	0	0	0	0	0.51218	0	45.06022	0	0	0	39.02988	3.93474	0	0	0	0	4.6839	0	0	0	6.77909	0	0	0	0	0	0	0	0	0	0
GF6_A8_D91	0	0	0	0	13.16728	0	58.71365	0	0	0	8.60169	0	0	0	0	0	0.97064	0	0	0	15.90579	0	0	0	0	0	0	0	0	2.64095	0
GF6_A8_D93	0	0	0	0	2.82614	0	61.98682	0	0	0	18.14352	0.84992	0	0	0	0	1.45369	0	0	0	2.92771	0	0	0	0	0	0	0	0	11.8122	0
GF6_ADAM_D0	0	0	0	0	0	0	8.47252	0	0	0	31.16246	0	55.28347	0	0	0	0	0	0	0	3.23819	1.84337	0	0	0	0	0	0	0	0	0
GF6_ADAM_D67	0	0	0	0	0	0	0	0	0	0	0	0	0	0	0	0	0	0	0	0	0	0	0	0	0	0	0	0	0	0	0
GF6_ASIRE_D57	7.55492	0	0	0	53.3466	0	16.79689	0	0	0	3.85936	2.19677	0	0	0	0	0.43767	0	0	5.53985	5.24269	0	0	0	0	0	0	0	0	5.02526	0
GF6_B_DAM_D22	0.05371	0	0	0	55.45101	0	32.91973	0	0	0	4.40991	4.0977	0	0	0	0	0.09859	0	0	0	2.96937	0	0	0	0	0	0	0	0	0	0
GF6_B1_COLON_D105	0	0	0	0	0	0	0	0	0	0	0	0	0	0	0	0	0	0	0	0	0	0	0	0	0	0	0	0	0	0	0
GF6_B1_D63	0	0	0	0	1.85168	0	0	0	0	0	96.77514	1.37318	0	0	0	0	0	0	0	0	0	0	0	0	0	0	0	0	0	0	0
GF6_B1_D64	0	0	0	0	1.91589	0	0.62809	0	0	0	95.31826	1.95817	0	0	0	0	0	0	0	0.04584	0.13374	0	0	0	0	0	0	0	0	0	0
GF6_B1_D66	0	0	0	0	0	0	92.42772	0	0	0	0	0	0	0	0	0	0	0	0	0	7.57228	0	0	0	0	0	0	0	0	0	0
GF6_B1_D87	0	0	0	0	0	0	0	0	0	0	100	0	0	0	0	0	0	0	0	0	0	0	0	0	0	0	0	0	0	0	0
GF6_B1_D89	0	0	0	0	58.22707	0	18.39759	0	0	0	6.2158	14.01609	0	0	0	0	0	0	0	0	3.14346	0	0	0	0	0	0	0	0	0	0
GF6_B1_D91	0	0	0	0	22.20171	0	43.81288	0	0	0	6.36718	17.47679	0	0	0	0	0	0	0	0	10.14145	0	0	0	0	0	0	0	0	0	0
GF6_B1_D93	0	0	0	0	2.17353	0	27.84558	0	0	0	52.89775	5.77667	0	0	0	0	3.11328	0	0	0	8.19319	0	0	0	0	0	0	0	0	0	0
GF6_B10_D63	0	0	0	0	0.27419	0	0	0	0	0	98.54032	1.18549	0	0	0	0	0	0	0	0	0	0	0	0	0	0	0	0	0	0	0
GF6_B10_D64	0	0	0	0	0.87194	0	2.18546	0	0	0	91.96378	4.50205	0	0	0	0	0	0	0	0.07735	0.39942	0	0	0	0	0	0	0	0	0	0
GF6_B10_D66	0	0	0	0	0	0	0	0	0	0	0	0	0	0	0	0	0	0	0	0	0	0	0	0	0	0	0	0	0	0	0
GF6_B2_COLON_D105	0	0	0	0	22.18197	0	47.38636	0	0	0	2.71364	1.06454	0	0	0	0	0	0	0	0	26.55432	0	0	0	0	0	0	0	0	0.09916	0
GF6_B2_D63	0	0	0	0	0.72208	0	3.25704	0	0	0	55.57515	39.53474	0	0	0	0	0	0	0	0	0.77639	0.13461	0	0	0	0	0	0	0	0	0
GF6_B2_D66	0	0	0	0	0	0	15.18677	0	0	0	78.40132	1.86624	0	0	0	0	0	0	0	0	4.54567	0	0	0	0	0	0	0	0	0	0
GF6_B2_D87	0	0	0	0	0	0	5.56155	0	0	0	83.4369	10.63204	0	0	0	0	0	0	0	0	0.36951	0	0	0	0	0	0	0	0	0	0
GF6_B2_D89	0	0	0	0	69.18771	0	0	0	0	0	0	30.81229	0	0	0	0	0	0	0	0	0	0	0	0	0	0	0	0	0	0	0
GF6_B3_COLON_D105	0	0	0	0	24.89896	0	47.91118	0	0	0	1.93885	0.82679	0	0	0	0	0	0	0	0	24.42422	0	0	0	0	0	0	0	0	0	0
GF6_B3_D63	0	0	0	0	1.22541	0	0	0	0	0	94.90952	3.86507	0	0	0	0	0	0	0	0	0	0	0	0	0	0	0	0	0	0	0
GF6_B3_D66	0	0	0	0	0.29986	0	67.14268	0	0	0	16.32973	3.53474	0	0	0	0	0	0	0	1.62569	11.0673	0	0	0	0	0	0	0	0	0	0
GF6_B3_D87	0	0	0	0	1.53608	0	14.87298	0	0	0	70.74205	11.55034	0	0	0	0	0	0	0	0.55326	0.74529	0	0	0	0	0	0	0	0	0	0
GF6_B3_D89	0	0	0	0	0	0	0	0	0	0	100	0	0	0	0	0	0	0	0	0	0	0	0	0	0	0	0	0	0	0	0
GF6_B3_D91	0	0	0	0	12.54179	0	69.08817	0	0	0	0	11.82573	0	0	0	0	0	0	0	0	6.54431	0	0	0	0	0	0	0	0	0	0
GF6_B3_D93	0	0	0	0	48.41796	0	42.63441	0	0	0	4.27411	2.73232	0	0	0	0	0	0	0	0	1.9412	0	0	0	0	0	0	0	0	0	0
GF6_B4_COLON_D105	0	0	0	0	28.72467	0	42.49702	0	0	0	2.54208	0.88337	0	0	0	0	0	0	0	0	24.36324	0	0	0	0	0	0	0	0	0.98963	0
GF6_B4_D64	0	0	0	0	2.14736	0	1.90399	0	0	0	91.69195	3.892	0	0	0	0	0	0	0	0	0.3647	0	0	0	0	0	0	0	0	0	0
GF6_B4_D66	0	0	0	0	0	0	100	0	0	0	0	0	0	0	0	0	0	0	0	0	0	0	0	0	0	0	0	0	0	0	0
GF6_B4_D87	0	0	0	0	1.53934	0	11.63394	0	0	0	73.18462	12.38831	0	0	0	0	0	0	0	0.18406	1.06973	0	0	0	0	0	0	0	0	0	0
GF6_B4_D89	0	0	0	0	40.8675	0	0	0	0	0	0	59.1325	0	0	0	0	0	0	0	0	0	0	0	0	0	0	0	0	0	0	0
GF6_B4_D90	0	0	0	0	0	0	0	0	0	0	0	0	0	0	0	0	0	0	0	0	0	0	0	0	0	0	0	0	0	0	0
GF6_B4_D93	0	0	0	0	28.33239	0	56.20303	0	0	0	10.36886	1.42168	0	0	0	0	0	0	0	0	3.67403	0	0	0	0	0	0	0	0	0	0
GF6_B5_COLON_D105	0	0	0	0	25.708	0	46.7356	0	0	0	2.89932	1.06112	0	0	0	0	0	0	0	0	23.59597	0	0	0	0	0	0	0	0	0	0
GF6_B5_D66	0	0	0	0	0	0	77.26396	0	0	0	0	0	0	0	0	0	0	0	0	0	22.73604	0	0	0	0	0	0	0	0	0	0
GF6_B5_D87	0	0	0	0	0	0	0	0	0	0	0	0	0	0	0	0	0	0	0	0	0	0	0	0	0	0	0	0	0	0	0
GF6_B5_D90	0	0	0	0	56.18828	0	0	0	0	0	0	34.8996	0	0	0	0	0	0	0	0	0	8.91212	0	0	0	0	0	0	0	0	0
GF6_B5_D91	0	0	0	0	67.8098	0	0	0	0	0	0	32.1902	0	0	0	0	0	0	0	0	0	0	0	0	0	0	0	0	0	0	0
GF6_B6_COLON_D105	0	0	0	0	25.53486	0	44.72691	0	0	0	3.00936	0.91414	0	0	0	0	0.19942	0	0	0	25.61531	0	0	0	0	0	0	0	0	0	0
GF6_B6_D63	0	0	0	0	1.05813	0	0	0	0	0	91.59195	7.34992	0	0	0	0	0	0	0	0	0	0	0	0	0	0	0	0	0	0	0
GF6_B6_D64	0	0	0	0	1.33957	0	1.45719	0	0	0	90.47678	6.04352	0	0	0	0	0	0	0	0.13206	0.52301	0.02788	0	0	0	0	0	0	0	0	0
GF6_B6_D66	0	0	0	0	0	0	76.51673	0	0	0	9.38723	0.63889	0	0	0	0	0	0	0	0	13.45714	0	0	0	0	0	0	0	0	0	0
GF6_B6_D87	0	0	0	0	0	0	0	0	0	0	100	0	0	0	0	0	0	0	0	0	0	0	0	0	0	0	0	0	0	0	0
GF6_B6_D90	0	0	0	0	55.92411	0	0	0	0	0	0	44.07589	0	0	0	0	0	0	0	0	0	0	0	0	0	0	0	0	0	0	0
GF6_B6_D91	0	0	0	0	17.86355	0	0	0	0	0	0	82.13645	0	0	0	0	0	0	0	0	0	0	0	0	0	0	0	0	0	0	0
GF6_B6_D93	0	0	0	0	1.01776	0	25.32	0	0	0	38.31445	21.44608	0	0	0	0	0	0	0	0	13.9017	0	0	0	0	0	0	0	0	0	0
GF6_B7_COLON_D105	0	0	0	0	12.40464	0	62.08368	0	0	0	2.79152	0.29836	0	0	0	0	0	0	0	0	22.4218	0	0	0	0	0	0	0	0	0	0
GF6_B7_D63	0	0	0	0	1.33669	0	0	0	0	0	81.78272	16.88059	0	0	0	0	0	0	0	0	0	0	0	0	0	0	0	0	0	0	0
GF6_B7_D66	0	0	0	0	0	0	72.23201	0	0	0	22.46226	1.63209	0	0	0	0	0	0	0	0	3.67364	0	0	0	0	0	0	0	0	0	0
GF6_B7_D87	0	0	0	0	0	0	0	0	0	0	98.96089	1.03911	0	0	0	0	0	0	0	0	0	0	0	0	0	0	0	0	0	0	0
GF6_B7_D90	0	0	0	0	62.42619	0	0	0	0	0	0	36.89766	0	0	0	0	0	0	0	0.38536	0	0.2908	0	0	0	0	0	0	0	0	0
GF6_B7_D91	0	0	0	0	100	0	0	0	0	0	0	0	0	0	0	0	0	0	0	0	0	0	0	0	0	0	0	0	0	0	0
GF6_B7_D93	0	0	0	0	0	0	70.87102	0	0	0	18.13017	3.30396	0	0	0	0	0	0	0	0	7.69485	0	0	0	0	0	0	0	0	0	0
GF6_B8_COLON_D105	0.36394	0	0	0	11.22074	0	61.13897	0	0	0	5.40532	1.55647	6.08026	0	0	0	0.09483	0	0	0.42978	12.19837	0	0	0	0	0	0	0	0	1.51131	0
GF6_B8_D63	0	0	0	0	1.32866	0	0.27722	0	0	0	94.59574	3.79838	0	0	0	0	0	0	0	0	0	0	0	0	0	0	0	0	0	0	0
GF6_B8_D66	0	0	0	0	0	0	63.30618	0	0	0	14.58475	6.72359	0	0	0	0	0.43062	0	0	0	14.95485	0	0	0	0	0	0	0	0	0	0
GF6_B8_D91	0	0	0	0	0.64463	0	43.83914	0	0	0	11.46753	31.81388	0	0	0	0	0	0	0	0	12.23483	0	0	0	0	0	0	0	0	0	0
GF6_B9_D63	0	0	0	0	0	0	0	0	0	0	0	0	0	0	0	0	0	0	0	0	0	0	0	0	0	0	0	0	0	0	0
GF6_B9_D66	0	0	0	0	0	0	66.27248	0	0	0	7.48158	0	0	0	0	0	0.11763	0	0	0	26.12831	0	0	0	0	0	0	0	0	0	0
GF6_GF6MERO3_COLON	0	0	0	0	0	0	0	0	0	0	0	0	0	0	0	0	0	0	0	0	0	0	0	0	0	0	0	0	0	0	0
GF6_GFMERO1_COLON	0	0	0	0	0	0	0	0	0	0	0	0	0	0	0	0	0	0	0	0	0	0	0	0	0	0	0	0	0	0	0
GF6_GFMERO2_COLON	0	0	0	0	0	0	0	0	0	0	0	0	0	0	0	0	0	0	0	0	0	0	0	0	0	0	0	0	0	0	0
GF6_GFPBS1_COLON	0	0	0	0	0	0	0	0	0	0	0	0	0	0	0	0	0	0	0	0	100	0	0	0	0	0	0	0	0	0	0
GF6_GFPBS2_COLON	0	0	0	0	0	0	0	0	0	0	0	0	0	0	0	0	0	0	0	0	100	0	0	0	0	0	0	0	0	0	0
GF6_GFPBS3_COLON	0	0	0	0	0	0	0	0	0	0	0	0	0	0	0	0	0	0	0	0	100	0	0	0	0	0	0	0	0	0	0
GF6_INOC	3.37246	0	0	0	45.74954	0	27.68836	0	0	0	7.64092	4.35527	0	0	0	0	0.49547	0	0	3.35487	2.08204	0	0	0	0	0	0	0	0	5.26107	0
GF6_WATER_D9	0	0	0	0	0	0	0	0	0	0	0	0	0	0	0	0	0	0	0	0	0	0	0	0	0	0	0	0	0	0	0
GF6_WATER_H11	0	0	0	0	77.69976	0	7.34031	0	0	0	9.21464	5.65997	0	0	0	0	0	0	0	0	0.08532	0	0	0	0	0	0	0	0	0	0
GF6_WATER_H12	0	0	0	0	0	0	0	0	0	0	0	0	0	0	0	0	0	0	0	0	0	0	0	0	0	0	0	0	0	0	0
GF6_WATER	0	0	0	0	0	0	0	0	0	0	0	0	0	0	0	0	0	0	0	0	0	0	0	0	0	0	0	0	0	0	0
GF7_A1_COLON_D47	0	1.68468	0	6.64368	0	0	47.69723	0	0	0	9.31484	0.64879	19.60945	0	1.1518	1.57537	0	0	0	3.00251	8.67163	0	0	0	0	0	0	0	0	0	0
GF7_A3_COLON_D47	0	0	0	0	0	0	31.50146	0	0	0	21.88013	2.08882	32.19554	0	0	0	0	0	0	0	12.33405	0	0	0	0	0	0	0	0	0	0
GF7_A4_COLON_D47	0	0	0	0	0	0	41.1775	0	0	0	6.80734	1.37121	27.15261	0	0	0	0	0	0	9.88756	13.60378	0	0	0	0	0	0	0	0	0	0
GF7_A5_COLON_D47	0	0	0	0	0	0	53.06524	0	0	0	3.87467	0	19.35101	0	0	0	0	0	0	1.69518	22.0139	0	0	0	0	0	0	0	0	0	0
GF7_A6_COLON_D47	0	0	0	0	0	0	54.14515	0	0	0	7.03936	1.31192	17.84674	0	0	0	0	0	0	2.86466	16.79217	0	0	0	0	0	0	0	0	0	0
GF7_A7_COLON_D47	0	0	0	0	0	0	27.34183	0	0	0	17.06225	0	42.93163	0	0	0	0	0	0	0	12.66429	0	0	0	0	0	0	0	0	0	0
GF7_ADAM_D0	0	0	0	0	0	0	0	0	0	0	0	0	0	0	0	0	0	0	0	0	0	100	0	0	0	0	0	0	0	0	0
GF7_ADAM_D5	0.05416	0	0	0	41.07933	0	26.10646	0	0	0	5.7567	1.32836	0	0	0	0	0.07254	0	0	0.66697	8.79305	0	0	0	0	0	0	0	0	16.14243	0
GF7_ADAM_D78	4.41353	0	0	0	45.95058	0	26.84908	0	0	0	5.71965	1.53942	0	0	0	0	0.72473	0	0	3.15543	3.13781	0	0	0	0	0	0	0	0	8.50978	0
GF7_ASIRE_D22	0	0	0	0	0	0	0	0	0	0	0	0	0	0	0	0	0	0	0	0	0	0	0	0	0	0	0	0	0	0	0
GF7_ASIRE_D36	1.80472	0	0	0	0	0.42571	40.76869	0	0	0	18.09683	3.06225	16.77449	0	0	0	2.08675	0	0	3.82568	6.40222	0	0	0	0	0	0	0	0	6.75266	0
GF7_B1_COLON_D47	1.24397	0	0	0	0	1.40286	63.45403	0	0	0	11.53697	2.53792	9.76863	0	0	0	0.77226	0	0	2.43833	0.74379	0	0	0	0	0	0	0	0	6.10125	0
GF7_B1_D30	0	0	0	0	0	0	2.75989	0	0	0	92.80833	3.38503	0.05326	0	0	0	0	0	0	0	0.99348	0	0	0	0	0	0	0	0	0	0
GF7_B1_D31	0	0	0	0	0	0	5.97637	0	0	0	73.35794	1.90577	12.70193	0	0	0	0.10696	0	0	3.97414	1.97688	0	0	0	0	0	0	0	0	0	0
GF7_B1_D32	0	0	0	0	0	0	29.6834	0	0	0	26.64863	1.51046	28.79431	0	0	0	0	0	0	0	13.3632	0	0	0	0	0	0	0	0	0	0
GF7_B1_D33	0	0	0	0	0	0	27.33132	0	0	0	24.13219	0.79999	38.38454	0	0	0	0	0	0	0	9.35196	0	0	0	0	0	0	0	0	0	0
GF7_B1_D36	0	0	0	0	0	0	40.96728	0	0	0	24.03805	1.74851	25.96442	0	0	0	0.27475	0	0	0	7.00699	0	0	0	0	0	0	0	0	0	0
GF7_B2_COLON_D47	1.86219	0	0	0	0	2.69045	54.12543	0	0	0	10.67325	3.17198	9.8953	0	0	0	0.83767	0	0	4.23189	5.01041	0	0	0	0	0	0	0	0	7.50143	0
GF7_B2_D30	0	0	0	0	0	0	0.43847	0	0	0	97.95659	0.82848	0.04643	0	0	0	0	0	0	0	0.73003	0	0	0	0	0	0	0	0	0	0
GF7_B2_D34	0	0	0	0	0	0	27.4102	0	0	0	30.11682	1.2373	35.6011	0	0	0	0	0	0	0	5.63457	0	0	0	0	0	0	0	0	0	0
GF7_B2_D36	0	0	0	0	0	0	32.89637	0	0	0	36.73992	0.86662	20.98222	0	0	0	0	0	0	0	8.51487	0	0	0	0	0	0	0	0	0	0
GF7_B3_D30	0	0	0	0	0	0	0.49072	0	0	0	97.88692	1.04946	0	0	0	0	0	0	0	0	0.5729	0	0	0	0	0	0	0	0	0	0
GF7_B3_D31	0	0	0	0	0	0	17.27881	0	0	0	76.90344	2.96331	0.63242	0	0	0	0	0	0	0	2.22202	0	0	0	0	0	0	0	0	0	0
GF7_B3_D33	0	0	0	0	0	0	30.10295	0	0	0	24.84376	4.7071	28.67273	0	0	0	0	0	0	0	11.67345	0	0	0	0	0	0	0	0	0	0
GF7_B3_D36	0	0	0	0	0	0	23.09372	0	0	0	33.17427	4.15868	32.03328	0	0	0	0.0916	0	0	0	7.44845	0	0	0	0	0	0	0	0	0	0
GF7_B4_COLON_D47	0	0	0	0	0	0.03193	26.08081	0	0	0	36.42631	3.11124	19.11383	0	0	0	0.13073	0	0	2.34542	6.63614	0	0	0	0	0	0	0	0	6.1236	0
GF7_B4_D35	0	0	0	0	0	0	20.35296	0	0	0	12.66715	0.07011	58.38157	0	0	0	0	0	0	0	8.52822	0	0	0	0	0	0	0	0	0	0
GF7_B4_D36	0	0	0	0	0	0	10.99346	0	0	0	30.96998	0.79182	51.66435	0	0	0	0	0	0	0	5.58039	0	0	0	0	0	0	0	0	0	0
GF7_B5_COLON_D47	2.20333	0	0	0	0	5.77343	43.26439	0	0	0	15.6982	4.16548	10.60289	0	0	0	0.58997	0	0	4.49762	6.05009	0	0	0	0	0	0	0	0	7.15459	0
GF7_B5_D30	0	0	0	0	0	0	7.85346	0	0	0	84.93829	3.34235	1.36911	0	0	0	0	0	0	0.36055	2.13624	0	0	0	0	0	0	0	0	0	0
GF7_B5_D36	0	0	0	0	0	0	17.01446	0	0	0	35.36125	3.77015	36.41707	0	0	0	0.15447	0	0	0	7.28261	0	0	0	0	0	0	0	0	0	0
GF7_B6_COLON_D47	0	0	0	0	0	0	0	0	0	0	100	0	0	0	0	0	0	0	0	0	0	0	0	0	0	0	0	0	0	0	0
GF7_B7_COLON_D47	0	0	0	0	0	0	0	0	0	0	0	0	0	0	0	0	0	0	0	0	0	0	0	0	0	0	0	0	0	0	0
GF7_B8_COLON_D47	0	0	0	0	0	0	0	0	0	0	0	0	0	0	0	0	0	0	0	0	0	0	0	0	0	100	0	0	0	0	0
GF7_BDAM_D1	0	0	0	0	0	0	38.63996	0	0	0	50.65914	3.43427	2.82021	0	0	0	0	0	0	0	3.95187	0	0	0	0	0	0	0	0	0.49455	0
GF7_BDAM_D78	0	0	0	0	4.00992	0	56.76119	0	0	0	18.7093	8.88023	0	0	0	0	1.46914	0	0	0.92277	3.0712	0	0	0	0	0	0	0	0	6.17624	0
GF7_BSIRE_D12	2.67459	0	0	0	0	2.52964	34.83642	0	0	0	15.10682	3.23542	22.03933	0	0	0	0.39302	0	0	4.60148	8.20275	0	0	0	0	0	0	0	0	6.38053	0
GF7_BSIRE_D20	2.03949	0	0	0	0	2.05388	47.24787	0	0	0	4.64304	2.37318	21.63689	0	0	0	1.24377	0	0	2.95225	10.19495	0	0	0	0	0	0	0	0	5.61468	0
GF7_BSIRE_D36	1.20541	0	0	0	0	0.51384	60.61815	0	0	0	3.31145	1.13697	13.02498	0	0	0	0.83395	0	0	2.19772	12.38047	0	0	0	0	0	0	0	0	4.77706	0
GF7_C1_COLON_D47	0	0	0	0	0	0	71.22042	0	0	0	8.16922	2.55381	7.36456	0	0	0	1.10233	0	0	0	3.80111	0	0	0	0	0	0	0	0	5.78855	0
GF7_C1_D30	0	0	0	0	0	0	8.33893	0	0	0	85.25968	2.64286	1.10739	0	0	0	0	0	0	0.435	2.21614	0	0	0	0	0	0	0	0	0	0
GF7_C1_D34	0	0	0	0	0	0	0	0	0	0	0	100	0	0	0	0	0	0	0	0	0	0	0	0	0	0	0	0	0	0	0
GF7_C1_D36	0	0	0	0	0	0	29.11466	0	0	0	20.16527	0.6761	43.81937	0	0	0	0	0	0	0	6.2246	0	0	0	0	0	0	0	0	0	0
GF7_C2_COLON_D47	0	0	0	0	0	0	47.37758	0	0	0	21.20886	4.99452	17.47126	0	0	0	0.59474	0	0	0	0.52232	0	0	0	0	0	0	0	0	7.83072	0
GF7_C2_D30	0	0	0	0	0	0	1.32419	0	0	0	79.61019	2.00575	0.25275	0	0	0	16.40104	0	0	0	0.40607	0	0	0	0	0	0	0	0	0	0
GF7_C2_D32	0	0	0	0	0	0	0	0	0	0	0	100	0	0	0	0	0	0	0	0	0	0	0	0	0	0	0	0	0	0	0
GF7_C2_D33	0	0	0	0	0	0	0	0	0	0	0	99.3843	0	0	0	0	0	0	0	0	0	0.6157	0	0	0	0	0	0	0	0	0
GF7_C2_D36	0	0	0	0	0	0	37.42467	0	0	0	22.32261	7.84593	26.2343	0	0	0	0.0423	0	0	0	6.1302	0	0	0	0	0	0	0	0	0	0
GF7_C3_COLON_D47	0	0	0	0	0	0	48.85424	0	0	0	17.95474	3.53297	16.19263	0	0	0	2.09275	0	0	0	3.58056	0	0	0	0	0	0	0	0	7.79211	0
GF7_C3_D30	0	0	0	0	0	0	0	0	0	0	99.85691	0	0.14309	0	0	0	0	0	0	0	0	0	0	0	0	0	0	0	0	0	0
GF7_C3_D31	0	0	0	0	0	0	0	0	0	0	98.7398	1.2602	0	0	0	0	0	0	0	0	0	0	0	0	0	0	0	0	0	0	0
GF7_C3_D33	0	0	0	0	0	0	0	0	0	0	0	100	0	0	0	0	0	0	0	0	0	0	0	0	0	0	0	0	0	0	0
GF7_C3_D34	0	0	0	0	0	0	0	0	0	0	0	89.02347	5.13201	0	0	0	0.11346	0	0	0	5.73106	0	0	0	0	0	0	0	0	0	0
GF7_C4_COLON_D47	0	0	0	0	0	0	59.67576	0	0	0	12.55398	3.27093	11.97064	0	0	0	1.26478	0	0	0	3.41758	0	0	0	0	0	0	0	0	7.84633	0
GF7_C4_D31	0	0	0	0	0	0	0.05732	0	0	0	92.41965	1.82193	0	0	0	0	5.23284	0	0	0	0.46827	0	0	0	0	0	0	0	0	0	0
GF7_C4_D32	0	0	0	0	0	0	0	0	0	0	88.16373	7.4399	4.39636	0	0	0	0	0	0	0	0	0	0	0	0	0	0	0	0	0	0
GF7_CONTAMINANT	0	0	0	91.4932	0	0	0.44722	0	0	0	0	6.31616	0	0	0	0	0	0	0	0	1.74343	0	0	0	0	0	0	0	0	0	0
GF7_INOC	0	0	0	0	0	0	1.3406	0	0	0	82.15489	8.22939	3.34294	0	0	0	0	0	0	0	0.52694	0	0	0	0	0	0	0.14992	0	4.25532	0
GF7_WATER_A12	0	0	0	0	0	0	0	0	0	0	0	0	0	0	0	0	0	0	0	0	0	0	0	0	0	0	0	0	0	0	0
GF7_WATER_B7	0	0	0	0	0	0	0	0	0	0	0	0	0	0	0	0	0	0	0	0	0	0	0	0	0	0	0	0	0	0	0
GF7_WATER_C8	0	0	0	0	0	0	0	0	0	0	0	0	0	0	0	0	0	0	0	0	0	0	0	0	0	0	0	0	0	0	0
GF7_WATER_D9	0	0	0	0	0	0	0	0	0	0	0	0	0	0	0	0	0	0	0	0	0	0	0	0	0	0	0	0	0	0	0
GF7_WATER_H2	0	0	0	0	0	0	0	0	0	0	0	0	0	0	0	0	0	0	0	0	0	0	0	0	0	0	0	0	0	0	0
GF7_WATER_H8	0	0	0	0	0	0	0	0	0	0	0	0	0	0	0	0	0	0	0	0	0	0	0	0	0	0	0	0	0	0	0
GF7_WATER	0	0	0	0	0	0	0	0	0	0	100	0	0	0	0	0	0	0	0	0	0	0	0	0	0	0	0	0	0	0	0
GF8_A1_COLON_D46	0.16584	0	0.02228	0	0	0	39.91397	0	0	0	11.90436	0.78921	31.85846	0	0	0	0.35902	0	0	0.84779	10.17762	0	0	0	0	0	0	0	0	3.96145	0
GF8_A1_D30	0.28834	0	0	0	0	0.22087	29.07505	0	0	0	36.47944	2.29167	16.46566	0	0	0	0.68928	0	0	0.33074	7.56851	0	0	0	0	0	0	0	0	6.59042	0
GF8_A1_D33	0	0	0	0	0	0	0	0	0	0	100	0	0	0	0	0	0	0	0	0	0	0	0	0	0	0	0	0	0	0	0
GF8_A1_D35	0	0	0	0	0	0	26.8106	0	0	0	54.9373	0	7.90318	0	0	0	0	0	0	0	7.8887	0	0	0	0	0	0	0	0	2.46023	0
GF8_A2_COLON_D46	0.36331	0	0.10369	0	0	1.26143	43.47074	0	0	0	11.63449	1.31868	14.56684	0	0	0	0.35437	0	0	1.3721	18.60729	0	0	0	0	0	0	0	0	6.94704	0
GF8_A2_D30	0	0	0	0	1.3621	0	3.87654	0	0	0	90.35208	3.71126	0	0	0	0	0	0	0	0	0.69803	0	0	0	0	0	0	0	0	0	0
GF8_A2_D35	0	0	0	0	0	0	2.91936	0	0	0	83.44607	0	11.23461	0	0	0	0	0	0	0	2.39996	0	0	0	0	0	0	0	0	0	0
GF8_A3_D30	0	0	0	0	0.45107	0	8.75241	0	0	0	81.46577	1.98807	3.41517	0	0	0	0	0	0	0	3.16052	0	0	0	0	0	0	0	0	0.76699	0
GF8_A4_D30	0	0	0	0	29.94613	0	16.62484	0	0	0	49.53225	0.72641	0	0	0	0	0	0	0	0	3.17038	0	0	0	0	0	0	0	0	0	0
GF8_A4_D31	0	0	0	0	0	0	0	0	0	0	100	0	0	0	0	0	0	0	0	0	0	0	0	0	0	0	0	0	0	0	0
GF8_A4_D32	0	0	0	0	0	0	0	0	0	0	95.58967	0	4.41033	0	0	0	0	0	0	0	0	0	0	0	0	0	0	0	0	0	0
GF8_A4_D33	0	0	0	0	0	0	0	0	0	0	99.50546	0.49454	0	0	0	0	0	0	0	0	0	0	0	0	0	0	0	0	0	0	0
GF8_A5_D30	0	0	0	0	3.98013	0	0.09688	0	0	0	95.92299	0	0	0	0	0	0	0	0	0	0	0	0	0	0	0	0	0	0	0	0
GF8_A7_D32	0	0	0	0	0	0	30.60009	0	0	0	23.48016	0.02295	39.70173	0	0	0	0	0	0	0	6.0082	0	0	0	0	0	0	0	0	0.18687	0
GF8_ADAM_D0	1.17413	0	0	0	0.45315	0.71535	50.72124	0	0	0	15.28683	2.0768	19.53585	0	0	0	1.26415	0	0	1.87348	1.54793	0	0	0	0	0	0	0	0	5.35109	0
GF8_B1_COLON_D46	0.19255	0	0	0	0	0.526	45.19133	0	0	0	12.68565	1.67006	16.59344	0	0	0	0.94689	0	0	0.59897	16.28249	0	0	0	0	0	0	0	0	5.31262	0
GF8_B1_D31	0	0	0	0	0	0	0	0	0	0	99.65069	0.34931	0	0	0	0	0	0	0	0	0	0	0	0	0	0	0	0	0	0	0
GF8_B1_D32	0	0	0	0	0.24956	0	26.84927	0	0	0	42.85449	2.63715	20.59356	0	0	0	0	0	0	0	6.69775	0	0	0	0	0	0	0	0	0.11823	0
GF8_B1_D34	0.105	0	0	0	0	0	29.2387	0	0	0	21.63118	0.32185	41.82424	0	0	0	0.09322	0	0	0	5.94493	0	0	0	0	0	0	0	0	0.84089	0
GF8_B2_D32	0	0	0	0	0	0	31.56291	0	0	0	18.60587	1.59979	40.50958	0	0	0	0	0	0	0.02206	7.26012	0	0	0	0	0	0	0	0	0.43967	0
GF8_B3_D46	0	0	0	0	2.28761	0	15.78338	0	0	0	58.42488	0	10.50546	0	0	0	0	0	0	0	9.03691	0	0	0	0	0	0	0	0	3.96176	0
GF8_B4_COLON_D46	0.37161	0	0	0	0	1.7463	49.12382	0	0	0	10.05913	1.01849	12.64927	0	0	0	0.13327	0	0	0.4254	19.48411	0	0	0	0	0	0	0	0	4.98862	0
GF8_B4_D30	0	0	0	0	0	0	1.7096	0	0	0	90.49922	3.48619	2.57547	0	0	0	0	0	0	0	1.72951	0	0	0	0	0	0	0	0	0	0
GF8_B4_D33	0	0	0	0	0	0	30.65823	0	0	0	23.74693	1.19792	34.17682	0	0	0	0	0	0	0	10.2201	0	0	0	0	0	0	0	0	0	0
GF8_B5_COLON_D46	0.03581	0	0	0	0	0.4639	42.36075	0	0	0	24.26581	0.76287	9.58108	0	0	0	0.57637	0	0	0.50992	17.57446	0	0	0	0	0	0	0	0	3.86904	0
GF8_B5_D34	0.20196	0	0	0	0	0	33.65439	0	0	0	14.35269	0.80882	40.80802	0	0	0	0.22258	0	0	0.41504	6.66828	0	0	0	0	0	0	0	0	2.86821	0
GF8_B5_D35	0	0	0	0	0	0	19.60887	0	0	0	30.43551	0.17001	41.27537	0	0	0	0	0	0	0	8.51024	0	0	0	0	0	0	0	0	0	0
GF8_B6_COLON_D46	0.44749	0	0	0	0	0.76779	50.9792	0	0	0	4.6033	0.95033	11.00274	0	0	0	1.01474	0	0	1.37341	24.07781	0	0	0	0	0	0	0	0	4.78319	0
GF8_B6_D30	0	0	0	0	0.02283	0	9.03161	0	0	0	81.42792	1.93449	5.36611	0	0	0	0	0	0	0	2.21704	0	0	0	0	0	0	0	0	0	0
GF8_B6_D33	0	0	0	0	0	0	24.44208	0	0	0	22.31239	10.27133	27.15123	0	0	0	0	0	0	0	15.82297	0	0	0	0	0	0	0	0	0	0
GF8_B6_D34	0	0	0	0	0	0	33.54683	0	0	0	16.81345	1.21737	39.93983	0	0	0	0.09003	0	0	0.00724	7.70683	0	0	0	0	0	0	0	0	0.67841	0
GF8_B6_D35	0	0	0	0	0	0	19.98248	0	0	0	34.51514	0.26635	36.14371	0	0	0	0.05212	0	0	0	9.04021	0	0	0	0	0	0	0	0	0	0
GF8_B7_D33	0	0	0	0	0	0	11.67189	0	0	0	47.83949	11.50673	23.90545	0	0	0	0	0	0	0	5.07645	0	0	0	0	0	0	0	0	0	0
GF8_C1_COLON_D46	0	0	0	0	0	0	49.33023	0	0	0	10.52712	0.79122	13.16774	0	0	0	1.15417	0	0	0	20.24452	0	0	0	0	0	0	0	0	4.78501	0
GF8_C1_D31	0	0	0	0	0	0	0	0	0	0	100	0	0	0	0	0	0	0	0	0	0	0	0	0	0	0	0	0	0	0	0
GF8_C1_D32	0	0	0	0	0	0	16.18227	0	0	0	44.31878	14.15032	17.83401	0	0	0	0	0	0	0	5.71683	0	0	0	0	0	0	0	0	1.79779	0
GF8_C1_D33	0	0	0	0	0	0	5.32113	0	0	0	43.79481	0	47.33128	0	0	0	0	0	0	0	3.55279	0	0	0	0	0	0	0	0	0	0
GF8_C1_D34	0.28804	0	0	0	0	0.21414	38.57473	0	0	0	14.01387	3.62958	27.15041	0	0	0	0.60817	0	0	0.40763	9.63382	0	0	0	0	0	0	0	0	5.4796	0
GF8_C2_COLON_D46	0	0	0	0	0	0	39.9124	0	0	0	23.0354	0.77471	12.20022	0	0	0	0.51365	0	0	0	18.72703	0	0	0	0	0	0	0	0	4.83659	0
GF8_C2_D30	0	0	0	0	17.69662	0	30.74626	0	0	0	42.67261	1.03686	1.82354	0	0	0	0	0	0	0	6.02411	0	0	0	0	0	0	0	0	0	0
GF8_C2_D31	0	0	0	0	0	0	0	0	0	0	100	0	0	0	0	0	0	0	0	0	0	0	0	0	0	0	0	0	0	0	0
GF8_C3_D30	0.37046	0	0	0	0	0	10.57522	0	0	0	79.60396	2.13814	5.31976	0	0	0	0.02551	0	0	0.21603	0.94641	0	0	0	0	0	0	0	0	0.80453	0
GF8_C4_COLON_D46	0	0	0	0	0	0	38.19025	0	0	0	24.97188	1.01128	13.34817	0	0	0	0.39441	0	0	0	17.95586	0	0	0	0	0	0	0	0	4.12814	0
GF8_C4_D30	0.15265	0	0	0	0	0	10.63418	0	0	0	79.86496	2.43946	4.81872	0	0	0	0	0	0	0.17172	1.02588	0	0	0	0	0	0	0	0	0.89244	0
GF8_C4_D35	0	0	0	0	0	0	37.25101	0	0	0	14.50204	5.53532	32.7117	0	0	0	0	0	0	0	9.99993	0	0	0	0	0	0	0	0	0	0
GF8_C5_COLON_D46	0	0	0	0	0	0	36.36392	0	0	0	25.20044	2.3428	17.8648	0	0	0	0.48337	0	0	0	13.88914	0	0	0	0	0	0	0	0	3.85553	0
GF8_C5_D30	0	0	0	0	0	0	0.81135	0	0	0	98.78815	0.27877	0	0	0	0	0	0	0	0	0.12173	0	0	0	0	0	0	0	0	0	0
GF8_C5_D35	0	0	0	0	0	0	38.17266	0	0	0	18.85006	4.21242	25.10412	0	0	0	1.07344	0	0	0	8.58019	0	0	0	0	0	0	0	0	4.0071	0
GF8_C6_COLON_D46	0.24304	0	0	0	0	0	29.65441	0	0	0	30.50077	1.37025	21.61953	0	0	0	0.48119	0	0	0	12.05717	0	0	0	0	0	0	0	0	4.07365	0
GF8_C6_D30	0	0	0	0	0	0	0.39995	0	0	0	98.88733	0.71272	0	0	0	0	0	0	0	0	0	0	0	0	0	0	0	0	0	0	0
GF8_C6_D32	0	0	0	0	0	0	0	0	0	0	44.89941	55.10059	0	0	0	0	0	0	0	0	0	0	0	0	0	0	0	0	0	0	0
GF8_C6_D34	0	0	0	0	0	0	32.06875	0	0	0	11.46453	18.23153	28.76179	0	0	0	0	0	0	0	9.4734	0	0	0	0	0	0	0	0	0	0
GF8_C7_COLON_D46	0.36956	0	0	0	0	0	30.63032	0	0	0	30.80911	1.83472	26.079	0	0	0	0.64334	0	0	0.23909	4.27007	0	0	0	0	0	0	0	0	5.1248	0
GF8_C7_D30	0	0	0	0	0	0	0	0	0	0	100	0	0	0	0	0	0	0	0	0	0	0	0	0	0	0	0	0	0	0	0
GF8_C7_D33	0	0	0	0	0	0	29.25297	0	0	0	28.47029	3.95398	27.52468	0	0	0	0	0	0	0	7.31503	0	0	0	0	0	0	0	0	3.48304	0
GF8_C7_D34	0	0	0	0	0	0	0	0	0	0	0	0	0	0	0	0	0	0	0	0	0	0	0	0	0	0	0	0	0	0	0
GF8_C7_D35	0.41303	0	0	0	0	0	30.41734	0	0	0	25.06576	2.36235	28.61457	0	0	0	0.87777	0	0	0	7.04273	0	0	0	0	0	0	0	0	5.20647	0
GF8_INOC	1.08652	0	0	0	0.94257	0.78009	55.10818	0	0	0	14.73738	1.78116	15.05938	0	0	0	1.29641	0	0	2.36205	2.70468	0	0	0	0	0	0	0	0	4.14159	0
GF9_A_DAM_D0	0	0	0	0	0	0	36.33601	0	0	0	36.75842	1.23108	15.75726	0	0	0	0.61606	0	0	0.06665	5.04991	0	0	0	0	0	0	0	0	4.1846	0
GF9_A1_COLON_D33	0	0	0	0	0	0	0	0	0	0	48.93375	17.77745	0	0	0	0	33.28879	0	0	0	0	0	0	0	0	0	0	0	0	0	0
GF9_A1_D16	0	0	0	0	0	0	30.25602	0	0	0	46.02249	1.21081	12.67301	0	0	0	0.6046	0	0	0	5.51702	0	0	0	0	0	0	0	0	3.71605	0
GF9_A1_D19	0	0	0	0	4.98897	0	31.75193	0	0	0	32.11705	2.04157	15.27656	0	0	0	0	0	0	0	13.82392	0	0	0	0	0	0	0	0	0	0
GF9_A1_D20	0	0	0	0	0	0	34.8607	0	0	0	24.94251	4.84791	26.18842	0	0	0	0	0	0	0	9.16047	0	0	0	0	0	0	0	0	0	0
GF9_A1_D21	0	0	0	0	0	0	17.11024	0	0	0	48.6473	1.17944	30.42797	0	0	0	0	0	0	0	2.63504	0	0	0	0	0	0	0	0	0	0
GF9_A2_COLON_D33	0	0	0	0	0	0	50.08089	0	0	0	1.63131	0	17.15763	0	0	0	0	0	0	0	19.46987	0	0	0	0	0	0	0	0	11.6603	0
GF9_A2_D21	0	0	0	0	0	0	20.4763	0	0	0	36.0721	2.7594	35.08672	0	0	0	0.17956	0	0	0.10801	4.13552	0	0	0	0	0	0	0	0	1.18238	0
GF9_A3_COLON_D33	0	0	0	0	0	0.14408	39.91472	0	0	0	11.38667	5.29283	15.14708	0	0	0	1.2892	0	0	0.08641	21.24293	0	0	0	0	0	0	0	0	5.49608	0
GF9_A3_D18	0.07579	0	0	0	0	0	18.62658	0	0	0	44.34275	1.99392	26.74584	0	0	0	0.93808	0	0	0	2.11791	0	0	0	0	0	0	0	0	5.15913	0
GF9_A3_D19	0	0	0	0	0	0	8.80491	0	0	0	51.14108	4.07406	24.63353	0	0	0	0	0	0	0	11.34642	0	0	0	0	0	0	0	0	0	0
GF9_A3_D21	0	0	0	0	0	0	14.16531	0	0	0	36.99146	1.34615	44.24817	0	0	0	0	0	0	0	2.88447	0	0	0	0	0	0	0	0	0.36445	0
GF9_A4_COLON_D33	0	0	0	0	0	0.01522	36.01829	0	0	0	19.52652	7.10403	19.23964	0	0	0	1.57181	0	0	0.14006	10.26564	0	0	0	0	0	0	0	0	6.11879	0
GF9_A4_D16	0	0	0	0	0	0	11.36037	0	0	0	75.61321	0.91545	6.91216	0	0	0	0.75879	0	0	0	2.73032	0	0	0	0	0	0	0	0	1.7097	0
GF9_A4_D17	0.11817	0	0	0	0	0	33.39227	0	0	0	33.34756	1.42689	21.14536	0	0	0	0.70803	0	0	0.127	5.10526	0	0	0	0	0	0	0	0	4.62946	0
GF9_A4_D18	0.05248	0	0	0	0	0	28.17219	0	0	0	40.65238	2.18968	18.07399	0	0	0	0.61802	0	0	0	5.76528	0	0	0	0	0	0	0	0	4.47597	0
GF9_A4_D19	0	0	0	0	0	0	22.61518	0	0	0	57.13255	8.27111	6.31378	0	0	0	0	0	0	0	5.66738	0	0	0	0	0	0	0	0	0	0
GF9_A4_D20	0	0	0	0	0	0	25.95501	0	0	0	30.81726	9.30427	23.23182	0	0	0	0.27499	0	0	0	10.41666	0	0	0	0	0	0	0	0	0	0
GF9_A5_COLON_D33	0	0	0	0	0	0	40.82329	0	0	0	16.63864	5.03168	19.76695	0	0	0	2.02581	0	0	0.23207	11.83851	0	0	0	0	0	0	0	0	3.64305	0
GF9_A5_D18	0.02874	0	0	0	0	0	28.66719	0	0	0	41.40973	1.9272	17.96245	0	0	0	0.51204	0	0	0	5.70755	0	0	0	0	0	0	0	0	3.7851	0
GF9_A5_D19	0	0	0	0	0	0	15.37673	0	0	0	41.5625	22.61763	15.80532	0	0	0	0	0	0	0	4.63782	0	0	0	0	0	0	0	0	0	0
GF9_A6_COLON_D33	0	0	0	0	0	0.76264	43.01388	0	0	0	11.72169	5.35314	15.07171	0	0	0	2.08501	0	0	0.42171	17.70457	0	0	0	0	0	0	0	0	3.86563	0
GF9_A6_D16	0.23046	0	0.0089	0	0	0.45923	32.14908	0	0	0	39.78949	1.43455	11.98026	0	0	0	0.94311	0	0	0.65596	7.89028	0	0	0	0	0	0	0	0	4.45865	0
GF9_A6_D21	0	0	0	0	0	0	29.7415	0	0	0	24.29081	1.15269	39.57432	0	0	0	0	0	0	0	5.24067	0	0	0	0	0	0	0	0	0	0
GF9_A7_D16	0	0	0	0	0	0	0.27176	0	0	0	98.20191	1.3308	0	0	0	0	0	0	0	0	0.19553	0	0	0	0	0	0	0	0	0	0
GF9_A7_D20	0	0	0	0	0	0	21.08166	0	0	0	34.13754	11.34315	23.41719	0	0	0	0.39224	0	0	0	9.44681	0	0	0	0	0	0	0	0	0.1814	0
GF9_C1_COLON_D33	0.01806	0	0	0	0	0	55.0429	0	0	0	7.52409	0.54439	11.84604	0	0	0	0.47959	0	0	0	17.36596	0	0	0	0	0	0	0	0	7.17897	0
GF9_C1_D16	0	0	0	0	0	0	3.70159	0	0	0	91.12947	1.80216	0.71948	0	0	0	0	0	0	0	2.52883	0	0	0	0	0	0	0	0	0.11847	0
GF9_C1_D17	0	0	0	0	0	0	21.64257	0	0	0	58.99448	1.45167	12.85768	0	0	0	0.16618	0	0	0	2.98093	0	0	0	0	0	0	0	0	1.9065	0
GF9_C1_D19	0	0	0	0	0	0	12.61661	0	0	0	19.9857	44.7259	20.30793	0	0	0	0	0	0	0	2.36386	0	0	0	0	0	0	0	0	0	0
GF9_C1_D21	0	0	0	0	0	0	29.36502	0	0	0	9.67925	7.58516	47.74847	0	0	0	0.24408	0	0	0	5.37802	0	0	0	0	0	0	0	0	0	0
GF9_C2_COLON_D33	0	0	0	0	0	0	58.07927	0	0	0	5.53418	0.97762	12.5975	0	0	0	0.68961	0	0	0	16.25698	0	0	0	0	0	0	0	0	5.86483	0
GF9_C2_D16	0.09126	0	0	0	0	0	26.86158	0	0	0	40.573	2.00187	19.82968	0	0	0	0.71178	0	0	0	5.45877	0	0	0	0	0	0	0	0	4.47206	0
GF9_C2_D18	0	0	0	0	0	0	29.4679	0	0	0	35.71822	2.83171	19.09403	0	0	0	0.5658	0	0	0	7.00025	0	0	0	0	0	0	0	0	5.32208	0
GF9_C2_D21	0	0	0	0	0	0	42.54182	0	0	0	14.09254	2.25875	24.40627	0	0	0	0.65413	0	0	0	9.82216	0	0	0	0	0	0	0	0	6.22433	0
GF9_C3_D16	0.03462	0	0	0	0	0	32.60951	0	0	0	31.78993	2.055	21.46056	0	0	0	0.94734	0	0	0	6.41614	0	0	0	0	0	0	0	0	4.6869	0
GF9_C3_D17	0.00916	0	0	0	0	0	15.66282	0	0	0	64.62935	1.94575	11.96508	0	0	0	0.51514	0	0	0	2.67841	0	0	0	0	0	0	0	0	2.59429	0
GF9_C3_D19	0	0	0	0	0	0	12.07543	0	0	0	9.6051	58.18507	16.25049	0	0	0	0	0	0	0	3.88391	0	0	0	0	0	0	0	0	0	0
GF9_C3_D20	0	0	0	0	0	0	18.04683	0	0	0	14.88229	36.06277	22.81828	0	0	0	0	0	0	0	8.18983	0	0	0	0	0	0	0	0	0	0
GF9_C3_D21	0	0	0	0	0	0	13.25849	0	0	0	16.90448	36.02118	29.95562	0	0	0	0	0	0	0	3.86023	0	0	0	0	0	0	0	0	0	0
GF9_C4_COLON_D33	0	0	0	0	0	0	45.35287	0	0	0	9.18207	1.17035	17.47178	0	0	0	0.69624	0	0	0	20.42049	0	0	0	0	0	0	0	0	5.70618	0
GF9_C4_D16	0.11098	0	0	0	0	0	37.76506	0	0	0	18.45366	3.21801	27.13347	0	0	0	0.97031	0	0	0	7.51608	0	0	0	0	0	0	0	0	4.83244	0
GF9_C4_D17	0	0	0	0	0	0	9.22342	0	0	0	78.18869	0.63913	8.57375	0	0	0	0	0	0	0	1.76816	0	0	0	0	0	0	0	0	1.60685	0
GF9_C4_D19	0	0	0	0	0	0	34.98792	0	0	0	12.61912	16.45189	26.91174	0	0	0	0	0	0	0	9.02933	0	0	0	0	0	0	0	0	0	0
GF9_C5_COLON_D33	0	0	0	0	0	0	55.97177	0	0	0	7.72178	0.9392	12.67765	0	0	0	1.1004	0	0	0	15.13881	0	0	0	0	0	0	0	0	6.45039	0
GF9_C5_D17	0.14909	0	0	0	0	0	9.81682	0	0	0	73.07152	1.38344	12.09254	0	0	0	0.28853	0	0	0	1.51225	0	0	0	0	0	0	0	0	1.6858	0
GF9_C5_D18	0	0	0	0	0	0	20.99739	0	0	0	38.78275	0	32.33119	0	0	0	0	0	0	0	3.61517	0	0	0	0	0	0	0	0	4.27349	0
GF9_C5_D20	0	0	0	0	0	0	2.33891	0	0	0	8.45386	79.26772	6.1568	0	0	0	0	0	0	0	3.78271	0	0	0	0	0	0	0	0	0	0
GF9_C5_D21	0	0	0	0	0	0	26.27372	0	0	0	22.58451	17.41531	24.64903	0	0	0	1.77129	0	0	0	6.69785	0	0	0	0	0	0	0	0	0.6083	0
GF9_C6_COLON_D33	0	0	0	0	0	0	57.03045	0	0	0	7.95742	0.72286	10.73215	0	0	0	1.30067	0	0	0	15.67524	0	0	0	0	0	0	0	0	6.58121	0
GF9_C6_D16	0.14556	0	0	0	0	0	21.58995	0	0	0	36.99445	1.75346	29.49039	0	0	0	0.22684	0	0	0	4.98087	0	0	0	0	0	0	0	0	4.81849	0
GF9_C6_D20	0	0	0	0	0	0	14.01824	0	0	0	45.87691	12.59346	24.97953	0	0	0	0	0	0	0	2.53187	0	0	0	0	0	0	0	0	0	0
GF9_C6_D21	0	0	0	0	0	0	24.41257	0	0	0	21.78489	19.73128	24.32291	0	0	0	1.31294	0	0	0	7.39367	0	0	0	0	0	0	0	0	1.04174	0
GF9_C7_COLON_D33	0	0	0	0	0	0	59.42457	0	0	0	5.52354	0.97741	10.35251	0	0	0	0.72893	0	0	0	18.83577	0	0	0	0	0	0	0	0	4.15726	0
GF9_C7_D16	0.2201	0	0	0	0	0	27.91316	0	0	0	35.1427	1.36911	25.58898	0	0	0	0.80729	0	0	0	4.65504	0	0	0	0	0	0	0	0	4.30362	0
GF9_C7_D17	0	0	0	0	0	0	16.58223	0	0	0	66.00886	1.30032	10.15174	0	0	0	0.36224	0	0	0	2.9261	0	0	0	0	0	0	0	0	2.66851	0
GF9_INOC	0.26363	0	0	0	0	0	39.31708	0	0	0	31.89756	1.3865	16.93636	0	0	0	1.00929	0	0	0.25016	5.05718	0	0	0	0	0	0	0	0	3.88223	0
Gn3_6A_dam	0	0	0	0	0	0	0	0	0	0	0	0	0	0	0	0	0	0	0	0	0	0	0	0	0	0	0	0	0	0	0
Gn3_6Adam_Stool	0	0	0	0	0	0	0	0	0	0	0	0	0	0	0	0	0	0	0	0	0	0	0	0	0	0	0	0	0	0	0
Gn3_6B_dam_210806	0	0	0	0	0	0	0	0	0	0	0	0	0	0	0	0	0	0	0	0	0	0	0	0	0	0	0	0	0	0	0
Gn3_6B_dam_210818	0	0	0	0	0	0	0	0	0	0	0	0	0	0	0	0	0	0	0	0	0	0	0	0	0	0	0	0	0	0	0
Gn3_6C_dam	4.15783	0	0	0	0	0.75941	59.74592	0	0	0	3.49105	4.03412	20.64921	0	0	0	0.40453	0	0	5.98905	0.76889	0	0	0	0	0	0	0	0	0	0
Gn3_6Cdam_Stool_210816	7.08683	0	0	0	0	0.56742	33.20254	0	0	0	5.79339	9.55139	34.8881	0	0	0	0.31584	0	0	7.54124	1.05325	0	0	0	0	0	0	0	0	0	0
Gn3_6Cdam_Stool_211105-1	0	0	0	0	50.07663	0	9.36462	0	0	0	6.2752	3.32839	29.06784	0	0	0	0	0	0	0.24827	1.63905	0	0	0	0	0	0	0	0	0	0
Gn3_6Cdam_Stool_211105-2	0	0	0	0	46.78695	0	14.07134	0	0	0	6.5386	3.19191	26.72932	0	0	0	0	0	0	0.20061	2.48126	0	0	0	0	0	0	0	0	0	0
Gn3_6Cdam_Stool_211105-3	0	0	0	0	40.78578	0	14.63515	0	0	0	5.47576	3.04077	32.34761	0	0	0	0	0	0	0.12233	3.5926	0	0	0	0	0	0	0	0	0	0
Gn3_6D_dam	6.36704	0	0	0	0	2.15362	12.91631	0	0	0	10.22861	5.56005	56.17476	0	0	0	1.06261	0	0	5.44155	0.09544	0	0	0	0	0	0	0	0	0	0
Gn3_6Ddam_Stool	7.74539	0	0	0	0	2.70529	22.13562	0	0	0	9.65467	11.55143	36.87046	0	0	0	0.69768	0	0	8.05361	0.58585	0	0	0	0	0	0	0	0	0	0
Gn3_6E_dam	7.41163	0	0	0	0	1.12678	33.26977	0	0	0	5.16403	7.79158	36.67786	0	0	0	0.41888	0	0	7.59878	0.54069	0	0	0	0	0	0	0	0	0	0
Gn3_6Edam_Stool	2.1902	0	0	0	0	0.62772	41.49496	0	0	0	5.55138	9.27659	37.30482	0	0	0	0.20964	0	0	3.25365	0.09103	0	0	0	0	0	0	0	0	0	0
Gn3_6F_dam	3.04198	0	0	0	0	2.59528	34.43385	0	0	0	3.94687	4.16589	41.75874	0	0	0	1.57241	0	0	6.49781	1.98718	0	0	0	0	0	0	0	0	0	0
Gn3_7A_dam_210806	3.82242	0	0	0	8.14327	1.52542	50.86709	0	0	0	0.43311	2.38721	23.26555	0	0	0	0.4257	0	0	5.79233	3.33789	0	0	0	0	0	0	0	0	0	0
Gn3_7A_dam	2.68968	0	0	0	2.82669	3.46054	46.65035	0	0	0	0.88884	3.58891	34.23428	0	0	0	0.5034	0	0	3.80595	1.35135	0	0	0	0	0	0	0	0	0	0
Gn3_7ADam_Stool_210806	2.06902	0	0	0	37.75589	0.93421	15.67796	0	0	0	1.88255	4.85079	31.16276	0	0	0	0.47167	0	0	4.33731	0.85784	0	0	0	0	0	0	0	0	0	0
Gn3_7Adam_Stool_210823	3.31383	0	0	0	39.06184	1.07223	21.40637	0	0	0	0.35821	4.35613	22.65143	0	0	0	0.32824	0	0	6.18814	1.26357	0	0	0	0	0	0	0	0	0	0
Gn3_7C_dam	0.45675	0	0	0	55.23694	0	29.8374	0	0	0	4.60153	6.87761	0	0	0	0	0.74386	0	0	0.78841	1.18425	0	0	0	0	0	0	0	0	0.27325	0
Gn3_7D_dam_210806	0	0	0	0	61.92805	0	27.06865	0	0	0	3.01481	5.47291	0	0	0	0	0.45521	0	0	0	2.02774	0	0	0	0	0	0	0	0	0.03263	0
Gn3_7D_dam_210818	0	0	0	0	64.23431	0	20.33349	0	0	0	7.45835	4.91059	0	0	0	0	0.9194	0	0	0	2.14387	0	0	0	0	0	0	0	0	0	0
Gn3_7E_dam	0.16737	0	0	0	45.14846	0	33.27371	0	0	0	4.33158	12.28573	0	0	0	0	0.95977	0	0	0.36399	3.46939	0	0	0	0	0	0	0	0	0	0
Gn3_7Edam_Stool	3.27367	0	0	0	63.11701	0	16.11079	0	0	0	2.18452	11.55173	0	0	0	0	0.56144	0	0	2.35416	0.84668	0	0	0	0	0	0	0	0	0	0
Gn3_7F_dam	0.16888	0	0	0	39.6409	0	36.54203	0	0	0	7.6246	11.89288	0	0	0	0	1.50897	0	0	1.81396	0.80779	0	0	0	0	0	0	0	0	0	0
Gn3_7Fdam_Stool	0.18667	0	0	0	49.16397	0	31.42434	0	0	0	3.64193	8.67554	0	0	0	0	1.00985	0	0	0.58965	5.30805	0	0	0	0	0	0	0	0	0	0
Gn3_8Ddam_Stool_211105-1	0	0	0	0	0	0	0	0	0	0	0	0	0	0	0	0	0	0	0	0	0	0	0	0	0	0	0	0	0	0	0
Gn3_8Ddam_Stool_211105-2	0	0	0	0	36.06718	0	0	0	0.78427	0	56.58166	0	0	0	0	0	0	0	0	0	0	3.58397	0	0	0	0	0	2.37767	0	0	0.60524
Gn3_A_Innoc	2.12917	0	0	0	0	2.06725	27.23074	0	0	0	15.53061	5.71807	26.99102	0	0	0	1.13158	0	0	4.32003	9.59891	0	0	0	0	0	0	0	0	5.28261	0
Gn3_A1_Cwash	0	0	0	0	0	0	0	0	0	0	100	0	0	0	0	0	0	0	0	0	0	0	0	0	0	0	0	0	0	0	0
Gn3_A1_Stool	0	0	0	0	0	0	0	0	0	0	96.16607	3.04447	0	0	0	0	0	0	0	0	0.78946	0	0	0	0	0	0	0	0	0	0
Gn3_A2_Cwash	0	0	0	0	0	0	0	0	0	0	100	0	0	0	0	0	0	0	0	0	0	0	0	0	0	0	0	0	0	0	0
Gn3_A3_Cwash	0	0	0	0	0	0	0	0	0	0	100	0	0	0	0	0	0	0	0	0	0	0	0	0	0	0	0	0	0	0	0
Gn3_A3_Stool_DoL10	0	0	0	0	0	0	0	0	0	0	98.2859	1.7141	0	0	0	0	0	0	0	0	0	0	0	0	0	0	0	0	0	0	0
Gn3_A3_Stool_DoL11	0	0	0	0	0	0	0	0	0	0	97.21938	2.78062	0	0	0	0	0	0	0	0	0	0	0	0	0	0	0	0	0	0	0
Gn3_A4_Cwash	0	0	0	0	0	0	0	0	0	0	100	0	0	0	0	0	0	0	0	0	0	0	0	0	0	0	0	0	0	0	0
Gn3_A5_Cwash	0	0	0	0	0	0	0	0	0	0	100	0	0	0	0	0	0	0	0	0	0	0	0	0	0	0	0	0	0	0	0
Gn3_A5_Stool_Dol10	0	0	0	0	0	0	0	0	0	0	97.92176	2.07824	0	0	0	0	0	0	0	0	0	0	0	0	0	0	0	0	0	0	0
Gn3_A5_Stool_dol11	0	0	0	0	0	0	0.38109	0	0	0	94.71664	4.74114	0	0	0	0	0	0	0	0	0.16112	0	0	0	0	0	0	0	0	0	0
Gn3_A5_Stool_dol12	0	0	0	0	0	0	0	0	0	0	97.43032	2.56968	0	0	0	0	0	0	0	0	0	0	0	0	0	0	0	0	0	0	0
Gn3_A6_Cwash	0	0	0	0	0	0	0	0	0	0	100	0	0	0	0	0	0	0	0	0	0	0	0	0	0	0	0	0	0	0	0
Gn3_AB_Innoc	2.93808	0	0	0	26.66766	0.84145	29.47792	0	0	0	9.01392	4.86155	10.70679	0	0	0	0.02183	0	0	2.6109	6.16737	0	0	0	0	0	0	0	0	6.69253	0
Gn3_AB10_Cwash	0	0	0	0	0	0	0	0	0	0	0	100	0	0	0	0	0	0	0	0	0	0	0	0	0	0	0	0	0	0	0
Gn3_AB10_Stool	0	0	0	0	0	0	0	0	0	0	100	0	0	0	0	0	0	0	0	0	0	0	0	0	0	0	0	0	0	0	0
Gn3_AB11_Cwash	0	0	0	0	0	0	0	0	0	0	0	0	0	0	0	0	0	0	0	0	0	0	0	0	0	0	0	0	0	0	0
Gn3_AB12_Cwash	0	0	0	0	0	0	0	0	0	0	0	0	0	0	0	0	0	0	0	0	0	0	0	0	0	0	0	0	0	0	0
Gn3_AB12_Stool	0	0	0	0	0	0	0	0	0	0	0	100	0	0	0	0	0	0	0	0	0	0	0	0	0	0	0	0	0	0	0
Gn3_AB6_Cwash	0	0	0	0	0	0	0	0	0	0	0	100	0	0	0	0	0	0	0	0	0	0	0	0	0	0	0	0	0	0	0
Gn3_AB6_Stool	0	0	0	0	0	0	0	0	0	0	50.10092	8.88815	0	0	0	0	41.01093	0	0	0	0	0	0	0	0	0	0	0	0	0	0
Gn3_AB7_Cwash	0	0	0	0	0	0	0	0	0	0	100	0	0	0	0	0	0	0	0	0	0	0	0	0	0	0	0	0	0	0	0
Gn3_AB7_Stool	0	0	0	0	0	0	0	0	0	0	72.63678	3.44766	0	0	0	0	23.91557	0	0	0	0	0	0	0	0	0	0	0	0	0	0
Gn3_AB8_Cwash	0	0	0	0	0	0	0	0	0	0	59.05595	0	0	0	0	0	40.94405	0	0	0	0	0	0	0	0	0	0	0	0	0	0
Gn3_AB8_Stool	0	0	0	0	0.16827	0	9.9813	0	0	0	57.64232	4.31945	0	0	0	0	27.47227	0	0	0	0.41638	0	0	0	0	0	0	0	0	0	0
Gn3_AB9_Stool	0	0	0	0	4.11592	0	0.92122	0	0	0	26.30443	19.13476	0.40422	0	0	0	49.03017	0	0	0	0.08928	0	0	0	0	0	0	0	0	0	0
Gn3_B_Innoc	5.96731	0	0	0	48.53032	0	19.06539	0	0	0	4.74956	4.73858	0	0	0	0	0.17561	0	0	1.83146	2.52488	0	0	0	0	0	0	0	0	12.41689	0
Gn3_B1_Cwash	0	0	0	0	0	0	0	0	0	0	0	0	0	0	0	0	0	0	0	0	0	0	0	0	0	0	0	0	0	0	0
Gn3_B1_Stool	0	0	0	0	0	0	0	0	0	0	0	100	0	0	0	0	0	0	0	0	0	0	0	0	0	0	0	0	0	0	0
Gn3_B10_Cwash	0	0	0	0	0	0	0	0	0	0	100	0	0	0	0	0	0	0	0	0	0	0	0	0	0	0	0	0	0	0	0
Gn3_B11_Cwash	0	0	0	0	0	0	32.26087	0	0	0	67.73913	0	0	0	0	0	0	0	0	0	0	0	0	0	0	0	0	0	0	0	0
Gn3_B13_Cwash	0	0	0	0	0	0	0	0	0	0	100	0	0	0	0	0	0	0	0	0	0	0	0	0	0	0	0	0	0	0	0
Gn3_B13_Stool	0	0	0	0	0.57817	0	0	0	0	0	97.6856	1.00683	0	0	0	0	0	0	0	0	0.72941	0	0	0	0	0	0	0	0	0	0
Gn3_B14_Cwash	0	0	0	0	0	0	0	0	0	0	100	0	0	0	0	0	0	0	0	0	0	0	0	0	0	0	0	0	0	0	0
Gn3_B14_Stool	0	0	0	0	0.06492	0	0	0	0	0	97.14943	2.78565	0	0	0	0	0	0	0	0	0	0	0	0	0	0	0	0	0	0	0
Gn3_B15_Cwash	0	0	0	0	0	0	0	0	0	0	100	0	0	0	0	0	0	0	0	0	0	0	0	0	0	0	0	0	0	0	0
Gn3_B15_Stool	0	0	0	0	0	0	0	0	0	0	96.11993	1.54375	0	0	0	0	0	0	0	0	2.33632	0	0	0	0	0	0	0	0	0	0
Gn3_B16_Cwash	0	0	0	0	0	0	0	0	0	0	100	0	0	0	0	0	0	0	0	0	0	0	0	0	0	0	0	0	0	0	0
Gn3_B2_Cwash	0	0	0	0	0	0	0	0	0	0	0	0	0	0	0	0	0	0	0	0	0	0	0	0	0	0	0	0	0	0	0
Gn3_B2_Stool	0	0	0	0	0.33241	0	0	0	0	0	0.50707	99.16052	0	0	0	0	0	0	0	0	0	0	0	0	0	0	0	0	0	0	0
Gn3_B3_Cwash	0	0	0	0	0	0	0	0	0	0	0	0	0	0	0	0	0	0	0	0	0	0	0	0	0	0	0	0	0	0	0
Gn3_B3_Stool	0	0	0	0	0.10289	0	0	0	0	0	1.1143	98.73329	0	0	0	0	0	0	0	0	0.04952	0	0	0	0	0	0	0	0	0	0
Gn3_B4_Cwash	0	0	0	0	0	0	0	0	0	0	0	0	0	0	0	0	0	0	0	0	0	0	0	0	0	0	0	0	0	0	0
Gn3_B4_Stool	0	0	0	0	0	0	0	0	0	0	0	100	0	0	0	0	0	0	0	0	0	0	0	0	0	0	0	0	0	0	0
Gn3_B5_Cwash	0	0	0	0	0	0	0	0	0	0	0	0	0	0	0	0	0	0	0	0	0	0	0	0	0	0	0	0	0	0	0
Gn3_B5_Stool	0	0	0	0	0.86034	0	0	0	0	0	2.7951	96.26949	0	0	0	0	0	0	0	0	0.07507	0	0	0	0	0	0	0	0	0	0
Gn3_B6_Cwash	0	0	0	0	0	0	0	0	0	0	0	0	0	0	0	0	0	0	0	0	0	0	0	0	0	0	0	0	0	0	0
Gn3_B6_Stool	0	0	0	0	1.01777	0	0	0	0	0	88.14558	10.83665	0	0	0	0	0	0	0	0	0	0	0	0	0	0	0	0	0	0	0
Gn3_B7_Stool	0	0	0	0	0	0	0	0	0	0	0	100	0	0	0	0	0	0	0	0	0	0	0	0	0	0	0	0	0	0	0
Gn3_B9_Cwash	0	0	0	0	0	0	19.23841	0	0	0	80.76159	0	0	0	0	0	0	0	0	0	0	0	0	0	0	0	0	0	0	0	0
Gn3_BP7_Cwash	0	0	0	0	0	0	7.59141	0	0	0	92.40859	0	0	0	0	0	0	0	0	0	0	0	0	0	0	0	0	0	0	0	0
Gn3_BP8_Cwash	0	0	0	0	0	0	10.80925	0	0	0	89.19075	0	0	0	0	0	0	0	0	0	0	0	0	0	0	0	0	0	0	0	0
Gn3_BV7_Cwash	0	0	0	0	0	0	0	0	0	0	0	0	0	0	0	0	0	0	0	0	0	0	0	0	0	0	0	0	0	0	0
Gn3_BV8_Cwash	0	0	0	0	0	0	0	0	0	0	0	0	0	0	0	0	0	0	0	0	0	0	0	0	0	0	0	0	0	0	0
Gn3_E1_Cwash	0	0	0	0	0	0	0	0	0	0	0	0	0	0	0	0	0	0	0	0	0	0	0	100	0	0	0	0	0	0	0
Gn3_E2_Cwash	0	0	0	0	0	0	0	0	0	0	0	0	0	0	0	0	0	0	0	0	0	0	0	100	0	0	0	0	0	0	0
Gn3_F1_Stool	0	0	0	0	20.20773	0	0	0	0	0	60.32317	19.30496	0	0	0	0	0	0	0	0	0	0	0	0.16414	0	0	0	0	0	0	0
Gn3_F2_Stool	0	0	0	0	6.54219	0	0	0	0	0	67.26182	24.70851	0	0	0	0	0	0	0	0	0.07867	0	0	1.40881	0	0	0	0	0	0	0
Gn3_PBS_Innoc	0	0	0	0	0	0	0	0	0	0	0	0	0	0	0	0	0	0	0	0	0	0	0	0	0	0	0	0	0	0	0
Gn3_PBS1_Cwash	0	0	0	0	0	0	0	0	0	0	0	0	0	0	0	0	0	0	0	0	0	0	0	0	0	0	0	0	0	0	0
Gn3_PBS2_dam	0	0	0	0	0	0	0	0	0	0	0	0	0	0	0	0	0	0	0	0	0	0	0	0	0	0	0	0	0	0	0
Gn3_PBS3_Cwash	0	0	0	0	0	0	0	0	0	0	0	0	0	0	0	0	0	0	0	0	0	0	0	0	0	0	0	0	0	0	0
Gn4_E_Innoc	0.05349	0	0	0	6.02521	0	6.56374	0.03836	0	0	67.96914	3.07713	0	0	0	4.83724	0	0	0	3.0413	0	0.01228	0	0	0	0	0	0.25066	0	8.13146	0
Gn4_F_Innoc	0.0193	0	0	0	7.48916	0	6.62879	0.01304	0	0	63.49064	4.65116	0	0	0	4.67847	0	0	0	3.61704	0	0	0	0	0	0	0	0.26282	0	9.14957	0
Gn4_G_Innoc	0	0	0	0	0	0	0	0	0	0	0	0	0	0	0	0	0	0	0	0	0	0	0	0	0	0	100	0	0	0	0
Gn4_H_Innoc	0.53684	0	0	0	0	0	0	0	0.82772	0	77.19964	6.03998	0	0	0	0	0	0	0	0.14381	0	3.18045	0	0	0	0	12.07156	0	0	0	0
Gn4_I_Innoc	0	0	0	0	33.57878	0	0	0	0	0	0	0	0	0	0	0	0	0	0	0	0	0	0	0	0	0	0.13755	2.97064	0	0	63.31304
gnoto1_A_inoc	1.89762	0	0	0	0	0.61555	49.38212	0	0	0	13.17659	2.15555	21.47781	0	0	0	1.43468	0	0	1.69651	4.02336	0	0	0	0	0	0	0	0	4.14021	0
gnoto1_AM1_d10	0	0	0	0	0	0	1.83814	0	0	0	80.02208	0.23812	0	0	0	0	16.59392	0	0	0	1.30774	0	0	0	0	0	0	0	0	0	0
gnoto1_AM1_d20_colon	0	0	0	0	0	0	40.93135	0	0	0	10.81094	7.57413	32.15158	0	0	0	0.80997	0	0	0	7.72203	0	0	0	0	0	0	0	0	0	0
gnoto1_AM2_d10	0	0	0	0	0	0	11.77939	0	0	0	72.81419	2.21389	0.39561	0	0	0	9.77388	0	0	0	3.02304	0	0	0	0	0	0	0	0	0	0
gnoto1_AM2_d20_colon	0	0	0	0	0	0	33.35696	0	0	0	15.60099	3.5467	39.50911	0	0	0	1.64071	0	0	0	6.34553	0	0	0	0	0	0	0	0	0	0
gnoto1_AM3_d10	0	0	0	0	0	0	20.72921	0	0	0	36.93945	3.78593	0.3225	0	0	0	36.56423	0	0	0	1.65869	0	0	0	0	0	0	0	0	0	0
gnoto1_AM3_d20_colon	0	0	0	0	0	0	44.44766	0	0	0	13.94087	11.71024	24.22322	0	0	0	0.88575	0	0	0	4.79226	0	0	0	0	0	0	0	0	0	0
gnoto1_AM4_d10	0	0	0	0	0	0	7.03933	0	0	0	81.47366	1.13602	1.80157	0	0	0	6.85871	0	0	0	1.69071	0	0	0	0	0	0	0	0	0	0
gnoto1_AM4_d20_colon	0	0	0	0	0	0	42.3845	0	0	0	11.64229	5.75981	32.86842	0	0	0	0.74863	0	0	0	6.59634	0	0	0	0	0	0	0	0	0	0
gnoto1_AP1_d10	0	0	0	0	0	0	0.01749	0	0	0	98.10965	1.13848	0	0	0	0	0	0	0	0	0.73438	0	0	0	0	0	0	0	0	0	0
gnoto1_AP1_d19_colon	0	0	0	0	0	0	26.33421	0	0	0	18.05411	29.43771	22.57242	0	0	0	0.07962	0	0	0	3.52192	0	0	0	0	0	0	0	0	0	0
gnoto1_AP2_d10	0	0	0	0	0	0	0.80186	0	0	0	97.65755	1.23535	0	0	0	0	0	0	0	0	0.30524	0	0	0	0	0	0	0	0	0	0
gnoto1_AP2_d19_colon	0	0	0	0	0	0	27.53452	0	0	0	17.29085	28.74736	22.25919	0	0	0	0	0	0	0	4.16809	0	0	0	0	0	0	0	0	0	0
gnoto1_AP3_d10	0	0	0	0	0	0	5.9115	0	0	0	88.03108	1.58357	0.30884	0	0	0	2.64168	0	0	0	1.52333	0	0	0	0	0	0	0	0	0	0
gnoto1_AP3_d20_colon	0	0	0	0	0	0	29.83361	0	0	0	16.52606	15.5292	30.98364	0	0	0	0.8531	0	0	0	6.27439	0	0	0	0	0	0	0	0	0	0
gnoto1_AP4_d10	0	0	0	0	0	0	3.47484	0	0	0	92.88102	2.55934	0.18473	0	0	0	0	0	0	0	0.90007	0	0	0	0	0	0	0	0	0	0
gnoto1_AP4_d20_colon	0	0	0	0	0	0	41.69773	0	0	0	9.10746	3.23017	36.56156	0	0	0	1.58065	0	0	0	7.82243	0	0	0	0	0	0	0	0	0	0
gnoto1_B_inoc	2.52395	0	0	0	53.48024	0	26.72549	0	0	0	4.80975	1.39581	0	0	0	0	0.31419	0	0	1.03186	5.90028	0	0	0	0	0	0	0	0	3.81844	0
gnoto1_BA1_d10	0	0	0	0	0.86614	0	0.81076	0	0	0	14.59103	81.98658	0	0	0	0	0	0	0	0	1.74548	0	0	0	0	0	0	0	0	0	0
gnoto1_BA1_d20_colon	0	0	0	0	58.19486	0	29.75136	0	0	0	1.45739	3.12993	0	0	0	0	0.5553	0	0	0	6.91116	0	0	0	0	0	0	0	0	0	0
gnoto1_BA2_d10	0	0	0	0	69.85149	0	0.11094	0	0	0	28.06622	1.39391	0	0	0	0	0	0	0	0	0.57744	0	0	0	0	0	0	0	0	0	0
gnoto1_BA2_d20_colon	0	0	0	0	42.7647	0	41.48395	0	0	0	1.9241	2.94396	0	0	0	0	0.40573	0	0	0	10.47756	0	0	0	0	0	0	0	0	0	0
gnoto1_BA3_d10	0	0	0	0	80.83261	0	0.03174	0	0	0	14.87507	2.73923	0	0	0	0	0	0	0	0	1.52134	0	0	0	0	0	0	0	0	0	0
gnoto1_BA3_d20_colon	0	0	0	0	60.15915	0	25.92709	0	0	0	2.64301	2.64251	0	0	0	0	0.60915	0	0	0	8.01908	0	0	0	0	0	0	0	0	0	0
gnoto1_BA4_d10	0	0	0	0	0.68489	0	3.05798	0	0	0	91.54154	2.89181	0	0	0	0	0	0	0	0	1.82379	0	0	0	0	0	0	0	0	0	0
gnoto1_BA4_d20_colon	0	0	0	0	53.82744	0	30.71943	0	0	0	3.06383	3.68556	0	0	0	0	0.41579	0	0	0	8.28796	0	0	0	0	0	0	0	0	0	0
gnoto1_BM1_d10	0	0	0	0	2.30998	0	0	0	0	0	78.72411	16.34334	0	0	0	0	0	0	0	0	2.62257	0	0	0	0	0	0	0	0	0	0
gnoto1_BM1_d20_colon	0	0	0	0	51.21501	0	35.19467	0	0	0	4.01849	2.39153	0	0	0	0	0	0	0	0	7.1803	0	0	0	0	0	0	0	0	0	0
gnoto1_BM2_d10	0	0	0	0	1.31066	0	0.5881	0	0	0	83.97746	11.4325	0	0	0	0	0	0	0	0	2.69129	0	0	0	0	0	0	0	0	0	0
gnoto1_BM2_d20_colon	0	0	0	0	50.27995	0	37.72709	0	0	0	4.07608	1.25053	0	0	0	0	0	0	0	0	6.66635	0	0	0	0	0	0	0	0	0	0
gnoto1_BM3_d10	0	0	0	0	1.56603	0	0.26641	0	0	0	54.75356	41.50227	0	0	0	0	0	0	0	0	1.91173	0	0	0	0	0	0	0	0	0	0
gnoto1_BM3_d20_colon	0	0	0	0	40.44283	0	42.31213	0	0	0	4.84545	2.7126	0	0	0	0	0	0	0	0	9.68699	0	0	0	0	0	0	0	0	0	0
gnoto1_BM4_d10	0	0	0	0	8.80256	0	0	0	0	0	66.00405	22.69012	0	0	0	0	0	0	0	0	2.50328	0	0	0	0	0	0	0	0	0	0
gnoto1_BM4_d20_colon	0	0	0	0	39.51458	0	48.50698	0	0	0	1.80834	0.55291	0	0	0	0	0	0	0	0	9.61718	0	0	0	0	0	0	0	0	0	0
gnoto1_BM5_d10	0	0	0	0	4.49069	0	0.77754	0	0	0	78.96332	11.08766	0	0	0	0	0	0	0	0	4.68078	0	0	0	0	0	0	0	0	0	0
gnoto1_BM5_d20_colon	0	0	0	0	15.7487	0	63.79924	0	0	0	6.89383	1.06054	0	0	0	0	0	0	0	0	12.49769	0	0	0	0	0	0	0	0	0	0
gnoto1_BP1_d10	0	0	0	0	0	0	0	0	0	0	84.16515	15.62436	0	0	0	0	0	0	0	0	0.21049	0	0	0	0	0	0	0	0	0	0
gnoto1_BP1_d20_colon	0	0	0	0	0.29532	0	86.08903	0	0	0	3.59515	4.90437	0	0	0	0	0.44504	0	0	0	4.67109	0	0	0	0	0	0	0	0	0	0
gnoto1_BP2_d10	0	0	0	0	0	0	0	0	0	0	0	93.29831	0	0	0	0	0	0	0	0	6.70169	0	0	0	0	0	0	0	0	0	0
gnoto1_BP2_d20_colon	0	0	0	0	0.80467	0	87.57259	0	0	0	4.6283	1.05189	0	0	0	0	0.33255	0	0	0	5.61002	0	0	0	0	0	0	0	0	0	0
gnoto1_BP3_d10	0	0	0	0	0.6263	0	0.02282	0	0	0	91.69623	6.84667	0	0	0	0	0	0	0	0	0.80797	0	0	0	0	0	0	0	0	0	0
gnoto1_BP3_d20_colon	0	0	0	0	3.47515	0	70.48322	0	0	0	6.73521	12.15022	0	0	0	0	0.67485	0	0	0	6.48136	0	0	0	0	0	0	0	0	0	0
gnoto1_BP4_d10	0	0	0	0	0.13895	0	0.93235	0	0	0	7.28777	89.78108	0	0	0	0	0	0	0	0	1.85985	0	0	0	0	0	0	0	0	0	0
gnoto1_BP4_d20_colon	0	0	0	0	1.87027	0	82.67289	0	0	0	6.61687	2.32346	0	0	0	0	0.18152	0	0	0	6.33499	0	0	0	0	0	0	0	0	0	0
gnoto2_BA1_d10	0	0	0	0	78.40164	0	0	0	0	0	14.46135	6.62201	0	0	0	0	0	0	0	0	0.51499	0	0	0	0	0	0	0	0	0	0
gnoto2_BA1_d20_colon	0	0	0	0	33.24854	0	40.1157	0	0	0	22.30451	0	0	0	0	0	0	0	0	0	4.33126	0	0	0	0	0	0	0	0	0	0
gnoto2_BA2_d10	0	0	0	0	0	0	0	0	0	0	85.58467	14.41533	0	0	0	0	0	0	0	0	0	0	0	0	0	0	0	0	0	0	0
gnoto2_BA2_d20_colon	0	0	0	0	52.87903	0	24.68001	0	0	0	7.12214	1.26636	0	0	0	0	0	0	0	0	14.05246	0	0	0	0	0	0	0	0	0	0
gnoto2_BA3_d10	0	0	0	0	87.15704	0	0.12539	0	0	0	9.51341	2.87465	0	0	0	0	0	0	0	0	0.32952	0	0	0	0	0	0	0	0	0	0
gnoto2_BA3_d20_colon	0	0	0	0	47.76158	0	35.37075	0	0	0	7.04896	0.92539	0	0	0	0	0	0	0	0	8.89331	0	0	0	0	0	0	0	0	0	0
gnoto2_BA4_d10	0	0	0	0	90.89016	0	0	0	0	0	6.84182	1.81104	0	0	0	0	0	0	0	0	0.45698	0	0	0	0	0	0	0	0	0	0
gnoto2_BA5_d10	0	0	0	0	0	0	0	0	0	0	61.50105	38.49895	0	0	0	0	0	0	0	0	0	0	0	0	0	0	0	0	0	0	0
gnoto2_BA5_d20_colon	0	0	0	0	0	0	60.33376	0	0	0	15.03853	4.56905	0	0	0	0	0	0	0	0	20.05866	0	0	0	0	0	0	0	0	0	0
gnoto2_BA6_d20_colon	0	0	0	0	7.58789	0	55.80518	0	0	0	16.32617	9.65511	0	0	0	0	0	0	0	0	10.62565	0	0	0	0	0	0	0	0	0	0
gnoto2_BA7_d20_colon	0	0	0	0	49.39575	0	36.40215	0	0	0	2.37084	1.63012	0	0	0	0	0	0	0	0	10.20114	0	0	0	0	0	0	0	0	0	0
gnoto2_BM1_d10	0	0	0	0	77.62795	0	0	0	0	0	19.32822	2.48443	0	0	0	0	0	0	0	0	0.55941	0	0	0	0	0	0	0	0	0	0
gnoto2_BM1_d20_colon	0	0	0	0	44.81376	0	45.10055	0	0	0	2.55027	1.01588	0	0	0	0	0	0	0	0	6.51953	0	0	0	0	0	0	0	0	0	0
gnoto2_BM2_d10	0	0	0	0	88.81386	0	0.06466	0	0	0	7.93067	2.48278	0	0	0	0	0	0	0	0	0.70804	0	0	0	0	0	0	0	0	0	0
gnoto2_BM2_d20_colon	1.71781	0	0	0	68.90635	0	21.99666	0	0	0	0	0	0	0	0	0	0	0	0	0	7.37918	0	0	0	0	0	0	0	0	0	0
gnoto2_BM3_d10	0	0	0	0	10.33467	0	0.7902	0	0	0	65.9885	18.36425	0	0	0	0	0	0	0	0	4.52238	0	0	0	0	0	0	0	0	0	0
gnoto2_BM3_d20_colon	0.08757	0	0	0	39.29209	0	43.60854	0	0	0	6.85361	1.60281	0	0	0	0	0	0	0	0	8.55538	0	0	0	0	0	0	0	0	0	0
gnoto2_BM4_d10	0	0	0	0	88.6495	0	0	0	0	0	8.76568	2.18515	0	0	0	0	0	0	0	0	0.39968	0	0	0	0	0	0	0	0	0	0
gnoto2_BM4_d20_colon	0	0	0	0	42.81883	0	38.62979	0	0	0	5.47129	2.37281	0	0	0	0	0	0	0	0	10.70728	0	0	0	0	0	0	0	0	0	0
gnoto2_BM5_d10	0	0	0	0	30.79018	0	1.82051	0	0	0	57.1466	5.6849	0	0	0	0	0	0	0	0	4.55782	0	0	0	0	0	0	0	0	0	0
gnoto2_BM5_d20_colon	0	0	0	0	37.94561	0	47.90579	0	0	0	5.01343	1.61223	0	0	0	0	0	0	0	0	7.52295	0	0	0	0	0	0	0	0	0	0
gnoto2_BM6_d10	0	0	0	0	80.71344	0	0.04549	0	0	0	14.4313	3.85108	0	0	0	0	0	0	0	0	0.95869	0	0	0	0	0	0	0	0	0	0
gnoto2_BM6_d20_colon	0.02458	0	0	0	35.0638	0	47.28467	0	0	0	7.7262	2.3597	0	0	0	0	0	0	0	0	7.54104	0	0	0	0	0	0	0	0	0	0
gnoto2_BM7_d10	0	0	0	0	0	0	0	0	0	0	86.95256	13.04744	0	0	0	0	0	0	0	0	0	0	0	0	0	0	0	0	0	0	0
gnoto2_BM7_d20_colon	0	0	0	0	42.85616	0	42.43927	0	0	0	3.30722	1.92356	0	0	0	0	0	0	0	0	9.47379	0	0	0	0	0	0	0	0	0	0
gnoto2_BP1_d10	0	0	0	0	5.65193	0	0.76928	0	0	0	8.60979	82.97053	0	0	0	0	0	0	0	0	1.99846	0	0	0	0	0	0	0	0	0	0
gnoto2_BP1_d20_colon	0	0	0	0	9.53492	0	70.62396	0	0	0	9.72979	0.14948	0	0	0	0	0.33812	0	0	0	9.62373	0	0	0	0	0	0	0	0	0	0
gnoto2_BP2_d10	0	0	0	0	0.80874	0	0	0	0	0	72.10759	26.69404	0	0	0	0	0	0	0	0	0.38964	0	0	0	0	0	0	0	0	0	0
gnoto2_BP2_d20_colon	0	0	0	0	20.45039	0	47.21971	0	0	0	15.93837	0	0	0	0	0	0	0	0	0	10.685	0	0	0	0	0	0	0	0	5.70652	0
gnoto2_BP3_d10	0	0	0	0	8.93095	0	0.32493	0	0	0	4.93159	79.74587	0	0	0	0	0	0	0	0	6.06666	0	0	0	0	0	0	0	0	0	0
gnoto2_BP4_d10	0	0	0	0	5.57535	0	0.10612	0	0	0	67.16155	25.58876	0	0	0	0	0	0	0	0	1.56822	0	0	0	0	0	0	0	0	0	0
gnoto2_BP4_d20_colon	0	0	0	0	0	0	83.57613	0	0	0	6.6229	0.40689	0	0	0	0	0	0	0	0	9.39409	0	0	0	0	0	0	0	0	0	0
gnoto2_BP5_d10	0	0	0	0	11.27047	0	0	0	0	0	4.90561	79.01278	0	0	0	0	0	0	0	0	4.81114	0	0	0	0	0	0	0	0	0	0
gnoto2_BP5_d20_colon	0	0	0	0	2.83942	0	79.21619	0	0	0	8.88227	0	0	0	0	0	0.03771	0	0	0	9.0244	0	0	0	0	0	0	0	0	0	0
gnoto2_BP6_d10	0	0	0	0	0.48643	0	0	0	0	0	9.03458	88.72117	0	0	0	0	0	0	0	0	1.75782	0	0	0	0	0	0	0	0	0	0
gnoto2_BP6_d20_colon	0	0	0	0	3.0899	0	77.52573	0	0	0	9.13324	1.56387	0	0	0	0	0.49648	0	0	0	8.19077	0	0	0	0	0	0	0	0	0	0
gnoto2_INOC_microA	1.97958	0	0	0	0	0.51759	46.55165	0	0	0	13.05456	1.92606	21.98422	0	0	0	1.35392	0	0	1.73248	6.36773	0	0	0	0	0	0	0	0	4.5322	0
gnoto2_INOC_microB	4.00871	0	0	0	38.14358	0	32.54764	0	0	0	3.54025	1.63499	0	0	0	0	0.05256	0	0	0.80075	7.68656	0	0	0	0	0	0	0	0	11.58497	0
