Sample	Actinomyces_europaeus	Actinomyces_radingae	Actinomyces_sp_HPA0247	Acutalibacter_muris	Aeriscardovia_aeriphila	Akkermansia_muciniphila	Anaerococcus_hydrogenalis	Anaerococcus_prevotii	Anaerococcus_vaginalis	Anaerotruncus_sp_G3_2012	Bacteroides_caecimuris	Bacteroides_thetaiotaomicron	Bifidobacterium_breve	Bifidobacterium_longum	Bifidobacterium_pseudolongum	Blautia_coccoides	Campylobacter_ureolyticus	Citrobacter_amalonaticus	Citrobacter_freundii	Citrobacter_pasteurii	Citrobacter_rodentium	Citrobacter_youngae	Clostridioides_difficile	Clostridium_aldenense	Clostridium_asparagiforme	Clostridium_bolteae	Clostridium_butyricum	Clostridium_clostridioforme	Clostridium_cocleatum	Clostridium_innocuum	Clostridium_lavalense	Clostridium_neonatale	Clostridium_paraputrificum	Clostridium_perfringens	Clostridium_sp_7_2_43FAA	Clostridium_sp_ASF356	Clostridium_sp_ASF502	Corynebacterium_simulans	Corynebacterium_striatum	Cutibacterium_acnes	Cutibacterium_avidum	Dermabacter_hominis	Dorea_sp_5_2	Enterobacter_cloacae_complex	Enterococcus_faecalis	Enterococcus_gallinarum	Enterorhabdus_caecimuris	Escherichia_coli	Finegoldia_magna	Fusobacterium_nucleatum	Gemella_asaccharolytica	Klebsiella_aerogenes	Klebsiella_michiganensis	Klebsiella_oxytoca	Klebsiella_pneumoniae	Klebsiella_quasipneumoniae	Klebsiella_variicola	Lachnospiraceae_bacterium_28_4	Lachnospiraceae_bacterium_A2	Lachnospiraceae_bacterium_A4	Lachnospiraceae_bacterium_M18_1	Lactobacillus_johnsonii	Lactobacillus_murinus	Lactobacillus_paragasseri	Leclercia_adecarboxylata	Morganella_morganii	Mycobacteroides_abscessus	Negativicoccus_succinicivorans	Oscillibacter_sp_1_3	Parasutterella_excrementihominis	Peptoniphilus_harei	Proteobacteria_bacterium_CAG_139	Proteus_hauseri	Proteus_mirabilis	Pseudomonas_aeruginosa_group	Serratia_marcescens	Sphingomonas_melonis	Staphylococcus_argenteus	Staphylococcus_aureus	Staphylococcus_epidermidis	Staphylococcus_hominis	Staphylococcus_warneri	Streptococcus_agalactiae	Streptococcus_gordonii	Streptococcus_salivarius	Streptococcus_thermophilus	Turicimonas_muris	Varibaculum_cambriense	Veillonella_dispar	Veillonella_parvula	Richness
B0	0	0	0	0	0	0	0	0	0	0	0	0	0	0	0	0	0	0	0	0	0	0	0	0	0	0	0	0	0	0	0	0	0	0	0	0	0	0	0	0	0	0	0	0	0	0	0	0	0	0	0	0	0	0	0	0	0	0	0	0	0	0	0	0	0	0	0	0	0	0	0	0	0	0	0	0	0	0	0	0	0	0	0	0	0	0	0	0	0	0	0
C0	0	0	0	0	0	0	0	0	0	0	0	0	0	0	0	0	0	0	0	0	0	0	0	0	0	0	0	0	0	0	0	0	0	0	0	0	0	0	0	0	0	0	0	0	0	0	0	0	0	0	0	0	0	0	0	0	0	0	0	0	0	0	0	0	0	0	0	0	0	0	0	0	0	0	0	0	0	0	0	0	0	0	0	0	0	0	0	0	0	0	0
CONV_WATER_F12	0	0	0	0	0	0	0	0	0	0	0	0	0	0	0	0	0	0	0	0	0	0	0	0	0	0	0	0	0	0	0	0	0	0	0	0	0	0	0	0	0	0	0	0	0	0	0	0	0	0	0	0	0	0	0	0	0	0	0	0	0	0	0	0	0	0	0	0	0	0	0	0	0	0	0	0	0	0	0	0	0	0	0	0	0	0	0	0	0	0	0
GF10_A3_d127_colon	0	0	0	0	0	0	0	0	0	0	0	0	0	0	0	0	0	0	0	0	0	0	0	0	0	0	0	0	0	0	0	0	0	0	0	0	0	0	0	0	0	0	0	0	0	0	0	0	0	0	0	0	0	0	0	0	0	0	0	0	0	0	0	0	0	0	0	0	0	0	0	0	0	0	0	0	0	0	0	0	0	0	0	0	0	0	0	0	0	0	0
GF10_A4_d127_colon	0	0	0	0	0	0	0	0	0	0	0	0	0	0	0	0	0	0	0	0	0	0	0	0	0	0	0	0	0	0	0	0	0	0	0	0	0	0	0	0	0	0	0	0	0	0	0	0	0	0	0	0	0	0	0	0	0	0	0	0	0	0	0	0	0	0	0	0	0	0	0	0	0	0	0	0	0	0	0	0	0	0	0	0	0	0	0	0	0	0	0
GF10_A6_d127_colon	0	0	0	0	0	0	0	0	0	0	0	0	0	0	0	0	0	0	0	0	0	0	0	0	0	0	0	0	0	0	0	0	0	0	0	0	0	0	0	0	0	0	0	0	0	0	0	0	0	0	0	0	0	0	0	0	0	0	0	0	0	0	0	0	0	0	0	0	0	0	0	0	0	0	0	0	0	0	0	0	0	0	0	0	0	0	0	0	0	0	0
GF10_C1_d102_colon	0	0	0	0	0	0	0	0	0	0	0	0	0	0	0	0	0	0	0	0	0	0	0	0	0	0	0	0	0	0	0	0	0	0	0	0	0	0	0	0	0	0	0	0	0	0	0	0	0	0	0	0	0	0	0	0	0	0	0	0	0	0	0	0	0	0	0	0	0	0	0	0	0	0	0	0	0	0	0	0	0	0	0	0	0	0	0	0	0	0	0
GF10_C1_d78	0	0	0	0	0	0	0	0	0	0	0	0	0	0	0	0	0	0	0	0	0	0	0	0	0	0	0	0	0	0	0	0	0	0	0	0	0	0	0	0	0	0	0	0	0	0	0	0	0	0	0	0	0	0	0	0	0	0	0	0	0	0	0	0	0	0	0	0	0	0	0	0	0	0	0	0	0	0	0	0	0	0	0	0	0	0	0	0	0	0	0
GF10_C1_d80_colon	0	0	0	0	0	0	0	0	0	0	0	0	0	0	0	0	0	0	0	0	0	0	0	0	0	0	0	0	0	0	0	0	0	0	0	0	0	0	0	0	0	0	0	0	0	0	0	0	0	0	0	0	0	0	0	0	0	0	0	0	0	0	0	0	0	0	0	0	0	0	0	0	0	0	0	0	0	0	0	0	0	0	0	0	0	0	0	0	0	0	0
GF10_C10_d55	0	0	0	0	0	0	0	0	0	0	0	0	0	0	0	0	0	0	0	0	0	0	0	0	0	0	0	0	0	0	0	0	0	0	0	0	0	0	0	0	0	0	0	0	0	0	0	0	0	0	0	0	0	0	0	0	0	0	0	0	0	0	0	0	0	0	0	0	0	0	0	0	0	0	0	0	0	0	0	0	0	0	0	0	0	0	0	0	0	0	0
GF10_C2_d78	0	0	0	0	0	0	0	0	0	0	0	0	0	0	0	0	0	0	0	0	0	0	0	0	0	0	0	0	0	0	0	0	0	0	0	0	0	0	0	0	0	0	0	0	0	0	0	0	0	0	0	0	0	0	0	0	0	0	0	0	0	0	0	0	0	0	0	0	0	0	0	0	0	0	0	0	0	0	0	0	0	0	0	0	0	0	0	0	0	0	0
GF10_C3_COLON_D55	0	0	0	0	0	0	0	0	0	0	0	0	0	0	0	0	0	0	0	0	0	0	0	0	0	0	0	0	0	0	0	0	0	0	0	0	0	0	0	0	0	0	0	0	0	0	0	0	0	0	0	0	0	0	0	0	0	0	0	0	0	0	0	0	0	0	0	0	0	0	0	0	0	0	0	0	0	0	0	0	0	0	0	0	0	0	0	0	0	0	0
GF10_C3_d102_colon	0	0	0	0	0	0	0	0	0	0	0	0	0	0	0	0	0	0	0	0	0	0	0	0	0	0	0	0	0	0	0	0	0	0	0	0	0	0	0	0	0	0	0	0	0	0	0	0	0	0	0	0	0	0	0	0	0	0	0	0	0	0	0	0	0	0	0	0	0	0	0	0	0	0	0	0	0	0	0	0	0	0	0	0	0	0	0	0	0	0	0
GF10_C3_d79	0	0	0	0	0	0	0	0	0	0	0	0	0	0	0	0	0	0	0	0	0	0	0	0	0	0	0	0	0	0	0	0	0	0	0	0	0	0	0	0	0	0	0	0	0	0	0	0	0	0	0	0	0	0	0	0	0	0	0	0	0	0	0	0	0	0	0	0	0	0	0	0	0	0	0	0	0	0	0	0	0	0	0	0	0	0	0	0	0	0	0
GF10_C3_d80_colon	0	0	0	0	0	0	0	0	0	0	0	0	0	0	0	0	0	0	0	0	0	0	0	0	0	0	0	0	0	0	0	0	0	0	0	0	0	0	0	0	0	0	0	0	0	0	0	0	0	0	0	0	0	0	0	0	0	0	0	0	0	0	0	0	0	0	0	0	0	0	0	0	0	0	0	0	0	0	0	0	0	0	0	0	0	0	0	0	0	0	0
GF10_C5_d80_colon	0	0	0	0	0	0	0	0	0	0	0	0	0	0	0	0	0	0	0	0	0	0	0	0	0	0	0	0	0	0	0	0	0	0	0	0	0	0	0	0	0	0	0	0	0	0	0	0	0	0	0	0	0	0	0	0	0	0	0	0	0	0	0	0	0	0	0	0	0	0	0	0	0	0	0	0	0	0	0	0	0	0	0	0	0	0	0	0	0	0	0
GF10_C6_d102_colon	0	0	0	0	0	0	0	0	0	0	0	0	0	0	0	0	0	0	0	0	0	0	0	0	0	0	0	0	0	0	0	0	0	0	0	0	0	0	0	0	0	0	0	0	0	0	0	0	0	0	0	0	0	0	0	0	0	0	0	0	0	0	0	0	0	0	0	0	0	0	0	0	0	0	0	0	0	0	0	0	0	0	0	0	0	0	0	0	0	0	0
GF10_C7_d55	0	0	0	0	0	0	0	0	0	0	0	0	0	0	0	0	0	0	0	0	0	0	0	0	0	0	0	0	0	0	0	0	0	0	0	0	0	0	0	0	0	0	0	0	0	0	0	0	0	0	0	0	0	0	0	0	0	0	0	0	0	0	0	0	0	0	0	0	0	0	0	0	0	0	0	0	0	0	0	0	0	0	0	0	0	0	0	0	0	0	0
GF10_C9_d55	0	0	0	0	0	0	0	0	0	0	0	0	0	0	0	0	0	0	0	0	0	0	0	0	0	0	0	0	0	0	0	0	0	0	0	0	0	0	0	0	0	0	0	0	0	0	0	0	0	0	0	0	0	0	0	0	0	0	0	0	0	0	0	0	0	0	0	0	0	0	0	0	0	0	0	0	0	0	0	0	0	0	0	0	0	0	0	0	0	0	0
GF11_B_dam_d0	0	0	0	0	0	0	0	0	0	0	0	0	0	0	0	0	0	0	0	0	0	0	0	0	0	0	0	0	0	0	0	0	0	0	0	0	0	0	0	0	0	0	0	0	0	0	0	0	0	0	0	0	0	0	0	0	0	0	0	0	0	0	0	0	0	0	0	0	0	0	0	0	0	0	0	0	0	0	0	0	0	0	0	0	0	0	0	0	0	0	0
GF11_B2_d74_colon	0	0	0	0	0	0	0	0	0	0	0	0	0	0	0	0	0	0	0	0	0	0	0	0	0	0	0	0	0	0	0	0	0	0	0	0	0	0	0	0	0	0	0	0	0	0	0	0	0	0	0	0	0	0	0	0	0	0	0	0	0	0	0	0	0	0	0	0	0	0	0	0	0	0	0	0	0	0	0	0	0	0	0	0	0	0	0	0	0	0	0
GF11_B3_d72_colon	0	0	0	0	0	0	0	0	0	0	0	0	0	0	0	0	0	0	0	0	0	0	0	0	0	0	0	0	0	0	0	0	0	0	0	0	0	0	0	0	0	0	0	0	0	0	0	0	0	0	0	0	0	0	0	0	0	0	0	0	0	0	0	0	0	0	0	0	0	0	0	0	0	0	0	0	0	0	0	0	0	0	0	0	0	0	0	0	0	0	0
GF11_B6_d72_colon	0	0	0	0	0	0	0	0	0	0	0	0	0	0	0	0	0	0	0	0	0	0	0	0	0	0	0	0	0	0	0	0	0	0	0	0	0	0	0	0	0	0	0	0	0	0	0	0	0	0	0	0	0	0	0	0	0	0	0	0	0	0	0	0	0	0	0	0	0	0	0	0	0	0	0	0	0	0	0	0	0	0	0	0	0	0	0	0	0	0	0
GF11_C2_COLON_D38	0	0	0	0	0	0	0	0	0	0	0	0	0	0	0	0	0	0	0	0	0	0	0	0	0	0	0	0	0	0	0	0	0	0	0	0	0	0	0	0	0	0	0	0	0	0	0	0	0	0	0	0	0	0	0	0	0	0	0	0	0	0	0	0	0	0	0	0	0	0	0	0	0	0	0	0	0	0	0	0	0	0	0	0	0	0	0	0	0	0	0
GF12_A_dam_d1	0	0	0	0	0	0	0	0	0	0	0	0	0	0	0	0	0	0	0	0	0	0	0	0	0	0	0	0	0	0	0	0	0	0	0	0	0	0	0	0	0	0	0	0	0	0	0	0	0	0	0	0	0	0	0	0	0	0	0	0	0	0	0	0	0	0	0	0	0	0	0	0	0	0	0	0	0	0	0	0	0	0	0	0	0	0	0	0	0	0	0
GF12_A1_d32_colon	0	0	0	0	0	0	0	0	0	0	0	0	0	0	0	0	0	0	0	0	0	0	0	0	0	0	0	0	0	0	0	0	0	0	0	0	0	0	0	0	0	0	0	0	0	0	0	0	0	0	0	0	0	0	0	0	0	0	0	0	0	0	0	0	0	0	0	0	0	0	0	0	0	0	0	0	0	0	0	0	0	0	0	0	0	0	0	0	0	0	0
GF12_A3_d32_colon	0	0	0	0	0	0	0	0	0	0	0	0	0	0	0	0	0	0	0	0	0	0	0	0	0	0	0	0	0	0	0	0	0	0	0	0	0	0	0	0	0	0	0	0	0	0	0	0	0	0	0	0	0	0	0	0	0	0	0	0	0	0	0	0	0	0	0	0	0	0	0	0	0	0	0	0	0	0	0	0	0	0	0	0	0	0	0	0	0	0	0
GF12_B_Dam_d0	0	0	0	0	0	0	0	0	0	0	0	0	0	0	0	0	0	0	0	0	0	0	0	0	0	0	0	0	0	0	0	0	0	0	0	0	0	0	0	0	0	0	0	0	0	0	0	0	0	0	0	0	0	0	0	0	0	0	0	0	0	0	0	0	0	0	0	0	0	0	0	0	0	0	0	0	0	0	0	0	0	0	0	0	0	0	0	0	0	0	0
GF12_B1_d82_colon	0	0	0	0	0	0	0	0	0	0	0	0	0	0	0	0	0	0	0	0	0	0	0	0	0	0	0	0	0	0	0	0	0	0	0	0	0	0	0	0	0	0	0	0	0	0	0	0	0	0	0	0	0	0	0	0	0	0	0	0	0	0	0	0	0	0	0	0	0	0	0	0	0	0	0	0	0	0	0	0	0	0	0	0	0	0	0	0	0	0	0
GF12_B2_d34_colon	0	0	0	0	0	0	0	0	0	0	0	0	0	0	0	0	0	0	0	0	0	0	0	0	0	0	0	0	0	0	0	0	0	0	0	0	0	0	0	0	0	0	0	0	0	0	0	0	0	0	0	0	0	0	0	0	0	0	0	0	0	0	0	0	0	0	0	0	0	0	0	0	0	0	0	0	0	0	0	0	0	0	0	0	0	0	0	0	0	0	0
GF12_B3_d32	0	0	0	0	0	0	0	0	0	0	0	0	0	0	0	0	0	0	0	0	0	0	0	0	0	0	0	0	0	0	0	0	0	0	0	0	0	0	0	0	0	0	0	0	0	0	0	0	0	0	0	0	0	0	0	0	0	0	0	0	0	0	0	0	0	0	0	0	0	0	0	0	0	0	0	0	0	0	0	0	0	0	0	0	0	0	0	0	0	0	0
GF12_B3_d34_colon	0	0	0	0	0	0	0	0	0	0	0	0	0	0	0	0	0	0	0	0	0	0	0	0	0	0	0	0	0	0	0	0	0	0	0	0	0	0	0	0	0	0	0	0	0	0	0	0	0	0	0	0	0	0	0	0	0	0	0	0	0	0	0	0	0	0	0	0	0	0	0	0	0	0	0	0	0	0	0	0	0	0	0	0	0	0	0	0	0	0	0
GF12_B3_d82_colon	0	0	0	0	0	0	0	0	0	0	0	0	0	0	0	0	0	0	0	0	0	0	0	0	0	0	0	0	0	0	0	0	0	0	0	0	0	0	0	0	0	0	0	0	0	0	0	0	0	0	0	0	0	0	0	0	0	0	0	0	0	0	0	0	0	0	0	0	0	0	0	0	0	0	0	0	0	0	0	0	0	0	0	0	0	0	0	0	0	0	0
GF12_B4_d34_colon	0	0	0	0	0	0	0	0	0	0	0	0	0	0	0	0	0	0	0	0	0	0	0	0	0	0	0	0	0	0	0	0	0	0	0	0	0	0	0	0	0	0	0	0	0	0	0	0	0	0	0	0	0	0	0	0	0	0	0	0	0	0	0	0	0	0	0	0	0	0	0	0	0	0	0	0	0	0	0	0	0	0	0	0	0	0	0	0	0	0	0
GF12_B5_d82_colon	0	0	0	0	0	0	0	0	0	0	0	0	0	0	0	0	0	0	0	0	0	0	0	0	0	0	0	0	0	0	0	0	0	0	0	0	0	0	0	0	0	0	0	0	0	0	0	0	0	0	0	0	0	0	0	0	0	0	0	0	0	0	0	0	0	0	0	0	0	0	0	0	0	0	0	0	0	0	0	0	0	0	0	0	0	0	0	0	0	0	0
GF12_B6_d82_colon	0	0	0	0	0	0	0	0	0	0	0	0	0	0	0	0	0	0	0	0	0	0	0	0	0	0	0	0	0	0	0	0	0	0	0	0	0	0	0	0	0	0	0	0	0	0	0	0	0	0	0	0	0	0	0	0	0	0	0	0	0	0	0	0	0	0	0	0	0	0	0	0	0	0	0	0	0	0	0	0	0	0	0	0	0	0	0	0	0	0	0
GF12_C1_d31_colon	0	0	0	0	0	0	0	0	0	0	0	0	0	0	0	0	0	0	0	0	0	0	0	0	0	0	0	0	0	0	0	0	0	0	0	0	0	0	0	0	0	0	0	0	0	0	0	0	0	0	0	0	0	0	0	0	0	0	0	0	0	0	0	0	0	0	0	0	0	0	0	0	0	0	0	0	0	0	0	0	0	0	0	0	0	0	0	0	0	0	0
GF12_C1_d92_colon	0	0	0	0	0	0	0	0	0	0	0	0	0	0	0	0	0	0	0	0	0	0	0	0	0	0	0	0	0	0	0	0	0	0	0	0	0	0	0	0	0	0	0	0	0	0	0	0	0	0	0	0	0	0	0	0	0	0	0	0	0	0	0	0	0	0	0	0	0	0	0	0	0	0	0	0	0	0	0	0	0	0	0	0	0	0	0	0	0	0	0
GF12_C2_d32_colon	0	0	0	0	0	0	0	0	0	0	0	0	0	0	0	0	0	0	0	0	0	0	0	0	0	0	0	0	0	0	0	0	0	0	0	0	0	0	0	0	0	0	0	0	0	0	0	0	0	0	0	0	0	0	0	0	0	0	0	0	0	0	0	0	0	0	0	0	0	0	0	0	0	0	0	0	0	0	0	0	0	0	0	0	0	0	0	0	0	0	0
GF12_C2_d92_colon	0	0	0	0	0	0	0	0	0	0	0	0	0	0	0	0	0	0	0	0	0	0	0	0	0	0	0	0	0	0	0	0	0	0	0	0	0	0	0	0	0	0	0	0	0	0	0	0	0	0	0	0	0	0	0	0	0	0	0	0	0	0	0	0	0	0	0	0	0	0	0	0	0	0	0	0	0	0	0	0	0	0	0	0	0	0	0	0	0	0	0
GF12_C3_d34_colon	0	0	0	0	0	0	0	0	0	0	0	0	0	0	0	0	0	0	0	0	0	0	0	0	0	0	0	0	0	0	0	0	0	0	0	0	0	0	0	0	0	0	0	0	0	0	0	0	0	0	0	0	0	0	0	0	0	0	0	0	0	0	0	0	0	0	0	0	0	0	0	0	0	0	0	0	0	0	0	0	0	0	0	0	0	0	0	0	0	0	0
GF12_C3_d92_colon	0	0	0	0	0	0	0	0	0	0	0	0	0	0	0	0	0	0	0	0	0	0	0	0	0	0	0	0	0	0	0	0	0	0	0	0	0	0	0	0	0	0	0	0	0	0	0	0	0	0	0	0	0	0	0	0	0	0	0	0	0	0	0	0	0	0	0	0	0	0	0	0	0	0	0	0	0	0	0	0	0	0	0	0	0	0	0	0	0	0	0
GF12_C4_d80_colon	0	0	0	0	0	0	0	0	0	0	0	0	0	0	0	0	0	0	0	0	0	0	0	0	0	0	0	0	0	0	0	0	0	0	0	0	0	0	0	0	0	0	0	0	0	0	0	0	0	0	0	0	0	0	0	0	0	0	0	0	0	0	0	0	0	0	0	0	0	0	0	0	0	0	0	0	0	0	0	0	0	0	0	0	0	0	0	0	0	0	0
GF12_C4_d80	0	0	0	0	0	0	0	0	0	0	0	0	0	0	0	0	0	0	0	0	0	0	0	0	0	0	0	0	0	0	0	0	0	0	0	0	0	0	0	0	0	0	0	0	0	0	0	0	0	0	0	0	0	0	0	0	0	0	0	0	0	0	0	0	0	0	0	0	0	0	0	0	0	0	0	0	0	0	0	0	0	0	0	0	0	0	0	0	0	0	0
GF12_C4_d92_colon	0	0	0	0	0	0	0	0	0	0	0	0	0	0	0	0	0	0	0	0	0	0	0	0	0	0	0	0	0	0	0	0	0	0	0	0	0	0	0	0	0	0	0	0	0	0	0	0	0	0	0	0	0	0	0	0	0	0	0	0	0	0	0	0	0	0	0	0	0	0	0	0	0	0	0	0	0	0	0	0	0	0	0	0	0	0	0	0	0	0	0
GF12_C5_d31_colon	0	0	0	0	0	0	0	0	0	0	0	0	0	0	0	0	0	0	0	0	0	0	0	0	0	0	0	0	0	0	0	0	0	0	0	0	0	0	0	0	0	0	0	0	0	0	0	0	0	0	0	0	0	0	0	0	0	0	0	0	0	0	0	0	0	0	0	0	0	0	0	0	0	0	0	0	0	0	0	0	0	0	0	0	0	0	0	0	0	0	0
GF12_C5_d80_colon	0	0	0	0	0	0	0	0	0	0	0	0	0	0	0	0	0	0	0	0	0	0	0	0	0	0	0	0	0	0	0	0	0	0	0	0	0	0	0	0	0	0	0	0	0	0	0	0	0	0	0	0	0	0	0	0	0	0	0	0	0	0	0	0	0	0	0	0	0	0	0	0	0	0	0	0	0	0	0	0	0	0	0	0	0	0	0	0	0	0	0
GF13_A1_d35_colon	0	0	0	0	0	0	0	0	0	0	0	0	0	0	0	0	0	0	0	0	0	0	0	0	0	0	0	0	0	0	0	0	0	0	0	0	0	0	0	0	0	0	0	0	0	0	0	0	0	0	0	0	0	0	0	0	0	0	0	0	0	0	0	0	0	0	0	0	0	0	0	0	0	0	0	0	0	0	0	0	0	0	0	0	0	0	0	0	0	0	0
GF13_A2_d35_colon	0	0	0	0	0	0	0	0	0	0	0	0	0	0	0	0	0	0	0	0	0	0	0	0	0	0	0	0	0	0	0	0	0	0	0	0	0	0	0	0	0	0	0	0	0	0	0	0	0	0	0	0	0	0	0	0	0	0	0	0	0	0	0	0	0	0	0	0	0	0	0	0	0	0	0	0	0	0	0	0	0	0	0	0	0	0	0	0	0	0	0
GF13_A3_d35_colon	0	0	0	0	0	0	0	0	0	0	0	0	0	0	0	0	0	0	0	0	0	0	0	0	0	0	0	0	0	0	0	0	0	0	0	0	0	0	0	0	0	0	0	0	0	0	0	0	0	0	0	0	0	0	0	0	0	0	0	0	0	0	0	0	0	0	0	0	0	0	0	0	0	0	0	0	0	0	0	0	0	0	0	0	0	0	0	0	0	0	0
GF13_A4_d35_colon	0	0	0	0	0	0	0	0	0	0	0	0	0	0	0	0	0	0	0	0	0	0	0	0	0	0	0	0	0	0	0	0	0	0	0	0	0	0	0	0	0	0	0	0	0	0	0	0	0	0	0	0	0	0	0	0	0	0	0	0	0	0	0	0	0	0	0	0	0	0	0	0	0	0	0	0	0	0	0	0	0	0	0	0	0	0	0	0	0	0	0
GF13_A5_d35_colon	0	0	0	0	0	0	0	0	0	0	0	0	0	0	0	0	0	0	0	0	0	0	0	0	0	0	0	0	0	0	0	0	0	0	0	0	0	0	0	0	0	0	0	0	0	0	0	0	0	0	0	0	0	0	0	0	0	0	0	0	0	0	0	0	0	0	0	0	0	0	0	0	0	0	0	0	0	0	0	0	0	0	0	0	0	0	0	0	0	0	0
GF13_A6_d35_colon	0	0	0	0	0	0	0	0	0	0	0	0	0	0	0	0	0	0	0	0	0	0	0	0	0	0	0	0	0	0	0	0	0	0	0	0	0	0	0	0	0	0	0	0	0	0	0	0	0	0	0	0	0	0	0	0	0	0	0	0	0	0	0	0	0	0	0	0	0	0	0	0	0	0	0	0	0	0	0	0	0	0	0	0	0	0	0	0	0	0	0
GF13_B2_d65_colon	0	0	0	0	0	0	0	0	0	0	0	0	0	0	0	0	0	0	0	0	0	0	0	0	0	0	0	0	0	0	0	0	0	0	0	0	0	0	0	0	0	0	0	0	0	0	0	0	0	0	0	0	0	0	0	0	0	0	0	0	0	0	0	0	0	0	0	0	0	0	0	0	0	0	0	0	0	0	0	0	0	0	0	0	0	0	0	0	0	0	0
GF13_B4_d65_colon	0	0	0	0	0	0	0	0	0	0	0	0	0	0	0	0	0	0	0	0	0	0	0	0	0	0	0	0	0	0	0	0	0	0	0	0	0	0	0	0	0	0	0	0	0	0	0	0	0	0	0	0	0	0	0	0	0	0	0	0	0	0	0	0	0	0	0	0	0	0	0	0	0	0	0	0	0	0	0	0	0	0	0	0	0	0	0	0	0	0	0
GF13_B6_d65_colon	0	0	0	0	0	0	0	0	0	0	0	0	0	0	0	0	0	0	0	0	0	0	0	0	0	0	0	0	0	0	0	0	0	0	0	0	0	0	0	0	0	0	0	0	0	0	0	0	0	0	0	0	0	0	0	0	0	0	0	0	0	0	0	0	0	0	0	0	0	0	0	0	0	0	0	0	0	0	0	0	0	0	0	0	0	0	0	0	0	0	0
GF13_B7_d65_colon	0	0	0	0	0	0	0	0	0	0	0	0	0	0	0	0	0	0	0	0	0	0	0	0	0	0	0	0	0	0	0	0	0	0	0	0	0	0	0	0	0	0	0	0	0	0	0	0	0	0	0	0	0	0	0	0	0	0	0	0	0	0	0	0	0	0	0	0	0	0	0	0	0	0	0	0	0	0	0	0	0	0	0	0	0	0	0	0	0	0	0
GF14_A_Dam_d0	0	0	0	0	0	0	0	0	0	0	0	0	0	0	0	0	0	0	0	0	0	0	0	0	0	0	0	0	0	0	0	0	0	0	0	0	0	0	0	0	0	0	0	0	0	0	0	0	0	0	0	0	0	0	0	0	0	0	0	0	0	0	0	0	0	0	0	0	0	0	0	0	0	0	0	0	0	0	0	0	0	0	0	0	0	0	0	0	0	0	0
GF14_B_d0_stool	0	0	0	0	0	0	0	0	0	0	0	0	0	0	0	0	0	0	0	0	0	0	0	0	0	0	0	0	0	0	0	0	0	0	0	0	0	0	0	0	0	0	0	0	0	0	0	0	0	0	0	0	0	0	0	0	0	0	0	0	0	0	0	0	0	0	0	0	0	0	0	0	0	0	0	0	0	0	0	0	0	0	0	0	0	0	0	0	0	0	0
GF14_d67_A2_stool	0	0	0	0	0	0	0	0	0	0	0	0	0	0	0	0	0	0	0	0	0	0	0	0	0	0	0	0	0	0	0	0	0	0	0	0	0	0	0	0	0	0	0	0	0	0	0	0	0	0	0	0	0	0	0	0	0	0	0	0	0	0	0	0	0	0	0	0	0	0	0	0	0	0	0	0	0	0	0	0	0	0	0	0	0	0	0	0	0	0	0
GF15_A_Dam_d0	0	0	0	0	0	0	0	0	0	0	0	0	0	0	0	0	0	0	0	0	0	0	0	0	0	0	0	0	0	0	0	0	0	0	0	0	0	0	0	0	0	0	0	0	0	0	0	0	0	0	0	0	0	0	0	0	0	0	0	0	0	0	0	0	0	0	0	0	0	0	0	0	0	0	0	0	0	0	0	0	0	0	0	0	0	0	0	0	0	0	0
GF15_A1_d32	0	0	0	0	0	0	0	0	0	0	0	0	0	0	0	0	0	0	0	0	0	0	0	0	0	0	0	0	0	0	0	0	0	0	0	0	0	0	0	0	0	0	0	0	0	0	0	0	0	0	0	0	0	0	0	0	0	0	0	0	0	0	0	0	0	0	0	0	0	0	0	0	0	0	0	0	0	0	0	0	0	0	0	0	0	0	0	0	0	0	0
GF15_a1_d74_colon	0	0	0	0	0	0	0	0	0	0	0	0	0	0	0	0	0	0	0	0	0	0	0	0	0	0	0	0	0	0	0	0	0	0	0	0	0	0	0	0	0	0	0	0	0	0	0	0	0	0	0	0	0	0	0	0	0	0	0	0	0	0	0	0	0	0	0	0	0	0	0	0	0	0	0	0	0	0	0	0	0	0	0	0	0	0	0	0	0	0	0
GF15_A3_d33	0	0	0	0	0	0	0	0	0	0	0	0	0	0	0	0	0	0	0	0	0	0	0	0	0	0	0	0	0	0	0	0	0	0	0	0	0	0	0	0	0	0	0	0	0	0	0	0	0	0	0	0	0	0	0	0	0	0	0	0	0	0	0	0	0	0	0	0	0	0	0	0	0	0	0	0	0	0	0	0	0	0	0	0	0	0	0	0	0	0	0
GF15_a3_d74_colon	0	0	0	0	0	0	0	0	0	0	0	0	0	0	0	0	0	0	0	0	0	0	0	0	0	0	0	0	0	0	0	0	0	0	0	0	0	0	0	0	0	0	0	0	0	0	0	0	0	0	0	0	0	0	0	0	0	0	0	0	0	0	0	0	0	0	0	0	0	0	0	0	0	0	0	0	0	0	0	0	0	0	0	0	0	0	0	0	0	0	0
GF15_a5_d71_colon	0	0	0	0	0	0	0	0	0	0	0	0	0	0	0	0	0	0	0	0	0	0	0	0	0	0	0	0	0	0	0	0	0	0	0	0	0	0	0	0	0	0	0	0	0	0	0	0	0	0	0	0	0	0	0	0	0	0	0	0	0	0	0	0	0	0	0	0	0	0	0	0	0	0	0	0	0	0	0	0	0	0	0	0	0	0	0	0	0	0	0
GF15_a6_d74_colon	0	0	0	0	0	0	0	0	0	0	0	0	0	0	0	0	0	0	0	0	0	0	0	0	0	0	0	0	0	0	0	0	0	0	0	0	0	0	0	0	0	0	0	0	0	0	0	0	0	0	0	0	0	0	0	0	0	0	0	0	0	0	0	0	0	0	0	0	0	0	0	0	0	0	0	0	0	0	0	0	0	0	0	0	0	0	0	0	0	0	0
GF15_a8_d74_colon	0	0	0	0	0	0	0	0	0	0	0	0	0	0	0	0	0	0	0	0	0	0	0	0	0	0	0	0	0	0	0	0	0	0	0	0	0	0	0	0	0	0	0	0	0	0	0	0	0	0	0	0	0	0	0	0	0	0	0	0	0	0	0	0	0	0	0	0	0	0	0	0	0	0	0	0	0	0	0	0	0	0	0	0	0	0	0	0	0	0	0
GF15_B7_d33	0	0	0	0	0	0	0	0	0	0	0	0	0	0	0	0	0	0	0	0	0	0	0	0	0	0	0	0	0	0	0	0	0	0	0	0	0	0	0	0	0	0	0	0	0	0	0	0	0	0	0	0	0	0	0	0	0	0	0	0	0	0	0	0	0	0	0	0	0	0	0	0	0	0	0	0	0	0	0	0	0	0	0	0	0	0	0	0	0	0	0
GF16_A4_d35_colon	0	0	0	0	0	0	0	0	0	0	0	0	0	0	0	0	0	0	0	0	0	0	0	0	0	0	0	0	0	0	0	0	0	0	0	0	0	0	0	0	0	0	0	0	0	0	0	0	0	0	0	0	0	0	0	0	0	0	0	0	0	0	0	0	0	0	0	0	0	0	0	0	0	0	0	0	0	0	0	0	0	0	0	0	0	0	0	0	0	0	0
GF16_A5_d35_colon	0	0	0	0	0	0	0	0	0	0	0	0	0	0	0	0	0	0	0	0	0	0	0	0	0	0	0	0	0	0	0	0	0	0	0	0	0	0	0	0	0	0	0	0	0	0	0	0	0	0	0	0	0	0	0	0	0	0	0	0	0	0	0	0	0	0	0	0	0	0	0	0	0	0	0	0	0	0	0	0	0	0	0	0	0	0	0	0	0	0	0
GF16_A7_d35_colon	0	0	0	0	0	0	0	0	0	0	0	0	0	0	0	0	0	0	0	0	0	0	0	0	0	0	0	0	0	0	0	0	0	0	0	0	0	0	0	0	0	0	0	0	0	0	0	0	0	0	0	0	0	0	0	0	0	0	0	0	0	0	0	0	0	0	0	0	0	0	0	0	0	0	0	0	0	0	0	0	0	0	0	0	0	0	0	0	0	0	0
GF16_ADam_do	0	0	0	0	0	0	0	0	0	0	0	0	0	0	0	0	0	0	0	0	0	0	0	0	0	0	0	0	0	0	0	0	0	0	0	0	0	0	0	0	0	0	0	0	0	0	0	0	0	0	0	0	0	0	0	0	0	0	0	0	0	0	0	0	0	0	0	0	0	0	0	0	0	0	0	0	0	0	0	0	0	0	0	0	0	0	0	0	0	0	0
GF16_B1_d34	0	0	0	0	0	0	0	0	0	0	0	0	0	0	0	0	0	0	0	0	0	0	0	0	0	0	0	0	0	0	0	0	0	0	0	0	0	0	0	0	0	0	0	0	0	0	0	0	0	0	0	0	0	0	0	0	0	0	0	0	0	0	0	0	0	0	0	0	0	0	0	0	0	0	0	0	0	0	0	0	0	0	0	0	0	0	0	0	0	0	0
GF16_B1_d35_colon	0	0	0	0	0	0	0	0	0	0	0	0	0	0	0	0	0	0	0	0	0	0	0	0	0	0	0	0	0	0	0	0	0	0	0	0	0	0	0	0	0	0	0	0	0	0	0	0	0	0	0	0	0	0	0	0	0	0	0	0	0	0	0	0	0	0	0	0	0	0	0	0	0	0	0	0	0	0	0	0	0	0	0	0	0	0	0	0	0	0	0
GF16_B3_d35_colon	0	0	0	0	0	0	0	0	0	0	0	0	0	0	0	0	0	0	0	0	0	0	0	0	0	0	0	0	0	0	0	0	0	0	0	0	0	0	0	0	0	0	0	0	0	0	0	0	0	0	0	0	0	0	0	0	0	0	0	0	0	0	0	0	0	0	0	0	0	0	0	0	0	0	0	0	0	0	0	0	0	0	0	0	0	0	0	0	0	0	0
GF16_B4_d35_colon	0	0	0	0	0	0	0	0	0	0	0	0	0	0	0	0	0	0	0	0	0	0	0	0	0	0	0	0	0	0	0	0	0	0	0	0	0	0	0	0	0	0	0	0	0	0	0	0	0	0	0	0	0	0	0	0	0	0	0	0	0	0	0	0	0	0	0	0	0	0	0	0	0	0	0	0	0	0	0	0	0	0	0	0	0	0	0	0	0	0	0
GF16_B5_d33	0	0	0	0	0	0	0	0	0	0	0	0	0	0	0	0	0	0	0	0	0	0	0	0	0	0	0	0	0	0	0	0	0	0	0	0	0	0	0	0	0	0	0	0	0	0	0	0	0	0	0	0	0	0	0	0	0	0	0	0	0	0	0	0	0	0	0	0	0	0	0	0	0	0	0	0	0	0	0	0	0	0	0	0	0	0	0	0	0	0	0
GF16_B6_d35_colon	0	0	0	0	0	0	0	0	0	0	0	0	0	0	0	0	0	0	0	0	0	0	0	0	0	0	0	0	0	0	0	0	0	0	0	0	0	0	0	0	0	0	0	0	0	0	0	0	0	0	0	0	0	0	0	0	0	0	0	0	0	0	0	0	0	0	0	0	0	0	0	0	0	0	0	0	0	0	0	0	0	0	0	0	0	0	0	0	0	0	0
GF18_b1_d35_colon	0	0	0	0	0	0	0	0	0	0	0	0	0	0	0	0	0	0	0	0	0	0	0	0	0	0	0	0	0	0	0	0	0	0	0	0	0	0	0	0	0	0	0	0	0	0	0	0	0	0	0	0	0	0	0	0	0	0	0	0	0	0	0	0	0	0	0	0	0	0	0	0	0	0	0	0	0	0	0	0	0	0	0	0	0	0	0	0	0	0	0
GF2_A0	0	0	0	0	0	0	0	0	0	0	0	0	0	0	0	0	0	0	0	0	0	0	0	0	0	0	0	0	0	0	0	0	0	0	0	0	0	0	0	0	0	0	0	0	0	0	0	0	0	0	0	0	0	0	0	0	0	0	0	0	0	0	0	0	0	0	0	0	0	0	0	0	0	0	0	0	0	0	0	0	0	0	0	0	0	0	0	0	0	0	0
GF2_A1_Liver	0	0	0	0	0	0	0	0	0	0	0	0	0	0	0	0	0	0	0	0	0	0	0	0	0	0	0	0	0	0	0	0	0	0	0	0	0	0	0	0	0	0	0	0	0	0	0	0	0	0	0	0	0	0	0	0	0	0	0	0	0	0	0	0	0	0	0	0	0	0	0	0	0	0	0	0	0	0	0	0	0	0	0	0	0	0	0	0	0	0	0
GF2_A1_Spleen	0	0	0	0	0	0	0	0	0	0	0	0	0	0	0	0	0	0	0	0	0	0	0	0	0	0	0	0	0	0	0	0	0	0	0	0	0	0	0	0	0	0	0	0	0	0	0	0	0	0	0	0	0	0	0	0	0	0	0	0	0	0	0	0	0	0	0	0	0	0	0	0	0	0	0	0	0	0	0	0	0	0	0	0	0	0	0	0	0	0	0
GF2_A2_Liver	0	0	0	0	0	0	0	0	0	0	0	0	0	0	0	0	0	0	0	0	0	0	0	0	0	0	0	0	0	0	0	0	0	0	0	0	0	0	0	0	0	0	0	0	0	0	0	0	0	0	0	0	0	0	0	0	0	0	0	0	0	0	0	0	0	0	0	0	0	0	0	0	0	0	0	0	0	0	0	0	0	0	0	0	0	0	0	0	0	0	0
GF2_A2_Spleen	0	0	0	0	0	0	0	0	0	0	0	0	0	0	0	0	0	0	0	0	0	0	0	0	0	0	0	0	0	0	0	0	0	0	0	0	0	0	0	0	0	0	0	0	0	0	0	0	0	0	0	0	0	0	0	0	0	0	0	0	0	0	0	0	0	0	0	0	0	0	0	0	0	0	0	0	0	0	0	0	0	0	0	0	0	0	0	0	0	0	0
GF2_A3_Liver	0	0	0	0	0	0	0	0	0	0	0	0	0	0	0	0	0	0	0	0	0	0	0	0	0	0	0	0	0	0	0	0	0	0	0	0	0	0	0	0	0	0	0	0	0	0	0	0	0	0	0	0	0	0	0	0	0	0	0	0	0	0	0	0	0	0	0	0	0	0	0	0	0	0	0	0	0	0	0	0	0	0	0	0	0	0	0	0	0	0	0
GF2_A3_Spleen	0	0	0	0	0	0	0	0	0	0	0	0	0	0	0	0	0	0	0	0	0	0	0	0	0	0	0	0	0	0	0	0	0	0	0	0	0	0	0	0	0	0	0	0	0	0	0	0	0	0	0	0	0	0	0	0	0	0	0	0	0	0	0	0	0	0	0	0	0	0	0	0	0	0	0	0	0	0	0	0	0	0	0	0	0	0	0	0	0	0	0
GF2_A4_Liver	0	0	0	0	0	0	0	0	0	0	0	0	0	0	0	0	0	0	0	0	0	0	0	0	0	0	0	0	0	0	0	0	0	0	0	0	0	0	0	0	0	0	0	0	0	0	0	0	0	0	0	0	0	0	0	0	0	0	0	0	0	0	0	0	0	0	0	0	0	0	0	0	0	0	0	0	0	0	0	0	0	0	0	0	0	0	0	0	0	0	0
GF2_A4_Spleen	0	0	0	0	0	0	0	0	0	0	0	0	0	0	0	0	0	0	0	0	0	0	0	0	0	0	0	0	0	0	0	0	0	0	0	0	0	0	0	0	0	0	0	0	0	0	0	0	0	0	0	0	0	0	0	0	0	0	0	0	0	0	0	0	0	0	0	0	0	0	0	0	0	0	0	0	0	0	0	0	0	0	0	0	0	0	0	0	0	0	0
GF2_A5_Liver	0	0	0	0	0	0	0	0	0	0	0	0	0	0	0	0	0	0	0	0	0	0	0	0	0	0	0	0	0	0	0	0	0	0	0	0	0	0	0	0	0	0	0	0	0	0	0	0	0	0	0	0	0	0	0	0	0	0	0	0	0	0	0	0	0	0	0	0	0	0	0	0	0	0	0	0	0	0	0	0	0	0	0	0	0	0	0	0	0	0	0
GF2_A5_Spleen	0	0	0	0	0	0	0	0	0	0	0	0	0	0	0	0	0	0	0	0	0	0	0	0	0	0	0	0	0	0	0	0	0	0	0	0	0	0	0	0	0	0	0	0	0	0	0	0	0	0	0	0	0	0	0	0	0	0	0	0	0	0	0	0	0	0	0	0	0	0	0	0	0	0	0	0	0	0	0	0	0	0	0	0	0	0	0	0	0	0	0
GF2_A6_Liver	0	0	0	0	0	0	0	0	0	0	0	0	0	0	0	0	0	0	0	0	0	0	0	0	0	0	0	0	0	0	0	0	0	0	0	0	0	0	0	0	0	0	0	0	0	0	0	0	0	0	0	0	0	0	0	0	0	0	0	0	0	0	0	0	0	0	0	0	0	0	0	0	0	0	0	0	0	0	0	0	0	0	0	0	0	0	0	0	0	0	0
GF2_A6_Spleen	0	0	0	0	0	0	0	0	0	0	0	0	0	0	0	0	0	0	0	0	0	0	0	0	0	0	0	0	0	0	0	0	0	0	0	0	0	0	0	0	0	0	0	0	0	0	0	0	0	0	0	0	0	0	0	0	0	0	0	0	0	0	0	0	0	0	0	0	0	0	0	0	0	0	0	0	0	0	0	0	0	0	0	0	0	0	0	0	0	0	0
GF2_B0	0	0	0	0	0	0	0	0	0	0	0	0	0	0	0	0	0	0	0	0	0	0	0	0	0	0	0	0	0	0	0	0	0	0	0	0	0	0	0	0	0	0	0	0	0	0	0	0	0	0	0	0	0	0	0	0	0	0	0	0	0	0	0	0	0	0	0	0	0	0	0	0	0	0	0	0	0	0	0	0	0	0	0	0	0	0	0	0	0	0	0
GF2_B1_Liver	0	0	0	0	0	0	0	0	0	0	0	0	0	0	0	0	0	0	0	0	0	0	0	0	0	0	0	0	0	0	0	0	0	0	0	0	0	0	0	0	0	0	0	0	0	0	0	0	0	0	0	0	0	0	0	0	0	0	0	0	0	0	0	0	0	0	0	0	0	0	0	0	0	0	0	0	0	0	0	0	0	0	0	0	0	0	0	0	0	0	0
GF2_B1_Spleen	0	0	0	0	0	0	0	0	0	0	0	0	0	0	0	0	0	0	0	0	0	0	0	0	0	0	0	0	0	0	0	0	0	0	0	0	0	0	0	0	0	0	0	0	0	0	0	0	0	0	0	0	0	0	0	0	0	0	0	0	0	0	0	0	0	0	0	0	0	0	0	0	0	0	0	0	0	0	0	0	0	0	0	0	0	0	0	0	0	0	0
GF2_B2_Liver	0	0	0	0	0	0	0	0	0	0	0	0	0	0	0	0	0	0	0	0	0	0	0	0	0	0	0	0	0	0	0	0	0	0	0	0	0	0	0	0	0	0	0	0	0	0	0	0	0	0	0	0	0	0	0	0	0	0	0	0	0	0	0	0	0	0	0	0	0	0	0	0	0	0	0	0	0	0	0	0	0	0	0	0	0	0	0	0	0	0	0
GF2_B2_Spleen	0	0	0	0	0	0	0	0	0	0	0	0	0	0	0	0	0	0	0	0	0	0	0	0	0	0	0	0	0	0	0	0	0	0	0	0	0	0	0	0	0	0	0	0	0	0	0	0	0	0	0	0	0	0	0	0	0	0	0	0	0	0	0	0	0	0	0	0	0	0	0	0	0	0	0	0	0	0	0	0	0	0	0	0	0	0	0	0	0	0	0
GF2_B3_COLON	0	0	0	0	0	0	0	0	0	0	0	0	0	0	0	0	0	0	0	0	0	0	0	0	0	0	0	0	0	0	0	0	0	0	0	0	0	0	0	0	0	0	0	0	0	0	0	0	0	0	0	0	0	0	0	0	0	0	0	0	0	0	0	0	0	0	0	0	0	0	0	0	0	0	0	0	0	0	0	0	0	0	0	0	0	0	0	0	0	0	0
GF2_B3_Liver	0	0	0	0	0	0	0	0	0	0	0	0	0	0	0	0	0	0	0	0	0	0	0	0	0	0	0	0	0	0	0	0	0	0	0	0	0	0	0	0	0	0	0	0	0	0	0	0	0	0	0	0	0	0	0	0	0	0	0	0	0	0	0	0	0	0	0	0	0	0	0	0	0	0	0	0	0	0	0	0	0	0	0	0	0	0	0	0	0	0	0
GF2_B3_Spleen	0	0	0	0	0	0	0	0	0	0	0	0	0	0	0	0	0	0	0	0	0	0	0	0	0	0	0	0	0	0	0	0	0	0	0	0	0	0	0	0	0	0	0	0	0	0	0	0	0	0	0	0	0	0	0	0	0	0	0	0	0	0	0	0	0	0	0	0	0	0	0	0	0	0	0	0	0	0	0	0	0	0	0	0	0	0	0	0	0	0	0
GF2_B5_Spleen	0	0	0	0	0	0	0	0	0	0	0	0	0	0	0	0	0	0	0	0	0	0	0	0	0	0	0	0	0	0	0	0	0	0	0	0	0	0	0	0	0	0	0	0	0	0	0	0	0	0	0	0	0	0	0	0	0	0	0	0	0	0	0	0	0	0	0	0	0	0	0	0	0	0	0	0	0	0	0	0	0	0	0	0	0	0	0	0	0	0	0
GF20_d123_b10	0	0	0	0	0	0	0	0	0	0	0	0	0	0	0	0	0	0	0	0	0	0	0	0	0	0	0	0	0	0	0	0	0	0	0	0	0	0	0	0	0	0	0	0	0	0	0	0	0	0	0	0	0	0	0	0	0	0	0	0	0	0	0	0	0	0	0	0	0	0	0	0	0	0	0	0	0	0	0	0	0	0	0	0	0	0	0	0	0	0	0
GF20_d127_a4	0	0	0	0	0	0	0	0	0	0	0	0	0	0	0	0	0	0	0	0	0	0	0	0	0	0	0	0	0	0	0	0	0	0	0	0	0	0	0	0	0	0	0	0	0	0	0	0	0	0	0	0	0	0	0	0	0	0	0	0	0	0	0	0	0	0	0	0	0	0	0	0	0	0	0	0	0	0	0	0	0	0	0	0	0	0	0	0	0	0	0
GF20_d127_a8	0	0	0	0	0	0	0	0	0	0	0	0	0	0	0	0	0	0	0	0	0	0	0	0	0	0	0	0	0	0	0	0	0	0	0	0	0	0	0	0	0	0	0	0	0	0	0	0	0	0	0	0	0	0	0	0	0	0	0	0	0	0	0	0	0	0	0	0	0	0	0	0	0	0	0	0	0	0	0	0	0	0	0	0	0	0	0	0	0	0	0
GF20_d127_b1	0	0	0	0	0	0	0	0	0	0	0	0	0	0	0	0	0	0	0	0	0	0	0	0	0	0	0	0	0	0	0	0	0	0	0	0	0	0	0	0	0	0	0	0	0	0	0	0	0	0	0	0	0	0	0	0	0	0	0	0	0	0	0	0	0	0	0	0	0	0	0	0	0	0	0	0	0	0	0	0	0	0	0	0	0	0	0	0	0	0	0
GF20_d127_b2	0	0	0	0	0	0	0	0	0	0	0	0	0	0	0	0	0	0	0	0	0	0	0	0	0	0	0	0	0	0	0	0	0	0	0	0	0	0	0	0	0	0	0	0	0	0	0	0	0	0	0	0	0	0	0	0	0	0	0	0	0	0	0	0	0	0	0	0	0	0	0	0	0	0	0	0	0	0	0	0	0	0	0	0	0	0	0	0	0	0	0
GF20_d127_b5	0	0	0	0	0	0	0	0	0	0	0	0	0	0	0	0	0	0	0	0	0	0	0	0	0	0	0	0	0	0	0	0	0	0	0	0	0	0	0	0	0	0	0	0	0	0	0	0	0	0	0	0	0	0	0	0	0	0	0	0	0	0	0	0	0	0	0	0	0	0	0	0	0	0	0	0	0	0	0	0	0	0	0	0	0	0	0	0	0	0	0
GF20_d127_b6	0	0	0	0	0	0	0	0	0	0	0	0	0	0	0	0	0	0	0	0	0	0	0	0	0	0	0	0	0	0	0	0	0	0	0	0	0	0	0	0	0	0	0	0	0	0	0	0	0	0	0	0	0	0	0	0	0	0	0	0	0	0	0	0	0	0	0	0	0	0	0	0	0	0	0	0	0	0	0	0	0	0	0	0	0	0	0	0	0	0	0
GF20_d127_b8	0	0	0	0	0	0	0	0	0	0	0	0	0	0	0	0	0	0	0	0	0	0	0	0	0	0	0	0	0	0	0	0	0	0	0	0	0	0	0	0	0	0	0	0	0	0	0	0	0	0	0	0	0	0	0	0	0	0	0	0	0	0	0	0	0	0	0	0	0	0	0	0	0	0	0	0	0	0	0	0	0	0	0	0	0	0	0	0	0	0	0
GF20_d140_c1	0	0	0	0	0	0	0	0	0	0	0	0	0	0	0	0	0	0	0	0	0	0	0	0	0	0	0	0	0	0	0	0	0	0	0	0	0	0	0	0	0	0	0	0	0	0	0	0	0	0	0	0	0	0	0	0	0	0	0	0	0	0	0	0	0	0	0	0	0	0	0	0	0	0	0	0	0	0	0	0	0	0	0	0	0	0	0	0	0	0	0
GF20_d140_c3	0	0	0	0	0	0	0	0	0	0	0	0	0	0	0	0	0	0	0	0	0	0	0	0	0	0	0	0	0	0	0	0	0	0	0	0	0	0	0	0	0	0	0	0	0	0	0	0	0	0	0	0	0	0	0	0	0	0	0	0	0	0	0	0	0	0	0	0	0	0	0	0	0	0	0	0	0	0	0	0	0	0	0	0	0	0	0	0	0	0	0
GF20_d140_c5	0	0	0	0	0	0	0	0	0	0	0	0	0	0	0	0	0	0	0	0	0	0	0	0	0	0	0	0	0	0	0	0	0	0	0	0	0	0	0	0	0	0	0	0	0	0	0	0	0	0	0	0	0	0	0	0	0	0	0	0	0	0	0	0	0	0	0	0	0	0	0	0	0	0	0	0	0	0	0	0	0	0	0	0	0	0	0	0	0	0	0
GF20_d140_c6	0	0	0	0	0	0	0	0	0	0	0	0	0	0	0	0	0	0	0	0	0	0	0	0	0	0	0	0	0	0	0	0	0	0	0	0	0	0	0	0	0	0	0	0	0	0	0	0	0	0	0	0	0	0	0	0	0	0	0	0	0	0	0	0	0	0	0	0	0	0	0	0	0	0	0	0	0	0	0	0	0	0	0	0	0	0	0	0	0	0	0
GF20_d140_c7	0	0	0	0	0	0	0	0	0	0	0	0	0	0	0	0	0	0	0	0	0	0	0	0	0	0	0	0	0	0	0	0	0	0	0	0	0	0	0	0	0	0	0	0	0	0	0	0	0	0	0	0	0	0	0	0	0	0	0	0	0	0	0	0	0	0	0	0	0	0	0	0	0	0	0	0	0	0	0	0	0	0	0	0	0	0	0	0	0	0	0
GF20_d140_c9	0	0	0	0	0	0	0	0	0	0	0	0	0	0	0	0	0	0	0	0	0	0	0	0	0	0	0	0	0	0	0	0	0	0	0	0	0	0	0	0	0	0	0	0	0	0	0	0	0	0	0	0	0	0	0	0	0	0	0	0	0	0	0	0	0	0	0	0	0	0	0	0	0	0	0	0	0	0	0	0	0	0	0	0	0	0	0	0	0	0	0
GF20_d35_b5	0	0	0	0	0	0	0	0	0	0	0	0	0	0	0	0	0	0	0	0	0	0	0	0	0	0	0	0	0	0	0	0	0	0	0	0	0	0	0	0	0	0	0	0	0	0	0	0	0	0	0	0	0	0	0	0	0	0	0	0	0	0	0	0	0	0	0	0	0	0	0	0	0	0	0	0	0	0	0	0	0	0	0	0	0	0	0	0	0	0	0
GF20_d36_b1	0	0	0	0	0	0	0	0	0	0	0	0	0	0	0	0	0	0	0	0	0	0	0	0	0	0	0	0	0	0	0	0	0	0	0	0	0	0	0	0	0	0	0	0	0	0	0	0	0	0	0	0	0	0	0	0	0	0	0	0	0	0	0	0	0	0	0	0	0	0	0	0	0	0	0	0	0	0	0	0	0	0	0	0	0	0	0	0	0	0	0
GF20_d36_b3	0	0	0	0	0	0	0	0	0	0	0	0	0	0	0	0	0	0	0	0	0	0	0	0	0	0	0	0	0	0	0	0	0	0	0	0	0	0	0	0	0	0	0	0	0	0	0	0	0	0	0	0	0	0	0	0	0	0	0	0	0	0	0	0	0	0	0	0	0	0	0	0	0	0	0	0	0	0	0	0	0	0	0	0	0	0	0	0	0	0	0
GF20_d36_b4	0	0	0	0	0	0	0	0	0	0	0	0	0	0	0	0	0	0	0	0	0	0	0	0	0	0	0	0	0	0	0	0	0	0	0	0	0	0	0	0	0	0	0	0	0	0	0	0	0	0	0	0	0	0	0	0	0	0	0	0	0	0	0	0	0	0	0	0	0	0	0	0	0	0	0	0	0	0	0	0	0	0	0	0	0	0	0	0	0	0	0
GF20_d40_c1	0	0	0	0	0	0	0	0	0	0	0	0	0	0	0	0	0	0	0	0	0	0	0	0	0	0	0	0	0	0	0	0	0	0	0	0	0	0	0	0	0	0	0	0	0	0	0	0	0	0	0	0	0	0	0	0	0	0	0	0	0	0	0	0	0	0	0	0	0	0	0	0	0	0	0	0	0	0	0	0	0	0	0	0	0	0	0	0	0	0	0
GF20_d40_c2	0	0	0	0	0	0	0	0	0	0	0	0	0	0	0	0	0	0	0	0	0	0	0	0	0	0	0	0	0	0	0	0	0	0	0	0	0	0	0	0	0	0	0	0	0	0	0	0	0	0	0	0	0	0	0	0	0	0	0	0	0	0	0	0	0	0	0	0	0	0	0	0	0	0	0	0	0	0	0	0	0	0	0	0	0	0	0	0	0	0	0
GF20_d40_c4	0	0	0	0	0	0	0	0	0	0	0	0	0	0	0	0	0	0	0	0	0	0	0	0	0	0	0	0	0	0	0	0	0	0	0	0	0	0	0	0	0	0	0	0	0	0	0	0	0	0	0	0	0	0	0	0	0	0	0	0	0	0	0	0	0	0	0	0	0	0	0	0	0	0	0	0	0	0	0	0	0	0	0	0	0	0	0	0	0	0	0
GF20_d89_b4	0	0	0	0	0	0	0	0	0	0	0	0	0	0	0	0	0	0	0	0	0	0	0	0	0	0	0	0	0	0	0	0	0	0	0	0	0	0	0	0	0	0	0	0	0	0	0	0	0	0	0	0	0	0	0	0	0	0	0	0	0	0	0	0	0	0	0	0	0	0	0	0	0	0	0	0	0	0	0	0	0	0	0	0	0	0	0	0	0	0	0
GF20_d89_b7	0	0	0	0	0	0	0	0	0	0	0	0	0	0	0	0	0	0	0	0	0	0	0	0	0	0	0	0	0	0	0	0	0	0	0	0	0	0	0	0	0	0	0	0	0	0	0	0	0	0	0	0	0	0	0	0	0	0	0	0	0	0	0	0	0	0	0	0	0	0	0	0	0	0	0	0	0	0	0	0	0	0	0	0	0	0	0	0	0	0	0
GF23_d0_dama	0	0	0	0	0	0	0	0	0	0	0	0	0	0	0	0	0	0	0	0	0	0	0	0	0	0	0	0	0	0	0	0	0	0	0	0	0	0	0	0	0	0	0	0	0	0	0	0	0	0	0	0	0	0	0	0	0	0	0	0	0	0	0	0	0	0	0	0	0	0	0	0	0	0	0	0	0	0	0	0	0	0	0	0	0	0	0	0	0	0	0
GF23_d0_damb	0	0	0	0	0	0	0	0	0	0	0	0	0	0	0	0	0	0	0	0	0	0	0	0	0	0	0	0	0	0	0	0	0	0	0	0	0	0	0	0	0	0	0	0	0	0	0	0	0	0	0	0	0	0	0	0	0	0	0	0	0	0	0	0	0	0	0	0	0	0	0	0	0	0	0	0	0	0	0	0	0	0	0	0	0	0	0	0	0	0	0
GF23_d0_damc	0	0	0	0	0	0	0	0	0	0	0	0	0	0	0	0	0	0	0	0	0	0	0	0	0	0	0	0	0	0	0	0	0	0	0	0	0	0	0	0	0	0	0	0	0	0	0	0	0	0	0	0	0	0	0	0	0	0	0	0	0	0	0	0	0	0	0	0	0	0	0	0	0	0	0	0	0	0	0	0	0	0	0	0	0	0	0	0	0	0	0
GF23_d10_damc	0	0	0	0	0	0	0	0	0	0	0	0	0	0	0	0	0	0	0	0	0	0	0	0	0	0	0	0	0	0	0	0	0	0	0	0	0	0	0	0	0	0	0	0	0	0	0	0	0	0	0	0	0	0	0	0	0	0	0	0	0	0	0	0	0	0	0	0	0	0	0	0	0	0	0	0	0	0	0	0	0	0	0	0	0	0	0	0	0	0	0
GF23_d19_dama	0	0	0	0	0	0	0	0	0	0	0	0	0	0	0	0	0	0	0	0	0	0	0	0	0	0	0	0	0	0	0	0	0	0	0	0	0	0	0	0	0	0	0	0	0	0	0	0	0	0	0	0	0	0	0	0	0	0	0	0	0	0	0	0	0	0	0	0	0	0	0	0	0	0	0	0	0	0	0	0	0	0	0	0	0	0	0	0	0	0	0
GF23_d32_dama	0	0	0	0	0	0	0	0	0	0	0	0	0	0	0	0	0	0	0	0	0	0	0	0	0	0	0	0	0	0	0	0	0	0	0	0	0	0	0	0	0	0	0	0	0	0	0	0	0	0	0	0	0	0	0	0	0	0	0	0	0	0	0	0	0	0	0	0	0	0	0	0	0	0	0	0	0	0	0	0	0	0	0	0	0	0	0	0	0	0	0
GF23_d32_damc	0	0	0	0	0	0	0	0	0	0	0	0	0	0	0	0	0	0	0	0	0	0	0	0	0	0	0	0	0	0	0	0	0	0	0	0	0	0	0	0	0	0	0	0	0	0	0	0	0	0	0	0	0	0	0	0	0	0	0	0	0	0	0	0	0	0	0	0	0	0	0	0	0	0	0	0	0	0	0	0	0	0	0	0	0	0	0	0	0	0	0
GF23_d35_c1	0	0	0	0	0	0	0	0	0	0	0	0	0	0	0	0	0	0	0	0	0	0	0	0	0	0	0	0	0	0	0	0	0	0	0	0	0	0	0	0	0	0	0	0	0	0	0	0	0	0	0	0	0	0	0	0	0	0	0	0	0	0	0	0	0	0	0	0	0	0	0	0	0	0	0	0	0	0	0	0	0	0	0	0	0	0	0	0	0	0	0
GF23_d47_dama	0	0	0	0	0	0	0	0	0	0	0	0	0	0	0	0	0	0	0	0	0	0	0	0	0	0	0	0	0	0	0	0	0	0	0	0	0	0	0	0	0	0	0	0	0	0	0	0	0	0	0	0	0	0	0	0	0	0	0	0	0	0	0	0	0	0	0	0	0	0	0	0	0	0	0	0	0	0	0	0	0	0	0	0	0	0	0	0	0	0	0
GF23_d47_damc	0	0	0	0	0	0	0	0	0	0	0	0	0	0	0	0	0	0	0	0	0	0	0	0	0	0	0	0	0	0	0	0	0	0	0	0	0	0	0	0	0	0	0	0	0	0	0	0	0	0	0	0	0	0	0	0	0	0	0	0	0	0	0	0	0	0	0	0	0	0	0	0	0	0	0	0	0	0	0	0	0	0	0	0	0	0	0	0	0	0	0
GF23_d52_a1	0	0	0	0	0	0	0	0	0	0	0	0	0	0	0	0	0	0	0	0	0	0	0	0	0	0	0	0	0	0	0	0	0	0	0	0	0	0	0	0	0	0	0	0	0	0	0	0	0	0	0	0	0	0	0	0	0	0	0	0	0	0	0	0	0	0	0	0	0	0	0	0	0	0	0	0	0	0	0	0	0	0	0	0	0	0	0	0	0	0	0
GF23_d52_a6	0	0	0	0	0	0	0	0	0	0	0	0	0	0	0	0	0	0	0	0	0	0	0	0	0	0	0	0	0	0	0	0	0	0	0	0	0	0	0	0	0	0	0	0	0	0	0	0	0	0	0	0	0	0	0	0	0	0	0	0	0	0	0	0	0	0	0	0	0	0	0	0	0	0	0	0	0	0	0	0	0	0	0	0	0	0	0	0	0	0	0
GF23_d57_c5	0	0	0	0	0	0	0	0	0	0	0	0	0	0	0	0	0	0	0	0	0	0	0	0	0	0	0	0	0	0	0	0	0	0	0	0	0	0	0	0	0	0	0	0	0	0	0	0	0	0	0	0	0	0	0	0	0	0	0	0	0	0	0	0	0	0	0	0	0	0	0	0	0	0	0	0	0	0	0	0	0	0	0	0	0	0	0	0	0	0	0
GF23_d80_c5	0	0	0	0	0	0	0	0	0	0	0	0	0	0	0	0	0	0	0	0	0	0	0	0	0	0	0	0	0	0	0	0	0	0	0	0	0	0	0	0	0	0	0	0	0	0	0	0	0	0	0	0	0	0	0	0	0	0	0	0	0	0	0	0	0	0	0	0	0	0	0	0	0	0	0	0	0	0	0	0	0	0	0	0	0	0	0	0	0	0	0
GF23_d82_c2	0	0	0	0	0	0	0	0	0	0	0	0	0	0	0	0	0	0	0	0	0	0	0	0	0	0	0	0	0	0	0	0	0	0	0	0	0	0	0	0	0	0	0	0	0	0	0	0	0	0	0	0	0	0	0	0	0	0	0	0	0	0	0	0	0	0	0	0	0	0	0	0	0	0	0	0	0	0	0	0	0	0	0	0	0	0	0	0	0	0	0
GF23_d82_c6	0	0	0	0	0	0	0	0	0	0	0	0	0	0	0	0	0	0	0	0	0	0	0	0	0	0	0	0	0	0	0	0	0	0	0	0	0	0	0	0	0	0	0	0	0	0	0	0	0	0	0	0	0	0	0	0	0	0	0	0	0	0	0	0	0	0	0	0	0	0	0	0	0	0	0	0	0	0	0	0	0	0	0	0	0	0	0	0	0	0	0
GF23_d83_c4	0	0	0	0	0	0	0	0	0	0	0	0	0	0	0	0	0	0	0	0	0	0	0	0	0	0	0	0	0	0	0	0	0	0	0	0	0	0	0	0	0	0	0	0	0	0	0	0	0	0	0	0	0	0	0	0	0	0	0	0	0	0	0	0	0	0	0	0	0	0	0	0	0	0	0	0	0	0	0	0	0	0	0	0	0	0	0	0	0	0	0
GF23_d83_c5	0	0	0	0	0	0	0	0	0	0	0	0	0	0	0	0	0	0	0	0	0	0	0	0	0	0	0	0	0	0	0	0	0	0	0	0	0	0	0	0	0	0	0	0	0	0	0	0	0	0	0	0	0	0	0	0	0	0	0	0	0	0	0	0	0	0	0	0	0	0	0	0	0	0	0	0	0	0	0	0	0	0	0	0	0	0	0	0	0	0	0
GF4_A0	0	0	0	0	0	0	0	0	0	0	0	0	0	0	0	0	0	0	0	0	0	0	0	0	0	0	0	0	0	0	0	0	0	0	0	0	0	0	0	0	0	0	0	0	0	0	0	0	0	0	0	0	0	0	0	0	0	0	0	0	0	0	0	0	0	0	0	0	0	0	0	0	0	0	0	0	0	0	0	0	0	0	0	0	0	0	0	0	0	0	0
GF4_B0	0	0	0	0	0	0	0	0	0	0	0	0	0	0	0	0	0	0	0	0	0	0	0	0	0	0	0	0	0	0	0	0	0	0	0	0	0	0	0	0	0	0	0	0	0	0	0	0	0	0	0	0	0	0	0	0	0	0	0	0	0	0	0	0	0	0	0	0	0	0	0	0	0	0	0	0	0	0	0	0	0	0	0	0	0	0	0	0	0	0	0
GF4_B2_d37	0	0	0	0	0	0	0	0	0	0	0	0	0	0	0	0	0	0	0	0	0	0	0	0	0	0	0	0	0	0	0	0	0	0	0	0	0	0	0	0	0	0	0	0	0	0	0	0	0	0	0	0	0	0	0	0	0	0	0	0	0	0	0	0	0	0	0	0	0	0	0	0	0	0	0	0	0	0	0	0	0	0	0	0	0	0	0	0	0	0	0
GF4_B3_d38	0	0	0	0	0	0	0	0	0	0	0	0	0	0	0	0	0	0	0	0	0	0	0	0	0	0	0	0	0	0	0	0	0	0	0	0	0	0	0	0	0	0	0	0	0	0	0	0	0	0	0	0	0	0	0	0	0	0	0	0	0	0	0	0	0	0	0	0	0	0	0	0	0	0	0	0	0	0	0	0	0	0	0	0	0	0	0	0	0	0	0
GF4_B3_MLN	0	0	0	0	0	0	0	0	0	0	0	0	0	0	0	0	0	0	0	0	0	0	0	0	0	0	0	0	0	0	0	0	0	0	0	0	0	0	0	0	0	0	0	0	0	0	0	0	0	0	0	0	0	0	0	0	0	0	0	0	0	0	0	0	0	0	0	0	0	0	0	0	0	0	0	0	0	0	0	0	0	0	0	0	0	0	0	0	0	0	0
GF4_B4_d37	0	0	0	0	0	0	0	0	0	0	0	0	0	0	0	0	0	0	0	0	0	0	0	0	0	0	0	0	0	0	0	0	0	0	0	0	0	0	0	0	0	0	0	0	0	0	0	0	0	0	0	0	0	0	0	0	0	0	0	0	0	0	0	0	0	0	0	0	0	0	0	0	0	0	0	0	0	0	0	0	0	0	0	0	0	0	0	0	0	0	0
GF4_C0	0	0	0	0	0	0	0	0	0	0	0	0	0	0	0	0	0	0	0	0	0	0	0	0	0	0	0	0	0	0	0	0	0	0	0	0	0	0	0	0	0	0	0	0	0	0	0	0	0	0	0	0	0	0	0	0	0	0	0	0	0	0	0	0	0	0	0	0	0	0	0	0	0	0	0	0	0	0	0	0	0	0	0	0	0	0	0	0	0	0	0
GF4_C1_d41	0	0	0	0	0	0	0	0	0	0	0	0	0	0	0	0	0	0	0	0	0	0	0	0	0	0	0	0	0	0	0	0	0	0	0	0	0	0	0	0	0	0	0	0	0	0	0	0	0	0	0	0	0	0	0	0	0	0	0	0	0	0	0	0	0	0	0	0	0	0	0	0	0	0	0	0	0	0	0	0	0	0	0	0	0	0	0	0	0	0	0
GF4_C1_MLN	0	0	0	0	0	0	0	0	0	0	0	0	0	0	0	0	0	0	0	0	0	0	0	0	0	0	0	0	0	0	0	0	0	0	0	0	0	0	0	0	0	0	0	0	0	0	0	0	0	0	0	0	0	0	0	0	0	0	0	0	0	0	0	0	0	0	0	0	0	0	0	0	0	0	0	0	0	0	0	0	0	0	0	0	0	0	0	0	0	0	0
GF4_C2_MLN	0	0	0	0	0	0	0	0	0	0	0	0	0	0	0	0	0	0	0	0	0	0	0	0	0	0	0	0	0	0	0	0	0	0	0	0	0	0	0	0	0	0	0	0	0	0	0	0	0	0	0	0	0	0	0	0	0	0	0	0	0	0	0	0	0	0	0	0	0	0	0	0	0	0	0	0	0	0	0	0	0	0	0	0	0	0	0	0	0	0	0
GF4_C3_d41	0	0	0	0	0	0	0	0	0	0	0	0	0	0	0	0	0	0	0	0	0	0	0	0	0	0	0	0	0	0	0	0	0	0	0	0	0	0	0	0	0	0	0	0	0	0	0	0	0	0	0	0	0	0	0	0	0	0	0	0	0	0	0	0	0	0	0	0	0	0	0	0	0	0	0	0	0	0	0	0	0	0	0	0	0	0	0	0	0	0	0
GF4_C3_MLN	0	0	0	0	0	0	0	0	0	0	0	0	0	0	0	0	0	0	0	0	0	0	0	0	0	0	0	0	0	0	0	0	0	0	0	0	0	0	0	0	0	0	0	0	0	0	0	0	0	0	0	0	0	0	0	0	0	0	0	0	0	0	0	0	0	0	0	0	0	0	0	0	0	0	0	0	0	0	0	0	0	0	0	0	0	0	0	0	0	0	0
GF4_C4_d38	0	0	0	0	0	0	0	0	0	0	0	0	0	0	0	0	0	0	0	0	0	0	0	0	0	0	0	0	0	0	0	0	0	0	0	0	0	0	0	0	0	0	0	0	0	0	0	0	0	0	0	0	0	0	0	0	0	0	0	0	0	0	0	0	0	0	0	0	0	0	0	0	0	0	0	0	0	0	0	0	0	0	0	0	0	0	0	0	0	0	0
GF4_C5_MLN	0	0	0	0	0	0	0	0	0	0	0	0	0	0	0	0	0	0	0	0	0	0	0	0	0	0	0	0	0	0	0	0	0	0	0	0	0	0	0	0	0	0	0	0	0	0	0	0	0	0	0	0	0	0	0	0	0	0	0	0	0	0	0	0	0	0	0	0	0	0	0	0	0	0	0	0	0	0	0	0	0	0	0	0	0	0	0	0	0	0	0
GF4_EMPTY	0	0	0	0	0	0	0	0	0	0	0	0	0	0	0	0	0	0	0	0	0	0	0	0	0	0	0	0	0	0	0	0	0	0	0	0	0	0	0	0	0	0	0	0	0	0	0	0	0	0	0	0	0	0	0	0	0	0	0	0	0	0	0	0	0	0	0	0	0	0	0	0	0	0	0	0	0	0	0	0	0	0	0	0	0	0	0	0	0	0	0
GF4_W1	0	0	0	0	0	0	0	0	0	0	0	0	0	0	0	0	0	0	0	0	0	0	0	0	0	0	0	0	0	0	0	0	0	0	0	0	0	0	0	0	0	0	0	0	0	0	0	0	0	0	0	0	0	0	0	0	0	0	0	0	0	0	0	0	0	0	0	0	0	0	0	0	0	0	0	0	0	0	0	0	0	0	0	0	0	0	0	0	0	0	0
GF4_W2	0	0	0	0	0	0	0	0	0	0	0	0	0	0	0	0	0	0	0	0	0	0	0	0	0	0	0	0	0	0	0	0	0	0	0	0	0	0	0	0	0	0	0	0	0	0	0	0	0	0	0	0	0	0	0	0	0	0	0	0	0	0	0	0	0	0	0	0	0	0	0	0	0	0	0	0	0	0	0	0	0	0	0	0	0	0	0	0	0	0	0
GF4_W3	0	0	0	0	0	0	0	0	0	0	0	0	0	0	0	0	0	0	0	0	0	0	0	0	0	0	0	0	0	0	0	0	0	0	0	0	0	0	0	0	0	0	0	0	0	0	0	0	0	0	0	0	0	0	0	0	0	0	0	0	0	0	0	0	0	0	0	0	0	0	0	0	0	0	0	0	0	0	0	0	0	0	0	0	0	0	0	0	0	0	0
GF4_W4	0	0	0	0	0	0	0	0	0	0	0	0	0	0	0	0	0	0	0	0	0	0	0	0	0	0	0	0	0	0	0	0	0	0	0	0	0	0	0	0	0	0	0	0	0	0	0	0	0	0	0	0	0	0	0	0	0	0	0	0	0	0	0	0	0	0	0	0	0	0	0	0	0	0	0	0	0	0	0	0	0	0	0	0	0	0	0	0	0	0	0
GF4_W5	0	0	0	0	0	0	0	0	0	0	0	0	0	0	0	0	0	0	0	0	0	0	0	0	0	0	0	0	0	0	0	0	0	0	0	0	0	0	0	0	0	0	0	0	0	0	0	0	0	0	0	0	0	0	0	0	0	0	0	0	0	0	0	0	0	0	0	0	0	0	0	0	0	0	0	0	0	0	0	0	0	0	0	0	0	0	0	0	0	0	0
GF5_A1_COLON_190628	0	0	0	0	0	0	0	0	0	0	0	0	0	0	0	0	0	0	0	0	0	0	0	0	0	0	0	0	0	0	0	0	0	0	0	0	0	0	0	0	0	0	0	0	0	0	0	0	0	0	0	0	0	0	0	0	0	0	0	0	0	0	0	0	0	0	0	0	0	0	0	0	0	0	0	0	0	0	0	0	0	0	0	0	0	0	0	0	0	0	0
GF5_A1_D82	0	0	0	0	0	0	0	0	0	0	0	0	0	0	0	0	0	0	0	0	0	0	0	0	0	0	0	0	0	0	0	0	0	0	0	0	0	0	0	0	0	0	0	0	0	0	0	0	0	0	0	0	0	0	0	0	0	0	0	0	0	0	0	0	0	0	0	0	0	0	0	0	0	0	0	0	0	0	0	0	0	0	0	0	0	0	0	0	0	0	0
GF5_A3_D80	0	0	0	0	0	0	0	0	0	0	0	0	0	0	0	0	0	0	0	0	0	0	0	0	0	0	0	0	0	0	0	0	0	0	0	0	0	0	0	0	0	0	0	0	0	0	0	0	0	0	0	0	0	0	0	0	0	0	0	0	0	0	0	0	0	0	0	0	0	0	0	0	0	0	0	0	0	0	0	0	0	0	0	0	0	0	0	0	0	0	0
GF5_A4_COLON_190628	0	0	0	0	0	0	0	0	0	0	0	0	0	0	0	0	0	0	0	0	0	0	0	0	0	0	0	0	0	0	0	0	0	0	0	0	0	0	0	0	0	0	0	0	0	0	0	0	0	0	0	0	0	0	0	0	0	0	0	0	0	0	0	0	0	0	0	0	0	0	0	0	0	0	0	0	0	0	0	0	0	0	0	0	0	0	0	0	0	0	0
GF5_A4_D79	0	0	0	0	0	0	0	0	0	0	0	0	0	0	0	0	0	0	0	0	0	0	0	0	0	0	0	0	0	0	0	0	0	0	0	0	0	0	0	0	0	0	0	0	0	0	0	0	0	0	0	0	0	0	0	0	0	0	0	0	0	0	0	0	0	0	0	0	0	0	0	0	0	0	0	0	0	0	0	0	0	0	0	0	0	0	0	0	0	0	0
GF5_A5_D47	0	0	0	0	0	0	0	0	0	0	0	0	0	0	0	0	0	0	0	0	0	0	0	0	0	0	0	0	0	0	0	0	0	0	0	0	0	0	0	0	0	0	0	0	0	0	0	0	0	0	0	0	0	0	0	0	0	0	0	0	0	0	0	0	0	0	0	0	0	0	0	0	0	0	0	0	0	0	0	0	0	0	0	0	0	0	0	0	0	0	0
GF5_A6_COLON_190628	0	0	0	0	0	0	0	0	0	0	0	0	0	0	0	0	0	0	0	0	0	0	0	0	0	0	0	0	0	0	0	0	0	0	0	0	0	0	0	0	0	0	0	0	0	0	0	0	0	0	0	0	0	0	0	0	0	0	0	0	0	0	0	0	0	0	0	0	0	0	0	0	0	0	0	0	0	0	0	0	0	0	0	0	0	0	0	0	0	0	0
GF5_A7_COLON_190628	0	0	0	0	0	0	0	0	0	0	0	0	0	0	0	0	0	0	0	0	0	0	0	0	0	0	0	0	0	0	0	0	0	0	0	0	0	0	0	0	0	0	0	0	0	0	0	0	0	0	0	0	0	0	0	0	0	0	0	0	0	0	0	0	0	0	0	0	0	0	0	0	0	0	0	0	0	0	0	0	0	0	0	0	0	0	0	0	0	0	0
GF5_B_COLON_M3	0	0	0	0	0	0	0	0	0	0	0	0	0	0	0	0	0	0	0	0	0	0	0	0	0	0	0	0	0	0	0	0	0	0	0	0	0	0	0	0	0	0	0	0	0	0	0	0	0	0	0	0	0	0	0	0	0	0	0	0	0	0	0	0	0	0	0	0	0	0	0	0	0	0	0	0	0	0	0	0	0	0	0	0	0	0	0	0	0	0	0
GF5_B_COLON_M4	0	0	0	0	0	0	0	0	0	0	0	0	0	0	0	0	0	0	0	0	0	0	0	0	0	0	0	0	0	0	0	0	0	0	0	0	0	0	0	0	0	0	0	0	0	0	0	0	0	0	0	0	0	0	0	0	0	0	0	0	0	0	0	0	0	0	0	0	0	0	0	0	0	0	0	0	0	0	0	0	0	0	0	0	0	0	0	0	0	0	0
GF5_B7_D84	0	0	0	0	0	0	0	0	0	0	0	0	0	0	0	0	0	0	0	0	0	0	0	0	0	0	0	0	0	0	0	0	0	0	0	0	0	0	0	0	0	0	0	0	0	0	0	0	0	0	0	0	0	0	0	0	0	0	0	0	0	0	0	0	0	0	0	0	0	0	0	0	0	0	0	0	0	0	0	0	0	0	0	0	0	0	0	0	0	0	0
GF5_C_DAM_D0	0	0	0	0	0	0	0	0	0	0	0	0	0	0	0	0	0	0	0	0	0	0	0	0	0	0	0	0	0	0	0	0	0	0	0	0	0	0	0	0	0	0	0	0	0	0	0	0	0	0	0	0	0	0	0	0	0	0	0	0	0	0	0	0	0	0	0	0	0	0	0	0	0	0	0	0	0	0	0	0	0	0	0	0	0	0	0	0	0	0	0
GF5_EMPTY	0	0	0	0	0	0	0	0	0	0	0	0	0	0	0	0	0	0	0	0	0	0	0	0	0	0	0	0	0	0	0	0	0	0	0	0	0	0	0	0	0	0	0	0	0	0	0	0	0	0	0	0	0	0	0	0	0	0	0	0	0	0	0	0	0	0	0	0	0	0	0	0	0	0	0	0	0	0	0	0	0	0	0	0	0	0	0	0	0	0	0
GF6_A1_D88	0	0	0	0	0	0	0	0	0	0	0	0	0	0	0	0	0	0	0	0	0	0	0	0	0	0	0	0	0	0	0	0	0	0	0	0	0	0	0	0	0	0	0	0	0	0	0	0	0	0	0	0	0	0	0	0	0	0	0	0	0	0	0	0	0	0	0	0	0	0	0	0	0	0	0	0	0	0	0	0	0	0	0	0	0	0	0	0	0	0	0
GF6_ADAM_D67	0	0	0	0	0	0	0	0	0	0	0	0	0	0	0	0	0	0	0	0	0	0	0	0	0	0	0	0	0	0	0	0	0	0	0	0	0	0	0	0	0	0	0	0	0	0	0	0	0	0	0	0	0	0	0	0	0	0	0	0	0	0	0	0	0	0	0	0	0	0	0	0	0	0	0	0	0	0	0	0	0	0	0	0	0	0	0	0	0	0	0
GF6_B1_COLON_D105	0	0	0	0	0	0	0	0	0	0	0	0	0	0	0	0	0	0	0	0	0	0	0	0	0	0	0	0	0	0	0	0	0	0	0	0	0	0	0	0	0	0	0	0	0	0	0	0	0	0	0	0	0	0	0	0	0	0	0	0	0	0	0	0	0	0	0	0	0	0	0	0	0	0	0	0	0	0	0	0	0	0	0	0	0	0	0	0	0	0	0
GF6_B10_D66	0	0	0	0	0	0	0	0	0	0	0	0	0	0	0	0	0	0	0	0	0	0	0	0	0	0	0	0	0	0	0	0	0	0	0	0	0	0	0	0	0	0	0	0	0	0	0	0	0	0	0	0	0	0	0	0	0	0	0	0	0	0	0	0	0	0	0	0	0	0	0	0	0	0	0	0	0	0	0	0	0	0	0	0	0	0	0	0	0	0	0
GF6_B4_D90	0	0	0	0	0	0	0	0	0	0	0	0	0	0	0	0	0	0	0	0	0	0	0	0	0	0	0	0	0	0	0	0	0	0	0	0	0	0	0	0	0	0	0	0	0	0	0	0	0	0	0	0	0	0	0	0	0	0	0	0	0	0	0	0	0	0	0	0	0	0	0	0	0	0	0	0	0	0	0	0	0	0	0	0	0	0	0	0	0	0	0
GF6_B5_D87	0	0	0	0	0	0	0	0	0	0	0	0	0	0	0	0	0	0	0	0	0	0	0	0	0	0	0	0	0	0	0	0	0	0	0	0	0	0	0	0	0	0	0	0	0	0	0	0	0	0	0	0	0	0	0	0	0	0	0	0	0	0	0	0	0	0	0	0	0	0	0	0	0	0	0	0	0	0	0	0	0	0	0	0	0	0	0	0	0	0	0
GF6_B9_D63	0	0	0	0	0	0	0	0	0	0	0	0	0	0	0	0	0	0	0	0	0	0	0	0	0	0	0	0	0	0	0	0	0	0	0	0	0	0	0	0	0	0	0	0	0	0	0	0	0	0	0	0	0	0	0	0	0	0	0	0	0	0	0	0	0	0	0	0	0	0	0	0	0	0	0	0	0	0	0	0	0	0	0	0	0	0	0	0	0	0	0
GF6_GF6MERO3_COLON	0	0	0	0	0	0	0	0	0	0	0	0	0	0	0	0	0	0	0	0	0	0	0	0	0	0	0	0	0	0	0	0	0	0	0	0	0	0	0	0	0	0	0	0	0	0	0	0	0	0	0	0	0	0	0	0	0	0	0	0	0	0	0	0	0	0	0	0	0	0	0	0	0	0	0	0	0	0	0	0	0	0	0	0	0	0	0	0	0	0	0
GF6_GFMERO1_COLON	0	0	0	0	0	0	0	0	0	0	0	0	0	0	0	0	0	0	0	0	0	0	0	0	0	0	0	0	0	0	0	0	0	0	0	0	0	0	0	0	0	0	0	0	0	0	0	0	0	0	0	0	0	0	0	0	0	0	0	0	0	0	0	0	0	0	0	0	0	0	0	0	0	0	0	0	0	0	0	0	0	0	0	0	0	0	0	0	0	0	0
GF6_GFMERO2_COLON	0	0	0	0	0	0	0	0	0	0	0	0	0	0	0	0	0	0	0	0	0	0	0	0	0	0	0	0	0	0	0	0	0	0	0	0	0	0	0	0	0	0	0	0	0	0	0	0	0	0	0	0	0	0	0	0	0	0	0	0	0	0	0	0	0	0	0	0	0	0	0	0	0	0	0	0	0	0	0	0	0	0	0	0	0	0	0	0	0	0	0
GF6_WATER_D9	0	0	0	0	0	0	0	0	0	0	0	0	0	0	0	0	0	0	0	0	0	0	0	0	0	0	0	0	0	0	0	0	0	0	0	0	0	0	0	0	0	0	0	0	0	0	0	0	0	0	0	0	0	0	0	0	0	0	0	0	0	0	0	0	0	0	0	0	0	0	0	0	0	0	0	0	0	0	0	0	0	0	0	0	0	0	0	0	0	0	0
GF6_WATER_H12	0	0	0	0	0	0	0	0	0	0	0	0	0	0	0	0	0	0	0	0	0	0	0	0	0	0	0	0	0	0	0	0	0	0	0	0	0	0	0	0	0	0	0	0	0	0	0	0	0	0	0	0	0	0	0	0	0	0	0	0	0	0	0	0	0	0	0	0	0	0	0	0	0	0	0	0	0	0	0	0	0	0	0	0	0	0	0	0	0	0	0
GF6_WATER	0	0	0	0	0	0	0	0	0	0	0	0	0	0	0	0	0	0	0	0	0	0	0	0	0	0	0	0	0	0	0	0	0	0	0	0	0	0	0	0	0	0	0	0	0	0	0	0	0	0	0	0	0	0	0	0	0	0	0	0	0	0	0	0	0	0	0	0	0	0	0	0	0	0	0	0	0	0	0	0	0	0	0	0	0	0	0	0	0	0	0
GF7_ASIRE_D22	0	0	0	0	0	0	0	0	0	0	0	0	0	0	0	0	0	0	0	0	0	0	0	0	0	0	0	0	0	0	0	0	0	0	0	0	0	0	0	0	0	0	0	0	0	0	0	0	0	0	0	0	0	0	0	0	0	0	0	0	0	0	0	0	0	0	0	0	0	0	0	0	0	0	0	0	0	0	0	0	0	0	0	0	0	0	0	0	0	0	0
GF7_B7_COLON_D47	0	0	0	0	0	0	0	0	0	0	0	0	0	0	0	0	0	0	0	0	0	0	0	0	0	0	0	0	0	0	0	0	0	0	0	0	0	0	0	0	0	0	0	0	0	0	0	0	0	0	0	0	0	0	0	0	0	0	0	0	0	0	0	0	0	0	0	0	0	0	0	0	0	0	0	0	0	0	0	0	0	0	0	0	0	0	0	0	0	0	0
GF7_WATER_A12	0	0	0	0	0	0	0	0	0	0	0	0	0	0	0	0	0	0	0	0	0	0	0	0	0	0	0	0	0	0	0	0	0	0	0	0	0	0	0	0	0	0	0	0	0	0	0	0	0	0	0	0	0	0	0	0	0	0	0	0	0	0	0	0	0	0	0	0	0	0	0	0	0	0	0	0	0	0	0	0	0	0	0	0	0	0	0	0	0	0	0
GF7_WATER_B7	0	0	0	0	0	0	0	0	0	0	0	0	0	0	0	0	0	0	0	0	0	0	0	0	0	0	0	0	0	0	0	0	0	0	0	0	0	0	0	0	0	0	0	0	0	0	0	0	0	0	0	0	0	0	0	0	0	0	0	0	0	0	0	0	0	0	0	0	0	0	0	0	0	0	0	0	0	0	0	0	0	0	0	0	0	0	0	0	0	0	0
GF7_WATER_C8	0	0	0	0	0	0	0	0	0	0	0	0	0	0	0	0	0	0	0	0	0	0	0	0	0	0	0	0	0	0	0	0	0	0	0	0	0	0	0	0	0	0	0	0	0	0	0	0	0	0	0	0	0	0	0	0	0	0	0	0	0	0	0	0	0	0	0	0	0	0	0	0	0	0	0	0	0	0	0	0	0	0	0	0	0	0	0	0	0	0	0
GF7_WATER_D9	0	0	0	0	0	0	0	0	0	0	0	0	0	0	0	0	0	0	0	0	0	0	0	0	0	0	0	0	0	0	0	0	0	0	0	0	0	0	0	0	0	0	0	0	0	0	0	0	0	0	0	0	0	0	0	0	0	0	0	0	0	0	0	0	0	0	0	0	0	0	0	0	0	0	0	0	0	0	0	0	0	0	0	0	0	0	0	0	0	0	0
GF7_WATER_H2	0	0	0	0	0	0	0	0	0	0	0	0	0	0	0	0	0	0	0	0	0	0	0	0	0	0	0	0	0	0	0	0	0	0	0	0	0	0	0	0	0	0	0	0	0	0	0	0	0	0	0	0	0	0	0	0	0	0	0	0	0	0	0	0	0	0	0	0	0	0	0	0	0	0	0	0	0	0	0	0	0	0	0	0	0	0	0	0	0	0	0
GF7_WATER_H8	0	0	0	0	0	0	0	0	0	0	0	0	0	0	0	0	0	0	0	0	0	0	0	0	0	0	0	0	0	0	0	0	0	0	0	0	0	0	0	0	0	0	0	0	0	0	0	0	0	0	0	0	0	0	0	0	0	0	0	0	0	0	0	0	0	0	0	0	0	0	0	0	0	0	0	0	0	0	0	0	0	0	0	0	0	0	0	0	0	0	0
GF8_C7_D34	0	0	0	0	0	0	0	0	0	0	0	0	0	0	0	0	0	0	0	0	0	0	0	0	0	0	0	0	0	0	0	0	0	0	0	0	0	0	0	0	0	0	0	0	0	0	0	0	0	0	0	0	0	0	0	0	0	0	0	0	0	0	0	0	0	0	0	0	0	0	0	0	0	0	0	0	0	0	0	0	0	0	0	0	0	0	0	0	0	0	0
Gn3_6A_dam	0	0	0	0	0	0	0	0	0	0	0	0	0	0	0	0	0	0	0	0	0	0	0	0	0	0	0	0	0	0	0	0	0	0	0	0	0	0	0	0	0	0	0	0	0	0	0	0	0	0	0	0	0	0	0	0	0	0	0	0	0	0	0	0	0	0	0	0	0	0	0	0	0	0	0	0	0	0	0	0	0	0	0	0	0	0	0	0	0	0	0
Gn3_6Adam_Stool	0	0	0	0	0	0	0	0	0	0	0	0	0	0	0	0	0	0	0	0	0	0	0	0	0	0	0	0	0	0	0	0	0	0	0	0	0	0	0	0	0	0	0	0	0	0	0	0	0	0	0	0	0	0	0	0	0	0	0	0	0	0	0	0	0	0	0	0	0	0	0	0	0	0	0	0	0	0	0	0	0	0	0	0	0	0	0	0	0	0	0
Gn3_6B_dam_210806	0	0	0	0	0	0	0	0	0	0	0	0	0	0	0	0	0	0	0	0	0	0	0	0	0	0	0	0	0	0	0	0	0	0	0	0	0	0	0	0	0	0	0	0	0	0	0	0	0	0	0	0	0	0	0	0	0	0	0	0	0	0	0	0	0	0	0	0	0	0	0	0	0	0	0	0	0	0	0	0	0	0	0	0	0	0	0	0	0	0	0
Gn3_6B_dam_210818	0	0	0	0	0	0	0	0	0	0	0	0	0	0	0	0	0	0	0	0	0	0	0	0	0	0	0	0	0	0	0	0	0	0	0	0	0	0	0	0	0	0	0	0	0	0	0	0	0	0	0	0	0	0	0	0	0	0	0	0	0	0	0	0	0	0	0	0	0	0	0	0	0	0	0	0	0	0	0	0	0	0	0	0	0	0	0	0	0	0	0
Gn3_8Ddam_Stool_211105-1	0	0	0	0	0	0	0	0	0	0	0	0	0	0	0	0	0	0	0	0	0	0	0	0	0	0	0	0	0	0	0	0	0	0	0	0	0	0	0	0	0	0	0	0	0	0	0	0	0	0	0	0	0	0	0	0	0	0	0	0	0	0	0	0	0	0	0	0	0	0	0	0	0	0	0	0	0	0	0	0	0	0	0	0	0	0	0	0	0	0	0
Gn3_AB11_Cwash	0	0	0	0	0	0	0	0	0	0	0	0	0	0	0	0	0	0	0	0	0	0	0	0	0	0	0	0	0	0	0	0	0	0	0	0	0	0	0	0	0	0	0	0	0	0	0	0	0	0	0	0	0	0	0	0	0	0	0	0	0	0	0	0	0	0	0	0	0	0	0	0	0	0	0	0	0	0	0	0	0	0	0	0	0	0	0	0	0	0	0
Gn3_AB12_Cwash	0	0	0	0	0	0	0	0	0	0	0	0	0	0	0	0	0	0	0	0	0	0	0	0	0	0	0	0	0	0	0	0	0	0	0	0	0	0	0	0	0	0	0	0	0	0	0	0	0	0	0	0	0	0	0	0	0	0	0	0	0	0	0	0	0	0	0	0	0	0	0	0	0	0	0	0	0	0	0	0	0	0	0	0	0	0	0	0	0	0	0
Gn3_B1_Cwash	0	0	0	0	0	0	0	0	0	0	0	0	0	0	0	0	0	0	0	0	0	0	0	0	0	0	0	0	0	0	0	0	0	0	0	0	0	0	0	0	0	0	0	0	0	0	0	0	0	0	0	0	0	0	0	0	0	0	0	0	0	0	0	0	0	0	0	0	0	0	0	0	0	0	0	0	0	0	0	0	0	0	0	0	0	0	0	0	0	0	0
Gn3_B2_Cwash	0	0	0	0	0	0	0	0	0	0	0	0	0	0	0	0	0	0	0	0	0	0	0	0	0	0	0	0	0	0	0	0	0	0	0	0	0	0	0	0	0	0	0	0	0	0	0	0	0	0	0	0	0	0	0	0	0	0	0	0	0	0	0	0	0	0	0	0	0	0	0	0	0	0	0	0	0	0	0	0	0	0	0	0	0	0	0	0	0	0	0
Gn3_B3_Cwash	0	0	0	0	0	0	0	0	0	0	0	0	0	0	0	0	0	0	0	0	0	0	0	0	0	0	0	0	0	0	0	0	0	0	0	0	0	0	0	0	0	0	0	0	0	0	0	0	0	0	0	0	0	0	0	0	0	0	0	0	0	0	0	0	0	0	0	0	0	0	0	0	0	0	0	0	0	0	0	0	0	0	0	0	0	0	0	0	0	0	0
Gn3_B4_Cwash	0	0	0	0	0	0	0	0	0	0	0	0	0	0	0	0	0	0	0	0	0	0	0	0	0	0	0	0	0	0	0	0	0	0	0	0	0	0	0	0	0	0	0	0	0	0	0	0	0	0	0	0	0	0	0	0	0	0	0	0	0	0	0	0	0	0	0	0	0	0	0	0	0	0	0	0	0	0	0	0	0	0	0	0	0	0	0	0	0	0	0
Gn3_B5_Cwash	0	0	0	0	0	0	0	0	0	0	0	0	0	0	0	0	0	0	0	0	0	0	0	0	0	0	0	0	0	0	0	0	0	0	0	0	0	0	0	0	0	0	0	0	0	0	0	0	0	0	0	0	0	0	0	0	0	0	0	0	0	0	0	0	0	0	0	0	0	0	0	0	0	0	0	0	0	0	0	0	0	0	0	0	0	0	0	0	0	0	0
Gn3_B6_Cwash	0	0	0	0	0	0	0	0	0	0	0	0	0	0	0	0	0	0	0	0	0	0	0	0	0	0	0	0	0	0	0	0	0	0	0	0	0	0	0	0	0	0	0	0	0	0	0	0	0	0	0	0	0	0	0	0	0	0	0	0	0	0	0	0	0	0	0	0	0	0	0	0	0	0	0	0	0	0	0	0	0	0	0	0	0	0	0	0	0	0	0
Gn3_BV7_Cwash	0	0	0	0	0	0	0	0	0	0	0	0	0	0	0	0	0	0	0	0	0	0	0	0	0	0	0	0	0	0	0	0	0	0	0	0	0	0	0	0	0	0	0	0	0	0	0	0	0	0	0	0	0	0	0	0	0	0	0	0	0	0	0	0	0	0	0	0	0	0	0	0	0	0	0	0	0	0	0	0	0	0	0	0	0	0	0	0	0	0	0
Gn3_BV8_Cwash	0	0	0	0	0	0	0	0	0	0	0	0	0	0	0	0	0	0	0	0	0	0	0	0	0	0	0	0	0	0	0	0	0	0	0	0	0	0	0	0	0	0	0	0	0	0	0	0	0	0	0	0	0	0	0	0	0	0	0	0	0	0	0	0	0	0	0	0	0	0	0	0	0	0	0	0	0	0	0	0	0	0	0	0	0	0	0	0	0	0	0
Gn3_PBS_Innoc	0	0	0	0	0	0	0	0	0	0	0	0	0	0	0	0	0	0	0	0	0	0	0	0	0	0	0	0	0	0	0	0	0	0	0	0	0	0	0	0	0	0	0	0	0	0	0	0	0	0	0	0	0	0	0	0	0	0	0	0	0	0	0	0	0	0	0	0	0	0	0	0	0	0	0	0	0	0	0	0	0	0	0	0	0	0	0	0	0	0	0
Gn3_PBS1_Cwash	0	0	0	0	0	0	0	0	0	0	0	0	0	0	0	0	0	0	0	0	0	0	0	0	0	0	0	0	0	0	0	0	0	0	0	0	0	0	0	0	0	0	0	0	0	0	0	0	0	0	0	0	0	0	0	0	0	0	0	0	0	0	0	0	0	0	0	0	0	0	0	0	0	0	0	0	0	0	0	0	0	0	0	0	0	0	0	0	0	0	0
Gn3_PBS2_dam	0	0	0	0	0	0	0	0	0	0	0	0	0	0	0	0	0	0	0	0	0	0	0	0	0	0	0	0	0	0	0	0	0	0	0	0	0	0	0	0	0	0	0	0	0	0	0	0	0	0	0	0	0	0	0	0	0	0	0	0	0	0	0	0	0	0	0	0	0	0	0	0	0	0	0	0	0	0	0	0	0	0	0	0	0	0	0	0	0	0	0
Gn3_PBS3_Cwash	0	0	0	0	0	0	0	0	0	0	0	0	0	0	0	0	0	0	0	0	0	0	0	0	0	0	0	0	0	0	0	0	0	0	0	0	0	0	0	0	0	0	0	0	0	0	0	0	0	0	0	0	0	0	0	0	0	0	0	0	0	0	0	0	0	0	0	0	0	0	0	0	0	0	0	0	0	0	0	0	0	0	0	0	0	0	0	0	0	0	0
C2-d33	0	0	0	0	0	0	0	0	0	0	0	0	0	0	0	0	0	0	0	0	0	0	0	0	0	0	0	0	0	0	0	0	0	0	0	0	0	0	0	0	0	0	0	0	0	0	0	100	0	0	0	0	0	0	0	0	0	0	0	0	0	0	0	0	0	0	0	0	0	0	0	0	0	0	0	0	0	0	0	0	0	0	0	0	0	0	0	0	0	0	1
GF10_A1_d79	0	0	0	0	0	0	0	0	0	0	0	0	0	0	0	0	0	0	0	0	0	0	0	0	0	0	0	0	0	0	0	0	0	0	0	0	0	0	0	0	0	0	0	0	0	0	0	0	0	0	0	100	0	0	0	0	0	0	0	0	0	0	0	0	0	0	0	0	0	0	0	0	0	0	0	0	0	0	0	0	0	0	0	0	0	0	0	0	0	0	1
GF10_A2_COLON_D35	0	0	0	0	0	0	0	0	0	0	0	0	0	0	0	0	0	0	0	0	0	0	0	0	0	0	0	0	0	0	0	0	0	0	0	0	0	0	0	0	0	0	0	0	100	0	0	0	0	0	0	0	0	0	0	0	0	0	0	0	0	0	0	0	0	0	0	0	0	0	0	0	0	0	0	0	0	0	0	0	0	0	0	0	0	0	0	0	0	0	1
GF10_A2_d101	0	0	0	0	0	0	0	0	0	0	0	0	0	0	0	0	0	0	0	0	0	0	0	0	0	0	0	0	0	0	0	0	0	0	0	0	0	0	0	0	0	0	0	0	0	0	0	0	0	0	0	100	0	0	0	0	0	0	0	0	0	0	0	0	0	0	0	0	0	0	0	0	0	0	0	0	0	0	0	0	0	0	0	0	0	0	0	0	0	0	1
GF10_A2_d127_colon	0	0	0	0	0	0	0	0	0	0	0	0	0	0	0	0	0	0	0	0	0	0	0	0	0	0	0	0	0	0	0	0	0	0	0	0	0	0	0	0	0	0	0	0	0	0	0	0	0	0	0	100	0	0	0	0	0	0	0	0	0	0	0	0	0	0	0	0	0	0	0	0	0	0	0	0	0	0	0	0	0	0	0	0	0	0	0	0	0	0	1
GF10_A2_d79	0	0	0	0	0	0	0	0	0	0	0	0	0	0	0	0	0	0	0	0	0	0	0	0	0	0	0	0	0	0	0	0	0	0	0	0	0	0	0	0	0	0	0	0	0	0	0	0	0	0	0	100	0	0	0	0	0	0	0	0	0	0	0	0	0	0	0	0	0	0	0	0	0	0	0	0	0	0	0	0	0	0	0	0	0	0	0	0	0	0	1
GF10_A3_COLON_D35	0	0	0	0	0	0	0	0	0	0	0	0	0	0	0	0	0	0	0	0	0	0	0	0	0	0	0	0	0	0	0	0	0	0	0	0	0	0	0	0	0	0	0	0	100	0	0	0	0	0	0	0	0	0	0	0	0	0	0	0	0	0	0	0	0	0	0	0	0	0	0	0	0	0	0	0	0	0	0	0	0	0	0	0	0	0	0	0	0	0	1
GF10_C1_d55	0	0	0	0	0	0	0	0	0	0	0	0	0	0	0	0	0	0	0	0	0	0	0	0	0	0	0	0	0	0	0	0	0	0	0	0	0	0	0	0	0	0	0	0	0	0	0	0	0	0	0	0	0	0	0	0	0	0	0	0	0	0	0	0	0	0	0	0	0	0	0	0	0	0	0	0	100	0	0	0	0	0	0	0	0	0	0	0	0	0	1
GF10_C10_COLON_D55	0	0	0	0	0	0	0	0	0	0	0	0	0	0	0	0	0	0	0	0	0	0	0	0	0	0	0	0	0	0	0	0	0	0	0	0	0	0	0	0	0	0	0	0	0	0	0	100	0	0	0	0	0	0	0	0	0	0	0	0	0	0	0	0	0	0	0	0	0	0	0	0	0	0	0	0	0	0	0	0	0	0	0	0	0	0	0	0	0	0	1
GF10_C2_COLON_D55	0	0	0	0	0	0	0	0	0	0	0	0	0	0	0	0	0	0	0	0	0	0	0	0	0	0	0	0	0	0	0	0	0	0	0	0	0	0	0	0	0	0	0	0	0	0	0	0	0	0	0	100	0	0	0	0	0	0	0	0	0	0	0	0	0	0	0	0	0	0	0	0	0	0	0	0	0	0	0	0	0	0	0	0	0	0	0	0	0	0	1
GF10_C2_d80_colon	0	0	0	0	0	0	0	0	0	0	0	0	0	0	0	0	0	0	0	0	0	0	0	0	0	0	0	0	0	0	0	0	0	0	0	0	0	0	0	0	0	0	0	0	0	0	0	0	0	0	0	100	0	0	0	0	0	0	0	0	0	0	0	0	0	0	0	0	0	0	0	0	0	0	0	0	0	0	0	0	0	0	0	0	0	0	0	0	0	0	1
GF10_C3_d55	0	0	0	0	0	0	0	0	0	0	0	0	0	0	0	0	0	0	0	0	0	0	0	0	0	0	0	0	0	0	0	0	0	0	0	0	0	0	0	0	0	0	0	0	0	0	0	0	0	0	0	100	0	0	0	0	0	0	0	0	0	0	0	0	0	0	0	0	0	0	0	0	0	0	0	0	0	0	0	0	0	0	0	0	0	0	0	0	0	0	1
GF10_C3_d78	0	0	0	0	0	0	0	0	0	0	0	0	0	0	0	0	0	0	0	0	0	0	0	0	0	0	0	0	0	0	0	0	0	0	0	0	0	0	0	0	0	0	0	0	0	0	0	0	0	0	0	100	0	0	0	0	0	0	0	0	0	0	0	0	0	0	0	0	0	0	0	0	0	0	0	0	0	0	0	0	0	0	0	0	0	0	0	0	0	0	1
GF10_C4_COLON_D55	0	0	0	0	0	0	0	0	0	0	0	0	0	0	0	0	0	0	0	0	0	0	0	0	0	0	0	0	0	0	0	0	0	0	0	0	0	0	0	0	0	0	0	0	0	0	0	0	0	0	0	100	0	0	0	0	0	0	0	0	0	0	0	0	0	0	0	0	0	0	0	0	0	0	0	0	0	0	0	0	0	0	0	0	0	0	0	0	0	0	1
GF10_C4_d102_colon	0	0	0	0	0	0	0	0	0	0	0	0	0	0	0	0	0	0	0	0	0	0	0	0	0	0	0	0	0	0	0	0	0	0	0	0	0	0	0	0	0	0	0	0	0	0	0	0	0	0	0	100	0	0	0	0	0	0	0	0	0	0	0	0	0	0	0	0	0	0	0	0	0	0	0	0	0	0	0	0	0	0	0	0	0	0	0	0	0	0	1
GF10_C7_COLON_D55	0	0	0	0	0	0	0	0	0	0	0	0	0	0	0	0	0	0	0	0	0	0	0	0	0	0	0	0	0	0	0	0	0	0	0	0	0	0	0	0	0	0	0	0	0	0	0	0	0	0	0	100	0	0	0	0	0	0	0	0	0	0	0	0	0	0	0	0	0	0	0	0	0	0	0	0	0	0	0	0	0	0	0	0	0	0	0	0	0	0	1
GF10_C8_COLON_D55	0	0	0	0	0	0	0	0	0	0	0	0	0	0	0	0	0	0	0	0	0	0	0	0	0	0	0	0	0	0	0	0	0	0	0	0	0	0	0	0	0	0	0	0	0	0	0	0	0	0	0	100	0	0	0	0	0	0	0	0	0	0	0	0	0	0	0	0	0	0	0	0	0	0	0	0	0	0	0	0	0	0	0	0	0	0	0	0	0	0	1
GF11_A3_D36	0	0	0	0	0	0	0	0	0	0	0	0	0	0	0	0	0	0	0	0	0	0	0	0	0	0	0	0	0	0	0	0	0	0	0	0	0	0	0	0	0	0	0	0	0	0	0	100	0	0	0	0	0	0	0	0	0	0	0	0	0	0	0	0	0	0	0	0	0	0	0	0	0	0	0	0	0	0	0	0	0	0	0	0	0	0	0	0	0	0	1
GF11_B4_COLON_D38	0	0	0	0	0	0	0	0	0	0	0	0	0	0	0	0	0	0	0	0	0	0	0	0	0	0	0	0	0	0	0	0	0	0	0	0	0	0	0	0	0	0	0	0	0	0	0	100	0	0	0	0	0	0	0	0	0	0	0	0	0	0	0	0	0	0	0	0	0	0	0	0	0	0	0	0	0	0	0	0	0	0	0	0	0	0	0	0	0	0	1
GF11_B4_d74_colon	0	0	0	0	0	0	0	0	0	0	0	0	0	0	0	0	0	0	0	0	0	0	0	0	0	0	0	0	0	0	0	0	0	0	0	0	0	0	0	0	0	0	0	0	0	0	0	0	0	0	0	0	0	100	0	0	0	0	0	0	0	0	0	0	0	0	0	0	0	0	0	0	0	0	0	0	0	0	0	0	0	0	0	0	0	0	0	0	0	0	1
GF11_B5_D37	0	0	0	0	0	0	0	0	0	0	0	0	0	0	0	0	0	0	0	0	0	0	0	0	0	0	0	0	0	0	0	0	0	0	0	0	0	0	0	0	0	0	0	0	0	0	0	100	0	0	0	0	0	0	0	0	0	0	0	0	0	0	0	0	0	0	0	0	0	0	0	0	0	0	0	0	0	0	0	0	0	0	0	0	0	0	0	0	0	0	1
GF11_B5_d74_colon	0	0	0	0	0	0	0	0	0	0	0	0	0	0	0	0	0	0	0	0	0	0	0	0	0	0	0	0	0	0	0	0	0	0	0	0	0	0	0	0	0	0	0	0	0	0	0	0	0	0	0	0	0	100	0	0	0	0	0	0	0	0	0	0	0	0	0	0	0	0	0	0	0	0	0	0	0	0	0	0	0	0	0	0	0	0	0	0	0	0	1
GF11_B7_d73	0	0	0	0	0	0	0	0	0	0	0	0	0	0	0	0	0	0	0	0	0	0	0	0	0	0	0	0	0	0	0	0	0	0	0	0	0	0	0	0	0	0	0	0	0	0	0	0	0	0	0	0	0	100	0	0	0	0	0	0	0	0	0	0	0	0	0	0	0	0	0	0	0	0	0	0	0	0	0	0	0	0	0	0	0	0	0	0	0	0	1
GF11_C3_COLON_D38	0	0	0	0	0	0	0	0	0	0	0	0	0	0	0	0	0	0	0	0	0	0	0	0	0	0	0	0	0	0	0	0	0	0	0	0	0	0	0	0	0	0	0	0	0	0	0	100	0	0	0	0	0	0	0	0	0	0	0	0	0	0	0	0	0	0	0	0	0	0	0	0	0	0	0	0	0	0	0	0	0	0	0	0	0	0	0	0	0	0	1
GF12_A4_d31	0	0	0	0	0	0	0	0	0	0	0	0	0	0	0	0	0	0	0	0	0	0	0	0	0	0	0	0	0	0	0	0	0	0	0	0	0	0	0	0	0	0	0	0	100	0	0	0	0	0	0	0	0	0	0	0	0	0	0	0	0	0	0	0	0	0	0	0	0	0	0	0	0	0	0	0	0	0	0	0	0	0	0	0	0	0	0	0	0	0	1
GF12_C3_d80_colon	0	0	0	0	0	0	0	0	0	0	0	0	0	0	0	0	0	0	0	0	0	0	0	0	0	0	0	0	0	0	0	0	0	0	0	0	0	0	0	0	0	0	0	0	100	0	0	0	0	0	0	0	0	0	0	0	0	0	0	0	0	0	0	0	0	0	0	0	0	0	0	0	0	0	0	0	0	0	0	0	0	0	0	0	0	0	0	0	0	0	1
GF13_B5_d65_colon	0	0	0	0	0	0	0	0	0	0	0	0	0	0	0	0	0	0	0	0	0	0	0	0	0	0	0	0	0	0	0	0	0	0	0	0	0	0	0	0	0	0	0	0	0	0	0	0	0	0	0	0	0	0	100	0	0	0	0	0	0	0	0	0	0	0	0	0	0	0	0	0	0	0	0	0	0	0	0	0	0	0	0	0	0	0	0	0	0	0	1
GF13_B9_d65_colon	0	0	0	0	0	0	0	0	0	0	0	0	0	0	0	0	0	0	0	0	0	0	0	0	0	0	0	0	0	0	0	0	0	0	0	0	0	0	0	0	0	0	0	0	0	0	0	100	0	0	0	0	0	0	0	0	0	0	0	0	0	0	0	0	0	0	0	0	0	0	0	0	0	0	0	0	0	0	0	0	0	0	0	0	0	0	0	0	0	0	1
GF14_A1_d35_colon	0	0	0	0	0	0	0	0	0	0	0	0	0	0	0	0	0	0	0	0	0	0	0	0	0	0	0	0	0	0	0	0	0	0	0	0	0	0	0	0	0	0	0	0	0	0	0	0	0	0	0	100	0	0	0	0	0	0	0	0	0	0	0	0	0	0	0	0	0	0	0	0	0	0	0	0	0	0	0	0	0	0	0	0	0	0	0	0	0	0	1
GF14_a1_d97_colon	0	0	0	0	0	0	0	0	0	0	0	0	0	0	0	0	0	0	0	0	0	0	0	0	0	0	0	0	0	0	0	0	0	0	0	0	0	0	0	0	0	0	0	0	0	0	0	0	0	0	0	100	0	0	0	0	0	0	0	0	0	0	0	0	0	0	0	0	0	0	0	0	0	0	0	0	0	0	0	0	0	0	0	0	0	0	0	0	0	0	1
GF14_A2_d35_colon	0	0	0	0	0	0	0	0	0	0	0	0	0	0	0	0	0	0	0	0	0	0	0	0	0	0	0	0	0	0	0	0	0	0	0	0	0	0	0	0	0	0	0	0	0	0	0	0	0	0	0	100	0	0	0	0	0	0	0	0	0	0	0	0	0	0	0	0	0	0	0	0	0	0	0	0	0	0	0	0	0	0	0	0	0	0	0	0	0	0	1
GF14_A2_d96_16_stool	0	0	0	0	0	0	0	0	0	0	0	0	0	0	0	0	0	0	0	0	0	0	0	0	0	0	0	0	0	0	0	0	0	0	0	0	0	0	0	0	0	0	0	0	0	0	0	0	0	0	0	100	0	0	0	0	0	0	0	0	0	0	0	0	0	0	0	0	0	0	0	0	0	0	0	0	0	0	0	0	0	0	0	0	0	0	0	0	0	0	1
GF14_A3_d35_colon	0	0	0	0	0	0	0	0	0	0	0	0	0	0	0	0	0	0	0	0	0	0	0	0	0	0	0	0	0	0	0	0	0	0	0	0	0	0	0	0	0	0	0	0	0	0	0	0	0	0	0	100	0	0	0	0	0	0	0	0	0	0	0	0	0	0	0	0	0	0	0	0	0	0	0	0	0	0	0	0	0	0	0	0	0	0	0	0	0	0	1
GF14_a3_d97_colon	0	0	0	0	0	0	0	0	0	0	0	0	0	0	0	0	0	0	0	0	0	0	0	0	0	0	0	0	0	0	0	0	0	0	0	0	0	0	0	0	0	0	0	0	0	0	0	0	0	0	0	100	0	0	0	0	0	0	0	0	0	0	0	0	0	0	0	0	0	0	0	0	0	0	0	0	0	0	0	0	0	0	0	0	0	0	0	0	0	0	1
GF14_A4_d34	0	0	0	0	0	0	0	0	0	0	0	0	0	0	0	0	0	0	0	0	0	0	0	0	0	0	0	0	0	100	0	0	0	0	0	0	0	0	0	0	0	0	0	0	0	0	0	0	0	0	0	0	0	0	0	0	0	0	0	0	0	0	0	0	0	0	0	0	0	0	0	0	0	0	0	0	0	0	0	0	0	0	0	0	0	0	0	0	0	0	1
GF14_A4_d35_colon	0	0	0	0	0	0	0	0	0	0	0	0	0	0	0	0	0	0	0	0	0	0	0	0	0	0	0	0	0	0	0	0	0	0	0	0	0	0	0	0	0	0	0	0	0	0	0	0	0	0	0	100	0	0	0	0	0	0	0	0	0	0	0	0	0	0	0	0	0	0	0	0	0	0	0	0	0	0	0	0	0	0	0	0	0	0	0	0	0	0	1
GF14_a4_d97_colon	0	0	0	0	0	0	0	0	0	0	0	0	0	0	0	0	0	0	0	0	0	0	0	0	0	0	0	0	0	0	0	0	0	0	0	0	0	0	0	0	0	0	0	0	0	0	0	0	0	0	0	100	0	0	0	0	0	0	0	0	0	0	0	0	0	0	0	0	0	0	0	0	0	0	0	0	0	0	0	0	0	0	0	0	0	0	0	0	0	0	1
GF14_A5_d35_colon	0	0	0	0	0	0	0	0	0	0	0	0	0	0	0	0	0	0	0	0	0	0	0	0	0	0	0	0	0	0	0	0	0	0	0	0	0	0	0	0	0	0	0	0	0	0	0	0	0	0	0	100	0	0	0	0	0	0	0	0	0	0	0	0	0	0	0	0	0	0	0	0	0	0	0	0	0	0	0	0	0	0	0	0	0	0	0	0	0	0	1
GF14_a6_d97_colon	0	0	0	0	0	0	0	0	0	0	0	0	0	0	0	0	0	0	0	0	0	0	0	0	0	0	0	0	0	0	0	0	0	0	0	0	0	0	0	0	0	0	0	0	0	0	0	0	0	0	0	100	0	0	0	0	0	0	0	0	0	0	0	0	0	0	0	0	0	0	0	0	0	0	0	0	0	0	0	0	0	0	0	0	0	0	0	0	0	0	1
GF14_A7_d34	0	0	0	0	0	0	0	0	0	0	0	0	0	0	0	0	0	0	0	0	0	0	0	0	0	0	0	0	0	0	0	0	0	0	0	0	0	0	0	0	0	0	0	0	0	0	0	0	0	0	0	100	0	0	0	0	0	0	0	0	0	0	0	0	0	0	0	0	0	0	0	0	0	0	0	0	0	0	0	0	0	0	0	0	0	0	0	0	0	0	1
GF14_A7_d35_colon	0	0	0	0	0	0	0	0	0	0	0	0	0	0	0	0	0	0	0	0	0	0	0	0	0	0	0	0	0	0	0	0	0	0	0	0	0	0	0	0	0	0	0	0	0	0	0	0	0	0	0	100	0	0	0	0	0	0	0	0	0	0	0	0	0	0	0	0	0	0	0	0	0	0	0	0	0	0	0	0	0	0	0	0	0	0	0	0	0	0	1
GF14_a7_d97_colon	0	0	0	0	0	0	0	0	0	0	0	0	0	0	0	0	0	0	0	0	0	0	0	0	0	0	0	0	0	0	0	0	0	0	0	0	0	0	0	0	0	0	0	0	0	0	0	0	0	0	0	100	0	0	0	0	0	0	0	0	0	0	0	0	0	0	0	0	0	0	0	0	0	0	0	0	0	0	0	0	0	0	0	0	0	0	0	0	0	0	1
GF14_a8_d97_colon	0	0	0	0	0	0	0	0	0	0	0	0	0	0	0	0	0	0	0	0	0	0	0	0	0	0	0	0	0	0	0	0	0	0	0	0	0	0	0	0	0	0	0	0	0	0	0	0	0	0	0	100	0	0	0	0	0	0	0	0	0	0	0	0	0	0	0	0	0	0	0	0	0	0	0	0	0	0	0	0	0	0	0	0	0	0	0	0	0	0	1
GF14_d68_A1_colon	0	0	0	0	0	0	0	0	0	0	0	0	0	0	0	0	0	0	0	0	0	0	0	0	0	0	0	0	0	0	0	0	0	0	0	0	0	0	0	0	0	0	0	0	0	0	0	100	0	0	0	0	0	0	0	0	0	0	0	0	0	0	0	0	0	0	0	0	0	0	0	0	0	0	0	0	0	0	0	0	0	0	0	0	0	0	0	0	0	0	1
GF14_d68_A6_colon	0	0	0	0	0	0	0	0	0	0	0	0	0	0	0	0	0	0	0	0	0	0	0	0	0	0	0	0	0	0	0	0	0	0	0	0	0	0	0	0	0	0	0	0	0	0	0	100	0	0	0	0	0	0	0	0	0	0	0	0	0	0	0	0	0	0	0	0	0	0	0	0	0	0	0	0	0	0	0	0	0	0	0	0	0	0	0	0	0	0	1
GF14_d68_A8_colon	0	0	0	0	0	0	0	0	0	0	0	0	0	0	0	0	0	0	0	0	0	0	0	0	0	0	0	0	0	0	0	0	0	0	0	0	0	0	0	0	0	0	0	0	0	0	0	100	0	0	0	0	0	0	0	0	0	0	0	0	0	0	0	0	0	0	0	0	0	0	0	0	0	0	0	0	0	0	0	0	0	0	0	0	0	0	0	0	0	0	1
GF14_d68_A9_colon	0	0	0	0	0	0	0	0	0	0	0	0	0	0	0	0	0	0	0	0	0	0	0	0	0	0	0	0	0	0	0	0	0	0	0	0	0	0	0	0	0	0	0	0	0	0	0	100	0	0	0	0	0	0	0	0	0	0	0	0	0	0	0	0	0	0	0	0	0	0	0	0	0	0	0	0	0	0	0	0	0	0	0	0	0	0	0	0	0	0	1
GF15_A1_d35_colon	0	0	0	0	0	0	0	0	0	0	0	0	0	0	0	0	0	0	100	0	0	0	0	0	0	0	0	0	0	0	0	0	0	0	0	0	0	0	0	0	0	0	0	0	0	0	0	0	0	0	0	0	0	0	0	0	0	0	0	0	0	0	0	0	0	0	0	0	0	0	0	0	0	0	0	0	0	0	0	0	0	0	0	0	0	0	0	0	0	0	1
GF15_A2_d32	0	0	0	0	0	0	0	0	0	0	0	0	0	0	0	0	0	0	0	0	0	0	0	0	0	0	0	0	0	0	0	0	0	0	0	0	0	0	0	0	0	0	0	0	0	0	0	0	0	0	0	100	0	0	0	0	0	0	0	0	0	0	0	0	0	0	0	0	0	0	0	0	0	0	0	0	0	0	0	0	0	0	0	0	0	0	0	0	0	0	1
GF15_A3_d35_colon	0	0	0	0	0	0	0	0	0	0	0	0	100	0	0	0	0	0	0	0	0	0	0	0	0	0	0	0	0	0	0	0	0	0	0	0	0	0	0	0	0	0	0	0	0	0	0	0	0	0	0	0	0	0	0	0	0	0	0	0	0	0	0	0	0	0	0	0	0	0	0	0	0	0	0	0	0	0	0	0	0	0	0	0	0	0	0	0	0	0	1
GF15_A5_d35_colon	0	0	0	0	0	0	0	0	0	0	0	0	0	0	0	0	0	0	0	0	0	0	0	0	0	0	0	0	0	0	0	0	0	0	0	0	0	0	0	0	0	0	0	0	100	0	0	0	0	0	0	0	0	0	0	0	0	0	0	0	0	0	0	0	0	0	0	0	0	0	0	0	0	0	0	0	0	0	0	0	0	0	0	0	0	0	0	0	0	0	1
GF15_a7_d74_colon	0	0	0	0	0	0	0	0	0	0	0	0	0	0	0	0	0	0	0	0	0	0	0	0	0	0	0	0	0	0	0	0	0	0	0	0	0	0	100	0	0	0	0	0	0	0	0	0	0	0	0	0	0	0	0	0	0	0	0	0	0	0	0	0	0	0	0	0	0	0	0	0	0	0	0	0	0	0	0	0	0	0	0	0	0	0	0	0	0	0	1
GF15_b_d5_stool	0	0	0	0	0	0	0	0	0	0	0	0	0	0	0	0	0	0	0	0	0	0	0	0	0	0	0	0	0	0	0	0	0	0	0	0	0	0	100	0	0	0	0	0	0	0	0	0	0	0	0	0	0	0	0	0	0	0	0	0	0	0	0	0	0	0	0	0	0	0	0	0	0	0	0	0	0	0	0	0	0	0	0	0	0	0	0	0	0	0	1
GF15_c1_d74_colon	0	0	0	0	0	0	0	0	0	0	0	0	0	0	0	0	0	0	0	0	0	0	0	0	0	0	0	0	0	0	0	0	0	0	0	0	0	0	0	0	0	0	0	0	0	0	0	0	0	0	0	100	0	0	0	0	0	0	0	0	0	0	0	0	0	0	0	0	0	0	0	0	0	0	0	0	0	0	0	0	0	0	0	0	0	0	0	0	0	0	1
GF15_c5_d74_colon	0	0	0	0	0	0	0	0	0	0	0	0	0	0	0	0	0	0	0	0	0	0	0	0	0	0	0	0	0	0	0	0	0	0	0	0	0	0	0	0	0	0	0	0	0	0	0	0	0	0	0	100	0	0	0	0	0	0	0	0	0	0	0	0	0	0	0	0	0	0	0	0	0	0	0	0	0	0	0	0	0	0	0	0	0	0	0	0	0	0	1
GF15_d71_A4_stool	0	0	0	0	0	0	0	0	0	0	0	0	0	0	0	0	0	0	0	0	0	0	0	0	0	0	0	0	0	0	0	0	0	0	0	0	0	0	0	0	0	0	0	0	0	0	0	0	0	0	0	100	0	0	0	0	0	0	0	0	0	0	0	0	0	0	0	0	0	0	0	0	0	0	0	0	0	0	0	0	0	0	0	0	0	0	0	0	0	0	1
GF16_A1_d35_colon	0	0	0	0	0	0	0	0	0	0	0	0	0	0	0	0	0	0	0	0	0	0	0	0	0	0	0	0	0	0	0	0	0	0	0	0	0	0	0	0	0	0	0	0	0	0	0	0	0	0	0	0	0	0	0	0	0	0	0	0	0	0	0	0	0	0	100	0	0	0	0	0	0	0	0	0	0	0	0	0	0	0	0	0	0	0	0	0	0	0	1
GF16_A2_d32	0	0	0	0	0	0	0	0	0	0	0	0	0	0	0	0	0	0	0	0	0	0	0	0	0	0	0	0	0	0	0	0	0	0	0	0	0	0	0	0	0	0	0	0	0	0	0	0	0	0	0	0	0	0	0	0	0	0	0	0	0	0	100	0	0	0	0	0	0	0	0	0	0	0	0	0	0	0	0	0	0	0	0	0	0	0	0	0	0	0	1
GF16_A3_d35_colon	0	0	0	0	0	0	0	0	0	0	0	0	0	0	0	0	0	0	0	0	0	0	0	0	0	0	0	0	0	0	0	0	0	0	0	0	0	0	0	0	0	0	0	0	0	100	0	0	0	0	0	0	0	0	0	0	0	0	0	0	0	0	0	0	0	0	0	0	0	0	0	0	0	0	0	0	0	0	0	0	0	0	0	0	0	0	0	0	0	0	1
GF16_A5_d32	0	0	0	0	0	0	0	0	0	0	0	0	0	0	0	0	0	0	0	0	0	0	0	0	0	0	0	0	0	0	0	0	0	0	0	0	0	0	0	0	0	0	0	0	0	0	0	0	0	0	0	0	0	0	0	0	0	0	0	0	0	0	100	0	0	0	0	0	0	0	0	0	0	0	0	0	0	0	0	0	0	0	0	0	0	0	0	0	0	0	1
GF16_A6_d35_colon	0	0	0	0	0	0	0	0	0	0	0	0	0	0	0	0	0	0	0	0	0	0	0	0	0	0	0	0	0	0	0	0	0	0	0	0	0	0	0	0	0	0	0	0	0	0	0	0	0	0	0	0	0	0	0	0	0	0	0	0	0	0	100	0	0	0	0	0	0	0	0	0	0	0	0	0	0	0	0	0	0	0	0	0	0	0	0	0	0	0	1
GF16_B1_d32	0	0	0	0	0	0	0	0	0	0	0	0	0	0	0	0	0	0	0	0	0	0	0	0	0	0	0	0	0	0	0	0	0	0	0	0	0	0	0	0	0	0	0	0	0	0	0	0	0	0	0	0	0	0	0	0	0	0	0	0	0	0	100	0	0	0	0	0	0	0	0	0	0	0	0	0	0	0	0	0	0	0	0	0	0	0	0	0	0	0	1
GF16_B2_d32	0	0	0	0	0	0	0	0	0	0	0	0	0	0	0	0	0	0	0	0	0	0	0	0	0	0	0	0	0	0	0	0	0	0	0	0	0	0	0	0	0	0	0	0	0	0	0	0	0	0	0	0	0	0	0	0	0	0	0	0	0	0	100	0	0	0	0	0	0	0	0	0	0	0	0	0	0	0	0	0	0	0	0	0	0	0	0	0	0	0	1
GF16_c10_d105_stool	0	0	0	0	0	0	0	0	0	0	0	0	0	0	0	0	0	0	0	0	0	0	0	0	0	0	0	0	0	0	0	0	0	0	0	0	0	0	0	0	0	0	0	0	0	0	0	0	0	0	0	0	0	0	0	0	0	0	0	0	0	0	100	0	0	0	0	0	0	0	0	0	0	0	0	0	0	0	0	0	0	0	0	0	0	0	0	0	0	0	1
GF16_c2_d105_stool	0	0	0	0	0	0	0	0	0	0	0	0	0	0	0	0	0	0	0	0	0	0	0	0	0	0	0	0	0	0	0	0	0	0	0	0	0	0	0	0	0	0	0	0	0	0	0	0	0	0	0	0	0	0	0	0	0	0	0	0	0	0	100	0	0	0	0	0	0	0	0	0	0	0	0	0	0	0	0	0	0	0	0	0	0	0	0	0	0	0	1
GF16_c4_d105_stool	0	0	0	0	0	0	0	0	0	0	0	0	0	0	0	0	0	0	0	0	0	0	0	0	0	0	0	0	0	0	0	0	0	0	0	0	0	0	0	0	0	0	0	0	0	0	0	0	0	0	0	0	0	0	0	0	0	0	0	0	0	0	100	0	0	0	0	0	0	0	0	0	0	0	0	0	0	0	0	0	0	0	0	0	0	0	0	0	0	0	1
GF16_c5_d105_stool	0	0	0	0	0	0	0	0	0	0	0	0	0	0	0	0	0	0	0	0	0	0	0	0	0	0	0	0	0	0	0	0	0	0	0	0	0	0	0	0	0	0	0	0	0	0	0	0	0	0	0	0	0	0	0	0	0	0	0	0	0	0	100	0	0	0	0	0	0	0	0	0	0	0	0	0	0	0	0	0	0	0	0	0	0	0	0	0	0	0	1
GF18_b3_d35_colon	0	0	0	0	0	0	0	0	0	0	0	0	0	0	0	0	0	0	0	0	0	0	0	0	0	0	0	0	0	0	0	0	0	0	0	0	0	0	0	0	0	0	0	0	0	0	0	0	0	0	0	100	0	0	0	0	0	0	0	0	0	0	0	0	0	0	0	0	0	0	0	0	0	0	0	0	0	0	0	0	0	0	0	0	0	0	0	0	0	0	1
GF2_A3_day28	0	0	0	0	0	0	0	0	0	0	0	0	0	0	0	0	0	0	0	0	0	0	0	0	0	0	0	0	0	0	0	0	0	0	0	0	0	0	0	0	0	0	0	0	0	0	0	100	0	0	0	0	0	0	0	0	0	0	0	0	0	0	0	0	0	0	0	0	0	0	0	0	0	0	0	0	0	0	0	0	0	0	0	0	0	0	0	0	0	0	1
GF2_A5_day28	0	0	0	0	0	0	0	0	0	0	0	0	0	0	0	0	0	0	0	0	0	0	0	0	0	0	0	0	0	0	0	0	0	0	0	0	0	0	0	0	0	0	0	0	0	0	0	100	0	0	0	0	0	0	0	0	0	0	0	0	0	0	0	0	0	0	0	0	0	0	0	0	0	0	0	0	0	0	0	0	0	0	0	0	0	0	0	0	0	0	1
GF20_d127_a3	0	0	0	0	0	0	0	0	0	0	0	0	0	0	0	0	0	0	0	0	0	0	0	0	0	0	0	0	0	0	0	0	0	0	0	0	0	0	0	0	0	0	0	0	0	0	0	100	0	0	0	0	0	0	0	0	0	0	0	0	0	0	0	0	0	0	0	0	0	0	0	0	0	0	0	0	0	0	0	0	0	0	0	0	0	0	0	0	0	0	1
GF20_d127_a5	0	0	0	0	0	0	0	0	0	0	0	0	0	0	0	0	0	0	0	0	0	0	0	0	0	0	0	0	0	0	0	0	0	0	0	0	0	0	0	0	0	0	0	0	0	0	0	100	0	0	0	0	0	0	0	0	0	0	0	0	0	0	0	0	0	0	0	0	0	0	0	0	0	0	0	0	0	0	0	0	0	0	0	0	0	0	0	0	0	0	1
GF20_d127_a6	0	0	0	0	0	0	0	0	0	0	0	0	0	0	0	0	0	0	0	0	0	0	0	0	0	0	0	0	0	0	0	0	0	0	0	0	0	0	0	0	0	0	0	0	0	0	0	0	0	0	0	0	0	100	0	0	0	0	0	0	0	0	0	0	0	0	0	0	0	0	0	0	0	0	0	0	0	0	0	0	0	0	0	0	0	0	0	0	0	0	1
GF20_d140_c8	0	0	0	0	0	0	0	0	0	0	0	0	0	0	0	0	0	0	0	0	0	0	0	0	0	0	0	0	0	0	0	0	0	0	0	0	0	0	0	0	0	0	0	0	0	0	0	0	0	0	0	0	0	100	0	0	0	0	0	0	0	0	0	0	0	0	0	0	0	0	0	0	0	0	0	0	0	0	0	0	0	0	0	0	0	0	0	0	0	0	1
GF20_d40_c3	0	0	0	0	0	0	0	0	0	0	0	0	0	0	0	0	0	0	0	0	0	0	0	0	0	0	0	0	0	0	0	0	0	0	0	0	0	0	0	0	0	0	0	0	100	0	0	0	0	0	0	0	0	0	0	0	0	0	0	0	0	0	0	0	0	0	0	0	0	0	0	0	0	0	0	0	0	0	0	0	0	0	0	0	0	0	0	0	0	0	1
GF20_d68_b4	0	0	0	0	0	0	0	0	0	0	0	0	0	0	0	0	0	0	0	0	0	0	0	0	0	0	0	0	0	0	0	0	0	0	0	0	0	0	0	0	0	0	0	0	0	0	0	100	0	0	0	0	0	0	0	0	0	0	0	0	0	0	0	0	0	0	0	0	0	0	0	0	0	0	0	0	0	0	0	0	0	0	0	0	0	0	0	0	0	0	1
GF20_d68_b6	0	0	0	0	0	0	0	0	0	0	0	0	0	0	0	0	0	0	0	0	0	0	0	0	0	0	0	0	0	0	0	0	0	0	0	0	0	0	0	0	0	0	0	0	0	0	0	100	0	0	0	0	0	0	0	0	0	0	0	0	0	0	0	0	0	0	0	0	0	0	0	0	0	0	0	0	0	0	0	0	0	0	0	0	0	0	0	0	0	0	1
GF20_d89_b3	0	0	0	0	0	0	0	0	0	0	0	0	0	0	0	0	0	0	0	0	0	0	0	0	0	0	0	0	0	0	0	0	0	0	0	0	0	0	0	0	0	0	0	0	0	0	0	100	0	0	0	0	0	0	0	0	0	0	0	0	0	0	0	0	0	0	0	0	0	0	0	0	0	0	0	0	0	0	0	0	0	0	0	0	0	0	0	0	0	0	1
GF20_d89_b5	0	0	0	0	0	0	0	0	0	0	0	0	0	0	0	0	0	0	0	0	0	0	0	0	0	0	0	0	0	0	0	0	0	0	0	0	0	0	0	0	0	0	0	0	100	0	0	0	0	0	0	0	0	0	0	0	0	0	0	0	0	0	0	0	0	0	0	0	0	0	0	0	0	0	0	0	0	0	0	0	0	0	0	0	0	0	0	0	0	0	1
GF23_d36_c1	0	0	0	0	0	0	0	0	0	0	0	0	0	0	0	0	0	0	0	0	0	0	0	0	0	0	0	0	0	0	0	0	0	0	0	0	0	0	0	0	0	0	0	0	0	0	0	0	0	0	0	100	0	0	0	0	0	0	0	0	0	0	0	0	0	0	0	0	0	0	0	0	0	0	0	0	0	0	0	0	0	0	0	0	0	0	0	0	0	0	1
GF23_d36_c2	0	0	0	0	0	0	0	0	0	0	0	0	0	0	0	0	0	0	0	0	0	0	0	0	0	0	0	0	0	0	0	0	0	0	0	0	0	0	0	0	0	0	0	0	0	0	0	0	0	0	0	100	0	0	0	0	0	0	0	0	0	0	0	0	0	0	0	0	0	0	0	0	0	0	0	0	0	0	0	0	0	0	0	0	0	0	0	0	0	0	1
GF23_d36_c3	0	0	0	0	0	0	0	0	0	0	0	0	0	0	0	0	0	0	0	0	0	0	0	0	0	0	0	0	0	0	0	0	0	0	0	0	0	0	0	0	0	0	0	0	0	0	0	0	0	0	0	100	0	0	0	0	0	0	0	0	0	0	0	0	0	0	0	0	0	0	0	0	0	0	0	0	0	0	0	0	0	0	0	0	0	0	0	0	0	0	1
GF23_d56_c2	0	0	0	0	0	0	0	0	0	0	0	0	0	0	0	0	0	0	0	0	0	0	0	0	0	0	0	0	0	0	0	0	0	0	0	0	0	0	0	0	0	0	0	0	0	0	0	0	0	0	0	100	0	0	0	0	0	0	0	0	0	0	0	0	0	0	0	0	0	0	0	0	0	0	0	0	0	0	0	0	0	0	0	0	0	0	0	0	0	0	1
GF23_d57_c4	0	0	0	0	0	0	0	0	0	0	0	0	0	0	0	0	0	0	0	0	0	0	0	0	0	0	0	0	0	0	0	0	0	0	0	0	0	0	0	0	0	0	0	0	0	0	0	0	0	0	0	100	0	0	0	0	0	0	0	0	0	0	0	0	0	0	0	0	0	0	0	0	0	0	0	0	0	0	0	0	0	0	0	0	0	0	0	0	0	0	1
GF23_d59_c2	0	0	0	0	0	0	0	0	0	0	0	0	0	0	0	0	0	0	0	0	0	0	0	0	0	0	0	0	0	0	0	0	0	0	0	0	0	0	0	0	0	0	0	0	100	0	0	0	0	0	0	0	0	0	0	0	0	0	0	0	0	0	0	0	0	0	0	0	0	0	0	0	0	0	0	0	0	0	0	0	0	0	0	0	0	0	0	0	0	0	1
GF23_d59_c6	0	0	0	0	0	0	0	0	0	0	0	0	0	0	0	0	0	0	0	0	0	0	0	0	0	0	0	0	0	0	0	0	0	0	0	0	0	0	0	0	0	0	0	0	0	0	0	0	0	0	0	100	0	0	0	0	0	0	0	0	0	0	0	0	0	0	0	0	0	0	0	0	0	0	0	0	0	0	0	0	0	0	0	0	0	0	0	0	0	0	1
GF23_d84_c1	0	0	0	0	0	0	0	0	0	0	0	0	0	0	0	0	0	0	0	0	0	0	0	0	0	0	0	0	0	0	0	0	0	0	0	0	0	0	0	0	0	0	0	0	100	0	0	0	0	0	0	0	0	0	0	0	0	0	0	0	0	0	0	0	0	0	0	0	0	0	0	0	0	0	0	0	0	0	0	0	0	0	0	0	0	0	0	0	0	0	1
GF23_d84_c2	0	0	0	0	0	0	0	0	0	0	0	0	0	0	0	0	0	0	0	0	0	0	0	0	0	0	0	0	0	0	0	0	0	0	0	0	0	0	0	0	0	0	0	0	100	0	0	0	0	0	0	0	0	0	0	0	0	0	0	0	0	0	0	0	0	0	0	0	0	0	0	0	0	0	0	0	0	0	0	0	0	0	0	0	0	0	0	0	0	0	1
GF23_d84_c3	0	0	0	0	0	0	0	0	0	0	0	0	0	0	0	0	0	0	0	0	0	0	0	0	0	0	0	0	0	0	0	0	0	0	0	0	0	0	0	0	0	0	0	0	100	0	0	0	0	0	0	0	0	0	0	0	0	0	0	0	0	0	0	0	0	0	0	0	0	0	0	0	0	0	0	0	0	0	0	0	0	0	0	0	0	0	0	0	0	0	1
GF23_d84_c4	0	0	0	0	0	0	0	0	0	0	0	0	0	0	0	0	0	0	0	0	0	0	0	0	0	0	0	0	0	0	0	0	0	0	0	0	0	0	0	0	0	0	0	0	100	0	0	0	0	0	0	0	0	0	0	0	0	0	0	0	0	0	0	0	0	0	0	0	0	0	0	0	0	0	0	0	0	0	0	0	0	0	0	0	0	0	0	0	0	0	1
GF23_d84_c5	0	0	0	0	0	0	0	0	0	0	0	0	0	0	0	0	0	0	0	0	0	0	0	0	0	0	0	0	0	0	0	0	0	0	0	0	0	0	0	0	0	0	0	0	100	0	0	0	0	0	0	0	0	0	0	0	0	0	0	0	0	0	0	0	0	0	0	0	0	0	0	0	0	0	0	0	0	0	0	0	0	0	0	0	0	0	0	0	0	0	1
GF3_C3_day39	0	0	0	0	0	0	0	0	0	0	0	0	0	0	0	0	0	0	0	0	0	0	0	0	0	0	0	0	0	0	0	0	0	0	0	0	0	0	0	0	0	0	0	0	0	0	0	100	0	0	0	0	0	0	0	0	0	0	0	0	0	0	0	0	0	0	0	0	0	0	0	0	0	0	0	0	0	0	0	0	0	0	0	0	0	0	0	0	0	0	1
GF3_C3_day41	0	0	0	0	0	0	0	0	0	0	0	0	0	0	0	0	0	0	0	0	0	0	0	0	0	0	0	0	0	0	0	0	0	0	0	0	0	0	0	0	0	0	0	0	100	0	0	0	0	0	0	0	0	0	0	0	0	0	0	0	0	0	0	0	0	0	0	0	0	0	0	0	0	0	0	0	0	0	0	0	0	0	0	0	0	0	0	0	0	0	1
GF3_C4_day40	0	0	0	0	0	0	0	0	0	0	0	0	0	0	0	0	0	0	0	0	0	0	0	0	0	0	0	0	0	0	0	0	0	0	0	0	0	0	0	0	0	0	0	0	100	0	0	0	0	0	0	0	0	0	0	0	0	0	0	0	0	0	0	0	0	0	0	0	0	0	0	0	0	0	0	0	0	0	0	0	0	0	0	0	0	0	0	0	0	0	1
GF3_C8_day40	0	0	0	0	0	0	0	0	0	0	0	0	0	0	0	0	0	0	0	0	0	0	0	0	0	0	0	0	0	0	0	0	0	0	0	0	0	0	0	0	0	0	0	0	100	0	0	0	0	0	0	0	0	0	0	0	0	0	0	0	0	0	0	0	0	0	0	0	0	0	0	0	0	0	0	0	0	0	0	0	0	0	0	0	0	0	0	0	0	0	1
GF4_B1_d37	0	0	0	0	0	0	0	0	0	0	0	0	0	0	0	0	0	0	0	0	0	0	0	0	0	0	0	0	0	0	0	0	0	0	0	0	0	0	0	0	0	0	0	0	100	0	0	0	0	0	0	0	0	0	0	0	0	0	0	0	0	0	0	0	0	0	0	0	0	0	0	0	0	0	0	0	0	0	0	0	0	0	0	0	0	0	0	0	0	0	1
GF4_B3_d37	0	0	0	0	0	0	0	0	0	0	0	0	0	0	0	0	0	0	0	0	0	0	0	0	0	0	0	0	0	0	0	0	0	0	0	0	0	0	0	0	0	0	0	0	100	0	0	0	0	0	0	0	0	0	0	0	0	0	0	0	0	0	0	0	0	0	0	0	0	0	0	0	0	0	0	0	0	0	0	0	0	0	0	0	0	0	0	0	0	0	1
GF4_B4_d38	0	0	0	0	0	0	0	0	0	0	0	0	0	0	0	0	0	0	0	0	0	0	0	0	0	0	0	0	0	0	0	0	0	0	0	0	0	0	0	0	0	0	0	0	100	0	0	0	0	0	0	0	0	0	0	0	0	0	0	0	0	0	0	0	0	0	0	0	0	0	0	0	0	0	0	0	0	0	0	0	0	0	0	0	0	0	0	0	0	0	1
GF4_C5_SI	0	0	0	0	0	0	0	0	0	0	0	0	100	0	0	0	0	0	0	0	0	0	0	0	0	0	0	0	0	0	0	0	0	0	0	0	0	0	0	0	0	0	0	0	0	0	0	0	0	0	0	0	0	0	0	0	0	0	0	0	0	0	0	0	0	0	0	0	0	0	0	0	0	0	0	0	0	0	0	0	0	0	0	0	0	0	0	0	0	0	1
GF5_A1_D48	0	0	0	0	0	0	0	0	0	0	0	0	0	0	0	0	0	0	0	0	0	0	0	0	0	0	0	0	0	0	0	0	0	0	0	0	0	0	0	0	0	0	0	0	0	0	0	0	0	0	0	100	0	0	0	0	0	0	0	0	0	0	0	0	0	0	0	0	0	0	0	0	0	0	0	0	0	0	0	0	0	0	0	0	0	0	0	0	0	0	1
GF5_A2_COLON_190628	0	0	0	0	0	0	0	0	0	0	0	0	0	0	0	0	0	0	0	0	0	0	100	0	0	0	0	0	0	0	0	0	0	0	0	0	0	0	0	0	0	0	0	0	0	0	0	0	0	0	0	0	0	0	0	0	0	0	0	0	0	0	0	0	0	0	0	0	0	0	0	0	0	0	0	0	0	0	0	0	0	0	0	0	0	0	0	0	0	0	1
GF5_A2_D80	0	0	0	0	0	0	0	0	0	0	0	0	0	0	0	0	0	0	0	0	0	0	0	0	0	0	0	0	0	0	0	0	0	0	0	0	0	0	0	0	0	0	0	0	0	0	0	100	0	0	0	0	0	0	0	0	0	0	0	0	0	0	0	0	0	0	0	0	0	0	0	0	0	0	0	0	0	0	0	0	0	0	0	0	0	0	0	0	0	0	1
GF5_A4_D48	0	0	0	0	0	0	0	0	0	0	0	0	0	0	0	0	0	0	0	0	0	0	0	0	0	0	0	0	0	0	0	0	0	0	0	0	0	0	0	0	0	0	0	0	100	0	0	0	0	0	0	0	0	0	0	0	0	0	0	0	0	0	0	0	0	0	0	0	0	0	0	0	0	0	0	0	0	0	0	0	0	0	0	0	0	0	0	0	0	0	1
GF5_B_COLON_M1	0	0	0	0	0	0	0	0	0	0	0	0	0	0	0	0	0	0	0	0	0	0	0	0	0	0	0	0	0	0	0	0	0	0	0	0	0	0	0	0	0	0	0	0	0	0	0	100	0	0	0	0	0	0	0	0	0	0	0	0	0	0	0	0	0	0	0	0	0	0	0	0	0	0	0	0	0	0	0	0	0	0	0	0	0	0	0	0	0	0	1
GF5_B_COLON_P1	0	0	0	0	0	0	0	0	0	0	0	0	100	0	0	0	0	0	0	0	0	0	0	0	0	0	0	0	0	0	0	0	0	0	0	0	0	0	0	0	0	0	0	0	0	0	0	0	0	0	0	0	0	0	0	0	0	0	0	0	0	0	0	0	0	0	0	0	0	0	0	0	0	0	0	0	0	0	0	0	0	0	0	0	0	0	0	0	0	0	1
GF5_B2_D79	0	0	0	0	0	0	0	0	0	0	0	0	0	0	0	0	0	0	0	0	0	0	0	0	0	0	0	0	0	0	0	0	0	0	0	0	0	0	0	0	0	0	0	0	0	0	0	100	0	0	0	0	0	0	0	0	0	0	0	0	0	0	0	0	0	0	0	0	0	0	0	0	0	0	0	0	0	0	0	0	0	0	0	0	0	0	0	0	0	0	1
GF5_B2_D80	0	0	0	0	0	0	0	0	0	0	0	0	0	0	0	0	0	0	0	0	0	0	0	0	0	0	0	0	0	0	0	0	0	0	0	0	0	0	0	0	0	0	0	0	0	0	0	100	0	0	0	0	0	0	0	0	0	0	0	0	0	0	0	0	0	0	0	0	0	0	0	0	0	0	0	0	0	0	0	0	0	0	0	0	0	0	0	0	0	0	1
GF5_C2_COLON_190815	0	0	0	0	0	0	0	0	0	0	0	0	0	0	0	0	0	0	0	0	0	0	0	0	0	0	0	0	0	0	0	0	0	0	0	0	0	0	0	0	0	0	0	0	0	0	0	0	0	0	0	100	0	0	0	0	0	0	0	0	0	0	0	0	0	0	0	0	0	0	0	0	0	0	0	0	0	0	0	0	0	0	0	0	0	0	0	0	0	0	1
GF5_C3_COLON_190815	0	0	0	0	0	0	0	0	0	0	0	0	0	0	0	0	0	0	0	0	0	0	0	0	0	0	0	0	0	0	0	0	0	0	0	0	0	0	0	0	0	0	0	0	0	0	0	0	0	0	0	100	0	0	0	0	0	0	0	0	0	0	0	0	0	0	0	0	0	0	0	0	0	0	0	0	0	0	0	0	0	0	0	0	0	0	0	0	0	0	1
GF6_B3_D89	0	0	0	0	0	0	0	0	0	0	0	0	0	0	0	0	0	100	0	0	0	0	0	0	0	0	0	0	0	0	0	0	0	0	0	0	0	0	0	0	0	0	0	0	0	0	0	0	0	0	0	0	0	0	0	0	0	0	0	0	0	0	0	0	0	0	0	0	0	0	0	0	0	0	0	0	0	0	0	0	0	0	0	0	0	0	0	0	0	0	1
GF6_B4_D66	0	0	0	0	0	0	0	0	0	0	0	0	0	0	0	0	0	0	0	0	0	0	0	0	0	0	0	0	0	0	0	0	0	0	100	0	0	0	0	0	0	0	0	0	0	0	0	0	0	0	0	0	0	0	0	0	0	0	0	0	0	0	0	0	0	0	0	0	0	0	0	0	0	0	0	0	0	0	0	0	0	0	0	0	0	0	0	0	0	0	1
GF6_B7_D91	0	0	0	0	0	0	0	0	0	0	0	0	100	0	0	0	0	0	0	0	0	0	0	0	0	0	0	0	0	0	0	0	0	0	0	0	0	0	0	0	0	0	0	0	0	0	0	0	0	0	0	0	0	0	0	0	0	0	0	0	0	0	0	0	0	0	0	0	0	0	0	0	0	0	0	0	0	0	0	0	0	0	0	0	0	0	0	0	0	0	1
GF6_GFPBS1_COLON	0	0	0	0	0	0	0	0	0	0	0	0	0	0	0	0	0	0	0	0	0	0	100	0	0	0	0	0	0	0	0	0	0	0	0	0	0	0	0	0	0	0	0	0	0	0	0	0	0	0	0	0	0	0	0	0	0	0	0	0	0	0	0	0	0	0	0	0	0	0	0	0	0	0	0	0	0	0	0	0	0	0	0	0	0	0	0	0	0	0	1
GF6_GFPBS2_COLON	0	0	0	0	0	0	0	0	0	0	0	0	0	0	0	0	0	0	0	0	0	0	100	0	0	0	0	0	0	0	0	0	0	0	0	0	0	0	0	0	0	0	0	0	0	0	0	0	0	0	0	0	0	0	0	0	0	0	0	0	0	0	0	0	0	0	0	0	0	0	0	0	0	0	0	0	0	0	0	0	0	0	0	0	0	0	0	0	0	0	1
GF6_GFPBS3_COLON	0	0	0	0	0	0	0	0	0	0	0	0	0	0	0	0	0	0	0	0	0	0	100	0	0	0	0	0	0	0	0	0	0	0	0	0	0	0	0	0	0	0	0	0	0	0	0	0	0	0	0	0	0	0	0	0	0	0	0	0	0	0	0	0	0	0	0	0	0	0	0	0	0	0	0	0	0	0	0	0	0	0	0	0	0	0	0	0	0	0	1
GF7_ADAM_D0	0	0	0	0	0	0	0	0	0	0	0	0	0	0	0	0	0	0	0	0	0	0	0	0	0	0	0	0	0	0	0	0	0	0	0	0	0	0	0	100	0	0	0	0	0	0	0	0	0	0	0	0	0	0	0	0	0	0	0	0	0	0	0	0	0	0	0	0	0	0	0	0	0	0	0	0	0	0	0	0	0	0	0	0	0	0	0	0	0	0	1
GF7_B6_COLON_D47	0	0	0	0	0	0	0	0	0	0	0	0	0	0	0	0	0	0	0	0	0	0	0	0	0	0	0	0	0	0	0	0	0	0	0	0	0	0	0	0	0	0	0	0	0	0	0	0	0	0	0	100	0	0	0	0	0	0	0	0	0	0	0	0	0	0	0	0	0	0	0	0	0	0	0	0	0	0	0	0	0	0	0	0	0	0	0	0	0	0	1
GF7_B8_COLON_D47	0	0	0	0	0	0	0	0	0	0	0	0	0	0	0	0	0	0	0	0	0	0	0	0	0	0	0	0	0	0	0	0	0	0	0	0	0	0	0	0	0	0	0	0	0	0	0	0	0	0	0	0	0	0	0	0	0	0	0	0	0	0	0	0	0	0	0	0	0	0	0	0	0	0	0	0	100	0	0	0	0	0	0	0	0	0	0	0	0	0	1
GF7_C1_D34	0	0	0	0	0	0	0	0	0	0	0	0	0	0	0	0	0	0	0	0	0	0	0	0	0	0	0	0	0	0	0	0	0	0	0	0	0	0	0	0	0	0	0	0	100	0	0	0	0	0	0	0	0	0	0	0	0	0	0	0	0	0	0	0	0	0	0	0	0	0	0	0	0	0	0	0	0	0	0	0	0	0	0	0	0	0	0	0	0	0	1
GF7_C2_D32	0	0	0	0	0	0	0	0	0	0	0	0	0	0	0	0	0	0	0	0	0	0	0	0	0	0	0	0	0	0	0	0	0	0	0	0	0	0	0	0	0	0	0	0	100	0	0	0	0	0	0	0	0	0	0	0	0	0	0	0	0	0	0	0	0	0	0	0	0	0	0	0	0	0	0	0	0	0	0	0	0	0	0	0	0	0	0	0	0	0	1
GF7_C3_D33	0	0	0	0	0	0	0	0	0	0	0	0	0	0	0	0	0	0	0	0	0	0	0	0	0	0	0	0	0	0	0	0	0	0	0	0	0	0	0	0	0	0	0	0	100	0	0	0	0	0	0	0	0	0	0	0	0	0	0	0	0	0	0	0	0	0	0	0	0	0	0	0	0	0	0	0	0	0	0	0	0	0	0	0	0	0	0	0	0	0	1
GF7_WATER	0	0	0	0	0	0	0	0	0	0	0	0	0	0	0	0	0	0	0	0	0	0	0	0	0	0	0	0	0	0	0	0	0	0	0	0	0	0	0	0	0	0	0	0	0	0	0	0	0	0	0	100	0	0	0	0	0	0	0	0	0	0	0	0	0	0	0	0	0	0	0	0	0	0	0	0	0	0	0	0	0	0	0	0	0	0	0	0	0	0	1
GF8_A1_D33	0	0	0	0	0	0	0	0	0	0	0	0	0	0	0	0	0	0	0	0	0	0	0	0	0	0	0	0	0	0	0	0	0	0	0	0	0	0	0	0	0	0	0	0	0	0	0	0	0	0	0	100	0	0	0	0	0	0	0	0	0	0	0	0	0	0	0	0	0	0	0	0	0	0	0	0	0	0	0	0	0	0	0	0	0	0	0	0	0	0	1
GF8_A4_D31	0	0	0	0	0	0	0	0	0	0	0	0	0	0	0	0	0	0	0	0	0	0	0	0	0	0	0	0	0	0	0	0	0	0	0	0	0	0	0	0	0	0	0	0	0	0	0	0	0	0	0	100	0	0	0	0	0	0	0	0	0	0	0	0	0	0	0	0	0	0	0	0	0	0	0	0	0	0	0	0	0	0	0	0	0	0	0	0	0	0	1
GF8_C1_D31	0	0	0	0	0	0	0	0	0	0	0	0	0	0	0	0	0	0	0	0	0	0	0	0	0	0	0	0	0	0	0	0	0	0	0	0	0	0	0	0	0	0	0	0	0	0	0	0	0	0	0	100	0	0	0	0	0	0	0	0	0	0	0	0	0	0	0	0	0	0	0	0	0	0	0	0	0	0	0	0	0	0	0	0	0	0	0	0	0	0	1
GF8_C2_D31	0	0	0	0	0	0	0	0	0	0	0	0	0	0	0	0	0	0	0	0	0	0	0	0	0	0	0	0	0	0	0	0	0	0	0	0	0	0	0	0	0	0	0	0	0	0	0	0	0	0	0	100	0	0	0	0	0	0	0	0	0	0	0	0	0	0	0	0	0	0	0	0	0	0	0	0	0	0	0	0	0	0	0	0	0	0	0	0	0	0	1
Gn3_A1_Cwash	0	0	0	0	0	0	0	0	0	0	0	0	0	0	0	0	0	0	0	0	0	0	0	0	0	0	0	0	0	0	0	0	0	0	0	0	0	0	0	0	0	0	0	0	0	0	0	0	0	0	0	100	0	0	0	0	0	0	0	0	0	0	0	0	0	0	0	0	0	0	0	0	0	0	0	0	0	0	0	0	0	0	0	0	0	0	0	0	0	0	1
Gn3_A2_Cwash	0	0	0	0	0	0	0	0	0	0	0	0	0	0	0	0	0	0	0	0	0	0	0	0	0	0	0	0	0	0	0	0	0	0	0	0	0	0	0	0	0	0	0	0	0	0	0	0	0	0	0	100	0	0	0	0	0	0	0	0	0	0	0	0	0	0	0	0	0	0	0	0	0	0	0	0	0	0	0	0	0	0	0	0	0	0	0	0	0	0	1
Gn3_A3_Cwash	0	0	0	0	0	0	0	0	0	0	0	0	0	0	0	0	0	0	0	0	0	0	0	0	0	0	0	0	0	0	0	0	0	0	0	0	0	0	0	0	0	0	0	0	0	0	0	0	0	0	0	100	0	0	0	0	0	0	0	0	0	0	0	0	0	0	0	0	0	0	0	0	0	0	0	0	0	0	0	0	0	0	0	0	0	0	0	0	0	0	1
Gn3_A5_Cwash	0	0	0	0	0	0	0	0	0	0	0	0	0	0	0	0	0	0	0	0	0	0	0	0	0	0	0	0	0	0	0	0	0	0	0	0	0	0	0	0	0	0	0	0	0	0	0	0	0	0	0	100	0	0	0	0	0	0	0	0	0	0	0	0	0	0	0	0	0	0	0	0	0	0	0	0	0	0	0	0	0	0	0	0	0	0	0	0	0	0	1
Gn3_A6_Cwash	0	0	0	0	0	0	0	0	0	0	0	0	0	0	0	0	0	0	0	0	0	0	0	0	0	0	0	0	0	0	0	0	0	0	0	0	0	0	0	0	0	0	0	0	0	0	0	0	0	0	0	100	0	0	0	0	0	0	0	0	0	0	0	0	0	0	0	0	0	0	0	0	0	0	0	0	0	0	0	0	0	0	0	0	0	0	0	0	0	0	1
Gn3_AB10_Cwash	0	0	0	0	0	0	0	0	0	0	0	0	0	0	0	0	0	0	0	0	0	0	0	0	0	0	0	0	0	0	0	0	0	0	0	0	0	0	0	0	0	0	0	0	100	0	0	0	0	0	0	0	0	0	0	0	0	0	0	0	0	0	0	0	0	0	0	0	0	0	0	0	0	0	0	0	0	0	0	0	0	0	0	0	0	0	0	0	0	0	1
Gn3_AB10_Stool	0	0	0	0	0	0	0	0	0	0	0	0	0	0	0	0	0	0	0	0	0	0	0	0	0	0	0	0	0	0	0	0	0	0	0	0	0	0	0	0	0	0	0	0	0	0	0	0	0	0	0	0	0	100	0	0	0	0	0	0	0	0	0	0	0	0	0	0	0	0	0	0	0	0	0	0	0	0	0	0	0	0	0	0	0	0	0	0	0	0	1
Gn3_AB12_Stool	0	0	0	0	0	0	0	0	0	0	0	0	0	0	0	0	0	0	0	0	0	0	0	0	0	0	0	0	0	0	0	0	0	0	0	0	0	0	0	0	0	0	0	0	100	0	0	0	0	0	0	0	0	0	0	0	0	0	0	0	0	0	0	0	0	0	0	0	0	0	0	0	0	0	0	0	0	0	0	0	0	0	0	0	0	0	0	0	0	0	1
Gn3_AB6_Cwash	0	0	0	0	0	0	0	0	0	0	0	0	0	0	0	0	0	0	0	0	0	0	0	0	0	0	0	0	0	0	0	0	0	0	0	0	0	0	0	0	0	0	0	0	100	0	0	0	0	0	0	0	0	0	0	0	0	0	0	0	0	0	0	0	0	0	0	0	0	0	0	0	0	0	0	0	0	0	0	0	0	0	0	0	0	0	0	0	0	0	1
Gn3_AB7_Cwash	0	0	0	0	0	0	0	0	0	0	0	0	0	0	0	0	0	0	0	0	0	0	0	0	0	0	0	0	0	0	0	0	0	0	0	0	0	0	0	0	0	0	0	0	0	0	0	100	0	0	0	0	0	0	0	0	0	0	0	0	0	0	0	0	0	0	0	0	0	0	0	0	0	0	0	0	0	0	0	0	0	0	0	0	0	0	0	0	0	0	1
Gn3_B1_Stool	0	0	0	0	0	0	0	0	0	0	0	0	0	0	0	0	0	0	0	0	0	0	0	0	0	0	0	0	0	0	0	0	0	0	0	0	0	0	0	0	0	0	0	0	100	0	0	0	0	0	0	0	0	0	0	0	0	0	0	0	0	0	0	0	0	0	0	0	0	0	0	0	0	0	0	0	0	0	0	0	0	0	0	0	0	0	0	0	0	0	1
Gn3_B10_Cwash	0	0	0	0	0	0	0	0	0	0	0	0	0	0	0	0	0	0	0	0	0	0	0	0	0	0	0	0	0	0	0	0	0	0	0	0	0	0	0	0	0	0	0	0	0	0	0	100	0	0	0	0	0	0	0	0	0	0	0	0	0	0	0	0	0	0	0	0	0	0	0	0	0	0	0	0	0	0	0	0	0	0	0	0	0	0	0	0	0	0	1
Gn3_B4_Stool	0	0	0	0	0	0	0	0	0	0	0	0	0	0	0	0	0	0	0	0	0	0	0	0	0	0	0	0	0	0	0	0	0	0	0	0	0	0	0	0	0	0	0	0	100	0	0	0	0	0	0	0	0	0	0	0	0	0	0	0	0	0	0	0	0	0	0	0	0	0	0	0	0	0	0	0	0	0	0	0	0	0	0	0	0	0	0	0	0	0	1
Gn3_B7_Stool	0	0	0	0	0	0	0	0	0	0	0	0	0	0	0	0	0	0	0	0	0	0	0	0	0	0	0	0	0	0	0	0	0	0	0	0	0	0	0	0	0	0	0	0	100	0	0	0	0	0	0	0	0	0	0	0	0	0	0	0	0	0	0	0	0	0	0	0	0	0	0	0	0	0	0	0	0	0	0	0	0	0	0	0	0	0	0	0	0	0	1
Gn3_E1_Cwash	0	0	0	0	0	0	0	0	0	0	0	0	0	0	0	0	0	0	0	0	0	0	0	0	0	0	0	0	0	0	0	0	0	0	0	0	0	0	0	0	0	0	0	0	0	0	0	0	0	0	0	0	0	0	0	0	0	0	0	0	0	0	0	0	0	0	0	0	0	0	0	0	0	0	100	0	0	0	0	0	0	0	0	0	0	0	0	0	0	0	1
Gn3_E2_Cwash	0	0	0	0	0	0	0	0	0	0	0	0	0	0	0	0	0	0	0	0	0	0	0	0	0	0	0	0	0	0	0	0	0	0	0	0	0	0	0	0	0	0	0	0	0	0	0	0	0	0	0	0	0	0	0	0	0	0	0	0	0	0	0	0	0	0	0	0	0	0	0	0	0	0	100	0	0	0	0	0	0	0	0	0	0	0	0	0	0	0	1
Gn4_G_Innoc	0	0	0	0	0	0	0	0	0	0	0	0	0	0	0	0	0	0	0	0	0	0	0	0	0	0	0	0	0	0	0	0	0	0	0	0	0	0	0	0	0	0	0	0	0	0	0	0	0	0	0	0	0	0	0	0	0	0	0	0	0	0	0	0	0	0	0	0	0	0	0	0	0	0	0	0	0	0	0	100	0	0	0	0	0	0	0	0	0	0	1
B2-d29	0	0	0	0	0	0	0	0	0	0	0	0	0	0	0	0	0	0	0	0	0	0	0	0	0	0	0	0	0	0	0	0	0	0	0	0	0	0	0	0	0	0	0	0	0.23316	0	0	0	0	0	0	99.76684	0	0	0	0	0	0	0	0	0	0	0	0	0	0	0	0	0	0	0	0	0	0	0	0	0	0	0	0	0	0	0	0	0	0	0	0	0	0	2
B5-d29	0	0	0	0	0	0	0	0	0	0	0	0	0	0	0	0	0	0	0	0	0	0	0	0	0	0	0	0	0	0	0	0	0	0	0	0	0	0	0	0	0	0	0	0	0.07981	0	0	0	0	0	0	99.92019	0	0	0	0	0	0	0	0	0	0	0	0	0	0	0	0	0	0	0	0	0	0	0	0	0	0	0	0	0	0	0	0	0	0	0	0	0	0	2
B7-d29	0	0	0	0	0	0	0	0	0	0	0	0	0	0	0	0	0	0	0	0	0	0	0	0	0	0	0	0	0	0	0	0	0	0	0	0	0	0	0	0	0	0	0	0	0.40239	0	0	0	0	0	0	99.59761	0	0	0	0	0	0	0	0	0	0	0	0	0	0	0	0	0	0	0	0	0	0	0	0	0	0	0	0	0	0	0	0	0	0	0	0	0	0	2
GF10_A1_d77	0	0	0	0	0	0	0	0	0	0	0	0	0	0	0	0	0	0	0	0	0	0	0	0	0	0	0	0	0	0	0	0	0	0	0	0	0	0	0	0	0	0	0	0	5.74666	0	0	0	0	0	0	94.25334	0	0	0	0	0	0	0	0	0	0	0	0	0	0	0	0	0	0	0	0	0	0	0	0	0	0	0	0	0	0	0	0	0	0	0	0	0	0	2
GF10_A2_d77	0	0	0	0	0	0	0	0	0	0	0	0	0	0	0	0	0	0	0	0	0	0	0	0	0	0	0	0	0	0	0	0	0	0	0	0	0	0	0	0	0	0	0	0	8.65798	0	0	0	0	0	0	91.34202	0	0	0	0	0	0	0	0	0	0	0	0	0	0	0	0	0	0	0	0	0	0	0	0	0	0	0	0	0	0	0	0	0	0	0	0	0	0	2
GF10_A3_d79	0	0	0	0	0	0	0	0	0	0	0	0	0	0	0	0	0	0	0	0	0	0	0	0	0	0	0	0	0	0	0	0	0	0	0	0	0	0	0	0	0	0	0	0	6.35215	0	0	0	0	0	0	93.64785	0	0	0	0	0	0	0	0	0	0	0	0	0	0	0	0	0	0	0	0	0	0	0	0	0	0	0	0	0	0	0	0	0	0	0	0	0	0	2
GF10_A4_d77	0	0	0	0	0	0	0	0	0	0	0	0	0	0	0	0	0	0	0	0	0	0	0	0	0	0	0	0	0	0	0	0	0	0	0	0	0	0	0	0	0	0	0	0	6.82185	0	0	0	0	0	0	93.17815	0	0	0	0	0	0	0	0	0	0	0	0	0	0	0	0	0	0	0	0	0	0	0	0	0	0	0	0	0	0	0	0	0	0	0	0	0	0	2
GF10_A5_d101	0	0	0	0	0	0	0	0	0	0	0	0	0	0	0	0	0	0	0	0	0	0	0	0	0	0	0	0	0	0	0	0	0	0	0	0	0	0	0	0	0	0	0	0	1.31587	0	0	0	0	0	0	98.68413	0	0	0	0	0	0	0	0	0	0	0	0	0	0	0	0	0	0	0	0	0	0	0	0	0	0	0	0	0	0	0	0	0	0	0	0	0	0	2
GF10_A7_d104_colon	0	0	0	0	0	0	0	0	0	0	0	0	0	0	0	0	0	0	0	0	0	0	0	0	0	0	0	0	0	0	0	0	0	0	0	0	0	0	0	0	0	0	0	0	0	0	0	0.60019	0	0	0	99.39981	0	0	0	0	0	0	0	0	0	0	0	0	0	0	0	0	0	0	0	0	0	0	0	0	0	0	0	0	0	0	0	0	0	0	0	0	0	0	2
GF10_A8_d102	0	0	0	0	0	0	0	0	0	0	0	0	0	0	0	0	0	0	0	0	0	0	0	0	0	0	0	0	0	0	0	0	0	0	0	0	0	0	0	0	0	0	0	0	0.79132	0	0	0	0	0	0	99.20868	0	0	0	0	0	0	0	0	0	0	0	0	0	0	0	0	0	0	0	0	0	0	0	0	0	0	0	0	0	0	0	0	0	0	0	0	0	0	2
GF10_C1_COLON_D55	0	0	0	0	0	0	0	0	0	0	0	0	0	0	0	0	0	0	0	0	0	0	0	0	0	0	0	0	0	0	0	0	0	0	0	0	0	0	0	0	0	0	0	0	0.69859	0	0	0	0	0	0	99.30141	0	0	0	0	0	0	0	0	0	0	0	0	0	0	0	0	0	0	0	0	0	0	0	0	0	0	0	0	0	0	0	0	0	0	0	0	0	0	2
GF10_C3_D33	0	0	0	0	0	0	0	0	0	0	0	0	0	0	0	0	0	0	0	0	0	0	0	0	0	0	0	0	0	0	0	0	0	0	0	0	0	0	0	0	0	0	0	0	0.12742	0	0	0	0	0	0	99.87258	0	0	0	0	0	0	0	0	0	0	0	0	0	0	0	0	0	0	0	0	0	0	0	0	0	0	0	0	0	0	0	0	0	0	0	0	0	0	2
GF10_C5_d77	0	0	0	0	0	0	0	0	0	0	0	0	0	0	0	0	0	0	0	0	0	0	0	0	0	0	0	0	0	0	0	0	0	0	0	0	0	0	0	0	0	0	0	0	1.61777	0	0	0	0	0	0	98.38223	0	0	0	0	0	0	0	0	0	0	0	0	0	0	0	0	0	0	0	0	0	0	0	0	0	0	0	0	0	0	0	0	0	0	0	0	0	0	2
GF10_C6_d101	0	0	0	0	0	0	0	0	0	0	0	0	0	0	0	0	0	0	0	0	0	0	0	0	0	0	0	0	0	0	0	0	0	0	0	0	0	0	0	0	0	0	0	0	0.12781	0	0	0	0	0	0	99.87219	0	0	0	0	0	0	0	0	0	0	0	0	0	0	0	0	0	0	0	0	0	0	0	0	0	0	0	0	0	0	0	0	0	0	0	0	0	0	2
GF10_C9_COLON_D55	0	0	0	0	0	0	0	0	0	0	0	0	0	0	0	0	0	0	0	0	0	0	0	0	0	0	0	0	0	0	0	0	0	0	0	0	0	0	0	0	0	0	0	0	7.19971	0	0	92.80029	0	0	0	0	0	0	0	0	0	0	0	0	0	0	0	0	0	0	0	0	0	0	0	0	0	0	0	0	0	0	0	0	0	0	0	0	0	0	0	0	0	0	2
GF11_A2_D36	0	0	0	0	0	0	0	0	0	0	0	0	0	0	0	0	0	0	0	0	0	0	0	0	0	0	0	0	0	0	0	0	0	0	0	0	0	0	0	0	0	0	0	0	24.12052	0	0	75.87948	0	0	0	0	0	0	0	0	0	0	0	0	0	0	0	0	0	0	0	0	0	0	0	0	0	0	0	0	0	0	0	0	0	0	0	0	0	0	0	0	0	0	2
GF11_B2_d73	0	0	0	0	0	0	0	0	0	0	0	0	0	0	0	0	0	0	29.51574	0	0	0	0	0	0	0	0	0	0	0	0	0	0	0	0	0	0	0	0	0	0	0	0	0	0	0	0	0	0	0	0	0	0	70.48426	0	0	0	0	0	0	0	0	0	0	0	0	0	0	0	0	0	0	0	0	0	0	0	0	0	0	0	0	0	0	0	0	0	0	0	0	2
GF11_B5_COLON_D38	0	0	0	0	0	0	0	0	0	0	0	0	0	0	0	0	0	0	14.66164	0	0	0	0	0	0	0	0	0	0	0	0	0	0	0	0	0	0	0	0	0	0	0	0	0	0	0	0	85.33836	0	0	0	0	0	0	0	0	0	0	0	0	0	0	0	0	0	0	0	0	0	0	0	0	0	0	0	0	0	0	0	0	0	0	0	0	0	0	0	0	0	0	2
GF11_C1_COLON_D38	0	0	0	0	0	0	0	0	0	0	0	0	0	0	0	0	0	0	93.01126	0	0	0	0	0	0	0	0	0	0	0	0	0	0	0	0	0	0	0	0	0	0	0	0	0	0	0	0	6.98874	0	0	0	0	0	0	0	0	0	0	0	0	0	0	0	0	0	0	0	0	0	0	0	0	0	0	0	0	0	0	0	0	0	0	0	0	0	0	0	0	0	0	2
GF11_C2_D37	0	0	0	0	0	0	0	0	0	0	0	0	0	0	0	0	0	0	0	0	0	0	0	0	0	0	0	0	0	0	0	0	0	0	0	0	0	0	0	0	0	0	0	0	5.52805	0	0	94.47195	0	0	0	0	0	0	0	0	0	0	0	0	0	0	0	0	0	0	0	0	0	0	0	0	0	0	0	0	0	0	0	0	0	0	0	0	0	0	0	0	0	0	2
GF11_C3_d71	0	0	0	0	0	0	0	0	0	0	0	0	0	0	0	0	0	0	90.29104	0	0	9.70896	0	0	0	0	0	0	0	0	0	0	0	0	0	0	0	0	0	0	0	0	0	0	0	0	0	0	0	0	0	0	0	0	0	0	0	0	0	0	0	0	0	0	0	0	0	0	0	0	0	0	0	0	0	0	0	0	0	0	0	0	0	0	0	0	0	0	0	0	2
GF11_C4_COLON_D38	0	0	0	0	0	0	0	0	0	0	0	0	0	0	0	0	0	0	38.13202	0	0	0	0	0	0	0	0	0	0	0	0	0	0	0	0	0	0	0	0	0	0	0	0	0	0	0	0	61.86798	0	0	0	0	0	0	0	0	0	0	0	0	0	0	0	0	0	0	0	0	0	0	0	0	0	0	0	0	0	0	0	0	0	0	0	0	0	0	0	0	0	0	2
GF11_C5_D37	0	0	0	0	0	0	0	0	0	0	0	0	0	0	0	0	0	0	0	0	0	0	0	0	0	0	0	0	0	0	0	0	0	0	0	0	0	0	0	0	0	0	0	0	7.53571	0	0	92.46429	0	0	0	0	0	0	0	0	0	0	0	0	0	0	0	0	0	0	0	0	0	0	0	0	0	0	0	0	0	0	0	0	0	0	0	0	0	0	0	0	0	0	2
GF12_A1_d31	0	0	0	0	0	0	0	0	0	0	0	0	0	0	0	0	0	0	0	0	0	0	0	0	0	0	0	0	0	0	0	0	0	0	0	0	0	0	0	0	0	0	0	0	1.20815	0	0	0	0	0	0	0	0	0	0	0	0	0	0	0	0	0	0	0	0	0	0	0	0	0	0	0	0	0	0	0	0	0	0	98.79185	0	0	0	0	0	0	0	0	0	0	2
GF12_A2_d32	0	0	0	0	0	0	0	0	0	0	0	0	0	0	0	0	0	0	0	0	0	0	0	0	0	0	0	0	0	0	0	0	0	0	0	0	0	0	0	0	0	0	0	0	59.44316	0	0	0	0	0	0	0	0	0	0	0	0	0	0	0	0	0	0	0	0	0	0	0	0	0	0	0	0	0	0	0	0	0	0	40.55684	0	0	0	0	0	0	0	0	0	0	2
GF12_A4_d32	0	0	0	0	0	0	0	0	0	0	0	0	0	0	0	0	0	0	0	0	0	0	0	0	0	0	0	0	0	0	0	0	0	0	0	0	0	0	0	0	0	0	0	0	93.84476	0	0	0	0	0	0	0	0	0	0	0	0	0	0	0	0	0	0	0	0	0	0	0	0	0	0	0	0	0	0	0	0	0	0	6.15524	0	0	0	0	0	0	0	0	0	0	2
GF12_A4_d34_colon	0	0	0	0	0	0	0	0	0	0	0	0	0	0	0	0	0	0	0	0	0	0	98.71295	0	0	0	0	0	0	0	0	0	0	0	1.28705	0	0	0	0	0	0	0	0	0	0	0	0	0	0	0	0	0	0	0	0	0	0	0	0	0	0	0	0	0	0	0	0	0	0	0	0	0	0	0	0	0	0	0	0	0	0	0	0	0	0	0	0	0	0	0	2
GF12_B2_d32	0	0	0	0	0	0	0	0	0	0	0	0	0	0	0	0	0	0	0	0	0	0	0	0	0	0	0	0	0	0	0	0	0	0	0	0	0	0	0	0	0	0	0	0	99.94988	0	0	0	0	0	0	0	0	0	0	0	0	0	0	0	0	0	0	0	0	0	0	0	0	0	0	0	0	0	0	0	0	0	0	0.05012	0	0	0	0	0	0	0	0	0	0	2
GF12_B2_d81	0	0	0	0	0	0	0	0	0	0	0	0	0	0	0	0	0	0	0	0	0	0	0	0	0	0	0	0	0	4.17418	0	0	0	0	0	0	0	0	0	0	0	0	0	0	0	0	0	0	0	0	0	0	0	0	0	0	0	0	0	0	0	0	0	0	0	0	0	0	0	0	0	0	0	0	0	0	0	0	0	95.82582	0	0	0	0	0	0	0	0	0	0	2
GF12_B3_d31	0	0	0	0	0	0	0	0	0	0	0	0	0	0	0	0	0	0	0	0	0	0	0	0	0	0	0	0	0	0	0	0	0	0	0	0	0	0	0	0	0	0	0	0	0.97743	0	0	0	0	0	0	0	0	0	0	0	0	0	0	0	0	0	0	0	0	0	0	0	0	0	0	0	0	0	0	0	0	0	0	99.02257	0	0	0	0	0	0	0	0	0	0	2
GF12_B4_d31	0	0	0	0	0	0	0	0	0	0	0	0	0	0	0	0	0	0	0	0	0	0	0	0	0	0	0	0	0	0	0	0	0	0	0	0	0	0	0	0	0	0	0	0	97.76713	0	0	0	0	0	0	0	0	0	0	0	0	0	0	0	0	0	0	0	0	0	0	0	0	0	0	0	0	0	0	0	0	0	0	2.23287	0	0	0	0	0	0	0	0	0	0	2
GF12_C1_d79	0	0	0	0	0	0	0	0	0	0	0	0	0	0	0	0	0	0	0	0	0	0	0.77006	0	0	0	0	0	0	0	0	0	0	0	0	0	0	0	0	0	0	0	0	0	99.22994	0	0	0	0	0	0	0	0	0	0	0	0	0	0	0	0	0	0	0	0	0	0	0	0	0	0	0	0	0	0	0	0	0	0	0	0	0	0	0	0	0	0	0	0	0	2
GF12_C2_d31	0	0	0	0	0	0	0	0	0	0	0	0	0	0	0	0	0	0	0	0	0	0	0	0	0	0	0	0	0	0	0	0	0	0	0	0	0	0	0	0	0	0	0	0	13.87093	0	0	0	0	0	0	0	0	0	0	0	0	0	0	0	0	0	0	0	0	0	0	0	0	0	0	0	0	0	0	0	0	0	0	86.12907	0	0	0	0	0	0	0	0	0	0	2
GF12_C2_d79	0	0	0	0	0	0	0	0	0	0	0	0	0	0	0	0	0	0	0	0	0	0	1.26378	0	0	0	0	0	0	0	0	0	0	0	0	0	0	0	0	0	0	0	0	0	98.73622	0	0	0	0	0	0	0	0	0	0	0	0	0	0	0	0	0	0	0	0	0	0	0	0	0	0	0	0	0	0	0	0	0	0	0	0	0	0	0	0	0	0	0	0	0	2
GF12_C3_d31	0	0	0	0	0	0	0	0	0	0	0	0	0	0	0	0	0	0	0	0	0	0	0	0	0	0	0	0	0	0	0	0	0	0	0	0	0	0	0	0	0	0	0	0	98.93088	0	0	0	0	0	0	0	0	0	0	0	0	0	0	0	0	0	0	0	0	0	0	0	0	0	0	0	0	0	0	0	0	0	0	1.06912	0	0	0	0	0	0	0	0	0	0	2
GF12_C3_d79	0	0	0	0	0	0	0	0	0	0	0	0	0	0	0	0	0	0	0	0	0	0	0	0	0	0	0	0	0	0	0	0	0	0	0	0	0	0	0	0	0	0	0	0	75.96874	0	0	0	0	0	0	0	0	0	0	0	0	0	0	0	0	0	0	0	0	0	0	0	0	0	0	0	0	0	0	0	0	0	0	24.03126	0	0	0	0	0	0	0	0	0	0	2
GF12_C4_d31	0	0	0	0	0	0	0	0	0	0	0	0	0	0	0	0	0	0	0	0	0	0	0	0	0	0	0	0	0	0	0	0	0	0	0	0	0	0	0	0	0	0	0	0	73.62729	0	0	0	0	0	0	0	0	0	0	0	0	0	0	0	0	0	0	0	0	0	0	0	0	0	0	0	0	0	0	0	0	0	0	26.37271	0	0	0	0	0	0	0	0	0	0	2
GF13_A1_d34	0	0	0	0	0	0	0	0	0	0	0	0	0	0	0	0	0	0	0	0	0	0	0	0	0	0	0	0	0	0	0	0	0	0	0	0	0	0	0	0	0	0	0	0	0	0	0	0	0	0	0	0	0	0	83.4443	0	16.5557	0	0	0	0	0	0	0	0	0	0	0	0	0	0	0	0	0	0	0	0	0	0	0	0	0	0	0	0	0	0	0	0	0	2
GF13_A6_d32	0	0	0	0	0	0	0	0	0	0	0	0	0	0	0	0	0	0	0	0	0	0	0	0	0	0	0	0	0	0	0	0	0	0	0	0	0	0	0	0	0	0	0	0	0	0	0	90.86591	0	0	0	0	0	0	9.13409	0	0	0	0	0	0	0	0	0	0	0	0	0	0	0	0	0	0	0	0	0	0	0	0	0	0	0	0	0	0	0	0	0	0	0	2
GF13_A6_d34	0	0	0	0	0	0	0	0	0	0	0	0	0	0	0	0	0	0	0	0	0	0	0	0	0	0	0	0	0	0	0	0	0	0	0	0	0	0	0	0	0	0	0	0	0	0	0	94.17294	0	0	0	0	0	0	5.82706	0	0	0	0	0	0	0	0	0	0	0	0	0	0	0	0	0	0	0	0	0	0	0	0	0	0	0	0	0	0	0	0	0	0	0	2
GF13_B1_d65_colon	0	0	0	0	0	0	0	0	0	0	0	0	0	0	0	0	0	0	0	0	0	0	0	0	0	0	0	0	0	0	0	0	0	0	0	0	0	0	0	0	0	0	0	0	0	0	0	0	0	0	0	0	0	0	42.81612	0	57.18388	0	0	0	0	0	0	0	0	0	0	0	0	0	0	0	0	0	0	0	0	0	0	0	0	0	0	0	0	0	0	0	0	0	2
GF13_B3_d65_colon	0	0	0	0	0	0	0	0	0	0	0	0	0	0	0	0	0	0	0	0	0	0	0	0	0	0	0	0	0	0	0	0	0	0	0	0	0	0	0	0	0	0	0	0	0	0	0	0	0	0	0	0	0	0	74.55416	0	25.44584	0	0	0	0	0	0	0	0	0	0	0	0	0	0	0	0	0	0	0	0	0	0	0	0	0	0	0	0	0	0	0	0	0	2
GF13_B8_d65_colon	0	0	0	0	0	0	0	0	0	0	0	0	0	0	0	0	0	0	0	0	0	0	3.79619	0	0	0	0	0	0	0	0	0	0	0	0	0	0	0	0	0	0	0	0	0	0	0	0	96.20381	0	0	0	0	0	0	0	0	0	0	0	0	0	0	0	0	0	0	0	0	0	0	0	0	0	0	0	0	0	0	0	0	0	0	0	0	0	0	0	0	0	0	2
GF14_a2_d97_colon	0	0	0	0	0	0	0	0	0	0	0	0	0	0	0	0	0	0	0	0	0	0	0	0	0	0	0	0	0	0	0	0	0	0	0	0	0	0	0.10233	0	0	0	0	0	0	0	0	0	0	0	0	99.89767	0	0	0	0	0	0	0	0	0	0	0	0	0	0	0	0	0	0	0	0	0	0	0	0	0	0	0	0	0	0	0	0	0	0	0	0	0	0	2
GF14_A4_d33	0	0	0	0	0	0	0	0	0	0	0	0	0	0	0	0	0	0	88.23143	0	0	11.76857	0	0	0	0	0	0	0	0	0	0	0	0	0	0	0	0	0	0	0	0	0	0	0	0	0	0	0	0	0	0	0	0	0	0	0	0	0	0	0	0	0	0	0	0	0	0	0	0	0	0	0	0	0	0	0	0	0	0	0	0	0	0	0	0	0	0	0	0	2
GF14_d67_A3_stool	0	0	0	0	0	0	0	0	0	0	0	0	0	0	0	0	0	0	0	0	0	0	0	0	0	0	0	0	0	0	0	0	0	0	0	0	0	0	0	0	0	0	0	0	0	0	0	1.13697	0	0	0	98.86303	0	0	0	0	0	0	0	0	0	0	0	0	0	0	0	0	0	0	0	0	0	0	0	0	0	0	0	0	0	0	0	0	0	0	0	0	0	0	2
GF14_d67_A5_stool	0	0	0	0	0	0	0	0	0	0	0	0	0	0	0	0	0	0	0	0	0	0	0	0	0	0	0	0	0	0	0	0	0	0	0	0	0	0	0	0	0	0	0	0	0	0	0	85.66894	0	0	0	14.33106	0	0	0	0	0	0	0	0	0	0	0	0	0	0	0	0	0	0	0	0	0	0	0	0	0	0	0	0	0	0	0	0	0	0	0	0	0	0	2
GF14_d67_A9_stool	0	0	0	0	0	0	0	0	0	0	0	0	0	0	0	0	0	0	0	0	0	0	0	0	0	0	0	0	0	0	0	0	0	0	0	0	0	0	0	0	0	0	0	0	0	0	0	95.46428	0	0	0	4.53572	0	0	0	0	0	0	0	0	0	0	0	0	0	0	0	0	0	0	0	0	0	0	0	0	0	0	0	0	0	0	0	0	0	0	0	0	0	0	2
GF14_d68_A2_colon	0	0	0	0	0	0	0	0	0	0	0	0	0	0	0	0	0	0	0	0	0	0	0	0	0	0	0	0	0	0	0	0	0	0	0	0	0	0	0	0	0	0	0	0	0	0	0	60.59554	0	0	0	39.40446	0	0	0	0	0	0	0	0	0	0	0	0	0	0	0	0	0	0	0	0	0	0	0	0	0	0	0	0	0	0	0	0	0	0	0	0	0	0	2
GF14_d68_A3_colon	0	0	0	0	0	0	0	0	0	0	0	0	0	0	0	0	0	0	0	0	0	0	0	0	0	0	0	0	0	0	0	0	0	0	0	0	0	0	0	0	0	0	0	0	0	0	0	35.21129	0	0	0	64.78871	0	0	0	0	0	0	0	0	0	0	0	0	0	0	0	0	0	0	0	0	0	0	0	0	0	0	0	0	0	0	0	0	0	0	0	0	0	0	2
GF15_A3_d32	0	0	0	0	0	0	0	0	0	0	0	0	0	0	0	0	0	0	0	0	0	0	0	0	0	0	0	0	0	0	0	0	0	0	0	0	0	0	0	0	0	0	0	0	0	0	0	29.84586	0	0	0	70.15414	0	0	0	0	0	0	0	0	0	0	0	0	0	0	0	0	0	0	0	0	0	0	0	0	0	0	0	0	0	0	0	0	0	0	0	0	0	0	2
GF15_A6_d32_colon	0	0	0	0	0	0	0	0	0	0	0	0	0	0	0	0	0	0	0	0	0	0	0	0	0	0	0	0	0	0	0	0	0	0	0	0	0	0	0	0	0	0	0	0	0	0	0	79.73376	0	0	0	20.26624	0	0	0	0	0	0	0	0	0	0	0	0	0	0	0	0	0	0	0	0	0	0	0	0	0	0	0	0	0	0	0	0	0	0	0	0	0	0	2
GF15_B7_d32	0	0	0	0	0	0	0	0	0	0	0	0	0	0	0	0	0	0	0	0	0	0	0	0	0	0	0	0	0	0	0	0	0	0	0	0	0	0	0	0	0	0	0	0	0	0	0	68.441	0	0	0	31.559	0	0	0	0	0	0	0	0	0	0	0	0	0	0	0	0	0	0	0	0	0	0	0	0	0	0	0	0	0	0	0	0	0	0	0	0	0	0	2
GF15_B7_d35_colon	0	0	0	0	0	0	0	0	0	0	0	0	0	0	0	0	0	0	0	0	0	0	0	0	0	0	0	0	0	0	0	0	0	0	0	0	0	0	0	0	0	0	0	0	0	0	0	0	0	0	0	47.34309	0	52.65691	0	0	0	0	0	0	0	0	0	0	0	0	0	0	0	0	0	0	0	0	0	0	0	0	0	0	0	0	0	0	0	0	0	0	0	0	2
GF15_c4_d74_colon	0	0	0	0	0	0	0	0	0	0	0	0	0	0	0	0	0	0	0	0	0	0	0	0	0	0	0	0	0	0	0	0	0	0	0	0	0	0	0	0	0	0	0	0	0	0	0	0	0	0	0	0	73.93542	26.06458	0	0	0	0	0	0	0	0	0	0	0	0	0	0	0	0	0	0	0	0	0	0	0	0	0	0	0	0	0	0	0	0	0	0	0	0	2
GF15_c8_d74_colon	0	0	0	0	0	0	0	0	0	0	0	0	0	0	0	0	0	0	0	0	0	0	0	0	0	0	0	0	0	0	0	0	0	0	0	0	0	0	0	0	0	0	0	0	0	0	0	0	0	0	0	81.44946	0	0	0	0	0	0	0	0	0	0	0	0	0	18.55054	0	0	0	0	0	0	0	0	0	0	0	0	0	0	0	0	0	0	0	0	0	0	0	0	2
GF15_d71_C4_stool	0	0	0	0	0	0	0	0	0	0	0	0	0.22622	0	0	0	0	0	0	0	0	0	0	0	0	0	0	0	0	0	0	0	0	0	0	0	0	0	0	0	0	0	0	0	0	0	0	0	0	0	0	99.77378	0	0	0	0	0	0	0	0	0	0	0	0	0	0	0	0	0	0	0	0	0	0	0	0	0	0	0	0	0	0	0	0	0	0	0	0	0	0	2
GF16_A1_d32	0	0	0	0	0	0	0	0	0	0	0	0	0	0	0	0	0	0	0	0	0	0	0	0	0	0	0	0	0	0	0	0	0	0	0	0	0	0	0	0	0	0	0	0	0	0	0	48.59238	0	0	0	0	0	0	0	0	0	0	0	0	0	0	51.40762	0	0	0	0	0	0	0	0	0	0	0	0	0	0	0	0	0	0	0	0	0	0	0	0	0	0	0	2
GF16_A2_d35_colon	0	0	0	0	0	0	0	0	0	0	0	0	0	0	0	0	0	0	0	0	0	0	0	0	0	0	0	0	0	0	0	0	0	0	0	0	0	0	0	0	0	0	0	0	0	0	0	43.94071	0	0	0	0	0	0	0	0	0	0	0	0	0	0	56.05929	0	0	0	0	0	0	0	0	0	0	0	0	0	0	0	0	0	0	0	0	0	0	0	0	0	0	0	2
GF16_A4_d32	0	0	0	0	0	0	0	0	0	0	0	0	0	0	0	0	0	0	0	0	0	0	0	0	0	0	0	0	0	0	0	0	0	0	0	0	0	0	0	0	0	0	0	0	0	0	0	41.36695	0	0	0	0	0	0	0	0	0	0	0	0	0	0	58.63305	0	0	0	0	0	0	0	0	0	0	0	0	0	0	0	0	0	0	0	0	0	0	0	0	0	0	0	2
GF16_A6_d32	0	0	0	0	0	0	0	0	0	0	0	0	0	0	0	0	0	0	0	0	0	0	0	0	0	0	0	0	0	0	0	0	0	0	0	0	0	0	0	0	0	0	0	0	0	0	0	20.53897	0	0	0	0	0	0	0	0	0	0	0	0	0	0	79.46103	0	0	0	0	0	0	0	0	0	0	0	0	0	0	0	0	0	0	0	0	0	0	0	0	0	0	0	2
GF16_B5_d32	0	0	0	0	0	0	0	0	0	0	0	0	0	0	0	0	0	0	0	0	0	0	0	0	0	0	0	0	0	0	0	0	0	0	0	0	0	0	0	0	0	0	0	0	0	0	0	44.39051	0	0	0	0	0	0	0	0	0	0	0	0	0	0	55.60949	0	0	0	0	0	0	0	0	0	0	0	0	0	0	0	0	0	0	0	0	0	0	0	0	0	0	0	2
GF16_B5_d33_colon	0	0	0	0	0	0	0	0	0	0	0	0	0	0	0	0	0	0	0	0	0	0	0	0	0	0	0	0	0	0	0	0	0	0	0	0	0	0	0	0	0	0	0	0	0	0	0	29.27045	0	0	0	0	0	0	0	0	0	0	0	0	0	0	70.72955	0	0	0	0	0	0	0	0	0	0	0	0	0	0	0	0	0	0	0	0	0	0	0	0	0	0	0	2
GF16_c1_d105_stool	0	0	0	0	0	0	0	0	0	0	0	0	0	0	0	0	0	0	0	0	0	0	0	0	0	0	0	0	0	0	0	0	0	0	0	0	0	0	0	0	0	0	0	0	0	0	0	0.4632	0	0	0	0	0	0	0	0	0	0	0	0	0	0	99.5368	0	0	0	0	0	0	0	0	0	0	0	0	0	0	0	0	0	0	0	0	0	0	0	0	0	0	0	2
GF16_C1_d34	0	0	0	0	0	0	0	0	0	0.93988	0	0	0	0	0	0	0	0	0	0	0	0	0	0	0	0	0	0	0	0	0	0	0	0	0	0	0	0	0	0	0	0	0	0	0	0	0	0	0	0	0	0	0	0	0	0	0	99.06012	0	0	0	0	0	0	0	0	0	0	0	0	0	0	0	0	0	0	0	0	0	0	0	0	0	0	0	0	0	0	0	0	2
GF16_c1_d67_stool	0	0	0	0	0	0	0	0	0	0	0	0	0	0	0	0	0	0	0	0	0	0	0	0	0	0	0	0	0	0	0	0	0	0	0	0	0	0	0	0	0	0	0	0	0	0	0	41.7675	0	0	0	0	0	0	0	0	0	0	0	0	0	0	58.2325	0	0	0	0	0	0	0	0	0	0	0	0	0	0	0	0	0	0	0	0	0	0	0	0	0	0	0	2
GF16_c10_d106_stool	0	0	0	0	0	0	0	0	0	0	0	0	0	0	0	0	0	0	0	0	0	0	0	0	0	0	0	0	0	0	0	0	0	0	0	0	0	0	0	0	0	0	0	0	0	0.18504	0	0	0	0	0	0	0	0	0	0	0	0	0	0	0	0	99.81496	0	0	0	0	0	0	0	0	0	0	0	0	0	0	0	0	0	0	0	0	0	0	0	0	0	0	0	2
GF16_C2_d35_colon	0	0	0	0	0	0	0	0	0	0	0	0	0	0	0	0	0	0	0	0	0	0	0	0	0	0	0	0	0	0	0	0	0	0	0	0	0	0	0	0	0	0	0	0	0	62.66687	0	37.33313	0	0	0	0	0	0	0	0	0	0	0	0	0	0	0	0	0	0	0	0	0	0	0	0	0	0	0	0	0	0	0	0	0	0	0	0	0	0	0	0	0	0	2
GF16_C3_d33	0	0	0	0	0	0	0	0	0	0	0	0	0	0	0	0	0	0	0	0	0	0	0	0	0	0	0	0	0	0	0	0	0	0	0	0	0	0	0	0	0	0	0	0	0	0	0	49.97307	0	0	0	0	0	0	0	0	0	0	0	0	0	0	50.02693	0	0	0	0	0	0	0	0	0	0	0	0	0	0	0	0	0	0	0	0	0	0	0	0	0	0	0	2
GF16_C3_d35_colon	0	0	0	0	0	0	0	0	0	0	0	0	0	0	0	0	0	0	0	0	0	0	0	0	0	0	0	0	0	0	0	0	0	0	0	0	0	0	0	0	0	0	0	0	0	47.67286	0	52.32714	0	0	0	0	0	0	0	0	0	0	0	0	0	0	0	0	0	0	0	0	0	0	0	0	0	0	0	0	0	0	0	0	0	0	0	0	0	0	0	0	0	0	2
GF16_c3_d67_stool	0	0	0	0	0	0	0	0	0	0	0	0	0	0	0	0	0	0	0	0	0	0	0	0	0	0	0	0	0	0	0	0	0	0	0	0	0	0	0	0	0	0	0	0	0	0	0	69.34372	0	0	0	0	0	0	0	0	0	0	0	0	0	0	30.65628	0	0	0	0	0	0	0	0	0	0	0	0	0	0	0	0	0	0	0	0	0	0	0	0	0	0	0	2
GF16_c4_d67_stool	0	0	0	0	0	0	0	0	0	0	0	0	0	0	0	0	0	0	0	0	0	0	0	0	0	0	0	0	0	0	0	0	0	0	0	0	0	0	0	0	0	0	0	0	0	0	0	55.5187	0	0	0	0	0	0	0	0	0	0	0	0	0	0	44.4813	0	0	0	0	0	0	0	0	0	0	0	0	0	0	0	0	0	0	0	0	0	0	0	0	0	0	0	2
GF16_c4_d69_stool	0	0	0	0	0	0	0	0	0	0	0	0	0	0	0	0	0	0	0	0	0	0	0	0	0	0	0	0	0	0	0	0	0	0	0	0	0	0	0	0	0	0	0	0	0	0	0	51.64967	0	0	0	0	0	0	0	0	0	0	0	0	0	0	48.35033	0	0	0	0	0	0	0	0	0	0	0	0	0	0	0	0	0	0	0	0	0	0	0	0	0	0	0	2
GF16_C5_d32	0	0	0	0	0	0	0	0	0	0	0	0	0	0	0	0	0	0	0	0	0	0	0	0	0	0	0	0	0	0	0	0	0	0	0	0	0	0	0	0	0	0	0	0	0	0	0	16.58157	0	0	0	0	0	0	0	0	0	0	0	0	0	0	83.41843	0	0	0	0	0	0	0	0	0	0	0	0	0	0	0	0	0	0	0	0	0	0	0	0	0	0	0	2
GF16_C5_d35_colon	0	0	0	0	0	0	0	0	0	0	0	0	0	0	0	0	0	0	0	0	0	0	0	0	0	0	0	0	0	0	0	0	0	0	0	0	0	0	0	0	0	0	0	0	0	53.1508	0	46.8492	0	0	0	0	0	0	0	0	0	0	0	0	0	0	0	0	0	0	0	0	0	0	0	0	0	0	0	0	0	0	0	0	0	0	0	0	0	0	0	0	0	0	2
GF16_c5_d67_stool	0	0	0	0	0	0	0	0	0	0	0	0	0	0	0	0	0	0	0	0	0	0	0	0	0	0	0	0	0	0	0	0	0	0	0	0	0	0	0	0	0	0	0	0	0	0	0	35.72967	0	0	0	0	0	0	0	0	0	0	0	0	0	0	64.27033	0	0	0	0	0	0	0	0	0	0	0	0	0	0	0	0	0	0	0	0	0	0	0	0	0	0	0	2
GF16_c5_d68_stool	0	0	0	0	0	0	0	0	0	0	0	0	0	0	0	0	0	0	0	0	0	0	0	0	0	0	0	0	0	0	0	0	0	0	0	0	0	0	0	0	0	0	0	0	0	0	0	33.2506	0	0	0	0	0	0	0	0	0	0	0	0	0	0	66.7494	0	0	0	0	0	0	0	0	0	0	0	0	0	0	0	0	0	0	0	0	0	0	0	0	0	0	0	2
GF16_c6_d105_stool	0	0	0	0	0	0	0	0	0	0	0	0	0	0	0	0	0	0	0	0	0	0	0	0	0	0	0	0	0	0	0	0	0	0	0	0	0	0	0	0	0	0	0	0	0	0	0	2.88226	0	0	0	0	0	0	0	0	0	0	0	0	0	0	97.11774	0	0	0	0	0	0	0	0	0	0	0	0	0	0	0	0	0	0	0	0	0	0	0	0	0	0	0	2
GF16_c7_d105_stool	0	0	0	0	0	0	0	0	0	0	0	0	0	0	0	0	0	0	0	0	0	0	0	0	0	0	0	0	0	0	0	0	0	0	0	0	0	0	0	0	0	0	0	0	0	0.02306	0	0	0	0	0	0	0	0	0	0	0	0	0	0	0	0	99.97694	0	0	0	0	0	0	0	0	0	0	0	0	0	0	0	0	0	0	0	0	0	0	0	0	0	0	0	2
GF18_a1_d35_colon	0	0	0	0	0	0	0	0	0	0	0	0	0	0	0	0	0	0	0	0	0	0	0	0	0	0	0	0	0	4.31304	0	0	0	0	0	0	0	0	0	0	0	0	0	0	95.68696	0	0	0	0	0	0	0	0	0	0	0	0	0	0	0	0	0	0	0	0	0	0	0	0	0	0	0	0	0	0	0	0	0	0	0	0	0	0	0	0	0	0	0	0	0	2
GF18_a2_d35_colon	0	0	0	0	0	0	0	0	0	0	0	0	0	0	0	0	0	0	0	0	0	0	0	0	0	0	0	0	0	0	0	0	0	0	0	0	0	0	90.00249	0	0	0	0	0	9.99751	0	0	0	0	0	0	0	0	0	0	0	0	0	0	0	0	0	0	0	0	0	0	0	0	0	0	0	0	0	0	0	0	0	0	0	0	0	0	0	0	0	0	0	0	0	2
GF18_a4_d35_colon	0	0	0	0	0	0	0	0	0	0	0	0	0	0	0	0	0	0	0	0	0	0	0.30403	0	0	0	0	0	0	0	0	0	0	0	0	0	0	0	0	0	0	0	0	0	99.69597	0	0	0	0	0	0	0	0	0	0	0	0	0	0	0	0	0	0	0	0	0	0	0	0	0	0	0	0	0	0	0	0	0	0	0	0	0	0	0	0	0	0	0	0	0	2
GF2_B4_day41	0	0	0	0	0	0	0	0	0	0	0	0	0	0	0	0	0	0	0	0	99.97767	0	0	0	0	0	0	0	0	0	0	0	0	0	0	0	0	0	0	0	0	0	0	0	0	0	0	0	0	0	0	0	0	0	0	0	0	0	0	0	0	0	0	0	0	0	0	0	0	0	0	0	0	0	0	0	0	0	0	0	0	0	0	0	0	0	0	0	0	0.02233	2
GF20_d127_a1	0	0	0	0	0	0	0	0	0	0	0	0	0	0	0	0	0	0	0	0	0	0	0	0	0	0	0	0	0	0	0	0	0	0	0	0	0	0	0	0	0	0	0	0	0	0	0	76.7108	0	0	0	0	0	23.2892	0	0	0	0	0	0	0	0	0	0	0	0	0	0	0	0	0	0	0	0	0	0	0	0	0	0	0	0	0	0	0	0	0	0	0	0	2
GF20_d127_a7	0	0	0	0	0	0	0	0	0	0	0	0	0	0	0	0	0	0	0	0	0	0	0	0	0	0	0	0	0	0	0	0	0	0	0	0	0	0	0	0	0	0	0	0	0	0	0	34.31851	0	0	0	0	0	65.68149	0	0	0	0	0	0	0	0	0	0	0	0	0	0	0	0	0	0	0	0	0	0	0	0	0	0	0	0	0	0	0	0	0	0	0	0	2
GF20_d127_a9	0	0	0	0	0	0	0	0	0	0	0	0	0	0	0	0	0	0	0	0	0	0	0	0	0	0	0	0	0	0	0	0	0	0	0	0	0	0	0	0	0	0	0	0	0	0	0	84.59224	0	0	0	0	0	15.40776	0	0	0	0	0	0	0	0	0	0	0	0	0	0	0	0	0	0	0	0	0	0	0	0	0	0	0	0	0	0	0	0	0	0	0	0	2
GF20_d161_b6	0	0	0	0	0	0	0	0	0	0	0	0	0	0	0	0	0	0	6.40678	0	0	0	0	0	0	0	0	0	0	0	0	0	0	0	0	0	0	0	0	0	0	0	0	0	0	0	0	93.59322	0	0	0	0	0	0	0	0	0	0	0	0	0	0	0	0	0	0	0	0	0	0	0	0	0	0	0	0	0	0	0	0	0	0	0	0	0	0	0	0	0	0	2
GF20_d164_b9	0	0	0	0	0	0	0	0	0	0	0	0	0	0	0	0	0	0	35.1259	0	0	0	0	0	0	0	0	0	0	0	0	0	0	0	0	0	0	0	0	0	0	0	0	0	0	0	0	64.8741	0	0	0	0	0	0	0	0	0	0	0	0	0	0	0	0	0	0	0	0	0	0	0	0	0	0	0	0	0	0	0	0	0	0	0	0	0	0	0	0	0	0	2
GF20_d34_a2	0	0	0	0	0	0	0	0	0	0	0	0	0	0	0	0	0	0	0	0	0	0	0	0	0	0	0	0	0	0	0	0	0	0	0	0	0	0	0	0	0	0	0	0	0	0	0	75.14568	0	0	0	0	0	0	0	0	0	0	0	0	0	0	0	0	0	24.85432	0	0	0	0	0	0	0	0	0	0	0	0	0	0	0	0	0	0	0	0	0	0	0	0	2
GF20_d35_a3	0	0	0	0	0	0	0	0	0	0	0	0	0	0	0	0	0	0	0	0	0	0	0	0	0	0	0	0	0	0	0	0	0	0	0	0	0	0	0	0	0	0	0	0	0	0	0	15.14535	0	0	0	0	0	0	0	0	0	0	0	0	0	0	0	0	0	84.85465	0	0	0	0	0	0	0	0	0	0	0	0	0	0	0	0	0	0	0	0	0	0	0	0	2
GF20_d36_a1	0	0	0	0	0	0	0	0	0	0	0	0	0	0	0	0	0	0	0	0	0	0	0	0	0	0	0	0	0	0	0	0	0	0	0	0	0	0	0	0	0	0	0	0	0	0	0	0	0	0	0	0	0	2.47504	0	0	0	0	0	0	0	0	0	0	0	97.52496	0	0	0	0	0	0	0	0	0	0	0	0	0	0	0	0	0	0	0	0	0	0	0	0	2
GF20_d36_a3	0	0	0	0	0	0	0	0	0	0	0	0	0	0	0	0	0	0	0	0	0	0	0	0	0	0	0	0	0	0	0	0	0	0	0	0	0	0	0	0	0	0	0	0	0	0	0	0	0	0	0	0	0	7.721	0	0	0	0	0	0	0	0	0	0	0	92.279	0	0	0	0	0	0	0	0	0	0	0	0	0	0	0	0	0	0	0	0	0	0	0	0	2
GF20_d36_a4	0	0	0	0	0	0	0	0	0	0	0	0	0	0	0	0	0	0	0	0	0	0	0	0	0	0	0	0	0	0	0	0	0	0	0	0	0	0	0	0	0	0	0	0	0	0	0	8.57683	0	0	0	0	0	0	0	0	0	0	0	0	0	0	0	0	0	91.42317	0	0	0	0	0	0	0	0	0	0	0	0	0	0	0	0	0	0	0	0	0	0	0	0	2
GF20_d36_b5	0	0	0	0	0	0	0	0	0	0	0	0	0	0	0	0	0	0	0	0	0	0	0	0	0	0	0	0	0	0	0	0	0	0	0	0	0	0	0	0	0	0	0	0	0	0	0	45.19637	0	0	0	0	0	0	0	0	0	0	0	0	0	0	0	0	0	54.80363	0	0	0	0	0	0	0	0	0	0	0	0	0	0	0	0	0	0	0	0	0	0	0	0	2
GF20_d40_c6	0	0	0	0	0	0	0	0	0	0	0	0	0	0	0	0	0	0	83.36407	0	0	16.63593	0	0	0	0	0	0	0	0	0	0	0	0	0	0	0	0	0	0	0	0	0	0	0	0	0	0	0	0	0	0	0	0	0	0	0	0	0	0	0	0	0	0	0	0	0	0	0	0	0	0	0	0	0	0	0	0	0	0	0	0	0	0	0	0	0	0	0	0	2
GF20_d68_b2	0	0	0	0	0	0	0	0	0	0	0	0	0	0	0	0	0	0	26.95264	0	0	0	0	0	0	0	0	0	0	0	0	0	0	0	0	0	0	0	0	0	0	0	0	0	0	0	0	73.04736	0	0	0	0	0	0	0	0	0	0	0	0	0	0	0	0	0	0	0	0	0	0	0	0	0	0	0	0	0	0	0	0	0	0	0	0	0	0	0	0	0	0	2
GF20_d68_b5	0	0	0	0	0	0	0	0	0	0	0	0	0	0	0	0	0	0	0	0	0	0	0	0	0	0	0	0	0	0	0	0	0	0	0	0	0	0	0	0	0	0	0	0	0	0	0	85.66631	0	0	0	0	14.33369	0	0	0	0	0	0	0	0	0	0	0	0	0	0	0	0	0	0	0	0	0	0	0	0	0	0	0	0	0	0	0	0	0	0	0	0	0	2
GF20_d68_b7	0	0	0	0	0	0	0	0	0	0	0	0	0	0	0	0	0	0	0	0	0	0	0	0	0	0	0	0	0	0	0	0	0	0	0	0	0	0	0	0	0	0	0	0	0	0	0	97.39257	0	0	0	0	2.60743	0	0	0	0	0	0	0	0	0	0	0	0	0	0	0	0	0	0	0	0	0	0	0	0	0	0	0	0	0	0	0	0	0	0	0	0	0	2
GF20_d68_b8	0	0	0	0	0	0	0	0	0	0	0	0	0	0	0	0	0	0	0	0	0	0	0	0	0	0	0	0	0	0	0	0	0	0	0	0	0	0	0	0	0	0	0	0	0	0	0	97.43644	0	0	0	0	2.56356	0	0	0	0	0	0	0	0	0	0	0	0	0	0	0	0	0	0	0	0	0	0	0	0	0	0	0	0	0	0	0	0	0	0	0	0	0	2
GF20_d81_a3	0	0	0	0	0	0	0	0	0	0	0	0	0	0	0	0	0	0	0	0	0	0	0	0	0	0	0	0	0	0	0	0	0	0	0	0	0	0	0	0	0	0	0	0	0	0	0	92.69264	0	0	0	0	0	0	0	0	0	0	0	0	0	0	0	0	0	7.30736	0	0	0	0	0	0	0	0	0	0	0	0	0	0	0	0	0	0	0	0	0	0	0	0	2
GF20_d89_b6	0	0	0	0	0	0	0	0	0	0	0	0	0	0	0	0	0	0	0	0	0	0	0	0	0	0	0	0	0	0	0	0	1.37208	0	0	0	0	0	0	0	0	0	0	0	0	0	0	0	0	0	0	0	0	98.62792	0	0	0	0	0	0	0	0	0	0	0	0	0	0	0	0	0	0	0	0	0	0	0	0	0	0	0	0	0	0	0	0	0	0	0	0	2
GF23_d59_c4	0	0	0	0	0	0	0	0	0	0	0	0	0	0	0	0	0	0	0	0	0	0	0	0	0	0	0	0	0	4.31884	0	0	0	0	0	0	0	0	0	0	0	0	0	0	95.68116	0	0	0	0	0	0	0	0	0	0	0	0	0	0	0	0	0	0	0	0	0	0	0	0	0	0	0	0	0	0	0	0	0	0	0	0	0	0	0	0	0	0	0	0	0	2
GF3_C2_day30	0	0	0	0	0	0	0	0	0	0	0	0	0	0	0	0	0	0	0	0	99.83809	0	0	0	0	0	0	0	0	0	0	0.16191	0	0	0	0	0	0	0	0	0	0	0	0	0	0	0	0	0	0	0	0	0	0	0	0	0	0	0	0	0	0	0	0	0	0	0	0	0	0	0	0	0	0	0	0	0	0	0	0	0	0	0	0	0	0	0	0	0	0	2
GF3_C2_day41	0	0	0	0	0	0	0	0	0	0	0	0	18.73979	0	0	0	0	0	0	0	0	0	0	0	0	0	0	0	0	0	0	0	0	0	0	0	0	0	0	0	0	0	0	0	81.26021	0	0	0	0	0	0	0	0	0	0	0	0	0	0	0	0	0	0	0	0	0	0	0	0	0	0	0	0	0	0	0	0	0	0	0	0	0	0	0	0	0	0	0	0	0	2
GF3_C4_day41	0	0	0	0	0	0	0	0	0	0	0	0	13.78776	0	0	0	0	0	0	0	0	0	0	0	0	0	0	0	0	0	0	0	0	0	0	0	0	0	0	0	0	0	0	0	86.21224	0	0	0	0	0	0	0	0	0	0	0	0	0	0	0	0	0	0	0	0	0	0	0	0	0	0	0	0	0	0	0	0	0	0	0	0	0	0	0	0	0	0	0	0	0	2
GF3_C5_day41	0	0	0	0	0	0	0	0	0	0	0	0	0.41112	0	0	0	0	0	0	0	0	0	0	0	0	0	0	0	0	0	0	0	0	0	0	0	0	0	0	0	0	0	0	0	99.58888	0	0	0	0	0	0	0	0	0	0	0	0	0	0	0	0	0	0	0	0	0	0	0	0	0	0	0	0	0	0	0	0	0	0	0	0	0	0	0	0	0	0	0	0	0	2
GF3_C6_day35	0	0	0	0	0	0	0	0	0	0	0	0	0	0	0	0	0	0	23.54645	0	0	0	0	0	0	0	0	0	0	0	0	0	0	0	0	0	0	0	0	0	0	0	0	0	0	0	0	76.45355	0	0	0	0	0	0	0	0	0	0	0	0	0	0	0	0	0	0	0	0	0	0	0	0	0	0	0	0	0	0	0	0	0	0	0	0	0	0	0	0	0	0	2
GF3_C6_day38	0	0	0	0	0	0	0	0	0	0	0	0	0	0	0	0	0	0	13.85457	0	0	0	0	0	0	0	0	0	0	0	0	0	0	0	0	0	0	0	0	0	0	0	0	0	0	0	0	86.14543	0	0	0	0	0	0	0	0	0	0	0	0	0	0	0	0	0	0	0	0	0	0	0	0	0	0	0	0	0	0	0	0	0	0	0	0	0	0	0	0	0	0	2
GF4_B1_D35	0	0	0	0	0	0	0	0	0	0	0	0	18.13104	0	0	0	0	0	0	0	0	0	0	0	0	0	0	0	0	0	0	0	0	0	0	0	0	0	0	0	0	0	0	0	81.86896	0	0	0	0	0	0	0	0	0	0	0	0	0	0	0	0	0	0	0	0	0	0	0	0	0	0	0	0	0	0	0	0	0	0	0	0	0	0	0	0	0	0	0	0	0	2
GF4_B2_d36	0	0	0	0	0	0	0	0	0	0	0	0	0	0	0	0	0	16.57085	0	0	0	0	0	0	0	0	0	0	0	0	0	0	0	0	0	0	0	0	0	0	0	0	0	0	0	0	0	83.42915	0	0	0	0	0	0	0	0	0	0	0	0	0	0	0	0	0	0	0	0	0	0	0	0	0	0	0	0	0	0	0	0	0	0	0	0	0	0	0	0	0	0	2
GF4_C1_d36	0	0	0	0	0	0	0	0	0	0	0	0	0	0	0	0	0	0	0	0	0	0	0	0	0	0	0	0	0	0	0	0	0	0	0	0	0	0	0	0	0	0	0	0	3.67169	0	0	96.32831	0	0	0	0	0	0	0	0	0	0	0	0	0	0	0	0	0	0	0	0	0	0	0	0	0	0	0	0	0	0	0	0	0	0	0	0	0	0	0	0	0	0	2
GF4_C2_d35	0	0	0	0	0	0	0	0	0	0	0	0	0	0	0	0	0	0	0	0	0	0	0	0	0	0	0	0	0	0	0	0	0	0	0	0	0	0	0	0	0	0	0	0	81.13808	0	0	18.86192	0	0	0	0	0	0	0	0	0	0	0	0	0	0	0	0	0	0	0	0	0	0	0	0	0	0	0	0	0	0	0	0	0	0	0	0	0	0	0	0	0	0	2
GF4_C2_SI	0	0	0	0	0	0	0	0	0	0	0	0	99.79752	0	0	0	0	0	0	0	0	0	0	0	0	0	0	0	0	0	0	0	0	0	0	0	0	0	0	0	0	0	0	0	0	0	0	0	0	0	0	0	0	0	0	0	0	0	0	0	0	0	0	0	0	0	0	0	0	0	0	0	0	0	0	0	0	0	0	0	0	0	0	0	0	0	0	0	0	0.20248	2
GF5_A_DAM_D0	0	0	0	0	0	0	0	0	0	0	0	0	0	0	0	0	0	0	0	0	0	0	0	0	0	0	0	0	0	0	0	0	0	0	0	0	0	0	0	0	0	0	0	0	0	0	0	72.63213	0	0	0	27.36787	0	0	0	0	0	0	0	0	0	0	0	0	0	0	0	0	0	0	0	0	0	0	0	0	0	0	0	0	0	0	0	0	0	0	0	0	0	0	2
GF5_A1_D83	0	0	0	0	0	0	0	0	0	0	0	0	0	0	0	0	0	0	0	0	0	0	3.2023	0	0	0	0	0	0	0	0	0	0	0	0	0	0	0	0	0	0	0	0	0	96.7977	0	0	0	0	0	0	0	0	0	0	0	0	0	0	0	0	0	0	0	0	0	0	0	0	0	0	0	0	0	0	0	0	0	0	0	0	0	0	0	0	0	0	0	0	0	2
GF5_A5_D79	0	0	0	0	0	0	0	0	0	0	0	0	0	0	0	0	0	0	0	0	0	0	0	0	0	0	0	0	0	0	0	0	0	0	0	0	0	0	0	0	0	0	0	0	45.30301	0	0	54.69699	0	0	0	0	0	0	0	0	0	0	0	0	0	0	0	0	0	0	0	0	0	0	0	0	0	0	0	0	0	0	0	0	0	0	0	0	0	0	0	0	0	0	2
GF5_B_COLON_M2	0	0	0	0	0	0	0	0	0	0	0	0	0	0	0	0	0	0	0	0	0	0	0	0	0	0	0	0	0	0	0	0	0	0	0	0	0	0	0	0	0	0	0	0	19.62138	0	0	0	0	0	0	0	0	80.37862	0	0	0	0	0	0	0	0	0	0	0	0	0	0	0	0	0	0	0	0	0	0	0	0	0	0	0	0	0	0	0	0	0	0	0	0	2
GF5_B5_D80	0	0	0	0	0	0	0	0	0	0	0	0	0	0	0	0	0	0	0	0	0	0	0	0	0	0	0	0	0	0	0	0	0	0	0	0	0	0	0	0	0	0	0	0	62.62711	0	0	37.37289	0	0	0	0	0	0	0	0	0	0	0	0	0	0	0	0	0	0	0	0	0	0	0	0	0	0	0	0	0	0	0	0	0	0	0	0	0	0	0	0	0	0	2
GF5_COLON_A1	0	0	0	0	0	0	0	0	0	0	0	0	0	0	0	0	0	0	0	0	0	0	0	0	0	0	0	0	0	0	0	0	0	0	0	0	0	0	0	0	0	0	0	0	0	0	0	54.39127	0	0	0	45.60873	0	0	0	0	0	0	0	0	0	0	0	0	0	0	0	0	0	0	0	0	0	0	0	0	0	0	0	0	0	0	0	0	0	0	0	0	0	0	2
GF5_COLON_A2	0	0	0	0	0	0	0	0	0	0	0	0	0	0	0	0	0	0	0	0	0	0	0	0	0	0	0	0	0	0	0	0	0	0	0	0	0	0	0	0	0	0	0	0	0	0	0	73.75892	0	0	0	26.24108	0	0	0	0	0	0	0	0	0	0	0	0	0	0	0	0	0	0	0	0	0	0	0	0	0	0	0	0	0	0	0	0	0	0	0	0	0	0	2
GF6_A1_D87	0	0	0	0	0	0	0	0	0	0	0	0	0	0	0	0	0	0	0	0	0	0	0	0	0	0	0	0	0	0	0	0	0	0	0	0	0	0	0	0	0	0	0	0	58.26728	0	0	0	0	0	0	0	0	41.73272	0	0	0	0	0	0	0	0	0	0	0	0	0	0	0	0	0	0	0	0	0	0	0	0	0	0	0	0	0	0	0	0	0	0	0	0	2
GF6_A2_D52	0	0	0	0	0	0	0	0	0	0	0	0	0	0	0	0	0	0	0	0	0	0	0	0	0	0	0	0	0	0	0	0	0	0	0	0	0	0	0	0	0	0	0	0	0	0	0	63.76269	0	0	0	0	0	36.23731	0	0	0	0	0	0	0	0	0	0	0	0	0	0	0	0	0	0	0	0	0	0	0	0	0	0	0	0	0	0	0	0	0	0	0	0	2
GF6_A3_D87	0	0	0	0	0	0	0	0	0	0	0	0	0	0	0	0	0	0	0	0	0	0	0	0	0	0	0	0	0	0	0	0	0	0	0	0	0	0	0	0	0	0	0	0	0	0	0	18.72754	0	0	0	0	0	81.27246	0	0	0	0	0	0	0	0	0	0	0	0	0	0	0	0	0	0	0	0	0	0	0	0	0	0	0	0	0	0	0	0	0	0	0	0	2
GF6_A6_D88	0	0	0	0	0	0	0	0	0	0	0	0	0	0	0	0	0	0	0	0	0	0	0	0	0	0	0	0	0	0	0	0	0	0	0	0	0	0	0	0	0	0	0	0	10.08161	0	0	0	0	0	0	0	0	89.91839	0	0	0	0	0	0	0	0	0	0	0	0	0	0	0	0	0	0	0	0	0	0	0	0	0	0	0	0	0	0	0	0	0	0	0	0	2
GF6_A7_D87	0	0	0	0	0	0	0	0	0	0	0	0	0	0	0	0	0	0	0	0	0	0	0	0	0	0	0	0	0	0	0	0	0	0	0	0	0	0	0	0	0	0	0	0	0	0	0	33.74802	0	0	0	0	0	66.25198	0	0	0	0	0	0	0	0	0	0	0	0	0	0	0	0	0	0	0	0	0	0	0	0	0	0	0	0	0	0	0	0	0	0	0	0	2
GF6_B1_D87	0	0	0	0	0	0	0	0	0	0	0	0	0	0	0	0	0	0	0	0	0	0	0	0	0	0	0	0	0	0	0	0	0	0	0	0	0	0	0	0	0	0	0	0	0	0	0	89.34672	0	0	0	0	0	10.65328	0	0	0	0	0	0	0	0	0	0	0	0	0	0	0	0	0	0	0	0	0	0	0	0	0	0	0	0	0	0	0	0	0	0	0	0	2
GF6_B2_D89	0	0	0	0	0	0	0	0	0	0	0	0	69.18771	0	0	0	0	0	0	0	0	0	0	0	0	0	0	0	0	0	0	0	0	0	0	0	0	0	0	0	0	0	0	0	30.81229	0	0	0	0	0	0	0	0	0	0	0	0	0	0	0	0	0	0	0	0	0	0	0	0	0	0	0	0	0	0	0	0	0	0	0	0	0	0	0	0	0	0	0	0	0	2
GF6_B4_D89	0	0	0	0	0	0	0	0	0	0	0	0	40.8675	0	0	0	0	0	0	0	0	0	0	0	0	0	0	0	0	0	0	0	0	0	0	0	0	0	0	0	0	0	0	0	59.1325	0	0	0	0	0	0	0	0	0	0	0	0	0	0	0	0	0	0	0	0	0	0	0	0	0	0	0	0	0	0	0	0	0	0	0	0	0	0	0	0	0	0	0	0	0	2
GF6_B5_D66	0	0	0	0	0	0	0	0	0	0	0	0	0	0	0	0	0	0	0	0	0	0	22.73604	0	0	0	0	0	0	0	0	0	0	0	77.26396	0	0	0	0	0	0	0	0	0	0	0	0	0	0	0	0	0	0	0	0	0	0	0	0	0	0	0	0	0	0	0	0	0	0	0	0	0	0	0	0	0	0	0	0	0	0	0	0	0	0	0	0	0	0	0	2
GF6_B5_D91	0	0	0	0	0	0	0	0	0	0	0	0	67.8098	0	0	0	0	0	0	0	0	0	0	0	0	0	0	0	0	0	0	0	0	0	0	0	0	0	0	0	0	0	0	0	32.1902	0	0	0	0	0	0	0	0	0	0	0	0	0	0	0	0	0	0	0	0	0	0	0	0	0	0	0	0	0	0	0	0	0	0	0	0	0	0	0	0	0	0	0	0	0	2
GF6_B6_D90	0	0	0	0	0	0	0	0	0	0	0	0	55.92411	0	0	0	0	0	0	0	0	0	0	0	0	0	0	0	0	0	0	0	0	0	0	0	0	0	0	0	0	0	0	0	44.07589	0	0	0	0	0	0	0	0	0	0	0	0	0	0	0	0	0	0	0	0	0	0	0	0	0	0	0	0	0	0	0	0	0	0	0	0	0	0	0	0	0	0	0	0	0	2
GF6_B6_D91	0	0	0	0	0	0	0	0	0	0	0	0	17.86355	0	0	0	0	0	0	0	0	0	0	0	0	0	0	0	0	0	0	0	0	0	0	0	0	0	0	0	0	0	0	0	82.13645	0	0	0	0	0	0	0	0	0	0	0	0	0	0	0	0	0	0	0	0	0	0	0	0	0	0	0	0	0	0	0	0	0	0	0	0	0	0	0	0	0	0	0	0	0	2
GF7_C2_D33	0	0	0	0	0	0	0	0	0	0	0	0	0	0	0	0	0	0	0	0	0	0	0	0	0	0	0	0	0	0	0	0	0	0	0	0	0	0	0	0.6157	0	0	0	0	99.3843	0	0	0	0	0	0	0	0	0	0	0	0	0	0	0	0	0	0	0	0	0	0	0	0	0	0	0	0	0	0	0	0	0	0	0	0	0	0	0	0	0	0	0	0	0	2
GF8_A4_D32	0	0	0	0	0	0	0	0	0	0	0	0	0	0	0	0	0	0	0	0	0	0	0	0	0	0	0	0	0	4.41033	0	0	0	0	0	0	0	0	0	0	0	0	0	0	0	0	0	0	0	0	0	95.58967	0	0	0	0	0	0	0	0	0	0	0	0	0	0	0	0	0	0	0	0	0	0	0	0	0	0	0	0	0	0	0	0	0	0	0	0	0	0	2
GF8_A4_D33	0	0	0	0	0	0	0	0	0	0	0	0	0	0	0	0	0	0	0	0	0	0	0	0	0	0	0	0	0	0	0	0	0	0	0	0	0	0	0	0	0	0	0	0	0.49454	0	0	0	0	0	0	99.50546	0	0	0	0	0	0	0	0	0	0	0	0	0	0	0	0	0	0	0	0	0	0	0	0	0	0	0	0	0	0	0	0	0	0	0	0	0	0	2
GF8_B1_D31	0	0	0	0	0	0	0	0	0	0	0	0	0	0	0	0	0	0	0	0	0	0	0	0	0	0	0	0	0	0	0	0	0	0	0	0	0	0	0	0	0	0	0	0	0.34931	0	0	0	0	0	0	99.65069	0	0	0	0	0	0	0	0	0	0	0	0	0	0	0	0	0	0	0	0	0	0	0	0	0	0	0	0	0	0	0	0	0	0	0	0	0	0	2
GF8_C6_D32	0	0	0	0	0	0	0	0	0	0	0	0	0	0	0	0	0	0	0	0	0	0	0	0	0	0	0	0	0	0	0	0	0	0	0	0	0	0	0	0	0	0	0	0	55.10059	0	0	0	0	0	0	44.89941	0	0	0	0	0	0	0	0	0	0	0	0	0	0	0	0	0	0	0	0	0	0	0	0	0	0	0	0	0	0	0	0	0	0	0	0	0	0	2
GF8_C7_D30	0	0	0	0	0	0	0	0	0	0	0	0	0	0	0	0	0	0	0	0	0	0	0	0	0	0	0	0	0	0	0	0	0	0	0	0	0	0	0	0	0	0	0	0	0	0	0	0	0	0	0	99.02143	0.97857	0	0	0	0	0	0	0	0	0	0	0	0	0	0	0	0	0	0	0	0	0	0	0	0	0	0	0	0	0	0	0	0	0	0	0	0	0	2
Gn3_A4_Cwash	0	0	0	0	0	0	0	0	0	0	0	0	0	0	0	0	0	0	0	0	0	0	0	0	0	0	0	0	0	0	0	0	0	0	0	0	0	0	0	0	0	0	0	0	0	0	0	67.06753	0	0	0	32.93247	0	0	0	0	0	0	0	0	0	0	0	0	0	0	0	0	0	0	0	0	0	0	0	0	0	0	0	0	0	0	0	0	0	0	0	0	0	0	2
Gn3_B11_Cwash	0	0	0	0	0	0	0	0	0	0	0	0	0	0	0	0	0	0	0	0	0	0	0	0	0	0	0	0	0	0	0	0	0	0	32.26087	0	0	0	0	0	0	0	0	0	0	0	0	67.73913	0	0	0	0	0	0	0	0	0	0	0	0	0	0	0	0	0	0	0	0	0	0	0	0	0	0	0	0	0	0	0	0	0	0	0	0	0	0	0	0	0	0	2
Gn3_B13_Cwash	0	0	0	0	0	0	0	0	0	0	0	0	0	0	0	0	0	0	0	0	0	0	0	0	0	0	0	0	0	0	0	0	0	0	0	0	0	0	0	0	0	0	0	0	0	0	0	55.79869	0	0	0	0	0	44.20131	0	0	0	0	0	0	0	0	0	0	0	0	0	0	0	0	0	0	0	0	0	0	0	0	0	0	0	0	0	0	0	0	0	0	0	0	2
Gn3_B14_Cwash	0	0	0	0	0	0	0	0	0	0	0	0	0	0	0	0	0	0	0	0	0	0	0	0	0	0	0	0	0	0	0	0	0	0	0	0	0	0	0	0	0	0	0	0	0	0	0	96.30355	0	0	0	0	0	3.69645	0	0	0	0	0	0	0	0	0	0	0	0	0	0	0	0	0	0	0	0	0	0	0	0	0	0	0	0	0	0	0	0	0	0	0	0	2
Gn3_B15_Cwash	0	0	0	0	0	0	0	0	0	0	0	0	0	0	0	0	0	0	0	0	0	0	0	0	0	0	0	0	0	0	0	0	0	0	0	0	0	0	0	0	0	0	0	0	0	0	0	70.30506	0	0	0	0	0	29.69494	0	0	0	0	0	0	0	0	0	0	0	0	0	0	0	0	0	0	0	0	0	0	0	0	0	0	0	0	0	0	0	0	0	0	0	0	2
Gn3_B16_Cwash	0	0	0	0	0	0	0	0	0	0	0	0	0	0	0	0	0	0	0	0	0	0	0	0	0	0	0	0	0	0	0	0	0	0	0	0	0	0	0	0	0	0	0	0	0	0	0	91.10225	0	0	0	0	0	8.89775	0	0	0	0	0	0	0	0	0	0	0	0	0	0	0	0	0	0	0	0	0	0	0	0	0	0	0	0	0	0	0	0	0	0	0	0	2
Gn3_B9_Cwash	0	0	0	0	0	0	0	0	0	0	0	0	0	0	0	0	0	0	0	0	0	0	0	0	0	0	0	0	0	0	0	0	0	0	19.23841	0	0	0	0	0	0	0	0	0	0	0	0	80.76159	0	0	0	0	0	0	0	0	0	0	0	0	0	0	0	0	0	0	0	0	0	0	0	0	0	0	0	0	0	0	0	0	0	0	0	0	0	0	0	0	0	0	2
gnoto1_BP2_d10	0	0	0	0	0	0	0	0	0	0	0	0	0	0	0	0	0	0	0	0	0	0	6.70169	0	0	0	0	0	0	0	0	0	0	0	0	0	0	0	0	0	0	0	0	0	93.29831	0	0	0	0	0	0	0	0	0	0	0	0	0	0	0	0	0	0	0	0	0	0	0	0	0	0	0	0	0	0	0	0	0	0	0	0	0	0	0	0	0	0	0	0	0	2
gnoto2_BA2_d10	0	0	0	0	0	0	0	0	0	0	0	0	0	0	0	0	0	0	0	0	0	0	0	0	0	0	0	0	0	0	0	0	0	0	0	0	0	0	0	0	0	0	0	0	14.41533	0	0	85.58467	0	0	0	0	0	0	0	0	0	0	0	0	0	0	0	0	0	0	0	0	0	0	0	0	0	0	0	0	0	0	0	0	0	0	0	0	0	0	0	0	0	0	2
C1-d33	0	0	0	0	0	0	0	0	0	0	0	0	0	0	0	0	0	0	0	0	0	0	0.11089	0	0	0	0	0	0	0	0	0	0	0	0	0	0	0	0	0	0	0	0	0	3.19563	0	0	96.69348	0	0	0	0	0	0	0	0	0	0	0	0	0	0	0	0	0	0	0	0	0	0	0	0	0	0	0	0	0	0	0	0	0	0	0	0	0	0	0	0	0	0	3
CONV_MERO2_D3	0	0	0	0	0	0	0	0	0	0	0	0	0	0	0	0.30377	0	0	0	0	0	0	0	0	0	0	0	0	0	0	0	0	0	0	0	0	0	0	0	0	0	0	0	0	99.57875	0.11747	0	0	0	0	0	0	0	0	0	0	0	0	0	0	0	0	0	0	0	0	0	0	0	0	0	0	0	0	0	0	0	0	0	0	0	0	0	0	0	0	0	0	0	0	3
GF10_A2_d103	0	0	0	0	0	0	0	0	0	0	0	0	0	0	0	0	0	0	0	0	0	0	0.15079	0	0	0	0	0	0	0	0	0	0	0	0	0	0	0	0	0	0	0	0	0	2.04913	0	0	0	0	0	0	97.80008	0	0	0	0	0	0	0	0	0	0	0	0	0	0	0	0	0	0	0	0	0	0	0	0	0	0	0	0	0	0	0	0	0	0	0	0	0	0	3
GF10_A5_d104_colon	0	0	0	0	0	0	0	0	0	0	0	0	0	0	0	0	0	0	0	0	0	0	0	0	0	0	0	0	0	0	0	0	0	0	0	0	0	0	0	0	0	0	0	0	4.40762	0	0	0.34014	0	0	0	95.25225	0	0	0	0	0	0	0	0	0	0	0	0	0	0	0	0	0	0	0	0	0	0	0	0	0	0	0	0	0	0	0	0	0	0	0	0	0	0	3
GF10_A5_d127_colon	0	0	0	0	0	0	0	0	0	0	0	0	0	0	0	0	0	0	0	0	0	0	0	0	0	0	0	0	0	15.54328	0	0	0	0	0	0	0	0	0	0	0	0	0	0	0	0	0	0	0	0	0	37.18621	0	0	0	0	0	0	0	0	0	0	0	0	0	0	0	0	0	0	0	0	0	47.27051	0	0	0	0	0	0	0	0	0	0	0	0	0	0	0	0	3
GF10_A7_d127_colon	0	0	0	0	0	0	0	0	0	0	0	0	0	0	0	0	0	0	0	0	0	0	0	0	0	0	0	0	0	0	0	0	0	0	0	0	0	0	0	0	0	0	0	0	0.44265	0	0	0	0	0	0	60.05763	0	0	0	0	0	0	0	0	0	0	0	0	0	0	0	0	0	0	0	0	0	39.49972	0	0	0	0	0	0	0	0	0	0	0	0	0	0	0	0	3
GF10_C1_d77	0	0	0	0	0	0	0	0	0	0	0	0	0	0	0	0	0	0	0	0	0	0	0	0	0	0	0	0	0	0	0	0	0	22.37811	0	0	0	0	0	0	0	0	0	0	0.33375	0	0	0	0	0	0	77.28815	0	0	0	0	0	0	0	0	0	0	0	0	0	0	0	0	0	0	0	0	0	0	0	0	0	0	0	0	0	0	0	0	0	0	0	0	0	0	3
GF11_B3_D35	0	0	0	0	0	0	0	0	0	0	0	0	0.66057	0	0	0	0	0	0	0	0	0	0	0	0	0	0	0	0	0	0	0	0	0	0	0	0	0	0	0	0	0	0	0	4.01707	0	0	95.32235	0	0	0	0	0	0	0	0	0	0	0	0	0	0	0	0	0	0	0	0	0	0	0	0	0	0	0	0	0	0	0	0	0	0	0	0	0	0	0	0	0	0	3
GF11_B3_D37	0	0	0	0	0	0	0	0	0	0	0	0	0	0	0	0	0	0	3.40206	0	0	0	0	0	0	0	0	0	0	0	0	0	0	0	0	0	0	0	0	0	0	0	0	0	0.52405	0	0	96.07389	0	0	0	0	0	0	0	0	0	0	0	0	0	0	0	0	0	0	0	0	0	0	0	0	0	0	0	0	0	0	0	0	0	0	0	0	0	0	0	0	0	0	3
GF11_B4_d72	0	0	0	0	0	0	0	0	0	0	0	0	0.18919	0	0	0	0	0	88.90757	0	0	10.90324	0	0	0	0	0	0	0	0	0	0	0	0	0	0	0	0	0	0	0	0	0	0	0	0	0	0	0	0	0	0	0	0	0	0	0	0	0	0	0	0	0	0	0	0	0	0	0	0	0	0	0	0	0	0	0	0	0	0	0	0	0	0	0	0	0	0	0	0	3
GF11_B4_d73	0	0	0	0	0	0	0	0	0	0	0	0	0	0	0	0	0	0	74.54125	0	0	5.76602	0	0	0	0	0	0	0	0	0	0	0	0	0	0	0	0	0	0	0	0	0	0	0	0	0	0	0	0	0	0	0	19.69273	0	0	0	0	0	0	0	0	0	0	0	0	0	0	0	0	0	0	0	0	0	0	0	0	0	0	0	0	0	0	0	0	0	0	0	0	3
GF11_C5_d71	0	0	0	0	0	0	0	0	0	0	0	0	0	0	0	0	0	0	75.29572	0	0	4.27384	0	0	0	0	0	0	0	0	0	0	0	0	0	0	0	0	0	0	0	0	0	0	20.43045	0	0	0	0	0	0	0	0	0	0	0	0	0	0	0	0	0	0	0	0	0	0	0	0	0	0	0	0	0	0	0	0	0	0	0	0	0	0	0	0	0	0	0	0	0	3
GF11_C7_d72_colon	0	0	0	0	0	0	0	0	0	0	0	0	2.44324	0	0	0	0	0	83.92968	0	0	13.62708	0	0	0	0	0	0	0	0	0	0	0	0	0	0	0	0	0	0	0	0	0	0	0	0	0	0	0	0	0	0	0	0	0	0	0	0	0	0	0	0	0	0	0	0	0	0	0	0	0	0	0	0	0	0	0	0	0	0	0	0	0	0	0	0	0	0	0	0	3
GF12_B2_d82_colon	0	0	0	0	0	0	0	0	0	0	0	0	0	0	0	0	0	0	0	0	0	0	57.31438	0	0	0	0	0	0	0	0	0	0	0	0	0	0	0	0	0	0	0	0	0	28.43125	0	0	0	0	0	0	0	0	0	0	0	0	0	0	0	0	0	0	0	0	0	0	0	0	0	0	0	0	0	0	0	0	0	0	14.25437	0	0	0	0	0	0	0	0	0	0	3
GF12_Inoc	0	0	0	0	0	0	0	0	0	0	0	0	0	0	0	0	0	0	0	0	0	0	0	0	0	0	0	0	0	0	0	0	0	0	0	0	0	0	0	0	0	0	0	0	59.98855	0	0	0	0	0	0	0	0	0	0	0	0	0	0	0	0	0	0	0	0	0	0	0	0	0	0	0	0	0	0	0	0	0	0	39.874	0	0.13745	0	0	0	0	0	0	0	0	3
GF13_B5_d32	0	0	0	0	0	0	0	0	0	0	0	0	0	0	0	0	0	0	0	0	0	0	0	0	0	0	0	0	0	0	0	0	0	0	0	0	0	0	0	0	0	0	0	0	0	0	0	79.54588	0	0	0	0	0	0	13.72176	0	6.73236	0	0	0	0	0	0	0	0	0	0	0	0	0	0	0	0	0	0	0	0	0	0	0	0	0	0	0	0	0	0	0	0	0	3
GF14_A2_d94_stool	0	0	0	0	0	0	0	0	0	0	0	0	0	0	0	0	0	0	0	0	0	0	0	0	0	0	0	0	0	0	0	0	0	0	0	0	0	0	0	0	0	0	0	0	0.08494	0	0	89.80331	0	0	0	10.11175	0	0	0	0	0	0	0	0	0	0	0	0	0	0	0	0	0	0	0	0	0	0	0	0	0	0	0	0	0	0	0	0	0	0	0	0	0	0	3
GF14_d67_A4_stool	0	0	0	0	0	0	0	0	0	0	0	0	0	0	0	0	0	0	0	0	0	0	0	0	0	0	0	0	0	0	0	0	0	0	0	0	0	0	0	0	0	0	0	0	0	0	0	94.36448	0	0	0	4.80073	0	0	0	0	0	0	0	0	0	0	0	0	0	0	0	0	0	0	0	0	0	0.83479	0	0	0	0	0	0	0	0	0	0	0	0	0	0	0	0	3
GF14_d67_A6_stool	0	0	0	0	0	0	0	0	0	0	0	0	0	0	0	0	0	0	0	0	0	0	0	0	0	0	0	0	0	0	0	0	0	0	0	0	0	0	0	0	0	0	0	0	0	0	0	78.06378	0	0	0	14.23577	0	0	0	0	0	0	0	0	0	0	0	0	0	0	0	0	0	0	0	0	0	7.70045	0	0	0	0	0	0	0	0	0	0	0	0	0	0	0	0	3
GF14_d67_A8_stool	0	0	0	0	0	0	0	0	0	0	0	0	0	0	0	0	0	0	0	0	0	0	0	0	0	0	0	0	0	0	0	0	0	0	0	0	0	0	0	0	0	0	0	0	0	0	0	41.77769	0	0	0	57.63251	0	0	0.5898	0	0	0	0	0	0	0	0	0	0	0	0	0	0	0	0	0	0	0	0	0	0	0	0	0	0	0	0	0	0	0	0	0	0	0	3
GF14_d68_A5_colon	0	0	0	0	0	0	0	0	0	0	0	0	0	0	0	0	0	0	0	0	0	0	0	0	0	0	0	0	0	0	0	0	0	0	0	0	0	0	0	0	0	0	0	0	0	0	0	90.44944	0	0	0	6.45167	0	0	0	0	0	0	0	0	0	0	0	0	0	0	0	0	0	0	0	0	0	3.09889	0	0	0	0	0	0	0	0	0	0	0	0	0	0	0	0	3
GF14_d68_A7_colon	0	0	0	0	0	0	0	0	0	0	0	0	0	0	0	0	0	0	0	0	0	0	0	0	0	0	0	0	0	0	0	0	0	0	0	0	0	0	0	0	0	0	0	0	0	0	0	65.28104	0	0	0	15.2412	0	0	0	0	0	0	0	0	0	0	0	0	0	0	0	0	0	0	0	0	0	19.47776	0	0	0	0	0	0	0	0	0	0	0	0	0	0	0	0	3
GF15_A1_d108_colon	0	0	0	0	0	0	0	0	0	0	0	0	0	0	0	0	0	0	0	0	0	0	0	0	0	0	0	0	0	0	0	0	0	0	0	0	0	0	0	0	0	0	0	0	0	0	0	0	0	0	0	70.37237	25.97661	3.65102	0	0	0	0	0	0	0	0	0	0	0	0	0	0	0	0	0	0	0	0	0	0	0	0	0	0	0	0	0	0	0	0	0	0	0	0	3
GF15_A4_d108_colon	0	0	0	0	0	0	0	0	0	0	0	0	1.39055	0	0	0	0	0	0	0	0	0	0	0	0	0	0	0	0	0	0	0	0	0	0	0	0	0	0	0	0	0	0	0	0	0	0	0	0	0	0	17.61284	0	0	0	0	0	0	0	0	0	0	0	0	0	80.9966	0	0	0	0	0	0	0	0	0	0	0	0	0	0	0	0	0	0	0	0	0	0	0	0	3
GF15_A9_d108_colon	0	0	0	0	0	0	0	0	0	0	0	0	1.29161	0	0	0	0	0	0	0	0	0	0	0	0	0	0	0	0	0	0	0	0	0	0	0	0	0	0	0	0	0	0	0	0	0	0	0	0	0	0	96.48426	2.22413	0	0	0	0	0	0	0	0	0	0	0	0	0	0	0	0	0	0	0	0	0	0	0	0	0	0	0	0	0	0	0	0	0	0	0	0	0	3
GF15_B5_d35_colon	0	0	0	0	0	0	0	0	0	0	0	0	0	0	0	0	0	0	0	0	0	0	0	0	0	0	0	0	0	0	0	0	0	0	0	0	0	0	0	0	0	0	0	0	0	0	0	0	0	0	0	29.27148	0	43.95669	0	0	0	0	0	0	0	0	0	0	0	26.77183	0	0	0	0	0	0	0	0	0	0	0	0	0	0	0	0	0	0	0	0	0	0	0	0	3
GF15_b5_d94_stool	0	0	0	0	0	0	0	0	0	0	0	0	0.13788	0	0	0	0	0	0	0	0	0	0	0	0	0	0	0	0	0	0	0	0	0	0	0	0	0	0	0	0	0	0	0	0.06894	0	0	0	0	0	0	99.79318	0	0	0	0	0	0	0	0	0	0	0	0	0	0	0	0	0	0	0	0	0	0	0	0	0	0	0	0	0	0	0	0	0	0	0	0	0	0	3
GF15_B6_d34_colon	0	0	0	0	0	0	0	0	0	0	0	0	0	0	0	0	0	0	0	0	0	0	0	0	0	0	0	0	0	0	0	0	0	0	0	0	0	0	0	0	0	0	0	0	0	0	0	54.77584	0	0	0	35.39961	0	9.82454	0	0	0	0	0	0	0	0	0	0	0	0	0	0	0	0	0	0	0	0	0	0	0	0	0	0	0	0	0	0	0	0	0	0	0	0	3
GF15_C2_d36	0	0	0	0	0	0	0	0	0	0	0	0	0	0	0	0	0	0	87.10868	0	0	3.68111	0	0	0	0	0	0	0	0	0	0	0	0	0	0	0	0	0	0	0	0	0	0	9.21021	0	0	0	0	0	0	0	0	0	0	0	0	0	0	0	0	0	0	0	0	0	0	0	0	0	0	0	0	0	0	0	0	0	0	0	0	0	0	0	0	0	0	0	0	0	3
GF15_c6_d71_stool	0	0	0	0	0	0	0	0	0	0	0	0	2.43546	0	0	0	0	0	0	0	0	0	0	0	0	0	0	0	0	0	0	0	0	0	0	0	0	0	0	0	0	0	0	0	0.38699	0	0	0	0	0	0	97.17756	0	0	0	0	0	0	0	0	0	0	0	0	0	0	0	0	0	0	0	0	0	0	0	0	0	0	0	0	0	0	0	0	0	0	0	0	0	0	3
GF15_c6_d74_colon	0	0	0	0	0	0	0	0	0	0	0	0	0	0	0	0	0	0	0	0	0	0	0	0	0	0	0	0	0	0	0	0	0	0	0	0	0	0	0	0	0	0	0	0	0	0	0	4.59603	0	0	0	34.7619	0	60.64207	0	0	0	0	0	0	0	0	0	0	0	0	0	0	0	0	0	0	0	0	0	0	0	0	0	0	0	0	0	0	0	0	0	0	0	0	3
GF15_c7_d74_colon	0	0	0	0	0	0	0	0	0	0	0	0	0	0	0	0	0	0	0	0	0	0	0	0	0	0	0	0	0	0	0	0	0	0	0	0	0	0	0	0	0	0	0	0	0	0	0	55.98017	0	0	0	40.12201	3.89782	0	0	0	0	0	0	0	0	0	0	0	0	0	0	0	0	0	0	0	0	0	0	0	0	0	0	0	0	0	0	0	0	0	0	0	0	0	3
GF15_c8_d108_colon	0	0	0	0	0	0	0	0	0	0	0	0	0.63461	0	0	0	0	0	0	0	0	0	0	0	0	0	0	0	0	0	0	0	0	0	0	0	0	0	0	0	0	0	0	0	0	0	0	0	0	0	0	96.05291	0	0	0	0	0	0	0	0	0	0	0	0	0	3.31247	0	0	0	0	0	0	0	0	0	0	0	0	0	0	0	0	0	0	0	0	0	0	0	0	3
GF15_d68_B5_colon	0	0	0	0	0	0	0	0	0	0	0	0	0	0	0	0	0	0	0	0	0	0	0	0	0	0	0	0	0	0	0	0	0	0	0	0	0	0	0	0	0	0	0	0	0	0	0	57.29683	0	0	0	41.42021	0	0	1.28295	0	0	0	0	0	0	0	0	0	0	0	0	0	0	0	0	0	0	0	0	0	0	0	0	0	0	0	0	0	0	0	0	0	0	0	3
GF15_d70_B9_colon	0	0	0	0	0	0	0	0	0	0	0	0	0	0	0	0	0	0	0	0	0	0	0	0	0	0	0	0	0	0	0	0	0	0	0	0	0	0	0	0	0	0	0	0	0	0	0	31.65155	0	0	0	66.74838	0	1.60007	0	0	0	0	0	0	0	0	0	0	0	0	0	0	0	0	0	0	0	0	0	0	0	0	0	0	0	0	0	0	0	0	0	0	0	0	3
GF15_d71_A1_stool	0	0	0	0	0	0	0	0	0	0	0	0	0.68593	0	0	0	0	0	0	0	0	0	0	0	0	0	0	0	0	0	0	0	0	0	0	0	0	0	0	0	0	0	0	0	0.11866	0	0	0	0	0	0	99.19541	0	0	0	0	0	0	0	0	0	0	0	0	0	0	0	0	0	0	0	0	0	0	0	0	0	0	0	0	0	0	0	0	0	0	0	0	0	0	3
GF15_d71_A3_stool	0	0	0	0	0	0	0	0	0	0	0	0	0.89046	0	0	0	0	0	0	0	0	0	0	0	0	0	0	0	0	0	0	0	0	0	0	0	0	0	0	0	0	0	0	0	11.51468	0	0	0	0	0	0	87.59486	0	0	0	0	0	0	0	0	0	0	0	0	0	0	0	0	0	0	0	0	0	0	0	0	0	0	0	0	0	0	0	0	0	0	0	0	0	0	3
GF15_d71_A5_stool	0	0	0	0	0	0	0	0	0	0	0	0	0	0	0	0	0	0	0	0	0	0	0	0	0	0	0	0	0	0	0	0	0	0	0	0	0	0	0	0	0	0	0	0	0	0	0	10.62044	0	0	0	88.89746	0	0	0.48209	0	0	0	0	0	0	0	0	0	0	0	0	0	0	0	0	0	0	0	0	0	0	0	0	0	0	0	0	0	0	0	0	0	0	0	3
GF15_d71_C2_stool	0	0	0	0	0	0	0	0	0	0	0	0	0.73952	0	0	0	0	0	0	0	0	0	0	0	0	0	0	0	0	0	0	0	0	0	0	0	0	0	0	0	0	0	0	0	8.23437	0	0	0	0	0	0	91.02612	0	0	0	0	0	0	0	0	0	0	0	0	0	0	0	0	0	0	0	0	0	0	0	0	0	0	0	0	0	0	0	0	0	0	0	0	0	0	3
GF16_A3_d32	0	0	0	0	0	0	0	0	0	0	0	0	0	0	0	0	0	0	0	0	0	0	0	0	0	0	0	0	0	0	0	0	0	0	0	0	0	0	0	0	0	0	0	0	0	0.13897	0	10.89183	0	0	0	0	0	0	0	0	0	0	0	0	0	0	88.9692	0	0	0	0	0	0	0	0	0	0	0	0	0	0	0	0	0	0	0	0	0	0	0	0	0	0	0	3
GF16_A3_d34	0	0	0	0	0	0	0	0	0	0	0	0	0	0	0	0	0	0	0	0	0	0	0	0	0	0	0	0	0	0	0	0	0	0	0	0	0	0	0	0	0	0	0	0	0	0	0	15.19859	0	0	0	0	0	0	0	0	0	19.88291	0	0	0	0	64.9185	0	0	0	0	0	0	0	0	0	0	0	0	0	0	0	0	0	0	0	0	0	0	0	0	0	0	0	3
GF16_A6_d33	0	0	0	0	0	0	0	0	0	0	0	0	0	0	0	0	0	0	0	0	0	0	0	0	0	0	0	0	0	0	0	0	0	0	0	0	0	0	0	0	0	0	0	0	0	0.26259	0	12.82756	0	0	0	0	0	0	0	0	0	0	0	0	0	0	86.90985	0	0	0	0	0	0	0	0	0	0	0	0	0	0	0	0	0	0	0	0	0	0	0	0	0	0	0	3
GF16_A7_d32	0	0	0	0	0	0	0	0	0	0	0	0	0	0	0	0	0	0	0	0	0	0	0	0	0	0	0	0	0	0	0	0	0	0	0	0	0	0	0	0	0	0	0	0	0	1.5768	0	26.98626	0	0	0	0	0	0	0	0	0	0	0	0	0	0	71.43693	0	0	0	0	0	0	0	0	0	0	0	0	0	0	0	0	0	0	0	0	0	0	0	0	0	0	0	3
GF16_A7_d34	0	0	0	0	0	0	0	0	0	0	0	0	0	0	0	0	0	0	0	0	0	0	0	0	0	0	0	0	0	0	0	0	0	0	0	0	0	0	0	0	0	0	0	0	0	30.1143	0	3.53153	0	0	0	0	0	0	0	0	0	0	0	0	0	0	66.35417	0	0	0	0	0	0	0	0	0	0	0	0	0	0	0	0	0	0	0	0	0	0	0	0	0	0	0	3
GF16_B6_d32	0	0	0	0	0	0	0	0	0	0	0	0	0	0	0	0	0	0	0	0	0	0	0	0	0	0	0	0	0	0	0	0	0	0	0	0	0	0	0	0	0	0	0	0	0	0.38575	0	17.16373	0	0	0	0	0	0	0	0	0	0	0	0	0	0	82.45052	0	0	0	0	0	0	0	0	0	0	0	0	0	0	0	0	0	0	0	0	0	0	0	0	0	0	0	3
GF16_C1_d35_colon	0	0	0	0	0	0	0	0	0	0	0	0	0	0	0	0	0	0	0	0	0	0	0	0	0	0	0	0	0	0	0	0	0	0	0	0	0	0	0	0	0	0	0	0	0	98.52817	0	1.27653	0	0	0	0	0	0	0	0	0	0.19531	0	0	0	0	0	0	0	0	0	0	0	0	0	0	0	0	0	0	0	0	0	0	0	0	0	0	0	0	0	0	0	0	3
GF16_C2_d32	0	0	0	0	0	0	0	0	0	0	0	0	0	0	0	0	0	0	0	0	0	0	0	0	0	0	0	0	0	0	0	0	0	0	0	0	0	0	0	0	0	0	0	0	0	0.20767	0	5.8537	0	0	0	0	0	0	0	0	0	0	0	0	0	0	93.93863	0	0	0	0	0	0	0	0	0	0	0	0	0	0	0	0	0	0	0	0	0	0	0	0	0	0	0	3
GF16_c2_d67_stool	0	0	0	0	0	0	0	0	0	0	0	0.12507	0	0	0	0	0	0	0	0	0	0	0	0	0	0	0	0	0	0	0	0	0	0	0	0	0	0	0	0	0	0	0	0	0	0	0	47.60953	0	0	0	0	0	0	0	0	0	0	0	0	0	0	52.2654	0	0	0	0	0	0	0	0	0	0	0	0	0	0	0	0	0	0	0	0	0	0	0	0	0	0	0	3
GF16_c2_d68_stool	0	0	0	0	0	0	0	0	0	0	0	0	0	0	0	0	0	0	0	0	0	0	0	0	0	0	0	0	0	0	0	0	0	0	0	0	0	0	0	0	0	0	0	0	0	0.29895	0	34.37544	0	0	0	0	0	0	0	0	0	0	0	0	0	0	65.32561	0	0	0	0	0	0	0	0	0	0	0	0	0	0	0	0	0	0	0	0	0	0	0	0	0	0	0	3
GF16_c3_d105_stool	0	0	0	0	0	0	0	0	0	0	0	0.64712	0	0	0	0	0	0	0	0	0	0	0	0	0	0	0	0	0	0	0	0	0	0	0	0	0	0	0	0	0	0	0	0	0	0	0	6.11221	0	0	0	0	0	0	0	0	0	0	0	0	0	0	93.24067	0	0	0	0	0	0	0	0	0	0	0	0	0	0	0	0	0	0	0	0	0	0	0	0	0	0	0	3
GF16_C3_d32	0	0	0	0	0	0	0	0	0	0	0	0	0	0	0	0	0	0	0	0	0	0	0	0	0	0	0	0	0	0	0	0	0	0	0	0	0	0	0	0	0	0	0	0	0	0.21826	0	29.13137	0	0	0	0	0	0	0	0	0	0	0	0	0	0	70.65037	0	0	0	0	0	0	0	0	0	0	0	0	0	0	0	0	0	0	0	0	0	0	0	0	0	0	0	3
GF16_C4_d34	0	0	0	0	0	0	0	0	0	15.0915	0	0	0	0	0	0	0	0	0	0	0	0	0	0	0	0	0	0	0	0	0	0	0	0	0	0	0	0	0	0	0	0	0	0	0	0	0	0	0	0	0	0	0	0	0	0	0	80.80165	0	0	0	0	4.10685	0	0	0	0	0	0	0	0	0	0	0	0	0	0	0	0	0	0	0	0	0	0	0	0	0	0	0	3
GF16_C4_d35_colon	0	0	0	0	0	0	0	0	0	0	0	0	0	0	0	0	0	0	0	0	0	0	0	0	0	0	0	0	0	0	0	0	0	0	0	0	0	0	0	0	0	0	0	0	0	49.43773	0	50.22141	0	0	0	0	0	0	0	0	0	0	0	0	0	0	0.34086	0	0	0	0	0	0	0	0	0	0	0	0	0	0	0	0	0	0	0	0	0	0	0	0	0	0	0	3
GF17_a7_d31_stool	0	0	0	0	0	0	0	0	0	0	0	0	0	0	0	0	0	0	0	0	0	0	0	0	0	0	0	0	0	0	0	0	0	0	0	0	0	0	0	0	0	0	0	0	0	0	0	60.34679	0	0	0	38.51639	0	0	1.13682	0	0	0	0	0	0	0	0	0	0	0	0	0	0	0	0	0	0	0	0	0	0	0	0	0	0	0	0	0	0	0	0	0	0	0	3
GF17_b2_d31_stool	0	0	0	0	0	0	0	0	0	0	0	0	0	0	0	0	0	0	0	0	0	0	0	0	0	0	0	0	0	0	0	0	0	0	0	0	0	0	0	0	0	0	0	0	0	0	0	82.89858	0	0	0	16.7656	0	0	0	0	0	0	0	0	0	0	0	0	0	0	0	0	0	0	0	0	0	0	0	0	0	0	0.33582	0	0	0	0	0	0	0	0	0	0	0	3
GF18_b4_d35_colon	0	0	0	0	0	0	0	0	0	0	0	0	0	0	0	0	0	0	0	0	0	0	0	0	0	0	0	0	0	0.33294	0	0	0	0	0	0	0	0	0	0	0	0	0	0	0	0	0	9.7478	0	0	0	89.91926	0	0	0	0	0	0	0	0	0	0	0	0	0	0	0	0	0	0	0	0	0	0	0	0	0	0	0	0	0	0	0	0	0	0	0	0	0	0	3
GF2_A_dam_d33	0	0	0	0	0	0	0	0	0	0	0	0	82.89008	0	0	0	0	0	0	0	0	0	6.38128	0	0	0	0	0	0	0	0	0	0	0	0	0	0	0	0	0	0	0	0	0	10.72864	0	0	0	0	0	0	0	0	0	0	0	0	0	0	0	0	0	0	0	0	0	0	0	0	0	0	0	0	0	0	0	0	0	0	0	0	0	0	0	0	0	0	0	0	0	3
GF2_A_dam_day29	0	0	0	0	0	0	0	0	0	0	0	0	50.71415	0	0	0	0	0	0	0	0	0	0.62194	0	0	0	0	0	0	0	0	0	0	0	0	0	0	0	0	0	0	0	0	0	48.66391	0	0	0	0	0	0	0	0	0	0	0	0	0	0	0	0	0	0	0	0	0	0	0	0	0	0	0	0	0	0	0	0	0	0	0	0	0	0	0	0	0	0	0	0	0	3
GF2_A1_day30	0	0	0	0	0	0	0	0	0	0	0	0	0	0	0	0	0	0	11.04278	0	0	0.8104	0	0	0	0	0	0	0	0	0	0	0	0	0	0	0	0	0	0	0	0	0	0	0	0	0	88.14681	0	0	0	0	0	0	0	0	0	0	0	0	0	0	0	0	0	0	0	0	0	0	0	0	0	0	0	0	0	0	0	0	0	0	0	0	0	0	0	0	0	0	3
GF2_A2_day28	0	0	0	0	0	0	0	0	0	0	0	0	0	0	0	0	0	0	9.01014	0	0	0.41549	0	0	0	0	0	0	0	0	0	0	0	0	0	0	0	0	0	0	0	0	0	0	0	0	0	90.57437	0	0	0	0	0	0	0	0	0	0	0	0	0	0	0	0	0	0	0	0	0	0	0	0	0	0	0	0	0	0	0	0	0	0	0	0	0	0	0	0	0	0	3
GF2_A6_Colon	0	0	0	0	0	0	0	0	0	0	0	0	0	0	0	0	0	0	0	0	77.4194	0	0	0	0	0	0	0	0	0	0	21.84361	0.73699	0	0	0	0	0	0	0	0	0	0	0	0	0	0	0	0	0	0	0	0	0	0	0	0	0	0	0	0	0	0	0	0	0	0	0	0	0	0	0	0	0	0	0	0	0	0	0	0	0	0	0	0	0	0	0	0	0	3
GF20_d127_a2	0	0	0	0	0	0	0	0	0	0	0	0	0	0	0	0	0	0	0	0	0	0	0	0	0	0	0	0	0	0	0	0	0	0	0	0	0	0	0	0	0	0	0	0	0	0	0	66.17866	0	0	0	0	7.99908	25.82225	0	0	0	0	0	0	0	0	0	0	0	0	0	0	0	0	0	0	0	0	0	0	0	0	0	0	0	0	0	0	0	0	0	0	0	0	3
GF20_d164_b1	0	0	0	0	0	0	0	0	0	0	0	0	0	0	0	0	0	0	0	0	0	0	0	0	0	0	0	0	0	0	0	0	0	0	0	0	0	0	0	0	0	0	0	0	1.65474	0	0	86.14421	0	0	0	0	0	12.20106	0	0	0	0	0	0	0	0	0	0	0	0	0	0	0	0	0	0	0	0	0	0	0	0	0	0	0	0	0	0	0	0	0	0	0	0	3
GF20_d170_c9	0	0	0	0	0	0	0	0	0	0	0	0	0	0	0	0	0	0	90.63498	0	0	8.95611	0	0	0	0	0	0	0	0	0	0	0	0	0	0	0	0	0	0	0	0	0	0	0	0	0	0	0	0	0	0	0.40891	0	0	0	0	0	0	0	0	0	0	0	0	0	0	0	0	0	0	0	0	0	0	0	0	0	0	0	0	0	0	0	0	0	0	0	0	0	3
GF20_d35_a2	0	0	0	0	0	0	0	0	0	0	0	0	0.2797	0	0	0	0	0	0	0	0	0	0	0	0	0	0	0	0	0	0	0	0	0	0	0	0	0	0	0	0	0	0	0	0	0	0	99.5915	0	0	0	0	0	0	0	0	0	0	0	0	0	0	0	0	0	0.1288	0	0	0	0	0	0	0	0	0	0	0	0	0	0	0	0	0	0	0	0	0	0	0	0	3
GF20_d36_a2	0	0	0	0	0	0	0	0	0	0	0	0	0	0	0	0	0	0	0	0	0	0	0	0	0	0	0	0	0	0	0	0	0	0	0	0	0	0	0	0	0	0	0	0	0	0	0	52.87116	0	0	0	0	0	0.58831	0	0	0	0	0	0	0	0	0	0	0	46.54053	0	0	0	0	0	0	0	0	0	0	0	0	0	0	0	0	0	0	0	0	0	0	0	0	3
GF20_d36_a5	0	0	0	0	0	0	0	0	0	0	0	0	0	0	0	0	0	0	0	0	0	0	0	0	0	0	0	0	0	0	0	0	0	0	0	0	0	0	0	0	0	0	0	0	0	0	0	1.88966	0	0	0	0	0	25.15903	0	0	0	0	0	0	0	0	0	0	0	72.95131	0	0	0	0	0	0	0	0	0	0	0	0	0	0	0	0	0	0	0	0	0	0	0	0	3
GF23_d56_c3	0	0	0	0	0	0	0	0	0	0	0	0	0	0	0	0	0	0	0	0	0	0	0	0	0	0	0	0	0	0	0	0	0	0	0	0	0	0	0	0	0	0	0	0	0	0	0	84.19557	0	0	0	15.5146	0	0	0.28983	0	0	0	0	0	0	0	0	0	0	0	0	0	0	0	0	0	0	0	0	0	0	0	0	0	0	0	0	0	0	0	0	0	0	0	3
GF23_d58_c3	0	0	0	0	0	0	0	0	0	0	0	0	0	0	0	0	0	0	0	0	0	0	26.44955	0	0	0	0	0	0	15.51286	0	0	0	0	0	0	0	0	0	0	0	0	0	0	58.03759	0	0	0	0	0	0	0	0	0	0	0	0	0	0	0	0	0	0	0	0	0	0	0	0	0	0	0	0	0	0	0	0	0	0	0	0	0	0	0	0	0	0	0	0	0	3
GF23_d59_c1	0	0	0	0	0	0	0	0	0	0	0	0	0	0	0	0	0	0	0	0	0	0	0	0	0	0	0	0	0	0	0	0	0	0	0	0	0	0	0	0	0	0	0	0	7.14575	0	0	84.85354	0	0	0	8.00071	0	0	0	0	0	0	0	0	0	0	0	0	0	0	0	0	0	0	0	0	0	0	0	0	0	0	0	0	0	0	0	0	0	0	0	0	0	0	3
GF23_d80_c3	0	0	0	0	0	0	0	0	0	0	0	0	0	0	0	0	0	0	0	0	0	0	0	0	0	0	0	0	0	0	0	0	0	0	0	0	0	0	0	0	0	0	0	0	0	0	0	0	0	0	0	95.34295	0	3.98387	0.67318	0	0	0	0	0	0	0	0	0	0	0	0	0	0	0	0	0	0	0	0	0	0	0	0	0	0	0	0	0	0	0	0	0	0	0	3
GF23_d80_c7	0	0	0	0	0	0	0	0	0	0	0	0	0	0	0	0	0	0	0	0	0	0	0	0	0	0	0	0	0	0	0	0	0	0	0	0	0	0	0	0	0	0	0	0	0	0	0	30.91494	0	0	0	47.7785	0	21.30656	0	0	0	0	0	0	0	0	0	0	0	0	0	0	0	0	0	0	0	0	0	0	0	0	0	0	0	0	0	0	0	0	0	0	0	0	3
GF23_d84_c9	0	0	0	0	0	0	0	0	0	0	0	0	0	0	0	0	0	0	0	0	0	0	4.83868	0	0	0	0	0	0	0.49943	0	0	0	0	0	0	0	0	0	0	0	0	0	0	94.6619	0	0	0	0	0	0	0	0	0	0	0	0	0	0	0	0	0	0	0	0	0	0	0	0	0	0	0	0	0	0	0	0	0	0	0	0	0	0	0	0	0	0	0	0	0	3
GF3_C3_day32	0	0	0	0	0	0	0	0	0	0	0	0	0	0	0	0	0	0	13.52751	0	0	0	0	0	0	0	0	0	0	0	0	0	0	0	0	0	0	0	0	0	0	0	0	0	1.1922	0	0	85.28029	0	0	0	0	0	0	0	0	0	0	0	0	0	0	0	0	0	0	0	0	0	0	0	0	0	0	0	0	0	0	0	0	0	0	0	0	0	0	0	0	0	0	3
GF3_C5_day30	0	0	0	0	0	0	0	0	0	0	0	0	0.35395	0	0	0	0	0	0	0	99.52564	0	0	0	0	0	0	0	0	0	0	0.12041	0	0	0	0	0	0	0	0	0	0	0	0	0	0	0	0	0	0	0	0	0	0	0	0	0	0	0	0	0	0	0	0	0	0	0	0	0	0	0	0	0	0	0	0	0	0	0	0	0	0	0	0	0	0	0	0	0	0	3
GF3_C7_day40	0	0	0	0	0	0	0	0	0	0	0	0	17.95539	0	0	0	0	0	0	0	0	0	0.5682	0	0	0	0	0	0	0	0	0	0	0	0	0	0	0	0	0	0	0	0	0	81.47642	0	0	0	0	0	0	0	0	0	0	0	0	0	0	0	0	0	0	0	0	0	0	0	0	0	0	0	0	0	0	0	0	0	0	0	0	0	0	0	0	0	0	0	0	0	3
GF4_B3_d35	0	0	0	0	0	0	0	0	0	0	0	0	14.99204	0	0	0	0	0	0	0	0	0	2.36874	0	0	0	0	0	0	0	0	0	0	0	0	0	0	0	0	0	0	0	0	0	82.63922	0	0	0	0	0	0	0	0	0	0	0	0	0	0	0	0	0	0	0	0	0	0	0	0	0	0	0	0	0	0	0	0	0	0	0	0	0	0	0	0	0	0	0	0	0	3
GF4_B5_d35	0	0	0	0	0	0	0	0	0	0	0	0	2.06697	0	0	0	0	0	0	0	0	0	0	0	0	0	0	0	0	0	0	0	0	0	0	0	0	0	0	0	0	0	0	0	78.5023	0	0	19.43073	0	0	0	0	0	0	0	0	0	0	0	0	0	0	0	0	0	0	0	0	0	0	0	0	0	0	0	0	0	0	0	0	0	0	0	0	0	0	0	0	0	0	3
GF5_A1_D79	0	0	0	0	0	0	0	0	0	0	0	0	6.89586	0	0	0	0	0	0	0	0	0	0	0	0	0	0	0	0	0	0	0	0	0	0	0	0	0	0	0	0	0	0	0	3.37781	0	0	89.72633	0	0	0	0	0	0	0	0	0	0	0	0	0	0	0	0	0	0	0	0	0	0	0	0	0	0	0	0	0	0	0	0	0	0	0	0	0	0	0	0	0	0	3
GF5_A1_D80	0	0	0	0	0	0	0	0	0	0	0	0	0.29311	0	0	0	0	0	0	0	0	0	0	0	0	0	0	0	0	0	0	0	0	0	0	0	0	0	0	0	0	0	0	0	0.27618	0	0	99.43072	0	0	0	0	0	0	0	0	0	0	0	0	0	0	0	0	0	0	0	0	0	0	0	0	0	0	0	0	0	0	0	0	0	0	0	0	0	0	0	0	0	0	3
GF5_A5_D80	0	0	0	0	0	0	0	0	0	0	0	0	0	0	0	0	0	0	0	0	0	0	0	0	0	0	0	0	0	0	0	2.95892	58.51338	0	38.5277	0	0	0	0	0	0	0	0	0	0	0	0	0	0	0	0	0	0	0	0	0	0	0	0	0	0	0	0	0	0	0	0	0	0	0	0	0	0	0	0	0	0	0	0	0	0	0	0	0	0	0	0	0	0	0	3
GF5_A6_D81	0	0	0	0	0	0	0	0	0	0	0	0	1.42213	0	0	0	0	0	0	0	0	0	0	0	0	0	0	0	0	0	0	0	0	0	0	0	0	0	0	0	0	0	0	0	12.96479	0	0	85.61308	0	0	0	0	0	0	0	0	0	0	0	0	0	0	0	0	0	0	0	0	0	0	0	0	0	0	0	0	0	0	0	0	0	0	0	0	0	0	0	0	0	0	3
GF5_A7_D82	0	0	0	0	0	0	0	0	0	0	0	0	60.00185	0	0	0	0	0	0	0	0	0	0	0	0	0	0	0	0	0	0	0	31.07944	0	8.9187	0	0	0	0	0	0	0	0	0	0	0	0	0	0	0	0	0	0	0	0	0	0	0	0	0	0	0	0	0	0	0	0	0	0	0	0	0	0	0	0	0	0	0	0	0	0	0	0	0	0	0	0	0	0	0	3
GF5_B5_D79	0	0	0	0	0	0	0	0	0	0	0	0	0.43635	0	0	0	0	0	0	0	0	0	0	0	0	0	0	0	0	0	0	0	0	0	0	0	0	0	0	0	0	0	0	0	72.91035	0	0	26.6533	0	0	0	0	0	0	0	0	0	0	0	0	0	0	0	0	0	0	0	0	0	0	0	0	0	0	0	0	0	0	0	0	0	0	0	0	0	0	0	0	0	0	3
GF5_C4_D47	0	0	0	0	0	0	0	0	0	0	0	0	0	0	0	0	0	59.79326	0	0	0	0	0	0	0	0	0	0	0	0	0	0	0	0	0	0	0	0	0	0	0	0	0	0	6.12645	0	0	0	0	0	0	0	0	34.08029	0	0	0	0	0	0	0	0	0	0	0	0	0	0	0	0	0	0	0	0	0	0	0	0	0	0	0	0	0	0	0	0	0	0	0	0	3
GF6_A2_D51	0	0	0	0	0	0	0	0	0	0	0	0	0	0	0	0	0	0	2.19935	0	0	0	0	0	0	0	0	0	0	0	0	0	0	0	0	0	0	0	0	0	0	0	0	0	13.68719	0	0	0	0	0	0	0	0	84.11346	0	0	0	0	0	0	0	0	0	0	0	0	0	0	0	0	0	0	0	0	0	0	0	0	0	0	0	0	0	0	0	0	0	0	0	0	3
GF6_A3_COLON_D54	0	0	0	0	0	0	0	0	0	0	0	0	0	0	0	0	0	0	0	0	0	0	8.67753	0	0	0	0	0	0	0	0	0	0	0	74.4501	0	0	0	0	0	0	0	0	0	0	0	0	16.87236	0	0	0	0	0	0	0	0	0	0	0	0	0	0	0	0	0	0	0	0	0	0	0	0	0	0	0	0	0	0	0	0	0	0	0	0	0	0	0	0	0	0	3
GF6_A4_D51	0	0	0	0	0	0	0	0	0	0	0	0	0	0	0	0	0	0	1.04689	0	0	0	0	0	0	0	0	0	0	0	0	0	0	0	0	0	0	0	0	0	0	0	0	0	28.73958	0	0	0	0	0	0	0	0	70.21353	0	0	0	0	0	0	0	0	0	0	0	0	0	0	0	0	0	0	0	0	0	0	0	0	0	0	0	0	0	0	0	0	0	0	0	0	3
GF6_A5_D51	0	0	0	0	0	0	0	0	0	0	0	0	0	0	0	0	0	0	12.03042	0	0	0	0	0	0	0	0	0	0	0	0	0	0	0	0	0	0	0	0	0	0	0	0	0	16.97531	0	0	0	0	0	0	0	0	70.99427	0	0	0	0	0	0	0	0	0	0	0	0	0	0	0	0	0	0	0	0	0	0	0	0	0	0	0	0	0	0	0	0	0	0	0	0	3
GF6_A5_D87	0	0	0	0	0	0	0	0	0	0	0	0	0	0	0	0	0	6.47721	0	0	0	0	0	0	0	0	0	0	0	0	0	0	0	0	0	0	0	0	0	6.47996	0	0	0	0	0	0	0	0	0	0	0	0	0	87.04283	0	0	0	0	0	0	0	0	0	0	0	0	0	0	0	0	0	0	0	0	0	0	0	0	0	0	0	0	0	0	0	0	0	0	0	0	3
GF6_A6_D87	0	0	0	0	0	0	0	0	0	0	0	0	0	0	0	0	0	0	0	0	0	0	0	0	0	0	0	0	0	0	0	0	0	0	0	0	0	0	0	0	0	0	0	0	6.50929	0	0	9.36501	0	0	0	0	0	84.1257	0	0	0	0	0	0	0	0	0	0	0	0	0	0	0	0	0	0	0	0	0	0	0	0	0	0	0	0	0	0	0	0	0	0	0	0	3
GF6_A8_D52	0	0	0	0	0	0	0	0	0	0	0	0	0	0	0	0	0	0	0	0	0	0	0	0	0	0	0	0	0	0	0	0	0	0	0	0	0	0	0	0	0	0	0	0	7.64895	0	0	70.54093	0	0	0	0	0	21.81012	0	0	0	0	0	0	0	0	0	0	0	0	0	0	0	0	0	0	0	0	0	0	0	0	0	0	0	0	0	0	0	0	0	0	0	0	3
GF6_B1_D66	0	0	0	0	0	0	0	0	0	0	0	0	0	0	0	0	0	0	0	0	0	0	7.57228	0	0	0	0	0	0	0	0	0	19.37974	0	73.04799	0	0	0	0	0	0	0	0	0	0	0	0	0	0	0	0	0	0	0	0	0	0	0	0	0	0	0	0	0	0	0	0	0	0	0	0	0	0	0	0	0	0	0	0	0	0	0	0	0	0	0	0	0	0	0	3
GF6_B5_D90	0	0	0	0	0	0	0	0	0	0	0	0	56.18828	0	0	0	0	0	0	0	0	0	0	0	0	0	0	0	0	0	0	0	0	0	0	0	0	0	0	8.91212	0	0	0	0	34.8996	0	0	0	0	0	0	0	0	0	0	0	0	0	0	0	0	0	0	0	0	0	0	0	0	0	0	0	0	0	0	0	0	0	0	0	0	0	0	0	0	0	0	0	0	0	3
GF6_B6_D87	0	0	0	0	0	0	0	0	0	0	0	0	0	0	0	0	0	6.38795	0	0	0	0	0	0	0	0	0	0	0	0	0	0	0	0	0	0	0	0	0	0	0	0	0	0	0	0	0	44.05087	0	0	0	0	0	49.56117	0	0	0	0	0	0	0	0	0	0	0	0	0	0	0	0	0	0	0	0	0	0	0	0	0	0	0	0	0	0	0	0	0	0	0	0	3
GF7_C3_D30	0	0	0	0	0	0	0	0	0	0	0	0	0	0	0	0	0	0	0	0	0	0	0	0	0	0	0	0	0	0.14309	0	0	0	0	0	0	0	0	0	0	0	0	0	0	0	0	0	0.09126	0	0	0	99.76565	0	0	0	0	0	0	0	0	0	0	0	0	0	0	0	0	0	0	0	0	0	0	0	0	0	0	0	0	0	0	0	0	0	0	0	0	0	0	3
GF7_C3_D31	0	0	0	0	0	0	0	0	0	0	0	0	0	0	0	0	0	0	0	0	0	0	0	0	0	0	0	0	0	0	0	0	0	0	0	0	0	0	0	0	0	0	0	0	1.2602	0	0	0.6649	0	0	0	98.0749	0	0	0	0	0	0	0	0	0	0	0	0	0	0	0	0	0	0	0	0	0	0	0	0	0	0	0	0	0	0	0	0	0	0	0	0	0	0	3
GF7_C4_D32	0	0	0	0	0	0	0	0	0	0	0	0	0	0	0	0	0	0	0	0	0	0	0	0	0	0	0	0	0	4.39636	0	0	0	0	0	0	0	0	0	0	0	0	0	0	7.4399	0	0	0	0	0	0	88.16373	0	0	0	0	0	0	0	0	0	0	0	0	0	0	0	0	0	0	0	0	0	0	0	0	0	0	0	0	0	0	0	0	0	0	0	0	0	0	3
GF8_A5_D30	0	0	0	0	0	0	0	0	0	0	0	0	3.98013	0	0	0	0	0	0	0	0	0	0	0	0	0	0	0	0	0	0	0.09688	0	0	0	0	0	0	0	0	0	0	0	0	0	0	0	0	0	0	0	95.92299	0	0	0	0	0	0	0	0	0	0	0	0	0	0	0	0	0	0	0	0	0	0	0	0	0	0	0	0	0	0	0	0	0	0	0	0	0	0	3
GF8_C6_D30	0	0	0	0	0	0	0	0	0	0	0	0	0	0	0	0	0	0	0	0	0	0	0	0	0	0	0	0	0	0	0	0	0	0.39995	0	0	0	0	0	0	0	0	0	0	0.71272	0	0	0	0	0	0	98.88733	0	0	0	0	0	0	0	0	0	0	0	0	0	0	0	0	0	0	0	0	0	0	0	0	0	0	0	0	0	0	0	0	0	0	0	0	0	0	3
GF9_A1_COLON_D33	0	0	0	0	0	0	0	0	0	0	0	0	0	0	0	0	0	0	0	0	0	0	0	0	0	0	0	0	0	0	0	0	0	0	0	0	0	0	0	0	0	0	0	0	17.77745	0	0	0	0	0	0	48.93375	0	0	0	0	0	0	0	0	0	0	0	0	0	0	0	0	0	0	0	0	0	33.28879	0	0	0	0	0	0	0	0	0	0	0	0	0	0	0	0	3
Gn3_AB8_Cwash	0	0	0	0	0	0	0	0	0	0	0	0	0	0	0	0	0	0	0	0	0	0	0	0	0	0	0	0	0	0	0	0	0	0	0	0	0	0	0	0	0	0	0	0	0	0	0	40.31519	0	0	0	0	0	18.74076	0	0	0	0	0	0	0	0	0	0	0	0	0	0	0	0	0	0	0	40.94405	0	0	0	0	0	0	0	0	0	0	0	0	0	0	0	0	3
Gn3_B2_Stool	0	0	0	0	0	0	0	0	0	0	0	0	0.33241	0	0	0	0	0	0	0	0	0	0	0	0	0	0	0	0	0	0	0	0	0	0	0	0	0	0	0	0	0	0	0	99.16052	0	0	0	0	0	0	0	0	0.50707	0	0	0	0	0	0	0	0	0	0	0	0	0	0	0	0	0	0	0	0	0	0	0	0	0	0	0	0	0	0	0	0	0	0	0	0	3
Gn3_BP7_Cwash	0	0	0	0	0	0	0	0	0	0	0	0	0	0	0	0	0	0	0	0	0	0	0	0	0	0	0	0	0	0	0	5.14349	2.44792	0	0	0	0	0	0	0	0	0	0	0	0	0	0	92.40859	0	0	0	0	0	0	0	0	0	0	0	0	0	0	0	0	0	0	0	0	0	0	0	0	0	0	0	0	0	0	0	0	0	0	0	0	0	0	0	0	0	0	3
Gn3_BP8_Cwash	0	0	0	0	0	0	0	0	0	0	0	0	0	0	0	0	0	0	0	0	0	0	0	0	0	0	0	0	0	0	0	0	0	0	10.80925	0	0	0	0	0	0	0	0	0	0	0	0	82.20422	0	0	0	0	0	6.98653	0	0	0	0	0	0	0	0	0	0	0	0	0	0	0	0	0	0	0	0	0	0	0	0	0	0	0	0	0	0	0	0	0	0	0	0	3
gnoto2_BA5_d10	0	0	0	0	0	0	0	0	0	0	0	0	0	0	0	0	0	0	0	0	0	0	0	0	0	0	0	0	0	0	0	0	0	0	0	0	0	0	0	0	0	0	0	0	38.49895	0	0	44.64346	0	0	0	0	0	16.8576	0	0	0	0	0	0	0	0	0	0	0	0	0	0	0	0	0	0	0	0	0	0	0	0	0	0	0	0	0	0	0	0	0	0	0	0	3
gnoto2_BM7_d10	0	0	0	0	0	0	0	0	0	0	0	0	0	0	0	0	0	0	0	0	0	0	0	0	0	0	0	0	0	0	0	0	0	0	0	0	0	0	0	0	0	0	0	0	13.04744	0	0	37.39103	0	0	0	0	0	49.56153	0	0	0	0	0	0	0	0	0	0	0	0	0	0	0	0	0	0	0	0	0	0	0	0	0	0	0	0	0	0	0	0	0	0	0	0	3
C3-d33	0	0	0	0	0	0	0	0	0	0	0	0	0	0	0	0	0	0	0	0	0	0	0.13239	0	0	0	0	0	0	0	0	0	0	0.04759	0	0	0	0	0	0	0	0	0	0	2.77912	0	0	97.0409	0	0	0	0	0	0	0	0	0	0	0	0	0	0	0	0	0	0	0	0	0	0	0	0	0	0	0	0	0	0	0	0	0	0	0	0	0	0	0	0	0	0	4
C6-d33	0	0	0	0	0	0	0	0	0	0	0	0	0	0	0	0	0	0	0	0	0	0	0.10102	0	0	0	0	0	0	0	0	0	0	0	0	0	0	0	0	0	0	0	0	0	86.44359	0	0	13.22316	0	0	0	0.23223	0	0	0	0	0	0	0	0	0	0	0	0	0	0	0	0	0	0	0	0	0	0	0	0	0	0	0	0	0	0	0	0	0	0	0	0	0	0	4
CONV_MERO1_COLON	0	0	0	0	0	0	0	0	0	0	21.26572	10.75053	0	0	0	0	0	0	0	0	0	0	16.1756	0	0	0	0	0	0	0	0	0	0	0	0	0	0	0	0	0	0	0	0	0	0	51.80815	0	0	0	0	0	0	0	0	0	0	0	0	0	0	0	0	0	0	0	0	0	0	0	0	0	0	0	0	0	0	0	0	0	0	0	0	0	0	0	0	0	0	0	0	4
CONV_MERO1_D3	0	0	0	0	0	0	0	0	0	0	0	0	0	0	0	0	0	0	0	0	0	0	3.15861	0	0	0	0	0	0	0	0	0	0	0	0	0	0	0	0	0	0	0	0	0	1.28427	95.47156	0	0	0	0	0	0	0	0	0	0	0	0	0	0	0	0.08557	0	0	0	0	0	0	0	0	0	0	0	0	0	0	0	0	0	0	0	0	0	0	0	0	0	0	0	0	4
CONV_MERO4_D1	0	0	0	0	0	0	0	0	0	0	0	0	0	0	0	0	0	0	0	0	0	0	4.93612	0.01637	0	0	0	94.69419	0	0	0	0	0	0	0	0	0	0	0	0	0	0	0	0	0	0	0	0	0	0	0	0	0	0	0	0	0	0	0	0	0	0.35332	0	0	0	0	0	0	0	0	0	0	0	0	0	0	0	0	0	0	0	0	0	0	0	0	0	0	0	0	4
GF10_A3_D33	0	0	0	0	0	0	0	0	0	0	0	0	0	0	0	0	0	0	0	0	0	0	0.87464	0	0	0	0	0	0	0.64635	0	0	0	0	0	0	0	0	0	0	0	0	0	0	1.85936	0	0	0	0	0	0	96.61965	0	0	0	0	0	0	0	0	0	0	0	0	0	0	0	0	0	0	0	0	0	0	0	0	0	0	0	0	0	0	0	0	0	0	0	0	0	0	4
GF10_A4_d101	0	0	0	0	0	0	0	0	0	0	0	0	0	0	0	0	0	0	0	0	0	0	0.09591	0	0	0	0	0	0	0	0	0	0	0.68964	0	0	0	0	0	0	0	0	0	0	2.74942	0	0	0	0	0	0	96.46504	0	0	0	0	0	0	0	0	0	0	0	0	0	0	0	0	0	0	0	0	0	0	0	0	0	0	0	0	0	0	0	0	0	0	0	0	0	0	4
GF10_A4_d104_colon	0	0	0	0	0	0	0	0	0	0	0	0	0	0	0	0	0	0	0	0	0	0	9.58638	0	0	0	0	0	0	18.87685	0	0	0	67.81901	0	0	0	0	0	0	0	0	0	0	0	0	0	3.71776	0	0	0	0	0	0	0	0	0	0	0	0	0	0	0	0	0	0	0	0	0	0	0	0	0	0	0	0	0	0	0	0	0	0	0	0	0	0	0	0	0	0	4
GF10_A56_d101	0	0	0	0	0	0	0	0	0	0	0	0	0	0	0	0	0	0	0	0	0	0	0.22438	0	0	0	0	0	0	0	0	0	0	0.01422	0	0	0	0	0	0	0	0	0	0	2.98674	0	0	0	0	0	0	96.77465	0	0	0	0	0	0	0	0	0	0	0	0	0	0	0	0	0	0	0	0	0	0	0	0	0	0	0	0	0	0	0	0	0	0	0	0	0	0	4
GF10_A7_d103	0	0	0	0	0	0	0	0	0	0	0	0	0	0	0	0	0	0	0	0	0	0	0	0	0	0	0	0	0	0	0	0	0	0	0	0	0	0	0	0	0	0	0	0	0.42759	0	0	2.98369	0	0	0	96.20757	0	0	0.38114	0	0	0	0	0	0	0	0	0	0	0	0	0	0	0	0	0	0	0	0	0	0	0	0	0	0	0	0	0	0	0	0	0	0	0	4
GF10_C2_d101	0	0	0	0	0	0	0	0	0	0	0	0	0	0	0	0	0	0	0	0	0	0	0.50835	0	0	0	0	0	0	0	0	0	0	0.81571	0	0	0	0	0	0	0	0	0	0	1.81701	0	0	0	0	0	0	96.85893	0	0	0	0	0	0	0	0	0	0	0	0	0	0	0	0	0	0	0	0	0	0	0	0	0	0	0	0	0	0	0	0	0	0	0	0	0	0	4
GF10_C2_d104_colon	0	0	0	0	0	0	0	0	0	0	0	0	0	0	0	0	0	0	0	0	0	0	16.18907	0	0	0	0	0	0	36.13986	0	0	0	0	0	0	0	0	0	0	0	0	0	0	0	0	0	0	0	0	0	1.90001	0	45.77106	0	0	0	0	0	0	0	0	0	0	0	0	0	0	0	0	0	0	0	0	0	0	0	0	0	0	0	0	0	0	0	0	0	0	0	0	4
GF10_C2_D33	0	0	0	0	0	0	0	0	0	0	0	0	0	0	0	0	0	0	0	0	0	0	0.4898	0	0	0	0	0	0	0	0	0	0	1.87977	0	0	0	0	0	0	0	0	0	0	2.24202	0	0	0	0	0	0	95.38841	0	0	0	0	0	0	0	0	0	0	0	0	0	0	0	0	0	0	0	0	0	0	0	0	0	0	0	0	0	0	0	0	0	0	0	0	0	0	4
GF10_C4_d80_colon	0	0	0	0	0	0	0	0	0	0	0	0	0	0	0	0	0	0	0	0	0	0	46.43025	0	0	0.08795	0	0	0	11.94707	0	0	0	0	0	0	0	0	0	0	0	0	0	0	0	0	0	0	0	0	0	41.53473	0	0	0	0	0	0	0	0	0	0	0	0	0	0	0	0	0	0	0	0	0	0	0	0	0	0	0	0	0	0	0	0	0	0	0	0	0	0	4
GF10_C5_COLON_D55	0	0	0	0	0	0	0	0	0	0	0	0	0	0	0	0	0	0	67.72314	0	0	0	0	0	0	0	0	0	0	0	0	0	0	0	0	0	0	0	0	0	0	0	0	0	1.00906	0	0	19.18934	0	0	0	12.07846	0	0	0	0	0	0	0	0	0	0	0	0	0	0	0	0	0	0	0	0	0	0	0	0	0	0	0	0	0	0	0	0	0	0	0	0	0	0	4
GF11_B1_d71	0	0	0	0	0	0	0	0	0	0	0	0	1.74694	0	0	0	0	0	87.03691	0	0	11.2007	0	0	0	0	0	0	0	0	0	0	0.01545	0	0	0	0	0	0	0	0	0	0	0	0	0	0	0	0	0	0	0	0	0	0	0	0	0	0	0	0	0	0	0	0	0	0	0	0	0	0	0	0	0	0	0	0	0	0	0	0	0	0	0	0	0	0	0	0	0	4
GF11_B3_COLON_D38	0	0	0	0	0	0	0	0	0	0	0	0	0	0	0	0	0	0	31.28584	0	0	3.77719	0	0	0	0	0	0	0	0	0	0	0	0	0	0	0	0	0	0	0	0	0	0	7.6351	0	0	57.30187	0	0	0	0	0	0	0	0	0	0	0	0	0	0	0	0	0	0	0	0	0	0	0	0	0	0	0	0	0	0	0	0	0	0	0	0	0	0	0	0	0	0	4
GF11_B3_d71	0	0	0	0	0	0	0	0	0	0	0	0	0	0	0	0	0	0	84.89701	0	0	12.29614	0	0	0	0	0	0	0	0	0	0	0	0	0	0	0	0	0	0	0	0	0	0	1.86076	0	0	0	0	0	0	0	0	0.94608	0	0	0	0	0	0	0	0	0	0	0	0	0	0	0	0	0	0	0	0	0	0	0	0	0	0	0	0	0	0	0	0	0	0	0	0	4
GF11_B4_D37	0	0	0	0	0	0	0	0	0	0	0	0	0	0	0	0	0	0	60.43966	0	0	11.12545	0	0	0	0	0	0	0	0	0	0	0	0	0	0	0	0	0	0	0	0	0	0	2.83339	0	0	25.60149	0	0	0	0	0	0	0	0	0	0	0	0	0	0	0	0	0	0	0	0	0	0	0	0	0	0	0	0	0	0	0	0	0	0	0	0	0	0	0	0	0	0	4
GF11_B5_D35	0	0	0	0	0	0	0	0	0	0	0	0	0	0	0	0	0	0	4.35246	0	0	0.97345	0	0	0	0	0	0	0	0	0	0	0	0	0	0	0	0	0	0	0	0	0	0	1.19421	0	0	93.47988	0	0	0	0	0	0	0	0	0	0	0	0	0	0	0	0	0	0	0	0	0	0	0	0	0	0	0	0	0	0	0	0	0	0	0	0	0	0	0	0	0	0	4
GF11_C1_d71	0	0	0	0	0	0	0	0	0	0	0	0	1.23929	0	0	0	0	0	82.40119	0	0	10.09003	0	0	0	0	0	0	0	0	0	0	0	0	0	0	0	0	0	0	0	0	0	0	6.26949	0	0	0	0	0	0	0	0	0	0	0	0	0	0	0	0	0	0	0	0	0	0	0	0	0	0	0	0	0	0	0	0	0	0	0	0	0	0	0	0	0	0	0	0	0	4
GF11_C2_d71	0	0	0	0	0	0	0	0	0	0	0	0	0.80053	0	0	0	0	0	90.32961	0	0	6.37631	0	0	0	0	0	0	0	0	0	0	0	0	0	0	0	0	0	0	0	0	0	0	2.49355	0	0	0	0	0	0	0	0	0	0	0	0	0	0	0	0	0	0	0	0	0	0	0	0	0	0	0	0	0	0	0	0	0	0	0	0	0	0	0	0	0	0	0	0	0	4
GF11_C2_d72	0	0	0	0	0	0	0	0	0	0	0	0	0.26679	0	0	0	0	0	87.54078	0	0	8.98181	0	0	0	0	0	0	0	0	0	0	0	0	0	0	0	0	0	0	0	0	0	0	3.21062	0	0	0	0	0	0	0	0	0	0	0	0	0	0	0	0	0	0	0	0	0	0	0	0	0	0	0	0	0	0	0	0	0	0	0	0	0	0	0	0	0	0	0	0	0	4
GF11_C3_D35	0	0	0	0	0	0	0	0	0	0	0	0	0.47489	0	0	0	0	0	0.83274	0	0	0	0	0	0	0	0	0	0	0	0	0	0	0	0	0	0	0	0	0	0	0	0	0	1.35672	0	0	97.33565	0	0	0	0	0	0	0	0	0	0	0	0	0	0	0	0	0	0	0	0	0	0	0	0	0	0	0	0	0	0	0	0	0	0	0	0	0	0	0	0	0	0	4
GF11_C4_D35	0	0	0	0	0	0	0	0	0	0	0	0	3.06099	0	0	0	0	0	0.74061	0	0	0	0	0	0	0	0	0	0	0	0	0	0	0	0	0	0	0	0	0	0	0	0	0	12.65621	0	0	83.54219	0	0	0	0	0	0	0	0	0	0	0	0	0	0	0	0	0	0	0	0	0	0	0	0	0	0	0	0	0	0	0	0	0	0	0	0	0	0	0	0	0	0	4
GF11_C5_d72	0	0	0	0	0	0	0	0	0	0	0	0	0.85732	0	0	0	0	0	68.6156	0	0	8.77026	0	0	0	0	0	0	0	0	0	0	0	0	0	0	0	0	0	0	0	0	0	0	21.75682	0	0	0	0	0	0	0	0	0	0	0	0	0	0	0	0	0	0	0	0	0	0	0	0	0	0	0	0	0	0	0	0	0	0	0	0	0	0	0	0	0	0	0	0	0	4
GF12_A_dam_d21	0	0	0	0	0	0	0	0	0	0	0	0	0	0	0	0	0	0	0	0	0	0	0	0	0	0	0	0	0	0	0	0	0	0	0	0	0	9.03382	0	0	0	0	0	0	71.86348	0	0	0	0	0	0	0	0	0	0	0	0	0	0	0	0	0	0	0	0	0	0	0	0	0	0	0	0	0	0	0	0	0	0	14.87336	0	4.22934	0	0	0	0	0	0	0	0	4
GF12_A2_d34_colon	0	0	0	0	0	0	0	0	0	0	0	0	0	0	0	0	0	0	0	0	0	0	0	0	0	0	0	0	0	0	0	0	0	0.8049	0	0	0	0	0	0	0	0	0	0	5.49987	0	0	0	0	0	0	92.50334	0	0	0	0	0	0	0	0	0	0	0	0	0	0	0	0	0	0	0	0	0	0	0	0	0	0	0	0	0	0	0	0	0	0	0	0	0	1.19189	4
GF12_B3_d80	0	0	0	0	0	0	0	0	0	0	0	0	0	0	0	0	0	0	0	0	0	0	1.57956	0	0	0	0	0	0	0	0	0	0	0.60275	0	0	0	0	0	0	0	0	0	0	92.92868	0	0	0	0	0	0	0	0	0	0	0	0	0	0	0	0	0	0	0	0	0	0	0	0	0	0	0	0	0	0	0	0	0	0	4.88901	0	0	0	0	0	0	0	0	0	0	4
GF12_B5_d79	0	0	0	0	0	0	0	0	0	0	0	0	0	0	0	0	0	0	0	0	0	0	2.04559	0	0	0	0	0	0	0	0	0	0	0.98211	0	0	0	0	0	0	0	0	0	0	84.08879	0	0	0	0	0	0	0	0	0	0	0	0	0	0	0	0	0	0	0	0	0	0	0	0	0	0	0	0	0	0	0	0	0	0	12.88351	0	0	0	0	0	0	0	0	0	0	4
GF12_C5_d79	0	0	0	0	0	0	0	0	0	0	0	0	0	0	0	0	0	0	0	0	0	0	0.31486	0	0	0	0	0	0	0	0	0	0	0.61794	0	0	0	0	0	0	0	0	0	0	0.06961	0	0	0	0	0	0	0	0	0	0	0	0	0	0	0	0	0	0	0	0	0	0	0	0	0	0	0	0	0	0	0	0	0	0	98.99758	0	0	0	0	0	0	0	0	0	0	4
GF13_A1_d32	0	0	0	0	0	0	0	0	0	0	0	0	0	0	0	0	0	0	0	0	0	0	0	0	0	0	0	0	0	0	0	0	0	0	0	0	0	0	0	0	0	0	0	0	0	0	0	6.41594	0	0	0	0	0	0	75.66306	1.55962	16.36138	0	0	0	0	0	0	0	0	0	0	0	0	0	0	0	0	0	0	0	0	0	0	0	0	0	0	0	0	0	0	0	0	0	4
GF13_A2_d32	0	0	0	0	0	0	0	0	0	0	0	0	0	0	0	0	0	0	0	0	0	0	0	0	0	0	0	0	0	0	0	0	0	0	0	0	0	0	0	0	0	0	0	0	0	0	0	28.32593	0	0	0	0	0	0	51.18172	3.60456	16.88779	0	0	0	0	0	0	0	0	0	0	0	0	0	0	0	0	0	0	0	0	0	0	0	0	0	0	0	0	0	0	0	0	0	4
GF13_A3_d32	0	0	0	0	0	0	0	0	0	0	0	0	0	0	0	0	0	0	0	0	0	0	0	0	0	0	0	0	0	0	0	0	0	0	0	0	0	0	0	0	0	0	0	0	0	0	0	57.48794	0	0	0	0	0	0	36.97297	0.55179	4.98731	0	0	0	0	0	0	0	0	0	0	0	0	0	0	0	0	0	0	0	0	0	0	0	0	0	0	0	0	0	0	0	0	0	4
GF13_A4_d32	0	0	0	0	0	0	0	0	0	0	0	0	0	0	0	0	0	0	0	0	0	0	0	0	0	0	0	0	0	0	0	0	0	0	0	0	0	0	0	0	0	0	0	0	0	0	0	51.19224	0	0	0	0	0	0	33.65256	1.0929	14.0623	0	0	0	0	0	0	0	0	0	0	0	0	0	0	0	0	0	0	0	0	0	0	0	0	0	0	0	0	0	0	0	0	0	4
GF13_A5_d32	0	0	0	0	0	0	0	0	0	0	0	0	0	0	0	0	0	0	0	0	0	0	0	0	0	0	0	0	0	0	0	0	0	0	0	0	0	0	0	0	0	0	0	0	0	0	0	48.3816	0	0	0	0	0	0	37.68981	1.26393	12.66467	0	0	0	0	0	0	0	0	0	0	0	0	0	0	0	0	0	0	0	0	0	0	0	0	0	0	0	0	0	0	0	0	0	4
GF13_B1_d32	0	0	0	0	0	0	0	0	0	0	0	0	0	0	0	0	0	0	0	0	0	0	0	0	0	0	0	0	0	0	0	0	0	0	0	0	0	0	0	0	0	0	0	0	0	0	0	85.88678	0	0	0	0	0	0	10.88768	0.9114	2.31414	0	0	0	0	0	0	0	0	0	0	0	0	0	0	0	0	0	0	0	0	0	0	0	0	0	0	0	0	0	0	0	0	0	4
GF13_B2_d32	0	0	0	0	0	0	0	0	0	0	0	0	0	0	0	0	0	0	0	0	0	0	0	0	0	0	0	0	0	0	0	0	0	0	0	0	0	0	0	0	0	0	0	0	0	0	0	60.28888	0	0	0	0	0	0	32.1771	1.87062	5.6634	0	0	0	0	0	0	0	0	0	0	0	0	0	0	0	0	0	0	0	0	0	0	0	0	0	0	0	0	0	0	0	0	0	4
GF13_B3_d32	0	0	0	0	0	0	0	0	0	0	0	0	0	0	0	0	0	0	0	0	0	0	0	0	0	0	0	0	0	0	0	0	0	0	0	0	0	0	0	0	0	0	0	0	0	0	0	80.39333	0	0	0	0	0	0	15.45233	0.58436	3.56999	0	0	0	0	0	0	0	0	0	0	0	0	0	0	0	0	0	0	0	0	0	0	0	0	0	0	0	0	0	0	0	0	0	4
GF14_A4_d95_stool	0	0	0	0	0	0	0	0	0	0	0	0	0	0	0	0	0	0	0	0	0	0	0.91725	0	0	0	0	0	0	0	0	0	0	0	0	0	0	0	0	0	0	0	0	0	1.88787	0	0	92.69201	0	0	0	4.50287	0	0	0	0	0	0	0	0	0	0	0	0	0	0	0	0	0	0	0	0	0	0	0	0	0	0	0	0	0	0	0	0	0	0	0	0	0	0	4
GF14_A5_d94_stool	0	0	0	0	0	0	0	0	0	0	0	0	0	0	0	0	0	0	0	0	0	0	0.05525	0	0	0	0	0	0	0	0	0	0	0	0	0	0	0	0	0	0	0	0	0	0.46952	0	0	93.19065	0	0	0	6.28458	0	0	0	0	0	0	0	0	0	0	0	0	0	0	0	0	0	0	0	0	0	0	0	0	0	0	0	0	0	0	0	0	0	0	0	0	0	0	4
GF14_a5_d97_colon	0	0	0	0	0	0	0	0	0	0	0	0	0	0	0	0	0	0	0	0	0	0	0	0	0	0	0	0	0	0	0	0	0	0	0	0	0	0	0	0	0	0	0	0	0	0	0	0	0	0	0	56.87032	18.0605	4.21499	0	0	0	0	0	0	0	0	0	0	0	20.85418	0	0	0	0	0	0	0	0	0	0	0	0	0	0	0	0	0	0	0	0	0	0	0	0	4
GF14_A7_d95_stool	0	0	0	0	0	0	0	0	0	0	0	0	0	0	0	0	0	0	0	0	0	0	0.43687	0	0	0	0	0	0	0	0	0	0	0	0	0	0	0	0	0	0	0	0	0	3.49862	0	0	0	0.06908	0	0	95.99543	0	0	0	0	0	0	0	0	0	0	0	0	0	0	0	0	0	0	0	0	0	0	0	0	0	0	0	0	0	0	0	0	0	0	0	0	0	0	4
GF14_c3_d130_colon	0	0	0	0	0	0	0	0	0	0	0	0	0	0	0	0	0	0	0	0	0	0	0	0	0	0	0	0	0	0	0	0	0	0	0	0	0	0	0	0	0	0	0	0	0.03334	0	0	0	0	0	0	6.82145	0.2689	92.8763	0	0	0	0	0	0	0	0	0	0	0	0	0	0	0	0	0	0	0	0	0	0	0	0	0	0	0	0	0	0	0	0	0	0	0	0	4
GF14_d67_A1_stool	0	0	0	0	0	0	0	0	0	0	0	0	0	0	0	0	0	0	0	0	0	0	0	0	0	0	0	0	0	0	0	0	0	0	0	0	0	0	0	0	0	0	0	0	0.18321	0	0	91.05926	0	0	0	4.77452	0	0	0	0	0	0	0	0	0	0	0	0	0	0	0	0	0	0	0	0	0	3.98301	0	0	0	0	0	0	0	0	0	0	0	0	0	0	0	0	4
GF14_d68_A10_colon	0	0	0	0	0	0	0	0	0	0	0	0	0	0	0	0	0	0	0	0	0	0	0.15921	0	0	0	0	0	0	0	0	0	0	0	0	0	0	0	0	0	0	0	0	0	0.58004	0	0	92.29811	0	0	0	6.96264	0	0	0	0	0	0	0	0	0	0	0	0	0	0	0	0	0	0	0	0	0	0	0	0	0	0	0	0	0	0	0	0	0	0	0	0	0	0	4
GF14_d68_A4_colon	0	0	0	0	0	0	0	0	0	0	0	0	0	0	0	0	0	0	0	0	0	0	0	0	0	0	0	0	0	0	0	0	0	0	0	0	0	0	0	0	0	0	0	0	1.28748	0	0	93.99436	0	0	0	4.01388	0	0	0	0	0	0	0	0	0	0	0	0	0	0	0	0	0	0	0	0	0	0.70428	0	0	0	0	0	0	0	0	0	0	0	0	0	0	0	0	4
GF15_A2_d108_colon	0	0	0	0	0	0	0	0	0	0	0	0	0.99325	0	0	0	0	0	0	0	0	0	0	0	0	0	0	0	0	0	0	0	0	0	0	0	0	0	0	0	0	0	0	0	0	0	0	0	0	0	0	11.67784	71.99401	15.3349	0	0	0	0	0	0	0	0	0	0	0	0	0	0	0	0	0	0	0	0	0	0	0	0	0	0	0	0	0	0	0	0	0	0	0	0	4
GF15_a3_d105_stool	0	0	0	0	0	0	0	0	0	0	0	0	11.68336	0	0	0	0	0	0	0	0	0	0	0	0	0	0	0	0	0	0	0	0	0	0	0	0	0	0	0	0	0	0	0	3.36545	0	0	0	0	0	0	84.36048	0.59071	0	0	0	0	0	0	0	0	0	0	0	0	0	0	0	0	0	0	0	0	0	0	0	0	0	0	0	0	0	0	0	0	0	0	0	0	0	4
GF15_B1_d94_stool	0	0	0	0	0	0	0	0	0	0	0	0	0.12142	0	0	0	0	0	0	0	0	0	0	0	0	0	0	0	0	0	0	0	0	0	0	0	0	0	0	0	0	0	0	0	0.96787	0	0	0.36365	0	0	0	98.54707	0	0	0	0	0	0	0	0	0	0	0	0	0	0	0	0	0	0	0	0	0	0	0	0	0	0	0	0	0	0	0	0	0	0	0	0	0	0	4
GF15_b10_d94_stool	0	0	0	0	0	0	0	0	0	0	0	0	0	0	0	0	0	0	0	0	0	0	0	0	0	0	0	0	0	0	0	0	0	0	0	0	0	0	0	0	0	0	0	0	0	0	0	0	0	0	0	43.07188	46.63228	9.69194	0.6039	0	0	0	0	0	0	0	0	0	0	0	0	0	0	0	0	0	0	0	0	0	0	0	0	0	0	0	0	0	0	0	0	0	0	0	4
GF15_B3_d34	0	0	0	0	0	0	0	0	0	0	0	0	0	0	0	0	0	0	0	0	0	0	0	0	0	0	0	0	0	0	0	0	0	0	0	0	0	0	0	0	0	0	0	0	0	0	0	42.55191	0	0	0	22.02247	30.74736	4.67826	0	0	0	0	0	0	0	0	0	0	0	0	0	0	0	0	0	0	0	0	0	0	0	0	0	0	0	0	0	0	0	0	0	0	0	0	4
GF15_b4_d97_colon	0	0	0	0	0	0	0	0	0	0	0	0	0	0	0	0	0	0	0	0	0	0	0	0	0	0	0	0	0	0	0	0	0	0	0	0	0	0	0	0	0	0	0	0	51.62486	0	0	0	0	0	0	17.12883	16.50829	0	0	0	0	0	0	0	0	0	0	0	0	14.73802	0	0	0	0	0	0	0	0	0	0	0	0	0	0	0	0	0	0	0	0	0	0	0	0	4
GF15_B6_d32	0	0	0	0	0	0	0	0	0	0	0	0	0.11474	0	0	0	0	0	0	0	0	0	0	0	0	0	0	0	0	0	0	0	0	0	0	0	0	0	0	0	0	0	0	0	0	0	0	59.84761	0	0	0	39.85577	0	0	0.18188	0	0	0	0	0	0	0	0	0	0	0	0	0	0	0	0	0	0	0	0	0	0	0	0	0	0	0	0	0	0	0	0	0	0	0	4
GF15_b8_d97_colon	0	0	0	0	0	0	0	0	0	0	0	0	0	0	0	0	0	0	0	0	0	0	0	0	0	0	0	0	0	0	0	0	0	0	0	0	0	0	0	0	0	0	0	0	0	0	0	0	0	0	0	30.93358	37.81604	12.61191	0	0	0	0	0	0	0	0	0	0	0	18.63847	0	0	0	0	0	0	0	0	0	0	0	0	0	0	0	0	0	0	0	0	0	0	0	0	4
GF15_c1_d105_stool	0	0	0	0	0	0	0	0	0	0	0	0	0	0	0	0	0	0	0	0	0	0	0	0	0	0	0	0	0	0	0	0	0	0	0	0	0	0	0	0	0	0	0	0	1.8283	0	0	55.72215	0	0	0	41.52258	0.92697	0	0	0	0	0	0	0	0	0	0	0	0	0	0	0	0	0	0	0	0	0	0	0	0	0	0	0	0	0	0	0	0	0	0	0	0	0	4
GF15_c2_d74_colon	0	0	0	0	0	0	0	0	0	0	0	0	0	0	0	0	0	0	0	0	0	0	0	0	0	0	0	0	0	0	0	0	0	0	0	0	0	0	0	0	0	0	0	0	0	0	0	0	0	0	0	89.75143	8.20773	1.51355	0.52729	0	0	0	0	0	0	0	0	0	0	0	0	0	0	0	0	0	0	0	0	0	0	0	0	0	0	0	0	0	0	0	0	0	0	0	4
GF15_c3_d108_colon	0	0	0	0	0	0	0	0	0	0	0	0	0.82048	0	0	0	0	0	0	0	0	0	0	0	0	0	0	0	0	0	0	0	0	0	0	0	0	0	0	0	0	0	0	0	0	0	0	0	0	0	0	90.80384	0.27385	0	0	0	0	0	0	0	0	0	0	0	0	8.10183	0	0	0	0	0	0	0	0	0	0	0	0	0	0	0	0	0	0	0	0	0	0	0	0	4
GF15_C3_d36	0	0	0	0	0	0	0	0	0	0	0	0	0.62802	0	0	0	0	0	84.48264	0	0	7.40598	0	0	0	0	0	0	0	0	0	0	0	0	0	0	0	0	0	0	0	0	0	0	7.48336	0	0	0	0	0	0	0	0	0	0	0	0	0	0	0	0	0	0	0	0	0	0	0	0	0	0	0	0	0	0	0	0	0	0	0	0	0	0	0	0	0	0	0	0	0	4
GF15_d67_B4_stool	0	0	0	0	0	0	0	0	0	0	0	0	0.91866	0	0	0	0	0	0	0	0	0	0	0	0	0	0	0	0	0	0	0	0	0	0	0	0	0	0	0	0	0	0	0	0	0	0	11.11226	0	0	0	84.95529	0	0	3.01379	0	0	0	0	0	0	0	0	0	0	0	0	0	0	0	0	0	0	0	0	0	0	0	0	0	0	0	0	0	0	0	0	0	0	0	4
GF15_d67_B6_stool	0	0	0	0	0	0	0	0	0	0	0	0	0.09244	0	0	0	0	0	0	0	0	0	0	0	0	0	0	0	0	0	0	0	0	0	0	0	0	0	0	0	0	0	0	0	0	0	0	3.47163	0	0	0	94.99209	0	0	1.44384	0	0	0	0	0	0	0	0	0	0	0	0	0	0	0	0	0	0	0	0	0	0	0	0	0	0	0	0	0	0	0	0	0	0	0	4
GF15_d67_B7_stool	0	0	0	0	0	0	0	0	0	0	0	0	0	0	0	0	0	0	0	0	0	0	0	0	0	0	0	0	0	0	0	0	0	0	0	0	0	0	0	0	0	0	0	0	0.0882	0	0	37.83547	0	0	0	61.38052	0	0	0.69581	0	0	0	0	0	0	0	0	0	0	0	0	0	0	0	0	0	0	0	0	0	0	0	0	0	0	0	0	0	0	0	0	0	0	0	4
GF15_d69_B2_stool	0	0	0	0	0	0	0	0	0	0	0	0	0	0	0	0	0	0	0	0	0	0	0	0	0	0	0	0	0	0	0	0	0	0	0	0	0	0	0	0	0	0	0	0	0	0	0	25.91535	0	0	0	72.80587	0	0.81279	0.46598	0	0	0	0	0	0	0	0	0	0	0	0	0	0	0	0	0	0	0	0	0	0	0	0	0	0	0	0	0	0	0	0	0	0	0	4
GF16_a4_d100_stool	0	0	0	0	0	0	0	0	0	0	0	0	0	0	0	0	0	0	0	0	0	0	0	0	0	0	0	0	0	0	0	0	0	0	0	0	0	0	0	0	0	0	0	0	0	2.94721	0	33.57036	0	0	0	0	0	0	0	0	0	4.65269	0	0	0	0	58.82974	0	0	0	0	0	0	0	0	0	0	0	0	0	0	0	0	0	0	0	0	0	0	0	0	0	0	0	4
GF16_c1_d69_stool	0	0	0	0	0	0	0	0	0	0	0	0	0	0	0.90106	0	0	0	0	0	0	0	0	0	0	0	0	0	0	0	0	0	0	0	0	0	0	0	2.70888	0	0	0	0	0	0	0	1.33174	0	0	0	0	0	0	0	0	0	0	0	0	0	0	0	95.05831	0	0	0	0	0	0	0	0	0	0	0	0	0	0	0	0	0	0	0	0	0	0	0	0	0	0	0	4
GF16_c2_d69_stool	0	0	0	0	0	0	0	0	0	0	0	1.57038	0	0	0	0	0	0	0	0	0	0	0	0	0	0	0	0	0	0	0	0	0	0	0	0	0	0	0	0	0	0	0	0	0	0.08157	0	21.96918	0	0	0	0	0	0	0	0	0	0	0	0	0	0	76.37887	0	0	0	0	0	0	0	0	0	0	0	0	0	0	0	0	0	0	0	0	0	0	0	0	0	0	0	4
GF16_C4_d33	0	0	0	0	0	0	0	0	0	0	0	3.76533	0	0	0	0	0	0	0	0	0	0	0	0	0	0	0	0	0	0	0	0	0	0	0	0	0	0	0	0	0	0	0	0	0	0	0	9.9767	0	0	0	0	0	0	0	0	0	1.32803	0	0	0	0	84.92995	0	0	0	0	0	0	0	0	0	0	0	0	0	0	0	0	0	0	0	0	0	0	0	0	0	0	0	4
GF17_b3_d31_stool	0	0	0	0	0	0	0	0	0	0	0	0	0	0	0	0	0	0	0	0	0	0	0	0	0	0	0	0	0	0	0	0	0	0	0	0	0	0	0	0	0	0	0	0	0	0	0	89.63083	0	0	0	0	0	0	9.0803	0.46803	0.82083	0	0	0	0	0	0	0	0	0	0	0	0	0	0	0	0	0	0	0	0	0	0	0	0	0	0	0	0	0	0	0	0	0	4
GF18_a2_d33_stool	0	0	0	0	0	0	0	0	0	0	0	0	0	0	0	0	0	0	0	0	0	0	0	0	0	0	0	0	0	0	0	0	0	0	0	0	0	0	0	0	0	0	0	0	0.10537	0	0	0	0	0	0	99.5285	0	0.11321	0.25291	0	0	0	0	0	0	0	0	0	0	0	0	0	0	0	0	0	0	0	0	0	0	0	0	0	0	0	0	0	0	0	0	0	0	0	4
GF2_A1_day28	0	0	0	0	0	0	0	0	0	0	0	0	0	0	0	0	0	0	9.12453	0	0	1.65623	0	0	0	0	0	0	0	0	0	0	0	0	0	0	0	0	0	0	0	0	0	0	0.13491	0	0	89.08434	0	0	0	0	0	0	0	0	0	0	0	0	0	0	0	0	0	0	0	0	0	0	0	0	0	0	0	0	0	0	0	0	0	0	0	0	0	0	0	0	0	0	4
GF2_A4_day28	0	0	0	0	0	0	0	0	0	0	0	0	0	0	0	0	0	0	17.44126	0	0	2.84462	0	0	0	0	0	0	0	0	0	0	0	0	0	0	0	0	0	0	0	0	0	0	0.17214	0	0	79.54198	0	0	0	0	0	0	0	0	0	0	0	0	0	0	0	0	0	0	0	0	0	0	0	0	0	0	0	0	0	0	0	0	0	0	0	0	0	0	0	0	0	0	4
GF2_A4_day31	0	0	0	0	0	0	0	0	0	0	0	0	0	0	0	0	0	0	24.65507	0	0	1.3794	0	0	0	0	0	0	0	0	0	0	0	0	0	0	0	0	0	0	0	0	0	0	1.78832	0	0	72.1772	0	0	0	0	0	0	0	0	0	0	0	0	0	0	0	0	0	0	0	0	0	0	0	0	0	0	0	0	0	0	0	0	0	0	0	0	0	0	0	0	0	0	4
GF20_d164_b4	0	0	0	0	0	0	0	0	0	0	0	0	0	0	0	0	0	0	20.51224	0	0	3.38487	0	0	0	0	0	0	0	0	0	0	0	0	0	0	0	0	0	0	0	0	0	0	0	0	0	51.771	0	0	0	0	24.33189	0	0	0	0	0	0	0	0	0	0	0	0	0	0	0	0	0	0	0	0	0	0	0	0	0	0	0	0	0	0	0	0	0	0	0	0	0	4
GF20_d170_c1	0	0	0	0	0	0	0	0	0	0	0	0	0	0	0	0	0	0	56.90143	0	0	3.47588	0	0	0	0	0	0	0	0	0	0	0	0	0	0	0	0	0	0	0	0	0	0	0	0	0	33.61783	0	0	0	0	6.00486	0	0	0	0	0	0	0	0	0	0	0	0	0	0	0	0	0	0	0	0	0	0	0	0	0	0	0	0	0	0	0	0	0	0	0	0	0	4
GF20_d170_c2	0	0	0	0	0	0	0	0	0	0	0	0	0	0	0	0	0	0	89.82192	0	0	4.14588	0	0	0	0	0	0	0	0	0	0	0	0	0	0	0	0	0	0	0	0	0	0	0	0	0	1.37784	0	0	0	0	0	4.65436	0	0	0	0	0	0	0	0	0	0	0	0	0	0	0	0	0	0	0	0	0	0	0	0	0	0	0	0	0	0	0	0	0	0	0	0	4
GF20_d170_c5	0	0	0	0	0	0	0	0	0	0	0	0	0	0	0	0	0	0	47.49813	0	0	10.14151	0	0	0	0	0	0	0	0	0	0	0	0	0	0	0	0	0	0	0	0	0	0	0	0	0	0	0	0	0	0	37.02736	0	0	0	0	0	0	0	0	0	0	0	0	5.33301	0	0	0	0	0	0	0	0	0	0	0	0	0	0	0	0	0	0	0	0	0	0	0	0	4
GF20_d170_c6	0	0	0	0	0	0	0	0	0	0	0	0	0	0	0	0	0	0	7.42839	0	0	0	0	0	0	0	0	0	0	0	0	0	0	0	0	0	0	0	0	0	0	0	0	0	0	0	0	0	0	0	0	0	53.21086	17.74842	0	0	0	0	0	0	0	0	0	0	0	21.61233	0	0	0	0	0	0	0	0	0	0	0	0	0	0	0	0	0	0	0	0	0	0	0	0	4
GF20_d170_c7	0	0	0	0	0	0	0	0	0	0	0	0	0	0	0	0	0	0	84.50972	0	0	14.07817	0	0	0	0	0	0	0	0	0	0	0	0	0	0	0	0	0	0	0	0	0	0	0	0	0	0.61551	0	0	0	0	0	0	0	0	0	0	0	0	0	0	0	0	0	0.7966	0	0	0	0	0	0	0	0	0	0	0	0	0	0	0	0	0	0	0	0	0	0	0	0	4
GF20_d170_c8	0	0	0	0	0	0	0	0	0	0	0	0	0	0	0	0	0	0	43.17086	0	0	4.81817	0	0	0	0	0	0	0	0	0	0	0	0	0	0	0	0	0	0	0	0	0	0	0	0	0	0	0	0	0	0	46.56243	5.44853	0	0	0	0	0	0	0	0	0	0	0	0	0	0	0	0	0	0	0	0	0	0	0	0	0	0	0	0	0	0	0	0	0	0	0	0	4
GF20_d33_b3	0	0	0	0	0	0	0	0	0	0	0	0	0	0	0	0	0	0	86.24114	0	0	9.67467	0	0	0	0	0	0	0	0	0	0	0	0	0	0	0	0	0	0	0	0	0	0	0.52866	0	0	3.55553	0	0	0	0	0	0	0	0	0	0	0	0	0	0	0	0	0	0	0	0	0	0	0	0	0	0	0	0	0	0	0	0	0	0	0	0	0	0	0	0	0	0	4
GF20_d40_c5	0	0	0	0	0	0	0	0	0	0	0	0	0	0	0	0	0	0	19.27222	0	0	0	0	0	0	0	0	0	0	0	0	0	22.29006	0	0	0	0	0	0	0	0	0	0	0	4.45957	0	0	53.97815	0	0	0	0	0	0	0	0	0	0	0	0	0	0	0	0	0	0	0	0	0	0	0	0	0	0	0	0	0	0	0	0	0	0	0	0	0	0	0	0	0	0	4
GF20_d81_a2	0	0	0	0	0	0	0	0	0	0	0	0	0	0	0	0	0	0	0	0	0	0	0	0	0	0	0	0	0	0	0	0	6.27838	0	0	0	0	0	0	0	0	0	0	0	9.84517	0	0	18.4393	0	0	0	0	0	0	0	0	0	0	0	0	0	0	0	0	0	65.43715	0	0	0	0	0	0	0	0	0	0	0	0	0	0	0	0	0	0	0	0	0	0	0	0	4
GF20_d81_a6	0	0	0	0	0	0	0	0	0	0	0	0	0	0	0	0	0	0	0	0	0	0	0	0	0	0	0	0	0	0	0	0	15.377	0	0	0	0	0	0	0	0	0	0	0	7.95975	0	0	34.69065	0	0	0	0	0	0	0	0	0	0	0	0	0	0	0	0	0	41.9726	0	0	0	0	0	0	0	0	0	0	0	0	0	0	0	0	0	0	0	0	0	0	0	0	4
GF23_d36_c4	0	0	0	0	0	0	0	0	0	0	0	0	0	0	0	0	0	0	0	0	0	0	0	0	0	0	0	0	0	0	0	0	4.01901	0	2.12724	0	0	0	0	0	0	0	0	0	0	0	0	7.42892	0	0	0	86.42483	0	0	0	0	0	0	0	0	0	0	0	0	0	0	0	0	0	0	0	0	0	0	0	0	0	0	0	0	0	0	0	0	0	0	0	0	0	0	4
GF23_d52_a9	0	0	0	0	0	0	0	0	0	0	0	0	0	0	0	0	0	0	0	0	0	0	0	0	0	0	0	0	0	0	0	0	0	0	0	0	0	0	0	0	0	0	0	0	0.61549	0	0	0	0	0	0	88.57919	0	9.91781	0.88752	0	0	0	0	0	0	0	0	0	0	0	0	0	0	0	0	0	0	0	0	0	0	0	0	0	0	0	0	0	0	0	0	0	0	0	4
GF3_C4_day32	0	0	0	0	0	0	0	0	0	0	0	0	0	0	0	0	0	0	20.64523	0	0	2.89477	0	0	0	0	0	0	0	0	0	0	0	0	0	0	0	0	0	0	0	0	0	0	4.23	0	0	72.23	0	0	0	0	0	0	0	0	0	0	0	0	0	0	0	0	0	0	0	0	0	0	0	0	0	0	0	0	0	0	0	0	0	0	0	0	0	0	0	0	0	0	4
GF4_B1_D36	0	0	0	0	0	0	0	0	0	0	0	0	0.59973	0	0	0	0	0	0	0	0	0	0	0	0	0	0	0	0	0	0	0	0.21018	0	0	0	0	0	0	0	0	0	0	0	86.78923	0	0	12.40086	0	0	0	0	0	0	0	0	0	0	0	0	0	0	0	0	0	0	0	0	0	0	0	0	0	0	0	0	0	0	0	0	0	0	0	0	0	0	0	0	0	0	4
GF4_B4_d35	0	0	0	0	0	0	0	0	0	0	0	0	10.58381	0	0	0	0	0	0	0	0	0	0.85417	0	0	0	0	0	0	0	0	0	0.07612	0	0	0	0	0	0	0	0	0	0	0	88.48589	0	0	0	0	0	0	0	0	0	0	0	0	0	0	0	0	0	0	0	0	0	0	0	0	0	0	0	0	0	0	0	0	0	0	0	0	0	0	0	0	0	0	0	0	0	4
GF5_A1_D81	0	0	0	0	0	0	0	0	0	0	0	0	0.33733	0	0	0	0	3.38916	0	0	0	0	0	0	0	0	0	0	0	0	0	0	0	0	0	0	0	0	0	0	0	0	0	0	1.85156	0	0	94.42195	0	0	0	0	0	0	0	0	0	0	0	0	0	0	0	0	0	0	0	0	0	0	0	0	0	0	0	0	0	0	0	0	0	0	0	0	0	0	0	0	0	0	4
GF5_A7_D46	0	0	0	0	0	0	0	0	0	0	0	0	0.9025	0	0	0	0	85.64787	0	0	0	0	0	0	0	0	0	0	0	0	0	0	0	0	0	0	0	0	0	0	0	0	0	0	8.03493	0	0	0	0	0	0	0	0	5.4147	0	0	0	0	0	0	0	0	0	0	0	0	0	0	0	0	0	0	0	0	0	0	0	0	0	0	0	0	0	0	0	0	0	0	0	0	4
GF5_A7_D83	0	0	0	0	0	0	0	0	0	0	0	0	0	0	0	0	0	0	0	0	0	0	13.80239	0	0	0	30.53931	0	0	0	0	0	51.10941	0	4.54889	0	0	0	0	0	0	0	0	0	0	0	0	0	0	0	0	0	0	0	0	0	0	0	0	0	0	0	0	0	0	0	0	0	0	0	0	0	0	0	0	0	0	0	0	0	0	0	0	0	0	0	0	0	0	0	4
GF5_B3_D79	0	0	0	0	0	0	0	0	0	0	0	0	0.11946	0	0	0	0	8.38134	0	0	0	0	0	0	0	0	0	0	0	0	0	0	0	0	0	0	0	0	0	0	0	0	0	0	2.27953	0	0	89.21966	0	0	0	0	0	0	0	0	0	0	0	0	0	0	0	0	0	0	0	0	0	0	0	0	0	0	0	0	0	0	0	0	0	0	0	0	0	0	0	0	0	0	4
GF5_C1_COLON_190815	0	0	0	0	0	0	0	0	0	0	0	0	0	0	0	0	0	0	0	0	0	0	2.51431	0	0	0	0	0	0	0	0	0	11.65031	0	7.01861	0	0	0	0	0	0	0	0	0	0	0	0	0	0	0	0	78.81677	0	0	0	0	0	0	0	0	0	0	0	0	0	0	0	0	0	0	0	0	0	0	0	0	0	0	0	0	0	0	0	0	0	0	0	0	0	0	4
GF5_C5_D47	0	0	0	0	0	0	0	0	0	0	0	0	2.37838	0	0	0	0	89.50904	0	0	0	0	0	0	0	0	0	0	0	0	0	0	0	0	0	0	0	0	0	0	0	0	0	0	1.37569	0	0	0	0	0	0	0	0	6.73689	0	0	0	0	0	0	0	0	0	0	0	0	0	0	0	0	0	0	0	0	0	0	0	0	0	0	0	0	0	0	0	0	0	0	0	0	4
GF6_A8_D51	0	0	0	0	0	0	0	0	0	0	0	0	1.70156	0	0	0	0	0	0	0	0	0	0	0	0	0	0	0	0	0	0	0	0	0	0	0	0	0	0	0	0	0	0	0	5.99787	0	0	79.89322	0	0	0	0	0	12.40735	0	0	0	0	0	0	0	0	0	0	0	0	0	0	0	0	0	0	0	0	0	0	0	0	0	0	0	0	0	0	0	0	0	0	0	0	4
GF6_B7_D90	0	0	0	0	0	0	0	0	0	0	0	0	62.42619	0	0	0	0	0	0	0	0	0	0	0	0	0	0	0	0	0	0	0	0	0	0	0	0	0	0	0.2908	0	0	0	0	36.89766	0	0	0	0.38536	0	0	0	0	0	0	0	0	0	0	0	0	0	0	0	0	0	0	0	0	0	0	0	0	0	0	0	0	0	0	0	0	0	0	0	0	0	0	0	0	0	4
GF7_C3_D34	0	0	0	0	0	0	0	0	0	0	0	0	0	0	0	0	0	0	0	0	0	0	5.73106	0	0	0	0	0	0	5.13201	0	0	0	0	0	0	0	0	0	0	0	0	0	0	89.02347	0	0	0	0	0	0	0	0	0	0	0	0	0	0	0	0	0	0	0	0	0	0	0	0	0	0	0	0	0.11346	0	0	0	0	0	0	0	0	0	0	0	0	0	0	0	0	4
GF8_C5_D30	0	0	0	0	0	0	0	0	0	0	0	0	0	0	0	0	0	0	0	0	0	0	0.12173	0	0	0	0	0	0	0	0	0	0	0.81135	0	0	0	0	0	0	0	0	0	0	0.27877	0	0	0	0	0	0	98.78815	0	0	0	0	0	0	0	0	0	0	0	0	0	0	0	0	0	0	0	0	0	0	0	0	0	0	0	0	0	0	0	0	0	0	0	0	0	0	4
Gn3_A3_Stool_DoL10	0	0	0	0	0	0	0	0	0	0	0	0	0	0	0	0	0	0	0	0	0	0	0	0	0	0	0	0	0	0	0	0	0	0	0	0	0	0	0	0	0	0	0	0	1.7141	0	0	2.35455	0	0	0	94.22995	0	0	1.7014	0	0	0	0	0	0	0	0	0	0	0	0	0	0	0	0	0	0	0	0	0	0	0	0	0	0	0	0	0	0	0	0	0	0	0	4
Gn3_A3_Stool_DoL11	0	0	0	0	0	0	0	0	0	0	0	0	0	0	0	0	0	0	0	0	0	0	0	0	0	0	0	0	0	0	0	0	0	0	0	0	0	0	0	0	0	0	0	0	2.78062	0	0	13.75634	0	0	0	81.97145	0	0	1.49159	0	0	0	0	0	0	0	0	0	0	0	0	0	0	0	0	0	0	0	0	0	0	0	0	0	0	0	0	0	0	0	0	0	0	0	4
Gn3_A5_Stool_Dol10	0	0	0	0	0	0	0	0	0	0	0	0	0	0	0	0	0	0	0	0	0	0	0	0	0	0	0	0	0	0	0	0	0	0	0	0	0	0	0	0	0	0	0	0	2.07824	0	0	7.29638	0	0	0	89.59335	0	0	1.03203	0	0	0	0	0	0	0	0	0	0	0	0	0	0	0	0	0	0	0	0	0	0	0	0	0	0	0	0	0	0	0	0	0	0	0	4
Gn3_A5_Stool_dol12	0	0	0	0	0	0	0	0	0	0	0	0	0	0	0	0	0	0	0	0	0	0	0	0	0	0	0	0	0	0	0	0	0	0	0	0	0	0	0	0	0	0	0	0	2.56968	0	0	14.5137	0	0	0	82.59656	0	0	0.32006	0	0	0	0	0	0	0	0	0	0	0	0	0	0	0	0	0	0	0	0	0	0	0	0	0	0	0	0	0	0	0	0	0	0	0	4
Gn3_AB7_Stool	0	0	0	0	0	0	0	0	0	0	0	0	0	0	0	0	0	0	0	0	0	0	0	0	0	0	0	0	0	0	0	0	0	0	0	0	0	0	0	0	0	0	0	0	3.44766	0	0	68.06685	0	0	0	0	0	4.56992	0	0	0	0	0	0	0	0	0	0	0	0	0	0	0	0	0	0	0	23.91557	0	0	0	0	0	0	0	0	0	0	0	0	0	0	0	0	4
Gn3_B14_Stool	0	0	0	0	0	0	0	0	0	0	0	0	0.06492	0	0	0	0	0	0	0	0	0	0	0	0	0	0	0	0	0	0	0	0	0	0	0	0	0	0	0	0	0	0	0	2.78565	0	0	93.51752	0	0	0	0	0	3.63191	0	0	0	0	0	0	0	0	0	0	0	0	0	0	0	0	0	0	0	0	0	0	0	0	0	0	0	0	0	0	0	0	0	0	0	0	4
Gn3_B6_Stool	0	0	0	0	0	0	0	0	0	0	0	0	1.01777	0	0	0	0	0	0	0	0	0	0	0	0	0	0	0	0	0	0	0	0	0	0	0	0	0	0	0	0	0	0	0	10.83665	0	0	0	0	0	0	0	0	87.97477	0.17081	0	0	0	0	0	0	0	0	0	0	0	0	0	0	0	0	0	0	0	0	0	0	0	0	0	0	0	0	0	0	0	0	0	0	0	4
Gn4_I_Innoc	0	0	0	0	0	0	0	0	0	0	0	0	33.57878	0	0	0	0	0	0	0	0	0	0	0	0	0	0	0	0	0	0	0	0	0	0	0	0	0	0	0	0	0	0	0	0	0	0	0	0	0	0	0	0	0	0	0	0	0	0	0	0	0	0	0	0	0	0	0	0	0	0	0	0	0	0	63.31304	0	0	0	0.13755	0	0	2.97064	0	0	0	0	0	0	0	4
gnoto2_BM4_d10	0	0	0	0	0	0	0	0	0	0	0	0	88.6495	0	0	0	0	0	0	0	0	0	0.39968	0	0	0	0	0	0	0	0	0	0	0	0	0	0	0	0	0	0	0	0	0	2.18515	0	0	8.76568	0	0	0	0	0	0	0	0	0	0	0	0	0	0	0	0	0	0	0	0	0	0	0	0	0	0	0	0	0	0	0	0	0	0	0	0	0	0	0	0	0	0	4
gnoto2_BP2_d10	0	0	0	0	0	0	0	0	0	0	0	0	0.80874	0	0	0	0	0	0	0	0	0	0.38964	0	0	0	0	0	0	0	0	0	0	0	0	0	0	0	0	0	0	0	0	0	26.69404	0	0	72.10759	0	0	0	0	0	0	0	0	0	0	0	0	0	0	0	0	0	0	0	0	0	0	0	0	0	0	0	0	0	0	0	0	0	0	0	0	0	0	0	0	0	0	4
B6-d29	0	0	0	0	0	0	0	0	0	0	0	0	0	0	0	0	0	0	0	0	0	0	0	0	0	0	0	0	0	0	0	0	0	0	0	0	0	0	0	0	0	0	0	0	0.93581	0	0	0.10126	0	0	0	98.01057	0.03097	0	0.92139	0	0	0	0	0	0	0	0	0	0	0	0	0	0	0	0	0	0	0	0	0	0	0	0	0	0	0	0	0	0	0	0	0	0	0	5
CONV_MERO2_COLON	0	0	0	0	0	0	0	0	0	0	7.40531	7.16603	0	0	0	0	0	0	0	0	0	0	42.2165	0	0	0	0	0	0	0	0	0	0	0	0	0	0	0	0	0	0	0	0	0	22.99994	20.21221	0	0	0	0	0	0	0	0	0	0	0	0	0	0	0	0	0	0	0	0	0	0	0	0	0	0	0	0	0	0	0	0	0	0	0	0	0	0	0	0	0	0	0	0	5
CONV_PBS4_COLON	0	0	0	0	0	13.50345	0	0	0	0	0.49262	54.30185	0	0	0	0	0	0	0	0	0	0	0	0	0	0	0	29.27232	0	0	0	0	0	0	0	0	0	0	0	0	0	0	0	0	0	0	0	0	0	0	0	0	0	0	0	0	0	0	0	0	0	0	0	0	0	0	0	0	0	2.42976	0	0	0	0	0	0	0	0	0	0	0	0	0	0	0	0	0	0	0	0	5
GF10_A1_d101	0	0	0	0	0	0	0	0	0	0	0	0	0	0	0	0	0	0	0	0	0	0	0.32224	0	0	0	0	0	0	0	0	0	0	0	0	0	0	0	0	0	0	0	0	0	24.66459	0	0	0.58676	0	0	0	73.90847	0	0	0.51793	0	0	0	0	0	0	0	0	0	0	0	0	0	0	0	0	0	0	0	0	0	0	0	0	0	0	0	0	0	0	0	0	0	0	0	5
GF10_A1_d104_colon	0	0	0	0	0	0	0	0	0	0	0	0	0	0	0	0	0	0	0	0	0	0	6.88464	0	0	0	0	0	0	30.47976	0	0	0	57.83302	1.65215	0	0	0	0	0	0	0	0	0	0	0	0	3.15043	0	0	0	0	0	0	0	0	0	0	0	0	0	0	0	0	0	0	0	0	0	0	0	0	0	0	0	0	0	0	0	0	0	0	0	0	0	0	0	0	0	0	5
GF10_A3_d80_colon	0	0	0	0	0	0	0	0	0	0	0	0	0	0	0	0	0	0	0	0	0	0	1.7527	0	0	0	0	0	0	1.01102	0	0	0	0	1.98778	0	0	0	0	0	0	0	0	0	0.44522	0	0	0	0	0	0	94.80328	0	0	0	0	0	0	0	0	0	0	0	0	0	0	0	0	0	0	0	0	0	0	0	0	0	0	0	0	0	0	0	0	0	0	0	0	0	0	5
GF10_C2_d103	0	0	0	0	0	0	0	0	0	0	0	0	0	0	0	0	0	0	0	0	0	0	10.95255	0	0	0.69488	0	0	0	22.40885	0	0	0	0	0	0	0	0	0	0	0	0	0	0	0.02098	0	0	0	0	0	0	65.92274	0	0	0	0	0	0	0	0	0	0	0	0	0	0	0	0	0	0	0	0	0	0	0	0	0	0	0	0	0	0	0	0	0	0	0	0	0	0	5
GF10_C5_d101	0	0	0	0	0	0	0	0	0	0	0	0	0	0	0	0	0	0	0	0	0	0	0.1615	0	0	0	0	0	0	0	0	0	0	1.20562	0	0	0	0	0	0	0	0	0	0	1.49395	0	0	0.28917	0	0	0	96.84976	0	0	0	0	0	0	0	0	0	0	0	0	0	0	0	0	0	0	0	0	0	0	0	0	0	0	0	0	0	0	0	0	0	0	0	0	0	0	5
GF10_C6_COLON_D55	0	0	0	0	0	0	0	0	0	0	0	0	0	0	0	0	0	0	17.83873	0	0	0	0	0	0	0	0	0	0	0.79117	0	0	0	0	0	0	0	0	0	0	0	0	0	0	0.72318	0	0	34.28	0	0	0	46.36692	0	0	0	0	0	0	0	0	0	0	0	0	0	0	0	0	0	0	0	0	0	0	0	0	0	0	0	0	0	0	0	0	0	0	0	0	0	0	5
GF10_C8_d101	0	0	0	0	0	0	0	0	0	0	0	0	0	0	0	0	0	0	0	0	0	0	0.15488	0	0	0	0	0	0	0	0	0	0	0.61946	0	0	0	0	0	0	0	0	0	0	1.36398	0	0	0.37949	0	0	0	97.48219	0	0	0	0	0	0	0	0	0	0	0	0	0	0	0	0	0	0	0	0	0	0	0	0	0	0	0	0	0	0	0	0	0	0	0	0	0	0	5
GF10_C8_d103	0	0	0	0	0	0	0	0	0	0	0	0	0	0	0	0	0	0	0	0	0	0	24.72295	0	0	0	0	0	0	22.60431	0	0	0	0	0	0	0	0	0	0	0	0	0	0	30.02357	0	0	20.33308	0	0	0	2.3161	0	0	0	0	0	0	0	0	0	0	0	0	0	0	0	0	0	0	0	0	0	0	0	0	0	0	0	0	0	0	0	0	0	0	0	0	0	0	5
GF11_A5_D35	0	0	0	0	0	0	0	0	0	0	0	0	15.51447	0	0	0	0	0	72.33224	0	0	7.1879	0	0	0	0	0	0	0	0	0	0	0	0	0	0	0	0	0	0	0	0	0	0	3.30513	0	0	1.66026	0	0	0	0	0	0	0	0	0	0	0	0	0	0	0	0	0	0	0	0	0	0	0	0	0	0	0	0	0	0	0	0	0	0	0	0	0	0	0	0	0	0	5
GF11_B4_D35	0	0	0	0	0	0	0	0	0	0	0	0	2.84686	0	0	0	0	0	64.71269	0	0	7.3482	0	0	0	0	0	0	0	0	0	0	0	0	0	0	0	0	0	0	0	0	0	0	13.79192	0	0	11.30034	0	0	0	0	0	0	0	0	0	0	0	0	0	0	0	0	0	0	0	0	0	0	0	0	0	0	0	0	0	0	0	0	0	0	0	0	0	0	0	0	0	0	5
GF11_B5_d71	0	0	0	0	0	0	0	0	0	0	0	0	0.80902	0	0	0	0	0	68.93484	0	0	8.01567	0.02208	0	0	0	0	0	0	0	0	0	0	0	0	0	0	0	0	0	0	0	0	0	22.21839	0	0	0	0	0	0	0	0	0	0	0	0	0	0	0	0	0	0	0	0	0	0	0	0	0	0	0	0	0	0	0	0	0	0	0	0	0	0	0	0	0	0	0	0	0	5
GF11_B6_d71	0	0	0	0	0	0	0	0	0	0	0	0	0.4296	0	0	0	0	0	24.97998	0	0	0.89244	0	0	0	0	0	0	0	0	0	0	0	0	0	0	0	0	0	0	0	0	0	0	0.35668	0	0	73.34129	0	0	0	0	0	0	0	0	0	0	0	0	0	0	0	0	0	0	0	0	0	0	0	0	0	0	0	0	0	0	0	0	0	0	0	0	0	0	0	0	0	0	5
GF11_B7_d71	0	0	0	0	0	0	0	0	0	0	0	0	1.75825	0	0	0	0	0	23.41494	0	0	2.47042	0	0	0	0	0	0	0	0	0	0	0	0	0	0	0	0	0	0	0	0	0	0	5.95436	0	0	66.40203	0	0	0	0	0	0	0	0	0	0	0	0	0	0	0	0	0	0	0	0	0	0	0	0	0	0	0	0	0	0	0	0	0	0	0	0	0	0	0	0	0	0	5
GF11_C4_d74_colon	0	0	0	0	0	0	0	0	0	0	0	0	0	0	0	0	0	0	0	0	0	0	31.12336	0	0	0	0	0	0	0	0	4.87878	14.33406	0	0	0	0	0	0	0	0	0	0	0	0	0	0	47.53634	0	0	0	0	0	0	0	0	0	0	0	0	0	0	0	0	0	2.12745	0	0	0	0	0	0	0	0	0	0	0	0	0	0	0	0	0	0	0	0	0	0	0	0	5
GF11_C7_d71	0	0	0	0	0	0	0	0	0	0	0	0	1.9835	0	0	0	0	0	85.33641	0	0	11.04698	0	0	0	0	0	0	0	0	0	0	0	0	0	0	0	0	0	0	0	0	0	0	1.52821	0	0	0.10491	0	0	0	0	0	0	0	0	0	0	0	0	0	0	0	0	0	0	0	0	0	0	0	0	0	0	0	0	0	0	0	0	0	0	0	0	0	0	0	0	0	0	5
GF12_A4_d76_colon	0	0	0	0	0	0	0	0	0	0	0	0	0	0	0	0	0	0	0	0	0	0	11.57441	0	0	0	12.96643	0	0	61.07272	0	5.36061	9.02583	0	0	0	0	0	0	0	0	0	0	0	0	0	0	0	0	0	0	0	0	0	0	0	0	0	0	0	0	0	0	0	0	0	0	0	0	0	0	0	0	0	0	0	0	0	0	0	0	0	0	0	0	0	0	0	0	0	5
GF12_A5_d34_colon	0	0	0	0	0	0	0	0	0	0	0	0	0	0	0	0	0	0	0	0	0	0	35.67469	0	0	0	18.85577	0	0	12.42454	0	0	2.09237	0	30.95262	0	0	0	0	0	0	0	0	0	0	0	0	0	0	0	0	0	0	0	0	0	0	0	0	0	0	0	0	0	0	0	0	0	0	0	0	0	0	0	0	0	0	0	0	0	0	0	0	0	0	0	0	0	0	0	5
GF12_B1_d79	0	0	0	0	0	0	0	0	0	0	0	0	0	0	0	0	0	0	0	0	0	0	0.88016	0	0	0	0	0	0	0	0	0	0	0.35812	0	0	0	0	0	0	0	0	0	0	86.45192	0	0	0	0	0	0	0	0	0	0	0	0	0	0	0	0	0	0	0	0	0	0	0	0	0	0	0	0	0	0	0	0	0	0	12.13151	0	0.17829	0	0	0	0	0	0	0	0	5
GF12_B4_d79	0	0	0	0	0	0	0	0	0	0	0	0	0	0	0	0	0	0	0	0	0	0	2.34736	0	0	0	0	0	0	0	0	0	0.20321	0.20236	0	0	0	0	0	0	0	0	0	0	35.98468	0	0	0	0	0	0	0	0	0	0	0	0	0	0	0	0	0	0	0	0	0	0	0	0	0	0	0	0	0	0	0	0	0	0	61.2624	0	0	0	0	0	0	0	0	0	0	5
GF13_B4_d32	0	0	0	0	0	0	0	0	0	0	0	0	0	0	0	0	0	0	0	0	0	0.06243	0	0	0	0	0	0	0	0	0	0	0	0	0	0	0	0	0	0	0	0	0	0	0	0	0	85.45056	0	0	0	0	0	0	10.96235	0.27262	3.25204	0	0	0	0	0	0	0	0	0	0	0	0	0	0	0	0	0	0	0	0	0	0	0	0	0	0	0	0	0	0	0	0	0	5
GF14_A4_d94_stool	0	0	0	0	0	0	0	0	0	0	0	0	0	0	0	0	0	0	0	0	0	0	0.17085	0	0	0	0	0	0	0	0	0	0	0	0	0	0	0	0	0	0	0	0	0	0.55803	0	0	91.86665	0	0	0	7.25304	0	0	0.15142	0	0	0	0	0	0	0	0	0	0	0	0	0	0	0	0	0	0	0	0	0	0	0	0	0	0	0	0	0	0	0	0	0	0	0	5
GF14_A5_d32	0	0	0	0	0	0	0	0	0	0	0	0	0	0	0	0	0	0	0	0	0	0	0.91964	0	0	0	0	0	0	0	0	0	0	0	0	0	0	0	0	0	0	0	0	0	2.06992	0	0	73.70894	0	0	0	21.22083	0	2.08067	0	0	0	0	0	0	0	0	0	0	0	0	0	0	0	0	0	0	0	0	0	0	0	0	0	0	0	0	0	0	0	0	0	0	0	0	5
GF14_A5_d96_16_stool	0	0	0	0	0	0	0	0	0	0	0	0	0	0	0	0	0	0	0	0	0	0	1.26719	0	0	0	0	0	0	0	0	0	2.55127	0	0	0	0	0	0	0	0	0	0	0	2.7084	0	0	90.38569	0	0	0	3.08745	0	0	0	0	0	0	0	0	0	0	0	0	0	0	0	0	0	0	0	0	0	0	0	0	0	0	0	0	0	0	0	0	0	0	0	0	0	0	5
GF14_A5_d96_stool	0	0	0	0	0	0	0	0	0	0	0	0	0	0	0	0	0	0	0	0	0	0	1.14471	0	0	0	0	0	0	0	0	0	0.01665	0	0	0	0	0	0	0	0	0	0	0	3.71285	0	0	91.0931	0	0	0	4.03269	0	0	0	0	0	0	0	0	0	0	0	0	0	0	0	0	0	0	0	0	0	0	0	0	0	0	0	0	0	0	0	0	0	0	0	0	0	0	5
GF14_A6_d94_stool	0	0	0	0	0	0	0	0	0	0	0	0	0	0	0	0	0	0	0	0	0	0	0.31496	0	0	0	0	0	0	0	0	0	0	0	0	0	0	0	0	0	0	0	0	0	0.20431	0	0	0.8105	0	0	0	96.56452	0	0	2.10571	0	0	0	0	0	0	0	0	0	0	0	0	0	0	0	0	0	0	0	0	0	0	0	0	0	0	0	0	0	0	0	0	0	0	0	5
GF14_A7_d32	0	0	0	0	0	0	0	0	0	0	0	0	0	0	0	0	0	0	0	0	0	0	0.75899	0	0	0	0	0	0	0	0	0	0	0.04273	0	0	0	0	0	0	0	0	0	0	1.82126	0	0	84.02281	0	0	0	13.35421	0	0	0	0	0	0	0	0	0	0	0	0	0	0	0	0	0	0	0	0	0	0	0	0	0	0	0	0	0	0	0	0	0	0	0	0	0	0	5
GF14_A7_d94_stool	0	0	0	0	0	0	0	0	0	0	0	0	0	0	0	0	0	0	0	0	0	0	0.23331	0	0	0	0	0	0	0	0	0	0	0	0	0	0	0	0	0	0	0	0	0	1.47639	0	0	0.81988	0	0	0	96.29053	0	0	1.17989	0	0	0	0	0	0	0	0	0	0	0	0	0	0	0	0	0	0	0	0	0	0	0	0	0	0	0	0	0	0	0	0	0	0	0	5
GF14_b1_d95_colon	0	0	0	0	0	0	0	0	0	0	0	0	0	0	0	0	0	0	11.39238	0	0	3.42914	0	0	0	0	0	0	0	0	0	0	0	0	0	0	0	0	0	0	0	0	0	0	0	0	0	0	0	0	0	54.01124	30.76993	0	0.39731	0	0	0	0	0	0	0	0	0	0	0	0	0	0	0	0	0	0	0	0	0	0	0	0	0	0	0	0	0	0	0	0	0	0	0	5
GF14_c2_d130_colon	0	0	0	0	0	0	0	0	0	0	0	0	0	0	0	0	0	0	0	0	0	0	0	0	0	0	0	0	0	0	0	0	0	0	0	0	0	0	0	0	0	0	0	0	0.16994	0	0	55.20435	0	0	0	22.96042	0	18.23408	0	0	0	0	0	0	0	0	0	0	0	0	0	0	0	0	0	0	0	3.4312	0	0	0	0	0	0	0	0	0	0	0	0	0	0	0	0	5
GF14_d67_A7_stool	0	0	0	0	0	0	0	0	0	0	0	0	0	0	0	0	0	0	0	0	0	0	0	0	0	0	0	0	0	0	0	0	0	0	0	0	0	0	0	0	0	0	0	0	0	0	0	24.27893	0	0	0	32.42128	0	0	0.6097	0	0	0	0	0	0	0	0	0	0	0	0	0	0	0	0	0	0.77733	41.91276	0	0	0	0	0	0	0	0	0	0	0	0	0	0	0	0	5
GF14_d89_B1_stool	0	0	0	0	0	0	0	0	0	0	0	0	0	0	0	0	0	0	0	0	0	0	0.94362	0	0	0	0	0	0	0	0	0	0	0	0	0	0	0	0	0	0	0	0	0	3.04599	0	0	0	0	0	0	94.29133	0	1.31492	0.40415	0	0	0	0	0	0	0	0	0	0	0	0	0	0	0	0	0	0	0	0	0	0	0	0	0	0	0	0	0	0	0	0	0	0	0	5
GF14_d91_B2_stool	0	0	0	0	0	0	0	0	0	0	0	0	0	0	0	0	0	0	0	0	0	0	0.53846	0	0	0	0	0	0	0	0	0.05535	0	0	0	0	0	0	0	0	0	0	0	0	0.93926	0	0	0	0	0	0	97.71957	0	0.74736	0	0	0	0	0	0	0	0	0	0	0	0	0	0	0	0	0	0	0	0	0	0	0	0	0	0	0	0	0	0	0	0	0	0	0	0	5
GF15_A7_d108_colon	0	0	0	0	0	0	0	0	0	0	0	0	5.3241	0	0	0	0	0	0	0	0	0	0	0	0	0	0	0	0	0	0	0	0	0	0	0	0	0	0	0	0	0	0	0	0	0	0	33.37838	0	0	0	34.30932	19.65186	7.33633	0	0	0	0	0	0	0	0	0	0	0	0	0	0	0	0	0	0	0	0	0	0	0	0	0	0	0	0	0	0	0	0	0	0	0	0	5
GF15_A8_d108_colon	0	0	0	0	0	0	0	0	0	0	0	0	1.24545	0	0	0	0	0	0	0	0	0	0	0	0	0	0	0	0	0	0	0	0	0	0	0	0	0	0	0	0	0	0	0	0	0	0	0	0	0	0	7.37546	30.08386	7.25732	0	0	0	0	0	0	0	0	0	0	0	54.0379	0	0	0	0	0	0	0	0	0	0	0	0	0	0	0	0	0	0	0	0	0	0	0	0	5
GF15_b2_d94_stool	0	0	0	0	0	0	0	0	0	0	0	0	0.30691	0	0	0	0	0	0	0	0	0	0	0	0	0	0	0	0	0	0	0	0	0	0	0	0	0	0	0	0	0	0	0	3.97744	0	0	46.73294	0	0	0	47.7309	0	0	1.25181	0	0	0	0	0	0	0	0	0	0	0	0	0	0	0	0	0	0	0	0	0	0	0	0	0	0	0	0	0	0	0	0	0	0	0	5
GF15_b2_d97_colon	0	0	0	0	0	0	0	0	0	0	0	0	0	0	0	0	0	0	0	0	0	0	0	0	0	0	0	0	0	0	0	0	0	0	0	0	0	0	0	0	0	0	0	0	0	0	0	21.16904	0	0	0	23.43824	32.41151	3.28567	0	0	0	0	0	0	0	0	0	0	0	19.69555	0	0	0	0	0	0	0	0	0	0	0	0	0	0	0	0	0	0	0	0	0	0	0	0	5
GF15_B3_d35_colon	0	0	0	0	0	0	0	0	0	0	0	0	0	0	0	0	0	0	0.57365	0	0	0	0	0	0	0	0	0	0	0	0	0	0	0	0	0	0	0	0	0	0	0	0	0	0	0	0	64.27043	0	0	0	15.19257	14.85821	5.10514	0	0	0	0	0	0	0	0	0	0	0	0	0	0	0	0	0	0	0	0	0	0	0	0	0	0	0	0	0	0	0	0	0	0	0	0	5
GF15_b3_d94_stool	0	0	0	0	0	0	0	0	0	0	0	0	0	0	0	0	0	0	0	0	0	0	0	0	0	0	0	0	0	0	0	0	0	0	0	0	0	0	0	0	0	0	0	0	0.09261	0	0	0	0	0	0	38.58808	52.84311	7.90937	0.56683	0	0	0	0	0	0	0	0	0	0	0	0	0	0	0	0	0	0	0	0	0	0	0	0	0	0	0	0	0	0	0	0	0	0	0	5
GF15_b3_d97_colon	0	0	0	0	0	0	0	0	0	0	0	0	0	0	0	0	0	0	0	0	0	0	0	0	0	0	0	0	0	0	0	0	0	0	0	0	0	0	0	0	0	0	0	0	0	0	0	0	0	0	0	48.54566	39.37804	3.26331	0.97645	0	0	0	0	0	0	0	0	0	0	7.83655	0	0	0	0	0	0	0	0	0	0	0	0	0	0	0	0	0	0	0	0	0	0	0	0	5
GF15_B5_d32	0	0	0	0	0	0	0	0	0	0	0	0	1.35107	0	0	0	0	0	0	0	0	0	0	0	0	0	0	0	0	0	0	0	0	0	0	0	0	0	0	0	0	0	0	0	0.50869	0	0	51.15054	0	0	0	46.4209	0	0	0.56881	0	0	0	0	0	0	0	0	0	0	0	0	0	0	0	0	0	0	0	0	0	0	0	0	0	0	0	0	0	0	0	0	0	0	0	5
GF15_b5_d97_colon	0	0	0	0	0	0	0	0	0	0	0	0	0	0	0	0	0	0	3.28477	0	0	0	0	0	0	0	0	0	0	0	0	0	0	0	0	0	0	0	0	0	0	0	0	0	0	0	0	0	0	0	0	62.73689	19.39012	3.85665	0	0	0	0	0	0	0	0	0	0	0	10.73157	0	0	0	0	0	0	0	0	0	0	0	0	0	0	0	0	0	0	0	0	0	0	0	0	5
GF15_b6_d94_stool	0	0	0	0	0	0	0	0	0	0	0	0	0.1402	0	0	0	0	0	0	0	0	0	0	0	0	0	0	0	0	0	0	0	0	0	0	0	0	0	0	0	0	0	0	0	0.11953	0	0	0.14917	0	0	0	98.09951	0	0	1.49159	0	0	0	0	0	0	0	0	0	0	0	0	0	0	0	0	0	0	0	0	0	0	0	0	0	0	0	0	0	0	0	0	0	0	0	5
GF15_b8_d94_stool	0	0	0	0	0	0	0	0	0	0	0	0	1.79888	0	0	0	0	0	0	0	0	0	0	0	0	0	0	0	0	0	0	0	0	0	0	0	0	0	0	0	0	0	0	0	0.69763	0	0	0.33101	0	0	0	93.73013	0	0	3.44234	0	0	0	0	0	0	0	0	0	0	0	0	0	0	0	0	0	0	0	0	0	0	0	0	0	0	0	0	0	0	0	0	0	0	0	5
GF15_b9_d106_stool	0	0	0	0	0	0	0	0	0	0	0	0	1.33937	0	0	0	0	0	0	0	0	0	0.09641	0	0	0	0	0	0	0	0	0	0	0	0	0	0	0	0	0	0	0	0	0	0	0	0	58.24452	0	0	0	40.11739	0	0	0.20231	0	0	0	0	0	0	0	0	0	0	0	0	0	0	0	0	0	0	0	0	0	0	0	0	0	0	0	0	0	0	0	0	0	0	0	5
GF15_b9_d94_stool	0	0	0	0	0	0	0	0	0	0	0	0	1.27245	0	0	0	0	0	0	0	0	0	0	0	0	0	0	0	0	0	0	0	0	0	0	0	0	0	0	0	0	0	0	0	3.03297	0	0	0.6312	0	0	0	92.42919	0	0	2.6342	0	0	0	0	0	0	0	0	0	0	0	0	0	0	0	0	0	0	0	0	0	0	0	0	0	0	0	0	0	0	0	0	0	0	0	5
GF15_B9_d97_colon	0	0	0	0	0	0	0	0	0	0	0	0	0	0	0	0	0	0	10.61244	0	0	0	0	0	0	0	0	0	0	0	0	0	0	0	0	0	0	0	0	0	0	0	0	0	0	0	0	0	0	0	0	46.86938	29.04558	3.26993	0	0	0	0	0	0	0	0	0	0	0	10.20267	0	0	0	0	0	0	0	0	0	0	0	0	0	0	0	0	0	0	0	0	0	0	0	0	5
GF15_C1_d36	0	0	0	0	0	0	0	0	0	0	0	0	0.57349	0	0	0	0	0	50.12438	0	0	3.12402	0	0	0	0	0	0	0	0	0	0	0	0	0	0	0	0	0	0	0	0	0	0	42.93361	0	0	0	0	0	0	0	0	0	0	0	0	0	0	0	0	0	0	0	0	3.24449	0	0	0	0	0	0	0	0	0	0	0	0	0	0	0	0	0	0	0	0	0	0	0	0	5
GF15_C1_d37	0	0	0	0	0	0	0	0	0	0	0	0	2.13341	0	0	0	0	0	72.86785	0	0	4.19608	0	0	0	0	0	0	0	0	0	0	0	0	0	0	0	0	0	0	0	0	0	0	11.87903	0	0	0	0	0	0	0	0	0	0	0	0	0	0	0	0	0	0	0	0	8.92363	0	0	0	0	0	0	0	0	0	0	0	0	0	0	0	0	0	0	0	0	0	0	0	0	5
GF15_C1_d39_colon	0	0	0	0	0	0	0	0	0	0	0	0	0	0	0	0	0	0	19.9027	0	0	1.71781	0	0	0	0	0	0	0	0	0	0	0	0	0	0	0	0	0	0	0	0	0	0	0	0	0	0	0	0	0	72.08249	3.0815	3.2155	0	0	0	0	0	0	0	0	0	0	0	0	0	0	0	0	0	0	0	0	0	0	0	0	0	0	0	0	0	0	0	0	0	0	0	0	5
GF15_c2_d108_colon	0	0	0	0	0	0	0	0	0	0	0	0	1.03642	0	0	0	0	0	0	0	0	0	0	0	0	0	0	0	0	0	0	0	0	0	0	0	0	0	0	0	0	0	0	0	0.1436	0	0	0.32849	0	0	0	92.54243	0	0	0	0	0	0	0	0	0	0	0	0	0	5.94907	0	0	0	0	0	0	0	0	0	0	0	0	0	0	0	0	0	0	0	0	0	0	0	0	5
GF15_c2_d73_16_stool	0	0	0	0	0	0	0	0	0	0	0	0	0	0	0	0	0	0	0	0	0	0	0	0	0	0	0	0	0	0	0	0	0	0	0	0	0	0	0	0	0	0	0	0	0	0	0	12.78111	0	0	0	36.39383	43.82894	6.26219	0.73393	0	0	0	0	0	0	0	0	0	0	0	0	0	0	0	0	0	0	0	0	0	0	0	0	0	0	0	0	0	0	0	0	0	0	0	5
GF15_C4_d36	0	0	0	0	0	0	0	0	0	0	0	0	0.59226	0	0	0	0	0	86.67935	0	0	10.20523	0	0	0	0	0	0	0	0	0	0	0	0	0	0	0	0	0	0	0	0	0	0	2.46018	0	0	0	0	0	0	0	0	0	0	0	0	0	0	0	0	0	0	0	0	0.06298	0	0	0	0	0	0	0	0	0	0	0	0	0	0	0	0	0	0	0	0	0	0	0	0	5
GF15_c5_d108_colon	0	0	0	0	0	0	0	0	0	0	0	0	2.02025	0	0	0	0	0	0	0	0	0	0	0	0	0	0	0	0	0	0	0	0	0	0	0	0	0	0	0	0	0	0	0	0	0	0	0	0	0	0	27.34328	55.04258	2.40425	0	0	0	0	0	0	0	0	0	0	0	13.18964	0	0	0	0	0	0	0	0	0	0	0	0	0	0	0	0	0	0	0	0	0	0	0	0	5
GF15_c5_d71_stool	0	0	0	0	0.02447	0	0	0	0	0	0	0	73.13091	0	0	0	0	0	0	0	0	0	0.04034	0	0	0	0	0	0	0	0	0	0	0	0	0	0	0	0	0	0	0	0	0	6.72639	0	0	0	0	0	0	20.0779	0	0	0	0	0	0	0	0	0	0	0	0	0	0	0	0	0	0	0	0	0	0	0	0	0	0	0	0	0	0	0	0	0	0	0	0	0	0	5
GF15_c6_d108_colon	0	0	0	0	0	0	0	0	0	0	0	0	2.58141	0	0	0	0	0	0	0	0	0	0	0	0	0	0	0	0	0	0	0	0	0	0	0	0	0	0	0	0	0	0	0	0	0	0	0	0	0	0	74.41584	14.59407	4.20849	0	0	0	0	0	0	0	0	0	0	0	4.20019	0	0	0	0	0	0	0	0	0	0	0	0	0	0	0	0	0	0	0	0	0	0	0	0	5
GF15_C6_d36	0	0	0	0	0	0	0	0	0	0	0	0	0.3967	0	0	0	0	0	83.06719	0	0	7.36726	0	0	0	0	0	0	0	0	0	0	0	0	0	0	0	0	0	0	0	0	0	0	8.03343	0	0	0	0	0	0	0	0	0	0	0	0	0	0	0	0	0	0	0	0	1.13542	0	0	0	0	0	0	0	0	0	0	0	0	0	0	0	0	0	0	0	0	0	0	0	0	5
GF15_C6_d39_colon	0	0	0	0	0	0	0	0	0	0	0	0	0	0	0	0	0	0	53.55918	0	0	5.30862	0	0	0	0	0	0	0	0	0	0	0	0	0	0	0	0	0	0	0	0	0	0	0	0	0	0	0	0	0	28.01997	0	2.60429	0	0	0	0	0	0	0	0	0	0	0	10.50794	0	0	0	0	0	0	0	0	0	0	0	0	0	0	0	0	0	0	0	0	0	0	0	0	5
GF15_c7_d108_colon	0	0	0	0	0	0	0	0	0	0	0	0	1.99122	0	0	0	0	0	0	0	0	0	0	0	0	0	0	0	0	0	0	0	0	0	0	0	0	0	0	0	0	0	0	0	0	0	0	0	0	0	0	56.62641	12.69959	2.98354	0	0	0	0	0	0	0	0	0	0	0	25.69923	0	0	0	0	0	0	0	0	0	0	0	0	0	0	0	0	0	0	0	0	0	0	0	0	5
GF15_d67_B1_stool	0	0	0	0	0	0	0	0	0	0	0	0	0.31414	0	0	0	0	0	0	0	0	0	0	0	0	0	0	0	0	0	0	0	0	0	0	0	0	0	0	0	0	0	0	0	4.45422	0	0	5.35726	0	0	0	88.65573	0	0	1.21864	0	0	0	0	0	0	0	0	0	0	0	0	0	0	0	0	0	0	0	0	0	0	0	0	0	0	0	0	0	0	0	0	0	0	0	5
GF15_d68_B1_colon	0	0	0	0	0	0	0	0	0	0	0	0	0	0	0	0	0	0	0	0	0	0	0.06551	0	0	0	0	0	0	0	0	0	2.64581	0	0	0	0	0	0	0	0	0	0	0	2.3804	0	0	20.78888	0	0	0	74.11939	0	0	0	0	0	0	0	0	0	0	0	0	0	0	0	0	0	0	0	0	0	0	0	0	0	0	0	0	0	0	0	0	0	0	0	0	0	0	5
GF15_d68_B2_stool	0	0	0	0	0	0	0	0	0	0	0	0	0.44779	0	0	0	0	0	0	0	0	0	0	0	0	0	0	0	0	0	0	0	0	0	0	0	0	0	0	0	0	0	0	0	0.05543	0	0	4.34416	0	0	0	94.36255	0	0	0.79007	0	0	0	0	0	0	0	0	0	0	0	0	0	0	0	0	0	0	0	0	0	0	0	0	0	0	0	0	0	0	0	0	0	0	0	5
GF15_d69_B9_stool	0	0	0	0	0	0	0	0	0	0	0	0	0	0	0	0	0	0	0.21559	0	0	0	0	0	0	0	0	0	0	0	0	0	0	0	0	0	0	0	0	0	0	0	0	0	0	0	0	14.68712	0	0	0	81.38209	0	2.02497	1.69022	0	0	0	0	0	0	0	0	0	0	0	0	0	0	0	0	0	0	0	0	0	0	0	0	0	0	0	0	0	0	0	0	0	0	0	5
GF15_d70_B4_colon	0	0	0	0	0	0	0	0	0	0	0	0	0	0	0	0	0	0	7.07465	0	0	0.73025	0	0	0	0	0	0	0	0	0	0	0	0	0	0	0	0	0	0	0	0	0	0	0	0	0	72.78596	0	0	0	17.65198	0	0	0	0	0	0	0	0	0	0	0	0	0	1.75717	0	0	0	0	0	0	0	0	0	0	0	0	0	0	0	0	0	0	0	0	0	0	0	0	5
GF15_d71_A6_stool	0	0	0	0	0	0	0	0	0	0	0	0	0.83377	0	0	0	0	0	0	0	0	0	0	0	0	0	0	0	0	0	0	0	0	0	0	0	0	0	0	0	0	0	0	0	1.37374	0	0	46.38553	0	0	0	50.59055	0	0	0.81641	0	0	0	0	0	0	0	0	0	0	0	0	0	0	0	0	0	0	0	0	0	0	0	0	0	0	0	0	0	0	0	0	0	0	0	5
GF15_d71_A8_stool	0	0	0	0	0	0	0	0	0	0	0	0	2.3082	0	0	0	0	0	1.12903	0	0	0	0	0	0	0	0	0	0	0	0	0	0	0	0	0	0	0	0	0	0	0	0	0	2.48143	0	0	0.38505	0	0	0	93.69629	0	0	0	0	0	0	0	0	0	0	0	0	0	0	0	0	0	0	0	0	0	0	0	0	0	0	0	0	0	0	0	0	0	0	0	0	0	0	5
GF17_a6_d31_stool	0	0	0	0	0	0	0	0	0	0	0	0	0	0	0	0	0	0	0	0	0	0	0	0	0	0	0	0	0	0	0	0	0	0	0	0	0	0	0	0	0	0	0	0	0.05218	0	0	79.261	0	0	0	18.79429	0	0	0.18943	0	0	0	0	0	0	0	0	0	0	0	0	0	0	0	0	0	0	0	0	0	0	0	1.70309	0	0	0	0	0	0	0	0	0	0	0	5
GF17_b6_d31_stool	0	0	0	0	0	0	0	0	0	0	0	0	0	0	0	0	0	0	0	0	0	0	0.08218	0	0	0	0	0	0	0	0	0	0	0	0	0	0	0	0	0	0	0	0	0	0	0	0	17.20237	0	0	0	0	0	0	62.96766	1.40274	18.34506	0	0	0	0	0	0	0	0	0	0	0	0	0	0	0	0	0	0	0	0	0	0	0	0	0	0	0	0	0	0	0	0	0	5
GF18_a3_d35_colon	0	0	0	0	0	0	0	0	0	0	0	0	0	0	0	0	0	0	0	0	0	0	0	0	0	0	0	0	0	0	0	0	0	0	0	0	0	0	0	0	0	0	0	0	31.4095	0	0	0	0	0	0	25.77225	28.87355	8.17939	0	0	0	0	0	0	0	0	0	0	0	5.7653	0	0	0	0	0	0	0	0	0	0	0	0	0	0	0	0	0	0	0	0	0	0	0	0	5
GF18_a4_d54_colon	0	0	0	0	0	0	0	0	0	0	0	0	0	0	0	0	0	0	0	0	0	0	0	0	0	0	0	0	0	0	0	0	0	0	0	0	0	0	0.46864	0	0	0	0	0	1.29312	0	0	0	0	0	0	17.59347	0	80.16866	0.4761	0	0	0	0	0	0	0	0	0	0	0	0	0	0	0	0	0	0	0	0	0	0	0	0	0	0	0	0	0	0	0	0	0	0	0	5
GF18_b3_d32_stool	0	0	0	0	0	0	0	0	0	0	0	0	0	0	0	0	0	0	0	0	0	0	0.06263	0	0	0	0	0	0	0	0	0	0	0.08683	0	0	0	0	0	0	0	0	0	0	0	0	0	0	0	0	0	87.10329	0	12.23358	0.51366	0	0	0	0	0	0	0	0	0	0	0	0	0	0	0	0	0	0	0	0	0	0	0	0	0	0	0	0	0	0	0	0	0	0	0	5
GF2_A1_day32	0	0	0	0	0	0	0	0	0	0	0	0	1.65389	0	0	0	0	0	13.23081	0	0	1.64261	0	0	0	0	0	0	0	0	0	0	0	0	0	0	0	0	0	0	0	0	0	0	7.43609	0	0	76.03659	0	0	0	0	0	0	0	0	0	0	0	0	0	0	0	0	0	0	0	0	0	0	0	0	0	0	0	0	0	0	0	0	0	0	0	0	0	0	0	0	0	0	5
GF2_A2_day31	0	0	0	0	0	0	0	0	0	0	0	0	0.34451	0	0	0	0	0	25.86589	0	0	4.19797	0	0	0	0	0	0	0	0	0	0	0	0	0	0	0	0	0	0	0	0	0	0	2.30904	0	0	67.28259	0	0	0	0	0	0	0	0	0	0	0	0	0	0	0	0	0	0	0	0	0	0	0	0	0	0	0	0	0	0	0	0	0	0	0	0	0	0	0	0	0	0	5
GF2_A4_Colon	0	0	0	0	0	0	0	0	0	0	0	0	2.84825	0	0	0	0	0	0	0	84.86975	0	0.77172	0	0	0	0	0	0	0	0	10.67879	0.83148	0	0	0	0	0	0	0	0	0	0	0	0	0	0	0	0	0	0	0	0	0	0	0	0	0	0	0	0	0	0	0	0	0	0	0	0	0	0	0	0	0	0	0	0	0	0	0	0	0	0	0	0	0	0	0	0	0	5
GF2_A5_day32	0	0	0	0	0	0	0	0	0	0	0	0	0.59193	0	0	0	0	0	19.63516	0	0	1.71183	0	0	0	0	0	0	0	0	0	0	0	0	0	0	0	0	0	0	0	0	0	0	9.78022	0	0	68.28086	0	0	0	0	0	0	0	0	0	0	0	0	0	0	0	0	0	0	0	0	0	0	0	0	0	0	0	0	0	0	0	0	0	0	0	0	0	0	0	0	0	0	5
GF2_A6_day28	0	0	0	0	0	0	0	0	0	0	0	0	0	0	0	0	0	0	12.37048	0	0	1.343	0.01806	0	0	0	0	0	0	0	0	0	0	0	0	0	0	0	0	0	0	0	0	0	0.7404	0	0	85.52806	0	0	0	0	0	0	0	0	0	0	0	0	0	0	0	0	0	0	0	0	0	0	0	0	0	0	0	0	0	0	0	0	0	0	0	0	0	0	0	0	0	0	5
GF2_A6_day32	0	0	0	0	0	0	0	0	0	0	0	0	0	0	0	0	0	0	27.97639	0	0	4.21033	0.16327	0	0	0	0	0	0	0	0	0	0	0	0	0	0	0	0	0	0	0	0	0	10.33301	0	0	57.317	0	0	0	0	0	0	0	0	0	0	0	0	0	0	0	0	0	0	0	0	0	0	0	0	0	0	0	0	0	0	0	0	0	0	0	0	0	0	0	0	0	0	5
GF20_d161_b2	0	0	0	0	0	0	0	0	0	0	0	0	0.03116	0	0	0	0	0	16.69448	0	0	1.41897	0	0	0	0	0	0	0	0	0	0	0	0	0	0	0	0	0	0	0	0	0	0	0.13114	0	0	81.72426	0	0	0	0	0	0	0	0	0	0	0	0	0	0	0	0	0	0	0	0	0	0	0	0	0	0	0	0	0	0	0	0	0	0	0	0	0	0	0	0	0	0	5
GF20_d164_b2	0	0	0	0	0	0	0	0	0	0	0	0	0	0	0	0	0	0	46.01325	0	0	9.12158	0	0	0	0	0	0	0	0	0	0	0	0	0	0	0	0	0	0	0	0	0	0	0	0	0	29.76541	0	0	0	0	12.92194	2.17781	0	0	0	0	0	0	0	0	0	0	0	0	0	0	0	0	0	0	0	0	0	0	0	0	0	0	0	0	0	0	0	0	0	0	0	0	5
GF20_d164_b3	0	0	0	0	0	0	0	0	0	0	0	0	0	0	0	0	0	0	24.02049	0	0	0	0	0	0	0	0	0	0	0	0	0	0	0	0	0	0	0	0	0	0	0	0	0	0	0	0	58.79996	0	0	0	0	13.08916	0.98272	0	0	0	0	0	0	0	0	0	0	0	3.10767	0	0	0	0	0	0	0	0	0	0	0	0	0	0	0	0	0	0	0	0	0	0	0	0	5
GF20_d164_b6	0	0	0	0	0	0	0	0	0	0	0	0	0	0	0	0	0	0	4.90941	0	0	0	0	0	0	0	0	0	0	0	0	0	0	0	0	0	0	0	0	0	0	0	0	0	0	0	0	86.66117	0	0	0	0	5.73996	1.63481	0	0	0	0	0	0	0	0	0	0	0	1.05465	0	0	0	0	0	0	0	0	0	0	0	0	0	0	0	0	0	0	0	0	0	0	0	0	5
GF20_d164_b7	0	0	0	0	0	0	0	0	0	0	0	0	0	0	0	0	0	0	42.99861	0	0	4.27504	0	0	0	0	0	0	0	0	0	0	0	0	0	0	0	0	0	0	0	0	0	0	0	0	0	32.69005	0	0	0	0	18.28997	1.74632	0	0	0	0	0	0	0	0	0	0	0	0	0	0	0	0	0	0	0	0	0	0	0	0	0	0	0	0	0	0	0	0	0	0	0	0	5
GF20_d33_b2	0	0	0	0	0	0	0	0	0	0	0	0	0.106	0	0	0	0	0	76.87818	0	0	7.02769	0	0	0	0	0	0	0	0	0	0	0	0	0	0	0	0	0	0	0	0	0	0	13.47497	0	0	2.51317	0	0	0	0	0	0	0	0	0	0	0	0	0	0	0	0	0	0	0	0	0	0	0	0	0	0	0	0	0	0	0	0	0	0	0	0	0	0	0	0	0	0	5
GF20_d66_c2	0	0	0	0	0	0	0	0	0	0	0	0	0	0	0	0	0	0	0	0	0	0	0.58591	0	0	0	0	0	0	0	0	0	10.38498	0	0	0	0	0	0	0	0	0	0	0	4.25906	0	0	12.98289	0	0	0	0	0	0	0	0	0	0	0	0	0	0	0	0	0	71.78715	0	0	0	0	0	0	0	0	0	0	0	0	0	0	0	0	0	0	0	0	0	0	0	0	5
GF20_d66_c3	0	0	0	0	0	0	0	0	0	0	0	0	0	0	0	0	0	0	0	0	0	0	1.32755	0	0	0	0	0	0	0	0	0	27.00604	0	0	0	0	0	0	0	0	0	0	0	0.8604	0	0	63.76055	0	0	0	0	0	0	0	0	0	0	0	0	0	0	0	0	0	7.04545	0	0	0	0	0	0	0	0	0	0	0	0	0	0	0	0	0	0	0	0	0	0	0	0	5
GF20_d66_c4	0	0	0	0	0	0	0	0	0	0	0	0	0	0	0	0	0	0	0	0	0	0	1.08312	0	0	0	0	0	0	0	0	0	23.73449	0	0	0	0	0	0	0	0	0	0	0	15.44422	0	0	3.23621	0	0	0	0	0	0	0	0	0	0	0	0	0	0	0	0	0	56.50196	0	0	0	0	0	0	0	0	0	0	0	0	0	0	0	0	0	0	0	0	0	0	0	0	5
GF20_d66_c5	0	0	0	0	0	0	0	0	0	0	0	0	0	0	0	0	0	0	0	0	0	0	1.14486	0	0	0	0	0	0	0	0	0	12.14273	0	0	0	0	0	0	0	0	0	0	0	2.33365	0	0	71.25267	0	0	0	0	0	0	0	0	0	0	0	0	0	0	0	0	0	13.12608	0	0	0	0	0	0	0	0	0	0	0	0	0	0	0	0	0	0	0	0	0	0	0	0	5
GF20_d66_c8	0	0	0	0	0	0	0	0	0	0	0	0	0	0	0	0	0	0	0	0	0	0	0.82427	0	0	0	0	0	0	0	0	0	19.29282	0	0	0	0	0	0	0	0	0	0	0	2.16954	0	0	8.62587	0	0	0	0	0	0	0	0	0	0	0	0	0	0	0	0	0	69.08749	0	0	0	0	0	0	0	0	0	0	0	0	0	0	0	0	0	0	0	0	0	0	0	0	5
GF20_d66_c9	0	0	0	0	0	0	0	0	0	0	0	0	0	0	0	0	0	0	0	0	0	0	1.31831	0	0	0	0	0	0	0	0	0	34.5278	0	0	0	0	0	0	0	0	0	0	0	12.21802	0	0	5.67269	0	0	0	0	0	0	0	0	0	0	0	0	0	0	0	0	0	46.26318	0	0	0	0	0	0	0	0	0	0	0	0	0	0	0	0	0	0	0	0	0	0	0	0	5
GF20_d81_a5	0	0	0	0	0	0	0	0	0	0	0	0	0	0	0	0	0	0	0	0	0	0	3.33245	0	0	0	0	0	0	0	0	0	14.50797	0	0	0	0	0	0	0	0	0	0	0	24.10066	0	0	37.30361	0	0	0	0	0	0	0	0	0	0	0	0	0	0	0	0	0	20.75533	0	0	0	0	0	0	0	0	0	0	0	0	0	0	0	0	0	0	0	0	0	0	0	0	5
GF23_d56_c6	0	0	0	0	0	0	0	0	0	0	0	0	0	0	0	0	0	0	0	0	0	0	0	0	0	0	0	0	0	0	0	0	0	0	0	0	0	0	0	0	0	0	0	0	0.15615	0	0	0.26262	0	0	0	97.95029	0	0	1.36958	0	0.26137	0	0	0	0	0	0	0	0	0	0	0	0	0	0	0	0	0	0	0	0	0	0	0	0	0	0	0	0	0	0	0	0	0	5
GF23_d57_c2	0	0	0	0	0	0	0	0	0	0	0	0	0	0	0	0	0	0	0	0	0	0	0	0	0	0	0	0	0	0	0	0	0	0	0	0	0	0	0	0	0	0	0	0	1.73839	0	0	0.69992	0	0	0	94.78415	0	0	0.22818	0	0	0	0	0	0	0	0	0	0	0	0	0	0	0	0	0	0	2.54936	0	0	0	0	0	0	0	0	0	0	0	0	0	0	0	0	5
GF3_C2_day38	0	0	0	0	0	0	0	0	0	0	0	0	4.78405	0	0	0	0	0	2.31406	0	0	0	0	0	0	0	0	0	0	0	0	0	0	0	0	0	0	0	0	0	0	0	0	0	3.01642	0	0	81.76314	0	0	0	0	0	8.12234	0	0	0	0	0	0	0	0	0	0	0	0	0	0	0	0	0	0	0	0	0	0	0	0	0	0	0	0	0	0	0	0	0	0	0	0	5
GF3_C4_day38	0	0	0	0	0	0	0	0	0	0	0	0	0.72192	0	0	0	0	0	30.70958	0	0	1.25214	0	0	0	0	0	0	0	0	0	0	0	0	0	0	0	0	0	0	0	0	0	0	0.26995	0	0	67.04642	0	0	0	0	0	0	0	0	0	0	0	0	0	0	0	0	0	0	0	0	0	0	0	0	0	0	0	0	0	0	0	0	0	0	0	0	0	0	0	0	0	0	5
GF3_C6_day30	0	0	0	0	0	0	0	0	0	0	0	0	1.04847	0	0	0	0	0	0	0	95.96768	0	0	0	0	0	0	0	0	0	0	2.73899	0	0	0	0	0	0	0	0	0	0	0	0	0	0	0	0	0	0	0	0	0	0	0	0	0	0	0	0	0	0	0	0	0	0	0	0	0	0	0	0	0	0	0	0	0	0	0	0	0	0	0	0	0	0	0	0.06194	0	0.18292	5
GF3_C8_day32	0	0	0	0	0	0	0	0	0	0	0	0	0.05581	0	0	0	0	0	20.56282	0	0	3.31217	0	0	0	0	0	0	0	0	0	0	0	0	0	0	0	0	0	0	0	0	0	0	8.00998	0	0	68.05923	0	0	0	0	0	0	0	0	0	0	0	0	0	0	0	0	0	0	0	0	0	0	0	0	0	0	0	0	0	0	0	0	0	0	0	0	0	0	0	0	0	0	5
GF3_C9_day38	0	0	0	0	0	0	0	0	0	0	0	0	3.22685	0	0	0	0	0	18.94287	0	0	1.37506	0	0	0	0	0	0	0	0	0	0	0	0	0	0	0	0	0	0	0	0	0	0	2.10749	0	0	74.34773	0	0	0	0	0	0	0	0	0	0	0	0	0	0	0	0	0	0	0	0	0	0	0	0	0	0	0	0	0	0	0	0	0	0	0	0	0	0	0	0	0	0	5
GF3_C9_day40	0	0	0	0	0	0	0	0	0	0	0	0	0	0	0	0	0	0	24.58509	0	0	1.71007	0	0	0	0	0	0	0	0	0	0	0	0	0	0	0	0	0	0	0	0	0	0	41.72633	0	0	20.75229	0	0	0	0	0	11.22623	0	0	0	0	0	0	0	0	0	0	0	0	0	0	0	0	0	0	0	0	0	0	0	0	0	0	0	0	0	0	0	0	0	0	0	0	5
GF4_B2_d35	0	0	0	0	0	0	0	0	0	0	0	0	1.13433	0	0	0	0	0.45326	0.4999	0	0	0	0	0	0	0	0	0	0	0	0	0	0	0	0	0	0	0	0	0	0	0	0	0	16.33196	0	0	81.58055	0	0	0	0	0	0	0	0	0	0	0	0	0	0	0	0	0	0	0	0	0	0	0	0	0	0	0	0	0	0	0	0	0	0	0	0	0	0	0	0	0	0	5
GF4_B3_d36	0	0	0	0	0	0	0	0	0	0	0	0	4.34166	0	0	0	0	0	0	0	0	0	0.98275	0	0	0	0	0	0	0	0	0	0.39985	0	0	0	0	0	0	0	0	0	0	0	72.03416	0	0	22.24158	0	0	0	0	0	0	0	0	0	0	0	0	0	0	0	0	0	0	0	0	0	0	0	0	0	0	0	0	0	0	0	0	0	0	0	0	0	0	0	0	0	0	5
GF4_C3_d35	0	0	0	0	0	0	0	0	0	0	0	0	1.04135	0	0	0	0	2.33302	0.69316	0	0	0	0	0	0	0	0	0	0	0	0	0	0	0	0	0	0	0	0	0	0	0	0	0	61.70128	0	0	34.2312	0	0	0	0	0	0	0	0	0	0	0	0	0	0	0	0	0	0	0	0	0	0	0	0	0	0	0	0	0	0	0	0	0	0	0	0	0	0	0	0	0	0	5
GF4_C4_d35	0	0	0	0	0	0	0	0	0	0	0	0	3.26055	0	0	0	0	5.43205	0	0	0	0	0.0279	0	0	0	0	0	0	0	0	0	0	0	0	0	0	0	0	0	0	0	0	0	80.5613	0	0	10.7182	0	0	0	0	0	0	0	0	0	0	0	0	0	0	0	0	0	0	0	0	0	0	0	0	0	0	0	0	0	0	0	0	0	0	0	0	0	0	0	0	0	0	5
GF5_A2_D79	0	0	0	0	0	0	0	0	0	0	0	0	9.06376	0	0	0	0	0	0	0	0	0	0	0	0	0	0	0	0	0	0	0	0.71487	0	1.76435	0	0	0	0	0	0	0	0	0	0.8851	0	0	87.57192	0	0	0	0	0	0	0	0	0	0	0	0	0	0	0	0	0	0	0	0	0	0	0	0	0	0	0	0	0	0	0	0	0	0	0	0	0	0	0	0	0	0	5
GF5_A3_D46	0	0	0	0	0	0	0	0	0	0	0	0	6.6925	0	0	0	0	83.02553	0	0	0	0	0.08347	0	0	0	0	0	0	0	0	0	0	0	0	0	0	0	0	0	0	0	0	0	5.11045	0	0	0	0	0	0	0	0	5.08805	0	0	0	0	0	0	0	0	0	0	0	0	0	0	0	0	0	0	0	0	0	0	0	0	0	0	0	0	0	0	0	0	0	0	0	0	5
GF5_A4_D46	0	0	0	0	0	0	0	0	0	0	0	0	1.372	0	0	0	0	81.73946	0	0	0	0	0	0	0	0	0	0	0	0	0	0	0	0	0	0	0	0	0	0	0	0	0	0	3.41918	0	0	4.81825	0	0	0	0	0	8.65112	0	0	0	0	0	0	0	0	0	0	0	0	0	0	0	0	0	0	0	0	0	0	0	0	0	0	0	0	0	0	0	0	0	0	0	0	5
GF5_A8_D79	0	0	0	0	0	0	0	0	0	0	0	0	0.36358	0	0	0	0	81.90129	0	0	0	0	0.5046	0	0	0	0	0	0	0	0	0	0.17161	0	0	0	0	0	0	0	0	0	0	0	17.05892	0	0	0	0	0	0	0	0	0	0	0	0	0	0	0	0	0	0	0	0	0	0	0	0	0	0	0	0	0	0	0	0	0	0	0	0	0	0	0	0	0	0	0	0	0	5
GF5_A8_D83	0	0	0	0	0	0	0	0	0	0	0	0	0	0	0	0	0	0	0	0	0	0	14.46998	0	0	0	19.52012	0	0	0	0	0	57.13136	0	7.73031	0	0	0	0	0	0	0	0	0	1.14824	0	0	0	0	0	0	0	0	0	0	0	0	0	0	0	0	0	0	0	0	0	0	0	0	0	0	0	0	0	0	0	0	0	0	0	0	0	0	0	0	0	0	0	0	0	5
GF5_C4_D46	0	0	0	0	0	0	0	0	0	0	0	0	0.76863	0	0	0	0	47.22711	0	0	0	0	0	0	0	0	0	0	0	0	0	0	0	0	0	0	0	0	0	0	0	0	0	0	15.64176	0	0	0	0	0	0	0	0	36.28977	0.07273	0	0	0	0	0	0	0	0	0	0	0	0	0	0	0	0	0	0	0	0	0	0	0	0	0	0	0	0	0	0	0	0	0	0	0	5
GF5_C6_D46	0	0	0	0	0	0	0	0	0	0	0	0	1.64819	0	0	0	0	9.52854	0	0	0	0	0	0	0	0	0	0	0	0	0	0	0	0	0	0	0	0	0	0	0	0	0	0	0.80604	0	0	87.83207	0	0	0	0.18516	0	0	0	0	0	0	0	0	0	0	0	0	0	0	0	0	0	0	0	0	0	0	0	0	0	0	0	0	0	0	0	0	0	0	0	0	0	0	5
GF6_A3_COLON_D88	0	0	0	0	0	0	0	0	0	0	0	0	0	0	0	0	0	0	0	0	0	0	4.47014	0	0	0	0	0	0	0	0	0	1.115	0	0	0	0	0	0	0	0	0	0	0	0	0	0	17.79787	0	0	0	0	0	76.11976	0	0	0	0	0	0	0	0	0	0	0	0	0	0	0	0	0	0	0	0	0	0	0	0	0	0	0	0	0	0	0	0	0	0	0	0.49722	5
GF6_A4_COLON_D54	0	0	0	0	0	0	0	0	0	0	0	0	0	0	0	0	0	0	0	0	0	0	12.85086	0	0	0	0	0	0	0	0	0	17.07915	0	25.02814	0	0	0	0	0	0	0	0	0	0	0	0	44.39342	0.64843	0	0	0	0	0	0	0	0	0	0	0	0	0	0	0	0	0	0	0	0	0	0	0	0	0	0	0	0	0	0	0	0	0	0	0	0	0	0	0	0	0	5
GF6_A8_COLON_D54	0	0	0	0	0	0	0	0	0	0	0	0	0	0	0	0	0	0	0	0	0	0	21.88971	0	0	0	0	0	0	0	0	1.58105	20.06262	0	49.61964	0	0	0	0	0	0	0	0	0	0	0	0	6.84698	0	0	0	0	0	0	0	0	0	0	0	0	0	0	0	0	0	0	0	0	0	0	0	0	0	0	0	0	0	0	0	0	0	0	0	0	0	0	0	0	0	0	5
GF6_B3_D63	0	0	0	0	0	0	0	0	0	0	0	0	1.22541	0	0	0	0	11.77846	74.12905	0	0	9.00201	0	0	0	0	0	0	0	0	0	0	0	0	0	0	0	0	0	0	0	0	0	0	3.86507	0	0	0	0	0	0	0	0	0	0	0	0	0	0	0	0	0	0	0	0	0	0	0	0	0	0	0	0	0	0	0	0	0	0	0	0	0	0	0	0	0	0	0	0	0	5
GF6_B7_D87	0	0	0	0	0	0	0	0	0	0	0	0	0	0	0	0	0	0	0	0	0	0	0	0	0	0	0	0	0	0	0	0	0	0	0	0	0	0	0	0	0	0	0	0	1.03911	0	0	22.19807	0	0	0	0	0.18043	76.23547	0.34692	0	0	0	0	0	0	0	0	0	0	0	0	0	0	0	0	0	0	0	0	0	0	0	0	0	0	0	0	0	0	0	0	0	0	0	5
GF7_B2_D30	0	0	0	0	0	0	0	0	0	0	0	0	0	0	0	0	0	0	0	0	0	0	0.73003	0	0	0	0	0	0	0.04643	0	0	0	0.43847	0	0	0	0	0	0	0	0	0	0	0.82848	0	0	0	0	0	0	97.95659	0	0	0	0	0	0	0	0	0	0	0	0	0	0	0	0	0	0	0	0	0	0	0	0	0	0	0	0	0	0	0	0	0	0	0	0	0	0	5
GF7_CONTAMINANT	0	0	0	0	0	0	0	0	0	0	47.69532	43.79788	0	0	0	0	0	0	0	0	0	0	1.74343	0	0	0	0	0	0	0	0	0.44722	0	0	0	0	0	0	0	0	0	0	0	0	0	6.31616	0	0	0	0	0	0	0	0	0	0	0	0	0	0	0	0	0	0	0	0	0	0	0	0	0	0	0	0	0	0	0	0	0	0	0	0	0	0	0	0	0	0	0	0	5
GF8_C1_D33	0	0	0	0	0	0	0	0	0	0	0	0	0	0	0	0	0	0	0	0	0	0	3.55279	0	0	0	0	0	0	47.33128	0	0	0	5.32113	0	0	0	0	0	0	0	0	0	0	0	0	0	0	0	0	0	36.08858	0	7.70623	0	0	0	0	0	0	0	0	0	0	0	0	0	0	0	0	0	0	0	0	0	0	0	0	0	0	0	0	0	0	0	0	0	0	0	0	5
Gn3_A1_Stool	0	0	0	0	0	0	0	0	0	0	0	0	0	0	0	0	0	0	0	0	0	0	0.78946	0	0	0	0	0	0	0	0	0	0	0	0	0	0	0	0	0	0	0	0	0	3.04447	0	0	33.8117	0	0	0	61.51922	0	0	0.83515	0	0	0	0	0	0	0	0	0	0	0	0	0	0	0	0	0	0	0	0	0	0	0	0	0	0	0	0	0	0	0	0	0	0	0	5
Gn3_AB6_Stool	0	0	0	0	0	0	0	0	0	0	0	0	0	0	0	0	0	0	0	0	0	0	0	0	0	0	0	0	0	0	0	0	0	0	0	0	0	0	0	0	0	0	0	0	8.88815	0	0	41.84593	0	0	0	0	0	8.25498	0	0	0	0	0	0	0	0	0	0	0	0	0	0	0	0	0	0	0.42645	40.58448	0	0	0	0	0	0	0	0	0	0	0	0	0	0	0	0	5
Gn3_B13_Stool	0	0	0	0	0	0	0	0	0	0	0	0	0.57817	0	0	0	0	0	0	0	0	0	0.72941	0	0	0	0	0	0	0	0	0	0	0	0	0	0	0	0	0	0	0	0	0	1.00683	0	0	80.79704	0	0	0	0	0	16.88856	0	0	0	0	0	0	0	0	0	0	0	0	0	0	0	0	0	0	0	0	0	0	0	0	0	0	0	0	0	0	0	0	0	0	0	0	5
Gn3_B3_Stool	0	0	0	0	0	0	0	0	0	0	0	0	0.10289	0	0	0	0	0	0	0	0	0	0.04952	0	0	0	0	0	0	0	0	0	0	0	0	0	0	0	0	0	0	0	0	0	98.73329	0	0	0.40138	0	0	0	0	0	0.71292	0	0	0	0	0	0	0	0	0	0	0	0	0	0	0	0	0	0	0	0	0	0	0	0	0	0	0	0	0	0	0	0	0	0	0	0	5
gnoto1_BA1_d10	0	0	0	0	0	0	0	0	0	0	0	0	0.86614	0	0	0	0	0	0	0	0	0	1.74548	0	0	0	0	0	0	0	0	0	0.81076	0	0	0	0	0	0	0	0	0	0	0	81.98658	0	0	14.59103	0	0	0	0	0	0	0	0	0	0	0	0	0	0	0	0	0	0	0	0	0	0	0	0	0	0	0	0	0	0	0	0	0	0	0	0	0	0	0	0	0	0	5
gnoto1_BM4_d10	0	0	0	0	0	0	0	0	0	0	0	0	8.80256	0	0	0	0	0	0	0	0	0	2.50328	0	0	0	0	0	0	0	0	0	0	0	0	0	0	0	0	0	0	0	0	0	22.69012	0	0	49.46164	0	0	0	0	0	16.54241	0	0	0	0	0	0	0	0	0	0	0	0	0	0	0	0	0	0	0	0	0	0	0	0	0	0	0	0	0	0	0	0	0	0	0	0	5
gnoto1_BP1_d10	0	0	0	0	0	0	0	0	0	0	0	0	0	0	0	0	0	0	0	0	0	0	0.21049	0	0	0	0	0	0	0	0	0	0	0	0	0	0	0	0	0	0	0	0	0	15.62436	0	0	0	0	0	0	0	0.13679	83.93292	0.09544	0	0	0	0	0	0	0	0	0	0	0	0	0	0	0	0	0	0	0	0	0	0	0	0	0	0	0	0	0	0	0	0	0	0	0	5
gnoto2_BA1_d10	0	0	0	0	0	0	0	0	0	0	0	0	78.40164	0	0	0	0	0	0	0	0	0	0.51499	0	0	0	0	0	0	0	0	0	0	0	0	0	0	0	0	0	0	0	0	0	6.62201	0	0	14.07533	0	0	0	0	0	0.38602	0	0	0	0	0	0	0	0	0	0	0	0	0	0	0	0	0	0	0	0	0	0	0	0	0	0	0	0	0	0	0	0	0	0	0	0	5
gnoto2_BA1_d20_colon	0	0	0	0	0	0	0	0	0	0	0	0	33.24854	0	0	0	0	0	0	0	0	0	4.33126	0	0	0	0	0	0	0	0	0	27.70995	0	12.40575	0	0	0	0	0	0	0	0	0	0	0	0	22.30451	0	0	0	0	0	0	0	0	0	0	0	0	0	0	0	0	0	0	0	0	0	0	0	0	0	0	0	0	0	0	0	0	0	0	0	0	0	0	0	0	0	0	5
gnoto2_BM2_d20_colon	1.71781	0	0	0	0	0	0	0	0	0	0	0	68.90635	0	0	0	0	0	0	0	0	0	7.37918	0	0	0	0	0	0	0	0	0	21.21195	0	0.78471	0	0	0	0	0	0	0	0	0	0	0	0	0	0	0	0	0	0	0	0	0	0	0	0	0	0	0	0	0	0	0	0	0	0	0	0	0	0	0	0	0	0	0	0	0	0	0	0	0	0	0	0	0	0	0	5
gnoto2_BP5_d10	0	0	0	0	0	0	0	0	0	0	0	0	11.27047	0	0	0	0	0	0	0	0	0	4.81114	0	0	0	0	0	0	0	0	0	0	0	0	0	0	0	0	0	0	0	0	0	79.01278	0	0	3.85496	0	0	0	0	0	1.05065	0	0	0	0	0	0	0	0	0	0	0	0	0	0	0	0	0	0	0	0	0	0	0	0	0	0	0	0	0	0	0	0	0	0	0	0	5
gnoto2_BP6_d10	0	0	0	0	0	0	0	0	0	0	0	0	0.48643	0	0	0	0	0	0	0	0	0	1.75782	0	0	0	0	0	0	0	0	0	0	0	0	0	0	0	0	0	0	0	0	0	88.72117	0	0	7.90248	0	0	0	0	0	1.1321	0	0	0	0	0	0	0	0	0	0	0	0	0	0	0	0	0	0	0	0	0	0	0	0	0	0	0	0	0	0	0	0	0	0	0	0	5
C2-d37	0	0	0	0	0	0	0	0	0	0	0	0	0	0	0	0	0	0	0	0	0	0	3.82149	0	0	0	0	0	0	4.3921	0	0	0.98708	0	10.07294	0	0	0	0	0	0	0	0	0	11.64609	0	0	0	0	0	0	69.08031	0	0	0	0	0	0	0	0	0	0	0	0	0	0	0	0	0	0	0	0	0	0	0	0	0	0	0	0	0	0	0	0	0	0	0	0	0	0	6
C4-d45	0	0	0	0	0	0	0	0	0	0	0	0	0	0	0	0	0	0	0	0	0	0	6.17998	0	0	0	0	0	0	30.62652	0	6.46126	6.56143	47.76617	0	0	0	0	0	0	0	0	0	0	0	0	0	0	0	0	0	0	0	2.40464	0	0	0	0	0	0	0	0	0	0	0	0	0	0	0	0	0	0	0	0	0	0	0	0	0	0	0	0	0	0	0	0	0	0	0	0	6
C7-d33	0	0	0	0	0	0	0	0	0	0	0	0	0	0	0	0	0	0	0	0	0	0	0.78265	0	0	0	0	0	0	0	0	0	0	0.5973	0	0	0	0	0	0	0	0	0	0	58.84773	0	0	33.5333	0	0	0	5.7086	0	0.53043	0	0	0	0	0	0	0	0	0	0	0	0	0	0	0	0	0	0	0	0	0	0	0	0	0	0	0	0	0	0	0	0	0	0	0	0	6
C7-d38	0	0	0	0	0	0	0	0	0	0	0	0	0	0	0	0	0	0	0	0	0	0	2.1695	0	0	0	0	0	0	9.16195	0	0	5.63716	0	3.61778	0	0	0	0	0	0	0	0	0	16.63315	0	0	0	0	0	0	62.78046	0	0	0	0	0	0	0	0	0	0	0	0	0	0	0	0	0	0	0	0	0	0	0	0	0	0	0	0	0	0	0	0	0	0	0	0	0	0	6
CONV_MERO4_COLON	0	0	0	0	0	0	0	0	0	0	24.16463	0	0	0	0	17.00952	0	0	0	0	0	0	15.38157	0.18064	0	0	0	0	0	0	0	0	0	0	0	0	0	0	0	0	0	0	0	0	16.30874	26.9549	0	0	0	0	0	0	0	0	0	0	0	0	0	0	0	0	0	0	0	0	0	0	0	0	0	0	0	0	0	0	0	0	0	0	0	0	0	0	0	0	0	0	0	0	6
CONV_MERO4_D3	0	0	0	0	0	0	0	0	0	0	0	0	0	0	0	0	0	0	0	0	0	0	66.2791	0.01078	0	0	0	1.59727	0	0	0	0	0	0	0	0	0	0	0	0	0	0	0	0	7.75552	24.3404	0	0	0	0	0	0	0	0	0	0	0	0	0	0	0	0	0.01693	0	0	0	0	0	0	0	0	0	0	0	0	0	0	0	0	0	0	0	0	0	0	0	0	0	0	0	6
CONV_PBS3_COLON	0	0	0	0	0	5.25609	0	0	0	0	10.06663	37.23484	0	0	0	0.57373	0	0	0	0	0	0	0	0	0	0	0	46.02014	0	0	0	0	0	0	0	0	0	0	0	0	0	0	0	0	0	0	0	0	0	0	0	0	0	0	0	0	0	0	0	0	0	0	0	0	0	0	0	0	0	0.84857	0	0	0	0	0	0	0	0	0	0	0	0	0	0	0	0	0	0	0	0	6
GF10_A1_d80_colon	0	0	0	0	0	0	0	0	0	0	0	0	0	0	0	0	0	0	0	0	0	0	12.44228	0	0	0	0	0	0	0.63293	0	0	0	0	0	0	0	0	0	0	0	0	0	0	14.06572	0	0	2.54081	0	0	0	69.46602	0	0.85223	0	0	0	0	0	0	0	0	0	0	0	0	0	0	0	0	0	0	0	0	0	0	0	0	0	0	0	0	0	0	0	0	0	0	0	0	6
GF10_A2_d104_colon	0	0	0	0	0	0	0	0	0	0	0	0	0	0	0	0	0	0	0	0	0	0	1.18491	0	0	0	0	0	0	0.0691	0	0	0	0	0	0	0	0	0	0	0	0	0	0	4.11575	0	0	2.97899	0	0	0	91.31347	0	0	0.33778	0	0	0	0	0	0	0	0	0	0	0	0	0	0	0	0	0	0	0	0	0	0	0	0	0	0	0	0	0	0	0	0	0	0	0	6
GF10_C2_D34	0	0	0	0	0	0	0	0	0	0	0	0	0	0	0	0	0	0	0	0	0	0	0.12783	0	0	0	0	0	0	0.38864	0	0	0	1.02488	0	0	0	0	0	0	0	0	0	0	6.92085	0	0	0	0	0	0	89.67142	0	0	0	0	0	0	0	0	0	0	0	0	0	0	0	0	0	0	0	0	0	0	0	0	0	0	0	0	0	0	0	0	0	0	0	0	0	1.86638	6
GF11_A4_D37	0	0	0	0	0	0	0	0	0	0	0	0	0.76533	0	0	0	0	0	8.54444	0	0	1.61619	0	0	0	0	0	0	0	0	0	0	0.28289	0	0	0	0	0	0	0	0	0	0	0	4.02981	0	0	84.76134	0	0	0	0	0	0	0	0	0	0	0	0	0	0	0	0	0	0	0	0	0	0	0	0	0	0	0	0	0	0	0	0	0	0	0	0	0	0	0	0	0	0	6
GF11_B2_d71	0	0	0	0	0	0	0	0	0	0	0	0	2.01421	0	0	0	0	0	77.86397	0	0	9.87659	0.21354	0	0	0	0	0	0	0	0	0	0	0	0	0	0	0	0	0	0	0	0	0	9.41894	0	0	0	0	0	0	0	0	0.61275	0	0	0	0	0	0	0	0	0	0	0	0	0	0	0	0	0	0	0	0	0	0	0	0	0	0	0	0	0	0	0	0	0	0	0	0	6
GF11_C6_d71	0	0	0	0	0	0	0	0	0	0	0	0	3.97129	0	0	0	0	0	79.47938	0	0	12.02127	0.65708	0	0	0	0	0	0	0	0	0	1.77669	0	0	0	0	0	0	0	0	0	0	0	2.09429	0	0	0	0	0	0	0	0	0	0	0	0	0	0	0	0	0	0	0	0	0	0	0	0	0	0	0	0	0	0	0	0	0	0	0	0	0	0	0	0	0	0	0	0	0	6
GF11_C6_d72	0	0	0	0	0	0	0	0	0	0	0	0	1.85678	0	0	0	0	0	83.75921	0	0	11.35459	0.59243	0	0	0	0	0	0	0	0	0	0	0	0	0	0	0	0	0	0	0	0	0	2.26374	0	0	0	0	0	0	0	0	0.17325	0	0	0	0	0	0	0	0	0	0	0	0	0	0	0	0	0	0	0	0	0	0	0	0	0	0	0	0	0	0	0	0	0	0	0	0	6
GF12_B2_d79	0	0	0	0	0	0	0	0	0	0	0	0	0	0	0	0	0	0	0	0	0	0	2.087	0	0	0	0	0	0	0.03945	0	0	0.70155	2.55805	0	0	0	0	0	0	0	0	0	0	0.35482	0	0	0	0	0	0	0	0	0	0	0	0	0	0	0	0	0	0	0	0	0	0	0	0	0	0	0	0	0	0	0	0	0	0	94.25914	0	0	0	0	0	0	0	0	0	0	6
GF12_C1_d82_colon	0	0	0	0	0	0	0	0	0	0	0	0	0	0	0	0	0	0	0	0	0	0	12.94103	0	0	0	0	0	0	37.97854	0	1.23862	24.7158	0	16.33435	0	0	0	0	0	0	0	0	0	6.79165	0	0	0	0	0	0	0	0	0	0	0	0	0	0	0	0	0	0	0	0	0	0	0	0	0	0	0	0	0	0	0	0	0	0	0	0	0	0	0	0	0	0	0	0	0	6
GF14_A6_d34_colon	0	0	0	0	0	0	0	0	0	0	0	0	0	0	0	0	0	0	0	0	0	0	0	0	0	0	0	0	0	2.13427	0	0	0	0	0.29983	0	0	0	0	0	0	0	0	0	0	0	0	42.49067	0	0	0	45.97065	0	7.61679	1.48779	0	0	0	0	0	0	0	0	0	0	0	0	0	0	0	0	0	0	0	0	0	0	0	0	0	0	0	0	0	0	0	0	0	0	0	6
GF14_A8_d94_stool	0	0	0	0	0	0	0	0	0	0	0	0	0	0	0	0	0	0	0	0	0	0	0.33258	0	0	0	0	0	0	0	0	0	0	0.53312	0	0	0	0	0	0	0	0	0	0	1.21742	0	0	0.45838	0	0	0	96.05977	0	0	1.39873	0	0	0	0	0	0	0	0	0	0	0	0	0	0	0	0	0	0	0	0	0	0	0	0	0	0	0	0	0	0	0	0	0	0	0	6
GF14_d89_B2_stool	0	0	0	0	0	0	0	0	0	0	0	0	0	0	0	0	0	0	0	0	0	0	1.08379	0	0	0	0	0	0	0	0	0	0	0	0	0	0	0	0	0	0	0	0	0	1.35039	0	0	0.93512	0	0	0	92.7003	0	3.1454	0.785	0	0	0	0	0	0	0	0	0	0	0	0	0	0	0	0	0	0	0	0	0	0	0	0	0	0	0	0	0	0	0	0	0	0	0	6
GF14_d90_B2_stool	0	0	0	0	0	0	0	0	0	0	0	0	0	0	0	0	0	0	0	0	0	0	1.0316	0	0	0	0	0	0	0	0	0	0	0	0	0	0	0	0	0	0	0	0	0	3.39684	0	0	0.9488	0	0	0	91.06628	0	3.43668	0.1198	0	0	0	0	0	0	0	0	0	0	0	0	0	0	0	0	0	0	0	0	0	0	0	0	0	0	0	0	0	0	0	0	0	0	0	6
GF15_A1_d72_stool	0	0	0	0	0	0	0	0	0	0	0	0	1.83142	0	0	0	0	0	0	0	0	0	1.44116	0	0	0	0	0	0	0	0	0	6.74183	0	0	0	0	0	0	0	0	0	0	0	4.5672	0	0	0.15548	0	0	0	85.26291	0	0	0	0	0	0	0	0	0	0	0	0	0	0	0	0	0	0	0	0	0	0	0	0	0	0	0	0	0	0	0	0	0	0	0	0	0	0	6
GF15_A5_d108_colon	0	0	0	0	0	0	0	0	0	0	0	0	1.34013	0	0	0	0	0	0.4478	0	0	0	0	0	0	0	0	0	0	0	0	0	0	0	0	0	0	0	0	0	0	0	0	0	0	0	0	0	0	0	0	72.33945	22.01874	3.24044	0.61345	0	0	0	0	0	0	0	0	0	0	0	0	0	0	0	0	0	0	0	0	0	0	0	0	0	0	0	0	0	0	0	0	0	0	0	6
GF15_A5_d32	0	0	0	0	0	0	0	0	0	0	0	0	1.40356	0	0	0	0	0	85.51362	0	0	10.10936	1.12285	0	0	0	0	0	0	0	0	0	1.39342	0	0	0	0	0	0	0	0	0	0	0	0.45719	0	0	0	0	0	0	0	0	0	0	0	0	0	0	0	0	0	0	0	0	0	0	0	0	0	0	0	0	0	0	0	0	0	0	0	0	0	0	0	0	0	0	0	0	0	6
GF15_A6_d108_colon	0	0	0	0	0	0	0	0	0	0	0	0	0	0	0	0	0	0	0	0	0	0	0	0	0	0	0	0	0	0	0	0	0	0	0	0	0	0	0	0	0	0	0	0	0	0	0	15.99339	0	0	0	66.32062	10.58026	2.82143	1.41948	0	0	0	0	0	0	0	0	0	0	2.86482	0	0	0	0	0	0	0	0	0	0	0	0	0	0	0	0	0	0	0	0	0	0	0	0	6
GF15_B1_d32	0	0	0	0	0	0	0	0	0	0	0	0	2.61814	0	0	0	0	0	81.86867	0	0	7.56827	1.39478	0	0	0	0	0	0	0	0	0	3.23806	0	0	0	0	0	0	0	0	0	0	0	3.31209	0	0	0	0	0	0	0	0	0	0	0	0	0	0	0	0	0	0	0	0	0	0	0	0	0	0	0	0	0	0	0	0	0	0	0	0	0	0	0	0	0	0	0	0	0	6
GF15_b1_d97_colon	0	0	0	0	0	0	0	0	0	0	0	0	0	0	0	0	0	0	19.28788	0	0	0.85624	0	0	0	0	0	0	0	0	0	0	0	0	0	0	0	0	0	0	0	0	0	0	0	0	0	0	0	0	0	58.5857	2.99197	9.07408	0	0	0	0	0	0	0	0	0	0	0	9.20413	0	0	0	0	0	0	0	0	0	0	0	0	0	0	0	0	0	0	0	0	0	0	0	0	6
GF15_B10_d97_colon	0	0	0	0	0	0	0	0	0	0	0	0	0	0	0	0	0	0	8.18564	0	0	0.71304	0	0	0	0	0	0	0	0	0	0	0	0	0	0	0	0	0	0	0	0	0	0	0	0	0	0	0	0	0	51.26935	27.32405	3.86909	0	0	0	0	0	0	0	0	0	0	0	8.63882	0	0	0	0	0	0	0	0	0	0	0	0	0	0	0	0	0	0	0	0	0	0	0	0	6
GF15_B2_d32	0	0	0	0	0	0	0	0	0	0	0	0	2.10322	0	0	0	0	0	84.52669	0	0	7.38328	1.35143	0	0	0	0	0	0	0	0	0	2.53416	0	0	0	0	0	0	0	0	0	0	0	2.10123	0	0	0	0	0	0	0	0	0	0	0	0	0	0	0	0	0	0	0	0	0	0	0	0	0	0	0	0	0	0	0	0	0	0	0	0	0	0	0	0	0	0	0	0	0	6
GF15_B2_d33	0	0	0	0	0	0	0	0	0	0	0	0	2.97421	0	0	0	0	0	81.28925	0	0	8.81758	0.57595	0	0	0	0	0	0	0	0	0	4.00589	0	0	0	0	0	0	0	0	0	0	0	2.33712	0	0	0	0	0	0	0	0	0	0	0	0	0	0	0	0	0	0	0	0	0	0	0	0	0	0	0	0	0	0	0	0	0	0	0	0	0	0	0	0	0	0	0	0	0	6
GF15_B2_d35_colon	0	0	0	0	0	0	0	0	0	0	0	0	0	0	0	0	0	0	11.97345	0	0	0.7238	0	0	0	0	0	0	0	0	0	0	0	0	0	0	0	0	0	0	0	0	0	0	0	0	0	2.72045	0	0	0	23.79614	0	30.84067	0	0	0	0	0	0	0	0	0	0	0	29.94548	0	0	0	0	0	0	0	0	0	0	0	0	0	0	0	0	0	0	0	0	0	0	0	0	6
GF15_B4_d34	0	0	0	0	0	0	0	0	0	0	0	0	0	0	0	0	0	0	37.99613	0	0	4.85794	0	0	0	0	0	0	0	0	0	0	0	0	0	0	0	0	0	0	0	0	0	0	0	0	0	8.45848	0	0	0	24.68564	0	11.05862	0	0	0	0	0	0	0	0	0	0	0	12.94319	0	0	0	0	0	0	0	0	0	0	0	0	0	0	0	0	0	0	0	0	0	0	0	0	6
GF15_b5_d95_stool	0	0	0	0	0	0	0	0	0	0	0	0	0.99496	0	0	0	0	0	0	0	0	0	1.13163	0	0	0	0.05321	0	0	0	0	0	4.53225	0	0	0	0	0	0	0	0	0	0	0	4.24791	0	0	0	0	0	0	89.04004	0	0	0	0	0	0	0	0	0	0	0	0	0	0	0	0	0	0	0	0	0	0	0	0	0	0	0	0	0	0	0	0	0	0	0	0	0	0	6
GF15_b6_d95_stool	0	0	0	0	0	0	0	0	0	0	0	0	0.13277	0	0	0	0	0	0	0	0	0	0	0	0	0	0	0	0	0	0	0	0	0	0	0	0	0	0	0	0	0	0	0	0.76838	0	0	0	0	0	0	13.8748	70.12839	14.20706	0.8886	0	0	0	0	0	0	0	0	0	0	0	0	0	0	0	0	0	0	0	0	0	0	0	0	0	0	0	0	0	0	0	0	0	0	0	6
GF15_b7_d97_colon	0	0	0	0	0	0	0	0	0	0	0	0	0	0	0	0	0	0	10.89262	0	0	0	0	0	0	0	0	0	0	0	0	0	0	0	0	0	0	0	0	0	0	0	0	0	0	0	0	2.63504	0	0	0	38.80354	41.97616	1.35567	0	0	0	0	0	0	0	0	0	0	0	4.33697	0	0	0	0	0	0	0	0	0	0	0	0	0	0	0	0	0	0	0	0	0	0	0	0	6
GF15_c2_d105_stool	0	0	0	0	0	0	0	0	0	0	0	0	0.0782	0	0	0	0	0	0	0	0	0	0	0	0	0	0	0	0	0	0	0	0	0	0	0	0	0	0	0	0	0	0	0	4.48893	0	0	0.78102	0	0	0	92.43596	1.35246	0	0.86344	0	0	0	0	0	0	0	0	0	0	0	0	0	0	0	0	0	0	0	0	0	0	0	0	0	0	0	0	0	0	0	0	0	0	0	6
GF15_C4_d38	0	0	0	0	0	0	0	0	0	0	0	0	0	0	0	0	0	0	79.2038	1.00067	0	7.04259	0	0	0	0	0	0	0	0	0	0	0	0	0	0	0	0	0	0	0	0	0	0	0	0	0	2.95743	0	0	0	8.00895	0	0	0	0	0	0	0	0	0	0	0	0	0	1.78657	0	0	0	0	0	0	0	0	0	0	0	0	0	0	0	0	0	0	0	0	0	0	0	0	6
GF15_C5_d36	0	0	0	0	0	0	0	0	0	0	0	0	0.10864	0	0	0	0	0	58.55004	0	0	6.5254	0	0	0	0	0	0	0	0	0	0	0	0	0	0	0	0	0	0	0	0	0	0	29.15074	0	0	0.12481	0	0	0	0	0	0	0	0	0	0	0	0	0	0	0	0	0	5.54038	0	0	0	0	0	0	0	0	0	0	0	0	0	0	0	0	0	0	0	0	0	0	0	0	6
GF15_C5_d37	0	0	0	0	0	0	0	0	0	0	0	0	0.8768	0	0	0	0	0	58.80638	0	0	8.73718	0	0	0	0	0	0	0	0	0	0	0	0	0	0	0	0	0	0	0	0	0	0	20.72677	0	0	0	0	0	0	0	0	0.50011	0	0	0	0	0	0	0	0	0	0	0	10.35275	0	0	0	0	0	0	0	0	0	0	0	0	0	0	0	0	0	0	0	0	0	0	0	0	6
GF15_C5_d39_colon	0	0	0	0	0	0	0	0	0	0	0	0	0	0	0	0	0	0	38.31955	0	0	4.95225	0	0	0	0	0	0	0	0	0	0	0	0	0	0	0	0	0	0	0	0	0	0	0	0	0	0	0	0	0	41.34721	9.65007	4.90727	0	0	0	0	0	0	0	0	0	0	0	0.82365	0	0	0	0	0	0	0	0	0	0	0	0	0	0	0	0	0	0	0	0	0	0	0	0	6
GF15_c6_d105_stool	0	0	0	0	0	0	0	0	0	0	0	0	0.1158	0	0	0	0	0	0	0	0	0	0.10229	0	0	0	0	0	0	0	0	0	0	0	0	0	0	0	0	0	0	0	0	0	5.31141	0	0	0.39747	0	0	0	92.71022	0	0	1.36281	0	0	0	0	0	0	0	0	0	0	0	0	0	0	0	0	0	0	0	0	0	0	0	0	0	0	0	0	0	0	0	0	0	0	0	6
GF15_C6_d72_stool	0	0	0	0	0	0	0	0	0	0	0	0	1.17734	0	0	0	0	0	0	0	0	0	0	0	0	0	0	0	0	0	0	0	0	0	0	0	0	0	0	0	0	0	0	0	0.74597	0	0	0.72805	0	0	0	95.50761	0	0.28063	1.56041	0	0	0	0	0	0	0	0	0	0	0	0	0	0	0	0	0	0	0	0	0	0	0	0	0	0	0	0	0	0	0	0	0	0	0	6
GF15_c7_d72_stool	0	0	0	0	0	0	0	0	0	0	0	0	2.12828	0	0	0	0	0	0.06417	0	0	0	0	0	0	0	0	0	0	0	0	0	0	0	0	0	0	0	0	0	0	0	0	0	0.6453	0	0	0.22729	0	0	0	94.63437	0	0	2.30058	0	0	0	0	0	0	0	0	0	0	0	0	0	0	0	0	0	0	0	0	0	0	0	0	0	0	0	0	0	0	0	0	0	0	0	6
GF15_c9_d108_colon	0	0	0	0	0	0	0	0	0	0	0	0	0.24938	0	0	0	0	0	0	0	0	0	0	0	0	0	0	0	0	0	0	0	0	0	0	0	0	0	0	0	0	0	0	0	16.14859	0	0	0	0	0	0	46.94418	19.69313	8.31515	0	0	0	0	0	0	0	0	0	0	0	8.64956	0	0	0	0	0	0	0	0	0	0	0	0	0	0	0	0	0	0	0	0	0	0	0	0	6
GF15_d67_B2_stool	0	0	0	0	0	0	0	0	0	0	0	0	0.68199	0	0	0	0	0	0.09438	0	0	0	0	0	0	0	0	0	0	0	0	0	0	0	0	0	0	0	0	0	0	0	0	0	0.04833	0	0	0.94117	0	0	0	97.63117	0	0	0.60296	0	0	0	0	0	0	0	0	0	0	0	0	0	0	0	0	0	0	0	0	0	0	0	0	0	0	0	0	0	0	0	0	0	0	0	6
GF15_d67_B5_stool	0	0	0	0	0	0	0	0	0	0	0	0	1.91235	0	0	0	0	0	0	0	0	0	0.0038	0	0	0	0	0	0	0	0	0	0	0	0	0	0	0	0	0	0	0	0	0	0.44385	0	0	61.08733	0	0	0	35.74527	0	0	0.8074	0	0	0	0	0	0	0	0	0	0	0	0	0	0	0	0	0	0	0	0	0	0	0	0	0	0	0	0	0	0	0	0	0	0	0	6
GF15_d70_B2_colon	0	0	0	0	0	0	0	0	0	0	0	0	0	0	0	0	0	0	9.21501	0	0	0	0	0	0	0	0	0	0	0	0	0	0	0	0	0	0	0	0	0	0	0	0	0	0	0	0	12.66992	0	0	0	60.29611	15.66416	1.37585	0.77895	0	0	0	0	0	0	0	0	0	0	0	0	0	0	0	0	0	0	0	0	0	0	0	0	0	0	0	0	0	0	0	0	0	0	0	6
GF15_d70_B7_colon	0	0	0	0	0	0	0	0	0	0	0	0	0	0	0	0	0	0	0.82708	0	0	0	0	0	0	0	0	0	0	0	0	0	0	0	0	0	0	0	0	0	0	0	0	0	0	0	0	61.53868	0	0	0	23.3305	8.34243	1.58184	0	0	0	0	0	0	0	0	0	0	0	4.37948	0	0	0	0	0	0	0	0	0	0	0	0	0	0	0	0	0	0	0	0	0	0	0	0	6
GF15_d70_B8_colon	0	0	0	0	0	0	0	0	0	0	0	0	0	0	0	0	0	0	5.75509	0	0	0.71035	0	0	0	0	0	0	0	0	0	0	0	0	0	0	0	0	0	0	0	0	0	0	0	0	0	37.62309	0	0	0	12.80978	34.35961	8.74208	0	0	0	0	0	0	0	0	0	0	0	0	0	0	0	0	0	0	0	0	0	0	0	0	0	0	0	0	0	0	0	0	0	0	0	0	6
GF15_d71_A7_stool	0	0	0	0	0	0	0	0	0	0	0	0	0.72189	0	0	0	0	0	0	0	0	0	0.02993	0	0	0	0	0	0	0	0	0	0	0	0	0	0	0	0	0	0	0	0	0	0.68107	0	0	5.06958	0	0	0	92.07538	0	0	1.42215	0	0	0	0	0	0	0	0	0	0	0	0	0	0	0	0	0	0	0	0	0	0	0	0	0	0	0	0	0	0	0	0	0	0	0	6
GF15_d71_C3_stool	0	0	0	0	0	0	0	0	0	0	0	0	0.56724	0	0	0	0	0	0	0	0	0	0.23003	0	0	0	0	0	0	0	0	0	0	0	0	0	0	0	0	0	0	0	0	0	16.52142	0	0	0	0	0	0	59.81373	0	22.40798	0.4596	0	0	0	0	0	0	0	0	0	0	0	0	0	0	0	0	0	0	0	0	0	0	0	0	0	0	0	0	0	0	0	0	0	0	0	6
GF17_a1_d31_stool	0	0	0	0	0	0	0	0	0	0	0	0	0	0	0	0	0	0	0	0	0	0	0.25721	0	0	0	0	0	0	0	0	0	0	0.24287	0	0	0	0	0	0	0	0	0	0	0.6928	0	0	93.41811	0	0	0	0	0	0	3.82386	0	1.56515	0	0	0	0	0	0	0	0	0	0	0	0	0	0	0	0	0	0	0	0	0	0	0	0	0	0	0	0	0	0	0	0	0	6
GF17_a4_d31_stool	0	0	0	0	0	0	0	0	0	0	0	0	0	0	0	0	0	0	0	0	0	0	0	0	0	0	0	0	0	0	0	0	0	0	0	0	0	0	0	0	0	0	0	0	0.13742	0	0	84.47148	0	0	0	10.52386	0	0	3.78838	0.06187	1.01698	0	0	0	0	0	0	0	0	0	0	0	0	0	0	0	0	0	0	0	0	0	0	0	0	0	0	0	0	0	0	0	0	0	6
GF2_A2_day29	0	0	0	0	0	0	0	0	0	0	0	0	0.16344	0	0	0	0	0	12.15261	0	0	2.42483	0.06597	0	0	0	0	0	0	0	0	0	0	0	0	0	0	0	0	0	0	0	0	0	0.29676	0	0	84.89639	0	0	0	0	0	0	0	0	0	0	0	0	0	0	0	0	0	0	0	0	0	0	0	0	0	0	0	0	0	0	0	0	0	0	0	0	0	0	0	0	0	0	6
GF2_A5_day31	0	0	0	0	0	0	0	0	0	0	0	0	0.79856	0	0	0	0	0	22.71823	0	0	1.24616	0.29	0	0	0	0	0	0	0	0	0	0	0	0	0	0	0	0	0	0	0	0	0	19.12273	0	0	55.82431	0	0	0	0	0	0	0	0	0	0	0	0	0	0	0	0	0	0	0	0	0	0	0	0	0	0	0	0	0	0	0	0	0	0	0	0	0	0	0	0	0	0	6
GF2_A6_day31	0	0	0	0	0	0	0	0	0	0	0	0	17.27904	0	0	0	0	0	19.02324	0	0	1.24563	0.55536	0	0	0	0	0	0	0	0	0	0	0	0	0	0	0	0	0	0	0	0	0	42.23421	0	0	19.66252	0	0	0	0	0	0	0	0	0	0	0	0	0	0	0	0	0	0	0	0	0	0	0	0	0	0	0	0	0	0	0	0	0	0	0	0	0	0	0	0	0	0	6
GF2_B_day1_dad	0	0	0	0	0	0	0	0	0	0	0	0	0	0	0	0	0	0.36021	0.65853	0	0	0	0	0	0	0	0	0	0	0	0	43.89211	19.58512	0	0	0	0	0	0	0	0	0	0	0	20.85959	0	0	14.64444	0	0	0	0	0	0	0	0	0	0	0	0	0	0	0	0	0	0	0	0	0	0	0	0	0	0	0	0	0	0	0	0	0	0	0	0	0	0	0	0	0	0	6
GF2_B2_day27	0	0	0	0	0	0	0	0	0	0	0	0	1.27159	0	0	0	0	0	2.0287	0	0	0	1.49239	0	0	0	0	0	0	0	0	0	1.35428	0	0	0	0	0	0	0	0	0	0	0	0.8063	0	0	93.04674	0	0	0	0	0	0	0	0	0	0	0	0	0	0	0	0	0	0	0	0	0	0	0	0	0	0	0	0	0	0	0	0	0	0	0	0	0	0	0	0	0	0	6
GF2_B4_day27	0	0	0	0	0	0	0	0	0	0	0	0	1.42458	0	0	0	0	0	4.35249	0	0	0.90772	0.58599	0	0	0	0	0	0	0	0	0	0	0	0	0	0	0	0	0	0	0	0	0	2.394	0	0	90.33522	0	0	0	0	0	0	0	0	0	0	0	0	0	0	0	0	0	0	0	0	0	0	0	0	0	0	0	0	0	0	0	0	0	0	0	0	0	0	0	0	0	0	6
GF2_colon_A1_day45	0	0	0	0	0	0	0	0	0	0	0	0	5.00538	0	0	0	0	0	0	0	86.75222	0	0.37195	0	0	0	0	0	0	0	0	5.5696	2.24662	0	0.05423	0	0	0	0	0	0	0	0	0	0	0	0	0	0	0	0	0	0	0	0	0	0	0	0	0	0	0	0	0	0	0	0	0	0	0	0	0	0	0	0	0	0	0	0	0	0	0	0	0	0	0	0	0	0	0	6
GF20_d0_inoc	0	0	0	0	0	0	0	0	25.10773	0	0	0	6.37724	0	0	0	0	0	0	0	0	0	0	0	0	0	0	0	0	0	0	0	0	0	0	0	0	0	0	0	0	0	0	0	44.92024	0	0	1.225	8.58702	0	0	0	0	0	0	0	0	0	0	0	0	0	0	0	0	0	0	0	0	0	0	0	0	0	0	0	0	0	0	0	0	0	0	0	0	0	0	13.78277	0	0	6
GF20_d161_b8	0	0	0	0	0	0	0	0	0	0	0	0	0.06769	0	0	0	0	0	5.13395	0	0	0.10561	0	0	0	0	0	0	0	0	0	0	0	0	0	0	0	0	0	0	0	0	0	0	0.36998	0	0	65.04954	0	0	0	0	0	29.27323	0	0	0	0	0	0	0	0	0	0	0	0	0	0	0	0	0	0	0	0	0	0	0	0	0	0	0	0	0	0	0	0	0	0	0	0	6
GF20_d164_b5	0	0	0	0	0	0	0	0	0	0	0	0	0	0	0	0	0	0	29.40153	0	0	3.79589	0	0	0	0	0	0	0	0	0	0	0	0	0	0	0	0	0	0	0	0	0	0	0	0	0	52.09674	0	0	0	0	6.30561	2.26079	0	0	0	0	0	0	0	0	0	0	0	6.13944	0	0	0	0	0	0	0	0	0	0	0	0	0	0	0	0	0	0	0	0	0	0	0	0	6
GF20_d164_b8	0	0	0	0	0	0	0	0	0	0	0	0	0	0	0	0	0	0	11.48316	0	0	1.89362	0	0	0	0	0	0	0	0	0	0	0	0	0	0	0	0	0	0	0	0	0	0	0	0	0	78.85165	0	0	0	0	2.63069	1.69116	0	0	0	0	0	0	0	0	0	0	0	3.44971	0	0	0	0	0	0	0	0	0	0	0	0	0	0	0	0	0	0	0	0	0	0	0	0	6
GF20_d33_a3	0	0	0	0	0	0	0	0	0	0	0	0	1.27753	0	0	0	0	0	0	0	0	0	0.75657	0	0	0	0	0	0	0	0	0	0.01854	0	0	0	0	0	0	0	0	0	0	0	90.46654	0	0	2.21241	0	0	0	0	0	0	0	0	0	0	0	0	0	0	0	0	0	5.26841	0	0	0	0	0	0	0	0	0	0	0	0	0	0	0	0	0	0	0	0	0	0	0	0	6
GF20_d33_a5	0	0	0	0	0	0	0	0	0	0	0	0	1.64774	0	0	0	0	0	0	0	0	0	0.75216	0	0	0	0	0	0	0	0	0	0.07427	0	0	0	0	0	0	0	0	0	0	0	1.5821	0	0	95.34382	0	0	0	0	0	0	0	0	0	0	0	0	0	0	0	0	0	0.59991	0	0	0	0	0	0	0	0	0	0	0	0	0	0	0	0	0	0	0	0	0	0	0	0	6
GF20_d33_b4	0	0	0	0	0	0	0	0	0	0	0	0	0.51042	0	0	0	0	0	71.5799	0	0	7.52304	0.02406	0	0	0	0	0	0	0	0	0	0	0	0	0	0	0	0	0	0	0	0	0	7.76074	0	0	12.60183	0	0	0	0	0	0	0	0	0	0	0	0	0	0	0	0	0	0	0	0	0	0	0	0	0	0	0	0	0	0	0	0	0	0	0	0	0	0	0	0	0	0	6
GF20_d34_b3	0	0	0	0	0	0	0	0	0	0	0	0	0.94969	0	0	0	0	0	83.55948	0	0	8.73399	0.12113	0	0	0	0	0	0	0	0	0	0	0	0	0	0	0	0	0	0	0	0	0	0.99942	0	0	5.63629	0	0	0	0	0	0	0	0	0	0	0	0	0	0	0	0	0	0	0	0	0	0	0	0	0	0	0	0	0	0	0	0	0	0	0	0	0	0	0	0	0	0	6
GF20_d66_c1	0	0	0	0	0	0	0	0	0	0	0	0	0	0	0	0	0	0	0	0	0	0	2.08096	0	0	0	0.52166	0	0	0	0	0	17.36972	0	0	0	0	0	0	0	0	0	0	0	0.60987	0	0	13.50519	0	0	0	0	0	0	0	0	0	0	0	0	0	0	0	0	0	65.9126	0	0	0	0	0	0	0	0	0	0	0	0	0	0	0	0	0	0	0	0	0	0	0	0	6
GF20_d66_c10	0	0	0	0	0	0	0	0	0	0	0	0	0	0	0	0	0	0	0	0	0	0	2.22226	0	0	0	0.22531	0	0	0	0	0	38.77278	0	0	0	0	0	0	0	0	0	0	0	3.49855	0	0	45.77587	0	0	0	0	0	0	0	0	0	0	0	0	0	0	0	0	0	9.50522	0	0	0	0	0	0	0	0	0	0	0	0	0	0	0	0	0	0	0	0	0	0	0	0	6
GF20_d66_c6	0	0	0	0	0	0	0	0	0	0	0	0	0.22339	0	0	0	0	0	0	0	0	0	1.03483	0	0	0	0	0	0	0	0	0	11.16154	0	0	0	0	0	0	0	0	0	0	0	8.41306	0	0	69.52075	0	0	0	0	0	0	0	0	0	0	0	0	0	0	0	0	0	9.64643	0	0	0	0	0	0	0	0	0	0	0	0	0	0	0	0	0	0	0	0	0	0	0	0	6
GF20_d66_c7	0	0	0	0	0	0	0	0	0	0	0	0	0	0	0	0	0	0	0	0	0	0	2.52846	0	0	0	0.35797	0	0	0	0	0	42.76694	0	0	0	0	0	0	0	0	0	0	0	6.66006	0	0	16.1783	0	0	0	0	0	0	0	0	0	0	0	0	0	0	0	0	0	31.50827	0	0	0	0	0	0	0	0	0	0	0	0	0	0	0	0	0	0	0	0	0	0	0	0	6
GF20_d68_b3	0	0	0	0	0	0	0	0	0	0	0	0	1.08043	0	0	0	0	1.08667	22.8739	0	0	0.32907	0	0	0	0	0	0	0	0	0	0	0	0	0	0	0	0	0	0	0	0	0	0	1.24698	0	0	73.38294	0	0	0	0	0	0	0	0	0	0	0	0	0	0	0	0	0	0	0	0	0	0	0	0	0	0	0	0	0	0	0	0	0	0	0	0	0	0	0	0	0	0	6
GF20_d81_a4	0	0	0	0	0	0	0	0	0	0	0	0	0	0	0	0	0	0	0	0	0	0	0	0	0	0	0	0	0	0	0	0	3.76697	0	0	0	0	0	0	0	0	0	0	0	6.7285	0	0	30.59613	0	0	0	0	8.02653	1.29804	0	0	0	0	0	0	0	0	0	0	0	49.58383	0	0	0	0	0	0	0	0	0	0	0	0	0	0	0	0	0	0	0	0	0	0	0	0	6
GF20_d81_a7	0	0	0	0	0	0	0	0	0	0	0	0	0.02664	0	0	0	0	0	0	0	0	0	1.05483	0	0	0	0	0	0	0	0	0	22.47878	0	0	0	0	0	0	0	0	0	0	0	11.50546	0	0	28.45246	0	0	0	0	0	0	0	0	0	0	0	0	0	0	0	0	0	36.48182	0	0	0	0	0	0	0	0	0	0	0	0	0	0	0	0	0	0	0	0	0	0	0	0	6
GF20_d89_b2	0	0	0	0	0	0	0	0	0	0	0	0	0	0	0	0	0	0	0	0	0	0	1.72936	0	0	0	0	0	0	0	0	0	45.26152	0	0	0	0	0	0	0	0	0	0	0	9.3845	0	0	33.83697	0	0	0	0	0	6.67898	0	0	0	0	0	0	0	0	0	0	0	3.10866	0	0	0	0	0	0	0	0	0	0	0	0	0	0	0	0	0	0	0	0	0	0	0	0	6
GF23_d52_a8	0	0	0	0	0	0	0	0	0	0	0	0	0	0	0	0	0	0	0	0	0	0	0	0	0	0	0	0	0	0	0	0	0	0	0	0	0	0	0	0	0	0	0	0	0.06848	0	0	3.58697	0	0	0	39.72766	0.11872	55.27991	1.21826	0	0	0	0	0	0	0	0	0	0	0	0	0	0	0	0	0	0	0	0	0	0	0	0	0	0	0	0	0	0	0	0	0	0	0	6
GF3_C2_day32	0	0	0	0	0	0	0	0	0	0	0	0	9.91644	0	0	0	0	0	0	0	77.69093	0	1.66339	0	0	0	0	0	0	0	0	8.45726	1.87698	0	0	0	0	0	0	0	0	0	0	0	0.395	0	0	0	0	0	0	0	0	0	0	0	0	0	0	0	0	0	0	0	0	0	0	0	0	0	0	0	0	0	0	0	0	0	0	0	0	0	0	0	0	0	0	0	0	0	6
GF4_B3_SI	0	0	0	0	0.01661	0	0	0	0	0	0	0	96.62819	0	0	0	0	0	0	0	0	0	0.70697	0	0	0	0	0	0	0	0	0.21358	0.12293	0	0	0	0	0	0	0	0	0	0	0	2.31173	0	0	0	0	0	0	0	0	0	0	0	0	0	0	0	0	0	0	0	0	0	0	0	0	0	0	0	0	0	0	0	0	0	0	0	0	0	0	0	0	0	0	0	0	0	6
GF4_C1_D37	0	0	0	0	0	0	0	0	0	0	0	0	0	0	0	0	0	22.56451	0	0	0	0	16.56397	0	0	0	1.02458	0	0	0	0	0	13.30061	0	0	0	0	0	0	0	0	0	0	0	15.72958	0	0	30.81675	0	0	0	0	0	0	0	0	0	0	0	0	0	0	0	0	0	0	0	0	0	0	0	0	0	0	0	0	0	0	0	0	0	0	0	0	0	0	0	0	0	0	6
GF4_C1_SI	0	0	0	0	0	0	0	0	0	0	0	0	74.12533	0	0	0	0	0	0	0	0	0	0	0	0	0	1.97334	0	0	0	0	0	0	0	0	0	0	0	0	0	0	0	0	0	1.31826	0	0	6.31171	0	0	0	0	0	1.35953	0	0	0	0	0	0	0	0	0	0	0	0	0	0	0	0	0	0	0	0	0	0	0	0	0	0	0	0	0	0	0	0	0	0	0	14.91183	6
GF4_C2_D36	0	0	0	0	0	0	0	0	0	0	0	0	0	0	0	0	0	17.39727	0	0	0	0	0	0	0	0	0	0	0	0	0	4.17713	1.79696	0	0	0	0	0	0	0	0	0	0	0	52.75362	0	0	10.93315	0	0	0	0	0	12.94187	0	0	0	0	0	0	0	0	0	0	0	0	0	0	0	0	0	0	0	0	0	0	0	0	0	0	0	0	0	0	0	0	0	0	0	0	6
GF4_C4_d36	0	0	0	0	0	0	0	0	0	0	0	0	2.13291	0	0	0	0	0	0	0	0	0	0.15846	0	0	0	0	0	0	0	0	0	0	0	0	0	0	0	0	0	0	0	0	0	89.34576	0	0	8.03505	0.07188	0	0	0	0	0.25594	0	0	0	0	0	0	0	0	0	0	0	0	0	0	0	0	0	0	0	0	0	0	0	0	0	0	0	0	0	0	0	0	0	0	0	0	6
GF4_C4_d37	0	0	0	0	0	0	0	0	0	0	0	0	0	0	0	0	0	7.21326	0	0	0	0	14.91772	0	0	0	0	0	0	0	0	0	10.15021	0	0	0	0	0	0	0	0	0	0	0	40.41465	0	0	5.26475	0	0	0	0	0	22.03941	0	0	0	0	0	0	0	0	0	0	0	0	0	0	0	0	0	0	0	0	0	0	0	0	0	0	0	0	0	0	0	0	0	0	0	0	6
GF5_A3_COLON_190628	0	0	0	0	0	0	0	0	0	0	0	0	0	0	0	0	0	6.81453	0	0	0	0	2.45394	0	0	0	1.43836	0	0	0	0	0	16.87233	0	0	0	0	0	0	0	0	0	0	0	64.78981	0	0	7.63102	0	0	0	0	0	0	0	0	0	0	0	0	0	0	0	0	0	0	0	0	0	0	0	0	0	0	0	0	0	0	0	0	0	0	0	0	0	0	0	0	0	0	6
GF5_B1_D80	0	0	0	0	0	0	0	0	0	0	0	0	0	0	0	0	0	0	38.93902	0	0	8.20086	0.04714	0	0	0	0	0	0	0	0	0	0.63575	0	0	0	0	0	0	0	0	0	0	0	1.58762	0	0	50.58963	0	0	0	0	0	0	0	0	0	0	0	0	0	0	0	0	0	0	0	0	0	0	0	0	0	0	0	0	0	0	0	0	0	0	0	0	0	0	0	0	0	0	6
GF5_B1_D83	0	0	0	0	0	0	0	0	0	0	0	0	0	0	0	0	0	0	24.24585	0	0	0	14.03902	0	0	0	2.0907	0	0	0	0	0	0	0	2.2572	0	0	0	0	0	0	0	0	0	14.7662	0	0	42.60103	0	0	0	0	0	0	0	0	0	0	0	0	0	0	0	0	0	0	0	0	0	0	0	0	0	0	0	0	0	0	0	0	0	0	0	0	0	0	0	0	0	0	6
GF5_B6_D79	0	0	0	0	0	0	0	0	0	0	0	0	0	0	0	0	0	0	0	0	0	0	1.22051	0	0	0	0.50428	0	0	0	0	0	0.68349	0	0.04753	0	0	0	0	0	0	0	0	0	12.2472	0	0	85.29699	0	0	0	0	0	0	0	0	0	0	0	0	0	0	0	0	0	0	0	0	0	0	0	0	0	0	0	0	0	0	0	0	0	0	0	0	0	0	0	0	0	0	6
GF5_C3_COLON_190628	0	0	0	0	0	0	0	0	0	0	0	0	0	0	0	0	0	0	0	0	0	0	14.42133	0	0	0	10.59918	0	0	0	0	0	0	0	53.01274	0	0	0	0	0	0	0	0	0	0	0	0	10.24126	0	0	0	0	0	8.28302	3.44248	0	0	0	0	0	0	0	0	0	0	0	0	0	0	0	0	0	0	0	0	0	0	0	0	0	0	0	0	0	0	0	0	0	0	0	6
GF5_C3_D46	0	0	0	0	0	0	0	0	0	0	0	0	1.30364	0	0	0	0	33.40862	0	0	0	0	0	0	0	0	0	0	0	0	0	0.01991	0	0	0	0	0	0	0	0	0	0	0	0	1.68984	0	0	59.71328	0	0	0	0	0	3.86471	0	0	0	0	0	0	0	0	0	0	0	0	0	0	0	0	0	0	0	0	0	0	0	0	0	0	0	0	0	0	0	0	0	0	0	0	6
GF6_B1_D63	0	0	0	0	0	0	0	0	0	0	0	0	1.85168	0	0	0	0	18.01545	29.74417	0	0	0.96754	0	0	0	0	0	0	0	0	0	0	0	0	0	0	0	0	0	0	0	0	0	0	1.37318	0	0	0	0	0	0	0	0	48.04798	0	0	0	0	0	0	0	0	0	0	0	0	0	0	0	0	0	0	0	0	0	0	0	0	0	0	0	0	0	0	0	0	0	0	0	0	6
GF6_B2_D87	0	0	0	0	0	0	0	0	0	0	0	0	0	0	0	0	0	67.64475	0	0	0	0	0.36951	0	0	0	0	0	0	0	0	0.87952	4.68202	0	0	0	0	0	0	0	0	0	0	0	10.63204	0	0	15.79214	0	0	0	0	0	0	0	0	0	0	0	0	0	0	0	0	0	0	0	0	0	0	0	0	0	0	0	0	0	0	0	0	0	0	0	0	0	0	0	0	0	0	6
GF6_B6_D63	0	0	0	0	0	0	0	0	0	0	0	0	1.05813	0	0	0	0	22.52894	59.14893	0	0	9.64866	0	0	0	0	0	0	0	0	0	0	0	0	0	0	0	0	0	0	0	0	0	0	7.34992	0	0	0	0	0	0	0	0	0.26542	0	0	0	0	0	0	0	0	0	0	0	0	0	0	0	0	0	0	0	0	0	0	0	0	0	0	0	0	0	0	0	0	0	0	0	0	6
GF6_B7_D63	0	0	0	0	0	0	0	0	0	0	0	0	1.33669	0	0	0	0	19.16022	56.51845	0	0	5.90083	0	0	0	0	0	0	0	0	0	0	0	0	0	0	0	0	0	0	0	0	0	0	16.88059	0	0	0.20322	0	0	0	0	0	0	0	0	0	0	0	0	0	0	0	0	0	0	0	0	0	0	0	0	0	0	0	0	0	0	0	0	0	0	0	0	0	0	0	0	0	0	6
GF6_B7_D66	0	0	0	0	0	0	0	0	0	0	0	0	0	0	0	0	0	9.2877	13.17456	0	0	0	3.67364	0	0	0	0	0	0	0	0	0	48.64079	0	23.59122	0	0	0	0	0	0	0	0	0	1.63209	0	0	0	0	0	0	0	0	0	0	0	0	0	0	0	0	0	0	0	0	0	0	0	0	0	0	0	0	0	0	0	0	0	0	0	0	0	0	0	0	0	0	0	0	0	6
GF6_B8_D91	0	0	0	0	0	0	0	0	0	0	0	0	0.64463	0	0	0	0	0	0	0	0	0	12.23483	0	0	0	10.56317	0	0	0	0	0	33.27597	0	0	0	0	0	0	0	0	0	0	0	31.81388	0	0	0	0	0	0	0	0	11.46753	0	0	0	0	0	0	0	0	0	0	0	0	0	0	0	0	0	0	0	0	0	0	0	0	0	0	0	0	0	0	0	0	0	0	0	0	6
GF9_A2_COLON_D33	0	0	0	0	0	0	0	0	0	0	0	0	0	0	0	0	0	0	0	0	0	0	19.46987	0	0	0	0	0	0	17.15763	0	15.81508	0	34.26581	0	0	0	0	0	0	0	0	0	0	0	0	0	0	0	0	0	1.63131	0	0	0	0	0	0	0	0	0	0	0	0	0	0	0	0	0	0	0	0	0	0	0	0	0	0	0	0	0	0	0	0	0	0	0	0	0	11.6603	6
Gn3_A5_Stool_dol11	0	0	0	0	0	0	0	0	0	0	0	0	0	0	0	0	0	0	0	0	0	0	0.16112	0	0	0	0	0	0	0	0	0	0.38109	0	0	0	0	0	0	0	0	0	0	0	4.74114	0	0	30.31608	0	0	0	62.996	0	0	1.40456	0	0	0	0	0	0	0	0	0	0	0	0	0	0	0	0	0	0	0	0	0	0	0	0	0	0	0	0	0	0	0	0	0	0	0	6
Gn3_B15_Stool	0	0	0	0	0	0	0	0	0	0	0	0	0	0	0	0	0	1.8274	0	0	0	0	2.33632	0	0	0	0	0	0	0	0	0	0	0	0	0	0	0	0	0	0	0	0	0	1.54375	0	0	81.54307	0	0	0	0	0	12.59721	0.15226	0	0	0	0	0	0	0	0	0	0	0	0	0	0	0	0	0	0	0	0	0	0	0	0	0	0	0	0	0	0	0	0	0	0	0	6
Gn3_F1_Stool	0	0	0	0	0	0	0	0	0	0	0	0	0	20.20773	0	0	0	0	0	0	0	0	0	0	0	0	0	0	0	0	0	0	0	0	0	0	0	0	0	0	0	0	0	0	19.30496	0	0	56.43246	0	0	0	0	0	0	3.54526	0.34545	0	0	0	0	0	0	0	0	0	0	0	0	0	0	0	0	0	0	0.16414	0	0	0	0	0	0	0	0	0	0	0	0	0	0	0	6
Gn3_F2_Stool	0	0	0	0	0	0	0	0	0	0	0	0	0	6.54219	0	0	0	0	0	0	0	0	0.07867	0	0	0	0	0	0	0	0	0	0	0	0	0	0	0	0	0	0	0	0	0	24.70851	0	0	66.70632	0	0	0	0	0	0.5555	0	0	0	0	0	0	0	0	0	0	0	0	0	0	0	0	0	0	0	0	1.40881	0	0	0	0	0	0	0	0	0	0	0	0	0	0	0	6
gnoto1_BA2_d10	0	0	0	0	0	0	0	0	0	0	0	0	69.85149	0	0	0	0	0	0	0	0	0	0.57744	0	0	0	0	0	0	0	0	0	0.10301	0	0.00793	0	0	0	0	0	0	0	0	0	1.39391	0	0	28.06622	0	0	0	0	0	0	0	0	0	0	0	0	0	0	0	0	0	0	0	0	0	0	0	0	0	0	0	0	0	0	0	0	0	0	0	0	0	0	0	0	0	0	6
gnoto1_BA3_d10	0	0	0	0	0	0	0	0	0	0	0	0	80.83261	0	0	0	0	0	0	0	0	0	1.52134	0	0	0	0	0	0	0	0	0	0	0	0.03174	0	0	0	0	0	0	0	0	0	2.73923	0	0	13.71222	0	0	0	0	0	1.16285	0	0	0	0	0	0	0	0	0	0	0	0	0	0	0	0	0	0	0	0	0	0	0	0	0	0	0	0	0	0	0	0	0	0	0	0	6
gnoto1_BM1_d10	0	0	0	0	0	0	0	0	0	0	0	0	2.30998	0	0	0	0	0	0	0	0	0	2.62257	0	0	0	0	0	0	0	0	0	0	0	0	0	0	0	0	0	0	0	0	0	16.34334	0	0	21.35809	0	0	0	0	0	57.15373	0.21229	0	0	0	0	0	0	0	0	0	0	0	0	0	0	0	0	0	0	0	0	0	0	0	0	0	0	0	0	0	0	0	0	0	0	0	6
gnoto1_BM5_d10	0	0	0	0	0	0	0	0	0	0	0	0	4.49069	0	0	0	0	0	0	0	0	0	4.68078	0	0	0	0	0	0	0	0	0	0.77754	0	0	0	0	0	0	0	0	0	0	0	11.08766	0	0	40.49968	0	0	0	0	0	38.46364	0	0	0	0	0	0	0	0	0	0	0	0	0	0	0	0	0	0	0	0	0	0	0	0	0	0	0	0	0	0	0	0	0	0	0	0	6
gnoto1_BP3_d10	0	0	0	0	0	0	0	0	0	0	0	0	0.6263	0	0	0	0	0	0	0	0	0	0.80797	0	0	0	0	0	0	0	0	0	0.02282	0	0	0	0	0	0	0	0	0	0	0	6.84667	0	0	7.56301	0	0	0	0	0	84.13322	0	0	0	0	0	0	0	0	0	0	0	0	0	0	0	0	0	0	0	0	0	0	0	0	0	0	0	0	0	0	0	0	0	0	0	0	6
gnoto1_BP4_d10	0	0	0	0	0	0	0	0	0	0	0	0	0.13895	0	0	0	0	0	0	0	0	0	1.85985	0	0	0	0	0	0	0	0	0	0	0	0.93235	0	0	0	0	0	0	0	0	0	89.78108	0	0	7.09078	0	0	0	0	0	0.19699	0	0	0	0	0	0	0	0	0	0	0	0	0	0	0	0	0	0	0	0	0	0	0	0	0	0	0	0	0	0	0	0	0	0	0	0	6
gnoto2_BA3_d10	0	0	0	0	0.01205	0	0	0	0	0	0	0	87.14499	0	0	0	0	0	0	0	0	0	0.32952	0	0	0	0	0	0	0	0	0	0.12539	0	0	0	0	0	0	0	0	0	0	0	2.87465	0	0	9.51341	0	0	0	0	0	0	0	0	0	0	0	0	0	0	0	0	0	0	0	0	0	0	0	0	0	0	0	0	0	0	0	0	0	0	0	0	0	0	0	0	0	0	6
gnoto2_BA4_d10	0	0	0	0	0.00701	0	0	0	0	0	0	0	90.88314	0	0	0	0	0	0	0	0	0	0.45698	0	0	0	0	0	0	0	0	0	0	0	0	0	0	0	0	0	0	0	0	0	1.81104	0	0	6.74014	0	0	0	0	0	0.10168	0	0	0	0	0	0	0	0	0	0	0	0	0	0	0	0	0	0	0	0	0	0	0	0	0	0	0	0	0	0	0	0	0	0	0	0	6
gnoto2_BA5_d20_colon	0	0	0	0	0	0	0	0	0	0	0	0	0	0	0	0	0	0	0	0	0	0	20.05866	0	0	0	0	0	0	0	0	0	19.05074	0	41.28302	0	0	0	0	0	0	0	0	0	4.56905	0	0	12.7047	0	0	0	0	0	2.33383	0	0	0	0	0	0	0	0	0	0	0	0	0	0	0	0	0	0	0	0	0	0	0	0	0	0	0	0	0	0	0	0	0	0	0	0	6
gnoto2_BM1_d10	0	0	0	0	0.00714	0	0	0	0	0	0	0	77.6208	0	0	0	0	0	0	0	0	0	0.55941	0	0	0	0	0	0	0	0	0	0	0	0	0	0	0	0	0	0	0	0	0	2.48443	0	0	19.2698	0	0	0	0	0	0.05842	0	0	0	0	0	0	0	0	0	0	0	0	0	0	0	0	0	0	0	0	0	0	0	0	0	0	0	0	0	0	0	0	0	0	0	0	6
gnoto2_BM2_d10	0	0	0	0	0	0	0	0	0	0	0	0	88.81386	0	0	0	0	0	0	0	0	0	0.70804	0	0	0	0	0	0	0	0	0	0.06466	0	0	0	0	0	0	0	0	0	0	0	2.48278	0	0	7.49865	0	0	0	0	0	0.43202	0	0	0	0	0	0	0	0	0	0	0	0	0	0	0	0	0	0	0	0	0	0	0	0	0	0	0	0	0	0	0	0	0	0	0	0	6
gnoto2_BM3_d10	0	0	0	0	0	0	0	0	0	0	0	0	10.33467	0	0	0	0	0	0	0	0	0	4.52238	0	0	0	0	0	0	0	0	0	0.7902	0	0	0	0	0	0	0	0	0	0	0	18.36425	0	0	38.3328	0	0	0	0	0	27.6557	0	0	0	0	0	0	0	0	0	0	0	0	0	0	0	0	0	0	0	0	0	0	0	0	0	0	0	0	0	0	0	0	0	0	0	0	6
gnoto2_BM5_d10	0	0	0	0	0	0	0	0	0	0	0	0	30.79018	0	0	0	0	0	0	0	0	0	4.55782	0	0	0	0	0	0	0	0	0	1.82051	0	0	0	0	0	0	0	0	0	0	0	5.6849	0	0	52.84585	0	0	0	0	0	4.30075	0	0	0	0	0	0	0	0	0	0	0	0	0	0	0	0	0	0	0	0	0	0	0	0	0	0	0	0	0	0	0	0	0	0	0	0	6
gnoto2_BP3_d10	0	0	0	0	0	0	0	0	0	0	0	0	8.93095	0	0	0	0	0	0	0	0	0	6.06666	0	0	0	0	0	0	0	0	0	0.32493	0	0	0	0	0	0	0	0	0	0	0	79.74587	0	0	1.7183	0	0	0	0	0	3.21329	0	0	0	0	0	0	0	0	0	0	0	0	0	0	0	0	0	0	0	0	0	0	0	0	0	0	0	0	0	0	0	0	0	0	0	0	6
B4-d29	0	0	0	0	0	0	0	0	0	0	0	0	0	0	0	0	0	0	0	0	0	0	0.52607	0	0	0	0	0	0	0	0	0	0.01205	1.34326	0	0	0	0	0	0	0	0	0	0	1.09048	0	0	0	0	0	0	96.35887	0.1677	0	0.50157	0	0	0	0	0	0	0	0	0	0	0	0	0	0	0	0	0	0	0	0	0	0	0	0	0	0	0	0	0	0	0	0	0	0	0	7
b7-d33	0	0	0	0	0	0	0	0	0	0	0	0	0	0	0	0	0	0	0	0	0	0	2.11734	0	0	0	0	0	0	0.54056	0	0	3.85082	9.89555	0.50791	0	0	0	0	0	0	0	0	0	5.27567	0	0	0	0	0	0	77.81216	0	0	0	0	0	0	0	0	0	0	0	0	0	0	0	0	0	0	0	0	0	0	0	0	0	0	0	0	0	0	0	0	0	0	0	0	0	0	7
C4-d33	0	0	0	0	0	0	0	0	0	0	0	0	0	0	0	0	0	0	0	0	0	0	0.75141	0	0	0	0	0	0	0	0	0	0	4.84584	0	0	0	0	0	0	0	0	0	0	39.26759	0	0	0	0	0	0	32.04656	0	21.36308	0.42462	0	0	0	0	0	0	0	0	0	0	0	0	0	0	0	0	0	0	1.3009	0	0	0	0	0	0	0	0	0	0	0	0	0	0	0	0	7
C6-d37	0	0	0	0	0	0	0	0	0	0	0	0	0	0	0	0	0	0	0	0	0	0	1.34655	0	0	0	0	0	0	0.98104	0	0	0	0	3.42325	0	0	0	0	0	0	0	0	0	34.09464	0	0	10.31928	0	0	0	48.99412	0	0	0.84111	0	0	0	0	0	0	0	0	0	0	0	0	0	0	0	0	0	0	0	0	0	0	0	0	0	0	0	0	0	0	0	0	0	0	0	7
C8-d35	0	0	0	0	0	0	0	0	0	0	0	0	0	0	0	0	0	0	0	0	0	0	0.87009	0	0	0	0	0	0	0	0	0	0.23529	0.16799	0.00331	0	0	0	0	0	0	0	0	0	5.67263	0	0	92.8359	0	0	0	0.21479	0	0	0	0	0	0	0	0	0	0	0	0	0	0	0	0	0	0	0	0	0	0	0	0	0	0	0	0	0	0	0	0	0	0	0	0	0	0	7
C8-d38	0	0	0	0	0	0	0	0	0	0	0	0	0	0	0	0	0	0	0	0	0	0	2.32938	0	0	0	0	0	0	20.88168	0	0.11677	0	0	35.87716	0	0	0	0	0	0	0	0	0	21.67674	0	0	0	0	0	0	18.92203	0	0.19624	0	0	0	0	0	0	0	0	0	0	0	0	0	0	0	0	0	0	0	0	0	0	0	0	0	0	0	0	0	0	0	0	0	0	0	0	7
CONV_MERO1_D0	0	0	0	0	0	43.61721	0	0	0	0	5.81218	0	0	0	0	3.74725	0	0	0	0	0	0	1.04501	0	0	0	0	0.79849	0	0	0	0	0	0	0	0	0	0	0	0	0	0	0	0	2.41612	0	0	0	0	0	0	0	0	0	0	0	0	0	0	0	0	42.56373	0	0	0	0	0	0	0	0	0	0	0	0	0	0	0	0	0	0	0	0	0	0	0	0	0	0	0	0	7
CONV_MERO3_COLON	0	0	0	0	0	0	0	0	0	0	39.6047	54.45242	0	0	0	0.18804	0	0	0	0	0	0	1.10355	0.08606	0	0	0	0	0	0	0	0	0	0	0	0	0	0	0	0	0	0	0	0	0.14733	4.41791	0	0	0	0	0	0	0	0	0	0	0	0	0	0	0	0	0	0	0	0	0	0	0	0	0	0	0	0	0	0	0	0	0	0	0	0	0	0	0	0	0	0	0	0	7
CONV_MERO3_D3	0	0	0	0	0	0	0	0	0	0	3.36765	87.03293	0	0	0	0.43262	0	0	0	0	0	0	0.26082	0	0	0	0	4.7221	0	0	0	0	0	0	0	0	0	0	0	0	0	0	0	0	0.01407	4.16981	0	0	0	0	0	0	0	0	0	0	0	0	0	0	0	0	0	0	0	0	0	0	0	0	0	0	0	0	0	0	0	0	0	0	0	0	0	0	0	0	0	0	0	0	7
CONV_PBS1_D0	0	0	0	0	0	74.77864	0	0	0	0	1.34581	0	0	0	0	0.79898	0	0	0	0	0	0	0.77649	0	0	0	0	2.75657	0	0	0	0	0	0	0	0	0	0	0	0	0	0	0	0	1.2897	0	0	0	0	0	0	0	0	0	0	0	0	0	0	0	0	18.25381	0	0	0	0	0	0	0	0	0	0	0	0	0	0	0	0	0	0	0	0	0	0	0	0	0	0	0	0	7
CONV_PBS4_D0	0	0	0	0	0	14.99767	0	0	0	0	0	76.86505	0	0	0	1.18258	0	0	0	0	0	0	0	0	0	0	0	4.20886	0	0	0	0	0	0	0	0	0	0	0	0	0	0	0	0	0	0	0	0.21468	0	0	0	0	0	0	0	0	0	0	0	0	0	0	1.35989	0	0	0	0	0	0	1.17127	0	0	0	0	0	0	0	0	0	0	0	0	0	0	0	0	0	0	0	0	7
GF1_C4_d39	0	0	0	0	0	0	0	0	0	0	0	0	0	0	0	0	0	0	0	0	0	0	9.27728	0	0	0	0	0	0	18.18167	0	5.13588	0.83953	0	43.19383	0	0	0	0	0	0	0	0	0	13.23708	0	0	0	0	0	0	10.13473	0	0	0	0	0	0	0	0	0	0	0	0	0	0	0	0	0	0	0	0	0	0	0	0	0	0	0	0	0	0	0	0	0	0	0	0	0	0	7
GF10_A1_COLON_D35	0	0	0	0	0	0	0	0	0	0	0	0	0	0	0	0	0	0	0	0	0	0	2.93352	0	0	0	0	0	0	0.6376	0	1.07194	0	0.68328	0	0	0	0	0	0	0	0	0	0	9.10604	0	0	0	0	0	0	81.42365	0	0	0	0	0	0	0	0	0	0	0	0	0	0	0	0	0	0	0	0	0	0	0	0	0	0	0	0	0	0	0	0	0	0	0	0	0	4.14397	7
GF10_A2_D33	0	0	0	0	0	0	0	0	0	0	0	0	0	0	0	0	0	0	0	0	0	0	1.45968	0	0	0	0	0	0	0.13743	0	0	0.06585	1.9037	0	0	0	0	0	0	0	0	0	0	2.44982	0	0	0.09868	0	0	0	93.88484	0	0	0	0	0	0	0	0	0	0	0	0	0	0	0	0	0	0	0	0	0	0	0	0	0	0	0	0	0	0	0	0	0	0	0	0	0	0	7
GF10_C2_d77	0	0	0	0	0	0	0	0	0	0	0	0	0	0	0	0	0	0	0	0	0	0	0.38524	0	0	0	0	0	0	0	0	0	0	55.26831	0	0	0	0	0	0	0	0	0	0	1.5488	0	0	0.10797	0	0	0	37.39165	0	0	0	0	0	0	0	0	0	0	0	0	0	0	0	0	0	0	0	0	0	4.58283	0	0	0	0	0	0	0	0	0	0	0	0	0	0	0	0.71521	7
GF10_C4_d77	0	0	0	0	0	0	0	0	0	0	0	0	0	0	0	0	0	0	0	0	0	0	0.9527	0	0	0	0	0	0	0	0	0	0	27.63978	0	0	0	0	0	0	0	0	0	0	4.86103	0	0	0	0	0	0	39.6182	0	0	0	0	0	0	0	0	0	0	0	0	0	0	0	0	0	0	0	0	0.17644	21.61881	0	0	0	0	0	0	0	0	0	0	0	0	0	0	0	5.13304	7
GF11_B1_COLON_D38	0	0	0	0	0	0	0	0	7.70673	0	0	0	3.27918	0	0	0	0	0	23.48869	0	0	0	0	0	0	0	0	0	0	0	0	0	0	0	0	0	0	0	0	0	0	0	0	0	28.32483	0	0	29.02163	1.89397	0	0	0	0	0	0	0	0	0	0	0	0	0	0	0	0	0	0	0	0	0	0	0	0	0	0	0	0	0	0	0	0	0	0	0	0	0	0	6.28498	0	0	7
GF11_B2_COLON_D38	0	0	0	0	0	0	0	0	2.03955	0	0	0	0.56313	0	0	0	0	0	17.59146	0	0	2.07992	0	0	0	0	0	0	0	0	0	0	0	0	0	0	0	0	0	0	0	0	0	0	11.59457	0	0	64.7955	0	0	0	0	0	0	0	0	0	0	0	0	0	0	0	0	0	0	0	0	0	0	0	0	0	0	0	0	0	0	0	0	0	0	0	0	0	0	0	1.33587	0	0	7
GF11_B3_d105_colon	0	0	0	0	0	0	0	0	0	0	0	0	57.22703	0	0	0	0	0	0	0	0	0	4.32473	0	0	0	6.01406	0	0	0	0	12.56095	12.0821	0	0	0	0	0	0	0	0	0	0	0	1.22637	0	0	6.56476	0	0	0	0	0	0	0	0	0	0	0	0	0	0	0	0	0	0	0	0	0	0	0	0	0	0	0	0	0	0	0	0	0	0	0	0	0	0	0	0	0	0	7
GF11_C3_d74_colon	0	0	0	0	0	0	0	0	0	0	0	0	0	0	0	0	0	0	3.06569	0	0	0	32.26317	0	0	0	0	0	0	0	0	6.96977	6.46475	0	0	0	0	0	0	0	0	0	0	0	21.15954	0	0	16.44286	0	0	0	0	0	0	0	0	0	0	0	0	0	0	0	0	0	13.63423	0	0	0	0	0	0	0	0	0	0	0	0	0	0	0	0	0	0	0	0	0	0	0	0	7
GF11_C4_D36	0	0	0	0	0	0	0	0	1.18642	0	0	0	2.23663	0	0	0	0	0	18.84304	0	0	3.54744	0	0	0	0	0	0	0	0	0	0	0	0	0	0	0	0	0	0	0	0	0	0	8.96435	0	0	64.93938	0	0	0	0	0	0	0	0	0	0	0	0	0	0	0	0	0	0	0	0	0	0	0	0	0	0	0	0	0	0	0	0	0	0	0	0	0	0	0	0.28275	0	0	7
GF12_A5_d76_colon	0	0	0	0	0	0	0	0	0	0	0	0	0	0	0	0	0	0	0	0	0	0	4.64644	0	0	0	18.94556	0	0	12.75046	0	16.59992	0.90257	45.13744	1.01762	0	0	0	0	0	0	0	0	0	0	0	0	0	0	0	0	0	0	0	0	0	0	0	0	0	0	0	0	0	0	0	0	0	0	0	0	0	0	0	0	0	0	0	0	0	0	0	0	0	0	0	0	0	0	0	7
GF12_A8_d76_colon	0	0	0	0	0	0	0	0	0	0	0	0	0	0	0	0	0	0	0	0	0	0	6.90353	0	0	0	24.64413	0	0	20.40681	0	13.94797	1.54027	31.11819	1.43909	0	0	0	0	0	0	0	0	0	0	0	0	0	0	0	0	0	0	0	0	0	0	0	0	0	0	0	0	0	0	0	0	0	0	0	0	0	0	0	0	0	0	0	0	0	0	0	0	0	0	0	0	0	0	0	7
GF13_B2_d35_colon	0	0	0	0	0	0	0	0	0	0	0	0	0	0	0	0	0	0	0	0	0	0	15.35346	0	0	0	0	0	0	11.93308	0	0	2.20352	0	26.6139	0	0	0	0	0	0	0	0	0	0	0	0	34.30007	0	0	0	0	0	0	7.55948	0	2.03648	0	0	0	0	0	0	0	0	0	0	0	0	0	0	0	0	0	0	0	0	0	0	0	0	0	0	0	0	0	0	0	0	0	7
GF13_B3_d34	0	0	0	0	0	0	0	0	0	0	0	0	0	0	0	0	0	0	0	0	0	0	1.40759	0	0	0	0	0	0	0	0	0	0.21383	0	3.65347	0	0	0	0	0	0	0	0	0	0	0	0	70.10159	0	0	0	0	0	0	18.3575	0.39525	5.87077	0	0	0	0	0	0	0	0	0	0	0	0	0	0	0	0	0	0	0	0	0	0	0	0	0	0	0	0	0	0	0	0	0	7
GF13_B3_d35_colon	0	0	0	0	0	0	0	0	0	0	0	0	0	0	0	0	0	0	0	0	0	0	24.49256	0	0	0	0	0	0	17.74631	0	0	4.07217	0	35.39349	0	0	0	0	0	0	0	0	0	0	0	0	15.51738	0	0	0	0	0	0	1.91737	0	0.86071	0	0	0	0	0	0	0	0	0	0	0	0	0	0	0	0	0	0	0	0	0	0	0	0	0	0	0	0	0	0	0	0	0	7
GF14_A4_d32	0	0	0	0	0	0	0	0	0	0	0	0	0	0	0	0	0	0	0	0	0	0	0.44768	0	0	0	0	0	0	0	0	0	0	0	0	0	0	0	0	0	0	0	0	0	0.65815	0	0	65.9366	0	0	0	16.01241	0	0.83648	0.16662	0	0	0	0	0	0	0	0	0	0	0	0	0	0	0	0	0	0	15.94207	0	0	0	0	0	0	0	0	0	0	0	0	0	0	0	0	7
GF14_A6_d95_stool	0	0	0	0	0	0	0	0	0	0	0	0	0	0	0	0	0	0	0	0	0	0	1.90467	0	0	0	0	0	0	0	0	0	0	1.18258	0	0	0	0	0	0	0	0	0	0	5.30356	0	0	1.26694	0.02022	0	0	89.11254	0	0	1.20949	0	0	0	0	0	0	0	0	0	0	0	0	0	0	0	0	0	0	0	0	0	0	0	0	0	0	0	0	0	0	0	0	0	0	0	7
GF14_A6_d96_16_stool	0	0	0	0	0	0	0	0	0	0	0	0	0	0	0	0	0	0	0	0	0	0	2.93432	0	0	0	0	0	0	0	0	0	3.12223	0.02151	0	0	0	0	0	0	0	0	0	0	7.27114	0	0	2.69527	0	0	0	83.63116	0	0	0.32437	0	0	0	0	0	0	0	0	0	0	0	0	0	0	0	0	0	0	0	0	0	0	0	0	0	0	0	0	0	0	0	0	0	0	0	7
GF14_A8_d96_16_stool	0	0	0	0	0	0	0	0	0	0	0	0	0	0	0	0	0	0	0	0	0	0	2.316	0	0	0	0	0	0	0	0	0	1.7674	2.02041	0	0	0	0	0	0	0	0	0	0	5.75819	0	0	5.29386	0	0	0	81.10061	0	0	1.74353	0	0	0	0	0	0	0	0	0	0	0	0	0	0	0	0	0	0	0	0	0	0	0	0	0	0	0	0	0	0	0	0	0	0	0	7
GF14_c1_d130_colon	0	0	0	0	0	0	0	0	0	0	0	0	0	0	0	0	0	0	0.61287	0	0	0.24933	0.23102	0	0	0	0	0	0	0	0	0	0	0	0	0	0	0	0	0	0	0	0	0	0.33654	0	0	0	0	0	0	14.93951	0	83.15017	0.48057	0	0	0	0	0	0	0	0	0	0	0	0	0	0	0	0	0	0	0	0	0	0	0	0	0	0	0	0	0	0	0	0	0	0	0	7
GF15_A3_d108_colon	0	0	0	0	0	0	0	0	0	0	0	0	1.71166	0	0	0	0	0	2.59606	0	0	0.7689	0	0	0	0	0	0	0	0	0	0	0	0	0	0	0	0	0	0	0	0	0	0	0	0	0	0	0	0	0	22.4749	53.33453	8.67891	0	0	0	0	0	0	0	0	0	0	0	10.43503	0	0	0	0	0	0	0	0	0	0	0	0	0	0	0	0	0	0	0	0	0	0	0	0	7
GF15_a4_d105_stool	0	0	0	0	0	0	0	0	0	0	0	0	0.77304	0	0	0	0	0	0	0	0	0	0	0	0	0	0	0	0	0	0	0	0	0	0	0	0	0	0	0	0	0	0	0	0.51238	0	0	48.9709	0	0	0	12.58505	34.25322	2.75942	0.14599	0	0	0	0	0	0	0	0	0	0	0	0	0	0	0	0	0	0	0	0	0	0	0	0	0	0	0	0	0	0	0	0	0	0	0	7
GF15_a6_d105_stool	0	0	0	0	0	0	0	0	0	0	0	0	0.57734	0	0	0	0	0	0.31842	0	0	0	0.0524	0	0	0	0	0	0	0	0	0	0	0	0	0	0	0	0	0	0	0	0	0	5.05005	0	0	4.35882	0	0	0	87.91742	0	0	1.72555	0	0	0	0	0	0	0	0	0	0	0	0	0	0	0	0	0	0	0	0	0	0	0	0	0	0	0	0	0	0	0	0	0	0	0	7
GF15_B1_d35_colon	0	0	0	0	0	0	0	0	0	0	0	0	0	0	0	0	0	0	5.53261	0	0	0.66596	0	0	0	0	0	0	0	0	0	0	0	0	0	0	0	0	0	0	0	0	0	0	0	0	0	1.15963	0	0	0	42.03407	11.57192	19.84403	0	0	0	0	0	0	0	0	0	0	0	19.19178	0	0	0	0	0	0	0	0	0	0	0	0	0	0	0	0	0	0	0	0	0	0	0	0	7
GF15_b2_d95_stool	0	0	0	0	0	0	0	0	0	0	0	0	1.10231	0	0	0	0	0	0	0	0	0	0.39285	0	0	0	0	0	0	0	0	0	1.09603	0	0	0	0	0	0	0	0	0	0	0	16.94407	0	0	44.39998	0	0	0	35.37706	0	0	0.6877	0	0	0	0	0	0	0	0	0	0	0	0	0	0	0	0	0	0	0	0	0	0	0	0	0	0	0	0	0	0	0	0	0	0	0	7
GF15_B4_d32	0	0	0	0	0	0	0	0	0	0	0	0	1.20736	0	0	0	0	0	83.77599	0	0	8.60243	0.82911	0	0	0	0	0	0	0	0	0	1.33209	0	0	0	0	0	0	0	0	0	0	0	3.94313	0	0	0.3099	0	0	0	0	0	0	0	0	0	0	0	0	0	0	0	0	0	0	0	0	0	0	0	0	0	0	0	0	0	0	0	0	0	0	0	0	0	0	0	0	0	0	7
GF15_b6_d97_colon	0	0	0	0	0	0	0	0	0	0	0	0	0	0	0	0	0	0	6.22915	0	0	0	0	0	0	0	0	0	0	0	0	0	0	0	0	0	0	0	0	0	0	0	0	0	0	0	0	3.73078	0	0	0	20.70441	39.46139	10.61667	0.91842	0	0	0	0	0	0	0	0	0	0	18.33916	0	0	0	0	0	0	0	0	0	0	0	0	0	0	0	0	0	0	0	0	0	0	0	0	7
GF15_C4_d37	0	0	0	0	0	0	0	0	0	0	0	0	1.42075	0	0	0	0	0	85.35896	0	0	10.60695	0.12729	0	0	0	0	0	0	0	0	0	0.14394	0	0	0	0	0	0	0	0	0	0	0	2.15759	0	0	0	0	0	0	0	0	0	0	0	0	0	0	0	0	0	0	0	0	0.18451	0	0	0	0	0	0	0	0	0	0	0	0	0	0	0	0	0	0	0	0	0	0	0	0	7
GF15_C4_d39_colon	0	0	0	0	0	0	0	0	0	0	0	0	0	0	0	0	0	0	62.18759	0	0	7.36179	0	0	0	0	0	0	0	0	0	0	0	0	0	0	0	0	0	0	0	0	0	0	0	0	0	1.42795	0	0	0	21.83509	1.54857	0.46912	0	0	0	0	0	0	0	0	0	0	0	5.16987	0	0	0	0	0	0	0	0	0	0	0	0	0	0	0	0	0	0	0	0	0	0	0	0	7
GF15_c4_d73_stool	0	0	0	0	0	0	0	0	0	0	0	0	0.0756	0	0	0	0	0	0.26903	0	0	0	0	0	0	0	0	0	0	0	0	0	0	0	0	0	0	0	0	0	0	0	0	0	0.25995	0	0	14.06883	0	0	0	81.86283	0	1.72101	1.74273	0	0	0	0	0	0	0	0	0	0	0	0	0	0	0	0	0	0	0	0	0	0	0	0	0	0	0	0	0	0	0	0	0	0	0	7
GF15_d67_B3_stool	0	0	0	0	0	0	0	0	0	0	0	0	1.7919	0	0	0	0	0	0	0	0	0	0.17619	0	0	0	0	0	0	0	0	0	0.23715	0	0	0	0	0	0	0	0	0	0	0	2.23032	0	0	0.13811	0	0	0	93.78138	0	0	1.64495	0	0	0	0	0	0	0	0	0	0	0	0	0	0	0	0	0	0	0	0	0	0	0	0	0	0	0	0	0	0	0	0	0	0	0	7
GF17_a2_d31_stool	0	0	0	0	0	0	0	0	0	0	0	0	0	0	0	0	0	0	0	0	0	0	0.78598	0	0	0	0	0	0	0	0	0	0	2.22322	0	0	0	0	0	0	0	0	0	0	0.99821	0	0	49.34152	0	0	0	0	0	0	35.93012	1.08075	9.64021	0	0	0	0	0	0	0	0	0	0	0	0	0	0	0	0	0	0	0	0	0	0	0	0	0	0	0	0	0	0	0	0	0	7
GF17_a3_d31_stool	0	0	0	0	0	0	0	0	0	0	0	0	0	0	0	0	0	0	0	0	0	0	0.72986	0	0	0	0	0	0	0	0	0	0	0.43113	0	0	0	0	0	0	0	0	0	0	0.3444	0	0	31.90807	0	0	0	0	0	0	53.65902	1.13821	11.78932	0	0	0	0	0	0	0	0	0	0	0	0	0	0	0	0	0	0	0	0	0	0	0	0	0	0	0	0	0	0	0	0	0	7
GF17_a5_d31_stool	0	0	0	0	0	0	0	0	0	0	0	0	0	0	0	0	0	0	0	0	0	0	0.03221	0	0	0	0	0	0	0	0	0	0	0.01863	0	0	0	0	0	0	0	0	0	0	0.29929	0	0	29.89562	0	0	0	0	0	0	57.06049	0.3873	12.30645	0	0	0	0	0	0	0	0	0	0	0	0	0	0	0	0	0	0	0	0	0	0	0	0	0	0	0	0	0	0	0	0	0	7
GF18_a2_d54_colon	0	0	0	0	0	0	0	0	0	0	0	0	0	0	0	0	0	0	0	0	0	0	0.84781	0	0	0	0	0	0	17.03681	0	0	0	3.86773	1.05657	0	0	0	0	0	0	0	0	0	8.04728	0	0	0	0	0	0	65.75768	0	3.38612	0	0	0	0	0	0	0	0	0	0	0	0	0	0	0	0	0	0	0	0	0	0	0	0	0	0	0	0	0	0	0	0	0	0	0	0	7
GF18_a4_d32_stool	0	0	0	0	0	0	0	0	0	0	0	0	0	0	0	0	0	0	0	0	0	0	0.34348	0	0	0	0	0	0	0	0	0	0	0.83823	0	0	0	0	0	0	0	0	0	0	0.50527	0	0	0	0	0	0	18.62839	0.11987	78.20749	1.35726	0	0	0	0	0	0	0	0	0	0	0	0	0	0	0	0	0	0	0	0	0	0	0	0	0	0	0	0	0	0	0	0	0	0	0	7
GF18_adam_d33_stoolsoln	0	0	0	0	0	0	0	0	0	0	0	0	0	0	0	0	0	0	0	0	0	0	6.20848	0	0	0	0	0	0	10.79604	0	0	0.06442	0.06944	0	0	0	0	0	0	0	0	0	0	82.66301	0	0	0	0	0	0	0	0	0.05997	0	0	0	0	0	0	0	0	0	0	0	0	0	0	0	0	0	0	0	0	0	0	0	0	0	0	0	0	0	0	0	0	0	0.13864	0	0	7
GF18_b4_d32_stool	0	0	0	0	0	0	0	0	0	0	0	0	0	0	0	0	0	0	0	0	0	0	0.44084	0	0	0	0	0	0	0	0	0	0	0.71038	0	0	0	0	0	0	0	0	0	0	0.65696	0	0	0	0	0	0	22.88527	0.06532	74.89944	0.34179	0	0	0	0	0	0	0	0	0	0	0	0	0	0	0	0	0	0	0	0	0	0	0	0	0	0	0	0	0	0	0	0	0	0	0	7
GF2_A_day1_dad	0	0	0	0	0	0	0	0	0	0	0	0	0	0	0	0	0	0	2.04627	0	0	0.31301	1.68887	0	0	0	0	0	0	0	0	44.572	13.99236	0	0	0	0	0	0	0	0	0	0	0	18.3531	0	0	19.03439	0	0	0	0	0	0	0	0	0	0	0	0	0	0	0	0	0	0	0	0	0	0	0	0	0	0	0	0	0	0	0	0	0	0	0	0	0	0	0	0	0	0	7
GF2_A1_day29	0	0	0	0	0	0	0	0	0	0	0	0	0.67832	0	0	0	0	0	10.97103	0	0	1.30635	0.91652	0	0	0	0	0	0	0	0	0	0.52433	0	0	0	0	0	0	0	0	0	0	0	1.32712	0	0	84.27633	0	0	0	0	0	0	0	0	0	0	0	0	0	0	0	0	0	0	0	0	0	0	0	0	0	0	0	0	0	0	0	0	0	0	0	0	0	0	0	0	0	0	7
GF2_A4_day29	0	0	0	0	0	0	0	0	0	0	0	0	0.59705	0	0	0	0	0	23.35833	0	0	2.98133	1.31454	0	0	0	0	0	0	0	0	0	0.24349	0	0	0	0	0	0	0	0	0	0	0	1.08253	0	0	70.42274	0	0	0	0	0	0	0	0	0	0	0	0	0	0	0	0	0	0	0	0	0	0	0	0	0	0	0	0	0	0	0	0	0	0	0	0	0	0	0	0	0	0	7
GF2_A4_day44	0	0	0	0	0	0	0	0	0	0	0	0	3.29974	0	0	0	0	0	21.77709	0	15.82919	3.07783	0.49595	0	0	0	0	0	0	0	0	0	0	0	0	0	0	0	0	0	0	0	0	0	9.3906	0	0	46.1296	0	0	0	0	0	0	0	0	0	0	0	0	0	0	0	0	0	0	0	0	0	0	0	0	0	0	0	0	0	0	0	0	0	0	0	0	0	0	0	0	0	0	7
GF2_A6_day29	0	0	0	0	0	0	0	0	0	0	0	0	1.29099	0	0	0	0	0	19.11072	0	0	1.15142	0.38456	0	0	0	0	0	0	0	0	0	0	0	0	0	0	0	0	0	0	0	0	0	1.76165	0	0	76.22545	0	0	0	0	0	0.07521	0	0	0	0	0	0	0	0	0	0	0	0	0	0	0	0	0	0	0	0	0	0	0	0	0	0	0	0	0	0	0	0	0	0	0	0	7
GF2_B2_day28	0	0	0	0	0	0	0	0	0	0	0	0	1.18433	0	0	0	0	0	13.93501	0	0	0.66943	1.59836	0	0	0	0	0	0	0	0	0	1.59747	0	0	0	0	0	0	0	0	0	0	0	1.47821	0	0	79.53719	0	0	0	0	0	0	0	0	0	0	0	0	0	0	0	0	0	0	0	0	0	0	0	0	0	0	0	0	0	0	0	0	0	0	0	0	0	0	0	0	0	0	7
GF2_B3_day27	0	0	0	0	0	0	0	0	0	0	0	0	1.19857	0	0	0	0	0	5.67917	0	0	1.1142	1.39544	0	0	0	0	0	0	0	0	0	1.39301	0	0	0	0	0	0	0	0	0	0	0	1.09889	0	0	88.12073	0	0	0	0	0	0	0	0	0	0	0	0	0	0	0	0	0	0	0	0	0	0	0	0	0	0	0	0	0	0	0	0	0	0	0	0	0	0	0	0	0	0	7
GF20_d161_b4	0	0	0	0	0	0	0	0	0	0	0	0	1.12052	0	0	0	0	0	14.35874	0	0	1.68249	0.23284	0	0	0	0	0	0	0	0	0	0	0	0	0	0	0	0	0	0	0	0	0	0.85692	0	0	81.69693	0	0	0	0	0.05157	0	0	0	0	0	0	0	0	0	0	0	0	0	0	0	0	0	0	0	0	0	0	0	0	0	0	0	0	0	0	0	0	0	0	0	0	0	7
GF20_d167_damb	0	0	0	0	0	0	0	0	0	0	0	0	0	0	0	0	0	0	7.09509	0	0	1.12953	0	0	0	0	0	0	0	0	0	0	0	0	0	0	0	0	0	0	0	0	0	0	1.15517	0	0	1.85109	0	0	0	0	68.54264	15.72624	0	0	0	0	0	0	0	0	0	0	0	4.50025	0	0	0	0	0	0	0	0	0	0	0	0	0	0	0	0	0	0	0	0	0	0	0	0	7
GF20_d33_a4	0	0	0	0	0	0	0	0	0	0	0	0	1.38273	0	0	0	0	0	79.44051	0	0	8.37135	0.67582	0	0	0	0	0	0	0	0	0	0.17187	0	0	0	0	0	0	0	0	0	0	0	2.29877	0	0	0	0	0	0	0	0	0	0	0	0	0	0	0	0	0	0	0	0	7.65896	0	0	0	0	0	0	0	0	0	0	0	0	0	0	0	0	0	0	0	0	0	0	0	0	7
GF20_d81_a1	0	0	0	0	0	0	0	0	0	0	0	0	0	0	0	0	0	0	12.00282	0	0	0	0.40411	0	0	0	0	0	0	0	0	0	12.40979	0	0	0	0	0	0	0	0	0	0	0	8.17803	0	0	33.49954	0	0	0	0	2.0244	0	0	0	0	0	0	0	0	0	0	0	0	31.4813	0	0	0	0	0	0	0	0	0	0	0	0	0	0	0	0	0	0	0	0	0	0	0	0	7
GF4_C2_LI	0	0	0	0	0	0	0	0	0	0	0	0	97.89862	0	0	0	0	0	0	0	0	0	0.40571	0	0	0	0.00675	0	0	0	0	0	0.25922	0	0	0	0	0	0	0	0	0	0	0	0.16881	0	0	0.64339	0	0	0	0	0	0	0	0	0	0	0	0	0	0	0	0	0	0	0	0	0	0	0	0	0	0	0	0	0	0	0	0	0	0	0	0	0	0	0	0	0	0.6175	7
GF4_C3_d36	0	0	0	0	0	0	0	0	0	0	0	0	0.37763	0	0	0	0	0	0	0	0	0	2.57581	0	0	0	0	0	0	0	0	1.691	16.66448	0	0.00585	0	0	0	0	0	0	0	0	0	8.08023	0	0	70.60499	0	0	0	0	0	0	0	0	0	0	0	0	0	0	0	0	0	0	0	0	0	0	0	0	0	0	0	0	0	0	0	0	0	0	0	0	0	0	0	0	0	0	7
GF4_C3_SI	0	0	0	0	0	0	0	0	0	0	0	0	98.35113	0	0	0	0	0	0	0	0	0	0.17315	0	0	0	0.29741	0	0	0	0	0	0.18633	0	0	0	0	0	0	0	0	0	0	0	0.19403	0	0	0.29266	0	0	0	0	0	0	0	0	0	0	0	0	0	0	0	0	0	0	0	0	0	0	0	0	0	0	0	0	0	0	0	0	0	0	0	0	0	0	0	0	0	0.50529	7
GF5_A7_D81	0	0	0	0	0	0	0	0	0	0	0	0	12.03925	0	0	0	0	4.05836	0	0	0	0	0	0	0	0	1.09019	0	0	0	0	0	59.56552	0	10.72301	0	0	0	0	0	0	0	0	0	11.39413	0	0	1.12954	0	0	0	0	0	0	0	0	0	0	0	0	0	0	0	0	0	0	0	0	0	0	0	0	0	0	0	0	0	0	0	0	0	0	0	0	0	0	0	0	0	0	7
GF5_C5_COLON_190628	0	0	0	0	0	0	0	0	0	0	0	0	0	0	0	0	0	0	3.79389	0	0	0.69718	14.49469	0	0	0	0	0	0	0	0	1.91338	0	0	41.53786	0	0	0	0	0	0	0	0	0	14.01906	0	0	23.54394	0	0	0	0	0	0	0	0	0	0	0	0	0	0	0	0	0	0	0	0	0	0	0	0	0	0	0	0	0	0	0	0	0	0	0	0	0	0	0	0	0	0	7
GF6_A1_COLON_D54	0	0	0	0	0	0	0	0	0	0	0	0	0	0	0	0	0	0	0	0	0	0	9.18688	0	0	0	0	0	0	0	0	2.33025	43.95547	0	21.50709	0	0	0	0	0	0	0	0	0	0.15083	0	0	0	4.15767	0	0	0	0	18.71182	0	0	0	0	0	0	0	0	0	0	0	0	0	0	0	0	0	0	0	0	0	0	0	0	0	0	0	0	0	0	0	0	0	0	0	0	7
GF6_A1_COLON_D88	0	0	0	0	0	0	0	0	0	0	0	0	0	0	0	0	0	1.32174	1.75983	0	0	0	6.74076	0	0	0	0	0	0	0	0	0	14.74457	0	0	0	0	0	0	0	0	0	0	0	1.54785	0	0	3.71436	0	0	0	0	0	70.17089	0	0	0	0	0	0	0	0	0	0	0	0	0	0	0	0	0	0	0	0	0	0	0	0	0	0	0	0	0	0	0	0	0	0	0	0	7
GF6_A3_D51	0	0	0	0	0	0	0	0	0	0	0	0	11.91587	0	0	0	0	0	1.18385	0	0	0.61306	0	0	0	0	0	0	0	0	0	0	0.14675	0	0	0	0	0	0	0	0	0	0	0	5.82206	0	0	0	0	0	0	0	0.27459	80.04383	0	0	0	0	0	0	0	0	0	0	0	0	0	0	0	0	0	0	0	0	0	0	0	0	0	0	0	0	0	0	0	0	0	0	0	0	7
GF6_A4_D53	0	0	0	0	0	0	0	0	0	0	0	0	2.50157	0	0	0	0	0	0	0	0	0	2.52405	0	0	0	0	0	0	0	0	0	11.52506	0	0	0	0	0	0	0	0	0	0	0	7.85671	0	0	45.39721	0.16322	0	0	0	0	30.03217	0	0	0	0	0	0	0	0	0	0	0	0	0	0	0	0	0	0	0	0	0	0	0	0	0	0	0	0	0	0	0	0	0	0	0	0	7
GF6_ADAM_D0	0	0	0	0	0	0	0	0	0	0	0	0	0	0	0	0	0	0	0	0	0	0	3.23819	0	0	0	0	0	0	55.28347	0	0	3.81053	4.66198	0	0	0	0	0	1.84337	0	0	0	0	0	0	0	21.00478	0	0	0	0	10.15768	0	0	0	0	0	0	0	0	0	0	0	0	0	0	0	0	0	0	0	0	0	0	0	0	0	0	0	0	0	0	0	0	0	0	0	0	0	7
GF6_B10_D63	0	0	0	0	0	0	0	0	0	0	0	0	0.27419	0	0	0	0	19.66288	69.85607	0.80105	0	6.67521	0	0	0	0	0	0	0	0	0	0	0	0	0	0	0	0	0	0	0	0	0	0	1.18549	0	0	0	0	0	0	0	0	1.54511	0	0	0	0	0	0	0	0	0	0	0	0	0	0	0	0	0	0	0	0	0	0	0	0	0	0	0	0	0	0	0	0	0	0	0	0	7
GF6_B2_D66	0	0	0	0	0	0	0	0	0	0	0	0	0	0	0	0	0	64.24603	0	0	0	0	4.54567	0	0	0	0	0	0	0	0	0	3.32126	0	11.8655	0	0	0	0	0	0	0	0	0	1.86624	0	0	12.94015	0	0	0	0	0	1.21514	0	0	0	0	0	0	0	0	0	0	0	0	0	0	0	0	0	0	0	0	0	0	0	0	0	0	0	0	0	0	0	0	0	0	0	0	7
GF6_B3_D91	0	0	0	0	0	0	0	0	0	0	0	0	12.54179	0	0	0	0	0	0	0	0	0	6.54431	0	0	0	15.64401	0	0	0	0	3.07351	38.03409	0	12.33657	0	0	0	0	0	0	0	0	0	11.82573	0	0	0	0	0	0	0	0	0	0	0	0	0	0	0	0	0	0	0	0	0	0	0	0	0	0	0	0	0	0	0	0	0	0	0	0	0	0	0	0	0	0	0	0	0	7
GF6_B7_D93	0	0	0	0	0	0	0	0	0	0	0	0	0	0	0	0	0	0	0	0	0	0	7.69485	0	0	0	10.04279	0	0	0	0	2.22737	25.91823	0	32.68263	0	0	0	0	0	0	0	0	0	3.30396	0	0	18.13017	0	0	0	0	0	0	0	0	0	0	0	0	0	0	0	0	0	0	0	0	0	0	0	0	0	0	0	0	0	0	0	0	0	0	0	0	0	0	0	0	0	0	7
GF6_WATER_H11	0	0	0	0	0	0	0	0	0	0	0	0	77.69976	0	0	0	0	6.34458	0	0	0	0	0.08532	0	0	0	0	0	0	0	0	4.75557	2.58474	0	0	0	0	0	0	0	0	0	0	0	5.65997	0	0	2.87006	0	0	0	0	0	0	0	0	0	0	0	0	0	0	0	0	0	0	0	0	0	0	0	0	0	0	0	0	0	0	0	0	0	0	0	0	0	0	0	0	0	0	7
GF7_A7_COLON_D47	0	0	0	0	0	0	0	0	0	0	0	0	0	0	0	0	0	0	0	0	0	0	12.66429	0	0	0	0	0	0	42.93163	0	0	10.72028	8.8251	7.79645	0	0	0	0	0	0	0	0	0	0	0	0	7.86499	0	0	0	9.19726	0	0	0	0	0	0	0	0	0	0	0	0	0	0	0	0	0	0	0	0	0	0	0	0	0	0	0	0	0	0	0	0	0	0	0	0	0	0	7
GF7_C4_D31	0	0	0	0	0	0	0	0	0	0	0	0	0	0	0	0	0	0	0	0	0	0	0.46827	0	0	0	0	0	0	0	0	0	0	0.05732	0	0	0	0	0	0	0	0	0	0	1.82193	0	0	0	0	0	0	91.31794	0.3654	0	0.73632	0	0	0	0	0	0	0	0	0	0	0	0	0	0	0	0	0	0	5.23284	0	0	0	0	0	0	0	0	0	0	0	0	0	0	0	0	7
GF8_C6_D34	0	0	0	0	0	0	0	0	0	0	0	0	0	0	0	0	0	0	0	0	0	0	9.4734	0	0	0	0	0	0	28.76179	0	0	0.91265	5.40485	25.75126	0	0	0	0	0	0	0	0	0	18.23153	0	0	0	0	0	0	0	0	11.46453	0	0	0	0	0	0	0	0	0	0	0	0	0	0	0	0	0	0	0	0	0	0	0	0	0	0	0	0	0	0	0	0	0	0	0	0	7
GF9_A4_D19	0	0	0	0	0	0	0	0	0	0	0	0	0	0	0	0	0	0	0	0	0	0	5.66738	0	0	0	0	0	0	6.31378	0	0	0	0	22.61518	0	0	0	0	0	0	0	0	0	8.27111	0	0	13.16388	0	0	0	36.28543	0	7.68323	0	0	0	0	0	0	0	0	0	0	0	0	0	0	0	0	0	0	0	0	0	0	0	0	0	0	0	0	0	0	0	0	0	0	0	0	7
GF9_A7_D16	0	0	0	0	0	0	0	0	0	0	0	0	0	0	0	0	0	0	0	0	0	0	0.19553	0	0	0	0	0	0	0	0	0	0.07986	0.1919	0	0	0	0	0	0	0	0	0	0	1.3308	0	0	0	0	0	0	0	0.1827	97.92355	0.09566	0	0	0	0	0	0	0	0	0	0	0	0	0	0	0	0	0	0	0	0	0	0	0	0	0	0	0	0	0	0	0	0	0	0	0	7
GF9_C3_D19	0	0	0	0	0	0	0	0	0	0	0	0	0	0	0	0	0	0	0	0	0	0	3.88391	0	0	0	0	0	0	16.25049	0	0	1.14175	0	10.93368	0	0	0	0	0	0	0	0	0	58.18507	0	0	8.53767	0	0	0	1.06743	0	0	0	0	0	0	0	0	0	0	0	0	0	0	0	0	0	0	0	0	0	0	0	0	0	0	0	0	0	0	0	0	0	0	0	0	0	0	7
Gn3_B5_Stool	0	0	0	0	0	0	0	0	0	0	0	0	0.86034	0	0	0	0	0.04976	0.36567	0	0	0	0.07507	0	0	0	0	0	0	0	0	0	0	0	0	0	0	0	0	0	0	0	0	0	96.26949	0	0	1.98769	0	0	0	0	0	0.39199	0	0	0	0	0	0	0	0	0	0	0	0	0	0	0	0	0	0	0	0	0	0	0	0	0	0	0	0	0	0	0	0	0	0	0	0	7
gnoto1_BA4_d10	0	0	0	0	0	0	0	0	0	0	0	0	0.68489	0	0	0	0	0	0	0	0	0	1.82379	0	0	0	0	0	0	0	0	0	3.05798	0	0	0	0	0	0	0	0	0	0	0	2.89181	0	0	0	0	0	0	0	0.11258	91.0165	0.41246	0	0	0	0	0	0	0	0	0	0	0	0	0	0	0	0	0	0	0	0	0	0	0	0	0	0	0	0	0	0	0	0	0	0	0	7
gnoto1_BM2_d10	0	0	0	0	0	0	0	0	0	0	0	0	1.31066	0	0	0	0	0	0	0	0	0	2.69129	0	0	0	0	0	0	0	0	0	0.5881	0	0	0	0	0	0	0	0	0	0	0	11.4325	0	0	2.26239	0	0	0	0	0	81.64356	0.07151	0	0	0	0	0	0	0	0	0	0	0	0	0	0	0	0	0	0	0	0	0	0	0	0	0	0	0	0	0	0	0	0	0	0	0	7
gnoto1_BM3_d10	0	0	0	0	0	0	0	0	0	0	0	0	1.56603	0	0	0	0	0.48494	0	0	0	0	1.91173	0	0	0	0	0	0	0	0	0	0.26641	0	0	0	0	0	0	0	0	0	0	0	41.50227	0	0	0.13823	0	0	0	0	0	54.1304	0	0	0	0	0	0	0	0	0	0	0	0	0	0	0	0	0	0	0	0	0	0	0	0	0	0	0	0	0	0	0	0	0	0	0	0	7
gnoto2_BM6_d10	0	0	0	0	0.00612	0	0	0	0	0	0	0	80.70732	0	0	0	0	0	0	0	0	0	0.95869	0	0	0	0	0	0	0	0	0	0.04549	0	0	0	0	0	0	0	0	0	0	0	3.85108	0	0	14.14616	0	0	0	0	0	0.28514	0	0	0	0	0	0	0	0	0	0	0	0	0	0	0	0	0	0	0	0	0	0	0	0	0	0	0	0	0	0	0	0	0	0	0	0	7
gnoto2_BP1_d10	0	0	0	0	0	0	0	0	0	0	0	0	5.65193	0	0	0	0	0	0	0	0	0	1.99846	0	0	0	0	0	0	0	0	0.13554	0.63374	0	0	0	0	0	0	0	0	0	0	0	82.97053	0	0	7.96271	0	0	0	0	0	0.64709	0	0	0	0	0	0	0	0	0	0	0	0	0	0	0	0	0	0	0	0	0	0	0	0	0	0	0	0	0	0	0	0	0	0	0	0	7
gnoto2_BP2_d20_colon	0	0	0	0	0	0	0	0	0	0	0	0	20.45039	0	0	0	0	0	0	0	0	0	10.685	0	0	0	0	0	0	0	0	4.76672	26.21887	0	16.23413	0	0	0	0	0	0	0	0	0	0	0	0	15.93837	0	0	0	0	0	0	0	0	0	0	0	0	0	0	0	0	0	0	0	0	0	0	0	0	0	0	0	0	0	0	0	0	0	0	0	0	0	0	0	0	0	5.70652	7
gnoto2_BP4_d10	0	0	0	0	0	0	0	0	0	0	0	0	5.57535	0	0	0	0	21.49354	0	0	0	0	1.56822	0	0	0	0	0	0	0	0	0	0.10612	0	0	0	0	0	0	0	0	0	0	0	25.58876	0	0	45.23545	0	0	0	0	0	0.43256	0	0	0	0	0	0	0	0	0	0	0	0	0	0	0	0	0	0	0	0	0	0	0	0	0	0	0	0	0	0	0	0	0	0	0	0	7
B1-d31	0	0	0	0	0	0	0	0	0	0	0	0	0	0	0	0	0	0	0	0	0	0	1.28649	0	0	0	0	0	0	0	0	0	0.06821	1.7178	0	0	0	0	0	0	0	0	0	0	3.55941	0	0	0	0	0	0	92.59723	0	0.0934	0.2838	0	0	0	0	0	0	0	0	0	0	0	0	0	0	0	0	0	0	0.39366	0	0	0	0	0	0	0	0	0	0	0	0	0	0	0	0	8
CONV_MERO1_D1	0	0	0	0	0	9.79566	0	0	0	0	0.18324	0.08598	0	0	0	0.30317	0	0	0	0	0	0	0.02432	0	0	0	0	0.0071	0	0	0	0	0	0	0	0	0	0	0	0	0	0	0	0	0.87379	0	0	0	0	0	0	0	0	0	0	0	0	0	0	0	0	88.72675	0	0	0	0	0	0	0	0	0	0	0	0	0	0	0	0	0	0	0	0	0	0	0	0	0	0	0	0	8
CONV_MERO2_D0	0	0	0	0	0	48.21463	0	0	0	0	10.64572	0	0	0	0	7.62333	0	0	0	0	0	0	0.40536	0	0	0	0	2.41522	0	0	0	0	0	0	0	0	0	0	0	0	0	0	0	0	7.37509	0	0	0.20283	0	0	0	0	0	0	0	0	0	0	0	0	0	23.11782	0	0	0	0	0	0	0	0	0	0	0	0	0	0	0	0	0	0	0	0	0	0	0	0	0	0	0	0	8
CONV_MERO3_D1	0	0	0	0	0	0	0	0	0	0	0	26.41518	0	0	0	0.04465	0	0	0	0	0	0	8.08924	0.02973	0	0	0	15.83336	0	0	0	0	0	0	0	0	0	0	0	0	0	0	0	0	6.79224	42.15966	0	0	0	0	0	0	0	0	0	0	0	0	0	0	0	0	0.63594	0	0	0	0	0	0	0	0	0	0	0	0	0	0	0	0	0	0	0	0	0	0	0	0	0	0	0	8
CONV_MERO4_D0	0	0	0	0	0	7.97338	0	0	0	0	0	77.75885	0	0	0	1.19248	0	0	0	0	0	0	0.47372	0	0	0	0	1.77262	0	0	0	0	0	0	0	0	0	0	0	0	0	0	0	0	0	0	0	0	0	0	0	0	0	0	0	0	0	0	0	0	0	0.07756	9.69372	0	0	0	0	0	0	1.05766	0	0	0	0	0	0	0	0	0	0	0	0	0	0	0	0	0	0	0	0	8
CONV_PBS2_D3	0	0	0	0	0	12.72496	0	0	0	0	1.95025	72.36667	0	0	0	2.62855	0	0	0	0	0	0	0.03673	0	0	0	0	4.99334	0	0	0	0	0	0	0	0	0	0	0	0	0	0	0	0	0	0	0	0	0	0	0	0	0	0	0	0	0	0	0	0	0	0	3.14713	0	0	0	0	0	0	2.15237	0	0	0	0	0	0	0	0	0	0	0	0	0	0	0	0	0	0	0	0	8
GF1_C6_d39	0	0	0	0	0	0	0	0	0	0	0	0	0	0	0	0	0	0	0	0	0	0	4.73869	0	0	0	0	0	0	28.50523	0	3.29662	0	0	30.60744	0	0	0	0	0	0	0	0	0	19.34285	0	0	0	0	0	0	12.66602	0	0.66881	0.17434	0	0	0	0	0	0	0	0	0	0	0	0	0	0	0	0	0	0	0	0	0	0	0	0	0	0	0	0	0	0	0	0	0	0	0	8
GF1_C7_d39	0	0	0	0	0	0	0	0	0	0	0	0	0	0	0	0	0	0	0	0	0	0	6.48611	0	0	0	0	0	0	31.28764	0	2.27162	0.05998	0	22.17225	0	0	0	0	0	0	0	0	0	26.35101	0	0	0	0	0	0	10.55101	0	0.82037	0	0	0	0	0	0	0	0	0	0	0	0	0	0	0	0	0	0	0	0	0	0	0	0	0	0	0	0	0	0	0	0	0	0	0	0	8
GF10_A1_D34	0	0	0	0	0	0	0	0	0	0	0	0	0	0	0	0	0	0	0	0	0	0	0.82409	0	0	0	0	0	0	0	0	0.07075	0.20216	2.63295	0	0	0	0	0	0	0	0	0	0	5.8081	0	0	0	0	0	0	88.73132	1.62455	0	0.10607	0	0	0	0	0	0	0	0	0	0	0	0	0	0	0	0	0	0	0	0	0	0	0	0	0	0	0	0	0	0	0	0	0	0	0	8
GF10_A3_D34	0	0	0	0	0	0	0	0	0	0	0	0	0	0	0	0	0	0	0	0	0	0	2.06213	0	0	0	0	0	0	2.2589	0	1.36624	0	5.83335	0	0	0	0	0	0	0	0	0	0	4.20296	0	0	0	0	0	0	82.62353	0	0.49251	0	0	0	0	0	0	0	0	0	0	0	0	0	0	0	0	0	0	0	0	0	0	0	0	0	0	0	0	0	0	0	0	0	0	0	1.16038	8
GF10_A6_d102	0	0	0	0	0	0	0	0	0	0	0	0	0	0	0	0	0	0	0	0	0	0	1.25486	0	1.44029	0	0	0	0	1.90886	0.01042	0	0	10.11819	0	0	0	0	0	0	0	0	0	0	2.90735	0	0	0.35076	0	0	0	82.00927	0	0	0	0	0	0	0	0	0	0	0	0	0	0	0	0	0	0	0	0	0	0	0	0	0	0	0	0	0	0	0	0	0	0	0	0	0	0	8
GF10_C3_COLON_D35	0	0	0	0	0	0	0	0	7.22575	0	0	0	1.16108	0	0	0	0	0	0	0	0	0	1.83502	0	0	0	0	0	0	0	0	0	0	0	0	0	0	0	0	0	0	0	0	0	16.68483	0	0	1.44554	2.54986	0	0	65.2473	0	0	0	0	0	0	0	0	0	0	0	0	0	0	0	0	0	0	0	0	0	0	0	0	0	0	0	0	0	0	0	0	0	0	0	3.85063	0	0	8
GF10_C5_d55	0	0	0	0	0	0	0	0	0	0	0	0	29.87981	0	0	0	0	0	0	0	0	0	19.96544	0	0	0	3.14726	0	0	0	0	29.06759	12.95687	0	0.48038	0	0	0	0	0	0	0	0	0	1.50035	0	0	3.00231	0	0	0	0	0	0	0	0	0	0	0	0	0	0	0	0	0	0	0	0	0	0	0	0	0	0	0	0	0	0	0	0	0	0	0	0	0	0	0	0	0	0	8
GF11_A2_D35	0	0	0	0	0	0	0	0	0.05126	0	0	0	1.80078	0	0	0	0	0	4.99708	0	0	0.77045	0.03536	0	0	0	0	0	0	0	0	0	0	0	0	0	0	0	0	0	0	0	0	0	25.64749	0	0	66.48318	0	0	0	0.2144	0	0	0	0	0	0	0	0	0	0	0	0	0	0	0	0	0	0	0	0	0	0	0	0	0	0	0	0	0	0	0	0	0	0	0	0	0	0	8
GF11_B2_d105_colon	2.17978	0	0	0	0	0	0	0	0	0	0	0	40.31561	0	0	0	0	0	0	0	0	0	8.42197	0	0	0	9.60432	0	0	0	0	11.39519	17.87347	0	0	0	0	0	0	0	0	0	0	0	3.43635	0	0	6.77331	0	0	0	0	0	0	0	0	0	0	0	0	0	0	0	0	0	0	0	0	0	0	0	0	0	0	0	0	0	0	0	0	0	0	0	0	0	0	0	0	0	0	8
GF11_C1_D36	0	0	0	0	0	0	0	0	5.20414	0	0	0	0.97039	0	0	0	0	0	54.63922	0	0	6.94138	0	0	0	0	0	0	0	0	0	0	0	0	0	0	0	0	0	0	0	0	0	0	14.37393	0	0	13.86699	0.44575	0	0	0	0	0	0	0	0	0	0	0	0	0	0	0	0	0	0	0	0	0	0	0	0	0	0	0	0	0	0	0	0	0	0	0	0	0	0	3.55819	0	0	8
GF11_C2_d74_colon	0	0	0	0	0	0	0	0	0	0	0	0	0	0	0	0	0	0.24504	0	0	0	0	0.89374	0	0	0	0	0	0	5.74365	0	0	0	0	0.36642	0	0	0	0	0	0	0	0	0	83.7209	0	0	4.84617	0	0	0	1.56614	0	2.61794	0	0	0	0	0	0	0	0	0	0	0	0	0	0	0	0	0	0	0	0	0	0	0	0	0	0	0	0	0	0	0	0	0	0	0	0	8
GF11_C6_d74_colon	0	0	0	0	0	0	0	0	0	0	0	0	0	0	0	0	0	0	1.84391	0	0	0	27.03912	0	0	0	0	0	0	0	0	3.77201	42.33929	0	0	0	0	0	0	0	0	0	0	0	6.53349	0	0	16.17356	0	0	0	0	0	0.32284	0	0	0	0	0	0	0	0	0	0	0	1.97577	0	0	0	0	0	0	0	0	0	0	0	0	0	0	0	0	0	0	0	0	0	0	0	0	8
GF12_A_Dam_d85	0	0	0	0	0	0	0	0	0	0	0	0	0	0	0	0	0	0	0	0	0	0	9.94698	0	0	0	11.37159	0	0	23.15062	0	17.74	7.48691	27.9198	1.27025	0	0	0	0	0	0	0	0	0	1.11385	0	0	0	0	0	0	0	0	0	0	0	0	0	0	0	0	0	0	0	0	0	0	0	0	0	0	0	0	0	0	0	0	0	0	0	0	0	0	0	0	0	0	0	0	0	8
GF12_A1_d76_colon	0	0	0	0	0	0	0	0	0	0	0	0	0	0	0	0	0	0	0	0	0	0	10.72784	0	0	0	37.80963	0	0	23.21206	0	17.54732	3.70582	5.22953	1.72221	0	0	0	0	0	0	0	0	0	0.0456	0	0	0	0	0	0	0	0	0	0	0	0	0	0	0	0	0	0	0	0	0	0	0	0	0	0	0	0	0	0	0	0	0	0	0	0	0	0	0	0	0	0	0	0	0	8
GF12_A2_d76_colon	0	0	0	0	0	0	0	0	0	0	0	0	0	0	0	0	0	0	0	0	0	0	10.52462	0	0	0	27.12862	0	0	21.24882	0	20.41151	2.4727	16.0654	1.62224	0	0	0	0	0	0	0	0	0	0.52611	0	0	0	0	0	0	0	0	0	0	0	0	0	0	0	0	0	0	0	0	0	0	0	0	0	0	0	0	0	0	0	0	0	0	0	0	0	0	0	0	0	0	0	0	0	8
GF12_A3_d31	0	0	0	0	0	0	0	0	0	0	0	0	0	0	0	0	0	0	0	0	0	0	0.20231	0	0	0	0.19426	0	0	0.74951	0	0.47864	0.0402	1.49372	0	0	0	0	0	0	0	0	0	0	90.69378	0	0	0	0	0	0	0	0	0	0	0	0	0	0	0	0	0	0	0	0	0	0	0	0	0	0	0	0	0	0	0	0	0	0	6.14758	0	0	0	0	0	0	0	0	0	0	8
GF12_A3_d76_colon	0	0	0	0	0	0	0	0	0	0	0	0	0	0	0	0	0	0	0	0	0	0	12.27416	0	0	0	25.64187	0	0	43.02776	0	7.12512	6.41898	1.49829	3.14509	0	0	0	0	0	0	0	0	0	0.86874	0	0	0	0	0	0	0	0	0	0	0	0	0	0	0	0	0	0	0	0	0	0	0	0	0	0	0	0	0	0	0	0	0	0	0	0	0	0	0	0	0	0	0	0	0	8
GF12_A6_d76_colon	0	0	0	0	0	0	0	0	0	0	0	0	0	0	0	0	0	0	0	0	0	0	7.86147	0	0	0	16.93823	0	0	17.16753	0	18.01095	1.94286	36.39699	1.05596	0	0	0	0	0	0	0	0	0	0.62601	0	0	0	0	0	0	0	0	0	0	0	0	0	0	0	0	0	0	0	0	0	0	0	0	0	0	0	0	0	0	0	0	0	0	0	0	0	0	0	0	0	0	0	0	0	8
GF12_A7_d76_colon	0	0	0	0	0	0	0	0	0	0	0	0	0	0	0	0	0	0	0	0	0	0	9.97507	0	0	0	22.57657	0	0	19.01448	0	18.93468	2.19839	24.57464	2.1953	0	0	0	0	0	0	0	0	0	0.53086	0	0	0	0	0	0	0	0	0	0	0	0	0	0	0	0	0	0	0	0	0	0	0	0	0	0	0	0	0	0	0	0	0	0	0	0	0	0	0	0	0	0	0	0	0	8
GF13_B4_d35_colon	0	0	0	0	0	0	0	0	0	0	0	0	0	0	0	0	0	0	0	0	0	0	15.8339	0	0	0	0	0	0	18.37252	0	0	6.33297	0	17.84494	0	0	0	0	0	0	0	0	0	0	0	0	15.93094	0	0	0	0	0	0	19.87727	0.82189	4.98557	0	0	0	0	0	0	0	0	0	0	0	0	0	0	0	0	0	0	0	0	0	0	0	0	0	0	0	0	0	0	0	0	0	8
GF13_B5_d35_colon	0	0	0	0	0	0	0	0	0	0	0	0	0	0	0	0	0	0	0	0	0	0	21.27955	0	0	0	0	0	0	2.21573	0	0	0.43001	0	10.7855	0	0	0	0	0	0	0	0	0	0	0	0	21.21947	0	0	0	0	0	0	37.96305	0.97455	5.13213	0	0	0	0	0	0	0	0	0	0	0	0	0	0	0	0	0	0	0	0	0	0	0	0	0	0	0	0	0	0	0	0	0	8
GF14_A2_d32	0	0	0	0	0	0	0	0	0	0	0	0	0	0	0	0	0	0	0	0	0	0	1.36774	0	0	0	0	0	0	0	0	0	0.05115	0.36995	0.50883	0	0	0	0	0	0	0	0	0	3.23575	0	0	0	0	0	0	71.28917	0	22.78616	0.39124	0	0	0	0	0	0	0	0	0	0	0	0	0	0	0	0	0	0	0	0	0	0	0	0	0	0	0	0	0	0	0	0	0	0	0	8
GF14_A2_d33	0	0	0	0	0	0	0	0	0	0	0	0	0	0	0	0	0	0	0	0	0	0	1.20038	0	0	0	0	0	0	0	0	0	0.4987	0.21404	1.28587	0	0	0	0	0	0	0	0	0	2.88683	0	0	0	0	0	0	68.69275	0	24.72191	0.49952	0	0	0	0	0	0	0	0	0	0	0	0	0	0	0	0	0	0	0	0	0	0	0	0	0	0	0	0	0	0	0	0	0	0	0	8
GF14_A8_d96_stool	0	0	0	0	0	0	0	0	0	0	0	0	0	0	0	0	0	0	0	0	0	0	1.56016	0	0	0	0	0	0	0	0	0	0.12394	0.16024	0	0	0	0	0	0	0	0	0	0	4.85701	0	0	2.36011	0.31565	0	0	89.25755	0	0	1.36534	0	0	0	0	0	0	0	0	0	0	0	0	0	0	0	0	0	0	0	0	0	0	0	0	0	0	0	0	0	0	0	0	0	0	0	8
GF14_b3_d95_colon	0	0	0	0	0	0	0	0	0	0	0	0	0	0	0	0	0	0	11.18066	0	0	7.03992	10.65972	0	0	0	0	0	0	8.63203	0	0	0	0	32.47775	0	0	0	0	0	0	0	0	0	0	0	0	0	0	0	0	7.18598	22.64919	0	0.17475	0	0	0	0	0	0	0	0	0	0	0	0	0	0	0	0	0	0	0	0	0	0	0	0	0	0	0	0	0	0	0	0	0	0	0	8
GF15_a2_d105_stool	0	0	0	0	0	0	0	0	0	0	0	0	9.05494	0	0	0	0	0	0	0	0	0	0.344	0	0	0	0	0	0	0	0	0	0.7381	0	0	0	0	0	0	0	0	0	0	0	8.60455	0	0	0	0	0	0	69.84098	8.71052	2.2872	0.41972	0	0	0	0	0	0	0	0	0	0	0	0	0	0	0	0	0	0	0	0	0	0	0	0	0	0	0	0	0	0	0	0	0	0	0	8
GF15_A4_d32	0	0	0	0	0	0	0	0	0	0	0	0	2.47262	0	0	0	0	0	84.67843	0	0	7.62842	1.07288	0	0	0	0	0	0	0	0	0.0197	0.66816	0	0	0	0	0	0	0	0	0	0	0	3.45339	0	0	0	0.00641	0	0	0	0	0	0	0	0	0	0	0	0	0	0	0	0	0	0	0	0	0	0	0	0	0	0	0	0	0	0	0	0	0	0	0	0	0	0	0	0	0	8
GF15_a5_d105_stool	0	0	0	0	0	0	0	0	0	0	0	0	2.12712	0	0	0	0	0	0.32227	0	0	0	0.86007	0	0	0	0	0	0	0	0	0	3.00856	0	0	0	0	0	0	0	0	0	0	0	11.3649	0	0	0	0	0	0	45.52896	29.14633	7.64178	0	0	0	0	0	0	0	0	0	0	0	0	0	0	0	0	0	0	0	0	0	0	0	0	0	0	0	0	0	0	0	0	0	0	0	0	8
GF15_B4_d33	0	0	0	0	0	0	0	0	0	0	0	0	1.44397	0	0	0	0	0	82.23275	0	0	9.55425	0.61914	0	0	0	0	0	0	0	0	0	2.14687	0	0	0	0	0	0	0	0	0	0	0	3.66062	0	0	0.27625	0	0	0	0.06615	0	0	0	0	0	0	0	0	0	0	0	0	0	0	0	0	0	0	0	0	0	0	0	0	0	0	0	0	0	0	0	0	0	0	0	0	0	0	8
GF15_B4_d35_colon	0	0	0	0	0	0	0	0	0	0	0	0	0.09888	0	0	0	0	0	7.26161	0	0	0.17745	0	0	0	0	0	0	0	0	0	0	0	0	0	0	0	0	0	0	0	0	0	0	0	0	0	4.11742	0	0	0	20.04949	0	32.7727	2.01239	0	0	0	0	0	0	0	0	0	0	33.51004	0	0	0	0	0	0	0	0	0	0	0	0	0	0	0	0	0	0	0	0	0	0	0	0	8
GF15_b4_d96_stool	0	0	0	0	0	0	0	0	0	0	0	0	0	0	0	0	0	0	0	0	0	0	0.17656	0	0	0	0	0	0	0	0	0	0	0	0	0	0	0	0	0	0	0	0	0	0.16208	0	0	3.44293	0	0	0	58.79532	26.82894	5.1875	0.74917	0	0	0	0	0	0	0	0	0	0	4.65751	0	0	0	0	0	0	0	0	0	0	0	0	0	0	0	0	0	0	0	0	0	0	0	0	8
GF15_c1_d108_colon	0	0	0	0	0	0	0	0	0	0	0	0	0.75489	0	0	0	0	0	0	0	0	0	0	0	0	0	0	0	0	0	0	0	0	0	0	0	0	0	0	0	0	0	0	0	0.20128	0	0	0.24607	0	0	0	64.54181	20.82742	4.11796	0.25641	0	0	0	0	0	0	0	0	0	0	9.05417	0	0	0	0	0	0	0	0	0	0	0	0	0	0	0	0	0	0	0	0	0	0	0	0	8
GF15_C2_d37	0	0	0	0	0	0	0	0	0	0	0	0	1.27179	0	0	0	0	0	80.50053	0.14696	0	8.05831	0.33382	0	0	0	0	0	0	0	0	0	0.08891	0	0	0	0	0	0	0	0	0	0	0	8.73129	0	0	0	0	0	0	0	0	0	0	0	0	0	0	0	0	0	0	0	0	0.86838	0	0	0	0	0	0	0	0	0	0	0	0	0	0	0	0	0	0	0	0	0	0	0	0	8
GF15_C2_d39_colon	0	0	0	0	0	0	0	0	0	0	0	0	0	0	0	0	0	0	28.0776	0	0	3.2657	0	0	0	0	0	0	0	0	0	0	0	0	0	0	0	0	0	0	0	0	0	0	0	0	0	3.17143	0	0	0	54.63801	6.0303	2.98012	0.32471	0	0	0	0	0	0	0	0	0	0	1.51212	0	0	0	0	0	0	0	0	0	0	0	0	0	0	0	0	0	0	0	0	0	0	0	0	8
GF15_C3_d39_colon	0	0	0	0	0	0	0	0	0	0	0	0	0	0	0	0	0	0	31.42741	0	0	3.39293	0	0	0	0	0	0	0	0	0	0	0	0	0	0	0	0	0	0	0	0	0	0	0	0	0	0.30803	0	0	0	60.35065	1.52295	0.24919	0.14562	0	0	0	0	0	0	0	0	0	0	2.60322	0	0	0	0	0	0	0	0	0	0	0	0	0	0	0	0	0	0	0	0	0	0	0	0	8
GF15_c4_d108_colon	0	0	0	0	0	0	0	0	0	0	0	0	0.8676	0	0	0	0	0	0	0	0	0	0	0	0	0	0	0	0	0	0	0	0	0	0	0	0	0	0.04043	0	0	0	0	0	0.01964	0	0	0	0	0	0	90.83152	0.12095	0.1781	0.37675	0	0	0	0	0	0	0	0	0	0	7.56501	0	0	0	0	0	0	0	0	0	0	0	0	0	0	0	0	0	0	0	0	0	0	0	0	8
GF15_c5_d105_stool	0	0	0	0	0	0	0	0	0	0	0	0	1.3294	0	0	0	0	0	0	0	0	0	0.10842	0	0	0	0	0	0	0	0	0	0	0	0	0	0	0	0	0	0	0	0	0	6.16041	0	0	61.2345	0	0	0	24.21505	5.37177	1.05016	0.53027	0	0	0	0	0	0	0	0	0	0	0	0	0	0	0	0	0	0	0	0	0	0	0	0	0	0	0	0	0	0	0	0	0	0	0	8
GF15_c7_d105_stool	0	0	0	0	0	0	0	0	0	0	0	0	0	0	0	0	0	0	0.85734	0	0	0.28307	0	0	0	0	0	0	0	0	0	0	0	0	0	0	0	0	0	0	0	0	0	0	0.67866	0	0	13.17365	0	0	0	10.8747	60.52016	13.12036	0.49207	0	0	0	0	0	0	0	0	0	0	0	0	0	0	0	0	0	0	0	0	0	0	0	0	0	0	0	0	0	0	0	0	0	0	0	8
GF15_d67_B8_stool	0	0	0	0	0	0	0	0	0	0	0	0	0.25129	0	0	0	0	0	0	0	0	0	0.02786	0	0	0	0	0	0	0	0	0	0	0	0	0	0	0	0	0	0	0	0	0	0.30087	0	0	18.98476	0	0	0	13.73404	55.05423	11.25417	0.39279	0	0	0	0	0	0	0	0	0	0	0	0	0	0	0	0	0	0	0	0	0	0	0	0	0	0	0	0	0	0	0	0	0	0	0	8
GF15_d70_B6_colon	0	0	0	0	0	0	0	0	0	0	0	0	0	0	0	0	0	0	5.75089	0	0	0.79077	0	0	0	0	0	0	0	0	0	0	0	0	0	0	0	0	0	0	0	0	0	0	0	0	0	38.30194	0	0	0	39.41318	9.66619	3.19295	0.48434	0	0	0	0	0	0	0	0	0	0	2.39974	0	0	0	0	0	0	0	0	0	0	0	0	0	0	0	0	0	0	0	0	0	0	0	0	8
GF18_a3_d54_colon	0	0	0	0	0	0	0	0	0	0	0	0	0	0	0	0	0	0	0	0	0	0	0.59904	0	0	0	0	0	0	13.99392	0	0	1.96918	4.04032	2.25337	0	0	0	0	0	0	0	0	0	2.80997	0	0	0	0	0	0	41.74661	0	32.58759	0	0	0	0	0	0	0	0	0	0	0	0	0	0	0	0	0	0	0	0	0	0	0	0	0	0	0	0	0	0	0	0	0	0	0	0	8
GF2_A1_day44	0	0	0	0	0	0	0	0	0	0	0	0	1.2568	0	0	0	0	0	5.4731	0	46.16869	0.79298	0	0	0	0	0	0	0	0	0	0.80076	0.08541	0	0	0	0	0	0	0	0	0	0	0	2.3056	0	0	43.11666	0	0	0	0	0	0	0	0	0	0	0	0	0	0	0	0	0	0	0	0	0	0	0	0	0	0	0	0	0	0	0	0	0	0	0	0	0	0	0	0	0	0	8
GF2_A3_d39	0	0	0	0	0	0	0	0	0	0	0	0	29.92258	0	0	0	0	0	0	0	7.25253	0	9.6421	0	0	0	0	0	0	0	0	7.6598	32.83031	0	5.78898	0	0	0	0	0	0	0	0	0	0.04571	0	0	6.85798	0	0	0	0	0	0	0	0	0	0	0	0	0	0	0	0	0	0	0	0	0	0	0	0	0	0	0	0	0	0	0	0	0	0	0	0	0	0	0	0	0	0	8
GF2_A3_day42	0	0	0	0	0	0	0	0	0	0	0	0	0.90822	0	0	0	0	0	15.72387	0	2.91406	0.37338	1.24015	0	0	0	0	0	0	0	0	0	2.78048	0	0	0	0	0	0	0	0	0	0	0	1.35849	0	0	74.70135	0	0	0	0	0	0	0	0	0	0	0	0	0	0	0	0	0	0	0	0	0	0	0	0	0	0	0	0	0	0	0	0	0	0	0	0	0	0	0	0	0	0	8
GF2_A4_d36	0	0	0	0	0	0	0	0	0	0	0	0	55.64148	0	0	0	0	0.60523	0	0	0	0	2.16507	0	0	0	0	0	0	0	0	21.80184	13.00039	0	1.17963	0	0	0	0	0	0	0	0	0	2.00022	0	0	3.60614	0	0	0	0	0	0	0	0	0	0	0	0	0	0	0	0	0	0	0	0	0	0	0	0	0	0	0	0	0	0	0	0	0	0	0	0	0	0	0	0	0	0	8
GF2_A5_Colon	0.03235	0	0	0	0	0	0	0	0	0	0	0	5.66059	0	0	0	0	0	0	0	90.29074	0	0.82404	0	0	0	0	0	0	0	0	1.76054	1.22997	0	0	0	0	0	0	0	0	0	0	0	0.0555	0	0	0.14629	0	0	0	0	0	0	0	0	0	0	0	0	0	0	0	0	0	0	0	0	0	0	0	0	0	0	0	0	0	0	0	0	0	0	0	0	0	0	0	0	0	0	8
GF2_B1_d35	0	0	0	0	0	0	0	0	0	0	0	0	9.99139	0	0	0	0	0	0	0	0	0	6.56153	0	0	0	17.56693	0	0	0	0	28.43332	31.411	0	2.82354	0	0	0	0	0	0	0	0	0	0	0	0	1.30061	0	0	0	0	0	1.91168	0	0	0	0	0	0	0	0	0	0	0	0	0	0	0	0	0	0	0	0	0	0	0	0	0	0	0	0	0	0	0	0	0	0	0	0	8
GF2_B3_day28	0	0	0	0	0	0	0	0	0	0	0	0	1.11578	0	0	0	0	0	6.9196	0	0	0.39855	2.32681	0	0	0	0	0	0	0	0	0	9.21188	0	2.98113	0	0	0	0	0	0	0	0	0	0.98406	0	0	76.06219	0	0	0	0	0	0	0	0	0	0	0	0	0	0	0	0	0	0	0	0	0	0	0	0	0	0	0	0	0	0	0	0	0	0	0	0	0	0	0	0	0	0	8
GF2_B3_day37	0	0	0	0	0	0	0	0	0	0	0	0	46.57987	0	0	0	0	0	0	0	0	0	4.44442	0	0	0	2.61861	0	0	0	0	30.29138	13.91727	0	0.15096	0	0	0	0	0	0	0	0	0	0	0	0	0.57506	0	0	0	0	0	1.42242	0	0	0	0	0	0	0	0	0	0	0	0	0	0	0	0	0	0	0	0	0	0	0	0	0	0	0	0	0	0	0	0	0	0	0	0	8
GF2_B4_day37	0	0	0	0	0	0	0	0	0	0	0	0	38.95564	0	0	0	0	0	0	0	0	0	4.04345	0	0	0	5.98979	0	0	0	0	37.10356	13.12444	0	0.03214	0	0	0	0	0	0	0	0	0	0	0	0	0.62772	0	0	0	0	0	0.12325	0	0	0	0	0	0	0	0	0	0	0	0	0	0	0	0	0	0	0	0	0	0	0	0	0	0	0	0	0	0	0	0	0	0	0	0	8
GF20_d34_a4	0	0	0	0	0	0	0	0	0	0	0	0	1.12183	0	0	0	0	0	54.43604	0	0	7.32894	0.59757	0	0	0	0	0	0	0	0	0	0.47323	0	0	0	0	0	0	0	0	0	0	0	1.79183	0	0	4.68756	0	0	0	0	0	0	0	0	0	0	0	0	0	0	0	0	0	29.56301	0	0	0	0	0	0	0	0	0	0	0	0	0	0	0	0	0	0	0	0	0	0	0	0	8
GF23_d52_a5	0	0	0	0	0	0	0	0	0	0	0	0	0	0	0	0	0	0	0.24886	0	0	0.06366	0.00329	0	0	0	0	0	0	0	0	0	0	0	0	0	0	0	0	0	0	0	0	0	0.97848	0	0	12.12819	0	0	0	12.48897	0	73.06669	1.02185	0	0	0	0	0	0	0	0	0	0	0	0	0	0	0	0	0	0	0	0	0	0	0	0	0	0	0	0	0	0	0	0	0	0	0	8
GF3_AB_Sire_day4	0	0	0	0	0	0	0	0	0	0	0	0	41.71299	0	0	0	0	0	0	0	0	0	8.19155	0	0	0	0	0	0	0	0	18.49836	23.72835	0	2.51229	0	0	0	0	0	0	0	0	0	0.48794	0	0	3.6863	0	0	0	0	0	1.18222	0	0	0	0	0	0	0	0	0	0	0	0	0	0	0	0	0	0	0	0	0	0	0	0	0	0	0	0	0	0	0	0	0	0	0	0	8
GF3_C2_day40	0	0	0	0	0	0	0	0	0	0	0	0	1.00884	0	0	0	0	0	19.23822	0	0	1.30085	1.27751	0	0	0	0	0	0	0	0	0	2.12787	0	0	0	0	0	0	0	0	0	0	0	6.17313	0	0	65.45416	0	0	0	0	0	3.41943	0	0	0	0	0	0	0	0	0	0	0	0	0	0	0	0	0	0	0	0	0	0	0	0	0	0	0	0	0	0	0	0	0	0	0	0	8
GF3_C3_day40	0	0	0	0	0	0	0	0	0	0	0	0	0.48816	0	0	0	0	2.34767	12.60374	0	0	2.09018	0.73745	0	0	0	0	0	0	0	0	0	1.17616	0	0	0	0	0	0	0	0	0	0	0	1.52075	0	0	79.03588	0	0	0	0	0	0	0	0	0	0	0	0	0	0	0	0	0	0	0	0	0	0	0	0	0	0	0	0	0	0	0	0	0	0	0	0	0	0	0	0	0	0	8
GF3_C7_day45	0	0	0	0	0	0	0	0	0	0	0	0	41.70374	0	0	0	0	0	0	0	0	0	7.6948	0	0	0	0	0	0	0	0	16.32349	19.53883	0	3.04174	0	0	0	0	0	0	0	0	0	1.1889	0	0	1.81634	0	0	0	0	0	8.69216	0	0	0	0	0	0	0	0	0	0	0	0	0	0	0	0	0	0	0	0	0	0	0	0	0	0	0	0	0	0	0	0	0	0	0	0	8
GF3_C8_day30	0	0	0	0	0	0	0	0	0	0	0	0	22.24065	0	0	0	0	0	0	0	66.87152	0	2.04088	0	0	0	0	0	0	0	0	3.76228	3.87448	0	0	0	0	0	0	0	0	0	0	0	0	0	0	0.43913	0.01864	0	0	0	0	0	0	0	0	0	0	0	0	0	0	0	0	0	0	0	0	0	0	0	0	0	0	0	0	0	0	0	0	0	0	0	0	0	0	0	0	0.75243	8
GF3_C8_day39	0	0	0	0	0	0	0	0	0	0	0	0	1.30801	0	0	0	0	0	30.79687	0	0	7.67927	1.52964	0	0	0	0	0	0	0	0	0	1.23561	0	0	0	0	0	0	0	0	0	0	0	1.92073	0	0	46.02258	0	0	0	0	0	9.50729	0	0	0	0	0	0	0	0	0	0	0	0	0	0	0	0	0	0	0	0	0	0	0	0	0	0	0	0	0	0	0	0	0	0	0	0	8
GF4_B3_d43	0	0	0	0	0	0	0	0	0	0	0	0	44.13371	0	0	0	0	1.59131	0	0	0	0	7.1419	0	0	0	0	0	0	0	0	11.83246	28.98681	0	1.44929	0	0	0	0	0	0	0	0	0	2.89738	0	0	1.96713	0	0	0	0	0	0	0	0	0	0	0	0	0	0	0	0	0	0	0	0	0	0	0	0	0	0	0	0	0	0	0	0	0	0	0	0	0	0	0	0	0	0	8
GF4_B3_d44	0	0	0	0	0	0	0	0	0	0	0	0	73.65812	0	0	0	0	1.16196	0	0	0	0	5.69119	0	0	0	0	0	0	0	0	5.93027	7.91275	0	0.17766	0	0	0	0	0	0	0	0	0	3.91362	0	0	1.55443	0	0	0	0	0	0	0	0	0	0	0	0	0	0	0	0	0	0	0	0	0	0	0	0	0	0	0	0	0	0	0	0	0	0	0	0	0	0	0	0	0	0	8
GF4_B3_d46	0	0	0	0	0	0	0	0	0	0	0	0	77.56029	0	0	0	0	2.8002	0	0	0	0	1.41003	0	0	0	0	0	0	0	0	5.52783	5.39059	0	0.00768	0	0	0	0	0	0	0	0	0	2.97518	0	0	4.3282	0	0	0	0	0	0	0	0	0	0	0	0	0	0	0	0	0	0	0	0	0	0	0	0	0	0	0	0	0	0	0	0	0	0	0	0	0	0	0	0	0	0	8
GF4_C3_d38	0	0	0	0	0	0	0	0	0	0	0	0	0	0	0	0	0	0	0	0	0	0	9.33268	0	0	0	0	0	0	0	0	1.21512	20.71648	0	40.00077	0	0	0	0	0	0	0	0	0	4.83015	0	0	10.75243	0	0	0	0	0	11.44642	0	0	0	0	0	0	0	0	0	0	0	1.70596	0	0	0	0	0	0	0	0	0	0	0	0	0	0	0	0	0	0	0	0	0	0	0	0	8
GF5_A1_D88	0	0	0	0	0	0	0	0	0	0	0	0	6.87218	0	0	0	0	0	0	0	0	0	9.46492	0	0	0	0.80933	0	0	0	0	1.6134	22.54198	0	12.00999	0	0	0	0	0	0	0	0	0	1.57841	0	0	45.10979	0	0	0	0	0	0	0	0	0	0	0	0	0	0	0	0	0	0	0	0	0	0	0	0	0	0	0	0	0	0	0	0	0	0	0	0	0	0	0	0	0	0	8
GF5_A2_D46	0	0	0	0	0	0	0	0	0	0	0	0	1.28945	0	0	0	0	0	0	0	0	0	0.71645	0	0	0	0	0	0	0	0	0	0.29548	0	0	0	0	0	0	0	0	0	0	0	1.20077	0	0	53.18821	0	0	0	40.64953	0	0	0.53313	0	0	0	0	0	0	0	0	0	0	0	0	0	0	0	0	0	0	0	0	0	0	0	0	0	0	0	0	0	0	0	0	0	0	2.12698	8
GF5_A2_D48	0	0	0	0	0	0	0	0	0	0	0	0	69.6031	0	0	0	0	1.54181	0	0	0	0	2.94402	0	0	0	0	0	0	0	0	12.54387	5.1354	0	0	0	0	0	0	0	0	0	0	0	2.38966	0	0	5.6353	0.20685	0	0	0	0	0	0	0	0	0	0	0	0	0	0	0	0	0	0	0	0	0	0	0	0	0	0	0	0	0	0	0	0	0	0	0	0	0	0	0	0	0	8
GF5_A5_D46	0	0	0	0	0	0	0	0	0	0	0	0	1.24414	0	0	0	0	88.32429	0	0	0	0	0.46523	0	0	0	0	0	0	0	0	0	0.02816	0	0	0	0	0	0	0	0	0	0	0	1.02289	0	0	0.75937	0	0	0	0	0	8.1344	0.02152	0	0	0	0	0	0	0	0	0	0	0	0	0	0	0	0	0	0	0	0	0	0	0	0	0	0	0	0	0	0	0	0	0	0	0	8
GF5_A7_D80	0	0	0	0	0	0	0	0	0	0	0	0	17.11014	0	0	0	0	0	0	0	0	0	3.08693	0	0	0	5.58575	0	0	0	0	3.45373	13.94284	0	6.72625	0	0	0	0	0	0	0	0	0	27.78751	0	0	22.30684	0	0	0	0	0	0	0	0	0	0	0	0	0	0	0	0	0	0	0	0	0	0	0	0	0	0	0	0	0	0	0	0	0	0	0	0	0	0	0	0	0	0	8
GF5_B1_D84	0	0	0	0	0	0	0	0	0	0	0	0	0	0	0	0	0	0	14.62749	0	0	1.84927	18.26538	0	0	0	2.49777	0	0	0	0	0	1.55028	0	3.67984	0	0	0	0	0	0	0	0	0	10.55343	0	0	46.97654	0	0	0	0	0	0	0	0	0	0	0	0	0	0	0	0	0	0	0	0	0	0	0	0	0	0	0	0	0	0	0	0	0	0	0	0	0	0	0	0	0	0	8
GF5_B3_D82	0	0	0	0	0	0	0	0	0	0	0	0	0	0	0	0	0	5.94362	0.17905	0	0	0	20.55506	0	0	0	5.06597	0	0	0	0	0	0.11681	0	5.76762	0	0	0	0	0	0	0	0	0	17.15864	0	0	45.21322	0	0	0	0	0	0	0	0	0	0	0	0	0	0	0	0	0	0	0	0	0	0	0	0	0	0	0	0	0	0	0	0	0	0	0	0	0	0	0	0	0	0	8
GF5_B7_D79	0	0	0	0	0	0	0	0	0	0	0	0	0.14619	0	0	0	0	2.43077	0	0	0	0	0.84457	0	0	0	0.66574	0	0	0	0	0	0.74744	0	0.13252	0	0	0	0	0	0	0	0	0	94.79631	0	0	0.23647	0	0	0	0	0	0	0	0	0	0	0	0	0	0	0	0	0	0	0	0	0	0	0	0	0	0	0	0	0	0	0	0	0	0	0	0	0	0	0	0	0	0	8
GF5_B7_D80	0	0	0	0	0	0	0	0	0	0	0	0	0.01591	0	0	0	0	0	0	0	0	0	5.7695	0	0	0	0.94384	0	0	0	0	0	25.06524	0	40.73507	0	0	0	0	0	0	0	0	0	11.0072	0	0	11.14125	0	0	0	0	0	0	0	0	0	0	0	0	0	0	0	0	0	5.32199	0	0	0	0	0	0	0	0	0	0	0	0	0	0	0	0	0	0	0	0	0	0	0	0	8
GF5_B7_D82	0	0	0	0	0	0	0	0	0	0	0	0	0	0	0	0	0	0	0	0	0	0	7.82089	0	0	0	0.70799	0	0	0	0	0.77227	55.02932	0	22.21635	0	0	0	0	0	0	0	0	0	1.68476	0	0	10.81558	0	0	0	0	0	0	0	0	0	0	0	0	0	0	0	0	0	0.95285	0	0	0	0	0	0	0	0	0	0	0	0	0	0	0	0	0	0	0	0	0	0	0	0	8
GF6_A2_COLON_D54	0	0	0	0	0	0	0	0	0	0	0	0	0.20931	0	0	0	0	7.30478	0	0	0	0	27.96057	0	0	0	0	0	0	0	0	6.17835	21.2122	0	14.71675	0	0	0	0	0	0	0	0	0	0	0	0	11.67287	0	0	0	0	0	10.74517	0	0	0	0	0	0	0	0	0	0	0	0	0	0	0	0	0	0	0	0	0	0	0	0	0	0	0	0	0	0	0	0	0	0	0	0	8
GF6_B10_D64	0	0	0	0	0	0	0	0	0	0	0	0	0.87194	0	0	0	0	9.25601	71.25657	0	0	11.4512	0.39942	0	0	0	0	0	0	0	0	0	2.18546	0	0	0	0	0	0	0	0	0	0	0	4.50205	0	0	0	0.07735	0	0	0	0	0	0	0	0	0	0	0	0	0	0	0	0	0	0	0	0	0	0	0	0	0	0	0	0	0	0	0	0	0	0	0	0	0	0	0	0	0	8
GF6_B4_D64	0	0	0	0	0	0	0	0	0	0	0	0	2.14736	0	0	0	0	16.94865	63.95447	0	0	10.53549	0.3647	0	0	0	0	0	0	0	0	0	1.90399	0	0	0	0	0	0	0	0	0	0	0	3.892	0	0	0	0	0	0	0	0	0.25334	0	0	0	0	0	0	0	0	0	0	0	0	0	0	0	0	0	0	0	0	0	0	0	0	0	0	0	0	0	0	0	0	0	0	0	0	8
GF6_B6_D66	0	0	0	0	0	0	0	0	0	0	0	0	0	0	0	0	0	4.61263	0	0	0	0	13.45714	0	0	0	0	0	0	0	0	0.26884	13.27279	0	62.97511	0	0	0	0	0	0	0	0	0	0.63889	0	0	2.18787	0	0	0	0	0	2.58673	0	0	0	0	0	0	0	0	0	0	0	0	0	0	0	0	0	0	0	0	0	0	0	0	0	0	0	0	0	0	0	0	0	0	0	0	8
GF6_B6_D93	0	0	0	0	0	0	0	0	0	0	0	0	1.01776	0	0	0	0	0	0	0	0	0	13.9017	0	0	0	1.14626	0	0	0	0	0	5.4481	0	18.72564	0	0	0	0	0	0	0	0	0	21.44608	0	0	35.77491	0	0	0	0	0	2.53954	0	0	0	0	0	0	0	0	0	0	0	0	0	0	0	0	0	0	0	0	0	0	0	0	0	0	0	0	0	0	0	0	0	0	0	0	8
GF6_B7_COLON_D105	0	0	0	0	0	0	0	0	0	0	0	0	12.40464	0	0	0	0	1.8521	0	0	0	0	22.4218	0	0	0	18.80872	0	0	0	0	31.7187	11.55625	0	0	0	0	0	0	0	0	0	0	0	0.29836	0	0	0	0	0	0	0.93942	0	0	0	0	0	0	0	0	0	0	0	0	0	0	0	0	0	0	0	0	0	0	0	0	0	0	0	0	0	0	0	0	0	0	0	0	0	0	8
GF6_B8_D63	0	0	0	0	0	0	0	0	0	0	0	0	1.32866	0	0	0	0	15.28836	13.06306	0	0	2.35767	0	0	0	0	0	0	0	0	0	0	0.27722	0	0	0	0	0	0	0	0	0	0	0	3.79838	0	0	63.63809	0	0	0	0	0	0.24857	0	0	0	0	0	0	0	0	0	0	0	0	0	0	0	0	0	0	0	0	0	0	0	0	0	0	0	0	0	0	0	0	0	0	0	0	8
GF6_B9_D66	0	0	0	0	0	0	0	0	0	0	0	0	0	0	0	0	0	0	0	0	0	0	26.12831	0	0	0	2.00622	0	0	0	0	1.01547	10.57073	0	52.68006	0	0	0	0	0	0	0	0	0	0	0	0	4.52307	0	0	0	0	0	2.95851	0	0	0	0	0	0	0	0	0	0	0	0.11763	0	0	0	0	0	0	0	0	0	0	0	0	0	0	0	0	0	0	0	0	0	0	0	0	8
GF7_B1_D30	0	0	0	0	0	0	0	0	0	0	0	0	0	0	0	0	0	0	0	0	0	0	0.99348	0	0	0	0	0	0	0.05326	0	0	0.89105	1.86885	0	0	0	0	0	0	0	0	0	0	3.38503	0	0	0.83743	0	0	0	89.92398	0	0	2.04693	0	0	0	0	0	0	0	0	0	0	0	0	0	0	0	0	0	0	0	0	0	0	0	0	0	0	0	0	0	0	0	0	0	0	0	8
GF7_B3_D30	0	0	0	0	0	0	0	0	0	0	0	0	0	0	0	0	0	0	0	0	0	0	0.5729	0	0	0	0	0	0	0	0	0	0.1448	0.33328	0.01264	0	0	0	0	0	0	0	0	0	1.04946	0	0	0	0	0	0	57.24047	39.97125	0	0.67521	0	0	0	0	0	0	0	0	0	0	0	0	0	0	0	0	0	0	0	0	0	0	0	0	0	0	0	0	0	0	0	0	0	0	0	8
GF8_A4_D30	0	0	0	0	0	0	0	0	0	0	0	0	29.94613	0	0	0	0	0	0	0	0	0	3.17038	0	0	0	3.47332	0	0	0	0	8.29809	4.85343	0	0	0	0	0	0	0	0	0	0	0	0.72641	0	0	0.45852	0	0	0	49.07373	0	0	0	0	0	0	0	0	0	0	0	0	0	0	0	0	0	0	0	0	0	0	0	0	0	0	0	0	0	0	0	0	0	0	0	0	0	0	8
GF9_A1_D19	0	0	0	0	0	0	0	0	0	0	0	0	4.98897	0	0	0	0	0	0	0	0	0	13.82392	0	0	0	0	0	0	15.27656	0	3.73401	0	0	28.01792	0	0	0	0	0	0	0	0	0	2.04157	0	0	22.23664	0	0	0	9.88041	0	0	0	0	0	0	0	0	0	0	0	0	0	0	0	0	0	0	0	0	0	0	0	0	0	0	0	0	0	0	0	0	0	0	0	0	0	0	8
GF9_C5_D18	0	0	0	0	0	0	0	0	0	0	0	0	0	0	0	0	0	0	0	0	0	0	3.61517	0	0	0	0	0	0	32.33119	0	1.6938	0	19.3036	0	0	0	0	0	0	0	0	0	0	0	0	0	0	0	0	0	3.58717	3.6163	31.57928	0	0	0	0	0	0	0	0	0	0	0	0	0	0	0	0	0	0	0	0	0	0	0	0	0	0	0	0	0	0	0	0	0	0	0	4.27349	8
gnoto1_AM1_d10	0	0	0	0	0	0	0	0	0	0	0	0	0	0	0	0	0	3.918	0	0	0	0	1.30774	0	0	0	0	0	0	0	0	0	0	1.83814	0	0	0	0	0	0	0	0	0	0	0.23812	0	0	0	0	0	0	0	4.01236	72.09172	0	0	0	0	0	0	0	0	0	0	0	0	0	0	0	0	0	0	0.08645	16.50747	0	0	0	0	0	0	0	0	0	0	0	0	0	0	0	0	8
gnoto1_AP1_d10	0	0	0	0	0	0	0	0	0	0	0	0	0	0	0	0	0	0	0	0	0	0	0.73438	0	0	0	0	0	0	0	0	0	0	0.01749	0	0	0	0	0	0	0	0	0	0	1.13848	0	0	9.07621	0	0	0	5.90797	0.20296	82.15694	0.76556	0	0	0	0	0	0	0	0	0	0	0	0	0	0	0	0	0	0	0	0	0	0	0	0	0	0	0	0	0	0	0	0	0	0	0	8
gnoto1_AP2_d10	0	0	0	0	0	0	0	0	0	0	0	0	0	0	0	0	0	0.3122	0	0	0	0	0.30524	0	0	0	0	0	0	0	0	0	0	0.80186	0	0	0	0	0	0	0	0	0	0	1.23535	0	0	0	0	0	0	6.39575	0.39016	90.19638	0.36306	0	0	0	0	0	0	0	0	0	0	0	0	0	0	0	0	0	0	0	0	0	0	0	0	0	0	0	0	0	0	0	0	0	0	0	8
gnoto2_BA2_d20_colon	0	0	0	0	0	0	0	0	0	0	0	0	52.87903	0	0	0	0	2.31638	0	0	0	0	14.05246	0	0	0	0	0	0	0	0	0	15.09252	0	9.58749	0	0	0	0	0	0	0	0	0	1.26636	0	0	3.45897	0	0	0	0	0	1.34679	0	0	0	0	0	0	0	0	0	0	0	0	0	0	0	0	0	0	0	0	0	0	0	0	0	0	0	0	0	0	0	0	0	0	0	0	8
gnoto2_BA3_d20_colon	0	0	0	0	0	0	0	0	0	0	0	0	47.76158	0	0	0	0	1.02097	0	0	0	0	8.89331	0	0	0	0	0	0	0	0	0	19.8242	0	15.54655	0	0	0	0	0	0	0	0	0	0.92539	0	0	2.82413	0	0	0	0	0	3.20387	0	0	0	0	0	0	0	0	0	0	0	0	0	0	0	0	0	0	0	0	0	0	0	0	0	0	0	0	0	0	0	0	0	0	0	0	8
gnoto2_BA6_d20_colon	0	0	0	0	0	0	0	0	0	0	0	0	7.58789	0	0	0	0	0	3.16681	0	0	0	10.62565	0	0	0	0	0	0	0	0	0	20.31829	0	35.48689	0	0	0	0	0	0	0	0	0	9.65511	0	0	5.70929	0	0	0	0	0	7.45007	0	0	0	0	0	0	0	0	0	0	0	0	0	0	0	0	0	0	0	0	0	0	0	0	0	0	0	0	0	0	0	0	0	0	0	0	8
gnoto2_BA7_d20_colon	0	0	0	0	0	0	0	0	0	0	0	0	49.39575	0	0	0	0	0	0	0	0	0	10.20114	0	0	0	0	0	0	0	0	2.04722	23.93582	0	10.41912	0	0	0	0	0	0	0	0	0	1.63012	0	0	1.48871	0	0	0	0	0	0.88213	0	0	0	0	0	0	0	0	0	0	0	0	0	0	0	0	0	0	0	0	0	0	0	0	0	0	0	0	0	0	0	0	0	0	0	0	8
gnoto2_BP4_d20_colon	0	0	0	0	0	0	0	0	0	0	0	0	0	0	0	0	0	0	0	0	0	0	9.39409	0	0	0	12.74428	0	0	0	0	12.72975	34.87338	0	23.22873	0	0	0	0	0	0	0	0	0	0.40689	0	0	4.98896	0	0	0	0	0	1.63394	0	0	0	0	0	0	0	0	0	0	0	0	0	0	0	0	0	0	0	0	0	0	0	0	0	0	0	0	0	0	0	0	0	0	0	0	8
b5-d33	0	0	0	0	0	0	0	0	0	0	0	0	0	0	0	0	0	0	0	0	0	0	3.04019	0	0	0	0	0	0	0.19784	0	0	3.16042	5.66948	0	0	0	0	0	0	0	0	0	0	5.5417	0	0	0	0	0	0	81.3853	0.68707	0	0.07253	0	0	0	0	0	0	0	0	0	0	0	0	0	0	0	0	0	0	0.24548	0	0	0	0	0	0	0	0	0	0	0	0	0	0	0	0	9
b6-d33	0	0	0	0	0	0	0	0	0	0	0	0	0	0	0	0	0	0	0	0	0	0	2.16397	0	0	0	0	0	0	0.4913	0	0	3.54118	3.40893	0	0	0	0	0	0	0	0	0	0	5.50935	0	0	0.79866	0	0	0	83.08868	0	0	0.8836	0	0	0	0	0	0	0	0	0	0	0	0	0	0	0	0	0	0	0.11435	0	0	0	0	0	0	0	0	0	0	0	0	0	0	0	0	9
C1-d45	0	0	0	0	0	0	0	0	0	0	0	0	0	0	0	0	0	0	0	0	0	0	18.1058	0	0	0	0	0	0	9.9528	0	12.77643	8.15518	44.43591	2.38489	0	0	0	0	0	0	0	0	0	0.43969	0	0	0	0	0	0	0	0.81522	2.93409	0	0	0	0	0	0	0	0	0	0	0	0	0	0	0	0	0	0	0	0	0	0	0	0	0	0	0	0	0	0	0	0	0	0	0	0	9
CONV_PBS1_COLON	0	0	0	0	0	7.51078	0	0	0	0	16.02627	17.87263	0	0	0	20.01142	0	0	0	0	0	0	2.99553	0	0	0	0	26.15377	0	0	0	0	0	0	0	0	0	0	0	0	0	0	0	0	0	0	0	0	0	0	0	0	0	0	0	0	0	0	0	0	0	6.03804	0.95133	0	0	0	0	0	0	2.44024	0	0	0	0	0	0	0	0	0	0	0	0	0	0	0	0	0	0	0	0	9
CONV_PBS2_COLON	0	0	0	0	0	6.6942	0	0	0	0	12.95948	47.27541	0	0	0	0.12151	0	0	0	0	0	0	0.88787	0	0	0	0	28.73831	0	0	0	0	0	0	0	0	0	0	0	0	0	0	0	0	0	0	0	0	0	0	0	0	0	0	0	0	0	0	0	0	0	1.313	0.12	0	0	0	0	0	0	1.89022	0	0	0	0	0	0	0	0	0	0	0	0	0	0	0	0	0	0	0	0	9
CONV_PBS2_D1	0	0	0	0	0	21.99303	0	0	0	0	0	51.79965	0	0	0	1.83997	0	0	0	0	0	0	1.08651	0	0	0	0	10.59525	0	0	0	0	0	0	0	0	0	0	0	0	0	0	0	0	0	0	0	1.12966	0	0	0	0	0	0	0	0	0	0	0	0	0	0	7.94678	0	0	0	0	0	0	3.508	0	0.10116	0	0	0	0	0	0	0	0	0	0	0	0	0	0	0	0	0	0	9
CONV_PBS4_D1	0	0	0	0	0	15.74604	0	0	0	0	0	63.7768	0	0	0	0.14041	0	0	0	0	0	0	0	0.00408	0	0	0	18.00718	0	0	0	0	0	0	0	0	0	0	0	0	0	0	0	0	0	0	0	0.27939	0	0	0	0	0	0	0	0	0	0	0	0	0	0	0.13255	0	0	0	0	0	0	1.83929	0	0.07425	0	0	0	0	0	0	0	0	0	0	0	0	0	0	0	0	0	0	9
GF10_A_DAM_D0	0	0	0	0	0	0	0	0	0	0	0	0	0	0	0	0	0	0	0	0	0	0	3.97532	0	0	0	0	0	0	3.84636	0	4.98111	0.8643	3.08428	0	0	0	0	0	0	0	0	0	0	7.54146	0	0	0	0	0	0	68.08031	0	0	0	0	0	0	0	0	0	0	0	0	0	0	0	0	0	0	0	0	0	0	0	0	0	0	0	0	0	0	0	0	0.03391	0	0	0	0	7.59296	9
GF10_A6_d103	0	0	0	0	0	0	0	0	0	0	0	0	0	0	0	0	0	0	0	0	0	0	10.46926	0	5.31628	0	0	0	0	9.63699	0.20251	0	0	23.73079	0	0	0	0	0	0	0	0	0	0	1.6323	0	0	21.40135	0	0	0	27.42982	0	0	0.1807	0	0	0	0	0	0	0	0	0	0	0	0	0	0	0	0	0	0	0	0	0	0	0	0	0	0	0	0	0	0	0	0	0	0	0	9
GF10_A6_d104_colon	0	0	0	0	0	0	0	0	0	0	0	0	0	0	0	0	0	0	0	0	0	0	7.82776	0	8.07241	0	0	0	0	16.76044	0.5221	0.64504	0	23.20505	0.08045	0	0	0	0	0	0	0	0	0	0	0	0	40.54838	0	0	0	2.33837	0	0	0	0	0	0	0	0	0	0	0	0	0	0	0	0	0	0	0	0	0	0	0	0	0	0	0	0	0	0	0	0	0	0	0	0	0	0	9
GF10_C3_d101	0	0	0	0	0	0	0	0	0	0	0	0	0	0	0	0	0	0	0	0	0	0	0.35531	0	0	0	0	0	0	0	0	0	0	0.35353	0	0	0	0	0	0	0	0	0	0	0.98472	0	0	0.06959	0	0	0	57.27343	0	0.27204	0.77435	0	0	0	0	0	0	0	0	0	0	0	0	0	0	0	0	0	0.50496	39.41208	0	0	0	0	0	0	0	0	0	0	0	0	0	0	0	0	9
GF11_A2_COLON_D38	0	0	0	0	0	0	0	0	8.89696	0	0	0	4.62706	0	0	0	0	0	14.03683	0	0	5.12541	0	0	0	0	0	0	0	0	0	0	0	0	0	0	0	0	0	0	0	0	0	0	27.48098	0	0	25.74291	4.22775	0	0	4.63885	0	0	0	0	0	0	0	0	0	0	0	0	0	0	0	0	0	0	0	0	0	0	0	0	0	0	0	0	0	0	0	0	0	0	0	5.22326	0	0	9
GF11_B2_D36	0	0	0	0	0	0	0	0	11.18752	0	0	0	4.36759	0	0	0	0	0	23.22292	0	0	1.60935	0	0	0	0	0	0	0	0	0	0	0	0	0	0	0	0	0	0	0	0	0	0	23.18796	0	0	19.29666	2.07058	0	0	5.90098	0	0	0	0	0	0	0	0	0	0	0	0	0	0	0	0	0	0	0	0	0	0	0	0	0	0	0	0	0	0	0	0	0	0	0	9.15645	0	0	9
GF11_B4_d105_colon	0	0	0	0	0	0	0	0	0	0	0	0	73.63776	0	0	0	0	0	0.20117	0	0	0	5.38398	0	0	0	1.90887	0	0	0	0	4.74274	8.32979	0	0	0	0	0	0	0	0	0	0	0	1.92354	0	0	3.1299	0	0	0	0	0	0.74226	0	0	0	0	0	0	0	0	0	0	0	0	0	0	0	0	0	0	0	0	0	0	0	0	0	0	0	0	0	0	0	0	0	0	0	0	9
GF11_B8_d105_colon	0	0	0	0	0	0	0	0	0	0	0	0	60.94963	0	0	0	0	0	0.22084	0	0	0	6.05592	0	0	0	0.77137	0	0	0	0	15.43745	10.11634	0	0	0	0	0	0	0	0	0	0	0	1.34003	0	0	4.30599	0	0	0	0	0	0	0	0	0	0	0	0	0	0	0	0	0	0	0	0	0	0	0	0	0	0	0	0	0	0	0	0	0	0	0	0	0	0	0	0.80243	0	0	9
GF11_C3_D36	0	0	0	0	0	0	0	0	5.11068	0	0	0	2.32967	0	0	0	0	0	17.34058	0	0	1.28448	0	0	0	0	0	0	0	0	0	0	0	0	0	0	0	0	0	0	0	0	0	0	11.45507	0	0	58.41538	0.86809	0	0	0.44035	0	0	0	0	0	0	0	0	0	0	0	0	0	0	0	0	0	0	0	0	0	0	0	0	0	0	0	0	0	0	0	0	0	0	0	2.7557	0	0	9
GF11_INOC	0	0	0	0	0	0	0	0	20.55138	0	0	0	4.33869	0	0	0	0	0	4.22588	0	0	0	0	0	0	0	0	0	0	0	0	2.21814	0	0	0	0	0	0	0	0	0	0	0	0	28.97205	0	0	9.08919	6.05938	0	0	14.40629	0	0	0	0	0	0	0	0	0	0	0	0	0	0	0	0	0	0	0	0	0	0	0	0	0	0	0	0	0	0	0	0	0	0	0	10.13899	0	0	9
GF13_A4_d65_colon	0	0	0	0	0	0	0	0	0	0	0	0	0	0	0	0	0	0	0	0	0	0	8.73035	0	0	0	0	0	0	45.71067	0	0	7.17536	10.01078	3.16777	0	0	0	0	0	0	0	0	0	0	0	0	17.67645	0	0	0	0	0	0	7.06807	0.33893	0.12162	0	0	0	0	0	0	0	0	0	0	0	0	0	0	0	0	0	0	0	0	0	0	0	0	0	0	0	0	0	0	0	0	0	9
GF13_A7_d65_colon	0	0	0	0	0	0	0	0	0	0	0	0	0	0	0	0	0	0	0	0	0	0	8.71911	0	0	0	0	0	0	29.60094	0	0	6.88252	24.90015	4.63925	0	0	0	0	0	0	0	0	0	0	0	0	9.43074	0	0	0	0	0	0	12.10118	0.36677	3.35934	0	0	0	0	0	0	0	0	0	0	0	0	0	0	0	0	0	0	0	0	0	0	0	0	0	0	0	0	0	0	0	0	0	9
GF13_A8_d65_colon	0	0	0	0	0	0	0	0	0	0	0	0	0	0	0	0	0	0	0	0	0	0	7.91082	0	0	0	0	0	0	37.10935	0	0	6.15852	19.118	3.55318	0	0	0	0	0	0	0	0	0	0	0	0	10.04931	0	0	0	0	0	0	13.18513	0.55925	2.35645	0	0	0	0	0	0	0	0	0	0	0	0	0	0	0	0	0	0	0	0	0	0	0	0	0	0	0	0	0	0	0	0	0	9
GF13_inoc_200118	0	0	0	0	0	0	0	0	0	0	0	0	0	0	0	0	0	0	4.82966	0	0	1.18391	0	0	0	0	0	0	0	0	0	0	0	0	0	0	0	0	0	0	0	5.19493	0	0	0	0	0	21.85085	0	0	0	0	0	0	0.17872	0	0.04244	0	0	0	0	0	0	0	0	0	0	0	0	0	0	0	0	0	0	0	0	0.11991	46.82201	19.77758	0	0	0	0	0	0	0	0	0	0	9
GF14_A1_d94_stool	0	0	0	0	0	0	0	0	0	0	0	0	0	0	0	0	0	0	0	0	0	0	0.68133	0	0	0	0	0	0	0	0	0	0.13555	0.87027	0	0	0	0	0	0	0	0	0	0	2.99274	0	0	0.96361	0.00591	0	0	92.92075	0	0	1.15419	0	0	0	0	0	0	0	0	0	0	0	0	0	0	0	0	0	0	0.27565	0	0	0	0	0	0	0	0	0	0	0	0	0	0	0	0	9
GF14_A1_d95_stool	0	0	0	0	0	0	0	0	0	0	0	0	0	0	0	0	0	0	0	0	0	0	1.6277	0	0	0	0	0	0	0.4889	0	0	3.23591	0	0.77004	0	0	0	0	0	0	0	0	0	2.80689	0	0	22.98878	0.23698	0	0	66.83288	0	0	1.01192	0	0	0	0	0	0	0	0	0	0	0	0	0	0	0	0	0	0	0	0	0	0	0	0	0	0	0	0	0	0	0	0	0	0	0	9
GF14_d89_B3_stool	0	0	0	0	0	0	0	0	0	0	0	0	0	0	0	0	0	0	29.88054	0.93166	0	14.66596	1.18606	0	0	0	0	0	0	0	0	0	0	0	0	0	0	0	0	0	0	0	0	0	1.33721	0	0	0	0	0	0	31.71502	1.39166	18.58408	0.30783	0	0	0	0	0	0	0	0	0	0	0	0	0	0	0	0	0	0	0	0	0	0	0	0	0	0	0	0	0	0	0	0	0	0	0	9
GF15_a1_d106_stool	0	0	0	0	0	0	0	0	0	0	0	0	2.36014	0	0	0	0	0	0	0	0	0	0.40276	0	0	0	0	0	0	0	0	0	0.31706	0	0	0	0	0	0	0	0	0	0	0	4.41948	0	0	25.7697	0	0	0	17.5511	38.78191	10.06437	0.33347	0	0	0	0	0	0	0	0	0	0	0	0	0	0	0	0	0	0	0	0	0	0	0	0	0	0	0	0	0	0	0	0	0	0	0	9
GF15_a9_d105_stool	0	0	0	0	0	0	0	0	0	0	0	0	0.425	0	0	0	0	0	0	0	0	0	0.21671	0	0	0	0	0	0	0	0	0	0.29383	0	0	0	0	0	0	0	0	0	0	0	1.7087	0	0	66.71298	0	0	0	15.16567	12.93155	2.41467	0.13089	0	0	0	0	0	0	0	0	0	0	0	0	0	0	0	0	0	0	0	0	0	0	0	0	0	0	0	0	0	0	0	0	0	0	0	9
GF15_a9_d106_stool	0	0	0	0	0	0	0	0	0	0	0	0	2.18737	0	0	0	0	0	0	0	0	0	1.1406	0	0	0	0	0	0	0	0	0	5.25043	0	0	0	0	0	0	0	0	0	0	0	8.86175	0	0	29.21119	0	0	0	13.14519	32.91201	5.68309	1.60837	0	0	0	0	0	0	0	0	0	0	0	0	0	0	0	0	0	0	0	0	0	0	0	0	0	0	0	0	0	0	0	0	0	0	0	9
GF15_b5_d107_stool	0	0	0	0	0	0	0	0	0	0	0	0	1.71679	0	0	0	0	0	0	0	0	0	1.07375	0	0	0	0	0	0	0	0	0	0.3784	0	0	0	0	0	0	0	0	0	0	0	6.31782	0	0	57.84399	0	0	0	30.53384	1.09101	0.52527	0.51913	0	0	0	0	0	0	0	0	0	0	0	0	0	0	0	0	0	0	0	0	0	0	0	0	0	0	0	0	0	0	0	0	0	0	0	9
GF15_d68_B8_stool	0	0	0	0	0	0	0	0	0	0	0	0	0.40566	0	0	0	0	0	0	0	0	0	0.51121	0	0	0	0	0	0	0	0	0	0.17669	0	0	0	0	0	0	0	0	0	0	0	0.85831	0	0	24.43014	0	0	0	8.15344	53.51645	11.51837	0.42974	0	0	0	0	0	0	0	0	0	0	0	0	0	0	0	0	0	0	0	0	0	0	0	0	0	0	0	0	0	0	0	0	0	0	0	9
GF2_A_day1_mom	0	0	0	0	0	0	0	0	0	0	0	0	0	0	0	0	0	0.91791	2.75273	0	0	0.56375	2.65654	0	0	0	0	0	0	0	0	28.69231	7.89669	0	0	0	0	0	0	0	0	0	0	0	16.52056	0	0	39.88051	0	0	0	0	0	0	0	0	0	0	0	0	0	0	0	0	0	0.11901	0	0	0	0	0	0	0	0	0	0	0	0	0	0	0	0	0	0	0	0	0	0	0	0	9
GF2_A3_d37	0	0	0	0	0	0	0	0	0	0	0	0	14.38746	0	0	0	0	0.45991	0	0	0.1466	0	12.29495	0	0	0	0	0	0	0	0	4.15229	48.18162	0	12.69544	0	0	0	0	0	0	0	0	0	0.46853	0	0	7.21321	0	0	0	0	0	0	0	0	0	0	0	0	0	0	0	0	0	0	0	0	0	0	0	0	0	0	0	0	0	0	0	0	0	0	0	0	0	0	0	0	0	0	9
GF2_B_day1_mom	0	0	0	0	0	0	0	0	0	0	0	0	0	0	0	0	0	0.29249	3.18859	0	0	0.07589	4.12382	0	0	0	0.13646	0	0	0	0	35.10122	7.58727	0	0	0	0	0	0	0	0	0	0	0	21.16103	0	0	28.33322	0	0	0	0	0	0	0	0	0	0	0	0	0	0	0	0	0	0	0	0	0	0	0	0	0	0	0	0	0	0	0	0	0	0	0	0	0	0	0	0	0	0	9
GF2_B1_day37	0	0	0	0	0	0	0	0	0	0	0	0	50.66664	0	0	0	0	0	0	0	0	0	3.45276	0	0	0	0.32429	0	0	0	0	30.25392	13.16442	0	0.10726	0	0	0	0	0	0	0	0	0	0.15483	0	0	1.12961	0	0	0	0	0	0.74626	0	0	0	0	0	0	0	0	0	0	0	0	0	0	0	0	0	0	0	0	0	0	0	0	0	0	0	0	0	0	0	0	0	0	0	0	9
GF2_B3_d35	0	0	0	0	0	0	0	0	0	0	0	0	0.5903	0	0	0	0	0	0	0	0	0	8.48121	0	0	0	17.21262	0	0	0	0	36.53124	20.66054	0	7.30273	0	0	0	0	0	0	0	0	0	0.18768	0	0	5.02799	0	0	0	0	0	4.0057	0	0	0	0	0	0	0	0	0	0	0	0	0	0	0	0	0	0	0	0	0	0	0	0	0	0	0	0	0	0	0	0	0	0	0	0	9
GF2_B4_d35	0	0	0	0	0	0	0	0	0	0	0	0	0	0	0	0	0	0.27871	0	0	0	0	7.77019	0	0	0	24.51636	0	0	0	0	11.09044	40.48752	0	8.82399	0	0	0	0	0	0	0	0	0	0.19373	0	0	1.38724	0	0	0	0	0	5.45182	0	0	0	0	0	0	0	0	0	0	0	0	0	0	0	0	0	0	0	0	0	0	0	0	0	0	0	0	0	0	0	0	0	0	0	0	9
GF2_B5_d35	0	0	0	0	0	0	0	0	0	0	0	0	36.78445	0	0	0	0	0	0.21826	0	0	0	6.41149	0	0	0	15.0277	0	0	0	0	18.0142	19.85178	0	0.73935	0	0	0	0	0	0	0	0	0	0	0	0	0.67961	0	0	0	0	0	2.27316	0	0	0	0	0	0	0	0	0	0	0	0	0	0	0	0	0	0	0	0	0	0	0	0	0	0	0	0	0	0	0	0	0	0	0	0	9
GF3_C2_day42	0	0	0	0	0	0	0	0	0	0	0	0	25.46477	0	0	0	0	0	1.05554	0	0	0	10.56488	0	0	0	0	0	0	0	0	12.05417	24.10061	0	9.96709	0	0	0	0	0	0	0	0	0	0.62056	0	0	7.9884	0	0	0	0	0	8.18399	0	0	0	0	0	0	0	0	0	0	0	0	0	0	0	0	0	0	0	0	0	0	0	0	0	0	0	0	0	0	0	0	0	0	0	0	9
GF3_C4_day39	0	0	0	0	0	0	0	0	0	0	0	0	1.38912	0	0	0	0	2.48906	19.23594	0	0	0.34583	0.66724	0	0	0	0	0	0	0	0	0	0.07818	0	0	0	0	0	0	0	0	0	0	0	2.24068	0	0	71.74707	0	0	0	0	0	1.80687	0	0	0	0	0	0	0	0	0	0	0	0	0	0	0	0	0	0	0	0	0	0	0	0	0	0	0	0	0	0	0	0	0	0	0	0	9
GF3_C5_day42	0	0	0	0	0	0	0	0	0	0	0	0	46.52835	0	0	0	0	0.78203	0	0	0	0	3.54084	0	0	0	0	0	0	0	0	8.4299	25.95239	0	3.74319	0	0	0	0	0	0	0	0	0	1.84554	0	0	6.54476	0	0	0	0	0	2.633	0	0	0	0	0	0	0	0	0	0	0	0	0	0	0	0	0	0	0	0	0	0	0	0	0	0	0	0	0	0	0	0	0	0	0	0	9
GF3_C8_day41	0	0	0	0	0	0	0	0	0	0	0	0	62.27529	0	0	0	0	0.75986	0	0	0	0	3.95322	0	0	0	0	0	0	0	0	7.22204	15.95763	0	3.32892	0	0	0	0	0	0	0	0	0	0.5116	0	0	4.413	0	0	0	0	0	1.57845	0	0	0	0	0	0	0	0	0	0	0	0	0	0	0	0	0	0	0	0	0	0	0	0	0	0	0	0	0	0	0	0	0	0	0	0	9
GF3_C8_day42	0	0	0	0	0	0	0	0	0	0	0	0	47.13748	0	0	0	0	0	0.90092	0	0	0	6.84852	0	0	0	0	0	0	0	0	13.06944	22.9265	0	2.75729	0	0	0	0	0	0	0	0	0	0.7565	0	0	3.87721	0	0	0	0	0	1.72614	0	0	0	0	0	0	0	0	0	0	0	0	0	0	0	0	0	0	0	0	0	0	0	0	0	0	0	0	0	0	0	0	0	0	0	0	9
GF3_C9_day39	0	0	0	0	0	0	0	0	0	0	0	0	3.75526	0	0	0	0	0	20.86093	0	0	2.20242	1.42883	0	0	0	0	0	0	0	0	0	2.43689	0	0.15766	0	0	0	0	0	0	0	0	0	8.50862	0	0	58.47533	0	0	0	0	0	2.17405	0	0	0	0	0	0	0	0	0	0	0	0	0	0	0	0	0	0	0	0	0	0	0	0	0	0	0	0	0	0	0	0	0	0	0	0	9
GF3_C9_day42	0	0	0	0	0	0	0	0	0	0	0	0	48.83157	0	0	0	0	0	0.5824	0	0	0	6.87692	0	0	0	0	0	0	0	0	16.21441	14.72867	0	3.74615	0	0	0	0	0	0	0	0	0	0.80225	0	0	3.79621	0	0	0	0	0	4.42141	0	0	0	0	0	0	0	0	0	0	0	0	0	0	0	0	0	0	0	0	0	0	0	0	0	0	0	0	0	0	0	0	0	0	0	0	9
GF4_B3_d42	0	0	0	0	0	0	0	0	0	0	0	0	53.55772	0	0	0	0	2.1306	0.45675	0	0	0	8.67697	0	0	0	0	0	0	0	0	4.84207	23.51919	0	2.01812	0	0	0	0	0	0	0	0	0	1.56615	0	0	3.23242	0	0	0	0	0	0	0	0	0	0	0	0	0	0	0	0	0	0	0	0	0	0	0	0	0	0	0	0	0	0	0	0	0	0	0	0	0	0	0	0	0	0	9
GF4_B3_LI	0	0	0	0	0.01127	0	0	0	0	0	0	0	90.212	0	0	0	0	2.86017	0.21715	0	0	0	0.07293	0	0	0	0	0	0	0	0	1.21969	0.20524	0	0	0	0	0	0	0	0	0	0	0	4.1241	0	0	0	0	0	0	0	0	1.07746	0	0	0	0	0	0	0	0	0	0	0	0	0	0	0	0	0	0	0	0	0	0	0	0	0	0	0	0	0	0	0	0	0	0	0	0	9
GF4_C1_d39	0	0	0	0	0	0	0	0	0	0	0	0	0.10618	0	0	0	0	28.34805	0	0	0	0	8.24402	0	0	0	1.75566	0	0	0	0	0	37.05107	0	1.97598	0	0	0	0	0	0	0	0	0	14.10035	0	0	7.13597	0	0	0	0	0	1.28272	0	0	0	0	0	0	0	0	0	0	0	0	0	0	0	0	0	0	0	0	0	0	0	0	0	0	0	0	0	0	0	0	0	0	0	0	9
GF4_C1_d43	0	0	0	0	0	0	0	0	0	0	0	0	0	0	0	0	0	17.14443	0	0	0	0	6.33472	0	0	0	2.23487	0	0	0	0	0.82669	31.1829	0	32.49047	0	0	0	0	0	0	0	0	0	3.47485	0	0	5.04954	0	0	0	0	0	1.26153	0	0	0	0	0	0	0	0	0	0	0	0	0	0	0	0	0	0	0	0	0	0	0	0	0	0	0	0	0	0	0	0	0	0	0	0	9
GF4_C1_LI	0	0	0	0	0	0	0	0	0	0	0	0	58.89099	0	0	0	0	0	0	0	0	0	0.54224	0	0	0	0	0	0	0	0	0.84022	0.79903	0	0	0	0	0	0	0	0	0	0	0	2.82695	0	0	5.09885	0	0	0	0	0	1.61057	0	0	0	0	0	0	0	0	0	0	0	0.6169	0	0	0	0	0	0	0	0	0	0	0	0	0	0	0	0	0	0	0	0	0	0	0	28.77426	9
GF4_C2_d38	0	0	0	0	0	0	0	0	0	0	0	0	0	0	0	0	0	7.53368	0	0	0	0	13.43333	0	0	0	0	0	0	0	0	6.43358	27.1925	0	11.68231	0	0	0	0	0	0	0	0	0	6.26229	0	0	17.11554	0	0	0	0	0	10.15802	0	0	0	0	0	0	0	0	0	0	0	0.18875	0	0	0	0	0	0	0	0	0	0	0	0	0	0	0	0	0	0	0	0	0	0	0	0	9
GF4_C2_d39	0	0	0	0	0	0	0	0	0	0	0	0	0	0	0	0	0	7.02699	0	0	0	0	6.49208	0	0	0	0	0	0	0	0	5.59978	35.55991	0	12.26934	0	0	0	0	0	0	0	0	0	9.50199	0	0	7.41974	0	0	0	0	0	15.61112	0	0	0	0	0	0	0	0	0	0	0	0.51905	0	0	0	0	0	0	0	0	0	0	0	0	0	0	0	0	0	0	0	0	0	0	0	0	9
GF4_C4_D39	0	0	0	0	0	0	0	0	0	0	0	0	0.52787	0	0	0	0	8.11144	0	0	0	0	3.84964	0	0	0	0.13625	0	0	0	0	0	12.39382	0	0.65629	0	0	0	0	0	0	0	0	0	68.57607	0	0	2.9756	0	0	0	0	0	2.77302	0	0	0	0	0	0	0	0	0	0	0	0	0	0	0	0	0	0	0	0	0	0	0	0	0	0	0	0	0	0	0	0	0	0	0	0	9
GF4_C5_LI	0	0	0	0	0	0	0	0	0	0	0	0	88.52486	0	0	0	0	0	0	0	0	0	0.37476	0	0	0	0.21444	0	0	0	0	5.81907	1.18568	0	0	0	0	0	0	0	0	0	0	0	1.10183	0	0	1.8276	0	0	0	0	0	0.61844	0	0	0	0	0	0	0	0	0	0	0	0.33333	0	0	0	0	0	0	0	0	0	0	0	0	0	0	0	0	0	0	0	0	0	0	0	0	9
GF5_B3_D81	0	0	0	0	0	0	0	0	0	0	0	0	0	0	0	0	0	0	0	0	0	0	12.04887	0	0	0	6.7022	0	0	0	0	22.17299	37.27772	0	10.51274	0	0	0	0	0	0	0	0	0	3.58245	0	0	3.93592	0	0	0	0	0	3.20803	0	0	0	0	0	0	0	0	0	0	0	0.55908	0	0	0	0	0	0	0	0	0	0	0	0	0	0	0	0	0	0	0	0	0	0	0	0	9
GF5_B3_D83	0	0	0	0	0	0	0	0	0	0	0	0	0	0	0	0	0	3.66988	0.54208	0	0	0	10.54121	0	0	0	1.52297	0	0	0	0	0	6.99663	0	2.54091	0	0	0	0	0	0	0	0	0	11.21946	0	0	62.52007	0	0	0	0	0	0	0	0	0	0	0	0	0	0	0	0	0	0.4468	0	0	0	0	0	0	0	0	0	0	0	0	0	0	0	0	0	0	0	0	0	0	0	0	9
GF5_B4_D79	0	0	0	0	0	0	0	0	0	0	0	0	0.42286	0	0	0	0	3.17884	0	0	0	0	5.33023	0	0	0	0	0	0	0	0	0	8.81846	0	7.03179	0	0	0	0	0.22784	0	0	0	0	41.74849	0	0	24.37387	0	0	0	0	0	0	0	0	0	0	0	0	0	0	0	0	0	8.86763	0	0	0	0	0	0	0	0	0	0	0	0	0	0	0	0	0	0	0	0	0	0	0	0	9
GF5_C1_COLON_190628	0	0	0	0	0	0	0	0	0	0	0	0	0.96743	0	0	0	0	0	0	0	0	0	22.25037	0	0	0	1.98096	0	0	0	0	1.0372	45.23722	0	11.70988	0	0	0	0	0	0	0	0	0	0.6502	0	0	15.54555	0	0	0	0	0	0	0	0	0	0	0	0	0	0	0	0	0	0.62119	0	0	0	0	0	0	0	0	0	0	0	0	0	0	0	0	0	0	0	0	0	0	0	0	9
GF5_C4_COLON_190628	0	0	0	0	0	0	0	0	0	0	0	0	0	0	0	0	0	8.25261	0	0	0	0	15.24011	0	0	0	8.84989	0	0	0	0	8.32049	20.42359	0	0	0	0	0	0	0	0	0	0	0	7.0066	0	0	15.64403	0	0	0	9.32892	0	6.93377	0	0	0	0	0	0	0	0	0	0	0	0	0	0	0	0	0	0	0	0	0	0	0	0	0	0	0	0	0	0	0	0	0	0	0	0	9
GF6_A1_D53	0	0	0	0	0	0	0	0	0	0	0	0	1.2494	0	0	0	0	0	3.77807	0	0	0	2.36339	0	0	0	0	0	0	0	0	0	12.79472	0	2.53298	0	0	0	0	0	0	0	0	0	2.17776	0	0	4.93778	0	0	0	0	0	70.06003	0	0	0	0	0	0	0	0	0	0	0	0.10586	0	0	0	0	0	0	0	0	0	0	0	0	0	0	0	0	0	0	0	0	0	0	0	0	9
GF6_A2_COLON_D105	0	0	0	0	0	0	0	0	0	0	0	0	21.83993	0	0	0	0	0	0	0	0	0	24.23879	0	0	0	2.14112	0	0	0	0	33.08914	10.8382	0.19642	0.31332	0	0	0	0	0	0	0	0	0	0	0	0	0.64164	0	0	0	0	0	0	0	0	0	0	0	0	0	0	0	0	0	0	0	0	0	0	0	0	0	0	0	0	0	0	0	0	0	0	0	0	0	0	0	0	0	6.70145	9
GF6_A3_D52	0	0	0	0	0	0	0	0	0	0	0	0	0.80719	0	0	0	0	0.98075	0.10819	0	0	0.0648	3.91994	0	0	0	0	0	0	0	0	0	5.9022	0	0	0	0	0	0	0	0	0	0	0	14.92847	0	0	0	0	0	0	0	0	72.97751	0.31093	0	0	0	0	0	0	0	0	0	0	0	0	0	0	0	0	0	0	0	0	0	0	0	0	0	0	0	0	0	0	0	0	0	0	0	9
GF6_A5_COLON_D105	0	0	0	0	0	0	0	0	0	0	0	0	27.7575	0	0	0	0	0	0.48768	0	0	0	17.1272	0	0	0	5.58643	0	0	0	0	19.9917	14.49609	0	0.64423	0	0	0	0	0	0	0	0	0	0	0	0	1.05462	0	0	0	0	0	0	0	0	0	0	0	0	0	0	0	0	0	0	0	0	0	0	0	0	0	0	0	0	0	0	0	0	0	0	0	0	0	0	0	0	0	12.85455	9
GF6_A5_D90	0	0	0	0	0	0	0	0	0	0	0	0	32.65667	0	0	0	0	11.58805	0	0	0	0	5.04094	0	0	0	1.09808	0	0	0	0	0	1.70384	0	6.98097	0	0	0	0	0	0	0	0	0	4.94552	0	0	2.21976	0	0	0	0	0	33.76617	0	0	0	0	0	0	0	0	0	0	0	0	0	0	0	0	0	0	0	0	0	0	0	0	0	0	0	0	0	0	0	0	0	0	0	0	9
GF6_A6_COLON_D105	0	0	0	0	0	0	0	0	0	0	0	0	13.38067	0	0	0	0	0	0	0	0	0	12.60894	0	0	0	15.17898	0	0	0	0	36.72474	10.54986	0	1.99295	0	0	0	0	0	0	0	0	0	0.08344	0	0	1.74764	0	0	0	0	0	0	0	0	0	0	0	0	0	0	0	0	0	0	0	0	0	0	0	0	0	0	0	0	0	0	0	0	0	0	0	0	0	0	0	0	0	7.73277	9
GF6_A6_D53	0	0	0	0	0	0	0	0	0	0	0	0	0.91311	0	0	0	0	29.44384	0	0	0	0	6.82904	0	0	0	0	0	0	0	0	0	2.73751	0	2.4977	0	0	0	0	0	0	0	0	0	12.12825	0	0	2.17907	0	0	0	0	0	42.54718	0	0	0	0	0	0	0	0	0	0	0	0.72429	0	0	0	0	0	0	0	0	0	0	0	0	0	0	0	0	0	0	0	0	0	0	0	0	9
GF6_A8_COLON_D105	0	0	0	0	0	0	0	0	0	0	0	0	16.7386	0	0	0	0	0	0	0	0	0	23.57621	0	0	0	17.66081	0	0	0	0	27.07065	10.86009	0	1.01981	0	0	0	0	0	0	0	0	0	0.90874	0	0	1.19521	0	0	0	0	0	0	0	0	0	0	0	0	0	0	0	0	0	0	0	0	0	0	0	0	0	0	0	0	0	0	0	0	0	0	0	0	0	0	0	0	0	0.96988	9
GF6_A8_D53	0	0	0	0	0	0	0	0	0	0	0	0	3.66071	0	0	0	0	0	0	0	0	0	14.35868	0	0	0	0	0	0	0	0	5.77904	0.24936	0	33.30611	0	0	0	0	0	0	0	0	0	5.11683	0	0	6.73363	0	0	0	0	0	23.51399	0	0	0	0	0	0	0	0	0	0	0	7.28166	0	0	0	0	0	0	0	0	0	0	0	0	0	0	0	0	0	0	0	0	0	0	0	0	9
GF6_B1_D64	0	0	0	0	0	0	0	0	0	0	0	0	1.91589	0	0	0	0	17.5674	63.50681	0	0	6.76036	0.13374	0	0	0	0	0	0	0	0	0	0.62809	0	0	0	0	0	0	0	0	0	0	0	1.95817	0	0	0	0.04584	0	0	0	0	7.48369	0	0	0	0	0	0	0	0	0	0	0	0	0	0	0	0	0	0	0	0	0	0	0	0	0	0	0	0	0	0	0	0	0	0	0	0	9
GF6_B3_D87	0	0	0	0	0	0	0	0	0	0	0	0	1.53608	0	0	0	0	66.44062	0	0	0	0	0.74529	0	0	0	0	0	0	0	0	0	13.32263	0	1.55036	0	0	0	0	0	0	0	0	0	11.55034	0	0	3.28211	0.55326	0	0	0	0	1.01932	0	0	0	0	0	0	0	0	0	0	0	0	0	0	0	0	0	0	0	0	0	0	0	0	0	0	0	0	0	0	0	0	0	0	0	0	9
GF6_B4_COLON_D105	0	0	0	0	0	0	0	0	0	0	0	0	28.72467	0	0	0	0	0	0	0	0	0	24.36324	0	0	0	2.00061	0	0	0	0	26.6252	13.47291	0	0.3983	0	0	0	0	0	0	0	0	0	0.88337	0	0	2.54208	0	0	0	0	0	0	0	0	0	0	0	0	0	0	0	0	0	0	0	0	0	0	0	0	0	0	0	0	0	0	0	0	0	0	0	0	0	0	0	0	0	0.98963	9
GF6_B4_D87	0	0	0	0	0	0	0	0	0	0	0	0	1.53934	0	0	0	0	67.90207	0	0	0	0	1.06973	0	0	0	0	0	0	0	0	0.42021	11.21373	0	0	0	0	0	0	0	0	0	0	0	12.38831	0	0	4.98294	0.18406	0	0	0	0	0.29962	0	0	0	0	0	0	0	0	0	0	0	0	0	0	0	0	0	0	0	0	0	0	0	0	0	0	0	0	0	0	0	0	0	0	0	0	9
GF6_B5_COLON_D105	0	0	0	0	0	0	0	0	0	0	0	0	25.708	0	0	0	0	0	0.45811	0	0	0	23.59597	0	0	0	3.0488	0	0	0	0	29.31707	14.0331	0	0.33663	0	0	0	0	0	0	0	0	0	1.06112	0	0	2.44121	0	0	0	0	0	0	0	0	0	0	0	0	0	0	0	0	0	0	0	0	0	0	0	0	0	0	0	0	0	0	0	0	0	0	0	0	0	0	0	0	0	0	9
GF6_B8_D66	0	0	0	0	0	0	0	0	0	0	0	0	0	0	0	0	0	4.28368	0	0	0	0	14.95485	0	0	0	0	0	0	0	0	0.47682	25.40067	0	37.4287	0	0	0	0	0	0	0	0	0	6.72359	0	0	2.12899	0	0	0	0	0	8.17208	0	0	0	0	0	0	0	0	0	0	0	0.43062	0	0	0	0	0	0	0	0	0	0	0	0	0	0	0	0	0	0	0	0	0	0	0	0	9
GF7_A5_COLON_D47	0	0	0	0	0	0	0	0	0	0	0	0	0	0	0	0	0	0	0	0	0	0	22.0139	0	0	0	0	0	0	19.35101	0	1.06051	18.08196	25.97866	7.94412	0	0	0	0	0	0	0	0	0	0	0	0	3.87467	0.59834	0	0	0	0	0	0	0	0	0	0	0	0	0	0	0	0	0	0	0	0	0	1.09684	0	0	0	0	0	0	0	0	0	0	0	0	0	0	0	0	0	0	0	9
GF7_C1_D36	0	0	0	0	0	0	0	0	0	0	0	0	0	0	0	0	0	0	0	0	0	0	6.2246	0	0	0	0	0	0	43.81937	0	2.79608	6.22536	19.34565	0.74758	0	0	0	0	0	0	0	0	0	0.6761	0	0	16.86651	0	0	0	3.29876	0	0	0	0	0	0	0	0	0	0	0	0	0	0	0	0	0	0	0	0	0	0	0	0	0	0	0	0	0	0	0	0	0	0	0	0	0	0	9
GF7_C2_D30	0	0	0	0	0	0	0	0	0	0	0	0	0	0	0	0	0	0	0	0	0	0	0.40607	0	0	0	0	0	0	0.25275	0	0	0.5302	0.79399	0	0	0	0	0	0	0	0	0	0	2.00575	0	0	1.9405	0	0	0	75.1967	0	0	2.47299	0	0	0	0	0	0	0	0	0	0	0	0	0	0	0	0	0	0	16.40104	0	0	0	0	0	0	0	0	0	0	0	0	0	0	0	0	9
GF7_C2_D36	0	0	0	0	0	0	0	0	0	0	0	0	0	0	0	0	0	0	0	0	0	0	6.1302	0	0	0	0	0	0	26.2343	0	1.40439	9.8836	26.13667	0	0	0	0	0	0	0	0	0	0	7.84593	0	0	20.57783	0	0	0	0	1.74477	0	0	0	0	0	0	0	0	0	0	0	0	0	0	0	0	0	0	0	0	0.0423	0	0	0	0	0	0	0	0	0	0	0	0	0	0	0	0	9
GF8_A1_D35	0	0	0	0	0	0	0	0	0	0	0	0	0	0	0	0	0	0	0	0	0	0	7.8887	0	0	0	0	0	0	7.90318	0	6.72376	0.49357	19.59327	0	0	0	0	0	0	0	0	0	0	0	0	0	35.50637	0	0	0	0	4.39382	15.0371	0	0	0	0	0	0	0	0	0	0	0	0	0	0	0	0	0	0	0	0	0	0	0	0	0	0	0	0	0	0	0	0	0	0	0	2.46023	9
GF8_A2_D30	0	0	0	0	0	0	0	0	0	0	0	0	1.3621	0	0	0	0	1.54567	0	0	0	0	0.69803	0	0	0	0.84736	0	0	0	0	0.82143	0.70959	1.49817	0	0	0	0	0	0	0	0	0	0	3.71126	0	0	0	0	0	0	88.80641	0	0	0	0	0	0	0	0	0	0	0	0	0	0	0	0	0	0	0	0	0	0	0	0	0	0	0	0	0	0	0	0	0	0	0	0	0	0	9
GF8_B3_D46	0	0	0	0	0	0	0	0	0	0	0	0	2.28761	0	0	0	0	0	0	0	0	0	9.03691	0	0	0	0	0	0	10.50546	0	6.81331	0.46908	8.50099	0	0	0	0	0	0	0	0	0	0	0	0	0	0	0	0	0	45.03571	13.38916	0	0	0	0	0	0	0	0	0	0	0	0	0	0	0	0	0	0	0	0	0	0	0	0	0	0	0	0	0	0	0	0	0	0	0	0	3.96176	9
GF8_C1_D32	0	0	0	0	0	0	0	0	0	0	0	0	0	0	0	0	0	0	0	0	0	0	5.71683	0	0	0	0	0	0	17.83401	0	2.93406	0	12.98357	0.26464	0	0	0	0	0	0	0	0	0	14.15032	0	0	0	0	0	0	41.65882	2.65996	0	0	0	0	0	0	0	0	0	0	0	0	0	0	0	0	0	0	0	0	0	0	0	0	0	0	0	0	0	0	0	0	0	0	0	0	1.79779	9
GF8_C4_D35	0	0	0	0	0	0	0	0	0	0	0	0	0	0	0	0	0	0	0	0	0	0	9.99993	0	0	0	0	0	0	32.7117	0	3.70931	4.04706	16.96512	12.52953	0	0	0	0	0	0	0	0	0	5.53532	0	0	0.87041	0	0	0	0	0	13.63163	0	0	0	0	0	0	0	0	0	0	0	0	0	0	0	0	0	0	0	0	0	0	0	0	0	0	0	0	0	0	0	0	0	0	0	0	9
GF9_C1_D19	0	0	0	0	0	0	0	0	0	0	0	0	0	0	0	0	0	0	0	0	0	0	2.36386	0	0	0	0	0	0	20.30793	0	0.37201	5.17467	0.95936	6.11057	0	0	0	0	0	0	0	0	0	44.7259	0	0	19.08718	0	0	0	0.89852	0	0	0	0	0	0	0	0	0	0	0	0	0	0	0	0	0	0	0	0	0	0	0	0	0	0	0	0	0	0	0	0	0	0	0	0	0	0	9
GF9_C3_D21	0	0	0	0	0	0	0	0	0	0	0	0	0	0	0	0	0	0	0	0	0	0	3.86023	0	0	0	0	0	0	29.95562	0	0	1.1003	0	12.15819	0	0	0	0	0	0	0	0	0	36.02118	0	0	0.91404	0	0	0	13.74935	0	1.90403	0.33707	0	0	0	0	0	0	0	0	0	0	0	0	0	0	0	0	0	0	0	0	0	0	0	0	0	0	0	0	0	0	0	0	0	0	0	9
GF9_C5_D20	0	0	0	0	0	0	0	0	0	0	0	0	0	0	0	0	0	0	0	0	0	0	3.78271	0	0	0	0	0	0	6.1568	0	0.00916	0.23986	0	2.08989	0	0	0	0	0	0	0	0	0	79.26772	0	0	4.55143	0	0	0	1.42196	0	2.48047	0	0	0	0	0	0	0	0	0	0	0	0	0	0	0	0	0	0	0	0	0	0	0	0	0	0	0	0	0	0	0	0	0	0	0	0	9
Gn3_6Cdam_Stool_211105-3	0	0	0	0	0	0	0	0	0	0	0	0	0	40.78578	0	0	0	1.1366	0	0	0	0	3.5926	0	0	0	0	0	0	32.34761	0	6.85733	0	7.77783	0	0	0	0	0	0	0	0	0	0	3.04077	0	0	4.33916	0.12233	0	0	0	0	0	0	0	0	0	0	0	0	0	0	0	0	0	0	0	0	0	0	0	0	0	0	0	0	0	0	0	0	0	0	0	0	0	0	0	0	0	9
Gn3_AB9_Stool	0	0	0	0	0	0	0	0	0	0	0	0	4.11592	0	0	0	0	0	0	0	0	0	0.08928	0	0	0	0	0	0	0.40422	0	0	0.71326	0.11557	0.0924	0	0	0	0	0	0	0	0	0	19.13476	0	0	0	0	0	0	0	0	26.30443	0	0	0	0	0	0	0	0	0	0	0	0	0	0	0	0	0	0	0	49.03017	0	0	0	0	0	0	0	0	0	0	0	0	0	0	0	0	9
gnoto1_AP3_d10	0	0	0	0	0	0	0	0	0	0	0	0	0	0	0	0	0	3.79191	0	0	0	0	1.52333	0	0	0	0	0	0	0.30884	0	0	0	5.9115	0	0	0	0	0	0	0	0	0	0	1.58357	0	0	0	0	0	0	0	2.20342	81.82119	0.21456	0	0	0	0	0	0	0	0	0	0	0	0	0	0	0	0	0	0	2.64168	0	0	0	0	0	0	0	0	0	0	0	0	0	0	0	0	9
gnoto1_AP4_d10	0	0	0	0	0	0	0	0	0	0	0	0	0	0	0	0	0	0	0	0	0	0	0.90007	0	0	0	0	0	0	0.18473	0	0	0	3.47484	0	0	0	0	0	0	0	0	0	0	2.55934	0	0	0.17326	0	0	0	7.4495	0.76671	84.26908	0.22248	0	0	0	0	0	0	0	0	0	0	0	0	0	0	0	0	0	0	0	0	0	0	0	0	0	0	0	0	0	0	0	0	0	0	0	9
gnoto1_BM5_d20_colon	0	0	0	0	0	0	0	0	0	0	0	0	15.7487	0	0	0	0	0	0	0	0	0	12.49769	0	0	0	15.01506	0	0	0	0	11.61489	24.76043	0	12.40887	0	0	0	0	0	0	0	0	0	1.06054	0	0	3.7439	0	0	0	0	0	3.14993	0	0	0	0	0	0	0	0	0	0	0	0	0	0	0	0	0	0	0	0	0	0	0	0	0	0	0	0	0	0	0	0	0	0	0	0	9
gnoto2_BM1_d20_colon	0	0	0	0	0	0	0	0	0	0	0	0	44.81376	0	0	0	0	0.91587	0	0	0	0	6.51953	0	0	0	0	0	0	0	0	17.36243	23.89686	0	3.84126	0	0	0	0	0	0	0	0	0	1.01588	0	0	0.654	0	0	0	0	0	0.9804	0	0	0	0	0	0	0	0	0	0	0	0	0	0	0	0	0	0	0	0	0	0	0	0	0	0	0	0	0	0	0	0	0	0	0	0	9
gnoto2_BM4_d20_colon	0	0	0	0	0	0	0	0	0	0	0	0	42.81883	0	0	0	0	2.41134	0	0	0	0	10.70728	0	0	0	0	0	0	0	0	10.20917	25.39566	0	3.02497	0	0	0	0	0	0	0	0	0	2.37281	0	0	1.97068	0	0	0	0	0	1.08927	0	0	0	0	0	0	0	0	0	0	0	0	0	0	0	0	0	0	0	0	0	0	0	0	0	0	0	0	0	0	0	0	0	0	0	0	9
gnoto2_BM5_d20_colon	0	0	0	0	0	0	0	0	0	0	0	0	37.94561	0	0	0	0	2.43648	0	0	0	0	7.52295	0	0	0	0	0	0	0	0	12.95131	29.28149	0	5.67299	0	0	0	0	0	0	0	0	0	1.61223	0	0	1.21376	0	0	0	0	0	1.36319	0	0	0	0	0	0	0	0	0	0	0	0	0	0	0	0	0	0	0	0	0	0	0	0	0	0	0	0	0	0	0	0	0	0	0	0	9
gnoto2_BM7_d20_colon	0	0	0	0	0	0	0	0	0	0	0	0	42.85616	0	0	0	0	1.53141	0	0	0	0	9.47379	0	0	0	0	0	0	0	0	8.34214	28.89005	0	5.20709	0	0	0	0	0	0	0	0	0	1.92356	0	0	0.3033	0	0	0	0	0	1.47252	0	0	0	0	0	0	0	0	0	0	0	0	0	0	0	0	0	0	0	0	0	0	0	0	0	0	0	0	0	0	0	0	0	0	0	0	9
gnoto2_BP5_d20_colon	0	0	0	0	0	0	0	0	0	0	0	0	2.83942	0	0	0	0	0	0	0	0	0	9.0244	0	0	0	14.54246	0	0	0	0	24.30353	34.4738	0	5.8964	0	0	0	0	0	0	0	0	0	0	0	0	7.10425	0	0	0	0	0	1.77802	0	0	0	0	0	0	0	0	0	0	0	0.03771	0	0	0	0	0	0	0	0	0	0	0	0	0	0	0	0	0	0	0	0	0	0	0	0	9
C3-colon	0	0	0	0	0	0	0	0	0	0	0	0	0	0	0	0	0	0	0	0	0	0	11.57998	0	0	0	0	0	0	18.51596	0	11.20448	5.36391	46.19314	0.47351	0	0	0	0	0	0	0	0	0	1.16085	0	0	0	0	0	0	0	2.28081	0	0	0	0	0	0	0	0	0	0	0	0	0	0	0	0	0	0	0	0	0.05019	0	0	0	0	0	0	0	0	0	0	0	0	0	0	0	3.17716	10
C5-d34	0	0	0	0	0	0	0	0	0	0	0	0	0	0	0	0	0	2.01078	0	0	0	0	3.67155	0	0	0	0	0	0	0.24155	0	0	2.01356	4.50227	0.80684	0	0	0	0	0	0	0	0	0	71.29989	0	0	7.97528	0	0	0	2.69844	0	4.77983	0	0	0	0	0	0	0	0	0	0	0	0	0	0	0	0	0	0	0	0	0	0	0	0	0	0	0	0	0	0	0	0	0	0	0	0	10
GF10_C2_COLON_D35	0	0	0	0	0	0	0	0	10.57345	0	0	0	3.45595	0	0	0	0	0	0	0	0	0	0.1811	0	0	0	0	0	0	0.13294	0	1.62405	0	0	0	0	0	0	0	0	0	0	0	0	19.11453	0	0	0.71548	4.43307	0	0	50.39036	0	0	0	0	0	0	0	0	0	0	0	0	0	0	0	0	0	0	0	0	0	0	0	0	0	0	0	0	0	0	0	0	0	0	0	9.37908	0	0	10
GF10_C2_D32	0	0	0	0	0	0	0	0	3.51969	0	0	0	0.29881	0	0	0	0	0	0	0	0	0	0.91296	0	0	0	0	0	0	2.71375	0	0.7826	0	1.18282	0	0	0	0	0	0	0	0	0	0	6.88325	0	0	0	0.60028	0	0	80.58598	0	0	0	0	0	0	0	0	0	0	0	0	0	0	0	0	0	0	0	0	0	0	0	0	0	0	0	0	0	0	0	0	0	0	0	2.51985	0	0	10
GF10_INOC	0	0	0	0	0	0	0	0	0	0	0	0	0	0	0	0	0	0	0	0	0	0	4.67574	0	0	0	0	0	0	4.22671	0	5.31337	1.14683	3.8284	0	0	0	0	0	0	0	0	0	0	7.98061	0	0	0	0	0	0	64.19176	0	0	0	0	0	0	0	0	0	0	0	0	0	0	0	0	0	0	0	0	0	0.0703	0	0	0	0	0	0	0	0	0	0	0.14077	0	0	0	0	8.42551	10
GF11_A1_COLON_D38	0	0	0	0	0	0	0	0	10.79707	0	0	0	6.81848	0	0	0	0	0	10.8594	0	0	0	0	0	0	0	0	0	0	0	0	0.17126	0	0	0	0	0	0	0	0	0	0	0	0	31.35805	0	0	18.59621	4.86182	0	0	4.90762	0	0	0	0	0	0	0	0	0	0	0	0	0	0	0	0	0	0	0	0	0	0	0	0	0	0	0	0	0	0	0	0	0	0	0	11.4148	0	0.21529	10
GF11_A1_D35	0	0	0	0	0	0	0	0	1.20358	0	0	0	3.8733	0	0	0	0	0	40.00766	0	0	4.08996	0	0	0	0	0	0	0	0	0	0	0	0	0	0	0	0	0	0	0	0	0	0	12.27589	0	0	35.24413	0.04546	0	0	2.16275	0	0.36028	0	0	0	0	0	0	0	0	0	0	0	0	0	0	0	0	0	0	0	0	0	0	0	0	0	0	0	0	0	0	0	0	0	0.73699	0	0	10
GF11_A1_D37	0	0	0	0	0	0	0	0	0.04235	0	0	0	1.71629	0	0	0	0	0	52.94577	0	0	7.21623	0.90634	0	0	0	0	0	0	0	0	0	1.62185	0	0	0	0	0	0	0	0	0	0	0	23.62206	0	0	11.03738	0	0	0	0	0	0.88417	0	0	0	0	0	0	0	0	0	0	0	0	0	0	0	0	0	0	0	0	0	0	0	0	0	0	0	0	0	0	0	0	0	0.00754	0	0	10
GF11_A4_COLON_D38	0	0	0	0	0	0	0	0	10.96555	0	0	0	3.8691	0	0	0	0	0	19.68135	0	0	1.55061	0	0	0	0	0	0	0	0	0	0.23427	0	0	0	0	0	0	0	0	0	0	0	0	23.42302	0	0	27.93659	2.78626	0	0	0.82432	0	0	0	0	0	0	0	0	0	0	0	0	0	0	0	0	0	0	0	0	0	0	0	0	0	0	0	0	0	0	0	0	0	0	0	8.72893	0	0	10
GF11_B1_D36	0	0	0	0	0	0	0	0	11.63361	0	0	0	3.42038	0	0	0	0	0	17.59045	0	0	1.02889	0	0	0	0	0	0	0	0	0	0.62378	0	0	0	0	0	0	0	0	0	0	0	0	29.64617	0	0	23.81369	2.69707	0	0	2.86039	0	0	0	0	0	0	0	0	0	0	0	0	0	0	0	0	0	0	0	0	0	0	0	0	0	0	0	0	0	0	0	0	0	0	0	6.68558	0	0	10
GF11_B7_d105_colon	1.9135	0	0	0	0	0	0	0	0	0	0	0	66.63134	0	0	0	0	0	2.00162	0	0	0	1.68149	0	0	0	0	0	0	0	0	4.95373	3.04987	0	0	0	0	0	0	0	0	0	0	0	5.63129	0	0	13.98124	0	0	0	0	0	0	0	0	0	0	0	0	0	0	0	0	0	0.14294	0	0	0	0	0	0	0	0	0	0	0	0	0	0	0	0	0	0	0	0	0	0.01298	0	0	10
GF11_C1_d74_colon	0	0	0	0	0	0	0	0	0	0	0	0	0	0	0	0	0	1.15526	0	0	0	0	3.73466	0	0	0	0	0	0	21.69726	0	0.11439	0.05317	0	4.03174	0	0	0	0	0	0	0	0	0	41.15151	0	0	20.13975	0	0	0	5.73981	0	2.18245	0	0	0	0	0	0	0	0	0	0	0	0	0	0	0	0	0	0	0	0	0	0	0	0	0	0	0	0	0	0	0	0	0	0	0	0	10
GF13_A3_d65_colon	0	0	0	0	0	0	0	0	0	0	0	0	0	0	0	0	0	0	0.45503	0	0	0	12.72932	0	0	0	0	0	0	31.02587	0	0	6.90418	23.68506	4.04477	0	0	0	0	0	0	0	0	0	0	0	0	5.72404	0	0	0	0	0	0	11.74876	0.49972	3.18324	0	0	0	0	0	0	0	0	0	0	0	0	0	0	0	0	0	0	0	0	0	0	0	0	0	0	0	0	0	0	0	0	0	10
GF13_A6_d65_colon	0	0	0	0	0	0	0	0	0	0	0	0	0	0	0	0	0	0	0.42754	0	0	0	11.09343	0	0	0	0	0	0	28.21466	0	0	7.47819	15.59964	5.70541	0	0	0	0	0	0	0	0	0	0	0	0	12.85583	0	0	0	0	0	0	15.17089	0.42786	3.02653	0	0	0	0	0	0	0	0	0	0	0	0	0	0	0	0	0	0	0	0	0	0	0	0	0	0	0	0	0	0	0	0	0	10
GF13_A9_d65_colon	0	0	0	0	0	0	0	0	0	0	0	0	0	0	0	0	0	0	0.48758	0	0	0	12.59396	0	0	0	0	0	0	34.25505	0	0	5.49557	21.62837	3.98336	0	0	0	0	0	0	0	0	0	0	0	0	7.55066	0	0	0	0	0	0	11.27997	0.16306	2.56242	0	0	0	0	0	0	0	0	0	0	0	0	0	0	0	0	0	0	0	0	0	0	0	0	0	0	0	0	0	0	0	0	0	10
GF14_A1_d32	0	0	0	0	0	0	0	0	0	0	0	0	0	0	0	0	0	0	0	0	0	0	1.65719	0	0	0	0	0	0	0.76575	0	0.27662	0.31836	1.07781	0	0	0	0	0	0	0	0	0	0	2.71973	0	0	0.20032	0	0	0	50.98175	0	40.43131	1.57115	0	0	0	0	0	0	0	0	0	0	0	0	0	0	0	0	0	0	0	0	0	0	0	0	0	0	0	0	0	0	0	0	0	0	0	10
GF14_A3_d32	0	0	0	0	0	0	0	0	0	0	0	0	0	0	0	0	0	0	0	0	0	0	1.6752	0	0	0	0	0	0	0.28614	0	0.05658	2.01827	1.63987	0	0	0	0	0	0	0	0	0	0	3.46083	0	0	0.11032	0	0	0	59.7349	0	30.4754	0.54249	0	0	0	0	0	0	0	0	0	0	0	0	0	0	0	0	0	0	0	0	0	0	0	0	0	0	0	0	0	0	0	0	0	0	0	10
GF14_b2_d95_colon	0	0	0	0	0	0	0	0	0	0	0	0	0	0	0	0	0	0	6.93048	0	0	1.94495	11.51013	0	0	0	0	0	0	37.69838	0	0	0	0	12.35318	0	0	0	0	0	0	0	0	0	5.94076	0	0	0.33213	0	0	0	11.63387	11.02399	0.63213	0	0	0	0	0	0	0	0	0	0	0	0	0	0	0	0	0	0	0	0	0	0	0	0	0	0	0	0	0	0	0	0	0	0	0	0	10
GF14_d90_B3_stool	0	0	0	0	0	0	0	0	0	0	0	0	0	0	0	0	0	0	24.28479	0.7823	0	7.71057	2.03174	0	0	0	0	0	0	0.55081	0	0	0	0	0	0	0	0	0	0	0	0	0	0	2.19814	0	0	0	0	0	0	39.25299	0.64102	22.2095	0.33814	0	0	0	0	0	0	0	0	0	0	0	0	0	0	0	0	0	0	0	0	0	0	0	0	0	0	0	0	0	0	0	0	0	0	0	10
GF15_a2_d106_stool	0	0	0	0	0	0	0	0	0	0	0	0	5.92582	0	0	0	0	0	0.41428	0	0	0	1.58604	0	0	0	0	0	0	0	0	0	12.23492	0	0	0	0	0	0	0	0	0	0	0	13.16808	0	0	0.99998	0	0	0	58.67629	6.0199	0.72895	0.24573	0	0	0	0	0	0	0	0	0	0	0	0	0	0	0	0	0	0	0	0	0	0	0	0	0	0	0	0	0	0	0	0	0	0	0	10
GF15_a8_d105_stool	0	0	0	0	0	0	0	0	0	0	0	0	0.48668	0	0	0	0	0	0.41283	0	0	0	1.29921	0	0	0	0	0	0	0	0	0	6.3485	0	0	0	0	0	0	0	0	0	0	0	6.05234	0	0	6.41652	0	0	0	63.75236	12.31877	2.42999	0.48281	0	0	0	0	0	0	0	0	0	0	0	0	0	0	0	0	0	0	0	0	0	0	0	0	0	0	0	0	0	0	0	0	0	0	0	10
GF15_c4_d105_stool	0	0	0	0	0	0	0	0	0	0	0	0	0.41471	0	0	0	0	0	0	0	0	0	0.76179	0	0	0	0	0	0	0	0	0.03247	2.61493	0	0	0	0	0	0	0	0	0	0	0	9.97681	0	0	1.52643	0	0	0	71.89185	9.38534	1.60733	1.78834	0	0	0	0	0	0	0	0	0	0	0	0	0	0	0	0	0	0	0	0	0	0	0	0	0	0	0	0	0	0	0	0	0	0	0	10
GF16_B2_d34	0	0	0	0	0	0	0	0	0	0	0	0	4.09511	0	0	0	0	0	53.62102	0	0	6.65272	2.85289	0	0	0	0	0	0	0	0	0.19065	18.77381	0	0	0	0	0	0	0	0	0	0	0	6.23082	0	0	6.87047	0.14211	0	0	0.5704	0	0	0	0	0	0	0	0	0	0	0	0	0	0	0	0	0	0	0	0	0	0	0	0	0	0	0	0	0	0	0	0	0	0	0	0	0	0	10
GF17_inoc_200903	0	0	0	0	0	0	0	0	0	0	0	0	0	0	0	0	0	0	8.00835	0	0	2.43148	0	0	0	0	0	0	0	0	0	0	0	0	0	0	0	0	0	0	0	1.26851	0	0	0	0	0	55.07845	0	0	0	0	0	0	0.60818	0.08202	0.03529	0	0	0	0	0	0	0	0	0	0	0	0	0	0	0	0	0	0	0	0	0.24703	30.10179	2.13889	0	0	0	0	0	0	0	0	0	0	10
GF18_a1_d32_stool	0	0	0	0	0	0	0	0	0	0	0	0	0	0	0	0	0	0	0	0	0	0	0.35721	0	0	0	0	0	0	0.05003	0	0	0.08262	0.47701	0	0	0	0	0	0	0	0	0	0	1.12064	0	0	0	0	0	0	75.62139	0	6.28843	1.37509	0	0	0	0	0	0	0	0	0	0	0	0	0	0	0	0	0	0.1285	14.49909	0	0	0	0	0	0	0	0	0	0	0	0	0	0	0	0	10
GF18_a1_d33_stool	0	0	0	0	0	0	0	0	0	0	0	0	0	0	0	0	0	0	0	0	0	0	3.86084	0	0	0	0	0	0	9.23303	0	0.71529	10.45785	21.89018	0	0	0	0	0	0	0	0	0	0	0.75258	0	0	0	0	0	0	40.91949	0	3.90837	0	0	0	0	0	0	0	0	0	0	0	0	0	0	0	0	0	0	0.14425	8.11812	0	0	0	0	0	0	0	0	0	0	0	0	0	0	0	0	10
GF18_a4_d33_stool	0	0	0	0	0	0	0	0	0	0	0	0	0	0	0	0	0	0	0	0	0	0	3.73894	0	0	0	0	0	0	20.73127	0	1.8469	5.80812	12.52764	5.36653	0	0	0	0	0	0	0	0	0	0.87331	0	0	0	0	0	0	44.92271	0	3.87497	0.30962	0	0	0	0	0	0	0	0	0	0	0	0	0	0	0	0	0	0	0	0	0	0	0	0	0	0	0	0	0	0	0	0	0	0	0	10
GF18_a5_d54_colon	0	0	0	0	0	0	0	0	0	0	0	0	0	0	0	0	0	0	0	0	0	0	0.83871	0	0	0	0	0	0	2.95287	0	0.64668	1.63969	5.39832	0.95935	0	0	0	0	0	0	0	0	0	5.0831	0	0	0	0	0	0	39.59016	0	42.68554	0.20558	0	0	0	0	0	0	0	0	0	0	0	0	0	0	0	0	0	0	0	0	0	0	0	0	0	0	0	0	0	0	0	0	0	0	0	10
GF18_d0_innoculum	0	0	0	0	0	0	0	0	0	0	0	0	0	0	0	0	0	0	0	0	0	0	1.00998	0	0	0	0	0	0	2.15677	0	1.22537	0.37716	0.99558	0	0	0	0	0	0	0	0	0	0	63.63987	0	0	0	0	0	0	25.92236	0	0	0	0	0	0	0	0	0	0	0	0	0	0	0	0	0	0	0	0	0	0.00704	0	0	0	0	0	0	0	0	0	0	0.00866	0	0	0	0	4.65721	10
GF2_A1_day31	0	0	0	0	0	0	0	0	0	0	0	0	11.84523	0	0	0	0	0.43782	0.31889	0	3.05954	0	14.42131	0	0	0	0	0	0	0	0	12.14379	24.27127	0	12.3108	0	0	0	0	0	0	0	0	0	2.2321	0	0	18.95924	0	0	0	0	0	0	0	0	0	0	0	0	0	0	0	0	0	0	0	0	0	0	0	0	0	0	0	0	0	0	0	0	0	0	0	0	0	0	0	0	0	0	10
GF2_A2_d36	0	0	0	0	0	0	0	0	0	0	0	0	1.69692	0	0	0	0	0.896	0.38426	0	0.41698	0	5.99359	0	0	0	0	0	0	0	0	7.42346	54.10013	0	18.59412	0	0	0	0	0	0	0	0	0	0.74478	0	0	9.74976	0	0	0	0	0	0	0	0	0	0	0	0	0	0	0	0	0	0	0	0	0	0	0	0	0	0	0	0	0	0	0	0	0	0	0	0	0	0	0	0	0	0	10
GF2_A2_d39	0	0	0	0	0	0	0	0	0	0	0	0	0.1319	0	0	0	0	0	0	0	8.71643	0	7.48363	0	0	0	16.06699	0	0	0	0	9.62473	31.19248	0	20.43123	0	0	0	0	0	0	0	0	0	1.75912	0	0	3.03522	0	0	0	0	0	1.55827	0	0	0	0	0	0	0	0	0	0	0	0	0	0	0	0	0	0	0	0	0	0	0	0	0	0	0	0	0	0	0	0	0	0	0	0	10
GF2_A2_day32	0	0	0	0	0	0	0	0	0	0	0	0	46.64562	0	0	0	0	1.99825	0.3378	0	0	0	7.25716	0	0	0	0	0	0	0	0	19.0146	14.98181	0	2.41206	0	0	0	0	0	0	0	0	0	3.0656	0	0	2.5991	0	0	0	0	0	1.688	0	0	0	0	0	0	0	0	0	0	0	0	0	0	0	0	0	0	0	0	0	0	0	0	0	0	0	0	0	0	0	0	0	0	0	0	10
GF2_A3_day32	0	0	0	0	0	0	0	0	0	0	0	0	64.03964	0	0	0	0	1.14138	0.82555	0	0	0	1.9834	0	0	0	0	0	0	0	0	14.14944	8.86045	0	0.84036	0	0	0	0	0	0	0	0	0	2.00644	0	0	4.57404	0	0	0	0	0	1.57931	0	0	0	0	0	0	0	0	0	0	0	0	0	0	0	0	0	0	0	0	0	0	0	0	0	0	0	0	0	0	0	0	0	0	0	0	10
GF2_A4_d37	0	0	0	0	0	0	0	0	0	0	0	0	0.48198	0	0	0	0	1.91844	0.21866	0	0.88148	0	9.91055	0	0	0	0	0	0	0	0	4.99153	42.11178	0	22.68012	0	0	0	0	0	0	0	0	0	2.44314	0	0	14.36231	0	0	0	0	0	0	0	0	0	0	0	0	0	0	0	0	0	0	0	0	0	0	0	0	0	0	0	0	0	0	0	0	0	0	0	0	0	0	0	0	0	0	10
GF2_A5_d39	0	0	0	0	0	0	0	0	0	0	0	0	39.16276	0	0	0	0	0	0.55527	0	10.37208	0	7.32342	0	0	0	0	0	0	0	0	8.75918	29.04975	0	2.12006	0	0	0	0	0	0	0	0	0	0.40158	0	0	1.64832	0	0	0	0	0	0.60757	0	0	0	0	0	0	0	0	0	0	0	0	0	0	0	0	0	0	0	0	0	0	0	0	0	0	0	0	0	0	0	0	0	0	0	0	10
GF2_B1_d34	0	0	0	0	0	0	0	0	0	0	0	0	52.42429	0	0	0	0	2.05337	0	0	0	0	3.27929	0	0	0	2.3452	0	0	0	0	16.39214	16.57163	0	1.49034	0	0	0	0	0	0	0	0	0	3.08676	0	0	1.99405	0	0	0	0	0	0.36293	0	0	0	0	0	0	0	0	0	0	0	0	0	0	0	0	0	0	0	0	0	0	0	0	0	0	0	0	0	0	0	0	0	0	0	0	10
GF2_B1_day32	0	0	0	0	0	0	0	0	0	0	0	0	41.43498	0	0	0	0	1.45143	0.61376	0	0	0	4.06614	0	0	0	0.06214	0	0	0	0	19.09435	18.81715	0	9.28419	0	0	0	0	0	0	0	0	0	1.60186	0	0	3.574	0	0	0	0	0	0	0	0	0	0	0	0	0	0	0	0	0	0	0	0	0	0	0	0	0	0	0	0	0	0	0	0	0	0	0	0	0	0	0	0	0	0	10
GF2_B2_d35	0	0	0	0	0	0	0	0	0	0	0	0	37.26765	0	0	0	0	2.11424	0	0	0	0	4.57052	0	0	0	3.4874	0	0	0	0	28.3991	17.7127	0	2.91048	0	0	0	0	0	0	0	0	0	1.36325	0	0	1.08203	0	0	0	0	0	1.09264	0	0	0	0	0	0	0	0	0	0	0	0	0	0	0	0	0	0	0	0	0	0	0	0	0	0	0	0	0	0	0	0	0	0	0	0	10
GF2_B2_day31	0	0	0	0	0	0	0	0	0	0	0	0	0.56887	0	0	0	0	1.0889	0	0	0	0	6.2786	0	0	0	1.65063	0	0	0	0	0.0875	21.51628	0	66.61145	0	0	0	0	0	0	0	0	0	0.53143	0	0	0.52563	0	0	0	0	0	1.14072	0	0	0	0	0	0	0	0	0	0	0	0	0	0	0	0	0	0	0	0	0	0	0	0	0	0	0	0	0	0	0	0	0	0	0	0	10
GF2_B4_day28	0	0	0	0	0	0	0	0	0	0	0	0	48.09335	0	0	0	0	2.7921	0.91244	0	0	0	8.39718	0	0	0	0	0	0	0	0	14.93307	16.33131	0	2.81793	0	0	0	0	0	0	0	0	0	2.10006	0	0	1.32683	0	0	0	0	0	2.29573	0	0	0	0	0	0	0	0	0	0	0	0	0	0	0	0	0	0	0	0	0	0	0	0	0	0	0	0	0	0	0	0	0	0	0	0	10
GF2_B5_day41	0	0	0	0	0	0	0	0	0	0	0	0	22.38218	0	0	0	0	0	5.096	0	0	0.18081	3.15279	0	0	0	0	0	0	0	0	5.83253	9.42557	0	0.77516	0	0	0	0	0	0	0	0	0	6.4659	0	0	44.96645	0	0	0	0	0	0	0	0	0	0	0	0	0	0	0	0	0	0	0	0	0	0	0	0	0	0	0	0	0	0	0	0	0	0	0	0	0	0	0	0	0	1.7226	10
GF2_colon_B1_day44	0	0	0	0	0	0	0	0	0	0	0	0	7.3654	0	0	0	0	0.60063	0	0	4.05288	0	6.33014	0	0	0	20.07862	0	0	0	0	19.31181	25.71945	0	9.88042	0	0	0	0	0	0	0	0	0	0	0	0	2.58632	0	0	0	0	0	4.07432	0	0	0	0	0	0	0	0	0	0	0	0	0	0	0	0	0	0	0	0	0	0	0	0	0	0	0	0	0	0	0	0	0	0	0	0	10
GF20_d39_damc	0.02025	0	0	0	0	0	0	0	0	0	0	0	55.57402	0	0	0	0	0	0.05186	0	0	0	7.48028	0	0	0	1.19624	0	0	0	0	14.03533	15.1145	0	0	0	0	0	0	0	0	0	0	0	3.977	0	0	2.07427	0	0	0	0	0	0	0	0	0	0	0	0	0	0	0	0	0	0.47627	0	0	0	0	0	0	0	0	0	0	0	0	0	0	0	0	0	0	0	0	0	0	0	0	10
GF20_d75_dama	0.01182	0	0	0	0	0	0	0	0	0	0	0	58.54598	0	0	0	0	0	0.086	0	0	0	5.58441	0	0	0	3.99775	0	0	0	0	14.74709	8.57042	0	0	0	0	0	0	0	0	0	0	0	5.58949	0	0	2.42185	0	0	0	0	0	0	0	0	0	0	0	0	0	0	0	0	0	0.44517	0	0	0	0	0	0	0	0	0	0	0	0	0	0	0	0	0	0	0	0	0	0	0	0	10
GF23_d32_damb	0	0	0	0	0	0	0	0	0	0	0	0	0	0	0	0	0	0	0	0	0	0	14.73437	0	0	0	0	0	0	17.45534	0	8.08965	0.14293	33.47848	0	0	0	0	0	0	0	0	0	0	7.27067	0	0	2.3628	0	0	0	0	0	0	0	0	0	0	0	0	0	0	0	0	0	1.12261	0	0	0	0	0	0	0	0.75821	0	0	0	0	0	0	0	0	0	0	0	0	0	14.58493	0	0	10
GF23_d52_a2	0	0	0	0	0	0	0	0	0	0	0	0	0	0	0	0	0	0	5.94618	0	0	0.42857	0.09553	0	0	0	0	0	0	0	0	0	0.02165	0	0	0	0	0	0	0	0	0	0	0	0.35407	0	0	1.98808	0	0	0	55.47377	0.04434	34.38506	1.26275	0	0	0	0	0	0	0	0	0	0	0	0	0	0	0	0	0	0	0	0	0	0	0	0	0	0	0	0	0	0	0	0	0	0	0	10
GF3_B_Sire_day19	0	0	0	0	0	0	0	0	0	0	0	0	42.5125	0	0	0	0	3.49802	0.50276	0	0	0	7.55031	0	0	0	0	0	0	0	0	15.61021	21.34678	0	2.51483	0	0	0	0	0	0	0	0	0	0.53591	0	0	2.63533	0	0	0	0	0	3.29334	0	0	0	0	0	0	0	0	0	0	0	0	0	0	0	0	0	0	0	0	0	0	0	0	0	0	0	0	0	0	0	0	0	0	0	0	10
GF3_B_Sire_day30	0	0	0	0	0	0	0	0	0	0	0	0	32.16714	0	0	0	0	2.33495	0.18135	0	0	0	10.12843	0	0	0	0	0	0	0	0	8.39179	24.66245	0	13.6831	0	0	0	0	0	0	0	0	0	0.71287	0	0	5.38805	0	0	0	0	0	2.34987	0	0	0	0	0	0	0	0	0	0	0	0	0	0	0	0	0	0	0	0	0	0	0	0	0	0	0	0	0	0	0	0	0	0	0	0	10
GF3_C_Sire_day30	0	0	0	0	0	0	0	0	0	0	0	0	46.9662	0	0	0	0	0.35279	0.26398	0	0	0	8.7366	0	0	0	0	0	0	0	0	20.1475	14.93089	0	2.8948	0	0	0	0	0	0	0	0	0	1.2207	0	0	2.81727	0	0	0	0	0	1.66927	0	0	0	0	0	0	0	0	0	0	0	0	0	0	0	0	0	0	0	0	0	0	0	0	0	0	0	0	0	0	0	0	0	0	0	0	10
GF3_C2_day39	0	0	0	0	0	0	0	0	0	0	0	0	4.8555	0	0	0	0	3.43728	19.95122	0	0	1.21423	0.72169	0	0	0	0	0	0	0	0	0	0.09528	0	0.04954	0	0	0	0	0	0	0	0	0	20.68664	0	0	39.64926	0	0	0	0	0	9.33935	0	0	0	0	0	0	0	0	0	0	0	0	0	0	0	0	0	0	0	0	0	0	0	0	0	0	0	0	0	0	0	0	0	0	0	0	10
GF3_C2_day45	0	0	0	0	0	0	0	0	0	0	0	0	38.62494	0	0	0	0	0	0.67063	0	0	0.08149	7.12678	0	0	0	0	0	0	0	0	15.4543	22.95671	0	3.74298	0	0	0	0	0	0	0	0	0	0.39377	0	0	2.3666	0	0	0	0	0	8.58179	0	0	0	0	0	0	0	0	0	0	0	0	0	0	0	0	0	0	0	0	0	0	0	0	0	0	0	0	0	0	0	0	0	0	0	0	10
GF3_C3_day42	0	0	0	0	0	0	0	0	0	0	0	0	19.10468	0	0	0	0	0.65772	0.2221	0	0	0	7.82681	0	0	0	0	0	0	0	0	7.58335	34.09711	0	9.96599	0	0	0	0	0	0	0	0	0	0.60577	0	0	10.18928	0	0	0	0	0	9.74718	0	0	0	0	0	0	0	0	0	0	0	0	0	0	0	0	0	0	0	0	0	0	0	0	0	0	0	0	0	0	0	0	0	0	0	0	10
GF3_C4_day45	0	0	0	0	0	0	0	0	0	0	0	0	34.21025	0	0	0	0	0.12358	0.46189	0	0	0	9.85275	0	0	0	0	0	0	0	0	14.71772	28.09965	0	3.78529	0	0	0	0	0	0	0	0	0	1.02136	0	0	4.0293	0	0	0	0	0	3.69822	0	0	0	0	0	0	0	0	0	0	0	0	0	0	0	0	0	0	0	0	0	0	0	0	0	0	0	0	0	0	0	0	0	0	0	0	10
GF3_C5_day39	0	0	0	0	0	0	0	0	0	0	0	0	1.73798	0	0	0	0	0	29.53666	0	0	3.51205	1.43059	0	0	0	0	0	0	0	0	0	7.73163	0	0.17221	0	0	0	0	0	0	0	0	0	2.7964	0	0	49.37888	0.26559	0	0	0	0	3.43801	0	0	0	0	0	0	0	0	0	0	0	0	0	0	0	0	0	0	0	0	0	0	0	0	0	0	0	0	0	0	0	0	0	0	0	0	10
GF3_C6_day39	0	0	0	0	0	0	0	0	0	0	0	0	2.1763	0	0	0	0	0	7.15827	0	0	0.91023	1.7255	0	0	0	0	0	0	0	0	0	4.37343	0	0.10549	0	0	0	0	0	0	0	0	0	2.42112	0	0	52.47502	0.53484	0	0	0	0	28.1198	0	0	0	0	0	0	0	0	0	0	0	0	0	0	0	0	0	0	0	0	0	0	0	0	0	0	0	0	0	0	0	0	0	0	0	0	10
GF3_C6_day41	0	0	0	0	0	0	0	0	0	0	0	0	10.69772	0	0	0	0	0.18432	0.90983	0	0	0	10.77884	0	0	0	0	0	0	0	0	10.87133	38.55133	0	17.4377	0	0	0	0	0	0	0	0	0	0.2304	0	0	6.03464	0	0	0	0	0	4.30388	0	0	0	0	0	0	0	0	0	0	0	0	0	0	0	0	0	0	0	0	0	0	0	0	0	0	0	0	0	0	0	0	0	0	0	0	10
GF3_C6_day45	0	0	0	0	0	0	0	0	0	0	0	0	51.67369	0	0	0	0	1.49683	0.36747	0	0	0	4.93874	0	0	0	0	0	0	0	0	17.43735	13.61607	0	2.36679	0	0	0	0	0	0	0	0	0	1.0882	0	0	3.601	0	0	0	0	0	3.41387	0	0	0	0	0	0	0	0	0	0	0	0	0	0	0	0	0	0	0	0	0	0	0	0	0	0	0	0	0	0	0	0	0	0	0	0	10
GF3_C7_day41	0	0	0	0	0	0	0	0	0	0	0	0	38.84773	0	0	0	0	0.07354	0.34311	0	0	0	7.91734	0	0	0	0	0	0	0	0	9.03313	31.03008	0	5.75264	0	0	0	0	0	0	0	0	0	0.6571	0	0	3.91857	0	0	0	0	0	2.42675	0	0	0	0	0	0	0	0	0	0	0	0	0	0	0	0	0	0	0	0	0	0	0	0	0	0	0	0	0	0	0	0	0	0	0	0	10
GF3_C7_day42	0	0	0	0	0	0	0	0	0	0	0	0	13.69841	0	0	0	0	0.61014	0.46925	0	0	0	10.64029	0	0	0	0	0	0	0	0	18.91908	36.40256	0	7.2457	0	0	0	0	0	0	0	0	0	1.7887	0	0	5.38275	0	0	0	0	0	4.84313	0	0	0	0	0	0	0	0	0	0	0	0	0	0	0	0	0	0	0	0	0	0	0	0	0	0	0	0	0	0	0	0	0	0	0	0	10
GF4_C1_d46	0	0	0	0	0	0	0	0	0	0	0	0	0	0	0	0	0	0.49958	0	0	0	0	2.98924	0	0	0	6.01547	0	0	0	0	5.42009	53.12804	0	14.63066	0	0	0	0	0	0	0	0	0	0.66459	0	0	10.27407	0	0	0	0	0	5.85893	0	0	0	0	0	0	0	0	0	0	0	0.51932	0	0	0	0	0	0	0	0	0	0	0	0	0	0	0	0	0	0	0	0	0	0	0	0	10
GF4_C2_d37	0	0	0	0	0	0	0	0	0	0	0	0	0	0	0	0	0	14.99592	0.09918	0	0	0	16.28257	0	0	0	0	0	0	0	0	4.63508	11.27412	0	2.07749	0	0	0	0	0	0	0	0	0	10.43878	0	0	10.5288	0	0	0	0	0	28.83724	0	0	0	0	0	0	0	0	0	0	0	0.83081	0	0	0	0	0	0	0	0	0	0	0	0	0	0	0	0	0	0	0	0	0	0	0	0	10
GF4_C3_d42	0	0	0	0	0	0	0	0	0	0	0	0	1.22375	0	0	0	0	0	0	0	0	0	8.85237	0	0	0	0.48658	0	0	0	0	3.84254	47.93569	0	25.19424	0	0	0	0	0	0	0	0	0	0.36382	0	0	8.13969	0	0	0	0	0	2.28069	0	0	0	0	0	0	0	0	0	0	0	1.68062	0	0	0	0	0	0	0	0	0	0	0	0	0	0	0	0	0	0	0	0	0	0	0	0	10
GF4_C3_d46	0	0	0	0	0	0	0	0	0	0	0	0	5.15493	0	0	0	0	0	0.27116	0	0	0	5.33156	0	0	0	27.63381	0	0	0	0	14.77966	33.02062	0	2.29917	0	0	0	0	0	0	0	0	0	0	0	0	7.14016	0	0	0	0	0	3.82449	0	0	0	0	0	0	0	0	0	0	0	0.54445	0	0	0	0	0	0	0	0	0	0	0	0	0	0	0	0	0	0	0	0	0	0	0	0	10
GF4_C3_LI	0	0	0	0	0	0	0	0	0	0	0	0	80.82215	0	0	0	0	0	0	0	0	0	1.48901	0	0	0	0.04073	0	0	0	0	7.31184	2.2006	0	0	0	0	0	0	0	0	0	0	0	1.61196	0	0	2.56045	0	0	0	0	0	1.77927	0	0	0	0	0	0	0	0	0	0	0	0.65983	0	0	0	0	0	0	0	0	0	0	0	0	0	0	0	0	0	0	0	0	0	0	0	1.52416	10
GF5_A1_COLON_190815	0	0	0	0	0	0	0	0	0	0	0	0	67.74715	0	0	0	0	0.1277	0	0	0	0	0	0	0	0	0	0	0	0	0	4.33149	7.25059	0	0.61124	0	0	0	0	0	0	0	0	0	2.74553	0	0	1.01559	0	0	0	0	0	1.18994	0	0	0	0	0	0	0	0	0	0	0	0.28486	0	0	0	0	0	0	0	0	0	0	0	0	0	0	0	0	0	0	0	0	0	0	0	14.6959	10
GF5_A7_D84	0	0	0	0	0	0	0	0	0	0	0	0	0.92209	0	0	0	0	1.33711	0	0	0	0	1.64746	0	0	0	5.14013	0	0	0	0	0.12373	65.54185	0	16.37174	0	0	0	0	0	0	0	0	0	5.65575	0	0	1.06815	0	0	0	0	0	2.19198	0	0	0	0	0	0	0	0	0	0	0	0	0	0	0	0	0	0	0	0	0	0	0	0	0	0	0	0	0	0	0	0	0	0	0	0	10
GF5_A8_D87	0	0	0	0	0	0	0	0	0	0	0	0	2.10524	0	0	0	0	0.86629	0	0	0	0	10.07547	0	0	0	13.31047	0	0	0	0	13.98805	35.1782	0	19.83575	0	0	0	0	0	0	0	0	0	1.24724	0	0	2.39401	0	0	0	0	0	0.99929	0	0	0	0	0	0	0	0	0	0	0	0	0	0	0	0	0	0	0	0	0	0	0	0	0	0	0	0	0	0	0	0	0	0	0	0	10
GF5_C1_D46	0	0	0	0	0	0	0	0	0	0	0	0	0.02131	0	0	0	0	0	0	0	0	0	2.13675	0	0	0	0	0	0	0	0	0	3.73653	0	1.82155	0	0	0	0	0	0	0	0	0	0.8027	0	0	44.61729	0	0	0	44.24458	0	0	0.08641	0	0	0	0	0	0	0	0	0	0	0.43297	0	0	0	0	0	0	0	0	0	0	0	0	0	0	0	0	0	0	0	0	0	0	0	2.09992	10
GF5_C2_D46	0	0	0	0	0	0	0	0	0	0	0	0	0.74889	0	0	0	0	0	0	0	0	0	1.132	0	0	0	2.39752	0	0	0	0	0	0.26646	0	0.93673	0	0	0	0	0	0	0	0	0	1.69315	0	0	53.5664	0	0	0	34.61725	0	0	1.01051	0	0	0	0	0	0	0	0	0	0	0	0	0	0	0	0	0	0	0	0	0	0	0	0	0	0	0	0	0	0	0	0	0	0	3.63109	10
GF6_A2_D87	0	0	0	0	0	0	0	0	0	0	0	0	12.59974	0	0	0	0	58.35519	0	0	0	0	1.70905	0	0	0	0.11616	0	0	0	0	1.70623	7.06075	0	2.08002	0	0	0	0	0	0	0	0	0	3.92079	0	0	9.42683	0	0	0	0	0	3.02525	0	0	0	0	0	0	0	0	0	0	0	0	0	0	0	0	0	0	0	0	0	0	0	0	0	0	0	0	0	0	0	0	0	0	0	0	10
GF6_A2_D93	0	0	0	0	0	0	0	0	0	0	0	0	1.81383	0	0	0	0	0	0	0	0	0	5.98389	0	0	0	2.65762	0	0	0	0	1.01255	34.46543	0	22.60641	0	0	0	0	0	0	0	0	0	0.8139	0	0	23.66409	0	0	0	0	0	0	0	0	0	0	0	0	0	0	0	0	0	1.9098	0	0	0	0	0	0	0	0	0	0	0	0	0	0	0	0	0	0	0	0	0	0	0	5.07249	10
GF6_A3_D53	0	0	0	0	0	0	0	0	0	0	0	0	2.21508	0	0	0	0	1.60355	0	0	0	0	3.95213	0	0	0	0	0	0	0	0	0	17.53483	0	5.95982	0	0	0	0	0	0	0	0	0	3.46347	0	0	2.22851	2.40551	0	0	0	0	59.86816	0.76893	0	0	0	0	0	0	0	0	0	0	0	0	0	0	0	0	0	0	0	0	0	0	0	0	0	0	0	0	0	0	0	0	0	0	0	10
GF6_A4_COLON_D105	0	0	0	0	0	0	0	0	0	0	0	0	22.21706	0	0	0	0	0	0	0	0	0	20.40097	0	0	0	2.95208	0	0	0.89214	0	31.05679	10.64032	4.12357	1.1055	0	0	0	0	0	0	0	0	0	0	0	0	0.959	0	0	0	0	0	0	0	0	0	0	0	0	0	0	0	0	0	0	0	0	0	0	0	0	0	0	0	0	0	0	0	0	0	0	0	0	0	0	0	0	0	5.65256	10
GF6_A6_COLON_D54	0	0	0	0	0	0	0	0	0	0	0	0	0.42237	0	0	0	0	4.32015	0	0	0	0	9.5619	0	0	0	0.2178	0	0	0	0	1.99691	43.67577	0	28.0495	0	0	0	0	0	0	0	0	0	0.1082	0	0	5.04672	0	0	0	0	0	6.60068	0	0	0	0	0	0	0	0	0	0	0	0	0	0	0	0	0	0	0	0	0	0	0	0	0	0	0	0	0	0	0	0	0	0	0	0	10
GF6_B1_D89	0	0	0	0	0	0	0	0	0	0	0	0	58.22707	0	0	0	0	0.54602	0	0	0	0	3.14346	0	0	0	0.54838	0	0	0	0	2.77414	14.17442	0	0.90066	0	0	0	0	0	0	0	0	0	14.01609	0	0	0.44559	0	0	0	0	0	5.22419	0	0	0	0	0	0	0	0	0	0	0	0	0	0	0	0	0	0	0	0	0	0	0	0	0	0	0	0	0	0	0	0	0	0	0	0	10
GF6_B1_D91	0	0	0	0	0	0	0	0	0	0	0	0	22.20171	0	0	0	0	0.74769	0	0	0	0	10.14145	0	0	0	3.3552	0	0	0	0	5.60694	31.15573	0	3.69502	0	0	0	0	0	0	0	0	0	17.47679	0	0	0.74017	0	0	0	0	0	4.87932	0	0	0	0	0	0	0	0	0	0	0	0	0	0	0	0	0	0	0	0	0	0	0	0	0	0	0	0	0	0	0	0	0	0	0	0	10
GF6_B2_COLON_D105	0	0	0	0	0	0	0	0	0	0	0	0	22.18197	0	0	0	0	0.76864	0	0	0	0	26.55432	0	0	0	9.40769	0	0	0	0	26.13224	10.97198	0	0.87445	0	0	0	0	0	0	0	0	0	1.06454	0	0	1.945	0	0	0	0	0	0	0	0	0	0	0	0	0	0	0	0	0	0	0	0	0	0	0	0	0	0	0	0	0	0	0	0	0	0	0	0	0	0	0	0	0	0.09916	10
GF6_B2_D63	0	0	0	0	0	0	0	0	0	0	0	0	0.72208	0	0	0	0	17.3697	31.68703	0	0	2.74541	0.77639	0	0	0	0	0	0	0	0	0	0.98777	0	2.26927	0	0	0	0	0.13461	0	0	0	0	39.53474	0	0	0	0	0	0	0	0	3.77301	0	0	0	0	0	0	0	0	0	0	0	0	0	0	0	0	0	0	0	0	0	0	0	0	0	0	0	0	0	0	0	0	0	0	0	0	10
GF6_B3_COLON_D105	0	0	0	0	0	0	0	0	0	0	0	0	24.89896	0	0	0	0	0.46613	0	0	0	0	24.42422	0	0	0	3.50394	0	0	0	0	27.53413	15.56061	0	1.31249	0	0	0	0	0	0	0	0	0	0.82679	0	0	0.47144	0	0	0	0	0	1.00127	0	0	0	0	0	0	0	0	0	0	0	0	0	0	0	0	0	0	0	0	0	0	0	0	0	0	0	0	0	0	0	0	0	0	0	0	10
GF6_B4_D93	0	0	0	0	0	0	0	0	0	0	0	0	28.33239	0	0	0	0	0.99491	0	0	0	0	3.67403	0	0	0	9.17647	0	0	0	0	5.91733	37.25687	0	3.85236	0	0	0	0	0	0	0	0	0	1.42168	0	0	6.561	0	0	0	0	0	2.81295	0	0	0	0	0	0	0	0	0	0	0	0	0	0	0	0	0	0	0	0	0	0	0	0	0	0	0	0	0	0	0	0	0	0	0	0	10
GF6_B6_D64	0	0	0	0	0	0	0	0	0	0	0	0	1.33957	0	0	0	0	19.00823	63.29353	0	0	7.93288	0.52301	0	0	0	0	0	0	0	0	0	1.45719	0	0	0	0	0	0	0.02788	0	0	0	0	6.04352	0	0	0	0.13206	0	0	0	0	0.24214	0	0	0	0	0	0	0	0	0	0	0	0	0	0	0	0	0	0	0	0	0	0	0	0	0	0	0	0	0	0	0	0	0	0	0	0	10
GF7_B1_D32	0	0	0	0	0	0	0	0	0	0	0	0	0	0	0	0	0	0	0	0	0	0	13.3632	0	0	0	0	0	0	28.79431	0	1.11871	2.45176	3.89227	22.22066	0	0	0	0	0	0	0	0	0	1.51046	0	0	5.56709	0	0	0	8.18151	12.90003	0	0	0	0	0	0	0	0	0	0	0	0	0	0	0	0	0	0	0	0	0	0	0	0	0	0	0	0	0	0	0	0	0	0	0	0	0	10
GF7_B1_D33	0	0	0	0	0	0	0	0	0	0	0	0	0	0	0	0	0	0	0	0	0	0	9.35196	0	0	0	0	0	0	38.38454	0	1.2022	12.36927	7.82603	5.93382	0	0	0	0	0	0	0	0	0	0.79999	0	0	14.2777	0	0	0	1.61307	8.24142	0	0	0	0	0	0	0	0	0	0	0	0	0	0	0	0	0	0	0	0	0	0	0	0	0	0	0	0	0	0	0	0	0	0	0	0	0	10
GF7_B1_D36	0	0	0	0	0	0	0	0	0	0	0	0	0	0	0	0	0	0	0	0	0	0	7.00699	0	0	0	0	0	0	25.96442	0	0.46529	17.84039	22.6616	0	0	0	0	0	0	0	0	0	0	1.74851	0	0	22.45982	0	0	0	0.03407	1.54416	0	0	0	0	0	0	0	0	0	0	0	0	0	0	0	0	0	0	0	0	0.27475	0	0	0	0	0	0	0	0	0	0	0	0	0	0	0	0	10
GF7_B2_D34	0	0	0	0	0	0	0	0	0	0	0	0	0	0	0	0	0	0	0	0	0	0	5.63457	0	0	0	0	0	0	35.6011	0	1.70047	10.87423	4.12568	10.70983	0	0	0	0	0	0	0	0	0	1.2373	0	0	20.8735	0	0	0	2.81438	6.42894	0	0	0	0	0	0	0	0	0	0	0	0	0	0	0	0	0	0	0	0	0	0	0	0	0	0	0	0	0	0	0	0	0	0	0	0	0	10
GF7_B2_D36	0	0	0	0	0	0	0	0	0	0	0	0	0	0	0	0	0	0	0	0	0	0	8.51487	0	0	0	0	0	0	20.98222	0	0.18036	27.5719	1.2392	3.90491	0	0	0	0	0	0	0	0	0	0.86662	0	0	35.27055	0	0	0	0.56518	0.90418	0	0	0	0	0	0	0	0	0	0	0	0	0	0	0	0	0	0	0	0	0	0	0	0	0	0	0	0	0	0	0	0	0	0	0	0	0	10
GF7_B3_D31	0	0	0	0	0	0	0	0	0	0	0	0	0	0	0	0	0	0	0	0	0	0	2.22202	0	0	0	0	0	0	0.63242	0	0	3.87508	11.97859	1.42514	0	0	0	0	0	0	0	0	0	2.96331	0	0	0.3041	0	0	0	64.45016	11.30363	0	0.84556	0	0	0	0	0	0	0	0	0	0	0	0	0	0	0	0	0	0	0	0	0	0	0	0	0	0	0	0	0	0	0	0	0	0	0	10
GF7_B3_D33	0	0	0	0	0	0	0	0	0	0	0	0	0	0	0	0	0	0	0	0	0	0	11.67345	0	0	0	0	0	0	28.67273	0	1.66793	9.18453	7.82416	11.42633	0	0	0	0	0	0	0	0	0	4.7071	0	0	3.86452	0	0	0	5.6945	15.28474	0	0	0	0	0	0	0	0	0	0	0	0	0	0	0	0	0	0	0	0	0	0	0	0	0	0	0	0	0	0	0	0	0	0	0	0	0	10
GF7_B4_D35	0	0	0	0	0	0	0	0	0	0	0	0	0	0	0	0	0	0	0	0	0	0	8.52822	0	0	0	0	0	0	58.38157	0	1.24683	7.75519	8.91668	2.43426	0	0	0	0	0	0	0	0	0	0.07011	0	0	1.24821	0	0	0	2.27959	9.13934	0	0	0	0	0	0	0	0	0	0	0	0	0	0	0	0	0	0	0	0	0	0	0	0	0	0	0	0	0	0	0	0	0	0	0	0	0	10
GF7_B5_D30	0	0	0	0	0	0	0	0	0	0	0	0	0	0	0	0	0	0	0	0	0	0	2.13624	0	0	0	0	0	0	1.36911	0	0	3.1934	2.40944	2.25063	0	0	0	0	0	0	0	0	0	3.34235	0	0	0.40044	0.36055	0	0	72.39571	12.14214	0	0	0	0	0	0	0	0	0	0	0	0	0	0	0	0	0	0	0	0	0	0	0	0	0	0	0	0	0	0	0	0	0	0	0	0	0	10
GF7_INOC	0	0	0	0	0	0	0	0	0	0	0	0	0	0	0	0	0	0	0	0	0	0	0.52694	0	0	0	0	0	0	3.34294	0	1.05858	0	0.28202	0	0	0	0	0	0	0	0	0	0	8.22939	0	0	0	0	0	0	81.76693	0	0.19207	0.19589	0	0	0	0	0	0	0	0	0	0	0	0	0	0	0	0	0	0	0	0	0	0	0	0	0	0	0	0	0	0.14992	0	0	0	0	4.25532	10
GF8_B4_D33	0	0	0	0	0	0	0	0	0	0	0	0	0	0	0	0	0	6.15216	0	0	0	0	10.2201	0	0	0	0	0	0	34.17682	0	1.10992	3.68552	20.42216	5.44063	0	0	0	0	0	0	0	0	0	1.19792	0	0	0	0	0	0	9.39051	8.20426	0	0	0	0	0	0	0	0	0	0	0	0	0	0	0	0	0	0	0	0	0	0	0	0	0	0	0	0	0	0	0	0	0	0	0	0	0	10
GF8_B6_D30	0	0	0	0	0	0	0	0	0	0	0	0	0.02283	0	0	0	0	0	0	0	0	0	2.21704	0	0	0	0.99831	0	0	5.36611	0	1.81671	0.67812	5.26966	0.26881	0	0	0	0	0	0	0	0	0	1.93449	0	0	0	0	0	0	81.42792	0	0	0	0	0	0	0	0	0	0	0	0	0	0	0	0	0	0	0	0	0	0	0	0	0	0	0	0	0	0	0	0	0	0	0	0	0	0	10
GF8_C2_D30	0	0	0	0	0	0	0	0	0	0	0	0	17.69662	0	0	0	0	1.38023	0	0	0	0	6.02411	0	0	0	11.4239	0	0	1.82354	0	10.78044	4.08186	4.46006	0	0	0	0	0	0	0	0	0	0	1.03686	0	0	0	0	0	0	41.29238	0	0	0	0	0	0	0	0	0	0	0	0	0	0	0	0	0	0	0	0	0	0	0	0	0	0	0	0	0	0	0	0	0	0	0	0	0	0	10
GF9_A5_D19	0	0	0	0	0	0	0	0	0	0	0	0	0	0	0	0	0	0	0	0	0	0	4.63782	0	0	0	0	0	0	15.80532	0	1.025	2.33826	0.37942	11.63406	0	0	0	0	0	0	0	0	0	22.61763	0	0	23.33844	0	0	0	14.39836	0	3.82569	0	0	0	0	0	0	0	0	0	0	0	0	0	0	0	0	0	0	0	0	0	0	0	0	0	0	0	0	0	0	0	0	0	0	0	0	10
GF9_A6_D21	0	0	0	0	0	0	0	0	0	0	0	0	0	0	0	0	0	0	0	0	0	0	5.24067	0	0	0	0	0	0	39.57432	0	1.54596	11.96119	4.01462	12.21973	0	0	0	0	0	0	0	0	0	1.15269	0	0	23.29441	0	0	0	0.33232	0	0.66408	0	0	0	0	0	0	0	0	0	0	0	0	0	0	0	0	0	0	0	0	0	0	0	0	0	0	0	0	0	0	0	0	0	0	0	0	10
GF9_C1_D16	0	0	0	0	0	0	0	0	0	0	0	0	0	0	0	0	0	0.34196	0	0	0	0	2.52883	0	0	0	0	0	0	0.71948	0	0.04799	0.72085	2.93275	0	0	0	0	0	0	0	0	0	0	1.80216	0	0	0	0	0	0	0	0.36146	90.42605	0	0	0	0	0	0	0	0	0	0	0	0	0	0	0	0	0	0	0	0	0	0	0	0	0	0	0	0	0	0	0	0	0	0	0	0.11847	10
GF9_C4_D19	0	0	0	0	0	0	0	0	0	0	0	0	0	0	0	0	0	0	0	0	0	0	9.02933	0	0	0	0	0	0	26.91174	0	1.55943	2.43198	0.11259	30.88393	0	0	0	0	0	0	0	0	0	16.45189	0	0	5.12594	0	0	0	4.71376	0	2.77942	0	0	0	0	0	0	0	0	0	0	0	0	0	0	0	0	0	0	0	0	0	0	0	0	0	0	0	0	0	0	0	0	0	0	0	0	10
Gn3_6Cdam_Stool_211105-1	0	0	0	0	0	0	0	0	0	0	0	0	0	50.07663	0	0	0	0.8236	0	0	0	0	1.63905	0	0	0	0	0	0	29.06784	0	2.90603	0	6.45858	0	0	0	0	0	0	0	0	0	0	3.32839	0	0	5.35561	0.24827	0	0	0	0	0.09598	0	0	0	0	0	0	0	0	0	0	0	0	0	0	0	0	0	0	0	0	0	0	0	0	0	0	0	0	0	0	0	0	0	0	0	0	10
Gn3_6Cdam_Stool_211105-2	0	0	0	0	0	0	0	0	0	0	0	0	0	46.78695	0	0	0	1.43527	0	0	0	0	2.48126	0	0	0	0	0	0	26.72932	0	4.62831	0	9.44303	0	0	0	0	0	0	0	0	0	0	3.19191	0	0	5.03213	0.20061	0	0	0	0	0.07121	0	0	0	0	0	0	0	0	0	0	0	0	0	0	0	0	0	0	0	0	0	0	0	0	0	0	0	0	0	0	0	0	0	0	0	0	10
Gn3_8Ddam_Stool_211105-2	0	0	0	0	0.00572	0	0	0	0	0	0	0	36.06146	0	0	0	0	0	0	0	0	0	0	0	0	0	0	0	0	0	0	0	0	0	0	0	0	0	0	0	3.58397	0.78427	0	1.67558	0	0	0	0	0	0	0	0	0	0	22.29421	1.92011	30.69176	0	0	0	0	0	0	0	0	0	0	0	0	0	0	0	0	0	0	0.60524	0	0	0	0	0	0	2.37767	0	0	0	0	0	0	0	10
Gn3_AB8_Stool	0	0	0	0	0	0	0	0	0	0	0	0	0.16827	0	0	0	0	0	0	0	0	0	0.41638	0	0	0	8.9543	0	0	0	0	0	0	1.027	0	0	0	0	0	0	0	0	0	0	4.31945	0	0	48.13495	0	0	0	0	0	9.48363	0.02374	0	0	0	0	0	0	0	0	0	0	0	0	0	0	0	0	0	0.38204	27.09023	0	0	0	0	0	0	0	0	0	0	0	0	0	0	0	0	10
Gn4_H_Innoc	0	0.53684	0	0	0	0	0	0.14381	0	0	0	0	0	0	0	0	0	67.77981	0	0	0	0	0	0	0	0	0	0	0	0	0	0	0	0	0	0	0	0	0	0.07598	3.10447	0.82772	0	0	6.03998	0	0	0	0	0	0	0	0	0	0	0	0	0	0	0	0	0	0	0	9.41983	0	0	0	0	0	0	0	0	0	0	0	0	0	0	10.56563	1.50593	0	0	0	0	0	0	0	0	0	10
gnoto1_AP2_d19_colon	0	0	0	0	0	0	0	0	0	0	0	0	0	0	0	0	0	0	0	0	0	0	4.16809	0	0	0	0	0	0	22.25919	0	12.98441	4.02027	9.0503	1.47954	0	0	0	0	0	0	0	0	0	28.74736	0	0	7.59108	0	0	0	3.68896	0	6.01081	0	0	0	0	0	0	0	0	0	0	0	0	0	0	0	0	0	0	0	0	0	0	0	0	0	0	0	0	0	0	0	0	0	0	0	0	10
gnoto1_BA1_d20_colon	0	0	0	0	0	0	0	0	0	0	0	0	58.19486	0	0	0	0	0.12637	0	0	0	0	6.91116	0	0	0	0	0	0	0	0	11.85132	13.06452	0	4.83551	0	0	0	0	0	0	0	0	0	3.12993	0	0	0.35315	0	0	0	0	0	0.97786	0	0	0	0	0	0	0	0	0	0	0	0.5553	0	0	0	0	0	0	0	0	0	0	0	0	0	0	0	0	0	0	0	0	0	0	0	0	10
gnoto1_BA3_d20_colon	0	0	0	0	0	0	0	0	0	0	0	0	60.15915	0	0	0	0	0.31639	0	0	0	0	8.01908	0	0	0	0	0	0	0	0	6.9503	16.92088	0	2.0559	0	0	0	0	0	0	0	0	0	2.64251	0	0	1.46459	0	0	0	0	0	0.86203	0	0	0	0	0	0	0	0	0	0	0	0.60915	0	0	0	0	0	0	0	0	0	0	0	0	0	0	0	0	0	0	0	0	0	0	0	0	10
gnoto1_BA4_d20_colon	0	0	0	0	0	0	0	0	0	0	0	0	53.82744	0	0	0	0	0.16547	0	0	0	0	8.28796	0	0	0	0	0	0	0	0	4.02056	19.87755	0	6.82132	0	0	0	0	0	0	0	0	0	3.68556	0	0	1.79611	0	0	0	0	0	1.10225	0	0	0	0	0	0	0	0	0	0	0	0.41579	0	0	0	0	0	0	0	0	0	0	0	0	0	0	0	0	0	0	0	0	0	0	0	0	10
gnoto1_BM1_d20_colon	0	0	0	0	0	0	0	0	0	0	0	0	51.21501	0	0	0	0	0.67528	0	0	0	0	7.1803	0	0	0	0.32947	0	0	0	0	4.98589	23.98519	0	5.89411	0	0	0	0	0	0	0	0	0	2.39153	0	0	1.64458	0	0	0	0	0	1.69863	0	0	0	0	0	0	0	0	0	0	0	0	0	0	0	0	0	0	0	0	0	0	0	0	0	0	0	0	0	0	0	0	0	0	0	0	10
gnoto1_BM2_d20_colon	0	0	0	0	0	0	0	0	0	0	0	0	50.27995	0	0	0	0	1.77474	0	0	0	0	6.66635	0	0	0	0.41749	0	0	0	0	9.02229	23.01095	0	5.27637	0	0	0	0	0	0	0	0	0	1.25053	0	0	0.95061	0	0	0	0	0	1.35073	0	0	0	0	0	0	0	0	0	0	0	0	0	0	0	0	0	0	0	0	0	0	0	0	0	0	0	0	0	0	0	0	0	0	0	0	10
gnoto1_BM3_d20_colon	0	0	0	0	0	0	0	0	0	0	0	0	40.44283	0	0	0	0	2.41895	0	0	0	0	9.68699	0	0	0	5.52906	0	0	0	0	8.1528	21.80168	0	6.82858	0	0	0	0	0	0	0	0	0	2.7126	0	0	1.41408	0	0	0	0	0	1.01243	0	0	0	0	0	0	0	0	0	0	0	0	0	0	0	0	0	0	0	0	0	0	0	0	0	0	0	0	0	0	0	0	0	0	0	0	10
gnoto1_BM4_d20_colon	0	0	0	0	0	0	0	0	0	0	0	0	39.51458	0	0	0	0	0.23029	0	0	0	0	9.61718	0	0	0	0.52279	0	0	0	0	8.55554	34.01941	0	5.40925	0	0	0	0	0	0	0	0	0	0.55291	0	0	1.25614	0	0	0	0	0	0.3219	0	0	0	0	0	0	0	0	0	0	0	0	0	0	0	0	0	0	0	0	0	0	0	0	0	0	0	0	0	0	0	0	0	0	0	0	10
gnoto1_BP3_d20_colon	0	0	0	0	0	0	0	0	0	0	0	0	3.47515	0	0	0	0	2.14623	0	0	0	0	6.48136	0	0	0	9.71621	0	0	0	0	42.81604	13.56419	0	4.38678	0	0	0	0	0	0	0	0	0	12.15022	0	0	4.58898	0	0	0	0	0	0	0	0	0	0	0	0	0	0	0	0	0	0.67485	0	0	0	0	0	0	0	0	0	0	0	0	0	0	0	0	0	0	0	0	0	0	0	0	10
gnoto1_BP4_d20_colon	0	0	0	0	0	0	0	0	0	0	0	0	1.87027	0	0	0	0	1.51659	0	0	0	0	6.33499	0	0	0	39.08036	0	0	0	0	27.1769	11.34906	0	5.06656	0	0	0	0	0	0	0	0	0	2.32346	0	0	5.10028	0	0	0	0	0	0	0	0	0	0	0	0	0	0	0	0	0	0.18152	0	0	0	0	0	0	0	0	0	0	0	0	0	0	0	0	0	0	0	0	0	0	0	0	10
gnoto2_BM3_d20_colon	0.08757	0	0	0	0	0	0	0	0	0	0	0	39.29209	0	0	0	0	3.67919	0	0	0	0	8.55538	0	0	0	0	0	0	0	0	12.67454	25.44995	0	5.48405	0	0	0	0	0	0	0	0	0	1.60281	0	0	0.96305	0	0	0	0	0	2.21137	0	0	0	0	0	0	0	0	0	0	0	0	0	0	0	0	0	0	0	0	0	0	0	0	0	0	0	0	0	0	0	0	0	0	0	0	10
gnoto2_BM6_d20_colon	0.02458	0	0	0	0	0	0	0	0	0	0	0	35.0638	0	0	0	0	2.58262	0	0	0	0	7.54104	0	0	0	0	0	0	0	0	18.05407	24.9263	0	4.3043	0	0	0	0	0	0	0	0	0	2.3597	0	0	3.66548	0	0	0	0	0	1.4781	0	0	0	0	0	0	0	0	0	0	0	0	0	0	0	0	0	0	0	0	0	0	0	0	0	0	0	0	0	0	0	0	0	0	0	0	10
gnoto2_BP1_d20_colon	0	0	0	0	0	0	0	0	0	0	0	0	9.53492	0	0	0	0	0	0	0	0	0	9.62373	0	0	0	12.79691	0	0	0	0	8.85423	38.26984	0	10.70298	0	0	0	0	0	0	0	0	0	0.14948	0	0	6.19827	0	0	0	0	0	3.53152	0	0	0	0	0	0	0	0	0	0	0	0.33812	0	0	0	0	0	0	0	0	0	0	0	0	0	0	0	0	0	0	0	0	0	0	0	0	10
gnoto2_BP6_d20_colon	0	0	0	0	0	0	0	0	0	0	0	0	3.0899	0	0	0	0	0	0	0	0	0	8.19077	0	0	0	6.8677	0	0	0	0	25.13012	24.02401	0	21.50391	0	0	0	0	0	0	0	0	0	1.56387	0	0	6.61743	0	0	0	0	0	2.51581	0	0	0	0	0	0	0	0	0	0	0	0.49648	0	0	0	0	0	0	0	0	0	0	0	0	0	0	0	0	0	0	0	0	0	0	0	0	10
b1-d33	0	0	0	0	0	0	0	0	0	0	0	0	0	0	0	0	0	0	0	0	0	0	3.0703	0	0	0	0	0	0	0.6068	0	0	3.52891	7.74815	0	0	0	0	0	0	0	0	0	0	6.05101	0	0	0.38056	0.38236	0	0	73.62188	0	0	0.85159	0	0	0	0	0	0	0	0	0	0	0	0	0	0	0	0	0	0.04745	3.71099	0	0	0	0	0	0	0	0	0	0	0	0	0	0	0	0	11
CONV_PBS1_D3	0	0	0	0	0	13.09525	0	0	0	0	13.46746	57.15664	0	0	0	6.79052	0	0	0	0	0	0	1.27189	0	0	0	0	1.64586	0	0	0	0	0	0	0	0	0	0	0	0	0	0	0	0	0	0.19156	0	1.64461	0	0	0	0	0	0	0	0	0	0	0	0	0	0.36113	2.80328	0	0	0	0	0	0	1.57181	0	0	0	0	0	0	0	0	0	0	0	0	0	0	0	0	0	0	0	0	11
CONV_PBS4_D3	0	0	0	0	0	14.06691	0	0	0	0	0	75.19666	0	0	0	2.1256	0	0	0	0	0	0	0.07061	0.00114	0	0	0	3.302	0	0	0	0	0	0	0	0	0	0	0	0	0	0	0	0	0	0	0	0.04449	0	0	0	0	0	0	0	0	0	0	0	0	0	0	2.78885	0	0	0	0	0	0	2.28123	0	0.10446	0	0	0	0	0	0	0	0	0	0	0	0	0	0	0.01805	0	0	0	11
GF1_B6_d38	0	0	0	0	0	0	0	0	0	0	0	0	0	0	0	0	0	0.78223	0	0	0	0	10.41022	0	0	0	0	0	0	25.98555	0	5.57042	14.84293	31.9486	3.62923	0	0	0	0	0	0	0	0	0	1.76203	0	0	2.82098	0	0	0	0	0	2.06648	0	0	0	0	0	0	0	0	0	0	0	0	0	0	0	0	0	0	0	0.18133	0	0	0	0	0	0	0	0	0	0	0	0	0	0	0	0	11
GF10_C6_d55	0	0	0	0	0	0	0	0	0	0	0	0	30.27019	0	0	0	0	1.36853	0	0	0	0	22.20621	0	0	0	2.59935	0	0	0	0	23.42571	13.9855	0	0.52511	0	0	0	0	0	0	0	0	0	1.17972	0	0	2.82605	0	0	0	0	0	1.29632	0	0	0	0	0	0	0	0	0	0	0	0.31731	0	0	0	0	0	0	0	0	0	0	0	0	0	0	0	0	0	0	0	0	0	0	0	0	11
GF11_B1_d105_colon	0	0	0	0	0	0	0	0	0	0	0	0	0	0	0	0	0	0	0	0	0	0	2.76134	0	0	0	0	0	0	53.12622	0	0.76023	5.92276	2.2349	5.02555	0	0	0	0	0	0	0	0	0	2.47207	0	0	22.8631	0	0	0	0.24575	1.68122	2.90687	0	0	0	0	0	0	0	0	0	0	0	0	0	0	0	0	0	0	0	0	0	0	0	0	0	0	0	0	0	0	0	0	0	0	0	0	11
GF11_B5_d105_colon	1.85997	0	0	0	0	0	0	0	0	0	0	0	24.07404	0	0	0	0	0	0.96235	0	0	0	8.8896	0	0	0	17.43519	0	0	0	0	26.2868	12.74215	0	0	0	0	0	0	0	0	0	0	0	2.52186	0	0	4.14903	0	0	0	0	0	0	0	0	0	0	0	0	0	0	0	0	0	0.05866	0	0	0	0	0	0	0	0	0	0	0	0	0	0	0	0	0	0	0	0	0	1.02034	0	0	11
GF11_B6_d105_colon	0.31051	0	0	0	0	0	0	0	0	0	0	0	56.00153	0	0	0	0	0	0.43657	0	0	0	6.03549	0	0	0	1.7619	0	0	0	0	21.72201	8.77683	0	0	0	0	0	0	0	0	0	0	0	1.74762	0	0	2.94589	0	0	0	0	0	0	0	0	0	0	0	0	0	0	0	0	0	0.01815	0	0	0	0	0	0	0	0	0	0	0	0	0	0	0	0	0	0	0	0	0	0.2435	0	0	11
GF13_A1_d65_colon	0	0	0	0	0	0	0	0	0	0	0	0	0	0	0	0	0	0	0.97596	0	0	0.15517	11.54224	0	0	0	0	0	0	33.62296	0	0	4.84433	9.19549	4.43193	0	0	0	0	0	0	0	0	0	0	0	0	13.09953	0	0	0	0	0	0	16.90857	0.68599	4.53785	0	0	0	0	0	0	0	0	0	0	0	0	0	0	0	0	0	0	0	0	0	0	0	0	0	0	0	0	0	0	0	0	0	11
GF13_A10_d65_colon	0	0	0	0	0	0	0	0	0	0	0	0	0	0	0	0	0	0	1.40786	0	0	0.24989	8.66352	0	0	0	0	0	0	32.91305	0	0	5.37214	20.938	4.21108	0	0	0	0	0	0	0	0	0	0	0	0	11.25737	0	0	0	0	0	0	10.34053	0.32588	4.32068	0	0	0	0	0	0	0	0	0	0	0	0	0	0	0	0	0	0	0	0	0	0	0	0	0	0	0	0	0	0	0	0	0	11
GF13_A2_d65_colon	0	0	0	0	0	0	0	0	0	0	0	0	0	0	0	0	0	0	0.49042	0	0	0.33747	10.73627	0	0	0	0	0	0	35.50221	0	0	5.53105	8.62098	3.34364	0	0	0	0	0	0	0	0	0	0	0	0	11.20233	0	0	0	0	0	0	19.24193	0.58958	4.40412	0	0	0	0	0	0	0	0	0	0	0	0	0	0	0	0	0	0	0	0	0	0	0	0	0	0	0	0	0	0	0	0	0	11
GF13_A5_d65_colon	0	0	0	0	0	0	0	0	0	0	0	0	0	0	0	0	0	0	1.124	0	0	0.27605	15.19731	0	0	0	0	0	0	26.93747	0	0	7.30087	21.77051	5.09492	0	0	0	0	0	0	0	0	0	0	0	0	7.23267	0	0	0	0	0	0	12.16389	0.62707	2.27523	0	0	0	0	0	0	0	0	0	0	0	0	0	0	0	0	0	0	0	0	0	0	0	0	0	0	0	0	0	0	0	0	0	11
GF18_b3_d33_stool	0	0	0	0	0	0	0	0	0	0	0	0	0	0	0	0	0	0	0	0	0	0	0.7995	0	0	0	0	0	0	4.21408	0	0.28105	1.32561	3.24123	1.73407	0	0	0	0	0	0	0	0	0	0.56661	0	0	0	0	0	0	41.46599	0.51435	44.54872	1.30879	0	0	0	0	0	0	0	0	0	0	0	0	0	0	0	0	0	0	0	0	0	0	0	0	0	0	0	0	0	0	0	0	0	0	0	11
GF18_bdam_d33_stoolsoln	0	0	0	0	0	0	0	0	0	0	0	0	0	0	0	0	0	0	0.80821	0	0	0.26625	1.63715	0	0	0	0	0	0	6.81325	0	0	0.08845	0.1722	0	0	0	0	0	0	0	0	0	0	0.36124	0	0	0	0.18861	0	0	85.68072	3.20279	0	0.78115	0	0	0	0	0	0	0	0	0	0	0	0	0	0	0	0	0	0	0	0	0	0	0	0	0	0	0	0	0	0	0	0	0	0	0	11
GF2_A1_d39	0	0	0	0	0	0	0	0	0	0	0	0	0.25451	0	0	0	0	0	0.14586	0	13.49869	0	7.44743	0	0	0	0.5621	0	0	0	0	17.54249	24.5324	0	22.69909	0	0	0	0	0	0	0	0	0	0.99044	0	0	11.90945	0	0	0	0	0	0.41754	0	0	0	0	0	0	0	0	0	0	0	0	0	0	0	0	0	0	0	0	0	0	0	0	0	0	0	0	0	0	0	0	0	0	0	0	11
GF2_A1_day42	0	0	0	0	0	0	0	0	0	0	0	0	1.79555	0	0	0	0	0.39472	6.71114	0	27.44073	0.92593	1.54374	0	0	0	0	0	0	0	0	1.64937	14.75256	0	7.35096	0	0	0	0	0	0	0	0	0	0.86926	0	0	36.56605	0	0	0	0	0	0	0	0	0	0	0	0	0	0	0	0	0	0	0	0	0	0	0	0	0	0	0	0	0	0	0	0	0	0	0	0	0	0	0	0	0	0	11
GF2_A2_Colon	0	0	0	0	0	0	0	0	0	0	0	0	16.37148	0	0	0	0	0	0.14416	0	68.58551	0	2.86434	0	0	0	0.02197	0	0	0	0	4.75167	4.31081	0	0.0546	0	0	0	0	0	0	0	0	0	0.28807	0	0	2.37973	0	0	0	0	0	0	0	0	0	0	0	0	0	0	0	0	0	0.22767	0	0	0	0	0	0	0	0	0	0	0	0	0	0	0	0	0	0	0	0	0	0	0	0	11
GF2_A2_D37	0	0	0	0	0	0	0	0	0	0	0	0	2.30283	0	0	0	0	0.76588	0.51479	0	0.17857	0	12.70375	0	0	0	0	0	0	0	0	22.65512	20.52117	0	15.35588	0	0	0	0	0	0	0	0	0	16.186	0	0	8.33522	0	0	0	0	0	0.48081	0	0	0	0	0	0	0	0	0	0	0	0	0	0	0	0	0	0	0	0	0	0	0	0	0	0	0	0	0	0	0	0	0	0	0	0	11
GF2_A2_day30	0	0	0	0	0	0	0	0	0	0	0	0	43.81059	0	0	0	0	1.29031	1.94789	0	0	0	7.46824	0	0	0	0.85922	0	0	0	0	16.76292	16.69653	0	1.57255	0	0	0	0	0	0	0	0	0	2.36287	0	0	4.55421	0	0	0	0	0	2.67466	0	0	0	0	0	0	0	0	0	0	0	0	0	0	0	0	0	0	0	0	0	0	0	0	0	0	0	0	0	0	0	0	0	0	0	0	11
GF2_A2_day41	0	0	0	0	0	0	0	0	0	0	0	0	1.50241	0	0	0	0	0	0	0	25.40039	0	8.0105	0	0	0	17.47322	0	0	0	0	15.95516	23.25548	0	4.8538	0	0	0	0	0	0	0	0	0	0.19186	0	0	2.49188	0	0	0	0	0	0.61962	0	0	0	0	0	0	0	0	0	0	0	0.24567	0	0	0	0	0	0	0	0	0	0	0	0	0	0	0	0	0	0	0	0	0	0	0	0	11
GF2_A2_day44	0	0	0	0	0	0	0	0	0	0	0	0	21.93835	0	0	0	0	0	3.63618	0	11.1387	1.37823	0.95383	0	0	0	3.23886	0	0	0	0	8.83213	10.49483	0	0.27002	0	0	0	0	0	0	0	0	0	4.1636	0	0	33.95527	0	0	0	0	0	0	0	0	0	0	0	0	0	0	0	0	0	0	0	0	0	0	0	0	0	0	0	0	0	0	0	0	0	0	0	0	0	0	0	0	0	0	11
GF2_A3_day30	0	0	0	0	0	0	0	0	0	0	0	0	41.36087	0	0	0	0	0.96301	3.52234	0	0	0.19115	2.35828	0	0	0	0	0	0	0	0	18.47674	17.46685	0	1.45278	0	0	0	0	0	0	0	0	0	4.92485	0	0	7.60437	0	0	0	0	0	1.67875	0	0	0	0	0	0	0	0	0	0	0	0	0	0	0	0	0	0	0	0	0	0	0	0	0	0	0	0	0	0	0	0	0	0	0	0	11
GF2_A4_D39	0	0	0	0	0	0	0	0	0	0	0	0	0.4855	0	0	0	0	0	0.36614	0	16.05067	0	8.46464	0	0	0	12.94196	0	0	0	0	10.42762	32.89985	0	10.83684	0	0	0	0	0	0	0	0	0	0.54994	0	0	5.15062	0	0	0	0	0	1.82622	0	0	0	0	0	0	0	0	0	0	0	0	0	0	0	0	0	0	0	0	0	0	0	0	0	0	0	0	0	0	0	0	0	0	0	0	11
GF2_A4_day30	0	0	0	0	0	0	0	0	0	0	0	0	52.73717	0	0	0	0	1.40878	3.43429	0	0	0.29481	2.99832	0	0	0	0	0	0	0	0	13.59837	17.13162	0	1.01682	0	0	0	0	0	0	0	0	0	2.07135	0	0	3.65245	0	0	0	0	0	1.65604	0	0	0	0	0	0	0	0	0	0	0	0	0	0	0	0	0	0	0	0	0	0	0	0	0	0	0	0	0	0	0	0	0	0	0	0	11
GF2_A4_day32	0	0	0	0	0	0	0	0	0	0	0	0	49.99856	0	0	0	0	1.3482	2.75228	0	0	0.19536	4.88048	0	0	0	0	0	0	0	0	23.4685	9.85805	0	0.37804	0	0	0	0	0	0	0	0	0	2.39137	0	0	4.47873	0	0	0	0	0	0.25042	0	0	0	0	0	0	0	0	0	0	0	0	0	0	0	0	0	0	0	0	0	0	0	0	0	0	0	0	0	0	0	0	0	0	0	0	11
GF2_A6_d36	0	0	0	0	0	0	0	0	0	0	0	0	44.50396	0	0	0	0	0.75074	0.17166	0	0.12416	0	4.6781	0	0	0	0	0	0	0	0	22.13146	19.17475	0	4.04711	0	0	0	0	0	0	0	0	0	2.47987	0	0	1.45503	0	0	0	0	0	0.48316	0	0	0	0	0	0	0	0	0	0	0	0	0	0	0	0	0	0	0	0	0	0	0	0	0	0	0	0	0	0	0	0	0	0	0	0	11
GF2_A6_d37	0	0	0	0	0	0	0	0	0	0	0	0	4.17614	0	0	0	0	1.16073	0	0	0.48264	0	21.30391	0	0	0	7.00732	0	0	0	0	13.85256	25.59824	0	18.02107	0	0	0	0	0	0	0	0	0	1.92221	0	0	6.26334	0	0	0	0	0	0.21186	0	0	0	0	0	0	0	0	0	0	0	0	0	0	0	0	0	0	0	0	0	0	0	0	0	0	0	0	0	0	0	0	0	0	0	0	11
GF2_B1_day29	0	0	0	0	0	0	0	0	0	0	0	0	33.43889	0	0	0	0	1.66906	3.13822	0	0	0.49805	1.29284	0	0	0	0	0	0	0	0	10.60535	22.38978	0	6.731	0	0	0	0	0	0	0	0	0	2.25889	0	0	13.14756	0	0	0	0	0	4.83037	0	0	0	0	0	0	0	0	0	0	0	0	0	0	0	0	0	0	0	0	0	0	0	0	0	0	0	0	0	0	0	0	0	0	0	0	11
GF2_B2_day29	0	0	0	0	0	0	0	0	0	0	0	0	2.22375	0	0	0	0	1.3877	16.13134	0	0	1.29962	1.99882	0	0	0	0	0	0	0	0	0.06191	19.15796	0	9.23472	0	0	0	0	0	0	0	0	0	0.7165	0	0	46.99853	0.78917	0	0	0	0	0	0	0	0	0	0	0	0	0	0	0	0	0	0	0	0	0	0	0	0	0	0	0	0	0	0	0	0	0	0	0	0	0	0	0	0	0	11
GF2_B3_day31	0	0	0	0	0	0	0	0	0	0	0	0	0.90685	0	0	0	0	1.14006	0.85386	0	0	0	6.52207	0	0	0	0.54618	0	0	0	0	1.8618	32.66874	0	50.6856	0	0	0	0	0	0	0	0	0	0.45948	0	0	3.88958	0	0	0	0	0	0.46577	0	0	0	0	0	0	0	0	0	0	0	0	0	0	0	0	0	0	0	0	0	0	0	0	0	0	0	0	0	0	0	0	0	0	0	0	11
GF2_B3_day41	0	0	0	0	0	0	0	0	0	0	0	0	54.65444	0	0	0	0	0	0	0	4.15629	0	3.08488	0	0	0	0.20351	0	0	0	0	17.54787	14.30061	0	0.16887	0	0	0	0	0	0	0	0	0	0.21272	0	0	1.89169	0	0	0	0	0	0	0	0	0	0	0	0	0	0	0	0	0	0.07128	0	0	0	0	0	0	0	0	0	0	0	0	0	0	0	0	0	0	0	0	0	0	0	3.70784	11
GF2_B4_day29	0	0	0	0	0	0	0	0	0	0	0	0	2.83389	0	0	0	0	1.66157	7.10769	0	0	0.90534	2.94052	0	0	0	0	0	0	0	0	0.66379	18.72709	0	7.83561	0	0	0	0	0	0	0	0	0	2.23211	0	0	54.31257	0.77983	0	0	0	0	0	0	0	0	0	0	0	0	0	0	0	0	0	0	0	0	0	0	0	0	0	0	0	0	0	0	0	0	0	0	0	0	0	0	0	0	0	11
GF2_B5_day27	0	0	0	0	0	0	0	0	0	0	0	0	43.15546	0	0	0	0	0.67558	1.63994	0	0	0.13105	8.20522	0	0	0	0	0	0	0	0	20.13526	15.94079	0	1.96419	0	0	0	0	0	0	0	0	0	2.01816	0	0	4.31308	0	0	0	0	0	1.82127	0	0	0	0	0	0	0	0	0	0	0	0	0	0	0	0	0	0	0	0	0	0	0	0	0	0	0	0	0	0	0	0	0	0	0	0	11
GF2_B5_day28	0	0	0	0	0	0	0	0	0	0	0	0	1.59401	0	0	0	0	2.01863	5.85798	0	0	0.52337	1.86214	0	0	0	0	0	0	0	0	0.02371	4.75809	0	0.01716	0	0	0	0	0	0	0	0	0	13.04748	0	0	70.08189	0	0	0	0	0	0	0	0	0	0	0	0	0	0	0	0	0	0	0	0	0	0	0	0	0	0	0	0	0	0	0	0	0	0	0	0	0	0	0	0	0	0.21554	11
GF2_colon_B3_day44	0.11782	0	0	0	0	0	0	0	0	0	0	0	33.52442	0	0	0	0	0	0	0	42.94066	0	2.60757	0	0	0	0	0	0	0	0	8.38582	7.70767	0	0.11791	0	0	0	0	0	0	0	0	0	0	0	0	0	0.77458	0	0	0	0	0.33607	0	0	0	0	0	0	0	0	0	0	0	0	0	0	0	0	0	0	0	0	0	0	0	0	0	0	0	0	0	0	0	0	0	0.92371	0	2.56377	11
GF2_colon_B5_day44	0	0	0	0	0	0	0	0	0	0	0	0	9.78818	0	0	0	0	1.0626	0	0	2.89924	0	6.53158	0	0	0	0	0	0	0	0	4.03686	50.34032	0	15.15488	0	0	0	0	0	0	0	0	0	1.04444	0	0	8.39036	0.06016	0	0	0	0	0	0	0	0	0	0	0	0	0	0	0	0	0	0	0	0	0	0	0	0	0	0	0	0	0	0	0	0	0	0	0	0	0	0	0	0	0.69137	11
GF20_d75_damc	0	0	0	0	0	0	0	0	0	0	0	0	3.10304	0	0	0	0	0	1.23284	0	0	0.14953	26.87071	0	0	0	0	0	0	0	0	0	34.65731	0	0	0	0	0	0	0	0	0	0	0	10.67831	0	0	8.62219	0	0	0	0	6.84866	5.65233	0.04701	0	0	0	0	0	0	0	0	0	0	2.13808	0	0	0	0	0	0	0	0	0	0	0	0	0	0	0	0	0	0	0	0	0	0	0	0	11
GF3_C_dam_day19	0	0	0	0	0	0	0	0	0	0	0	0	28.30395	0	0	0	0	0	0	0	0	0	10.31757	0	0	0	2.64768	0	0	0	0	26.86216	12.68289	0	1.93476	0	0	0	0	0	0	0	0	0	0.40812	0	0	1.30635	1.04111	0	0	0	0	0	0	0	0	0	0	0	0	0	0	0	0	0	0	0	0	0	0	0	0	0	0	0	0	0	0	0	0	0	0	0	0	0	0	3.29447	0	11.20095	11
GF3_C_dam_day4	0	0	0	0	0	0	0	0	0	0	0	0	26.87296	0	0	0	0	0	0	0	60.312	0	1.22811	0	0	0	0.30144	0	0	0	0	4.53428	4.56193	0	0.11074	0	0	0	0	0	0	0	0	0	0.49189	0	0	1.08302	0	0	0	0	0	0.27516	0	0	0	0	0	0	0	0	0	0	0	0.22845	0	0	0	0	0	0	0	0	0	0	0	0	0	0	0	0	0	0	0	0	0	0	0	0	11
GF3_C1_day34	0	0	0	0	0	0	0	0	0	0	0	0	55.96762	0	0	0	0	0	0	0	5.91297	0	2.23873	0	0	0	2.0463	0	0	0	0	12.51746	15.22692	0	0.71717	0	0	0	0	0	0	0	0	0	0.22706	0	0	2.59873	0	0	0	0	0	2.01175	0	0	0	0	0	0	0	0	0	0	0	0.53529	0	0	0	0	0	0	0	0	0	0	0	0	0	0	0	0	0	0	0	0	0	0	0	0	11
GF3_C2_day35	0	0	0	0	0	0	0	0	0	0	0	0	28.30395	0	0	0	0	0	0	0	0	0	10.31757	0	0	0	2.64768	0	0	0	0	26.86216	12.68289	0	1.93476	0	0	0	0	0	0	0	0	0	0.40812	0	0	1.30635	1.04111	0	0	0	0	0	0	0	0	0	0	0	0	0	0	0	0	0	0	0	0	0	0	0	0	0	0	0	0	0	0	0	0	0	0	0	0	0	0	3.29447	0	11.20095	11
GF3_C3_day45	0	0	0	0	0	0	0	0	0	0	0	0	45.31227	0	0	0	0	0.75132	0	0	0	0.06216	6.17613	0	0	0	0.82208	0	0	0	0	16.99971	20.1332	0	2.86714	0	0	0	0	0	0	0	0	0	0.7248	0	0	2.55291	0	0	0	0	0	3.59827	0	0	0	0	0	0	0	0	0	0	0	0	0	0	0	0	0	0	0	0	0	0	0	0	0	0	0	0	0	0	0	0	0	0	0	0	11
GF3_C4_day42	0	0	0	0	0	0	0	0	0	0	0	0	35.17645	0	0	0	0	2.39514	0.14924	0	0	0	8.08043	0	0	0	0.04678	0	0	0	0	9.27079	27.38293	0	6.56707	0	0	0	0	0	0	0	0	0	1.50829	0	0	3.78714	0	0	0	0	0	5.63575	0	0	0	0	0	0	0	0	0	0	0	0	0	0	0	0	0	0	0	0	0	0	0	0	0	0	0	0	0	0	0	0	0	0	0	0	11
GF3_C5_day45	0	0	0	0	0.03035	0	0	0	0	0	0	0	57.10293	0	0	0	0	0	0.87832	0	0	0.13859	2.40877	0	0	0	0	0	0	0	0	18.54983	14.62791	0	0.73117	0	0	0	0	0	0	0	0	0	0.69573	0	0	3.12928	0	0	0	0	0	1.70712	0	0	0	0	0	0	0	0	0	0	0	0	0	0	0	0	0	0	0	0	0	0	0	0	0	0	0	0	0	0	0	0	0	0	0	0	11
GF3_C6_day42	0	0	0	0	0	0	0	0	0	0	0	0	57.31886	0	0	0	0	0.26084	0.44329	0	0	0.07786	4.4572	0	0	0	0	0	0	0	0	13.09103	16.20885	0	2.58806	0	0	0	0	0	0	0	0	0	0.56981	0	0	2.83464	0	0	0	0	0	2.14957	0	0	0	0	0	0	0	0	0	0	0	0	0	0	0	0	0	0	0	0	0	0	0	0	0	0	0	0	0	0	0	0	0	0	0	0	11
GF3_C8_day45	0	0	0	0	0	0	0	0	0	0	0	0	49.52601	0	0	0	0	0.72915	0.22366	0	0	0	6.83503	0	0	0	0.27716	0	0	0	0	15.91602	18.19258	0	2.49882	0	0	0	0	0	0	0	0	0	1.61762	0	0	1.4737	0	0	0	0	0	2.71026	0	0	0	0	0	0	0	0	0	0	0	0	0	0	0	0	0	0	0	0	0	0	0	0	0	0	0	0	0	0	0	0	0	0	0	0	11
GF3_C9_day41	0	0	0	0	0	0	0	0	0	0	0	0	15.67679	0	0	0	0	0.1599	0.80503	0	0	0.19955	9.15872	0	0	0	0	0	0	0	0	13.35955	36.72404	0	7.92488	0	0	0	0	0	0	0	0	0	1.06091	0	0	10.89091	0	0	0	0	0	4.03972	0	0	0	0	0	0	0	0	0	0	0	0	0	0	0	0	0	0	0	0	0	0	0	0	0	0	0	0	0	0	0	0	0	0	0	0	11
GF3_C9_day45	0	0	0	0	0	0	0	0	0	0	0	0	61.03244	0	0	0	0	0.36766	0.50238	0	0	0.12182	0.89776	0	0	0	0	0	0	0	0	13.6838	13.01621	0	1.38419	0	0	0	0	0	0	0	0	0	2.6013	0	0	3.81922	0	0	0	0	0	2.57322	0	0	0	0	0	0	0	0	0	0	0	0	0	0	0	0	0	0	0	0	0	0	0	0	0	0	0	0	0	0	0	0	0	0	0	0	11
GF4_C3_d43	0	0	0	0	0	0	0	0	0	0	0	0	11.6821	0	0	0	0	0	0	0	0	0	6.58824	0	0	0	0.29847	0	0	0	0	3.81971	45.89352	0	17.62557	0	0	0	0	0	0	0	0	0	1.36391	0	0	7.80388	0	0	0	0	0	1.5636	0	0	0	0	0	0	0	0	0	0	0	0.9486	0	0	0	0	0	0	0	0	0	0	0	0	0	0	0	0	0	0	0	0	0	0	0	2.41241	11
GF4_C5_d45	0	0	0	0	0	0	0	0	0	0	0	0	11.49531	0	0	0	0	0.25262	0	0	0	0	5.50853	0	0	0	4.74986	0	0	0	0	7.57961	41.05807	0	11.64089	0	0	0	0	0	0	0	0	0	1.15614	0	0	9.8906	0	0	0	0	0	5.47731	0	0	0	0	0	0	0	0	0	0	0	1.19105	0	0	0	0	0	0	0	0	0	0	0	0	0	0	0	0	0	0	0	0	0	0	0	0	11
GF4_C5_d46	0	0	0	0	0	0	0	0	0	0	0	0	6.78781	0	0	0	0	0	0.23701	0	0	0	4.47639	0	0	0	25.71421	0	0	0	0	19.61413	24.49443	0	8.65401	0	0	0	0	0	0	0	0	0	0.05001	0	0	6.39266	0	0	0	0	0	3.41179	0	0	0	0	0	0	0	0	0	0	0	0.16755	0	0	0	0	0	0	0	0	0	0	0	0	0	0	0	0	0	0	0	0	0	0	0	0	11
GF5_A1_D46	0	0	0	0	0	0	0	0	0	0	0	0	1.24955	0	0	0	0	0	1.71203	0	0	0	0.89574	0	0	0	0	0	0	0	0	0	0.36101	0	0.07542	0	0	0	0	0	0	0	0	0	4.66852	0	0	46.70212	0.08495	0	0	40.27087	0	0	0.91979	0	0	0	0	0	0	0	0	0	0	0	0	0	0	0	0	0	0	0	0	0	0	0	0	0	0	0	0	0	0	0	0	0	0	3.06001	11
GF5_A7_D79	0	0	0	0	0	0	0	0	0	0	0	0	0.47309	0	0	0	0	6.49194	0.22149	0	0	0	3.02457	0	0	0	1.85617	0	0	0	0	0.61493	14.32097	0	0.30965	0	0	0	0	0	0	0	0	0	68.78224	0	0	3.71651	0	0	0	0	0	0.18845	0	0	0	0	0	0	0	0	0	0	0	0	0	0	0	0	0	0	0	0	0	0	0	0	0	0	0	0	0	0	0	0	0	0	0	0	11
GF5_A7_D87	0	0	0	0	0	0	0	0	0	0	0	0	43.7685	0	0	0	0	2.46371	0	0	0	0	6.04114	0	0	0	11.75023	0	0	0	0	9.9324	8.89685	0	4.46154	0	0	0	0	0	0	0	0	0	2.0601	0	0	1.40031	0	0	0	0	0	1.48353	0	0	0	0	0	0	0	0	0	0	0	0	0	0	0	0	0	0	0	0	0	0	0	0	0	0	0	0	0	0	0	0	0	0	0	7.74168	11
GF5_B1_D82	0	0	0	0	0	0	0	0	0	0	0	0	7.63627	0	0	0	0	0	21.41299	0	0	1.77204	4.8737	0	0	0	4.42945	0	0	0	0	1.70555	2.43914	0	2.12002	0	0	0	0	0	0	0	0	0	8.86903	0	0	43.51279	0	0	0	0	0	0	0	0	0	0	0	0	0	0	0	0	0	0	0	0	0	0	0	0	0	0	0	0	0	0	0	0	0	0	0	0	0	0	0	0	0	1.22902	11
GF5_B6_D84	0	0	0	0	0	0	0	0	0	0	0	0	0.35657	0	0	0	0	0	0.24805	0	0	0	0.90076	0	0	0	9.78884	0	0	0	0	8.85359	38.09607	0	35.48709	0	0	0	0	0	0	0	0	0	0.4513	0	0	4.08853	0	0	0	0	0	0.56397	0	0	0	0	0	0	0	0	0	0	0	1.16524	0	0	0	0	0	0	0	0	0	0	0	0	0	0	0	0	0	0	0	0	0	0	0	0	11
GF5_B7_COLON_190815	0	0	0	0	0	0	0	0	0	0	0	0	12.86159	0	0	0	0	1.11573	0	0	0	0	1.58832	0	0	0	9.51108	0	0	0	0	18.58187	7.04916	0	4.39304	0	0	0	0	0	0	0	0	0	28.64537	0	0	9.16769	0	0	0	0	0	0	0	0	0	0	0	0	0	0	0	0	0	1.20582	0	0	0	0	0	0	0	0	0	0	0	0	0	0	0	0	0	0	0	0	0	0	0	5.88034	11
GF6_A4_D93	0	0	0	0	0	0	0	0	0	0	0	0	1.94222	0	0	0	0	0	0.24165	0	0	0	3.52428	0	0	0	7.50878	0	0	0	0	5.22667	35.86604	0	27.50162	0	0	0	0	0	0	0	0	0	1.26584	0	0	13.91464	0	0	0	0	0	1.27716	0	0	0	0	0	0	0	0	0	0	0	1.73111	0	0	0	0	0	0	0	0	0	0	0	0	0	0	0	0	0	0	0	0	0	0	0	0	11
GF6_A8_D89	0	0	0	0	0	0	0	0	0	0	0	0	0.51218	0	0	0	0	16.1572	0	0	0	0	6.77909	0	0	0	1.0987	0	0	0	0	1.04032	38.89805	0	4.02314	0	0	0	0	0	0	0	0	0	3.93474	0	0	14.13335	0	0	0	0	0	8.73933	0	0	0	0	0	0	0	0	0	0	0	4.6839	0	0	0	0	0	0	0	0	0	0	0	0	0	0	0	0	0	0	0	0	0	0	0	0	11
GF6_A8_D91	0	0	0	0	0	0	0	0	0	0	0	0	13.16728	0	0	0	0	0	0.32497	0	0	0	15.90579	0	0	0	2.0767	0	0	0	0	2.99536	44.91178	0	8.72981	0	0	0	0	0	0	0	0	0	0	0	0	7.75896	0	0	0	0	0	0.51776	0	0	0	0	0	0	0	0	0	0	0	0.97064	0	0	0	0	0	0	0	0	0	0	0	0	0	0	0	0	0	0	0	0	0	0	0	2.64095	11
GF6_B1_D93	0	0	0	0	0	0	0	0	0	0	0	0	2.17353	0	0	0	0	7.88743	0	0	0	0	8.19319	0	0	0	0.70609	0	0	0	0	1.09362	19.26187	0	6.784	0	0	0	0	0	0	0	0	0	5.77667	0	0	44.82869	0	0	0	0	0	0.18163	0	0	0	0	0	0	0	0	0	0	0	3.11328	0	0	0	0	0	0	0	0	0	0	0	0	0	0	0	0	0	0	0	0	0	0	0	0	11
GF6_B3_D93	0	0	0	0	0	0	0	0	0	0	0	0	48.41796	0	0	0	0	1.9953	0.21902	0	0	0	1.9412	0	0	0	1.91202	0	0	0	0	12.52219	26.74732	0	1.45288	0	0	0	0	0	0	0	0	0	2.73232	0	0	1.75097	0	0	0	0	0	0.30883	0	0	0	0	0	0	0	0	0	0	0	0	0	0	0	0	0	0	0	0	0	0	0	0	0	0	0	0	0	0	0	0	0	0	0	0	11
GF7_B3_D36	0	0	0	0	0	0	0	0	0	0	0	0	0	0	0	0	0	1.98755	0	0	0	0	7.44845	0	0	0	0	0	0	32.03328	0	0.48968	18.62289	3.92169	0.05947	0	0	0	0	0	0	0	0	0	4.15868	0	0	30.75035	0	0	0	0	0.43636	0	0	0	0	0	0	0	0	0	0	0	0	0	0	0	0	0	0	0	0	0.0916	0	0	0	0	0	0	0	0	0	0	0	0	0	0	0	0	11
GF7_B4_D36	0	0	0	0	0	0	0	0	0	0	0	0	0	0	0	0	0	0.38819	0	0	0	0	5.58039	0	0	0	0	0	0	51.66435	0	0.69631	4.87913	5.32048	0.09755	0	0	0	0	0	0	0	0	0	0.79182	0	0	26.34762	0	0	0	1.6185	2.61566	0	0	0	0	0	0	0	0	0	0	0	0	0	0	0	0	0	0	0	0	0	0	0	0	0	0	0	0	0	0	0	0	0	0	0	0	0	11
GF7_B5_D36	0	0	0	0	0	0	0	0	0	0	0	0	0	0	0	0	0	1.72795	0	0	0	0	7.28261	0	0	0	0	0	0	36.41707	0	0.25031	13.7106	2.94944	0.10411	0	0	0	0	0	0	0	0	0	3.77015	0	0	32.63748	0	0	0	0	0.99581	0	0	0	0	0	0	0	0	0	0	0	0	0	0	0	0	0	0	0	0	0.15447	0	0	0	0	0	0	0	0	0	0	0	0	0	0	0	0	11
GF7_BDAM_D1	0	0	0	0	0	0	0	0	0	0	0	0	0	0	0	0	0	0	0	0	0	0	3.95187	0	0	0	0	0	0	2.82021	0	14.71443	0.73145	22.90984	0.28424	0	0	0	0	0	0	0	0	0	3.43427	0	0	0	0	0	0	47.85342	0	2.63216	0.17357	0	0	0	0	0	0	0	0	0	0	0	0	0	0	0	0	0	0	0	0	0	0	0	0	0	0	0	0	0	0	0	0	0	0	0.49455	11
GF7_C1_D30	0	0	0	0	0	0	0	0	0	0	0	0	0	0	0	0	0	0	0	0	0	0	2.21614	0	0	0	0	0	0	1.10739	0	0	3.43288	3.02997	1.87608	0	0	0	0	0	0	0	0	0	2.64286	0	0	0.18799	0.435	0	0	80.32067	3.18581	0	1.56521	0	0	0	0	0	0	0	0	0	0	0	0	0	0	0	0	0	0	0	0	0	0	0	0	0	0	0	0	0	0	0	0	0	0	0	11
GF8_B4_D30	0	0	0	0	0	0	0	0	0	0	0	0	0	0	0	0	0	0.43787	0	0	0	0	1.72951	0	0	0	0	0	0	2.57547	0	0	0.40907	0.87198	0.42855	0	0	0	0	0	0	0	0	0	3.48619	0	0	0.86756	0	0	0	86.88291	0	0.14887	2.16201	0	0	0	0	0	0	0	0	0	0	0	0	0	0	0	0	0	0	0	0	0	0	0	0	0	0	0	0	0	0	0	0	0	0	0	11
GF9_A1_D21	0	0	0	0	0	0	0	0	0	0	0	0	0	0	0	0	0	0	0	0	0	0	2.63504	0	0	0	0	0	0	30.42797	0	1.72182	1.3305	2.7928	11.26512	0	0	0	0	0	0	0	0	0	1.17944	0	0	20.83166	0	0	0	16.13541	0	11.57395	0.10629	0	0	0	0	0	0	0	0	0	0	0	0	0	0	0	0	0	0	0	0	0	0	0	0	0	0	0	0	0	0	0	0	0	0	0	11
GF9_C1_D21	0	0	0	0	0	0	0	0	0	0	0	0	0	0	0	0	0	0.39994	0	0	0	0	5.37802	0	0	0	0	0	0	47.74847	0	0.25012	15.20921	6.77984	7.12585	0	0	0	0	0	0	0	0	0	7.58516	0	0	3.31873	0	0	0	0	0	5.96058	0	0	0	0	0	0	0	0	0	0	0	0	0	0	0	0	0	0	0	0.24408	0	0	0	0	0	0	0	0	0	0	0	0	0	0	0	0	11
GF9_C6_D20	0	0	0	0	0	0	0	0	0	0	0	0	0	0	0	0	0	0	0	0	0	0	2.53187	0	0	0	0	0	0	24.97953	0	1.39688	1.04131	2.35752	9.22253	0	0	0	0	0	0	0	0	0	12.59346	0	0	21.87348	0	0	0	15.14238	0	8.17972	0.68133	0	0	0	0	0	0	0	0	0	0	0	0	0	0	0	0	0	0	0	0	0	0	0	0	0	0	0	0	0	0	0	0	0	0	0	11
gnoto1_AM3_d10	0	0	0	0	0	0	0	0	0	0	0	0	0	0	0	0	0	0.82995	0	0	0	0	1.65869	0	0	0	0	0	0	0.3225	0	0	2.31534	18.41387	0	0	0	0	0	0	0	0	0	0	3.78593	0	0	0	0	0	0	0	1.08248	34.89419	0.13282	0	0	0	0	0	0	0	0	0	0	0	0	0	0	0	0	0	0.3678	36.19642	0	0	0	0	0	0	0	0	0	0	0	0	0	0	0	0	11
gnoto1_BA2_d20_colon	0	0	0	0	0	0	0	0	0	0	0	0	42.7647	0	0	0	0	0.06365	0.13936	0	0	0	10.47756	0	0	0	0	0	0	0	0	20.56169	17.92958	0	2.99268	0	0	0	0	0	0	0	0	0	2.94396	0	0	0.77338	0	0	0	0	0	0.9477	0	0	0	0	0	0	0	0	0	0	0	0.40573	0	0	0	0	0	0	0	0	0	0	0	0	0	0	0	0	0	0	0	0	0	0	0	0	11
gnoto1_BP1_d20_colon	0	0	0	0	0	0	0	0	0	0	0	0	0.29532	0	0	0	0	1.30615	0	0	0	0	4.67109	0	0	0	45.63436	0	0	0	0	23.34233	12.56125	0	4.55109	0	0	0	0	0	0	0	0	0	4.90437	0	0	2.0883	0	0	0	0	0	0.2007	0	0	0	0	0	0	0	0	0	0	0	0.44504	0	0	0	0	0	0	0	0	0	0	0	0	0	0	0	0	0	0	0	0	0	0	0	0	11
gnoto1_BP2_d20_colon	0	0	0	0	0	0	0	0	0	0	0	0	0.80467	0	0	0	0	0.81193	0	0	0	0	5.61002	0	0	0	42.33869	0	0	0	0	31.35868	9.63092	0	4.2443	0	0	0	0	0	0	0	0	0	1.05189	0	0	3.24506	0	0	0	0	0	0.57131	0	0	0	0	0	0	0	0	0	0	0	0.33255	0	0	0	0	0	0	0	0	0	0	0	0	0	0	0	0	0	0	0	0	0	0	0	0	11
B1-colon	0	0	0	0	0	0	0	0	0	0	0	0	0	0	0	0	0.59563	0	0	0	0	0	10.87534	0	0	0	0	0	0	13.83594	0	10.53169	2.16178	51.91415	0.35333	0	0	0	0	0	0	0	0	0	0.09085	0	0	0	0	0	0	0	1.49469	0	0	0	0	0	0	0	0	0	0	0	0	0	0	0	0	0	1.70243	0	0	0	0	0	0	0	0	0	0	0	0	0	0	0	0	0.38186	0	6.06231	12
C1-d44	0	0	0	0	0	0	0	0	0	0	0	0	0	0	0	0	0	0.69851	0	0	0	0	8.60713	0	0	0	0	0	0	17.6158	0	11.53663	10.35453	32.28541	3.47464	0	0	0	0	0	0	0	0	0	1.26775	0	0	3.3823	0	0	0	0	0.02275	10.41717	0	0	0	0	0	0	0	0	0	0	0	0	0	0	0	0	0	0	0	0.33739	0	0	0	0	0	0	0	0	0	0	0	0	0	0	0	0	12
GF1_B5_D38	0	0	0	0	0	0	0	0	0	0	0	0	0	0	0	0	0	0.41019	0	0	0	0	8.39485	0	0	0	0	0	0	33.25909	0	2.93044	16.17289	26.85404	2.89208	0	0	0	0	0	0	0	0	0	2.32762	0	0	3.34596	0	0	0	0	0.16717	3.08235	0	0	0	0	0	0	0	0	0	0	0	0	0	0	0	0	0	0	0	0.16332	0	0	0	0	0	0	0	0	0	0	0	0	0	0	0	0	12
GF1_B7_D38	0	0	0	0	0	0	0	0	0	0	0	0	0	0	0	0	0	0.36629	0	0	0	0	8.63498	0	0	0	0	0	0	21.93516	0	1.838	11.91415	45.13451	2.7074	0	0	0	0	0	0	0	0	0	2.94926	0	0	2.37165	0	0	0	0	0.35825	1.61343	0	0	0	0	0	0	0	0	0	0	0	0	0	0	0	0	0	0	0	0.17692	0	0	0	0	0	0	0	0	0	0	0	0	0	0	0	0	12
GF10_A2_D34	0	0	0	0	0	0	0	0	0	0	0	0	0	0	0	0	0	0	0	0	0	0	3.16467	0	0	0	0	0	0	3.1799	0	1.67707	0.22268	8.44848	0	0	0	0	0	0	0	0	0	0	4.36083	0	0	0	0	0	0	75.83685	0.79807	0.25087	0.21578	0	0	0	0	0	0	0	0	0	0	0	0	0	0	0	0	0	0	0.68335	0	0	0	0	0	0	0	0	0	0	0	0	0	0	0	1.16145	12
GF10_Adam_d1	0	0	0	0	0	0	0	0	0	0	0	0	0	0	0	0	0	0	0.57522	0	0	0.60128	16.20144	0	35.61564	0	0	0	0	18.67286	2.14809	3.02666	2.14325	2.52762	0	0	0	0	0	0	0	0	0	0	3.39554	0	0	0	0	0	0	0	0	6.18029	0	0	0	0	0	0	0	0	0	0	0	0	0	0	0	0	0	0	0	8.91212	0	0	0	0	0	0	0	0	0	0	0	0	0	0	0	0	12
GF10_C4_d55	0	0	0	0	0	0	0.04279	0	0	0	0	0	36.084	0	0	0	0	0	0	0	0	0	20.06044	0	0	0	2.08463	0	0	0	0	23.50977	12.45071	0	0.6318	0	0	0	0	0	0	0	0	0	1.70866	0	0	1.53002	0	0	0	0	0	0.90128	0	0	0	0	0	0	0	0	0	0	0	0.11924	0	0	0	0	0	0	0	0	0	0	0	0	0	0	0	0	0	0	0	0	0	0	0	0.87668	12
GF10_Cdam_d0	0	0	0	0	0	0	0	0	0	0	0	0	36.5025	0	0	0	0	0	0	0	0	0	17.16815	0	0	0	2.32071	0	0	0	0	25.10676	8.50472	0.75774	0.66201	0	0	0	0	0	0	0	0	0	0.71078	0	0	0.26915	0	0	0	0	0	0.67313	0	0	0	0	0	0	0	0	0	0	0	0.19669	0	0	0	0	0	0	0	0	0	0	0	0	0	0	0	0	0	0	0	0	0	0	0	7.12766	12
GF11_A_DAM_D0	0	0	0	0	0	0	0	0	17.10335	0	0	0	3.73258	0	0	0	0	0	6.55833	0	0	0	0.52698	0	0	0	0	0	0	1.41866	0	0.26886	0	0	0.45943	0	0	0	0	0	0	0	0	0	20.90831	0	0	6.26809	3.93963	0	0	29.55213	0	0	0	0	0	0	0	0	0	0	0	0	0	0	0	0	0	0	0	0	0	0	0	0	0	0	0	0	0	0	0	0	0	0	0	9.26366	0	0	12
GF14_A_d66_stool	0	0	0	0	0	0	0	0	0	0	0	0	0	0	0	0	0	0	0	0	0	0	4.84714	0	0	0	0	0	0	17.46406	0	4.8705	1.95802	47.04066	0.44324	0	0	0	0	0	0	0	0	0	7.49888	0	0	2.3194	0.50445	0	0	0	1.99791	0	0	0	0	0	0	0	0	0	0	0	0	0	0	0	0	0	0	0	0	3.59906	0	0	0	0	0	0	0	0	0	0	0	0	0	7.4567	0	0	12
GF14_A_Dam_d21	0	0	0	0	0	0	0	0	0	0	0	0	0	0	0	0	0	0	4.79323	0	0	0.33455	14.93126	0	0	0	0	0	0	22.30588	0	14.21267	5.36373	31.10371	0.2041	0	0	0	0	0	0	0	0	0	3.24742	0	0	0.71898	0	0	0	0	0.6141	0	0	0	0	0	0	0	0	0	0	0	0	0	0	0	0	0	0	0	0	2.17038	0	0	0	0	0	0	0	0	0	0	0	0	0	0	0	0	12
GF14_Adam_d51_stool	0	0	0	0	0	0	0	0	0	0	0	0	0	0	0	0	0	0	2.6774	0	0	0.51142	4.57454	0	0	0	0	0	0	27.62716	0	7.36625	3.27159	38.26993	0.20211	0	0	0	0	0	0	0	0	0	6.03345	0	0	3.79682	0	0	0	0	2.3862	0	0	0	0	0	0	0	0	0	0	0	0	0	0	0	0	0	0	0	0	3.28313	0	0	0	0	0	0	0	0	0	0	0	0	0	0	0	0	12
GF14_Adam_d78_stool	0	0	0	0	0	0	0	0	0	0	0	0	0	0	0	0	0	0	2.0264	0	0	0.50811	6.94034	0	0	0	0	0	0	35.02377	0	8.07226	1.79751	29.53923	0.62724	0	0	0	0	0	0	0	0	0	6.5562	0	0	1.14628	0	0	0	0	3.41095	0	0	0	0	0	0	0	0	0	0	0	0	0	0	0	0	0	0	0	0	4.35172	0	0	0	0	0	0	0	0	0	0	0	0	0	0	0	0	12
GF14_Bdam_d18_stool	0	0	0	0	0	0	0	0	0	0	0	0	0	0	0	0	0	0	3.66272	0	0	0	9.91037	0	0	0	0	0	0	23.43233	0	13.30782	4.2941	23.98291	0	0	0	0	0	0	0	0	0	0	9.03343	0	0	2.17811	0.75837	0	0	0	0.40741	2.06827	0	0	0	0	0	0	0	0	0	0	0	0	0	0	0	0	0	0	0	6.96416	0	0	0	0	0	0	0	0	0	0	0	0	0	0	0	0	12
GF14_cdam_d5_stool	0	0	0	0	0	0	0	0	0	0	0	0	0	0	0	0	0	0	1.15579	0	0	0	8.31171	0	0	0	0	0	0	17.50428	0	9.05205	3.13319	32.55228	0	0	0	0	0	0	0	0	0	0	9.95007	0	0	1.17537	0.01807	0	0	0.2861	0	8.2841	0	0	0	0	0	0	0	0	0	0	0	0	0	0	0	0	0	0	0	8.57699	0	0	0	0	0	0	0	0	0	0	0	0	0	0	0	0	12
GF15_adam_d11_stool	0.61614	0	0	0	0	0	0.13949	0	0.55892	0	0	0	75.43778	0	0	0	0	0	0.41004	0	0	0	2.05621	0	0	0	0	0	0	0	0	2.1631	6.46062	0	0	0	0	0	0	0	0	0	0	0	2.95342	0	0	2.31675	0.34061	0	0	0	0	0	0	0	0	0	0	0	0	0	0	0	0	0	0	0	0	0	0	0	0	0	0	0	0	0	0	0	0	0	0	0	0	0	0	6.54693	0	0	12
GF2_A_dam_day19	0	0	0	0	0	0	0	0	0	0	0	0	24.11772	0	0	0	0	0	0.70188	0	0	0	13.45147	0	0	0	2.89436	0	0	0	0	31.42625	16.01765	0	4.49104	0	0	0	0	0	0	0	0	0	3.03895	0	0	2.11969	0	0	0	0	0	0.23691	0	0	0	0	0	0	0	0	0	0	0	0.77949	0	0.72458	0	0	0	0	0	0	0	0	0	0	0	0	0	0	0	0	0	0	0	0	0	0	12
GF2_A3_Colon	0.11746	0	0	0	0	0	0	0	0	0	0	0	31.15661	0	0	0	0	0	0.49897	0	40.93361	0	5.23335	0	0	0	0	0	0	0	0	11.26264	7.66557	0	0.33659	0	0	0	0	0	0	0	0	0	1.01388	0	0	0.52291	0	0	0	0	0	0.84172	0	0	0	0	0	0	0	0	0	0	0	0.4167	0	0	0	0	0	0	0	0	0	0	0	0	0	0	0	0	0	0	0	0	0	0	0	0	12
GF2_A4_day42	0	0	0	0	0	0	0	0	0	0	0	0	11.27871	0	0	0	0	0	16.59189	0	25.48066	2.54436	1.95667	0	0	0	0.18826	0	0	0	0	5.29405	5.09087	0	0.12785	0	0	0	0	0	0	0	0	0	0.81482	0	0	30.54756	0	0	0	0	0	0.08432	0	0	0	0	0	0	0	0	0	0	0	0	0	0	0	0	0	0	0	0	0	0	0	0	0	0	0	0	0	0	0	0	0	0	0	0	12
GF2_A5_day42	0	0	0	0	0	0	0	0	0	0	0	0	24.67441	0	0	0	0	0	11.17588	0	9.36241	1.69913	5.06285	0	0	0	0	0	0	0	0	8.65742	13.22281	0	0.52844	0	0	0	0	0	0	0	0	0	1.10749	0	0	23.67087	0	0	0	0	0	0.72498	0	0	0	0	0	0	0	0	0	0	0	0.1133	0	0	0	0	0	0	0	0	0	0	0	0	0	0	0	0	0	0	0	0	0	0	0	0	12
GF2_A6_D39	0	0	0	0	0	0	0	0	0	0	0	0	0.27811	0	0	0	0	0	1.01587	0	6.13783	0.3708	6.45464	0	0	0	10.32963	0	0	0	0	5.33806	20.71481	0	38.78201	0	0	0	0	0	0	0	0	0	1.21138	0	0	6.93814	0	0	0	0	0	2.42874	0	0	0	0	0	0	0	0	0	0	0	0	0	0	0	0	0	0	0	0	0	0	0	0	0	0	0	0	0	0	0	0	0	0	0	0	12
GF2_A6_day30	0.03211	0	0	0	0	0	0	0	0	0	0	0	51.4989	0	0	0	0	1.95807	2.30941	0	0	0.07901	3.72206	0	0	0	0	0	0	0	0	18.49532	11.74334	0	0.7481	0	0	0	0	0	0	0	0	0	1.25683	0	0	6.63204	0	0	0	0	0	1.52483	0	0	0	0	0	0	0	0	0	0	0	0	0	0	0	0	0	0	0	0	0	0	0	0	0	0	0	0	0	0	0	0	0	0	0	0	12
GF2_B2_day37	0	0	0	0	0.01032	0	0	0	0	0	0	0	48.01128	0	0	0	0	0	0.05105	0	0	0	3.68503	0	0	0	6.04594	0	0	0	0	27.46744	11.52112	0	0.10433	0	0	0	0	0	0	0	0	0	0.13582	0	0	1.22322	0	0	0	0	0	1.6991	0	0	0	0	0	0	0	0	0	0	0	0.04535	0	0	0	0	0	0	0	0	0	0	0	0	0	0	0	0	0	0	0	0	0	0	0	0	12
GF2_B2_day41	0	0	0	0	0	0	0	0	0	0	0	0	20.51453	0	0	0	0	1.67042	2.88499	0	4.41381	0.52261	1.4606	0	0	0	0	0	0	0	0	6.48974	8.08549	0	0.05753	0	0	0	0	0	0	0	0	0	8.31744	0	0	43.56443	0	0	0	0	0	0	0	0	0	0	0	0	0	0	0	0	0	0	0	0	0	0	0	0	0	0	0	0	0	0	0	0	0	0	0	0	0	0	0	0	0	2.01842	12
GF2_B3_day44	0	0	0	0	0	0	0	0	0	0	0	0	1.55405	0	0	0	0	0.13242	0	0	27.39873	0	5.19355	0	0	0	14.32139	0	0	0	0	13.35266	26.57175	0	5.66515	0	0	0	0	0	0	0	0	0	0.41444	0	0	3.34803	0	0	0	0	0	2.02293	0	0	0	0	0	0	0	0	0	0	0	0	0	0	0	0	0	0	0	0	0	0	0	0	0	0	0	0	0	0	0	0	0	0	0	0.02488	12
GF2_B5_d34	0	0	0	0	0	0	0	0	0	0	0	0	49.23939	0	0	0	0	0.16049	0.40791	0	0	0.15952	3.18284	0	0	0	3.21289	0	0	0	0	22.02022	15.44228	0	2.06448	0	0	0	0	0	0	0	0	0	2.44625	0	0	1.04879	0	0	0	0	0	0.61494	0	0	0	0	0	0	0	0	0	0	0	0	0	0	0	0	0	0	0	0	0	0	0	0	0	0	0	0	0	0	0	0	0	0	0	0	12
GF2_B5_day31	0	0	0	0	0	0	0	0	0	0	0	0	0.22288	0	0	0	0	2.29295	0.51469	0	0	0	8.05097	0	0	0	2.14379	0	0	0	0	0.41193	40.34672	0	42.76492	0	0	0	0	0	0	0	0	0	0.11143	0	0	1.82348	0.11846	0	0	0	0	1.19778	0	0	0	0	0	0	0	0	0	0	0	0	0	0	0	0	0	0	0	0	0	0	0	0	0	0	0	0	0	0	0	0	0	0	0	0	12
GF2_B5_day37	0	0	0	0	0	0	0	0	0	0	0	0	55.30461	0	0	0	0	0	0.21861	0	0	0	4.8887	0	0	0	0.66537	0	0	0	0	22.16483	11.84256	0	0.28347	0	0	0	0	0	0	0	0	0	0.23473	0	0	2.14623	0	0	0	0	0	0.89103	0	0	0	0	0	0	0	0	0	0	0	0.19251	0	0	0	0	0	0	0	0	0	0	0	0	0	0	0	0	0	0	0	0	0	0	0	1.16735	12
GF3_C4_day34	0	0	0	0	0	0	0	0	0	0	0	0	39.39194	0	0	0	0	1.58933	0	0	0	0	4.79288	0	0	0	0.14686	0	0	0	0	20.12075	13.03006	0	0.44898	0	0	0	0	0	0	0	0	0	4.68994	0	0	9.38098	1.11441	0	0	0	0	0	0	0	0	0	0	0	0	0	0	0	0	0	0	0	0	0	0	0	0	0	0	0	0	0	0	0	0	0	0	0	0	0	0	1.13564	0	4.15824	12
GF3_C9_day32	0	0	0	0	0	0	0	0	0	0	0	0	62.07286	0	0	0	0	0.36018	1.02359	0	13.21289	0	3.34125	0	0	0	0	0	0	0	0	7.46553	10.39427	0	0.45056	0	0	0	0	0	0	0	0	0	0.51616	0	0	0.70873	0	0	0	0	0	0.38878	0	0	0	0	0	0	0	0	0	0	0	0.06521	0	0	0	0	0	0	0	0	0	0	0	0	0	0	0	0	0	0	0	0	0	0	0	0	12
GF4_C2_d43	0	0	0	0	0	0	0	0	0	0	0	0	1.71639	0	0	0	0	0.20063	0.31122	0	0	0	7.73972	0	0	0	1.486	0	0	0	0	5.20343	42.84994	0	29.80404	0	0	0	0	0	0	0	0	0	0.68046	0	0	6.79104	0	0	0	0	0	2.3379	0	0	0	0	0	0	0	0	0	0	0	0.87922	0	0	0	0	0	0	0	0	0	0	0	0	0	0	0	0	0	0	0	0	0	0	0	0	12
GF4_C2_d45	0	0	0	0	0	0	0	0	0	0	0	0	2.39023	0	0	0	0	0.11053	0	0	0	0	6.84343	0	0	0	12.13815	0	0	0	0	26.70028	26.90415	0	5.77644	0	0	0	0	0	0	0	0	0	0.40793	0	0	5.47814	0	0	0	0	0	3.70206	0	0	0	0	0	0	0	0	0	0	0	0.53302	0	0	0	0	0	0	0	0	0	0	0	0	0	0	0	0	0	0	0	0	0	0	0	9.01563	12
GF4_C2_d46	0	0	0	0	0	0	0	0	0	0	0	0	15.77826	0	0	0	0	0	0.23041	0	0	0	4.30797	0	0	0	16.33271	0	0	0	0	25.29939	17.29613	0	0.78347	0	0	0	0	0	0	0	0	0	0.55526	0	0	6.93302	0	0	0	0	0	5.29939	0	0	0	0	0	0	0	0	0	0	0	0.44766	0	0	0	0	0	0	0	0	0	0	0	0	0	0	0	0	0	0	0	0	0	0	0	6.73634	12
GF4_C3_d44	0	0	0	0	0	0	0	0	0	0	0	0	15.21052	0	0	0	0	0.13481	0	0	0	0	6.21975	0	0	0	0.63776	0	0	0	0	7.93151	42.50593	0	14.00846	0	0	0	0	0	0	0	0	0	1.39174	0	0	3.92503	0	0	0	0	0	2.61039	0	0	0	0	0	0	0	0	0	0	0	0.61044	0	0	0	0	0	0	0	0	0	0	0	0	0	0	0	0	0	0	0	0	0	0	0	4.81368	12
GF4_C3_d45	0	0	0	0	0	0	0	0	0	0	0	0	19.36727	0	0	0	0	0.39595	0.47986	0	0	0	5.29142	0	0	0	10.82971	0	0	0	0	17.38419	29.30837	0	5.64853	0	0	0	0	0	0	0	0	0	0.67251	0	0	3.76753	0	0	0	0	0	5.99813	0	0	0	0	0	0	0	0	0	0	0	0.85654	0	0	0	0	0	0	0	0	0	0	0	0	0	0	0	0	0	0	0	0	0	0	0	0	12
GF4_C5_d43	0	0	0	0	0	0	0	0	0	0	0	0	0.08055	0	0	0	0	0.43686	0.05029	0	0	0	6.06285	0	0	0	0.21576	0	0	0	0	0.29283	43.7416	0	36.19179	0	0	0	0	0	0	0	0	0	0.2774	0	0	9.65449	0	0	0	0	0	1.63764	0	0	0	0	0	0	0	0	0	0	0	1.35793	0	0	0	0	0	0	0	0	0	0	0	0	0	0	0	0	0	0	0	0	0	0	0	0	12
GF5_A6_D82	0	0	0	0	0	0	0	0	0	0	0	0	12.94094	0	0	0	0	0	0	0	0	0	1.14872	0	0	0	5.51433	0	0	0	0	3.50099	22.81087	0	21.53104	0	0	0	0	0	0	0	0	0	4.12917	0	0	11.96711	0	0	0	9.45176	0	6.46503	0	0	0	0	0	0	0	0	0	0	0	0.22636	0	0	0	0	0	0	0	0	0	0	0	0	0	0	0	0	0	0	0	0	0	0	0	0.31367	12
GF5_A7_COLON_190815	0	0	0	0	0.02094	0	0	0	0	0	0	0	84.59781	0	0	0	0	0.34903	0.46815	0	0	0	0	0	0	0	0	0	0	0	0	1.0454	1.37577	0	0.22065	0	0	0	0	0	0	0	0	0	5.47999	0	0	1.30356	0	0	0	0	0	0.42928	0	0	0	0	0	0	0	0	0	0	0	0.36595	0	0	0	0	0	0	0	0	0	0	0	0	0	0	0	0	0	0	0	0	0	0	0	4.34345	12
GF5_B1_COLON_190815	0	0	0	0	0	0	0	0	0	0	0	0	6.1868	0	0	0	0	0	0.83304	0	0	0.3039	1.41464	0	0	0	21.62704	0	0	0	0	37.00708	6.81215	0	5.14274	0	0	0	0	0	0	0	0	0	4.96663	0	0	2.07491	0	0	0	0	0	1.5794	0	0	0	0	0	0	0	0	0	0	0	0	0	0	0	0	0	0	0	0	0	0	0	0	0	0	0	0	0	0	0	0	0	0	0	12.05166	12
GF5_B3_COLON_190815	0	0	0	0	0	0	0	0	0	0	0	0	9.90658	0	0	0	0	0.19219	0.93176	0	0	0.19802	0	0	0	0	7.13153	0	0	0	0	62.04368	4.22204	0	2.48915	0	0	0	0	0	0	0	0	0	7.27749	0	0	3.80561	0	0	0	0	0	1.5894	0	0	0	0	0	0	0	0	0	0	0	0.21255	0	0	0	0	0	0	0	0	0	0	0	0	0	0	0	0	0	0	0	0	0	0	0	0	12
GF5_B6_COLON_190815	0	0	0	0	0	0	0	0	0	0	0	0	20.56245	0	0	0	0	0.31398	0	0	0	0	0.6912	0	0	0	12.08068	0	0	0	0	20.70746	9.7843	0	3.66733	0	0	0	0	0	0	0	0	0	11.25762	0	0	4.8934	0	0	0	0	0	1.10678	0	0	0	0	0	0	0	0	0	0	0	1.46622	0	0	0	0	0	0	0	0	0	0	0	0	0	0	0	0	0	0	0	0	0	0	0	13.46858	12
GF5_C_DAM_D3	0	0	0	0	0	0	0	0	0	0	0	0	51.64013	0	0	0	0	1.85545	0	0	0	0	5.62902	0	0	0	1.44426	0	0	0	0	21.94825	12.78963	0	0.91569	0	0	0	0	0	0	0	0	0	1.28179	0	0	1.87192	0.11644	0	0	0	0	0	0	0	0	0	0	0	0	0	0	0	0	0.00768	0	0	0	0	0	0	0	0	0	0	0	0	0	0	0	0	0	0	0	0	0	0.49972	0	0	12
GF5_C1_D47	0.13587	0	0	0	0	0	0	0	0	0	0	0	0	0	0	0	0	0	0	0	0	0	3.3989	0	0	0	2.37046	0	0	0	0	0	7.15099	0	4.31607	0	0	0	0	0	0	0	0	0	1.96302	0	0	37.34403	5.17986	0	0	28.78524	0	0	0.45562	0	0	0	0	0	0	0	0	0	0	5.66158	0	0	0	0	0	0	0	0	0	0	0	0	0	0	0	0	0	0	0	0	0	0	0	3.23835	12
GF6_A5_D91	0	0	0	0	0	0	0	0	0	0	0	0	7.51813	0	0	0	0	16.24041	0	0	0	0	7.60575	0	0	0	0.58665	0	0	0	0	0	16.86088	0	11.15283	0	0	0	0	0	0	0	0	0	11.98946	0	0	4.87252	0	0	0	0	0.06904	22.82588	0.20184	0	0	0	0	0	0	0	0	0	0	0	0	0	0	0	0	0	0	0	0	0	0	0	0	0	0	0	0	0	0	0	0	0.07662	0	0	12
GF6_A6_D91	0	0	0	0	0	0	0	0	0	0	0	0	1.27025	0	0	0	0	8.2037	0.23552	0	0	0	12.5622	0	0	0	5.401	0	0	0	0	0	29.43617	0	11.28782	0	0	0	0	0	0	0	0	0	13.9797	0	0	11.67438	0	0	0	0	0	3.94974	0	0	0	0	0	0	0	0	0	0	0	1.97984	0	0	0	0	0	0	0	0	0	0	0	0	0	0	0	0	0	0	0	0	0	0.01969	0	0	12
GF6_B6_COLON_D105	0	0	0	0	0	0	0	0	0	0	0	0	25.53486	0	0	0	0	1.12189	0.213	0	0	0	25.61531	0	0	0	1.85726	0	0	0	0	26.2441	16.16318	0	0.46237	0	0	0	0	0	0	0	0	0	0.91414	0	0	1.22046	0	0	0	0	0	0.45401	0	0	0	0	0	0	0	0	0	0	0	0.19942	0	0	0	0	0	0	0	0	0	0	0	0	0	0	0	0	0	0	0	0	0	0	0	0	12
GF7_A3_COLON_D47	0	0	0	0	0	0	0	0	0	0	0	0	0	0	0	0	0	0.19759	0	0	0	0	12.33405	0	0	0	0	0	0	32.19554	0	0.20424	7.85311	19.59566	3.84845	0	0	0	0	0	0	0	0	0	2.08882	0	0	15.21626	0	0	0	1.05006	0.24487	5.17134	0	0	0	0	0	0	0	0	0	0	0	0	0	0	0	0	0	0	0	0	0	0	0	0	0	0	0	0	0	0	0	0	0	0	0	0	12
GF7_B1_D31	0	0	0	0	0	0	0	0	0	0	0	0	0	0	0	0	0	0	0	0	0	0	1.97688	0	0	0	0	0	0	12.70193	0	0.39552	1.47055	3.62268	0.48763	0	0	0	0	0	0	0	0	0	1.90577	0	0	11.11536	3.97414	0	0	61.62394	0	0	0.61864	0	0	0	0	0	0	0	0	0	0	0	0	0	0	0	0	0	0	0.10696	0	0	0	0	0	0	0	0	0	0	0	0	0	0	0	0	12
GF8_A2_D35	0	0	0	0	0	0	0	0	0	0	0	0	0	0	0	0	0	21.26726	0	0	0	0	2.39996	0	0	0	0	0	0	11.23461	0	0.1653	0.61085	1.72936	0.41386	0	0	0	0	0	0	0	0	0	0	0	0	22.70973	0	0	0	20.74729	17.8776	0.28779	0.55639	0	0	0	0	0	0	0	0	0	0	0	0	0	0	0	0	0	0	0	0	0	0	0	0	0	0	0	0	0	0	0	0	0	0	0	12
GF8_A3_D30	0	0	0	0	0	0	0	0	0	0	0	0	0.45107	0	0	0	0	0	0	0	0	0	3.16052	0	0	0	0.12731	0	0	3.41517	0	2.79425	1.07406	4.75679	0	0	0	0	0	0	0	0	0	0	1.98807	0	0	0	0	0	0	79.67169	1.35032	0	0.44376	0	0	0	0	0	0	0	0	0	0	0	0	0	0	0	0	0	0	0	0	0	0	0	0	0	0	0	0	0	0	0	0	0	0	0.76699	12
GF8_B5_D35	0	0	0	0	0	0	0	0	0	0	0	0	0	0	0	0	0	1.57178	0	0	0	0	8.51024	0	0	0	0	0	0	41.27537	0	1.65395	4.14052	9.81898	3.99542	0	0	0	0	0	0	0	0	0	0.17001	0	0	5.84896	0	0	0	10.33853	12.53837	0	0.13788	0	0	0	0	0	0	0	0	0	0	0	0	0	0	0	0	0	0	0	0	0	0	0	0	0	0	0	0	0	0	0	0	0	0	0	12
GF8_B6_D33	0	0	0	0	0	0	0	0	0	0	0	0	0	0	0	0	0	3.08229	0	0	0	0	15.82297	0	0	0	0	0	0	27.15123	0	1.15728	4.85527	0.27753	18.152	0	0	0	0	0	0	0	0	0	10.27133	0	0	2.89647	0	0	0	5.81202	7.72689	2.79471	0	0	0	0	0	0	0	0	0	0	0	0	0	0	0	0	0	0	0	0	0	0	0	0	0	0	0	0	0	0	0	0	0	0	0	0	12
GF8_C7_D33	0	0	0	0	0	0	0	0	0	0	0	0	0	0	0	0	0	0	0	0	0	0	7.31503	0	0	0	0	0	0	27.52468	0	3.10016	2.03048	17.42875	6.69359	0	0	0	0	0	0	0	0	0	3.95398	0	0	2.19064	0	0	0	15.64416	3.12959	7.5059	0	0	0	0	0	0	0	0	0	0	0	0	0	0	0	0	0	0	0	0	0	0	0	0	0	0	0	0	0	0	0	0	0	0	0	3.48304	12
GF9_A1_D20	0	0	0	0	0	0	0	0	0	0	0	0	0	0	0	0	0	0.18612	0	0	0	0	9.16047	0	0	0	0	0	0	26.18842	0	1.78834	2.33654	0.36871	30.36711	0	0	0	0	0	0	0	0	0	4.84791	0	0	11.62413	0	0	0	8.51349	0	4.43978	0.17899	0	0	0	0	0	0	0	0	0	0	0	0	0	0	0	0	0	0	0	0	0	0	0	0	0	0	0	0	0	0	0	0	0	0	0	12
GF9_A3_D19	0	0	0	0	0	0	0	0	0	0	0	0	0	0	0	0	0	0	0.74851	0	0	0	11.34642	0	0	0	0	0	0	24.63353	0	0.88442	1.58016	0.28738	6.05294	0	0	0	0	0	0	0	0	0	4.07406	0	0	13.62727	0	0	0	26.90079	0	9.15672	0.70779	0	0	0	0	0	0	0	0	0	0	0	0	0	0	0	0	0	0	0	0	0	0	0	0	0	0	0	0	0	0	0	0	0	0	0	12
GF9_A3_D21	0	0	0	0	0	0	0	0	0	0	0	0	0	0	0	0	0	0	0	0	0	0	2.88447	0	0	0	0	0	0	44.24817	0	1.70224	6.59482	1.93357	3.93469	0	0	0	0	0	0	0	0	0	1.34615	0	0	24.18534	0	0	0	3.69217	0.28069	8.83326	0	0	0	0	0	0	0	0	0	0	0	0	0	0	0	0	0	0	0	0	0	0	0	0	0	0	0	0	0	0	0	0	0	0	0	0.36445	12
GF9_A4_D20	0	0	0	0	0	0	0	0	0	0	0	0	0	0	0	0	0	0.5694	0	0	0	0	10.41666	0	0	0	0	0	0	23.23182	0	1.82047	2.84771	2.66294	18.62388	0	0	0	0	0	0	0	0	0	9.30427	0	0	10.03772	0	0	0	16.39391	0	3.81622	0	0	0	0	0	0	0	0	0	0	0	0	0	0	0	0	0	0	0	0.27499	0	0	0	0	0	0	0	0	0	0	0	0	0	0	0	0	12
GF9_C3_D20	0	0	0	0	0	0	0	0	0	0	0	0	0	0	0	0	0	1.18512	0	0	0	0	8.18983	0	0	0	0	0	0	22.81828	0	1.45511	2.47429	1.83147	12.28596	0	0	0	0	0	0	0	0	0	36.06277	0	0	5.13238	0	0	0	5.74551	0.46005	2.35922	0	0	0	0	0	0	0	0	0	0	0	0	0	0	0	0	0	0	0	0	0	0	0	0	0	0	0	0	0	0	0	0	0	0	0	0	12
Gn3_7D_dam_210818	0	0	0	0	0	0	0	0	0	0	0	0	64.23431	0	0	0	0	1.06832	0.35984	0	0	0	2.14387	0	0	0	0.78789	0	0	0	0	13.39054	5.45222	0	0.70283	0	0	0	0	0	0	0	0	0	4.91059	0	0	3.58467	0	0	0	0	0	2.4455	0	0	0	0	0	0	0	0	0	0	0	0.9194	0	0	0	0	0	0	0	0	0	0	0	0	0	0	0	0	0	0	0	0	0	0	0	0	12
gnoto1_AM1_d20_colon	0	0	0	0	0	0	0	0	0	0	0	0	0	0	0	0	0	1.48637	0	0	0	0	7.72203	0	0	0	0	0	0	32.15158	0	17.64699	2.76086	18.67581	1.84769	0	0	0	0	0	0	0	0	0	7.57413	0	0	3.81357	0	0	0	0.95401	4.55698	0	0	0	0	0	0	0	0	0	0	0	0	0	0	0	0	0	0	0	0	0.80997	0	0	0	0	0	0	0	0	0	0	0	0	0	0	0	0	12
gnoto1_AM2_d10	0	0	0	0	0	0	0	0	0	0	0	0	0	0	0	0	0	1.98783	0	0	0	0	3.02304	0	0	0	0	0	0	0.39561	0	0	1.08392	10.69547	0	0	0	0	0	0	0	0	0	0	2.21389	0	0	0.10938	0	0	0	0	1.41217	69.1621	0.14272	0	0	0	0	0	0	0	0	0	0	0	0	0	0	0	0	0	0.11863	9.65525	0	0	0	0	0	0	0	0	0	0	0	0	0	0	0	0	12
gnoto1_AM2_d20_colon	0	0	0	0	0	0	0	0	0	0	0	0	0	0	0	0	0	3.645	0	0	0	0	6.34553	0	0	0	0	0	0	39.50911	0	21.05704	1.66406	9.5275	1.10837	0	0	0	0	0	0	0	0	0	3.5467	0	0	3.88041	0	0	0	0.66982	7.40576	0	0	0	0	0	0	0	0	0	0	0	0	0	0	0	0	0	0	0	0	1.64071	0	0	0	0	0	0	0	0	0	0	0	0	0	0	0	0	12
gnoto1_AM4_d10	0	0	0	0	0	0	0	0	0	0	0	0	0	0	0	0	0	1.77856	0	0	0	0	1.69071	0	0	0	0	0	0	1.80157	0	0	1.07738	5.93334	0.0286	0	0	0	0	0	0	0	0	0	1.13602	0	0	0	0	0	0	0	0.71838	78.8458	0.13092	0	0	0	0	0	0	0	0	0	0	0	0	0	0	0	0	0	0.15028	6.70843	0	0	0	0	0	0	0	0	0	0	0	0	0	0	0	0	12
gnoto1_AM4_d20_colon	0	0	0	0	0	0	0	0	0	0	0	0	0	0	0	0	0	0.92614	0	0	0	0	6.59634	0	0	0	0	0	0	32.86842	0	20.83187	2.11949	18.43669	0.99645	0	0	0	0	0	0	0	0	0	5.75981	0	0	3.5034	0	0	0	0.60764	6.60512	0	0	0	0	0	0	0	0	0	0	0	0	0	0	0	0	0	0	0	0	0.74863	0	0	0	0	0	0	0	0	0	0	0	0	0	0	0	0	12
gnoto1_AP1_d19_colon	0	0	0	0	0	0	0	0	0	0	0	0	0	0	0	0	0	0	0	0	0	0	3.52192	0	0	0	0	0	0	22.57242	0	9.30701	4.71767	10.52699	1.78255	0	0	0	0	0	0	0	0	0	29.43771	0	0	11.71175	0	0	0	2.89447	2.14669	1.3012	0	0	0	0	0	0	0	0	0	0	0	0	0	0	0	0	0	0	0	0.07962	0	0	0	0	0	0	0	0	0	0	0	0	0	0	0	0	12
gnoto1_AP4_d20_colon	0	0	0	0	0	0	0	0	0	0	0	0	0	0	0	0	0	0.30572	0	0	0	0	7.82243	0	0	0	0	0	0	36.56156	0	13.60345	4.41436	22.93871	0.74121	0	0	0	0	0	0	0	0	0	3.23017	0	0	2.70965	0	0	0	0.87263	5.21946	0	0	0	0	0	0	0	0	0	0	0	0	0	0	0	0	0	0	0	0	1.58065	0	0	0	0	0	0	0	0	0	0	0	0	0	0	0	0	12
b2-d33	0	0	0	0	0	0	0	0	0	0	0	0	0	0	0	0	0	0.05182	0	0	0	0	3.45998	0	0	0	0	0	0	4.53197	0	0	8.50855	11.87878	0.20869	0	0	0	0	0	0	0	0	0	1.54524	0	0	0.95032	1.37785	0	0	66.68261	0.04477	0	0.67252	0	0	0	0	0	0	0	0	0	0	0	0	0	0	0	0	0	0	0.08691	0	0	0	0	0	0	0	0	0	0	0	0	0	0	0	0	13
B3-d34	0	0	0	0	0	0	0	0	0	0	0	0	0	0	0	0	0	4.20943	0	0	0	0	2.35398	0	0	0	0	0	0	14.44297	0	0.79903	11.31728	15.13811	8.99975	0	0	0	0	0	0	0	0	0	2.56496	0	0	0.79495	0.77603	0	0	38.11448	0	0	0.35932	0	0	0	0	0	0	0	0	0	0	0	0	0	0	0	0	0	0	0.12973	0	0	0	0	0	0	0	0	0	0	0	0	0	0	0	0	13
B6-d34	0	0	0	0	0	0	0	0	0	0	0	0	0	0	0	0	0	0	0	0	0	0	2.86974	0	0	0	0	0	0	9.25291	0	0.1762	11.48472	7.53993	5.74367	0	0	0	0	0	0	0	0	0	3.20839	0	0	3.19426	0.61529	0	0	55.34997	0.01274	0	0.4971	0	0	0	0	0	0	0	0	0	0	0	0	0	0	0	0	0	0	0.05507	0	0	0	0	0	0	0	0	0	0	0	0	0	0	0	0	13
C1	0	0	0	0	0	0	0	0	0	0	0	0	0	0	0	0	0	0	0.03403	0	0	0	3.74031	0	0	0	0	0	0	6.0592	0	17.45695	2.20282	56.03433	0.29091	0	0	0	0	0	0	0	0	0	1.257	0	0	0	0	0	0	11.3997	0	1.18656	0.09384	0	0	0	0	0	0	0	0	0	0	0	0	0	0	0	0	0	0	0.10282	0	0	0	0	0	0	0	0	0	0	0	0	0	0	0	0.14154	13
C2-colon	0	0	0	0	0	0	0	0	0	0	0	0	0	0	0	0	0	0.85853	0	0	0	0	9.24325	0	0	0	0	0	0	15.92951	0	13.71793	4.2673	46.4485	0.7374	0	0	0	0	0	0	0	0	0	0.80869	0	0	0	0	0	0	0.1038	2.91288	0	0	0	0	0	0	0	0	0	0	0	0	0	0	0	0	0	0	0	0	0.57164	0	0	0	0	0	0	0	0	0	0	0	0	0	0.05664	0	4.34394	13
C5-d44	0	0	0	0	0	0	0	0	0	0	0	0	0	0	0	0	0	0.69041	0	0	0	0	9.97294	0	0	0	0	0	0	19.02976	0	12.70207	6.84195	40.67677	1.29186	0	0	0	0	0	0	0	0	0	1.6703	0	0	2.75261	0	0	0	0.08156	0.25679	3.49028	0	0	0	0	0	0	0	0	0	0	0	0	0	0	0	0	0	0	0	0.5427	0	0	0	0	0	0	0	0	0	0	0	0	0	0	0	0	13
C6-d44	0	0	0	0	0	0	0	0	0	0	0	0	0	0	0	0	0	1.00132	0	0	0	0	11.73218	0	0	0	0	0	0	22.64526	0	10.29277	9.59071	20.11022	1.51248	0	0	0	0	0	0	0	0	0	2.72121	0	0	6.26119	0	0	0	0.39512	13.3394	0	0.07065	0	0	0	0	0	0	0	0	0	0	0	0	0	0	0	0	0	0	0.32749	0	0	0	0	0	0	0	0	0	0	0	0	0	0	0	0	13
C8-d44	0	0	0	0	0	0	0	0	0	0	0	0	0	0	0	0	0	0.61167	0	0	0	0	10.79282	0	0	0	0	0	0	25.0592	0	14.98555	11.1706	16.89716	4.66196	0	0	0	0	0	0	0	0	0	4.1065	0	0	3.93261	0	0	0	0	0.18607	6.98899	0.0087	0	0	0	0	0	0	0	0	0	0	0	0	0	0	0	0	0	0	0.59816	0	0	0	0	0	0	0	0	0	0	0	0	0	0	0	0	13
GF10_C2_d55	0	0	0	0	0	0	0	0	0	0	0	0	30.73702	0	0	0	0	1.50076	0.78042	0	0	0	21.10246	0	0	0	8.68249	0	0	0	0	23.69317	9.18048	0	0.59106	0	0	0	0	0	0	0	0	0	1.40212	0	0	1.81126	0	0	0	0	0	0.21617	0	0	0	0	0	0	0	0	0	0	0	0.22711	0	0	0	0	0	0	0	0	0	0	0	0	0	0	0	0	0	0	0	0	0	0	0	0.07549	13
GF10_Cdam_d1	0	0	0	0	0	0	0	0	0	0	0	0	0	0	0	0	0	0	0.52108	0	0	0.28252	6.51831	0	0	0.06495	0	0	0	24.87042	0	10.44139	1.50449	33.01796	0	0	0	0	0	0	0	0	0	0	4.04574	0	0	0.29969	0	0	0	0.13497	0	14.78278	0	0	0	0	0	0	0	0	0	0	0	0	0	0	0	0	0	0	0	3.5157	0	0	0	0	0	0	0	0	0	0	0	0	0	0	0	0	13
GF14_Adam_d59_stool	0	0	0	0	0	0	0	0	0	0	0	0	0	0	0	0	0	0	4.5729	0	0	1.55457	5.32832	0	0	0	0	0	0	18.08584	0	6.46184	1.25296	50.00211	0.07581	0	0	0	0	0	0	0	0	0	6.21892	0	0	1.41533	0.38067	0	0	0	1.77543	0	0	0	0	0	0	0	0	0	0	0	0	0	0	0	0	0	0	0	0	2.87529	0	0	0	0	0	0	0	0	0	0	0	0	0	0	0	0	13
GF14_B_d66_stool	0	0	0	0	0	0	0	0	0	0	0	0	0	0	0	0	0	0	2.8771	0	0	0	7.63244	0	0	0	0	0	0	35.24264	0	9.27495	1.07607	29.91118	0.3276	0	0	0	0	0	0	0	0	0	5.73874	0	0	1.68081	0	0	0	2.16431	0	1.88814	0.11101	0	0	0	0	0	0	0	0	0	0	0	0	0	0	0	0	0	0	2.07501	0	0	0	0	0	0	0	0	0	0	0	0	0	0	0	0	13
GF14_B_d78_stool	0	0	0	0	0	0	0	0	0	0	0	0	0	0	0	0	0	0	2.00789	0	0	0.28702	8.74136	0	0	0	0	0	0	39.48616	0	5.13949	2.92894	30.19197	0.63958	0	0	0	0	0	0	0	0	0	4.43228	0	0	1.77939	0	0	0	0.83124	0	1.10077	0	0	0	0	0	0	0	0	0	0	0	0	0	0	0	0	0	0	0	2.4339	0	0	0	0	0	0	0	0	0	0	0	0	0	0	0	0	13
GF14_Bdam_d5_stool	0	0	0	0	0	0	0	0	0	0	0	0	0	0	0	0	0	0	3.09394	0	0	0.99068	3.17737	0	0	0	0	0	0	30.35385	0	11.15433	2.23947	16.21059	0	0	0	0	0	0	0	0	0	0	6.94894	0	0	2.42968	0	0	0	5.43662	0	15.21169	0.28216	0	0	0	0	0	0	0	0	0	0	0	0	0	0	0	0	0	0	2.4707	0	0	0	0	0	0	0	0	0	0	0	0	0	0	0	0	13
GF14_Bdam_d59_stool	0	0	0	0	0	0	0	0	0	0	0	0	0	0	0	0	0	0	1.90586	0	0	1.25531	9.68139	0	0	0	0	0	0	27.14232	0	11.0969	1.97562	35.16277	0.14601	0	0	0	0	0	0	0	0	0	5.20796	0	0	1.04095	0	0	0	1.90799	0	2.38457	0	0	0	0	0	0	0	0	0	0	0	0	0	0	0	0	0	0	0	1.09234	0	0	0	0	0	0	0	0	0	0	0	0	0	0	0	0	13
GF14_Cdam_d18_stool	0	0	0	0	0	0	0	0	0	0	0	0	0	0	0	0	0	0	4.3312	0	0	0.81402	10.31021	0	0	0	0	0	0	35.31689	0	9.8471	5.13915	17.78525	0	0	0	0	0	0	0	0	0	0	6.1202	0	0	0.32296	0.0235	0	0	0	0	1.56284	0	0	0	0	0	0	0	0	0	0	0	0	0	0	0	0	0	0	0	2.84631	0	0	0	0	0	0	0	0	0	0	0	0	0	5.58039	0	0	13
GF14_Cdam_d59_stool	0	0	0	0	0	0	0	0	0	0	0	0	0	0	0	0	0	0	1.6078	0	0	0	4.07586	0	0	0	0	0	0	28.73868	0	8.42576	2.61446	39.44836	0.79013	0	0	0	0	0	0	0	0	0	4.19106	0	0	0	0.27361	0	0	0.67525	0	2.18393	0	0	0	0	0	0	0	0	0	0	0	0	0	0	0	0	0	0	0	3.8904	0	0	0	0	0	0	0	0	0	0	0	0	0	3.0847	0	0	13
GF14_Cdam_d9_stool	0	0	0	0	0	0	0	0	0	0	0	0	0	0	0	0	0	0	1.69758	0	0	0	5.58936	0	0	0	0	0	0	25.97501	0	8.69154	4.80274	24.28177	0.10562	0	0	0	0	0	0	0	0	0	10.76301	0	0	1.91459	0.81865	0	0	0	0	8.22969	0	0	0	0	0	0	0	0	0	0	0	0	0	0	0	0	0	0	0	6.81397	0	0	0	0	0	0	0	0	0	0	0	0	0	0.31647	0	0	13
GF14_INOC	0	0	0	0	0	0	0	0	0	0	0	0	0	0	0	0	0	0	0	0	0	0	2.27819	0	0	0	0	0	0	6.1927	0	3.26463	0.73683	1.89671	0	0	0	0	0	0	0	0	0	0	7.39196	0	0	0	0	0	0	65.94059	0	0.34506	0.14363	0	0	0	0	0	0	0	0	0	0	0	0	0	0	0	0	0	0	0.26793	0	0	0	0	0	0	0	0	0	0	0.19114	0	0	0.07584	0	11.2748	13
GF15_A_Dam_d21	2.65676	0	0	0	0	0	0.22308	0	0.13984	0	0	0	61.25992	0	0	0	0	0	0.95554	0	0	0	2.79447	0	0	0	0	0	0	0	0	7.16777	16.28381	0	0	0	0	0	0	0	0	0	0	0	0.81905	0	0	1.40495	0.69577	0	0	0	0	0	0	0	0	0	0	0	0	0	0	0	0	0	0	0.26832	0	0	0	0	0	0	0	0	0	0	0	0	0	0	0	0	0	0	0	5.33072	0	0	13
GF15_b4_d106_stool	0	0	0	0	0	0	0	0	0	0	0	0	1.63526	0	0	0	0	0	0.29289	0	0	0	1.75683	0	0	0	0.11919	0	0	0	0	0.49402	5.67413	0	0	0	0	0	0	0	0	0	0	0	8.98246	0	0	4.01231	0	0	0	43.82197	26.18506	5.32125	0.97219	0	0	0	0	0	0	0	0	0	0	0.73243	0	0	0	0	0	0	0	0	0	0	0	0	0	0	0	0	0	0	0	0	0	0	0	0	13
GF15_bdam_d18_stool	0.41951	0	0	0	0	0	0	0	0	0	0	0	57.58911	0	0	0	0	0	1.02038	0	0	0	4.08736	0	0	0	3.8486	0	0	0	0	3.79037	13.13706	0	0	0	0	0	0	0	0	0	0	0	3.98613	0	0	2.86792	0.52792	0	0	0	0	0	0	0	0	0	0	0	0	0	0	0	0	0.53098	0	0.46012	0	0	0	0	0	0	0	0	0	0	0	0	0	0	0	0	0	0	0	7.73454	0	0	13
GF16_Adam_d21	0	0	0	3.87761	0	0	0	0	0	3.30882	0	5.53117	0	0	0	0	0	0	0	0	0	0	0	0	0	0	0	0	0	0	0	0	0	0	0	0.59578	2.07523	0	0	0	0	0	2.85901	0	0	0	0.88331	0	0	0	0	0	0	0	0	0	0	7.76561	2.80263	50.99108	0.55507	0	18.42038	0	0	0	0	0	0.3343	0	0	0	0	0	0	0	0	0	0	0	0	0	0	0	0	0	0	0	0	0	13
GF16_inoc_200622	0	0	0	0	0	0	0	0	0	0.25601	0	12.1128	0	0	1.7771	0	0	0	0	0	0	0	0	0	0	0	0	0	0.00562	0	0	0	0	0	0	0.17584	0.31392	0	0	0	0	0	0.35588	0	0	0	0.28876	0	0	0	0	0	0	0	0	0	0	0.23267	0.96405	6.73192	0.25996	0	76.52548	0	0	0	0	0	0	0	0	0	0	0	0	0	0	0	0	0	0	0	0	0	0	0	0	0	0	0	13
GF2_A1_day41	0	0	0	0	0	0	0	0	0	0	0	0	7.67627	0	0	0	0	0.14816	0.3011	0	32.38244	0	3.99425	0	0	0	10.2945	0	0	0	0	18.60973	20.71164	0	3.60886	0	0	0	0	0	0	0	0	0	0.44079	0	0	0.83782	0	0	0	0	0	0.60816	0	0	0	0	0	0	0	0	0	0	0	0.38629	0	0	0	0	0	0	0	0	0	0	0	0	0	0	0	0	0	0	0	0	0	0	0	0	13
GF2_A2_day42	0	0	0	0	0	0	0	0	0	0	0	0	3.20625	0	0	0	0	0	12.22276	0	4.36023	1.18178	2.54763	0	0	0	6.34072	0	0	0	0	8.29841	7.95678	0	0.49142	0	0	0	0	0	0	0	0	0	1.716	0	0	51.4627	0	0	0	0	0	0.17233	0	0	0	0	0	0	0	0	0	0	0	0.043	0	0	0	0	0	0	0	0	0	0	0	0	0	0	0	0	0	0	0	0	0	0	0	0	13
GF2_A4_day41	0	0	0	0	0	0	0	0	0	0	0	0	48.43964	0	0	0	0	0	0.21531	0	1.06615	0	6.48886	0	0	0	0.58164	0	0	0	0	17.93535	18.18606	0	0.63834	0	0	0	0	0	0	0	0	0	0.44257	0	0	2.06963	0	0	0	0	0	0.32226	0	0	0	0	0	0	0	0	0	0	0	0.21559	0	0	0	0	0	0	0	0	0	0	0	0	0	0	0	0	0	0	0	0	0	0	0	3.39859	13
GF2_A6_day44	0	0	0	0	0	0	0	0	0	0	0	0	12.89691	0	0	0	0	1.54683	1.06174	0	4.67735	0	7.35466	0	0	0	1.08474	0	0	0	0	9.81596	31.72871	0	21.09068	0	0	0	0	0	0	0	0	0	1.28484	0	0	5.00852	0.51358	0	0	0	0	1.93548	0	0	0	0	0	0	0	0	0	0	0	0	0	0	0	0	0	0	0	0	0	0	0	0	0	0	0	0	0	0	0	0	0	0	0	0	13
GF2_B_dam_d33	0	0	0	0	0	0	0	0	0	0	0	0	49.40654	0	0	0	0	0.33879	0.29413	0	0	0	4.02463	0	0	0	4.42322	0	0	0	0	19.79081	12.52029	0	1.84386	0	0	0	0	0	0	0	0	0	1.49502	0	0	1.8261	0.02255	0	0	0	0	0.10579	0	0	0	0	0	0	0	0	0	0	0	0	0	0	0	0	0	0	0	0	0	0	0	0	0	0	0	0	0	0	0	0	0	0	0	3.90827	13
GF2_B_dam_day37	0	0	0	0	0	0	0	0	0	0	0	0	37.50699	0	0	0	0	0	0	0	0	0	8.52294	0	0	0	1.91296	0	0	0	0	23.1493	13.27128	0	2.34088	0	0	0	0	0	0	0	0	0	0.33365	0	0	0.58178	0.16464	0	0	0	0	0.26983	0	0	0	0	0	0	0	0	0	0	0	0.00819	0	0	0	0	0	0	0	0	0	0	0	0	0	0	0	0	0	0	0	0	0	0.62629	0	11.31129	13
GF2_B1_day41	0	0	0	0	0	0	0	0	0	0	0	0	48.14428	0	0	0	0	0.11926	0.10955	0	7.32523	0	3.97164	0	0	0	0	0	0	0	0	16.45172	16.21153	0	0.36245	0	0	0	0	0	0	0	0	0	0.44697	0	0	0.49161	0	0	0	0	0	0.67215	0	0	0	0	0	0	0	0	0	0	0	0.21158	0	0	0	0	0	0	0	0	0	0	0	0	0	0	0	0	0	0	0	0	0	0	0	5.48205	13
GF2_B2_day30	0	0	0	0	0	0	0	0	0	0	0	0	2.26456	0	0	0	0	4.97604	4.88431	0	0	0.11556	8.2365	0	0	0	3.20516	0	0	0	0	0.51721	20.93982	0	43.02726	0	0	0	0	0	0	0	0	0	1.68339	0	0	8.53238	0.10151	0	0	0	0	1.51631	0	0	0	0	0	0	0	0	0	0	0	0	0	0	0	0	0	0	0	0	0	0	0	0	0	0	0	0	0	0	0	0	0	0	0	0	13
GF2_B2_day44	0	0	0	0	0	0	0	0	0	0	0	0	39.32985	0	0	0	0	0	0	0	14.72916	0	4.97573	0	0	0	1.8658	0	0	0	0	18.87885	7.47397	0	1.93017	0	0	0	0	0	0	0	0	0	0.77927	0	0	0.47354	0.07928	0	0	0	0	0.20955	0	0	0	0	0	0	0	0	0	0	0	0.04995	0	0	0	0	0	0	0	0	0	0	0	0	0	0	0	0	0	0	0	0	0	0	0	9.22487	13
GF2_B5_day29	0.32688	0	0	0	0	0	0	0	0	0	0	0	5.97623	0	0	0	0	2.55114	7.20751	0	0	1.02964	2.06158	0	0	0	0	0	0	0	0	0.29322	18.69097	0	8.28518	0	0	0	0	0	0	0	0	0	8.29176	0	0	38.88913	6.01853	0	0	0	0	0	0	0	0	0	0	0	0	0	0	0	0	0	0	0	0	0	0	0	0	0	0	0	0	0	0	0	0	0	0	0	0	0	0	0.37823	0	0	13
GF2_B5_day30	0	0	0	0	0	0	0	0	0	0	0	0	0.55838	0	0	0	0	3.7853	2.38436	0	0	0.26144	8.68302	0	0	0	2.43028	0	0	0	0	0.53249	34.18822	0	39.95875	0	0	0	0	0	0	0	0	0	1.38155	0	0	4.75981	0.04413	0	0	0	0	1.03226	0	0	0	0	0	0	0	0	0	0	0	0	0	0	0	0	0	0	0	0	0	0	0	0	0	0	0	0	0	0	0	0	0	0	0	0	13
GF2_B5_day44	0	0	0	0	0	0	0	0	0	0	0	0	54.41403	0	0	0	0	0	0	0	2.69145	0	2.52184	0	0	0	0	0	0	0	0	15.59639	14.57384	0	0.20087	0	0	0	0	0	0	0	0	0	0.74497	0	0	0.62705	1.31851	0	0	0	0	0.47835	0	0	0	0	0	0	0	0	0	0	0	0.1037	0	0	0	0	0	0	0	0	0	0	0	0	0	0	0	0	0	0	0	0	0	0.0577	0	6.6713	13
GF2_colon_B2_day44	0	0	0	0	0	0	0	0	0	0	0	0	8.5868	0	0	0	0	0	0	0	7.3313	0	5.33443	0	0	0	13.34154	0	0	0	0	20.57521	30.16401	0	9.13981	0	0	0	0	0	0	0	0	0	0.17645	0	0	2.3257	0.00858	0	0	0	0	2.83996	0	0	0	0	0	0	0	0	0	0	0	0.05493	0	0	0	0	0	0	0	0	0	0	0	0	0	0	0	0	0	0	0	0	0	0	0	0.12128	13
GF3_C1_day30	0	0	0	0	0	0	0	0	0	0	0	0	54.95997	0	0	0	0	0	0.32683	0	24.01815	0.14573	0.33873	0	0	0	2.60683	0	0	0	0	6.42921	8.51725	0	0.32111	0	0	0	0	0	0	0	0	0	0.88144	0	0	0.60106	0	0	0	0	0	0.50803	0	0	0	0	0	0	0	0	0	0	0	0.34566	0	0	0	0	0	0	0	0	0	0	0	0	0	0	0	0	0	0	0	0	0	0	0	0	13
GF3_C3_day30	0	0	0	0	0	0	0	0	0	0	0	0	50.91623	0	0	0	0	0.27853	1.07502	0	18.95022	0	2.31741	0	0	0	0.30932	0	0	0	0	9.73175	9.66791	0	0.60571	0	0	0	0	0	0	0	0	0	3.67693	0	0	1.42943	0	0	0	0	0	0.66962	0	0	0	0	0	0	0	0	0	0	0	0.37192	0	0	0	0	0	0	0	0	0	0	0	0	0	0	0	0	0	0	0	0	0	0	0	0	13
GF4_Bsire_d2	0	0	0	0	0	0	0	0	0	0	0	0	68.62099	0	0	0	0	3.09945	0.66186	0	0	0	1.61589	0	0	0	0.02059	0	0	0	0	14.32656	5.34949	0	0	0	0	0	0	0	0	0	0	0	2.1971	0	0	2.0874	0	0	0	0	0	0.41737	0	0	0	0	0	0	0	0	0	0	0	0.21966	0	0.03943	0	0	0	0	0	0	0	0	0	0	0	0	0	0	0	0	0	0	0	1.34423	0	0	13
GF4_Csire_d16	0	0	0	0	0	0	0.70246	0	0	0	0	0	34.82236	0	0	0	0	1.46496	0	0	0	0	8.15747	0	0	0	0.66821	0	0	0	0	22.35362	8.31177	0	0.87266	0	0	0	0	0	0	0	0	0	2.15001	0	0	2.00949	0.65955	0	0	0	0	0	0	0	0	0	0	0	0	0	0	0	0	0	0	0	0	0	0	0	0	0	0	0	0	0	0	0	0	0	0	0	0	0	0	1.34259	0	16.48485	13
GF5_A8_COLON_190815	0	0	0	0	0	0	0	0	0	0	0	0	61.13288	0	0	0	0	0.52812	0.20215	0	0	0	0.59445	0	0	0	0.66522	0	0	0	0	5.16351	5.33835	0	1.57109	0	0	0	0	0	0	0	0	0	7.27836	0	0	2.21744	0	0	0	0	0	0.22223	0	0	0	0	0	0	0	0	0	0	0	0.52765	0	0	0	0	0	0	0	0	0	0	0	0	0	0	0	0	0	0	0	0	0	0	0	14.55856	13
GF5_C1_D48	0	0	0	0	0	0	0	0	0	0	0	0	10.12398	0	0	0	0	0	0	0	0	0	18.74403	0	0	0	1.83814	0	0	0	0	7.8164	2.77502	0	8.99316	0	0	0	0	0	0	0	0	0	2.21057	0	0	34.64072	0.08892	0	0	4.80584	0	0.9094	0	0	0	0	0	0	0	0	0	0	0	2.56173	0	0	0	0	0	0	0	0	0	0	0	0	0	0	0	0	0	0	0	0	0	0	0	4.4921	13
GF6_A8_D93	0	0	0	0	0	0	0	0	0	0	0	0	2.82614	0	0	0	0	0.13312	0.61324	0	0	0	2.92771	0	0	0	5.2893	0	0	0	0	7.94234	30.78668	0	17.9685	0	0	0	0	0	0	0	0	0	0.84992	0	0	10.60411	0	0	0	0	0	6.79305	0	0	0	0	0	0	0	0	0	0	0	1.45369	0	0	0	0	0	0	0	0	0	0	0	0	0	0	0	0	0	0	0	0	0	0	0	11.8122	13
GF6_B3_D66	0	0	0	0	0	0	0	0	0	0	0	0	0.29986	0	0	0	0	7.5058	6.60637	0	0	0.50383	11.0673	0	0	0	2.60045	0	0	0	0	0.76995	28.61129	0	35.16098	0	0	0	0	0	0	0	0	0	3.53474	0	0	1.15696	1.62569	0	0	0	0	0.55677	0	0	0	0	0	0	0	0	0	0	0	0	0	0	0	0	0	0	0	0	0	0	0	0	0	0	0	0	0	0	0	0	0	0	0	0	13
GF7_A4_COLON_D47	0	0	0	0	0	0	0	0	0	0	0	0	0	0	0	0	0	0	0	0	0	0	13.60378	0	0	0	0	0	0	27.15261	0	0.69441	7.98296	27.06836	5.43177	0	0	0	0	0	0	0	0	0	1.37121	0	0	4.34822	4.04392	0	0	1.5167	0.29466	0.64776	0	0	0	0	0	0	0	0	0	0	0	0	0	0	0	0	5.84364	0	0	0	0	0	0	0	0	0	0	0	0	0	0	0	0	0	0	0	13
GF7_A6_COLON_D47	0	0	0	0	0	0	0	0	0	0	0	0	0	0	0	0	0	1.15862	0	0	0	0	16.79217	0	0	0	0	0	0	17.84674	0	1.92811	13.66138	18.83365	19.72202	0	0	0	0	0	0	0	0	0	1.31192	0	0	3.86483	2.07822	0	0	0.24564	0	1.77027	0	0	0	0	0	0	0	0	0	0	0	0	0	0	0	0	0.78643	0	0	0	0	0	0	0	0	0	0	0	0	0	0	0	0	0	0	0	13
GF7_B4_COLON_D47	0	0	0	0	0	0	0	0	0	0	0	0	0	0	0	0	0.03193	3.46479	0	0	0	0	6.63614	0	0	0	0	0	0	19.11383	0	9.93414	0.16065	15.85612	0.12989	0	0	0	0	0	0	0	0	0	3.11124	0	0	0	0	0	0	0	32.96152	0	0	0	0	0	0	0	0	0	0	0	0	0	0	0	0	0	2.34542	0	0	0.13073	0	0	0	0	0	0	0	0	0	0	0	0	0	0	0	6.1236	13
GF7_BDAM_D78	0	0	0	0	0	0	0	0	0	0	0	0	4.00992	0	0	0	0	3.2155	0.7638	0	0	0	3.0712	0	0	0	10.81801	0	0	0	0	35.75121	8.57435	0	1.61762	0	0	0	0	0	0	0	0	0	8.88023	0	0	14.73001	0.92277	0	0	0	0	0	0	0	0	0	0	0	0	0	0	0	0	1.46914	0	0	0	0	0	0	0	0	0	0	0	0	0	0	0	0	0	0	0	0	0	0	0	6.17624	13
GF8_B6_D35	0	0	0	0	0	0	0	0	0	0	0	0	0	0	0	0	0	1.18851	0	0	0	0	9.04021	0	0	0	0	0	0	36.14371	0	2.41227	14.28015	3.13327	0.15679	0	0	0	0	0	0	0	0	0	0.26635	0	0	20.89506	0	0	0	4.52433	7.79133	0	0.1159	0	0	0	0	0	0	0	0	0	0	0	0	0	0	0	0	0	0	0.05212	0	0	0	0	0	0	0	0	0	0	0	0	0	0	0	0	13
GF8_B7_D33	0	0	0	0	0	0	0	0	0	0	0	0	0	0	0	0	0	0.58276	0	0	0	0	5.07645	0	0	0	0	0	0	23.90545	0	0.26156	7.86709	0.28617	3.25707	0	0	0	0	0	0	0	0	0	11.50673	0	0	7.66683	0	0	0	25.22243	3.60385	8.49678	2.26684	0	0	0	0	0	0	0	0	0	0	0	0	0	0	0	0	0	0	0	0	0	0	0	0	0	0	0	0	0	0	0	0	0	0	0	13
GF8_C1_COLON_D46	0	0	0	0	0	0	0	0	0	0	0	0	0	0	0	0	0	0.51358	0	0	0	0	20.24452	0	0	0	0	0	0	13.16774	0	11.24562	2.87764	34.45198	0.75498	0	0	0	0	0	0	0	0	0	0.79122	0	0	0	0	0	0	0.09532	9.77927	0.13895	0	0	0	0	0	0	0	0	0	0	0	0	0	0	0	0	0	0	0	1.15417	0	0	0	0	0	0	0	0	0	0	0	0	0	0	0	4.78501	13
GF8_C3_D30	0	0	0	0	0	0	0	0	0	0	0	0	0	0	0	0	0	0	0	0	0	0	0.94641	0	0	0	0	0	0	5.31976	0	1.8187	0.49342	8.26309	0	0	0	0	0	0	0	0	0	0	2.13814	0	0	0	0	0	0	77.09554	0	0.94306	1.56536	0	0	0	0	0	0	0	0	0	0	0	0	0	0	0	0.21603	0	0	0.02551	0	0	0	0	0	0	0	0	0	0	0	0	0	0.37046	0	0.80453	13
GF9_A4_D16	0	0	0	0	0	0	0	0	0	0	0	0	0	0	0	0	0	0	0	0	0	0	2.73032	0	0	0	0	0	0	6.91216	0	2.78191	0.57771	8.00075	0	0	0	0	0	0	0	0	0	0	0.91545	0	0	7.684	0	0	0	8.03338	2.37521	57.22056	0.30005	0	0	0	0	0	0	0	0	0	0	0	0	0	0	0	0	0	0	0.75879	0	0	0	0	0	0	0	0	0	0	0	0	0	0	0	1.7097	13
GF9_C2_COLON_D33	0	0	0	0	0	0	0	0	0	0	0	0	0	0	0	0	0	0.28595	0	0	0	0	16.25698	0	0	0	0	0	0	12.5975	0	14.13847	2.33533	41.3021	0.30337	0	0	0	0	0	0	0	0	0	0.97762	0	0	0.54976	0	0	0	0.60345	4.09502	0	0	0	0	0	0	0	0	0	0	0	0	0	0	0	0	0	0	0	0	0.68961	0	0	0	0	0	0	0	0	0	0	0	0	0	0	0	5.86483	13
GF9_C4_D17	0	0	0	0	0	0	0	0	0	0	0	0	0	0	0	0	0	0.19956	0	0	0	0	1.76816	0	0	0	0	0	0	8.57375	0	1.92863	0.38868	6.90611	0	0	0	0	0	0	0	0	0	0	0.63913	0	0	15.35827	0	0	0	3.18049	2.38725	56.83921	0.22391	0	0	0	0	0	0	0	0	0	0	0	0	0	0	0	0	0	0	0	0	0	0	0	0	0	0	0	0	0	0	0	0	0	0	1.60685	13
GF9_C7_COLON_D33	0	0	0	0	0	0	0	0	0	0	0	0	0	0	0	0	0	0.32626	0	0	0	0	18.83577	0	0	0	0	0	0	10.35251	0	12.83144	1.72391	44.4919	0.37732	0	0	0	0	0	0	0	0	0	0.97741	0	0	0.40552	0	0	0	0.66123	4.13053	0	0	0	0	0	0	0	0	0	0	0	0	0	0	0	0	0	0	0	0	0.72893	0	0	0	0	0	0	0	0	0	0	0	0	0	0	0	4.15726	13
Gn3_7D_dam_210806	0	0	0	0	0	0	0	0	0	0	0	0	61.92805	0	0	0	0	0.08011	0.11575	0	0	0	2.02774	0	0	0	1.65375	0	0	0	0	21.27045	3.86879	0	0.27567	0	0	0	0	0	0	0	0	0	5.47291	0	0	1.71544	0	0	0	0	0	1.10351	0	0	0	0	0	0	0	0	0	0	0	0.45521	0	0.03263	0	0	0	0	0	0	0	0	0	0	0	0	0	0	0	0	0	0	0	0	0	0	13
Gn3_7E_dam	0	0	0	0	0	0	0.36399	0	0	0	0	0	45.14846	0	0	0	0	0	0.53647	0	0	0	3.46939	0	0	0	2.68393	0	0	0	0	21.78987	8.42875	0	0.37116	0	0	0	0	0	0	0	0	0	12.28573	0	0	2.45869	0	0	0	0	0	1.33642	0	0	0	0	0	0	0	0	0	0	0	0.95977	0	0	0	0	0	0	0	0	0	0	0	0	0	0	0	0	0	0	0	0	0	0.16737	0	0	13
Gn4_F_Innoc	0	0	0.0193	0	0	0	0	0	0	0	0	0	0	7.48916	0	0	0	0	0	0	0	0	0	0	0	0	0	0	0	0	0	0	0	6.62879	0	0	0	0	0.01304	0	0	0	0	0	4.65116	0	0	22.62375	3.61704	0	0	0	0	0	33.87248	2.36124	4.63317	0	0	0	0	0	0	4.67847	0	0	0	0	0	0	0	0	0	0	0	0	0	0	0	0	0	0	0.26282	0	0	0	0	0	0	9.14957	13
gnoto1_AM3_d20_colon	0	0	0	0	0	0	0	0	0	0	0	0	0	0	0	0	0	0.87268	0	0	0	0	4.79226	0	0	0	0	0	0	24.22322	0	21.02842	2.24059	20.01952	1.15913	0	0	0	0	0	0	0	0	0	11.71024	0	0	4.07954	0	0	0	0.52394	8.36294	0.10176	0	0	0	0	0	0	0	0	0	0	0	0	0	0	0	0	0	0	0	0.88575	0	0	0	0	0	0	0	0	0	0	0	0	0	0	0	0	13
gnoto1_AP3_d20_colon	0	0	0	0	0	0	0	0	0	0	0	0	0	0	0	0	0	2.13401	0	0	0	0	6.27439	0	0	0	0	0	0	30.98364	0	13.57518	2.89611	12.82232	0.53999	0	0	0	0	0	0	0	0	0	15.5292	0	0	4.89864	0	0	0	1.64805	4.38823	3.45712	0	0	0	0	0	0	0	0	0	0	0	0	0	0	0	0	0	0	0	0.8531	0	0	0	0	0	0	0	0	0	0	0	0	0	0	0	0	13
B4-d34	0	0	0	0	0	0	0	0	0	0	0	0	0	0	0	0	0	0.14108	0	0	0	0	2.77435	0	0	0	0	0	0	3.5878	0	0.08661	11.71247	10.0361	2.10839	0	0	0	0	0	0	0	0	0	2.37855	0	0	0.15776	0.19089	0	0	65.67093	0	0	0.66716	0	0	0	0	0	0	0	0	0	0	0	0	0	0	0	0	0	0	0.3787	0	0	0	0	0	0	0	0	0	0	0	0	0	0	0	0.1092	14
C2-d44	0	0	0	0	0	0	0	0	0	0	0	0	0	0	0	0	0	0.50493	0.14367	0	0	0.04801	7.84836	0	0	0	0	0	0	13.46237	0	4.73013	11.42019	48.31754	1.61492	0	0	0	0	0	0	0	0	0	1.43903	0	0	2.36655	0	0	0	0	0.03183	7.45685	0	0	0	0	0	0	0	0	0	0	0	0	0	0	0	0	0	0	0	0.61562	0	0	0	0	0	0	0	0	0	0	0	0	0	0	0	0	14
C3	0	0	0	0	0	0	0	0	0	0	0	0	0	0	0	0	0	2.62607	0	0	0	0	11.02796	0	0	0	0	0	0	12.8492	0	13.92896	2.85378	35.45286	0.64608	0	0	0	0	0	0	0	0	0	2.04457	0	0	0.66715	0	0	0	1.40919	0	11.69733	0.03742	0	0	0	0	0	0	0	0	0	0	0	0	0	0	0	0	0	0	3.14687	0	0	0	0	0	0	0	0	0	0	0	0	0	0	0	1.61258	14
C8-d53	0	0	0	0	0	0	0	0	0	0	0	0	0	0	0	0	0	1.5287	0.05484	0	0	0	10.47287	0	0	0	0	0	0	15.57288	0	17.00475	3.59161	40.03676	0.6287	0	0	0	0	0	0	0	0	0	1.12861	0	0	0	0	0	0	0.92506	2.52161	0.13534	0	0	0	0	0	0	0	0	0	0	0	0	0	0	0	0	0	0	0	0.69198	0	0	0	0	0	0	0	0	0	0	0	0	0	0	0	5.70629	14
GF10_Cdam_d20	0	0	0	0	0	0	0	0	0	0	0	0	0	0	0	0	0	0	1.41834	0	0	0.75004	7.02969	0	18.55067	0	0	0	0	14.23004	1.26643	4.68158	0.83725	37.4359	0.03167	0	0	0	0	0	0	0	0	0	4.20382	0	0	0	0	0	0	0	0	3.84699	0	0	0	0	0	0	0	0	0	0	0	0	0	0	0	0	0	0	0	1.88303	0	0	0	0	0	0	0	0	0	0	0	0	0	3.83456	0	0	14
GF11_B_dam_d20	0.40024	0	0	0	0	0	1.04364	0	0.29293	0	0	0	61.48453	0	0	0	0	0	0.25886	0	0	0	0	0	0	0	1.95633	0	0	0	0	12.05598	8.35763	0	0	0	0	0	0	0	0	0	0	0	3.17522	0	0	1.68239	2.09845	0	0	0	0	0.32383	0	0	0	0	0	0	0	0	0	0	0	0	0	0.34625	0	0	0	0	0	0	0	0	0	0	0	0	0	0	0	0	0	0	0	6.52373	0	0	14
GF14_Adam_d5_stool	0	0	0	0	0	0	0	0	0	0	0	0	0	0	0	0	0	0	1.50857	0	0	0.3156	2.22822	0	0	0	0	0	0	16.39493	0	3.35416	1.05375	57.19334	0.02054	0	0	0	0	0	0	0	0	0	5.1	0	0	0.38764	0.668	0	0	0.13585	0	8.74653	0	0	0	0	0	0	0	0	0	0	0	0	0	0	0	0	0	0	0	2.89289	0	0	0	0	0	0	0	0	0	0	0	0	0	0	0	0	14
GF14_Bdam_d51_stool	0	0	0	0	0	0	0	0	0	0	0	0	0	0	0	0	0	0	3.89774	0	0	1.2702	3.1977	0	0	0	0	0	0	28.53039	0	6.26555	2.90767	33.31486	0.25595	0	0	0	0	0	0	0	0	0	7.37848	0	0	2.79259	0	0	0	4.49413	0.2154	3.67407	0	0	0	0	0	0	0	0	0	0	0	0	0	0	0	0	0	0	0	1.80524	0	0	0	0	0	0	0	0	0	0	0	0	0	0	0	0	14
GF14_Bdam_d9_stool	0	0	0	0	0	0	0	0	0	0	0	0	0	0	0	0	0	0	2.93623	0	0	0.74502	5.56272	0	0	0	0	0	0	16.34638	0	9.89772	1.4712	38.6356	0	0	0	0	0	0	0	0	0	0	8.90012	0	0	2.91095	0.01433	0	0	0.05056	0	9.61138	0.26024	0	0	0	0	0	0	0	0	0	0	0	0	0	0	0	0	0	0	2.65755	0	0	0	0	0	0	0	0	0	0	0	0	0	0	0	0	14
GF14_C_d66_stool	0	0	0	0	0	0	0	0	0	0	0	0	0	0	0	0	0	0	4.52437	0	0	1.15232	2.14018	0	0	0	0	0	0	39.7526	0	3.83592	0.2969	20.48854	0	0	0	0	0	0	0	0	0	0	7.21346	0	0	1.64272	0.65364	0	0	1.70203	0	4.82949	0	0	0	0	0	0	0	0	0	0	0	0	0	0	0	0	0	0	0	3.9221	0	0	0	0	0	0	0	0	0	0	0	0	0	7.84573	0	0	14
GF15_cdam_d23_stool	1.40279	0	0	0	0	0	0.8023	0	0	0	0	0	73.54288	0	0	0	0	0	0	0	0	0	2.6427	0	0	0	0.03911	0	0	0	0	4.29234	5.92304	0	0	0	0	0	0	0	0	0	0	0	1.77449	0	0	0.43226	0.69063	0	0	0	0	0.21255	0	0	0	0	0	0	0	0	0	0	0	0.14184	0	0.77977	0	0	0	0	0	0	0	0	0	0	0	0	0	0	0	0	0	0	0	7.3233	0	0	14
GF15_cdam_d59_stool	0.24437	0	0	0	0	0	0	0	0	0	0	0	45.77369	0	0	0	0	0	0.80839	0	0	0.13547	7.13295	0	0	0	11.36063	0	0	0	0	9.1275	16.79661	0	0	0	0	0	0	0	0	0	0	0	3.93378	0	0	3.34189	0	0	0	0	0.22244	0.04945	0	0	0	0	0	0	0	0	0	0	0	0.9386	0	0	0	0	0	0	0	0	0	0	0	0	0	0	0	0	0	0	0	0	0	0.13422	0	0	14
GF2_B_dam_day19	0	0	0	0	0	0	0	0	0	0	0	0	43.32219	0	0	0	0	0.24818	0.11945	0	0	0	5.72589	0	0	0	3.63026	0	0	0	0	16.87076	13.25754	0	0.3947	0	0	0	0	0	0	0	0	0	1.16269	0	0	0.62086	0.04466	0	0	0	0	0.10097	0	0	0	0	0	0	0	0	0	0	0	0	0	0	0	0	0	0	0	0	0	0	0	0	0	0	0	0	0	0	0	0	0	0.6714	0	13.83046	14
GF20_d39_dama	1.25348	0	0	0	0.00303	0	0	0	0	0	0	0	58.10052	0	0	0	0	0	1.12175	0	0	0.10298	7.10677	0	0	0	1.24335	0	0	0	0	12.21827	12.05229	0	0	0	0	0	0	0	0	0	0	0	4.03293	0	0	1.4423	0	0	0	0	0.01477	0.78963	0	0	0	0	0	0	0	0	0	0	0	0.51793	0	0	0	0	0	0	0	0	0	0	0	0	0	0	0	0	0	0	0	0	0	0	0	0	14
GF3_C1_day32	0	0	0	0	0	0	0	0	0	0	0	0	54.21633	0	0	0	0	0	0.71991	0	14.29848	0	6.32192	0	0	0	0	0	0	0	0	7.89839	7.59113	0	0.02023	0	0	0	0	0	0	0	0	0	1.15497	0	0	1.2839	1.27786	0	0	0	0	0.84095	0	0	0	0	0	0	0	0	0	0	0	0.00861	0	0	0	0	0	0	0	0	0	0	0	0	0	0	0	0	0	0	0	0	0	0.03357	0	4.33373	14
GF3_C3_day35	0.58802	0	0	0	0	0	0.87938	0	0	0	0	0	24.48957	0	0	0	0	0.77054	0	0	0	0	10.84009	0	0	0	0.90748	0	0	0	0	29.51152	10.92407	0	1.32353	0	0	0	0	0	0	0	0	0	1.36451	0	0	1.51582	2.17595	0	0	0	0	0	0	0	0	0	0	0	0	0	0	0	0	0	0	0	0	0	0	0	0	0	0	0	0	0	0	0	0	0	0	0	0	0	0	4.5007	0	10.20882	14
GF3_inoc	0	0	0	0	0	0	0	0	0	0	0	0	16.23477	0	0	0	0	0.24329	0.47584	0	23.14611	0.10613	2.75015	0	0	0	14.72864	0	0	0	0	19.3481	14.83829	0	1.19715	0	0	0	0	0	0	0	0	0	1.77191	0	0	2.25387	0	0	0	0	0	1.91189	0	0	0	0	0	0	0	0	0	0	0	0.99385	0	0	0	0	0	0	0	0	0	0	0	0	0	0	0	0	0	0	0	0	0	0	0	0	14
GF5_B_DAM_D3	0	0	0	0	0	0	0	0	0	0	0	0	44.13889	0	0	0	0	2.71023	0.31825	0	0	0	6.53763	0	0	0	0.67591	0	0	0	0	27.31172	11.96528	0	0.53648	0	0	0	0	0	0	0	0	0	1.79114	0	0	2.4184	0.62923	0	0	0	0	0	0	0	0	0	0	0	0	0	0	0	0	0.58774	0	0.09383	0	0	0	0	0	0	0	0	0	0	0	0	0	0	0	0	0	0	0	0.28526	0	0	14
GF6_B_DAM_D22	0.05371	0	0	0	0	0	0	0	0	0	0	0	55.45101	0	0	0	0	3.22644	0.30838	0	0	0.06553	2.96937	0	0	0	0.7157	0	0	0	0	20.57061	11.13542	0	0.498	0	0	0	0	0	0	0	0	0	4.0977	0	0	0.7613	0	0	0	0	0	0.04826	0	0	0	0	0	0	0	0	0	0	0	0.09859	0	0	0	0	0	0	0	0	0	0	0	0	0	0	0	0	0	0	0	0	0	0	0	0	14
GF8_A7_D32	0	0	0	0	0	0	0	0	0	0	0	0	0	0	0	0	0	0.84834	0	0	0	0	6.0082	0	0	0	0	0	0	39.70173	0	1.80944	2.97732	20.51589	5.29744	0	0	0	0	0	0	0	0	0	0.02295	0	0	2.40373	0	0	0	7.65262	0.80698	11.57217	0.19632	0	0	0	0	0	0	0	0	0	0	0	0	0	0	0	0	0	0	0	0	0	0	0	0	0	0	0	0	0	0	0	0	0	0	0.18687	14
GF8_B1_D32	0	0	0	0	0	0	0	0	0	0	0	0	0.24956	0	0	0	0	0	0.25213	0	0	0	6.69775	0	0	0	0.25284	0	0	20.59356	0	2.1591	2.77215	10.30758	11.3576	0	0	0	0	0	0	0	0	0	2.63715	0	0	0	0	0	0	39.14396	3.37759	0.08082	0	0	0	0	0	0	0	0	0	0	0	0	0	0	0	0	0	0	0	0	0	0	0	0	0	0	0	0	0	0	0	0	0	0	0	0.11823	14
GF8_C2_COLON_D46	0	0	0	0	0	0	0	0	0	0	0	0	0	0	0	0	0	1.30727	0	0	0	0	18.72703	0	0	0	0	0	0	12.20022	0	8.01962	2.99761	28.15027	0.7449	0	0	0	0	0	0	0	0	0	0.77471	0	0	2.4069	0	0	0	0.36256	13.1301	5.82857	0	0	0	0	0	0	0	0	0	0	0	0	0	0	0	0	0	0	0	0.51365	0	0	0	0	0	0	0	0	0	0	0	0	0	0	0	4.83659	14
GF8_C4_COLON_D46	0	0	0	0	0	0	0	0	0	0	0	0	0	0	0	0	0	1.08299	0	0	0	0	17.95586	0	0	0	0	0	0	13.34817	0	7.40211	2.80099	26.47705	1.51011	0	0	0	0	0	0	0	0	0	1.01128	0	0	2.84173	0	0	0	1.13495	8.26568	11.64654	0	0	0	0	0	0	0	0	0	0	0	0	0	0	0	0	0	0	0	0.39441	0	0	0	0	0	0	0	0	0	0	0	0	0	0	0	4.12814	14
GF8_C5_COLON_D46	0	0	0	0	0	0	0	0	0	0	0	0	0	0	0	0	0	0.26576	0	0	0	0	13.88914	0	0	0	0	0	0	17.8648	0	6.0488	2.56952	22.7273	5.0183	0	0	0	0	0	0	0	0	0	2.3428	0	0	4.94204	0	0	0	1.57443	8.01668	10.40152	0	0	0	0	0	0	0	0	0	0	0	0	0	0	0	0	0	0	0	0.48337	0	0	0	0	0	0	0	0	0	0	0	0	0	0	0	3.85553	14
GF8_C5_D35	0	0	0	0	0	0	0	0	0	0	0	0	0	0	0	0	0	1.31544	0	0	0	0	8.58019	0	0	0	0	0	0	25.10412	0	7.52097	2.5364	21.94153	6.17377	0	0	0	0	0	0	0	0	0	4.21242	0	0	2.54095	0	0	0	0.92831	6.63503	7.43034	0	0	0	0	0	0	0	0	0	0	0	0	0	0	0	0	0	0	0	1.07344	0	0	0	0	0	0	0	0	0	0	0	0	0	0	0	4.0071	14
GF9_A1_D16	0	0	0	0	0	0	0	0	0	0	0	0	0	0	0	0	0	0	0	0	0	0	5.51702	0	0	0	0	0	0	12.67301	0	6.59442	2.04584	21.48144	0.13432	0	0	0	0	0	0	0	0	0	1.21081	0	0	4.87468	0	0	0	8.82887	2.89961	29.20988	0.20945	0	0	0	0	0	0	0	0	0	0	0	0	0	0	0	0	0	0	0.6046	0	0	0	0	0	0	0	0	0	0	0	0	0	0	0	3.71605	14
GF9_A2_D21	0	0	0	0	0	0	0	0	0	0	0	0	0	0	0	0	0	0	0	0	0	0	4.13552	0	0	0	0	0	0	35.08672	0	3.90798	5.13223	6.43762	4.99848	0	0	0	0	0	0	0	0	0	2.7594	0	0	21.73286	0	0	0	7.15521	0.87829	6.30574	0	0	0	0	0	0	0	0	0	0	0	0	0	0	0	0	0.10801	0	0	0.17956	0	0	0	0	0	0	0	0	0	0	0	0	0	0	0	1.18238	14
GF9_A5_COLON_D33	0	0	0	0	0	0	0	0	0	0	0	0	0	0	0	0	0	0	0	0	0	0	11.83851	0	0	0	0	0	0	19.76695	0	12.69443	6.02033	19.61593	2.4926	0	0	0	0	0	0	0	0	0	5.03168	0	0	2.45774	0	0	0	9.16328	3.78007	1.23755	0	0	0	0	0	0	0	0	0	0	0	0	0	0	0	0	0.23207	0	0	2.02581	0	0	0	0	0	0	0	0	0	0	0	0	0	0	0	3.64305	14
GF9_A7_D20	0	0	0	0	0	0	0	0	0	0	0	0	0	0	0	0	0	1.44627	0	0	0	0	9.44681	0	0	0	0	0	0	23.41719	0	1.65319	3.22784	2.88401	13.31662	0	0	0	0	0	0	0	0	0	11.34315	0	0	18.91509	0	0	0	7.95663	0.18203	5.63752	0	0	0	0	0	0	0	0	0	0	0	0	0	0	0	0	0	0	0	0.39224	0	0	0	0	0	0	0	0	0	0	0	0	0	0	0	0.1814	14
GF9_C1_COLON_D33	0	0	0	0	0	0	0	0	0	0	0	0	0	0	0	0	0	1.20679	0	0	0	0	17.36596	0	0	0	0	0	0	11.84604	0	14.40179	1.93769	38.63042	0.07301	0	0	0	0	0	0	0	0	0	0.54439	0	0	0.4164	0	0	0	0.82361	5.07729	0	0	0	0	0	0	0	0	0	0	0	0	0	0	0	0	0	0	0	0	0.47959	0	0	0	0	0	0	0	0	0	0	0	0	0	0.01806	0	7.17897	14
GF9_C1_D17	0	0	0	0	0	0	0	0	0	0	0	0	0	0	0	0	0	0.79521	0	0	0	0	2.98093	0	0	0	0	0	0	12.85768	0	3.53802	1.55513	16.54942	0	0	0	0	0	0	0	0	0	0	1.45167	0	0	3.17909	0	0	0	2.7032	4.03124	48.0211	0.26464	0	0	0	0	0	0	0	0	0	0	0	0	0	0	0	0	0	0	0.16618	0	0	0	0	0	0	0	0	0	0	0	0	0	0	0	1.9065	14
GF9_C2_D18	0	0	0	0	0	0	0	0	0	0	0	0	0	0	0	0	0	0.78623	0	0	0	0	7.00025	0	0	0	0	0	0	19.09403	0	5.48746	1.38684	21.11138	1.48222	0	0	0	0	0	0	0	0	0	2.83171	0	0	4.15736	0	0	0	1.58575	8.2834	20.90547	0	0	0	0	0	0	0	0	0	0	0	0	0	0	0	0	0	0	0	0.5658	0	0	0	0	0	0	0	0	0	0	0	0	0	0	0	5.32208	14
GF9_C3_D17	0	0	0	0	0	0	0	0	0	0	0	0	0	0	0	0	0	0	0	0	0	0	2.67841	0	0	0	0	0	0	11.96508	0	3.49843	0.8865	11.27789	0	0	0	0	0	0	0	0	0	0	1.94575	0	0	10.56214	0	0	0	3.91201	4.50065	44.8709	0.78366	0	0	0	0	0	0	0	0	0	0	0	0	0	0	0	0	0	0	0.51514	0	0	0	0	0	0	0	0	0	0	0	0	0	0.00916	0	2.59429	14
GF9_C5_D21	0	0	0	0	0	0	0	0	0	0	0	0	0	0	0	0	0	0.15136	0	0	0	0	6.69785	0	0	0	0	0	0	24.64903	0	1.47078	5.98779	4.10173	14.71342	0	0	0	0	0	0	0	0	0	17.41531	0	0	10.93748	0	0	0	4.42097	0.11105	6.96365	0	0	0	0	0	0	0	0	0	0	0	0	0	0	0	0	0	0	0	1.77129	0	0	0	0	0	0	0	0	0	0	0	0	0	0	0	0.6083	14
GF9_C6_COLON_D33	0	0	0	0	0	0	0	0	0	0	0	0	0	0	0	0	0	2.00684	0.47815	0	0	0	15.67524	0	0	0	0	0	0	10.73215	0	12.31881	2.19664	42.25458	0.26042	0	0	0	0	0	0	0	0	0	0.72286	0	0	0.10241	0	0	0	0.70629	4.66373	0	0	0	0	0	0	0	0	0	0	0	0	0	0	0	0	0	0	0	0	1.30067	0	0	0	0	0	0	0	0	0	0	0	0	0	0	0	6.58121	14
GF9_C6_D21	0	0	0	0	0	0	0	0	0	0	0	0	0	0	0	0	0	0.33775	0	0	0	0	7.39367	0	0	0	0	0	0	24.32291	0	1.96355	4.74584	6.0636	11.63959	0	0	0	0	0	0	0	0	0	19.73128	0	0	8.37771	0	0	0	4.00785	0.64218	8.4194	0	0	0	0	0	0	0	0	0	0	0	0	0	0	0	0	0	0	0	1.31294	0	0	0	0	0	0	0	0	0	0	0	0	0	0	0	1.04174	14
GF9_C7_D17	0	0	0	0	0	0	0	0	0	0	0	0	0	0	0	0	0	0	0	0	0	0	2.9261	0	0	0	0	0	0	10.15174	0	2.99673	0.94422	12.27911	0.36217	0	0	0	0	0	0	0	0	0	1.30032	0	0	5.24339	0	0	0	3.52496	3.28131	53.64771	0.31149	0	0	0	0	0	0	0	0	0	0	0	0	0	0	0	0	0	0	0.36224	0	0	0	0	0	0	0	0	0	0	0	0	0	0	0	2.66851	14
B1	0	0	0	0	0	0	0	0	0	0	0	0	0	0	0	0	0	0	0.081	0	0	0	3.74039	0	0	0	0	0	0	4.02032	0	19.78006	3.70856	42.43816	1.44946	0	0	0	0	0	0	0	0	0	2.32868	0	0	0.01645	0	0	0	17.06258	0.03022	4.78647	0.27576	0	0	0	0	0	0	0	0	0	0	0	0	0	0	0	0	0	0	0.13714	0	0	0	0	0	0	0	0	0	0	0	0	0	0	0	0.14474	15
B3	0	0	0	0	0	0	0	0	0	0	0	0	0	0	0	0	0	1.56088	0.25184	0	0	0.09985	7.0759	0	0	0	0	0	0	9.47651	0	7.30186	5.06945	59.85358	0	0	0	0	0	0	0	0	0	0	1.36611	0	0	0.0767	0	0	0	0.22541	0	4.50531	0.04469	0	0	0	0	0	0	0	0	0	0	0	0	0	0	0	0	0	0	1.6167	0	0	0	0	0	0	0	0	0	0	0	0	0	0	0	1.47522	15
C2-d45	0	0	0	0	0	0	0	0	0	0	0	0	0	0	0	0	0	0.55832	0.04394	0	0.07611	0.02325	9.29811	0	0	0	0	0	0	33.57691	0	14.2602	8.36893	21.24552	0.80447	0	0	0	0	0	0	0	0	0	3.23379	0	0	2.88695	0	0	0	0	1.33112	3.66131	0	0	0	0	0	0	0	0	0	0	0	0	0	0	0	0	0	0	0	0.63107	0	0	0	0	0	0	0	0	0	0	0	0	0	0	0	0	15
C3-d44	0	0	0	0	0	0	0	0	0	0	0	0	0	0	0	0	0	0.40089	0.02452	0	0	0	8.04556	0	0	0	0	0	0	19.78618	0	11.67619	8.52576	38.43645	2.37334	0	0	0	0	0	0	0	0	0	1.1243	0	0	3.1583	0	0	0	0.32244	0.01525	5.73387	0.03135	0	0	0	0	0	0	0	0	0	0	0	0	0	0	0	0	0	0	0.34559	0	0	0	0	0	0	0	0	0	0	0	0	0	0	0	0	15
C4-d44	0	0	0	0	0	0	0	0	0	0	0	0	0	0	0	0	0	0.47361	0.01735	0	0	0	7.80902	0	0	0	0	0	0	15.82774	0	14.77261	8.96733	39.40182	2.0383	0	0	0	0	0	0	0	0	0	1.52302	0	0	2.47806	0	0	0	0.21804	0.13322	5.95122	0	0	0	0	0	0	0	0	0	0	0	0	0	0	0	0	0	0	0	0.35998	0	0	0	0	0	0	0	0	0	0	0	0	0	0	0	0.02869	15
C5-d53	0	0	0	0	0	0	0	0	0	0	0	0	0	0	0	0	0	1.70773	0.12376	0	0	0.0293	11.74847	0	0	0	0	0	0	15.24924	0	17.67818	3.35431	37.44106	0.92777	0	0	0	0	0	0	0	0	0	1.21093	0	0	0	0	0	0	0.75013	3.31687	0.01861	0	0	0	0	0	0	0	0	0	0	0	0	0	0	0	0	0	0	0	0.65957	0	0	0	0	0	0	0	0	0	0	0	0	0	0	0	5.78406	15
C7-d45	0	0	0	0	0	0	0	0	0	0	0	0	0	0	0	0	0	0.46368	0	0	0.20622	0	11.6702	0	0	0	0	0	0	15.03512	0	14.70077	5.42843	40.24928	1.30155	0	0	0	0	0	0	0	0	0	1.58762	0	0	1.4728	0	0	0	0.25334	6.13885	0.4918	0.0108	0	0	0	0	0	0	0	0	0	0	0	0	0	0	0	0	0	0	0.98955	0	0	0	0	0	0	0	0	0	0	0	0	0	0	0	0	15
C8-d45	0	0	0	0	0	0	0	0	0	0	0	0	0	0	0	0	0	0.37053	0.01752	0	0.05972	0	11.53931	0	0	0	0	0	0	22.60384	0	15.94928	8.20278	32.3862	0.97663	0	0	0	0	0	0	0	0	0	2.49721	0	0	1.53577	0	0	0	0	0.84954	2.354	0.01126	0	0	0	0	0	0	0	0	0	0	0	0	0	0	0	0	0	0	0.64642	0	0	0	0	0	0	0	0	0	0	0	0	0	0	0	0	15
GF10_Adam_d20	0	0	0	0	0	0	0	0	0	0	0	0	0	0	0	0	0	0	0.94686	0	0	0.49689	7.6007	0	18.97479	0	0	0	0	14.40899	0.94512	6.67149	1.12293	32.21886	0	0	0	0	0	0	0	0	0	0	2.4419	0	0	0	0.08288	0	0	0	0	3.21946	0	0	0	0	0	0	0	0	0	0	0	0	0	0	0	0	0	0	0	2.75599	0	0	0	0	0	0	0	0	0	0	0	0	0	5.22338	0	2.88975	15
GF11_B_dam_d111	0.29613	0	0	0	0	0	1.16675	0	0	0	0	0	53.07301	0	0	0	0	0	0.15718	0	0	0	2.99221	0	0	0	2.68851	0	0	0	0	20.89865	7.62975	0	0	0	0	0	0	0	0	0	0	0	2.63994	0	0	1.41501	0.98656	0	0	0	0	0.05293	0	0	0	0	0	0	0	0	0	0	0	0.26066	0	0.39513	0	0	0	0	0	0	0	0	0	0	0	0	0	0	0	0	0	0	0	5.34758	0	0	15
GF11_B_dam_d7	0.00936	0	0	0	0	0	0.61223	0	0.42182	0	0	0	71.92382	0	0	0	0	0	1.33843	0	0	0.06125	0	0	0	0	0.24986	0	0	0	0	8.70585	5.30227	0	0	0	0	0	0	0	0	0	0	0	1.2033	0	0	3.92277	0.1951	0	0	0	0	0	0	0	0	0	0	0	0	0	0	0	0	0.13936	0	0.5896	0	0	0	0	0	0	0	0	0	0	0	0	0	0	0	0	0	0	0	5.32499	0	0	15
GF11_B7_d74_colon	0	0	0	0	0	0	0	0	0	0	0	0	0	0	0	0	0	1.02454	0	0	0	0	12.19408	0	0	0	0	0	0	24.99584	0	2.01881	4.24241	3.83956	14.9291	0	0	0	0	0	0	0	0	0	12.47745	0	0	11.7101	0	0	0	7.87886	0.2671	3.57871	0.09023	0	0	0	0	0	0	0	0	0	0	0	0	0	0	0	0	0	0	0.50813	0	0	0	0	0	0	0	0	0	0	0	0	0	0	0	0.2451	15
GF11_C5_d74_colon	0	0	0	0	0	0	0	0	0	0	0	0	0	0	0	0	0	0.18185	0	0	0	0	2.99954	0	0	0	0	0	0	37.94387	0	2.36323	3.39488	4.68616	3.14402	0	0	0	0	0	0	0	0	0	3.71313	0	0	24.26751	0	0	0	7.52401	1.34598	6.12303	0	0	0	0	0	0	0	0	0	0	0	0	0	0	0	0	0.17896	0	0	0.2775	0	0	0	0	0	0	0	0	0	0	0	0	0	0	0	1.85633	15
GF14_Adam_d18_stool	0	0	0	0	0	0	0	0	0	0	0	0	0	0	0	0	0	0	6.2933	0	0	3.4509	4.58181	0	0	0	0	0	0	26.91145	0	10.56289	4.99398	26.9901	0.25472	0	0	0	0	0	0	0	0	0	6.77855	0	0	0.22083	0.87973	0	0	0	1.6544	2.43975	0	0	0	0	0	0	0	0	0	0	0	0	0	0	0	0	0	0	0.08891	3.89868	0	0	0	0	0	0	0	0	0	0	0	0	0	0	0	0	15
GF14_Adam_d9_stool	0	0	0	0	0	0	0	0	0	0	0	0	0	0	0	0	0	0	2.13655	0	0	1.04575	4.39667	0	0	0	0	0	0	17.95051	0	16.51117	3.09466	26.98729	0	0	0	0	0	0	0	0	0	0	3.52683	0	0	1.06483	0.00354	0	0	1.29784	0	18.15627	0.19976	0	0	0	0	0	0	0	0	0	0	0	0	0	0	0	0	0	0.22255	3.4058	0	0	0	0	0	0	0	0	0	0	0	0	0	0	0	0	15
GF14_c_d78_stool	0	0	0	0	0	0	0	0	0	0	0	0	0	0	0	0	0	0	1.65204	0	0	2.05524	5.49967	0	0	0	0	0	0	36.15565	0	6.62379	2.03185	28.96778	0.45079	0	0	0	0	0	0	0	0	0	5.29997	0	0	0.49201	0	0	0	1.14842	0	1.92365	0.33565	0	0	0	0	0	0	0	0	0	0	0	0	0	0	0	0	0	0	3.00886	0	0	0	0	0	0	0	0	0	0	0	0	0	4.35464	0	0	15
GF14_Cdam_d51_stool	0	0	0	0	0	0	0	0	0	0	0	0	0	0	0	0	0	0	4.20768	0	0	0.36868	3.8338	0	0	0	0	0	0	42.7824	0	3.18802	1.55013	26.7029	0.9598	0	0	0	0	0	0	0	0	0	6.12291	0	0	2.16577	0.5365	0	0	0.20718	0	3.6299	0	0	0	0	0	0	0	0	0	0	0	0	0	0	0	0	0	0	0	2.21572	0	0	0	0	0	0	0	0	0	0	0	0	0	1.52863	0	0	15
GF15_cdam_d11_stool	0.5614	0	0	0	0	0	0.26817	0	0.4256	0	0	0	71.43727	0	0	0	0	0	0.44366	0	0	0	1.80948	0	0	0	0.05256	0	0	0	0	3.20727	9.25918	0	0	0	0	0	0	0	0	0	0	0	2.03868	0	0	2.38473	0.07872	0	0	0	0	0	0	0	0	0	0	0	0	0	0	0	0	0.58223	0	0.63803	0	0	0	0	0	0	0	0	0	0	0	0	0	0	0	0	0	0	0	6.81302	0	0	15
GF15_INOC	0	0	0	0	0	0	0	0	28.25817	0	0	0	8.9089	0	0	0	0	0	1.41216	0	0	0.07382	0	0	0	0	0	0	0	0	0	1.11868	0.52009	0	0	0	0	0	0	0	0	0	0	0	29.53727	0	0	2.16499	5.91805	0	0	0	0	0	0	0	0	0	0	0	0	0	0	0	0	0	0	0.05851	0	0	0	0	0	0	0	0	0	0	0.20551	0	0	0	0	0.59815	0	1.44162	0	19.2124	0	0.57167	15
GF2_A3_day41	0	0	0	0	0	0	0	0	0	0	0	0	48.09963	0	0	0	0	0.03514	0.18099	0	10.79522	0	3.02532	0	0	0	0.05654	0	0	0	0	13.87932	16.4285	0	0.41034	0	0	0	0	0	0	0	0	0	0.49644	0	0	0.95137	0.37319	0	0	0	0	0.6608	0	0	0	0	0	0	0	0	0	0	0	0.16879	0	0	0	0	0	0	0	0	0	0	0	0	0	0	0	0	0	0	0	0	0	0	0	4.43839	15
GF2_B1_day44	0	0	0	0	0	0	0	0	0	0	0	0	22.37926	0	0	0	0	2.97338	1.53739	0	3.64442	0	4.5985	0	0	0	0.58569	0	0	0	0	6.45007	22.0233	0	22.36092	0	0	0	0	0	0	0	0	0	1.04691	0	0	5.82815	0.82003	0	0	0	0	3.13631	0	0	0	0	0	0	0	0	0	0	0	0	0	0	0	0	0	0	0	0	0	0	0	0	0	0	0	0	0	0	0	0	0	0.0894	0	2.52627	15
GF23_d54_damc	0	0	0	0	0	0	1.20899	0	0	0	0	0	0	0	0	0	0	0	0.93301	0	0	0	19.11974	0	0	0	1.40389	0	0	14.57834	0	8.073	1.39	31.43453	0.41748	0	0	0	0	0	0	0	0	0	8.90257	0	0	2.43223	0.57458	0	0	0	0	0	0	0	0	0	0	0	0	0	0	0	0	0.83024	0	0	0	0	0	0	0	1.75315	0	0	0	0	0	0	0	0	0	0	0	0	0	6.94825	0	0	15
GF23_d62_damc	0	0	0	0	0	0	0.27134	0	0	0	0	0	8.78291	0	0	0	0	0	0.59285	0	0	0	6.8182	0	0	0	1.81124	0	0	30.64253	0	6.28804	13.25802	5.02337	1.3139	0	0	0	0	0	0	0	0	0	14.74987	0	0	1.56932	0	0	0	0	0	0.28225	0	0	0	0	0	0	0	0	0	0	0	1.94817	0	0	0	0	0	0	0	6.64798	0	0	0	0	0	0	0	0	0	0	0	0	0	0	0	0	15
GF23_d89_damc	0	0	0	0	0	0	0	0	0	0	0	0	2.16986	0	0	0	0	0	0.33418	0	0	0.08275	10.81927	0	0	0	0.96791	0	0	34.50024	0	6.96946	3.83072	2.52851	2.61443	0	0	0	0	0	0	0	0	0	26.68235	0	0	3.01695	0	0	0	0	0	0.68336	0	0	0	0	0	0	0	0	0	0	0	2.12892	0	0	0	0	0	0	0	2.67108	0	0	0	0	0	0	0	0	0	0	0	0	0	0	0	0	15
GF3_C9_day30	0.12205	0	0	0	0	0	0.02106	0	0	0	0	0	14.85821	0	0	0	0	0.09119	0	0	67.86994	0	1.89114	0	0	0	0	0	0	0	0	2.99538	6.32381	0	0.23469	0	0	0	0	0	0	0	0	0	0.01829	0	0	0.12526	0.80311	0	0	0	0	0.1747	0	0	0	0	0	0	0	0	0	0	0	0	0	0	0	0	0	0	0	0	0	0	0	0	0	0	0	0	0	0	0	0	0	0.21587	0	4.2553	15
GF4_Bdam_d10	0	0	0	0	0	0	0.11847	0	0	0	0	0	55.42544	0	0	0	0	0.2421	0.44999	0	0	0	4.70769	0	0	0	0.68739	0	0	0	0	23.49718	6.02054	0	0.09473	0	0	0	0	0	0	0	0	0	2.08586	0	0	1.48406	0.51058	0	0	0	0	0	0	0	0	0	0	0	0	0	0	0	0	0.18312	0	0.34605	0	0	0	0	0	0	0	0	0	0	0	0	0	0	0	0	0	0	0	4.14679	0	0	15
GF4_Cdam_d16	0	0	0	0	0	0	0.05506	0	0	0	0	0	20.98081	0	0	0	0	3.42611	0.26979	0	0	0	8.99459	0	0	0	5.48937	0	0	0	0	27.92939	7.6892	0	2.51382	0	0	0	0	0	0	0	0	0	3.33942	0	0	1.30309	0.65507	0	0	0	0	0.17018	0	0	0	0	0	0	0	0	0	0	0	0	0	0	0	0	0	0	0	0	0	0	0	0	0	0	0	0	0	0	0	0	0	1.9514	0	15.23271	15
GF5_C_DAM_D24	0.07427	0	0	0	0	0	0	0	0	0	0	0	26.8988	0	0	0	0	0.69279	0.32951	0	0	0	8.41787	0	0	0	2.0295	0	0	0	0	32.29633	5.36157	0	1.54597	0	0	0	0	0	0	0	0	0	1.15787	0	0	0.98747	0.70322	0	0	0	0	1.10297	0	0	0	0	0	0	0	0	0	0	0	0.17925	0	0	0	0	0	0	0	0	0	0	0	0	0	0	0	0	0	0	0	0	0	0	0	18.22261	15
GF7_C2_COLON_D47	0	0	0	0	0	0	0	0	0	0	0	0	0	0	0	0	0	5.9649	1.56894	0	0	0.42222	0.52232	0	0	0	0	0	0	17.47126	0	15.27715	1.5347	30.26877	0.29696	0	0	0	0	0	0	0	0	0	4.99452	0	0	0.06292	0	0	0	2.25325	10.93662	0	0	0	0	0	0	0	0	0	0	0	0	0	0	0	0	0	0	0	0	0.59474	0	0	0	0	0	0	0	0	0	0	0	0	0	0	0	7.83072	15
GF8_B2_D32	0	0	0	0	0	0	0	0	0	0	0	0	0	0	0	0	0	0.68966	0.40286	0	0	0	7.26012	0	0	0	0	0	0	40.50958	0	2.71073	5.86557	15.5379	7.44872	0	0	0	0	0	0	0	0	0	1.59979	0	0	2.34956	0	0	0	7.34648	7.71594	0.10136	0	0	0	0	0	0	0	0	0	0	0	0	0	0	0	0	0.02206	0	0	0	0	0	0	0	0	0	0	0	0	0	0	0	0	0	0	0.43967	15
GF8_C4_D30	0	0	0	0	0	0	0	0	0	0	0	0	0	0	0	0	0	1.47398	0	0	0	0	1.02588	0	0	0	0	0	0	4.81872	0	1.3959	0.84347	8.39482	0	0	0	0	0	0	0	0	0	0	2.43946	0	0	0.34614	0	0	0	75.61733	0.45922	1.39375	0.57454	0	0	0	0	0	0	0	0	0	0	0	0	0	0	0	0.17172	0	0	0	0	0	0	0	0	0	0	0	0	0	0	0	0	0.15265	0	0.89244	15
GF8_C7_D35	0	0	0	0	0	0	0	0	0	0	0	0	0	0	0	0	0	1.68521	0	0	0	0	7.04273	0	0	0	0	0	0	28.61457	0	6.47721	2.02749	19.36566	2.54697	0	0	0	0	0	0	0	0	0	2.36235	0	0	3.70272	0	0	0	1.94316	6.74126	10.9934	0	0	0	0	0	0	0	0	0	0	0	0	0	0	0	0	0	0	0	0.87777	0	0	0	0	0	0	0	0	0	0	0	0	0	0.41303	0	5.20647	15
GF9_A_DAM_D0	0	0	0	0	0	0	0	0	0	0	0	0	0	0	0	0	0	2.1564	0	0	0	0	5.04991	0	0	0	0	0	0	15.75726	0	7.60648	1.55886	26.78975	0.38092	0	0	0	0	0	0	0	0	0	1.23108	0	0	3.66274	0	0	0	3.50245	4.99152	22.44532	0	0	0	0	0	0	0	0	0	0	0	0	0	0	0	0	0.06665	0	0	0.61606	0	0	0	0	0	0	0	0	0	0	0	0	0	0	0	4.1846	15
GF9_A6_COLON_D33	0	0	0	0	0	0	0	0	0	0	0	0	0	0	0	0	0.76264	0	0	0	0	0	17.70457	0	0	0	0	0	0	15.07171	0	20.2232	2.26777	18.07619	2.44673	0	0	0	0	0	0	0	0	0	5.35314	0	0	0.45524	0	0	0	7.75862	2.68037	0.82747	0	0	0	0	0	0	0	0	0	0	0	0	0	0	0	0	0.42171	0	0	2.08501	0	0	0	0	0	0	0	0	0	0	0	0	0	0	0	3.86563	15
GF9_C5_COLON_D33	0	0	0	0	0	0	0	0	0	0	0	0	0	0	0	0	0	1.19712	0.73557	0	0	0	15.13881	0	0	0	0	0	0	12.67765	0	14.84105	2.25646	38.59794	0.27632	0	0	0	0	0	0	0	0	0	0.9392	0	0	0.40506	0	0	0	0.65932	4.63248	0	0.09222	0	0	0	0	0	0	0	0	0	0	0	0	0	0	0	0	0	0	1.1004	0	0	0	0	0	0	0	0	0	0	0	0	0	0	0	6.45039	15
GF9_C6_D16	0	0	0	0	0	0	0	0	0	0	0	0	0	0	0	0	0	2.47901	0	0	0	0	4.98087	0	0	0	0	0	0	29.49039	0	4.01399	1.2996	15.13409	1.14226	0	0	0	0	0	0	0	0	0	1.75346	0	0	0.74899	0	0	0	1.6069	12.95845	19.2011	0	0	0	0	0	0	0	0	0	0	0	0	0	0	0	0	0	0	0	0.22684	0	0	0	0	0	0	0	0	0	0	0	0	0	0.14556	0	4.81849	15
GF9_C7_D16	0	0	0	0	0	0	0	0	0	0	0	0	0	0	0	0	0	2.12398	0	0	0	0	4.65504	0	0	0	0	0	0	25.58898	0	5.56426	1.60007	20.10488	0.64395	0	0	0	0	0	0	0	0	0	1.36911	0	0	0.74347	0	0	0	1.71222	8.12142	22.44161	0	0	0	0	0	0	0	0	0	0	0	0	0	0	0	0	0	0	0	0.80729	0	0	0	0	0	0	0	0	0	0	0	0	0	0.2201	0	4.30362	15
Gn3_7F_dam	0.16888	0	0	0	0	0	0.42739	0	0	0	0	0	39.6409	0	0	0	0	0	0.83424	0	0	0.06529	0.80779	0	0	0	0.61426	0	0	0	0	26.07887	9.35582	0	0.49309	0	0	0	0	0	0	0	0	0	11.89288	0	0	2.76579	1.38657	0	0	0	0	3.95928	0	0	0	0	0	0	0	0	0	0	0	1.50897	0	0	0	0	0	0	0	0	0	0	0	0	0	0	0	0	0	0	0	0	0	0	0	0	15
Gn3_7Fdam_Stool	0.01889	0	0	0	0	0	0.29337	0	0	0	0	0	49.16397	0	0	0	0	0	0.62331	0	0	0	5.30805	0	0	0	0.54796	0	0	0	0	25.57792	3.1096	0	2.18885	0	0	0	0	0	0	0	0	0	8.67554	0	0	2.56779	0.29628	0	0	0	0	0.45083	0	0	0	0	0	0	0	0	0	0	0	1.00985	0	0	0	0	0	0	0	0	0	0	0	0	0	0	0	0	0	0	0	0	0	0.16778	0	0	15
gnoto2_INOC_microB	0.24324	0	0	0	0	0	0.14999	0	0	0	0	0	38.14358	0	0	0	0	0.36907	0	0	0	0	7.68656	0	0	0	6.78571	0	0	0	0	16.26323	8.27391	0	1.22479	0	0	0	0	0	0	0	0	0	1.63499	0	0	3.17118	0.65076	0	0	0	0	0	0	0	0	0	0	0	0	0	0	0	0	0.05256	0	0	0	0	0	0	0	0	0	0	0	0	0	0	0	0	0	0	0	0	0	3.76546	0	11.58497	15
B2-d39	0	0	0	0	0	0	0	0	0	0	0	0	0	0	0	0	0	1.37651	0.12981	0	0	0.12049	8.34278	0	0	0	0	0	0	20.18957	0	13.41232	8.00934	29.52699	5.95439	0	0	0	0	0	0	0	0	0	3.12273	0	0	0.1828	0	0	0	0	2.94981	5.32794	0.0289	0	0	0	0	0	0	0	0	0	0	0	0	0	0	0	0	0	0	0.96028	0	0	0	0	0	0	0	0	0	0	0	0	0	0	0	0.36534	16
B5-d40	0	0	0	0	0	0	0	0	0	0	0	0	0	0	0	0	0	0.56243	0.33042	0	0.99206	0.13644	9.74765	0	0	0	0	0	0	18.33341	0	9.19898	8.36521	32.45746	6.7038	0	0	0	0	0	0	0	0	0	2.2501	0	0	0	0	0	0	0	2.39011	6.11507	0.01627	0	0	0	0	0	0	0	0	0	0	0	0	0	0	0	0	0	0	1.1601	0	0	0	0	0	0	0	0	0	0	0	0	0	0	0	1.24048	16
B6-d39	0	0	0	0	0	0	0	0	0	0	0	0	0	0	0	0	0	0.89133	0.17007	0	0	0.01309	8.58325	0	0	0	0	0	0	24.60738	0	4.84655	14.15038	31.85971	4.07697	0	0	0	0	0	0	0	0	0	2.37694	0	0	0.36365	0	0	0	0	1.22392	5.69217	0.0421	0	0	0	0	0	0	0	0	0	0	0	0	0	0	0	0	0	0	0.85528	0	0	0	0	0	0	0	0	0	0	0	0	0	0	0	0.24722	16
C3-d45	0	0	0	0	0	0	0	0	0	0	0	0	0	0	0	0	0	0.39963	0.06503	0	0.28176	0	10.86022	0	0	0	0	0	0	16.33307	0	10.55915	6.64614	39.90177	1.67965	0	0	0	0	0	0	0	0	0	1.22467	0	0	4.49212	0	0	0	0.76709	0.47938	5.44675	0.04976	0	0	0	0	0	0	0	0	0	0	0	0	0	0	0	0	0	0	0.8138	0	0	0	0	0	0	0	0	0	0	0	0	0	0	0	0	16
C5-d45	0	0	0	0	0	0	0	0	0	0	0	0	0	0	0	0	0	0.2718	0.06685	0	0.07815	0	9.20928	0	0	0	0	0	0	16.02173	0	16.44642	5.71137	44.258	1.07141	0	0	0	0	0	0	0	0	0	1.57584	0	0	1.69574	0	0	0	0.55838	0.10647	2.2332	0.01068	0	0	0	0	0	0	0	0	0	0	0	0	0	0	0	0	0	0	0.68468	0	0	0	0	0	0	0	0	0	0	0	0	0	0	0	0	16
C7-d44	0	0	0	0	0	0	0	0	0	0	0	0	0	0	0	0	0	0.8862	0.01633	0	0	0.01714	8.82766	0	0	0	0	0	0	20.0141	0	7.54335	6.93415	38.72225	0.9675	0	0	0	0	0	0	0	0	0	1.52403	0	0	7.26022	0	0	0	0.01184	1.54634	5.09342	0.01018	0	0	0	0	0	0	0	0	0	0	0	0	0	0	0	0	0	0	0.62527	0	0	0	0	0	0	0	0	0	0	0	0	0	0	0	0	16
GF1_B_mom_d32	0	0	0	0	0	0	0	0	0	0	0	0	0	0	0	0	2.12565	1.03011	0	0	0	0	5.28758	0	0	0	0	0	0	20.10749	0	8.55668	3.14597	38.10826	0.84463	0	0	0	0	0	0	0	0	0	3.3564	0	0	0	0.38712	0	0	1.78889	2.80943	0	0	0	0	0	0	0	0	0	0	0	0	0	0	0	0	0	3.62166	0	0	0.91839	0	0	0	0	0	0	0	0	0	0	0	0	0	2.61501	0	5.29674	16
GF1_B14	0	0	0	0	0	0	0	0	0	0	0	0	0	0	0	0	0.86091	0.40571	0	0	0	0	8.46168	0	0	0	0	0	0	14.19298	0	9.57187	4.00356	52.93826	0.85458	0	0	0	0	0	0	0	0	0	1.83001	0	0	0	0.17618	0	0	1.05076	0.874	0.2375	0	0	0	0	0	0	0	0	0	0	0	0	0	0	0	0	0.44838	0	0	0.8889	0	0	0	0	0	0	0	0	0	0	0	0	0	0	0	3.20471	16
GF1_B25	0	0	0	0	0	0	0	0	0	0	0	0	0	0	0	0	1.76194	0	0	0	0	0	7.90863	0	0	0	0	0	0	15.91911	0	10.28118	4.26174	40.17737	1.43188	0	0	0	0	0	0	0	0	0	1.65911	0	0	0	0.69598	0	0	1.30851	1.90461	0.84255	0	0	0	0	0	0	0	0	0	0	0	0	0	0	0	0	3.26113	0	0	0.55764	0	0	0	0	0	0	0	0	0	0	0	0	0	3.11903	0	4.90961	16
GF1_B3_d38	0	0	0	0	0	0	0	0	0	0	0	0	0	0	0	0	0	1.16744	0.10456	0	0	0	10.44965	0	0	0	0	0	0	31.03343	0	3.80482	13.80551	27.56515	3.50975	0	0	0	0	0	0	0	0	0	0.67903	0	0	0.23791	0.52873	0	0	0	0.94623	3.84045	0	0	0	0	0	0	0	0	0	0	0	0	0	0	0	0	1.5844	0	0	0.55582	0	0	0	0	0	0	0	0	0	0	0	0	0	0.18711	0	0	16
GF1_C_mom_d32	0	0	0	0	0	0	0	0	0	0	0	0	0	0	0	0	0	0	0.07098	0	0	0	6.29668	0	0	0	0	0	0	17.44232	0	10.73598	3.41216	45.82969	0.3717	0	0	0	0	0	0	0	0	0	1.89193	0	0	0.81903	0.15966	0	0	0.98224	0.93844	0	0	0	0	0	0	0	0	0	0	0	0	0	0	0	0	0	3.56341	0	0	1.1683	0	0	0	0	0	0	0	0	0	0	0	0	0	2.57628	0	3.74119	16
GF10_A1_d127_colon	0	0	0	0	0	0	0	0	0	0	0	0	0	0	0	0	0	0.63765	0.11251	0	0	0	17.03045	0	0	0	0	0	0	17.03481	0	8.79376	2.32147	28.48625	0.56027	0	0	0	0	0	0	0	0	0	1.38359	0	0	1.5152	0	0	0	0.09163	14.77636	0.16003	0.16614	0	0	0	0	0	0	0	0	0	0	0	0	0	0	0	0	0	0	1.34868	0	0	0	0	0	0	0	0	0	0	0	0	0	0	0	5.58121	16
GF10_A1_D32	0	0	0	0	0	0	0	0	0	0	0	0	0	0	0	0	0.0697	0.54584	0	0	0	0	8.16035	0	0	0	0	0	0	20.07998	0	17.5349	1.36657	15.15833	0.47509	0	0	0	0	0	0	0	0	0	6.90207	0	0	0	0	0	0	16.75273	4.31413	0.63752	0.2624	0	0	0	0	0	0	0	0	0	0	0	0	0	0	0	0.23631	0	0	1.53518	0	0	0	0	0	0	0	0	0	0	0	0	0	0	0	5.96891	16
GF10_A2_D32	0	0	0	0	0	0	0	0	0	0	0	0	0	0	0	0	0.10904	0.9568	0	0	0	0	7.36683	0	0	0	0	0	0	25.76183	0	18.47387	1.11199	10.91491	0.52531	0	0	0	0	0	0	0	0	0	8.59217	0	0	1.12087	0	0	0	10.10218	4.92766	0	0.20381	0	0	0	0	0	0	0	0	0	0	0	0	0	0	0	0.22497	0	0	1.77991	0	0	0	0	0	0	0	0	0	0	0	0	0	0	0	7.82784	16
GF15_Adam_d5_stool	0.24247	0	0	0	0	0	0.10499	0	0.76677	0	0	0	73.70994	0	0	0	0	0	0.55995	0	0	0.08548	1.84964	0	0	0	0.1899	0	0	0	0	2.61718	7.80968	0	0	0	0	0	0	0	0	0	0	0	1.77612	0	0	2.38248	0.05282	0	0	0	0	0.05619	0	0	0	0	0	0	0	0	0	0	0	0.75482	0	0	0	0	0	0	0	0	0	0	0	0	0	0	0	0	0	0	0	0	0	7.04157	0	0	16
GF15_c_d18_stool	1.2022	0	0	0	0.01944	0	0.24193	0	0.05613	0	0	0	64.11045	0	0	0	0	0	0.69104	0	0	0	2.15001	0	0	0	1.28867	0	0	0	0	3.4044	9.55826	0	0	0	0	0	0	0	0	0	0	0	4.94038	0	0	3.00099	1.33676	0	0	0	0	0	0	0	0	0	0	0	0	0	0	0	0	0.10092	0	0.24183	0	0	0	0	0	0	0	0	0	0	0	0	0	0	0	0	0	0	0	7.65659	0	0	16
GF15_cdam_d5_stool	0.06903	0	0	0	0	0	0.11676	0	0.14286	0	0	0	70.97114	0	0	0	0	0	1.71978	0	0	0.25506	2.76113	0	0	0	0.82964	0	0	0	0	1.93462	8.04264	0	0	0	0	0	0	0	0	0	0	0	2.05436	0	0	4.70988	0	0	0	0	0	0.04375	0	0	0	0	0	0	0	0	0	0	0	1.34358	0	0.66964	0	0	0	0	0	0	0	0	0	0	0	0	0	0	0	0	0	0	0	4.33613	0	0	16
GF2_A1_d37	0	0	0	0	0	0	0	0	0	0	0	0	34.15594	0	0	0	0	1.22011	0.19776	0	0.25229	0	9.04741	0	0	0	0.85171	0	0	0	0	22.14307	13.44483	0	3.49362	0	0	0	0	0	0	0	0	0	1.54566	0	0	1.2316	0.41179	0	0	0	0	0.13088	0	0	0	0	0	0	0	0	0	0	0	0.25964	0	0	0	0	0	0	0	0	0	0	0	0	0	0	0	0	0	0	0	0	0	0.7294	0	10.88429	16
GF2_A25_N713	0	0	0	0	0	0	0	0	0	0	0	0	0	0	0	0	0	0.46265	0.38231	0	0	0	9.14932	0	0	0	0	0	0	17.82531	0	9.82546	3.68245	40.70223	0.57415	0	0	0	0	0	0	0	0	0	2.03167	0	0	0	0.39281	0	0	0.42755	3.11382	0	0	0	0	0	0	0	0	0	0	0	0	0	0	0	0	0	2.4347	0	0	0.75965	0	0	0	0	0	0	0	0	0	0	0	0	0	3.34193	0	4.894	16
GF2_B_Sire_day23	0.64119	0	0	0	0	0	0.52258	0	0.10947	0	0	0	36.31841	0	0	0	0	0.85545	0.15903	0	0	0	6.24039	0	0	0	1.60141	0	0	0	0	22.40065	11.72124	0	1.58475	0	0	0	0	0	0	0	0	0	0.66007	0	0	0.49238	1.35707	0	0	0	0	0	0	0	0	0	0	0	0	0	0	0	0	0	0	0	0	0	0	0	0	0	0	0	0	0	0	0	0	0	0	0	0	0	0	4.69201	0	10.6439	16
GF2_Inoc	0	0	0	0	0	0	0.15506	0	25.72506	0	0	0	8.84848	0	0	0	0	0	1.98636	0	0	0.25392	0	0	0	0	0	0	0	0	0	2.85656	1.56258	0	0	0	0	0	0	0	0	0	0	0	26.43814	0	0	4.74843	10.53531	0	0	0	0	0	0	0	0	0	0	0	0	0	0	0	0	0	0	0.12664	0	0	0	0	0	0	0	0	0	0	0.49707	0	0	0	0	0.30876	0	0.04587	0	15.11897	0	0.7928	16
GF23_d17_damc	0	0	0	0	0	0	0.20023	0	0	0	0	0	0.27739	0	0	0	0	0	0.84989	0	0	0.14947	9.62334	0	0	0	0	0	0	21.56006	0	11.38083	2.10488	23.67817	0	0	0	0	0	0	0	0	0	0	7.59081	0	0	3.25073	0.58056	0	0	0	0	0.10019	0	0	0	0	0	0	0	0	0	0	0	1.83845	0	0	0	0	0	0	0	1.42943	0	0	0	0	0	0	0	0	0	0	0	0	0	15.38557	0	0	16
GF23_d62_dama	0	0	0	0	0	0	0	0	0	0	0	0	0.42078	0	0	0	0	0	0.99855	0	0	0.06744	14.83734	0	0	0	0.57267	0	0	19.40077	0	8.25435	2.58914	34.6149	2.31085	0	0	0	0	0	0	0	0	0	6.63812	0	0	2.04653	0	0	0	0	0	0.16406	0	0	0	0	0	0	0	0	0	0	0	1.26469	0	0	0	0	0	0	0	1.64843	0	0	0	0	0	0	0	0	0	0	0	0	0	4.17139	0	0	16
GF4_Bsire_d10	0.01875	0	0	0	0	0	0.01484	0	0	0	0	0	51.95341	0	0	0	0	2.19906	0.61923	0	0	0.11767	4.58916	0	0	0	0.51283	0	0	0	0	23.91299	5.74328	0	0.2526	0	0	0	0	0	0	0	0	0	2.83787	0	0	1.89672	1.05023	0	0	0	0	0	0	0	0	0	0	0	0	0	0	0	0	0.10107	0	0	0	0	0	0	0	0	0	0	0	0	0	0	0	0	0	0	0	0	0	4.1803	0	0	16
GF5_A1_D47	0	0	0	0	0	0	0	0	0	0	0	0	0.95731	0	0	0	0	3.61322	0.18773	0	0	0	9.68135	0	0	0	2.21698	0	0	0	0	0.08476	12.15746	0	9.25435	0	0	0	0	0	0	0	0	0	3.24733	0	0	23.75838	5.25111	0	0	23.65729	0	1.13937	0.25364	0	0	0	0	0	0	0	0	0	0	2.3818	0	0	0	0	0	0	0	0	0	0	0	0	0	0	0	0	0	0	0	0	0	0	0	2.15793	16
GF7_ADAM_D5	0.05416	0	0	0	0	0	0	0	0	0	0	0	41.07933	0	0	0	0	2.51826	0.34871	0	0	0	8.79305	0	0	0	0.37568	0	0	0	0	21.83933	3.61776	0	0.27369	0	0	0	0	0	0	0	0	0	1.32836	0	0	0.60373	0.66697	0	0	0	0	2.286	0	0	0	0	0	0	0	0	0	0	0	0.07254	0	0.04666	0	0	0	0	0	0	0	0	0	0	0	0	0	0	0	0	0	0	0	0	0	16.09577	16
GF7_ADAM_D78	0.1133	0	0	0	0	0	0.45684	0	0	0	0	0	45.95058	0	0	0	0	3.23295	0.64147	0	0	0	3.13781	0	0	0	0.44254	0	0	0	0	17.96166	7.94663	0	0.49825	0	0	0	0	0	0	0	0	0	1.53942	0	0	1.84524	2.69859	0	0	0	0	0	0	0	0	0	0	0	0	0	0	0	0	0.72473	0	0	0	0	0	0	0	0	0	0	0	0	0	0	0	0	0	0	0	0	0	4.30023	0	8.50978	16
GF7_BSIRE_D12	0	0	0	0	0	0	0	0	0	0	0	0	0	0	0	0	2.52964	5.18028	0	0	0	0	8.20275	0	0	0	0	0	0	22.03933	0	9.3399	1.42709	23.97817	0.09125	0	0	0	0	0	0	0	0	0	3.23542	0	0	0	1.58408	0	0	3.59258	0	6.33396	0	0	0	0	0	0	0	0	0	0	0	0	0	0	0	0	3.0174	0	0	0.39302	0	0	0	0	0	0	0	0	0	0	0	0	0	2.67459	0	6.38053	16
GF8_A1_D30	0	0	0	0	0	0	0	0	0	0	0	0	0	0	0	0	0.22087	0	0	0	0	0	7.56851	0	0	0	0	0	0	16.46566	0	8.10444	1.81663	18.96752	0.18646	0	0	0	0	0	0	0	0	0	2.29167	0	0	1.11455	0	0	0	29.73203	4.86912	0.76374	0	0	0	0	0	0	0	0	0	0	0	0	0	0	0	0	0.33074	0	0	0.68928	0	0	0	0	0	0	0	0	0	0	0	0	0	0.28834	0	6.59042	16
GF8_B1_D34	0	0	0	0	0	0	0	0	0	0	0	0	0	0	0	0	0	1.65501	0	0	0	0	5.94493	0	0	0	0	0	0	41.82424	0	2.05024	2.54265	18.73721	5.9086	0	0	0	0	0	0	0	0	0	0.32185	0	0	3.52359	0	0	0	3.83707	1.77857	10.53859	0.29834	0	0	0	0	0	0	0	0	0	0	0	0	0	0	0	0	0	0	0.09322	0	0	0	0	0	0	0	0	0	0	0	0	0	0.105	0	0.84089	16
GF8_B5_D34	0	0	0	0	0	0	0	0	0	0	0	0	0	0	0	0	0	0.97301	0.47077	0	0	0	6.66828	0	0	0	0	0	0	40.80802	0	7.40187	3.4171	14.66696	8.16846	0	0	0	0	0	0	0	0	0	0.80882	0	0	0.36197	0	0	0	4.78711	7.75983	0	0	0	0	0	0	0	0	0	0	0	0	0	0	0	0	0	0.41504	0	0	0.22258	0	0	0	0	0	0	0	0	0	0	0	0	0	0.20196	0	2.86821	16
GF9_A3_D18	0	0	0	0	0	0	0	0	0	0	0	0	0	0	0	0	0	0.68477	0	0	0	0	2.11791	0	0	0	0	0	0	26.74584	0	4.5904	1.32808	12.0792	0.62889	0	0	0	0	0	0	0	0	0	1.99392	0	0	1.78041	0	0	0	1.81947	10.33244	29.42358	0.30208	0	0	0	0	0	0	0	0	0	0	0	0	0	0	0	0	0	0	0.93808	0	0	0	0	0	0	0	0	0	0	0	0	0	0.07579	0	5.15913	16
GF9_A4_COLON_D33	0	0	0	0	0	0	0	0	0	0	0	0	0	0	0	0	0.01522	1.73451	0	0	0	0	10.26564	0	0	0	0	0	0	19.23964	0	19.0089	1.25712	15.31256	0.43971	0	0	0	0	0	0	0	0	0	7.10403	0	0	0.88084	0	0	0	9.33059	6.78551	0.79508	0	0	0	0	0	0	0	0	0	0	0	0	0	0	0	0	0.14006	0	0	1.57181	0	0	0	0	0	0	0	0	0	0	0	0	0	0	0	6.11879	16
GF9_A4_D18	0	0	0	0	0	0	0	0	0	0	0	0	0	0	0	0	0	1.68368	0	0	0	0	5.76528	0	0	0	0	0	0	18.07399	0	6.14427	2.47547	18.4432	1.10926	0	0	0	0	0	0	0	0	0	2.18968	0	0	1.58877	0	0	0	2.49156	8.13016	26.53442	0.22379	0	0	0	0	0	0	0	0	0	0	0	0	0	0	0	0	0	0	0.61802	0	0	0	0	0	0	0	0	0	0	0	0	0	0.05248	0	4.47597	16
GF9_A5_D18	0	0	0	0	0	0	0	0	0	0	0	0	0	0	0	0	0	1.10736	0.16175	0	0	0	5.70755	0	0	0	0	0	0	17.96245	0	5.91065	2.16382	19.33316	1.25955	0	0	0	0	0	0	0	0	0	1.9272	0	0	4.18075	0	0	0	1.82264	8.95447	25.18274	0	0	0	0	0	0	0	0	0	0	0	0	0	0	0	0	0	0	0	0.51204	0	0	0	0	0	0	0	0	0	0	0	0	0	0.02874	0	3.7851	16
GF9_C2_D21	0	0	0	0	0	0	0	0	0	0	0	0	0	0	0	0	0	0.53889	0.30665	0	0	0.14536	9.82216	0	0	0	0	0	0	24.40627	0	13.34085	3.86333	24.59354	0.7441	0	0	0	0	0	0	0	0	0	2.25875	0	0	6.63788	0	0	0	1.83687	4.52576	0.10114	0	0	0	0	0	0	0	0	0	0	0	0	0	0	0	0	0	0	0	0.65413	0	0	0	0	0	0	0	0	0	0	0	0	0	0	0	6.22433	16
GF9_C3_D16	0	0	0	0	0	0	0	0	0	0	0	0	0	0	0	0	0	1.00061	0	0	0	0	6.41614	0	0	0	0	0	0	21.46056	0	7.65477	3.01872	20.60076	1.33526	0	0	0	0	0	0	0	0	0	2.055	0	0	1.98144	0	0	0	1.87694	6.16667	20.6411	0.12317	0	0	0	0	0	0	0	0	0	0	0	0	0	0	0	0	0	0	0.94734	0	0	0	0	0	0	0	0	0	0	0	0	0	0.03462	0	4.6869	16
GF9_C4_COLON_D33	0	0	0	0	0	0	0	0	0	0	0	0	0	0	0	0	0	0.65175	0.06898	0	0	0	20.42049	0	0	0	0	0	0	17.47178	0	12.95399	3.9692	27.57447	0.85521	0	0	0	0	0	0	0	0	0	1.17035	0	0	2.81042	0	0	0	1.49986	3.79946	0.29158	0.06001	0	0	0	0	0	0	0	0	0	0	0	0	0	0	0	0	0	0	0.69624	0	0	0	0	0	0	0	0	0	0	0	0	0	0	0	5.70618	16
GF9_C5_D17	0	0	0	0	0	0	0	0	0	0	0	0	0	0	0	0	0	0.19813	0	0	0	0	1.51225	0	0	0	0	0	0	12.09254	0	2.15156	0.66512	6.94449	0.05565	0	0	0	0	0	0	0	0	0	1.38344	0	0	9.23573	0	0	0	4.51158	2.77278	55.5742	0.7791	0	0	0	0	0	0	0	0	0	0	0	0	0	0	0	0	0	0	0.28853	0	0	0	0	0	0	0	0	0	0	0	0	0	0.14909	0	1.6858	16
Gn3_6Ddam_Stool	0	0	0	0	0	0	0	0	0	0	0	0	0	0	0	0	2.70529	1.57041	0	0	0	0	0.58585	0	0	0	0	0	0	36.87046	0	6.23812	0.92295	14.71963	0.25492	0	0	0	0	0	0	0	0	0	11.55143	0	0	0	2.76212	0	0	3.23682	3.65694	1.1905	0	0	0	0	0	0	0	0	0	0	0	0	0	0	0	0	5.29149	0	0	0.69768	0	0	0	0	0	0	0	0	0	0	0	0	0	7.74539	0	0	16
Gn3_6E_dam	0	0	0	0	0	0	0	0	0	0	0	0	0	0	0	0	1.12678	1.44379	0	0	0	0.04984	0.54069	0	0	0	0	0	0	36.67786	0	4.02811	1.06529	28.17637	0	0	0	0	0	0	0	0	0	0	7.79158	0	0	0	1.17433	0	0	1.71649	1.84401	0.10989	0	0	0	0	0	0	0	0	0	0	0	0	0	0	0	0	6.42446	0	0	0.41888	0	0	0	0	0	0	0	0	0	0	0	0	0	7.41163	0	0	16
Gn3_6F_dam	0	0	0	0	0	0	0	0	0	0	0	0	0	0	0	0	2.59528	0.96714	0	0	0	0	1.98718	0	0	0	0	0	0	41.75874	0	5.59014	4.25927	22.50238	2.08205	0	0	0	0	0	0	0	0	0	4.16589	0	0	0	2.21031	0	0	1.40275	1.4114	0.16558	0	0	0	0	0	0	0	0	0	0	0	0	0	0	0	0	4.2875	0	0	1.57241	0	0	0	0	0	0	0	0	0	0	0	0	0	3.04198	0	0	16
Gn3_7Adam_Stool_210823	0	0	0	0	0	0	0	0	0	0	0	0	39.06184	0	0	0	1.07223	0	0	0	0	0	1.26357	0	0	0	0.40495	0	0	22.65143	0	10.03725	0.5912	10.21744	0.15553	0	0	0	0	0	0	0	0	0	4.35613	0	0	0.22871	0.47849	0	0	0	0	0.1295	0	0	0	0	0	0	0	0	0	0	0	0	0	0	0	0	5.70965	0	0	0.32824	0	0	0	0	0	0	0	0	0	0	0	0	0	3.31383	0	0	16
Gn3_7C_dam	0.45675	0	0	0	0	0	0	0	0	0	0	0	55.23694	0	0	0	0	1.12631	0.34056	0	0	0.05247	1.18425	0	0	0	2.50574	0	0	0	0	22.14727	4.91502	0	0.26936	0	0	0	0	0	0	0	0	0	6.87761	0	0	1.32661	0.78841	0	0	0	0	1.75559	0	0	0	0	0	0	0	0	0	0	0	0.74386	0	0.27325	0	0	0	0	0	0	0	0	0	0	0	0	0	0	0	0	0	0	0	0	0	0	16
B3-d39	0	0	0	0	0	0	0	0	0	0	0	0	0	0	0	0	0	0.7653	0.04376	0	0	0	8.5714	0	0	0	0	0	0	28.55902	0	10.4547	12.8506	19.73896	5.36833	0	0	0	0	0	0	0	0	0	1.96526	0	0	1.54964	0	0	0.00191	0	3.18435	5.44564	0.02826	0	0	0	0	0	0	0	0	0	0	0	0	0	0	0	0.06501	0	0	0.50469	0	0	0	0	0	0	0	0	0	0	0	0	0	0	0	0.90317	17
B6-d40	0	0	0	0	0	0	0	0	0	0	0	0	0	0	0	0	0	1.0502	0.25858	0	0.21201	0.12796	8.81944	0	0	0	0	0	0	17.52628	0	13.78736	4.77925	30.8451	3.25895	0	0	0	0	0	0	0	0	0	2.57808	0	0	0.206	0	0	0	0	2.16679	9.39029	0.01221	0	0	0	0	0	0	0	0	0	0	0	0	0	0	0	0	0	0	1.07128	0	0	0	0	0	0	0	0	0	0	0	0	0	0	0	3.91026	17
B7-d40	0	0	0	0	0	0	0	0	0	0	0	0	0	0	0	0	0	1.30791	0.1804	0	0.57481	0.04366	9.64702	0	0	0	0	0	0	25.2548	0	13.9745	5.95493	13.36463	3.2123	0	0	0	0	0	0	0	0	0	4.71936	0	0	0.33192	0	0	0	0	9.5739	6.98671	0.03366	0	0	0	0	0	0	0	0	0	0	0	0	0	0	0	0	0	0	0.77151	0	0	0	0	0	0	0	0	0	0	0	0	0	0	0	4.06799	17
C1-d53	0	0	0	0	0	0	0	0	0	0	0	0	0	0	0	0	0	1.72566	0.12229	0	0	0.03059	9.53333	0	0	0	0	0	0	16.9789	0	14.57027	3.52238	38.82418	1.08972	0	0	0	0	0	0	0	0	0	1.46484	0	0	0.03479	0	0	0	0.68115	4.62503	0.01705	0.06908	0	0	0	0	0	0	0	0	0	0	0	0	0	0	0	0	0	0	0.82942	0	0	0	0	0	0	0	0	0	0	0	0	0	0	0	5.88135	17
C19	0	0	0	0	0	0	0	0	0	0	0	0	0	0	0	0	1.11509	0.74717	0	0	0	0	6.22421	0	0	0	0	0	0	14.51288	0	11.6161	3.06348	51.29939	0.51723	0	0	0	0	0	0	0	0	0	1.54636	0	0	0.01245	0.10762	0	0	0.40111	2.06457	0	0	0	0	0	0	0	0	0	0	0	0	0	0	0	0	0	1.47542	0	0	0.71221	0	0	0	0	0	0	0	0	0	0	0	0	0	0.91754	0	3.66717	17
C2-d53	0	0	0	0	0	0	0	0	0	0	0	0	0	0	0	0	0	0.57903	0.27068	0	0	0.05766	11.58651	0	0	0	0	0	0	16.25061	0	18.06289	2.82479	36.42216	0.80052	0	0	0	0	0	0	0	0	0	1.16338	0	0	0.0095	0	0	0	0.66826	4.59362	0.02441	0.01923	0	0	0	0	0	0	0	0	0	0	0	0	0	0	0	0	0	0	0.97241	0	0	0	0	0	0	0	0	0	0	0	0	0	0	0	5.69433	17
C3-d53	0	0	0	0	0	0	0	0	0	0	0	0	0	0	0	0	0	2.01875	0.14977	0	0	0.04579	10.22784	0	0	0	0	0	0	20.6894	0	15.69725	2.95991	35.32504	0.68531	0	0	0	0	0	0	0	0	0	1.13475	0	0	0.0303	0	0	0	0.98558	2.89581	0.00689	0.01176	0	0	0	0	0	0	0	0	0	0	0	0	0	0	0	0	0	0	0.67973	0	0	0	0	0	0	0	0	0	0	0	0	0	0	0	6.45614	17
C4-d53	0	0	0	0	0	0	0	0	0	0	0	0	0	0	0	0	0	1.9143	0.11801	0	0	0.07821	8.18151	0	0	0	0	0	0	14.67526	0	15.14762	3.70267	43.04795	0.78351	0	0	0	0	0	0	0	0	0	1.27466	0	0	0.06505	0	0	0	1.1535	2.4414	0.56686	0.07497	0	0	0	0	0	0	0	0	0	0	0	0	0	0	0	0	0	0	0.64088	0	0	0	0	0	0	0	0	0	0	0	0	0	0	0	6.13363	17
C6-d49	0	0	0	0	0	0	0	0	0	0	0	0	0	0	0	0	0	1.34187	0.36559	0	0	0.12222	4.68058	0	0	0	0	0	0	15.67005	0	21.61961	4.1031	44.05587	0.63354	0	0	0	0	0	0	0	0	0	1.30648	0	0	0.34466	0	0	0	0.45512	0.38327	0.04736	0.02085	0	0	0	0	0	0	0	0	0	0	0	0	0	0	0	0	0	0	0.76769	0	0	0	0	0	0	0	0	0	0	0	0	0	0	0	4.08214	17
C6-d53	0	0	0	0	0	0	0	0	0	0	0	0	0	0	0	0	0	1.08296	0.20761	0	0	0.01189	8.65374	0	0	0	0	0	0	12.22493	0	15.26725	3.29026	47.28716	0.70133	0	0	0	0	0	0	0	0	0	1.14587	0	0	0.0147	0	0	0	0.56912	3.39078	0	0.01048	0	0	0	0	0	0	0	0	0	0	0	0	0	0	0	0.15807	0	0	0.6401	0	0	0	0	0	0	0	0	0	0	0	0	0	0	0	5.34375	17
C7-d53	0	0	0	0	0	0	0	0	0	0	0	0	0	0	0	0	0	2.42467	0.10687	0	0	0.04822	10.71183	0	0	0	0	0	0	19.81234	0	13.33237	2.52308	34.27634	0.82048	0	0	0	0	0	0	0	0	0	1.79079	0	0	0.0488	0	0	0	0.98288	6.37588	0	0.00923	0	0	0	0	0	0	0	0	0	0	0	0	0	0	0	0	0	0	0.62424	0	0	0	0	0	0	0	0	0	0	0	0	0	0.07964	0	6.03236	17
GF1_B10	0	0	0	0	0	0	0	0	0	0	0	0	0	0	0	0	0.85487	2.71323	0	0	0	0	7.46627	0	0	0	0	0	0	31.11821	0	8.80179	3.34524	31.47145	0.01711	0	0	0	0	0	0	0	0	0	2.79574	0	0	0.39441	0.14158	0	0	2.50097	0.12276	3.04101	0	0	0	0	0	0	0	0	0	0	0	0	0	0	0	0	0.81955	0	0	0.24717	0	0	0	0	0	0	0	0	0	0	0	0	0	0	0	4.14865	17
GF1_C10	0	0	0	0	0	0	0	0	0	0	0	0	0	0	0	0	1.4866	2.82062	0	0	0	0	13.88596	0	0	0	0	0	0	21.12827	0	11.92088	2.81108	31.0113	0.30906	0	0	0	0	0	0	0	0	0	2.3865	0	0	0	0.57738	0	0	0.12672	0.1568	6.81167	0	0	0	0	0	0	0	0	0	0	0	0	0	0	0	0	1.33202	0	0	0.31227	0	0	0	0	0	0	0	0	0	0	0	0	0	0.10668	0	2.81619	17
GF1_C25	0	0	0	0	0	0	0	0	0	0	0	0	0	0	0	0	0.95486	1.83102	0.12609	0	0	0	7.82061	0	0	0	0	0	0	19.98492	0	9.02304	3.69277	44.20948	0.96769	0	0	0	0	0	0	0	0	0	1.92148	0	0	0	0.28838	0	0	1.52254	1.17114	0	0	0	0	0	0	0	0	0	0	0	0	0	0	0	0	0	1.551	0	0	0.60839	0	0	0	0	0	0	0	0	0	0	0	0	0	1.51305	0	2.81354	17
GF15_adam_d18_stool	0.59467	0	0	0	0	0	0.23795	0	0.143	0	0	0	68.65905	0	0	0	0	0	0.26588	0	0	0.23109	2.95245	0	0	0	0.11441	0	0	0	0	5.82605	7.86065	0	0	0	0	0	0	0	0	0	0	0	2.66475	0	0	2.94616	0.50284	0	0	0	0	0.08627	0	0	0	0	0	0	0	0	0	0	0	0.03817	0	0.67038	0	0	0	0	0	0	0	0	0	0	0	0	0	0	0	0	0	0	0	6.20623	0	0	17
GF23_d10_dama	0	0	0	0	0	0	0.07704	0	0	0	0	0	27.84518	0	0	0	0	0	0.48226	0	0	0	7.99597	0	0	0	1.2252	0	0	11.57605	0	8.92133	2.09691	15.82544	0.17727	0	0	0	0	0	0	0	0	0	8.22753	0	0	2.61039	0.58061	0	0	0	0	0.37983	0	0	0	0	0	0	0	0	0	0	0	1.56115	0	0	0	0	0	0	0	1.52988	0	0	0	0	0	0	0	0	0	0	0	0	0	8.88794	0	0	17
GF23_d17_dama	0	0	0	0	0	0	0.14867	0	0	0	0	0	2.93285	0	0	0	0	0	0.98153	0	0	0	8.76672	0	0	0	1.96525	0	0	14.53708	0	10.59855	3.11649	30.57088	0.43652	0	0	0	0	0	0	0	0	0	6.98638	0	0	1.89865	1.06062	0	0	0	0	0.22828	0	0	0	0	0	0	0	0	0	0	0	2.30852	0	0	0	0	0	0	0	1.6753	0	0	0	0	0	0	0	0	0	0	0	0	0	11.78772	0	0	17
GF3_C_Sire_day19	0.20357	0	0	0	0	0	0.50071	0	0	0	0	0	11.46255	0	0	0	0	0.42344	0	0	56.03179	0	4.24055	0	0	0	0.44376	0	0	0	0	12.06178	4.80391	0	0.94844	0	0	0	0	0	0	0	0	0	0.71492	0	0	0.90388	0.91434	0	0	0	0	0.03551	0	0	0	0	0	0	0	0	0	0	0	0	0	0.01197	0	0	0	0	0	0	0	0	0	0	0	0	0	0	0	0	0	0	0	1.90851	0	4.39038	17
GF3_C_Sire_day4	0.09204	0	0	0	0	0	0.31634	0	0	0	0	0	42.71144	0	0	0	0	2.58995	0.30366	0	0	0	7.66962	0	0	0	0.34251	0	0	0	0	20.03603	8.138	0	0.47115	0	0	0	0	0	0	0	0	0	1.26125	0	0	2.3622	0.90192	0	0	0	0	0	0	0	0	0	0	0	0	0	0	0	0	0.38851	0	0.08964	0	0	0	0	0	0	0	0	0	0	0	0	0	0	0	0	0	0	0	3.40915	0	8.91659	17
GF3_C8_day34	0.09204	0	0	0	0	0	0.31634	0	0	0	0	0	42.71144	0	0	0	0	2.58995	0.30366	0	0	0	7.66962	0	0	0	0.34251	0	0	0	0	20.03603	8.138	0	0.47115	0	0	0	0	0	0	0	0	0	1.26125	0	0	2.3622	0.90192	0	0	0	0	0	0	0	0	0	0	0	0	0	0	0	0	0.38851	0	0.08964	0	0	0	0	0	0	0	0	0	0	0	0	0	0	0	0	0	0	0	3.40915	0	8.91659	17
GF6_B8_COLON_D105	0	0	0	0	0	0	0	0	0	0	0	0	11.22074	0	0	0	0	1.22881	0	0	0	0	12.19837	0	0	0	15.52379	0	0	6.08026	0	21.24879	7.34172	16.43664	0.58803	0	0	0	0	0	0	0	0	0	1.55647	0	0	0.28801	0	0	0	2.29775	0	1.59075	0	0	0	0	0	0	0	0	0	0	0	0	0	0	0	0	0.42978	0	0	0.09483	0	0	0	0	0	0	0	0	0	0	0	0	0	0.36394	0	1.51131	17
GF7_ASIRE_D36	0	0	0	0	0	0	0	0	0	0	0	0	0	0	0	0	0.42571	0.75851	0	0	0	0	6.40222	0	0	0	0	0	0	16.77449	0	8.52045	2.4019	29.66396	0.18238	0	0	0	0	0	0	0	0	0	3.06225	0	0	0.84201	0.62504	0	0	3.28674	13.20957	0	0	0	0	0	0	0	0	0	0	0	0	0	0	0	0	0	3.20064	0	0	2.08675	0	0	0	0	0	0	0	0	0	0	0	0	0	1.80472	0	6.75266	17
GF7_C4_COLON_D47	0	0	0	0	0	0	0	0	0	0	0	0	0	0	0	0	0	2.89345	1.32104	0	0	0.36934	3.41758	0	0	0	0	0	0	11.97064	0	17.42134	1.80463	40.10104	0.34875	0	0	0	0	0	0	0	0	0	3.27093	0	0	0.43326	0	0	0	2.75552	4.64858	0	0.1328	0	0	0	0	0	0	0	0	0	0	0	0	0	0	0	0	0	0.11671	1.14807	0	0	0	0	0	0	0	0	0	0	0	0	0	0	0	7.84633	17
GF8_C6_COLON_D46	0	0	0	0	0	0	0	0	0	0	0	0	0	0	0	0	0	1.85105	0.21262	0	0	0	12.05717	0	0	0	0	0	0	21.61953	0	4.67145	1.72644	20.15561	3.1009	0	0	0	0	0	0	0	0	0	1.37025	0	0	2.75067	0	0	0	1.95326	8.76464	14.80341	0.16513	0	0	0	0	0	0	0	0	0	0	0	0	0	0	0	0	0	0	0.48119	0	0	0	0	0	0	0	0	0	0	0	0	0	0.24304	0	4.07365	17
GF9_A3_COLON_D33	0	0	0	0	0	0	0	0	0	0	0	0	0	0	0	0	0.14408	0.24854	0.20424	0	0	0	21.24293	0	0	0	0	0	0	15.14708	0	19.8232	2.12395	16.8348	1.13276	0	0	0	0	0	0	0	0	0	5.29283	0	0	0.81459	0	0	0	6.30907	3.5875	0.22273	0	0	0	0	0	0	0	0	0	0	0	0	0	0	0	0	0.08641	0	0	1.2892	0	0	0	0	0	0	0	0	0	0	0	0	0	0	0	5.49608	17
GF9_A4_D17	0	0	0	0	0	0	0	0	0	0	0	0	0	0	0	0	0	1.60752	0	0	0	0	5.10526	0	0	0	0	0	0	21.14536	0	6.03972	1.80108	24.56488	0.98659	0	0	0	0	0	0	0	0	0	1.42689	0	0	1.45639	0	0	0	1.65136	9.49647	18.74461	0.3912	0	0	0	0	0	0	0	0	0	0	0	0	0	0	0	0.127	0	0	0.70803	0	0	0	0	0	0	0	0	0	0	0	0	0	0.11817	0	4.62946	17
GF9_C2_D16	0	0	0	0	0	0	0	0	0	0	0	0	0	0	0	0	0	1.0624	0.03854	0	0	0	5.45877	0	0	0	0	0	0	19.82968	0	6.2188	2.60457	17.06487	0.97334	0	0	0	0	0	0	0	0	0	2.00187	0	0	4.28143	0	0	0	1.571	5.48417	27.80953	0.32593	0	0	0	0	0	0	0	0	0	0	0	0	0	0	0	0	0	0	0.71178	0	0	0	0	0	0	0	0	0	0	0	0	0	0.09126	0	4.47206	17
GF9_C4_D16	0	0	0	0	0	0	0	0	0	0	0	0	0	0	0	0	0	1.44794	0.1409	0	0	0	7.51608	0	0	0	0	0	0	27.13347	0	8.94461	3.18988	22.03186	3.59871	0	0	0	0	0	0	0	0	0	3.21801	0	0	2.85434	0	0	0	1.31789	4.70917	7.8678	0.11562	0	0	0	0	0	0	0	0	0	0	0	0	0	0	0	0	0	0	0.97031	0	0	0	0	0	0	0	0	0	0	0	0	0	0.11098	0	4.83244	17
GF9_INOC	0	0	0	0	0	0	0	0	0	0	0	0	0	0	0	0	0	1.53021	0	0	0	0	5.05718	0	0	0	0	0	0	16.93636	0	7.22993	2.09025	29.14523	0.85168	0	0	0	0	0	0	0	0	0	1.3865	0	0	1.47799	0	0	0	1.88782	7.43917	19.38262	0.17976	0	0	0	0	0	0	0	0	0	0	0	0	0	0	0	0.25016	0	0	1.00929	0	0	0	0	0	0	0	0	0	0	0	0	0	0.26363	0	3.88223	17
Gn3_6C_dam	0	0	0	0	0	0	0	0	0	0	0	0	0	0	0	0	0.75941	0.15319	0.11589	0	0	0	0.76889	0	0	0	0	0	0	20.64921	0	5.46891	1.477	52.71196	0.08805	0	0	0	0	0	0	0	0	0	4.03412	0	0	0	0.77078	0	0	1.52817	1.65774	0.03606	0	0	0	0	0	0	0	0	0	0	0	0	0	0	0	0	5.21828	0	0	0.40453	0	0	0	0	0	0	0	0	0	0	0	0	0	4.15783	0	0	17
Gn3_6Cdam_Stool_210816	0	0	0	0	0	0	0	0	0	0	0	0	0	0	0	0	0.56742	0.45928	0	0	0	0	1.05325	0	0	0	0	0	0	34.8881	0	1.92048	1.46262	29.31424	0.5052	0	0	0	0	0	0	0	0	0	9.55139	0	0	0.63642	1.11863	0	0	1.61116	2.84773	0.2388	0	0	0	0	0	0	0	0	0	0	0	0	0	0	0	0	6.42262	0	0	0.31584	0	0	0	0	0	0	0	0	0	0	0	0	0	7.08683	0	0	17
Gn3_6Edam_Stool	0	0	0	0	0	0	0	0	0	0	0	0	0	0	0	0	0.62772	0.66963	0	0	0	0	0.09103	0	0	0	0	0	0	37.30482	0	9.00358	0.6181	31.78607	0.08721	0	0	0	0	0	0	0	0	0	9.27659	0	0	0.05899	1.36708	0	0	2.42529	2.25173	0.14575	0	0	0	0	0	0	0	0	0	0	0	0	0	0	0	0	1.88657	0	0	0.20964	0	0	0	0	0	0	0	0	0	0	0	0	0	2.1902	0	0	17
Gn3_7A_dam_210806	0	0	0	0	0	0	0	0	0	0	0	0	8.14327	0	0	0	1.52542	0	0.08534	0	0	0	3.33789	0	0	0	7.1626	0	0	23.26555	0	18.04678	2.03031	23.48278	0.14462	0	0	0	0	0	0	0	0	0	2.38721	0	0	0.11537	0.42812	0	0	0	0	0.2324	0	0	0	0	0	0	0	0	0	0	0	0	0	0	0	0	5.36421	0	0	0.4257	0	0	0	0	0	0	0	0	0	0	0	0	0	3.82242	0	0	17
Gn3_7A_dam	0	0	0	0	0	0	0	0	0	0	0	0	2.82669	0	0	0	3.46054	0.56357	0.10145	0	0	0	1.35135	0	0	0	3.4341	0	0	34.23428	0	17.20637	2.14199	23.16747	0.70041	0	0	0	0	0	0	0	0	0	3.58891	0	0	0.22382	0.26699	0	0	0	0	0	0	0	0	0	0	0	0	0	0	0	0	0	0	0	0	0	3.53896	0	0	0.5034	0	0	0	0	0	0	0	0	0	0	0	0	0	2.68968	0	0	17
Gn3_7Edam_Stool	0.16017	0	0	0	0	0	1.17612	0	0	0	0	0	63.11701	0	0	0	0	0.05727	0.28138	0	0	0.05693	0.84668	0	0	0	0.63412	0	0	0	0	12.72092	2.183	0	0.57275	0	0	0	0	0	0	0	0	0	11.55173	0	0	1.18018	1.17803	0	0	0	0	0.60877	0	0	0	0	0	0	0	0	0	0	0	0.56144	0	0	0	0	0	0	0	0	0	0	0	0	0	0	0	0	0	0	0	0	0	3.1135	0	0	17
Gn4_E_Innoc	0	0	0.05349	0	0	0	0	0	0	0	0	0	0	6.02521	0	0	0	0	0.04692	0	0	0	0	0	0	0	0	0	0	0	0	0	0	6.56374	0	0	0	0	0.03836	0	0.01228	0	0	0.04979	3.07713	0	0	27.69095	3.0413	0	0	0	0	0.02189	33.55833	2.26409	4.33716	0	0	0	0	0	0	4.83724	0	0	0	0	0	0	0	0	0	0	0	0	0	0	0	0	0	0	0.25066	0	0	0	0	0	0	8.13146	17
B4-d40	0	0	0	0	0	0	0	0	0	0	0	0	0	0	0	0	0.00252	0.86033	0.03265	0	0.4741	0	10.32911	0	0	0	0	0	0	24.39993	0	14.26387	7.2941	15.29743	3.97028	0	0	0	0	0	0	0	0	0	2.79956	0	0	0.32938	0	0	0	0	7.25987	7.72396	0.08395	0	0	0	0	0	0	0	0	0	0	0	0	0	0	0	0.02804	0	0	0.58055	0	0	0	0	0	0	0	0	0	0	0	0	0	0	0	4.27037	18
C2-d49	0	0	0	0	0	0	0	0	0	0	0	0	0	0	0	0	0	2.14825	0.30008	0	0	0.04766	2.96095	0	0	0	0	0	0	23.59549	0	18.37757	5.02796	34.05815	0.89838	0	0	0	0	0	0	0	0	0	1.92929	0	0	1.1757	0	0	0	0.87007	0.34538	4.26753	0.10393	0	0	0	0	0	0	0	0	0	0	0	0	0	0	0	0	0	0.01082	1.26722	0	0	0	0	0	0	0	0	0	0	0	0	0	0	0	2.61558	18
CONV_PBS3_D1	0	0	0	0	0	11.0466	0	0	0	0	0	13.9034	0	0	0	0.8236	0	0	0	0	0	0	3.11618	0	0	0	0	3.42503	0	22.16733	0	0.42751	15.05394	9.07493	2.96242	0	0	0	0	0	0	0	0	0	1.5436	0	0	2.41236	1.04291	0	0	2.27239	0	0.8817	0	0	0	0	0	0	0	0	6.0783	0	0	0	0	0	0	0.80066	2.96715	0	0	0	0	0	0	0	0	0	0	0	0	0	0	0	0	0	0	0	18
GF1_A10	0	0	0	0	0	0	0	0	0	0	0	0	0	0	0	0	0	4.21099	0.82832	0	0	0.32066	10.17242	0	0	0	0	0	0	19.24484	0	9.53059	3.06532	38.13582	0.12431	0	0	0	0	0	0	0	0	0	2.73172	0	0	0.17744	1.08681	0	0	0.36309	0	4.52608	0	0	0	0	0	0	0	0	0	0	0	0	0	0	0	0	1.76684	0	0	0.66944	0	0	0	0	0	0	0	0	0	0	0	0	0	0.37889	0	2.66641	18
GF1_B17	0	0	0	0	0	0	0	0	0	0	0	0	0	0	0	0	1.77103	0.99417	0	0	0	0.03415	7.18549	0	0	0	0	0	0	19.29567	0	9.87211	3.92716	38.99108	0.4861	0	0	0	0	0	0	0	0	0	2.36627	0	0	0.01609	0.32281	0	0	1.27495	3.89752	0	0	0	0	0	0	0	0	0	0	0	0	0	0	0	0	0	1.97359	0	0	1.04269	0	0	0	0	0	0	0	0	0	0	0	0	0	1.76933	0	4.77978	18
GF2_A2_day34	1.07861	0	0	0	0	0	2.32769	0	0.24952	0	0	0	23.88586	0	0	0	0	1.06947	1.85512	0	0	0.0862	11.38212	0	0	0	0.30773	0	0	0	0	18.85327	14.50295	0	2.02045	0	0	0	0	0	0	0	0	0	3.51452	0	0	1.88598	4.49583	0	0	0	0	0	0	0	0	0	0	0	0	0	0	0	0	0	0	0.15774	0	0	0	0	0	0	0	0	0	0	0	0	0	0	0	0	0	0	0	6.55581	0	5.77112	18
GF2_B4_day32	0.18675	0	0	0	0	0	1.00152	0	0.22487	0	0	0	23.35075	0	0	0	0	1.10583	0.10628	0	0	0	11.21449	0	0	0	1.13216	0	0	0	0	23.23815	14.89103	0	10.24379	0	0	0	0	0	0	0	0	0	1.14498	0	0	1.38404	1.96219	0	0	0	0	0.21244	0	0	0	0	0	0	0	0	0	0	0	0	0	0.03861	0	0	0	0	0	0	0	0	0	0	0	0	0	0	0	0	0	0	0	2.93779	0	5.62432	18
GF23_d39_damb	0.06822	0	0	0	0	0	0.69559	0	0	0	0	0	0.96102	0	0	0	0	0	0.65329	0	0	0	12.51143	0	0	0	0.64768	0	0	13.91661	0	7.59728	1.37713	43.9646	0.37557	0	0	0	0	0	0	0	0	0	4.67574	0	0	0.87736	0.87253	0	0	0	0	0.06653	0	0	0	0	0	0	0	0	0	0	0	1.09807	0	0	0	0	0	0	0	1.39106	0	0	0	0	0	0	0	0	0	0	0	0	0	8.25027	0	0	18
GF23_d47_damb	0.37816	0	0	0	0	0	0.0996	0	0	0	0	0	1.54177	0	0	0	0	0	0.95229	0	0	0	11.11977	0	0	0	1.07814	0	0	23.90876	0	8.26039	2.2718	28.49275	0.02447	0	0	0	0	0	0	0	0	0	4.57542	0	0	3.30608	0.51167	0	0	0	0	0.184	0	0	0	0	0	0	0	0	0	0	0	1.25586	0	0	0	0	0	0	0	1.13835	0	0	0	0	0	0	0	0	0	0	0	0	0	10.90074	0	0	18
GF23_d77_damb	0.24628	0	0	0	0	0	0.26623	0	0	0	0	0	2.03137	0	0	0	0	0	0.58784	0	0	0	12.36186	0	0	0	0.86746	0	0	29.46385	0	7.05672	1.58345	21.47695	0.52807	0	0	0	0	0	0	0	0	0	5.17627	0	0	2.64646	0.94202	0	0	0	0	1.3193	0	0	0	0	0	0	0	0	0	0	0	1.22866	0	0	0	0	0	0	0	2.04934	0	0	0	0	0	0	0	0	0	0	0	0	0	10.16785	0	0	18
GF23_d89_damb	0.03049	0	0	0	0	0	1.97677	0	0	0	0	0	0.72658	0	0	0	0	0	0.5845	0	0	0	10.13128	0	0	0	1.08965	0	0	25.68731	0	10.35483	1.88057	21.88217	0.65171	0	0	0	0	0	0	0	0	0	7.07797	0	0	1.93805	2.38005	0	0	0	0	0.11216	0	0	0	0	0	0	0	0	0	0	0	1.20673	0	0	0	0	0	0	0	2.36548	0	0	0	0	0	0	0	0	0	0	0	0	0	9.9237	0	0	18
GF3_C9_day34	0	0	0	0	0	0	0.1033	0	0	0	0	0	44.93931	0	0	0	0	1.3279	0.11201	0	0	0.05972	5.79775	0	0	0	0.70158	0	0	0	0	20.88693	7.12746	0	1.00505	0	0	0	0	0	0	0	0	0	1.83829	0	0	1.37891	0.27249	0	0	0	0	0.16032	0	0	0	0	0	0	0	0	0	0	0	0.28399	0	0.01896	0	0	0	0	0	0	0	0	0	0	0	0	0	0	0	0	0	0	0	1.51548	0	12.47054	18
GF4_Csire_d2	0.08045	0	0	0	0	0	0.04864	0	0.02382	0	0	0	49.80546	0	0	0	0	2.47118	0.31948	0	0	0.03824	6.55505	0	0	0	0.049	0	0	0	0	20.55181	7.20587	0	0.20619	0	0	0	0	0	0	0	0	0	3.60291	0	0	4.86234	0.25444	0	0	0	0	0	0	0	0	0	0	0	0	0	0	0	0	0.49626	0	0.15079	0	0	0	0	0	0	0	0	0	0	0	0	0	0	0	0	0	0	0	3.27806	0	0	18
GF7_A1_COLON_D47	0	0	0	0	0	1.68468	0	0	0	0	0	6.64368	0	0	0	0.12939	0	0	0	0	0	0	8.67163	0	0	0	0	1.02241	0	19.60945	0	0.86594	19.02047	15.71903	12.09181	0	0	0	0	0	0	0	0	0	0.64879	0	0	2.48214	0.58068	0	0	4.62569	0	1.27161	0.9354	0	0	0	0	0	0	0	1.57537	0	0	0	0	0	0	0	2.42183	0	0	0	0	0	0	0	0	0	0	0	0	0	0	0	0	0	0	0	18
GF7_C1_COLON_D47	0	0	0	0	0	0	0	0	0	0	0	0	0	0	0	0	0	2.39044	1.26025	0	0	0.45746	3.80111	0	0	0	0	0	0	7.36456	0	13.93147	1.98178	54.74451	0.56266	0	0	0	0	0	0	0	0	0	2.55381	0	0	0.16707	0	0	0	0.34295	1.09062	2.44261	0.01782	0	0	0	0	0	0	0	0	0	0	0	0	0	0	0	0	0	0.02229	1.08004	0	0	0	0	0	0	0	0	0	0	0	0	0	0	0	5.78855	18
GF7_C3_COLON_D47	0	0	0	0	0	0	0	0	0	0	0	0	0	0	0	0	0	7.63912	0.53628	0	0	0.22465	3.58056	0	0	0	0	0	0	16.19263	0	18.35316	2.42481	27.18535	0.89091	0	0	0	0	0	0	0	0	0	3.53297	0	0	0.63113	0	0	0	5.08391	3.53563	0.20896	0.09506	0	0	0	0	0	0	0	0	0	0	0	0	0	0	0	0	0	0.00897	2.08378	0	0	0	0	0	0	0	0	0	0	0	0	0	0	0	7.79211	18
GF8_A2_COLON_D46	0	0	0	0	0	0	0	0	0	0	0	0	0	0	0	0	1.26143	0	0	0	0	0	18.60729	0	0	0	0	0	0	14.56684	0	10.68705	2.11712	29.74958	0.91698	0	0	0	0	0	0	0	0	0	1.31868	0	0	0.85327	0	0	0.10369	0.86554	9.21917	0.55652	0.13999	0	0	0	0	0	0	0	0	0	0	0	0	0	0	0	1.3721	0	0	0.35437	0	0	0	0	0	0	0	0	0	0	0	0	0	0.36331	0	6.94704	18
GF8_B1_COLON_D46	0	0	0	0	0	0	0	0	0	0	0	0	0	0	0	0	0.526	0.10496	0	0	0	0	16.28249	0	0	0	0	0	0	16.59344	0	12.19749	2.64659	29.2283	1.11895	0	0	0	0	0	0	0	0	0	1.67006	0	0	0.28828	0	0	0	3.47098	8.11235	0.58826	0.12082	0	0	0	0	0	0	0	0	0	0	0	0	0	0	0	0.59897	0	0	0.94689	0	0	0	0	0	0	0	0	0	0	0	0	0	0.19255	0	5.31262	18
GF8_B4_COLON_D46	0	0	0	0	0	0	0	0	0	0	0	0	0	0	0	0	1.7463	0.13621	0.71778	0	0	0	19.48411	0	0	0	0	0	0	12.64927	0	21.63738	2.41555	23.66317	1.40772	0	0	0	0	0	0	0	0	0	1.01849	0	0	0.09253	0	0	0	0.88809	7.69356	0.53096	0	0	0	0	0	0	0	0	0	0	0	0	0	0	0	0	0.4254	0	0	0.13327	0	0	0	0	0	0	0	0	0	0	0	0	0	0.37161	0	4.98862	18
GF8_B5_COLON_D46	0	0	0	0	0	0	0	0	0	0	0	0	0	0	0	0	0.4639	0.84418	0	0	0	0	17.57446	0	0	0	0	0	0	9.58108	0	11.39188	3.00634	27.37836	0.58417	0	0	0	0	0	0	0	0	0	0.76287	0	0	1.74256	0	0	0	0.84506	4.20844	16.5241	0.10146	0	0	0	0	0	0	0	0	0	0	0	0	0	0	0	0.50992	0	0	0.57637	0	0	0	0	0	0	0	0	0	0	0	0	0	0.03581	0	3.86904	18
GF8_B6_D34	0	0	0	0	0	0	0	0	0	0	0	0	0	0	0	0	0	1.93462	0.17587	0	0	0.11896	7.70683	0	0	0	0	0	0	39.93983	0	3.47658	6.17968	16.04822	7.84235	0	0	0	0	0	0	0	0	0	1.21737	0	0	1.8634	0	0	0	4.94148	7.50181	0.09178	0.18553	0	0	0	0	0	0	0	0	0	0	0	0	0	0	0	0.00724	0	0	0.09003	0	0	0	0	0	0	0	0	0	0	0	0	0	0	0	0.67841	18
GF8_C7_COLON_D46	0	0	0	0	0	0	0	0	0	0	0	0	0	0	0	0	0	0.91018	0.62495	0	0	0	4.27007	0	0	0	0	0	0	26.079	0	7.48935	1.95566	20.05716	1.12814	0	0	0	0	0	0	0	0	0	1.83472	0	0	2.07534	0	0	0	2.43131	6.43285	17.63923	0.69524	0	0	0	0	0	0	0	0	0	0	0	0	0	0	0	0.23909	0	0	0.64334	0	0	0	0	0	0	0	0	0	0	0	0	0	0.36956	0	5.1248	18
gnoto2_INOC_microA	0	0	0	0	0	0	0	0	0	0	0	0	0	0	0	0	0.51759	1.35668	0	0	0	0	6.36773	0	0	0	0	0	0	21.98422	0	10.0164	3.07896	33.29636	0.15994	0	0	0	0	0	0	0	0	0	1.92606	0	0	0.4838	0.36827	0	0	4.83016	0.50365	5.88028	0	0	0	0	0	0	0	0	0	0	0	0	0	0	0	0	1.36421	0	0	1.35392	0	0	0	0	0	0	0	0	0	0	0	0	0	1.97958	0	4.5322	18
B4-d48	0	0	0	0	0	0	0	0	0	0	0	0	0	0	0	0	1.62731	1.14302	0.06113	0	0	0.01279	7.78282	0	0	0	0	0	0	13.95921	0	17.60606	3.88475	39.58191	1.39595	0	0	0	0	0	0	0	0	0	1.50378	0	0	0.03546	0	0	0	1.0466	2.15753	1.52188	0.01284	0	0	0	0	0	0	0	0	0	0	0	0	0	0	0	0.07253	0	0	0.90275	0	0	0	0	0	0	0	0	0	0	0	0	0	0	0	5.69167	19
GF10_A3_d104_colon	0	0	0	0	0	0	0	0	0	0	0	0	0	0	0	0	0	0.56674	0.56442	0	0	0.30499	8.4164	0	0	0	0	0	0	37.1432	0	6.39294	2.24324	17.71344	4.97729	0	0	0	0	0	0	0	0	0	1.13702	0	0	0.23283	0	0	0.01245	4.37232	9.47938	0.12599	0	0	0	0	0	0	0	0	0	0	0	0	0	0	0	0	1.09863	0	0	0.34888	0	0	0	0	0	0	0	0	0	0	0	0	0	0.35403	0	4.51583	19
GF2_A6_d33	0.79343	0	0	0	0	0	1.29607	0	0.40669	0	0	0	30.79086	0	0	0	0	1.19909	1.98317	0	0	0.12412	8.56904	0	0	0	0.93893	0	0	0	0	19.31868	12.46919	0	0.86319	0	0	0	0	0	0	0	0	0	2.25316	0	0	1.00143	3.01749	0	0	0	0	0.04545	0	0	0	0	0	0	0	0	0	0	0	0	0	0.06591	0	0	0	0	0	0	0	0	0	0	0	0	0	0	0	0	0	0	0	5.10906	0	9.75504	19
GF23_d17_damb	0	0	0	0	0	0	0.13503	0	0	0	0	0	1.74699	0	0	0	0	0	0.69611	0	0	0.12858	8.94415	0	0	0	1.76158	0	0	18.94611	0	13.03752	4.75546	22.36193	0.16107	0	0	0	0	0	0	0	0	0	5.52823	0	0	2.73134	1.03979	0	0	0.04508	0	0.22657	0	0	0	0	0	0	0	0	0	0	0	1.97537	0	0	0	0	0	0	0	1.74138	0	0	0	0	0	0	0	0	0	0	0	0	0	14.03772	0	0	19
GF23_d7_damb	0	0	0	0	0.00254	0	0.1618	0	0	0	0	0	57.49383	0	0	0	0	0	1.07237	0	0	0.22997	4.94303	0	0	0	0.59497	0	0	8.09001	0	7.66167	1.81234	3.04936	0.07356	0	0	0	0	0	0	0	0	0	4.90702	0	0	1.54585	0.33871	0	0	0	0	0.21447	0	0	0	0	0	0	0	0	0	0	0	1.27411	0	0	0	0	0	0	0	1.68912	0	0	0	0	0	0	0	0	0	0	0	0	0	4.84528	0	0	19
GF3_C4_day30	0.25267	0	0	0	0.04413	0	0	0	0	0	0	0	62.91965	0	0	0	0	0.53769	2.11142	0	9.76088	0.11701	0.66854	0	0	0	0	0	0	0	0	4.05204	6.4231	0	0.07879	0	0	0	0	0	0	0	0	0	1.16785	0	0	4.08567	1.81156	0	0	0	0	0.80634	0	0	0	0	0	0	0	0	0	0	0	0.30548	0	0.07887	0	0	0	0	0	0	0	0	0	0	0	0	0	0	0	0	0	0	0	0.79658	0	3.98173	19
GF4_INOC_GF45	0.30285	0	0	0	0	0	0.29701	0	0.11924	0	0	0	60.61654	0	0	0	0	3.14455	0.55835	0	0	0	1.70067	0	0	0	0.96026	0	0	0	0	9.7168	6.25558	0	0.85127	0	0	0	0	0	0	0	0	0	2.9434	0	0	2.41058	0.92406	0	0	0	0	0.70615	0	0	0	0	0	0	0	0	0	0	0	0.44097	0	0.32529	0	0	0	0	0	0	0	0	0	0	0	0	0	0	0	0	0	0	0	3.52725	0	4.19919	19
GF5_A_DAM_D24	0.27425	0	0	0	0	0	0.98067	0	0	0	0	0	48.42028	0	0	0	0	2.5823	0.54407	0	0	0.114	4.99249	0	0	0	1.32989	0	0	0	0	15.31319	2.23309	0	1.40702	0	0	0	0	0	0	0	0	0	3.11252	0	0	1.63133	2.1869	0	0	0	0	0.12272	0	0	0	0	0	0	0	0	0	0	0	0.30041	0	0.01595	0	0	0	0	0	0	0	0	0	0	0	0	0	0	0	0	0	0	0	7.53009	0	6.90884	19
GF6_ASIRE_D57	0.42701	0	0	0	0	0	1.76081	0	0	0	0	0	53.3466	0	0	0	0	2.29625	0.08438	0	0	0.07923	5.24269	0	0	0	0.41157	0	0	0	0	10.22239	5.63974	0	0.52319	0	0	0	0	0	0	0	0	0	2.19677	0	0	1.33885	3.77904	0	0	0	0	0.06065	0	0	0	0	0	0	0	0	0	0	0	0.43767	0	0.1921	0	0	0	0	0	0	0	0	0	0	0	0	0	0	0	0	0	0	0	7.12791	0	4.83316	19
GF7_B1_COLON_D47	0	0	0	0	0	0	0	0	0	0	0	0	0	0	0	0	1.40286	0.32697	0.99654	0	0	0.18346	0.74379	0	0	0	0	0	0	9.76863	0	22.87779	2.21427	37.14387	1.21809	0	0	0	0	0	0	0	0	0	2.53792	0	0	0	0.47249	0	0	0.29843	9.66379	0.06778	0	0	0	0	0	0	0	0	0	0	0	0	0	0	0	0	1.96584	0	0	0.77226	0	0	0	0	0	0	0	0	0	0	0	0	0	1.24397	0	6.10125	19
GF7_B2_COLON_D47	0	0	0	0	0	0	0	0	0	0	0	0	0	0	0	0	2.69045	0.47308	0.07394	0	0	0.34082	5.01041	0	0	0	0	0	0	9.8953	0	18.9896	1.83151	32.87095	0.43336	0	0	0	0	0	0	0	0	0	3.17198	0	0	0.40408	0.13341	0	0	0.13627	9.24506	0	0	0	0	0	0	0	0	0	0	0	0	0	0	0	0	0	4.09848	0	0	0.83767	0	0	0	0	0	0	0	0	0	0	0	0	0	1.86219	0	7.50143	19
GF7_B5_COLON_D47	0	0	0	0	0	0	0	0	0	0	0	0	0	0	0	0	5.77343	0	1.03333	0	0	0	6.05009	0	0	0	0	0	0	10.60289	0	17.07234	1.34008	24.3023	0.54967	0	0	0	0	0	0	0	0	0	4.16548	0	0	0.18287	0.35012	0	0	1.18366	12.59847	0.60696	0.09291	0	0	0	0	0	0	0	0	0	0	0	0	0	0	0	4.1475	0	0	0.58997	0	0	0	0	0	0	0	0	0	0	0	0	0	2.20333	0	7.15459	19
GF7_BSIRE_D36	0	0	0	0	0	0	0	0	0	0	0	0	0	0	0	0	0.51384	0.80693	0	0	0	0.01589	12.38047	0	0	0	0	0	0	13.02498	0	19.12187	3.55408	36.29117	1.65103	0	0	0	0	0	0	0	0	0	1.13697	0	0	0.82728	0.63373	0	0	0.43698	1.19468	0.02969	0	0	0	0	0	0	0	0	0	0	0	0	0	0	0	0	1.56399	0	0	0.83395	0	0	0	0	0	0	0	0	0	0	0	0	0	1.20541	0	4.77706	19
Gn3_6D_dam	0	0	0	0	0	0	0	0	0	0	0	0	0	0	0	0	2.15362	1.12646	0.27098	0	0	0	0.09544	0	0	0	0	0	0	56.17476	0	2.88046	1.35674	8.44611	0.23301	0	0	0	0	0	0	0	0	0	5.56005	0	0	0.9046	1.46504	0	0	5.07963	2.1201	0.49977	0.22706	0	0	0	0	0	0	0	0	0	0	0	0	0	0	0	3.97651	0	0	1.06261	0	0	0	0	0	0	0	0	0	0	0	0	0	6.36704	0	0	19
Gn3_7ADam_Stool_210806	0	0	0	0	0	0	0	0	0	0	0	0	37.75589	0	0	0	0.93421	0.45647	0.16198	0	0	0.0228	0.85784	0	0	0	0.4295	0	0	31.16276	0	8.1179	0.39309	6.63874	0.09873	0	0	0	0	0	0	0	0	0	4.85079	0	0	0.28704	0.15495	0	0	0	0	0.95426	0	0	0	0	0	0	0	0	0	0	0	0	0	0	0	0	4.18237	0	0	0.47167	0	0	0	0	0	0	0	0	0	0	0	0	0	2.06902	0	0	19
gnoto1_B_inoc	0.20887	0	0	0	0	0	0.27195	0	0.22047	0	0	0	53.48024	0	0	0	0	2.56558	0.62912	0	0	0	5.90028	0	0	0	1.13024	0	0	0	0	11.86423	12.42498	0	1.30605	0	0	0	0	0	0	0	0	0	1.39581	0	0	1.46039	0.53943	0	0	0	0	0.15466	0	0	0	0	0	0	0	0	0	0	0	0.31419	0	0.03941	0	0	0	0	0	0	0	0	0	0	0	0	0	0	0	0	0	0	0	2.31508	0	3.77903	19
B1-d39	0	0	0	0	0	0	0	0	0	0	0	0	0	0	0	0	0	1.35645	0.20769	0	0	0.1186	8.0975	0	0	0	0	0	0	26.3323	0	4.96458	10.89593	29.23644	3.06276	0	0	0	0	0	0	0	0	0	1.64942	0	0	0.75505	0	0	0.12297	0.05	2.78887	5.74126	0.03574	0	0	0	0	0	0	0	0	0	0	0	0	0	0	0	1.0478	0	0.01794	0.89133	0	0	0	0	0	0	0	0	0	0	0	0	0	0	0	2.62734	20
B1-d40	0	0	0	0	0	0	0	0	0	0	0	0	0	0	0	0	0	1.35914	0.21724	0	0.74664	0.08245	8.88552	0	0	0	0	0	0	24.82659	0	8.02063	8.362	22.56181	5.45217	0	0	0	0	0	0	0	0	0	1.56764	0	0	1.41095	0	0	0.11868	0.07096	4.91172	5.85844	0.06151	0	0	0	0	0	0	0	0	0	0	0	0	0	0	0	1.04469	0	0	0.96898	0	0	0	0	0	0	0	0	0	0	0	0	0	0	0	3.47227	20
B19	0	0	0	0	0	0	0	0	0	0	0	0	0	0	0	0	1.62405	0.35103	0.04103	0	0	0	9.45234	0	0	0	0	0	0	21.42473	0	14.25031	4.9863	32.426	0.77468	0	0	0	0	0	0	0	0	0	1.45915	0	0	0.30929	0.27738	0	0	2.80592	0.41786	0.99808	0.05396	0	0	0	0	0	0	0	0	0	0	0	0	0	0	0	1.81373	0	0	0.63317	0	0	0	0	0	0	0	0	0	0	0	0	0	2.43851	0	3.46248	20
B3-d40	0	0	0	0	0	0	0	0	0	0	0	0	0	0	0	0	0	0.53857	0.03631	0	0.25607	0.05644	7.99005	0	0	0	0	0	0	17.05069	0	26.05444	6.79157	13.97214	2.36698	0	0	0	0	0	0	0	0	0	3.79522	0	0	1.42713	0	0	0.00157	0.00689	8.93078	5.21707	0.11845	0	0	0	0	0	0	0	0	0	0	0	0	0	0	0	0.04723	0	0	2.43989	0	0	0	0	0	0	0	0	0	0	0	0	0	0	0	2.90252	20
B5-d39	0	0	0	0	0	0	0	0	0	0	0	0	0	0	0	0	0	1.15437	0.22439	0	0	0.08945	8.3774	0	0	0	0	0	0	26.53742	0	10.39748	11.01916	18.95803	3.5836	0	0	0	0	0	0	0	0	0	1.69305	0	0	0.42504	0.00539	0	0.03105	0	3.47279	8.59454	0.06949	0	0	0	0	0	0	0	0	0	0	0	0	0	0	0	0.4072	0	0	1.01437	0	0	0	0	0	0	0	0	0	0	0	0	0	0.00433	0	3.94144	20
B5-d48	0	0	0	0	0	0	0	0	0	0	0	0	0	0	0	0	1.26579	0.58411	0	0	3.07776	0.01328	8.12539	0	0	0	0	0	0	13.26462	0	16.62989	4.81102	39.15993	0.91955	0	0	0	0	0	0	0	0	0	1.13386	0	0	0	0.01799	0	0.13746	0.83	0.81659	1.57155	0	0	0	0	0	0	0	0	0	0	0	0	0	0	0	0	1.35924	0	0	0.57914	0	0	0	0	0	0	0	0	0	0	0	0	0	0.32423	0	5.3786	20
GF1_C14	0	0	0	0	0	0	0	0	0	0	0	0	0	0	0	0	0.7504	0.52107	0.56698	0	0	0.10403	8.94059	0	0	0	0	0	0	21.65192	0	11.65118	3.54877	35.97655	0.33536	0	0	0	0	0	0	0	0	0	2.39429	0	0	0.34075	0.08965	0	0	0.87228	2.11026	0.63071	0	0	0	0	0	0	0	0	0	0	0	0	0	0	0	0	1.83133	0	0	1.49587	0	0	0	0	0	0	0	0	0	0	0	0	0	1.44912	0	4.73888	20
GF1_C17	0	0	0	0	0	0	0	0	0	0	0	0	0	0	0	0	0.54906	0.36501	0.14038	0	0	0.07223	11.54865	0	0	0	0	0	0	22.00848	0	13.38156	3.09149	35.75625	0.37771	0	0	0	0	0	0	0	0	0	2.00809	0	0	0.1967	0.35592	0	0	1.04407	1.58175	0.12345	0	0	0	0	0	0	0	0	0	0	0	0	0	0	0	0	1.3173	0	0	0.86401	0	0	0	0	0	0	0	0	0	0	0	0	0	1.34234	0	3.87555	20
GF1_INOC_GF1	0	0	0	0	0	0	0	0	0	0	0	0	0	0	0	0	0	0	0.05649	0	0	0.01257	3.41741	0	0	0	0	0	0	4.33475	0	8.2785	2.29921	4.52963	0.00543	0	0	0	0	0	0	0	0	0	8.95423	0	0	0.14156	0.03714	0	0	54.90441	0	0.17194	0.47167	0	0	0	0	0	0	0	0	0	0	0	0	0	0	0	0	0	0	0.44602	0	0	0	0	0	0.07161	0	0	0	0	0.35091	0	0	0.05614	0.06103	11.39934	20
GF10_A8_d104_colon	0	0	0	0	0	0	0	0	0	0	0	0	0	0	0	0	0.64589	0.52305	0.32537	0	0	0.26387	18.30269	0	0	0	0	0	0	10.92224	0	11.28851	2.81422	25.57739	0.53559	0	0	0	0	0	0	0	0	0	0.90843	0	0	1.81545	0	0	0	0.93103	3.62742	15.09717	0.39346	0	0	0	0	0	0	0	0	0	0	0	0	0	0	0	0.70481	0	0	0.55796	0	0	0	0	0	0	0	0	0	0	0	0	0	0.08418	0	4.68125	20
GF10_C8_d55	0	0	0	0	0	0	0	0	0	0	0	0	17.91725	0	0	0	0.08552	2.17463	0.88094	0	0	0	8.62521	0	0	0	14.4486	0	0	7.26789	0	17.94296	5.54652	11.98367	0.30336	0	0	0	0	0	0	0	0	0	2.73095	0	0	0.55084	0	0	0	4.58604	0	1.84208	0	0	0	0	0	0	0	0	0	0	0	0.02368	0	0	0	0	0.7529	0	0	0.23155	0	0	0	0	0	0	0	0	0	0	0	0	0	0.35672	0	1.74869	20
GF23_d10_damb	0	0	0	0	0	0	0.43884	0	0.05734	0	0	0	13.21522	0	0	0	0	0	0.98863	0	0	0.18716	6.60986	0	0	0	0.76313	0	0	19.31548	0	15.79679	3.06043	5.9815	0.11341	0	0	0	0	0	0	0	0	0	6.50985	0	0	6.11262	0.81354	0	0	0.09842	0	0.18367	0	0	0	0	0	0	0	0	0	0	0	2.16337	0	0	0	0	0	0	0	1.71091	0	0	0	0	0	0	0	0	0	0	0	0	0	15.87985	0	0	20
GF23_d62_damb	0.29272	0	0	0	0	0	0.71868	0	0.00625	0	0	0	1.64158	0	0	0	0	0	0.78673	0	0	0.08785	19.43689	0	0	0	1.16806	0	0	28.60667	0	10.2668	2.09039	14.14448	1.05993	0	0	0	0	0	0	0	0	0	4.94494	0	0	2.32844	1.80061	0	0	0	0	0.02652	0	0	0	0	0	0	0	0	0	0	0	1.30299	0	0	0	0	0	0	0	2.30304	0	0	0	0	0	0	0	0	0	0	0	0	0	6.98644	0	0	20
GF23_d7_damc	0	0	0	0	0	0	0.40427	0	0.19303	0	0	0	13.392	0	0	0	0	0	1.31056	0	0	0.1592	19.70363	0	0	0	2.67775	0	0	13.03129	0	14.47994	6.33215	14.39185	0.23325	0	0	0	0	0	0	0	0	0	3.9336	0	0	2.11278	0.46104	0	0	0.09536	0	0.06731	0	0	0	0	0	0	0	0	0	0	0	1.75231	0	0	0	0	0	0	0	3.71517	0	0	0	0	0	0	0	0	0	0	0	0	0	1.55351	0	0	20
GF3_C3_day34	0.10419	0	0	0	0	0	0.20238	0	23.95287	0	0	0	10.35093	0	0	0	0	0	1.50931	0	0	0.46172	0	0	0	0	0	0	0	0	0	1.8758	1.04642	0	0	0	0	0	0	0.06201	0	0	0	0	26.05002	0	0	4.93496	10.2734	0.02018	0	0	0	0	0	0	0	0	0	0	0	0	0	0	0	0.08257	0	0.1096	0	0	0	0	0	0	0	0	0	0	0.3988	0	0	0	0	0.44999	0	0.01774	0	17.46269	0	0.63443	20
GF6_INOC	0.23299	0	0	0	0	0	0.78805	0	0.61869	0	0	0	45.74954	0	0	0	0	3.48305	0.94167	0	0	0.16402	2.08204	0	0	0	1.73735	0	0	0	0	16.42301	7.99195	0	1.53604	0	0	0	0	0	0	0	0	0	4.35527	0	0	2.61253	1.94812	0	0	0	0	0.43965	0	0	0	0	0	0	0	0	0	0	0	0.49547	0	0.29188	0	0	0	0	0	0	0	0	0	0	0	0	0	0	0	0	0	0	0	3.13947	0	4.96919	20
GF8_A1_COLON_D46	0	0	0	0	0	0	0	0	0	0	0	0	0	0	0	0	0	0.17883	0.59738	0	0	0.17407	10.17762	0	0	0	0	0	0	31.85846	0	8.41019	2.49399	22.08122	6.92857	0	0	0	0	0	0	0	0	0	0.78921	0	0	0.24058	0	0	0.02228	3.15157	7.31487	0.19463	0.05243	0	0	0	0	0	0	0	0	0	0	0	0	0	0	0	0.84779	0	0	0.35902	0	0	0	0	0	0	0	0	0	0	0	0	0	0.16584	0	3.96145	20
GF8_ADAM_D0	0	0	0	0	0	0	0	0	0	0	0	0	0.45315	0	0	0	0.71535	2.0587	0	0	0	0	1.54793	0	0	0	0.52258	0	0	19.53585	0	9.91503	2.94878	37.19388	0.14097	0	0	0	0	0	0	0	0	0	2.0768	0	0	0.81657	0.32856	0	0	6.43718	0.75068	5.2237	0	0	0	0	0	0	0	0	0	0	0	0	0	0	0	0	1.54492	0	0	1.26415	0	0	0	0	0	0	0	0	0	0	0	0	0	1.17413	0	5.35109	20
GF8_B6_COLON_D46	0	0	0	0	0	0	0	0	0	0	0	0	0	0	0	0	0.76779	0.23258	0.29413	0	0	0	24.07781	0	0	0	0	0	0	11.00274	0	11.88481	3.32179	35.33937	0.43322	0	0	0	0	0	0	0	0	0	0.95033	0	0	0.17765	0.37859	0	0	1.90079	1.18052	0.74309	0.07455	0	0	0	0	0	0	0	0	0	0	0	0	0	0	0	0.99482	0	0	1.01474	0	0	0	0	0	0	0	0	0	0	0	0	0	0.44749	0	4.78319	20
GF8_C1_D34	0	0	0	0	0	0	0	0	0	0	0	0	0	0	0	0	0.21414	0.43566	0.17435	0	0	0.21922	9.63382	0	0	0	0	0	0	27.15041	0	9.48556	3.80373	22.44245	2.84299	0	0	0	0	0	0	0	0	0	3.62958	0	0	0.97426	0	0	0	5.04304	6.29484	0.65252	0.22	0	0	0	0	0	0	0	0	0	0	0	0	0	0	0	0.40763	0	0	0.60817	0	0	0	0	0	0	0	0	0	0	0	0	0	0.28804	0	5.4796	20
Gn3_A_Innoc	0	0	0	0	0	0	0	0	0	0	0	0	0	0	0	0	2.06725	4.1007	0.10764	0	0	0.13097	9.59891	0	0	0	0	0	0	26.99102	0	9.88962	2.82888	14.26082	0.25142	0	0	0	0	0	0	0	0	0	5.71807	0	0	0.2996	1.10036	0	0	1.24988	2.66793	6.97388	0	0	0	0	0	0	0	0	0	0	0	0	0	0	0	0	3.21967	0	0	1.13158	0	0	0	0	0	0	0	0	0	0	0	0	0	2.12917	0	5.28261	20
Gn3_B_Innoc	0.41679	0	0	0	0.00355	0	0.33829	0	0.0681	0	0	0	48.52677	0	0	0	0	1.21684	0.41471	0	0	0	2.52488	0	0	0	4.07097	0	0	0	0	11.86615	2.35065	0	0.77763	0	0	0	0	0	0	0	0	0	4.73858	0	0	2.74643	1.42507	0	0	0	0	0.37158	0	0	0	0	0	0	0	0	0	0	0	0.17561	0	0.04956	0	0	0	0	0	0	0	0	0	0	0	0	0	0	0	0	0	0	0	5.55052	0	12.36733	20
gnoto1_A_inoc	0	0	0	0	0	0	0	0	0	0	0	0	0	0	0	0	0.61555	1.97914	0	0	0	0.08861	4.02336	0	0	0	0	0	0	21.47781	0	11.25584	3.04522	34.89433	0.18673	0	0	0	0	0	0	0	0	0	2.15555	0	0	0.19147	0.22255	0	0	4.95823	0.53651	5.31855	0.10408	0	0	0	0	0	0	0	0	0	0	0	0	0	0	0	1.47396	0	0	1.43468	0	0	0	0	0	0	0	0	0	0	0	0	0	1.89762	0	4.14021	20
B1-d48	0	0	0	0	0	0	0	0	0	0	0	0	0	0	0	0	1.46598	0.84716	0.02776	0	0	0.0181	8.70245	0	0	0	0	0	0	17.34769	0	16.84203	3.13278	36.61969	1.0737	0	0	0	0	0	0	0	0	0	1.46147	0	0	0.04007	0	0	0.08642	0.67292	3.40768	0.09051	0.03765	0	0	0	0	0	0	0	0	0	0	0	0	0	0	0	1.10832	0	0	0.7257	0	0	0	0	0	0	0	0	0	0	0	0	0	0.20184	0	6.09007	21
B6-d48	0	0	0	0	0	0	0	0	0	0	0	0	0	0	0	0	1.53435	0.51057	0.02077	0	0.3098	0	7.24616	0	0	0	0	0	0	16.60002	0	17.7911	3.74316	35.1587	1.50001	0	0	0	0	0	0	0	0	0	1.36818	0	0	0.02166	0.00053	0	0.13922	0.80042	2.36282	1.05211	0	0	0	0	0	0	0	0	0	0	0	0	0	0	0	0	1.85922	0	0	0.81078	0	0	0	0	0	0	0	0	0	0	0	0	0	0.79154	0	6.37887	21
GF7_BSIRE_D20	0	0	0	0	0	0	0	0	0	0	0	0	0	0	0	0	2.05388	0.66816	0.16298	0	0	0.0466	10.19495	0	0	0	0	0	0	21.63689	0	13.54093	3.2294	29.9537	0.52384	0	0	0	0	0	0	0	0	0	2.37318	0	0	0.38543	0.76143	0	0	0.99894	0.9291	1.40812	0.04372	0	0	0	0	0	0	0	0	0	0	0	0	0	0	0	2.19083	0	0	1.24377	0	0	0	0	0	0	0	0	0	0	0	0	0	2.03949	0	5.61468	21
GF8_INOC	0	0	0	0	0	0	0	0	0	0	0	0	0.94257	0	0	0	0.78009	1.19225	0.53115	0	0	0	2.70468	0	0	0	1.51816	0	0	15.05938	0	11.24781	3.06308	39.1232	0.15592	0	0	0	0	0	0	0	0	0	1.78116	0	0	0	0.48204	0	0	6.08587	0.21585	6.6055	0.10676	0	0	0	0	0	0	0	0	0	0	0	0	0	0	0	1.88001	0	0	1.29641	0	0	0	0	0	0	0	0	0	0	0	0	0	1.08652	0	4.14159	21
Gn3_AB_Innoc	0.09973	0	0	0	0	0	0	0	0	0	0	0	26.66766	0	0	0	0.84145	2.76093	0	0	0	0	6.16737	0	0	0	3.39006	0	0	10.70679	0	16.19911	3.03535	6.18614	0.66726	0	0	0	0	0	0	0	0	0	4.86155	0	0	1.06234	1.42112	0	0	0.51555	0.4397	4.2354	0	0	0	0	0	0	0	0	0	0	0	0	0	0	0	0	1.18978	0	0	0.02183	0	0	0	0	0	0	0	0	0	0	0	0	0	2.83835	0	6.69253	21
B3-d48	0	0	0	0	0	0	0	0	0	0	0	0	0	0	0	0	1.45711	0.86793	0.05722	0	0	0.02463	6.89997	0	0	0	0	0	0	20.31298	0	19.18567	3.46486	34.82478	0.78836	0	0	0	0	0	0	0	0	0	1.20745	0	0	0.03722	0.01257	0	0	0.86883	1.42629	0.06833	0.02311	0	0	0	0	0	0	0	0	0	0	0	0	0	0	0	0.77345	0	0.01466	0.78474	0	0	0	0	0	0	0	0	0	0	0	0	0	1.04427	0	5.85557	22
B7-d48	0	0	0	0	0	0	0	0	0	0	0	0	0	0	0	0	1.45257	0.55548	0.05613	0	1.89473	0.0076	7.71774	0	0	0	0	0	0	19.04269	0	16.61028	5.27789	32.45726	0.53631	0	0	0	0	0	0	0	0	0	1.17204	0	0	0.03937	0.32213	0	0	0.90863	0.95358	0.24407	0.04276	0	0	0	0	0	0	0	0	0	0	0	0	0	0	0	1.95574	0	0	0.71429	0	0	0	0	0	0	0	0	0	0	0	0	0	1.8771	0	6.16162	22
GF23_d0__inoc	0	0	0	0	0	0	0	0	6.59075	0	0	0	1.88733	0	0	0	0	0	0.35637	0	0	0.0673	2.43906	0	0	0	0	0	0	3.78277	0	3.72406	0.96469	2.44021	0	0	0	0	0	0	0	0	0	0	10.91099	0	0	1.50865	1.58788	0	0	51.41738	0	0.12448	0.2315	0	0	0	0	0	0	0	0	0	0	0	0	0	0	0	0	0	0	0.30486	0	0	0	0	0.08538	0	0	0	0	0.11973	0.35029	0.24151	0	3.5108	0	7.35401	22
GF9_A6_D16	0	0	0	0	0	0	0	0	0	0	0	0	0	0	0	0	0.45923	1.15989	0.29212	0	0	0.15945	7.89028	0	0	0	0	0	0	11.98026	0	8.97023	2.3345	20.40198	0.44236	0	0	0	0	0	0	0	0	0	1.43455	0	0	2.87285	0.02965	0	0.0089	1.19087	3.04819	30.91391	0.15222	0	0	0	0	0	0	0	0	0	0	0	0	0	0	0	0.62632	0	0	0.94311	0	0	0	0	0	0	0	0	0	0	0	0	0	0.23046	0	4.45865	22