Sample,Clostridiales,Enterobacterales,Erysipelotrichales,Lactobacillales,Veillonellales,Tissierellales,Campylobacterales,Actinomycetales,Bacillales,Bacteroidales,Verrucomicrobiales,Burkholderiales,Proteobacteria_unclassified,Sphingomonadales,Bifidobacteriales,Corynebacteriales,Micrococcales,Eggerthellales,Propionibacteriales,Fusobacteriales,Pseudomonadales,Sphingobacteriales
B1,71.11662,22.38963,4.02032,2.32868,0.14474,0,0,0,0,0,0,0,0,0,0,0,0,0,0,0,0,0
B1-colon,75.83628,1.49469,13.83594,0.09085,6.06231,1.70243,0.59563,0.38186,0,0,0,0,0,0,0,0,0,0,0,0,0,0
B1-d31,3.0725,93.36809,0,3.55941,0,0,0,0,0,0,0,0,0,0,0,0,0,0,0,0,0,0
b1-d33,14.34736,78.61247,0.6068,6.05101,0,0.38236,0,0,0,0,0,0,0,0,0,0,0,0,0,0,0,0
B1-d39,56.25723,11.96294,26.3323,1.64942,2.62734,1.0478,0,0,0.12297,0,0,0,0,0,0,0,0,0,0,0,0,0
B1-d40,53.28212,15.68801,24.82659,1.56764,3.47227,1.04469,0,0,0.11868,0,0,0,0,0,0,0,0,0,0,0,0,0
B1-d48,66.37066,5.86755,17.34769,1.46147,6.09007,1.10832,1.46598,0.20184,0.08642,0,0,0,0,0,0,0,0,0,0,0,0,0
B19,61.88963,5.61034,21.42473,1.45915,3.46248,2.09112,1.62405,2.43851,0,0,0,0,0,0,0,0,0,0,0,0,0,0
B2-d29,0,99.76684,0,0.23316,0,0,0,0,0,0,0,0,0,0,0,0,0,0,0,0,0,0
b2-d33,24.056,68.48894,4.53197,1.54524,0,1.37785,0,0,0,0,0,0,0,0,0,0,0,0,0,0,0,0
B2-d39,65.24583,11.07654,20.18957,3.12273,0.36534,0,0,0,0,0,0,0,0,0,0,0,0,0,0,0,0,0
B3,79.30079,8.38138,9.47651,1.36611,1.47522,0,0,0,0,0,0,0,0,0,0,0,0,0,0,0,0,0
B3-d34,38.60814,43.6079,14.44297,2.56496,0,0.77603,0,0,0,0,0,0,0,0,0,0,0,0,0,0,0,0
B3-d39,56.98399,11.52164,28.55902,1.96526,0.90317,0.06501,0,0,0.00191,0,0,0,0,0,0,0,0,0,0,0,0,0
B3-d40,57.17518,19.02759,17.05069,3.79522,2.90252,0.04723,0,0,0.00157,0,0,0,0,0,0,0,0,0,0,0,0,0
B3-d48,65.16364,4.17296,20.31298,1.20745,5.85557,0.78602,1.45711,1.04427,0,0,0,0,0,0,0,0,0,0,0,0,0,0
B4-d29,1.88138,97.02814,0,1.09048,0,0,0,0,0,0,0,0,0,0,0,0,0,0,0,0,0,0
B4-d34,26.71792,67.01564,3.5878,2.37855,0.1092,0.19089,0,0,0,0,0,0,0,0,0,0,0,0,0,0,0,0
B4-d40,51.15479,17.34479,24.39993,2.79956,4.27037,0.02804,0.00252,0,0,0,0,0,0,0,0,0,0,0,0,0,0,0
B4-d48,70.25149,6.89401,13.95921,1.50378,5.69167,0.07253,1.62731,0,0,0,0,0,0,0,0,0,0,0,0,0,0,0
B5-d29,0,99.92019,0,0.07981,0,0,0,0,0,0,0,0,0,0,0,0,0,0,0,0,0,0
b5-d33,11.87009,82.39037,0.19784,5.5417,0,0,0,0,0,0,0,0,0,0,0,0,0,0,0,0,0,0
B5-d39,52.33568,15.04445,26.53742,1.69305,3.94144,0.41259,0,0.00433,0.03105,0,0,0,0,0,0,0,0,0,0,0,0,0
B5-d40,66.4731,11.7029,18.33341,2.2501,1.24048,0,0,0,0,0,0,0,0,0,0,0,0,0,0,0,0,0
B5-d48,69.64577,7.47243,13.26462,1.13386,5.3786,1.37723,1.26579,0.32423,0.13746,0,0,0,0,0,0,0,0,0,0,0,0,0
B6-d29,0,99.06419,0,0.93581,0,0,0,0,0,0,0,0,0,0,0,0,0,0,0,0,0,0
b6-d33,9.11407,84.88529,0.4913,5.50935,0,0,0,0,0,0,0,0,0,0,0,0,0,0,0,0,0,0
B6-d34,27.81425,59.10915,9.25291,3.20839,0,0.61529,0,0,0,0,0,0,0,0,0,0,0,0,0,0,0,0
B6-d39,63.51686,9.2516,24.60738,2.37694,0.24722,0,0,0,0,0,0,0,0,0,0,0,0,0,0,0,0,0
B6-d40,61.49008,14.4953,17.52628,2.57808,3.91026,0,0,0,0,0,0,0,0,0,0,0,0,0,0,0,0,0
B6-d48,65.43913,5.88894,16.60002,1.36818,6.37887,1.85976,1.53435,0.79154,0.13922,0,0,0,0,0,0,0,0,0,0,0,0,0
B7-d29,0,99.59761,0,0.40239,0,0,0,0,0,0,0,0,0,0,0,0,0,0,0,0,0,0
b7-d33,16.37161,77.81216,0.54056,5.27567,0,0,0,0,0,0,0,0,0,0,0,0,0,0,0,0,0,0
B7-d40,46.15338,19.80448,25.2548,4.71936,4.06799,0,0,0,0,0,0,0,0,0,0,0,0,0,0,0,0,0
B7-d48,62.59947,5.41664,19.04269,1.17204,6.16162,2.27787,1.45257,1.8771,0,0,0,0,0,0,0,0,0,0,0,0,0,0
C1,79.72532,12.81694,6.0592,1.257,0.14154,0,0,0,0,0,0,0,0,0,0,0,0,0,0,0,0,0
C1-d33,0.11089,96.69348,0,3.19563,0,0,0,0,0,0,0,0,0,0,0,0,0,0,0,0,0,0
C1-d44,66.25834,14.85811,17.6158,1.26775,0,0,0,0,0,0,0,0,0,0,0,0,0,0,0,0,0,0
C1-d45,85.85821,3.74931,9.9528,0.43969,0,0,0,0,0,0,0,0,0,0,0,0,0,0,0,0,0,0
C1-d53,67.53988,8.13504,16.9789,1.46484,5.88135,0,0,0,0,0,0,0,0,0,0,0,0,0,0,0,0,0
C19,72.72041,3.93751,14.51288,1.54636,3.66717,1.58305,1.11509,0.91754,0,0,0,0,0,0,0,0,0,0,0,0,0,0
C2-colon,74.41438,4.44684,15.92951,0.80869,4.34394,0,0,0.05664,0,0,0,0,0,0,0,0,0,0,0,0,0,0
C2-d33,0,100,0,0,0,0,0,0,0,0,0,0,0,0,0,0,0,0,0,0,0,0
C2-d37,14.88151,69.08031,4.3921,11.64609,0,0,0,0,0,0,0,0,0,0,0,0,0,0,0,0,0,0
C2-d44,73.93114,11.16746,13.46237,1.43903,0,0,0,0,0,0,0,0,0,0,0,0,0,0,0,0,0,0
C2-d45,53.97723,9.21207,33.57691,3.23379,0,0,0,0,0,0,0,0,0,0,0,0,0,0,0,0,0,0
C2-d49,61.323,10.53664,23.59549,1.92929,2.61558,0,0,0,0,0,0,0,0,0,0,0,0,0,0,0,0,0
C2-d53,69.69687,7.19481,16.25061,1.16338,5.69433,0,0,0,0,0,0,0,0,0,0,0,0,0,0,0,0,0
C3,63.90964,19.58402,12.8492,2.04457,1.61258,0,0,0,0,0,0,0,0,0,0,0,0,0,0,0,0,0
C3-colon,74.81502,2.33101,18.51596,1.16085,3.17716,0,0,0,0,0,0,0,0,0,0,0,0,0,0,0,0,0
C3-d33,0.17999,97.0409,0,2.77912,0,0,0,0,0,0,0,0,0,0,0,0,0,0,0,0,0,0
C3-d44,69.05729,10.03222,19.78618,1.1243,0,0,0,0,0,0,0,0,0,0,0,0,0,0,0,0,0,0
C3-d45,69.64693,12.79533,16.33307,1.22467,0,0,0,0,0,0,0,0,0,0,0,0,0,0,0,0,0,0
C3-d53,64.89535,6.82437,20.6894,1.13475,6.45614,0,0,0,0,0,0,0,0,0,0,0,0,0,0,0,0,0
C4-d33,5.59725,55.13516,0,39.26759,0,0,0,0,0,0,0,0,0,0,0,0,0,0,0,0,0,0
C4-d44,72.98907,9.63148,15.82774,1.52302,0.02869,0,0,0,0,0,0,0,0,0,0,0,0,0,0,0,0,0
C4-d45,66.96884,2.40464,30.62652,0,0,0,0,0,0,0,0,0,0,0,0,0,0,0,0,0,0,0
C4-d53,70.86327,7.05318,14.67526,1.27466,6.13363,0,0,0,0,0,0,0,0,0,0,0,0,0,0,0,0,0
C5-d34,10.99422,17.46433,0.24155,71.29989,0,0,0,0,0,0,0,0,0,0,0,0,0,0,0,0,0,0
C5-d44,71.48558,7.81436,19.02976,1.6703,0,0,0,0,0,0,0,0,0,0,0,0,0,0,0,0,0,0
C5-d45,76.69648,5.70595,16.02173,1.57584,0,0,0,0,0,0,0,0,0,0,0,0,0,0,0,0,0,0
C5-d53,71.1498,6.60598,15.24924,1.21093,5.78406,0,0,0,0,0,0,0,0,0,0,0,0,0,0,0,0,0
C6-d33,0.10102,13.45539,0,86.44359,0,0,0,0,0,0,0,0,0,0,0,0,0,0,0,0,0,0
C6-d37,4.7698,60.15451,0.98104,34.09464,0,0,0,0,0,0,0,0,0,0,0,0,0,0,0,0,0,0
C6-d44,53.23836,21.39518,22.64526,2.72121,0,0,0,0,0,0,0,0,0,0,0,0,0,0,0,0,0,0
C6-d49,75.09269,3.84863,15.67005,1.30648,4.08214,0,0,0,0,0,0,0,0,0,0,0,0,0,0,0,0,0
C6-d53,75.19974,5.92764,12.22493,1.14587,5.34375,0.15807,0,0,0,0,0,0,0,0,0,0,0,0,0,0,0,0
C7-d33,1.37995,39.77232,0,58.84773,0,0,0,0,0,0,0,0,0,0,0,0,0,0,0,0,0,0
C7-d38,11.42444,62.78046,9.16195,16.63315,0,0,0,0,0,0,0,0,0,0,0,0,0,0,0,0,0,0
C7-d44,62.99491,15.46695,20.0141,1.52403,0,0,0,0,0,0,0,0,0,0,0,0,0,0,0,0,0,0
C7-d45,73.35022,10.02705,15.03512,1.58762,0,0,0,0,0,0,0,0,0,0,0,0,0,0,0,0,0,0
C7-d53,61.6641,10.62078,19.81234,1.79079,6.03236,0,0,0.07964,0,0,0,0,0,0,0,0,0,0,0,0,0,0
C8-d35,1.27668,93.05069,0,5.67263,0,0,0,0,0,0,0,0,0,0,0,0,0,0,0,0,0,0
C8-d38,38.32331,19.11827,20.88168,21.67674,0,0,0,0,0,0,0,0,0,0,0,0,0,0,0,0,0,0
C8-d44,58.50809,12.32621,25.0592,4.1065,0,0,0,0,0,0,0,0,0,0,0,0,0,0,0,0,0,0
C8-d45,69.05419,5.84475,22.60384,2.49721,0,0,0,0,0,0,0,0,0,0,0,0,0,0,0,0,0,0
C8-d53,71.73469,5.85754,15.57288,1.12861,5.70629,0,0,0,0,0,0,0,0,0,0,0,0,0,0,0,0,0
CONV_MERO1_COLON,16.1756,0,0,51.80815,0,0,0,0,0,32.01625,0,0,0,0,0,0,0,0,0,0,0,0
CONV_MERO1_D0,5.59076,0,0,44.97985,0,0,0,0,0,5.81218,43.61721,0,0,0,0,0,0,0,0,0,0,0
CONV_MERO1_D1,0.33459,0,0,89.60055,0,0,0,0,0,0.26921,9.79566,0,0,0,0,0,0,0,0,0,0,0
CONV_MERO1_D3,3.15861,0,0,96.84139,0,0,0,0,0,0,0,0,0,0,0,0,0,0,0,0,0,0
CONV_MERO2_COLON,42.2165,0,0,43.21215,0,0,0,0,0,14.57135,0,0,0,0,0,0,0,0,0,0,0,0
CONV_MERO2_D0,10.44391,0.20283,0,30.49291,0,0,0,0,0,10.64572,48.21463,0,0,0,0,0,0,0,0,0,0,0
CONV_MERO2_D3,0.30377,0,0,99.69623,0,0,0,0,0,0,0,0,0,0,0,0,0,0,0,0,0,0
CONV_MERO3_COLON,1.37764,0,0,4.56523,0,0,0,0,0,94.05712,0,0,0,0,0,0,0,0,0,0,0,0
CONV_MERO3_D1,23.99699,0,0,49.58784,0,0,0,0,0,26.41518,0,0,0,0,0,0,0,0,0,0,0,0
CONV_MERO3_D3,5.41554,0,0,4.18388,0,0,0,0,0,90.40058,0,0,0,0,0,0,0,0,0,0,0,0
CONV_MERO4_COLON,32.57173,0,0,43.26364,0,0,0,0,0,24.16463,0,0,0,0,0,0,0,0,0,0,0,0
CONV_MERO4_D0,3.43882,0,0,9.77129,0,0,0,0,0,77.75885,7.97338,1.05766,0,0,0,0,0,0,0,0,0,0
CONV_MERO4_D1,99.64668,0,0,0.35332,0,0,0,0,0,0,0,0,0,0,0,0,0,0,0,0,0,0
CONV_MERO4_D3,67.88715,0,0,32.11285,0,0,0,0,0,0,0,0,0,0,0,0,0,0,0,0,0,0
CONV_PBS1_COLON,49.16072,0,0,6.98937,0,0,0,0,0,33.8989,7.51078,2.44024,0,0,0,0,0,0,0,0,0,0
CONV_PBS1_D0,4.33203,0,0,19.54352,0,0,0,0,0,1.34581,74.77864,0,0,0,0,0,0,0,0,0,0,0
CONV_PBS1_D3,9.70827,1.64461,0,3.35597,0,0,0,0,0,70.6241,13.09525,1.57181,0,0,0,0,0,0,0,0,0,0
CONV_PBS2_COLON,29.74769,0,0,1.433,0,0,0,0,0,60.23488,6.6942,1.89022,0,0,0,0,0,0,0,0,0,0
CONV_PBS2_D1,13.52174,1.12966,0,7.94678,0,0,0,0,0,51.79965,21.99303,3.508,0.10116,0,0,0,0,0,0,0,0,0
CONV_PBS2_D3,7.65862,0,0,3.14713,0,0,0,0,0,74.31692,12.72496,2.15237,0,0,0,0,0,0,0,0,0,0
CONV_PBS3_COLON,46.59387,0,0,0,0,0,0,0,0,47.30147,5.25609,0.84857,0,0,0,0,0,0,0,0,0,0
CONV_PBS3_D1,34.88361,5.56644,22.16733,7.62189,0,4.01006,0,0,0,13.9034,11.0466,0.80066,0,0,0,0,0,0,0,0,0,0
CONV_PBS4_COLON,29.27232,0,0,0,0,0,0,0,0,54.79447,13.50345,2.42976,0,0,0,0,0,0,0,0,0,0
CONV_PBS4_D0,5.39144,0.21468,0,1.35989,0,0,0,0,0,76.86505,14.99767,1.17127,0,0,0,0,0,0,0,0,0,0
CONV_PBS4_D1,18.15167,0.27939,0,0.13255,0,0,0,0,0,63.7768,15.74604,1.83929,0.07425,0,0,0,0,0,0,0,0,0
CONV_PBS4_D3,5.49936,0.04449,0,2.78885,0,0,0,0,0,75.19666,14.06691,2.29928,0.10446,0,0,0,0,0,0,0,0,0
GF1_A10,61.02846,11.09603,19.24484,2.73172,2.66641,2.85365,0,0.37889,0,0,0,0,0,0,0,0,0,0,0,0,0,0
GF1_B_mom_d32,55.94312,6.54682,20.10749,3.3564,5.29674,4.00878,2.12565,2.61501,0,0,0,0,0,0,0,0,0,0,0,0,0,0
GF1_B10,51.10186,9.01956,31.11821,2.79574,4.14865,0.96112,0.85487,0,0,0,0,0,0,0,0,0,0,0,0,0,0,0
GF1_B14,75.82995,3.45688,14.19298,1.83001,3.20471,0.62456,0.86091,0,0,0,0,0,0,0,0,0,0,0,0,0,0,0
GF1_B17,60.46195,7.25958,19.29567,2.36627,4.77978,2.2964,1.77103,1.76933,0,0,0,0,0,0,0,0,0,0,0,0,0,0
GF1_B25,64.06079,4.6133,15.91911,1.65911,4.90961,3.95711,1.76194,3.11903,0,0,0,0,0,0,0,0,0,0,0,0,0,0
GF1_B3_d38,59.13489,6.85241,31.03343,0.67903,0,2.11314,0,0.18711,0,0,0,0,0,0,0,0,0,0,0,0,0,0
GF1_B5_D38,57.2443,7.16899,33.25909,2.32762,0,0,0,0,0,0,0,0,0,0,0,0,0,0,0,0,0,0
GF1_B6_d38,66.4014,5.85102,25.98555,1.76203,0,0,0,0,0,0,0,0,0,0,0,0,0,0,0,0,0,0
GF1_B7_D38,70.22904,4.88654,21.93516,2.94926,0,0,0,0,0,0,0,0,0,0,0,0,0,0,0,0,0,0
GF1_C_mom_d32,66.64622,3.97899,17.44232,1.89193,3.74119,3.72307,0,2.57628,0,0,0,0,0,0,0,0,0,0,0,0,0,0
GF1_C10,59.93828,10.22807,21.12827,2.3865,2.81619,1.90941,1.4866,0.10668,0,0,0,0,0,0,0,0,0,0,0,0,0,0
GF1_C14,60.45245,6.64195,21.65192,2.39429,4.73888,1.92098,0.7504,1.44912,0,0,0,0,0,0,0,0,0,0,0,0,0,0
GF1_C17,64.15566,4.38761,22.00848,2.00809,3.87555,1.67323,0.54906,1.34234,0,0,0,0,0,0,0,0,0,0,0,0,0,0
GF1_C25,65.7136,5.25918,19.98492,1.92148,2.81354,1.83938,0.95486,1.51305,0,0,0,0,0,0,0,0,0,0,0,0,0,0
GF1_C4_d39,58.44652,10.13473,18.18167,13.23708,0,0,0,0,0,0,0,0,0,0,0,0,0,0,0,0,0,0
GF1_C6_d39,38.64275,13.50917,28.50523,19.34285,0,0,0,0,0,0,0,0,0,0,0,0,0,0,0,0,0,0
GF1_C7_d39,30.98996,11.37139,31.28764,26.35101,0,0,0,0,0,0,0,0,0,0,0,0,0,0,0,0,0,0
GF1_INOC_GF1,18.53018,56.20466,4.33475,9.30515,11.46037,0.03714,0,0.05614,0.07161,0,0,0,0,0,0,0,0,0,0,0,0,0
GF10_A_DAM_D0,12.90501,68.08031,3.84636,7.57537,7.59296,0,0,0,0,0,0,0,0,0,0,0,0,0,0,0,0,0
GF10_A1_COLON_D35,4.68874,81.42365,0.6376,9.10604,4.14397,0,0,0,0,0,0,0,0,0,0,0,0,0,0,0,0,0
GF10_A1_d101,0.32224,75.01317,0,24.66459,0,0,0,0,0,0,0,0,0,0,0,0,0,0,0,0,0,0
GF10_A1_d104_colon,66.36981,3.15043,30.47976,0,0,0,0,0,0,0,0,0,0,0,0,0,0,0,0,0,0,0
GF10_A1_d127_colon,57.1922,18.8082,17.03481,1.38359,5.58121,0,0,0,0,0,0,0,0,0,0,0,0,0,0,0,0,0
GF10_A1_D32,42.69523,24.04779,20.07998,6.90207,5.96891,0.23631,0.0697,0,0,0,0,0,0,0,0,0,0,0,0,0,0,0
GF10_A1_D34,3.72995,90.46194,0,5.8081,0,0,0,0,0,0,0,0,0,0,0,0,0,0,0,0,0,0
GF10_A1_d77,0,94.25334,0,5.74666,0,0,0,0,0,0,0,0,0,0,0,0,0,0,0,0,0,0
GF10_A1_d79,0,100,0,0,0,0,0,0,0,0,0,0,0,0,0,0,0,0,0,0,0,0
GF10_A1_d80_colon,12.44228,72.85906,0.63293,14.06572,0,0,0,0,0,0,0,0,0,0,0,0,0,0,0,0,0,0
GF10_A2_COLON_D35,0,0,0,100,0,0,0,0,0,0,0,0,0,0,0,0,0,0,0,0,0,0
GF10_A2_d101,0,100,0,0,0,0,0,0,0,0,0,0,0,0,0,0,0,0,0,0,0,0
GF10_A2_d103,0.15079,97.80008,0,2.04913,0,0,0,0,0,0,0,0,0,0,0,0,0,0,0,0,0,0
GF10_A2_d104_colon,1.18491,94.63025,0.0691,4.11575,0,0,0,0,0,0,0,0,0,0,0,0,0,0,0,0,0,0
GF10_A2_d127_colon,0,100,0,0,0,0,0,0,0,0,0,0,0,0,0,0,0,0,0,0,0,0
GF10_A2_D32,38.39292,19.09123,25.76183,8.59217,7.82784,0.22497,0.10904,0,0,0,0,0,0,0,0,0,0,0,0,0,0,0
GF10_A2_D33,3.42923,93.98352,0.13743,2.44982,0,0,0,0,0,0,0,0,0,0,0,0,0,0,0,0,0,0
GF10_A2_D34,13.5129,77.78492,3.1799,4.36083,1.16145,0,0,0,0,0,0,0,0,0,0,0,0,0,0,0,0,0
GF10_A2_d77,0,91.34202,0,8.65798,0,0,0,0,0,0,0,0,0,0,0,0,0,0,0,0,0,0
GF10_A2_d79,0,100,0,0,0,0,0,0,0,0,0,0,0,0,0,0,0,0,0,0,0,0
GF10_A3_COLON_D35,0,0,0,100,0,0,0,0,0,0,0,0,0,0,0,0,0,0,0,0,0,0
GF10_A3_d104_colon,39.74331,15.99554,37.1432,1.13702,4.51583,1.09863,0,0.35403,0.01245,0,0,0,0,0,0,0,0,0,0,0,0,0
GF10_A3_D33,0.87464,96.61965,0.64635,1.85936,0,0,0,0,0,0,0,0,0,0,0,0,0,0,0,0,0,0
GF10_A3_D34,9.26172,83.11604,2.2589,4.20296,1.16038,0,0,0,0,0,0,0,0,0,0,0,0,0,0,0,0,0
GF10_A3_d79,0,93.64785,0,6.35215,0,0,0,0,0,0,0,0,0,0,0,0,0,0,0,0,0,0
GF10_A3_d80_colon,3.74048,94.80328,1.01102,0.44522,0,0,0,0,0,0,0,0,0,0,0,0,0,0,0,0,0,0
GF10_A4_d101,0.78554,96.46504,0,2.74942,0,0,0,0,0,0,0,0,0,0,0,0,0,0,0,0,0,0
GF10_A4_d104_colon,77.40539,3.71776,18.87685,0,0,0,0,0,0,0,0,0,0,0,0,0,0,0,0,0,0,0
GF10_A4_d77,0,93.17815,0,6.82185,0,0,0,0,0,0,0,0,0,0,0,0,0,0,0,0,0,0
GF10_A5_d101,0,98.68413,0,1.31587,0,0,0,0,0,0,0,0,0,0,0,0,0,0,0,0,0,0
GF10_A5_d104_colon,0,95.59238,0,4.40762,0,0,0,0,0,0,0,0,0,0,0,0,0,0,0,0,0,0
GF10_A5_d127_colon,0,84.45672,15.54328,0,0,0,0,0,0,0,0,0,0,0,0,0,0,0,0,0,0,0
GF10_A56_d101,0.2386,96.77465,0,2.98674,0,0,0,0,0,0,0,0,0,0,0,0,0,0,0,0,0,0
GF10_A6_d102,12.82376,82.36003,1.90886,2.90735,0,0,0,0,0,0,0,0,0,0,0,0,0,0,0,0,0,0
GF10_A6_d103,39.71884,49.01188,9.63699,1.6323,0,0,0,0,0,0,0,0,0,0,0,0,0,0,0,0,0,0
GF10_A6_d104_colon,40.35281,42.88675,16.76044,0,0,0,0,0,0,0,0,0,0,0,0,0,0,0,0,0,0,0
GF10_A7_d103,0,99.57241,0,0.42759,0,0,0,0,0,0,0,0,0,0,0,0,0,0,0,0,0,0
GF10_A7_d104_colon,0,100,0,0,0,0,0,0,0,0,0,0,0,0,0,0,0,0,0,0,0,0
GF10_A7_d127_colon,0,99.55735,0,0.44265,0,0,0,0,0,0,0,0,0,0,0,0,0,0,0,0,0,0
GF10_A8_d102,0,99.20868,0,0.79132,0,0,0,0,0,0,0,0,0,0,0,0,0,0,0,0,0,0
GF10_A8_d104_colon,58.51841,23.53479,10.92224,0.90843,4.68125,0.70481,0.64589,0.08418,0,0,0,0,0,0,0,0,0,0,0,0,0,0
GF10_Adam_d1,61.66269,16.26891,18.67286,3.39554,0,0,0,0,0,0,0,0,0,0,0,0,0,0,0,0,0,0
GF10_Adam_d20,67.5339,7.4192,14.40899,2.4419,2.88975,0.08288,0,5.22338,0,0,0,0,0,0,0,0,0,0,0,0,0,0
GF10_C1_COLON_D55,0,99.30141,0,0.69859,0,0,0,0,0,0,0,0,0,0,0,0,0,0,0,0,0,0
GF10_C1_d55,0,0,0,0,0,0,0,0,0,0,0,0,0,100,0,0,0,0,0,0,0,0
GF10_C1_d77,22.37811,77.28815,0,0.33375,0,0,0,0,0,0,0,0,0,0,0,0,0,0,0,0,0,0
GF10_C10_COLON_D55,0,100,0,0,0,0,0,0,0,0,0,0,0,0,0,0,0,0,0,0,0,0
GF10_C2_COLON_D35,1.80515,51.10584,0.13294,19.11453,0,15.00652,0,9.37908,0,0,0,0,0,0,3.45595,0,0,0,0,0,0,0
GF10_C2_COLON_D55,0,100,0,0,0,0,0,0,0,0,0,0,0,0,0,0,0,0,0,0,0,0
GF10_C2_d101,1.32406,96.85893,0,1.81701,0,0,0,0,0,0,0,0,0,0,0,0,0,0,0,0,0,0
GF10_C2_d103,11.64742,65.92274,22.40885,0.02098,0,0,0,0,0,0,0,0,0,0,0,0,0,0,0,0,0,0
GF10_C2_d104_colon,16.18907,47.67107,36.13986,0,0,0,0,0,0,0,0,0,0,0,0,0,0,0,0,0,0,0
GF10_C2_D32,2.87838,80.58598,2.71375,6.88325,0,4.11998,0,2.51985,0,0,0,0,0,0,0.29881,0,0,0,0,0,0,0
GF10_C2_D33,2.36957,95.38841,0,2.24202,0,0,0,0,0,0,0,0,0,0,0,0,0,0,0,0,0,0
GF10_C2_D34,1.15271,89.67142,0.38864,6.92085,1.86638,0,0,0,0,0,0,0,0,0,0,0,0,0,0,0,0,0
GF10_C2_d55,63.24966,4.5357,0,1.40212,0.07549,0,0,0,0,0,0,0,0,0,30.73702,0,0,0,0,0,0,0
GF10_C2_d77,55.65355,42.08245,0,1.5488,0.71521,0,0,0,0,0,0,0,0,0,0,0,0,0,0,0,0,0
GF10_C2_d80_colon,0,100,0,0,0,0,0,0,0,0,0,0,0,0,0,0,0,0,0,0,0,0
GF10_C3_COLON_D35,1.83502,66.69284,0,16.68483,0,9.77561,0,3.85063,0,0,0,0,0,0,1.16108,0,0,0,0,0,0,0
GF10_C3_d101,0.70884,98.30644,0,0.98472,0,0,0,0,0,0,0,0,0,0,0,0,0,0,0,0,0,0
GF10_C3_D33,0,99.87258,0,0.12742,0,0,0,0,0,0,0,0,0,0,0,0,0,0,0,0,0,0
GF10_C3_d55,0,100,0,0,0,0,0,0,0,0,0,0,0,0,0,0,0,0,0,0,0,0
GF10_C3_d78,0,100,0,0,0,0,0,0,0,0,0,0,0,0,0,0,0,0,0,0,0,0
GF10_C4_COLON_D55,0,100,0,0,0,0,0,0,0,0,0,0,0,0,0,0,0,0,0,0,0,0
GF10_C4_d102_colon,0,100,0,0,0,0,0,0,0,0,0,0,0,0,0,0,0,0,0,0,0,0
GF10_C4_d55,58.73735,2.55053,0,1.70866,0.87668,0.04279,0,0,0,0,0,0,0,0,36.084,0,0,0,0,0,0,0
GF10_C4_d77,28.59248,61.41345,0,4.86103,5.13304,0,0,0,0,0,0,0,0,0,0,0,0,0,0,0,0,0
GF10_C4_d80_colon,46.51819,41.53473,11.94707,0,0,0,0,0,0,0,0,0,0,0,0,0,0,0,0,0,0,0
GF10_C5_COLON_D55,0,98.99094,0,1.00906,0,0,0,0,0,0,0,0,0,0,0,0,0,0,0,0,0,0
GF10_C5_d101,1.36712,97.13893,0,1.49395,0,0,0,0,0,0,0,0,0,0,0,0,0,0,0,0,0,0
GF10_C5_d55,65.61753,3.00231,0,1.50035,0,0,0,0,0,0,0,0,0,0,29.87981,0,0,0,0,0,0,0
GF10_C5_d77,0,98.38223,0,1.61777,0,0,0,0,0,0,0,0,0,0,0,0,0,0,0,0,0,0
GF10_C6_COLON_D55,0,98.48565,0.79117,0.72318,0,0,0,0,0,0,0,0,0,0,0,0,0,0,0,0,0,0
GF10_C6_d101,0,99.87219,0,0.12781,0,0,0,0,0,0,0,0,0,0,0,0,0,0,0,0,0,0
GF10_C6_d55,62.74187,5.80822,0,1.17972,0,0,0,0,0,0,0,0,0,0,30.27019,0,0,0,0,0,0,0
GF10_C7_COLON_D55,0,100,0,0,0,0,0,0,0,0,0,0,0,0,0,0,0,0,0,0,0,0
GF10_C8_COLON_D55,0,100,0,0,0,0,0,0,0,0,0,0,0,0,0,0,0,0,0,0,0,0
GF10_C8_d101,0.77434,97.86169,0,1.36398,0,0,0,0,0,0,0,0,0,0,0,0,0,0,0,0,0,0
GF10_C8_d103,24.72295,22.64917,22.60431,30.02357,0,0,0,0,0,0,0,0,0,0,0,0,0,0,0,0,0,0
GF10_C8_d55,58.85031,10.28977,7.26789,2.73095,1.74869,0.7529,0.08552,0.35672,0,0,0,0,0,0,17.91725,0,0,0,0,0,0,0
GF10_C9_COLON_D55,0,92.80029,0,7.19971,0,0,0,0,0,0,0,0,0,0,0,0,0,0,0,0,0,0
GF10_Cdam_d0,54.52009,1.13896,0,0.71078,7.12766,0,0,0,0,0,0,0,0,0,36.5025,0,0,0,0,0,0,0
GF10_Cdam_d1,51.5471,19.53674,24.87042,4.04574,0,0,0,0,0,0,0,0,0,0,0,0,0,0,0,0,0,0
GF10_Cdam_d20,69.83318,7.89841,14.23004,4.20382,0,0,0,3.83456,0,0,0,0,0,0,0,0,0,0,0,0,0,0
GF10_INOC,14.96434,64.26206,4.22671,8.12138,8.42551,0,0,0,0,0,0,0,0,0,0,0,0,0,0,0,0,0
GF11_A_DAM_D0,1.25527,42.37855,1.41866,20.90831,0,21.04298,0,9.26366,0,0,0,0,0,0,3.73258,0,0,0,0,0,0,0
GF11_A1_COLON_D38,0.17126,34.36322,0,31.35805,0.21529,15.65889,0,11.4148,0,0,0,0,0,0,6.81848,0,0,0,0,0,0,0
GF11_A1_D35,0,81.86477,0,12.27589,0,1.24905,0,0.73699,0,0,0,0,0,0,3.8733,0,0,0,0,0,0,0
GF11_A1_D37,2.52819,72.08355,0,23.62206,0,0.04235,0,0.00754,0,0,0,0,0,0,1.71629,0,0,0,0,0,0,0
GF11_A2_COLON_D38,0,49.544,0,27.48098,0,13.12471,0,5.22326,0,0,0,0,0,0,4.62706,0,0,0,0,0,0,0
GF11_A2_D35,0.03536,72.46512,0,25.64749,0,0.05126,0,0,0,0,0,0,0,0,1.80078,0,0,0,0,0,0,0
GF11_A2_D36,0,75.87948,0,24.12052,0,0,0,0,0,0,0,0,0,0,0,0,0,0,0,0,0,0
GF11_A3_D36,0,100,0,0,0,0,0,0,0,0,0,0,0,0,0,0,0,0,0,0,0,0
GF11_A4_COLON_D38,0.23427,49.99287,0,23.42302,0,13.75181,0,8.72893,0,0,0,0,0,0,3.8691,0,0,0,0,0,0,0
GF11_A4_D37,0.28289,94.92198,0,4.02981,0,0,0,0,0,0,0,0,0,0,0.76533,0,0,0,0,0,0,0
GF11_A5_D35,0,81.1804,0,3.30513,0,0,0,0,0,0,0,0,0,0,15.51447,0,0,0,0,0,0,0
GF11_B_dam_d111,34.20913,1.88577,0,2.63994,0.39513,2.15331,0,5.64371,0,0,0,0,0,0,53.07301,0,0,0,0,0,0,0
GF11_B_dam_d20,22.36994,2.26508,0,3.17522,0.34625,3.43502,0,6.92397,0,0,0,0,0,0,61.48453,0,0,0,0,0,0,0
GF11_B_dam_d7,14.25798,5.46181,0,1.2033,0.5896,1.22914,0,5.33435,0,0,0,0,0,0,71.92382,0,0,0,0,0,0,0
GF11_B1_COLON_D38,0,52.51032,0,28.32483,0,9.60069,0,6.28498,0,0,0,0,0,0,3.27918,0,0,0,0,0,0,0
GF11_B1_d105_colon,16.70478,27.69693,53.12622,2.47207,0,0,0,0,0,0,0,0,0,0,0,0,0,0,0,0,0,0
GF11_B1_D36,0.62378,45.29342,0,29.64617,0,14.33068,0,6.68558,0,0,0,0,0,0,3.42038,0,0,0,0,0,0,0
GF11_B1_d71,0.01545,98.23761,0,0,0,0,0,0,0,0,0,0,0,0,1.74694,0,0,0,0,0,0,0
GF11_B2_COLON_D38,0,84.46688,0,11.59457,0,2.03955,0,1.33587,0,0,0,0,0,0,0.56313,0,0,0,0,0,0,0
GF11_B2_d105_colon,47.29495,6.77331,0,3.43635,0,0,0,2.17978,0,0,0,0,0,0,40.31561,0,0,0,0,0,0,0
GF11_B2_D36,0,50.02991,0,23.18796,0,13.2581,0,9.15645,0,0,0,0,0,0,4.36759,0,0,0,0,0,0,0
GF11_B2_d71,0.21354,88.35331,0,9.41894,0,0,0,0,0,0,0,0,0,0,2.01421,0,0,0,0,0,0,0
GF11_B2_d73,0,100,0,0,0,0,0,0,0,0,0,0,0,0,0,0,0,0,0,0,0,0
GF11_B3_COLON_D38,0,92.3649,0,7.6351,0,0,0,0,0,0,0,0,0,0,0,0,0,0,0,0,0,0
GF11_B3_d105_colon,34.98183,6.56476,0,1.22637,0,0,0,0,0,0,0,0,0,0,57.22703,0,0,0,0,0,0,0
GF11_B3_D35,0,95.32235,0,4.01707,0,0,0,0,0,0,0,0,0,0,0.66057,0,0,0,0,0,0,0
GF11_B3_D37,0,99.47595,0,0.52405,0,0,0,0,0,0,0,0,0,0,0,0,0,0,0,0,0,0
GF11_B3_d71,0,98.13924,0,1.86076,0,0,0,0,0,0,0,0,0,0,0,0,0,0,0,0,0,0
GF11_B4_COLON_D38,0,100,0,0,0,0,0,0,0,0,0,0,0,0,0,0,0,0,0,0,0,0
GF11_B4_d105_colon,20.36537,4.07333,0,1.92354,0,0,0,0,0,0,0,0,0,0,73.63776,0,0,0,0,0,0,0
GF11_B4_D35,0,83.36123,0,13.79192,0,0,0,0,0,0,0,0,0,0,2.84686,0,0,0,0,0,0,0
GF11_B4_D37,0,97.16661,0,2.83339,0,0,0,0,0,0,0,0,0,0,0,0,0,0,0,0,0,0
GF11_B4_d72,0,99.81081,0,0,0,0,0,0,0,0,0,0,0,0,0.18919,0,0,0,0,0,0,0
GF11_B4_d73,0,100,0,0,0,0,0,0,0,0,0,0,0,0,0,0,0,0,0,0,0,0
GF11_B4_d74_colon,0,100,0,0,0,0,0,0,0,0,0,0,0,0,0,0,0,0,0,0,0,0
GF11_B5_COLON_D38,0,100,0,0,0,0,0,0,0,0,0,0,0,0,0,0,0,0,0,0,0,0
GF11_B5_d105_colon,65.35374,5.17004,0,2.52186,0,0,0,2.88031,0,0,0,0,0,0,24.07404,0,0,0,0,0,0,0
GF11_B5_D35,0,98.80579,0,1.19421,0,0,0,0,0,0,0,0,0,0,0,0,0,0,0,0,0,0
GF11_B5_D37,0,100,0,0,0,0,0,0,0,0,0,0,0,0,0,0,0,0,0,0,0,0
GF11_B5_d71,0.02208,76.95051,0,22.21839,0,0,0,0,0,0,0,0,0,0,0.80902,0,0,0,0,0,0,0
GF11_B5_d74_colon,0,100,0,0,0,0,0,0,0,0,0,0,0,0,0,0,0,0,0,0,0,0
GF11_B6_d105_colon,38.29623,3.40061,0,1.74762,0,0,0,0.55401,0,0,0,0,0,0,56.00153,0,0,0,0,0,0,0
GF11_B6_d71,0,99.21371,0,0.35668,0,0,0,0,0,0,0,0,0,0,0.4296,0,0,0,0,0,0,0
GF11_B7_d105_colon,9.68508,16.1258,0,5.63129,0,0,0,1.92648,0,0,0,0,0,0,66.63134,0,0,0,0,0,0,0
GF11_B7_d71,0,92.28739,0,5.95436,0,0,0,0,0,0,0,0,0,0,1.75825,0,0,0,0,0,0,0
GF11_B7_d73,0,100,0,0,0,0,0,0,0,0,0,0,0,0,0,0,0,0,0,0,0,0
GF11_B7_d74_colon,37.22395,25.05766,24.99584,12.47745,0.2451,0,0,0,0,0,0,0,0,0,0,0,0,0,0,0,0,0
GF11_B8_d105_colon,32.38108,4.52683,0,1.34003,0,0,0,0.80243,0,0,0,0,0,0,60.94963,0,0,0,0,0,0,0
GF11_C1_COLON_D38,0,100,0,0,0,0,0,0,0,0,0,0,0,0,0,0,0,0,0,0,0,0
GF11_C1_D36,0,75.44759,0,14.37393,0,5.64989,0,3.55819,0,0,0,0,0,0,0.97039,0,0,0,0,0,0,0
GF11_C1_d71,0,92.49122,0,6.26949,0,0,0,0,0,0,0,0,0,0,1.23929,0,0,0,0,0,0,0
GF11_C1_d74_colon,7.93397,29.21727,21.69726,41.15151,0,0,0,0,0,0,0,0,0,0,0,0,0,0,0,0,0,0
GF11_C2_D37,0,94.47195,0,5.52805,0,0,0,0,0,0,0,0,0,0,0,0,0,0,0,0,0,0
GF11_C2_d71,0,96.70592,0,2.49355,0,0,0,0,0,0,0,0,0,0,0.80053,0,0,0,0,0,0,0
GF11_C2_d72,0,96.52259,0,3.21062,0,0,0,0,0,0,0,0,0,0,0.26679,0,0,0,0,0,0,0
GF11_C2_d74_colon,1.26017,9.27528,5.74365,83.7209,0,0,0,0,0,0,0,0,0,0,0,0,0,0,0,0,0,0
GF11_C3_COLON_D38,0,100,0,0,0,0,0,0,0,0,0,0,0,0,0,0,0,0,0,0,0,0
GF11_C3_D35,0,98.16839,0,1.35672,0,0,0,0,0,0,0,0,0,0,0.47489,0,0,0,0,0,0,0
GF11_C3_D36,0,77.48079,0,11.45507,0,5.97877,0,2.7557,0,0,0,0,0,0,2.32967,0,0,0,0,0,0,0
GF11_C3_d71,0,100,0,0,0,0,0,0,0,0,0,0,0,0,0,0,0,0,0,0,0,0
GF11_C3_d74_colon,45.69769,33.14277,0,21.15954,0,0,0,0,0,0,0,0,0,0,0,0,0,0,0,0,0,0
GF11_C4_COLON_D38,0,100,0,0,0,0,0,0,0,0,0,0,0,0,0,0,0,0,0,0,0,0
GF11_C4_D35,0,84.2828,0,12.65621,0,0,0,0,0,0,0,0,0,0,3.06099,0,0,0,0,0,0,0
GF11_C4_D36,0,87.32986,0,8.96435,0,1.18642,0,0.28275,0,0,0,0,0,0,2.23663,0,0,0,0,0,0,0
GF11_C4_d74_colon,50.33621,49.66379,0,0,0,0,0,0,0,0,0,0,0,0,0,0,0,0,0,0,0,0
GF11_C5_D37,0,92.46429,0,7.53571,0,0,0,0,0,0,0,0,0,0,0,0,0,0,0,0,0,0
GF11_C5_d71,0,79.56955,0,20.43045,0,0,0,0,0,0,0,0,0,0,0,0,0,0,0,0,0,0
GF11_C5_d72,0,77.38586,0,21.75682,0,0,0,0,0,0,0,0,0,0,0.85732,0,0,0,0,0,0,0
GF11_C5_d74_colon,16.58783,39.71988,37.94387,3.71313,1.85633,0.17896,0,0,0,0,0,0,0,0,0,0,0,0,0,0,0,0
GF11_C6_d71,2.43377,91.50065,0,2.09429,0,0,0,0,0,0,0,0,0,0,3.97129,0,0,0,0,0,0,0
GF11_C6_d72,0.59243,95.28705,0,2.26374,0,0,0,0,0,0,0,0,0,0,1.85678,0,0,0,0,0,0,0
GF11_C6_d74_colon,73.15042,20.31609,0,6.53349,0,0,0,0,0,0,0,0,0,0,0,0,0,0,0,0,0,0
GF11_C7_d71,0,96.4883,0,1.52821,0,0,0,0,0,0,0,0,0,0,1.9835,0,0,0,0,0,0,0
GF11_C7_d72_colon,0,97.55676,0,0,0,0,0,0,0,0,0,0,0,0,2.44324,0,0,0,0,0,0,0
GF11_INOC,2.21814,27.72136,0,28.97205,0,26.61076,0,10.13899,0,0,0,0,0,0,4.33869,0,0,0,0,0,0,0
GF12_A_dam_d21,0,0,0,71.86348,0,0,0,0,19.1027,0,0,0,0,0,0,9.03382,0,0,0,0,0,0
GF12_A_Dam_d85,75.73554,0,23.15062,1.11385,0,0,0,0,0,0,0,0,0,0,0,0,0,0,0,0,0,0
GF12_A1_d31,0,0,0,1.20815,0,0,0,0,98.79185,0,0,0,0,0,0,0,0,0,0,0,0,0
GF12_A1_d76_colon,76.74234,0,23.21206,0.0456,0,0,0,0,0,0,0,0,0,0,0,0,0,0,0,0,0,0
GF12_A2_d32,0,0,0,59.44316,0,0,0,0,40.55684,0,0,0,0,0,0,0,0,0,0,0,0,0
GF12_A2_d34_colon,0.8049,92.50334,0,5.49987,1.19189,0,0,0,0,0,0,0,0,0,0,0,0,0,0,0,0,0
GF12_A2_d76_colon,78.22508,0,21.24882,0.52611,0,0,0,0,0,0,0,0,0,0,0,0,0,0,0,0,0,0
GF12_A3_d31,2.40912,0,0.74951,90.69378,0,0,0,0,6.14758,0,0,0,0,0,0,0,0,0,0,0,0,0
GF12_A3_d76_colon,56.10351,0,43.02776,0.86874,0,0,0,0,0,0,0,0,0,0,0,0,0,0,0,0,0,0
GF12_A4_d31,0,0,0,100,0,0,0,0,0,0,0,0,0,0,0,0,0,0,0,0,0,0
GF12_A4_d32,0,0,0,93.84476,0,0,0,0,6.15524,0,0,0,0,0,0,0,0,0,0,0,0,0
GF12_A4_d34_colon,100,0,0,0,0,0,0,0,0,0,0,0,0,0,0,0,0,0,0,0,0,0
GF12_A4_d76_colon,38.92728,0,61.07272,0,0,0,0,0,0,0,0,0,0,0,0,0,0,0,0,0,0,0
GF12_A5_d34_colon,87.57546,0,12.42454,0,0,0,0,0,0,0,0,0,0,0,0,0,0,0,0,0,0,0
GF12_A5_d76_colon,87.24954,0,12.75046,0,0,0,0,0,0,0,0,0,0,0,0,0,0,0,0,0,0,0
GF12_A6_d76_colon,82.20646,0,17.16753,0.62601,0,0,0,0,0,0,0,0,0,0,0,0,0,0,0,0,0,0
GF12_A7_d76_colon,80.45466,0,19.01448,0.53086,0,0,0,0,0,0,0,0,0,0,0,0,0,0,0,0,0,0
GF12_A8_d76_colon,79.59319,0,20.40681,0,0,0,0,0,0,0,0,0,0,0,0,0,0,0,0,0,0,0
GF12_B1_d79,1.23828,0,0,86.45192,0,0,0,0,12.30979,0,0,0,0,0,0,0,0,0,0,0,0,0
GF12_B2_d32,0,0,0,99.94988,0,0,0,0,0.05012,0,0,0,0,0,0,0,0,0,0,0,0,0
GF12_B2_d79,5.3466,0,0.03945,0.35482,0,0,0,0,94.25914,0,0,0,0,0,0,0,0,0,0,0,0,0
GF12_B2_d81,0,0,4.17418,0,0,0,0,0,95.82582,0,0,0,0,0,0,0,0,0,0,0,0,0
GF12_B2_d82_colon,57.31438,0,0,28.43125,0,0,0,0,14.25437,0,0,0,0,0,0,0,0,0,0,0,0,0
GF12_B3_d31,0,0,0,0.97743,0,0,0,0,99.02257,0,0,0,0,0,0,0,0,0,0,0,0,0
GF12_B3_d80,2.18231,0,0,92.92868,0,0,0,0,4.88901,0,0,0,0,0,0,0,0,0,0,0,0,0
GF12_B4_d31,0,0,0,97.76713,0,0,0,0,2.23287,0,0,0,0,0,0,0,0,0,0,0,0,0
GF12_B4_d79,2.75292,0,0,35.98468,0,0,0,0,61.2624,0,0,0,0,0,0,0,0,0,0,0,0,0
GF12_B5_d79,3.0277,0,0,84.08879,0,0,0,0,12.88351,0,0,0,0,0,0,0,0,0,0,0,0,0
GF12_C1_d79,0.77006,0,0,99.22994,0,0,0,0,0,0,0,0,0,0,0,0,0,0,0,0,0,0
GF12_C1_d82_colon,55.22981,0,37.97854,6.79165,0,0,0,0,0,0,0,0,0,0,0,0,0,0,0,0,0,0
GF12_C2_d31,0,0,0,13.87093,0,0,0,0,86.12907,0,0,0,0,0,0,0,0,0,0,0,0,0
GF12_C2_d79,1.26378,0,0,98.73622,0,0,0,0,0,0,0,0,0,0,0,0,0,0,0,0,0,0
GF12_C3_d31,0,0,0,98.93088,0,0,0,0,1.06912,0,0,0,0,0,0,0,0,0,0,0,0,0
GF12_C3_d79,0,0,0,75.96874,0,0,0,0,24.03126,0,0,0,0,0,0,0,0,0,0,0,0,0
GF12_C3_d80_colon,0,0,0,100,0,0,0,0,0,0,0,0,0,0,0,0,0,0,0,0,0,0
GF12_C4_d31,0,0,0,73.62729,0,0,0,0,26.37271,0,0,0,0,0,0,0,0,0,0,0,0,0
GF12_C5_d79,0.9328,0,0,0.06961,0,0,0,0,98.99758,0,0,0,0,0,0,0,0,0,0,0,0,0
GF12_Inoc,0,0,0,59.98855,0,0,0,0,40.01145,0,0,0,0,0,0,0,0,0,0,0,0,0
GF13_A1_d32,0,100,0,0,0,0,0,0,0,0,0,0,0,0,0,0,0,0,0,0,0,0
GF13_A1_d34,0,100,0,0,0,0,0,0,0,0,0,0,0,0,0,0,0,0,0,0,0,0
GF13_A1_d65_colon,30.01398,36.36306,33.62296,0,0,0,0,0,0,0,0,0,0,0,0,0,0,0,0,0,0,0
GF13_A10_d65_colon,39.18474,27.90222,32.91305,0,0,0,0,0,0,0,0,0,0,0,0,0,0,0,0,0,0,0
GF13_A2_d32,0,100,0,0,0,0,0,0,0,0,0,0,0,0,0,0,0,0,0,0,0,0
GF13_A2_d65_colon,28.23194,36.26585,35.50221,0,0,0,0,0,0,0,0,0,0,0,0,0,0,0,0,0,0,0
GF13_A3_d32,0,100,0,0,0,0,0,0,0,0,0,0,0,0,0,0,0,0,0,0,0,0
GF13_A3_d65_colon,47.36334,21.61079,31.02587,0,0,0,0,0,0,0,0,0,0,0,0,0,0,0,0,0,0,0
GF13_A4_d32,0,100,0,0,0,0,0,0,0,0,0,0,0,0,0,0,0,0,0,0,0,0
GF13_A4_d65_colon,29.08427,25.20506,45.71067,0,0,0,0,0,0,0,0,0,0,0,0,0,0,0,0,0,0,0
GF13_A5_d32,0,100,0,0,0,0,0,0,0,0,0,0,0,0,0,0,0,0,0,0,0,0
GF13_A5_d65_colon,49.36361,23.69892,26.93747,0,0,0,0,0,0,0,0,0,0,0,0,0,0,0,0,0,0,0
GF13_A6_d32,0,100,0,0,0,0,0,0,0,0,0,0,0,0,0,0,0,0,0,0,0,0
GF13_A6_d34,0,100,0,0,0,0,0,0,0,0,0,0,0,0,0,0,0,0,0,0,0,0
GF13_A6_d65_colon,39.87668,31.90866,28.21466,0,0,0,0,0,0,0,0,0,0,0,0,0,0,0,0,0,0,0
GF13_A7_d65_colon,45.14103,25.25803,29.60094,0,0,0,0,0,0,0,0,0,0,0,0,0,0,0,0,0,0,0
GF13_A8_d65_colon,36.74051,26.15014,37.10935,0,0,0,0,0,0,0,0,0,0,0,0,0,0,0,0,0,0,0
GF13_A9_d65_colon,43.70125,22.04369,34.25505,0,0,0,0,0,0,0,0,0,0,0,0,0,0,0,0,0,0,0
GF13_B1_d32,0,100,0,0,0,0,0,0,0,0,0,0,0,0,0,0,0,0,0,0,0,0
GF13_B1_d65_colon,0,100,0,0,0,0,0,0,0,0,0,0,0,0,0,0,0,0,0,0,0,0
GF13_B2_d32,0,100,0,0,0,0,0,0,0,0,0,0,0,0,0,0,0,0,0,0,0,0
GF13_B2_d35_colon,44.17088,43.89604,11.93308,0,0,0,0,0,0,0,0,0,0,0,0,0,0,0,0,0,0,0
GF13_B3_d32,0,100,0,0,0,0,0,0,0,0,0,0,0,0,0,0,0,0,0,0,0,0
GF13_B3_d34,5.27489,94.72511,0,0,0,0,0,0,0,0,0,0,0,0,0,0,0,0,0,0,0,0
GF13_B3_d35_colon,63.95822,18.29547,17.74631,0,0,0,0,0,0,0,0,0,0,0,0,0,0,0,0,0,0,0
GF13_B3_d65_colon,0,100,0,0,0,0,0,0,0,0,0,0,0,0,0,0,0,0,0,0,0,0
GF13_B4_d32,0,100,0,0,0,0,0,0,0,0,0,0,0,0,0,0,0,0,0,0,0,0
GF13_B4_d35_colon,40.01181,41.61567,18.37252,0,0,0,0,0,0,0,0,0,0,0,0,0,0,0,0,0,0,0
GF13_B5_d32,0,100,0,0,0,0,0,0,0,0,0,0,0,0,0,0,0,0,0,0,0,0
GF13_B5_d35_colon,32.49507,65.2892,2.21573,0,0,0,0,0,0,0,0,0,0,0,0,0,0,0,0,0,0,0
GF13_B5_d65_colon,0,100,0,0,0,0,0,0,0,0,0,0,0,0,0,0,0,0,0,0,0,0
GF13_B8_d65_colon,3.79619,96.20381,0,0,0,0,0,0,0,0,0,0,0,0,0,0,0,0,0,0,0,0
GF13_B9_d65_colon,0,100,0,0,0,0,0,0,0,0,0,0,0,0,0,0,0,0,0,0,0,0
GF13_inoc_200118,0,28.08557,0,0,0,0,0,0,66.7195,0,0,0,0,0,0,0,5.19493,0,0,0,0,0
GF14_A_d66_stool,59.15956,7.91636,17.46406,7.49888,0,0.50445,0,7.4567,0,0,0,0,0,0,0,0,0,0,0,0,0,0
GF14_A_Dam_d21,65.81548,8.63122,22.30588,3.24742,0,0,0,0,0,0,0,0,0,0,0,0,0,0,0,0,0,0
GF14_A1_d32,3.32998,93.18453,0.76575,2.71973,0,0,0,0,0,0,0,0,0,0,0,0,0,0,0,0,0,0
GF14_A1_d35_colon,0,100,0,0,0,0,0,0,0,0,0,0,0,0,0,0,0,0,0,0,0,0
GF14_A1_d94_stool,1.68715,95.31421,0,2.99274,0,0.00591,0,0,0,0,0,0,0,0,0,0,0,0,0,0,0,0
GF14_A1_d95_stool,5.63364,90.83359,0.4889,2.80689,0,0.23698,0,0,0,0,0,0,0,0,0,0,0,0,0,0,0,0
GF14_a1_d97_colon,0,100,0,0,0,0,0,0,0,0,0,0,0,0,0,0,0,0,0,0,0,0
GF14_A2_d32,2.29768,94.46657,0,3.23575,0,0,0,0,0,0,0,0,0,0,0,0,0,0,0,0,0,0
GF14_A2_d33,3.19899,93.91418,0,2.88683,0,0,0,0,0,0,0,0,0,0,0,0,0,0,0,0,0,0
GF14_A2_d35_colon,0,100,0,0,0,0,0,0,0,0,0,0,0,0,0,0,0,0,0,0,0,0
GF14_A2_d94_stool,0,99.91506,0,0.08494,0,0,0,0,0,0,0,0,0,0,0,0,0,0,0,0,0,0
GF14_A2_d96_16_stool,0,100,0,0,0,0,0,0,0,0,0,0,0,0,0,0,0,0,0,0,0,0
GF14_a2_d97_colon,0,99.89767,0,0,0,0,0,0,0,0,0,0,0,0,0,0.10233,0,0,0,0,0,0
GF14_A3_d32,5.38992,90.86312,0.28614,3.46083,0,0,0,0,0,0,0,0,0,0,0,0,0,0,0,0,0,0
GF14_A3_d35_colon,0,100,0,0,0,0,0,0,0,0,0,0,0,0,0,0,0,0,0,0,0,0
GF14_a3_d97_colon,0,100,0,0,0,0,0,0,0,0,0,0,0,0,0,0,0,0,0,0,0,0
GF14_A4_d32,0.44768,98.89417,0,0.65815,0,0,0,0,0,0,0,0,0,0,0,0,0,0,0,0,0,0
GF14_A4_d33,0,100,0,0,0,0,0,0,0,0,0,0,0,0,0,0,0,0,0,0,0,0
GF14_A4_d34,0,0,100,0,0,0,0,0,0,0,0,0,0,0,0,0,0,0,0,0,0,0
GF14_A4_d35_colon,0,100,0,0,0,0,0,0,0,0,0,0,0,0,0,0,0,0,0,0,0,0
GF14_A4_d94_stool,0.17085,99.27111,0,0.55803,0,0,0,0,0,0,0,0,0,0,0,0,0,0,0,0,0,0
GF14_A4_d95_stool,0.91725,97.19489,0,1.88787,0,0,0,0,0,0,0,0,0,0,0,0,0,0,0,0,0,0
GF14_a4_d97_colon,0,100,0,0,0,0,0,0,0,0,0,0,0,0,0,0,0,0,0,0,0,0
GF14_A5_d32,0.91964,97.01045,0,2.06992,0,0,0,0,0,0,0,0,0,0,0,0,0,0,0,0,0,0
GF14_A5_d35_colon,0,100,0,0,0,0,0,0,0,0,0,0,0,0,0,0,0,0,0,0,0,0
GF14_A5_d94_stool,0.05525,99.47523,0,0.46952,0,0,0,0,0,0,0,0,0,0,0,0,0,0,0,0,0,0
GF14_A5_d96_16_stool,3.81846,93.47314,0,2.7084,0,0,0,0,0,0,0,0,0,0,0,0,0,0,0,0,0,0
GF14_A5_d96_stool,1.16136,95.12579,0,3.71285,0,0,0,0,0,0,0,0,0,0,0,0,0,0,0,0,0,0
GF14_a5_d97_colon,0,100,0,0,0,0,0,0,0,0,0,0,0,0,0,0,0,0,0,0,0,0
GF14_A6_d34_colon,0.29983,97.5659,2.13427,0,0,0,0,0,0,0,0,0,0,0,0,0,0,0,0,0,0,0
GF14_A6_d94_stool,0.31496,99.48072,0,0.20431,0,0,0,0,0,0,0,0,0,0,0,0,0,0,0,0,0,0
GF14_A6_d95_stool,3.08725,91.58897,0,5.30356,0,0.02022,0,0,0,0,0,0,0,0,0,0,0,0,0,0,0,0
GF14_A6_d96_16_stool,6.07806,86.65079,0,7.27114,0,0,0,0,0,0,0,0,0,0,0,0,0,0,0,0,0,0
GF14_a6_d97_colon,0,100,0,0,0,0,0,0,0,0,0,0,0,0,0,0,0,0,0,0,0,0
GF14_A7_d32,0.80171,97.37702,0,1.82126,0,0,0,0,0,0,0,0,0,0,0,0,0,0,0,0,0,0
GF14_A7_d34,0,100,0,0,0,0,0,0,0,0,0,0,0,0,0,0,0,0,0,0,0,0
GF14_A7_d35_colon,0,100,0,0,0,0,0,0,0,0,0,0,0,0,0,0,0,0,0,0,0,0
GF14_A7_d94_stool,0.23331,98.2903,0,1.47639,0,0,0,0,0,0,0,0,0,0,0,0,0,0,0,0,0,0
GF14_A7_d95_stool,0.43687,95.99543,0,3.49862,0,0.06908,0,0,0,0,0,0,0,0,0,0,0,0,0,0,0,0
GF14_a7_d97_colon,0,100,0,0,0,0,0,0,0,0,0,0,0,0,0,0,0,0,0,0,0,0
GF14_A8_d94_stool,0.8657,97.91688,0,1.21742,0,0,0,0,0,0,0,0,0,0,0,0,0,0,0,0,0,0
GF14_A8_d96_16_stool,6.10381,88.138,0,5.75819,0,0,0,0,0,0,0,0,0,0,0,0,0,0,0,0,0,0
GF14_A8_d96_stool,1.84434,92.983,0,4.85701,0,0.31565,0,0,0,0,0,0,0,0,0,0,0,0,0,0,0,0
GF14_a8_d97_colon,0,100,0,0,0,0,0,0,0,0,0,0,0,0,0,0,0,0,0,0,0,0
GF14_Adam_d18_stool,47.3835,18.04677,26.91145,6.77855,0,0.87973,0,0,0,0,0,0,0,0,0,0,0,0,0,0,0,0
GF14_Adam_d5_stool,63.85,13.98707,16.39493,5.1,0,0.668,0,0,0,0,0,0,0,0,0,0,0,0,0,0,0,0
GF14_Adam_d51_stool,53.68442,12.65497,27.62716,6.03345,0,0,0,0,0,0,0,0,0,0,0,0,0,0,0,0,0,0
GF14_Adam_d59_stool,63.12104,12.19352,18.08584,6.21892,0,0.38067,0,0,0,0,0,0,0,0,0,0,0,0,0,0,0,0
GF14_Adam_d78_stool,46.97657,11.44346,35.02377,6.5562,0,0,0,0,0,0,0,0,0,0,0,0,0,0,0,0,0,0
GF14_Adam_d9_stool,50.98979,27.52934,17.95051,3.52683,0,0.00354,0,0,0,0,0,0,0,0,0,0,0,0,0,0,0,0
GF14_B_d66_stool,48.22223,10.79638,35.24264,5.73874,0,0,0,0,0,0,0,0,0,0,0,0,0,0,0,0,0,0
GF14_B_d78_stool,47.64134,8.44021,39.48616,4.43228,0,0,0,0,0,0,0,0,0,0,0,0,0,0,0,0,0,0
GF14_b1_d95_colon,0,100,0,0,0,0,0,0,0,0,0,0,0,0,0,0,0,0,0,0,0,0
GF14_b2_d95_colon,23.8633,32.49755,37.69838,5.94076,0,0,0,0,0,0,0,0,0,0,0,0,0,0,0,0,0,0
GF14_b3_d95_colon,43.13747,48.2305,8.63203,0,0,0,0,0,0,0,0,0,0,0,0,0,0,0,0,0,0,0
GF14_Bdam_d18_stool,51.4952,15.28068,23.43233,9.03343,0,0.75837,0,0,0,0,0,0,0,0,0,0,0,0,0,0,0,0
GF14_Bdam_d5_stool,32.78175,29.91546,30.35385,6.94894,0,0,0,0,0,0,0,0,0,0,0,0,0,0,0,0,0,0
GF14_Bdam_d51_stool,45.94174,18.14939,28.53039,7.37848,0,0,0,0,0,0,0,0,0,0,0,0,0,0,0,0,0,0
GF14_Bdam_d59_stool,58.06269,9.58703,27.14232,5.20796,0,0,0,0,0,0,0,0,0,0,0,0,0,0,0,0,0,0
GF14_Bdam_d9_stool,55.56723,19.17193,16.34638,8.90012,0,0.01433,0,0,0,0,0,0,0,0,0,0,0,0,0,0,0,0
GF14_C_d66_stool,26.76154,17.77303,39.7526,7.21346,0,0.65364,0,7.84573,0,0,0,0,0,0,0,0,0,0,0,0,0,0
GF14_c_d78_stool,43.57388,10.61586,36.15565,5.29997,0,0,0,4.35464,0,0,0,0,0,0,0,0,0,0,0,0,0,0
GF14_c1_d130_colon,0.23102,99.43245,0,0.33654,0,0,0,0,0,0,0,0,0,0,0,0,0,0,0,0,0,0
GF14_c2_d130_colon,0,99.83006,0,0.16994,0,0,0,0,0,0,0,0,0,0,0,0,0,0,0,0,0,0
GF14_c3_d130_colon,0,99.96666,0,0.03334,0,0,0,0,0,0,0,0,0,0,0,0,0,0,0,0,0,0
GF14_Cdam_d18_stool,43.08171,9.87732,35.31689,6.1202,0,0.0235,0,5.58039,0,0,0,0,0,0,0,0,0,0,0,0,0,0
GF14_cdam_d5_stool,53.04922,19.47836,17.50428,9.95007,0,0.01807,0,0,0,0,0,0,0,0,0,0,0,0,0,0,0,0
GF14_Cdam_d51_stool,36.23465,12.79491,42.7824,6.12291,0,0.5365,0,1.52863,0,0,0,0,0,0,0,0,0,0,0,0,0,0
GF14_Cdam_d59_stool,55.35457,8.35738,28.73868,4.19106,0,0.27361,0,3.0847,0,0,0,0,0,0,0,0,0,0,0,0,0,0
GF14_Cdam_d9_stool,43.47102,18.65584,25.97501,10.76301,0,0.81865,0,0.31647,0,0,0,0,0,0,0,0,0,0,0,0,0,0
GF14_d67_A1_stool,0,99.81679,0,0.18321,0,0,0,0,0,0,0,0,0,0,0,0,0,0,0,0,0,0
GF14_d67_A3_stool,0,100,0,0,0,0,0,0,0,0,0,0,0,0,0,0,0,0,0,0,0,0
GF14_d67_A4_stool,0,100,0,0,0,0,0,0,0,0,0,0,0,0,0,0,0,0,0,0,0,0
GF14_d67_A5_stool,0,100,0,0,0,0,0,0,0,0,0,0,0,0,0,0,0,0,0,0,0,0
GF14_d67_A6_stool,0,100,0,0,0,0,0,0,0,0,0,0,0,0,0,0,0,0,0,0,0,0
GF14_d67_A7_stool,0,100,0,0,0,0,0,0,0,0,0,0,0,0,0,0,0,0,0,0,0,0
GF14_d67_A8_stool,0,100,0,0,0,0,0,0,0,0,0,0,0,0,0,0,0,0,0,0,0,0
GF14_d67_A9_stool,0,100,0,0,0,0,0,0,0,0,0,0,0,0,0,0,0,0,0,0,0,0
GF14_d68_A1_colon,0,100,0,0,0,0,0,0,0,0,0,0,0,0,0,0,0,0,0,0,0,0
GF14_d68_A10_colon,0.15921,99.26074,0,0.58004,0,0,0,0,0,0,0,0,0,0,0,0,0,0,0,0,0,0
GF14_d68_A2_colon,0,100,0,0,0,0,0,0,0,0,0,0,0,0,0,0,0,0,0,0,0,0
GF14_d68_A3_colon,0,100,0,0,0,0,0,0,0,0,0,0,0,0,0,0,0,0,0,0,0,0
GF14_d68_A4_colon,0,98.71252,0,1.28748,0,0,0,0,0,0,0,0,0,0,0,0,0,0,0,0,0,0
GF14_d68_A5_colon,0,100,0,0,0,0,0,0,0,0,0,0,0,0,0,0,0,0,0,0,0,0
GF14_d68_A6_colon,0,100,0,0,0,0,0,0,0,0,0,0,0,0,0,0,0,0,0,0,0,0
GF14_d68_A7_colon,0,100,0,0,0,0,0,0,0,0,0,0,0,0,0,0,0,0,0,0,0,0
GF14_d68_A8_colon,0,100,0,0,0,0,0,0,0,0,0,0,0,0,0,0,0,0,0,0,0,0
GF14_d68_A9_colon,0,100,0,0,0,0,0,0,0,0,0,0,0,0,0,0,0,0,0,0,0,0
GF14_d89_B1_stool,0.94362,96.01039,0,3.04599,0,0,0,0,0,0,0,0,0,0,0,0,0,0,0,0,0,0
GF14_d89_B2_stool,1.08379,97.56582,0,1.35039,0,0,0,0,0,0,0,0,0,0,0,0,0,0,0,0,0,0
GF14_d89_B3_stool,1.18606,97.47673,0,1.33721,0,0,0,0,0,0,0,0,0,0,0,0,0,0,0,0,0,0
GF14_d90_B2_stool,1.0316,95.57156,0,3.39684,0,0,0,0,0,0,0,0,0,0,0,0,0,0,0,0,0,0
GF14_d90_B3_stool,2.03174,95.21931,0.55081,2.19814,0,0,0,0,0,0,0,0,0,0,0,0,0,0,0,0,0,0
GF14_d91_B2_stool,0.59381,98.46693,0,0.93926,0,0,0,0,0,0,0,0,0,0,0,0,0,0,0,0,0,0
GF14_INOC,8.17635,66.69721,6.1927,7.58309,11.2748,0,0,0.07584,0,0,0,0,0,0,0,0,0,0,0,0,0,0
GF15_A_Dam_d21,26.24605,2.36049,0,0.81905,0.26832,1.05869,0,7.98748,0,0,0,0,0,0,61.25992,0,0,0,0,0,0,0
GF15_a1_d106_stool,0.71982,92.50055,0,4.41948,0,0,0,0,0,0,0,0,0,0,2.36014,0,0,0,0,0,0,0
GF15_A1_d108_colon,0,100,0,0,0,0,0,0,0,0,0,0,0,0,0,0,0,0,0,0,0,0
GF15_A1_d35_colon,0,100,0,0,0,0,0,0,0,0,0,0,0,0,0,0,0,0,0,0,0,0
GF15_A1_d72_stool,8.18299,85.4184,0,4.5672,0,0,0,0,0,0,0,0,0,0,1.83142,0,0,0,0,0,0,0
GF15_a2_d105_stool,1.0821,81.25841,0,8.60455,0,0,0,0,0,0,0,0,0,0,9.05494,0,0,0,0,0,0,0
GF15_a2_d106_stool,13.82096,67.08513,0,13.16808,0,0,0,0,0,0,0,0,0,0,5.92582,0,0,0,0,0,0,0
GF15_A2_d108_colon,0,99.00675,0,0,0,0,0,0,0,0,0,0,0,0,0.99325,0,0,0,0,0,0,0
GF15_A2_d32,0,100,0,0,0,0,0,0,0,0,0,0,0,0,0,0,0,0,0,0,0,0
GF15_a3_d105_stool,0,84.95119,0,3.36545,0,0,0,0,0,0,0,0,0,0,11.68336,0,0,0,0,0,0,0
GF15_A3_d108_colon,0,98.28834,0,0,0,0,0,0,0,0,0,0,0,0,1.71166,0,0,0,0,0,0,0
GF15_A3_d32,0,100,0,0,0,0,0,0,0,0,0,0,0,0,0,0,0,0,0,0,0,0
GF15_A3_d35_colon,0,0,0,0,0,0,0,0,0,0,0,0,0,0,100,0,0,0,0,0,0,0
GF15_a4_d105_stool,0,98.71458,0,0.51238,0,0,0,0,0,0,0,0,0,0,0.77304,0,0,0,0,0,0,0
GF15_A4_d108_colon,0,98.60945,0,0,0,0,0,0,0,0,0,0,0,0,1.39055,0,0,0,0,0,0,0
GF15_A4_d32,1.76073,92.30685,0,3.45339,0,0.00641,0,0,0,0,0,0,0,0,2.47262,0,0,0,0,0,0,0
GF15_a5_d105_stool,3.86863,82.63935,0,11.3649,0,0,0,0,0,0,0,0,0,0,2.12712,0,0,0,0,0,0,0
GF15_A5_d108_colon,0,98.65987,0,0,0,0,0,0,0,0,0,0,0,0,1.34013,0,0,0,0,0,0,0
GF15_A5_d32,2.51627,95.62298,0,0.45719,0,0,0,0,0,0,0,0,0,0,1.40356,0,0,0,0,0,0,0
GF15_A5_d35_colon,0,0,0,100,0,0,0,0,0,0,0,0,0,0,0,0,0,0,0,0,0,0
GF15_a6_d105_stool,0.0524,94.32022,0,5.05005,0,0,0,0,0,0,0,0,0,0,0.57734,0,0,0,0,0,0,0
GF15_A6_d108_colon,0,100,0,0,0,0,0,0,0,0,0,0,0,0,0,0,0,0,0,0,0,0
GF15_A6_d32_colon,0,100,0,0,0,0,0,0,0,0,0,0,0,0,0,0,0,0,0,0,0,0
GF15_A7_d108_colon,0,94.6759,0,0,0,0,0,0,0,0,0,0,0,0,5.3241,0,0,0,0,0,0,0
GF15_a7_d74_colon,0,0,0,0,0,0,0,0,0,0,0,0,0,0,0,100,0,0,0,0,0,0
GF15_a8_d105_stool,7.64771,85.81328,0,6.05234,0,0,0,0,0,0,0,0,0,0,0.48668,0,0,0,0,0,0,0
GF15_A8_d108_colon,0,98.75455,0,0,0,0,0,0,0,0,0,0,0,0,1.24545,0,0,0,0,0,0,0
GF15_a9_d105_stool,0.51055,97.35575,0,1.7087,0,0,0,0,0,0,0,0,0,0,0.425,0,0,0,0,0,0,0
GF15_a9_d106_stool,6.39103,82.55986,0,8.86175,0,0,0,0,0,0,0,0,0,0,2.18737,0,0,0,0,0,0,0
GF15_A9_d108_colon,0,98.70839,0,0,0,0,0,0,0,0,0,0,0,0,1.29161,0,0,0,0,0,0,0
GF15_adam_d11_stool,10.67993,2.72679,0,2.95342,0,1.03901,0,7.16306,0,0,0,0,0,0,75.43778,0,0,0,0,0,0,0
GF15_adam_d18_stool,16.75356,3.56757,0,2.66475,0.67038,0.88379,0,6.8009,0,0,0,0,0,0,68.65905,0,0,0,0,0,0,0
GF15_Adam_d5_stool,12.46641,3.83891,0,1.77612,0,0.92458,0,7.28403,0,0,0,0,0,0,73.70994,0,0,0,0,0,0,0
GF15_b_d5_stool,0,0,0,0,0,0,0,0,0,0,0,0,0,0,0,100,0,0,0,0,0,0
GF15_B1_d32,4.63284,89.43693,0,3.31209,0,0,0,0,0,0,0,0,0,0,2.61814,0,0,0,0,0,0,0
GF15_B1_d35_colon,0,100,0,0,0,0,0,0,0,0,0,0,0,0,0,0,0,0,0,0,0,0
GF15_B1_d94_stool,0,98.91072,0,0.96787,0,0,0,0,0,0,0,0,0,0,0.12142,0,0,0,0,0,0,0
GF15_b1_d97_colon,0,100,0,0,0,0,0,0,0,0,0,0,0,0,0,0,0,0,0,0,0,0
GF15_b10_d94_stool,0,100,0,0,0,0,0,0,0,0,0,0,0,0,0,0,0,0,0,0,0,0
GF15_B10_d97_colon,0,100,0,0,0,0,0,0,0,0,0,0,0,0,0,0,0,0,0,0,0,0
GF15_B2_d32,3.88559,91.90997,0,2.10123,0,0,0,0,0,0,0,0,0,0,2.10322,0,0,0,0,0,0,0
GF15_B2_d33,4.58184,90.10683,0,2.33712,0,0,0,0,0,0,0,0,0,0,2.97421,0,0,0,0,0,0,0
GF15_B2_d35_colon,0,100,0,0,0,0,0,0,0,0,0,0,0,0,0,0,0,0,0,0,0,0
GF15_b2_d94_stool,0,95.71565,0,3.97744,0,0,0,0,0,0,0,0,0,0,0.30691,0,0,0,0,0,0,0
GF15_b2_d95_stool,1.48889,80.46473,0,16.94407,0,0,0,0,0,0,0,0,0,0,1.10231,0,0,0,0,0,0,0
GF15_b2_d97_colon,0,100,0,0,0,0,0,0,0,0,0,0,0,0,0,0,0,0,0,0,0,0
GF15_B3_d34,0,100,0,0,0,0,0,0,0,0,0,0,0,0,0,0,0,0,0,0,0,0
GF15_B3_d35_colon,0,100,0,0,0,0,0,0,0,0,0,0,0,0,0,0,0,0,0,0,0,0
GF15_b3_d94_stool,0,99.90739,0,0.09261,0,0,0,0,0,0,0,0,0,0,0,0,0,0,0,0,0,0
GF15_b3_d97_colon,0,100,0,0,0,0,0,0,0,0,0,0,0,0,0,0,0,0,0,0,0,0
GF15_b4_d106_stool,8.04418,81.3381,0,8.98246,0,0,0,0,0,0,0,0,0,0,1.63526,0,0,0,0,0,0,0
GF15_B4_d32,2.1612,92.68832,0,3.94313,0,0,0,0,0,0,0,0,0,0,1.20736,0,0,0,0,0,0,0
GF15_B4_d33,2.76601,92.1294,0,3.66062,0,0,0,0,0,0,0,0,0,0,1.44397,0,0,0,0,0,0,0
GF15_B4_d34,0,100,0,0,0,0,0,0,0,0,0,0,0,0,0,0,0,0,0,0,0,0
GF15_B4_d35_colon,0,99.90112,0,0,0,0,0,0,0,0,0,0,0,0,0.09888,0,0,0,0,0,0,0
GF15_b4_d96_stool,0.17656,99.66136,0,0.16208,0,0,0,0,0,0,0,0,0,0,0,0,0,0,0,0,0,0
GF15_b4_d97_colon,0,48.37514,0,51.62486,0,0,0,0,0,0,0,0,0,0,0,0,0,0,0,0,0,0
GF15_b5_d107_stool,1.45215,90.51324,0,6.31782,0,0,0,0,0,0,0,0,0,0,1.71679,0,0,0,0,0,0,0
GF15_B5_d32,0,98.14024,0,0.50869,0,0,0,0,0,0,0,0,0,0,1.35107,0,0,0,0,0,0,0
GF15_B5_d35_colon,0,100,0,0,0,0,0,0,0,0,0,0,0,0,0,0,0,0,0,0,0,0
GF15_b5_d94_stool,0,99.79318,0,0.06894,0,0,0,0,0,0,0,0,0,0,0.13788,0,0,0,0,0,0,0
GF15_b5_d95_stool,5.71708,89.04004,0,4.24791,0,0,0,0,0,0,0,0,0,0,0.99496,0,0,0,0,0,0,0
GF15_b5_d97_colon,0,100,0,0,0,0,0,0,0,0,0,0,0,0,0,0,0,0,0,0,0,0
GF15_B6_d32,0,99.88526,0,0,0,0,0,0,0,0,0,0,0,0,0.11474,0,0,0,0,0,0,0
GF15_B6_d34_colon,0,100,0,0,0,0,0,0,0,0,0,0,0,0,0,0,0,0,0,0,0,0
GF15_b6_d94_stool,0,99.74027,0,0.11953,0,0,0,0,0,0,0,0,0,0,0.1402,0,0,0,0,0,0,0
GF15_b6_d95_stool,0,99.09885,0,0.76838,0,0,0,0,0,0,0,0,0,0,0.13277,0,0,0,0,0,0,0
GF15_b6_d97_colon,0,100,0,0,0,0,0,0,0,0,0,0,0,0,0,0,0,0,0,0,0,0
GF15_B7_d32,0,100,0,0,0,0,0,0,0,0,0,0,0,0,0,0,0,0,0,0,0,0
GF15_B7_d35_colon,0,100,0,0,0,0,0,0,0,0,0,0,0,0,0,0,0,0,0,0,0,0
GF15_b7_d97_colon,0,100,0,0,0,0,0,0,0,0,0,0,0,0,0,0,0,0,0,0,0,0
GF15_b8_d94_stool,0,97.50349,0,0.69763,0,0,0,0,0,0,0,0,0,0,1.79888,0,0,0,0,0,0,0
GF15_b8_d97_colon,0,100,0,0,0,0,0,0,0,0,0,0,0,0,0,0,0,0,0,0,0,0
GF15_b9_d106_stool,0.09641,98.56422,0,0,0,0,0,0,0,0,0,0,0,0,1.33937,0,0,0,0,0,0,0
GF15_b9_d94_stool,0,95.69458,0,3.03297,0,0,0,0,0,0,0,0,0,0,1.27245,0,0,0,0,0,0,0
GF15_B9_d97_colon,0,100,0,0,0,0,0,0,0,0,0,0,0,0,0,0,0,0,0,0,0,0
GF15_bdam_d18_stool,24.86339,4.41929,0,3.98613,0.46012,0.52792,0,8.15404,0,0,0,0,0,0,57.58911,0,0,0,0,0,0,0
GF15_c_d18_stool,16.40134,3.79295,0,4.94038,0.24183,1.63481,0,8.85879,0,0,0,0,0,0,64.12989,0,0,0,0,0,0,0
GF15_c1_d105_stool,0,98.1717,0,1.8283,0,0,0,0,0,0,0,0,0,0,0,0,0,0,0,0,0,0
GF15_c1_d108_colon,0,99.04383,0,0.20128,0,0,0,0,0,0,0,0,0,0,0.75489,0,0,0,0,0,0,0
GF15_C1_d36,0,56.4929,0,42.93361,0,0,0,0,0,0,0,0,0,0,0.57349,0,0,0,0,0,0,0
GF15_C1_d37,0,85.98756,0,11.87903,0,0,0,0,0,0,0,0,0,0,2.13341,0,0,0,0,0,0,0
GF15_C1_d39_colon,0,100,0,0,0,0,0,0,0,0,0,0,0,0,0,0,0,0,0,0,0,0
GF15_c1_d74_colon,0,100,0,0,0,0,0,0,0,0,0,0,0,0,0,0,0,0,0,0,0,0
GF15_c2_d105_stool,0,95.43287,0,4.48893,0,0,0,0,0,0,0,0,0,0,0.0782,0,0,0,0,0,0,0
GF15_c2_d108_colon,0,98.81998,0,0.1436,0,0,0,0,0,0,0,0,0,0,1.03642,0,0,0,0,0,0,0
GF15_C2_d36,0,90.78979,0,9.21021,0,0,0,0,0,0,0,0,0,0,0,0,0,0,0,0,0,0
GF15_C2_d37,0.42273,89.57418,0,8.73129,0,0,0,0,0,0,0,0,0,0,1.27179,0,0,0,0,0,0,0
GF15_C2_d39_colon,0,100,0,0,0,0,0,0,0,0,0,0,0,0,0,0,0,0,0,0,0,0
GF15_c2_d73_16_stool,0,100,0,0,0,0,0,0,0,0,0,0,0,0,0,0,0,0,0,0,0,0
GF15_c2_d74_colon,0,100,0,0,0,0,0,0,0,0,0,0,0,0,0,0,0,0,0,0,0,0
GF15_c3_d108_colon,0,99.17952,0,0,0,0,0,0,0,0,0,0,0,0,0.82048,0,0,0,0,0,0,0
GF15_C3_d36,0,91.88862,0,7.48336,0,0,0,0,0,0,0,0,0,0,0.62802,0,0,0,0,0,0,0
GF15_C3_d39_colon,0,100,0,0,0,0,0,0,0,0,0,0,0,0,0,0,0,0,0,0,0,0
GF15_c4_d105_stool,3.40918,86.1993,0,9.97681,0,0,0,0,0,0,0,0,0,0,0.41471,0,0,0,0,0,0,0
GF15_c4_d108_colon,0,99.07233,0,0.01964,0,0,0,0,0,0,0,0,0,0,0.8676,0.04043,0,0,0,0,0,0
GF15_C4_d36,0,96.94756,0,2.46018,0,0,0,0,0,0,0,0,0,0,0.59226,0,0,0,0,0,0,0
GF15_C4_d37,0.27123,96.15042,0,2.15759,0,0,0,0,0,0,0,0,0,0,1.42075,0,0,0,0,0,0,0
GF15_C4_d38,0,100,0,0,0,0,0,0,0,0,0,0,0,0,0,0,0,0,0,0,0,0
GF15_C4_d39_colon,0,100,0,0,0,0,0,0,0,0,0,0,0,0,0,0,0,0,0,0,0,0
GF15_c4_d73_stool,0,99.66445,0,0.25995,0,0,0,0,0,0,0,0,0,0,0.0756,0,0,0,0,0,0,0
GF15_c4_d74_colon,0,100,0,0,0,0,0,0,0,0,0,0,0,0,0,0,0,0,0,0,0,0
GF15_c5_d105_stool,0.10842,92.40176,0,6.16041,0,0,0,0,0,0,0,0,0,0,1.3294,0,0,0,0,0,0,0
GF15_c5_d108_colon,0,97.97975,0,0,0,0,0,0,0,0,0,0,0,0,2.02025,0,0,0,0,0,0,0
GF15_C5_d36,0,70.74062,0,29.15074,0,0,0,0,0,0,0,0,0,0,0.10864,0,0,0,0,0,0,0
GF15_C5_d37,0,78.39643,0,20.72677,0,0,0,0,0,0,0,0,0,0,0.8768,0,0,0,0,0,0,0
GF15_C5_d39_colon,0,100,0,0,0,0,0,0,0,0,0,0,0,0,0,0,0,0,0,0,0,0
GF15_c5_d71_stool,0.04034,20.0779,0,6.72639,0,0,0,0,0,0,0,0,0,0,73.15538,0,0,0,0,0,0,0
GF15_c5_d74_colon,0,100,0,0,0,0,0,0,0,0,0,0,0,0,0,0,0,0,0,0,0,0
GF15_c6_d105_stool,0.10229,94.4705,0,5.31141,0,0,0,0,0,0,0,0,0,0,0.1158,0,0,0,0,0,0,0
GF15_c6_d108_colon,0,97.41859,0,0,0,0,0,0,0,0,0,0,0,0,2.58141,0,0,0,0,0,0,0
GF15_C6_d36,0,91.56987,0,8.03343,0,0,0,0,0,0,0,0,0,0,0.3967,0,0,0,0,0,0,0
GF15_C6_d39_colon,0,100,0,0,0,0,0,0,0,0,0,0,0,0,0,0,0,0,0,0,0,0
GF15_c6_d71_stool,0,97.17756,0,0.38699,0,0,0,0,0,0,0,0,0,0,2.43546,0,0,0,0,0,0,0
GF15_C6_d72_stool,0,98.0767,0,0.74597,0,0,0,0,0,0,0,0,0,0,1.17734,0,0,0,0,0,0,0
GF15_c6_d74_colon,0,100,0,0,0,0,0,0,0,0,0,0,0,0,0,0,0,0,0,0,0,0
GF15_c7_d105_stool,0,99.32134,0,0.67866,0,0,0,0,0,0,0,0,0,0,0,0,0,0,0,0,0,0
GF15_c7_d108_colon,0,98.00878,0,0,0,0,0,0,0,0,0,0,0,0,1.99122,0,0,0,0,0,0,0
GF15_c7_d72_stool,0,97.22642,0,0.6453,0,0,0,0,0,0,0,0,0,0,2.12828,0,0,0,0,0,0,0
GF15_c7_d74_colon,0,100,0,0,0,0,0,0,0,0,0,0,0,0,0,0,0,0,0,0,0,0
GF15_c8_d108_colon,0,99.36539,0,0,0,0,0,0,0,0,0,0,0,0,0.63461,0,0,0,0,0,0,0
GF15_c8_d74_colon,0,100,0,0,0,0,0,0,0,0,0,0,0,0,0,0,0,0,0,0,0,0
GF15_c9_d108_colon,0,83.60203,0,16.14859,0,0,0,0,0,0,0,0,0,0,0.24938,0,0,0,0,0,0,0
GF15_cdam_d11_stool,14.32849,3.41062,0,2.03868,0.63803,0.77249,0,7.37443,0,0,0,0,0,0,71.43727,0,0,0,0,0,0,0
GF15_cdam_d23_stool,12.89718,0.78665,0,1.77449,0.77977,1.49294,0,8.72609,0,0,0,0,0,0,73.54288,0,0,0,0,0,0,0
GF15_cdam_d5_stool,13.56804,8.07205,0,2.05436,0.66964,0.25962,0,4.40516,0,0,0,0,0,0,70.97114,0,0,0,0,0,0,0
GF15_cdam_d59_stool,44.4177,5.49624,0,3.93378,0,0,0,0.3786,0,0,0,0,0,0,45.77369,0,0,0,0,0,0,0
GF15_d67_B1_stool,0,95.23164,0,4.45422,0,0,0,0,0,0,0,0,0,0,0.31414,0,0,0,0,0,0,0
GF15_d67_B2_stool,0,99.26968,0,0.04833,0,0,0,0,0,0,0,0,0,0,0.68199,0,0,0,0,0,0,0
GF15_d67_B3_stool,0.41334,95.56444,0,2.23032,0,0,0,0,0,0,0,0,0,0,1.7919,0,0,0,0,0,0,0
GF15_d67_B4_stool,0,99.08134,0,0,0,0,0,0,0,0,0,0,0,0,0.91866,0,0,0,0,0,0,0
GF15_d67_B5_stool,0.0038,97.64,0,0.44385,0,0,0,0,0,0,0,0,0,0,1.91235,0,0,0,0,0,0,0
GF15_d67_B6_stool,0,99.90756,0,0,0,0,0,0,0,0,0,0,0,0,0.09244,0,0,0,0,0,0,0
GF15_d67_B7_stool,0,99.9118,0,0.0882,0,0,0,0,0,0,0,0,0,0,0,0,0,0,0,0,0,0
GF15_d67_B8_stool,0.02786,99.41998,0,0.30087,0,0,0,0,0,0,0,0,0,0,0.25129,0,0,0,0,0,0,0
GF15_d68_B1_colon,2.71133,94.90827,0,2.3804,0,0,0,0,0,0,0,0,0,0,0,0,0,0,0,0,0,0
GF15_d68_B2_stool,0,99.49678,0,0.05543,0,0,0,0,0,0,0,0,0,0,0.44779,0,0,0,0,0,0,0
GF15_d68_B5_colon,0,100,0,0,0,0,0,0,0,0,0,0,0,0,0,0,0,0,0,0,0,0
GF15_d68_B8_stool,0.6879,98.04813,0,0.85831,0,0,0,0,0,0,0,0,0,0,0.40566,0,0,0,0,0,0,0
GF15_d69_B2_stool,0,100,0,0,0,0,0,0,0,0,0,0,0,0,0,0,0,0,0,0,0,0
GF15_d69_B9_stool,0,100,0,0,0,0,0,0,0,0,0,0,0,0,0,0,0,0,0,0,0,0
GF15_d70_B2_colon,0,100,0,0,0,0,0,0,0,0,0,0,0,0,0,0,0,0,0,0,0,0
GF15_d70_B4_colon,0,100,0,0,0,0,0,0,0,0,0,0,0,0,0,0,0,0,0,0,0,0
GF15_d70_B6_colon,0,100,0,0,0,0,0,0,0,0,0,0,0,0,0,0,0,0,0,0,0,0
GF15_d70_B7_colon,0,100,0,0,0,0,0,0,0,0,0,0,0,0,0,0,0,0,0,0,0,0
GF15_d70_B8_colon,0,100,0,0,0,0,0,0,0,0,0,0,0,0,0,0,0,0,0,0,0,0
GF15_d70_B9_colon,0,100,0,0,0,0,0,0,0,0,0,0,0,0,0,0,0,0,0,0,0,0
GF15_d71_A1_stool,0,99.19541,0,0.11866,0,0,0,0,0,0,0,0,0,0,0.68593,0,0,0,0,0,0,0
GF15_d71_A3_stool,0,87.59486,0,11.51468,0,0,0,0,0,0,0,0,0,0,0.89046,0,0,0,0,0,0,0
GF15_d71_A4_stool,0,100,0,0,0,0,0,0,0,0,0,0,0,0,0,0,0,0,0,0,0,0
GF15_d71_A5_stool,0,100,0,0,0,0,0,0,0,0,0,0,0,0,0,0,0,0,0,0,0,0
GF15_d71_A6_stool,0,97.7925,0,1.37374,0,0,0,0,0,0,0,0,0,0,0.83377,0,0,0,0,0,0,0
GF15_d71_A7_stool,0.02993,98.56711,0,0.68107,0,0,0,0,0,0,0,0,0,0,0.72189,0,0,0,0,0,0,0
GF15_d71_A8_stool,0,95.21037,0,2.48143,0,0,0,0,0,0,0,0,0,0,2.3082,0,0,0,0,0,0,0
GF15_d71_C2_stool,0,91.02612,0,8.23437,0,0,0,0,0,0,0,0,0,0,0.73952,0,0,0,0,0,0,0
GF15_d71_C3_stool,0.23003,82.68131,0,16.52142,0,0,0,0,0,0,0,0,0,0,0.56724,0,0,0,0,0,0,0
GF15_d71_C4_stool,0,99.77378,0,0,0,0,0,0,0,0,0,0,0,0,0.22622,0,0,0,0,0,0,0
GF15_INOC,1.63877,3.65098,0,31.57705,0.63018,34.17622,0,19.2124,0.20551,0,0,0,0,0,8.9089,0,0,0,0,0,0,0
GF16_A1_d32,0,48.59238,0,51.40762,0,0,0,0,0,0,0,0,0,0,0,0,0,0,0,0,0,0
GF16_A1_d35_colon,0,0,0,0,0,0,0,0,0,0,0,0,0,0,0,100,0,0,0,0,0,0
GF16_A2_d32,0,0,0,100,0,0,0,0,0,0,0,0,0,0,0,0,0,0,0,0,0,0
GF16_A2_d35_colon,0,43.94071,0,56.05929,0,0,0,0,0,0,0,0,0,0,0,0,0,0,0,0,0,0
GF16_A3_d32,0,10.89183,0,89.10817,0,0,0,0,0,0,0,0,0,0,0,0,0,0,0,0,0,0
GF16_A3_d34,19.88291,15.19859,0,64.9185,0,0,0,0,0,0,0,0,0,0,0,0,0,0,0,0,0,0
GF16_A3_d35_colon,0,0,0,100,0,0,0,0,0,0,0,0,0,0,0,0,0,0,0,0,0,0
GF16_a4_d100_stool,4.65269,33.57036,0,61.77695,0,0,0,0,0,0,0,0,0,0,0,0,0,0,0,0,0,0
GF16_A4_d32,0,41.36695,0,58.63305,0,0,0,0,0,0,0,0,0,0,0,0,0,0,0,0,0,0
GF16_A5_d32,0,0,0,100,0,0,0,0,0,0,0,0,0,0,0,0,0,0,0,0,0,0
GF16_A6_d32,0,20.53897,0,79.46103,0,0,0,0,0,0,0,0,0,0,0,0,0,0,0,0,0,0
GF16_A6_d33,0,12.82756,0,87.17244,0,0,0,0,0,0,0,0,0,0,0,0,0,0,0,0,0,0
GF16_A6_d35_colon,0,0,0,100,0,0,0,0,0,0,0,0,0,0,0,0,0,0,0,0,0,0
GF16_A7_d32,0,26.98626,0,73.01374,0,0,0,0,0,0,0,0,0,0,0,0,0,0,0,0,0,0
GF16_A7_d34,0,3.53153,0,96.46847,0,0,0,0,0,0,0,0,0,0,0,0,0,0,0,0,0,0
GF16_Adam_d21,75.16514,0,0,18.42038,0,0,0,0,0,5.53117,0,0,0,0,0,0,0,0.88331,0,0,0,0
GF16_B1_d32,0,0,0,100,0,0,0,0,0,0,0,0,0,0,0,0,0,0,0,0,0,0
GF16_B2_d32,0,0,0,100,0,0,0,0,0,0,0,0,0,0,0,0,0,0,0,0,0,0
GF16_B2_d34,21.81735,67.71461,0,6.23082,0,0.14211,0,0,0,0,0,0,0,0,4.09511,0,0,0,0,0,0,0
GF16_B5_d32,0,44.39051,0,55.60949,0,0,0,0,0,0,0,0,0,0,0,0,0,0,0,0,0,0
GF16_B5_d33_colon,0,29.27045,0,70.72955,0,0,0,0,0,0,0,0,0,0,0,0,0,0,0,0,0,0
GF16_B6_d32,0,17.16373,0,82.83627,0,0,0,0,0,0,0,0,0,0,0,0,0,0,0,0,0,0
GF16_c1_d105_stool,0,0.4632,0,99.5368,0,0,0,0,0,0,0,0,0,0,0,0,0,0,0,0,0,0
GF16_C1_d34,100,0,0,0,0,0,0,0,0,0,0,0,0,0,0,0,0,0,0,0,0,0
GF16_C1_d35_colon,0.19531,1.27653,0,98.52817,0,0,0,0,0,0,0,0,0,0,0,0,0,0,0,0,0,0
GF16_c1_d67_stool,0,41.7675,0,58.2325,0,0,0,0,0,0,0,0,0,0,0,0,0,0,0,0,0,0
GF16_c1_d69_stool,0,0,0,95.05831,0,0,0,0,0,0,0,0,0,0,0.90106,2.70888,0,1.33174,0,0,0,0
GF16_c10_d105_stool,0,0,0,100,0,0,0,0,0,0,0,0,0,0,0,0,0,0,0,0,0,0
GF16_c10_d106_stool,0,0,0,100,0,0,0,0,0,0,0,0,0,0,0,0,0,0,0,0,0,0
GF16_c2_d105_stool,0,0,0,100,0,0,0,0,0,0,0,0,0,0,0,0,0,0,0,0,0,0
GF16_C2_d32,0,5.8537,0,94.1463,0,0,0,0,0,0,0,0,0,0,0,0,0,0,0,0,0,0
GF16_C2_d35_colon,0,37.33313,0,62.66687,0,0,0,0,0,0,0,0,0,0,0,0,0,0,0,0,0,0
GF16_c2_d67_stool,0,47.60953,0,52.2654,0,0,0,0,0,0.12507,0,0,0,0,0,0,0,0,0,0,0,0
GF16_c2_d68_stool,0,34.37544,0,65.62456,0,0,0,0,0,0,0,0,0,0,0,0,0,0,0,0,0,0
GF16_c2_d69_stool,0,21.96918,0,76.46044,0,0,0,0,0,1.57038,0,0,0,0,0,0,0,0,0,0,0,0
GF16_c3_d105_stool,0,6.11221,0,93.24067,0,0,0,0,0,0.64712,0,0,0,0,0,0,0,0,0,0,0,0
GF16_C3_d32,0,29.13137,0,70.86863,0,0,0,0,0,0,0,0,0,0,0,0,0,0,0,0,0,0
GF16_C3_d33,0,49.97307,0,50.02693,0,0,0,0,0,0,0,0,0,0,0,0,0,0,0,0,0,0
GF16_C3_d35_colon,0,52.32714,0,47.67286,0,0,0,0,0,0,0,0,0,0,0,0,0,0,0,0,0,0
GF16_c3_d67_stool,0,69.34372,0,30.65628,0,0,0,0,0,0,0,0,0,0,0,0,0,0,0,0,0,0
GF16_c4_d105_stool,0,0,0,100,0,0,0,0,0,0,0,0,0,0,0,0,0,0,0,0,0,0
GF16_C4_d33,1.32803,9.9767,0,84.92995,0,0,0,0,0,3.76533,0,0,0,0,0,0,0,0,0,0,0,0
GF16_C4_d34,95.89315,0,0,4.10685,0,0,0,0,0,0,0,0,0,0,0,0,0,0,0,0,0,0
GF16_C4_d35_colon,0,50.22141,0,49.77859,0,0,0,0,0,0,0,0,0,0,0,0,0,0,0,0,0,0
GF16_c4_d67_stool,0,55.5187,0,44.4813,0,0,0,0,0,0,0,0,0,0,0,0,0,0,0,0,0,0
GF16_c4_d69_stool,0,51.64967,0,48.35033,0,0,0,0,0,0,0,0,0,0,0,0,0,0,0,0,0,0
GF16_c5_d105_stool,0,0,0,100,0,0,0,0,0,0,0,0,0,0,0,0,0,0,0,0,0,0
GF16_C5_d32,0,16.58157,0,83.41843,0,0,0,0,0,0,0,0,0,0,0,0,0,0,0,0,0,0
GF16_C5_d35_colon,0,46.8492,0,53.1508,0,0,0,0,0,0,0,0,0,0,0,0,0,0,0,0,0,0
GF16_c5_d67_stool,0,35.72967,0,64.27033,0,0,0,0,0,0,0,0,0,0,0,0,0,0,0,0,0,0
GF16_c5_d68_stool,0,33.2506,0,66.7494,0,0,0,0,0,0,0,0,0,0,0,0,0,0,0,0,0,0
GF16_c6_d105_stool,0,2.88226,0,97.11774,0,0,0,0,0,0,0,0,0,0,0,0,0,0,0,0,0,0
GF16_c7_d105_stool,0,0,0,100,0,0,0,0,0,0,0,0,0,0,0,0,0,0,0,0,0,0
GF16_inoc_200622,9.29025,0,0.00562,76.52548,0,0,0,0,0,12.1128,0,0,0,0,1.7771,0,0,0.28876,0,0,0,0
GF17_a1_d31_stool,0.50008,98.80712,0,0.6928,0,0,0,0,0,0,0,0,0,0,0,0,0,0,0,0,0,0
GF17_a2_d31_stool,3.0092,95.99259,0,0.99821,0,0,0,0,0,0,0,0,0,0,0,0,0,0,0,0,0,0
GF17_a3_d31_stool,1.16098,98.49462,0,0.3444,0,0,0,0,0,0,0,0,0,0,0,0,0,0,0,0,0,0
GF17_a4_d31_stool,0,99.86258,0,0.13742,0,0,0,0,0,0,0,0,0,0,0,0,0,0,0,0,0,0
GF17_a5_d31_stool,0.05085,99.64987,0,0.29929,0,0,0,0,0,0,0,0,0,0,0,0,0,0,0,0,0,0
GF17_a6_d31_stool,0,98.24473,0,0.05218,0,0,0,0,1.70309,0,0,0,0,0,0,0,0,0,0,0,0,0
GF17_a7_d31_stool,0,100,0,0,0,0,0,0,0,0,0,0,0,0,0,0,0,0,0,0,0,0
GF17_b2_d31_stool,0,99.66418,0,0,0,0,0,0,0.33582,0,0,0,0,0,0,0,0,0,0,0,0,0
GF17_b3_d31_stool,0,100,0,0,0,0,0,0,0,0,0,0,0,0,0,0,0,0,0,0,0,0
GF17_b6_d31_stool,0.08218,99.91782,0,0,0,0,0,0,0,0,0,0,0,0,0,0,0,0,0,0,0,0
GF17_inoc_200903,0,66.24378,0,0,0,0,0,0,32.4877,0,0,0,0,0,0,0,1.26851,0,0,0,0,0
GF18_a1_d32_stool,0.91684,97.91249,0.05003,1.12064,0,0,0,0,0,0,0,0,0,0,0,0,0,0,0,0,0,0
GF18_a1_d33_stool,36.92416,53.09023,9.23303,0.75258,0,0,0,0,0,0,0,0,0,0,0,0,0,0,0,0,0,0
GF18_a1_d35_colon,0,0,4.31304,95.68696,0,0,0,0,0,0,0,0,0,0,0,0,0,0,0,0,0,0
GF18_a2_d33_stool,0,99.89463,0,0.10537,0,0,0,0,0,0,0,0,0,0,0,0,0,0,0,0,0,0
GF18_a2_d35_colon,0,0,0,9.99751,0,0,0,0,0,0,0,0,0,0,0,90.00249,0,0,0,0,0,0
GF18_a2_d54_colon,5.77211,69.1438,17.03681,8.04728,0,0,0,0,0,0,0,0,0,0,0,0,0,0,0,0,0,0
GF18_a3_d35_colon,0,68.5905,0,31.4095,0,0,0,0,0,0,0,0,0,0,0,0,0,0,0,0,0,0
GF18_a3_d54_colon,8.86191,74.3342,13.99392,2.80997,0,0,0,0,0,0,0,0,0,0,0,0,0,0,0,0,0,0
GF18_a4_d32_stool,1.18171,98.31302,0,0.50527,0,0,0,0,0,0,0,0,0,0,0,0,0,0,0,0,0,0
GF18_a4_d33_stool,29.28812,49.1073,20.73127,0.87331,0,0,0,0,0,0,0,0,0,0,0,0,0,0,0,0,0,0
GF18_a4_d35_colon,0.30403,0,0,99.69597,0,0,0,0,0,0,0,0,0,0,0,0,0,0,0,0,0,0
GF18_a4_d54_colon,0,98.23824,0,1.29312,0,0,0,0,0,0,0,0,0,0,0,0.46864,0,0,0,0,0,0
GF18_a5_d54_colon,9.48275,82.48128,2.95287,5.0831,0,0,0,0,0,0,0,0,0,0,0,0,0,0,0,0,0,0
GF18_adam_d33_stoolsoln,6.34234,0.05997,10.79604,82.66301,0,0,0,0.13864,0,0,0,0,0,0,0,0,0,0,0,0,0,0
GF18_b3_d32_stool,0.14947,99.85053,0,0,0,0,0,0,0,0,0,0,0,0,0,0,0,0,0,0,0,0
GF18_b3_d33_stool,7.38146,87.83785,4.21408,0.56661,0,0,0,0,0,0,0,0,0,0,0,0,0,0,0,0,0,0
GF18_b3_d35_colon,0,100,0,0,0,0,0,0,0,0,0,0,0,0,0,0,0,0,0,0,0,0
GF18_b4_d32_stool,1.15122,98.19181,0,0.65696,0,0,0,0,0,0,0,0,0,0,0,0,0,0,0,0,0,0
GF18_b4_d35_colon,0,99.66706,0.33294,0,0,0,0,0,0,0,0,0,0,0,0,0,0,0,0,0,0,0
GF18_bdam_d33_stoolsoln,1.89779,90.73912,6.81325,0.36124,0,0.18861,0,0,0,0,0,0,0,0,0,0,0,0,0,0,0,0
GF18_d0_innoculum,3.60809,25.9294,2.15677,63.64853,4.65721,0,0,0,0,0,0,0,0,0,0,0,0,0,0,0,0,0
GF2_A_dam_d33,6.38128,0,0,10.72864,0,0,0,0,0,0,0,0,0,0,82.89008,0,0,0,0,0,0,0
GF2_A_dam_day19,68.28077,3.83797,0,3.03895,0.72458,0,0,0,0,0,0,0,0,0,24.11772,0,0,0,0,0,0,0
GF2_A_dam_day29,0.62194,0,0,48.66391,0,0,0,0,0,0,0,0,0,0,50.71415,0,0,0,0,0,0,0
GF2_A_day1_dad,60.25323,21.39367,0,18.3531,0,0,0,0,0,0,0,0,0,0,0,0,0,0,0,0,0,0
GF2_A_day1_mom,39.24553,44.23391,0,16.52056,0,0,0,0,0,0,0,0,0,0,0,0,0,0,0,0,0,0
GF2_A1_d37,48.98064,3.29228,0,1.54566,10.88429,0.41179,0,0.7294,0,0,0,0,0,0,34.15594,0,0,0,0,0,0,0
GF2_A1_d39,72.78351,25.97154,0,0.99044,0,0,0,0,0,0,0,0,0,0,0.25451,0,0,0,0,0,0,0
GF2_A1_day28,0,99.86509,0,0.13491,0,0,0,0,0,0,0,0,0,0,0,0,0,0,0,0,0,0
GF2_A1_day29,1.44085,96.55371,0,1.32712,0,0,0,0,0,0,0,0,0,0,0.67832,0,0,0,0,0,0,0
GF2_A1_day30,0,100,0,0,0,0,0,0,0,0,0,0,0,0,0,0,0,0,0,0,0,0
GF2_A1_day31,63.14717,22.77549,0,2.2321,0,0,0,0,0,0,0,0,0,0,11.84523,0,0,0,0,0,0,0
GF2_A1_day32,0,90.91001,0,7.43609,0,0,0,0,0,0,0,0,0,0,1.65389,0,0,0,0,0,0,0
GF2_A1_day41,57.21899,34.66396,0,0.44079,0,0,0,0,0,0,0,0,0,0,7.67627,0,0,0,0,0,0,0
GF2_A1_day42,25.29663,72.03856,0,0.86926,0,0,0,0,0,0,0,0,0,0,1.79555,0,0,0,0,0,0,0
GF2_A1_day44,0.88617,95.55142,0,2.3056,0,0,0,0,0,0,0,0,0,0,1.2568,0,0,0,0,0,0,0
GF2_A2_Colon,12.00338,71.33706,0,0.28807,0,0,0,0,0,0,0,0,0,0,16.37148,0,0,0,0,0,0,0
GF2_A2_d36,86.1113,11.447,0,0.74478,0,0,0,0,0,0,0,0,0,0,1.69692,0,0,0,0,0,0,0
GF2_A2_D37,71.23591,10.27526,0,16.186,0,0,0,0,0,0,0,0,0,0,2.30283,0,0,0,0,0,0,0
GF2_A2_d39,84.79906,13.30992,0,1.75912,0,0,0,0,0,0,0,0,0,0,0.1319,0,0,0,0,0,0,0
GF2_A2_day28,0,100,0,0,0,0,0,0,0,0,0,0,0,0,0,0,0,0,0,0,0,0
GF2_A2_day29,0.06597,99.47382,0,0.29676,0,0,0,0,0,0,0,0,0,0,0.16344,0,0,0,0,0,0,0
GF2_A2_day30,43.35946,10.46707,0,2.36287,0,0,0,0,0,0,0,0,0,0,43.81059,0,0,0,0,0,0,0
GF2_A2_day31,0,97.34645,0,2.30904,0,0,0,0,0,0,0,0,0,0,0.34451,0,0,0,0,0,0,0
GF2_A2_day32,43.66562,6.62315,0,3.0656,0,0,0,0,0,0,0,0,0,0,46.64562,0,0,0,0,0,0,0
GF2_A2_day34,47.06653,4.89677,0,3.51452,5.92886,7.07304,0,7.63442,0,0,0,0,0,0,23.88586,0,0,0,0,0,0,0
GF2_A2_day41,69.54817,28.75756,0,0.19186,0,0,0,0,0,0,0,0,0,0,1.50241,0,0,0,0,0,0,0
GF2_A2_day42,25.63496,69.44279,0,1.716,0,0,0,0,0,0,0,0,0,0,3.20625,0,0,0,0,0,0,0
GF2_A2_day44,23.78967,50.10838,0,4.1636,0,0,0,0,0,0,0,0,0,0,21.93835,0,0,0,0,0,0,0
GF2_A25_N713,63.93361,5.14597,17.82531,2.03167,4.894,2.82751,0,3.34193,0,0,0,0,0,0,0,0,0,0,0,0,0,0
GF2_A3_Colon,24.49815,43.2139,0,1.01388,0,0,0,0.11746,0,0,0,0,0,0,31.15661,0,0,0,0,0,0,0
GF2_A3_d37,77.32429,7.81972,0,0.46853,0,0,0,0,0,0,0,0,0,0,14.38746,0,0,0,0,0,0,0
GF2_A3_d39,55.9212,14.11051,0,0.04571,0,0,0,0,0,0,0,0,0,0,29.92258,0,0,0,0,0,0,0
GF2_A3_day28,0,100,0,0,0,0,0,0,0,0,0,0,0,0,0,0,0,0,0,0,0,0
GF2_A3_day30,39.75465,13.95962,0,4.92485,0,0,0,0,0,0,0,0,0,0,41.36087,0,0,0,0,0,0,0
GF2_A3_day32,25.83365,8.12027,0,2.00644,0,0,0,0,0,0,0,0,0,0,64.03964,0,0,0,0,0,0,0
GF2_A3_day41,33.80002,12.79232,0,0.49644,4.43839,0.37319,0,0,0,0,0,0,0,0,48.09963,0,0,0,0,0,0,0
GF2_A3_day42,4.02063,93.71266,0,1.35849,0,0,0,0,0,0,0,0,0,0,0.90822,0,0,0,0,0,0,0
GF2_A4_Colon,12.282,84.86975,0,0,0,0,0,0,0,0,0,0,0,0,2.84825,0,0,0,0,0,0,0
GF2_A4_d36,38.14693,4.21137,0,2.00022,0,0,0,0,0,0,0,0,0,0,55.64148,0,0,0,0,0,0,0
GF2_A4_d37,79.69398,17.38089,0,2.44314,0,0,0,0,0,0,0,0,0,0,0.48198,0,0,0,0,0,0,0
GF2_A4_D39,75.57091,23.39365,0,0.54994,0,0,0,0,0,0,0,0,0,0,0.4855,0,0,0,0,0,0,0
GF2_A4_day28,0,99.82786,0,0.17214,0,0,0,0,0,0,0,0,0,0,0,0,0,0,0,0,0,0
GF2_A4_day29,1.55802,96.7624,0,1.08253,0,0,0,0,0,0,0,0,0,0,0.59705,0,0,0,0,0,0,0
GF2_A4_day30,34.74512,10.44636,0,2.07135,0,0,0,0,0,0,0,0,0,0,52.73717,0,0,0,0,0,0,0
GF2_A4_day31,0,98.21168,0,1.78832,0,0,0,0,0,0,0,0,0,0,0,0,0,0,0,0,0,0
GF2_A4_day32,38.58507,9.025,0,2.39137,0,0,0,0,0,0,0,0,0,0,49.99856,0,0,0,0,0,0,0
GF2_A4_day41,43.83025,3.88894,0,0.44257,3.39859,0,0,0,0,0,0,0,0,0,48.43964,0,0,0,0,0,0,0
GF2_A4_day42,12.65769,75.24878,0,0.81482,0,0,0,0,0,0,0,0,0,0,11.27871,0,0,0,0,0,0,0
GF2_A4_day44,0.49595,86.81371,0,9.3906,0,0,0,0,0,0,0,0,0,0,3.29974,0,0,0,0,0,0,0
GF2_A5_Colon,3.81454,90.43702,0,0.0555,0,0,0,0.03235,0,0,0,0,0,0,5.66059,0,0,0,0,0,0,0
GF2_A5_d39,47.25242,13.18324,0,0.40158,0,0,0,0,0,0,0,0,0,0,39.16276,0,0,0,0,0,0,0
GF2_A5_day28,0,100,0,0,0,0,0,0,0,0,0,0,0,0,0,0,0,0,0,0,0,0
GF2_A5_day31,0.29,79.78871,0,19.12273,0,0,0,0,0,0,0,0,0,0,0.79856,0,0,0,0,0,0,0
GF2_A5_day32,0,89.62785,0,9.78022,0,0,0,0,0,0,0,0,0,0,0.59193,0,0,0,0,0,0,0
GF2_A5_day42,27.47152,46.74658,0,1.10749,0,0,0,0,0,0,0,0,0,0,24.67441,0,0,0,0,0,0,0
GF2_A6_Colon,22.5806,77.4194,0,0,0,0,0,0,0,0,0,0,0,0,0,0,0,0,0,0,0,0
GF2_A6_d33,42.15903,4.35326,0,2.25316,9.82095,4.72025,0,5.90249,0,0,0,0,0,0,30.79086,0,0,0,0,0,0,0
GF2_A6_d36,50.03142,2.98475,0,2.47987,0,0,0,0,0,0,0,0,0,0,44.50396,0,0,0,0,0,0,0
GF2_A6_d37,85.78309,8.11857,0,1.92221,0,0,0,0,0,0,0,0,0,0,4.17614,0,0,0,0,0,0,0
GF2_A6_D39,81.61915,16.89137,0,1.21138,0,0,0,0,0,0,0,0,0,0,0.27811,0,0,0,0,0,0,0
GF2_A6_day28,0.01806,99.24154,0,0.7404,0,0,0,0,0,0,0,0,0,0,0,0,0,0,0,0,0,0
GF2_A6_day29,0.38456,96.5628,0,1.76165,0,0,0,0,0,0,0,0,0,0,1.29099,0,0,0,0,0,0,0
GF2_A6_day30,34.70881,12.50334,0,1.25683,0,0,0,0.03211,0,0,0,0,0,0,51.4989,0,0,0,0,0,0,0
GF2_A6_day31,0.55536,39.93139,0,42.23421,0,0,0,0,0,0,0,0,0,0,17.27904,0,0,0,0,0,0,0
GF2_A6_day32,0.16327,89.50372,0,10.33301,0,0,0,0,0,0,0,0,0,0,0,0,0,0,0,0,0,0
GF2_A6_day44,71.07475,14.22992,0,1.28484,0,0.51358,0,0,0,0,0,0,0,0,12.89691,0,0,0,0,0,0,0
GF2_B_dam_d33,42.60281,2.56482,0,1.49502,3.90827,0.02255,0,0,0,0,0,0,0,0,49.40654,0,0,0,0,0,0,0
GF2_B_dam_day19,39.87914,1.08947,0,1.16269,13.83046,0.04466,0,0.6714,0,0,0,0,0,0,43.32219,0,0,0,0,0,0,0
GF2_B_dam_day37,49.19735,0.85979,0,0.33365,11.31129,0.16464,0,0.62629,0,0,0,0,0,0,37.50699,0,0,0,0,0,0,0
GF2_B_day1_dad,63.47724,15.66318,0,20.85959,0,0,0,0,0,0,0,0,0,0,0,0,0,0,0,0,0,0
GF2_B_day1_mom,46.94877,31.8902,0,21.16103,0,0,0,0,0,0,0,0,0,0,0,0,0,0,0,0,0,0
GF2_B_Sire_day23,43.54844,1.50686,0,0.66007,10.6439,1.98912,0,5.3332,0,0,0,0,0,0,36.31841,0,0,0,0,0,0,0
GF2_B1_d34,40.0786,4.41035,0,3.08676,0,0,0,0,0,0,0,0,0,0,52.42429,0,0,0,0,0,0,0
GF2_B1_d35,86.79632,3.21229,0,0,0,0,0,0,0,0,0,0,0,0,9.99139,0,0,0,0,0,0,0
GF2_B1_day29,41.01897,23.28325,0,2.25889,0,0,0,0,0,0,0,0,0,0,33.43889,0,0,0,0,0,0,0
GF2_B1_day32,51.32397,5.63919,0,1.60186,0,0,0,0,0,0,0,0,0,0,41.43498,0,0,0,0,0,0,0
GF2_B1_day37,47.30266,1.87587,0,0.15483,0,0,0,0,0,0,0,0,0,0,50.66664,0,0,0,0,0,0,0
GF2_B1_day41,36.99733,8.92937,0,0.44697,5.48205,0,0,0,0,0,0,0,0,0,48.14428,0,0,0,0,0,0,0
GF2_B1_day44,56.01847,17.11965,0,1.04691,2.52627,0.82003,0,0.0894,0,0,0,0,0,0,22.37926,0,0,0,0,0,0,0
GF2_B2_d35,57.0802,4.2889,0,1.36325,0,0,0,0,0,0,0,0,0,0,37.26765,0,0,0,0,0,0,0
GF2_B2_day27,2.84667,95.07544,0,0.8063,0,0,0,0,0,0,0,0,0,0,1.27159,0,0,0,0,0,0,0
GF2_B2_day28,3.19583,94.14163,0,1.47821,0,0,0,0,0,0,0,0,0,0,1.18433,0,0,0,0,0,0,0
GF2_B2_day29,30.4534,65.81719,0,0.7165,0,0.78917,0,0,0,0,0,0,0,0,2.22375,0,0,0,0,0,0,0
GF2_B2_day30,75.92595,20.02459,0,1.68339,0,0.10151,0,0,0,0,0,0,0,0,2.26456,0,0,0,0,0,0,0
GF2_B2_day31,96.14445,2.75525,0,0.53143,0,0,0,0,0,0,0,0,0,0,0.56887,0,0,0,0,0,0,0
GF2_B2_day37,48.82386,3.01872,0,0.13582,0,0,0,0,0,0,0,0,0,0,48.0216,0,0,0,0,0,0,0
GF2_B2_day41,16.09336,53.05626,0,8.31744,2.01842,0,0,0,0,0,0,0,0,0,20.51453,0,0,0,0,0,0,0
GF2_B2_day44,35.12451,15.4622,0,0.77927,9.22487,0.07928,0,0,0,0,0,0,0,0,39.32985,0,0,0,0,0,0,0
GF2_B3_d35,90.18833,9.03369,0,0.18768,0,0,0,0,0,0,0,0,0,0,0.5903,0,0,0,0,0,0,0
GF2_B3_day27,2.78844,94.91409,0,1.09889,0,0,0,0,0,0,0,0,0,0,1.19857,0,0,0,0,0,0,0
GF2_B3_day28,14.51982,83.38033,0,0.98406,0,0,0,0,0,0,0,0,0,0,1.11578,0,0,0,0,0,0,0
GF2_B3_day31,92.28439,6.34928,0,0.45948,0,0,0,0,0,0,0,0,0,0,0.90685,0,0,0,0,0,0,0
GF2_B3_day37,51.42264,1.99749,0,0,0,0,0,0,0,0,0,0,0,0,46.57987,0,0,0,0,0,0,0
GF2_B3_day41,35.30574,6.11926,0,0.21272,3.70784,0,0,0,0,0,0,0,0,0,54.65444,0,0,0,0,0,0,0
GF2_B3_day44,65.10451,32.90212,0,0.41444,0.02488,0,0,0,0,0,0,0,0,0,1.55405,0,0,0,0,0,0,0
GF2_B4_d35,92.6885,7.11777,0,0.19373,0,0,0,0,0,0,0,0,0,0,0,0,0,0,0,0,0,0
GF2_B4_day27,0.58599,95.59544,0,2.394,0,0,0,0,0,0,0,0,0,0,1.42458,0,0,0,0,0,0,0
GF2_B4_day28,42.47949,7.32709,0,2.10006,0,0,0,0,0,0,0,0,0,0,48.09335,0,0,0,0,0,0,0
GF2_B4_day29,30.16701,63.98716,0,2.23211,0,0.77983,0,0,0,0,0,0,0,0,2.83389,0,0,0,0,0,0,0
GF2_B4_day32,60.71961,2.80859,0,1.14498,5.66293,3.18858,0,3.12455,0,0,0,0,0,0,23.35075,0,0,0,0,0,0,0
GF2_B4_day37,60.29339,0.75097,0,0,0,0,0,0,0,0,0,0,0,0,38.95564,0,0,0,0,0,0,0
GF2_B4_day41,0,99.97767,0,0,0.02233,0,0,0,0,0,0,0,0,0,0,0,0,0,0,0,0,0
GF2_B5_d34,45.92271,2.39165,0,2.44625,0,0,0,0,0,0,0,0,0,0,49.23939,0,0,0,0,0,0,0
GF2_B5_d35,60.04452,3.17103,0,0,0,0,0,0,0,0,0,0,0,0,36.78445,0,0,0,0,0,0,0
GF2_B5_day27,46.24547,8.58092,0,2.01816,0,0,0,0,0,0,0,0,0,0,43.15546,0,0,0,0,0,0,0
GF2_B5_day28,6.66109,78.48187,0,13.04748,0.21554,0,0,0,0,0,0,0,0,0,1.59401,0,0,0,0,0,0,0
GF2_B5_day29,29.33095,49.67742,0,8.29176,0,6.01853,0,0.70512,0,0,0,0,0,0,5.97623,0,0,0,0,0,0,0
GF2_B5_day30,85.79276,12.22318,0,1.38155,0,0.04413,0,0,0,0,0,0,0,0,0.55838,0,0,0,0,0,0,0
GF2_B5_day31,93.71832,5.82891,0,0.11143,0,0.11846,0,0,0,0,0,0,0,0,0.22288,0,0,0,0,0,0,0
GF2_B5_day37,39.84493,3.44838,0,0.23473,1.16735,0,0,0,0,0,0,0,0,0,55.30461,0,0,0,0,0,0,0
GF2_B5_day41,19.18605,50.24326,0,6.4659,1.7226,0,0,0,0,0,0,0,0,0,22.38218,0,0,0,0,0,0,0
GF2_B5_day44,32.89294,3.90055,0,0.74497,6.6713,1.31851,0,0.0577,0,0,0,0,0,0,54.41403,0,0,0,0,0,0,0
GF2_colon_A1_day45,8.2424,86.75222,0,0,0,0,0,0,0,0,0,0,0,0,5.00538,0,0,0,0,0,0,0
GF2_colon_B1_day44,81.32045,11.31415,0,0,0,0,0,0,0,0,0,0,0,0,7.3654,0,0,0,0,0,0,0
GF2_colon_B2_day44,78.555,12.55188,0,0.17645,0.12128,0.00858,0,0,0,0,0,0,0,0,8.5868,0,0,0,0,0,0,0
GF2_colon_B3_day44,18.81897,43.27673,0,0,2.56377,0.77458,0,1.04153,0,0,0,0,0,0,33.52442,0,0,0,0,0,0,0
GF2_colon_B5_day44,76.06365,12.3522,0,1.04444,0.69137,0.06016,0,0,0,0,0,0,0,0,9.78818,0,0,0,0,0,0,0
GF2_Inoc,4.41914,6.98871,0,26.79277,0.91944,36.41543,0,15.11897,0.49707,0,0,0,0,0,8.84848,0,0,0,0,0,0,0
GF20_d0_inoc,0,1.225,0,44.92024,0,33.69475,0,13.78277,0,0,0,0,0,0,6.37724,0,0,0,0,0,0,0
GF20_d127_a1,0,100,0,0,0,0,0,0,0,0,0,0,0,0,0,0,0,0,0,0,0,0
GF20_d127_a2,0,100,0,0,0,0,0,0,0,0,0,0,0,0,0,0,0,0,0,0,0,0
GF20_d127_a3,0,100,0,0,0,0,0,0,0,0,0,0,0,0,0,0,0,0,0,0,0,0
GF20_d127_a5,0,100,0,0,0,0,0,0,0,0,0,0,0,0,0,0,0,0,0,0,0,0
GF20_d127_a6,0,100,0,0,0,0,0,0,0,0,0,0,0,0,0,0,0,0,0,0,0,0
GF20_d127_a7,0,100,0,0,0,0,0,0,0,0,0,0,0,0,0,0,0,0,0,0,0,0
GF20_d127_a9,0,100,0,0,0,0,0,0,0,0,0,0,0,0,0,0,0,0,0,0,0,0
GF20_d140_c8,0,100,0,0,0,0,0,0,0,0,0,0,0,0,0,0,0,0,0,0,0,0
GF20_d161_b2,0,99.8377,0,0.13114,0,0,0,0,0,0,0,0,0,0,0.03116,0,0,0,0,0,0,0
GF20_d161_b4,0.23284,97.78972,0,0.85692,0,0,0,0,0,0,0,0,0,0,1.12052,0,0,0,0,0,0,0
GF20_d161_b6,0,100,0,0,0,0,0,0,0,0,0,0,0,0,0,0,0,0,0,0,0,0
GF20_d161_b8,0,99.56232,0,0.36998,0,0,0,0,0,0,0,0,0,0,0.06769,0,0,0,0,0,0,0
GF20_d164_b1,0,98.34526,0,1.65474,0,0,0,0,0,0,0,0,0,0,0,0,0,0,0,0,0,0
GF20_d164_b2,0,100,0,0,0,0,0,0,0,0,0,0,0,0,0,0,0,0,0,0,0,0
GF20_d164_b3,0,100,0,0,0,0,0,0,0,0,0,0,0,0,0,0,0,0,0,0,0,0
GF20_d164_b4,0,100,0,0,0,0,0,0,0,0,0,0,0,0,0,0,0,0,0,0,0,0
GF20_d164_b5,0,100,0,0,0,0,0,0,0,0,0,0,0,0,0,0,0,0,0,0,0,0
GF20_d164_b6,0,100,0,0,0,0,0,0,0,0,0,0,0,0,0,0,0,0,0,0,0,0
GF20_d164_b7,0,100,0,0,0,0,0,0,0,0,0,0,0,0,0,0,0,0,0,0,0,0
GF20_d164_b8,0,100,0,0,0,0,0,0,0,0,0,0,0,0,0,0,0,0,0,0,0,0
GF20_d164_b9,0,100,0,0,0,0,0,0,0,0,0,0,0,0,0,0,0,0,0,0,0,0
GF20_d167_damb,0,98.84483,0,1.15517,0,0,0,0,0,0,0,0,0,0,0,0,0,0,0,0,0,0
GF20_d170_c1,0,100,0,0,0,0,0,0,0,0,0,0,0,0,0,0,0,0,0,0,0,0
GF20_d170_c2,0,100,0,0,0,0,0,0,0,0,0,0,0,0,0,0,0,0,0,0,0,0
GF20_d170_c5,0,100,0,0,0,0,0,0,0,0,0,0,0,0,0,0,0,0,0,0,0,0
GF20_d170_c6,0,100,0,0,0,0,0,0,0,0,0,0,0,0,0,0,0,0,0,0,0,0
GF20_d170_c7,0,100,0,0,0,0,0,0,0,0,0,0,0,0,0,0,0,0,0,0,0,0
GF20_d170_c8,0,100,0,0,0,0,0,0,0,0,0,0,0,0,0,0,0,0,0,0,0,0
GF20_d170_c9,0,100,0,0,0,0,0,0,0,0,0,0,0,0,0,0,0,0,0,0,0,0
GF20_d33_a3,0.7751,7.48083,0,90.46654,0,0,0,0,0,0,0,0,0,0,1.27753,0,0,0,0,0,0,0
GF20_d33_a4,0.84769,95.47082,0,2.29877,0,0,0,0,0,0,0,0,0,0,1.38273,0,0,0,0,0,0,0
GF20_d33_a5,0.82643,95.94373,0,1.5821,0,0,0,0,0,0,0,0,0,0,1.64774,0,0,0,0,0,0,0
GF20_d33_b2,0,86.41904,0,13.47497,0,0,0,0,0,0,0,0,0,0,0.106,0,0,0,0,0,0,0
GF20_d33_b3,0,99.47134,0,0.52866,0,0,0,0,0,0,0,0,0,0,0,0,0,0,0,0,0,0
GF20_d33_b4,0.02406,91.70478,0,7.76074,0,0,0,0,0,0,0,0,0,0,0.51042,0,0,0,0,0,0,0
GF20_d34_a2,0,100,0,0,0,0,0,0,0,0,0,0,0,0,0,0,0,0,0,0,0,0
GF20_d34_a4,1.0708,96.01555,0,1.79183,0,0,0,0,0,0,0,0,0,0,1.12183,0,0,0,0,0,0,0
GF20_d34_b3,0.12113,97.92976,0,0.99942,0,0,0,0,0,0,0,0,0,0,0.94969,0,0,0,0,0,0,0
GF20_d35_a2,0,99.7203,0,0,0,0,0,0,0,0,0,0,0,0,0.2797,0,0,0,0,0,0,0
GF20_d35_a3,0,100,0,0,0,0,0,0,0,0,0,0,0,0,0,0,0,0,0,0,0,0
GF20_d36_a1,0,100,0,0,0,0,0,0,0,0,0,0,0,0,0,0,0,0,0,0,0,0
GF20_d36_a2,0,100,0,0,0,0,0,0,0,0,0,0,0,0,0,0,0,0,0,0,0,0
GF20_d36_a3,0,100,0,0,0,0,0,0,0,0,0,0,0,0,0,0,0,0,0,0,0,0
GF20_d36_a4,0,100,0,0,0,0,0,0,0,0,0,0,0,0,0,0,0,0,0,0,0,0
GF20_d36_a5,0,100,0,0,0,0,0,0,0,0,0,0,0,0,0,0,0,0,0,0,0,0
GF20_d36_b5,0,100,0,0,0,0,0,0,0,0,0,0,0,0,0,0,0,0,0,0,0,0
GF20_d39_dama,32.62069,3.98936,0,4.03293,0,0,0,1.25348,0,0,0,0,0,0,58.10355,0,0,0,0,0,0,0
GF20_d39_damc,37.82634,2.60239,0,3.977,0,0,0,0.02025,0,0,0,0,0,0,55.57402,0,0,0,0,0,0,0
GF20_d40_c3,0,0,0,100,0,0,0,0,0,0,0,0,0,0,0,0,0,0,0,0,0,0
GF20_d40_c5,22.29006,73.25037,0,4.45957,0,0,0,0,0,0,0,0,0,0,0,0,0,0,0,0,0,0
GF20_d40_c6,0,100,0,0,0,0,0,0,0,0,0,0,0,0,0,0,0,0,0,0,0,0
GF20_d66_c1,19.97234,79.41778,0,0.60987,0,0,0,0,0,0,0,0,0,0,0,0,0,0,0,0,0,0
GF20_d66_c10,41.22035,55.2811,0,3.49855,0,0,0,0,0,0,0,0,0,0,0,0,0,0,0,0,0,0
GF20_d66_c2,10.97089,84.77004,0,4.25906,0,0,0,0,0,0,0,0,0,0,0,0,0,0,0,0,0,0
GF20_d66_c3,28.3336,70.806,0,0.8604,0,0,0,0,0,0,0,0,0,0,0,0,0,0,0,0,0,0
GF20_d66_c4,24.81761,59.73817,0,15.44422,0,0,0,0,0,0,0,0,0,0,0,0,0,0,0,0,0,0
GF20_d66_c5,13.28759,84.37875,0,2.33365,0,0,0,0,0,0,0,0,0,0,0,0,0,0,0,0,0,0
GF20_d66_c6,12.19637,79.16718,0,8.41306,0,0,0,0,0,0,0,0,0,0,0.22339,0,0,0,0,0,0,0
GF20_d66_c7,45.65337,47.68656,0,6.66006,0,0,0,0,0,0,0,0,0,0,0,0,0,0,0,0,0,0
GF20_d66_c8,20.11709,77.71337,0,2.16954,0,0,0,0,0,0,0,0,0,0,0,0,0,0,0,0,0,0
GF20_d66_c9,35.84611,51.93587,0,12.21802,0,0,0,0,0,0,0,0,0,0,0,0,0,0,0,0,0,0
GF20_d68_b2,0,100,0,0,0,0,0,0,0,0,0,0,0,0,0,0,0,0,0,0,0,0
GF20_d68_b3,0,97.67258,0,1.24698,0,0,0,0,0,0,0,0,0,0,1.08043,0,0,0,0,0,0,0
GF20_d68_b4,0,100,0,0,0,0,0,0,0,0,0,0,0,0,0,0,0,0,0,0,0,0
GF20_d68_b5,0,100,0,0,0,0,0,0,0,0,0,0,0,0,0,0,0,0,0,0,0,0
GF20_d68_b6,0,100,0,0,0,0,0,0,0,0,0,0,0,0,0,0,0,0,0,0,0,0
GF20_d68_b7,0,100,0,0,0,0,0,0,0,0,0,0,0,0,0,0,0,0,0,0,0,0
GF20_d68_b8,0,100,0,0,0,0,0,0,0,0,0,0,0,0,0,0,0,0,0,0,0,0
GF20_d75_dama,32.89968,2.95303,0,5.58949,0,0,0,0.01182,0,0,0,0,0,0,58.54598,0,0,0,0,0,0,0
GF20_d75_damc,61.52802,24.69063,0,10.67831,0,0,0,0,0,0,0,0,0,0,3.10304,0,0,0,0,0,0,0
GF20_d81_a1,12.81389,79.00808,0,8.17803,0,0,0,0,0,0,0,0,0,0,0,0,0,0,0,0,0,0
GF20_d81_a2,6.27838,83.87645,0,9.84517,0,0,0,0,0,0,0,0,0,0,0,0,0,0,0,0,0,0
GF20_d81_a3,0,100,0,0,0,0,0,0,0,0,0,0,0,0,0,0,0,0,0,0,0,0
GF20_d81_a4,3.76697,89.50453,0,6.7285,0,0,0,0,0,0,0,0,0,0,0,0,0,0,0,0,0,0
GF20_d81_a5,17.84041,58.05893,0,24.10066,0,0,0,0,0,0,0,0,0,0,0,0,0,0,0,0,0,0
GF20_d81_a6,15.377,76.66325,0,7.95975,0,0,0,0,0,0,0,0,0,0,0,0,0,0,0,0,0,0
GF20_d81_a7,23.53361,64.93429,0,11.50546,0,0,0,0,0,0,0,0,0,0,0.02664,0,0,0,0,0,0,0
GF20_d89_b2,46.99089,43.62461,0,9.3845,0,0,0,0,0,0,0,0,0,0,0,0,0,0,0,0,0,0
GF20_d89_b3,0,100,0,0,0,0,0,0,0,0,0,0,0,0,0,0,0,0,0,0,0,0
GF20_d89_b5,0,0,0,100,0,0,0,0,0,0,0,0,0,0,0,0,0,0,0,0,0,0
GF20_d89_b6,1.37208,98.62792,0,0,0,0,0,0,0,0,0,0,0,0,0,0,0,0,0,0,0,0
GF23_d0__inoc,9.56802,54.01054,3.78277,11.62252,7.35401,8.17863,0,3.5108,0.08538,0,0,0,0,0,1.88733,0,0,0,0,0,0,0
GF23_d10_dama,36.24212,6.56352,11.57605,8.22753,0,0.65766,0,8.88794,0,0,0,0,0,0,27.84518,0,0,0,0,0,0,0
GF23_d10_damb,32.32512,11.44476,19.31548,6.50985,0,1.30972,0,15.87985,0,0,0,0,0,0,13.21522,0,0,0,0,0,0,0
GF23_d17_dama,55.4544,7.09229,14.53708,6.98638,0,1.20929,0,11.78772,0,0,0,0,0,0,2.93285,0,0,0,0,0,0,0
GF23_d17_damb,51.02171,7.54442,18.94611,5.52823,0,1.17482,0,14.03772,0,0,0,0,0,0,1.74699,0,0,0,0,0,0,0
GF23_d17_damc,46.78723,7.61815,21.56006,7.59081,0,0.78079,0,15.38557,0,0,0,0,0,0,0.27739,0,0,0,0,0,0,0
GF23_d32_damb,56.44543,4.24363,17.45534,7.27067,0,0,0,14.58493,0,0,0,0,0,0,0,0,0,0,0,0,0,0
GF23_d36_c1,0,100,0,0,0,0,0,0,0,0,0,0,0,0,0,0,0,0,0,0,0,0
GF23_d36_c2,0,100,0,0,0,0,0,0,0,0,0,0,0,0,0,0,0,0,0,0,0,0
GF23_d36_c3,0,100,0,0,0,0,0,0,0,0,0,0,0,0,0,0,0,0,0,0,0,0
GF23_d36_c4,6.14625,93.85375,0,0,0,0,0,0,0,0,0,0,0,0,0,0,0,0,0,0,0,0
GF23_d39_damb,66.4737,4.08632,13.91661,4.67574,0,1.56812,0,8.31849,0,0,0,0,0,0,0.96102,0,0,0,0,0,0,0
GF23_d47_damb,51.24731,6.83657,23.90876,4.57542,0,0.61127,0,11.2789,0,0,0,0,0,0,1.54177,0,0,0,0,0,0,0
GF23_d52_a2,0.11718,99.52875,0,0.35407,0,0,0,0,0,0,0,0,0,0,0,0,0,0,0,0,0,0
GF23_d52_a5,0.00329,99.01823,0,0.97848,0,0,0,0,0,0,0,0,0,0,0,0,0,0,0,0,0,0
GF23_d52_a8,0,99.93152,0,0.06848,0,0,0,0,0,0,0,0,0,0,0,0,0,0,0,0,0,0
GF23_d52_a9,0,99.38451,0,0.61549,0,0,0,0,0,0,0,0,0,0,0,0,0,0,0,0,0,0
GF23_d54_damc,61.83865,5.94862,14.57834,8.90257,0,1.78358,0,6.94825,0,0,0,0,0,0,0,0,0,0,0,0,0,0
GF23_d56_c2,0,100,0,0,0,0,0,0,0,0,0,0,0,0,0,0,0,0,0,0,0,0
GF23_d56_c3,0,100,0,0,0,0,0,0,0,0,0,0,0,0,0,0,0,0,0,0,0,0
GF23_d56_c6,0,99.84385,0,0.15615,0,0,0,0,0,0,0,0,0,0,0,0,0,0,0,0,0,0
GF23_d57_c2,0,98.26161,0,1.73839,0,0,0,0,0,0,0,0,0,0,0,0,0,0,0,0,0,0
GF23_d57_c4,0,100,0,0,0,0,0,0,0,0,0,0,0,0,0,0,0,0,0,0,0,0
GF23_d58_c3,26.44955,0,15.51286,58.03759,0,0,0,0,0,0,0,0,0,0,0,0,0,0,0,0,0,0
GF23_d59_c1,0,92.85425,0,7.14575,0,0,0,0,0,0,0,0,0,0,0,0,0,0,0,0,0,0
GF23_d59_c2,0,0,0,100,0,0,0,0,0,0,0,0,0,0,0,0,0,0,0,0,0,0
GF23_d59_c4,0,0,4.31884,95.68116,0,0,0,0,0,0,0,0,0,0,0,0,0,0,0,0,0,0
GF23_d59_c6,0,100,0,0,0,0,0,0,0,0,0,0,0,0,0,0,0,0,0,0,0,0
GF23_d62_dama,63.17925,6.1897,19.40077,6.63812,0,0,0,4.17139,0,0,0,0,0,0,0.42078,0,0,0,0,0,0,0
GF23_d62_damb,48.16655,6.83556,28.60667,4.94494,0,2.52554,0,7.27917,0,0,0,0,0,0,1.64158,0,0,0,0,0,0,0
GF23_d62_damc,34.51277,11.04057,30.64253,14.74987,0,0.27134,0,0,0,0,0,0,0,0,8.78291,0,0,0,0,0,0,0
GF23_d7_damb,18.13492,6.02589,8.09001,4.90702,0,0.50051,0,4.84528,0,0,0,0,0,0,57.49637,0,0,0,0,0,0,0
GF23_d7_damc,57.81857,9.21268,13.03129,3.9336,0,1.05834,0,1.55351,0,0,0,0,0,0,13.392,0,0,0,0,0,0,0
GF23_d77_damb,43.87452,7.8316,29.46385,5.17627,0,1.20825,0,10.41414,0,0,0,0,0,0,2.03137,0,0,0,0,0,0,0
GF23_d80_c3,0,100,0,0,0,0,0,0,0,0,0,0,0,0,0,0,0,0,0,0,0,0
GF23_d80_c7,0,100,0,0,0,0,0,0,0,0,0,0,0,0,0,0,0,0,0,0,0,0
GF23_d84_c1,0,0,0,100,0,0,0,0,0,0,0,0,0,0,0,0,0,0,0,0,0,0
GF23_d84_c2,0,0,0,100,0,0,0,0,0,0,0,0,0,0,0,0,0,0,0,0,0,0
GF23_d84_c3,0,0,0,100,0,0,0,0,0,0,0,0,0,0,0,0,0,0,0,0,0,0
GF23_d84_c4,0,0,0,100,0,0,0,0,0,0,0,0,0,0,0,0,0,0,0,0,0,0
GF23_d84_c5,0,0,0,100,0,0,0,0,0,0,0,0,0,0,0,0,0,0,0,0,0,0
GF23_d84_c9,4.83868,0,0.49943,94.6619,0,0,0,0,0,0,0,0,0,0,0,0,0,0,0,0,0,0
GF23_d89_damb,45.99021,6.20691,25.68731,7.07797,0,4.35682,0,9.9542,0,0,0,0,0,0,0.72658,0,0,0,0,0,0,0
GF23_d89_damc,27.7303,8.91725,34.50024,26.68235,0,0,0,0,0,0,0,0,0,0,2.16986,0,0,0,0,0,0,0
GF3_AB_Sire_day4,52.93055,4.86852,0,0.48794,0,0,0,0,0,0,0,0,0,0,41.71299,0,0,0,0,0,0,0
GF3_B_Sire_day19,47.02214,9.92945,0,0.53591,0,0,0,0,0,0,0,0,0,0,42.5125,0,0,0,0,0,0,0
GF3_B_Sire_day30,56.86577,10.25422,0,0.71287,0,0,0,0,0,0,0,0,0,0,32.16714,0,0,0,0,0,0,0
GF3_C_dam_day19,54.44505,1.30635,0,0.40812,11.20095,1.04111,0,3.29447,0,0,0,0,0,0,28.30395,0,0,0,0,0,0,0
GF3_C_dam_day4,10.73651,61.89863,0,0.49189,0,0,0,0,0,0,0,0,0,0,26.87296,0,0,0,0,0,0,0
GF3_C_Sire_day19,22.49844,57.39462,0,0.71492,4.40235,1.41504,0,2.11208,0,0,0,0,0,0,11.46255,0,0,0,0,0,0,0
GF3_C_Sire_day30,46.70979,5.10331,0,1.2207,0,0,0,0,0,0,0,0,0,0,46.9662,0,0,0,0,0,0,0
GF3_C_Sire_day4,36.65731,5.64432,0,1.26125,9.00623,1.21826,0,3.50119,0,0,0,0,0,0,42.71144,0,0,0,0,0,0,0
GF3_C1_day30,18.21313,25.94546,0,0.88144,0,0,0,0,0,0,0,0,0,0,54.95997,0,0,0,0,0,0,0
GF3_C1_day32,21.83168,17.15185,0,1.15497,4.33373,1.27786,0,0.03357,0,0,0,0,0,0,54.21633,0,0,0,0,0,0,0
GF3_C1_day34,32.74658,11.05874,0,0.22706,0,0,0,0,0,0,0,0,0,0,55.96762,0,0,0,0,0,0,0
GF3_C2_day30,0.16191,99.83809,0,0,0,0,0,0,0,0,0,0,0,0,0,0,0,0,0,0,0,0
GF3_C2_day32,11.99763,77.69093,0,0.395,0,0,0,0,0,0,0,0,0,0,9.91644,0,0,0,0,0,0,0
GF3_C2_day35,54.44505,1.30635,0,0.40812,11.20095,1.04111,0,3.29447,0,0,0,0,0,0,28.30395,0,0,0,0,0,0,0
GF3_C2_day38,0,92.19953,0,3.01642,0,0,0,0,0,0,0,0,0,0,4.78405,0,0,0,0,0,0,0
GF3_C2_day39,0.86652,73.59134,0,20.68664,0,0,0,0,0,0,0,0,0,0,4.8555,0,0,0,0,0,0,0
GF3_C2_day40,3.40538,89.41265,0,6.17313,0,0,0,0,0,0,0,0,0,0,1.00884,0,0,0,0,0,0,0
GF3_C2_day41,0,0,0,81.26021,0,0,0,0,0,0,0,0,0,0,18.73979,0,0,0,0,0,0,0
GF3_C2_day42,56.68674,17.22792,0,0.62056,0,0,0,0,0,0,0,0,0,0,25.46477,0,0,0,0,0,0,0
GF3_C2_day45,49.28077,11.70051,0,0.39377,0,0,0,0,0,0,0,0,0,0,38.62494,0,0,0,0,0,0,0
GF3_C3_day30,22.6321,22.77474,0,3.67693,0,0,0,0,0,0,0,0,0,0,50.91623,0,0,0,0,0,0,0
GF3_C3_day32,0,98.8078,0,1.1922,0,0,0,0,0,0,0,0,0,0,0,0,0,0,0,0,0,0
GF3_C3_day34,2.92222,6.98857,0,26.51775,0.74403,34.42865,0,17.56688,0.3988,0,0,0,0,0,10.35093,0,0,0,0.06201,0.02018,0,0
GF3_C3_day35,53.50669,2.28637,0,1.36451,10.20882,3.05532,0,5.08872,0,0,0,0,0,0,24.48957,0,0,0,0,0,0,0
GF3_C3_day39,0,100,0,0,0,0,0,0,0,0,0,0,0,0,0,0,0,0,0,0,0,0
GF3_C3_day40,1.91361,96.07747,0,1.52075,0,0,0,0,0,0,0,0,0,0,0.48816,0,0,0,0,0,0,0
GF3_C3_day41,0,0,0,100,0,0,0,0,0,0,0,0,0,0,0,0,0,0,0,0,0,0
GF3_C3_day42,59.47326,20.81629,0,0.60577,0,0,0,0,0,0,0,0,0,0,19.10468,0,0,0,0,0,0,0
GF3_C3_day45,46.99827,6.96466,0,0.7248,0,0,0,0,0,0,0,0,0,0,45.31227,0,0,0,0,0,0,0
GF3_C4_day30,11.22246,17.72448,0,1.16785,4.06061,1.81156,0,1.04925,0,0,0,0,0,0,62.96378,0,0,0,0,0,0,0
GF3_C4_day32,0,95.77,0,4.23,0,0,0,0,0,0,0,0,0,0,0,0,0,0,0,0,0,0
GF3_C4_day34,38.53952,10.97031,0,4.68994,4.15824,1.11441,0,1.13564,0,0,0,0,0,0,39.39194,0,0,0,0,0,0,0
GF3_C4_day38,0,99.00813,0,0.26995,0,0,0,0,0,0,0,0,0,0,0.72192,0,0,0,0,0,0,0
GF3_C4_day39,0.74542,95.62477,0,2.24068,0,0,0,0,0,0,0,0,0,0,1.38912,0,0,0,0,0,0,0
GF3_C4_day40,0,0,0,100,0,0,0,0,0,0,0,0,0,0,0,0,0,0,0,0,0,0
GF3_C4_day41,0,0,0,86.21224,0,0,0,0,0,0,0,0,0,0,13.78776,0,0,0,0,0,0,0
GF3_C4_day42,51.348,11.96727,0,1.50829,0,0,0,0,0,0,0,0,0,0,35.17645,0,0,0,0,0,0,0
GF3_C4_day45,56.45542,8.31298,0,1.02136,0,0,0,0,0,0,0,0,0,0,34.21025,0,0,0,0,0,0,0
GF3_C5_day30,0.12041,99.52564,0,0,0,0,0,0,0,0,0,0,0,0,0.35395,0,0,0,0,0,0,0
GF3_C5_day39,9.33443,85.86561,0,2.7964,0,0.26559,0,0,0,0,0,0,0,0,1.73798,0,0,0,0,0,0,0
GF3_C5_day41,0,0,0,99.58888,0,0,0,0,0,0,0,0,0,0,0.41112,0,0,0,0,0,0,0
GF3_C5_day42,41.66631,9.9598,0,1.84554,0,0,0,0,0,0,0,0,0,0,46.52835,0,0,0,0,0,0,0
GF3_C5_day45,36.31768,5.85331,0,0.69573,0,0,0,0,0,0,0,0,0,0,57.13328,0,0,0,0,0,0,0
GF3_C6_day30,2.73899,95.96768,0,0,0.18292,0,0,0.06194,0,0,0,0,0,0,1.04847,0,0,0,0,0,0,0
GF3_C6_day35,0,100,0,0,0,0,0,0,0,0,0,0,0,0,0,0,0,0,0,0,0,0
GF3_C6_day38,0,100,0,0,0,0,0,0,0,0,0,0,0,0,0,0,0,0,0,0,0,0
GF3_C6_day39,6.20442,88.66333,0,2.42112,0,0.53484,0,0,0,0,0,0,0,0,2.1763,0,0,0,0,0,0,0
GF3_C6_day41,77.6392,11.43267,0,0.2304,0,0,0,0,0,0,0,0,0,0,10.69772,0,0,0,0,0,0,0
GF3_C6_day42,36.34514,5.76619,0,0.56981,0,0,0,0,0,0,0,0,0,0,57.31886,0,0,0,0,0,0,0
GF3_C6_day45,38.35895,8.87916,0,1.0882,0,0,0,0,0,0,0,0,0,0,51.67369,0,0,0,0,0,0,0
GF3_C7_day40,0.5682,0,0,81.47642,0,0,0,0,0,0,0,0,0,0,17.95539,0,0,0,0,0,0,0
GF3_C7_day41,53.73319,6.76198,0,0.6571,0,0,0,0,0,0,0,0,0,0,38.84773,0,0,0,0,0,0,0
GF3_C7_day42,73.20763,11.30526,0,1.7887,0,0,0,0,0,0,0,0,0,0,13.69841,0,0,0,0,0,0,0
GF3_C7_day45,46.59886,10.5085,0,1.1889,0,0,0,0,0,0,0,0,0,0,41.70374,0,0,0,0,0,0,0
GF3_C8_day30,9.67764,67.31064,0,0,0.75243,0.01864,0,0,0,0,0,0,0,0,22.24065,0,0,0,0,0,0,0
GF3_C8_day32,0,91.93421,0,8.00998,0,0,0,0,0,0,0,0,0,0,0.05581,0,0,0,0,0,0,0
GF3_C8_day34,36.65731,5.64432,0,1.26125,9.00623,1.21826,0,3.50119,0,0,0,0,0,0,42.71144,0,0,0,0,0,0,0
GF3_C8_day39,2.76525,94.00601,0,1.92073,0,0,0,0,0,0,0,0,0,0,1.30801,0,0,0,0,0,0,0
GF3_C8_day40,0,0,0,100,0,0,0,0,0,0,0,0,0,0,0,0,0,0,0,0,0,0
GF3_C8_day41,30.46181,6.75131,0,0.5116,0,0,0,0,0,0,0,0,0,0,62.27529,0,0,0,0,0,0,0
GF3_C8_day42,45.60175,6.50427,0,0.7565,0,0,0,0,0,0,0,0,0,0,47.13748,0,0,0,0,0,0,0
GF3_C8_day45,43.71961,5.13677,0,1.61762,0,0,0,0,0,0,0,0,0,0,49.52601,0,0,0,0,0,0,0
GF3_C9_day30,11.44502,68.26109,0,0.01829,4.2553,0.82416,0,0.33793,0,0,0,0,0,0,14.85821,0,0,0,0,0,0,0
GF3_C9_day32,21.6516,15.75938,0,0.51616,0,0,0,0,0,0,0,0,0,0,62.07286,0,0,0,0,0,0,0
GF3_C9_day34,35.51877,3.32286,0,1.83829,12.48949,0.37579,0,1.51548,0,0,0,0,0,0,44.93931,0,0,0,0,0,0,0
GF3_C9_day38,0,94.66566,0,2.10749,0,0,0,0,0,0,0,0,0,0,3.22685,0,0,0,0,0,0,0
GF3_C9_day39,4.02339,83.71274,0,8.50862,0,0,0,0,0,0,0,0,0,0,3.75526,0,0,0,0,0,0,0
GF3_C9_day40,0,58.27367,0,41.72633,0,0,0,0,0,0,0,0,0,0,0,0,0,0,0,0,0,0
GF3_C9_day41,67.1672,16.0951,0,1.06091,0,0,0,0,0,0,0,0,0,0,15.67679,0,0,0,0,0,0,0
GF3_C9_day42,41.56616,8.80002,0,0.80225,0,0,0,0,0,0,0,0,0,0,48.83157,0,0,0,0,0,0,0
GF3_C9_day45,28.98196,7.3843,0,2.6013,0,0,0,0,0,0,0,0,0,0,61.03244,0,0,0,0,0,0,0
GF3_inoc,52.86234,29.13098,0,1.77191,0,0,0,0,0,0,0,0,0,0,16.23477,0,0,0,0,0,0,0
GF4_B1_D35,0,0,0,81.86896,0,0,0,0,0,0,0,0,0,0,18.13104,0,0,0,0,0,0,0
GF4_B1_D36,0.21018,12.40086,0,86.78923,0,0,0,0,0,0,0,0,0,0,0.59973,0,0,0,0,0,0,0
GF4_B1_d37,0,0,0,100,0,0,0,0,0,0,0,0,0,0,0,0,0,0,0,0,0,0
GF4_B2_d35,0,82.53371,0,16.33196,0,0,0,0,0,0,0,0,0,0,1.13433,0,0,0,0,0,0,0
GF4_B2_d36,0,100,0,0,0,0,0,0,0,0,0,0,0,0,0,0,0,0,0,0,0,0
GF4_B3_d35,2.36874,0,0,82.63922,0,0,0,0,0,0,0,0,0,0,14.99204,0,0,0,0,0,0,0
GF4_B3_d36,1.3826,22.24158,0,72.03416,0,0,0,0,0,0,0,0,0,0,4.34166,0,0,0,0,0,0,0
GF4_B3_d37,0,0,0,100,0,0,0,0,0,0,0,0,0,0,0,0,0,0,0,0,0,0
GF4_B3_d42,39.05635,5.81978,0,1.56615,0,0,0,0,0,0,0,0,0,0,53.55772,0,0,0,0,0,0,0
GF4_B3_d43,49.41047,3.55844,0,2.89738,0,0,0,0,0,0,0,0,0,0,44.13371,0,0,0,0,0,0,0
GF4_B3_d44,19.71188,2.71638,0,3.91362,0,0,0,0,0,0,0,0,0,0,73.65812,0,0,0,0,0,0,0
GF4_B3_d46,12.33613,7.12841,0,2.97518,0,0,0,0,0,0,0,0,0,0,77.56029,0,0,0,0,0,0,0
GF4_B3_LI,1.49785,4.15478,0,4.1241,0,0,0,0,0,0,0,0,0,0,90.22326,0,0,0,0,0,0,0
GF4_B3_SI,1.04347,0,0,2.31173,0,0,0,0,0,0,0,0,0,0,96.6448,0,0,0,0,0,0,0
GF4_B4_d35,0.9303,0,0,88.48589,0,0,0,0,0,0,0,0,0,0,10.58381,0,0,0,0,0,0,0
GF4_B4_d38,0,0,0,100,0,0,0,0,0,0,0,0,0,0,0,0,0,0,0,0,0,0
GF4_B5_d35,0,19.43073,0,78.5023,0,0,0,0,0,0,0,0,0,0,2.06697,0,0,0,0,0,0,0
GF4_Bdam_d10,35.00753,2.35927,0,2.08586,0.34605,0.62905,0,4.14679,0,0,0,0,0,0,55.42544,0,0,0,0,0,0,0
GF4_Bsire_d10,35.01085,4.93376,0,2.83787,0,1.06507,0,4.19904,0,0,0,0,0,0,51.95341,0,0,0,0,0,0,0
GF4_Bsire_d2,21.31252,6.48573,0,2.1971,0.03943,0,0,1.34423,0,0,0,0,0,0,68.62099,0,0,0,0,0,0,0
GF4_C1_d36,0,96.32831,0,3.67169,0,0,0,0,0,0,0,0,0,0,0,0,0,0,0,0,0,0
GF4_C1_D37,30.88916,53.38126,0,15.72958,0,0,0,0,0,0,0,0,0,0,0,0,0,0,0,0,0,0
GF4_C1_d39,49.02673,36.76674,0,14.10035,0,0,0,0,0,0,0,0,0,0,0.10618,0,0,0,0,0,0,0
GF4_C1_d43,73.06965,23.4555,0,3.47485,0,0,0,0,0,0,0,0,0,0,0,0,0,0,0,0,0,0
GF4_C1_d46,82.18351,17.1519,0,0.66459,0,0,0,0,0,0,0,0,0,0,0,0,0,0,0,0,0,0
GF4_C1_LI,2.18149,7.32631,0,2.82695,28.77426,0,0,0,0,0,0,0,0,0,58.89099,0,0,0,0,0,0,0
GF4_C1_SI,1.97334,7.67123,0,1.31826,14.91183,0,0,0,0,0,0,0,0,0,74.12533,0,0,0,0,0,0,0
GF4_C2_d35,0,18.86192,0,81.13808,0,0,0,0,0,0,0,0,0,0,0,0,0,0,0,0,0,0
GF4_C2_D36,5.97408,41.2723,0,52.75362,0,0,0,0,0,0,0,0,0,0,0,0,0,0,0,0,0,0
GF4_C2_d37,34.26926,55.29195,0,10.43878,0,0,0,0,0,0,0,0,0,0,0,0,0,0,0,0,0,0
GF4_C2_d38,58.74172,34.996,0,6.26229,0,0,0,0,0,0,0,0,0,0,0,0,0,0,0,0,0,0
GF4_C2_d39,59.92111,30.5769,0,9.50199,0,0,0,0,0,0,0,0,0,0,0,0,0,0,0,0,0,0
GF4_C2_d43,87.08313,10.52002,0,0.68046,0,0,0,0,0,0,0,0,0,0,1.71639,0,0,0,0,0,0,0
GF4_C2_d45,78.36244,9.82377,0,0.40793,9.01563,0,0,0,0,0,0,0,0,0,2.39023,0,0,0,0,0,0,0
GF4_C2_d46,64.01966,12.91047,0,0.55526,6.73634,0,0,0,0,0,0,0,0,0,15.77826,0,0,0,0,0,0,0
GF4_C2_LI,0.67168,0.64339,0,0.16881,0.6175,0,0,0,0,0,0,0,0,0,97.89862,0,0,0,0,0,0,0
GF4_C2_SI,0,0,0,0,0.20248,0,0,0,0,0,0,0,0,0,99.79752,0,0,0,0,0,0,0
GF4_C3_d35,0,37.25737,0,61.70128,0,0,0,0,0,0,0,0,0,0,1.04135,0,0,0,0,0,0,0
GF4_C3_d36,20.93715,70.60499,0,8.08023,0,0,0,0,0,0,0,0,0,0,0.37763,0,0,0,0,0,0,0
GF4_C3_d38,71.26504,23.90481,0,4.83015,0,0,0,0,0,0,0,0,0,0,0,0,0,0,0,0,0,0
GF4_C3_d42,86.31143,12.101,0,0.36382,0,0,0,0,0,0,0,0,0,0,1.22375,0,0,0,0,0,0,0
GF4_C3_d43,74.22551,10.31607,0,1.36391,2.41241,0,0,0,0,0,0,0,0,0,11.6821,0,0,0,0,0,0,0
GF4_C3_d44,71.30339,7.28067,0,1.39174,4.81368,0,0,0,0,0,0,0,0,0,15.21052,0,0,0,0,0,0,0
GF4_C3_d45,68.46221,11.498,0,0.67251,0,0,0,0,0,0,0,0,0,0,19.36727,0,0,0,0,0,0,0
GF4_C3_d46,83.06481,11.78026,0,0,0,0,0,0,0,0,0,0,0,0,5.15493,0,0,0,0,0,0,0
GF4_C3_LI,11.04218,4.99954,0,1.61196,1.52416,0,0,0,0,0,0,0,0,0,80.82215,0,0,0,0,0,0,0
GF4_C3_SI,0.65689,0.29266,0,0.19403,0.50529,0,0,0,0,0,0,0,0,0,98.35113,0,0,0,0,0,0,0
GF4_C4_d35,0.0279,16.15025,0,80.5613,0,0,0,0,0,0,0,0,0,0,3.26055,0,0,0,0,0,0,0
GF4_C4_d36,0.15846,8.29099,0,89.34576,0,0.07188,0,0,0,0,0,0,0,0,2.13291,0,0,0,0,0,0,0
GF4_C4_d37,25.06793,34.51742,0,40.41465,0,0,0,0,0,0,0,0,0,0,0,0,0,0,0,0,0,0
GF4_C4_D39,17.036,13.86006,0,68.57607,0,0,0,0,0,0,0,0,0,0,0.52787,0,0,0,0,0,0,0
GF4_C5_d43,86.50483,13.13722,0,0.2774,0,0,0,0,0,0,0,0,0,0,0.08055,0,0,0,0,0,0,0
GF4_C5_d45,70.53697,16.81158,0,1.15614,0,0,0,0,0,0,0,0,0,0,11.49531,0,0,0,0,0,0,0
GF4_C5_d46,82.95317,10.20901,0,0.05001,0,0,0,0,0,0,0,0,0,0,6.78781,0,0,0,0,0,0,0
GF4_C5_LI,7.59395,2.77936,0,1.10183,0,0,0,0,0,0,0,0,0,0,88.52486,0,0,0,0,0,0,0
GF4_C5_SI,0,0,0,0,0,0,0,0,0,0,0,0,0,0,100,0,0,0,0,0,0,0
GF4_Cdam_d16,52.61636,5.16917,0,3.33942,15.23271,0.71013,0,1.9514,0,0,0,0,0,0,20.98081,0,0,0,0,0,0,0
GF4_Csire_d16,40.36373,3.47445,0,2.15001,16.48485,1.36202,0,1.34259,0,0,0,0,0,0,34.82236,0,0,0,0,0,0,0
GF4_Csire_d2,34.56793,8.18749,0,3.60291,0.15079,0.3269,0,3.35851,0,0,0,0,0,0,49.80546,0,0,0,0,0,0,0
GF4_INOC_GF45,19.48458,7.2606,0,2.9434,4.52449,1.34031,0,3.83009,0,0,0,0,0,0,60.61654,0,0,0,0,0,0,0
GF5_A_DAM_D0,0,100,0,0,0,0,0,0,0,0,0,0,0,0,0,0,0,0,0,0,0,0
GF5_A_DAM_D24,25.27568,5.29482,0,3.11252,6.92479,3.16757,0,7.80434,0,0,0,0,0,0,48.42028,0,0,0,0,0,0,0
GF5_A1_COLON_190815,12.19333,2.61809,0,2.74553,14.6959,0,0,0,0,0,0,0,0,0,67.74715,0,0,0,0,0,0,0
GF5_A1_D46,1.33217,89.6048,0,4.66852,3.06001,0.08495,0,0,0,0,0,0,0,0,1.24955,0,0,0,0,0,0,0
GF5_A1_D47,33.39489,54.99143,0,3.24733,2.15793,5.25111,0,0,0,0,0,0,0,0,0.95731,0,0,0,0,0,0,0
GF5_A1_D48,0,100,0,0,0,0,0,0,0,0,0,0,0,0,0,0,0,0,0,0,0,0
GF5_A1_D79,0,89.72633,0,3.37781,0,0,0,0,0,0,0,0,0,0,6.89586,0,0,0,0,0,0,0
GF5_A1_D80,0,99.43072,0,0.27618,0,0,0,0,0,0,0,0,0,0,0.29311,0,0,0,0,0,0,0
GF5_A1_D81,0,97.81111,0,1.85156,0,0,0,0,0,0,0,0,0,0,0.33733,0,0,0,0,0,0,0
GF5_A1_D83,3.2023,0,0,96.7977,0,0,0,0,0,0,0,0,0,0,0,0,0,0,0,0,0,0
GF5_A1_D88,46.43963,45.10979,0,1.57841,0,0,0,0,0,0,0,0,0,0,6.87218,0,0,0,0,0,0,0
GF5_A2_COLON_190628,100,0,0,0,0,0,0,0,0,0,0,0,0,0,0,0,0,0,0,0,0,0
GF5_A2_D46,1.01193,94.37087,0,1.20077,2.12698,0,0,0,0,0,0,0,0,0,1.28945,0,0,0,0,0,0,0
GF5_A2_D48,20.62328,7.17711,0,2.38966,0,0.20685,0,0,0,0,0,0,0,0,69.6031,0,0,0,0,0,0,0
GF5_A2_D79,2.47922,87.57192,0,0.8851,0,0,0,0,0,0,0,0,0,0,9.06376,0,0,0,0,0,0,0
GF5_A2_D80,0,100,0,0,0,0,0,0,0,0,0,0,0,0,0,0,0,0,0,0,0,0
GF5_A3_COLON_190628,20.76463,14.44556,0,64.78981,0,0,0,0,0,0,0,0,0,0,0,0,0,0,0,0,0,0
GF5_A3_D46,0.08347,88.11358,0,5.11045,0,0,0,0,0,0,0,0,0,0,6.6925,0,0,0,0,0,0,0
GF5_A4_D46,0,95.20882,0,3.41918,0,0,0,0,0,0,0,0,0,0,1.372,0,0,0,0,0,0,0
GF5_A4_D48,0,0,0,100,0,0,0,0,0,0,0,0,0,0,0,0,0,0,0,0,0,0
GF5_A5_D46,0.49339,97.23958,0,1.02289,0,0,0,0,0,0,0,0,0,0,1.24414,0,0,0,0,0,0,0
GF5_A5_D79,0,54.69699,0,45.30301,0,0,0,0,0,0,0,0,0,0,0,0,0,0,0,0,0,0
GF5_A5_D80,100,0,0,0,0,0,0,0,0,0,0,0,0,0,0,0,0,0,0,0,0,0
GF5_A6_D81,0,85.61308,0,12.96479,0,0,0,0,0,0,0,0,0,0,1.42213,0,0,0,0,0,0,0
GF5_A6_D82,54.50596,28.11026,0,4.12917,0.31367,0,0,0,0,0,0,0,0,0,12.94094,0,0,0,0,0,0,0
GF5_A7_COLON_190815,2.64183,2.91598,0,5.47999,4.34345,0,0,0,0,0,0,0,0,0,84.61875,0,0,0,0,0,0,0
GF5_A7_D46,0,91.06258,0,8.03493,0,0,0,0,0,0,0,0,0,0,0.9025,0,0,0,0,0,0,0
GF5_A7_D79,20.12628,10.61838,0,68.78224,0,0,0,0,0,0,0,0,0,0,0.47309,0,0,0,0,0,0,0
GF5_A7_D80,32.79551,22.30684,0,27.78751,0,0,0,0,0,0,0,0,0,0,17.11014,0,0,0,0,0,0,0
GF5_A7_D81,71.37872,5.1879,0,11.39413,0,0,0,0,0,0,0,0,0,0,12.03925,0,0,0,0,0,0,0
GF5_A7_D82,39.99815,0,0,0,0,0,0,0,0,0,0,0,0,0,60.00185,0,0,0,0,0,0,0
GF5_A7_D83,100,0,0,0,0,0,0,0,0,0,0,0,0,0,0,0,0,0,0,0,0,0
GF5_A7_D84,88.82492,4.59724,0,5.65575,0,0,0,0,0,0,0,0,0,0,0.92209,0,0,0,0,0,0,0
GF5_A7_D87,41.08215,5.34756,0,2.0601,7.74168,0,0,0,0,0,0,0,0,0,43.7685,0,0,0,0,0,0,0
GF5_A8_COLON_190815,13.33262,3.69759,0,7.27836,14.55856,0,0,0,0,0,0,0,0,0,61.13288,0,0,0,0,0,0,0
GF5_A8_D79,0.67621,81.90129,0,17.05892,0,0,0,0,0,0,0,0,0,0,0.36358,0,0,0,0,0,0,0
GF5_A8_D83,98.85176,0,0,1.14824,0,0,0,0,0,0,0,0,0,0,0,0,0,0,0,0,0,0
GF5_A8_D87,92.38794,4.25958,0,1.24724,0,0,0,0,0,0,0,0,0,0,2.10524,0,0,0,0,0,0,0
GF5_B_COLON_M1,0,100,0,0,0,0,0,0,0,0,0,0,0,0,0,0,0,0,0,0,0,0
GF5_B_COLON_M2,0,80.37862,0,19.62138,0,0,0,0,0,0,0,0,0,0,0,0,0,0,0,0,0,0
GF5_B_COLON_P1,0,0,0,0,0,0,0,0,0,0,0,0,0,0,100,0,0,0,0,0,0,0
GF5_B_DAM_D3,47.02702,6.03463,0,1.79114,0.09383,0.62923,0,0.28526,0,0,0,0,0,0,44.13889,0,0,0,0,0,0,0
GF5_B1_COLON_190815,72.00366,4.79125,0,4.96663,12.05166,0,0,0,0,0,0,0,0,0,6.1868,0,0,0,0,0,0,0
GF5_B1_D80,0.68288,97.7295,0,1.58762,0,0,0,0,0,0,0,0,0,0,0,0,0,0,0,0,0,0
GF5_B1_D82,15.56786,66.69783,0,8.86903,1.22902,0,0,0,0,0,0,0,0,0,7.63627,0,0,0,0,0,0,0
GF5_B1_D83,18.38692,66.84689,0,14.7662,0,0,0,0,0,0,0,0,0,0,0,0,0,0,0,0,0,0
GF5_B1_D84,25.99327,63.4533,0,10.55343,0,0,0,0,0,0,0,0,0,0,0,0,0,0,0,0,0,0
GF5_B2_D79,0,100,0,0,0,0,0,0,0,0,0,0,0,0,0,0,0,0,0,0,0,0
GF5_B2_D80,0,100,0,0,0,0,0,0,0,0,0,0,0,0,0,0,0,0,0,0,0,0
GF5_B3_COLON_190815,75.8864,6.92953,0,7.27749,0,0,0,0,0,0,0,0,0,0,9.90658,0,0,0,0,0,0,0
GF5_B3_D79,0,97.60101,0,2.27953,0,0,0,0,0,0,0,0,0,0,0.11946,0,0,0,0,0,0,0
GF5_B3_D81,88.71452,7.70304,0,3.58245,0,0,0,0,0,0,0,0,0,0,0,0,0,0,0,0,0,0
GF5_B3_D82,31.50547,51.33589,0,17.15864,0,0,0,0,0,0,0,0,0,0,0,0,0,0,0,0,0,0
GF5_B3_D83,21.60172,67.17882,0,11.21946,0,0,0,0,0,0,0,0,0,0,0,0,0,0,0,0,0,0
GF5_B4_D79,21.18048,36.42034,0,41.74849,0,0,0,0,0,0,0,0,0,0,0.42286,0,0,0,0.22784,0,0,0
GF5_B5_D79,0,26.6533,0,72.91035,0,0,0,0,0,0,0,0,0,0,0.43635,0,0,0,0,0,0,0
GF5_B5_D80,0,37.37289,0,62.62711,0,0,0,0,0,0,0,0,0,0,0,0,0,0,0,0,0,0
GF5_B6_COLON_190815,46.93097,7.78038,0,11.25762,13.46858,0,0,0,0,0,0,0,0,0,20.56245,0,0,0,0,0,0,0
GF5_B6_D79,2.45581,85.29699,0,12.2472,0,0,0,0,0,0,0,0,0,0,0,0,0,0,0,0,0,0
GF5_B6_D84,93.12634,6.06579,0,0.4513,0,0,0,0,0,0,0,0,0,0,0.35657,0,0,0,0,0,0,0
GF5_B7_COLON_190815,41.12347,11.48924,0,28.64537,5.88034,0,0,0,0,0,0,0,0,0,12.86159,0,0,0,0,0,0,0
GF5_B7_D79,2.39026,2.66724,0,94.79631,0,0,0,0,0,0,0,0,0,0,0.14619,0,0,0,0,0,0,0
GF5_B7_D80,72.51365,16.46325,0,11.0072,0,0,0,0,0,0,0,0,0,0,0.01591,0,0,0,0,0,0,0
GF5_B7_D82,86.54681,11.76842,0,1.68476,0,0,0,0,0,0,0,0,0,0,0,0,0,0,0,0,0,0
GF5_C_DAM_D24,49.65122,3.292,0,1.15787,18.22261,0.70322,0,0.07427,0,0,0,0,0,0,26.8988,0,0,0,0,0,0,0
GF5_C_DAM_D3,42.72686,3.73505,0,1.28179,0,0.11644,0,0.49972,0,0,0,0,0,0,51.64013,0,0,0,0,0,0,0
GF5_C1_COLON_190628,82.21564,16.16674,0,0.6502,0,0,0,0,0,0,0,0,0,0,0.96743,0,0,0,0,0,0,0
GF5_C1_COLON_190815,21.18323,78.81677,0,0,0,0,0,0,0,0,0,0,0,0,0,0,0,0,0,0,0,0
GF5_C1_D46,7.69482,89.38125,0,0.8027,2.09992,0,0,0,0,0,0,0,0,0,0.02131,0,0,0,0,0,0,0
GF5_C1_D47,17.23642,72.24647,0,1.96302,3.23835,5.17986,0,0.13587,0,0,0,0,0,0,0,0,0,0,0,0,0,0
GF5_C1_D48,40.16675,42.91769,0,2.21057,4.4921,0.08892,0,0,0,0,0,0,0,0,10.12398,0,0,0,0,0,0,0
GF5_C2_COLON_190815,0,100,0,0,0,0,0,0,0,0,0,0,0,0,0,0,0,0,0,0,0,0
GF5_C2_D46,4.73271,89.19416,0,1.69315,3.63109,0,0,0,0,0,0,0,0,0,0.74889,0,0,0,0,0,0,0
GF5_C3_COLON_190628,78.03324,21.96676,0,0,0,0,0,0,0,0,0,0,0,0,0,0,0,0,0,0,0,0
GF5_C3_COLON_190815,0,100,0,0,0,0,0,0,0,0,0,0,0,0,0,0,0,0,0,0,0,0
GF5_C3_D46,0.01991,96.9866,0,1.68984,0,0,0,0,0,0,0,0,0,0,1.30364,0,0,0,0,0,0,0
GF5_C4_COLON_190628,52.83408,40.15933,0,7.0066,0,0,0,0,0,0,0,0,0,0,0,0,0,0,0,0,0,0
GF5_C4_D46,0,83.58961,0,15.64176,0,0,0,0,0,0,0,0,0,0,0.76863,0,0,0,0,0,0,0
GF5_C4_D47,0,93.87355,0,6.12645,0,0,0,0,0,0,0,0,0,0,0,0,0,0,0,0,0,0
GF5_C5_COLON_190628,57.94592,28.03501,0,14.01906,0,0,0,0,0,0,0,0,0,0,0,0,0,0,0,0,0,0
GF5_C5_D47,0,96.24593,0,1.37569,0,0,0,0,0,0,0,0,0,0,2.37838,0,0,0,0,0,0,0
GF5_C6_D46,0,97.54577,0,0.80604,0,0,0,0,0,0,0,0,0,0,1.64819,0,0,0,0,0,0,0
GF5_COLON_A1,0,100,0,0,0,0,0,0,0,0,0,0,0,0,0,0,0,0,0,0,0,0
GF5_COLON_A2,0,100,0,0,0,0,0,0,0,0,0,0,0,0,0,0,0,0,0,0,0,0
GF6_A1_COLON_D54,76.97969,18.71182,0,0.15083,0,4.15767,0,0,0,0,0,0,0,0,0,0,0,0,0,0,0,0
GF6_A1_COLON_D88,21.48533,76.96682,0,1.54785,0,0,0,0,0,0,0,0,0,0,0,0,0,0,0,0,0,0
GF6_A1_D53,17.6911,78.88174,0,2.17776,0,0,0,0,0,0,0,0,0,0,1.2494,0,0,0,0,0,0,0
GF6_A1_D87,0,41.73272,0,58.26728,0,0,0,0,0,0,0,0,0,0,0,0,0,0,0,0,0,0
GF6_A2_COLON_D105,70.81698,0.64164,0,0,6.70145,0,0,0,0,0,0,0,0,0,21.83993,0,0,0,0,0,0,0
GF6_A2_COLON_D54,70.06787,29.72282,0,0,0,0,0,0,0,0,0,0,0,0,0.20931,0,0,0,0,0,0,0
GF6_A2_D51,0,86.31281,0,13.68719,0,0,0,0,0,0,0,0,0,0,0,0,0,0,0,0,0,0
GF6_A2_D52,0,100,0,0,0,0,0,0,0,0,0,0,0,0,0,0,0,0,0,0,0,0
GF6_A2_D87,12.6722,70.80727,0,3.92079,0,0,0,0,0,0,0,0,0,0,12.59974,0,0,0,0,0,0,0
GF6_A2_D93,66.7259,25.57389,0,0.8139,5.07249,0,0,0,0,0,0,0,0,0,1.81383,0,0,0,0,0,0,0
GF6_A3_COLON_D54,83.12764,16.87236,0,0,0,0,0,0,0,0,0,0,0,0,0,0,0,0,0,0,0,0
GF6_A3_COLON_D88,5.58514,93.91764,0,0,0.49722,0,0,0,0,0,0,0,0,0,0,0,0,0,0,0,0,0
GF6_A3_D51,0.14675,82.11532,0,5.82206,0,0,0,0,0,0,0,0,0,0,11.91587,0,0,0,0,0,0,0
GF6_A3_D52,9.82215,74.44219,0,14.92847,0,0,0,0,0,0,0,0,0,0,0.80719,0,0,0,0,0,0,0
GF6_A3_D53,27.44678,64.46915,0,3.46347,0,2.40551,0,0,0,0,0,0,0,0,2.21508,0,0,0,0,0,0,0
GF6_A3_D87,0,100,0,0,0,0,0,0,0,0,0,0,0,0,0,0,0,0,0,0,0,0
GF6_A4_COLON_D105,70.27924,0.959,0.89214,0,5.65256,0,0,0,0,0,0,0,0,0,22.21706,0,0,0,0,0,0,0
GF6_A4_COLON_D54,54.95815,44.39342,0,0,0,0.64843,0,0,0,0,0,0,0,0,0,0,0,0,0,0,0,0
GF6_A4_D51,0,71.26042,0,28.73958,0,0,0,0,0,0,0,0,0,0,0,0,0,0,0,0,0,0
GF6_A4_D53,14.04911,75.42938,0,7.85671,0,0.16322,0,0,0,0,0,0,0,0,2.50157,0,0,0,0,0,0,0
GF6_A4_D93,79.62738,17.16456,0,1.26584,0,0,0,0,0,0,0,0,0,0,1.94222,0,0,0,0,0,0,0
GF6_A5_COLON_D105,57.84564,1.5423,0,0,12.85455,0,0,0,0,0,0,0,0,0,27.7575,0,0,0,0,0,0,0
GF6_A5_D51,0,83.02469,0,16.97531,0,0,0,0,0,0,0,0,0,0,0,0,0,0,0,0,0,0
GF6_A5_D87,0,93.52004,0,0,0,0,0,0,0,0,0,0,0,0,0,0,0,0,6.47996,0,0,0
GF6_A5_D90,14.82383,47.57398,0,4.94552,0,0,0,0,0,0,0,0,0,0,32.65667,0,0,0,0,0,0,0
GF6_A5_D91,36.20611,44.20969,0,11.98946,0,0,0,0.07662,0,0,0,0,0,0,7.51813,0,0,0,0,0,0,0
GF6_A6_COLON_D105,77.05547,1.74764,0,0.08344,7.73277,0,0,0,0,0,0,0,0,0,13.38067,0,0,0,0,0,0,0
GF6_A6_COLON_D54,83.50187,15.96755,0,0.1082,0,0,0,0,0,0,0,0,0,0,0.42237,0,0,0,0,0,0,0
GF6_A6_D53,12.06425,74.89439,0,12.12825,0,0,0,0,0,0,0,0,0,0,0.91311,0,0,0,0,0,0,0
GF6_A6_D87,0,93.49071,0,6.50929,0,0,0,0,0,0,0,0,0,0,0,0,0,0,0,0,0,0
GF6_A6_D88,0,89.91839,0,10.08161,0,0,0,0,0,0,0,0,0,0,0,0,0,0,0,0,0,0
GF6_A6_D91,58.6872,26.04317,0,13.9797,0,0,0,0.01969,0,0,0,0,0,0,1.27025,0,0,0,0,0,0,0
GF6_A7_D87,0,100,0,0,0,0,0,0,0,0,0,0,0,0,0,0,0,0,0,0,0,0
GF6_A8_COLON_D105,80.18757,1.19521,0,0.90874,0.96988,0,0,0,0,0,0,0,0,0,16.7386,0,0,0,0,0,0,0
GF6_A8_COLON_D54,93.15302,6.84698,0,0,0,0,0,0,0,0,0,0,0,0,0,0,0,0,0,0,0,0
GF6_A8_D51,0,92.30057,0,5.99787,0,0,0,0,0,0,0,0,0,0,1.70156,0,0,0,0,0,0,0
GF6_A8_D52,0,92.35105,0,7.64895,0,0,0,0,0,0,0,0,0,0,0,0,0,0,0,0,0,0
GF6_A8_D53,53.69317,37.52928,0,5.11683,0,0,0,0,0,0,0,0,0,0,3.66071,0,0,0,0,0,0,0
GF6_A8_D89,51.83931,43.71378,0,3.93474,0,0,0,0,0,0,0,0,0,0,0.51218,0,0,0,0,0,0,0
GF6_A8_D91,74.61944,9.57233,0,0,2.64095,0,0,0,0,0,0,0,0,0,13.16728,0,0,0,0,0,0,0
GF6_A8_D93,64.91453,19.59721,0,0.84992,11.8122,0,0,0,0,0,0,0,0,0,2.82614,0,0,0,0,0,0,0
GF6_ADAM_D0,11.7107,31.16246,55.28347,0,0,0,0,0,0,0,0,0,0,0,0,0,0,0,1.84337,0,0,0
GF6_ASIRE_D57,22.03958,4.29702,0,2.19677,5.02526,5.53985,0,7.55492,0,0,0,0,0,0,53.3466,0,0,0,0,0,0,0
GF6_B_DAM_D22,35.8891,4.50849,0,4.0977,0,0,0,0.05371,0,0,0,0,0,0,55.45101,0,0,0,0,0,0,0
GF6_B1_D63,0,96.77514,0,1.37318,0,0,0,0,0,0,0,0,0,0,1.85168,0,0,0,0,0,0,0
GF6_B1_D64,0.76184,95.31826,0,1.95817,0,0.04584,0,0,0,0,0,0,0,0,1.91589,0,0,0,0,0,0,0
GF6_B1_D66,100,0,0,0,0,0,0,0,0,0,0,0,0,0,0,0,0,0,0,0,0,0
GF6_B1_D87,0,100,0,0,0,0,0,0,0,0,0,0,0,0,0,0,0,0,0,0,0,0
GF6_B1_D89,21.54105,6.2158,0,14.01609,0,0,0,0,0,0,0,0,0,0,58.22707,0,0,0,0,0,0,0
GF6_B1_D91,53.95432,6.36718,0,17.47679,0,0,0,0,0,0,0,0,0,0,22.20171,0,0,0,0,0,0,0
GF6_B1_D93,36.03877,56.01103,0,5.77667,0,0,0,0,0,0,0,0,0,0,2.17353,0,0,0,0,0,0,0
GF6_B10_D63,0,98.54032,0,1.18549,0,0,0,0,0,0,0,0,0,0,0.27419,0,0,0,0,0,0,0
GF6_B10_D64,2.58487,91.96378,0,4.50205,0,0.07735,0,0,0,0,0,0,0,0,0.87194,0,0,0,0,0,0,0
GF6_B2_COLON_D105,73.94068,2.71364,0,1.06454,0.09916,0,0,0,0,0,0,0,0,0,22.18197,0,0,0,0,0,0,0
GF6_B2_D63,4.03343,55.57515,0,39.53474,0,0,0,0,0,0,0,0,0,0,0.72208,0,0,0,0.13461,0,0,0
GF6_B2_D66,19.73244,78.40132,0,1.86624,0,0,0,0,0,0,0,0,0,0,0,0,0,0,0,0,0,0
GF6_B2_D87,5.93106,83.4369,0,10.63204,0,0,0,0,0,0,0,0,0,0,0,0,0,0,0,0,0,0
GF6_B2_D89,0,0,0,30.81229,0,0,0,0,0,0,0,0,0,0,69.18771,0,0,0,0,0,0,0
GF6_B3_COLON_D105,72.3354,1.93885,0,0.82679,0,0,0,0,0,0,0,0,0,0,24.89896,0,0,0,0,0,0,0
GF6_B3_D63,0,94.90952,0,3.86507,0,0,0,0,0,0,0,0,0,0,1.22541,0,0,0,0,0,0,0
GF6_B3_D66,78.20998,16.32973,0,3.53474,0,1.62569,0,0,0,0,0,0,0,0,0.29986,0,0,0,0,0,0,0
GF6_B3_D87,15.61827,70.74205,0,11.55034,0,0.55326,0,0,0,0,0,0,0,0,1.53608,0,0,0,0,0,0,0
GF6_B3_D89,0,100,0,0,0,0,0,0,0,0,0,0,0,0,0,0,0,0,0,0,0,0
GF6_B3_D91,75.63249,0,0,11.82573,0,0,0,0,0,0,0,0,0,0,12.54179,0,0,0,0,0,0,0
GF6_B3_D93,44.57561,4.27411,0,2.73232,0,0,0,0,0,0,0,0,0,0,48.41796,0,0,0,0,0,0,0
GF6_B4_COLON_D105,66.86026,2.54208,0,0.88337,0.98963,0,0,0,0,0,0,0,0,0,28.72467,0,0,0,0,0,0,0
GF6_B4_D64,2.26869,91.69195,0,3.892,0,0,0,0,0,0,0,0,0,0,2.14736,0,0,0,0,0,0,0
GF6_B4_D66,100,0,0,0,0,0,0,0,0,0,0,0,0,0,0,0,0,0,0,0,0,0
GF6_B4_D87,12.70367,73.18462,0,12.38831,0,0.18406,0,0,0,0,0,0,0,0,1.53934,0,0,0,0,0,0,0
GF6_B4_D89,0,0,0,59.1325,0,0,0,0,0,0,0,0,0,0,40.8675,0,0,0,0,0,0,0
GF6_B4_D93,59.87706,10.36886,0,1.42168,0,0,0,0,0,0,0,0,0,0,28.33239,0,0,0,0,0,0,0
GF6_B5_COLON_D105,70.33156,2.89932,0,1.06112,0,0,0,0,0,0,0,0,0,0,25.708,0,0,0,0,0,0,0
GF6_B5_D66,100,0,0,0,0,0,0,0,0,0,0,0,0,0,0,0,0,0,0,0,0,0
GF6_B5_D90,0,0,0,34.8996,0,0,0,0,0,0,0,0,0,0,56.18828,0,0,0,8.91212,0,0,0
GF6_B5_D91,0,0,0,32.1902,0,0,0,0,0,0,0,0,0,0,67.8098,0,0,0,0,0,0,0
GF6_B6_COLON_D105,70.34222,3.20878,0,0.91414,0,0,0,0,0,0,0,0,0,0,25.53486,0,0,0,0,0,0,0
GF6_B6_D63,0,91.59195,0,7.34992,0,0,0,0,0,0,0,0,0,0,1.05813,0,0,0,0,0,0,0
GF6_B6_D64,1.98019,90.47678,0,6.04352,0,0.13206,0,0,0,0,0,0,0,0,1.33957,0,0,0,0.02788,0,0,0
GF6_B6_D66,89.97388,9.38723,0,0.63889,0,0,0,0,0,0,0,0,0,0,0,0,0,0,0,0,0,0
GF6_B6_D87,0,100,0,0,0,0,0,0,0,0,0,0,0,0,0,0,0,0,0,0,0,0
GF6_B6_D90,0,0,0,44.07589,0,0,0,0,0,0,0,0,0,0,55.92411,0,0,0,0,0,0,0
GF6_B6_D91,0,0,0,82.13645,0,0,0,0,0,0,0,0,0,0,17.86355,0,0,0,0,0,0,0
GF6_B6_D93,39.22171,38.31445,0,21.44608,0,0,0,0,0,0,0,0,0,0,1.01776,0,0,0,0,0,0,0
GF6_B7_COLON_D105,84.50548,2.79152,0,0.29836,0,0,0,0,0,0,0,0,0,0,12.40464,0,0,0,0,0,0,0
GF6_B7_D63,0,81.78272,0,16.88059,0,0,0,0,0,0,0,0,0,0,1.33669,0,0,0,0,0,0,0
GF6_B7_D66,75.90565,22.46226,0,1.63209,0,0,0,0,0,0,0,0,0,0,0,0,0,0,0,0,0,0
GF6_B7_D87,0,98.96089,0,1.03911,0,0,0,0,0,0,0,0,0,0,0,0,0,0,0,0,0,0
GF6_B7_D90,0,0,0,36.89766,0,0.38536,0,0,0,0,0,0,0,0,62.42619,0,0,0,0.2908,0,0,0
GF6_B7_D91,0,0,0,0,0,0,0,0,0,0,0,0,0,0,100,0,0,0,0,0,0,0
GF6_B7_D93,78.56587,18.13017,0,3.30396,0,0,0,0,0,0,0,0,0,0,0,0,0,0,0,0,0,0
GF6_B8_COLON_D105,73.33734,5.50015,6.08026,1.55647,1.51131,0.42978,0,0.36394,0,0,0,0,0,0,11.22074,0,0,0,0,0,0,0
GF6_B8_D63,0.27722,94.59574,0,3.79838,0,0,0,0,0,0,0,0,0,0,1.32866,0,0,0,0,0,0,0
GF6_B8_D66,78.26103,15.01538,0,6.72359,0,0,0,0,0,0,0,0,0,0,0,0,0,0,0,0,0,0
GF6_B8_D91,56.07397,11.46753,0,31.81388,0,0,0,0,0,0,0,0,0,0,0.64463,0,0,0,0,0,0,0
GF6_B9_D66,92.40079,7.59921,0,0,0,0,0,0,0,0,0,0,0,0,0,0,0,0,0,0,0,0
GF6_GFPBS1_COLON,100,0,0,0,0,0,0,0,0,0,0,0,0,0,0,0,0,0,0,0,0,0
GF6_GFPBS2_COLON,100,0,0,0,0,0,0,0,0,0,0,0,0,0,0,0,0,0,0,0,0,0
GF6_GFPBS3_COLON,100,0,0,0,0,0,0,0,0,0,0,0,0,0,0,0,0,0,0,0,0,0
GF6_INOC,29.7704,8.1364,0,4.35527,5.26107,3.35487,0,3.37246,0,0,0,0,0,0,45.74954,0,0,0,0,0,0,0
GF6_WATER_H11,7.42563,9.21464,0,5.65997,0,0,0,0,0,0,0,0,0,0,77.69976,0,0,0,0,0,0,0
GF7_A1_COLON_D47,57.52066,9.31484,19.60945,2.22416,0,3.00251,0,0,0,6.64368,1.68468,0,0,0,0,0,0,0,0,0,0,0
GF7_A3_COLON_D47,43.83552,21.88013,32.19554,2.08882,0,0,0,0,0,0,0,0,0,0,0,0,0,0,0,0,0,0
GF7_A4_COLON_D47,54.78127,6.80734,27.15261,1.37121,0,9.88756,0,0,0,0,0,0,0,0,0,0,0,0,0,0,0,0
GF7_A5_COLON_D47,75.07914,3.87467,19.35101,0,0,1.69518,0,0,0,0,0,0,0,0,0,0,0,0,0,0,0,0
GF7_A6_COLON_D47,70.93733,7.03936,17.84674,1.31192,0,2.86466,0,0,0,0,0,0,0,0,0,0,0,0,0,0,0,0
GF7_A7_COLON_D47,40.00612,17.06225,42.93163,0,0,0,0,0,0,0,0,0,0,0,0,0,0,0,0,0,0,0
GF7_ADAM_D0,0,0,0,0,0,0,0,0,0,0,0,0,0,0,0,0,0,0,100,0,0,0
GF7_ADAM_D5,34.89952,5.82924,0,1.32836,16.14243,0.66697,0,0.05416,0,0,0,0,0,0,41.07933,0,0,0,0,0,0,0
GF7_ADAM_D78,29.98688,6.44438,0,1.53942,8.50978,3.15543,0,4.41353,0,0,0,0,0,0,45.95058,0,0,0,0,0,0,0
GF7_ASIRE_D36,47.17091,20.18358,16.77449,3.06225,6.75266,3.82568,0.42571,1.80472,0,0,0,0,0,0,0,0,0,0,0,0,0,0
GF7_B1_COLON_D47,64.19781,12.30923,9.76863,2.53792,6.10125,2.43833,1.40286,1.24397,0,0,0,0,0,0,0,0,0,0,0,0,0,0
GF7_B1_D30,3.75337,92.80833,0.05326,3.38503,0,0,0,0,0,0,0,0,0,0,0,0,0,0,0,0,0,0
GF7_B1_D31,7.95326,73.4649,12.70193,1.90577,0,3.97414,0,0,0,0,0,0,0,0,0,0,0,0,0,0,0,0
GF7_B1_D32,43.0466,26.64863,28.79431,1.51046,0,0,0,0,0,0,0,0,0,0,0,0,0,0,0,0,0,0
GF7_B1_D33,36.68328,24.13219,38.38454,0.79999,0,0,0,0,0,0,0,0,0,0,0,0,0,0,0,0,0,0
GF7_B1_D36,47.97427,24.3128,25.96442,1.74851,0,0,0,0,0,0,0,0,0,0,0,0,0,0,0,0,0,0
GF7_B2_COLON_D47,59.13584,11.51092,9.8953,3.17198,7.50143,4.23189,2.69045,1.86219,0,0,0,0,0,0,0,0,0,0,0,0,0,0
GF7_B2_D30,1.1685,97.95659,0.04643,0.82848,0,0,0,0,0,0,0,0,0,0,0,0,0,0,0,0,0,0
GF7_B2_D34,33.04478,30.11682,35.6011,1.2373,0,0,0,0,0,0,0,0,0,0,0,0,0,0,0,0,0,0
GF7_B2_D36,41.41124,36.73992,20.98222,0.86662,0,0,0,0,0,0,0,0,0,0,0,0,0,0,0,0,0,0
GF7_B3_D30,1.06362,97.88692,0,1.04946,0,0,0,0,0,0,0,0,0,0,0,0,0,0,0,0,0,0
GF7_B3_D31,19.50083,76.90344,0.63242,2.96331,0,0,0,0,0,0,0,0,0,0,0,0,0,0,0,0,0,0
GF7_B3_D33,41.7764,24.84376,28.67273,4.7071,0,0,0,0,0,0,0,0,0,0,0,0,0,0,0,0,0,0
GF7_B3_D36,30.54217,33.26587,32.03328,4.15868,0,0,0,0,0,0,0,0,0,0,0,0,0,0,0,0,0,0
GF7_B4_COLON_D47,32.71695,36.55704,19.11383,3.11124,6.1236,2.34542,0.03193,0,0,0,0,0,0,0,0,0,0,0,0,0,0,0
GF7_B4_D35,28.88118,12.66715,58.38157,0.07011,0,0,0,0,0,0,0,0,0,0,0,0,0,0,0,0,0,0
GF7_B4_D36,16.57385,30.96998,51.66435,0.79182,0,0,0,0,0,0,0,0,0,0,0,0,0,0,0,0,0,0
GF7_B5_COLON_D47,49.31449,16.28817,10.60289,4.16548,7.15459,4.49762,5.77343,2.20333,0,0,0,0,0,0,0,0,0,0,0,0,0,0
GF7_B5_D30,9.9897,84.93829,1.36911,3.34235,0,0.36055,0,0,0,0,0,0,0,0,0,0,0,0,0,0,0,0
GF7_B5_D36,24.29707,35.51571,36.41707,3.77015,0,0,0,0,0,0,0,0,0,0,0,0,0,0,0,0,0,0
GF7_B6_COLON_D47,0,100,0,0,0,0,0,0,0,0,0,0,0,0,0,0,0,0,0,0,0,0
GF7_B8_COLON_D47,0,0,0,0,0,0,0,0,0,0,0,0,0,100,0,0,0,0,0,0,0,0
GF7_BDAM_D1,42.59183,50.65914,2.82021,3.43427,0.49455,0,0,0,0,0,0,0,0,0,0,0,0,0,0,0,0,0
GF7_BDAM_D78,59.83238,20.17845,0,8.88023,6.17624,0.92277,0,0,0,0,0,0,0,0,4.00992,0,0,0,0,0,0,0
GF7_BSIRE_D12,43.03917,15.49984,22.03933,3.23542,6.38053,4.60148,2.52964,2.67459,0,0,0,0,0,0,0,0,0,0,0,0,0,0
GF7_BSIRE_D20,57.44282,5.88681,21.63689,2.37318,5.61468,2.95225,2.05388,2.03949,0,0,0,0,0,0,0,0,0,0,0,0,0,0
GF7_BSIRE_D36,72.99862,4.1454,13.02498,1.13697,4.77706,2.19772,0.51384,1.20541,0,0,0,0,0,0,0,0,0,0,0,0,0,0
GF7_C1_COLON_D47,75.02153,9.27155,7.36456,2.55381,5.78855,0,0,0,0,0,0,0,0,0,0,0,0,0,0,0,0,0
GF7_C1_D30,10.55507,85.25968,1.10739,2.64286,0,0.435,0,0,0,0,0,0,0,0,0,0,0,0,0,0,0,0
GF7_C1_D34,0,0,0,100,0,0,0,0,0,0,0,0,0,0,0,0,0,0,0,0,0,0
GF7_C1_D36,35.33926,20.16527,43.81937,0.6761,0,0,0,0,0,0,0,0,0,0,0,0,0,0,0,0,0,0
GF7_C2_COLON_D47,47.8999,21.80359,17.47126,4.99452,7.83072,0,0,0,0,0,0,0,0,0,0,0,0,0,0,0,0,0
GF7_C2_D30,1.73027,96.01123,0.25275,2.00575,0,0,0,0,0,0,0,0,0,0,0,0,0,0,0,0,0,0
GF7_C2_D32,0,0,0,100,0,0,0,0,0,0,0,0,0,0,0,0,0,0,0,0,0,0
GF7_C2_D33,0,0,0,99.3843,0,0,0,0,0,0,0,0,0,0,0,0,0,0,0.6157,0,0,0
GF7_C2_D36,43.55487,22.36491,26.2343,7.84593,0,0,0,0,0,0,0,0,0,0,0,0,0,0,0,0,0,0
GF7_C3_COLON_D47,52.4348,20.04749,16.19263,3.53297,7.79211,0,0,0,0,0,0,0,0,0,0,0,0,0,0,0,0,0
GF7_C3_D30,0,99.85691,0.14309,0,0,0,0,0,0,0,0,0,0,0,0,0,0,0,0,0,0,0
GF7_C3_D31,0,98.7398,0,1.2602,0,0,0,0,0,0,0,0,0,0,0,0,0,0,0,0,0,0
GF7_C3_D33,0,0,0,100,0,0,0,0,0,0,0,0,0,0,0,0,0,0,0,0,0,0
GF7_C3_D34,5.73106,0.11346,5.13201,89.02347,0,0,0,0,0,0,0,0,0,0,0,0,0,0,0,0,0,0
GF7_C4_COLON_D47,63.09334,13.81876,11.97064,3.27093,7.84633,0,0,0,0,0,0,0,0,0,0,0,0,0,0,0,0,0
GF7_C4_D31,0.52559,97.65249,0,1.82193,0,0,0,0,0,0,0,0,0,0,0,0,0,0,0,0,0,0
GF7_C4_D32,0,88.16373,4.39636,7.4399,0,0,0,0,0,0,0,0,0,0,0,0,0,0,0,0,0,0
GF7_CONTAMINANT,2.19064,0,0,6.31616,0,0,0,0,0,91.4932,0,0,0,0,0,0,0,0,0,0,0,0
GF7_INOC,1.86754,82.15489,3.34294,8.37931,4.25532,0,0,0,0,0,0,0,0,0,0,0,0,0,0,0,0,0
GF7_WATER,0,100,0,0,0,0,0,0,0,0,0,0,0,0,0,0,0,0,0,0,0,0
GF8_A1_COLON_D46,50.09159,12.26338,31.85846,0.78921,3.96145,0.84779,0,0.16584,0.02228,0,0,0,0,0,0,0,0,0,0,0,0,0
GF8_A1_D30,36.64357,37.16872,16.46566,2.29167,6.59042,0.33074,0.22087,0.28834,0,0,0,0,0,0,0,0,0,0,0,0,0,0
GF8_A1_D33,0,100,0,0,0,0,0,0,0,0,0,0,0,0,0,0,0,0,0,0,0,0
GF8_A1_D35,34.6993,54.9373,7.90318,0,2.46023,0,0,0,0,0,0,0,0,0,0,0,0,0,0,0,0,0
GF8_A2_COLON_D46,62.07803,11.98887,14.56684,1.31868,6.94704,1.3721,1.26143,0.36331,0.10369,0,0,0,0,0,0,0,0,0,0,0,0,0
GF8_A2_D30,4.57457,90.35208,0,3.71126,0,0,0,0,0,0,0,0,0,0,1.3621,0,0,0,0,0,0,0
GF8_A2_D35,5.31932,83.44607,11.23461,0,0,0,0,0,0,0,0,0,0,0,0,0,0,0,0,0,0,0
GF8_A3_D30,11.91293,81.46577,3.41517,1.98807,0.76699,0,0,0,0,0,0,0,0,0,0.45107,0,0,0,0,0,0,0
GF8_A4_D30,19.79521,49.53225,0,0.72641,0,0,0,0,0,0,0,0,0,0,29.94613,0,0,0,0,0,0,0
GF8_A4_D31,0,100,0,0,0,0,0,0,0,0,0,0,0,0,0,0,0,0,0,0,0,0
GF8_A4_D32,0,95.58967,4.41033,0,0,0,0,0,0,0,0,0,0,0,0,0,0,0,0,0,0,0
GF8_A4_D33,0,99.50546,0,0.49454,0,0,0,0,0,0,0,0,0,0,0,0,0,0,0,0,0,0
GF8_A5_D30,0.09688,95.92299,0,0,0,0,0,0,0,0,0,0,0,0,3.98013,0,0,0,0,0,0,0
GF8_A7_D32,36.60829,23.48016,39.70173,0.02295,0.18687,0,0,0,0,0,0,0,0,0,0,0,0,0,0,0,0,0
GF8_ADAM_D0,52.26916,16.55098,19.53585,2.0768,5.35109,1.87348,0.71535,1.17413,0,0,0,0,0,0,0.45315,0,0,0,0,0,0,0
GF8_B1_COLON_D46,61.47382,13.63255,16.59344,1.67006,5.31262,0.59897,0.526,0.19255,0,0,0,0,0,0,0,0,0,0,0,0,0,0
GF8_B1_D31,0,99.65069,0,0.34931,0,0,0,0,0,0,0,0,0,0,0,0,0,0,0,0,0,0
GF8_B1_D32,33.54702,42.85449,20.59356,2.63715,0.11823,0,0,0,0,0,0,0,0,0,0.24956,0,0,0,0,0,0,0
GF8_B1_D34,35.18363,21.72439,41.82424,0.32185,0.84089,0,0,0.105,0,0,0,0,0,0,0,0,0,0,0,0,0,0
GF8_B2_D32,38.82303,18.60587,40.50958,1.59979,0.43967,0.02206,0,0,0,0,0,0,0,0,0,0,0,0,0,0,0,0
GF8_B3_D46,24.82029,58.42488,10.50546,0,3.96176,0,0,0,0,0,0,0,0,0,2.28761,0,0,0,0,0,0,0
GF8_B4_COLON_D46,68.60793,10.1924,12.64927,1.01849,4.98862,0.4254,1.7463,0.37161,0,0,0,0,0,0,0,0,0,0,0,0,0,0
GF8_B4_D30,3.43911,90.49922,2.57547,3.48619,0,0,0,0,0,0,0,0,0,0,0,0,0,0,0,0,0,0
GF8_B4_D33,40.87833,23.74693,34.17682,1.19792,0,0,0,0,0,0,0,0,0,0,0,0,0,0,0,0,0,0
GF8_B5_COLON_D46,59.93521,24.84218,9.58108,0.76287,3.86904,0.50992,0.4639,0.03581,0,0,0,0,0,0,0,0,0,0,0,0,0,0
GF8_B5_D34,40.32267,14.57527,40.80802,0.80882,2.86821,0.41504,0,0.20196,0,0,0,0,0,0,0,0,0,0,0,0,0,0
GF8_B5_D35,28.11911,30.43551,41.27537,0.17001,0,0,0,0,0,0,0,0,0,0,0,0,0,0,0,0,0,0
GF8_B6_COLON_D46,75.05701,5.61805,11.00274,0.95033,4.78319,1.37341,0.76779,0.44749,0,0,0,0,0,0,0,0,0,0,0,0,0,0
GF8_B6_D30,11.24865,81.42792,5.36611,1.93449,0,0,0,0,0,0,0,0,0,0,0.02283,0,0,0,0,0,0,0
GF8_B6_D33,40.26505,22.31239,27.15123,10.27133,0,0,0,0,0,0,0,0,0,0,0,0,0,0,0,0,0,0
GF8_B6_D34,41.25366,16.90348,39.93983,1.21737,0.67841,0.00724,0,0,0,0,0,0,0,0,0,0,0,0,0,0,0,0
GF8_B6_D35,29.02269,34.56725,36.14371,0.26635,0,0,0,0,0,0,0,0,0,0,0,0,0,0,0,0,0,0
GF8_B7_D33,16.74834,47.83949,23.90545,11.50673,0,0,0,0,0,0,0,0,0,0,0,0,0,0,0,0,0,0
GF8_C1_COLON_D46,69.57475,11.68129,13.16774,0.79122,4.78501,0,0,0,0,0,0,0,0,0,0,0,0,0,0,0,0,0
GF8_C1_D31,0,100,0,0,0,0,0,0,0,0,0,0,0,0,0,0,0,0,0,0,0,0
GF8_C1_D32,21.8991,44.31878,17.83401,14.15032,1.79779,0,0,0,0,0,0,0,0,0,0,0,0,0,0,0,0,0
GF8_C1_D33,8.87391,43.79481,47.33128,0,0,0,0,0,0,0,0,0,0,0,0,0,0,0,0,0,0,0
GF8_C1_D34,48.20856,14.62204,27.15041,3.62958,5.4796,0.40763,0.21414,0.28804,0,0,0,0,0,0,0,0,0,0,0,0,0,0
GF8_C2_COLON_D46,58.63943,23.54905,12.20022,0.77471,4.83659,0,0,0,0,0,0,0,0,0,0,0,0,0,0,0,0,0
GF8_C2_D30,36.77037,42.67261,1.82354,1.03686,0,0,0,0,0,0,0,0,0,0,17.69662,0,0,0,0,0,0,0
GF8_C2_D31,0,100,0,0,0,0,0,0,0,0,0,0,0,0,0,0,0,0,0,0,0,0
GF8_C3_D30,11.52162,79.62947,5.31976,2.13814,0.80453,0.21603,0,0.37046,0,0,0,0,0,0,0,0,0,0,0,0,0,0
GF8_C4_COLON_D46,56.14611,25.36629,13.34817,1.01128,4.12814,0,0,0,0,0,0,0,0,0,0,0,0,0,0,0,0,0
GF8_C4_D30,11.66006,79.86496,4.81872,2.43946,0.89244,0.17172,0,0.15265,0,0,0,0,0,0,0,0,0,0,0,0,0,0
GF8_C4_D35,47.25094,14.50204,32.7117,5.53532,0,0,0,0,0,0,0,0,0,0,0,0,0,0,0,0,0,0
GF8_C5_COLON_D46,50.25306,25.68381,17.8648,2.3428,3.85553,0,0,0,0,0,0,0,0,0,0,0,0,0,0,0,0,0
GF8_C5_D30,0.93308,98.78815,0,0.27877,0,0,0,0,0,0,0,0,0,0,0,0,0,0,0,0,0,0
GF8_C5_D35,46.75286,19.9235,25.10412,4.21242,4.0071,0,0,0,0,0,0,0,0,0,0,0,0,0,0,0,0,0
GF8_C6_COLON_D46,41.71158,30.98196,21.61953,1.37025,4.07365,0,0,0.24304,0,0,0,0,0,0,0,0,0,0,0,0,0,0
GF8_C6_D30,0.39995,98.88733,0,0.71272,0,0,0,0,0,0,0,0,0,0,0,0,0,0,0,0,0,0
GF8_C6_D32,0,44.89941,0,55.10059,0,0,0,0,0,0,0,0,0,0,0,0,0,0,0,0,0,0
GF8_C6_D34,41.54215,11.46453,28.76179,18.23153,0,0,0,0,0,0,0,0,0,0,0,0,0,0,0,0,0,0
GF8_C7_COLON_D46,34.90039,31.45245,26.079,1.83472,5.1248,0.23909,0,0.36956,0,0,0,0,0,0,0,0,0,0,0,0,0,0
GF8_C7_D30,0,100,0,0,0,0,0,0,0,0,0,0,0,0,0,0,0,0,0,0,0,0
GF8_C7_D33,36.56801,28.47029,27.52468,3.95398,3.48304,0,0,0,0,0,0,0,0,0,0,0,0,0,0,0,0,0
GF8_C7_D35,37.46006,25.94352,28.61457,2.36235,5.20647,0,0,0.41303,0,0,0,0,0,0,0,0,0,0,0,0,0,0
GF8_INOC,57.81285,16.03379,15.05938,1.78116,4.14159,2.36205,0.78009,1.08652,0,0,0,0,0,0,0.94257,0,0,0,0,0,0,0
GF9_A_DAM_D0,41.38592,37.37448,15.75726,1.23108,4.1846,0.06665,0,0,0,0,0,0,0,0,0,0,0,0,0,0,0,0
GF9_A1_COLON_D33,0,82.22255,0,17.77745,0,0,0,0,0,0,0,0,0,0,0,0,0,0,0,0,0,0
GF9_A1_D16,35.77304,46.62709,12.67301,1.21081,3.71605,0,0,0,0,0,0,0,0,0,0,0,0,0,0,0,0,0
GF9_A1_D19,45.57585,32.11705,15.27656,2.04157,0,0,0,0,0,0,0,0,0,0,4.98897,0,0,0,0,0,0,0
GF9_A1_D20,44.02117,24.94251,26.18842,4.84791,0,0,0,0,0,0,0,0,0,0,0,0,0,0,0,0,0,0
GF9_A1_D21,19.74529,48.6473,30.42797,1.17944,0,0,0,0,0,0,0,0,0,0,0,0,0,0,0,0,0,0
GF9_A2_COLON_D33,69.55076,1.63131,17.15763,0,11.6603,0,0,0,0,0,0,0,0,0,0,0,0,0,0,0,0,0
GF9_A2_D21,24.61182,36.25166,35.08672,2.7594,1.18238,0.10801,0,0,0,0,0,0,0,0,0,0,0,0,0,0,0,0
GF9_A3_COLON_D33,61.15766,12.67586,15.14708,5.29283,5.49608,0.08641,0.14408,0,0,0,0,0,0,0,0,0,0,0,0,0,0,0
GF9_A3_D18,20.74449,45.28083,26.74584,1.99392,5.15913,0,0,0.07579,0,0,0,0,0,0,0,0,0,0,0,0,0,0
GF9_A3_D19,20.15133,51.14108,24.63353,4.07406,0,0,0,0,0,0,0,0,0,0,0,0,0,0,0,0,0,0
GF9_A3_D21,17.04978,36.99146,44.24817,1.34615,0.36445,0,0,0,0,0,0,0,0,0,0,0,0,0,0,0,0,0
GF9_A4_COLON_D33,46.28393,21.09833,19.23964,7.10403,6.11879,0.14006,0.01522,0,0,0,0,0,0,0,0,0,0,0,0,0,0,0
GF9_A4_D16,14.09069,76.372,6.91216,0.91545,1.7097,0,0,0,0,0,0,0,0,0,0,0,0,0,0,0,0,0
GF9_A4_D17,38.49754,34.05558,21.14536,1.42689,4.62946,0.127,0,0.11817,0,0,0,0,0,0,0,0,0,0,0,0,0,0
GF9_A4_D18,33.93748,41.2704,18.07399,2.18968,4.47597,0,0,0.05248,0,0,0,0,0,0,0,0,0,0,0,0,0,0
GF9_A4_D19,28.28257,57.13255,6.31378,8.27111,0,0,0,0,0,0,0,0,0,0,0,0,0,0,0,0,0,0
GF9_A4_D20,36.37167,31.09224,23.23182,9.30427,0,0,0,0,0,0,0,0,0,0,0,0,0,0,0,0,0,0
GF9_A5_COLON_D33,52.6618,18.66445,19.76695,5.03168,3.64305,0.23207,0,0,0,0,0,0,0,0,0,0,0,0,0,0,0,0
GF9_A5_D18,34.37475,41.92177,17.96245,1.9272,3.7851,0,0,0.02874,0,0,0,0,0,0,0,0,0,0,0,0,0,0
GF9_A5_D19,20.01455,41.5625,15.80532,22.61763,0,0,0,0,0,0,0,0,0,0,0,0,0,0,0,0,0,0
GF9_A6_COLON_D33,60.71845,13.80671,15.07171,5.35314,3.86563,0.42171,0.76264,0,0,0,0,0,0,0,0,0,0,0,0,0,0,0
GF9_A6_D16,40.03936,40.73261,11.98026,1.43455,4.45865,0.65596,0.45923,0.23046,0.0089,0,0,0,0,0,0,0,0,0,0,0,0,0
GF9_A6_D21,34.98217,24.29081,39.57432,1.15269,0,0,0,0,0,0,0,0,0,0,0,0,0,0,0,0,0,0
GF9_A7_D16,0.46729,98.20191,0,1.3308,0,0,0,0,0,0,0,0,0,0,0,0,0,0,0,0,0,0
GF9_A7_D20,30.52847,34.52979,23.41719,11.34315,0.1814,0,0,0,0,0,0,0,0,0,0,0,0,0,0,0,0,0
GF9_C1_COLON_D33,72.40886,8.00368,11.84604,0.54439,7.17897,0,0,0.01806,0,0,0,0,0,0,0,0,0,0,0,0,0,0
GF9_C1_D16,6.23042,91.12947,0.71948,1.80216,0.11847,0,0,0,0,0,0,0,0,0,0,0,0,0,0,0,0,0
GF9_C1_D17,24.6235,59.16065,12.85768,1.45167,1.9065,0,0,0,0,0,0,0,0,0,0,0,0,0,0,0,0,0
GF9_C1_D19,14.98047,19.9857,20.30793,44.7259,0,0,0,0,0,0,0,0,0,0,0,0,0,0,0,0,0,0
GF9_C1_D21,34.74304,9.92333,47.74847,7.58516,0,0,0,0,0,0,0,0,0,0,0,0,0,0,0,0,0,0
GF9_C2_COLON_D33,74.33625,6.22379,12.5975,0.97762,5.86483,0,0,0,0,0,0,0,0,0,0,0,0,0,0,0,0,0
GF9_C2_D16,32.32035,41.28478,19.82968,2.00187,4.47206,0,0,0.09126,0,0,0,0,0,0,0,0,0,0,0,0,0,0
GF9_C2_D18,36.46815,36.28402,19.09403,2.83171,5.32208,0,0,0,0,0,0,0,0,0,0,0,0,0,0,0,0,0
GF9_C2_D21,52.36398,14.74667,24.40627,2.25875,6.22433,0,0,0,0,0,0,0,0,0,0,0,0,0,0,0,0,0
GF9_C3_D16,39.02565,32.73727,21.46056,2.055,4.6869,0,0,0.03462,0,0,0,0,0,0,0,0,0,0,0,0,0,0
GF9_C3_D17,18.34123,65.14449,11.96508,1.94575,2.59429,0,0,0.00916,0,0,0,0,0,0,0,0,0,0,0,0,0,0
GF9_C3_D19,15.95934,9.6051,16.25049,58.18507,0,0,0,0,0,0,0,0,0,0,0,0,0,0,0,0,0,0
GF9_C3_D20,26.23667,14.88229,22.81828,36.06277,0,0,0,0,0,0,0,0,0,0,0,0,0,0,0,0,0,0
GF9_C3_D21,17.11872,16.90448,29.95562,36.02118,0,0,0,0,0,0,0,0,0,0,0,0,0,0,0,0,0,0
GF9_C4_COLON_D33,65.77337,9.87832,17.47178,1.17035,5.70618,0,0,0,0,0,0,0,0,0,0,0,0,0,0,0,0,0
GF9_C4_D16,45.28113,19.42397,27.13347,3.21801,4.83244,0,0,0.11098,0,0,0,0,0,0,0,0,0,0,0,0,0,0
GF9_C4_D17,10.99158,78.18869,8.57375,0.63913,1.60685,0,0,0,0,0,0,0,0,0,0,0,0,0,0,0,0,0
GF9_C4_D19,44.01725,12.61912,26.91174,16.45189,0,0,0,0,0,0,0,0,0,0,0,0,0,0,0,0,0,0
GF9_C5_COLON_D33,71.11058,8.82219,12.67765,0.9392,6.45039,0,0,0,0,0,0,0,0,0,0,0,0,0,0,0,0,0
GF9_C5_D17,11.32907,73.36005,12.09254,1.38344,1.6858,0,0,0.14909,0,0,0,0,0,0,0,0,0,0,0,0,0,0
GF9_C5_D18,24.61256,38.78275,32.33119,0,4.27349,0,0,0,0,0,0,0,0,0,0,0,0,0,0,0,0,0
GF9_C5_D20,6.12162,8.45386,6.1568,79.26772,0,0,0,0,0,0,0,0,0,0,0,0,0,0,0,0,0,0
GF9_C5_D21,32.97157,24.3558,24.64903,17.41531,0.6083,0,0,0,0,0,0,0,0,0,0,0,0,0,0,0,0,0
GF9_C6_COLON_D33,72.70569,9.25809,10.73215,0.72286,6.58121,0,0,0,0,0,0,0,0,0,0,0,0,0,0,0,0,0
GF9_C6_D16,26.57082,37.22129,29.49039,1.75346,4.81849,0,0,0.14556,0,0,0,0,0,0,0,0,0,0,0,0,0,0
GF9_C6_D20,16.55011,45.87691,24.97953,12.59346,0,0,0,0,0,0,0,0,0,0,0,0,0,0,0,0,0,0
GF9_C6_D21,31.80624,23.09783,24.32291,19.73128,1.04174,0,0,0,0,0,0,0,0,0,0,0,0,0,0,0,0,0
GF9_C7_COLON_D33,78.26034,6.25247,10.35251,0.97741,4.15726,0,0,0,0,0,0,0,0,0,0,0,0,0,0,0,0,0
GF9_C7_D16,32.5682,35.94999,25.58898,1.36911,4.30362,0,0,0.2201,0,0,0,0,0,0,0,0,0,0,0,0,0,0
GF9_C7_D17,19.50833,66.3711,10.15174,1.30032,2.66851,0,0,0,0,0,0,0,0,0,0,0,0,0,0,0,0,0
GF9_INOC,44.37426,32.90686,16.93636,1.3865,3.88223,0.25016,0,0.26363,0,0,0,0,0,0,0,0,0,0,0,0,0,0
Gn3_6C_dam,60.51481,3.89558,20.64921,4.03412,0,5.98905,0.75941,4.15783,0,0,0,0,0,0,0,0,0,0,0,0,0,0
Gn3_6Cdam_Stool_210816,34.25578,6.10923,34.8881,9.55139,0,7.54124,0.56742,7.08683,0,0,0,0,0,0,0,0,0,0,0,0,0,0
Gn3_6Cdam_Stool_211105-1,11.00367,6.2752,29.06784,3.32839,0,0.24827,0,0,0,0,0,0,0,0,50.07663,0,0,0,0,0,0,0
Gn3_6Cdam_Stool_211105-2,16.55261,6.5386,26.72932,3.19191,0,0.20061,0,0,0,0,0,0,0,0,46.78695,0,0,0,0,0,0,0
Gn3_6Cdam_Stool_211105-3,18.22775,5.47576,32.34761,3.04077,0,0.12233,0,0,0,0,0,0,0,0,40.78578,0,0,0,0,0,0,0
Gn3_6D_dam,13.01176,11.29121,56.17476,5.56005,0,5.44155,2.15362,6.36704,0,0,0,0,0,0,0,0,0,0,0,0,0,0
Gn3_6Ddam_Stool,22.72147,10.35235,36.87046,11.55143,0,8.05361,2.70529,7.74539,0,0,0,0,0,0,0,0,0,0,0,0,0,0
Gn3_6E_dam,33.81046,5.58291,36.67786,7.79158,0,7.59878,1.12678,7.41163,0,0,0,0,0,0,0,0,0,0,0,0,0,0
Gn3_6Edam_Stool,41.58599,5.76102,37.30482,9.27659,0,3.25365,0.62772,2.1902,0,0,0,0,0,0,0,0,0,0,0,0,0,0
Gn3_6F_dam,36.42103,5.51928,41.75874,4.16589,0,6.49781,2.59528,3.04198,0,0,0,0,0,0,0,0,0,0,0,0,0,0
Gn3_7A_dam_210806,54.20499,0.85881,23.26555,2.38721,0,5.79233,1.52542,3.82242,0,0,0,0,0,0,8.14327,0,0,0,0,0,0,0
Gn3_7A_dam,48.0017,1.39224,34.23428,3.58891,0,3.80595,3.46054,2.68968,0,0,0,0,0,0,2.82669,0,0,0,0,0,0,0
Gn3_7ADam_Stool_210806,16.5358,2.35422,31.16276,4.85079,0,4.33731,0.93421,2.06902,0,0,0,0,0,0,37.75589,0,0,0,0,0,0,0
Gn3_7Adam_Stool_210823,22.66994,0.68645,22.65143,4.35613,0,6.18814,1.07223,3.31383,0,0,0,0,0,0,39.06184,0,0,0,0,0,0,0
Gn3_7C_dam,31.02165,5.34539,0,6.87761,0.27325,0.78841,0,0.45675,0,0,0,0,0,0,55.23694,0,0,0,0,0,0,0
Gn3_7D_dam_210806,29.09639,3.47003,0,5.47291,0.03263,0,0,0,0,0,0,0,0,0,61.92805,0,0,0,0,0,0,0
Gn3_7D_dam_210818,22.47735,8.37774,0,4.91059,0,0,0,0,0,0,0,0,0,0,64.23431,0,0,0,0,0,0,0
Gn3_7E_dam,36.7431,5.29135,0,12.28573,0,0.36399,0,0.16737,0,0,0,0,0,0,45.14846,0,0,0,0,0,0,0
Gn3_7Edam_Stool,16.95747,2.74596,0,11.55173,0,2.35416,0,3.27367,0,0,0,0,0,0,63.11701,0,0,0,0,0,0,0
Gn3_7F_dam,37.34982,9.13357,0,11.89288,0,1.81396,0,0.16888,0,0,0,0,0,0,39.6409,0,0,0,0,0,0,0
Gn3_7Fdam_Stool,36.73238,4.65178,0,8.67554,0,0.58965,0,0.18667,0,0,0,0,0,0,49.16397,0,0,0,0,0,0,0
Gn3_8Ddam_Stool_211105-2,0,57.1869,0,2.37767,0,0,0,0,0,0,0,0,0,0,36.06718,0,0.78427,0,3.58397,0,0,0
Gn3_A_Innoc,36.82965,16.66219,26.99102,5.71807,5.28261,4.32003,2.06725,2.12917,0,0,0,0,0,0,0,0,0,0,0,0,0,0
Gn3_A1_Cwash,0,100,0,0,0,0,0,0,0,0,0,0,0,0,0,0,0,0,0,0,0,0
Gn3_A1_Stool,0.78946,96.16607,0,3.04447,0,0,0,0,0,0,0,0,0,0,0,0,0,0,0,0,0,0
Gn3_A2_Cwash,0,100,0,0,0,0,0,0,0,0,0,0,0,0,0,0,0,0,0,0,0,0
Gn3_A3_Cwash,0,100,0,0,0,0,0,0,0,0,0,0,0,0,0,0,0,0,0,0,0,0
Gn3_A3_Stool_DoL10,0,98.2859,0,1.7141,0,0,0,0,0,0,0,0,0,0,0,0,0,0,0,0,0,0
Gn3_A3_Stool_DoL11,0,97.21938,0,2.78062,0,0,0,0,0,0,0,0,0,0,0,0,0,0,0,0,0,0
Gn3_A4_Cwash,0,100,0,0,0,0,0,0,0,0,0,0,0,0,0,0,0,0,0,0,0,0
Gn3_A5_Cwash,0,100,0,0,0,0,0,0,0,0,0,0,0,0,0,0,0,0,0,0,0,0
Gn3_A5_Stool_Dol10,0,97.92176,0,2.07824,0,0,0,0,0,0,0,0,0,0,0,0,0,0,0,0,0,0
Gn3_A5_Stool_dol11,0.54221,94.71664,0,4.74114,0,0,0,0,0,0,0,0,0,0,0,0,0,0,0,0,0,0
Gn3_A5_Stool_dol12,0,97.43032,0,2.56968,0,0,0,0,0,0,0,0,0,0,0,0,0,0,0,0,0,0
Gn3_A6_Cwash,0,100,0,0,0,0,0,0,0,0,0,0,0,0,0,0,0,0,0,0,0,0
Gn3_AB_Innoc,35.64529,9.03575,10.70679,4.86155,6.69253,2.6109,0.84145,2.93808,0,0,0,0,0,0,26.66766,0,0,0,0,0,0,0
Gn3_AB10_Cwash,0,0,0,100,0,0,0,0,0,0,0,0,0,0,0,0,0,0,0,0,0,0
Gn3_AB10_Stool,0,100,0,0,0,0,0,0,0,0,0,0,0,0,0,0,0,0,0,0,0,0
Gn3_AB12_Stool,0,0,0,100,0,0,0,0,0,0,0,0,0,0,0,0,0,0,0,0,0,0
Gn3_AB6_Cwash,0,0,0,100,0,0,0,0,0,0,0,0,0,0,0,0,0,0,0,0,0,0
Gn3_AB6_Stool,0,91.11185,0,8.88815,0,0,0,0,0,0,0,0,0,0,0,0,0,0,0,0,0,0
Gn3_AB7_Cwash,0,100,0,0,0,0,0,0,0,0,0,0,0,0,0,0,0,0,0,0,0,0
Gn3_AB7_Stool,0,96.55234,0,3.44766,0,0,0,0,0,0,0,0,0,0,0,0,0,0,0,0,0,0
Gn3_AB8_Cwash,0,100,0,0,0,0,0,0,0,0,0,0,0,0,0,0,0,0,0,0,0,0
Gn3_AB8_Stool,10.39768,85.1146,0,4.31945,0,0,0,0,0,0,0,0,0,0,0.16827,0,0,0,0,0,0,0
Gn3_AB9_Stool,1.0105,75.3346,0.40422,19.13476,0,0,0,0,0,0,0,0,0,0,4.11592,0,0,0,0,0,0,0
Gn3_B_Innoc,21.59027,4.92517,0,4.73858,12.41689,1.83146,0,5.96731,0,0,0,0,0,0,48.53032,0,0,0,0,0,0,0
Gn3_B1_Stool,0,0,0,100,0,0,0,0,0,0,0,0,0,0,0,0,0,0,0,0,0,0
Gn3_B10_Cwash,0,100,0,0,0,0,0,0,0,0,0,0,0,0,0,0,0,0,0,0,0,0
Gn3_B11_Cwash,32.26087,67.73913,0,0,0,0,0,0,0,0,0,0,0,0,0,0,0,0,0,0,0,0
Gn3_B13_Cwash,0,100,0,0,0,0,0,0,0,0,0,0,0,0,0,0,0,0,0,0,0,0
Gn3_B13_Stool,0.72941,97.6856,0,1.00683,0,0,0,0,0,0,0,0,0,0,0.57817,0,0,0,0,0,0,0
Gn3_B14_Cwash,0,100,0,0,0,0,0,0,0,0,0,0,0,0,0,0,0,0,0,0,0,0
Gn3_B14_Stool,0,97.14943,0,2.78565,0,0,0,0,0,0,0,0,0,0,0.06492,0,0,0,0,0,0,0
Gn3_B15_Cwash,0,100,0,0,0,0,0,0,0,0,0,0,0,0,0,0,0,0,0,0,0,0
Gn3_B15_Stool,2.33632,96.11993,0,1.54375,0,0,0,0,0,0,0,0,0,0,0,0,0,0,0,0,0,0
Gn3_B16_Cwash,0,100,0,0,0,0,0,0,0,0,0,0,0,0,0,0,0,0,0,0,0,0
Gn3_B2_Stool,0,0.50707,0,99.16052,0,0,0,0,0,0,0,0,0,0,0.33241,0,0,0,0,0,0,0
Gn3_B3_Stool,0.04952,1.1143,0,98.73329,0,0,0,0,0,0,0,0,0,0,0.10289,0,0,0,0,0,0,0
Gn3_B4_Stool,0,0,0,100,0,0,0,0,0,0,0,0,0,0,0,0,0,0,0,0,0,0
Gn3_B5_Stool,0.07507,2.7951,0,96.26949,0,0,0,0,0,0,0,0,0,0,0.86034,0,0,0,0,0,0,0
Gn3_B6_Stool,0,88.14558,0,10.83665,0,0,0,0,0,0,0,0,0,0,1.01777,0,0,0,0,0,0,0
Gn3_B7_Stool,0,0,0,100,0,0,0,0,0,0,0,0,0,0,0,0,0,0,0,0,0,0
Gn3_B9_Cwash,19.23841,80.76159,0,0,0,0,0,0,0,0,0,0,0,0,0,0,0,0,0,0,0,0
Gn3_BP7_Cwash,7.59141,92.40859,0,0,0,0,0,0,0,0,0,0,0,0,0,0,0,0,0,0,0,0
Gn3_BP8_Cwash,10.80925,89.19075,0,0,0,0,0,0,0,0,0,0,0,0,0,0,0,0,0,0,0,0
Gn3_E1_Cwash,0,0,0,0,0,0,0,0,0,0,0,0,0,0,0,0,0,0,0,0,100,0
Gn3_E2_Cwash,0,0,0,0,0,0,0,0,0,0,0,0,0,0,0,0,0,0,0,0,100,0
Gn3_F1_Stool,0,60.32317,0,19.30496,0,0,0,0,0,0,0,0,0,0,20.20773,0,0,0,0,0,0.16414,0
Gn3_F2_Stool,0.07867,67.26182,0,24.70851,0,0,0,0,0,0,0,0,0,0,6.54219,0,0,0,0,0,1.40881,0
Gn4_E_Innoc,6.56374,67.96914,0,8.16503,8.13146,3.0413,0,0.05349,0,0,0,0,0,0,6.02521,0.03836,0,0,0.01228,0,0,0
Gn4_F_Innoc,6.62879,63.49064,0,9.59245,9.14957,3.61704,0,0.0193,0,0,0,0,0,0,7.48916,0.01304,0,0,0,0,0,0
Gn4_G_Innoc,0,0,0,0,0,0,0,0,100,0,0,0,0,0,0,0,0,0,0,0,0,0
Gn4_H_Innoc,0,77.19964,0,6.03998,0,0.14381,0,0.53684,12.07156,0,0,0,0,0,0,0,0.82772,0,3.18045,0,0,0
Gn4_I_Innoc,0,63.31304,0,2.97064,0,0,0,0,0.13755,0,0,0,0,0,33.57878,0,0,0,0,0,0,0
gnoto1_A_inoc,53.40548,14.61126,21.47781,2.15555,4.14021,1.69651,0.61555,1.89762,0,0,0,0,0,0,0,0,0,0,0,0,0,0
gnoto1_AM1_d10,3.14588,96.616,0,0.23812,0,0,0,0,0,0,0,0,0,0,0,0,0,0,0,0,0,0
gnoto1_AM1_d20_colon,48.65338,11.62091,32.15158,7.57413,0,0,0,0,0,0,0,0,0,0,0,0,0,0,0,0,0,0
gnoto1_AM2_d10,14.80243,82.58807,0.39561,2.21389,0,0,0,0,0,0,0,0,0,0,0,0,0,0,0,0,0,0
gnoto1_AM2_d20_colon,39.70249,17.2417,39.50911,3.5467,0,0,0,0,0,0,0,0,0,0,0,0,0,0,0,0,0,0
gnoto1_AM3_d10,22.3879,73.50367,0.3225,3.78593,0,0,0,0,0,0,0,0,0,0,0,0,0,0,0,0,0,0
gnoto1_AM3_d20_colon,49.23992,14.82662,24.22322,11.71024,0,0,0,0,0,0,0,0,0,0,0,0,0,0,0,0,0,0
gnoto1_AM4_d10,8.73004,88.33237,1.80157,1.13602,0,0,0,0,0,0,0,0,0,0,0,0,0,0,0,0,0,0
gnoto1_AM4_d20_colon,48.98084,12.39092,32.86842,5.75981,0,0,0,0,0,0,0,0,0,0,0,0,0,0,0,0,0,0
gnoto1_AP1_d10,0.75187,98.10965,0,1.13848,0,0,0,0,0,0,0,0,0,0,0,0,0,0,0,0,0,0
gnoto1_AP1_d19_colon,29.85614,18.13373,22.57242,29.43771,0,0,0,0,0,0,0,0,0,0,0,0,0,0,0,0,0,0
gnoto1_AP2_d10,1.10709,97.65755,0,1.23535,0,0,0,0,0,0,0,0,0,0,0,0,0,0,0,0,0,0
gnoto1_AP2_d19_colon,31.70261,17.29085,22.25919,28.74736,0,0,0,0,0,0,0,0,0,0,0,0,0,0,0,0,0,0
gnoto1_AP3_d10,7.43483,90.67276,0.30884,1.58357,0,0,0,0,0,0,0,0,0,0,0,0,0,0,0,0,0,0
gnoto1_AP3_d20_colon,36.108,17.37916,30.98364,15.5292,0,0,0,0,0,0,0,0,0,0,0,0,0,0,0,0,0,0
gnoto1_AP4_d10,4.37491,92.88102,0.18473,2.55934,0,0,0,0,0,0,0,0,0,0,0,0,0,0,0,0,0,0
gnoto1_AP4_d20_colon,49.52016,10.68811,36.56156,3.23017,0,0,0,0,0,0,0,0,0,0,0,0,0,0,0,0,0,0
gnoto1_B_inoc,32.62577,5.12394,0,1.39581,3.81844,1.03186,0,2.52395,0,0,0,0,0,0,53.48024,0,0,0,0,0,0,0
gnoto1_BA1_d10,2.55625,14.59103,0,81.98658,0,0,0,0,0,0,0,0,0,0,0.86614,0,0,0,0,0,0,0
gnoto1_BA1_d20_colon,36.66252,2.01269,0,3.12993,0,0,0,0,0,0,0,0,0,0,58.19486,0,0,0,0,0,0,0
gnoto1_BA2_d10,0.68838,28.06622,0,1.39391,0,0,0,0,0,0,0,0,0,0,69.85149,0,0,0,0,0,0,0
gnoto1_BA2_d20_colon,51.96151,2.32983,0,2.94396,0,0,0,0,0,0,0,0,0,0,42.7647,0,0,0,0,0,0,0
gnoto1_BA3_d10,1.55309,14.87507,0,2.73923,0,0,0,0,0,0,0,0,0,0,80.83261,0,0,0,0,0,0,0
gnoto1_BA3_d20_colon,33.94617,3.25216,0,2.64251,0,0,0,0,0,0,0,0,0,0,60.15915,0,0,0,0,0,0,0
gnoto1_BA4_d10,4.88177,91.54154,0,2.89181,0,0,0,0,0,0,0,0,0,0,0.68489,0,0,0,0,0,0,0
gnoto1_BA4_d20_colon,39.00739,3.47962,0,3.68556,0,0,0,0,0,0,0,0,0,0,53.82744,0,0,0,0,0,0,0
gnoto1_BM1_d10,2.62257,78.72411,0,16.34334,0,0,0,0,0,0,0,0,0,0,2.30998,0,0,0,0,0,0,0
gnoto1_BM1_d20_colon,42.37497,4.01849,0,2.39153,0,0,0,0,0,0,0,0,0,0,51.21501,0,0,0,0,0,0,0
gnoto1_BM2_d10,3.27939,83.97746,0,11.4325,0,0,0,0,0,0,0,0,0,0,1.31066,0,0,0,0,0,0,0
gnoto1_BM2_d20_colon,44.39344,4.07608,0,1.25053,0,0,0,0,0,0,0,0,0,0,50.27995,0,0,0,0,0,0,0
gnoto1_BM3_d10,2.17814,54.75356,0,41.50227,0,0,0,0,0,0,0,0,0,0,1.56603,0,0,0,0,0,0,0
gnoto1_BM3_d20_colon,51.99912,4.84545,0,2.7126,0,0,0,0,0,0,0,0,0,0,40.44283,0,0,0,0,0,0,0
gnoto1_BM4_d10,2.50328,66.00405,0,22.69012,0,0,0,0,0,0,0,0,0,0,8.80256,0,0,0,0,0,0,0
gnoto1_BM4_d20_colon,58.12417,1.80834,0,0.55291,0,0,0,0,0,0,0,0,0,0,39.51458,0,0,0,0,0,0,0
gnoto1_BM5_d10,5.45832,78.96332,0,11.08766,0,0,0,0,0,0,0,0,0,0,4.49069,0,0,0,0,0,0,0
gnoto1_BM5_d20_colon,76.29693,6.89383,0,1.06054,0,0,0,0,0,0,0,0,0,0,15.7487,0,0,0,0,0,0,0
gnoto1_BP1_d10,0.21049,84.16515,0,15.62436,0,0,0,0,0,0,0,0,0,0,0,0,0,0,0,0,0,0
gnoto1_BP1_d20_colon,90.76012,4.04019,0,4.90437,0,0,0,0,0,0,0,0,0,0,0.29532,0,0,0,0,0,0,0
gnoto1_BP2_d10,6.70169,0,0,93.29831,0,0,0,0,0,0,0,0,0,0,0,0,0,0,0,0,0,0
gnoto1_BP2_d20_colon,93.1826,4.96085,0,1.05189,0,0,0,0,0,0,0,0,0,0,0.80467,0,0,0,0,0,0,0
gnoto1_BP3_d10,0.8308,91.69623,0,6.84667,0,0,0,0,0,0,0,0,0,0,0.6263,0,0,0,0,0,0,0
gnoto1_BP3_d20_colon,76.96458,7.41006,0,12.15022,0,0,0,0,0,0,0,0,0,0,3.47515,0,0,0,0,0,0,0
gnoto1_BP4_d10,2.7922,7.28777,0,89.78108,0,0,0,0,0,0,0,0,0,0,0.13895,0,0,0,0,0,0,0
gnoto1_BP4_d20_colon,89.00788,6.79839,0,2.32346,0,0,0,0,0,0,0,0,0,0,1.87027,0,0,0,0,0,0,0
gnoto2_BA1_d10,0.51499,14.46135,0,6.62201,0,0,0,0,0,0,0,0,0,0,78.40164,0,0,0,0,0,0,0
gnoto2_BA1_d20_colon,44.44696,22.30451,0,0,0,0,0,0,0,0,0,0,0,0,33.24854,0,0,0,0,0,0,0
gnoto2_BA2_d10,0,85.58467,0,14.41533,0,0,0,0,0,0,0,0,0,0,0,0,0,0,0,0,0,0
gnoto2_BA2_d20_colon,38.73247,7.12214,0,1.26636,0,0,0,0,0,0,0,0,0,0,52.87903,0,0,0,0,0,0,0
gnoto2_BA3_d10,0.45491,9.51341,0,2.87465,0,0,0,0,0,0,0,0,0,0,87.15704,0,0,0,0,0,0,0
gnoto2_BA3_d20_colon,44.26406,7.04896,0,0.92539,0,0,0,0,0,0,0,0,0,0,47.76158,0,0,0,0,0,0,0
gnoto2_BA4_d10,0.45698,6.84182,0,1.81104,0,0,0,0,0,0,0,0,0,0,90.89016,0,0,0,0,0,0,0
gnoto2_BA5_d10,0,61.50105,0,38.49895,0,0,0,0,0,0,0,0,0,0,0,0,0,0,0,0,0,0
gnoto2_BA5_d20_colon,80.39241,15.03853,0,4.56905,0,0,0,0,0,0,0,0,0,0,0,0,0,0,0,0,0,0
gnoto2_BA6_d20_colon,66.43083,16.32617,0,9.65511,0,0,0,0,0,0,0,0,0,0,7.58789,0,0,0,0,0,0,0
gnoto2_BA7_d20_colon,46.60329,2.37084,0,1.63012,0,0,0,0,0,0,0,0,0,0,49.39575,0,0,0,0,0,0,0
gnoto2_BM1_d10,0.55941,19.32822,0,2.48443,0,0,0,0,0,0,0,0,0,0,77.62795,0,0,0,0,0,0,0
gnoto2_BM1_d20_colon,51.62008,2.55027,0,1.01588,0,0,0,0,0,0,0,0,0,0,44.81376,0,0,0,0,0,0,0
gnoto2_BM2_d10,0.77269,7.93067,0,2.48278,0,0,0,0,0,0,0,0,0,0,88.81386,0,0,0,0,0,0,0
gnoto2_BM2_d20_colon,29.37584,0,0,0,0,0,0,1.71781,0,0,0,0,0,0,68.90635,0,0,0,0,0,0,0
gnoto2_BM3_d10,5.31258,65.9885,0,18.36425,0,0,0,0,0,0,0,0,0,0,10.33467,0,0,0,0,0,0,0
gnoto2_BM3_d20_colon,52.16392,6.85361,0,1.60281,0,0,0,0.08757,0,0,0,0,0,0,39.29209,0,0,0,0,0,0,0
gnoto2_BM4_d10,0.39968,8.76568,0,2.18515,0,0,0,0,0,0,0,0,0,0,88.6495,0,0,0,0,0,0,0
gnoto2_BM4_d20_colon,49.33707,5.47129,0,2.37281,0,0,0,0,0,0,0,0,0,0,42.81883,0,0,0,0,0,0,0
gnoto2_BM5_d10,6.37832,57.1466,0,5.6849,0,0,0,0,0,0,0,0,0,0,30.79018,0,0,0,0,0,0,0
gnoto2_BM5_d20_colon,55.42874,5.01343,0,1.61223,0,0,0,0,0,0,0,0,0,0,37.94561,0,0,0,0,0,0,0
gnoto2_BM6_d10,1.00418,14.4313,0,3.85108,0,0,0,0,0,0,0,0,0,0,80.71344,0,0,0,0,0,0,0
gnoto2_BM6_d20_colon,54.82571,7.7262,0,2.3597,0,0,0,0.02458,0,0,0,0,0,0,35.0638,0,0,0,0,0,0,0
gnoto2_BM7_d10,0,86.95256,0,13.04744,0,0,0,0,0,0,0,0,0,0,0,0,0,0,0,0,0,0
gnoto2_BM7_d20_colon,51.91306,3.30722,0,1.92356,0,0,0,0,0,0,0,0,0,0,42.85616,0,0,0,0,0,0,0
gnoto2_BP1_d10,2.76774,8.60979,0,82.97053,0,0,0,0,0,0,0,0,0,0,5.65193,0,0,0,0,0,0,0
gnoto2_BP1_d20_colon,80.24769,10.06791,0,0.14948,0,0,0,0,0,0,0,0,0,0,9.53492,0,0,0,0,0,0,0
gnoto2_BP2_d10,0.38964,72.10759,0,26.69404,0,0,0,0,0,0,0,0,0,0,0.80874,0,0,0,0,0,0,0
gnoto2_BP2_d20_colon,57.90472,15.93837,0,0,5.70652,0,0,0,0,0,0,0,0,0,20.45039,0,0,0,0,0,0,0
gnoto2_BP3_d10,6.39159,4.93159,0,79.74587,0,0,0,0,0,0,0,0,0,0,8.93095,0,0,0,0,0,0,0
gnoto2_BP4_d10,1.67434,67.16155,0,25.58876,0,0,0,0,0,0,0,0,0,0,5.57535,0,0,0,0,0,0,0
gnoto2_BP4_d20_colon,92.97021,6.6229,0,0.40689,0,0,0,0,0,0,0,0,0,0,0,0,0,0,0,0,0,0
gnoto2_BP5_d10,4.81114,4.90561,0,79.01278,0,0,0,0,0,0,0,0,0,0,11.27047,0,0,0,0,0,0,0
gnoto2_BP5_d20_colon,88.2406,8.91998,0,0,0,0,0,0,0,0,0,0,0,0,2.83942,0,0,0,0,0,0,0
gnoto2_BP6_d10,1.75782,9.03458,0,88.72117,0,0,0,0,0,0,0,0,0,0,0.48643,0,0,0,0,0,0,0
gnoto2_BP6_d20_colon,85.71651,9.62972,0,1.56387,0,0,0,0,0,0,0,0,0,0,3.0899,0,0,0,0,0,0,0
gnoto2_INOC_microA,52.91938,14.40848,21.98422,1.92606,4.5322,1.73248,0.51759,1.97958,0,0,0,0,0,0,0,0,0,0,0,0,0,0
gnoto2_INOC_microB,40.2342,3.59281,0,1.63499,11.58497,0.80075,0,4.00871,0,0,0,0,0,0,38.14358,0,0,0,0,0,0,0
40_10_2_ColonWash,0,0,0,0,0,0,0,0,0,0,0,100,0,0,0,0,0,0,0,0,0,0
40_11_2_ColonWash,0,0,0,0,0,0,0,0,0,0,0,100,0,0,0,0,0,0,0,0,0,0
40_1_1_Stool,0,100,0,0,0,0,0,0,0,0,0,0,0,0,0,0,0,0,0,0,0,0
40_12_2_ColonWash,0,0,0,0,0,0,0,0,0,0,0,91.11163,0,0,0,0,0,0,0,0,0,8.88837
40_1_2_ColonWash,0,0,0,0,0,0,0,0,0,0,0,100,0,0,0,0,0,0,0,0,0,0
40_1_2_Stool,0,99.13631,0,0.57241,0,0,0,0,0,0,0,0.29127,0,0,0,0,0,0,0,0,0,0
40_13_2_ColonWash,0,0,0,0,0,0,0,0,0,0,0,100,0,0,0,0,0,0,0,0,0,0
40_2_1_Stool,0,100,0,0,0,0,0,0,0,0,0,0,0,0,0,0,0,0,0,0,0,0
40_2_2_ColonWash,0,0,0,0,0,0,0,0,0,0,0,100,0,0,0,0,0,0,0,0,0,0
40_2_2_Stool,0,99.76291,0,0.23709,0,0,0,0,0,0,0,0,0,0,0,0,0,0,0,0,0,0
40_3_1_CME,0,0,0,0,0,0,0,0,0,0,0,100,0,0,0,0,0,0,0,0,0,0
40_3_1_ColonWash,0,0,0,0,0,0,0,0,0,0,0,100,0,0,0,0,0,0,0,0,0,0
40_3_1_Stool,0,99.70108,0,0,0,0,0,0,0,0,0,0.29892,0,0,0,0,0,0,0,0,0,0
40_3_2_ColonWash,0,0,0,0,0,0,0,0,0,0,0,100,0,0,0,0,0,0,0,0,0,0
40_4_1_ColonWash,0,0,0,0,0,0,0,0,0,0,0,100,0,0,0,0,0,0,0,0,0,0
40_4_1_Stool,0,99.02212,0,0,0,0,0,0,0,0,0,0.97788,0,0,0,0,0,0,0,0,0,0
40_5_1_CME,0,0,0,0,0,0,0,0,0,0,0,100,0,0,0,0,0,0,0,0,0,0
40_5_1_ColonWash,0,0,0,0,0,0,0,0,0,0,0,100,0,0,0,0,0,0,0,0,0,0
40_5_1_Stool,0,100,0,0,0,0,0,0,0,0,0,0,0,0,0,0,0,0,0,0,0,0
40_5_2_CME,0,0,0,0,0,0,0,0,0,0,0,100,0,0,0,0,0,0,0,0,0,0
40_5_2_ColonWash,0,0,0,0,0,0,0,0,0,0,0,100,0,0,0,0,0,0,0,0,0,0
40_6_1_CME,0,83.61397,0,0,0,0,0,0,0,0,0,16.38603,0,0,0,0,0,0,0,0,0,0
40_6_1_ColonWash,0,92.07705,0,0,0,0,0,0,0,0,0,7.92295,0,0,0,0,0,0,0,0,0,0
40_6_1_Stool,0,99.52041,0,0,0,0,0,0,0,0,0,0.47959,0,0,0,0,0,0,0,0,0,0
40_6_2_ColonWash,0,0,0,0,0,0,0,0,0,0,0,100,0,0,0,0,0,0,0,0,0,0
40_7_1_Stool,0,98.82517,0,0,0,0,0,0,0,0,0,1.17483,0,0,0,0,0,0,0,0,0,0
40_7_2_ColonWash,0,0,0,0,0,0,0,0,0,0,0,100,0,0,0,0,0,0,0,0,0,0
40_8_1_Stool,0,99.96307,0,0,0,0,0,0,0,0,0,0.03693,0,0,0,0,0,0,0,0,0,0
40_8_2_Stool,0,99.93411,0,0.06589,0,0,0,0,0,0,0,0,0,0,0,0,0,0,0,0,0,0
40_9_2_ColonWash,0,0,0,0,0,0,0,0,0,0,0,100,0,0,0,0,0,0,0,0,0,0
40_9_2_Stool,0,99.12308,0,0.25769,0,0,0,0,0,0,0,0.61923,0,0,0,0,0,0,0,0,0,0
41_1_1_Stool,0,99.53449,0,0.46551,0,0,0,0,0,0,0,0,0,0,0,0,0,0,0,0,0,0
41_2_1_Stool,0,98.55066,0,1.44934,0,0,0,0,0,0,0,0,0,0,0,0,0,0,0,0,0,0
41_3_1_ColonWash,0,0,0,0,0,0,0,0,0,0,0,100,0,0,0,0,0,0,0,0,0,0
41_3_1_Stool,0,99.11183,0,0.70692,0,0,0,0,0,0,0,0.18125,0,0,0,0,0,0,0,0,0,0
41_4_1_CME,0,0,0,0,0,0,0,0,0,0,0,97.68368,0,0,0,0,0,0,0,0,0,2.31632
41_4_1_ColonWash,0,0,0,0,0,0,0,0,0,0,0,100,0,0,0,0,0,0,0,0,0,0
41_4_1_Stool,0,97.51322,0,1.55385,0,0,0,0,0,0,0,0.93292,0,0,0,0,0,0,0,0,0,0
41_5_1_ColonWash_250uL,0,0,0,0,0,0,0,0,0,0,0,100,0,0,0,0,0,0,0,0,0,0
41_5_1_ColonWash_750uL,0,0,0,0,0,0,0,0,0,0,0,100,0,0,0,0,0,0,0,0,0,0
41_5_1_Stool,0,98.86983,0,1.13017,0,0,0,0,0,0,0,0,0,0,0,0,0,0,0,0,0,0
41_6_1_ColonWash_250uL,0,0,0,0,0,0,0,0,0,0,0,100,0,0,0,0,0,0,0,0,0,0
41_6_1_ColonWash_750uL,0,0,0,0,0,0,0,0,0,0,0,100,0,0,0,0,0,0,0,0,0,0
41_6_1_Stool,0,99.1327,0,0.72348,0,0,0,0,0,0,0,0.14382,0,0,0,0,0,0,0,0,0,0
41_7_1_Stool,0,98.27821,0,1.72179,0,0,0,0,0,0,0,0,0,0,0,0,0,0,0,0,0,0
41_8_1_Stool,0,96.26619,0,2.18752,0,0,0,0,0,0,0,1.54628,0,0,0,0,0,0,0,0,0,0
42_10_2_Stool,0,99.37533,0,0.58914,0,0,0,0,0,0,0,0.03554,0,0,0,0,0,0,0,0,0,0
42_11_2_Stool,0,99.23541,0,0.76459,0,0,0,0,0,0,0,0,0,0,0,0,0,0,0,0,0,0
42_1_1_Cwash,0,0,0,100,0,0,0,0,0,0,0,0,0,0,0,0,0,0,0,0,0,0
42_1_1_Stool,0,98.70125,0,1.29875,0,0,0,0,0,0,0,0,0,0,0,0,0,0,0,0,0,0
42_12_2_Stool,0,99.63091,0,0.36909,0,0,0,0,0,0,0,0,0,0,0,0,0,0,0,0,0,0
42_1_2_Stool,0,99.75036,0,0.24964,0,0,0,0,0,0,0,0,0,0,0,0,0,0,0,0,0,0
42_2_1_Cwash,0,31.90037,0,68.09963,0,0,0,0,0,0,0,0,0,0,0,0,0,0,0,0,0,0
42_2_1_Stool,0,99.1838,0,0.8162,0,0,0,0,0,0,0,0,0,0,0,0,0,0,0,0,0,0
42_2_2_Stool,0,99.29683,0,0.70317,0,0,0,0,0,0,0,0,0,0,0,0,0,0,0,0,0,0
42_3_1_ColonWash,0,0,0,0,0,0,0,0,0,0,0,100,0,0,0,0,0,0,0,0,0,0
42_3_1_Stool,0,98.46362,0,1.29019,0,0,0,0,0,0,0,0.2462,0,0,0,0,0,0,0,0,0,0
42_3_2_Stool,0,99.638,0,0.362,0,0,0,0,0,0,0,0,0,0,0,0,0,0,0,0,0,0
42_4_1_Stool,0,99.61729,0,0.00718,0,0,0,0,0,0,0,0.37553,0,0,0,0,0,0,0,0,0,0
42_4_2_Stool,0,99.74924,0,0.25076,0,0,0,0,0,0,0,0,0,0,0,0,0,0,0,0,0,0
42_5_1_Stool,0,99.0734,0,0.82259,0,0,0,0,0,0,0,0.10402,0,0,0,0,0,0,0,0,0,0
42_5_2_Stool,0,99.46094,0,0.06873,0,0,0,0,0,0,0,0.47033,0,0,0,0,0,0,0,0,0,0
42_6_1_Stool,0,98.32388,0,1.1575,0,0,0,0,0,0,0,0.51862,0,0,0,0,0,0,0,0,0,0
42_6_2_Stool,0,99.54716,0,0.45284,0,0,0,0,0,0,0,0,0,0,0,0,0,0,0,0,0,0
42_7_1_Stool,0,98.94265,0,0.25846,0,0,0,0,0,0,0,0.79889,0,0,0,0,0,0,0,0,0,0
42_7_2_Stool,0,99.29006,0,0.70994,0,0,0,0,0,0,0,0,0,0,0,0,0,0,0,0,0,0
42_8_1_Stool,0,99.17569,0,0.82431,0,0,0,0,0,0,0,0,0,0,0,0,0,0,0,0,0,0
42_8_2_Stool,0,98.73535,0,1.26465,0,0,0,0,0,0,0,0,0,0,0,0,0,0,0,0,0,0
42_9_2_Stool,0,98.63876,0,1.36124,0,0,0,0,0,0,0,0,0,0,0,0,0,0,0,0,0,0
4Adam_Stool,0,61.94442,0,38.05558,0,0,0,0,0,0,0,0,0,0,0,0,0,0,0,0,0,0
4A_NP_Stool,0,59.68095,0,40.31905,0,0,0,0,0,0,0,0,0,0,0,0,0,0,0,0,0,0
4A_RP_Stool,0,62.96614,0,37.03386,0,0,0,0,0,0,0,0,0,0,0,0,0,0,0,0,0,0
4Cdam_Stool,0,59.54394,0,40.45606,0,0,0,0,0,0,0,0,0,0,0,0,0,0,0,0,0,0
4C_NP_Stool,0,61.14289,0,38.85711,0,0,0,0,0,0,0,0,0,0,0,0,0,0,0,0,0,0
4C_RP_Stool,0,52.34941,0,47.65059,0,0,0,0,0,0,0,0,0,0,0,0,0,0,0,0,0,0
4Edam_Stool,0,71.07935,0,28.92065,0,0,0,0,0,0,0,0,0,0,0,0,0,0,0,0,0,0
4E_NP_Stool,0,57.91583,0,42.08417,0,0,0,0,0,0,0,0,0,0,0,0,0,0,0,0,0,0
4E_RP_Stool,0,55.90767,0,44.09233,0,0,0,0,0,0,0,0,0,0,0,0,0,0,0,0,0,0
5A_NP_Stool,0,62.33315,0,37.66685,0,0,0,0,0,0,0,0,0,0,0,0,0,0,0,0,0,0
5A_RP_Stool,0,53.04463,0,46.95537,0,0,0,0,0,0,0,0,0,0,0,0,0,0,0,0,0,0
5Cdam_Stool,0,73.68416,0,26.31584,0,0,0,0,0,0,0,0,0,0,0,0,0,0,0,0,0,0
5C_NP_Stool,0,68.52682,0,31.47318,0,0,0,0,0,0,0,0,0,0,0,0,0,0,0,0,0,0
5C_RP_Stool,0,69.75294,0,30.24706,0,0,0,0,0,0,0,0,0,0,0,0,0,0,0,0,0,0
5Edam_Stool,0,77.89885,0,22.10115,0,0,0,0,0,0,0,0,0,0,0,0,0,0,0,0,0,0
5E_NP_Stool,0,74.57704,0,25.42296,0,0,0,0,0,0,0,0,0,0,0,0,0,0,0,0,0,0
5E_RP_Stool,0,68.60504,0,31.39496,0,0,0,0,0,0,0,0,0,0,0,0,0,0,0,0,0,0
6Adam_Stool,0,100,0,0,0,0,0,0,0,0,0,0,0,0,0,0,0,0,0,0,0,0
6A_NP_Stool,0,100,0,0,0,0,0,0,0,0,0,0,0,0,0,0,0,0,0,0,0,0
6A_RP_Stool,0,100,0,0,0,0,0,0,0,0,0,0,0,0,0,0,0,0,0,0,0,0
6Cdam_Stool,0,100,0,0,0,0,0,0,0,0,0,0,0,0,0,0,0,0,0,0,0,0
6C_NP_Stool,0,100,0,0,0,0,0,0,0,0,0,0,0,0,0,0,0,0,0,0,0,0
6C_RP_Stool,0,100,0,0,0,0,0,0,0,0,0,0,0,0,0,0,0,0,0,0,0,0
6E_NP_Stool,0,100,0,0,0,0,0,0,0,0,0,0,0,0,0,0,0,0,0,0,0,0
6E_RP_Stool,0,100,0,0,0,0,0,0,0,0,0,0,0,0,0,0,0,0,0,0,0,0
7A_NP_Stool,0,100,0,0,0,0,0,0,0,0,0,0,0,0,0,0,0,0,0,0,0,0
7A_RP_Stool,0,100,0,0,0,0,0,0,0,0,0,0,0,0,0,0,0,0,0,0,0,0
7Bdam_Stool,0,100,0,0,0,0,0,0,0,0,0,0,0,0,0,0,0,0,0,0,0,0
7C_NP_Stool,0,100,0,0,0,0,0,0,0,0,0,0,0,0,0,0,0,0,0,0,0,0
7C_RP_Stool,0,100,0,0,0,0,0,0,0,0,0,0,0,0,0,0,0,0,0,0,0,0
7Edam_Stool,0,99.83409,0,0,0,0,0,0,0.16591,0,0,0,0,0,0,0,0,0,0,0,0,0
7E_NP_Stool,0,100,0,0,0,0,0,0,0,0,0,0,0,0,0,0,0,0,0,0,0,0
7E_RP_Stool,0,100,0,0,0,0,0,0,0,0,0,0,0,0,0,0,0,0,0,0,0,0
85_1_1_Stool,0,99.53545,0,0.46455,0,0,0,0,0,0,0,0,0,0,0,0,0,0,0,0,0,0
85_1_2_Stool,0,100,0,0,0,0,0,0,0,0,0,0,0,0,0,0,0,0,0,0,0,0
85_2_1_Stool,0,99.72871,0,0.27129,0,0,0,0,0,0,0,0,0,0,0,0,0,0,0,0,0,0
85_2_2_Stool,0,100,0,0,0,0,0,0,0,0,0,0,0,0,0,0,0,0,0,0,0,0
85_3_1_ColonWash,0,0,0,0,0,0,0,0,0,0,0,100,0,0,0,0,0,0,0,0,0,0
85_3_1_Stool,0,99.37073,0,0.62927,0,0,0,0,0,0,0,0,0,0,0,0,0,0,0,0,0,0
85_3_2_Stool,0,100,0,0,0,0,0,0,0,0,0,0,0,0,0,0,0,0,0,0,0,0
85_4_1_CME,0,0,0,0,0,0,0,0,0,0,0,100,0,0,0,0,0,0,0,0,0,0
85_4_1_Stool,0,99.68016,0,0.31984,0,0,0,0,0,0,0,0,0,0,0,0,0,0,0,0,0,0
85_4_2_Stool,0,99.30105,0,0,0,0,0,0,0,0,0,0.69895,0,0,0,0,0,0,0,0,0,0
85_5_1_ColonWash,0,0,0,0,0,0,0,0,0,0,0,100,0,0,0,0,0,0,0,0,0,0
85_5_1_Stool,0,99.89304,0,0.10696,0,0,0,0,0,0,0,0,0,0,0,0,0,0,0,0,0,0
85_5_2_Stool,0,99.87224,0,0,0,0,0,0,0,0,0,0.12776,0,0,0,0,0,0,0,0,0,0
85_6_1_ColonWash,0,0,0,0,0,0,0,0,0,0,0,100,0,0,0,0,0,0,0,0,0,0
85_6_1_Stool,0,98.48627,0,0.08953,0,0,0,0,0,0,0,1.4242,0,0,0,0,0,0,0,0,0,0
85_6_2_Stool,0,100,0,0,0,0,0,0,0,0,0,0,0,0,0,0,0,0,0,0,0,0
85_7_1_Stool,0,99.58744,0,0.41256,0,0,0,0,0,0,0,0,0,0,0,0,0,0,0,0,0,0
85_7_2_ColonWash,0,0,0,0,0,0,0,0,0,0,0,100,0,0,0,0,0,0,0,0,0,0
85_7_2_Stool,0,99.89438,0,0,0,0,0,0,0,0,0,0.10562,0,0,0,0,0,0,0,0,0,0
85_8_1_Stool,0,99.45939,0,0.53432,0,0,0,0,0,0,0,0.00629,0,0,0,0,0,0,0,0,0,0
87_1_1_Stool,0,100,0,0,0,0,0,0,0,0,0,0,0,0,0,0,0,0,0,0,0,0
87_2_1_Stool,0,100,0,0,0,0,0,0,0,0,0,0,0,0,0,0,0,0,0,0,0,0
87_3_1_ColonWash,0,0,0,0,0,0,0,0,0,0,0,100,0,0,0,0,0,0,0,0,0,0
87_3_1_Stool,0,99.50735,0,0,0,0,0,0,0,0,0,0.49265,0,0,0,0,0,0,0,0,0,0
87_4_1_ColonWash,0,0,0,0,0,0,0,0,0,0,0,100,0,0,0,0,0,0,0,0,0,0
87_4_1_Stool,0,100,0,0,0,0,0,0,0,0,0,0,0,0,0,0,0,0,0,0,0,0
87_5_1_ColonWash,0,0,0,0,0,0,0,0,0,0,0,100,0,0,0,0,0,0,0,0,0,0
87_5_1_Stool,0,100,0,0,0,0,0,0,0,0,0,0,0,0,0,0,0,0,0,0,0,0
87_6_1_CME,0,0,0,0,0,0,0,0,0,0,0,97.79978,0,0,0,0,0,0,0,0,0,2.20022
87_6_1_ColonWash,0,0,0,0,0,0,0,0,0,0,0,100,0,0,0,0,0,0,0,0,0,0
87_6_1_Stool,0,99.82197,0,0,0,0,0,0,0,0,0,0.17803,0,0,0,0,0,0,0,0,0,0
87_7_1_Stool,0,99.47877,0,0,0,0,0,0,0,0,0,0.52123,0,0,0,0,0,0,0,0,0,0
87_8_1_Stool,0,99.9246,0,0,0,0,0,0,0,0,0,0.0754,0,0,0,0,0,0,0,0,0,0
8A_NP_Stool,0,100,0,0,0,0,0,0,0,0,0,0,0,0,0,0,0,0,0,0,0,0
8A_RP_Stool,0,100,0,0,0,0,0,0,0,0,0,0,0,0,0,0,0,0,0,0,0,0
8Cdam_Stool,0,100,0,0,0,0,0,0,0,0,0,0,0,0,0,0,0,0,0,0,0,0
8C_NP_Stool,0,100,0,0,0,0,0,0,0,0,0,0,0,0,0,0,0,0,0,0,0,0
8C_RP_Stool,0,100,0,0,0,0,0,0,0,0,0,0,0,0,0,0,0,0,0,0,0,0
90_1_0_ColonWash_250uL,0,84.1668,0,0,0,0,0,0,0,0,0,15.1868,0,0,0,0,0,0,0,0,0,0.64641
90_1_0_ColonWash_750uL,0,95.7758,0,0,0,0,0,0,0,0,0,4.2242,0,0,0,0,0,0,0,0,0,0
90_1_1_Cwash,0,100,0,0,0,0,0,0,0,0,0,0,0,0,0,0,0,0,0,0,0,0
90_1_1_Stool,0,100,0,0,0,0,0,0,0,0,0,0,0,0,0,0,0,0,0,0,0,0
90_1_2_Stool,0,100,0,0,0,0,0,0,0,0,0,0,0,0,0,0,0,0,0,0,0,0
90_2_0_ColonWash_250uL,0,96.90582,0,0,0,0,0,0,0,0,0,3.09418,0,0,0,0,0,0,0,0,0,0
90_2_0_ColonWash_750uL,0,59.72379,0,0,0,0,0,0,0,0,0,24.61631,0,0,0,0,0,0,0,0,14.94313,0.71677
90_2_1_Stool,0,100,0,0,0,0,0,0,0,0,0,0,0,0,0,0,0,0,0,0,0,0
90_2_2_Stool,0,100,0,0,0,0,0,0,0,0,0,0,0,0,0,0,0,0,0,0,0,0
90_3_1_CME,0,89.28807,0,0,0,0,0,0,0,0,0,10.71193,0,0,0,0,0,0,0,0,0,0
90_3_1_ColonWash_250uL,0,98.25202,0,0,0,0,0,0,0,0,0,1.74798,0,0,0,0,0,0,0,0,0,0
90_3_1_Stool,0,100,0,0,0,0,0,0,0,0,0,0,0,0,0,0,0,0,0,0,0,0
90_3_2_Stool,0,99.96453,0,0,0,0,0,0,0,0,0,0.03547,0,0,0,0,0,0,0,0,0,0
90_4_1_Stool,0,100,0,0,0,0,0,0,0,0,0,0,0,0,0,0,0,0,0,0,0,0
90_4_2_Stool,0,100,0,0,0,0,0,0,0,0,0,0,0,0,0,0,0,0,0,0,0,0
90_5_1_Stool,0,99.97203,0,0,0,0,0,0,0,0,0,0.02797,0,0,0,0,0,0,0,0,0,0
90_5_2_Stool,0,99.8437,0,0,0,0,0,0,0,0,0,0.1563,0,0,0,0,0,0,0,0,0,0
90_6_2_Stool,0,99.4886,0,0,0,0,0,0,0,0,0,0.5114,0,0,0,0,0,0,0,0,0,0
90_Dam_Stool,0,100,0,0,0,0,0,0,0,0,0,0,0,0,0,0,0,0,0,0,0,0
91_1_1_Stool,0,100,0,0,0,0,0,0,0,0,0,0,0,0,0,0,0,0,0,0,0,0
91_2_1_Stool,0,100,0,0,0,0,0,0,0,0,0,0,0,0,0,0,0,0,0,0,0,0
DJS40_Inoc,0,0,0,100,0,0,0,0,0,0,0,0,0,0,0,0,0,0,0,0,0,0
DJS41_Inoc,0,0.1717,0,99.8283,0,0,0,0,0,0,0,0,0,0,0,0,0,0,0,0,0,0
DJS42_Inoc,0,0.07123,0,99.92877,0,0,0,0,0,0,0,0,0,0,0,0,0,0,0,0,0,0
DJS85_Inoc,0,100,0,0,0,0,0,0,0,0,0,0,0,0,0,0,0,0,0,0,0,0
DJS87_Inoc,0,100,0,0,0,0,0,0,0,0,0,0,0,0,0,0,0,0,0,0,0,0
DJS90_Inoc,0,100,0,0,0,0,0,0,0,0,0,0,0,0,0,0,0,0,0,0,0,0
DJS91_Inoc,0,100,0,0,0,0,0,0,0,0,0,0,0,0,0,0,0,0,0,0,0,0
GF29_Inoc,0.74788,82.38285,0,2.7698,2.10184,1.72797,0,0.06232,0,0,0,0,0,0,9.9833,0.1298,0,0,0.09424,0,0,0