Sample,Peptoniphilaceae,Enterococcaceae,Actinomycetaceae,Bifidobacteriaceae,Enterobacteriaceae,Streptococcaceae,Clostridiaceae,Staphylococcaceae,Veillonellaceae,Morganellaceae,Pseudomonadaceae,Peptostreptococcaceae,Erysipelotrichaceae,Alcaligenaceae,Dermabacteraceae,Campylobacteraceae,Bacillales_unclassified,Bacteroidaceae,Akkermansiaceae,Lactobacillaceae,Lachnospiraceae,Sutterellaceae,Proteobacteria_unclassified,Sphingomonadaceae,Corynebacteriaceae,Mycobacteriaceae,Ruminococcaceae,Eggerthellaceae,Oscillospiraceae,Propionibacteriaceae,Fusobacteriaceae,Yersiniaceae,Sphingobacteriaceae,Comamonadaceae,Paenibacillaceae,Moraxellaceae
GF20_d0_inoc,36.41927,34.77182,13.35631,6.23767,4.53442,2.47017,1.57718,0.37415,0.25901,0,0,0,0,0,0,0,0,0,0,0,0,0,0,0,0,0,0,0,0,0,0,0,0,0,0,0
GF20_d161_b6,0,0,0,0.05118,99.94882,0,0,0,0,0,0,0,0,0,0,0,0,0,0,0,0,0,0,0,0,0,0,0,0,0,0,0,0,0,0,0
GF20_d35_a3,0,0,0,0,75.0721,0,0,0,0,24.68436,0.24354,0,0,0,0,0,0,0,0,0,0,0,0,0,0,0,0,0,0,0,0,0,0,0,0,0
GF23_d19_dama,0.43937,4.32707,5.03338,0.47033,4.3,0,59.98579,0,0,2.80462,0,15.08686,7.55259,0,0,0,0,0,0,0,0,0,0,0,0,0,0,0,0,0,0,0,0,0,0,0
GF23_d35_c1,0,0,0,0,100,0,0,0,0,0,0,0,0,0,0,0,0,0,0,0,0,0,0,0,0,0,0,0,0,0,0,0,0,0,0,0
GF23_d47_dama,0.21676,5.00091,50.32305,3.68239,13.18747,0,14.54251,0,0,7.38367,0,2.56214,3.1011,0,0,0,0,0,0,0,0,0,0,0,0,0,0,0,0,0,0,0,0,0,0,0
GF23_d47_damc,0.98178,12.68241,32.19154,2.91932,15.73811,0,8.37576,0,0,8.1858,0,3.48915,15.43613,0,0,0,0,0,0,0,0,0,0,0,0,0,0,0,0,0,0,0,0,0,0,0
GF23_d52_a1,0,0,0,0,100,0,0,0,0,0,0,0,0,0,0,0,0,0,0,0,0,0,0,0,0,0,0,0,0,0,0,0,0,0,0,0
GF23_d52_a6,0,0.09027,0,0,99.61556,0,0,0,0,0.29416,0,0,0,0,0,0,0,0,0,0,0,0,0,0,0,0,0,0,0,0,0,0,0,0,0,0
GF23_d56_c2,0,0.44933,0,0,99.55067,0,0,0,0,0,0,0,0,0,0,0,0,0,0,0,0,0,0,0,0,0,0,0,0,0,0,0,0,0,0,0
GF23_d57_c4,0,0,0,0,100,0,0,0,0,0,0,0,0,0,0,0,0,0,0,0,0,0,0,0,0,0,0,0,0,0,0,0,0,0,0,0
GF23_d57_c5,0,0,0,0,100,0,0,0,0,0,0,0,0,0,0,0,0,0,0,0,0,0,0,0,0,0,0,0,0,0,0,0,0,0,0,0
GF23_damA_32_stool,0.00817,6.66451,46.85998,0.98403,19.56603,0,10.89855,0,0,8.02356,0,1.58928,5.40589,0,0,0,0,0,0,0,0,0,0,0,0,0,0,0,0,0,0,0,0,0,0,0
GF23_damC_10_stool,0.29257,3.85513,0,37.25817,2.47665,0,27.65855,0,0,4.55674,0,20.19753,3.70466,0,0,0,0,0,0,0,0,0,0,0,0,0,0,0,0,0,0,0,0,0,0,0
GF23_damC_32_stool,0.11474,4.03709,55.23432,1.92523,16.25215,0,9.50382,0,0,5.75696,0,2.37857,4.79713,0,0,0,0,0,0,0,0,0,0,0,0,0,0,0,0,0,0,0,0,0,0,0
GF24_A10_d131_cwash,0,0,0,0,88.24783,0,0.9635,0,0,0,0,0.16791,2.08378,8.53697,0,0,0,0,0,0,0,0,0,0,0,0,0,0,0,0,0,0,0,0,0,0
GF24_A1_36_stool,0,1.02098,0,0,98.28618,0,0.60212,0,0,0,0,0.09073,0,0,0,0,0,0,0,0,0,0,0,0,0,0,0,0,0,0,0,0,0,0,0,0
GF24_A1_39_cwash,0,0,0,0,75.44464,0,18.84996,0,0,0,0,0.94453,4.76087,0,0,0,0,0,0,0,0,0,0,0,0,0,0,0,0,0,0,0,0,0,0,0
GF24_A1_d108_cwash,0,0,0,0,89.28446,0,0,0,0,0,0,0,0.4353,10.28024,0,0,0,0,0,0,0,0,0,0,0,0,0,0,0,0,0,0,0,0,0,0
GF24_A1_d131_cwash,0,0,0,0,97.3517,0,0.58344,0,0,0,0,0,0,2.06486,0,0,0,0,0,0,0,0,0,0,0,0,0,0,0,0,0,0,0,0,0,0
GF24_A1_d73_stool,0,1.66532,0,0,98.07763,0,0,0,0,0,0,0.25705,0,0,0,0,0,0,0,0,0,0,0,0,0,0,0,0,0,0,0,0,0,0,0,0
GF24_A1_d74_cwash,0,1.27674,0,0,91.09251,0,5.80864,0,0,0,0,0.7034,0.3969,0.72182,0,0,0,0,0,0,0,0,0,0,0,0,0,0,0,0,0,0,0,0,0,0
GF24_A2_36_stool,0,3.12937,0,0,92.2297,0,2.11395,0,0,0.89383,0,1.63314,0,0,0,0,0,0,0,0,0,0,0,0,0,0,0,0,0,0,0,0,0,0,0,0
GF24_A2_39_cwash,0,0.40511,0,0,35.23547,0,42.54257,0,0,0,0,4.59068,17.22617,0,0,0,0,0,0,0,0,0,0,0,0,0,0,0,0,0,0,0,0,0,0,0
GF24_A2_d108_cwash,0,0.87623,0,0,76.46441,0,2.48584,0,0,0,0,0.55795,0.97106,18.64452,0,0,0,0,0,0,0,0,0,0,0,0,0,0,0,0,0,0,0,0,0,0
GF24_A2_d131_cwash,0,0.39337,0,0,95.63788,0,0,0,0,0,0,0,0,3.96875,0,0,0,0,0,0,0,0,0,0,0,0,0,0,0,0,0,0,0,0,0,0
GF24_A2_d73_stool,0,1.24658,0,0,98.62288,0,0,0,0,0,0,0.13054,0,0,0,0,0,0,0,0,0,0,0,0,0,0,0,0,0,0,0,0,0,0,0,0
GF24_A3_37_stool,0,0.65955,0,0,99.34045,0,0,0,0,0,0,0,0,0,0,0,0,0,0,0,0,0,0,0,0,0,0,0,0,0,0,0,0,0,0,0
GF24_A3_38_stool,0.07579,2.44983,0,0,96.27519,0,0.28434,0,0,0,0,0.91485,0,0,0,0,0,0,0,0,0,0,0,0,0,0,0,0,0,0,0,0,0,0,0,0
GF24_A3_39_cwash,0,0,0,0,57.47634,0,23.33109,0,0,0,0,0.08189,19.11068,0,0,0,0,0,0,0,0,0,0,0,0,0,0,0,0,0,0,0,0,0,0,0
GF24_A3_d108_cwash,0,0.28492,0,0,85.45194,0,10.44087,0,0,0,0,1.36142,0.93959,1.52126,0,0,0,0,0,0,0,0,0,0,0,0,0,0,0,0,0,0,0,0,0,0
GF24_A3_d131_cwash,0,0,0,0,91.90315,0,5.40634,0,0,0,0,0,1.34389,1.34662,0,0,0,0,0,0,0,0,0,0,0,0,0,0,0,0,0,0,0,0,0,0
GF24_A4_38_stool,0.63703,1.34371,0,0,47.81437,0,39.84593,0,0,0.00811,0,3.90359,6.44724,0,0,0,0,0,0,0,0,0,0,0,0,0,0,0,0,0,0,0,0,0,0,0
GF24_A4_39_cwash,0,2.58502,0,0,19.92799,0,59.81052,0,0,0,0,7.4607,10.21578,0,0,0,0,0,0,0,0,0,0,0,0,0,0,0,0,0,0,0,0,0,0,0
GF24_A4_d108_cwash,0,0,0,0,86.4956,0,5.96435,0,0,0,0,0,0,7.54005,0,0,0,0,0,0,0,0,0,0,0,0,0,0,0,0,0,0,0,0,0,0
GF24_A4_d131_cwash,0,2.44073,0,0,91.95874,0,2.78975,0,0,0,0,0.01349,0,2.79728,0,0,0,0,0,0,0,0,0,0,0,0,0,0,0,0,0,0,0,0,0,0
GF24_A4_d74_cwash,0,2.14616,0,0,86.70327,0,0.70412,0,0,0,0,0,0,10.44646,0,0,0,0,0,0,0,0,0,0,0,0,0,0,0,0,0,0,0,0,0,0
GF24_A5_d108_cwash,0,0.28981,0,0,88.21968,0,8.6685,0,0,0,0,0.51196,0.85849,1.45155,0,0,0,0,0,0,0,0,0,0,0,0,0,0,0,0,0,0,0,0,0,0
GF24_A5_d131_cwash,0,2.14237,0,0,85.1713,0,0,0,0,11.6068,0,0.72201,0,0.35751,0,0,0,0,0,0,0,0,0,0,0,0,0,0,0,0,0,0,0,0,0,0
GF24_A5_d74_cwash,0,0.30118,0,0,85.60749,0,7.66008,0,0,1.6214,0,1.06605,3.65708,0.08672,0,0,0,0,0,0,0,0,0,0,0,0,0,0,0,0,0,0,0,0,0,0
GF24_A6_36_stool,0,0,0,0,100,0,0,0,0,0,0,0,0,0,0,0,0,0,0,0,0,0,0,0,0,0,0,0,0,0,0,0,0,0,0,0
GF24_A6_39_cwash,0,1.36928,0,0,32.67839,0,46.18992,0,0,0,0,12.66939,7.09301,0,0,0,0,0,0,0,0,0,0,0,0,0,0,0,0,0,0,0,0,0,0,0
GF24_A6_d108_cwash,0,0,0,0,98.73138,0,0.16753,0,0,0,0,0,0,1.10109,0,0,0,0,0,0,0,0,0,0,0,0,0,0,0,0,0,0,0,0,0,0
GF24_A6_d131_cwash,0,0,0,0,85.83034,0,10.87601,0,0,0,0,0,2.36883,0.92482,0,0,0,0,0,0,0,0,0,0,0,0,0,0,0,0,0,0,0,0,0,0
GF24_A6_d74_cwash,0,0,0,0,96.8885,0,0,0,0,1.45475,0,0,0,1.65675,0,0,0,0,0,0,0,0,0,0,0,0,0,0,0,0,0,0,0,0,0,0
GF24_A7_36_stool,0,0,0,0,100,0,0,0,0,0,0,0,0,0,0,0,0,0,0,0,0,0,0,0,0,0,0,0,0,0,0,0,0,0,0,0
GF24_A7_37_stool,0,0,0,0,100,0,0,0,0,0,0,0,0,0,0,0,0,0,0,0,0,0,0,0,0,0,0,0,0,0,0,0,0,0,0,0
GF24_A7_39_cwash,0,1.9739,0,0,42.20771,0,35.27437,0,0,0,0,12.09772,8.4463,0,0,0,0,0,0,0,0,0,0,0,0,0,0,0,0,0,0,0,0,0,0,0
GF24_A7_d108_cwash,0,0.02807,0,0,88.38242,0,1.20289,0,0,6.23287,0,0.12484,2.38316,1.64576,0,0,0,0,0,0,0,0,0,0,0,0,0,0,0,0,0,0,0,0,0,0
GF24_A7_d131_cwash,0,0,0,0,88.38884,0,0.986,0,0,0,0,0,0,10.62517,0,0,0,0,0,0,0,0,0,0,0,0,0,0,0,0,0,0,0,0,0,0
GF24_A7_d74_cwash,0,0,0,0,97.51367,0,0,0,0,2.12588,0,0,0,0.36045,0,0,0,0,0,0,0,0,0,0,0,0,0,0,0,0,0,0,0,0,0,0
GF24_A8_d108_cwash,0,0,0,0,92.99341,0,0,0,0,0,0,0,0,7.00659,0,0,0,0,0,0,0,0,0,0,0,0,0,0,0,0,0,0,0,0,0,0
GF24_A8_d131_cwash,0,0,0,0,90.52903,0,0,0,0,0,0,0,0,9.47097,0,0,0,0,0,0,0,0,0,0,0,0,0,0,0,0,0,0,0,0,0,0
GF24_A9_d108_cwash,0,2.19589,0,0,96.30511,0,0.65044,0,0,0,0,0.79992,0,0.04864,0,0,0,0,0,0,0,0,0,0,0,0,0,0,0,0,0,0,0,0,0,0
GF24_A9_d131_cwash,0,0.41796,0,0,98.95977,0,0.01559,0,0,0,0,0.03211,0,0.57456,0,0,0,0,0,0,0,0,0,0,0,0,0,0,0,0,0,0,0,0,0,0
GF24_Adam_d100_stool,2.92344,14.36591,10.66965,0,29.73491,0,22.92362,0,0,9.51886,0,2.89595,6.96767,0,0,0,0,0,0,0,0,0,0,0,0,0,0,0,0,0,0,0,0,0,0,0
GF24_B1_33_cwash,0,0,0,0,73.67745,0,13.34926,0,0,0,0,0,12.97329,0,0,0,0,0,0,0,0,0,0,0,0,0,0,0,0,0,0,0,0,0,0,0
GF24_B1_64_cwash,0,3.32586,0,0,35.40339,0,27.80806,0,0,4.16312,0,22.3587,6.94088,0,0,0,0,0,0,0,0,0,0,0,0,0,0,0,0,0,0,0,0,0,0,0
GF24_B2_33_cwash,0,0.10538,0,0,67.3625,0,18.68918,0,0,6.15116,0,2.1883,5.50348,0,0,0,0,0,0,0,0,0,0,0,0,0,0,0,0,0,0,0,0,0,0,0
GF24_B2_64_cwash,0,3.61477,0,0,24.02561,0,31.74138,0,0,4.75078,0,23.94761,11.91985,0,0,0,0,0,0,0,0,0,0,0,0,0,0,0,0,0,0,0,0,0,0,0
GF24_B2_d74_cwash,0,2.82407,0,0,88.02068,0,7.16419,0,0,0,0,1.66138,0,0.32969,0,0,0,0,0,0,0,0,0,0,0,0,0,0,0,0,0,0,0,0,0,0
GF24_B3_33_cwash,0,0.41171,0,0,59.39177,0,18.80378,0,0,13.13572,0,1.69707,6.55996,0,0,0,0,0,0,0,0,0,0,0,0,0,0,0,0,0,0,0,0,0,0,0
GF24_B3_64_cwash,0,1.5001,0,0,22.00313,0,34.40679,0,0,2.34473,0,24.75597,14.98928,0,0,0,0,0,0,0,0,0,0,0,0,0,0,0,0,0,0,0,0,0,0,0
GF24_B3_d74_cwash,0,0.477,0,0,98.91517,0,0.21867,0,0,0,0,0,0.38916,0,0,0,0,0,0,0,0,0,0,0,0,0,0,0,0,0,0,0,0,0,0,0
GF24_B4_33_cwash,0,1.22202,0,0,70.36886,0,17.25512,0,0,5.59344,0,1.06464,4.49591,0,0,0,0,0,0,0,0,0,0,0,0,0,0,0,0,0,0,0,0,0,0,0
GF24_B4_d73_stool,0,0.4387,0,0,99.5613,0,0,0,0,0,0,0,0,0,0,0,0,0,0,0,0,0,0,0,0,0,0,0,0,0,0,0,0,0,0,0
GF24_B4_d74_cwash,0,0.5879,0,0,93.20183,0,4.76904,0,0,0,0,0.54045,0.86179,0.03898,0,0,0,0,0,0,0,0,0,0,0,0,0,0,0,0,0,0,0,0,0,0
GF24_B5_33_cwash,0,0,0,0,67.23931,0,13.89093,0,0,0,0,0,18.86976,0,0,0,0,0,0,0,0,0,0,0,0,0,0,0,0,0,0,0,0,0,0,0
GF24_B6_33_cwash,0,0.51822,0,0,76.43131,0,3.79947,0,0,0,0,0.07519,19.17581,0,0,0,0,0,0,0,0,0,0,0,0,0,0,0,0,0,0,0,0,0,0,0
GF24_B7_33_cwash,0,0,0,0,58.00116,0,12.4975,0,0,2.30438,0,0.65417,26.54279,0,0,0,0,0,0,0,0,0,0,0,0,0,0,0,0,0,0,0,0,0,0,0
GF24_Bdam_d114_stool,1.44612,18.05856,0,0,26.48687,0,36.98817,0,0,6.36765,0,1.59739,9.05524,0,0,0,0,0,0,0,0,0,0,0,0,0,0,0,0,0,0,0,0,0,0,0
GF24_C10_d86_cwash,0,1.44544,0,0,87.1993,0,8.89789,0,0,0,0,0.67951,1.40888,0.36899,0,0,0,0,0,0,0,0,0,0,0,0,0,0,0,0,0,0,0,0,0,0
GF24_C1_37_stool,0,1.70999,0,0,96.28582,0,0.57811,0,0,0,0,1.42608,0,0,0,0,0,0,0,0,0,0,0,0,0,0,0,0,0,0,0,0,0,0,0,0
GF24_C1_39_cwash,0,91.71634,0,0,5.60992,0,0,0,0,0,0,0,2.67374,0,0,0,0,0,0,0,0,0,0,0,0,0,0,0,0,0,0,0,0,0,0,0
GF24_C1_d108_cwash,0,0,0,0,93.72884,0,0,0,0,0,0,0,0,6.27116,0,0,0,0,0,0,0,0,0,0,0,0,0,0,0,0,0,0,0,0,0,0
GF24_C1_d129_cwash,0,0.12746,0,0,98.23737,0,0.16442,0,0,0,0,0.10692,0.02572,1.3381,0,0,0,0,0,0,0,0,0,0,0,0,0,0,0,0,0,0,0,0,0,0
GF24_C2_39_cwash,0,69.26263,0,0,5.68121,0,0,0,0,0,0,16.47843,8.57773,0,0,0,0,0,0,0,0,0,0,0,0,0,0,0,0,0,0,0,0,0,0,0
GF24_C2_d108_cwash,0,0.86403,0,0,84.2684,0,7.18368,0,0,0,0,0.45061,6.40381,0.82947,0,0,0,0,0,0,0,0,0,0,0,0,0,0,0,0,0,0,0,0,0,0
GF24_C2_d129_cwash,0,0,0,0,95.66632,0,0,0,0,0,0,0,0,4.33368,0,0,0,0,0,0,0,0,0,0,0,0,0,0,0,0,0,0,0,0,0,0
GF24_C2_d86_cwash,0,1.8642,0,0,91.11717,0,3.73471,0,0,0,0,1.07243,2.08909,0.1224,0,0,0,0,0,0,0,0,0,0,0,0,0,0,0,0,0,0,0,0,0,0
GF24_C3_37_stool,0,2.39829,0,0,96.63909,0,0.38191,0,0,0,0,0.58072,0,0,0,0,0,0,0,0,0,0,0,0,0,0,0,0,0,0,0,0,0,0,0,0
GF24_C3_38_cwash,0,90.05915,0,0,9.94085,0,0,0,0,0,0,0,0,0,0,0,0,0,0,0,0,0,0,0,0,0,0,0,0,0,0,0,0,0,0,0
GF24_C3_d108_cwash,0,0,0,0,99.38236,0,0,0,0,0,0,0,0,0.61764,0,0,0,0,0,0,0,0,0,0,0,0,0,0,0,0,0,0,0,0,0,0
GF24_C3_d129_cwash,0,0,0,0,91.14841,0,2.31147,0,0,0,0,0.16038,0.40071,5.97903,0,0,0,0,0,0,0,0,0,0,0,0,0,0,0,0,0,0,0,0,0,0
GF24_C3_d85_stool,0,0.64769,0,0,98.7291,0,0.04312,0,0,0,0,0.58008,0,0,0,0,0,0,0,0,0,0,0,0,0,0,0,0,0,0,0,0,0,0,0,0
GF24_C3_d86_cwash,0,4.22075,0,0,80.11221,0,12.59593,0,0,0,0,1.45308,0.74238,0.87563,0,0,0,0,0,0,0,0,0,0,0,0,0,0,0,0,0,0,0,0,0,0
GF24_C4_37_stool,0,3.39349,0,0,88.71129,0,5.3666,0,0,0,0,2.52862,0,0,0,0,0,0,0,0,0,0,0,0,0,0,0,0,0,0,0,0,0,0,0,0
GF24_C4_38_cwash,0,80.81278,0,0,3.56893,0,0,0,0,0,0,12.17629,3.44199,0,0,0,0,0,0,0,0,0,0,0,0,0,0,0,0,0,0,0,0,0,0,0
GF24_C4_38_stool,0,0,0,0,28.30576,0,0,0,0,0,0,0,71.69424,0,0,0,0,0,0,0,0,0,0,0,0,0,0,0,0,0,0,0,0,0,0,0
GF24_C4_d108_cwash,0,0,0,0,90.9051,0,1.13126,0,0,0,0,0,0.29337,7.67027,0,0,0,0,0,0,0,0,0,0,0,0,0,0,0,0,0,0,0,0,0,0
GF24_C4_d129_cwash,0,1.1517,0,0,93.68476,0,1.09939,0,0,2.46784,0,0.15415,0,1.44216,0,0,0,0,0,0,0,0,0,0,0,0,0,0,0,0,0,0,0,0,0,0
GF24_C4_d86_cwash,0,5.44855,0,0,88.93862,0,0.38348,0,0,0,0,0.06307,0.99128,4.175,0,0,0,0,0,0,0,0,0,0,0,0,0,0,0,0,0,0,0,0,0,0
GF24_C5_36_stool,0,0.84695,0,0,99.15305,0,0,0,0,0,0,0,0,0,0,0,0,0,0,0,0,0,0,0,0,0,0,0,0,0,0,0,0,0,0,0
GF24_C5_38_stool,0,81.5583,0,0,0,0,0,0,0,0,0,0,18.4417,0,0,0,0,0,0,0,0,0,0,0,0,0,0,0,0,0,0,0,0,0,0,0
GF24_C5_d108_cwash,0,0.13626,0,0,94.0119,0,0,0,0,0,0,0,0,5.85184,0,0,0,0,0,0,0,0,0,0,0,0,0,0,0,0,0,0,0,0,0,0
GF24_C5_d129_cwash,0,0.093,0,0,95.28282,0,2.23667,0,0,1.06939,0,0.40503,0,0.91308,0,0,0,0,0,0,0,0,0,0,0,0,0,0,0,0,0,0,0,0,0,0
GF24_C5_d85_stool,0,0.8457,0,0,98.76096,0,0.22112,0,0,0,0,0.12435,0,0.04787,0,0,0,0,0,0,0,0,0,0,0,0,0,0,0,0,0,0,0,0,0,0
GF24_C5_d86_cwash,0,0,0,0,77.64129,0,0,0,0,0,0,0,3.30096,19.05775,0,0,0,0,0,0,0,0,0,0,0,0,0,0,0,0,0,0,0,0,0,0
GF24_C6_36_stool,0,4.17908,0,0,93.70801,0,0.36595,0,0,0,0,1.74696,0,0,0,0,0,0,0,0,0,0,0,0,0,0,0,0,0,0,0,0,0,0,0,0
GF24_C6_37_stool,0,4.91908,0,0,89.26752,0,4.27455,0,0,0,0,1.53885,0,0,0,0,0,0,0,0,0,0,0,0,0,0,0,0,0,0,0,0,0,0,0,0
GF24_C6_38_stool,0,97.36824,0,0,1.58053,0,0,0,0,0,0,0,1.05123,0,0,0,0,0,0,0,0,0,0,0,0,0,0,0,0,0,0,0,0,0,0,0
GF24_C6_d108_cwash,0,0.22189,0,0,90.97225,0,6.45476,0,0,0,0,1.31306,0.69186,0.34618,0,0,0,0,0,0,0,0,0,0,0,0,0,0,0,0,0,0,0,0,0,0
GF24_C6_d129_cwash,0,0.23983,0,0,93.10344,0,1.22185,0,0,0,0,0,0,5.43488,0,0,0,0,0,0,0,0,0,0,0,0,0,0,0,0,0,0,0,0,0,0
GF24_C6_d85_stool,0,0,0,0,100,0,0,0,0,0,0,0,0,0,0,0,0,0,0,0,0,0,0,0,0,0,0,0,0,0,0,0,0,0,0,0
GF24_C6_d86_cwash,0,0.70037,0,0,89.02763,0,5.42031,0,0,0,0,0,4.85169,0,0,0,0,0,0,0,0,0,0,0,0,0,0,0,0,0,0,0,0,0,0,0
GF24_C7_d108_cwash,0,0,0,0,90.21535,0,0,0,0,0,0,0,0,9.78465,0,0,0,0,0,0,0,0,0,0,0,0,0,0,0,0,0,0,0,0,0,0
GF24_C7_d129_cwash,0,0,0,0,97.34876,0,0.87242,0,0,0,0,0.35553,0,1.42329,0,0,0,0,0,0,0,0,0,0,0,0,0,0,0,0,0,0,0,0,0,0
GF24_C7_d85_stool,0,1.21395,0,0,97.81491,0,0.35624,0,0,0,0,0.61491,0,0,0,0,0,0,0,0,0,0,0,0,0,0,0,0,0,0,0,0,0,0,0,0
GF24_C7_d86_cwash,0,6.75369,0,0,85.34742,0,4.74847,0,0,0,0,0.38985,2.51154,0.24903,0,0,0,0,0,0,0,0,0,0,0,0,0,0,0,0,0,0,0,0,0,0
GF24_C8_d108_cwash,0,0.15403,0,0,98.20558,0,0.0381,0,0,0,0,0.02829,0,1.574,0,0,0,0,0,0,0,0,0,0,0,0,0,0,0,0,0,0,0,0,0,0
GF24_C8_d85_stool,0,3.0528,0,0,96.9472,0,0,0,0,0,0,0,0,0,0,0,0,0,0,0,0,0,0,0,0,0,0,0,0,0,0,0,0,0,0,0
GF24_C8_d86_cwash,0,1.62731,0,0,84.25248,0,8.48524,0,0,0.33095,0,2.08249,3.01807,0.20345,0,0,0,0,0,0,0,0,0,0,0,0,0,0,0,0,0,0,0,0,0,0
GF24_C9_d108_cwash,0,0.40003,0,0,82.08981,0,4.04313,0,0,0,0,0,8.08546,5.38156,0,0,0,0,0,0,0,0,0,0,0,0,0,0,0,0,0,0,0,0,0,0
GF24_C9_d85_stool,0,1.66079,0,0,97.12639,0,0.05974,0,0,0.08277,0,1.07031,0,0,0,0,0,0,0,0,0,0,0,0,0,0,0,0,0,0,0,0,0,0,0,0
GF24_C9_d86_cwash,0,3.74869,0,0,77.99924,0,10.37034,0,0,0,0,1.17872,5.87031,0.83271,0,0,0,0,0,0,0,0,0,0,0,0,0,0,0,0,0,0,0,0,0,0
GF24_Cdam_d108_stool,0,12.76876,14.28209,0,19.65841,0,27.8988,0,0,3.42095,0,3.36885,18.60214,0,0,0,0,0,0,0,0,0,0,0,0,0,0,0,0,0,0,0,0,0,0,0
GF24_damA_18_stool,0.19872,17.73209,24.07472,0,23.66031,0,23.54837,0,0,2.23089,0,1.95433,6.60057,0,0,0,0,0,0,0,0,0,0,0,0,0,0,0,0,0,0,0,0,0,0,0
GF24_damA_3_stool,0,7.59921,0,0,39.21411,0,19.12241,0,0,8.71908,0,7.37651,17.96868,0,0,0,0,0,0,0,0,0,0,0,0,0,0,0,0,0,0,0,0,0,0,0
GF24_damA_8_stool,1.32385,8.91771,9.39399,0,33.08593,0,13.40349,0,0,7.08664,0,7.6229,19.16549,0,0,0,0,0,0,0,0,0,0,0,0,0,0,0,0,0,0,0,0,0,0,0
GF24_damB_3_stool,0,2.77366,0,0,10.11573,0,67.51946,0,0,4.4086,0,10.32229,4.86025,0,0,0,0,0,0,0,0,0,0,0,0,0,0,0,0,0,0,0,0,0,0,0
GF24_damB_8_stool,0,11.09428,19.66932,0,23.99803,0,13.98204,0,0,2.7619,0,0.28971,28.20472,0,0,0,0,0,0,0,0,0,0,0,0,0,0,0,0,0,0,0,0,0,0,0
GF24_damC_30_stool,0.03711,3.42561,39.39149,0,41.54332,0,6.90888,0,0,1.39748,0,1.16753,6.12858,0,0,0,0,0,0,0,0,0,0,0,0,0,0,0,0,0,0,0,0,0,0,0
GF24_damC_3_stool,0,4.12662,0,0,13.33624,0,54.12389,0,0,8.59389,0,11.29807,8.52129,0,0,0,0,0,0,0,0,0,0,0,0,0,0,0,0,0,0,0,0,0,0,0
GF24_damC_51_stool,0,25.71135,0,0,15.53538,0,26.51764,0,0,4.91077,0,8.36784,18.95702,0,0,0,0,0,0,0,0,0,0,0,0,0,0,0,0,0,0,0,0,0,0,0
GF24_Inoc_0,0,7.01883,0.04989,0,70.80956,0.27815,7.28996,0,9.03552,0.2995,0,3.0071,2.21149,0,0,0,0,0,0,0,0,0,0,0,0,0,0,0,0,0,0,0,0,0,0,0
GF26_A1_d101_cwash,0,0,0,0,99.41658,0,0,0,0,0,0,0,0,0.58342,0,0,0,0,0,0,0,0,0,0,0,0,0,0,0,0,0,0,0,0,0,0
GF26_A1_d65_cwash,0,0,0,0,0,0,0,0,0,0,0,0,0,100,0,0,0,0,0,0,0,0,0,0,0,0,0,0,0,0,0,0,0,0,0,0
GF26_A2_d101_cwash,0,0,0,0,99.49702,0,0,0,0,0,0,0,0,0.50298,0,0,0,0,0,0,0,0,0,0,0,0,0,0,0,0,0,0,0,0,0,0
GF26_A2_d149_cwash,0,0,0,0,100,0,0,0,0,0,0,0,0,0,0,0,0,0,0,0,0,0,0,0,0,0,0,0,0,0,0,0,0,0,0,0
GF26_A3_d101_cwash,0,0,0,0,99.67376,0,0,0,0,0,0,0,0,0.32624,0,0,0,0,0,0,0,0,0,0,0,0,0,0,0,0,0,0,0,0,0,0
GF26_A3_d149_cwash,0,0,0,0,100,0,0,0,0,0,0,0,0,0,0,0,0,0,0,0,0,0,0,0,0,0,0,0,0,0,0,0,0,0,0,0
GF26_A4_d101_cwash,0,0,0,0,99.90338,0,0,0,0,0,0,0,0,0.09662,0,0,0,0,0,0,0,0,0,0,0,0,0,0,0,0,0,0,0,0,0,0
GF26_A4_d146_stool,0,0,0,0,100,0,0,0,0,0,0,0,0,0,0,0,0,0,0,0,0,0,0,0,0,0,0,0,0,0,0,0,0,0,0,0
GF26_A4_d147_stool,0,0,0,0,100,0,0,0,0,0,0,0,0,0,0,0,0,0,0,0,0,0,0,0,0,0,0,0,0,0,0,0,0,0,0,0
GF26_A4_d148_stool,0,0,0,0,100,0,0,0,0,0,0,0,0,0,0,0,0,0,0,0,0,0,0,0,0,0,0,0,0,0,0,0,0,0,0,0
GF26_A4_d65_cwash,0,0,0,0,0,0,0,0,0,0,0,0,0,100,0,0,0,0,0,0,0,0,0,0,0,0,0,0,0,0,0,0,0,0,0,0
GF26_A5_d101_cwash,0,0,0,0,99.78987,0,0,0,0,0,0,0,0,0.21013,0,0,0,0,0,0,0,0,0,0,0,0,0,0,0,0,0,0,0,0,0,0
GF26_A7_d65_cwash,0,0,0,0,0,0,0,0,0,0,0,0,0,100,0,0,0,0,0,0,0,0,0,0,0,0,0,0,0,0,0,0,0,0,0,0
GF26_A9_d149_cwash,0,0,0,0,98.66572,0,0,0,0,0,0,0,0,1.33428,0,0,0,0,0,0,0,0,0,0,0,0,0,0,0,0,0,0,0,0,0,0
GF26_Adam_d148_stool,0,0,0,0,99.45252,0,0,0,0,0,0,0,0,0,0.54748,0,0,0,0,0,0,0,0,0,0,0,0,0,0,0,0,0,0,0,0,0
GF26_Adam_d98_stool,0,0,0,0,97.80874,0,0,0,0,0,0,0,0,0.0569,2.13436,0,0,0,0,0,0,0,0,0,0,0,0,0,0,0,0,0,0,0,0,0
GF26_Bdam_d133_stool,0,0,0,0,97.72492,0,0,0,0,0,0,0,0,0,2.27508,0,0,0,0,0,0,0,0,0,0,0,0,0,0,0,0,0,0,0,0,0
GF26_Bdam_d85_stool,0,0,0,0,98.47436,0,0,0,0,0,0,0,0,0,1.52564,0,0,0,0,0,0,0,0,0,0,0,0,0,0,0,0,0,0,0,0,0
GF26_Bdam_d91_stool,0,0,0,0,97.16895,0,0,0,0,0,0,0,0,0,2.83105,0,0,0,0,0,0,0,0,0,0,0,0,0,0,0,0,0,0,0,0,0
GF26_Cdam_d98_stool,5.40198,14.97965,0,0,35.0089,0,28.86729,0,0,5.03825,0,0.84793,9.83427,0.02174,0,0,0,0,0,0,0,0,0,0,0,0,0,0,0,0,0,0,0,0,0,0
GF27_A1_d33_cwash,0,0.11902,0,0,88.81545,0,5.63622,0,0,0,0,0.21588,3.15951,2.05392,0,0,0,0,0,0,0,0,0,0,0,0,0,0,0,0,0,0,0,0,0,0
GF27_A2_d33_cwash,0,0,0,0,74.93084,0,3.61181,0,0,7.5553,0,0.09547,5.34267,8.46391,0,0,0,0,0,0,0,0,0,0,0,0,0,0,0,0,0,0,0,0,0,0
GF27_A3_d33_cwash,0,0,0,0,84.82187,0,8.76833,0,0,0,0,0.98583,2.69095,2.73302,0,0,0,0,0,0,0,0,0,0,0,0,0,0,0,0,0,0,0,0,0,0
GF27_A6_d33_cwash,0,0,0,0,87.89575,0,5.72157,0,0,0.3168,0,0.21406,1.93248,3.91934,0,0,0,0,0,0,0,0,0,0,0,0,0,0,0,0,0,0,0,0,0,0
GF27_A7_d33_cwash,0,0,0,0,88.83009,0,4.25563,0,0,0,0,0.03793,3.08694,3.7894,0,0,0,0,0,0,0,0,0,0,0,0,0,0,0,0,0,0,0,0,0,0
GF27_A8_d33_cwash,0,0,0,0,80.90197,0,5.52246,0,0,4.48541,0,0.14527,1.05191,7.89298,0,0,0,0,0,0,0,0,0,0,0,0,0,0,0,0,0,0,0,0,0,0
GF27_GF27_Inoc,0,29.34148,0.03931,0,38.76834,0.12803,0.99441,26.29843,3.021,0.06071,0,0.95278,0.39551,0,0,0,0,0,0,0,0,0,0,0,0,0,0,0,0,0,0,0,0,0,0,0
Gn3_6B_dam_210806,0,0,0,0,100,0,0,0,0,0,0,0,0,0,0,0,0,0,0,0,0,0,0,0,0,0,0,0,0,0,0,0,0,0,0,0
Gn3_6B_dam_210818,0,0,0,0,100,0,0,0,0,0,0,0,0,0,0,0,0,0,0,0,0,0,0,0,0,0,0,0,0,0,0,0,0,0,0,0
Gn4_G_Innoc,0,0,0,0,6.5465,0,0,93.4535,0,0,0,0,0,0,0,0,0,0,0,0,0,0,0,0,0,0,0,0,0,0,0,0,0,0,0,0
B1,0,2.32868,0,0,22.25249,0,67.37624,0,0.14474,0.13714,0,3.74039,4.02032,0,0,0,0,0,0,0,0,0,0,0,0,0,0,0,0,0,0,0,0,0,0,0
B1-colon,1.70243,0.09085,0.38186,0,1.49469,0,64.96095,0,6.06231,0,0,10.87534,13.83594,0,0,0.59563,0,0,0,0,0,0,0,0,0,0,0,0,0,0,0,0,0,0,0,0
B1-d31,0,3.55941,0,0,92.97443,0,1.78602,0,0,0.39366,0,1.28649,0,0,0,0,0,0,0,0,0,0,0,0,0,0,0,0,0,0,0,0,0,0,0,0
b1-d33,0.38236,6.05101,0,0,74.85403,0,11.27706,0,0,3.75844,0,3.0703,0.6068,0,0,0,0,0,0,0,0,0,0,0,0,0,0,0,0,0,0,0,0,0,0,0
B1-d39,1.0478,1.64942,0,0,11.05367,0,48.15972,0,2.62734,0.90927,0,8.0975,26.3323,0,0,0,0.12297,0,0,0,0,0,0,0,0,0,0,0,0,0,0,0,0,0,0,0
B1-d40,1.04469,1.56764,0,0,14.71904,0,44.3966,0,3.47227,0.96898,0,8.88552,24.82659,0,0,0,0.11868,0,0,0,0,0,0,0,0,0,0,0,0,0,0,0,0,0,0,0
B1-d48,1.10832,1.46147,0.20184,0,5.14185,0,57.6682,0,6.09007,0.7257,0,8.70245,17.34769,0,0,1.46598,0.08642,0,0,0,0,0,0,0,0,0,0,0,0,0,0,0,0,0,0,0
B19,2.09112,1.45915,2.43851,0,4.97716,0,52.4373,0,3.46248,0.63317,0,9.45234,21.42473,0,0,1.62405,0,0,0,0,0,0,0,0,0,0,0,0,0,0,0,0,0,0,0,0
B2-d29,0,0.23316,0,0,99.76684,0,0,0,0,0,0,0,0,0,0,0,0,0,0,0,0,0,0,0,0,0,0,0,0,0,0,0,0,0,0,0
b2-d33,1.37785,1.54524,0,0,68.40204,0,20.59602,0,0,0.08691,0,3.45998,4.53197,0,0,0,0,0,0,0,0,0,0,0,0,0,0,0,0,0,0,0,0,0,0,0
B2-d39,0,3.12273,0,0,10.11625,0,56.90304,0,0.36534,0.96028,0,8.34278,20.18957,0,0,0,0,0,0,0,0,0,0,0,0,0,0,0,0,0,0,0,0,0,0,0
B3,0,1.36611,0,0,6.76468,0,72.22489,0,1.47522,1.6167,0,7.0759,9.47651,0,0,0,0,0,0,0,0,0,0,0,0,0,0,0,0,0,0,0,0,0,0,0
B3-d34,0.77603,2.56496,0,0,43.47817,0,36.25416,0,0,0.12973,0,2.35398,14.44297,0,0,0,0,0,0,0,0,0,0,0,0,0,0,0,0,0,0,0,0,0,0,0
B3-d39,0.06501,1.96526,0,0,11.01695,0,48.41259,0,0.90317,0.50469,0,8.5714,28.55902,0,0,0,0.00191,0,0,0,0,0,0,0,0,0,0,0,0,0,0,0,0,0,0,0
B3-d40,0.04723,3.79522,0,0,16.5877,0,49.18513,0,2.90252,2.43989,0,7.99005,17.05069,0,0,0,0.00157,0,0,0,0,0,0,0,0,0,0,0,0,0,0,0,0,0,0,0
B3-d48,0.78602,1.20745,1.04427,0,3.37357,0,58.26368,0,5.85557,0.7994,0,6.89997,20.31298,0,0,1.45711,0,0,0,0,0,0,0,0,0,0,0,0,0,0,0,0,0,0,0,0
B4-d29,0,1.09048,0,0,97.02814,0,1.35531,0,0,0,0,0.52607,0,0,0,0,0,0,0,0,0,0,0,0,0,0,0,0,0,0,0,0,0,0,0,0
B4-d34,0.19089,2.37855,0,0,66.63693,0,23.94357,0,0.1092,0.3787,0,2.77435,3.5878,0,0,0,0,0,0,0,0,0,0,0,0,0,0,0,0,0,0,0,0,0,0,0
B4-d40,0.02804,2.79956,0,0,16.76423,0,40.82568,0,4.27037,0.58055,0,10.32911,24.39993,0,0,0.00252,0,0,0,0,0,0,0,0,0,0,0,0,0,0,0,0,0,0,0,0
B4-d48,0.07253,1.50378,0,0,5.99126,0,62.46867,0,5.69167,0.90275,0,7.78282,13.95921,0,0,1.62731,0,0,0,0,0,0,0,0,0,0,0,0,0,0,0,0,0,0,0,0
B5-d29,0,0.07981,0,0,99.92019,0,0,0,0,0,0,0,0,0,0,0,0,0,0,0,0,0,0,0,0,0,0,0,0,0,0,0,0,0,0,0
b5-d33,0,5.5417,0,0,82.14489,0,8.8299,0,0,0.24548,0,3.04019,0.19784,0,0,0,0,0,0,0,0,0,0,0,0,0,0,0,0,0,0,0,0,0,0,0
B5-d39,0.41259,1.69305,0.00433,0,14.03008,0,43.95828,0,3.94144,1.01437,0,8.3774,26.53742,0,0,0,0.03105,0,0,0,0,0,0,0,0,0,0,0,0,0,0,0,0,0,0,0
B5-d40,0,2.2501,0,0,10.5428,0,56.72546,0,1.24048,1.1601,0,9.74765,18.33341,0,0,0,0,0,0,0,0,0,0,0,0,0,0,0,0,0,0,0,0,0,0,0
B5-d48,1.37723,1.13386,0.32423,0,6.89329,0,61.52039,0,5.3786,0.57914,0,8.12539,13.26462,0,0,1.26579,0.13746,0,0,0,0,0,0,0,0,0,0,0,0,0,0,0,0,0,0,0
B6-d29,0,0.93581,0,0,99.06419,0,0,0,0,0,0,0,0,0,0,0,0,0,0,0,0,0,0,0,0,0,0,0,0,0,0,0,0,0,0,0
b6-d33,0,5.50935,0,0,84.77094,0,6.9501,0,0,0.11435,0,2.16397,0.4913,0,0,0,0,0,0,0,0,0,0,0,0,0,0,0,0,0,0,0,0,0,0,0
B6-d34,0.61529,3.20839,0,0,59.05408,0,24.94452,0,0,0.05507,0,2.86974,9.25291,0,0,0,0,0,0,0,0,0,0,0,0,0,0,0,0,0,0,0,0,0,0,0
B6-d39,0,2.37694,0,0,8.39632,0,54.93361,0,0.24722,0.85528,0,8.58325,24.60738,0,0,0,0,0,0,0,0,0,0,0,0,0,0,0,0,0,0,0,0,0,0,0
B6-d40,0,2.57808,0,0,13.42402,0,52.67065,0,3.91026,1.07128,0,8.81944,17.52628,0,0,0,0,0,0,0,0,0,0,0,0,0,0,0,0,0,0,0,0,0,0,0
B6-d48,1.85976,1.36818,0.79154,0,5.07816,0,58.19296,0,6.37887,0.81078,0,7.24616,16.60002,0,0,1.53435,0.13922,0,0,0,0,0,0,0,0,0,0,0,0,0,0,0,0,0,0,0
B7-d29,0,0.40239,0,0,99.59761,0,0,0,0,0,0,0,0,0,0,0,0,0,0,0,0,0,0,0,0,0,0,0,0,0,0,0,0,0,0,0
b7-d33,0,5.27567,0,0,77.81216,0,14.25428,0,0,0,0,2.11734,0.54056,0,0,0,0,0,0,0,0,0,0,0,0,0,0,0,0,0,0,0,0,0,0,0
B7-d40,0,4.71936,0,0,19.03296,0,36.50636,0,4.06799,0.77151,0,9.64702,25.2548,0,0,0,0,0,0,0,0,0,0,0,0,0,0,0,0,0,0,0,0,0,0,0
B7-d48,2.27787,1.17204,1.8771,0,4.70235,0,54.88173,0,6.16162,0.71429,0,7.71774,19.04269,0,0,1.45257,0,0,0,0,0,0,0,0,0,0,0,0,0,0,0,0,0,0,0,0
C1,0,1.257,0,0,12.71412,0,75.98501,0,0.14154,0.10282,0,3.74031,6.0592,0,0,0,0,0,0,0,0,0,0,0,0,0,0,0,0,0,0,0,0,0,0,0
C1-d33,0,3.19563,0,0,96.69348,0,0,0,0,0,0,0.11089,0,0,0,0,0,0,0,0,0,0,0,0,0,0,0,0,0,0,0,0,0,0,0,0
C1-d44,0,1.26775,0,0,14.52072,0,57.65121,0,0,0.33739,0,8.60713,17.6158,0,0,0,0,0,0,0,0,0,0,0,0,0,0,0,0,0,0,0,0,0,0,0
C1-d45,0,0.43969,0,0,3.74931,0,67.75241,0,0,0,0,18.1058,9.9528,0,0,0,0,0,0,0,0,0,0,0,0,0,0,0,0,0,0,0,0,0,0,0
C1-d53,0,1.46484,0,0,7.30562,0,58.00655,0,5.88135,0.82942,0,9.53333,16.9789,0,0,0,0,0,0,0,0,0,0,0,0,0,0,0,0,0,0,0,0,0,0,0
C19,1.58305,1.54636,0.91754,0,3.2253,0,66.49619,0,3.66717,0.71221,0,6.22421,14.51288,0,0,1.11509,0,0,0,0,0,0,0,0,0,0,0,0,0,0,0,0,0,0,0,0
C2-colon,0,0.80869,0.05664,0,3.8752,0,65.17113,0,4.34394,0.57164,0,9.24325,15.92951,0,0,0,0,0,0,0,0,0,0,0,0,0,0,0,0,0,0,0,0,0,0,0
C2-d33,0,0,0,0,100,0,0,0,0,0,0,0,0,0,0,0,0,0,0,0,0,0,0,0,0,0,0,0,0,0,0,0,0,0,0,0
C2-d37,0,11.64609,0,0,69.08031,0,11.06001,0,0,0,0,3.82149,4.3921,0,0,0,0,0,0,0,0,0,0,0,0,0,0,0,0,0,0,0,0,0,0,0
C2-d44,0,1.43903,0,0,10.55184,0,66.08278,0,0,0.61562,0,7.84836,13.46237,0,0,0,0,0,0,0,0,0,0,0,0,0,0,0,0,0,0,0,0,0,0,0
C2-d45,0,3.23379,0,0,8.581,0,44.67912,0,0,0.63107,0,9.29811,33.57691,0,0,0,0,0,0,0,0,0,0,0,0,0,0,0,0,0,0,0,0,0,0,0
C2-d49,0,1.92929,0,0,9.2586,0,58.36206,0,2.61558,1.27804,0,2.96095,23.59549,0,0,0,0,0,0,0,0,0,0,0,0,0,0,0,0,0,0,0,0,0,0,0
C2-d53,0,1.16338,0,0,6.22239,0,58.11037,0,5.69433,0.97241,0,11.58651,16.25061,0,0,0,0,0,0,0,0,0,0,0,0,0,0,0,0,0,0,0,0,0,0,0
C3,0,2.04457,0,0,16.43715,0,52.88168,0,1.61258,3.14687,0,11.02796,12.8492,0,0,0,0,0,0,0,0,0,0,0,0,0,0,0,0,0,0,0,0,0,0,0
C3-colon,0,1.16085,0,0,2.28081,0,63.23505,0,3.17716,0.05019,0,11.57998,18.51596,0,0,0,0,0,0,0,0,0,0,0,0,0,0,0,0,0,0,0,0,0,0,0
C3-d33,0,2.77912,0,0,97.0409,0,0.04759,0,0,0,0,0.13239,0,0,0,0,0,0,0,0,0,0,0,0,0,0,0,0,0,0,0,0,0,0,0,0
C3-d44,0,1.1243,0,0,9.68663,0,61.01174,0,0,0.34559,0,8.04556,19.78618,0,0,0,0,0,0,0,0,0,0,0,0,0,0,0,0,0,0,0,0,0,0,0
C3-d45,0,1.22467,0,0,11.98153,0,58.7867,0,0,0.8138,0,10.86022,16.33307,0,0,0,0,0,0,0,0,0,0,0,0,0,0,0,0,0,0,0,0,0,0,0
C3-d53,0,1.13475,0,0,6.14464,0,54.66751,0,6.45614,0.67973,0,10.22784,20.6894,0,0,0,0,0,0,0,0,0,0,0,0,0,0,0,0,0,0,0,0,0,0,0
C4-d33,0,39.26759,0,0,53.83426,0,4.84584,0,0,1.3009,0,0.75141,0,0,0,0,0,0,0,0,0,0,0,0,0,0,0,0,0,0,0,0,0,0,0,0
C4-d44,0,1.52302,0,0,9.2715,0,65.18005,0,0.02869,0.35998,0,7.80902,15.82774,0,0,0,0,0,0,0,0,0,0,0,0,0,0,0,0,0,0,0,0,0,0,0
C4-d45,0,0,0,0,2.40464,0,60.78886,0,0,0,0,6.17998,30.62652,0,0,0,0,0,0,0,0,0,0,0,0,0,0,0,0,0,0,0,0,0,0,0
C4-d53,0,1.27466,0,0,6.4123,0,62.68176,0,6.13363,0.64088,0,8.18151,14.67526,0,0,0,0,0,0,0,0,0,0,0,0,0,0,0,0,0,0,0,0,0,0,0
C5-d34,0,71.29989,0,0,17.46433,0,7.32267,0,0,0,0,3.67155,0.24155,0,0,0,0,0,0,0,0,0,0,0,0,0,0,0,0,0,0,0,0,0,0,0
C5-d44,0,1.6703,0,0,7.27166,0,61.51265,0,0,0.5427,0,9.97294,19.02976,0,0,0,0,0,0,0,0,0,0,0,0,0,0,0,0,0,0,0,0,0,0,0
C5-d45,0,1.57584,0,0,5.02127,0,67.48721,0,0,0.68468,0,9.20928,16.02173,0,0,0,0,0,0,0,0,0,0,0,0,0,0,0,0,0,0,0,0,0,0,0
C5-d53,0,1.21093,0,0,5.9464,0,59.40133,0,5.78406,0.65957,0,11.74847,15.24924,0,0,0,0,0,0,0,0,0,0,0,0,0,0,0,0,0,0,0,0,0,0,0
C6-d33,0,86.44359,0,0,13.45539,0,0,0,0,0,0,0.10102,0,0,0,0,0,0,0,0,0,0,0,0,0,0,0,0,0,0,0,0,0,0,0,0
C6-d37,0,34.09464,0,0,60.15451,0,3.42325,0,0,0,0,1.34655,0.98104,0,0,0,0,0,0,0,0,0,0,0,0,0,0,0,0,0,0,0,0,0,0,0
C6-d44,0,2.72121,0,0,21.06768,0,41.50618,0,0,0.32749,0,11.73218,22.64526,0,0,0,0,0,0,0,0,0,0,0,0,0,0,0,0,0,0,0,0,0,0,0
C6-d49,0,1.30648,0,0,3.08094,0,70.41212,0,4.08214,0.76769,0,4.68058,15.67005,0,0,0,0,0,0,0,0,0,0,0,0,0,0,0,0,0,0,0,0,0,0,0
C6-d53,0.15807,1.14587,0,0,5.28754,0,66.54601,0,5.34375,0.6401,0,8.65374,12.22493,0,0,0,0,0,0,0,0,0,0,0,0,0,0,0,0,0,0,0,0,0,0,0
C7-d33,0,58.84773,0,0,39.77232,0,0.5973,0,0,0,0,0.78265,0,0,0,0,0,0,0,0,0,0,0,0,0,0,0,0,0,0,0,0,0,0,0,0
C7-d38,0,16.63315,0,0,62.78046,0,9.25494,0,0,0,0,2.1695,9.16195,0,0,0,0,0,0,0,0,0,0,0,0,0,0,0,0,0,0,0,0,0,0,0
C7-d44,0,1.52403,0,0,14.84168,0,54.16725,0,0,0.62527,0,8.82766,20.0141,0,0,0,0,0,0,0,0,0,0,0,0,0,0,0,0,0,0,0,0,0,0,0
C7-d45,0,1.58762,0,0,9.0375,0,61.68002,0,0,0.98955,0,11.6702,15.03512,0,0,0,0,0,0,0,0,0,0,0,0,0,0,0,0,0,0,0,0,0,0,0
C7-d53,0,1.79079,0.07964,0,9.99653,0,50.95227,0,6.03236,0.62424,0,10.71183,19.81234,0,0,0,0,0,0,0,0,0,0,0,0,0,0,0,0,0,0,0,0,0,0,0
C8-d35,0,5.67263,0,0,93.05069,0,0.40659,0,0,0,0,0.87009,0,0,0,0,0,0,0,0,0,0,0,0,0,0,0,0,0,0,0,0,0,0,0,0
C8-d38,0,21.67674,0,0,19.11827,0,35.99393,0,0,0,0,2.32938,20.88168,0,0,0,0,0,0,0,0,0,0,0,0,0,0,0,0,0,0,0,0,0,0,0
C8-d44,0,4.1065,0,0,11.72805,0,47.71527,0,0,0.59816,0,10.79282,25.0592,0,0,0,0,0,0,0,0,0,0,0,0,0,0,0,0,0,0,0,0,0,0,0
C8-d45,0,2.49721,0,0,5.19833,0,57.51488,0,0,0.64642,0,11.53931,22.60384,0,0,0,0,0,0,0,0,0,0,0,0,0,0,0,0,0,0,0,0,0,0,0
C8-d53,0,1.12861,0,0,5.16556,0,61.26181,0,5.70629,0.69198,0,10.47287,15.57288,0,0,0,0,0,0,0,0,0,0,0,0,0,0,0,0,0,0,0,0,0,0,0
CONV_MERO1_COLON,0,51.80815,0,0,0,0,0,0,0,0,0,16.1756,0,0,0,0,0,32.01625,0,0,0,0,0,0,0,0,0,0,0,0,0,0,0,0,0,0
CONV_MERO1_D0,0,2.41612,0,0,0,0,0,0,0,0,0,1.04501,0,0,0,0,0,5.81218,43.61721,42.56373,4.54574,0,0,0,0,0,0,0,0,0,0,0,0,0,0,0
CONV_MERO1_D1,0,0.87379,0,0,0,0,0,0,0,0,0,0.02432,0,0,0,0,0,0.26921,9.79566,88.72675,0.31027,0,0,0,0,0,0,0,0,0,0,0,0,0,0,0
CONV_MERO1_D3,0,96.75582,0,0,0,0,0,0,0,0,0,3.15861,0,0,0,0,0,0,0,0.08557,0,0,0,0,0,0,0,0,0,0,0,0,0,0,0,0
CONV_MERO2_COLON,0,43.21215,0,0,0,0,0,0,0,0,0,42.2165,0,0,0,0,0,14.57135,0,0,0,0,0,0,0,0,0,0,0,0,0,0,0,0,0,0
CONV_MERO2_D0,0,7.37509,0,0,0.20283,0,0,0,0,0,0,0.40536,0,0,0,0,0,10.64572,48.21463,23.11782,10.03855,0,0,0,0,0,0,0,0,0,0,0,0,0,0,0
CONV_MERO2_D3,0,99.69623,0,0,0,0,0,0,0,0,0,0,0,0,0,0,0,0,0,0,0.30377,0,0,0,0,0,0,0,0,0,0,0,0,0,0,0
CONV_MERO3_COLON,0,4.56523,0,0,0,0,0,0,0,0,0,1.10355,0,0,0,0,0,94.05712,0,0,0.2741,0,0,0,0,0,0,0,0,0,0,0,0,0,0,0
CONV_MERO3_D1,0,48.9519,0,0,0,0,0,0,0,0,0,8.08924,0,0,0,0,0,26.41518,0,0.63594,15.90774,0,0,0,0,0,0,0,0,0,0,0,0,0,0,0
CONV_MERO3_D3,0,4.18388,0,0,0,0,0,0,0,0,0,0.26082,0,0,0,0,0,90.40058,0,0,5.15472,0,0,0,0,0,0,0,0,0,0,0,0,0,0,0
CONV_MERO4_COLON,0,43.26364,0,0,0,0,0,0,0,0,0,15.38157,0,0,0,0,0,24.16463,0,0,17.19016,0,0,0,0,0,0,0,0,0,0,0,0,0,0,0
CONV_MERO4_D0,0,0,0,0,0,0,0,0,0,0,0,0.47372,0,0,0,0,0,77.75885,7.97338,9.77129,2.9651,1.05766,0,0,0,0,0,0,0,0,0,0,0,0,0,0
CONV_MERO4_D1,0,0,0,0,0,0,0,0,0,0,0,4.93612,0,0,0,0,0,0,0,0.35332,94.71057,0,0,0,0,0,0,0,0,0,0,0,0,0,0,0
CONV_MERO4_D3,0,32.09592,0,0,0,0,0,0,0,0,0,66.2791,0,0,0,0,0,0,0,0.01693,1.60805,0,0,0,0,0,0,0,0,0,0,0,0,0,0,0
CONV_PBS1_COLON,0,0,0,0,0,0,0,0,0,0,0,2.99553,0,0,0,0,0,33.8989,7.51078,6.98937,46.16518,2.44024,0,0,0,0,0,0,0,0,0,0,0,0,0,0
CONV_PBS1_D0,0,1.2897,0,0,0,0,0,0,0,0,0,0.77649,0,0,0,0,0,1.34581,74.77864,18.25381,3.55555,0,0,0,0,0,0,0,0,0,0,0,0,0,0,0
CONV_PBS1_D3,0,0.19156,0,0,1.64461,0,0,0,0,0,0,1.27189,0,0,0,0,0,70.6241,13.09525,3.16441,8.43638,1.57181,0,0,0,0,0,0,0,0,0,0,0,0,0,0
CONV_PBS2_COLON,0,0,0,0,0,0,0,0,0,0,0,0.88787,0,0,0,0,0,60.23488,6.6942,1.433,28.85982,1.89022,0,0,0,0,0,0,0,0,0,0,0,0,0,0
CONV_PBS2_D1,0,0,0,0,1.12966,0,0,0,0,0,0,1.08651,0,0,0,0,0,51.79965,21.99303,7.94678,12.43522,3.508,0.10116,0,0,0,0,0,0,0,0,0,0,0,0,0
CONV_PBS2_D3,0,0,0,0,0,0,0,0,0,0,0,0.03673,0,0,0,0,0,74.31692,12.72496,3.14713,7.62189,2.15237,0,0,0,0,0,0,0,0,0,0,0,0,0,0
CONV_PBS3_COLON,0,0,0,0,0,0,0,0,0,0,0,0,0,0,0,0,0,47.30147,5.25609,0,46.59387,0.84857,0,0,0,0,0,0,0,0,0,0,0,0,0,0
CONV_PBS3_D1,4.01006,1.5436,0,0,5.56644,0,27.51881,0,0,0,0,3.11618,22.16733,0,0,0,0,13.9034,11.0466,6.0783,4.24862,0.80066,0,0,0,0,0,0,0,0,0,0,0,0,0,0
CONV_PBS4_COLON,0,0,0,0,0,0,0,0,0,0,0,0,0,0,0,0,0,54.79447,13.50345,0,29.27232,2.42976,0,0,0,0,0,0,0,0,0,0,0,0,0,0
CONV_PBS4_D0,0,0,0,0,0.21468,0,0,0,0,0,0,0,0,0,0,0,0,76.86505,14.99767,1.35989,5.39144,1.17127,0,0,0,0,0,0,0,0,0,0,0,0,0,0
CONV_PBS4_D1,0,0,0,0,0.27939,0,0,0,0,0,0,0,0,0,0,0,0,63.7768,15.74604,0.13255,18.15167,1.83929,0.07425,0,0,0,0,0,0,0,0,0,0,0,0,0
CONV_PBS4_D3,0,0,0,0,0.04449,0,0,0,0,0,0,0.07061,0,0,0,0,0,75.19666,14.06691,2.78885,5.42874,2.29928,0.10446,0,0,0,0,0,0,0,0,0,0,0,0,0
GF1_A10,2.85365,2.73172,0.37889,0,10.42658,0,50.85604,0,2.66641,0.66944,0,10.17242,19.24484,0,0,0,0,0,0,0,0,0,0,0,0,0,0,0,0,0,0,0,0,0,0,0
GF1_B_mom_d32,4.00878,3.3564,2.61501,0,5.62842,0,50.65554,0,5.29674,0.91839,0,5.28758,20.10749,0,0,2.12565,0,0,0,0,0,0,0,0,0,0,0,0,0,0,0,0,0,0,0,0
GF1_B10,0.96112,2.79574,0,0,8.77239,0,43.63559,0,4.14865,0.24717,0,7.46627,31.11821,0,0,0.85487,0,0,0,0,0,0,0,0,0,0,0,0,0,0,0,0,0,0,0,0
GF1_B14,0.62456,1.83001,0,0,2.56797,0,67.36827,0,3.20471,0.8889,0,8.46168,14.19298,0,0,0.86091,0,0,0,0,0,0,0,0,0,0,0,0,0,0,0,0,0,0,0,0
GF1_B17,2.2964,2.36627,1.76933,0,6.21689,0,53.27646,0,4.77978,1.04269,0,7.18549,19.29567,0,0,1.77103,0,0,0,0,0,0,0,0,0,0,0,0,0,0,0,0,0,0,0,0
GF1_B25,3.95711,1.65911,3.11903,0,4.05566,0,56.15216,0,4.90961,0.55764,0,7.90863,15.91911,0,0,1.76194,0,0,0,0,0,0,0,0,0,0,0,0,0,0,0,0,0,0,0,0
GF1_B3_d38,2.11314,0.67903,0.18711,0,6.29659,0,48.68524,0,0,0.55582,0,10.44965,31.03343,0,0,0,0,0,0,0,0,0,0,0,0,0,0,0,0,0,0,0,0,0,0,0
GF1_B5_D38,0,2.32762,0,0,7.00567,0,48.84945,0,0,0.16332,0,8.39485,33.25909,0,0,0,0,0,0,0,0,0,0,0,0,0,0,0,0,0,0,0,0,0,0,0
GF1_B6_d38,0,1.76203,0,0,5.66969,0,55.99118,0,0,0.18133,0,10.41022,25.98555,0,0,0,0,0,0,0,0,0,0,0,0,0,0,0,0,0,0,0,0,0,0,0
GF1_B7_D38,0,2.94926,0,0,4.70962,0,61.59407,0,0,0.17692,0,8.63498,21.93516,0,0,0,0,0,0,0,0,0,0,0,0,0,0,0,0,0,0,0,0,0,0,0
GF1_C_mom_d32,3.72307,1.89193,2.57628,0,2.81069,0,60.34954,0,3.74119,1.1683,0,6.29668,17.44232,0,0,0,0,0,0,0,0,0,0,0,0,0,0,0,0,0,0,0,0,0,0,0
GF1_C10,1.90941,2.3865,0.10668,0,9.9158,0,46.05232,0,2.81619,0.31227,0,13.88596,21.12827,0,0,1.4866,0,0,0,0,0,0,0,0,0,0,0,0,0,0,0,0,0,0,0,0
GF1_C14,1.92098,2.39429,1.44912,0,5.14608,0,51.51186,0,4.73888,1.49587,0,8.94059,21.65192,0,0,0.7504,0,0,0,0,0,0,0,0,0,0,0,0,0,0,0,0,0,0,0,0
GF1_C17,1.67323,2.00809,1.34234,0,3.5236,0,52.60701,0,3.87555,0.86401,0,11.54865,22.00848,0,0,0.54906,0,0,0,0,0,0,0,0,0,0,0,0,0,0,0,0,0,0,0,0
GF1_C25,1.83938,1.92148,1.51305,0,4.65079,0,57.89299,0,2.81354,0.60839,0,7.82061,19.98492,0,0,0.95486,0,0,0,0,0,0,0,0,0,0,0,0,0,0,0,0,0,0,0,0
GF1_C4_d39,0,13.23708,0,0,10.13473,0,49.16924,0,0,0,0,9.27728,18.18167,0,0,0,0,0,0,0,0,0,0,0,0,0,0,0,0,0,0,0,0,0,0,0
GF1_C6_d39,0,19.34285,0,0,13.50917,0,33.90406,0,0,0,0,4.73869,28.50523,0,0,0,0,0,0,0,0,0,0,0,0,0,0,0,0,0,0,0,0,0,0,0
GF1_C7_d39,0,26.35101,0,0,11.37139,0,24.50385,0,0,0,0,6.48611,31.28764,0,0,0,0,0,0,0,0,0,0,0,0,0,0,0,0,0,0,0,0,0,0,0
GF1_INOC_GF1,0.03714,8.95423,0.05614,0,55.75864,0.35091,15.11277,0.07161,11.46037,0.44602,0,3.41741,4.33475,0,0,0,0,0,0,0,0,0,0,0,0,0,0,0,0,0,0,0,0,0,0,0
GF10_A_DAM_D0,0,7.54146,0,0,68.08031,0.03391,8.92969,0,7.59296,0,0,3.97532,3.84636,0,0,0,0,0,0,0,0,0,0,0,0,0,0,0,0,0,0,0,0,0,0,0
GF10_A1_COLON_D35,0,9.10604,0,0,81.42365,0,1.75522,0,4.14397,0,0,2.93352,0.6376,0,0,0,0,0,0,0,0,0,0,0,0,0,0,0,0,0,0,0,0,0,0,0
GF10_A1_d101,0,24.66459,0,0,75.01317,0,0,0,0,0,0,0.32224,0,0,0,0,0,0,0,0,0,0,0,0,0,0,0,0,0,0,0,0,0,0,0,0
GF10_A1_d104_colon,0,0,0,0,3.15043,0,59.48517,0,0,0,0,6.88464,30.47976,0,0,0,0,0,0,0,0,0,0,0,0,0,0,0,0,0,0,0,0,0,0,0
GF10_A1_d127_colon,0,1.38359,0,0,17.45953,0,40.16174,0,5.58121,1.34868,0,17.03045,17.03481,0,0,0,0,0,0,0,0,0,0,0,0,0,0,0,0,0,0,0,0,0,0,0
GF10_A1_D32,0.23631,6.90207,0,0,22.51261,0,34.53489,0,5.96891,1.53518,0,8.16035,20.07998,0,0,0.0697,0,0,0,0,0,0,0,0,0,0,0,0,0,0,0,0,0,0,0,0
GF10_A1_D34,0,5.8081,0,0,90.46194,0,2.90586,0,0,0,0,0.82409,0,0,0,0,0,0,0,0,0,0,0,0,0,0,0,0,0,0,0,0,0,0,0,0
GF10_A1_d77,0,5.74666,0,0,94.25334,0,0,0,0,0,0,0,0,0,0,0,0,0,0,0,0,0,0,0,0,0,0,0,0,0,0,0,0,0,0,0
GF10_A1_d79,0,0,0,0,100,0,0,0,0,0,0,0,0,0,0,0,0,0,0,0,0,0,0,0,0,0,0,0,0,0,0,0,0,0,0,0
GF10_A1_d80_colon,0,14.06572,0,0,72.85906,0,0,0,0,0,0,12.44228,0.63293,0,0,0,0,0,0,0,0,0,0,0,0,0,0,0,0,0,0,0,0,0,0,0
GF10_A2_COLON_D35,0,100,0,0,0,0,0,0,0,0,0,0,0,0,0,0,0,0,0,0,0,0,0,0,0,0,0,0,0,0,0,0,0,0,0,0
GF10_A2_d101,0,0,0,0,100,0,0,0,0,0,0,0,0,0,0,0,0,0,0,0,0,0,0,0,0,0,0,0,0,0,0,0,0,0,0,0
GF10_A2_d103,0,2.04913,0,0,97.80008,0,0,0,0,0,0,0.15079,0,0,0,0,0,0,0,0,0,0,0,0,0,0,0,0,0,0,0,0,0,0,0,0
GF10_A2_d104_colon,0,4.11575,0,0,94.63025,0,0,0,0,0,0,1.18491,0.0691,0,0,0,0,0,0,0,0,0,0,0,0,0,0,0,0,0,0,0,0,0,0,0
GF10_A2_d127_colon,0,0,0,0,100,0,0,0,0,0,0,0,0,0,0,0,0,0,0,0,0,0,0,0,0,0,0,0,0,0,0,0,0,0,0,0
GF10_A2_D32,0.22497,8.59217,0,0,17.31132,0,31.02609,0,7.82784,1.77991,0,7.36683,25.76183,0,0,0.10904,0,0,0,0,0,0,0,0,0,0,0,0,0,0,0,0,0,0,0,0
GF10_A2_D33,0,2.44982,0,0,93.98352,0,1.96955,0,0,0,0,1.45968,0.13743,0,0,0,0,0,0,0,0,0,0,0,0,0,0,0,0,0,0,0,0,0,0,0
GF10_A2_D34,0,4.36083,0,0,77.10157,0,10.34823,0,1.16145,0.68335,0,3.16467,3.1799,0,0,0,0,0,0,0,0,0,0,0,0,0,0,0,0,0,0,0,0,0,0,0
GF10_A2_d77,0,8.65798,0,0,91.34202,0,0,0,0,0,0,0,0,0,0,0,0,0,0,0,0,0,0,0,0,0,0,0,0,0,0,0,0,0,0,0
GF10_A2_d79,0,0,0,0,100,0,0,0,0,0,0,0,0,0,0,0,0,0,0,0,0,0,0,0,0,0,0,0,0,0,0,0,0,0,0,0
GF10_A3_COLON_D35,0,100,0,0,0,0,0,0,0,0,0,0,0,0,0,0,0,0,0,0,0,0,0,0,0,0,0,0,0,0,0,0,0,0,0,0
GF10_A3_d104_colon,1.09863,1.13702,0.35403,0,15.64666,0,31.32691,0,4.51583,0.34888,0,8.4164,37.1432,0,0,0,0.01245,0,0,0,0,0,0,0,0,0,0,0,0,0,0,0,0,0,0,0
GF10_A3_D33,0,1.85936,0,0,96.61965,0,0,0,0,0,0,0.87464,0.64635,0,0,0,0,0,0,0,0,0,0,0,0,0,0,0,0,0,0,0,0,0,0,0
GF10_A3_D34,0,4.20296,0,0,83.11604,0,7.1996,0,1.16038,0,0,2.06213,2.2589,0,0,0,0,0,0,0,0,0,0,0,0,0,0,0,0,0,0,0,0,0,0,0
GF10_A3_d79,0,6.35215,0,0,93.64785,0,0,0,0,0,0,0,0,0,0,0,0,0,0,0,0,0,0,0,0,0,0,0,0,0,0,0,0,0,0,0
GF10_A3_d80_colon,0,0.44522,0,0,94.80328,0,1.98778,0,0,0,0,1.7527,1.01102,0,0,0,0,0,0,0,0,0,0,0,0,0,0,0,0,0,0,0,0,0,0,0
GF10_A4_d101,0,2.74942,0,0,96.46504,0,0.68964,0,0,0,0,0.09591,0,0,0,0,0,0,0,0,0,0,0,0,0,0,0,0,0,0,0,0,0,0,0,0
GF10_A4_d104_colon,0,0,0,0,3.71776,0,67.81901,0,0,0,0,9.58638,18.87685,0,0,0,0,0,0,0,0,0,0,0,0,0,0,0,0,0,0,0,0,0,0,0
GF10_A4_d77,0,6.82185,0,0,93.17815,0,0,0,0,0,0,0,0,0,0,0,0,0,0,0,0,0,0,0,0,0,0,0,0,0,0,0,0,0,0,0
GF10_A5_d101,0,1.31587,0,0,98.68413,0,0,0,0,0,0,0,0,0,0,0,0,0,0,0,0,0,0,0,0,0,0,0,0,0,0,0,0,0,0,0
GF10_A5_d104_colon,0,4.40762,0,0,95.59238,0,0,0,0,0,0,0,0,0,0,0,0,0,0,0,0,0,0,0,0,0,0,0,0,0,0,0,0,0,0,0
GF10_A5_d127_colon,0,0,0,0,37.18621,0,0,0,0,47.27051,0,0,15.54328,0,0,0,0,0,0,0,0,0,0,0,0,0,0,0,0,0,0,0,0,0,0,0
GF10_A56_d101,0,2.98674,0,0,96.77465,0,0.01422,0,0,0,0,0.22438,0,0,0,0,0,0,0,0,0,0,0,0,0,0,0,0,0,0,0,0,0,0,0,0
GF10_A6_d102,0,2.90735,0,0,82.36003,0,10.11819,0,0,0,0,1.25486,1.90886,0,0,0,0,0,0,0,1.45071,0,0,0,0,0,0,0,0,0,0,0,0,0,0,0
GF10_A6_d103,0,1.6323,0,0,49.01188,0,23.73079,0,0,0,0,10.46926,9.63699,0,0,0,0,0,0,0,5.51878,0,0,0,0,0,0,0,0,0,0,0,0,0,0,0
GF10_A6_d104_colon,0,0,0,0,42.88675,0,23.93054,0,0,0,0,7.82776,16.76044,0,0,0,0,0,0,0,8.59451,0,0,0,0,0,0,0,0,0,0,0,0,0,0,0
GF10_A7_d103,0,0.42759,0,0,99.57241,0,0,0,0,0,0,0,0,0,0,0,0,0,0,0,0,0,0,0,0,0,0,0,0,0,0,0,0,0,0,0
GF10_A7_d104_colon,0,0,0,0,100,0,0,0,0,0,0,0,0,0,0,0,0,0,0,0,0,0,0,0,0,0,0,0,0,0,0,0,0,0,0,0
GF10_A7_d127_colon,0,0.44265,0,0,60.05763,0,0,0,0,39.49972,0,0,0,0,0,0,0,0,0,0,0,0,0,0,0,0,0,0,0,0,0,0,0,0,0,0
GF10_A8_d102,0,0.79132,0,0,99.20868,0,0,0,0,0,0,0,0,0,0,0,0,0,0,0,0,0,0,0,0,0,0,0,0,0,0,0,0,0,0,0
GF10_A8_d104_colon,0.70481,0.90843,0.08418,0,22.97683,0,40.21571,0,4.68125,0.55796,0,18.30269,10.92224,0,0,0.64589,0,0,0,0,0,0,0,0,0,0,0,0,0,0,0,0,0,0,0,0
GF10_Adam_d1,0,3.39554,0,0,7.35678,0,7.69753,0,0,8.91212,0,16.20144,18.67286,0,0,0,0,0,0,0,37.76372,0,0,0,0,0,0,0,0,0,0,0,0,0,0,0
GF10_Adam_d20,0.08288,2.4419,5.22338,0,4.66322,0,40.01328,0,2.88975,2.75599,0,7.6007,14.40899,0,0,0,0,0,0,0,19.91991,0,0,0,0,0,0,0,0,0,0,0,0,0,0,0
GF10_C1_COLON_D55,0,0.69859,0,0,99.30141,0,0,0,0,0,0,0,0,0,0,0,0,0,0,0,0,0,0,0,0,0,0,0,0,0,0,0,0,0,0,0
GF10_C1_d55,0,0,0,0,0,0,0,0,0,0,0,0,0,0,0,0,0,0,0,0,0,0,0,100,0,0,0,0,0,0,0,0,0,0,0,0
GF10_C1_d77,0,0.33375,0,0,77.28815,0,22.37811,0,0,0,0,0,0,0,0,0,0,0,0,0,0,0,0,0,0,0,0,0,0,0,0,0,0,0,0,0
GF10_C10_COLON_D55,0,0,0,0,100,0,0,0,0,0,0,0,0,0,0,0,0,0,0,0,0,0,0,0,0,0,0,0,0,0,0,0,0,0,0,0
GF10_C2_COLON_D35,15.00652,19.11453,9.37908,3.45595,51.10584,0,1.62405,0,0,0,0,0.1811,0.13294,0,0,0,0,0,0,0,0,0,0,0,0,0,0,0,0,0,0,0,0,0,0,0
GF10_C2_COLON_D55,0,0,0,0,100,0,0,0,0,0,0,0,0,0,0,0,0,0,0,0,0,0,0,0,0,0,0,0,0,0,0,0,0,0,0,0
GF10_C2_d101,0,1.81701,0,0,96.85893,0,0.81571,0,0,0,0,0.50835,0,0,0,0,0,0,0,0,0,0,0,0,0,0,0,0,0,0,0,0,0,0,0,0
GF10_C2_d103,0,0.02098,0,0,65.92274,0,0,0,0,0,0,10.95255,22.40885,0,0,0,0,0,0,0,0.69488,0,0,0,0,0,0,0,0,0,0,0,0,0,0,0
GF10_C2_d104_colon,0,0,0,0,47.67107,0,0,0,0,0,0,16.18907,36.13986,0,0,0,0,0,0,0,0,0,0,0,0,0,0,0,0,0,0,0,0,0,0,0
GF10_C2_D32,4.11998,6.88325,2.51985,0.29881,80.58598,0,1.96542,0,0,0,0,0.91296,2.71375,0,0,0,0,0,0,0,0,0,0,0,0,0,0,0,0,0,0,0,0,0,0,0
GF10_C2_D33,0,2.24202,0,0,95.38841,0,1.87977,0,0,0,0,0.4898,0,0,0,0,0,0,0,0,0,0,0,0,0,0,0,0,0,0,0,0,0,0,0,0
GF10_C2_D34,0,6.92085,0,0,89.67142,0,1.02488,0,1.86638,0,0,0.12783,0.38864,0,0,0,0,0,0,0,0,0,0,0,0,0,0,0,0,0,0,0,0,0,0,0
GF10_C2_d55,0,1.40212,0,30.73702,4.30859,0,42.1472,0,0.07549,0.22711,0,21.10246,0,0,0,0,0,0,0,0,0,0,0,0,0,0,0,0,0,0,0,0,0,0,0,0
GF10_C2_d77,0,1.5488,0,0,37.49962,0,55.26831,0,0.71521,4.58283,0,0.38524,0,0,0,0,0,0,0,0,0,0,0,0,0,0,0,0,0,0,0,0,0,0,0,0
GF10_C2_d80_colon,0,0,0,0,100,0,0,0,0,0,0,0,0,0,0,0,0,0,0,0,0,0,0,0,0,0,0,0,0,0,0,0,0,0,0,0
GF10_C3_COLON_D35,9.77561,16.68483,3.85063,1.16108,66.69284,0,0,0,0,0,0,1.83502,0,0,0,0,0,0,0,0,0,0,0,0,0,0,0,0,0,0,0,0,0,0,0,0
GF10_C3_d101,0,0.98472,0,0,58.3894,0,0.35353,0,0,39.91704,0,0.35531,0,0,0,0,0,0,0,0,0,0,0,0,0,0,0,0,0,0,0,0,0,0,0,0
GF10_C3_D33,0,0.12742,0,0,99.87258,0,0,0,0,0,0,0,0,0,0,0,0,0,0,0,0,0,0,0,0,0,0,0,0,0,0,0,0,0,0,0
GF10_C3_d55,0,0,0,0,100,0,0,0,0,0,0,0,0,0,0,0,0,0,0,0,0,0,0,0,0,0,0,0,0,0,0,0,0,0,0,0
GF10_C3_d78,0,0,0,0,100,0,0,0,0,0,0,0,0,0,0,0,0,0,0,0,0,0,0,0,0,0,0,0,0,0,0,0,0,0,0,0
GF10_C4_COLON_D55,0,0,0,0,100,0,0,0,0,0,0,0,0,0,0,0,0,0,0,0,0,0,0,0,0,0,0,0,0,0,0,0,0,0,0,0
GF10_C4_d102_colon,0,0,0,0,100,0,0,0,0,0,0,0,0,0,0,0,0,0,0,0,0,0,0,0,0,0,0,0,0,0,0,0,0,0,0,0
GF10_C4_d55,0.04279,1.70866,0,36.084,2.43129,0,38.67691,0,0.87668,0.11924,0,20.06044,0,0,0,0,0,0,0,0,0,0,0,0,0,0,0,0,0,0,0,0,0,0,0,0
GF10_C4_d77,0,4.86103,0,0,39.6182,0,27.63978,0,5.13304,21.79525,0,0.9527,0,0,0,0,0,0,0,0,0,0,0,0,0,0,0,0,0,0,0,0,0,0,0,0
GF10_C4_d80_colon,0,0,0,0,41.53473,0,0,0,0,0,0,46.43025,11.94707,0,0,0,0,0,0,0,0.08795,0,0,0,0,0,0,0,0,0,0,0,0,0,0,0
GF10_C5_COLON_D55,0,1.00906,0,0,98.99094,0,0,0,0,0,0,0,0,0,0,0,0,0,0,0,0,0,0,0,0,0,0,0,0,0,0,0,0,0,0,0
GF10_C5_d101,0,1.49395,0,0,97.13893,0,1.20562,0,0,0,0,0.1615,0,0,0,0,0,0,0,0,0,0,0,0,0,0,0,0,0,0,0,0,0,0,0,0
GF10_C5_d55,0,1.50035,0,29.87981,3.00231,0,45.65209,0,0,0,0,19.96544,0,0,0,0,0,0,0,0,0,0,0,0,0,0,0,0,0,0,0,0,0,0,0,0
GF10_C5_d77,0,1.61777,0,0,98.38223,0,0,0,0,0,0,0,0,0,0,0,0,0,0,0,0,0,0,0,0,0,0,0,0,0,0,0,0,0,0,0
GF10_C6_COLON_D55,0,0.72318,0,0,98.48565,0,0,0,0,0,0,0,0.79117,0,0,0,0,0,0,0,0,0,0,0,0,0,0,0,0,0,0,0,0,0,0,0
GF10_C6_d101,0,0.12781,0,0,99.87219,0,0,0,0,0,0,0,0,0,0,0,0,0,0,0,0,0,0,0,0,0,0,0,0,0,0,0,0,0,0,0
GF10_C6_d55,0,1.17972,0,30.27019,5.49091,0,40.53566,0,0,0.31731,0,22.20621,0,0,0,0,0,0,0,0,0,0,0,0,0,0,0,0,0,0,0,0,0,0,0,0
GF10_C7_COLON_D55,0,0,0,0,100,0,0,0,0,0,0,0,0,0,0,0,0,0,0,0,0,0,0,0,0,0,0,0,0,0,0,0,0,0,0,0
GF10_C8_COLON_D55,0,0,0,0,100,0,0,0,0,0,0,0,0,0,0,0,0,0,0,0,0,0,0,0,0,0,0,0,0,0,0,0,0,0,0,0
GF10_C8_d101,0,1.36398,0,0,97.86169,0,0.61946,0,0,0,0,0.15488,0,0,0,0,0,0,0,0,0,0,0,0,0,0,0,0,0,0,0,0,0,0,0,0
GF10_C8_d103,0,30.02357,0,0,22.64917,0,0,0,0,0,0,24.72295,22.60431,0,0,0,0,0,0,0,0,0,0,0,0,0,0,0,0,0,0,0,0,0,0,0
GF10_C8_d55,0.7529,2.73095,0.35672,17.91725,10.03454,0,50.2251,0,1.74869,0.25523,0,8.62521,7.26789,0,0,0.08552,0,0,0,0,0,0,0,0,0,0,0,0,0,0,0,0,0,0,0,0
GF10_C9_COLON_D55,0,7.19971,0,0,92.80029,0,0,0,0,0,0,0,0,0,0,0,0,0,0,0,0,0,0,0,0,0,0,0,0,0,0,0,0,0,0,0
GF10_Cdam_d0,0,0.71078,0,36.5025,0.94228,0,37.35194,0,7.12766,0.19669,0,17.16815,0,0,0,0,0,0,0,0,0,0,0,0,0,0,0,0,0,0,0,0,0,0,0,0
GF10_Cdam_d1,0,4.04574,0,0,16.02103,0,44.96385,0,0,3.5157,0,6.51831,24.87042,0,0,0,0,0,0,0,0.06495,0,0,0,0,0,0,0,0,0,0,0,0,0,0,0
GF10_Cdam_d20,0,4.20382,3.83456,0,6.01537,0,42.98639,0,0,1.88303,0,7.02969,14.23004,0,0,0,0,0,0,0,19.8171,0,0,0,0,0,0,0,0,0,0,0,0,0,0,0
GF10_INOC,0,7.98061,0,0,64.19176,0.14077,10.2886,0,8.42551,0.0703,0,4.67574,4.22671,0,0,0,0,0,0,0,0,0,0,0,0,0,0,0,0,0,0,0,0,0,0,0
GF11_A_DAM_D0,21.04298,20.90831,9.26366,3.73258,42.37855,0,0.72829,0,0,0,0,0.52698,1.41866,0,0,0,0,0,0,0,0,0,0,0,0,0,0,0,0,0,0,0,0,0,0,0
GF11_A1_COLON_D38,15.65889,31.35805,11.4148,6.81848,34.36322,0,0.17126,0,0.21529,0,0,0,0,0,0,0,0,0,0,0,0,0,0,0,0,0,0,0,0,0,0,0,0,0,0,0
GF11_A1_D35,1.24905,12.27589,0.73699,3.8733,81.86477,0,0,0,0,0,0,0,0,0,0,0,0,0,0,0,0,0,0,0,0,0,0,0,0,0,0,0,0,0,0,0
GF11_A1_D37,0.04235,23.62206,0.00754,1.71629,72.08355,0,1.62185,0,0,0,0,0.90634,0,0,0,0,0,0,0,0,0,0,0,0,0,0,0,0,0,0,0,0,0,0,0,0
GF11_A2_COLON_D38,13.12471,27.48098,5.22326,4.62706,49.544,0,0,0,0,0,0,0,0,0,0,0,0,0,0,0,0,0,0,0,0,0,0,0,0,0,0,0,0,0,0,0
GF11_A2_D35,0.05126,25.64749,0,1.80078,72.46512,0,0,0,0,0,0,0.03536,0,0,0,0,0,0,0,0,0,0,0,0,0,0,0,0,0,0,0,0,0,0,0,0
GF11_A2_D36,0,24.12052,0,0,75.87948,0,0,0,0,0,0,0,0,0,0,0,0,0,0,0,0,0,0,0,0,0,0,0,0,0,0,0,0,0,0,0
GF11_A3_D36,0,0,0,0,100,0,0,0,0,0,0,0,0,0,0,0,0,0,0,0,0,0,0,0,0,0,0,0,0,0,0,0,0,0,0,0
GF11_A4_COLON_D38,13.75181,23.42302,8.72893,3.8691,49.99287,0,0.23427,0,0,0,0,0,0,0,0,0,0,0,0,0,0,0,0,0,0,0,0,0,0,0,0,0,0,0,0,0
GF11_A4_D37,0,4.02981,0,0.76533,94.92198,0,0.28289,0,0,0,0,0,0,0,0,0,0,0,0,0,0,0,0,0,0,0,0,0,0,0,0,0,0,0,0,0
GF11_A5_D35,0,3.30513,0,15.51447,81.1804,0,0,0,0,0,0,0,0,0,0,0,0,0,0,0,0,0,0,0,0,0,0,0,0,0,0,0,0,0,0,0
GF11_B_dam_d111,2.15331,2.63994,5.64371,53.07301,1.62511,0,31.21691,0,0.39513,0.26066,0,2.99221,0,0,0,0,0,0,0,0,0,0,0,0,0,0,0,0,0,0,0,0,0,0,0,0
GF11_B_dam_d20,3.43502,3.17522,6.92397,61.48453,2.26508,0,22.36994,0,0.34625,0,0,0,0,0,0,0,0,0,0,0,0,0,0,0,0,0,0,0,0,0,0,0,0,0,0,0
GF11_B_dam_d7,1.22914,1.2033,5.33435,71.92382,5.32245,0,14.25798,0,0.5896,0.13936,0,0,0,0,0,0,0,0,0,0,0,0,0,0,0,0,0,0,0,0,0,0,0,0,0,0
GF11_B1_COLON_D38,9.60069,28.32483,6.28498,3.27918,52.51032,0,0,0,0,0,0,0,0,0,0,0,0,0,0,0,0,0,0,0,0,0,0,0,0,0,0,0,0,0,0,0
GF11_B1_d105_colon,0,2.47207,0,0,27.69693,0,13.94344,0,0,0,0,2.76134,53.12622,0,0,0,0,0,0,0,0,0,0,0,0,0,0,0,0,0,0,0,0,0,0,0
GF11_B1_D36,14.33068,29.64617,6.68558,3.42038,45.29342,0,0.62378,0,0,0,0,0,0,0,0,0,0,0,0,0,0,0,0,0,0,0,0,0,0,0,0,0,0,0,0,0
GF11_B1_d71,0,0,0,1.74694,98.23761,0,0.01545,0,0,0,0,0,0,0,0,0,0,0,0,0,0,0,0,0,0,0,0,0,0,0,0,0,0,0,0,0
GF11_B2_COLON_D38,2.03955,11.59457,1.33587,0.56313,84.46688,0,0,0,0,0,0,0,0,0,0,0,0,0,0,0,0,0,0,0,0,0,0,0,0,0,0,0,0,0,0,0
GF11_B2_d105_colon,0,3.43635,2.17978,40.31561,6.77331,0,38.87298,0,0,0,0,8.42197,0,0,0,0,0,0,0,0,0,0,0,0,0,0,0,0,0,0,0,0,0,0,0,0
GF11_B2_D36,13.2581,23.18796,9.15645,4.36759,50.02991,0,0,0,0,0,0,0,0,0,0,0,0,0,0,0,0,0,0,0,0,0,0,0,0,0,0,0,0,0,0,0
GF11_B2_d71,0,9.41894,0,2.01421,88.35331,0,0,0,0,0,0,0.21354,0,0,0,0,0,0,0,0,0,0,0,0,0,0,0,0,0,0,0,0,0,0,0,0
GF11_B2_d73,0,0,0,0,100,0,0,0,0,0,0,0,0,0,0,0,0,0,0,0,0,0,0,0,0,0,0,0,0,0,0,0,0,0,0,0
GF11_B3_COLON_D38,0,7.6351,0,0,92.3649,0,0,0,0,0,0,0,0,0,0,0,0,0,0,0,0,0,0,0,0,0,0,0,0,0,0,0,0,0,0,0
GF11_B3_d105_colon,0,1.22637,0,57.22703,6.56476,0,30.65711,0,0,0,0,4.32473,0,0,0,0,0,0,0,0,0,0,0,0,0,0,0,0,0,0,0,0,0,0,0,0
GF11_B3_D35,0,4.01707,0,0.66057,95.32235,0,0,0,0,0,0,0,0,0,0,0,0,0,0,0,0,0,0,0,0,0,0,0,0,0,0,0,0,0,0,0
GF11_B3_D37,0,0.52405,0,0,99.47595,0,0,0,0,0,0,0,0,0,0,0,0,0,0,0,0,0,0,0,0,0,0,0,0,0,0,0,0,0,0,0
GF11_B3_d71,0,1.86076,0,0,98.13924,0,0,0,0,0,0,0,0,0,0,0,0,0,0,0,0,0,0,0,0,0,0,0,0,0,0,0,0,0,0,0
GF11_B4_COLON_D38,0,0,0,0,100,0,0,0,0,0,0,0,0,0,0,0,0,0,0,0,0,0,0,0,0,0,0,0,0,0,0,0,0,0,0,0
GF11_B4_d105_colon,0,1.92354,0,73.63776,4.07333,0,14.9814,0,0,0,0,5.38398,0,0,0,0,0,0,0,0,0,0,0,0,0,0,0,0,0,0,0,0,0,0,0,0
GF11_B4_D35,0,13.79192,0,2.84686,83.36123,0,0,0,0,0,0,0,0,0,0,0,0,0,0,0,0,0,0,0,0,0,0,0,0,0,0,0,0,0,0,0
GF11_B4_D37,0,2.83339,0,0,97.16661,0,0,0,0,0,0,0,0,0,0,0,0,0,0,0,0,0,0,0,0,0,0,0,0,0,0,0,0,0,0,0
GF11_B4_d72,0,0,0,0.18919,99.81081,0,0,0,0,0,0,0,0,0,0,0,0,0,0,0,0,0,0,0,0,0,0,0,0,0,0,0,0,0,0,0
GF11_B4_d73,0,0,0,0,100,0,0,0,0,0,0,0,0,0,0,0,0,0,0,0,0,0,0,0,0,0,0,0,0,0,0,0,0,0,0,0
GF11_B4_d74_colon,0,0,0,0,100,0,0,0,0,0,0,0,0,0,0,0,0,0,0,0,0,0,0,0,0,0,0,0,0,0,0,0,0,0,0,0
GF11_B5_COLON_D38,0,0,0,0,100,0,0,0,0,0,0,0,0,0,0,0,0,0,0,0,0,0,0,0,0,0,0,0,0,0,0,0,0,0,0,0
GF11_B5_d105_colon,0,2.52186,2.88031,24.07404,5.11138,0,56.46414,0,0,0.05866,0,8.8896,0,0,0,0,0,0,0,0,0,0,0,0,0,0,0,0,0,0,0,0,0,0,0,0
GF11_B5_D35,0,1.19421,0,0,98.80579,0,0,0,0,0,0,0,0,0,0,0,0,0,0,0,0,0,0,0,0,0,0,0,0,0,0,0,0,0,0,0
GF11_B5_D37,0,0,0,0,100,0,0,0,0,0,0,0,0,0,0,0,0,0,0,0,0,0,0,0,0,0,0,0,0,0,0,0,0,0,0,0
GF11_B5_d71,0,22.21839,0,0.80902,76.95051,0,0,0,0,0,0,0.02208,0,0,0,0,0,0,0,0,0,0,0,0,0,0,0,0,0,0,0,0,0,0,0,0
GF11_B5_d74_colon,0,0,0,0,100,0,0,0,0,0,0,0,0,0,0,0,0,0,0,0,0,0,0,0,0,0,0,0,0,0,0,0,0,0,0,0
GF11_B6_d105_colon,0,1.74762,0.55401,56.00153,3.38246,0,32.26074,0,0,0.01815,0,6.03549,0,0,0,0,0,0,0,0,0,0,0,0,0,0,0,0,0,0,0,0,0,0,0,0
GF11_B6_d71,0,0.35668,0,0.4296,99.21371,0,0,0,0,0,0,0,0,0,0,0,0,0,0,0,0,0,0,0,0,0,0,0,0,0,0,0,0,0,0,0
GF11_B7_d105_colon,0,5.63129,1.92648,66.63134,15.98286,0,8.00359,0,0,0.14294,0,1.68149,0,0,0,0,0,0,0,0,0,0,0,0,0,0,0,0,0,0,0,0,0,0,0,0
GF11_B7_d71,0,5.95436,0,1.75825,92.28739,0,0,0,0,0,0,0,0,0,0,0,0,0,0,0,0,0,0,0,0,0,0,0,0,0,0,0,0,0,0,0
GF11_B7_d73,0,0,0,0,100,0,0,0,0,0,0,0,0,0,0,0,0,0,0,0,0,0,0,0,0,0,0,0,0,0,0,0,0,0,0,0
GF11_B7_d74_colon,0,12.47745,0,0,24.54953,0,25.02988,0,0.2451,0.50813,0,12.19408,24.99584,0,0,0,0,0,0,0,0,0,0,0,0,0,0,0,0,0,0,0,0,0,0,0
GF11_B8_d105_colon,0,1.34003,0.80243,60.94963,4.52683,0,26.32516,0,0,0,0,6.05592,0,0,0,0,0,0,0,0,0,0,0,0,0,0,0,0,0,0,0,0,0,0,0,0
GF11_C1_COLON_D38,0,0,0,0,100,0,0,0,0,0,0,0,0,0,0,0,0,0,0,0,0,0,0,0,0,0,0,0,0,0,0,0,0,0,0,0
GF11_C1_D36,5.64989,14.37393,3.55819,0.97039,75.44759,0,0,0,0,0,0,0,0,0,0,0,0,0,0,0,0,0,0,0,0,0,0,0,0,0,0,0,0,0,0,0
GF11_C1_d71,0,6.26949,0,1.23929,92.49122,0,0,0,0,0,0,0,0,0,0,0,0,0,0,0,0,0,0,0,0,0,0,0,0,0,0,0,0,0,0,0
GF11_C1_d74_colon,0,41.15151,0,0,29.21727,0,4.1993,0,0,0,0,3.73466,21.69726,0,0,0,0,0,0,0,0,0,0,0,0,0,0,0,0,0,0,0,0,0,0,0
GF11_C2_D37,0,5.52805,0,0,94.47195,0,0,0,0,0,0,0,0,0,0,0,0,0,0,0,0,0,0,0,0,0,0,0,0,0,0,0,0,0,0,0
GF11_C2_d71,0,2.49355,0,0.80053,96.70592,0,0,0,0,0,0,0,0,0,0,0,0,0,0,0,0,0,0,0,0,0,0,0,0,0,0,0,0,0,0,0
GF11_C2_d72,0,3.21062,0,0.26679,96.52259,0,0,0,0,0,0,0,0,0,0,0,0,0,0,0,0,0,0,0,0,0,0,0,0,0,0,0,0,0,0,0
GF11_C2_d74_colon,0,83.7209,0,0,9.27528,0,0.36642,0,0,0,0,0.89374,5.74365,0,0,0,0,0,0,0,0,0,0,0,0,0,0,0,0,0,0,0,0,0,0,0
GF11_C3_COLON_D38,0,0,0,0,100,0,0,0,0,0,0,0,0,0,0,0,0,0,0,0,0,0,0,0,0,0,0,0,0,0,0,0,0,0,0,0
GF11_C3_D35,0,1.35672,0,0.47489,98.16839,0,0,0,0,0,0,0,0,0,0,0,0,0,0,0,0,0,0,0,0,0,0,0,0,0,0,0,0,0,0,0
GF11_C3_D36,5.97877,11.45507,2.7557,2.32967,77.48079,0,0,0,0,0,0,0,0,0,0,0,0,0,0,0,0,0,0,0,0,0,0,0,0,0,0,0,0,0,0,0
GF11_C3_d71,0,0,0,0,100,0,0,0,0,0,0,0,0,0,0,0,0,0,0,0,0,0,0,0,0,0,0,0,0,0,0,0,0,0,0,0
GF11_C3_d74_colon,0,21.15954,0,0,19.50854,0,13.43452,0,0,13.63423,0,32.26317,0,0,0,0,0,0,0,0,0,0,0,0,0,0,0,0,0,0,0,0,0,0,0,0
GF11_C4_COLON_D38,0,0,0,0,100,0,0,0,0,0,0,0,0,0,0,0,0,0,0,0,0,0,0,0,0,0,0,0,0,0,0,0,0,0,0,0
GF11_C4_D35,0,12.65621,0,3.06099,84.2828,0,0,0,0,0,0,0,0,0,0,0,0,0,0,0,0,0,0,0,0,0,0,0,0,0,0,0,0,0,0,0
GF11_C4_D36,1.18642,8.96435,0.28275,2.23663,87.32986,0,0,0,0,0,0,0,0,0,0,0,0,0,0,0,0,0,0,0,0,0,0,0,0,0,0,0,0,0,0,0
GF11_C4_d74_colon,0,0,0,0,47.53634,0,19.21285,0,0,2.12745,0,31.12336,0,0,0,0,0,0,0,0,0,0,0,0,0,0,0,0,0,0,0,0,0,0,0,0
GF11_C5_D37,0,7.53571,0,0,92.46429,0,0,0,0,0,0,0,0,0,0,0,0,0,0,0,0,0,0,0,0,0,0,0,0,0,0,0,0,0,0,0
GF11_C5_d71,0,20.43045,0,0,79.56955,0,0,0,0,0,0,0,0,0,0,0,0,0,0,0,0,0,0,0,0,0,0,0,0,0,0,0,0,0,0,0
GF11_C5_d72,0,21.75682,0,0.85732,77.38586,0,0,0,0,0,0,0,0,0,0,0,0,0,0,0,0,0,0,0,0,0,0,0,0,0,0,0,0,0,0,0
GF11_C5_d74_colon,0.17896,3.71313,0,0,39.44238,0,13.58829,0,1.85633,0.2775,0,2.99954,37.94387,0,0,0,0,0,0,0,0,0,0,0,0,0,0,0,0,0,0,0,0,0,0,0
GF11_C6_d71,0,2.09429,0,3.97129,91.50065,0,1.77669,0,0,0,0,0.65708,0,0,0,0,0,0,0,0,0,0,0,0,0,0,0,0,0,0,0,0,0,0,0,0
GF11_C6_d72,0,2.26374,0,1.85678,95.28705,0,0,0,0,0,0,0.59243,0,0,0,0,0,0,0,0,0,0,0,0,0,0,0,0,0,0,0,0,0,0,0,0
GF11_C6_d74_colon,0,6.53349,0,0,18.34032,0,46.1113,0,0,1.97577,0,27.03912,0,0,0,0,0,0,0,0,0,0,0,0,0,0,0,0,0,0,0,0,0,0,0,0
GF11_C7_d71,0,1.52821,0,1.9835,96.4883,0,0,0,0,0,0,0,0,0,0,0,0,0,0,0,0,0,0,0,0,0,0,0,0,0,0,0,0,0,0,0
GF11_C7_d72_colon,0,0,0,2.44324,97.55676,0,0,0,0,0,0,0,0,0,0,0,0,0,0,0,0,0,0,0,0,0,0,0,0,0,0,0,0,0,0,0
GF11_INOC,26.61076,28.97205,10.13899,4.33869,27.72136,0,2.21814,0,0,0,0,0,0,0,0,0,0,0,0,0,0,0,0,0,0,0,0,0,0,0,0,0,0,0,0,0
GF12_A_dam_d21,0,71.86348,0,0,0,0,0,19.1027,0,0,0,0,0,0,0,0,0,0,0,0,0,0,0,0,9.03382,0,0,0,0,0,0,0,0,0,0,0
GF12_A_Dam_d85,0,1.11385,0,0,0,0,65.78856,0,0,0,0,9.94698,23.15062,0,0,0,0,0,0,0,0,0,0,0,0,0,0,0,0,0,0,0,0,0,0,0
GF12_A1_d31,0,1.20815,0,0,0,0,0,98.79185,0,0,0,0,0,0,0,0,0,0,0,0,0,0,0,0,0,0,0,0,0,0,0,0,0,0,0,0
GF12_A1_d76_colon,0,0.0456,0,0,0,0,66.0145,0,0,0,0,10.72784,23.21206,0,0,0,0,0,0,0,0,0,0,0,0,0,0,0,0,0,0,0,0,0,0,0
GF12_A2_d32,0,59.44316,0,0,0,0,0,40.55684,0,0,0,0,0,0,0,0,0,0,0,0,0,0,0,0,0,0,0,0,0,0,0,0,0,0,0,0
GF12_A2_d34_colon,0,5.49987,0,0,92.50334,0,0.8049,0,1.19189,0,0,0,0,0,0,0,0,0,0,0,0,0,0,0,0,0,0,0,0,0,0,0,0,0,0,0
GF12_A2_d76_colon,0,0.52611,0,0,0,0,67.70046,0,0,0,0,10.52462,21.24882,0,0,0,0,0,0,0,0,0,0,0,0,0,0,0,0,0,0,0,0,0,0,0
GF12_A3_d31,0,90.69378,0,0,0,0,2.20682,6.14758,0,0,0,0.20231,0.74951,0,0,0,0,0,0,0,0,0,0,0,0,0,0,0,0,0,0,0,0,0,0,0
GF12_A3_d76_colon,0,0.86874,0,0,0,0,43.82935,0,0,0,0,12.27416,43.02776,0,0,0,0,0,0,0,0,0,0,0,0,0,0,0,0,0,0,0,0,0,0,0
GF12_A4_d31,0,100,0,0,0,0,0,0,0,0,0,0,0,0,0,0,0,0,0,0,0,0,0,0,0,0,0,0,0,0,0,0,0,0,0,0
GF12_A4_d32,0,93.84476,0,0,0,0,0,6.15524,0,0,0,0,0,0,0,0,0,0,0,0,0,0,0,0,0,0,0,0,0,0,0,0,0,0,0,0
GF12_A4_d34_colon,0,0,0,0,0,0,1.28705,0,0,0,0,98.71295,0,0,0,0,0,0,0,0,0,0,0,0,0,0,0,0,0,0,0,0,0,0,0,0
GF12_A4_d76_colon,0,0,0,0,0,0,27.35287,0,0,0,0,11.57441,61.07272,0,0,0,0,0,0,0,0,0,0,0,0,0,0,0,0,0,0,0,0,0,0,0
GF12_A5_d34_colon,0,0,0,0,0,0,51.90076,0,0,0,0,35.67469,12.42454,0,0,0,0,0,0,0,0,0,0,0,0,0,0,0,0,0,0,0,0,0,0,0
GF12_A5_d76_colon,0,0,0,0,0,0,82.6031,0,0,0,0,4.64644,12.75046,0,0,0,0,0,0,0,0,0,0,0,0,0,0,0,0,0,0,0,0,0,0,0
GF12_A6_d76_colon,0,0.62601,0,0,0,0,74.34499,0,0,0,0,7.86147,17.16753,0,0,0,0,0,0,0,0,0,0,0,0,0,0,0,0,0,0,0,0,0,0,0
GF12_A7_d76_colon,0,0.53086,0,0,0,0,70.47959,0,0,0,0,9.97507,19.01448,0,0,0,0,0,0,0,0,0,0,0,0,0,0,0,0,0,0,0,0,0,0,0
GF12_A8_d76_colon,0,0,0,0,0,0,72.68966,0,0,0,0,6.90353,20.40681,0,0,0,0,0,0,0,0,0,0,0,0,0,0,0,0,0,0,0,0,0,0,0
GF12_B1_d79,0,86.45192,0,0,0,0,0.35812,12.30979,0,0,0,0.88016,0,0,0,0,0,0,0,0,0,0,0,0,0,0,0,0,0,0,0,0,0,0,0,0
GF12_B2_d32,0,99.94988,0,0,0,0,0,0.05012,0,0,0,0,0,0,0,0,0,0,0,0,0,0,0,0,0,0,0,0,0,0,0,0,0,0,0,0
GF12_B2_d79,0,0.35482,0,0,0,0,3.2596,94.25914,0,0,0,2.087,0.03945,0,0,0,0,0,0,0,0,0,0,0,0,0,0,0,0,0,0,0,0,0,0,0
GF12_B2_d81,0,0,0,0,0,0,0,95.82582,0,0,0,0,4.17418,0,0,0,0,0,0,0,0,0,0,0,0,0,0,0,0,0,0,0,0,0,0,0
GF12_B2_d82_colon,0,28.43125,0,0,0,0,0,14.25437,0,0,0,57.31438,0,0,0,0,0,0,0,0,0,0,0,0,0,0,0,0,0,0,0,0,0,0,0,0
GF12_B3_d31,0,0.97743,0,0,0,0,0,99.02257,0,0,0,0,0,0,0,0,0,0,0,0,0,0,0,0,0,0,0,0,0,0,0,0,0,0,0,0
GF12_B3_d80,0,92.92868,0,0,0,0,0.60275,4.88901,0,0,0,1.57956,0,0,0,0,0,0,0,0,0,0,0,0,0,0,0,0,0,0,0,0,0,0,0,0
GF12_B4_d31,0,97.76713,0,0,0,0,0,2.23287,0,0,0,0,0,0,0,0,0,0,0,0,0,0,0,0,0,0,0,0,0,0,0,0,0,0,0,0
GF12_B4_d79,0,35.98468,0,0,0,0,0.40556,61.2624,0,0,0,2.34736,0,0,0,0,0,0,0,0,0,0,0,0,0,0,0,0,0,0,0,0,0,0,0,0
GF12_B5_d79,0,84.08879,0,0,0,0,0.98211,12.88351,0,0,0,2.04559,0,0,0,0,0,0,0,0,0,0,0,0,0,0,0,0,0,0,0,0,0,0,0,0
GF12_C1_d79,0,99.22994,0,0,0,0,0,0,0,0,0,0.77006,0,0,0,0,0,0,0,0,0,0,0,0,0,0,0,0,0,0,0,0,0,0,0,0
GF12_C1_d82_colon,0,6.79165,0,0,0,0,42.28878,0,0,0,0,12.94103,37.97854,0,0,0,0,0,0,0,0,0,0,0,0,0,0,0,0,0,0,0,0,0,0,0
GF12_C2_d31,0,13.87093,0,0,0,0,0,86.12907,0,0,0,0,0,0,0,0,0,0,0,0,0,0,0,0,0,0,0,0,0,0,0,0,0,0,0,0
GF12_C2_d79,0,98.73622,0,0,0,0,0,0,0,0,0,1.26378,0,0,0,0,0,0,0,0,0,0,0,0,0,0,0,0,0,0,0,0,0,0,0,0
GF12_C3_d31,0,98.93088,0,0,0,0,0,1.06912,0,0,0,0,0,0,0,0,0,0,0,0,0,0,0,0,0,0,0,0,0,0,0,0,0,0,0,0
GF12_C3_d79,0,75.96874,0,0,0,0,0,24.03126,0,0,0,0,0,0,0,0,0,0,0,0,0,0,0,0,0,0,0,0,0,0,0,0,0,0,0,0
GF12_C3_d80_colon,0,100,0,0,0,0,0,0,0,0,0,0,0,0,0,0,0,0,0,0,0,0,0,0,0,0,0,0,0,0,0,0,0,0,0,0
GF12_C4_d31,0,73.62729,0,0,0,0,0,26.37271,0,0,0,0,0,0,0,0,0,0,0,0,0,0,0,0,0,0,0,0,0,0,0,0,0,0,0,0
GF12_C5_d79,0,0.06961,0,0,0,0,0.61794,98.99758,0,0,0,0.31486,0,0,0,0,0,0,0,0,0,0,0,0,0,0,0,0,0,0,0,0,0,0,0,0
GF12_Inoc,0,59.98855,0,0,0,0,0,40.01145,0,0,0,0,0,0,0,0,0,0,0,0,0,0,0,0,0,0,0,0,0,0,0,0,0,0,0,0
GF13_A1_d32,0,0,0,0,100,0,0,0,0,0,0,0,0,0,0,0,0,0,0,0,0,0,0,0,0,0,0,0,0,0,0,0,0,0,0,0
GF13_A1_d34,0,0,0,0,100,0,0,0,0,0,0,0,0,0,0,0,0,0,0,0,0,0,0,0,0,0,0,0,0,0,0,0,0,0,0,0
GF13_A1_d65_colon,0,0,0,0,36.36306,0,18.47174,0,0,0,0,11.54224,33.62296,0,0,0,0,0,0,0,0,0,0,0,0,0,0,0,0,0,0,0,0,0,0,0
GF13_A10_d65_colon,0,0,0,0,27.90222,0,30.52122,0,0,0,0,8.66352,32.91305,0,0,0,0,0,0,0,0,0,0,0,0,0,0,0,0,0,0,0,0,0,0,0
GF13_A2_d32,0,0,0,0,100,0,0,0,0,0,0,0,0,0,0,0,0,0,0,0,0,0,0,0,0,0,0,0,0,0,0,0,0,0,0,0
GF13_A2_d65_colon,0,0,0,0,36.26585,0,17.49567,0,0,0,0,10.73627,35.50221,0,0,0,0,0,0,0,0,0,0,0,0,0,0,0,0,0,0,0,0,0,0,0
GF13_A3_d32,0,0,0,0,100,0,0,0,0,0,0,0,0,0,0,0,0,0,0,0,0,0,0,0,0,0,0,0,0,0,0,0,0,0,0,0
GF13_A3_d65_colon,0,0,0,0,21.61079,0,34.63402,0,0,0,0,12.72932,31.02587,0,0,0,0,0,0,0,0,0,0,0,0,0,0,0,0,0,0,0,0,0,0,0
GF13_A4_d32,0,0,0,0,100,0,0,0,0,0,0,0,0,0,0,0,0,0,0,0,0,0,0,0,0,0,0,0,0,0,0,0,0,0,0,0
GF13_A4_d65_colon,0,0,0,0,25.20506,0,20.35391,0,0,0,0,8.73035,45.71067,0,0,0,0,0,0,0,0,0,0,0,0,0,0,0,0,0,0,0,0,0,0,0
GF13_A5_d32,0,0,0,0,100,0,0,0,0,0,0,0,0,0,0,0,0,0,0,0,0,0,0,0,0,0,0,0,0,0,0,0,0,0,0,0
GF13_A5_d65_colon,0,0,0,0,23.69892,0,34.16631,0,0,0,0,15.19731,26.93747,0,0,0,0,0,0,0,0,0,0,0,0,0,0,0,0,0,0,0,0,0,0,0
GF13_A6_d32,0,0,0,0,100,0,0,0,0,0,0,0,0,0,0,0,0,0,0,0,0,0,0,0,0,0,0,0,0,0,0,0,0,0,0,0
GF13_A6_d34,0,0,0,0,100,0,0,0,0,0,0,0,0,0,0,0,0,0,0,0,0,0,0,0,0,0,0,0,0,0,0,0,0,0,0,0
GF13_A6_d65_colon,0,0,0,0,31.90866,0,28.78325,0,0,0,0,11.09343,28.21466,0,0,0,0,0,0,0,0,0,0,0,0,0,0,0,0,0,0,0,0,0,0,0
GF13_A7_d65_colon,0,0,0,0,25.25803,0,36.42192,0,0,0,0,8.71911,29.60094,0,0,0,0,0,0,0,0,0,0,0,0,0,0,0,0,0,0,0,0,0,0,0
GF13_A8_d65_colon,0,0,0,0,26.15014,0,28.8297,0,0,0,0,7.91082,37.10935,0,0,0,0,0,0,0,0,0,0,0,0,0,0,0,0,0,0,0,0,0,0,0
GF13_A9_d65_colon,0,0,0,0,22.04369,0,31.10729,0,0,0,0,12.59396,34.25505,0,0,0,0,0,0,0,0,0,0,0,0,0,0,0,0,0,0,0,0,0,0,0
GF13_B1_d32,0,0,0,0,100,0,0,0,0,0,0,0,0,0,0,0,0,0,0,0,0,0,0,0,0,0,0,0,0,0,0,0,0,0,0,0
GF13_B1_d65_colon,0,0,0,0,100,0,0,0,0,0,0,0,0,0,0,0,0,0,0,0,0,0,0,0,0,0,0,0,0,0,0,0,0,0,0,0
GF13_B2_d32,0,0,0,0,100,0,0,0,0,0,0,0,0,0,0,0,0,0,0,0,0,0,0,0,0,0,0,0,0,0,0,0,0,0,0,0
GF13_B2_d35_colon,0,0,0,0,43.89604,0,28.81742,0,0,0,0,15.35346,11.93308,0,0,0,0,0,0,0,0,0,0,0,0,0,0,0,0,0,0,0,0,0,0,0
GF13_B3_d32,0,0,0,0,100,0,0,0,0,0,0,0,0,0,0,0,0,0,0,0,0,0,0,0,0,0,0,0,0,0,0,0,0,0,0,0
GF13_B3_d34,0,0,0,0,94.72511,0,3.8673,0,0,0,0,1.40759,0,0,0,0,0,0,0,0,0,0,0,0,0,0,0,0,0,0,0,0,0,0,0,0
GF13_B3_d35_colon,0,0,0,0,18.29547,0,39.46566,0,0,0,0,24.49256,17.74631,0,0,0,0,0,0,0,0,0,0,0,0,0,0,0,0,0,0,0,0,0,0,0
GF13_B3_d65_colon,0,0,0,0,100,0,0,0,0,0,0,0,0,0,0,0,0,0,0,0,0,0,0,0,0,0,0,0,0,0,0,0,0,0,0,0
GF13_B4_d32,0,0,0,0,100,0,0,0,0,0,0,0,0,0,0,0,0,0,0,0,0,0,0,0,0,0,0,0,0,0,0,0,0,0,0,0
GF13_B4_d35_colon,0,0,0,0,41.61567,0,24.17791,0,0,0,0,15.8339,18.37252,0,0,0,0,0,0,0,0,0,0,0,0,0,0,0,0,0,0,0,0,0,0,0
GF13_B5_d32,0,0,0,0,100,0,0,0,0,0,0,0,0,0,0,0,0,0,0,0,0,0,0,0,0,0,0,0,0,0,0,0,0,0,0,0
GF13_B5_d35_colon,0,0,0,0,65.2892,0,11.21551,0,0,0,0,21.27955,2.21573,0,0,0,0,0,0,0,0,0,0,0,0,0,0,0,0,0,0,0,0,0,0,0
GF13_B5_d65_colon,0,0,0,0,100,0,0,0,0,0,0,0,0,0,0,0,0,0,0,0,0,0,0,0,0,0,0,0,0,0,0,0,0,0,0,0
GF13_B8_d65_colon,0,0,0,0,96.20381,0,0,0,0,0,0,3.79619,0,0,0,0,0,0,0,0,0,0,0,0,0,0,0,0,0,0,0,0,0,0,0,0
GF13_B9_d65_colon,0,0,0,0,100,0,0,0,0,0,0,0,0,0,0,0,0,0,0,0,0,0,0,0,0,0,0,0,0,0,0,0,0,0,0,0
GF13_inoc_200118,0,0,0,0,28.08557,0,0,66.7195,0,0,0,0,0,0,5.19493,0,0,0,0,0,0,0,0,0,0,0,0,0,0,0,0,0,0,0,0,0
GF14_A_d66_stool,0.50445,7.49888,7.4567,0,4.3173,0,54.31242,0,0,3.59906,0,4.84714,17.46406,0,0,0,0,0,0,0,0,0,0,0,0,0,0,0,0,0,0,0,0,0,0,0
GF14_A_Dam_d21,0,3.24742,0,0,6.46085,0,50.88421,0,0,2.17038,0,14.93126,22.30588,0,0,0,0,0,0,0,0,0,0,0,0,0,0,0,0,0,0,0,0,0,0,0
GF14_A1_d32,0,2.71973,0,0,93.18453,0,1.6728,0,0,0,0,1.65719,0.76575,0,0,0,0,0,0,0,0,0,0,0,0,0,0,0,0,0,0,0,0,0,0,0
GF14_A1_d35_colon,0,0,0,0,100,0,0,0,0,0,0,0,0,0,0,0,0,0,0,0,0,0,0,0,0,0,0,0,0,0,0,0,0,0,0,0
GF14_A1_d94_stool,0.00591,2.99274,0,0,95.03855,0,1.00582,0,0,0.27565,0,0.68133,0,0,0,0,0,0,0,0,0,0,0,0,0,0,0,0,0,0,0,0,0,0,0,0
GF14_A1_d95_stool,0.23698,2.80689,0,0,90.83359,0,4.00594,0,0,0,0,1.6277,0.4889,0,0,0,0,0,0,0,0,0,0,0,0,0,0,0,0,0,0,0,0,0,0,0
GF14_a1_d97_colon,0,0,0,0,100,0,0,0,0,0,0,0,0,0,0,0,0,0,0,0,0,0,0,0,0,0,0,0,0,0,0,0,0,0,0,0
GF14_A2_d32,0,3.23575,0,0,94.46657,0,0.92994,0,0,0,0,1.36774,0,0,0,0,0,0,0,0,0,0,0,0,0,0,0,0,0,0,0,0,0,0,0,0
GF14_A2_d33,0,2.88683,0,0,93.91418,0,1.99862,0,0,0,0,1.20038,0,0,0,0,0,0,0,0,0,0,0,0,0,0,0,0,0,0,0,0,0,0,0,0
GF14_A2_d35_colon,0,0,0,0,100,0,0,0,0,0,0,0,0,0,0,0,0,0,0,0,0,0,0,0,0,0,0,0,0,0,0,0,0,0,0,0
GF14_A2_d94_stool,0,0.08494,0,0,99.91506,0,0,0,0,0,0,0,0,0,0,0,0,0,0,0,0,0,0,0,0,0,0,0,0,0,0,0,0,0,0,0
GF14_A2_d96_16_stool,0,0,0,0,100,0,0,0,0,0,0,0,0,0,0,0,0,0,0,0,0,0,0,0,0,0,0,0,0,0,0,0,0,0,0,0
GF14_a2_d97_colon,0,0,0,0,99.89767,0,0,0,0,0,0,0,0,0,0,0,0,0,0,0,0,0,0,0,0.10233,0,0,0,0,0,0,0,0,0,0,0
GF14_A3_d32,0,3.46083,0,0,90.86312,0,3.71472,0,0,0,0,1.6752,0.28614,0,0,0,0,0,0,0,0,0,0,0,0,0,0,0,0,0,0,0,0,0,0,0
GF14_A3_d35_colon,0,0,0,0,100,0,0,0,0,0,0,0,0,0,0,0,0,0,0,0,0,0,0,0,0,0,0,0,0,0,0,0,0,0,0,0
GF14_a3_d97_colon,0,0,0,0,100,0,0,0,0,0,0,0,0,0,0,0,0,0,0,0,0,0,0,0,0,0,0,0,0,0,0,0,0,0,0,0
GF14_A4_d32,0,0.65815,0,0,82.9521,0,0,0,0,15.94207,0,0.44768,0,0,0,0,0,0,0,0,0,0,0,0,0,0,0,0,0,0,0,0,0,0,0,0
GF14_A4_d33,0,0,0,0,100,0,0,0,0,0,0,0,0,0,0,0,0,0,0,0,0,0,0,0,0,0,0,0,0,0,0,0,0,0,0,0
GF14_A4_d34,0,0,0,0,0,0,0,0,0,0,0,0,100,0,0,0,0,0,0,0,0,0,0,0,0,0,0,0,0,0,0,0,0,0,0,0
GF14_A4_d35_colon,0,0,0,0,100,0,0,0,0,0,0,0,0,0,0,0,0,0,0,0,0,0,0,0,0,0,0,0,0,0,0,0,0,0,0,0
GF14_A4_d94_stool,0,0.55803,0,0,99.27111,0,0,0,0,0,0,0.17085,0,0,0,0,0,0,0,0,0,0,0,0,0,0,0,0,0,0,0,0,0,0,0,0
GF14_A4_d95_stool,0,1.88787,0,0,97.19489,0,0,0,0,0,0,0.91725,0,0,0,0,0,0,0,0,0,0,0,0,0,0,0,0,0,0,0,0,0,0,0,0
GF14_a4_d97_colon,0,0,0,0,100,0,0,0,0,0,0,0,0,0,0,0,0,0,0,0,0,0,0,0,0,0,0,0,0,0,0,0,0,0,0,0
GF14_A5_d32,0,2.06992,0,0,97.01045,0,0,0,0,0,0,0.91964,0,0,0,0,0,0,0,0,0,0,0,0,0,0,0,0,0,0,0,0,0,0,0,0
GF14_A5_d35_colon,0,0,0,0,100,0,0,0,0,0,0,0,0,0,0,0,0,0,0,0,0,0,0,0,0,0,0,0,0,0,0,0,0,0,0,0
GF14_A5_d94_stool,0,0.46952,0,0,99.47523,0,0,0,0,0,0,0.05525,0,0,0,0,0,0,0,0,0,0,0,0,0,0,0,0,0,0,0,0,0,0,0,0
GF14_A5_d96_16_stool,0,2.7084,0,0,93.47314,0,2.55127,0,0,0,0,1.26719,0,0,0,0,0,0,0,0,0,0,0,0,0,0,0,0,0,0,0,0,0,0,0,0
GF14_A5_d96_stool,0,3.71285,0,0,95.12579,0,0.01665,0,0,0,0,1.14471,0,0,0,0,0,0,0,0,0,0,0,0,0,0,0,0,0,0,0,0,0,0,0,0
GF14_a5_d97_colon,0,0,0,0,79.14582,0,0,0,0,20.85418,0,0,0,0,0,0,0,0,0,0,0,0,0,0,0,0,0,0,0,0,0,0,0,0,0,0
GF14_A6_d34_colon,0,0,0,0,97.5659,0,0.29983,0,0,0,0,0,2.13427,0,0,0,0,0,0,0,0,0,0,0,0,0,0,0,0,0,0,0,0,0,0,0
GF14_A6_d94_stool,0,0.20431,0,0,99.48072,0,0,0,0,0,0,0.31496,0,0,0,0,0,0,0,0,0,0,0,0,0,0,0,0,0,0,0,0,0,0,0,0
GF14_A6_d95_stool,0.02022,5.30356,0,0,91.58897,0,1.18258,0,0,0,0,1.90467,0,0,0,0,0,0,0,0,0,0,0,0,0,0,0,0,0,0,0,0,0,0,0,0
GF14_A6_d96_16_stool,0,7.27114,0,0,86.65079,0,3.14374,0,0,0,0,2.93432,0,0,0,0,0,0,0,0,0,0,0,0,0,0,0,0,0,0,0,0,0,0,0,0
GF14_a6_d97_colon,0,0,0,0,100,0,0,0,0,0,0,0,0,0,0,0,0,0,0,0,0,0,0,0,0,0,0,0,0,0,0,0,0,0,0,0
GF14_A7_d32,0,1.82126,0,0,97.37702,0,0.04273,0,0,0,0,0.75899,0,0,0,0,0,0,0,0,0,0,0,0,0,0,0,0,0,0,0,0,0,0,0,0
GF14_A7_d34,0,0,0,0,100,0,0,0,0,0,0,0,0,0,0,0,0,0,0,0,0,0,0,0,0,0,0,0,0,0,0,0,0,0,0,0
GF14_A7_d35_colon,0,0,0,0,100,0,0,0,0,0,0,0,0,0,0,0,0,0,0,0,0,0,0,0,0,0,0,0,0,0,0,0,0,0,0,0
GF14_A7_d94_stool,0,1.47639,0,0,98.2903,0,0,0,0,0,0,0.23331,0,0,0,0,0,0,0,0,0,0,0,0,0,0,0,0,0,0,0,0,0,0,0,0
GF14_A7_d95_stool,0.06908,3.49862,0,0,95.99543,0,0,0,0,0,0,0.43687,0,0,0,0,0,0,0,0,0,0,0,0,0,0,0,0,0,0,0,0,0,0,0,0
GF14_a7_d97_colon,0,0,0,0,100,0,0,0,0,0,0,0,0,0,0,0,0,0,0,0,0,0,0,0,0,0,0,0,0,0,0,0,0,0,0,0
GF14_A8_d94_stool,0,1.21742,0,0,97.91688,0,0.53312,0,0,0,0,0.33258,0,0,0,0,0,0,0,0,0,0,0,0,0,0,0,0,0,0,0,0,0,0,0,0
GF14_A8_d96_16_stool,0,5.75819,0,0,88.138,0,3.78781,0,0,0,0,2.316,0,0,0,0,0,0,0,0,0,0,0,0,0,0,0,0,0,0,0,0,0,0,0,0
GF14_A8_d96_stool,0.31565,4.85701,0,0,92.983,0,0.28418,0,0,0,0,1.56016,0,0,0,0,0,0,0,0,0,0,0,0,0,0,0,0,0,0,0,0,0,0,0,0
GF14_a8_d97_colon,0,0,0,0,100,0,0,0,0,0,0,0,0,0,0,0,0,0,0,0,0,0,0,0,0,0,0,0,0,0,0,0,0,0,0,0
GF14_Adam_d18_stool,0.87973,6.77855,0,0,14.05918,0,42.8017,0,0,3.98759,0,4.58181,26.91145,0,0,0,0,0,0,0,0,0,0,0,0,0,0,0,0,0,0,0,0,0,0,0
GF14_Adam_d5_stool,0.668,5.1,0,0,11.09418,0,61.62178,0,0,2.89289,0,2.22822,16.39493,0,0,0,0,0,0,0,0,0,0,0,0,0,0,0,0,0,0,0,0,0,0,0
GF14_Adam_d51_stool,0,6.03345,0,0,9.37184,0,49.10988,0,0,3.28313,0,4.57454,27.62716,0,0,0,0,0,0,0,0,0,0,0,0,0,0,0,0,0,0,0,0,0,0,0
GF14_Adam_d59_stool,0.38067,6.21892,0,0,9.31823,0,57.79272,0,0,2.87529,0,5.32832,18.08584,0,0,0,0,0,0,0,0,0,0,0,0,0,0,0,0,0,0,0,0,0,0,0
GF14_Adam_d78_stool,0,6.5562,0,0,7.09174,0,40.03623,0,0,4.35172,0,6.94034,35.02377,0,0,0,0,0,0,0,0,0,0,0,0,0,0,0,0,0,0,0,0,0,0,0
GF14_Adam_d9_stool,0.00354,3.52683,0,0,23.90099,0,46.59312,0,0,3.62835,0,4.39667,17.95051,0,0,0,0,0,0,0,0,0,0,0,0,0,0,0,0,0,0,0,0,0,0,0
GF14_B_d66_stool,0,5.73874,0,0,8.72137,0,40.5898,0,0,2.07501,0,7.63244,35.24264,0,0,0,0,0,0,0,0,0,0,0,0,0,0,0,0,0,0,0,0,0,0,0
GF14_B_d78_stool,0,4.43228,0,0,6.00632,0,38.89998,0,0,2.4339,0,8.74136,39.48616,0,0,0,0,0,0,0,0,0,0,0,0,0,0,0,0,0,0,0,0,0,0,0
GF14_b1_d95_colon,0,0,0,0,100,0,0,0,0,0,0,0,0,0,0,0,0,0,0,0,0,0,0,0,0,0,0,0,0,0,0,0,0,0,0,0
GF14_b2_d95_colon,0,5.94076,0,0,32.49755,0,12.35318,0,0,0,0,11.51013,37.69838,0,0,0,0,0,0,0,0,0,0,0,0,0,0,0,0,0,0,0,0,0,0,0
GF14_b3_d95_colon,0,0,0,0,48.2305,0,32.47775,0,0,0,0,10.65972,8.63203,0,0,0,0,0,0,0,0,0,0,0,0,0,0,0,0,0,0,0,0,0,0,0
GF14_Bdam_d18_stool,0.75837,9.03343,0,0,8.31652,0,41.58484,0,0,6.96416,0,9.91037,23.43233,0,0,0,0,0,0,0,0,0,0,0,0,0,0,0,0,0,0,0,0,0,0,0
GF14_Bdam_d5_stool,0,6.94894,0,0,27.44477,0,29.60438,0,0,2.4707,0,3.17737,30.35385,0,0,0,0,0,0,0,0,0,0,0,0,0,0,0,0,0,0,0,0,0,0,0
GF14_Bdam_d51_stool,0,7.37848,0,0,16.34415,0,42.74403,0,0,1.80524,0,3.1977,28.53039,0,0,0,0,0,0,0,0,0,0,0,0,0,0,0,0,0,0,0,0,0,0,0
GF14_Bdam_d59_stool,0,5.20796,0,0,8.49469,0,48.3813,0,0,1.09234,0,9.68139,27.14232,0,0,0,0,0,0,0,0,0,0,0,0,0,0,0,0,0,0,0,0,0,0,0
GF14_Bdam_d9_stool,0.01433,8.90012,0,0,16.51439,0,50.00452,0,0,2.65755,0,5.56272,16.34638,0,0,0,0,0,0,0,0,0,0,0,0,0,0,0,0,0,0,0,0,0,0,0
GF14_C_d66_stool,0.65364,7.21346,7.84573,0,13.85093,0,24.62136,0,0,3.9221,0,2.14018,39.7526,0,0,0,0,0,0,0,0,0,0,0,0,0,0,0,0,0,0,0,0,0,0,0
GF14_c_d78_stool,0,5.29997,4.35464,0,7.60701,0,38.07421,0,0,3.00886,0,5.49967,36.15565,0,0,0,0,0,0,0,0,0,0,0,0,0,0,0,0,0,0,0,0,0,0,0
GF14_c1_d130_colon,0,0.33654,0,0,99.43245,0,0,0,0,0,0,0.23102,0,0,0,0,0,0,0,0,0,0,0,0,0,0,0,0,0,0,0,0,0,0,0,0
GF14_c2_d130_colon,0,0.16994,0,0,96.39885,0,0,0,0,3.4312,0,0,0,0,0,0,0,0,0,0,0,0,0,0,0,0,0,0,0,0,0,0,0,0,0,0
GF14_c3_d130_colon,0,0.03334,0,0,99.96666,0,0,0,0,0,0,0,0,0,0,0,0,0,0,0,0,0,0,0,0,0,0,0,0,0,0,0,0,0,0,0
GF14_Cdam_d18_stool,0.0235,6.1202,5.58039,0,7.03101,0,32.7715,0,0,2.84631,0,10.31021,35.31689,0,0,0,0,0,0,0,0,0,0,0,0,0,0,0,0,0,0,0,0,0,0,0
GF14_cdam_d5_stool,0.01807,9.95007,0,0,10.90137,0,44.73751,0,0,8.57699,0,8.31171,17.50428,0,0,0,0,0,0,0,0,0,0,0,0,0,0,0,0,0,0,0,0,0,0,0
GF14_Cdam_d51_stool,0.5365,6.12291,1.52863,0,10.5792,0,32.40084,0,0,2.21572,0,3.8338,42.7824,0,0,0,0,0,0,0,0,0,0,0,0,0,0,0,0,0,0,0,0,0,0,0
GF14_Cdam_d59_stool,0.27361,4.19106,3.0847,0,4.46698,0,51.27871,0,0,3.8904,0,4.07586,28.73868,0,0,0,0,0,0,0,0,0,0,0,0,0,0,0,0,0,0,0,0,0,0,0
GF14_Cdam_d9_stool,0.81865,10.76301,0.31647,0,11.84187,0,37.88167,0,0,6.81397,0,5.58936,25.97501,0,0,0,0,0,0,0,0,0,0,0,0,0,0,0,0,0,0,0,0,0,0,0
GF14_d67_A1_stool,0,0.18321,0,0,95.83378,0,0,0,0,3.98301,0,0,0,0,0,0,0,0,0,0,0,0,0,0,0,0,0,0,0,0,0,0,0,0,0,0
GF14_d67_A3_stool,0,0,0,0,100,0,0,0,0,0,0,0,0,0,0,0,0,0,0,0,0,0,0,0,0,0,0,0,0,0,0,0,0,0,0,0
GF14_d67_A4_stool,0,0,0,0,99.16521,0,0,0,0,0.83479,0,0,0,0,0,0,0,0,0,0,0,0,0,0,0,0,0,0,0,0,0,0,0,0,0,0
GF14_d67_A5_stool,0,0,0,0,100,0,0,0,0,0,0,0,0,0,0,0,0,0,0,0,0,0,0,0,0,0,0,0,0,0,0,0,0,0,0,0
GF14_d67_A6_stool,0,0,0,0,92.29955,0,0,0,0,7.70045,0,0,0,0,0,0,0,0,0,0,0,0,0,0,0,0,0,0,0,0,0,0,0,0,0,0
GF14_d67_A7_stool,0,0,0,0,57.30991,0,0,0,0,42.69009,0,0,0,0,0,0,0,0,0,0,0,0,0,0,0,0,0,0,0,0,0,0,0,0,0,0
GF14_d67_A8_stool,0,0,0,0,100,0,0,0,0,0,0,0,0,0,0,0,0,0,0,0,0,0,0,0,0,0,0,0,0,0,0,0,0,0,0,0
GF14_d67_A9_stool,0,0,0,0,100,0,0,0,0,0,0,0,0,0,0,0,0,0,0,0,0,0,0,0,0,0,0,0,0,0,0,0,0,0,0,0
GF14_d68_A1_colon,0,0,0,0,100,0,0,0,0,0,0,0,0,0,0,0,0,0,0,0,0,0,0,0,0,0,0,0,0,0,0,0,0,0,0,0
GF14_d68_A10_colon,0,0.58004,0,0,99.26074,0,0,0,0,0,0,0.15921,0,0,0,0,0,0,0,0,0,0,0,0,0,0,0,0,0,0,0,0,0,0,0,0
GF14_d68_A2_colon,0,0,0,0,100,0,0,0,0,0,0,0,0,0,0,0,0,0,0,0,0,0,0,0,0,0,0,0,0,0,0,0,0,0,0,0
GF14_d68_A3_colon,0,0,0,0,100,0,0,0,0,0,0,0,0,0,0,0,0,0,0,0,0,0,0,0,0,0,0,0,0,0,0,0,0,0,0,0
GF14_d68_A4_colon,0,1.28748,0,0,98.00824,0,0,0,0,0.70428,0,0,0,0,0,0,0,0,0,0,0,0,0,0,0,0,0,0,0,0,0,0,0,0,0,0
GF14_d68_A5_colon,0,0,0,0,96.90111,0,0,0,0,3.09889,0,0,0,0,0,0,0,0,0,0,0,0,0,0,0,0,0,0,0,0,0,0,0,0,0,0
GF14_d68_A6_colon,0,0,0,0,100,0,0,0,0,0,0,0,0,0,0,0,0,0,0,0,0,0,0,0,0,0,0,0,0,0,0,0,0,0,0,0
GF14_d68_A7_colon,0,0,0,0,80.52224,0,0,0,0,19.47776,0,0,0,0,0,0,0,0,0,0,0,0,0,0,0,0,0,0,0,0,0,0,0,0,0,0
GF14_d68_A8_colon,0,0,0,0,100,0,0,0,0,0,0,0,0,0,0,0,0,0,0,0,0,0,0,0,0,0,0,0,0,0,0,0,0,0,0,0
GF14_d68_A9_colon,0,0,0,0,100,0,0,0,0,0,0,0,0,0,0,0,0,0,0,0,0,0,0,0,0,0,0,0,0,0,0,0,0,0,0,0
GF14_d89_B1_stool,0,3.04599,0,0,96.01039,0,0,0,0,0,0,0.94362,0,0,0,0,0,0,0,0,0,0,0,0,0,0,0,0,0,0,0,0,0,0,0,0
GF14_d89_B2_stool,0,1.35039,0,0,97.56582,0,0,0,0,0,0,1.08379,0,0,0,0,0,0,0,0,0,0,0,0,0,0,0,0,0,0,0,0,0,0,0,0
GF14_d89_B3_stool,0,1.33721,0,0,97.47673,0,0,0,0,0,0,1.18606,0,0,0,0,0,0,0,0,0,0,0,0,0,0,0,0,0,0,0,0,0,0,0,0
GF14_d90_B2_stool,0,3.39684,0,0,95.57156,0,0,0,0,0,0,1.0316,0,0,0,0,0,0,0,0,0,0,0,0,0,0,0,0,0,0,0,0,0,0,0,0
GF14_d90_B3_stool,0,2.19814,0,0,95.21931,0,0,0,0,0,0,2.03174,0.55081,0,0,0,0,0,0,0,0,0,0,0,0,0,0,0,0,0,0,0,0,0,0,0
GF14_d91_B2_stool,0,0.93926,0,0,98.46693,0,0.05535,0,0,0,0,0.53846,0,0,0,0,0,0,0,0,0,0,0,0,0,0,0,0,0,0,0,0,0,0,0,0
GF14_INOC,0,7.39196,0.07584,0,66.42928,0.19114,5.89817,0,11.2748,0.26793,0,2.27819,6.1927,0,0,0,0,0,0,0,0,0,0,0,0,0,0,0,0,0,0,0,0,0,0,0
GF15_A_Dam_d21,1.05869,0.81905,7.98748,61.25992,2.36049,0,23.45158,0,0.26832,0,0,2.79447,0,0,0,0,0,0,0,0,0,0,0,0,0,0,0,0,0,0,0,0,0,0,0,0
GF15_a1_d106_stool,0,4.41948,0,2.36014,92.50055,0,0.31706,0,0,0,0,0.40276,0,0,0,0,0,0,0,0,0,0,0,0,0,0,0,0,0,0,0,0,0,0,0,0
GF15_A1_d108_colon,0,0,0,0,100,0,0,0,0,0,0,0,0,0,0,0,0,0,0,0,0,0,0,0,0,0,0,0,0,0,0,0,0,0,0,0
GF15_A1_d35_colon,0,0,0,0,100,0,0,0,0,0,0,0,0,0,0,0,0,0,0,0,0,0,0,0,0,0,0,0,0,0,0,0,0,0,0,0
GF15_A1_d72_stool,0,4.5672,0,1.83142,85.4184,0,6.74183,0,0,0,0,1.44116,0,0,0,0,0,0,0,0,0,0,0,0,0,0,0,0,0,0,0,0,0,0,0,0
GF15_a2_d105_stool,0,8.60455,0,9.05494,81.25841,0,0.7381,0,0,0,0,0.344,0,0,0,0,0,0,0,0,0,0,0,0,0,0,0,0,0,0,0,0,0,0,0,0
GF15_a2_d106_stool,0,13.16808,0,5.92582,67.08513,0,12.23492,0,0,0,0,1.58604,0,0,0,0,0,0,0,0,0,0,0,0,0,0,0,0,0,0,0,0,0,0,0,0
GF15_A2_d108_colon,0,0,0,0.99325,99.00675,0,0,0,0,0,0,0,0,0,0,0,0,0,0,0,0,0,0,0,0,0,0,0,0,0,0,0,0,0,0,0
GF15_A2_d32,0,0,0,0,100,0,0,0,0,0,0,0,0,0,0,0,0,0,0,0,0,0,0,0,0,0,0,0,0,0,0,0,0,0,0,0
GF15_a3_d105_stool,0,3.36545,0,11.68336,84.95119,0,0,0,0,0,0,0,0,0,0,0,0,0,0,0,0,0,0,0,0,0,0,0,0,0,0,0,0,0,0,0
GF15_A3_d108_colon,0,0,0,1.71166,87.8533,0,0,0,0,10.43503,0,0,0,0,0,0,0,0,0,0,0,0,0,0,0,0,0,0,0,0,0,0,0,0,0,0
GF15_A3_d32,0,0,0,0,100,0,0,0,0,0,0,0,0,0,0,0,0,0,0,0,0,0,0,0,0,0,0,0,0,0,0,0,0,0,0,0
GF15_A3_d35_colon,0,0,0,100,0,0,0,0,0,0,0,0,0,0,0,0,0,0,0,0,0,0,0,0,0,0,0,0,0,0,0,0,0,0,0,0
GF15_a4_d105_stool,0,0.51238,0,0.77304,98.71458,0,0,0,0,0,0,0,0,0,0,0,0,0,0,0,0,0,0,0,0,0,0,0,0,0,0,0,0,0,0,0
GF15_A4_d108_colon,0,0,0,1.39055,17.61284,0,0,0,0,80.9966,0,0,0,0,0,0,0,0,0,0,0,0,0,0,0,0,0,0,0,0,0,0,0,0,0,0
GF15_A4_d32,0.00641,3.45339,0,2.47262,92.30685,0,0.68785,0,0,0,0,1.07288,0,0,0,0,0,0,0,0,0,0,0,0,0,0,0,0,0,0,0,0,0,0,0,0
GF15_a5_d105_stool,0,11.3649,0,2.12712,82.63935,0,3.00856,0,0,0,0,0.86007,0,0,0,0,0,0,0,0,0,0,0,0,0,0,0,0,0,0,0,0,0,0,0,0
GF15_A5_d108_colon,0,0,0,1.34013,98.65987,0,0,0,0,0,0,0,0,0,0,0,0,0,0,0,0,0,0,0,0,0,0,0,0,0,0,0,0,0,0,0
GF15_A5_d32,0,0.45719,0,1.40356,95.62298,0,1.39342,0,0,0,0,1.12285,0,0,0,0,0,0,0,0,0,0,0,0,0,0,0,0,0,0,0,0,0,0,0,0
GF15_A5_d35_colon,0,100,0,0,0,0,0,0,0,0,0,0,0,0,0,0,0,0,0,0,0,0,0,0,0,0,0,0,0,0,0,0,0,0,0,0
GF15_a6_d105_stool,0,5.05005,0,0.57734,94.32022,0,0,0,0,0,0,0.0524,0,0,0,0,0,0,0,0,0,0,0,0,0,0,0,0,0,0,0,0,0,0,0,0
GF15_A6_d108_colon,0,0,0,0,97.13518,0,0,0,0,2.86482,0,0,0,0,0,0,0,0,0,0,0,0,0,0,0,0,0,0,0,0,0,0,0,0,0,0
GF15_A6_d32_colon,0,0,0,0,100,0,0,0,0,0,0,0,0,0,0,0,0,0,0,0,0,0,0,0,0,0,0,0,0,0,0,0,0,0,0,0
GF15_A7_d108_colon,0,0,0,5.3241,94.6759,0,0,0,0,0,0,0,0,0,0,0,0,0,0,0,0,0,0,0,0,0,0,0,0,0,0,0,0,0,0,0
GF15_a7_d74_colon,0,0,0,0,0,0,0,0,0,0,0,0,0,0,0,0,0,0,0,0,0,0,0,0,100,0,0,0,0,0,0,0,0,0,0,0
GF15_a8_d105_stool,0,6.05234,0,0.48668,85.81328,0,6.3485,0,0,0,0,1.29921,0,0,0,0,0,0,0,0,0,0,0,0,0,0,0,0,0,0,0,0,0,0,0,0
GF15_A8_d108_colon,0,0,0,1.24545,44.71665,0,0,0,0,54.0379,0,0,0,0,0,0,0,0,0,0,0,0,0,0,0,0,0,0,0,0,0,0,0,0,0,0
GF15_a9_d105_stool,0,1.7087,0,0.425,97.35575,0,0.29383,0,0,0,0,0.21671,0,0,0,0,0,0,0,0,0,0,0,0,0,0,0,0,0,0,0,0,0,0,0,0
GF15_a9_d106_stool,0,8.86175,0,2.18737,82.55986,0,5.25043,0,0,0,0,1.1406,0,0,0,0,0,0,0,0,0,0,0,0,0,0,0,0,0,0,0,0,0,0,0,0
GF15_A9_d108_colon,0,0,0,1.29161,98.70839,0,0,0,0,0,0,0,0,0,0,0,0,0,0,0,0,0,0,0,0,0,0,0,0,0,0,0,0,0,0,0
GF15_adam_d11_stool,1.03901,2.95342,7.16306,75.43778,2.72679,0,8.62372,0,0,0,0,2.05621,0,0,0,0,0,0,0,0,0,0,0,0,0,0,0,0,0,0,0,0,0,0,0,0
GF15_adam_d18_stool,0.88379,2.66475,6.8009,68.65905,3.5294,0,13.80111,0,0.67038,0.03817,0,2.95245,0,0,0,0,0,0,0,0,0,0,0,0,0,0,0,0,0,0,0,0,0,0,0,0
GF15_Adam_d5_stool,0.92458,1.77612,7.28403,73.70994,3.08409,0,10.61676,0,0,0.75482,0,1.84964,0,0,0,0,0,0,0,0,0,0,0,0,0,0,0,0,0,0,0,0,0,0,0,0
GF15_b_d5_stool,0,0,0,0,0,0,0,0,0,0,0,0,0,0,0,0,0,0,0,0,0,0,0,0,100,0,0,0,0,0,0,0,0,0,0,0
GF15_B1_d32,0,3.31209,0,2.61814,89.43693,0,3.23806,0,0,0,0,1.39478,0,0,0,0,0,0,0,0,0,0,0,0,0,0,0,0,0,0,0,0,0,0,0,0
GF15_B1_d35_colon,0,0,0,0,80.80822,0,0,0,0,19.19178,0,0,0,0,0,0,0,0,0,0,0,0,0,0,0,0,0,0,0,0,0,0,0,0,0,0
GF15_B1_d94_stool,0,0.96787,0,0.12142,98.91072,0,0,0,0,0,0,0,0,0,0,0,0,0,0,0,0,0,0,0,0,0,0,0,0,0,0,0,0,0,0,0
GF15_b1_d97_colon,0,0,0,0,90.79587,0,0,0,0,9.20413,0,0,0,0,0,0,0,0,0,0,0,0,0,0,0,0,0,0,0,0,0,0,0,0,0,0
GF15_b10_d94_stool,0,0,0,0,100,0,0,0,0,0,0,0,0,0,0,0,0,0,0,0,0,0,0,0,0,0,0,0,0,0,0,0,0,0,0,0
GF15_B10_d97_colon,0,0,0,0,91.36118,0,0,0,0,8.63882,0,0,0,0,0,0,0,0,0,0,0,0,0,0,0,0,0,0,0,0,0,0,0,0,0,0
GF15_B2_d32,0,2.10123,0,2.10322,91.90997,0,2.53416,0,0,0,0,1.35143,0,0,0,0,0,0,0,0,0,0,0,0,0,0,0,0,0,0,0,0,0,0,0,0
GF15_B2_d33,0,2.33712,0,2.97421,90.10683,0,4.00589,0,0,0,0,0.57595,0,0,0,0,0,0,0,0,0,0,0,0,0,0,0,0,0,0,0,0,0,0,0,0
GF15_B2_d35_colon,0,0,0,0,70.05452,0,0,0,0,29.94548,0,0,0,0,0,0,0,0,0,0,0,0,0,0,0,0,0,0,0,0,0,0,0,0,0,0
GF15_b2_d94_stool,0,3.97744,0,0.30691,95.71565,0,0,0,0,0,0,0,0,0,0,0,0,0,0,0,0,0,0,0,0,0,0,0,0,0,0,0,0,0,0,0
GF15_b2_d95_stool,0,16.94407,0,1.10231,80.46473,0,1.09603,0,0,0,0,0.39285,0,0,0,0,0,0,0,0,0,0,0,0,0,0,0,0,0,0,0,0,0,0,0,0
GF15_b2_d97_colon,0,0,0,0,80.30445,0,0,0,0,19.69555,0,0,0,0,0,0,0,0,0,0,0,0,0,0,0,0,0,0,0,0,0,0,0,0,0,0
GF15_B3_d34,0,0,0,0,100,0,0,0,0,0,0,0,0,0,0,0,0,0,0,0,0,0,0,0,0,0,0,0,0,0,0,0,0,0,0,0
GF15_B3_d35_colon,0,0,0,0,100,0,0,0,0,0,0,0,0,0,0,0,0,0,0,0,0,0,0,0,0,0,0,0,0,0,0,0,0,0,0,0
GF15_b3_d94_stool,0,0.09261,0,0,99.90739,0,0,0,0,0,0,0,0,0,0,0,0,0,0,0,0,0,0,0,0,0,0,0,0,0,0,0,0,0,0,0
GF15_b3_d97_colon,0,0,0,0,92.16345,0,0,0,0,7.83655,0,0,0,0,0,0,0,0,0,0,0,0,0,0,0,0,0,0,0,0,0,0,0,0,0,0
GF15_b4_d106_stool,0,8.98246,0,1.63526,80.60567,0,6.28735,0,0,0.73243,0,1.75683,0,0,0,0,0,0,0,0,0,0,0,0,0,0,0,0,0,0,0,0,0,0,0,0
GF15_B4_d32,0,3.94313,0,1.20736,92.68832,0,1.33209,0,0,0,0,0.82911,0,0,0,0,0,0,0,0,0,0,0,0,0,0,0,0,0,0,0,0,0,0,0,0
GF15_B4_d33,0,3.66062,0,1.44397,92.1294,0,2.14687,0,0,0,0,0.61914,0,0,0,0,0,0,0,0,0,0,0,0,0,0,0,0,0,0,0,0,0,0,0,0
GF15_B4_d34,0,0,0,0,87.05681,0,0,0,0,12.94319,0,0,0,0,0,0,0,0,0,0,0,0,0,0,0,0,0,0,0,0,0,0,0,0,0,0
GF15_B4_d35_colon,0,0,0,0.09888,66.39107,0,0,0,0,33.51004,0,0,0,0,0,0,0,0,0,0,0,0,0,0,0,0,0,0,0,0,0,0,0,0,0,0
GF15_b4_d96_stool,0,0.16208,0,0,95.00385,0,0,0,0,4.65751,0,0.17656,0,0,0,0,0,0,0,0,0,0,0,0,0,0,0,0,0,0,0,0,0,0,0,0
GF15_b4_d97_colon,0,51.62486,0,0,33.63712,0,0,0,0,14.73802,0,0,0,0,0,0,0,0,0,0,0,0,0,0,0,0,0,0,0,0,0,0,0,0,0,0
GF15_b5_d107_stool,0,6.31782,0,1.71679,90.51324,0,0.3784,0,0,0,0,1.07375,0,0,0,0,0,0,0,0,0,0,0,0,0,0,0,0,0,0,0,0,0,0,0,0
GF15_B5_d32,0,0.50869,0,1.35107,98.14024,0,0,0,0,0,0,0,0,0,0,0,0,0,0,0,0,0,0,0,0,0,0,0,0,0,0,0,0,0,0,0
GF15_B5_d35_colon,0,0,0,0,73.22817,0,0,0,0,26.77183,0,0,0,0,0,0,0,0,0,0,0,0,0,0,0,0,0,0,0,0,0,0,0,0,0,0
GF15_b5_d94_stool,0,0.06894,0,0.13788,99.79318,0,0,0,0,0,0,0,0,0,0,0,0,0,0,0,0,0,0,0,0,0,0,0,0,0,0,0,0,0,0,0
GF15_b5_d95_stool,0,4.24791,0,0.99496,89.04004,0,4.58545,0,0,0,0,1.13163,0,0,0,0,0,0,0,0,0,0,0,0,0,0,0,0,0,0,0,0,0,0,0,0
GF15_b5_d97_colon,0,0,0,0,89.26843,0,0,0,0,10.73157,0,0,0,0,0,0,0,0,0,0,0,0,0,0,0,0,0,0,0,0,0,0,0,0,0,0
GF15_B6_d32,0,0,0,0.11474,99.88526,0,0,0,0,0,0,0,0,0,0,0,0,0,0,0,0,0,0,0,0,0,0,0,0,0,0,0,0,0,0,0
GF15_B6_d34_colon,0,0,0,0,100,0,0,0,0,0,0,0,0,0,0,0,0,0,0,0,0,0,0,0,0,0,0,0,0,0,0,0,0,0,0,0
GF15_b6_d94_stool,0,0.11953,0,0.1402,99.74027,0,0,0,0,0,0,0,0,0,0,0,0,0,0,0,0,0,0,0,0,0,0,0,0,0,0,0,0,0,0,0
GF15_b6_d95_stool,0,0.76838,0,0.13277,99.09885,0,0,0,0,0,0,0,0,0,0,0,0,0,0,0,0,0,0,0,0,0,0,0,0,0,0,0,0,0,0,0
GF15_b6_d97_colon,0,0,0,0,81.66084,0,0,0,0,18.33916,0,0,0,0,0,0,0,0,0,0,0,0,0,0,0,0,0,0,0,0,0,0,0,0,0,0
GF15_B7_d32,0,0,0,0,100,0,0,0,0,0,0,0,0,0,0,0,0,0,0,0,0,0,0,0,0,0,0,0,0,0,0,0,0,0,0,0
GF15_B7_d35_colon,0,0,0,0,100,0,0,0,0,0,0,0,0,0,0,0,0,0,0,0,0,0,0,0,0,0,0,0,0,0,0,0,0,0,0,0
GF15_b7_d97_colon,0,0,0,0,95.66303,0,0,0,0,4.33697,0,0,0,0,0,0,0,0,0,0,0,0,0,0,0,0,0,0,0,0,0,0,0,0,0,0
GF15_b8_d94_stool,0,0.69763,0,1.79888,97.50349,0,0,0,0,0,0,0,0,0,0,0,0,0,0,0,0,0,0,0,0,0,0,0,0,0,0,0,0,0,0,0
GF15_b8_d97_colon,0,0,0,0,81.36153,0,0,0,0,18.63847,0,0,0,0,0,0,0,0,0,0,0,0,0,0,0,0,0,0,0,0,0,0,0,0,0,0
GF15_b9_d106_stool,0,0,0,1.33937,98.56422,0,0,0,0,0,0,0.09641,0,0,0,0,0,0,0,0,0,0,0,0,0,0,0,0,0,0,0,0,0,0,0,0
GF15_b9_d94_stool,0,3.03297,0,1.27245,95.69458,0,0,0,0,0,0,0,0,0,0,0,0,0,0,0,0,0,0,0,0,0,0,0,0,0,0,0,0,0,0,0
GF15_B9_d97_colon,0,0,0,0,89.79733,0,0,0,0,10.20267,0,0,0,0,0,0,0,0,0,0,0,0,0,0,0,0,0,0,0,0,0,0,0,0,0,0
GF15_bdam_d18_stool,0.52792,3.98613,8.15404,57.58911,3.8883,0,20.77603,0,0.46012,0.53098,0,4.08736,0,0,0,0,0,0,0,0,0,0,0,0,0,0,0,0,0,0,0,0,0,0,0,0
GF15_c_d18_stool,1.63481,4.94038,8.85879,64.12989,3.69203,0,14.25133,0,0.24183,0.10092,0,2.15001,0,0,0,0,0,0,0,0,0,0,0,0,0,0,0,0,0,0,0,0,0,0,0,0
GF15_c1_d105_stool,0,1.8283,0,0,98.1717,0,0,0,0,0,0,0,0,0,0,0,0,0,0,0,0,0,0,0,0,0,0,0,0,0,0,0,0,0,0,0
GF15_c1_d108_colon,0,0.20128,0,0.75489,89.98966,0,0,0,0,9.05417,0,0,0,0,0,0,0,0,0,0,0,0,0,0,0,0,0,0,0,0,0,0,0,0,0,0
GF15_C1_d36,0,42.93361,0,0.57349,53.2484,0,0,0,0,3.24449,0,0,0,0,0,0,0,0,0,0,0,0,0,0,0,0,0,0,0,0,0,0,0,0,0,0
GF15_C1_d37,0,11.87903,0,2.13341,77.06393,0,0,0,0,8.92363,0,0,0,0,0,0,0,0,0,0,0,0,0,0,0,0,0,0,0,0,0,0,0,0,0,0
GF15_C1_d39_colon,0,0,0,0,100,0,0,0,0,0,0,0,0,0,0,0,0,0,0,0,0,0,0,0,0,0,0,0,0,0,0,0,0,0,0,0
GF15_c1_d74_colon,0,0,0,0,100,0,0,0,0,0,0,0,0,0,0,0,0,0,0,0,0,0,0,0,0,0,0,0,0,0,0,0,0,0,0,0
GF15_c2_d105_stool,0,4.48893,0,0.0782,95.43287,0,0,0,0,0,0,0,0,0,0,0,0,0,0,0,0,0,0,0,0,0,0,0,0,0,0,0,0,0,0,0
GF15_c2_d108_colon,0,0.1436,0,1.03642,92.87091,0,0,0,0,5.94907,0,0,0,0,0,0,0,0,0,0,0,0,0,0,0,0,0,0,0,0,0,0,0,0,0,0
GF15_C2_d36,0,9.21021,0,0,90.78979,0,0,0,0,0,0,0,0,0,0,0,0,0,0,0,0,0,0,0,0,0,0,0,0,0,0,0,0,0,0,0
GF15_C2_d37,0,8.73129,0,1.27179,88.7058,0,0.08891,0,0,0.86838,0,0.33382,0,0,0,0,0,0,0,0,0,0,0,0,0,0,0,0,0,0,0,0,0,0,0,0
GF15_C2_d39_colon,0,0,0,0,98.48788,0,0,0,0,1.51212,0,0,0,0,0,0,0,0,0,0,0,0,0,0,0,0,0,0,0,0,0,0,0,0,0,0
GF15_c2_d73_16_stool,0,0,0,0,100,0,0,0,0,0,0,0,0,0,0,0,0,0,0,0,0,0,0,0,0,0,0,0,0,0,0,0,0,0,0,0
GF15_c2_d74_colon,0,0,0,0,100,0,0,0,0,0,0,0,0,0,0,0,0,0,0,0,0,0,0,0,0,0,0,0,0,0,0,0,0,0,0,0
GF15_c3_d108_colon,0,0,0,0.82048,91.0777,0,0,0,0,8.10183,0,0,0,0,0,0,0,0,0,0,0,0,0,0,0,0,0,0,0,0,0,0,0,0,0,0
GF15_C3_d36,0,7.48336,0,0.62802,91.88862,0,0,0,0,0,0,0,0,0,0,0,0,0,0,0,0,0,0,0,0,0,0,0,0,0,0,0,0,0,0,0
GF15_C3_d39_colon,0,0,0,0,97.39678,0,0,0,0,2.60322,0,0,0,0,0,0,0,0,0,0,0,0,0,0,0,0,0,0,0,0,0,0,0,0,0,0
GF15_c4_d105_stool,0,9.97681,0,0.41471,86.1993,0,2.64739,0,0,0,0,0.76179,0,0,0,0,0,0,0,0,0,0,0,0,0,0,0,0,0,0,0,0,0,0,0,0
GF15_c4_d108_colon,0,0.01964,0,0.8676,91.50732,0,0,0,0,7.56501,0,0,0,0,0,0,0,0,0,0,0,0,0,0,0.04043,0,0,0,0,0,0,0,0,0,0,0
GF15_C4_d36,0,2.46018,0,0.59226,96.88458,0,0,0,0,0.06298,0,0,0,0,0,0,0,0,0,0,0,0,0,0,0,0,0,0,0,0,0,0,0,0,0,0
GF15_C4_d37,0,2.15759,0,1.42075,95.96592,0,0.14394,0,0,0.18451,0,0.12729,0,0,0,0,0,0,0,0,0,0,0,0,0,0,0,0,0,0,0,0,0,0,0,0
GF15_C4_d38,0,0,0,0,98.21343,0,0,0,0,1.78657,0,0,0,0,0,0,0,0,0,0,0,0,0,0,0,0,0,0,0,0,0,0,0,0,0,0
GF15_C4_d39_colon,0,0,0,0,94.83013,0,0,0,0,5.16987,0,0,0,0,0,0,0,0,0,0,0,0,0,0,0,0,0,0,0,0,0,0,0,0,0,0
GF15_c4_d73_stool,0,0.25995,0,0.0756,99.66445,0,0,0,0,0,0,0,0,0,0,0,0,0,0,0,0,0,0,0,0,0,0,0,0,0,0,0,0,0,0,0
GF15_c4_d74_colon,0,0,0,0,100,0,0,0,0,0,0,0,0,0,0,0,0,0,0,0,0,0,0,0,0,0,0,0,0,0,0,0,0,0,0,0
GF15_c5_d105_stool,0,6.16041,0,1.3294,92.40176,0,0,0,0,0,0,0.10842,0,0,0,0,0,0,0,0,0,0,0,0,0,0,0,0,0,0,0,0,0,0,0,0
GF15_c5_d108_colon,0,0,0,2.02025,84.79011,0,0,0,0,13.18964,0,0,0,0,0,0,0,0,0,0,0,0,0,0,0,0,0,0,0,0,0,0,0,0,0,0
GF15_C5_d36,0,29.15074,0,0.10864,65.20024,0,0,0,0,5.54038,0,0,0,0,0,0,0,0,0,0,0,0,0,0,0,0,0,0,0,0,0,0,0,0,0,0
GF15_C5_d37,0,20.72677,0,0.8768,68.04368,0,0,0,0,10.35275,0,0,0,0,0,0,0,0,0,0,0,0,0,0,0,0,0,0,0,0,0,0,0,0,0,0
GF15_C5_d39_colon,0,0,0,0,99.17635,0,0,0,0,0.82365,0,0,0,0,0,0,0,0,0,0,0,0,0,0,0,0,0,0,0,0,0,0,0,0,0,0
GF15_c5_d71_stool,0,6.72639,0,73.15538,20.0779,0,0,0,0,0,0,0.04034,0,0,0,0,0,0,0,0,0,0,0,0,0,0,0,0,0,0,0,0,0,0,0,0
GF15_c5_d74_colon,0,0,0,0,100,0,0,0,0,0,0,0,0,0,0,0,0,0,0,0,0,0,0,0,0,0,0,0,0,0,0,0,0,0,0,0
GF15_c6_d105_stool,0,5.31141,0,0.1158,94.4705,0,0,0,0,0,0,0.10229,0,0,0,0,0,0,0,0,0,0,0,0,0,0,0,0,0,0,0,0,0,0,0,0
GF15_c6_d108_colon,0,0,0,2.58141,93.2184,0,0,0,0,4.20019,0,0,0,0,0,0,0,0,0,0,0,0,0,0,0,0,0,0,0,0,0,0,0,0,0,0
GF15_C6_d36,0,8.03343,0,0.3967,90.43445,0,0,0,0,1.13542,0,0,0,0,0,0,0,0,0,0,0,0,0,0,0,0,0,0,0,0,0,0,0,0,0,0
GF15_C6_d39_colon,0,0,0,0,89.49206,0,0,0,0,10.50794,0,0,0,0,0,0,0,0,0,0,0,0,0,0,0,0,0,0,0,0,0,0,0,0,0,0
GF15_c6_d71_stool,0,0.38699,0,2.43546,97.17756,0,0,0,0,0,0,0,0,0,0,0,0,0,0,0,0,0,0,0,0,0,0,0,0,0,0,0,0,0,0,0
GF15_C6_d72_stool,0,0.74597,0,1.17734,98.0767,0,0,0,0,0,0,0,0,0,0,0,0,0,0,0,0,0,0,0,0,0,0,0,0,0,0,0,0,0,0,0
GF15_c6_d74_colon,0,0,0,0,100,0,0,0,0,0,0,0,0,0,0,0,0,0,0,0,0,0,0,0,0,0,0,0,0,0,0,0,0,0,0,0
GF15_c7_d105_stool,0,0.67866,0,0,99.32134,0,0,0,0,0,0,0,0,0,0,0,0,0,0,0,0,0,0,0,0,0,0,0,0,0,0,0,0,0,0,0
GF15_c7_d108_colon,0,0,0,1.99122,72.30955,0,0,0,0,25.69923,0,0,0,0,0,0,0,0,0,0,0,0,0,0,0,0,0,0,0,0,0,0,0,0,0,0
GF15_c7_d72_stool,0,0.6453,0,2.12828,97.22642,0,0,0,0,0,0,0,0,0,0,0,0,0,0,0,0,0,0,0,0,0,0,0,0,0,0,0,0,0,0,0
GF15_c7_d74_colon,0,0,0,0,100,0,0,0,0,0,0,0,0,0,0,0,0,0,0,0,0,0,0,0,0,0,0,0,0,0,0,0,0,0,0,0
GF15_c8_d108_colon,0,0,0,0.63461,96.05291,0,0,0,0,3.31247,0,0,0,0,0,0,0,0,0,0,0,0,0,0,0,0,0,0,0,0,0,0,0,0,0,0
GF15_c8_d74_colon,0,0,0,0,81.44946,0,0,0,0,18.55054,0,0,0,0,0,0,0,0,0,0,0,0,0,0,0,0,0,0,0,0,0,0,0,0,0,0
GF15_c9_d108_colon,0,16.14859,0,0.24938,74.95247,0,0,0,0,8.64956,0,0,0,0,0,0,0,0,0,0,0,0,0,0,0,0,0,0,0,0,0,0,0,0,0,0
GF15_cdam_d11_stool,0.77249,2.03868,7.37443,71.43727,2.82839,0,12.51901,0,0.63803,0.58223,0,1.80948,0,0,0,0,0,0,0,0,0,0,0,0,0,0,0,0,0,0,0,0,0,0,0,0
GF15_cdam_d23_stool,1.49294,1.77449,8.72609,73.54288,0.64481,0,10.25448,0,0.77977,0.14184,0,2.6427,0,0,0,0,0,0,0,0,0,0,0,0,0,0,0,0,0,0,0,0,0,0,0,0
GF15_cdam_d5_stool,0.25962,2.05436,4.40516,70.97114,6.72847,0,10.80691,0,0.66964,1.34358,0,2.76113,0,0,0,0,0,0,0,0,0,0,0,0,0,0,0,0,0,0,0,0,0,0,0,0
GF15_cdam_d59_stool,0,3.93378,0.3786,45.77369,4.55764,0,37.28474,0,0,0.9386,0,7.13295,0,0,0,0,0,0,0,0,0,0,0,0,0,0,0,0,0,0,0,0,0,0,0,0
GF15_d67_B1_stool,0,4.45422,0,0.31414,95.23164,0,0,0,0,0,0,0,0,0,0,0,0,0,0,0,0,0,0,0,0,0,0,0,0,0,0,0,0,0,0,0
GF15_d67_B2_stool,0,0.04833,0,0.68199,99.26968,0,0,0,0,0,0,0,0,0,0,0,0,0,0,0,0,0,0,0,0,0,0,0,0,0,0,0,0,0,0,0
GF15_d67_B3_stool,0,2.23032,0,1.7919,95.56444,0,0.23715,0,0,0,0,0.17619,0,0,0,0,0,0,0,0,0,0,0,0,0,0,0,0,0,0,0,0,0,0,0,0
GF15_d67_B4_stool,0,0,0,0.91866,99.08134,0,0,0,0,0,0,0,0,0,0,0,0,0,0,0,0,0,0,0,0,0,0,0,0,0,0,0,0,0,0,0
GF15_d67_B5_stool,0,0.44385,0,1.91235,97.64,0,0,0,0,0,0,0.0038,0,0,0,0,0,0,0,0,0,0,0,0,0,0,0,0,0,0,0,0,0,0,0,0
GF15_d67_B6_stool,0,0,0,0.09244,99.90756,0,0,0,0,0,0,0,0,0,0,0,0,0,0,0,0,0,0,0,0,0,0,0,0,0,0,0,0,0,0,0
GF15_d67_B7_stool,0,0.0882,0,0,99.9118,0,0,0,0,0,0,0,0,0,0,0,0,0,0,0,0,0,0,0,0,0,0,0,0,0,0,0,0,0,0,0
GF15_d67_B8_stool,0,0.30087,0,0.25129,99.41998,0,0,0,0,0,0,0.02786,0,0,0,0,0,0,0,0,0,0,0,0,0,0,0,0,0,0,0,0,0,0,0,0
GF15_d68_B1_colon,0,2.3804,0,0,94.90827,0,2.64581,0,0,0,0,0.06551,0,0,0,0,0,0,0,0,0,0,0,0,0,0,0,0,0,0,0,0,0,0,0,0
GF15_d68_B2_stool,0,0.05543,0,0.44779,99.49678,0,0,0,0,0,0,0,0,0,0,0,0,0,0,0,0,0,0,0,0,0,0,0,0,0,0,0,0,0,0,0
GF15_d68_B5_colon,0,0,0,0,100,0,0,0,0,0,0,0,0,0,0,0,0,0,0,0,0,0,0,0,0,0,0,0,0,0,0,0,0,0,0,0
GF15_d68_B8_stool,0,0.85831,0,0.40566,98.04813,0,0.17669,0,0,0,0,0.51121,0,0,0,0,0,0,0,0,0,0,0,0,0,0,0,0,0,0,0,0,0,0,0,0
GF15_d69_B2_stool,0,0,0,0,100,0,0,0,0,0,0,0,0,0,0,0,0,0,0,0,0,0,0,0,0,0,0,0,0,0,0,0,0,0,0,0
GF15_d69_B9_stool,0,0,0,0,100,0,0,0,0,0,0,0,0,0,0,0,0,0,0,0,0,0,0,0,0,0,0,0,0,0,0,0,0,0,0,0
GF15_d70_B2_colon,0,0,0,0,100,0,0,0,0,0,0,0,0,0,0,0,0,0,0,0,0,0,0,0,0,0,0,0,0,0,0,0,0,0,0,0
GF15_d70_B4_colon,0,0,0,0,98.24283,0,0,0,0,1.75717,0,0,0,0,0,0,0,0,0,0,0,0,0,0,0,0,0,0,0,0,0,0,0,0,0,0
GF15_d70_B6_colon,0,0,0,0,97.60026,0,0,0,0,2.39974,0,0,0,0,0,0,0,0,0,0,0,0,0,0,0,0,0,0,0,0,0,0,0,0,0,0
GF15_d70_B7_colon,0,0,0,0,95.62052,0,0,0,0,4.37948,0,0,0,0,0,0,0,0,0,0,0,0,0,0,0,0,0,0,0,0,0,0,0,0,0,0
GF15_d70_B8_colon,0,0,0,0,100,0,0,0,0,0,0,0,0,0,0,0,0,0,0,0,0,0,0,0,0,0,0,0,0,0,0,0,0,0,0,0
GF15_d70_B9_colon,0,0,0,0,100,0,0,0,0,0,0,0,0,0,0,0,0,0,0,0,0,0,0,0,0,0,0,0,0,0,0,0,0,0,0,0
GF15_d71_A1_stool,0,0.11866,0,0.68593,99.19541,0,0,0,0,0,0,0,0,0,0,0,0,0,0,0,0,0,0,0,0,0,0,0,0,0,0,0,0,0,0,0
GF15_d71_A3_stool,0,11.51468,0,0.89046,87.59486,0,0,0,0,0,0,0,0,0,0,0,0,0,0,0,0,0,0,0,0,0,0,0,0,0,0,0,0,0,0,0
GF15_d71_A4_stool,0,0,0,0,100,0,0,0,0,0,0,0,0,0,0,0,0,0,0,0,0,0,0,0,0,0,0,0,0,0,0,0,0,0,0,0
GF15_d71_A5_stool,0,0,0,0,100,0,0,0,0,0,0,0,0,0,0,0,0,0,0,0,0,0,0,0,0,0,0,0,0,0,0,0,0,0,0,0
GF15_d71_A6_stool,0,1.37374,0,0.83377,97.7925,0,0,0,0,0,0,0,0,0,0,0,0,0,0,0,0,0,0,0,0,0,0,0,0,0,0,0,0,0,0,0
GF15_d71_A7_stool,0,0.68107,0,0.72189,98.56711,0,0,0,0,0,0,0.02993,0,0,0,0,0,0,0,0,0,0,0,0,0,0,0,0,0,0,0,0,0,0,0,0
GF15_d71_A8_stool,0,2.48143,0,2.3082,95.21037,0,0,0,0,0,0,0,0,0,0,0,0,0,0,0,0,0,0,0,0,0,0,0,0,0,0,0,0,0,0,0
GF15_d71_C2_stool,0,8.23437,0,0.73952,91.02612,0,0,0,0,0,0,0,0,0,0,0,0,0,0,0,0,0,0,0,0,0,0,0,0,0,0,0,0,0,0,0
GF15_d71_C3_stool,0,16.52142,0,0.56724,82.68131,0,0,0,0,0,0,0.23003,0,0,0,0,0,0,0,0,0,0,0,0,0,0,0,0,0,0,0,0,0,0,0,0
GF15_d71_C4_stool,0,0,0,0.22622,99.77378,0,0,0,0,0,0,0,0,0,0,0,0,0,0,0,0,0,0,0,0,0,0,0,0,0,0,0,0,0,0,0
GF15_INOC,34.17622,29.53727,19.2124,8.9089,3.65098,2.03977,1.63877,0.20551,0.63018,0,0,0,0,0,0,0,0,0,0,0,0,0,0,0,0,0,0,0,0,0,0,0,0,0,0,0
GF16_A1_d32,0,0,0,0,48.59238,0,0,0,0,0,0,0,0,0,0,0,0,0,0,51.40762,0,0,0,0,0,0,0,0,0,0,0,0,0,0,0,0
GF16_A1_d35_colon,0,0,0,0,0,0,0,0,0,0,0,0,0,0,0,0,0,0,0,0,0,0,0,0,0,100,0,0,0,0,0,0,0,0,0,0
GF16_A2_d32,0,0,0,0,0,0,0,0,0,0,0,0,0,0,0,0,0,0,0,100,0,0,0,0,0,0,0,0,0,0,0,0,0,0,0,0
GF16_A2_d35_colon,0,0,0,0,43.94071,0,0,0,0,0,0,0,0,0,0,0,0,0,0,56.05929,0,0,0,0,0,0,0,0,0,0,0,0,0,0,0,0
GF16_A3_d32,0,0.13897,0,0,10.89183,0,0,0,0,0,0,0,0,0,0,0,0,0,0,88.9692,0,0,0,0,0,0,0,0,0,0,0,0,0,0,0,0
GF16_A3_d34,0,0,0,0,15.19859,0,0,0,0,0,0,0,0,0,0,0,0,0,0,64.9185,19.88291,0,0,0,0,0,0,0,0,0,0,0,0,0,0,0
GF16_A3_d35_colon,0,100,0,0,0,0,0,0,0,0,0,0,0,0,0,0,0,0,0,0,0,0,0,0,0,0,0,0,0,0,0,0,0,0,0,0
GF16_a4_d100_stool,0,2.94721,0,0,33.57036,0,0,0,0,0,0,0,0,0,0,0,0,0,0,58.82974,4.65269,0,0,0,0,0,0,0,0,0,0,0,0,0,0,0
GF16_A4_d32,0,0,0,0,41.36695,0,0,0,0,0,0,0,0,0,0,0,0,0,0,58.63305,0,0,0,0,0,0,0,0,0,0,0,0,0,0,0,0
GF16_A5_d32,0,0,0,0,0,0,0,0,0,0,0,0,0,0,0,0,0,0,0,100,0,0,0,0,0,0,0,0,0,0,0,0,0,0,0,0
GF16_A6_d32,0,0,0,0,20.53897,0,0,0,0,0,0,0,0,0,0,0,0,0,0,79.46103,0,0,0,0,0,0,0,0,0,0,0,0,0,0,0,0
GF16_A6_d33,0,0.26259,0,0,12.82756,0,0,0,0,0,0,0,0,0,0,0,0,0,0,86.90985,0,0,0,0,0,0,0,0,0,0,0,0,0,0,0,0
GF16_A6_d35_colon,0,0,0,0,0,0,0,0,0,0,0,0,0,0,0,0,0,0,0,100,0,0,0,0,0,0,0,0,0,0,0,0,0,0,0,0
GF16_A7_d32,0,1.5768,0,0,26.98626,0,0,0,0,0,0,0,0,0,0,0,0,0,0,71.43693,0,0,0,0,0,0,0,0,0,0,0,0,0,0,0,0
GF16_A7_d34,0,30.1143,0,0,3.53153,0,0,0,0,0,0,0,0,0,0,0,0,0,0,66.35417,0,0,0,0,0,0,0,0,0,0,0,0,0,0,0,0
GF16_Adam_d21,0,0,0,0,0,0,2.67101,0,0,0,0,0,0,0,0,0,0,5.53117,0,18.42038,64.97339,0,0,0,0,0,7.18644,0.88331,0.3343,0,0,0,0,0,0,0
GF16_B1_d32,0,0,0,0,0,0,0,0,0,0,0,0,0,0,0,0,0,0,0,100,0,0,0,0,0,0,0,0,0,0,0,0,0,0,0,0
GF16_B2_d32,0,0,0,0,0,0,0,0,0,0,0,0,0,0,0,0,0,0,0,100,0,0,0,0,0,0,0,0,0,0,0,0,0,0,0,0
GF16_B2_d34,0.14211,6.23082,0,4.09511,67.71461,0,18.96446,0,0,0,0,2.85289,0,0,0,0,0,0,0,0,0,0,0,0,0,0,0,0,0,0,0,0,0,0,0,0
GF16_B5_d32,0,0,0,0,44.39051,0,0,0,0,0,0,0,0,0,0,0,0,0,0,55.60949,0,0,0,0,0,0,0,0,0,0,0,0,0,0,0,0
GF16_B5_d33_colon,0,0,0,0,29.27045,0,0,0,0,0,0,0,0,0,0,0,0,0,0,70.72955,0,0,0,0,0,0,0,0,0,0,0,0,0,0,0,0
GF16_B6_d32,0,0.38575,0,0,17.16373,0,0,0,0,0,0,0,0,0,0,0,0,0,0,82.45052,0,0,0,0,0,0,0,0,0,0,0,0,0,0,0,0
GF16_c1_d105_stool,0,0,0,0,0.4632,0,0,0,0,0,0,0,0,0,0,0,0,0,0,99.5368,0,0,0,0,0,0,0,0,0,0,0,0,0,0,0,0
GF16_C1_d34,0,0,0,0,0,0,0,0,0,0,0,0,0,0,0,0,0,0,0,0,99.06012,0,0,0,0,0,0.93988,0,0,0,0,0,0,0,0,0
GF16_C1_d35_colon,0,98.52817,0,0,1.27653,0,0,0,0,0,0,0,0,0,0,0,0,0,0,0,0.19531,0,0,0,0,0,0,0,0,0,0,0,0,0,0,0
GF16_c1_d67_stool,0,0,0,0,41.7675,0,0,0,0,0,0,0,0,0,0,0,0,0,0,58.2325,0,0,0,0,0,0,0,0,0,0,0,0,0,0,0,0
GF16_c1_d69_stool,0,0,0,0.90106,0,0,0,0,0,0,0,0,0,0,0,0,0,0,0,95.05831,0,0,0,0,2.70888,0,0,1.33174,0,0,0,0,0,0,0,0
GF16_c10_d105_stool,0,0,0,0,0,0,0,0,0,0,0,0,0,0,0,0,0,0,0,100,0,0,0,0,0,0,0,0,0,0,0,0,0,0,0,0
GF16_c10_d106_stool,0,0.18504,0,0,0,0,0,0,0,0,0,0,0,0,0,0,0,0,0,99.81496,0,0,0,0,0,0,0,0,0,0,0,0,0,0,0,0
GF16_c2_d105_stool,0,0,0,0,0,0,0,0,0,0,0,0,0,0,0,0,0,0,0,100,0,0,0,0,0,0,0,0,0,0,0,0,0,0,0,0
GF16_C2_d32,0,0.20767,0,0,5.8537,0,0,0,0,0,0,0,0,0,0,0,0,0,0,93.93863,0,0,0,0,0,0,0,0,0,0,0,0,0,0,0,0
GF16_C2_d35_colon,0,62.66687,0,0,37.33313,0,0,0,0,0,0,0,0,0,0,0,0,0,0,0,0,0,0,0,0,0,0,0,0,0,0,0,0,0,0,0
GF16_c2_d67_stool,0,0,0,0,47.60953,0,0,0,0,0,0,0,0,0,0,0,0,0.12507,0,52.2654,0,0,0,0,0,0,0,0,0,0,0,0,0,0,0,0
GF16_c2_d68_stool,0,0.29895,0,0,34.37544,0,0,0,0,0,0,0,0,0,0,0,0,0,0,65.32561,0,0,0,0,0,0,0,0,0,0,0,0,0,0,0,0
GF16_c2_d69_stool,0,0.08157,0,0,21.96918,0,0,0,0,0,0,0,0,0,0,0,0,1.57038,0,76.37887,0,0,0,0,0,0,0,0,0,0,0,0,0,0,0,0
GF16_c3_d105_stool,0,0,0,0,6.11221,0,0,0,0,0,0,0,0,0,0,0,0,0.64712,0,93.24067,0,0,0,0,0,0,0,0,0,0,0,0,0,0,0,0
GF16_C3_d32,0,0.21826,0,0,29.13137,0,0,0,0,0,0,0,0,0,0,0,0,0,0,70.65037,0,0,0,0,0,0,0,0,0,0,0,0,0,0,0,0
GF16_C3_d33,0,0,0,0,49.97307,0,0,0,0,0,0,0,0,0,0,0,0,0,0,50.02693,0,0,0,0,0,0,0,0,0,0,0,0,0,0,0,0
GF16_C3_d35_colon,0,47.67286,0,0,52.32714,0,0,0,0,0,0,0,0,0,0,0,0,0,0,0,0,0,0,0,0,0,0,0,0,0,0,0,0,0,0,0
GF16_c3_d67_stool,0,0,0,0,69.34372,0,0,0,0,0,0,0,0,0,0,0,0,0,0,30.65628,0,0,0,0,0,0,0,0,0,0,0,0,0,0,0,0
GF16_c4_d105_stool,0,0,0,0,0,0,0,0,0,0,0,0,0,0,0,0,0,0,0,100,0,0,0,0,0,0,0,0,0,0,0,0,0,0,0,0
GF16_C4_d33,0,0,0,0,9.9767,0,0,0,0,0,0,0,0,0,0,0,0,3.76533,0,84.92995,1.32803,0,0,0,0,0,0,0,0,0,0,0,0,0,0,0
GF16_C4_d34,0,0,0,0,0,0,0,0,0,0,0,0,0,0,0,0,0,0,0,4.10685,80.80165,0,0,0,0,0,15.0915,0,0,0,0,0,0,0,0,0
GF16_C4_d35_colon,0,49.43773,0,0,50.22141,0,0,0,0,0,0,0,0,0,0,0,0,0,0,0.34086,0,0,0,0,0,0,0,0,0,0,0,0,0,0,0,0
GF16_c4_d67_stool,0,0,0,0,55.5187,0,0,0,0,0,0,0,0,0,0,0,0,0,0,44.4813,0,0,0,0,0,0,0,0,0,0,0,0,0,0,0,0
GF16_c4_d69_stool,0,0,0,0,51.64967,0,0,0,0,0,0,0,0,0,0,0,0,0,0,48.35033,0,0,0,0,0,0,0,0,0,0,0,0,0,0,0,0
GF16_c5_d105_stool,0,0,0,0,0,0,0,0,0,0,0,0,0,0,0,0,0,0,0,100,0,0,0,0,0,0,0,0,0,0,0,0,0,0,0,0
GF16_C5_d32,0,0,0,0,16.58157,0,0,0,0,0,0,0,0,0,0,0,0,0,0,83.41843,0,0,0,0,0,0,0,0,0,0,0,0,0,0,0,0
GF16_C5_d35_colon,0,53.1508,0,0,46.8492,0,0,0,0,0,0,0,0,0,0,0,0,0,0,0,0,0,0,0,0,0,0,0,0,0,0,0,0,0,0,0
GF16_c5_d67_stool,0,0,0,0,35.72967,0,0,0,0,0,0,0,0,0,0,0,0,0,0,64.27033,0,0,0,0,0,0,0,0,0,0,0,0,0,0,0,0
GF16_c5_d68_stool,0,0,0,0,33.2506,0,0,0,0,0,0,0,0,0,0,0,0,0,0,66.7494,0,0,0,0,0,0,0,0,0,0,0,0,0,0,0,0
GF16_c6_d105_stool,0,0,0,0,2.88226,0,0,0,0,0,0,0,0,0,0,0,0,0,0,97.11774,0,0,0,0,0,0,0,0,0,0,0,0,0,0,0,0
GF16_c7_d105_stool,0,0.02306,0,0,0,0,0,0,0,0,0,0,0,0,0,0,0,0,0,99.97694,0,0,0,0,0,0,0,0,0,0,0,0,0,0,0,0
GF16_inoc_200622,0,0,0,1.7771,0,0,0.48976,0,0,0,0,0,0.00562,0,0,0,0,12.1128,0,76.52548,8.54448,0,0,0,0,0,0.25601,0.28876,0,0,0,0,0,0,0,0
GF17_a1_d31_stool,0,0.6928,0,0,98.80712,0,0.24287,0,0,0,0,0.25721,0,0,0,0,0,0,0,0,0,0,0,0,0,0,0,0,0,0,0,0,0,0,0,0
GF17_a2_d31_stool,0,0.99821,0,0,95.99259,0,2.22322,0,0,0,0,0.78598,0,0,0,0,0,0,0,0,0,0,0,0,0,0,0,0,0,0,0,0,0,0,0,0
GF17_a3_d31_stool,0,0.3444,0,0,98.49462,0,0.43113,0,0,0,0,0.72986,0,0,0,0,0,0,0,0,0,0,0,0,0,0,0,0,0,0,0,0,0,0,0,0
GF17_a4_d31_stool,0,0.13742,0,0,99.86258,0,0,0,0,0,0,0,0,0,0,0,0,0,0,0,0,0,0,0,0,0,0,0,0,0,0,0,0,0,0,0
GF17_a5_d31_stool,0,0.29929,0,0,99.64987,0,0.01863,0,0,0,0,0.03221,0,0,0,0,0,0,0,0,0,0,0,0,0,0,0,0,0,0,0,0,0,0,0,0
GF17_a6_d31_stool,0,0.05218,0,0,98.24473,0,0,1.70309,0,0,0,0,0,0,0,0,0,0,0,0,0,0,0,0,0,0,0,0,0,0,0,0,0,0,0,0
GF17_a7_d31_stool,0,0,0,0,100,0,0,0,0,0,0,0,0,0,0,0,0,0,0,0,0,0,0,0,0,0,0,0,0,0,0,0,0,0,0,0
GF17_b2_d31_stool,0,0,0,0,99.66418,0,0,0.33582,0,0,0,0,0,0,0,0,0,0,0,0,0,0,0,0,0,0,0,0,0,0,0,0,0,0,0,0
GF17_b3_d31_stool,0,0,0,0,100,0,0,0,0,0,0,0,0,0,0,0,0,0,0,0,0,0,0,0,0,0,0,0,0,0,0,0,0,0,0,0
GF17_b6_d31_stool,0,0,0,0,99.91782,0,0,0,0,0,0,0.08218,0,0,0,0,0,0,0,0,0,0,0,0,0,0,0,0,0,0,0,0,0,0,0,0
GF17_inoc_200903,0,0,0,0,66.24378,0,0,32.4877,0,0,0,0,0,0,1.26851,0,0,0,0,0,0,0,0,0,0,0,0,0,0,0,0,0,0,0,0,0
GF18_a1_d32_stool,0,1.12064,0,0,83.2849,0,0.55963,0,0,14.62759,0,0.35721,0.05003,0,0,0,0,0,0,0,0,0,0,0,0,0,0,0,0,0,0,0,0,0,0,0
GF18_a1_d33_stool,0,0.75258,0,0,44.82786,0,33.06333,0,0,8.26237,0,3.86084,9.23303,0,0,0,0,0,0,0,0,0,0,0,0,0,0,0,0,0,0,0,0,0,0,0
GF18_a1_d35_colon,0,95.68696,0,0,0,0,0,0,0,0,0,0,4.31304,0,0,0,0,0,0,0,0,0,0,0,0,0,0,0,0,0,0,0,0,0,0,0
GF18_a2_d33_stool,0,0.10537,0,0,99.89463,0,0,0,0,0,0,0,0,0,0,0,0,0,0,0,0,0,0,0,0,0,0,0,0,0,0,0,0,0,0,0
GF18_a2_d35_colon,0,9.99751,0,0,0,0,0,0,0,0,0,0,0,0,0,0,0,0,0,0,0,0,0,0,90.00249,0,0,0,0,0,0,0,0,0,0,0
GF18_a2_d54_colon,0,8.04728,0,0,69.1438,0,4.9243,0,0,0,0,0.84781,17.03681,0,0,0,0,0,0,0,0,0,0,0,0,0,0,0,0,0,0,0,0,0,0,0
GF18_a3_d35_colon,0,31.4095,0,0,62.8252,0,0,0,0,5.7653,0,0,0,0,0,0,0,0,0,0,0,0,0,0,0,0,0,0,0,0,0,0,0,0,0,0
GF18_a3_d54_colon,0,2.80997,0,0,74.3342,0,8.26287,0,0,0,0,0.59904,13.99392,0,0,0,0,0,0,0,0,0,0,0,0,0,0,0,0,0,0,0,0,0,0,0
GF18_a4_d32_stool,0,0.50527,0,0,98.31302,0,0.83823,0,0,0,0,0.34348,0,0,0,0,0,0,0,0,0,0,0,0,0,0,0,0,0,0,0,0,0,0,0,0
GF18_a4_d33_stool,0,0.87331,0,0,49.1073,0,25.54918,0,0,0,0,3.73894,20.73127,0,0,0,0,0,0,0,0,0,0,0,0,0,0,0,0,0,0,0,0,0,0,0
GF18_a4_d35_colon,0,99.69597,0,0,0,0,0,0,0,0,0,0.30403,0,0,0,0,0,0,0,0,0,0,0,0,0,0,0,0,0,0,0,0,0,0,0,0
GF18_a4_d54_colon,0,1.29312,0,0,98.23824,0,0,0,0,0,0,0,0,0,0,0,0,0,0,0,0,0,0,0,0.46864,0,0,0,0,0,0,0,0,0,0,0
GF18_a5_d54_colon,0,5.0831,0,0,82.48128,0,8.64404,0,0,0,0,0.83871,2.95287,0,0,0,0,0,0,0,0,0,0,0,0,0,0,0,0,0,0,0,0,0,0,0
GF18_adam_d33_stoolsoln,0,82.66301,0.13864,0,0.05997,0,0.13386,0,0,0,0,6.20848,10.79604,0,0,0,0,0,0,0,0,0,0,0,0,0,0,0,0,0,0,0,0,0,0,0
GF18_b3_d32_stool,0,0,0,0,99.85053,0,0.08683,0,0,0,0,0.06263,0,0,0,0,0,0,0,0,0,0,0,0,0,0,0,0,0,0,0,0,0,0,0,0
GF18_b3_d33_stool,0,0.56661,0,0,87.83785,0,6.58196,0,0,0,0,0.7995,4.21408,0,0,0,0,0,0,0,0,0,0,0,0,0,0,0,0,0,0,0,0,0,0,0
GF18_b3_d35_colon,0,0,0,0,100,0,0,0,0,0,0,0,0,0,0,0,0,0,0,0,0,0,0,0,0,0,0,0,0,0,0,0,0,0,0,0
GF18_b4_d32_stool,0,0.65696,0,0,98.19181,0,0.71038,0,0,0,0,0.44084,0,0,0,0,0,0,0,0,0,0,0,0,0,0,0,0,0,0,0,0,0,0,0,0
GF18_b4_d35_colon,0,0,0,0,99.66706,0,0,0,0,0,0,0,0.33294,0,0,0,0,0,0,0,0,0,0,0,0,0,0,0,0,0,0,0,0,0,0,0
GF18_bdam_d33_stoolsoln,0.18861,0.36124,0,0,90.73912,0,0.26064,0,0,0,0,1.63715,6.81325,0,0,0,0,0,0,0,0,0,0,0,0,0,0,0,0,0,0,0,0,0,0,0
GF18_d0_innoculum,0,63.63987,0,0,25.92236,0.00866,2.59811,0,4.65721,0.00704,0,1.00998,2.15677,0,0,0,0,0,0,0,0,0,0,0,0,0,0,0,0,0,0,0,0,0,0,0
GF2_A_dam_d33,0,10.72864,0,82.89008,0,0,0,0,0,0,0,6.38128,0,0,0,0,0,0,0,0,0,0,0,0,0,0,0,0,0,0,0,0,0,0,0,0
GF2_A_dam_day19,0,3.03895,0,24.11772,3.05848,0,54.82931,0,0.72458,0.77949,0,13.45147,0,0,0,0,0,0,0,0,0,0,0,0,0,0,0,0,0,0,0,0,0,0,0,0
GF2_A_dam_day29,0,48.66391,0,50.71415,0,0,0,0,0,0,0,0.62194,0,0,0,0,0,0,0,0,0,0,0,0,0,0,0,0,0,0,0,0,0,0,0,0
GF2_A_day1_dad,0,18.3531,0,0,21.39367,0,58.56437,0,0,0,0,1.68887,0,0,0,0,0,0,0,0,0,0,0,0,0,0,0,0,0,0,0,0,0,0,0,0
GF2_A_day1_mom,0,16.52056,0,0,44.11489,0,36.589,0,0,0.11901,0,2.65654,0,0,0,0,0,0,0,0,0,0,0,0,0,0,0,0,0,0,0,0,0,0,0,0
GF2_A1_d37,0.41179,1.54566,0.7294,34.15594,3.03264,0,39.93323,0,10.88429,0.25964,0,9.04741,0,0,0,0,0,0,0,0,0,0,0,0,0,0,0,0,0,0,0,0,0,0,0,0
GF2_A1_d39,0,0.99044,0,0.25451,25.97154,0,65.33608,0,0,0,0,7.44743,0,0,0,0,0,0,0,0,0,0,0,0,0,0,0,0,0,0,0,0,0,0,0,0
GF2_A1_day28,0,0.13491,0,0,99.86509,0,0,0,0,0,0,0,0,0,0,0,0,0,0,0,0,0,0,0,0,0,0,0,0,0,0,0,0,0,0,0
GF2_A1_day29,0,1.32712,0,0.67832,96.55371,0,0.52433,0,0,0,0,0.91652,0,0,0,0,0,0,0,0,0,0,0,0,0,0,0,0,0,0,0,0,0,0,0,0
GF2_A1_day30,0,0,0,0,100,0,0,0,0,0,0,0,0,0,0,0,0,0,0,0,0,0,0,0,0,0,0,0,0,0,0,0,0,0,0,0
GF2_A1_day31,0,2.2321,0,11.84523,22.77549,0,48.72586,0,0,0,0,14.42131,0,0,0,0,0,0,0,0,0,0,0,0,0,0,0,0,0,0,0,0,0,0,0,0
GF2_A1_day32,0,7.43609,0,1.65389,90.91001,0,0,0,0,0,0,0,0,0,0,0,0,0,0,0,0,0,0,0,0,0,0,0,0,0,0,0,0,0,0,0
GF2_A1_day41,0,0.44079,0,7.67627,34.27767,0,53.22474,0,0,0.38629,0,3.99425,0,0,0,0,0,0,0,0,0,0,0,0,0,0,0,0,0,0,0,0,0,0,0,0
GF2_A1_day42,0,0.86926,0,1.79555,72.03856,0,23.75289,0,0,0,0,1.54374,0,0,0,0,0,0,0,0,0,0,0,0,0,0,0,0,0,0,0,0,0,0,0,0
GF2_A1_day44,0,2.3056,0,1.2568,95.55142,0,0.88617,0,0,0,0,0,0,0,0,0,0,0,0,0,0,0,0,0,0,0,0,0,0,0,0,0,0,0,0,0
GF2_A2_Colon,0,0.28807,0,16.37148,71.1094,0,9.13904,0,0,0.22767,0,2.86434,0,0,0,0,0,0,0,0,0,0,0,0,0,0,0,0,0,0,0,0,0,0,0,0
GF2_A2_d36,0,0.74478,0,1.69692,11.447,0,80.11771,0,0,0,0,5.99359,0,0,0,0,0,0,0,0,0,0,0,0,0,0,0,0,0,0,0,0,0,0,0,0
GF2_A2_D37,0,16.186,0,2.30283,10.27526,0,58.53217,0,0,0,0,12.70375,0,0,0,0,0,0,0,0,0,0,0,0,0,0,0,0,0,0,0,0,0,0,0,0
GF2_A2_d39,0,1.75912,0,0.1319,13.30992,0,77.31543,0,0,0,0,7.48363,0,0,0,0,0,0,0,0,0,0,0,0,0,0,0,0,0,0,0,0,0,0,0,0
GF2_A2_day28,0,0,0,0,100,0,0,0,0,0,0,0,0,0,0,0,0,0,0,0,0,0,0,0,0,0,0,0,0,0,0,0,0,0,0,0
GF2_A2_day29,0,0.29676,0,0.16344,99.47382,0,0,0,0,0,0,0.06597,0,0,0,0,0,0,0,0,0,0,0,0,0,0,0,0,0,0,0,0,0,0,0,0
GF2_A2_day30,0,2.36287,0,43.81059,10.46707,0,35.89123,0,0,0,0,7.46824,0,0,0,0,0,0,0,0,0,0,0,0,0,0,0,0,0,0,0,0,0,0,0,0
GF2_A2_day31,0,2.30904,0,0.34451,97.34645,0,0,0,0,0,0,0,0,0,0,0,0,0,0,0,0,0,0,0,0,0,0,0,0,0,0,0,0,0,0,0
GF2_A2_day32,0,3.0656,0,46.64562,6.62315,0,36.40847,0,0,0,0,7.25716,0,0,0,0,0,0,0,0,0,0,0,0,0,0,0,0,0,0,0,0,0,0,0,0
GF2_A2_day34,7.07304,3.51452,7.63442,23.88586,4.89677,0,35.68441,0,5.92886,0,0,11.38212,0,0,0,0,0,0,0,0,0,0,0,0,0,0,0,0,0,0,0,0,0,0,0,0
GF2_A2_day41,0,0.19186,0,1.50241,28.5119,0,61.53767,0,0,0.24567,0,8.0105,0,0,0,0,0,0,0,0,0,0,0,0,0,0,0,0,0,0,0,0,0,0,0,0
GF2_A2_day42,0,1.716,0,3.20625,69.3998,0,23.08733,0,0,0.043,0,2.54763,0,0,0,0,0,0,0,0,0,0,0,0,0,0,0,0,0,0,0,0,0,0,0,0
GF2_A2_day44,0,4.1636,0,21.93835,50.10838,0,22.83584,0,0,0,0,0.95383,0,0,0,0,0,0,0,0,0,0,0,0,0,0,0,0,0,0,0,0,0,0,0,0
GF2_A25_N713,2.82751,2.03167,3.34193,0,4.38632,0,54.78429,0,4.894,0.75965,0,9.14932,17.82531,0,0,0,0,0,0,0,0,0,0,0,0,0,0,0,0,0,0,0,0,0,0,0
GF2_A3_Colon,0,1.01388,0.11746,31.15661,42.7972,0,19.2648,0,0,0.4167,0,5.23335,0,0,0,0,0,0,0,0,0,0,0,0,0,0,0,0,0,0,0,0,0,0,0,0
GF2_A3_d37,0,0.46853,0,14.38746,7.81972,0,65.02934,0,0,0,0,12.29495,0,0,0,0,0,0,0,0,0,0,0,0,0,0,0,0,0,0,0,0,0,0,0,0
GF2_A3_d39,0,0.04571,0,29.92258,14.11051,0,46.2791,0,0,0,0,9.6421,0,0,0,0,0,0,0,0,0,0,0,0,0,0,0,0,0,0,0,0,0,0,0,0
GF2_A3_day28,0,0,0,0,100,0,0,0,0,0,0,0,0,0,0,0,0,0,0,0,0,0,0,0,0,0,0,0,0,0,0,0,0,0,0,0
GF2_A3_day30,0,4.92485,0,41.36087,13.95962,0,37.39638,0,0,0,0,2.35828,0,0,0,0,0,0,0,0,0,0,0,0,0,0,0,0,0,0,0,0,0,0,0,0
GF2_A3_day32,0,2.00644,0,64.03964,8.12027,0,23.85024,0,0,0,0,1.9834,0,0,0,0,0,0,0,0,0,0,0,0,0,0,0,0,0,0,0,0,0,0,0,0
GF2_A3_day41,0.37319,0.49644,0,48.09963,12.62353,0,30.7747,0,4.43839,0.16879,0,3.02532,0,0,0,0,0,0,0,0,0,0,0,0,0,0,0,0,0,0,0,0,0,0,0,0
GF2_A3_day42,0,1.35849,0,0.90822,93.71266,0,2.78048,0,0,0,0,1.24015,0,0,0,0,0,0,0,0,0,0,0,0,0,0,0,0,0,0,0,0,0,0,0,0
GF2_A4_Colon,0,0,0,2.84825,84.86975,0,11.51028,0,0,0,0,0.77172,0,0,0,0,0,0,0,0,0,0,0,0,0,0,0,0,0,0,0,0,0,0,0,0
GF2_A4_d36,0,2.00022,0,55.64148,4.21137,0,35.98186,0,0,0,0,2.16507,0,0,0,0,0,0,0,0,0,0,0,0,0,0,0,0,0,0,0,0,0,0,0,0
GF2_A4_d37,0,2.44314,0,0.48198,17.38089,0,69.78344,0,0,0,0,9.91055,0,0,0,0,0,0,0,0,0,0,0,0,0,0,0,0,0,0,0,0,0,0,0,0
GF2_A4_D39,0,0.54994,0,0.4855,23.39365,0,67.10627,0,0,0,0,8.46464,0,0,0,0,0,0,0,0,0,0,0,0,0,0,0,0,0,0,0,0,0,0,0,0
GF2_A4_day28,0,0.17214,0,0,99.82786,0,0,0,0,0,0,0,0,0,0,0,0,0,0,0,0,0,0,0,0,0,0,0,0,0,0,0,0,0,0,0
GF2_A4_day29,0,1.08253,0,0.59705,96.7624,0,0.24349,0,0,0,0,1.31454,0,0,0,0,0,0,0,0,0,0,0,0,0,0,0,0,0,0,0,0,0,0,0,0
GF2_A4_day30,0,2.07135,0,52.73717,10.44636,0,31.74681,0,0,0,0,2.99832,0,0,0,0,0,0,0,0,0,0,0,0,0,0,0,0,0,0,0,0,0,0,0,0
GF2_A4_day31,0,1.78832,0,0,98.21168,0,0,0,0,0,0,0,0,0,0,0,0,0,0,0,0,0,0,0,0,0,0,0,0,0,0,0,0,0,0,0
GF2_A4_day32,0,2.39137,0,49.99856,9.025,0,33.70459,0,0,0,0,4.88048,0,0,0,0,0,0,0,0,0,0,0,0,0,0,0,0,0,0,0,0,0,0,0,0
GF2_A4_day41,0,0.44257,0,48.43964,3.67335,0,37.34139,0,3.39859,0.21559,0,6.48886,0,0,0,0,0,0,0,0,0,0,0,0,0,0,0,0,0,0,0,0,0,0,0,0
GF2_A4_day42,0,0.81482,0,11.27871,75.24878,0,10.70103,0,0,0,0,1.95667,0,0,0,0,0,0,0,0,0,0,0,0,0,0,0,0,0,0,0,0,0,0,0,0
GF2_A4_day44,0,9.3906,0,3.29974,86.81371,0,0,0,0,0,0,0.49595,0,0,0,0,0,0,0,0,0,0,0,0,0,0,0,0,0,0,0,0,0,0,0,0
GF2_A5_Colon,0,0.0555,0.03235,5.66059,90.43702,0,2.9905,0,0,0,0,0.82404,0,0,0,0,0,0,0,0,0,0,0,0,0,0,0,0,0,0,0,0,0,0,0,0
GF2_A5_d39,0,0.40158,0,39.16276,13.18324,0,39.929,0,0,0,0,7.32342,0,0,0,0,0,0,0,0,0,0,0,0,0,0,0,0,0,0,0,0,0,0,0,0
GF2_A5_day28,0,0,0,0,100,0,0,0,0,0,0,0,0,0,0,0,0,0,0,0,0,0,0,0,0,0,0,0,0,0,0,0,0,0,0,0
GF2_A5_day31,0,19.12273,0,0.79856,79.78871,0,0,0,0,0,0,0.29,0,0,0,0,0,0,0,0,0,0,0,0,0,0,0,0,0,0,0,0,0,0,0,0
GF2_A5_day32,0,9.78022,0,0.59193,89.62785,0,0,0,0,0,0,0,0,0,0,0,0,0,0,0,0,0,0,0,0,0,0,0,0,0,0,0,0,0,0,0
GF2_A5_day42,0,1.10749,0,24.67441,46.63328,0,22.40867,0,0,0.1133,0,5.06285,0,0,0,0,0,0,0,0,0,0,0,0,0,0,0,0,0,0,0,0,0,0,0,0
GF2_A6_Colon,0,0,0,0,77.4194,0,22.5806,0,0,0,0,0,0,0,0,0,0,0,0,0,0,0,0,0,0,0,0,0,0,0,0,0,0,0,0,0
GF2_A6_d33,4.72025,2.25316,5.90249,30.79086,4.35326,0,33.58999,0,9.82095,0,0,8.56904,0,0,0,0,0,0,0,0,0,0,0,0,0,0,0,0,0,0,0,0,0,0,0,0
GF2_A6_d36,0,2.47987,0,44.50396,2.98475,0,45.35332,0,0,0,0,4.6781,0,0,0,0,0,0,0,0,0,0,0,0,0,0,0,0,0,0,0,0,0,0,0,0
GF2_A6_d37,0,1.92221,0,4.17614,8.11857,0,64.47918,0,0,0,0,21.30391,0,0,0,0,0,0,0,0,0,0,0,0,0,0,0,0,0,0,0,0,0,0,0,0
GF2_A6_D39,0,1.21138,0,0.27811,16.89137,0,75.1645,0,0,0,0,6.45464,0,0,0,0,0,0,0,0,0,0,0,0,0,0,0,0,0,0,0,0,0,0,0,0
GF2_A6_day28,0,0.7404,0,0,99.24154,0,0,0,0,0,0,0.01806,0,0,0,0,0,0,0,0,0,0,0,0,0,0,0,0,0,0,0,0,0,0,0,0
GF2_A6_day29,0,1.76165,0,1.29099,96.5628,0,0,0,0,0,0,0.38456,0,0,0,0,0,0,0,0,0,0,0,0,0,0,0,0,0,0,0,0,0,0,0,0
GF2_A6_day30,0,1.25683,0.03211,51.4989,12.50334,0,30.98675,0,0,0,0,3.72206,0,0,0,0,0,0,0,0,0,0,0,0,0,0,0,0,0,0,0,0,0,0,0,0
GF2_A6_day31,0,42.23421,0,17.27904,39.93139,0,0,0,0,0,0,0.55536,0,0,0,0,0,0,0,0,0,0,0,0,0,0,0,0,0,0,0,0,0,0,0,0
GF2_A6_day32,0,10.33301,0,0,89.50372,0,0,0,0,0,0,0.16327,0,0,0,0,0,0,0,0,0,0,0,0,0,0,0,0,0,0,0,0,0,0,0,0
GF2_A6_day44,0.51358,1.28484,0,12.89691,14.22992,0,63.72009,0,0,0,0,7.35466,0,0,0,0,0,0,0,0,0,0,0,0,0,0,0,0,0,0,0,0,0,0,0,0
GF2_B_dam_d33,0.02255,1.49502,0,49.40654,2.56482,0,38.57818,0,3.90827,0,0,4.02463,0,0,0,0,0,0,0,0,0,0,0,0,0,0,0,0,0,0,0,0,0,0,0,0
GF2_B_dam_day19,0.04466,1.16269,0.6714,43.32219,1.08947,0,34.15325,0,13.83046,0,0,5.72589,0,0,0,0,0,0,0,0,0,0,0,0,0,0,0,0,0,0,0,0,0,0,0,0
GF2_B_dam_day37,0.16464,0.33365,0.62629,37.50699,0.85161,0,40.67441,0,11.31129,0.00819,0,8.52294,0,0,0,0,0,0,0,0,0,0,0,0,0,0,0,0,0,0,0,0,0,0,0,0
GF2_B_day1_dad,0,20.85959,0,0,15.66318,0,63.47724,0,0,0,0,0,0,0,0,0,0,0,0,0,0,0,0,0,0,0,0,0,0,0,0,0,0,0,0,0
GF2_B_day1_mom,0,21.16103,0,0,31.8902,0,42.82495,0,0,0,0,4.12382,0,0,0,0,0,0,0,0,0,0,0,0,0,0,0,0,0,0,0,0,0,0,0,0
GF2_B_Sire_day23,1.98912,0.66007,5.3332,36.31841,1.50686,0,37.30805,0,10.6439,0,0,6.24039,0,0,0,0,0,0,0,0,0,0,0,0,0,0,0,0,0,0,0,0,0,0,0,0
GF2_B1_d34,0,3.08676,0,52.42429,4.41035,0,36.79931,0,0,0,0,3.27929,0,0,0,0,0,0,0,0,0,0,0,0,0,0,0,0,0,0,0,0,0,0,0,0
GF2_B1_d35,0,0,0,9.99139,3.21229,0,80.23478,0,0,0,0,6.56153,0,0,0,0,0,0,0,0,0,0,0,0,0,0,0,0,0,0,0,0,0,0,0,0
GF2_B1_day29,0,2.25889,0,33.43889,23.28325,0,39.72613,0,0,0,0,1.29284,0,0,0,0,0,0,0,0,0,0,0,0,0,0,0,0,0,0,0,0,0,0,0,0
GF2_B1_day32,0,1.60186,0,41.43498,5.63919,0,47.25783,0,0,0,0,4.06614,0,0,0,0,0,0,0,0,0,0,0,0,0,0,0,0,0,0,0,0,0,0,0,0
GF2_B1_day37,0,0.15483,0,50.66664,1.87587,0,43.84989,0,0,0,0,3.45276,0,0,0,0,0,0,0,0,0,0,0,0,0,0,0,0,0,0,0,0,0,0,0,0
GF2_B1_day41,0,0.44697,0,48.14428,8.71779,0,33.02569,0,5.48205,0.21158,0,3.97164,0,0,0,0,0,0,0,0,0,0,0,0,0,0,0,0,0,0,0,0,0,0,0,0
GF2_B1_day44,0.82003,1.04691,0.0894,22.37926,17.11965,0,51.41997,0,2.52627,0,0,4.5985,0,0,0,0,0,0,0,0,0,0,0,0,0,0,0,0,0,0,0,0,0,0,0,0
GF2_B2_d35,0,1.36325,0,37.26765,4.2889,0,52.50968,0,0,0,0,4.57052,0,0,0,0,0,0,0,0,0,0,0,0,0,0,0,0,0,0,0,0,0,0,0,0
GF2_B2_day27,0,0.8063,0,1.27159,95.07544,0,1.35428,0,0,0,0,1.49239,0,0,0,0,0,0,0,0,0,0,0,0,0,0,0,0,0,0,0,0,0,0,0,0
GF2_B2_day28,0,1.47821,0,1.18433,94.14163,0,1.59747,0,0,0,0,1.59836,0,0,0,0,0,0,0,0,0,0,0,0,0,0,0,0,0,0,0,0,0,0,0,0
GF2_B2_day29,0.78917,0.7165,0,2.22375,65.81719,0,28.45459,0,0,0,0,1.99882,0,0,0,0,0,0,0,0,0,0,0,0,0,0,0,0,0,0,0,0,0,0,0,0
GF2_B2_day30,0.10151,1.68339,0,2.26456,20.02459,0,67.68945,0,0,0,0,8.2365,0,0,0,0,0,0,0,0,0,0,0,0,0,0,0,0,0,0,0,0,0,0,0,0
GF2_B2_day31,0,0.53143,0,0.56887,2.75525,0,89.86585,0,0,0,0,6.2786,0,0,0,0,0,0,0,0,0,0,0,0,0,0,0,0,0,0,0,0,0,0,0,0
GF2_B2_day37,0,0.13582,0,48.0216,2.97337,0,45.13883,0,0,0.04535,0,3.68503,0,0,0,0,0,0,0,0,0,0,0,0,0,0,0,0,0,0,0,0,0,0,0,0
GF2_B2_day41,0,8.31744,0,20.51453,53.05626,0,14.63276,0,2.01842,0,0,1.4606,0,0,0,0,0,0,0,0,0,0,0,0,0,0,0,0,0,0,0,0,0,0,0,0
GF2_B2_day44,0.07928,0.77927,0,39.32985,15.41225,0,30.14879,0,9.22487,0.04995,0,4.97573,0,0,0,0,0,0,0,0,0,0,0,0,0,0,0,0,0,0,0,0,0,0,0,0
GF2_B3_d35,0,0.18768,0,0.5903,9.03369,0,81.70713,0,0,0,0,8.48121,0,0,0,0,0,0,0,0,0,0,0,0,0,0,0,0,0,0,0,0,0,0,0,0
GF2_B3_day27,0,1.09889,0,1.19857,94.91409,0,1.39301,0,0,0,0,1.39544,0,0,0,0,0,0,0,0,0,0,0,0,0,0,0,0,0,0,0,0,0,0,0,0
GF2_B3_day28,0,0.98406,0,1.11578,83.38033,0,12.19301,0,0,0,0,2.32681,0,0,0,0,0,0,0,0,0,0,0,0,0,0,0,0,0,0,0,0,0,0,0,0
GF2_B3_day31,0,0.45948,0,0.90685,6.34928,0,85.76232,0,0,0,0,6.52207,0,0,0,0,0,0,0,0,0,0,0,0,0,0,0,0,0,0,0,0,0,0,0,0
GF2_B3_day37,0,0,0,46.57987,1.99749,0,46.97822,0,0,0,0,4.44442,0,0,0,0,0,0,0,0,0,0,0,0,0,0,0,0,0,0,0,0,0,0,0,0
GF2_B3_day41,0,0.21272,0,54.65444,6.04798,0,32.22086,0,3.70784,0.07128,0,3.08488,0,0,0,0,0,0,0,0,0,0,0,0,0,0,0,0,0,0,0,0,0,0,0,0
GF2_B3_day44,0,0.41444,0,1.55405,32.90212,0,59.91096,0,0.02488,0,0,5.19355,0,0,0,0,0,0,0,0,0,0,0,0,0,0,0,0,0,0,0,0,0,0,0,0
GF2_B4_d35,0,0.19373,0,0,7.11777,0,84.91831,0,0,0,0,7.77019,0,0,0,0,0,0,0,0,0,0,0,0,0,0,0,0,0,0,0,0,0,0,0,0
GF2_B4_day27,0,2.394,0,1.42458,95.59544,0,0,0,0,0,0,0.58599,0,0,0,0,0,0,0,0,0,0,0,0,0,0,0,0,0,0,0,0,0,0,0,0
GF2_B4_day28,0,2.10006,0,48.09335,7.32709,0,34.08231,0,0,0,0,8.39718,0,0,0,0,0,0,0,0,0,0,0,0,0,0,0,0,0,0,0,0,0,0,0,0
GF2_B4_day29,0.77983,2.23211,0,2.83389,63.98716,0,27.22649,0,0,0,0,2.94052,0,0,0,0,0,0,0,0,0,0,0,0,0,0,0,0,0,0,0,0,0,0,0,0
GF2_B4_day32,3.18858,1.14498,3.12455,23.35075,2.80859,0,49.50512,0,5.66293,0,0,11.21449,0,0,0,0,0,0,0,0,0,0,0,0,0,0,0,0,0,0,0,0,0,0,0,0
GF2_B4_day37,0,0,0,38.95564,0.75097,0,56.24994,0,0,0,0,4.04345,0,0,0,0,0,0,0,0,0,0,0,0,0,0,0,0,0,0,0,0,0,0,0,0
GF2_B4_day41,0,0,0,0,99.97767,0,0,0,0.02233,0,0,0,0,0,0,0,0,0,0,0,0,0,0,0,0,0,0,0,0,0,0,0,0,0,0,0
GF2_B5_d34,0,2.44625,0,49.23939,2.39165,0,42.73987,0,0,0,0,3.18284,0,0,0,0,0,0,0,0,0,0,0,0,0,0,0,0,0,0,0,0,0,0,0,0
GF2_B5_d35,0,0,0,36.78445,3.17103,0,53.63303,0,0,0,0,6.41149,0,0,0,0,0,0,0,0,0,0,0,0,0,0,0,0,0,0,0,0,0,0,0,0
GF2_B5_day27,0,2.01816,0,43.15546,8.58092,0,38.04025,0,0,0,0,8.20522,0,0,0,0,0,0,0,0,0,0,0,0,0,0,0,0,0,0,0,0,0,0,0,0
GF2_B5_day28,0,13.04748,0,1.59401,78.48187,0,4.79895,0,0.21554,0,0,1.86214,0,0,0,0,0,0,0,0,0,0,0,0,0,0,0,0,0,0,0,0,0,0,0,0
GF2_B5_day29,6.01853,8.29176,0.70512,5.97623,49.67742,0,27.26937,0,0,0,0,2.06158,0,0,0,0,0,0,0,0,0,0,0,0,0,0,0,0,0,0,0,0,0,0,0,0
GF2_B5_day30,0.04413,1.38155,0,0.55838,12.22318,0,77.10974,0,0,0,0,8.68302,0,0,0,0,0,0,0,0,0,0,0,0,0,0,0,0,0,0,0,0,0,0,0,0
GF2_B5_day31,0.11846,0.11143,0,0.22288,5.82891,0,85.66735,0,0,0,0,8.05097,0,0,0,0,0,0,0,0,0,0,0,0,0,0,0,0,0,0,0,0,0,0,0,0
GF2_B5_day37,0,0.23473,0,55.30461,3.25588,0,34.95623,0,1.16735,0.19251,0,4.8887,0,0,0,0,0,0,0,0,0,0,0,0,0,0,0,0,0,0,0,0,0,0,0,0
GF2_B5_day41,0,6.4659,0,22.38218,50.24326,0,16.03326,0,1.7226,0,0,3.15279,0,0,0,0,0,0,0,0,0,0,0,0,0,0,0,0,0,0,0,0,0,0,0,0
GF2_B5_day44,1.31851,0.74497,0.0577,54.41403,3.79685,0,30.3711,0,6.6713,0.1037,0,2.52184,0,0,0,0,0,0,0,0,0,0,0,0,0,0,0,0,0,0,0,0,0,0,0,0
GF2_colon_A1_day45,0,0,0,5.00538,86.75222,0,7.87045,0,0,0,0,0.37195,0,0,0,0,0,0,0,0,0,0,0,0,0,0,0,0,0,0,0,0,0,0,0,0
GF2_colon_B1_day44,0,0,0,7.3654,11.31415,0,74.9903,0,0,0,0,6.33014,0,0,0,0,0,0,0,0,0,0,0,0,0,0,0,0,0,0,0,0,0,0,0,0
GF2_colon_B2_day44,0.00858,0.17645,0,8.5868,12.49695,0,73.22056,0,0.12128,0.05493,0,5.33443,0,0,0,0,0,0,0,0,0,0,0,0,0,0,0,0,0,0,0,0,0,0,0,0
GF2_colon_B3_day44,0.77458,0,1.04153,33.52442,43.27673,0,16.2114,0,2.56377,0,0,2.60757,0,0,0,0,0,0,0,0,0,0,0,0,0,0,0,0,0,0,0,0,0,0,0,0
GF2_colon_B5_day44,0.06016,1.04444,0,9.78818,12.3522,0,69.53207,0,0.69137,0,0,6.53158,0,0,0,0,0,0,0,0,0,0,0,0,0,0,0,0,0,0,0,0,0,0,0,0
GF2_Inoc,36.41543,26.43814,15.11897,8.84848,6.98871,0.35463,4.41914,0.49707,0.91944,0,0,0,0,0,0,0,0,0,0,0,0,0,0,0,0,0,0,0,0,0,0,0,0,0,0,0
GF20_d127_a1,0,0,0,0,100,0,0,0,0,0,0,0,0,0,0,0,0,0,0,0,0,0,0,0,0,0,0,0,0,0,0,0,0,0,0,0
GF20_d127_a2,0,0,0,0,100,0,0,0,0,0,0,0,0,0,0,0,0,0,0,0,0,0,0,0,0,0,0,0,0,0,0,0,0,0,0,0
GF20_d127_a3,0,0,0,0,100,0,0,0,0,0,0,0,0,0,0,0,0,0,0,0,0,0,0,0,0,0,0,0,0,0,0,0,0,0,0,0
GF20_d127_a5,0,0,0,0,100,0,0,0,0,0,0,0,0,0,0,0,0,0,0,0,0,0,0,0,0,0,0,0,0,0,0,0,0,0,0,0
GF20_d127_a6,0,0,0,0,100,0,0,0,0,0,0,0,0,0,0,0,0,0,0,0,0,0,0,0,0,0,0,0,0,0,0,0,0,0,0,0
GF20_d127_a7,0,0,0,0,100,0,0,0,0,0,0,0,0,0,0,0,0,0,0,0,0,0,0,0,0,0,0,0,0,0,0,0,0,0,0,0
GF20_d127_a9,0,0,0,0,100,0,0,0,0,0,0,0,0,0,0,0,0,0,0,0,0,0,0,0,0,0,0,0,0,0,0,0,0,0,0,0
GF20_d140_c8,0,0,0,0,100,0,0,0,0,0,0,0,0,0,0,0,0,0,0,0,0,0,0,0,0,0,0,0,0,0,0,0,0,0,0,0
GF20_d161_b2,0,0.13114,0,0.03116,99.8377,0,0,0,0,0,0,0,0,0,0,0,0,0,0,0,0,0,0,0,0,0,0,0,0,0,0,0,0,0,0,0
GF20_d161_b4,0,0.85692,0,1.12052,97.78972,0,0,0,0,0,0,0.23284,0,0,0,0,0,0,0,0,0,0,0,0,0,0,0,0,0,0,0,0,0,0,0,0
GF20_d161_b8,0,0.36998,0,0.06769,99.56232,0,0,0,0,0,0,0,0,0,0,0,0,0,0,0,0,0,0,0,0,0,0,0,0,0,0,0,0,0,0,0
GF20_d164_b1,0,1.65474,0,0,98.34526,0,0,0,0,0,0,0,0,0,0,0,0,0,0,0,0,0,0,0,0,0,0,0,0,0,0,0,0,0,0,0
GF20_d164_b2,0,0,0,0,100,0,0,0,0,0,0,0,0,0,0,0,0,0,0,0,0,0,0,0,0,0,0,0,0,0,0,0,0,0,0,0
GF20_d164_b3,0,0,0,0,96.89233,0,0,0,0,3.10767,0,0,0,0,0,0,0,0,0,0,0,0,0,0,0,0,0,0,0,0,0,0,0,0,0,0
GF20_d164_b4,0,0,0,0,100,0,0,0,0,0,0,0,0,0,0,0,0,0,0,0,0,0,0,0,0,0,0,0,0,0,0,0,0,0,0,0
GF20_d164_b5,0,0,0,0,93.86056,0,0,0,0,6.13944,0,0,0,0,0,0,0,0,0,0,0,0,0,0,0,0,0,0,0,0,0,0,0,0,0,0
GF20_d164_b6,0,0,0,0,98.94535,0,0,0,0,1.05465,0,0,0,0,0,0,0,0,0,0,0,0,0,0,0,0,0,0,0,0,0,0,0,0,0,0
GF20_d164_b7,0,0,0,0,100,0,0,0,0,0,0,0,0,0,0,0,0,0,0,0,0,0,0,0,0,0,0,0,0,0,0,0,0,0,0,0
GF20_d164_b8,0,0,0,0,96.55029,0,0,0,0,3.44971,0,0,0,0,0,0,0,0,0,0,0,0,0,0,0,0,0,0,0,0,0,0,0,0,0,0
GF20_d164_b9,0,0,0,0,100,0,0,0,0,0,0,0,0,0,0,0,0,0,0,0,0,0,0,0,0,0,0,0,0,0,0,0,0,0,0,0
GF20_d167_damb,0,1.15517,0,0,94.34459,0,0,0,0,4.50025,0,0,0,0,0,0,0,0,0,0,0,0,0,0,0,0,0,0,0,0,0,0,0,0,0,0
GF20_d170_c1,0,0,0,0,100,0,0,0,0,0,0,0,0,0,0,0,0,0,0,0,0,0,0,0,0,0,0,0,0,0,0,0,0,0,0,0
GF20_d170_c2,0,0,0,0,100,0,0,0,0,0,0,0,0,0,0,0,0,0,0,0,0,0,0,0,0,0,0,0,0,0,0,0,0,0,0,0
GF20_d170_c5,0,0,0,0,94.66699,0,0,0,0,5.33301,0,0,0,0,0,0,0,0,0,0,0,0,0,0,0,0,0,0,0,0,0,0,0,0,0,0
GF20_d170_c6,0,0,0,0,78.38767,0,0,0,0,21.61233,0,0,0,0,0,0,0,0,0,0,0,0,0,0,0,0,0,0,0,0,0,0,0,0,0,0
GF20_d170_c7,0,0,0,0,99.2034,0,0,0,0,0.7966,0,0,0,0,0,0,0,0,0,0,0,0,0,0,0,0,0,0,0,0,0,0,0,0,0,0
GF20_d170_c8,0,0,0,0,100,0,0,0,0,0,0,0,0,0,0,0,0,0,0,0,0,0,0,0,0,0,0,0,0,0,0,0,0,0,0,0
GF20_d170_c9,0,0,0,0,100,0,0,0,0,0,0,0,0,0,0,0,0,0,0,0,0,0,0,0,0,0,0,0,0,0,0,0,0,0,0,0
GF20_d33_a3,0,90.46654,0,1.27753,2.21241,0,0.01854,0,0,5.26841,0,0.75657,0,0,0,0,0,0,0,0,0,0,0,0,0,0,0,0,0,0,0,0,0,0,0,0
GF20_d33_a4,0,2.29877,0,1.38273,87.81186,0,0.17187,0,0,7.65896,0,0.67582,0,0,0,0,0,0,0,0,0,0,0,0,0,0,0,0,0,0,0,0,0,0,0,0
GF20_d33_a5,0,1.5821,0,1.64774,95.34382,0,0.07427,0,0,0.59991,0,0.75216,0,0,0,0,0,0,0,0,0,0,0,0,0,0,0,0,0,0,0,0,0,0,0,0
GF20_d33_b2,0,13.47497,0,0.106,86.41904,0,0,0,0,0,0,0,0,0,0,0,0,0,0,0,0,0,0,0,0,0,0,0,0,0,0,0,0,0,0,0
GF20_d33_b3,0,0.52866,0,0,99.47134,0,0,0,0,0,0,0,0,0,0,0,0,0,0,0,0,0,0,0,0,0,0,0,0,0,0,0,0,0,0,0
GF20_d33_b4,0,7.76074,0,0.51042,91.70478,0,0,0,0,0,0,0.02406,0,0,0,0,0,0,0,0,0,0,0,0,0,0,0,0,0,0,0,0,0,0,0,0
GF20_d34_a2,0,0,0,0,75.14568,0,0,0,0,24.85432,0,0,0,0,0,0,0,0,0,0,0,0,0,0,0,0,0,0,0,0,0,0,0,0,0,0
GF20_d34_a4,0,1.79183,0,1.12183,66.45254,0,0.47323,0,0,29.56301,0,0.59757,0,0,0,0,0,0,0,0,0,0,0,0,0,0,0,0,0,0,0,0,0,0,0,0
GF20_d34_b3,0,0.99942,0,0.94969,97.92976,0,0,0,0,0,0,0.12113,0,0,0,0,0,0,0,0,0,0,0,0,0,0,0,0,0,0,0,0,0,0,0,0
GF20_d35_a2,0,0,0,0.2797,99.5915,0,0,0,0,0.1288,0,0,0,0,0,0,0,0,0,0,0,0,0,0,0,0,0,0,0,0,0,0,0,0,0,0
GF20_d36_a1,0,0,0,0,2.47504,0,0,0,0,97.52496,0,0,0,0,0,0,0,0,0,0,0,0,0,0,0,0,0,0,0,0,0,0,0,0,0,0
GF20_d36_a2,0,0,0,0,53.45947,0,0,0,0,46.54053,0,0,0,0,0,0,0,0,0,0,0,0,0,0,0,0,0,0,0,0,0,0,0,0,0,0
GF20_d36_a3,0,0,0,0,7.721,0,0,0,0,92.279,0,0,0,0,0,0,0,0,0,0,0,0,0,0,0,0,0,0,0,0,0,0,0,0,0,0
GF20_d36_a4,0,0,0,0,8.57683,0,0,0,0,91.42317,0,0,0,0,0,0,0,0,0,0,0,0,0,0,0,0,0,0,0,0,0,0,0,0,0,0
GF20_d36_a5,0,0,0,0,27.04869,0,0,0,0,72.95131,0,0,0,0,0,0,0,0,0,0,0,0,0,0,0,0,0,0,0,0,0,0,0,0,0,0
GF20_d36_b5,0,0,0,0,45.19637,0,0,0,0,54.80363,0,0,0,0,0,0,0,0,0,0,0,0,0,0,0,0,0,0,0,0,0,0,0,0,0,0
GF20_d39_dama,0,4.03293,1.25348,58.10355,3.47142,0,25.51392,0,0,0.51793,0,7.10677,0,0,0,0,0,0,0,0,0,0,0,0,0,0,0,0,0,0,0,0,0,0,0,0
GF20_d39_damc,0,3.977,0.02025,55.57402,2.12613,0,30.34606,0,0,0.47627,0,7.48028,0,0,0,0,0,0,0,0,0,0,0,0,0,0,0,0,0,0,0,0,0,0,0,0
GF20_d40_c3,0,100,0,0,0,0,0,0,0,0,0,0,0,0,0,0,0,0,0,0,0,0,0,0,0,0,0,0,0,0,0,0,0,0,0,0
GF20_d40_c5,0,4.45957,0,0,73.25037,0,22.29006,0,0,0,0,0,0,0,0,0,0,0,0,0,0,0,0,0,0,0,0,0,0,0,0,0,0,0,0,0
GF20_d40_c6,0,0,0,0,100,0,0,0,0,0,0,0,0,0,0,0,0,0,0,0,0,0,0,0,0,0,0,0,0,0,0,0,0,0,0,0
GF20_d66_c1,0,0.60987,0,0,13.50519,0,17.89138,0,0,65.9126,0,2.08096,0,0,0,0,0,0,0,0,0,0,0,0,0,0,0,0,0,0,0,0,0,0,0,0
GF20_d66_c10,0,3.49855,0,0,45.77587,0,38.99809,0,0,9.50522,0,2.22226,0,0,0,0,0,0,0,0,0,0,0,0,0,0,0,0,0,0,0,0,0,0,0,0
GF20_d66_c2,0,4.25906,0,0,12.98289,0,10.38498,0,0,71.78715,0,0.58591,0,0,0,0,0,0,0,0,0,0,0,0,0,0,0,0,0,0,0,0,0,0,0,0
GF20_d66_c3,0,0.8604,0,0,63.76055,0,27.00604,0,0,7.04545,0,1.32755,0,0,0,0,0,0,0,0,0,0,0,0,0,0,0,0,0,0,0,0,0,0,0,0
GF20_d66_c4,0,15.44422,0,0,3.23621,0,23.73449,0,0,56.50196,0,1.08312,0,0,0,0,0,0,0,0,0,0,0,0,0,0,0,0,0,0,0,0,0,0,0,0
GF20_d66_c5,0,2.33365,0,0,71.25267,0,12.14273,0,0,13.12608,0,1.14486,0,0,0,0,0,0,0,0,0,0,0,0,0,0,0,0,0,0,0,0,0,0,0,0
GF20_d66_c6,0,8.41306,0,0.22339,69.52075,0,11.16154,0,0,9.64643,0,1.03483,0,0,0,0,0,0,0,0,0,0,0,0,0,0,0,0,0,0,0,0,0,0,0,0
GF20_d66_c7,0,6.66006,0,0,16.1783,0,43.12491,0,0,31.50827,0,2.52846,0,0,0,0,0,0,0,0,0,0,0,0,0,0,0,0,0,0,0,0,0,0,0,0
GF20_d66_c8,0,2.16954,0,0,8.62587,0,19.29282,0,0,69.08749,0,0.82427,0,0,0,0,0,0,0,0,0,0,0,0,0,0,0,0,0,0,0,0,0,0,0,0
GF20_d66_c9,0,12.21802,0,0,5.67269,0,34.5278,0,0,46.26318,0,1.31831,0,0,0,0,0,0,0,0,0,0,0,0,0,0,0,0,0,0,0,0,0,0,0,0
GF20_d68_b2,0,0,0,0,100,0,0,0,0,0,0,0,0,0,0,0,0,0,0,0,0,0,0,0,0,0,0,0,0,0,0,0,0,0,0,0
GF20_d68_b3,0,1.24698,0,1.08043,97.67258,0,0,0,0,0,0,0,0,0,0,0,0,0,0,0,0,0,0,0,0,0,0,0,0,0,0,0,0,0,0,0
GF20_d68_b4,0,0,0,0,100,0,0,0,0,0,0,0,0,0,0,0,0,0,0,0,0,0,0,0,0,0,0,0,0,0,0,0,0,0,0,0
GF20_d68_b5,0,0,0,0,100,0,0,0,0,0,0,0,0,0,0,0,0,0,0,0,0,0,0,0,0,0,0,0,0,0,0,0,0,0,0,0
GF20_d68_b6,0,0,0,0,100,0,0,0,0,0,0,0,0,0,0,0,0,0,0,0,0,0,0,0,0,0,0,0,0,0,0,0,0,0,0,0
GF20_d68_b7,0,0,0,0,100,0,0,0,0,0,0,0,0,0,0,0,0,0,0,0,0,0,0,0,0,0,0,0,0,0,0,0,0,0,0,0
GF20_d68_b8,0,0,0,0,100,0,0,0,0,0,0,0,0,0,0,0,0,0,0,0,0,0,0,0,0,0,0,0,0,0,0,0,0,0,0,0
GF20_d75_dama,0,5.58949,0.01182,58.54598,2.50785,0,27.31527,0,0,0.44517,0,5.58441,0,0,0,0,0,0,0,0,0,0,0,0,0,0,0,0,0,0,0,0,0,0,0,0
GF20_d75_damc,0,10.67831,0,3.10304,22.55255,0,34.65731,0,0,2.13808,0,26.87071,0,0,0,0,0,0,0,0,0,0,0,0,0,0,0,0,0,0,0,0,0,0,0,0
GF20_d81_a1,0,8.17803,0,0,47.52677,0,12.40979,0,0,31.4813,0,0.40411,0,0,0,0,0,0,0,0,0,0,0,0,0,0,0,0,0,0,0,0,0,0,0,0
GF20_d81_a2,0,9.84517,0,0,18.4393,0,6.27838,0,0,65.43715,0,0,0,0,0,0,0,0,0,0,0,0,0,0,0,0,0,0,0,0,0,0,0,0,0,0
GF20_d81_a3,0,0,0,0,92.69264,0,0,0,0,7.30736,0,0,0,0,0,0,0,0,0,0,0,0,0,0,0,0,0,0,0,0,0,0,0,0,0,0
GF20_d81_a4,0,6.7285,0,0,39.9207,0,3.76697,0,0,49.58383,0,0,0,0,0,0,0,0,0,0,0,0,0,0,0,0,0,0,0,0,0,0,0,0,0,0
GF20_d81_a5,0,24.10066,0,0,37.30361,0,14.50797,0,0,20.75533,0,3.33245,0,0,0,0,0,0,0,0,0,0,0,0,0,0,0,0,0,0,0,0,0,0,0,0
GF20_d81_a6,0,7.95975,0,0,34.69065,0,15.377,0,0,41.9726,0,0,0,0,0,0,0,0,0,0,0,0,0,0,0,0,0,0,0,0,0,0,0,0,0,0
GF20_d81_a7,0,11.50546,0,0.02664,28.45246,0,22.47878,0,0,36.48182,0,1.05483,0,0,0,0,0,0,0,0,0,0,0,0,0,0,0,0,0,0,0,0,0,0,0,0
GF20_d89_b2,0,9.3845,0,0,40.51596,0,45.26152,0,0,3.10866,0,1.72936,0,0,0,0,0,0,0,0,0,0,0,0,0,0,0,0,0,0,0,0,0,0,0,0
GF20_d89_b3,0,0,0,0,100,0,0,0,0,0,0,0,0,0,0,0,0,0,0,0,0,0,0,0,0,0,0,0,0,0,0,0,0,0,0,0
GF20_d89_b5,0,100,0,0,0,0,0,0,0,0,0,0,0,0,0,0,0,0,0,0,0,0,0,0,0,0,0,0,0,0,0,0,0,0,0,0
GF20_d89_b6,0,0,0,0,98.62792,0,1.37208,0,0,0,0,0,0,0,0,0,0,0,0,0,0,0,0,0,0,0,0,0,0,0,0,0,0,0,0,0
GF23_d0_inoc,8.17863,10.91099,3.5108,1.88733,53.70568,0.71154,7.12896,0.08538,7.35401,0.30486,0,2.43906,3.78277,0,0,0,0,0,0,0,0,0,0,0,0,0,0,0,0,0,0,0,0,0,0,0
GF23_d10_dama,0.65766,8.22753,8.88794,27.84518,3.47248,0,28.24614,0,0,3.09104,0,7.99597,11.57605,0,0,0,0,0,0,0,0,0,0,0,0,0,0,0,0,0,0,0,0,0,0,0
GF23_d10_damb,1.30972,6.50985,15.87985,13.21522,7.57049,0,25.71526,0,0,3.87427,0,6.60986,19.31548,0,0,0,0,0,0,0,0,0,0,0,0,0,0,0,0,0,0,0,0,0,0,0
GF23_d17_dama,1.20929,6.98638,11.78772,2.93285,3.10847,0,46.68769,0,0,3.98382,0,8.76672,14.53708,0,0,0,0,0,0,0,0,0,0,0,0,0,0,0,0,0,0,0,0,0,0,0
GF23_d17_damb,1.17482,5.52823,14.03772,1.74699,3.82767,0,42.07756,0,0,3.71675,0,8.94415,18.94611,0,0,0,0,0,0,0,0,0,0,0,0,0,0,0,0,0,0,0,0,0,0,0
GF23_d17_damc,0.78079,7.59081,15.38557,0.27739,4.35028,0,37.16389,0,0,3.26788,0,9.62334,21.56006,0,0,0,0,0,0,0,0,0,0,0,0,0,0,0,0,0,0,0,0,0,0,0
GF23_d32_damb,0,7.27067,14.58493,0,2.3628,0,41.71106,0,0,1.88083,0,14.73437,17.45534,0,0,0,0,0,0,0,0,0,0,0,0,0,0,0,0,0,0,0,0,0,0,0
GF23_d36_c1,0,0,0,0,100,0,0,0,0,0,0,0,0,0,0,0,0,0,0,0,0,0,0,0,0,0,0,0,0,0,0,0,0,0,0,0
GF23_d36_c2,0,0,0,0,100,0,0,0,0,0,0,0,0,0,0,0,0,0,0,0,0,0,0,0,0,0,0,0,0,0,0,0,0,0,0,0
GF23_d36_c3,0,0,0,0,100,0,0,0,0,0,0,0,0,0,0,0,0,0,0,0,0,0,0,0,0,0,0,0,0,0,0,0,0,0,0,0
GF23_d36_c4,0,0,0,0,93.85375,0,6.14625,0,0,0,0,0,0,0,0,0,0,0,0,0,0,0,0,0,0,0,0,0,0,0,0,0,0,0,0,0
GF23_d39_damb,1.56812,4.67574,8.31849,0.96102,1.59718,0,53.96227,0,0,2.48913,0,12.51143,13.91661,0,0,0,0,0,0,0,0,0,0,0,0,0,0,0,0,0,0,0,0,0,0,0
GF23_d47_damb,0.61127,4.57542,11.2789,1.54177,4.44237,0,40.12754,0,0,2.39421,0,11.11977,23.90876,0,0,0,0,0,0,0,0,0,0,0,0,0,0,0,0,0,0,0,0,0,0,0
GF23_d52_a2,0,0.35407,0,0,99.52875,0,0.02165,0,0,0,0,0.09553,0,0,0,0,0,0,0,0,0,0,0,0,0,0,0,0,0,0,0,0,0,0,0,0
GF23_d52_a5,0,0.97848,0,0,99.01823,0,0,0,0,0,0,0.00329,0,0,0,0,0,0,0,0,0,0,0,0,0,0,0,0,0,0,0,0,0,0,0,0
GF23_d52_a8,0,0.06848,0,0,99.93152,0,0,0,0,0,0,0,0,0,0,0,0,0,0,0,0,0,0,0,0,0,0,0,0,0,0,0,0,0,0,0
GF23_d52_a9,0,0.61549,0,0,99.38451,0,0,0,0,0,0,0,0,0,0,0,0,0,0,0,0,0,0,0,0,0,0,0,0,0,0,0,0,0,0,0
GF23_d54_damc,1.78358,8.90257,6.94825,0,3.36524,0,42.71891,0,0,2.58339,0,19.11974,14.57834,0,0,0,0,0,0,0,0,0,0,0,0,0,0,0,0,0,0,0,0,0,0,0
GF23_d56_c3,0,0,0,0,100,0,0,0,0,0,0,0,0,0,0,0,0,0,0,0,0,0,0,0,0,0,0,0,0,0,0,0,0,0,0,0
GF23_d56_c6,0,0.15615,0,0,99.84385,0,0,0,0,0,0,0,0,0,0,0,0,0,0,0,0,0,0,0,0,0,0,0,0,0,0,0,0,0,0,0
GF23_d57_c2,0,1.73839,0,0,95.71225,0,0,0,0,2.54936,0,0,0,0,0,0,0,0,0,0,0,0,0,0,0,0,0,0,0,0,0,0,0,0,0,0
GF23_d58_c3,0,58.03759,0,0,0,0,0,0,0,0,0,26.44955,15.51286,0,0,0,0,0,0,0,0,0,0,0,0,0,0,0,0,0,0,0,0,0,0,0
GF23_d59_c1,0,7.14575,0,0,92.85425,0,0,0,0,0,0,0,0,0,0,0,0,0,0,0,0,0,0,0,0,0,0,0,0,0,0,0,0,0,0,0
GF23_d59_c2,0,100,0,0,0,0,0,0,0,0,0,0,0,0,0,0,0,0,0,0,0,0,0,0,0,0,0,0,0,0,0,0,0,0,0,0
GF23_d59_c4,0,95.68116,0,0,0,0,0,0,0,0,0,0,4.31884,0,0,0,0,0,0,0,0,0,0,0,0,0,0,0,0,0,0,0,0,0,0,0
GF23_d59_c6,0,0,0,0,100,0,0,0,0,0,0,0,0,0,0,0,0,0,0,0,0,0,0,0,0,0,0,0,0,0,0,0,0,0,0,0
GF23_d62_dama,0,6.63812,4.17139,0.42078,3.27659,0,48.34191,0,0,2.91311,0,14.83734,19.40077,0,0,0,0,0,0,0,0,0,0,0,0,0,0,0,0,0,0,0,0,0,0,0
GF23_d62_damb,2.52554,4.94494,7.27917,1.64158,3.22953,0,28.72966,0,0,3.60603,0,19.43689,28.60667,0,0,0,0,0,0,0,0,0,0,0,0,0,0,0,0,0,0,0,0,0,0,0
GF23_d62_damc,0.27134,14.74987,0,8.78291,2.44442,0,27.69457,0,0,8.59615,0,6.8182,30.64253,0,0,0,0,0,0,0,0,0,0,0,0,0,0,0,0,0,0,0,0,0,0,0
GF23_d7_damb,0.50051,4.90702,4.84528,57.49637,3.06266,0,13.19189,0,0,2.96323,0,4.94303,8.09001,0,0,0,0,0,0,0,0,0,0,0,0,0,0,0,0,0,0,0,0,0,0,0
GF23_d7_damc,1.05834,3.9336,1.55351,13.392,3.7452,0,38.11495,0,0,5.46748,0,19.70363,13.03129,0,0,0,0,0,0,0,0,0,0,0,0,0,0,0,0,0,0,0,0,0,0,0
GF23_d77_damb,1.20825,5.17627,10.41414,2.03137,4.5536,0,31.51265,0,0,3.278,0,12.36186,29.46385,0,0,0,0,0,0,0,0,0,0,0,0,0,0,0,0,0,0,0,0,0,0,0
GF23_d81_c3,0,0,0,0,100,0,0,0,0,0,0,0,0,0,0,0,0,0,0,0,0,0,0,0,0,0,0,0,0,0,0,0,0,0,0,0
GF23_d81_c7,0,0,0,0,100,0,0,0,0,0,0,0,0,0,0,0,0,0,0,0,0,0,0,0,0,0,0,0,0,0,0,0,0,0,0,0
GF23_d84_c1,0,100,0,0,0,0,0,0,0,0,0,0,0,0,0,0,0,0,0,0,0,0,0,0,0,0,0,0,0,0,0,0,0,0,0,0
GF23_d84_c2,0,100,0,0,0,0,0,0,0,0,0,0,0,0,0,0,0,0,0,0,0,0,0,0,0,0,0,0,0,0,0,0,0,0,0,0
GF23_d84_c3,0,100,0,0,0,0,0,0,0,0,0,0,0,0,0,0,0,0,0,0,0,0,0,0,0,0,0,0,0,0,0,0,0,0,0,0
GF23_d84_c4,0,100,0,0,0,0,0,0,0,0,0,0,0,0,0,0,0,0,0,0,0,0,0,0,0,0,0,0,0,0,0,0,0,0,0,0
GF23_d84_c5,0,100,0,0,0,0,0,0,0,0,0,0,0,0,0,0,0,0,0,0,0,0,0,0,0,0,0,0,0,0,0,0,0,0,0,0
GF23_d84_c9,0,94.6619,0,0,0,0,0,0,0,0,0,4.83868,0.49943,0,0,0,0,0,0,0,0,0,0,0,0,0,0,0,0,0,0,0,0,0,0,0
GF23_d89_damb,4.35682,7.07797,9.9542,0.72658,2.6347,0,35.85894,0,0,3.57221,0,10.13128,25.68731,0,0,0,0,0,0,0,0,0,0,0,0,0,0,0,0,0,0,0,0,0,0,0
GF23_d89_damc,0,26.68235,0,2.16986,4.11724,0,16.91103,0,0,4.80001,0,10.81927,34.50024,0,0,0,0,0,0,0,0,0,0,0,0,0,0,0,0,0,0,0,0,0,0,0
GF3_AB_Sire_day4,0,0.48794,0,41.71299,4.86852,0,44.739,0,0,0,0,8.19155,0,0,0,0,0,0,0,0,0,0,0,0,0,0,0,0,0,0,0,0,0,0,0,0
GF3_B_Sire_day19,0,0.53591,0,42.5125,9.92945,0,39.47183,0,0,0,0,7.55031,0,0,0,0,0,0,0,0,0,0,0,0,0,0,0,0,0,0,0,0,0,0,0,0
GF3_B_Sire_day30,0,0.71287,0,32.16714,10.25422,0,46.73734,0,0,0,0,10.12843,0,0,0,0,0,0,0,0,0,0,0,0,0,0,0,0,0,0,0,0,0,0,0,0
GF3_C_dam_day19,1.04111,0.40812,3.29447,28.30395,1.30635,0,44.12748,0,11.20095,0,0,10.31757,0,0,0,0,0,0,0,0,0,0,0,0,0,0,0,0,0,0,0,0,0,0,0,0
GF3_C_dam_day4,0,0.49189,0,26.87296,61.67018,0,9.5084,0,0,0.22845,0,1.22811,0,0,0,0,0,0,0,0,0,0,0,0,0,0,0,0,0,0,0,0,0,0,0,0
GF3_C_Sire_day19,1.41504,0.71492,2.11208,11.46255,57.39462,0,18.25789,0,4.40235,0,0,4.24055,0,0,0,0,0,0,0,0,0,0,0,0,0,0,0,0,0,0,0,0,0,0,0,0
GF3_C_Sire_day30,0,1.2207,0,46.9662,5.10331,0,37.97319,0,0,0,0,8.7366,0,0,0,0,0,0,0,0,0,0,0,0,0,0,0,0,0,0,0,0,0,0,0,0
GF3_C_Sire_day4,1.21826,1.26125,3.50119,42.71144,5.25581,0,28.98769,0,9.00623,0.38851,0,7.66962,0,0,0,0,0,0,0,0,0,0,0,0,0,0,0,0,0,0,0,0,0,0,0,0
GF3_C1_day30,0,0.88144,0,54.95997,25.5998,0,17.8744,0,0,0.34566,0,0.33873,0,0,0,0,0,0,0,0,0,0,0,0,0,0,0,0,0,0,0,0,0,0,0,0
GF3_C1_day32,1.27786,1.15497,0.03357,54.21633,17.14324,0,15.50976,0,4.33373,0.00861,0,6.32192,0,0,0,0,0,0,0,0,0,0,0,0,0,0,0,0,0,0,0,0,0,0,0,0
GF3_C1_day34,0,0.22706,0,55.96762,10.52345,0,30.50785,0,0,0.53529,0,2.23873,0,0,0,0,0,0,0,0,0,0,0,0,0,0,0,0,0,0,0,0,0,0,0,0
GF3_C2_day30,0,0,0,0,99.83809,0,0.16191,0,0,0,0,0,0,0,0,0,0,0,0,0,0,0,0,0,0,0,0,0,0,0,0,0,0,0,0,0
GF3_C2_day32,0,0.395,0,9.91644,77.69093,0,10.33424,0,0,0,0,1.66339,0,0,0,0,0,0,0,0,0,0,0,0,0,0,0,0,0,0,0,0,0,0,0,0
GF3_C2_day35,1.04111,0.40812,3.29447,28.30395,1.30635,0,44.12748,0,11.20095,0,0,10.31757,0,0,0,0,0,0,0,0,0,0,0,0,0,0,0,0,0,0,0,0,0,0,0,0
GF3_C2_day38,0,3.01642,0,4.78405,92.19953,0,0,0,0,0,0,0,0,0,0,0,0,0,0,0,0,0,0,0,0,0,0,0,0,0,0,0,0,0,0,0
GF3_C2_day39,0,20.68664,0,4.8555,73.59134,0,0.14483,0,0,0,0,0.72169,0,0,0,0,0,0,0,0,0,0,0,0,0,0,0,0,0,0,0,0,0,0,0,0
GF3_C2_day40,0,6.17313,0,1.00884,89.41265,0,2.12787,0,0,0,0,1.27751,0,0,0,0,0,0,0,0,0,0,0,0,0,0,0,0,0,0,0,0,0,0,0,0
GF3_C2_day41,0,81.26021,0,18.73979,0,0,0,0,0,0,0,0,0,0,0,0,0,0,0,0,0,0,0,0,0,0,0,0,0,0,0,0,0,0,0,0
GF3_C2_day42,0,0.62056,0,25.46477,17.22792,0,46.12186,0,0,0,0,10.56488,0,0,0,0,0,0,0,0,0,0,0,0,0,0,0,0,0,0,0,0,0,0,0,0
GF3_C2_day45,0,0.39377,0,38.62494,11.70051,0,42.15399,0,0,0,0,7.12678,0,0,0,0,0,0,0,0,0,0,0,0,0,0,0,0,0,0,0,0,0,0,0,0
GF3_C3_day30,0,3.67693,0,50.91623,22.40282,0,20.31469,0,0,0.37192,0,2.31741,0,0,0,0,0,0,0,0,0,0,0,0,0,0,0,0,0,0,0,0,0,0,0,0
GF3_C3_day32,0,1.1922,0,0,98.8078,0,0,0,0,0,0,0,0,0,0,0,0,0,0,0,0,0,0,0,0,0,0,0,0,0,0,0,0,0,0,0
GF3_C3_day34,34.42865,26.05002,17.56688,10.35093,6.906,0.46773,2.92222,0.3988,0.74403,0.08257,0,0,0,0,0,0,0,0,0,0,0,0,0,0,0,0,0,0,0,0.06201,0.02018,0,0,0,0,0
GF3_C3_day35,3.05532,1.36451,5.08872,24.48957,2.28637,0,42.6666,0,10.20882,0,0,10.84009,0,0,0,0,0,0,0,0,0,0,0,0,0,0,0,0,0,0,0,0,0,0,0,0
GF3_C3_day39,0,0,0,0,100,0,0,0,0,0,0,0,0,0,0,0,0,0,0,0,0,0,0,0,0,0,0,0,0,0,0,0,0,0,0,0
GF3_C3_day40,0,1.52075,0,0.48816,96.07747,0,1.17616,0,0,0,0,0.73745,0,0,0,0,0,0,0,0,0,0,0,0,0,0,0,0,0,0,0,0,0,0,0,0
GF3_C3_day41,0,100,0,0,0,0,0,0,0,0,0,0,0,0,0,0,0,0,0,0,0,0,0,0,0,0,0,0,0,0,0,0,0,0,0,0
GF3_C3_day42,0,0.60577,0,19.10468,20.81629,0,51.64645,0,0,0,0,7.82681,0,0,0,0,0,0,0,0,0,0,0,0,0,0,0,0,0,0,0,0,0,0,0,0
GF3_C3_day45,0,0.7248,0,45.31227,6.96466,0,40.82213,0,0,0,0,6.17613,0,0,0,0,0,0,0,0,0,0,0,0,0,0,0,0,0,0,0,0,0,0,0,0
GF3_C4_day30,1.81156,1.16785,1.04925,62.96378,17.41901,0,10.55393,0,4.06061,0.30548,0,0.66854,0,0,0,0,0,0,0,0,0,0,0,0,0,0,0,0,0,0,0,0,0,0,0,0
GF3_C4_day32,0,4.23,0,0,95.77,0,0,0,0,0,0,0,0,0,0,0,0,0,0,0,0,0,0,0,0,0,0,0,0,0,0,0,0,0,0,0
GF3_C4_day34,1.11441,4.68994,1.13564,39.39194,10.97031,0,33.74665,0,4.15824,0,0,4.79288,0,0,0,0,0,0,0,0,0,0,0,0,0,0,0,0,0,0,0,0,0,0,0,0
GF3_C4_day38,0,0.26995,0,0.72192,99.00813,0,0,0,0,0,0,0,0,0,0,0,0,0,0,0,0,0,0,0,0,0,0,0,0,0,0,0,0,0,0,0
GF3_C4_day39,0,2.24068,0,1.38912,95.62477,0,0.07818,0,0,0,0,0.66724,0,0,0,0,0,0,0,0,0,0,0,0,0,0,0,0,0,0,0,0,0,0,0,0
GF3_C4_day40,0,100,0,0,0,0,0,0,0,0,0,0,0,0,0,0,0,0,0,0,0,0,0,0,0,0,0,0,0,0,0,0,0,0,0,0
GF3_C4_day41,0,86.21224,0,13.78776,0,0,0,0,0,0,0,0,0,0,0,0,0,0,0,0,0,0,0,0,0,0,0,0,0,0,0,0,0,0,0,0
GF3_C4_day42,0,1.50829,0,35.17645,11.96727,0,43.26757,0,0,0,0,8.08043,0,0,0,0,0,0,0,0,0,0,0,0,0,0,0,0,0,0,0,0,0,0,0,0
GF3_C4_day45,0,1.02136,0,34.21025,8.31298,0,46.60267,0,0,0,0,9.85275,0,0,0,0,0,0,0,0,0,0,0,0,0,0,0,0,0,0,0,0,0,0,0,0
GF3_C5_day30,0,0,0,0.35395,99.52564,0,0.12041,0,0,0,0,0,0,0,0,0,0,0,0,0,0,0,0,0,0,0,0,0,0,0,0,0,0,0,0,0
GF3_C5_day39,0.26559,2.7964,0,1.73798,85.86561,0,7.90384,0,0,0,0,1.43059,0,0,0,0,0,0,0,0,0,0,0,0,0,0,0,0,0,0,0,0,0,0,0,0
GF3_C5_day41,0,99.58888,0,0.41112,0,0,0,0,0,0,0,0,0,0,0,0,0,0,0,0,0,0,0,0,0,0,0,0,0,0,0,0,0,0,0,0
GF3_C5_day42,0,1.84554,0,46.52835,9.9598,0,38.12548,0,0,0,0,3.54084,0,0,0,0,0,0,0,0,0,0,0,0,0,0,0,0,0,0,0,0,0,0,0,0
GF3_C5_day45,0,0.69573,0,57.13328,5.85331,0,33.90891,0,0,0,0,2.40877,0,0,0,0,0,0,0,0,0,0,0,0,0,0,0,0,0,0,0,0,0,0,0,0
GF3_C6_day30,0,0,0.06194,1.04847,95.96768,0,2.73899,0,0.18292,0,0,0,0,0,0,0,0,0,0,0,0,0,0,0,0,0,0,0,0,0,0,0,0,0,0,0
GF3_C6_day35,0,0,0,0,100,0,0,0,0,0,0,0,0,0,0,0,0,0,0,0,0,0,0,0,0,0,0,0,0,0,0,0,0,0,0,0
GF3_C6_day38,0,0,0,0,100,0,0,0,0,0,0,0,0,0,0,0,0,0,0,0,0,0,0,0,0,0,0,0,0,0,0,0,0,0,0,0
GF3_C6_day39,0.53484,2.42112,0,2.1763,88.66333,0,4.47892,0,0,0,0,1.7255,0,0,0,0,0,0,0,0,0,0,0,0,0,0,0,0,0,0,0,0,0,0,0,0
GF3_C6_day41,0,0.2304,0,10.69772,11.43267,0,66.86036,0,0,0,0,10.77884,0,0,0,0,0,0,0,0,0,0,0,0,0,0,0,0,0,0,0,0,0,0,0,0
GF3_C6_day42,0,0.56981,0,57.31886,5.76619,0,31.88794,0,0,0,0,4.4572,0,0,0,0,0,0,0,0,0,0,0,0,0,0,0,0,0,0,0,0,0,0,0,0
GF3_C6_day45,0,1.0882,0,51.67369,8.87916,0,33.42021,0,0,0,0,4.93874,0,0,0,0,0,0,0,0,0,0,0,0,0,0,0,0,0,0,0,0,0,0,0,0
GF3_C7_day40,0,81.47642,0,17.95539,0,0,0,0,0,0,0,0.5682,0,0,0,0,0,0,0,0,0,0,0,0,0,0,0,0,0,0,0,0,0,0,0,0
GF3_C7_day41,0,0.6571,0,38.84773,6.76198,0,45.81585,0,0,0,0,7.91734,0,0,0,0,0,0,0,0,0,0,0,0,0,0,0,0,0,0,0,0,0,0,0,0
GF3_C7_day42,0,1.7887,0,13.69841,11.30526,0,62.56734,0,0,0,0,10.64029,0,0,0,0,0,0,0,0,0,0,0,0,0,0,0,0,0,0,0,0,0,0,0,0
GF3_C7_day45,0,1.1889,0,41.70374,10.5085,0,38.90406,0,0,0,0,7.6948,0,0,0,0,0,0,0,0,0,0,0,0,0,0,0,0,0,0,0,0,0,0,0,0
GF3_C8_day30,0.01864,0,0,22.24065,67.31064,0,7.63676,0,0.75243,0,0,2.04088,0,0,0,0,0,0,0,0,0,0,0,0,0,0,0,0,0,0,0,0,0,0,0,0
GF3_C8_day32,0,8.00998,0,0.05581,91.93421,0,0,0,0,0,0,0,0,0,0,0,0,0,0,0,0,0,0,0,0,0,0,0,0,0,0,0,0,0,0,0
GF3_C8_day34,1.21826,1.26125,3.50119,42.71144,5.25581,0,28.98769,0,9.00623,0.38851,0,7.66962,0,0,0,0,0,0,0,0,0,0,0,0,0,0,0,0,0,0,0,0,0,0,0,0
GF3_C8_day39,0,1.92073,0,1.30801,94.00601,0,1.23561,0,0,0,0,1.52964,0,0,0,0,0,0,0,0,0,0,0,0,0,0,0,0,0,0,0,0,0,0,0,0
GF3_C8_day40,0,100,0,0,0,0,0,0,0,0,0,0,0,0,0,0,0,0,0,0,0,0,0,0,0,0,0,0,0,0,0,0,0,0,0,0
GF3_C8_day41,0,0.5116,0,62.27529,6.75131,0,26.50859,0,0,0,0,3.95322,0,0,0,0,0,0,0,0,0,0,0,0,0,0,0,0,0,0,0,0,0,0,0,0
GF3_C8_day42,0,0.7565,0,47.13748,6.50427,0,38.75324,0,0,0,0,6.84852,0,0,0,0,0,0,0,0,0,0,0,0,0,0,0,0,0,0,0,0,0,0,0,0
GF3_C8_day45,0,1.61762,0,49.52601,5.13677,0,36.88458,0,0,0,0,6.83503,0,0,0,0,0,0,0,0,0,0,0,0,0,0,0,0,0,0,0,0,0,0,0,0
GF3_C9_day30,0.82416,0.01829,0.33793,14.85821,68.26109,0,9.55388,0,4.2553,0,0,1.89114,0,0,0,0,0,0,0,0,0,0,0,0,0,0,0,0,0,0,0,0,0,0,0,0
GF3_C9_day32,0,0.51616,0,62.07286,15.69417,0,18.31035,0,0,0.06521,0,3.34125,0,0,0,0,0,0,0,0,0,0,0,0,0,0,0,0,0,0,0,0,0,0,0,0
GF3_C9_day34,0.37579,1.83829,1.51548,44.93931,3.03887,0,29.72102,0,12.48949,0.28399,0,5.79775,0,0,0,0,0,0,0,0,0,0,0,0,0,0,0,0,0,0,0,0,0,0,0,0
GF3_C9_day38,0,2.10749,0,3.22685,94.66566,0,0,0,0,0,0,0,0,0,0,0,0,0,0,0,0,0,0,0,0,0,0,0,0,0,0,0,0,0,0,0
GF3_C9_day39,0,8.50862,0,3.75526,83.71274,0,2.59455,0,0,0,0,1.42883,0,0,0,0,0,0,0,0,0,0,0,0,0,0,0,0,0,0,0,0,0,0,0,0
GF3_C9_day40,0,41.72633,0,0,58.27367,0,0,0,0,0,0,0,0,0,0,0,0,0,0,0,0,0,0,0,0,0,0,0,0,0,0,0,0,0,0,0
GF3_C9_day41,0,1.06091,0,15.67679,16.0951,0,58.00848,0,0,0,0,9.15872,0,0,0,0,0,0,0,0,0,0,0,0,0,0,0,0,0,0,0,0,0,0,0,0
GF3_C9_day42,0,0.80225,0,48.83157,8.80002,0,34.68924,0,0,0,0,6.87692,0,0,0,0,0,0,0,0,0,0,0,0,0,0,0,0,0,0,0,0,0,0,0,0
GF3_C9_day45,0,2.6013,0,61.03244,7.3843,0,28.0842,0,0,0,0,0.89776,0,0,0,0,0,0,0,0,0,0,0,0,0,0,0,0,0,0,0,0,0,0,0,0
GF3_inoc,0,1.77191,0,16.23477,28.13713,0,50.11219,0,0,0.99385,0,2.75015,0,0,0,0,0,0,0,0,0,0,0,0,0,0,0,0,0,0,0,0,0,0,0,0
GF4_B1_D35,0,81.86896,0,18.13104,0,0,0,0,0,0,0,0,0,0,0,0,0,0,0,0,0,0,0,0,0,0,0,0,0,0,0,0,0,0,0,0
GF4_B1_D36,0,86.78923,0,0.59973,12.40086,0,0.21018,0,0,0,0,0,0,0,0,0,0,0,0,0,0,0,0,0,0,0,0,0,0,0,0,0,0,0,0,0
GF4_B1_d37,0,100,0,0,0,0,0,0,0,0,0,0,0,0,0,0,0,0,0,0,0,0,0,0,0,0,0,0,0,0,0,0,0,0,0,0
GF4_B2_d35,0,16.33196,0,1.13433,82.53371,0,0,0,0,0,0,0,0,0,0,0,0,0,0,0,0,0,0,0,0,0,0,0,0,0,0,0,0,0,0,0
GF4_B2_d36,0,0,0,0,100,0,0,0,0,0,0,0,0,0,0,0,0,0,0,0,0,0,0,0,0,0,0,0,0,0,0,0,0,0,0,0
GF4_B3_d35,0,82.63922,0,14.99204,0,0,0,0,0,0,0,2.36874,0,0,0,0,0,0,0,0,0,0,0,0,0,0,0,0,0,0,0,0,0,0,0,0
GF4_B3_d36,0,72.03416,0,4.34166,22.24158,0,0.39985,0,0,0,0,0.98275,0,0,0,0,0,0,0,0,0,0,0,0,0,0,0,0,0,0,0,0,0,0,0,0
GF4_B3_d37,0,100,0,0,0,0,0,0,0,0,0,0,0,0,0,0,0,0,0,0,0,0,0,0,0,0,0,0,0,0,0,0,0,0,0,0
GF4_B3_d42,0,1.56615,0,53.55772,5.81978,0,30.37938,0,0,0,0,8.67697,0,0,0,0,0,0,0,0,0,0,0,0,0,0,0,0,0,0,0,0,0,0,0,0
GF4_B3_d43,0,2.89738,0,44.13371,3.55844,0,42.26856,0,0,0,0,7.1419,0,0,0,0,0,0,0,0,0,0,0,0,0,0,0,0,0,0,0,0,0,0,0,0
GF4_B3_d44,0,3.91362,0,73.65812,2.71638,0,14.02068,0,0,0,0,5.69119,0,0,0,0,0,0,0,0,0,0,0,0,0,0,0,0,0,0,0,0,0,0,0,0
GF4_B3_d46,0,2.97518,0,77.56029,7.12841,0,10.9261,0,0,0,0,1.41003,0,0,0,0,0,0,0,0,0,0,0,0,0,0,0,0,0,0,0,0,0,0,0,0
GF4_B3_LI,0,4.1241,0,90.22326,4.15478,0,1.42493,0,0,0,0,0.07293,0,0,0,0,0,0,0,0,0,0,0,0,0,0,0,0,0,0,0,0,0,0,0,0
GF4_B3_SI,0,2.31173,0,96.6448,0,0,0.33651,0,0,0,0,0.70697,0,0,0,0,0,0,0,0,0,0,0,0,0,0,0,0,0,0,0,0,0,0,0,0
GF4_B4_d35,0,88.48589,0,10.58381,0,0,0.07612,0,0,0,0,0.85417,0,0,0,0,0,0,0,0,0,0,0,0,0,0,0,0,0,0,0,0,0,0,0,0
GF4_B4_d38,0,100,0,0,0,0,0,0,0,0,0,0,0,0,0,0,0,0,0,0,0,0,0,0,0,0,0,0,0,0,0,0,0,0,0,0
GF4_B5_d35,0,78.5023,0,2.06697,19.43073,0,0,0,0,0,0,0,0,0,0,0,0,0,0,0,0,0,0,0,0,0,0,0,0,0,0,0,0,0,0,0
GF4_Bdam_d10,0.62905,2.08586,4.14679,55.42544,2.17615,0,30.29984,0,0.34605,0.18312,0,4.70769,0,0,0,0,0,0,0,0,0,0,0,0,0,0,0,0,0,0,0,0,0,0,0,0
GF4_Bsire_d10,1.06507,2.83787,4.19904,51.95341,4.83269,0,30.42169,0,0,0.10107,0,4.58916,0,0,0,0,0,0,0,0,0,0,0,0,0,0,0,0,0,0,0,0,0,0,0,0
GF4_Bsire_d2,0,2.1971,1.34423,68.62099,6.26607,0,19.69664,0,0.03943,0.21966,0,1.61589,0,0,0,0,0,0,0,0,0,0,0,0,0,0,0,0,0,0,0,0,0,0,0,0
GF4_C1_d36,0,3.67169,0,0,96.32831,0,0,0,0,0,0,0,0,0,0,0,0,0,0,0,0,0,0,0,0,0,0,0,0,0,0,0,0,0,0,0
GF4_C1_D37,0,15.72958,0,0,53.38126,0,14.32519,0,0,0,0,16.56397,0,0,0,0,0,0,0,0,0,0,0,0,0,0,0,0,0,0,0,0,0,0,0,0
GF4_C1_d39,0,14.10035,0,0.10618,36.76674,0,40.78271,0,0,0,0,8.24402,0,0,0,0,0,0,0,0,0,0,0,0,0,0,0,0,0,0,0,0,0,0,0,0
GF4_C1_d43,0,3.47485,0,0,23.4555,0,66.73493,0,0,0,0,6.33472,0,0,0,0,0,0,0,0,0,0,0,0,0,0,0,0,0,0,0,0,0,0,0,0
GF4_C1_d46,0,0.66459,0,0,16.63258,0,79.19426,0,0,0.51932,0,2.98924,0,0,0,0,0,0,0,0,0,0,0,0,0,0,0,0,0,0,0,0,0,0,0,0
GF4_C1_LI,0,2.82695,0,58.89099,6.70941,0,1.63925,0,28.77426,0.6169,0,0.54224,0,0,0,0,0,0,0,0,0,0,0,0,0,0,0,0,0,0,0,0,0,0,0,0
GF4_C1_SI,0,1.31826,0,74.12533,7.67123,0,1.97334,0,14.91183,0,0,0,0,0,0,0,0,0,0,0,0,0,0,0,0,0,0,0,0,0,0,0,0,0,0,0
GF4_C2_d35,0,81.13808,0,0,18.86192,0,0,0,0,0,0,0,0,0,0,0,0,0,0,0,0,0,0,0,0,0,0,0,0,0,0,0,0,0,0,0
GF4_C2_D36,0,52.75362,0,0,41.2723,0,5.97408,0,0,0,0,0,0,0,0,0,0,0,0,0,0,0,0,0,0,0,0,0,0,0,0,0,0,0,0,0
GF4_C2_d37,0,10.43878,0,0,54.46114,0,17.98669,0,0,0.83081,0,16.28257,0,0,0,0,0,0,0,0,0,0,0,0,0,0,0,0,0,0,0,0,0,0,0,0
GF4_C2_d38,0,6.26229,0,0,34.80724,0,45.30839,0,0,0.18875,0,13.43333,0,0,0,0,0,0,0,0,0,0,0,0,0,0,0,0,0,0,0,0,0,0,0,0
GF4_C2_d39,0,9.50199,0,0,30.05785,0,53.42903,0,0,0.51905,0,6.49208,0,0,0,0,0,0,0,0,0,0,0,0,0,0,0,0,0,0,0,0,0,0,0,0
GF4_C2_d43,0,0.68046,0,1.71639,9.6408,0,79.34341,0,0,0.87922,0,7.73972,0,0,0,0,0,0,0,0,0,0,0,0,0,0,0,0,0,0,0,0,0,0,0,0
GF4_C2_d45,0,0.40793,0,2.39023,9.29074,0,71.51901,0,9.01563,0.53302,0,6.84343,0,0,0,0,0,0,0,0,0,0,0,0,0,0,0,0,0,0,0,0,0,0,0,0
GF4_C2_d46,0,0.55526,0,15.77826,12.46281,0,59.7117,0,6.73634,0.44766,0,4.30797,0,0,0,0,0,0,0,0,0,0,0,0,0,0,0,0,0,0,0,0,0,0,0,0
GF4_C2_LI,0,0.16881,0,97.89862,0.64339,0,0.26597,0,0.6175,0,0,0.40571,0,0,0,0,0,0,0,0,0,0,0,0,0,0,0,0,0,0,0,0,0,0,0,0
GF4_C2_SI,0,0,0,99.79752,0,0,0,0,0.20248,0,0,0,0,0,0,0,0,0,0,0,0,0,0,0,0,0,0,0,0,0,0,0,0,0,0,0
GF4_C3_d35,0,61.70128,0,1.04135,37.25737,0,0,0,0,0,0,0,0,0,0,0,0,0,0,0,0,0,0,0,0,0,0,0,0,0,0,0,0,0,0,0
GF4_C3_d36,0,8.08023,0,0.37763,70.60499,0,18.36134,0,0,0,0,2.57581,0,0,0,0,0,0,0,0,0,0,0,0,0,0,0,0,0,0,0,0,0,0,0,0
GF4_C3_d38,0,4.83015,0,0,22.19885,0,61.93237,0,0,1.70596,0,9.33268,0,0,0,0,0,0,0,0,0,0,0,0,0,0,0,0,0,0,0,0,0,0,0,0
GF4_C3_d42,0,0.36382,0,1.22375,10.42038,0,77.45906,0,0,1.68062,0,8.85237,0,0,0,0,0,0,0,0,0,0,0,0,0,0,0,0,0,0,0,0,0,0,0,0
GF4_C3_d43,0,1.36391,0,11.6821,9.36748,0,67.63727,0,2.41241,0.9486,0,6.58824,0,0,0,0,0,0,0,0,0,0,0,0,0,0,0,0,0,0,0,0,0,0,0,0
GF4_C3_d44,0,1.39174,0,15.21052,6.67023,0,65.08365,0,4.81368,0.61044,0,6.21975,0,0,0,0,0,0,0,0,0,0,0,0,0,0,0,0,0,0,0,0,0,0,0,0
GF4_C3_d45,0,0.67251,0,19.36727,10.64146,0,63.1708,0,0,0.85654,0,5.29142,0,0,0,0,0,0,0,0,0,0,0,0,0,0,0,0,0,0,0,0,0,0,0,0
GF4_C3_d46,0,0,0,5.15493,11.23581,0,77.73326,0,0,0.54445,0,5.33156,0,0,0,0,0,0,0,0,0,0,0,0,0,0,0,0,0,0,0,0,0,0,0,0
GF4_C3_LI,0,1.61196,0,80.82215,4.33971,0,9.55318,0,1.52416,0.65983,0,1.48901,0,0,0,0,0,0,0,0,0,0,0,0,0,0,0,0,0,0,0,0,0,0,0,0
GF4_C3_SI,0,0.19403,0,98.35113,0.29266,0,0.48374,0,0.50529,0,0,0.17315,0,0,0,0,0,0,0,0,0,0,0,0,0,0,0,0,0,0,0,0,0,0,0,0
GF4_C4_d35,0,80.5613,0,3.26055,16.15025,0,0,0,0,0,0,0.0279,0,0,0,0,0,0,0,0,0,0,0,0,0,0,0,0,0,0,0,0,0,0,0,0
GF4_C4_d36,0.07188,89.34576,0,2.13291,8.29099,0,0,0,0,0,0,0.15846,0,0,0,0,0,0,0,0,0,0,0,0,0,0,0,0,0,0,0,0,0,0,0,0
GF4_C4_d37,0,40.41465,0,0,34.51742,0,10.15021,0,0,0,0,14.91772,0,0,0,0,0,0,0,0,0,0,0,0,0,0,0,0,0,0,0,0,0,0,0,0
GF4_C4_D39,0,68.57607,0,0.52787,13.86006,0,13.18636,0,0,0,0,3.84964,0,0,0,0,0,0,0,0,0,0,0,0,0,0,0,0,0,0,0,0,0,0,0,0
GF4_C5_d43,0,0.2774,0,0.08055,11.77929,0,80.44198,0,0,1.35793,0,6.06285,0,0,0,0,0,0,0,0,0,0,0,0,0,0,0,0,0,0,0,0,0,0,0,0
GF4_C5_d45,0,1.15614,0,11.49531,15.62053,0,65.02844,0,0,1.19105,0,5.50853,0,0,0,0,0,0,0,0,0,0,0,0,0,0,0,0,0,0,0,0,0,0,0,0
GF4_C5_d46,0,0.05001,0,6.78781,10.04146,0,78.47678,0,0,0.16755,0,4.47639,0,0,0,0,0,0,0,0,0,0,0,0,0,0,0,0,0,0,0,0,0,0,0,0
GF4_C5_LI,0,1.10183,0,88.52486,2.44604,0,7.2192,0,0,0.33333,0,0.37476,0,0,0,0,0,0,0,0,0,0,0,0,0,0,0,0,0,0,0,0,0,0,0,0
GF4_C5_SI,0,0,0,100,0,0,0,0,0,0,0,0,0,0,0,0,0,0,0,0,0,0,0,0,0,0,0,0,0,0,0,0,0,0,0,0
GF4_Cdam_d16,0.71013,3.33942,1.9514,20.98081,5.16917,0,43.62178,0,15.23271,0,0,8.99459,0,0,0,0,0,0,0,0,0,0,0,0,0,0,0,0,0,0,0,0,0,0,0,0
GF4_Csire_d16,1.36202,2.15001,1.34259,34.82236,3.47445,0,32.20626,0,16.48485,0,0,8.15747,0,0,0,0,0,0,0,0,0,0,0,0,0,0,0,0,0,0,0,0,0,0,0,0
GF4_Csire_d2,0.3269,3.60291,3.35851,49.80546,7.69123,0,28.01288,0,0.15079,0.49626,0,6.55505,0,0,0,0,0,0,0,0,0,0,0,0,0,0,0,0,0,0,0,0,0,0,0,0
GF4_INOC_GF45,1.34031,2.9434,3.83009,60.61654,6.81963,0,17.78391,0,4.52449,0.44097,0,1.70067,0,0,0,0,0,0,0,0,0,0,0,0,0,0,0,0,0,0,0,0,0,0,0,0
GF5_A_DAM_D0,0,0,0,0,100,0,0,0,0,0,0,0,0,0,0,0,0,0,0,0,0,0,0,0,0,0,0,0,0,0,0,0,0,0,0,0
GF5_A_DAM_D24,3.16757,3.11252,7.80434,48.42028,4.99441,0,20.28318,0,6.92479,0.30041,0,4.99249,0,0,0,0,0,0,0,0,0,0,0,0,0,0,0,0,0,0,0,0,0,0,0,0
GF5_A1_COLON_190815,0,2.74553,0,67.74715,2.33323,0,12.19333,0,14.6959,0.28486,0,0,0,0,0,0,0,0,0,0,0,0,0,0,0,0,0,0,0,0,0,0,0,0,0,0
GF5_A1_D46,0.08495,4.66852,0,1.24955,89.6048,0,0.43643,0,3.06001,0,0,0.89574,0,0,0,0,0,0,0,0,0,0,0,0,0,0,0,0,0,0,0,0,0,0,0,0
GF5_A1_D47,5.25111,3.24733,0,0.95731,52.60963,0,23.71355,0,2.15793,2.3818,0,9.68135,0,0,0,0,0,0,0,0,0,0,0,0,0,0,0,0,0,0,0,0,0,0,0,0
GF5_A1_D48,0,0,0,0,100,0,0,0,0,0,0,0,0,0,0,0,0,0,0,0,0,0,0,0,0,0,0,0,0,0,0,0,0,0,0,0
GF5_A1_D79,0,3.37781,0,6.89586,89.72633,0,0,0,0,0,0,0,0,0,0,0,0,0,0,0,0,0,0,0,0,0,0,0,0,0,0,0,0,0,0,0
GF5_A1_D80,0,0.27618,0,0.29311,99.43072,0,0,0,0,0,0,0,0,0,0,0,0,0,0,0,0,0,0,0,0,0,0,0,0,0,0,0,0,0,0,0
GF5_A1_D81,0,1.85156,0,0.33733,97.81111,0,0,0,0,0,0,0,0,0,0,0,0,0,0,0,0,0,0,0,0,0,0,0,0,0,0,0,0,0,0,0
GF5_A1_D83,0,96.7977,0,0,0,0,0,0,0,0,0,3.2023,0,0,0,0,0,0,0,0,0,0,0,0,0,0,0,0,0,0,0,0,0,0,0,0
GF5_A1_D88,0,1.57841,0,6.87218,45.10979,0,36.9747,0,0,0,0,9.46492,0,0,0,0,0,0,0,0,0,0,0,0,0,0,0,0,0,0,0,0,0,0,0,0
GF5_A2_COLON_190628,0,0,0,0,0,0,0,0,0,0,0,100,0,0,0,0,0,0,0,0,0,0,0,0,0,0,0,0,0,0,0,0,0,0,0,0
GF5_A2_D46,0,1.20077,0,1.28945,94.37087,0,0.29548,0,2.12698,0,0,0.71645,0,0,0,0,0,0,0,0,0,0,0,0,0,0,0,0,0,0,0,0,0,0,0,0
GF5_A2_D48,0.20685,2.38966,0,69.6031,7.17711,0,17.67926,0,0,0,0,2.94402,0,0,0,0,0,0,0,0,0,0,0,0,0,0,0,0,0,0,0,0,0,0,0,0
GF5_A2_D79,0,0.8851,0,9.06376,87.57192,0,2.47922,0,0,0,0,0,0,0,0,0,0,0,0,0,0,0,0,0,0,0,0,0,0,0,0,0,0,0,0,0
GF5_A2_D80,0,0,0,0,100,0,0,0,0,0,0,0,0,0,0,0,0,0,0,0,0,0,0,0,0,0,0,0,0,0,0,0,0,0,0,0
GF5_A3_COLON_190628,0,64.78981,0,0,14.44556,0,18.31069,0,0,0,0,2.45394,0,0,0,0,0,0,0,0,0,0,0,0,0,0,0,0,0,0,0,0,0,0,0,0
GF5_A3_D46,0,5.11045,0,6.6925,88.11358,0,0,0,0,0,0,0.08347,0,0,0,0,0,0,0,0,0,0,0,0,0,0,0,0,0,0,0,0,0,0,0,0
GF5_A4_D46,0,3.41918,0,1.372,95.20882,0,0,0,0,0,0,0,0,0,0,0,0,0,0,0,0,0,0,0,0,0,0,0,0,0,0,0,0,0,0,0
GF5_A4_D48,0,100,0,0,0,0,0,0,0,0,0,0,0,0,0,0,0,0,0,0,0,0,0,0,0,0,0,0,0,0,0,0,0,0,0,0
GF5_A5_D46,0,1.02289,0,1.24414,97.23958,0,0.02816,0,0,0,0,0.46523,0,0,0,0,0,0,0,0,0,0,0,0,0,0,0,0,0,0,0,0,0,0,0,0
GF5_A5_D79,0,45.30301,0,0,54.69699,0,0,0,0,0,0,0,0,0,0,0,0,0,0,0,0,0,0,0,0,0,0,0,0,0,0,0,0,0,0,0
GF5_A5_D80,0,0,0,0,0,0,100,0,0,0,0,0,0,0,0,0,0,0,0,0,0,0,0,0,0,0,0,0,0,0,0,0,0,0,0,0
GF5_A6_D81,0,12.96479,0,1.42213,85.61308,0,0,0,0,0,0,0,0,0,0,0,0,0,0,0,0,0,0,0,0,0,0,0,0,0,0,0,0,0,0,0
GF5_A6_D82,0,4.12917,0,12.94094,27.8839,0,53.35723,0,0.31367,0.22636,0,1.14872,0,0,0,0,0,0,0,0,0,0,0,0,0,0,0,0,0,0,0,0,0,0,0,0
GF5_A7_COLON_190815,0,5.47999,0,84.61875,2.55003,0,2.64183,0,4.34345,0.36595,0,0,0,0,0,0,0,0,0,0,0,0,0,0,0,0,0,0,0,0,0,0,0,0,0,0
GF5_A7_D46,0,8.03493,0,0.9025,91.06258,0,0,0,0,0,0,0,0,0,0,0,0,0,0,0,0,0,0,0,0,0,0,0,0,0,0,0,0,0,0,0
GF5_A7_D79,0,68.78224,0,0.47309,10.61838,0,17.10171,0,0,0,0,3.02457,0,0,0,0,0,0,0,0,0,0,0,0,0,0,0,0,0,0,0,0,0,0,0,0
GF5_A7_D80,0,27.78751,0,17.11014,22.30684,0,29.70858,0,0,0,0,3.08693,0,0,0,0,0,0,0,0,0,0,0,0,0,0,0,0,0,0,0,0,0,0,0,0
GF5_A7_D81,0,11.39413,0,12.03925,5.1879,0,71.37872,0,0,0,0,0,0,0,0,0,0,0,0,0,0,0,0,0,0,0,0,0,0,0,0,0,0,0,0,0
GF5_A7_D82,0,0,0,60.00185,0,0,39.99815,0,0,0,0,0,0,0,0,0,0,0,0,0,0,0,0,0,0,0,0,0,0,0,0,0,0,0,0,0
GF5_A7_D83,0,0,0,0,0,0,86.19761,0,0,0,0,13.80239,0,0,0,0,0,0,0,0,0,0,0,0,0,0,0,0,0,0,0,0,0,0,0,0
GF5_A7_D84,0,5.65575,0,0.92209,4.59724,0,87.17745,0,0,0,0,1.64746,0,0,0,0,0,0,0,0,0,0,0,0,0,0,0,0,0,0,0,0,0,0,0,0
GF5_A7_D87,0,2.0601,0,43.7685,5.34756,0,35.04102,0,7.74168,0,0,6.04114,0,0,0,0,0,0,0,0,0,0,0,0,0,0,0,0,0,0,0,0,0,0,0,0
GF5_A8_COLON_190815,0,7.27836,0,61.13288,3.16993,0,12.73817,0,14.55856,0.52765,0,0.59445,0,0,0,0,0,0,0,0,0,0,0,0,0,0,0,0,0,0,0,0,0,0,0,0
GF5_A8_D79,0,17.05892,0,0.36358,81.90129,0,0.17161,0,0,0,0,0.5046,0,0,0,0,0,0,0,0,0,0,0,0,0,0,0,0,0,0,0,0,0,0,0,0
GF5_A8_D83,0,1.14824,0,0,0,0,84.38179,0,0,0,0,14.46998,0,0,0,0,0,0,0,0,0,0,0,0,0,0,0,0,0,0,0,0,0,0,0,0
GF5_A8_D87,0,1.24724,0,2.10524,4.25958,0,82.31247,0,0,0,0,10.07547,0,0,0,0,0,0,0,0,0,0,0,0,0,0,0,0,0,0,0,0,0,0,0,0
GF5_B_COLON_M1,0,0,0,0,100,0,0,0,0,0,0,0,0,0,0,0,0,0,0,0,0,0,0,0,0,0,0,0,0,0,0,0,0,0,0,0
GF5_B_COLON_M2,0,19.62138,0,0,80.37862,0,0,0,0,0,0,0,0,0,0,0,0,0,0,0,0,0,0,0,0,0,0,0,0,0,0,0,0,0,0,0
GF5_B_COLON_P1,0,0,0,100,0,0,0,0,0,0,0,0,0,0,0,0,0,0,0,0,0,0,0,0,0,0,0,0,0,0,0,0,0,0,0,0
GF5_B_DAM_D3,0.62923,1.79114,0.28526,44.13889,5.44688,0,40.48939,0,0.09383,0.58774,0,6.53763,0,0,0,0,0,0,0,0,0,0,0,0,0,0,0,0,0,0,0,0,0,0,0,0
GF5_B1_COLON_190815,0,4.96663,0,6.1868,4.79125,0,70.58901,0,12.05166,0,0,1.41464,0,0,0,0,0,0,0,0,0,0,0,0,0,0,0,0,0,0,0,0,0,0,0,0
GF5_B1_D80,0,1.58762,0,0,97.7295,0,0.63575,0,0,0,0,0.04714,0,0,0,0,0,0,0,0,0,0,0,0,0,0,0,0,0,0,0,0,0,0,0,0
GF5_B1_D82,0,8.86903,0,7.63627,66.69783,0,10.69416,0,1.22902,0,0,4.8737,0,0,0,0,0,0,0,0,0,0,0,0,0,0,0,0,0,0,0,0,0,0,0,0
GF5_B1_D83,0,14.7662,0,0,66.84689,0,4.3479,0,0,0,0,14.03902,0,0,0,0,0,0,0,0,0,0,0,0,0,0,0,0,0,0,0,0,0,0,0,0
GF5_B1_D84,0,10.55343,0,0,63.4533,0,7.72789,0,0,0,0,18.26538,0,0,0,0,0,0,0,0,0,0,0,0,0,0,0,0,0,0,0,0,0,0,0,0
GF5_B2_D79,0,0,0,0,100,0,0,0,0,0,0,0,0,0,0,0,0,0,0,0,0,0,0,0,0,0,0,0,0,0,0,0,0,0,0,0
GF5_B2_D80,0,0,0,0,100,0,0,0,0,0,0,0,0,0,0,0,0,0,0,0,0,0,0,0,0,0,0,0,0,0,0,0,0,0,0,0
GF5_B3_COLON_190815,0,7.27749,0,9.90658,6.71698,0,75.8864,0,0,0.21255,0,0,0,0,0,0,0,0,0,0,0,0,0,0,0,0,0,0,0,0,0,0,0,0,0,0
GF5_B3_D79,0,2.27953,0,0.11946,97.60101,0,0,0,0,0,0,0,0,0,0,0,0,0,0,0,0,0,0,0,0,0,0,0,0,0,0,0,0,0,0,0
GF5_B3_D81,0,3.58245,0,0,7.14396,0,76.66564,0,0,0.55908,0,12.04887,0,0,0,0,0,0,0,0,0,0,0,0,0,0,0,0,0,0,0,0,0,0,0,0
GF5_B3_D82,0,17.15864,0,0,51.33589,0,10.9504,0,0,0,0,20.55506,0,0,0,0,0,0,0,0,0,0,0,0,0,0,0,0,0,0,0,0,0,0,0,0
GF5_B3_D83,0,11.21946,0,0,66.73203,0,11.06051,0,0,0.4468,0,10.54121,0,0,0,0,0,0,0,0,0,0,0,0,0,0,0,0,0,0,0,0,0,0,0,0
GF5_B4_D79,0,41.74849,0,0.42286,27.55271,0,15.85025,0,0,8.86763,0,5.33023,0,0,0,0,0,0,0,0,0,0,0,0,0,0,0,0,0,0.22784,0,0,0,0,0,0
GF5_B5_D79,0,72.91035,0,0.43635,26.6533,0,0,0,0,0,0,0,0,0,0,0,0,0,0,0,0,0,0,0,0,0,0,0,0,0,0,0,0,0,0,0
GF5_B5_D80,0,62.62711,0,0,37.37289,0,0,0,0,0,0,0,0,0,0,0,0,0,0,0,0,0,0,0,0,0,0,0,0,0,0,0,0,0,0,0
GF5_B6_COLON_190815,0,11.25762,0,20.56245,6.31416,0,46.23977,0,13.46858,1.46622,0,0.6912,0,0,0,0,0,0,0,0,0,0,0,0,0,0,0,0,0,0,0,0,0,0,0,0
GF5_B6_D79,0,12.2472,0,0,85.29699,0,1.2353,0,0,0,0,1.22051,0,0,0,0,0,0,0,0,0,0,0,0,0,0,0,0,0,0,0,0,0,0,0,0
GF5_B6_D84,0,0.4513,0,0.35657,4.90054,0,92.22558,0,0,1.16524,0,0.90076,0,0,0,0,0,0,0,0,0,0,0,0,0,0,0,0,0,0,0,0,0,0,0,0
GF5_B7_COLON_190815,0,28.64537,0,12.86159,10.28342,0,39.53515,0,5.88034,1.20582,0,1.58832,0,0,0,0,0,0,0,0,0,0,0,0,0,0,0,0,0,0,0,0,0,0,0,0
GF5_B7_D79,0,94.79631,0,0.14619,2.66724,0,1.5457,0,0,0,0,0.84457,0,0,0,0,0,0,0,0,0,0,0,0,0,0,0,0,0,0,0,0,0,0,0,0
GF5_B7_D80,0,11.0072,0,0.01591,11.14125,0,66.74415,0,0,5.32199,0,5.7695,0,0,0,0,0,0,0,0,0,0,0,0,0,0,0,0,0,0,0,0,0,0,0,0
GF5_B7_D82,0,1.68476,0,0,10.81558,0,78.72592,0,0,0.95285,0,7.82089,0,0,0,0,0,0,0,0,0,0,0,0,0,0,0,0,0,0,0,0,0,0,0,0
GF5_C_DAM_D24,0.70322,1.15787,0.07427,26.8988,3.11275,0,41.23336,0,18.22261,0.17925,0,8.41787,0,0,0,0,0,0,0,0,0,0,0,0,0,0,0,0,0,0,0,0,0,0,0,0
GF5_C_DAM_D3,0.11644,1.28179,0.49972,51.64013,3.72737,0,37.09784,0,0,0.00768,0,5.62902,0,0,0,0,0,0,0,0,0,0,0,0,0,0,0,0,0,0,0,0,0,0,0,0
GF5_C1_COLON_190628,0,0.6502,0,0.96743,15.54555,0,59.96526,0,0,0.62119,0,22.25037,0,0,0,0,0,0,0,0,0,0,0,0,0,0,0,0,0,0,0,0,0,0,0,0
GF5_C1_COLON_190815,0,0,0,0,78.81677,0,18.66892,0,0,0,0,2.51431,0,0,0,0,0,0,0,0,0,0,0,0,0,0,0,0,0,0,0,0,0,0,0,0
GF5_C1_D46,0,0.8027,0,0.02131,88.94828,0,5.55807,0,2.09992,0.43297,0,2.13675,0,0,0,0,0,0,0,0,0,0,0,0,0,0,0,0,0,0,0,0,0,0,0,0
GF5_C1_D47,5.17986,1.96302,0.13587,0,66.58489,0,13.83752,0,3.23835,5.66158,0,3.3989,0,0,0,0,0,0,0,0,0,0,0,0,0,0,0,0,0,0,0,0,0,0,0,0
GF5_C1_D48,0.08892,2.21057,0,10.12398,40.35596,0,21.42271,0,4.4921,2.56173,0,18.74403,0,0,0,0,0,0,0,0,0,0,0,0,0,0,0,0,0,0,0,0,0,0,0,0
GF5_C2_COLON_190815,0,0,0,0,100,0,0,0,0,0,0,0,0,0,0,0,0,0,0,0,0,0,0,0,0,0,0,0,0,0,0,0,0,0,0,0
GF5_C2_D46,0,1.69315,0,0.74889,89.19416,0,3.60071,0,3.63109,0,0,1.132,0,0,0,0,0,0,0,0,0,0,0,0,0,0,0,0,0,0,0,0,0,0,0,0
GF5_C3_COLON_190628,0,0,0,0,21.96676,0,63.61191,0,0,0,0,14.42133,0,0,0,0,0,0,0,0,0,0,0,0,0,0,0,0,0,0,0,0,0,0,0,0
GF5_C3_COLON_190815,0,0,0,0,100,0,0,0,0,0,0,0,0,0,0,0,0,0,0,0,0,0,0,0,0,0,0,0,0,0,0,0,0,0,0,0
GF5_C3_D46,0,1.68984,0,1.30364,96.9866,0,0.01991,0,0,0,0,0,0,0,0,0,0,0,0,0,0,0,0,0,0,0,0,0,0,0,0,0,0,0,0,0
GF5_C4_COLON_190628,0,7.0066,0,0,40.15933,0,37.59397,0,0,0,0,15.24011,0,0,0,0,0,0,0,0,0,0,0,0,0,0,0,0,0,0,0,0,0,0,0,0
GF5_C4_D46,0,15.64176,0,0.76863,83.58961,0,0,0,0,0,0,0,0,0,0,0,0,0,0,0,0,0,0,0,0,0,0,0,0,0,0,0,0,0,0,0
GF5_C4_D47,0,6.12645,0,0,93.87355,0,0,0,0,0,0,0,0,0,0,0,0,0,0,0,0,0,0,0,0,0,0,0,0,0,0,0,0,0,0,0
GF5_C5_COLON_190628,0,14.01906,0,0,28.03501,0,43.45124,0,0,0,0,14.49469,0,0,0,0,0,0,0,0,0,0,0,0,0,0,0,0,0,0,0,0,0,0,0,0
GF5_C5_D47,0,1.37569,0,2.37838,96.24593,0,0,0,0,0,0,0,0,0,0,0,0,0,0,0,0,0,0,0,0,0,0,0,0,0,0,0,0,0,0,0
GF5_C6_D46,0,0.80604,0,1.64819,97.54577,0,0,0,0,0,0,0,0,0,0,0,0,0,0,0,0,0,0,0,0,0,0,0,0,0,0,0,0,0,0,0
GF5_COLON_A1,0,0,0,0,100,0,0,0,0,0,0,0,0,0,0,0,0,0,0,0,0,0,0,0,0,0,0,0,0,0,0,0,0,0,0,0
GF5_COLON_A2,0,0,0,0,100,0,0,0,0,0,0,0,0,0,0,0,0,0,0,0,0,0,0,0,0,0,0,0,0,0,0,0,0,0,0,0
GF6_A1_COLON_D54,4.15767,0.15083,0,0,18.71182,0,67.79281,0,0,0,0,9.18688,0,0,0,0,0,0,0,0,0,0,0,0,0,0,0,0,0,0,0,0,0,0,0,0
GF6_A1_COLON_D88,0,1.54785,0,0,76.96682,0,14.74457,0,0,0,0,6.74076,0,0,0,0,0,0,0,0,0,0,0,0,0,0,0,0,0,0,0,0,0,0,0,0
GF6_A1_D53,0,2.17776,0,1.2494,78.77588,0,15.32771,0,0,0.10586,0,2.36339,0,0,0,0,0,0,0,0,0,0,0,0,0,0,0,0,0,0,0,0,0,0,0,0
GF6_A1_D87,0,58.26728,0,0,41.73272,0,0,0,0,0,0,0,0,0,0,0,0,0,0,0,0,0,0,0,0,0,0,0,0,0,0,0,0,0,0,0
GF6_A2_COLON_D105,0,0,0,21.83993,0.64164,0,46.57819,0,6.70145,0,0,24.23879,0,0,0,0,0,0,0,0,0,0,0,0,0,0,0,0,0,0,0,0,0,0,0,0
GF6_A2_COLON_D54,0,0,0,0.20931,29.72282,0,42.1073,0,0,0,0,27.96057,0,0,0,0,0,0,0,0,0,0,0,0,0,0,0,0,0,0,0,0,0,0,0,0
GF6_A2_D51,0,13.68719,0,0,86.31281,0,0,0,0,0,0,0,0,0,0,0,0,0,0,0,0,0,0,0,0,0,0,0,0,0,0,0,0,0,0,0
GF6_A2_D52,0,0,0,0,100,0,0,0,0,0,0,0,0,0,0,0,0,0,0,0,0,0,0,0,0,0,0,0,0,0,0,0,0,0,0,0
GF6_A2_D87,0,3.92079,0,12.59974,70.80727,0,10.96316,0,0,0,0,1.70905,0,0,0,0,0,0,0,0,0,0,0,0,0,0,0,0,0,0,0,0,0,0,0,0
GF6_A2_D93,0,0.8139,0,1.81383,23.66409,0,60.74201,0,5.07249,1.9098,0,5.98389,0,0,0,0,0,0,0,0,0,0,0,0,0,0,0,0,0,0,0,0,0,0,0,0
GF6_A3_COLON_D54,0,0,0,0,16.87236,0,74.4501,0,0,0,0,8.67753,0,0,0,0,0,0,0,0,0,0,0,0,0,0,0,0,0,0,0,0,0,0,0,0
GF6_A3_COLON_D88,0,0,0,0,93.91764,0,1.115,0,0.49722,0,0,4.47014,0,0,0,0,0,0,0,0,0,0,0,0,0,0,0,0,0,0,0,0,0,0,0,0
GF6_A3_D51,0,5.82206,0,11.91587,82.11532,0,0.14675,0,0,0,0,0,0,0,0,0,0,0,0,0,0,0,0,0,0,0,0,0,0,0,0,0,0,0,0,0
GF6_A3_D52,0,14.92847,0,0.80719,74.44219,0,5.9022,0,0,0,0,3.91994,0,0,0,0,0,0,0,0,0,0,0,0,0,0,0,0,0,0,0,0,0,0,0,0
GF6_A3_D53,2.40551,3.46347,0,2.21508,64.46915,0,23.49465,0,0,0,0,3.95213,0,0,0,0,0,0,0,0,0,0,0,0,0,0,0,0,0,0,0,0,0,0,0,0
GF6_A3_D87,0,0,0,0,100,0,0,0,0,0,0,0,0,0,0,0,0,0,0,0,0,0,0,0,0,0,0,0,0,0,0,0,0,0,0,0
GF6_A4_COLON_D105,0,0,0,22.21706,0.959,0,49.87827,0,5.65256,0,0,20.40097,0.89214,0,0,0,0,0,0,0,0,0,0,0,0,0,0,0,0,0,0,0,0,0,0,0
GF6_A4_COLON_D54,0.64843,0,0,0,44.39342,0,42.10729,0,0,0,0,12.85086,0,0,0,0,0,0,0,0,0,0,0,0,0,0,0,0,0,0,0,0,0,0,0,0
GF6_A4_D51,0,28.73958,0,0,71.26042,0,0,0,0,0,0,0,0,0,0,0,0,0,0,0,0,0,0,0,0,0,0,0,0,0,0,0,0,0,0,0
GF6_A4_D53,0.16322,7.85671,0,2.50157,75.42938,0,11.52506,0,0,0,0,2.52405,0,0,0,0,0,0,0,0,0,0,0,0,0,0,0,0,0,0,0,0,0,0,0,0
GF6_A4_D93,0,1.26584,0,1.94222,15.43345,0,76.1031,0,0,1.73111,0,3.52428,0,0,0,0,0,0,0,0,0,0,0,0,0,0,0,0,0,0,0,0,0,0,0,0
GF6_A5_COLON_D105,0,0,0,27.7575,1.5423,0,40.71845,0,12.85455,0,0,17.1272,0,0,0,0,0,0,0,0,0,0,0,0,0,0,0,0,0,0,0,0,0,0,0,0
GF6_A5_D51,0,16.97531,0,0,83.02469,0,0,0,0,0,0,0,0,0,0,0,0,0,0,0,0,0,0,0,0,0,0,0,0,0,0,0,0,0,0,0
GF6_A5_D87,0,0,0,0,93.52004,0,0,0,0,0,0,0,0,0,0,0,0,0,0,0,0,0,0,0,0,0,0,0,0,6.47996,0,0,0,0,0,0
GF6_A5_D90,0,4.94552,0,32.65667,47.57398,0,9.78289,0,0,0,0,5.04094,0,0,0,0,0,0,0,0,0,0,0,0,0,0,0,0,0,0,0,0,0,0,0,0
GF6_A5_D91,0,11.98946,0.07662,7.51813,44.20969,0,28.60036,0,0,0,0,7.60575,0,0,0,0,0,0,0,0,0,0,0,0,0,0,0,0,0,0,0,0,0,0,0,0
GF6_A6_COLON_D105,0,0.08344,0,13.38067,1.74764,0,64.44653,0,7.73277,0,0,12.60894,0,0,0,0,0,0,0,0,0,0,0,0,0,0,0,0,0,0,0,0,0,0,0,0
GF6_A6_COLON_D54,0,0.1082,0,0.42237,15.96755,0,73.93997,0,0,0,0,9.5619,0,0,0,0,0,0,0,0,0,0,0,0,0,0,0,0,0,0,0,0,0,0,0,0
GF6_A6_D53,0,12.12825,0,0.91311,74.1701,0,5.23521,0,0,0.72429,0,6.82904,0,0,0,0,0,0,0,0,0,0,0,0,0,0,0,0,0,0,0,0,0,0,0,0
GF6_A6_D87,0,6.50929,0,0,93.49071,0,0,0,0,0,0,0,0,0,0,0,0,0,0,0,0,0,0,0,0,0,0,0,0,0,0,0,0,0,0,0
GF6_A6_D88,0,10.08161,0,0,89.91839,0,0,0,0,0,0,0,0,0,0,0,0,0,0,0,0,0,0,0,0,0,0,0,0,0,0,0,0,0,0,0
GF6_A6_D91,0,13.9797,0.01969,1.27025,24.06333,0,46.125,0,0,1.97984,0,12.5622,0,0,0,0,0,0,0,0,0,0,0,0,0,0,0,0,0,0,0,0,0,0,0,0
GF6_A7_D87,0,0,0,0,100,0,0,0,0,0,0,0,0,0,0,0,0,0,0,0,0,0,0,0,0,0,0,0,0,0,0,0,0,0,0,0
GF6_A8_COLON_D105,0,0.90874,0,16.7386,1.19521,0,56.61136,0,0.96988,0,0,23.57621,0,0,0,0,0,0,0,0,0,0,0,0,0,0,0,0,0,0,0,0,0,0,0,0
GF6_A8_COLON_D54,0,0,0,0,6.84698,0,71.26331,0,0,0,0,21.88971,0,0,0,0,0,0,0,0,0,0,0,0,0,0,0,0,0,0,0,0,0,0,0,0
GF6_A8_D51,0,5.99787,0,1.70156,92.30057,0,0,0,0,0,0,0,0,0,0,0,0,0,0,0,0,0,0,0,0,0,0,0,0,0,0,0,0,0,0,0
GF6_A8_D52,0,7.64895,0,0,92.35105,0,0,0,0,0,0,0,0,0,0,0,0,0,0,0,0,0,0,0,0,0,0,0,0,0,0,0,0,0,0,0
GF6_A8_D53,0,5.11683,0,3.66071,30.24762,0,39.3345,0,0,7.28166,0,14.35868,0,0,0,0,0,0,0,0,0,0,0,0,0,0,0,0,0,0,0,0,0,0,0,0
GF6_A8_D89,0,3.93474,0,0.51218,39.02988,0,45.06022,0,0,4.6839,0,6.77909,0,0,0,0,0,0,0,0,0,0,0,0,0,0,0,0,0,0,0,0,0,0,0,0
GF6_A8_D91,0,0,0,13.16728,8.60169,0,58.71365,0,2.64095,0.97064,0,15.90579,0,0,0,0,0,0,0,0,0,0,0,0,0,0,0,0,0,0,0,0,0,0,0,0
GF6_A8_D93,0,0.84992,0,2.82614,18.14352,0,61.98682,0,11.8122,1.45369,0,2.92771,0,0,0,0,0,0,0,0,0,0,0,0,0,0,0,0,0,0,0,0,0,0,0,0
GF6_ADAM_D0,0,0,0,0,31.16246,0,8.47252,0,0,0,0,3.23819,55.28347,0,0,0,0,0,0,0,0,0,0,0,0,0,0,0,0,1.84337,0,0,0,0,0,0
GF6_ASIRE_D57,5.53985,2.19677,7.55492,53.3466,3.85936,0,16.79689,0,5.02526,0.43767,0,5.24269,0,0,0,0,0,0,0,0,0,0,0,0,0,0,0,0,0,0,0,0,0,0,0,0
GF6_B_DAM_D22,0,4.0977,0.05371,55.45101,4.40991,0,32.91973,0,0,0.09859,0,2.96937,0,0,0,0,0,0,0,0,0,0,0,0,0,0,0,0,0,0,0,0,0,0,0,0
GF6_B1_D63,0,1.37318,0,1.85168,96.77514,0,0,0,0,0,0,0,0,0,0,0,0,0,0,0,0,0,0,0,0,0,0,0,0,0,0,0,0,0,0,0
GF6_B1_D64,0.04584,1.95817,0,1.91589,95.31826,0,0.62809,0,0,0,0,0.13374,0,0,0,0,0,0,0,0,0,0,0,0,0,0,0,0,0,0,0,0,0,0,0,0
GF6_B1_D66,0,0,0,0,0,0,92.42772,0,0,0,0,7.57228,0,0,0,0,0,0,0,0,0,0,0,0,0,0,0,0,0,0,0,0,0,0,0,0
GF6_B1_D87,0,0,0,0,100,0,0,0,0,0,0,0,0,0,0,0,0,0,0,0,0,0,0,0,0,0,0,0,0,0,0,0,0,0,0,0
GF6_B1_D89,0,14.01609,0,58.22707,6.2158,0,18.39759,0,0,0,0,3.14346,0,0,0,0,0,0,0,0,0,0,0,0,0,0,0,0,0,0,0,0,0,0,0,0
GF6_B1_D91,0,17.47679,0,22.20171,6.36718,0,43.81288,0,0,0,0,10.14145,0,0,0,0,0,0,0,0,0,0,0,0,0,0,0,0,0,0,0,0,0,0,0,0
GF6_B1_D93,0,5.77667,0,2.17353,52.89775,0,27.84558,0,0,3.11328,0,8.19319,0,0,0,0,0,0,0,0,0,0,0,0,0,0,0,0,0,0,0,0,0,0,0,0
GF6_B10_D63,0,1.18549,0,0.27419,98.54032,0,0,0,0,0,0,0,0,0,0,0,0,0,0,0,0,0,0,0,0,0,0,0,0,0,0,0,0,0,0,0
GF6_B10_D64,0.07735,4.50205,0,0.87194,91.96378,0,2.18546,0,0,0,0,0.39942,0,0,0,0,0,0,0,0,0,0,0,0,0,0,0,0,0,0,0,0,0,0,0,0
GF6_B2_COLON_D105,0,1.06454,0,22.18197,2.71364,0,47.38636,0,0.09916,0,0,26.55432,0,0,0,0,0,0,0,0,0,0,0,0,0,0,0,0,0,0,0,0,0,0,0,0
GF6_B2_D63,0,39.53474,0,0.72208,55.57515,0,3.25704,0,0,0,0,0.77639,0,0,0,0,0,0,0,0,0,0,0,0,0,0,0,0,0,0.13461,0,0,0,0,0,0
GF6_B2_D66,0,1.86624,0,0,78.40132,0,15.18677,0,0,0,0,4.54567,0,0,0,0,0,0,0,0,0,0,0,0,0,0,0,0,0,0,0,0,0,0,0,0
GF6_B2_D87,0,10.63204,0,0,83.4369,0,5.56155,0,0,0,0,0.36951,0,0,0,0,0,0,0,0,0,0,0,0,0,0,0,0,0,0,0,0,0,0,0,0
GF6_B2_D89,0,30.81229,0,69.18771,0,0,0,0,0,0,0,0,0,0,0,0,0,0,0,0,0,0,0,0,0,0,0,0,0,0,0,0,0,0,0,0
GF6_B3_COLON_D105,0,0.82679,0,24.89896,1.93885,0,47.91118,0,0,0,0,24.42422,0,0,0,0,0,0,0,0,0,0,0,0,0,0,0,0,0,0,0,0,0,0,0,0
GF6_B3_D63,0,3.86507,0,1.22541,94.90952,0,0,0,0,0,0,0,0,0,0,0,0,0,0,0,0,0,0,0,0,0,0,0,0,0,0,0,0,0,0,0
GF6_B3_D66,1.62569,3.53474,0,0.29986,16.32973,0,67.14268,0,0,0,0,11.0673,0,0,0,0,0,0,0,0,0,0,0,0,0,0,0,0,0,0,0,0,0,0,0,0
GF6_B3_D87,0.55326,11.55034,0,1.53608,70.74205,0,14.87298,0,0,0,0,0.74529,0,0,0,0,0,0,0,0,0,0,0,0,0,0,0,0,0,0,0,0,0,0,0,0
GF6_B3_D89,0,0,0,0,100,0,0,0,0,0,0,0,0,0,0,0,0,0,0,0,0,0,0,0,0,0,0,0,0,0,0,0,0,0,0,0
GF6_B3_D91,0,11.82573,0,12.54179,0,0,69.08817,0,0,0,0,6.54431,0,0,0,0,0,0,0,0,0,0,0,0,0,0,0,0,0,0,0,0,0,0,0,0
GF6_B3_D93,0,2.73232,0,48.41796,4.27411,0,42.63441,0,0,0,0,1.9412,0,0,0,0,0,0,0,0,0,0,0,0,0,0,0,0,0,0,0,0,0,0,0,0
GF6_B4_COLON_D105,0,0.88337,0,28.72467,2.54208,0,42.49702,0,0.98963,0,0,24.36324,0,0,0,0,0,0,0,0,0,0,0,0,0,0,0,0,0,0,0,0,0,0,0,0
GF6_B4_D64,0,3.892,0,2.14736,91.69195,0,1.90399,0,0,0,0,0.3647,0,0,0,0,0,0,0,0,0,0,0,0,0,0,0,0,0,0,0,0,0,0,0,0
GF6_B4_D66,0,0,0,0,0,0,100,0,0,0,0,0,0,0,0,0,0,0,0,0,0,0,0,0,0,0,0,0,0,0,0,0,0,0,0,0
GF6_B4_D87,0.18406,12.38831,0,1.53934,73.18462,0,11.63394,0,0,0,0,1.06973,0,0,0,0,0,0,0,0,0,0,0,0,0,0,0,0,0,0,0,0,0,0,0,0
GF6_B4_D89,0,59.1325,0,40.8675,0,0,0,0,0,0,0,0,0,0,0,0,0,0,0,0,0,0,0,0,0,0,0,0,0,0,0,0,0,0,0,0
GF6_B4_D93,0,1.42168,0,28.33239,10.36886,0,56.20303,0,0,0,0,3.67403,0,0,0,0,0,0,0,0,0,0,0,0,0,0,0,0,0,0,0,0,0,0,0,0
GF6_B5_COLON_D105,0,1.06112,0,25.708,2.89932,0,46.7356,0,0,0,0,23.59597,0,0,0,0,0,0,0,0,0,0,0,0,0,0,0,0,0,0,0,0,0,0,0,0
GF6_B5_D66,0,0,0,0,0,0,77.26396,0,0,0,0,22.73604,0,0,0,0,0,0,0,0,0,0,0,0,0,0,0,0,0,0,0,0,0,0,0,0
GF6_B5_D90,0,34.8996,0,56.18828,0,0,0,0,0,0,0,0,0,0,0,0,0,0,0,0,0,0,0,0,0,0,0,0,0,8.91212,0,0,0,0,0,0
GF6_B5_D91,0,32.1902,0,67.8098,0,0,0,0,0,0,0,0,0,0,0,0,0,0,0,0,0,0,0,0,0,0,0,0,0,0,0,0,0,0,0,0
GF6_B6_COLON_D105,0,0.91414,0,25.53486,3.00936,0,44.72691,0,0,0.19942,0,25.61531,0,0,0,0,0,0,0,0,0,0,0,0,0,0,0,0,0,0,0,0,0,0,0,0
GF6_B6_D63,0,7.34992,0,1.05813,91.59195,0,0,0,0,0,0,0,0,0,0,0,0,0,0,0,0,0,0,0,0,0,0,0,0,0,0,0,0,0,0,0
GF6_B6_D64,0.13206,6.04352,0,1.33957,90.47678,0,1.45719,0,0,0,0,0.52301,0,0,0,0,0,0,0,0,0,0,0,0,0,0,0,0,0,0.02788,0,0,0,0,0,0
GF6_B6_D66,0,0.63889,0,0,9.38723,0,76.51673,0,0,0,0,13.45714,0,0,0,0,0,0,0,0,0,0,0,0,0,0,0,0,0,0,0,0,0,0,0,0
GF6_B6_D87,0,0,0,0,100,0,0,0,0,0,0,0,0,0,0,0,0,0,0,0,0,0,0,0,0,0,0,0,0,0,0,0,0,0,0,0
GF6_B6_D90,0,44.07589,0,55.92411,0,0,0,0,0,0,0,0,0,0,0,0,0,0,0,0,0,0,0,0,0,0,0,0,0,0,0,0,0,0,0,0
GF6_B6_D91,0,82.13645,0,17.86355,0,0,0,0,0,0,0,0,0,0,0,0,0,0,0,0,0,0,0,0,0,0,0,0,0,0,0,0,0,0,0,0
GF6_B6_D93,0,21.44608,0,1.01776,38.31445,0,25.32,0,0,0,0,13.9017,0,0,0,0,0,0,0,0,0,0,0,0,0,0,0,0,0,0,0,0,0,0,0,0
GF6_B7_COLON_D105,0,0.29836,0,12.40464,2.79152,0,62.08368,0,0,0,0,22.4218,0,0,0,0,0,0,0,0,0,0,0,0,0,0,0,0,0,0,0,0,0,0,0,0
GF6_B7_D63,0,16.88059,0,1.33669,81.78272,0,0,0,0,0,0,0,0,0,0,0,0,0,0,0,0,0,0,0,0,0,0,0,0,0,0,0,0,0,0,0
GF6_B7_D66,0,1.63209,0,0,22.46226,0,72.23201,0,0,0,0,3.67364,0,0,0,0,0,0,0,0,0,0,0,0,0,0,0,0,0,0,0,0,0,0,0,0
GF6_B7_D87,0,1.03911,0,0,98.96089,0,0,0,0,0,0,0,0,0,0,0,0,0,0,0,0,0,0,0,0,0,0,0,0,0,0,0,0,0,0,0
GF6_B7_D90,0.38536,36.89766,0,62.42619,0,0,0,0,0,0,0,0,0,0,0,0,0,0,0,0,0,0,0,0,0,0,0,0,0,0.2908,0,0,0,0,0,0
GF6_B7_D91,0,0,0,100,0,0,0,0,0,0,0,0,0,0,0,0,0,0,0,0,0,0,0,0,0,0,0,0,0,0,0,0,0,0,0,0
GF6_B7_D93,0,3.30396,0,0,18.13017,0,70.87102,0,0,0,0,7.69485,0,0,0,0,0,0,0,0,0,0,0,0,0,0,0,0,0,0,0,0,0,0,0,0
GF6_B8_COLON_D105,0.42978,1.55647,0.36394,11.22074,5.40532,0,61.13897,0,1.51131,0.09483,0,12.19837,6.08026,0,0,0,0,0,0,0,0,0,0,0,0,0,0,0,0,0,0,0,0,0,0,0
GF6_B8_D63,0,3.79838,0,1.32866,94.59574,0,0.27722,0,0,0,0,0,0,0,0,0,0,0,0,0,0,0,0,0,0,0,0,0,0,0,0,0,0,0,0,0
GF6_B8_D66,0,6.72359,0,0,14.58475,0,63.30618,0,0,0.43062,0,14.95485,0,0,0,0,0,0,0,0,0,0,0,0,0,0,0,0,0,0,0,0,0,0,0,0
GF6_B8_D91,0,31.81388,0,0.64463,11.46753,0,43.83914,0,0,0,0,12.23483,0,0,0,0,0,0,0,0,0,0,0,0,0,0,0,0,0,0,0,0,0,0,0,0
GF6_B9_D66,0,0,0,0,7.48158,0,66.27248,0,0,0.11763,0,26.12831,0,0,0,0,0,0,0,0,0,0,0,0,0,0,0,0,0,0,0,0,0,0,0,0
GF6_GFPBS1_COLON,0,0,0,0,0,0,0,0,0,0,0,100,0,0,0,0,0,0,0,0,0,0,0,0,0,0,0,0,0,0,0,0,0,0,0,0
GF6_GFPBS2_COLON,0,0,0,0,0,0,0,0,0,0,0,100,0,0,0,0,0,0,0,0,0,0,0,0,0,0,0,0,0,0,0,0,0,0,0,0
GF6_GFPBS3_COLON,0,0,0,0,0,0,0,0,0,0,0,100,0,0,0,0,0,0,0,0,0,0,0,0,0,0,0,0,0,0,0,0,0,0,0,0
GF6_INOC,3.35487,4.35527,3.37246,45.74954,7.64092,0,27.68836,0,5.26107,0.49547,0,2.08204,0,0,0,0,0,0,0,0,0,0,0,0,0,0,0,0,0,0,0,0,0,0,0,0
GF6_WATER_H11,0,5.65997,0,77.69976,9.21464,0,7.34031,0,0,0,0,0.08532,0,0,0,0,0,0,0,0,0,0,0,0,0,0,0,0,0,0,0,0,0,0,0,0
GF7_A1_COLON_D47,3.00251,0.64879,0,0,9.31484,0,47.69723,0,0,0,0,8.67163,19.60945,0,0,0,0,6.64368,1.68468,1.57537,1.1518,0,0,0,0,0,0,0,0,0,0,0,0,0,0,0
GF7_A3_COLON_D47,0,2.08882,0,0,21.88013,0,31.50146,0,0,0,0,12.33405,32.19554,0,0,0,0,0,0,0,0,0,0,0,0,0,0,0,0,0,0,0,0,0,0,0
GF7_A4_COLON_D47,9.88756,1.37121,0,0,6.80734,0,41.1775,0,0,0,0,13.60378,27.15261,0,0,0,0,0,0,0,0,0,0,0,0,0,0,0,0,0,0,0,0,0,0,0
GF7_A5_COLON_D47,1.69518,0,0,0,3.87467,0,53.06524,0,0,0,0,22.0139,19.35101,0,0,0,0,0,0,0,0,0,0,0,0,0,0,0,0,0,0,0,0,0,0,0
GF7_A6_COLON_D47,2.86466,1.31192,0,0,7.03936,0,54.14515,0,0,0,0,16.79217,17.84674,0,0,0,0,0,0,0,0,0,0,0,0,0,0,0,0,0,0,0,0,0,0,0
GF7_A7_COLON_D47,0,0,0,0,17.06225,0,27.34183,0,0,0,0,12.66429,42.93163,0,0,0,0,0,0,0,0,0,0,0,0,0,0,0,0,0,0,0,0,0,0,0
GF7_ADAM_D0,0,0,0,0,0,0,0,0,0,0,0,0,0,0,0,0,0,0,0,0,0,0,0,0,0,0,0,0,0,100,0,0,0,0,0,0
GF7_ADAM_D5,0.66697,1.32836,0.05416,41.07933,5.7567,0,26.10646,0,16.14243,0.07254,0,8.79305,0,0,0,0,0,0,0,0,0,0,0,0,0,0,0,0,0,0,0,0,0,0,0,0
GF7_ADAM_D78,3.15543,1.53942,4.41353,45.95058,5.71965,0,26.84908,0,8.50978,0.72473,0,3.13781,0,0,0,0,0,0,0,0,0,0,0,0,0,0,0,0,0,0,0,0,0,0,0,0
GF7_ASIRE_D36,3.82568,3.06225,1.80472,0,18.09683,0,40.76869,0,6.75266,2.08675,0,6.40222,16.77449,0,0,0.42571,0,0,0,0,0,0,0,0,0,0,0,0,0,0,0,0,0,0,0,0
GF7_B1_COLON_D47,2.43833,2.53792,1.24397,0,11.53697,0,63.45403,0,6.10125,0.77226,0,0.74379,9.76863,0,0,1.40286,0,0,0,0,0,0,0,0,0,0,0,0,0,0,0,0,0,0,0,0
GF7_B1_D30,0,3.38503,0,0,92.80833,0,2.75989,0,0,0,0,0.99348,0.05326,0,0,0,0,0,0,0,0,0,0,0,0,0,0,0,0,0,0,0,0,0,0,0
GF7_B1_D31,3.97414,1.90577,0,0,73.35794,0,5.97637,0,0,0.10696,0,1.97688,12.70193,0,0,0,0,0,0,0,0,0,0,0,0,0,0,0,0,0,0,0,0,0,0,0
GF7_B1_D32,0,1.51046,0,0,26.64863,0,29.6834,0,0,0,0,13.3632,28.79431,0,0,0,0,0,0,0,0,0,0,0,0,0,0,0,0,0,0,0,0,0,0,0
GF7_B1_D33,0,0.79999,0,0,24.13219,0,27.33132,0,0,0,0,9.35196,38.38454,0,0,0,0,0,0,0,0,0,0,0,0,0,0,0,0,0,0,0,0,0,0,0
GF7_B1_D36,0,1.74851,0,0,24.03805,0,40.96728,0,0,0.27475,0,7.00699,25.96442,0,0,0,0,0,0,0,0,0,0,0,0,0,0,0,0,0,0,0,0,0,0,0
GF7_B2_COLON_D47,4.23189,3.17198,1.86219,0,10.67325,0,54.12543,0,7.50143,0.83767,0,5.01041,9.8953,0,0,2.69045,0,0,0,0,0,0,0,0,0,0,0,0,0,0,0,0,0,0,0,0
GF7_B2_D30,0,0.82848,0,0,97.95659,0,0.43847,0,0,0,0,0.73003,0.04643,0,0,0,0,0,0,0,0,0,0,0,0,0,0,0,0,0,0,0,0,0,0,0
GF7_B2_D34,0,1.2373,0,0,30.11682,0,27.4102,0,0,0,0,5.63457,35.6011,0,0,0,0,0,0,0,0,0,0,0,0,0,0,0,0,0,0,0,0,0,0,0
GF7_B2_D36,0,0.86662,0,0,36.73992,0,32.89637,0,0,0,0,8.51487,20.98222,0,0,0,0,0,0,0,0,0,0,0,0,0,0,0,0,0,0,0,0,0,0,0
GF7_B3_D30,0,1.04946,0,0,97.88692,0,0.49072,0,0,0,0,0.5729,0,0,0,0,0,0,0,0,0,0,0,0,0,0,0,0,0,0,0,0,0,0,0,0
GF7_B3_D31,0,2.96331,0,0,76.90344,0,17.27881,0,0,0,0,2.22202,0.63242,0,0,0,0,0,0,0,0,0,0,0,0,0,0,0,0,0,0,0,0,0,0,0
GF7_B3_D33,0,4.7071,0,0,24.84376,0,30.10295,0,0,0,0,11.67345,28.67273,0,0,0,0,0,0,0,0,0,0,0,0,0,0,0,0,0,0,0,0,0,0,0
GF7_B3_D36,0,4.15868,0,0,33.17427,0,23.09372,0,0,0.0916,0,7.44845,32.03328,0,0,0,0,0,0,0,0,0,0,0,0,0,0,0,0,0,0,0,0,0,0,0
GF7_B4_COLON_D47,2.34542,3.11124,0,0,36.42631,0,26.08081,0,6.1236,0.13073,0,6.63614,19.11383,0,0,0.03193,0,0,0,0,0,0,0,0,0,0,0,0,0,0,0,0,0,0,0,0
GF7_B4_D35,0,0.07011,0,0,12.66715,0,20.35296,0,0,0,0,8.52822,58.38157,0,0,0,0,0,0,0,0,0,0,0,0,0,0,0,0,0,0,0,0,0,0,0
GF7_B4_D36,0,0.79182,0,0,30.96998,0,10.99346,0,0,0,0,5.58039,51.66435,0,0,0,0,0,0,0,0,0,0,0,0,0,0,0,0,0,0,0,0,0,0,0
GF7_B5_COLON_D47,4.49762,4.16548,2.20333,0,15.6982,0,43.26439,0,7.15459,0.58997,0,6.05009,10.60289,0,0,5.77343,0,0,0,0,0,0,0,0,0,0,0,0,0,0,0,0,0,0,0,0
GF7_B5_D30,0.36055,3.34235,0,0,84.93829,0,7.85346,0,0,0,0,2.13624,1.36911,0,0,0,0,0,0,0,0,0,0,0,0,0,0,0,0,0,0,0,0,0,0,0
GF7_B5_D36,0,3.77015,0,0,35.36125,0,17.01446,0,0,0.15447,0,7.28261,36.41707,0,0,0,0,0,0,0,0,0,0,0,0,0,0,0,0,0,0,0,0,0,0,0
GF7_B6_COLON_D47,0,0,0,0,100,0,0,0,0,0,0,0,0,0,0,0,0,0,0,0,0,0,0,0,0,0,0,0,0,0,0,0,0,0,0,0
GF7_B8_COLON_D47,0,0,0,0,0,0,0,0,0,0,0,0,0,0,0,0,0,0,0,0,0,0,0,100,0,0,0,0,0,0,0,0,0,0,0,0
GF7_BDAM_D1,0,3.43427,0,0,50.65914,0,38.63996,0,0.49455,0,0,3.95187,2.82021,0,0,0,0,0,0,0,0,0,0,0,0,0,0,0,0,0,0,0,0,0,0,0
GF7_BDAM_D78,0.92277,8.88023,0,4.00992,18.7093,0,56.76119,0,6.17624,1.46914,0,3.0712,0,0,0,0,0,0,0,0,0,0,0,0,0,0,0,0,0,0,0,0,0,0,0,0
GF7_BSIRE_D12,4.60148,3.23542,2.67459,0,15.10682,0,34.83642,0,6.38053,0.39302,0,8.20275,22.03933,0,0,2.52964,0,0,0,0,0,0,0,0,0,0,0,0,0,0,0,0,0,0,0,0
GF7_BSIRE_D20,2.95225,2.37318,2.03949,0,4.64304,0,47.24787,0,5.61468,1.24377,0,10.19495,21.63689,0,0,2.05388,0,0,0,0,0,0,0,0,0,0,0,0,0,0,0,0,0,0,0,0
GF7_BSIRE_D36,2.19772,1.13697,1.20541,0,3.31145,0,60.61815,0,4.77706,0.83395,0,12.38047,13.02498,0,0,0.51384,0,0,0,0,0,0,0,0,0,0,0,0,0,0,0,0,0,0,0,0
GF7_C1_COLON_D47,0,2.55381,0,0,8.16922,0,71.22042,0,5.78855,1.10233,0,3.80111,7.36456,0,0,0,0,0,0,0,0,0,0,0,0,0,0,0,0,0,0,0,0,0,0,0
GF7_C1_D30,0.435,2.64286,0,0,85.25968,0,8.33893,0,0,0,0,2.21614,1.10739,0,0,0,0,0,0,0,0,0,0,0,0,0,0,0,0,0,0,0,0,0,0,0
GF7_C1_D34,0,100,0,0,0,0,0,0,0,0,0,0,0,0,0,0,0,0,0,0,0,0,0,0,0,0,0,0,0,0,0,0,0,0,0,0
GF7_C1_D36,0,0.6761,0,0,20.16527,0,29.11466,0,0,0,0,6.2246,43.81937,0,0,0,0,0,0,0,0,0,0,0,0,0,0,0,0,0,0,0,0,0,0,0
GF7_C2_COLON_D47,0,4.99452,0,0,21.20886,0,47.37758,0,7.83072,0.59474,0,0.52232,17.47126,0,0,0,0,0,0,0,0,0,0,0,0,0,0,0,0,0,0,0,0,0,0,0
GF7_C2_D30,0,2.00575,0,0,79.61019,0,1.32419,0,0,16.40104,0,0.40607,0.25275,0,0,0,0,0,0,0,0,0,0,0,0,0,0,0,0,0,0,0,0,0,0,0
GF7_C2_D32,0,100,0,0,0,0,0,0,0,0,0,0,0,0,0,0,0,0,0,0,0,0,0,0,0,0,0,0,0,0,0,0,0,0,0,0
GF7_C2_D33,0,99.3843,0,0,0,0,0,0,0,0,0,0,0,0,0,0,0,0,0,0,0,0,0,0,0,0,0,0,0,0.6157,0,0,0,0,0,0
GF7_C2_D36,0,7.84593,0,0,22.32261,0,37.42467,0,0,0.0423,0,6.1302,26.2343,0,0,0,0,0,0,0,0,0,0,0,0,0,0,0,0,0,0,0,0,0,0,0
GF7_C3_COLON_D47,0,3.53297,0,0,17.95474,0,48.85424,0,7.79211,2.09275,0,3.58056,16.19263,0,0,0,0,0,0,0,0,0,0,0,0,0,0,0,0,0,0,0,0,0,0,0
GF7_C3_D30,0,0,0,0,99.85691,0,0,0,0,0,0,0,0.14309,0,0,0,0,0,0,0,0,0,0,0,0,0,0,0,0,0,0,0,0,0,0,0
GF7_C3_D31,0,1.2602,0,0,98.7398,0,0,0,0,0,0,0,0,0,0,0,0,0,0,0,0,0,0,0,0,0,0,0,0,0,0,0,0,0,0,0
GF7_C3_D33,0,100,0,0,0,0,0,0,0,0,0,0,0,0,0,0,0,0,0,0,0,0,0,0,0,0,0,0,0,0,0,0,0,0,0,0
GF7_C3_D34,0,89.02347,0,0,0,0,0,0,0,0.11346,0,5.73106,5.13201,0,0,0,0,0,0,0,0,0,0,0,0,0,0,0,0,0,0,0,0,0,0,0
GF7_C4_COLON_D47,0,3.27093,0,0,12.55398,0,59.67576,0,7.84633,1.26478,0,3.41758,11.97064,0,0,0,0,0,0,0,0,0,0,0,0,0,0,0,0,0,0,0,0,0,0,0
GF7_C4_D31,0,1.82193,0,0,92.41965,0,0.05732,0,0,5.23284,0,0.46827,0,0,0,0,0,0,0,0,0,0,0,0,0,0,0,0,0,0,0,0,0,0,0,0
GF7_C4_D32,0,7.4399,0,0,88.16373,0,0,0,0,0,0,0,4.39636,0,0,0,0,0,0,0,0,0,0,0,0,0,0,0,0,0,0,0,0,0,0,0
GF7_CONTAMINANT,0,6.31616,0,0,0,0,0.44722,0,0,0,0,1.74343,0,0,0,0,0,91.4932,0,0,0,0,0,0,0,0,0,0,0,0,0,0,0,0,0,0
GF7_INOC,0,8.22939,0,0,82.15489,0.14992,1.3406,0,4.25532,0,0,0.52694,3.34294,0,0,0,0,0,0,0,0,0,0,0,0,0,0,0,0,0,0,0,0,0,0,0
GF7_WATER,0,0,0,0,100,0,0,0,0,0,0,0,0,0,0,0,0,0,0,0,0,0,0,0,0,0,0,0,0,0,0,0,0,0,0,0
GF8_A1_COLON_D46,0.84779,0.78921,0.16584,0,11.90436,0,39.91397,0,3.96145,0.35902,0,10.17762,31.85846,0,0,0,0.02228,0,0,0,0,0,0,0,0,0,0,0,0,0,0,0,0,0,0,0
GF8_A1_D30,0.33074,2.29167,0.28834,0,36.47944,0,29.07505,0,6.59042,0.68928,0,7.56851,16.46566,0,0,0.22087,0,0,0,0,0,0,0,0,0,0,0,0,0,0,0,0,0,0,0,0
GF8_A1_D33,0,0,0,0,100,0,0,0,0,0,0,0,0,0,0,0,0,0,0,0,0,0,0,0,0,0,0,0,0,0,0,0,0,0,0,0
GF8_A1_D35,0,0,0,0,54.9373,0,26.8106,0,2.46023,0,0,7.8887,7.90318,0,0,0,0,0,0,0,0,0,0,0,0,0,0,0,0,0,0,0,0,0,0,0
GF8_A2_COLON_D46,1.3721,1.31868,0.36331,0,11.63449,0,43.47074,0,6.94704,0.35437,0,18.60729,14.56684,0,0,1.26143,0.10369,0,0,0,0,0,0,0,0,0,0,0,0,0,0,0,0,0,0,0
GF8_A2_D30,0,3.71126,0,1.3621,90.35208,0,3.87654,0,0,0,0,0.69803,0,0,0,0,0,0,0,0,0,0,0,0,0,0,0,0,0,0,0,0,0,0,0,0
GF8_A2_D35,0,0,0,0,83.44607,0,2.91936,0,0,0,0,2.39996,11.23461,0,0,0,0,0,0,0,0,0,0,0,0,0,0,0,0,0,0,0,0,0,0,0
GF8_A3_D30,0,1.98807,0,0.45107,81.46577,0,8.75241,0,0.76699,0,0,3.16052,3.41517,0,0,0,0,0,0,0,0,0,0,0,0,0,0,0,0,0,0,0,0,0,0,0
GF8_A4_D30,0,0.72641,0,29.94613,49.53225,0,16.62484,0,0,0,0,3.17038,0,0,0,0,0,0,0,0,0,0,0,0,0,0,0,0,0,0,0,0,0,0,0,0
GF8_A4_D31,0,0,0,0,100,0,0,0,0,0,0,0,0,0,0,0,0,0,0,0,0,0,0,0,0,0,0,0,0,0,0,0,0,0,0,0
GF8_A4_D32,0,0,0,0,95.58967,0,0,0,0,0,0,0,4.41033,0,0,0,0,0,0,0,0,0,0,0,0,0,0,0,0,0,0,0,0,0,0,0
GF8_A4_D33,0,0.49454,0,0,99.50546,0,0,0,0,0,0,0,0,0,0,0,0,0,0,0,0,0,0,0,0,0,0,0,0,0,0,0,0,0,0,0
GF8_A5_D30,0,0,0,3.98013,95.92299,0,0.09688,0,0,0,0,0,0,0,0,0,0,0,0,0,0,0,0,0,0,0,0,0,0,0,0,0,0,0,0,0
GF8_A7_D32,0,0.02295,0,0,23.48016,0,30.60009,0,0.18687,0,0,6.0082,39.70173,0,0,0,0,0,0,0,0,0,0,0,0,0,0,0,0,0,0,0,0,0,0,0
GF8_ADAM_D0,1.87348,2.0768,1.17413,0.45315,15.28683,0,50.72124,0,5.35109,1.26415,0,1.54793,19.53585,0,0,0.71535,0,0,0,0,0,0,0,0,0,0,0,0,0,0,0,0,0,0,0,0
GF8_B1_COLON_D46,0.59897,1.67006,0.19255,0,12.68565,0,45.19133,0,5.31262,0.94689,0,16.28249,16.59344,0,0,0.526,0,0,0,0,0,0,0,0,0,0,0,0,0,0,0,0,0,0,0,0
GF8_B1_D31,0,0.34931,0,0,99.65069,0,0,0,0,0,0,0,0,0,0,0,0,0,0,0,0,0,0,0,0,0,0,0,0,0,0,0,0,0,0,0
GF8_B1_D32,0,2.63715,0,0.24956,42.85449,0,26.84927,0,0.11823,0,0,6.69775,20.59356,0,0,0,0,0,0,0,0,0,0,0,0,0,0,0,0,0,0,0,0,0,0,0
GF8_B1_D34,0,0.32185,0.105,0,21.63118,0,29.2387,0,0.84089,0.09322,0,5.94493,41.82424,0,0,0,0,0,0,0,0,0,0,0,0,0,0,0,0,0,0,0,0,0,0,0
GF8_B2_D32,0.02206,1.59979,0,0,18.60587,0,31.56291,0,0.43967,0,0,7.26012,40.50958,0,0,0,0,0,0,0,0,0,0,0,0,0,0,0,0,0,0,0,0,0,0,0
GF8_B3_D46,0,0,0,2.28761,58.42488,0,15.78338,0,3.96176,0,0,9.03691,10.50546,0,0,0,0,0,0,0,0,0,0,0,0,0,0,0,0,0,0,0,0,0,0,0
GF8_B4_COLON_D46,0.4254,1.01849,0.37161,0,10.05913,0,49.12382,0,4.98862,0.13327,0,19.48411,12.64927,0,0,1.7463,0,0,0,0,0,0,0,0,0,0,0,0,0,0,0,0,0,0,0,0
GF8_B4_D30,0,3.48619,0,0,90.49922,0,1.7096,0,0,0,0,1.72951,2.57547,0,0,0,0,0,0,0,0,0,0,0,0,0,0,0,0,0,0,0,0,0,0,0
GF8_B4_D33,0,1.19792,0,0,23.74693,0,30.65823,0,0,0,0,10.2201,34.17682,0,0,0,0,0,0,0,0,0,0,0,0,0,0,0,0,0,0,0,0,0,0,0
GF8_B5_COLON_D46,0.50992,0.76287,0.03581,0,24.26581,0,42.36075,0,3.86904,0.57637,0,17.57446,9.58108,0,0,0.4639,0,0,0,0,0,0,0,0,0,0,0,0,0,0,0,0,0,0,0,0
GF8_B5_D34,0.41504,0.80882,0.20196,0,14.35269,0,33.65439,0,2.86821,0.22258,0,6.66828,40.80802,0,0,0,0,0,0,0,0,0,0,0,0,0,0,0,0,0,0,0,0,0,0,0
GF8_B5_D35,0,0.17001,0,0,30.43551,0,19.60887,0,0,0,0,8.51024,41.27537,0,0,0,0,0,0,0,0,0,0,0,0,0,0,0,0,0,0,0,0,0,0,0
GF8_B6_COLON_D46,1.37341,0.95033,0.44749,0,4.6033,0,50.9792,0,4.78319,1.01474,0,24.07781,11.00274,0,0,0.76779,0,0,0,0,0,0,0,0,0,0,0,0,0,0,0,0,0,0,0,0
GF8_B6_D30,0,1.93449,0,0.02283,81.42792,0,9.03161,0,0,0,0,2.21704,5.36611,0,0,0,0,0,0,0,0,0,0,0,0,0,0,0,0,0,0,0,0,0,0,0
GF8_B6_D33,0,10.27133,0,0,22.31239,0,24.44208,0,0,0,0,15.82297,27.15123,0,0,0,0,0,0,0,0,0,0,0,0,0,0,0,0,0,0,0,0,0,0,0
GF8_B6_D34,0.00724,1.21737,0,0,16.81345,0,33.54683,0,0.67841,0.09003,0,7.70683,39.93983,0,0,0,0,0,0,0,0,0,0,0,0,0,0,0,0,0,0,0,0,0,0,0
GF8_B6_D35,0,0.26635,0,0,34.51514,0,19.98248,0,0,0.05212,0,9.04021,36.14371,0,0,0,0,0,0,0,0,0,0,0,0,0,0,0,0,0,0,0,0,0,0,0
GF8_B7_D33,0,11.50673,0,0,47.83949,0,11.67189,0,0,0,0,5.07645,23.90545,0,0,0,0,0,0,0,0,0,0,0,0,0,0,0,0,0,0,0,0,0,0,0
GF8_C1_COLON_D46,0,0.79122,0,0,10.52712,0,49.33023,0,4.78501,1.15417,0,20.24452,13.16774,0,0,0,0,0,0,0,0,0,0,0,0,0,0,0,0,0,0,0,0,0,0,0
GF8_C1_D31,0,0,0,0,100,0,0,0,0,0,0,0,0,0,0,0,0,0,0,0,0,0,0,0,0,0,0,0,0,0,0,0,0,0,0,0
GF8_C1_D32,0,14.15032,0,0,44.31878,0,16.18227,0,1.79779,0,0,5.71683,17.83401,0,0,0,0,0,0,0,0,0,0,0,0,0,0,0,0,0,0,0,0,0,0,0
GF8_C1_D33,0,0,0,0,43.79481,0,5.32113,0,0,0,0,3.55279,47.33128,0,0,0,0,0,0,0,0,0,0,0,0,0,0,0,0,0,0,0,0,0,0,0
GF8_C1_D34,0.40763,3.62958,0.28804,0,14.01387,0,38.57473,0,5.4796,0.60817,0,9.63382,27.15041,0,0,0.21414,0,0,0,0,0,0,0,0,0,0,0,0,0,0,0,0,0,0,0,0
GF8_C2_COLON_D46,0,0.77471,0,0,23.0354,0,39.9124,0,4.83659,0.51365,0,18.72703,12.20022,0,0,0,0,0,0,0,0,0,0,0,0,0,0,0,0,0,0,0,0,0,0,0
GF8_C2_D30,0,1.03686,0,17.69662,42.67261,0,30.74626,0,0,0,0,6.02411,1.82354,0,0,0,0,0,0,0,0,0,0,0,0,0,0,0,0,0,0,0,0,0,0,0
GF8_C2_D31,0,0,0,0,100,0,0,0,0,0,0,0,0,0,0,0,0,0,0,0,0,0,0,0,0,0,0,0,0,0,0,0,0,0,0,0
GF8_C3_D30,0.21603,2.13814,0.37046,0,79.60396,0,10.57522,0,0.80453,0.02551,0,0.94641,5.31976,0,0,0,0,0,0,0,0,0,0,0,0,0,0,0,0,0,0,0,0,0,0,0
GF8_C4_COLON_D46,0,1.01128,0,0,24.97188,0,38.19025,0,4.12814,0.39441,0,17.95586,13.34817,0,0,0,0,0,0,0,0,0,0,0,0,0,0,0,0,0,0,0,0,0,0,0
GF8_C4_D30,0.17172,2.43946,0.15265,0,79.86496,0,10.63418,0,0.89244,0,0,1.02588,4.81872,0,0,0,0,0,0,0,0,0,0,0,0,0,0,0,0,0,0,0,0,0,0,0
GF8_C4_D35,0,5.53532,0,0,14.50204,0,37.25101,0,0,0,0,9.99993,32.7117,0,0,0,0,0,0,0,0,0,0,0,0,0,0,0,0,0,0,0,0,0,0,0
GF8_C5_COLON_D46,0,2.3428,0,0,25.20044,0,36.36392,0,3.85553,0.48337,0,13.88914,17.8648,0,0,0,0,0,0,0,0,0,0,0,0,0,0,0,0,0,0,0,0,0,0,0
GF8_C5_D30,0,0.27877,0,0,98.78815,0,0.81135,0,0,0,0,0.12173,0,0,0,0,0,0,0,0,0,0,0,0,0,0,0,0,0,0,0,0,0,0,0,0
GF8_C5_D35,0,4.21242,0,0,18.85006,0,38.17266,0,4.0071,1.07344,0,8.58019,25.10412,0,0,0,0,0,0,0,0,0,0,0,0,0,0,0,0,0,0,0,0,0,0,0
GF8_C6_COLON_D46,0,1.37025,0.24304,0,30.50077,0,29.65441,0,4.07365,0.48119,0,12.05717,21.61953,0,0,0,0,0,0,0,0,0,0,0,0,0,0,0,0,0,0,0,0,0,0,0
GF8_C6_D30,0,0.71272,0,0,98.88733,0,0.39995,0,0,0,0,0,0,0,0,0,0,0,0,0,0,0,0,0,0,0,0,0,0,0,0,0,0,0,0,0
GF8_C6_D32,0,55.10059,0,0,44.89941,0,0,0,0,0,0,0,0,0,0,0,0,0,0,0,0,0,0,0,0,0,0,0,0,0,0,0,0,0,0,0
GF8_C6_D34,0,18.23153,0,0,11.46453,0,32.06875,0,0,0,0,9.4734,28.76179,0,0,0,0,0,0,0,0,0,0,0,0,0,0,0,0,0,0,0,0,0,0,0
GF8_C7_COLON_D46,0.23909,1.83472,0.36956,0,30.80911,0,30.63032,0,5.1248,0.64334,0,4.27007,26.079,0,0,0,0,0,0,0,0,0,0,0,0,0,0,0,0,0,0,0,0,0,0,0
GF8_C7_D30,0,0,0,0,100,0,0,0,0,0,0,0,0,0,0,0,0,0,0,0,0,0,0,0,0,0,0,0,0,0,0,0,0,0,0,0
GF8_C7_D33,0,3.95398,0,0,28.47029,0,29.25297,0,3.48304,0,0,7.31503,27.52468,0,0,0,0,0,0,0,0,0,0,0,0,0,0,0,0,0,0,0,0,0,0,0
GF8_C7_D35,0,2.36235,0.41303,0,25.06576,0,30.41734,0,5.20647,0.87777,0,7.04273,28.61457,0,0,0,0,0,0,0,0,0,0,0,0,0,0,0,0,0,0,0,0,0,0,0
GF8_INOC,2.36205,1.78116,1.08652,0.94257,14.73738,0,55.10818,0,4.14159,1.29641,0,2.70468,15.05938,0,0,0.78009,0,0,0,0,0,0,0,0,0,0,0,0,0,0,0,0,0,0,0,0
GF9_A_DAM_D0,0.06665,1.23108,0,0,36.75842,0,36.33601,0,4.1846,0.61606,0,5.04991,15.75726,0,0,0,0,0,0,0,0,0,0,0,0,0,0,0,0,0,0,0,0,0,0,0
GF9_A1_COLON_D33,0,17.77745,0,0,48.93375,0,0,0,0,33.28879,0,0,0,0,0,0,0,0,0,0,0,0,0,0,0,0,0,0,0,0,0,0,0,0,0,0
GF9_A1_D16,0,1.21081,0,0,46.02249,0,30.25602,0,3.71605,0.6046,0,5.51702,12.67301,0,0,0,0,0,0,0,0,0,0,0,0,0,0,0,0,0,0,0,0,0,0,0
GF9_A1_D19,0,2.04157,0,4.98897,32.11705,0,31.75193,0,0,0,0,13.82392,15.27656,0,0,0,0,0,0,0,0,0,0,0,0,0,0,0,0,0,0,0,0,0,0,0
GF9_A1_D20,0,4.84791,0,0,24.94251,0,34.8607,0,0,0,0,9.16047,26.18842,0,0,0,0,0,0,0,0,0,0,0,0,0,0,0,0,0,0,0,0,0,0,0
GF9_A1_D21,0,1.17944,0,0,48.6473,0,17.11024,0,0,0,0,2.63504,30.42797,0,0,0,0,0,0,0,0,0,0,0,0,0,0,0,0,0,0,0,0,0,0,0
GF9_A2_COLON_D33,0,0,0,0,1.63131,0,50.08089,0,11.6603,0,0,19.46987,17.15763,0,0,0,0,0,0,0,0,0,0,0,0,0,0,0,0,0,0,0,0,0,0,0
GF9_A2_D21,0.10801,2.7594,0,0,36.0721,0,20.4763,0,1.18238,0.17956,0,4.13552,35.08672,0,0,0,0,0,0,0,0,0,0,0,0,0,0,0,0,0,0,0,0,0,0,0
GF9_A3_COLON_D33,0.08641,5.29283,0,0,11.38667,0,39.91472,0,5.49608,1.2892,0,21.24293,15.14708,0,0,0.14408,0,0,0,0,0,0,0,0,0,0,0,0,0,0,0,0,0,0,0,0
GF9_A3_D18,0,1.99392,0.07579,0,44.34275,0,18.62658,0,5.15913,0.93808,0,2.11791,26.74584,0,0,0,0,0,0,0,0,0,0,0,0,0,0,0,0,0,0,0,0,0,0,0
GF9_A3_D19,0,4.07406,0,0,51.14108,0,8.80491,0,0,0,0,11.34642,24.63353,0,0,0,0,0,0,0,0,0,0,0,0,0,0,0,0,0,0,0,0,0,0,0
GF9_A3_D21,0,1.34615,0,0,36.99146,0,14.16531,0,0.36445,0,0,2.88447,44.24817,0,0,0,0,0,0,0,0,0,0,0,0,0,0,0,0,0,0,0,0,0,0,0
GF9_A4_COLON_D33,0.14006,7.10403,0,0,19.52652,0,36.01829,0,6.11879,1.57181,0,10.26564,19.23964,0,0,0.01522,0,0,0,0,0,0,0,0,0,0,0,0,0,0,0,0,0,0,0,0
GF9_A4_D16,0,0.91545,0,0,75.61321,0,11.36037,0,1.7097,0.75879,0,2.73032,6.91216,0,0,0,0,0,0,0,0,0,0,0,0,0,0,0,0,0,0,0,0,0,0,0
GF9_A4_D17,0.127,1.42689,0.11817,0,33.34756,0,33.39227,0,4.62946,0.70803,0,5.10526,21.14536,0,0,0,0,0,0,0,0,0,0,0,0,0,0,0,0,0,0,0,0,0,0,0
GF9_A4_D18,0,2.18968,0.05248,0,40.65238,0,28.17219,0,4.47597,0.61802,0,5.76528,18.07399,0,0,0,0,0,0,0,0,0,0,0,0,0,0,0,0,0,0,0,0,0,0,0
GF9_A4_D19,0,8.27111,0,0,57.13255,0,22.61518,0,0,0,0,5.66738,6.31378,0,0,0,0,0,0,0,0,0,0,0,0,0,0,0,0,0,0,0,0,0,0,0
GF9_A4_D20,0,9.30427,0,0,30.81726,0,25.95501,0,0,0.27499,0,10.41666,23.23182,0,0,0,0,0,0,0,0,0,0,0,0,0,0,0,0,0,0,0,0,0,0,0
GF9_A5_COLON_D33,0.23207,5.03168,0,0,16.63864,0,40.82329,0,3.64305,2.02581,0,11.83851,19.76695,0,0,0,0,0,0,0,0,0,0,0,0,0,0,0,0,0,0,0,0,0,0,0
GF9_A5_D18,0,1.9272,0.02874,0,41.40973,0,28.66719,0,3.7851,0.51204,0,5.70755,17.96245,0,0,0,0,0,0,0,0,0,0,0,0,0,0,0,0,0,0,0,0,0,0,0
GF9_A5_D19,0,22.61763,0,0,41.5625,0,15.37673,0,0,0,0,4.63782,15.80532,0,0,0,0,0,0,0,0,0,0,0,0,0,0,0,0,0,0,0,0,0,0,0
GF9_A6_COLON_D33,0.42171,5.35314,0,0,11.72169,0,43.01388,0,3.86563,2.08501,0,17.70457,15.07171,0,0,0.76264,0,0,0,0,0,0,0,0,0,0,0,0,0,0,0,0,0,0,0,0
GF9_A6_D16,0.65596,1.43455,0.23046,0,39.78949,0,32.14908,0,4.45865,0.94311,0,7.89028,11.98026,0,0,0.45923,0.0089,0,0,0,0,0,0,0,0,0,0,0,0,0,0,0,0,0,0,0
GF9_A6_D21,0,1.15269,0,0,24.29081,0,29.7415,0,0,0,0,5.24067,39.57432,0,0,0,0,0,0,0,0,0,0,0,0,0,0,0,0,0,0,0,0,0,0,0
GF9_A7_D16,0,1.3308,0,0,98.20191,0,0.27176,0,0,0,0,0.19553,0,0,0,0,0,0,0,0,0,0,0,0,0,0,0,0,0,0,0,0,0,0,0,0
GF9_A7_D20,0,11.34315,0,0,34.13754,0,21.08166,0,0.1814,0.39224,0,9.44681,23.41719,0,0,0,0,0,0,0,0,0,0,0,0,0,0,0,0,0,0,0,0,0,0,0
GF9_C1_COLON_D33,0,0.54439,0.01806,0,7.52409,0,55.0429,0,7.17897,0.47959,0,17.36596,11.84604,0,0,0,0,0,0,0,0,0,0,0,0,0,0,0,0,0,0,0,0,0,0,0
GF9_C1_D16,0,1.80216,0,0,91.12947,0,3.70159,0,0.11847,0,0,2.52883,0.71948,0,0,0,0,0,0,0,0,0,0,0,0,0,0,0,0,0,0,0,0,0,0,0
GF9_C1_D17,0,1.45167,0,0,58.99448,0,21.64257,0,1.9065,0.16618,0,2.98093,12.85768,0,0,0,0,0,0,0,0,0,0,0,0,0,0,0,0,0,0,0,0,0,0,0
GF9_C1_D19,0,44.7259,0,0,19.9857,0,12.61661,0,0,0,0,2.36386,20.30793,0,0,0,0,0,0,0,0,0,0,0,0,0,0,0,0,0,0,0,0,0,0,0
GF9_C1_D21,0,7.58516,0,0,9.67925,0,29.36502,0,0,0.24408,0,5.37802,47.74847,0,0,0,0,0,0,0,0,0,0,0,0,0,0,0,0,0,0,0,0,0,0,0
GF9_C2_COLON_D33,0,0.97762,0,0,5.53418,0,58.07927,0,5.86483,0.68961,0,16.25698,12.5975,0,0,0,0,0,0,0,0,0,0,0,0,0,0,0,0,0,0,0,0,0,0,0
GF9_C2_D16,0,2.00187,0.09126,0,40.573,0,26.86158,0,4.47206,0.71178,0,5.45877,19.82968,0,0,0,0,0,0,0,0,0,0,0,0,0,0,0,0,0,0,0,0,0,0,0
GF9_C2_D18,0,2.83171,0,0,35.71822,0,29.4679,0,5.32208,0.5658,0,7.00025,19.09403,0,0,0,0,0,0,0,0,0,0,0,0,0,0,0,0,0,0,0,0,0,0,0
GF9_C2_D21,0,2.25875,0,0,14.09254,0,42.54182,0,6.22433,0.65413,0,9.82216,24.40627,0,0,0,0,0,0,0,0,0,0,0,0,0,0,0,0,0,0,0,0,0,0,0
GF9_C3_D16,0,2.055,0.03462,0,31.78993,0,32.60951,0,4.6869,0.94734,0,6.41614,21.46056,0,0,0,0,0,0,0,0,0,0,0,0,0,0,0,0,0,0,0,0,0,0,0
GF9_C3_D17,0,1.94575,0.00916,0,64.62935,0,15.66282,0,2.59429,0.51514,0,2.67841,11.96508,0,0,0,0,0,0,0,0,0,0,0,0,0,0,0,0,0,0,0,0,0,0,0
GF9_C3_D19,0,58.18507,0,0,9.6051,0,12.07543,0,0,0,0,3.88391,16.25049,0,0,0,0,0,0,0,0,0,0,0,0,0,0,0,0,0,0,0,0,0,0,0
GF9_C3_D20,0,36.06277,0,0,14.88229,0,18.04683,0,0,0,0,8.18983,22.81828,0,0,0,0,0,0,0,0,0,0,0,0,0,0,0,0,0,0,0,0,0,0,0
GF9_C3_D21,0,36.02118,0,0,16.90448,0,13.25849,0,0,0,0,3.86023,29.95562,0,0,0,0,0,0,0,0,0,0,0,0,0,0,0,0,0,0,0,0,0,0,0
GF9_C4_COLON_D33,0,1.17035,0,0,9.18207,0,45.35287,0,5.70618,0.69624,0,20.42049,17.47178,0,0,0,0,0,0,0,0,0,0,0,0,0,0,0,0,0,0,0,0,0,0,0
GF9_C4_D16,0,3.21801,0.11098,0,18.45366,0,37.76506,0,4.83244,0.97031,0,7.51608,27.13347,0,0,0,0,0,0,0,0,0,0,0,0,0,0,0,0,0,0,0,0,0,0,0
GF9_C4_D17,0,0.63913,0,0,78.18869,0,9.22342,0,1.60685,0,0,1.76816,8.57375,0,0,0,0,0,0,0,0,0,0,0,0,0,0,0,0,0,0,0,0,0,0,0
GF9_C4_D19,0,16.45189,0,0,12.61912,0,34.98792,0,0,0,0,9.02933,26.91174,0,0,0,0,0,0,0,0,0,0,0,0,0,0,0,0,0,0,0,0,0,0,0
GF9_C5_COLON_D33,0,0.9392,0,0,7.72178,0,55.97177,0,6.45039,1.1004,0,15.13881,12.67765,0,0,0,0,0,0,0,0,0,0,0,0,0,0,0,0,0,0,0,0,0,0,0
GF9_C5_D17,0,1.38344,0.14909,0,73.07152,0,9.81682,0,1.6858,0.28853,0,1.51225,12.09254,0,0,0,0,0,0,0,0,0,0,0,0,0,0,0,0,0,0,0,0,0,0,0
GF9_C5_D18,0,0,0,0,38.78275,0,20.99739,0,4.27349,0,0,3.61517,32.33119,0,0,0,0,0,0,0,0,0,0,0,0,0,0,0,0,0,0,0,0,0,0,0
GF9_C5_D20,0,79.26772,0,0,8.45386,0,2.33891,0,0,0,0,3.78271,6.1568,0,0,0,0,0,0,0,0,0,0,0,0,0,0,0,0,0,0,0,0,0,0,0
GF9_C5_D21,0,17.41531,0,0,22.58451,0,26.27372,0,0.6083,1.77129,0,6.69785,24.64903,0,0,0,0,0,0,0,0,0,0,0,0,0,0,0,0,0,0,0,0,0,0,0
GF9_C6_COLON_D33,0,0.72286,0,0,7.95742,0,57.03045,0,6.58121,1.30067,0,15.67524,10.73215,0,0,0,0,0,0,0,0,0,0,0,0,0,0,0,0,0,0,0,0,0,0,0
GF9_C6_D16,0,1.75346,0.14556,0,36.99445,0,21.58995,0,4.81849,0.22684,0,4.98087,29.49039,0,0,0,0,0,0,0,0,0,0,0,0,0,0,0,0,0,0,0,0,0,0,0
GF9_C6_D20,0,12.59346,0,0,45.87691,0,14.01824,0,0,0,0,2.53187,24.97953,0,0,0,0,0,0,0,0,0,0,0,0,0,0,0,0,0,0,0,0,0,0,0
GF9_C6_D21,0,19.73128,0,0,21.78489,0,24.41257,0,1.04174,1.31294,0,7.39367,24.32291,0,0,0,0,0,0,0,0,0,0,0,0,0,0,0,0,0,0,0,0,0,0,0
GF9_C7_COLON_D33,0,0.97741,0,0,5.52354,0,59.42457,0,4.15726,0.72893,0,18.83577,10.35251,0,0,0,0,0,0,0,0,0,0,0,0,0,0,0,0,0,0,0,0,0,0,0
GF9_C7_D16,0,1.36911,0.2201,0,35.1427,0,27.91316,0,4.30362,0.80729,0,4.65504,25.58898,0,0,0,0,0,0,0,0,0,0,0,0,0,0,0,0,0,0,0,0,0,0,0
GF9_C7_D17,0,1.30032,0,0,66.00886,0,16.58223,0,2.66851,0.36224,0,2.9261,10.15174,0,0,0,0,0,0,0,0,0,0,0,0,0,0,0,0,0,0,0,0,0,0,0
GF9_INOC,0.25016,1.3865,0.26363,0,31.89756,0,39.31708,0,3.88223,1.00929,0,5.05718,16.93636,0,0,0,0,0,0,0,0,0,0,0,0,0,0,0,0,0,0,0,0,0,0,0
Gn3_6C_dam,5.98905,4.03412,4.15783,0,3.49105,0,59.74592,0,0,0.40453,0,0.76889,20.64921,0,0,0.75941,0,0,0,0,0,0,0,0,0,0,0,0,0,0,0,0,0,0,0,0
Gn3_6Cdam_Stool_210816,7.54124,9.55139,7.08683,0,5.79339,0,33.20254,0,0,0.31584,0,1.05325,34.8881,0,0,0.56742,0,0,0,0,0,0,0,0,0,0,0,0,0,0,0,0,0,0,0,0
Gn3_6Cdam_Stool_211105-1,0.24827,3.32839,0,50.07663,6.2752,0,9.36462,0,0,0,0,1.63905,29.06784,0,0,0,0,0,0,0,0,0,0,0,0,0,0,0,0,0,0,0,0,0,0,0
Gn3_6Cdam_Stool_211105-2,0.20061,3.19191,0,46.78695,6.5386,0,14.07134,0,0,0,0,2.48126,26.72932,0,0,0,0,0,0,0,0,0,0,0,0,0,0,0,0,0,0,0,0,0,0,0
Gn3_6Cdam_Stool_211105-3,0.12233,3.04077,0,40.78578,5.47576,0,14.63515,0,0,0,0,3.5926,32.34761,0,0,0,0,0,0,0,0,0,0,0,0,0,0,0,0,0,0,0,0,0,0,0
Gn3_6D_dam,5.44155,5.56005,6.36704,0,10.22861,0,12.91631,0,0,1.06261,0,0.09544,56.17476,0,0,2.15362,0,0,0,0,0,0,0,0,0,0,0,0,0,0,0,0,0,0,0,0
Gn3_6Ddam_Stool,8.05361,11.55143,7.74539,0,9.65467,0,22.13562,0,0,0.69768,0,0.58585,36.87046,0,0,2.70529,0,0,0,0,0,0,0,0,0,0,0,0,0,0,0,0,0,0,0,0
Gn3_6E_dam,7.59878,7.79158,7.41163,0,5.16403,0,33.26977,0,0,0.41888,0,0.54069,36.67786,0,0,1.12678,0,0,0,0,0,0,0,0,0,0,0,0,0,0,0,0,0,0,0,0
Gn3_6Edam_Stool,3.25365,9.27659,2.1902,0,5.55138,0,41.49496,0,0,0.20964,0,0.09103,37.30482,0,0,0.62772,0,0,0,0,0,0,0,0,0,0,0,0,0,0,0,0,0,0,0,0
Gn3_6F_dam,6.49781,4.16589,3.04198,0,3.94687,0,34.43385,0,0,1.57241,0,1.98718,41.75874,0,0,2.59528,0,0,0,0,0,0,0,0,0,0,0,0,0,0,0,0,0,0,0,0
Gn3_7A_dam_210806,5.79233,2.38721,3.82242,8.14327,0.43311,0,50.86709,0,0,0.4257,0,3.33789,23.26555,0,0,1.52542,0,0,0,0,0,0,0,0,0,0,0,0,0,0,0,0,0,0,0,0
Gn3_7A_dam,3.80595,3.58891,2.68968,2.82669,0.88884,0,46.65035,0,0,0.5034,0,1.35135,34.23428,0,0,3.46054,0,0,0,0,0,0,0,0,0,0,0,0,0,0,0,0,0,0,0,0
Gn3_7ADam_Stool_210806,4.33731,4.85079,2.06902,37.75589,1.88255,0,15.67796,0,0,0.47167,0,0.85784,31.16276,0,0,0.93421,0,0,0,0,0,0,0,0,0,0,0,0,0,0,0,0,0,0,0,0
Gn3_7Adam_Stool_210823,6.18814,4.35613,3.31383,39.06184,0.35821,0,21.40637,0,0,0.32824,0,1.26357,22.65143,0,0,1.07223,0,0,0,0,0,0,0,0,0,0,0,0,0,0,0,0,0,0,0,0
Gn3_7C_dam,0.78841,6.87761,0.45675,55.23694,4.60153,0,29.8374,0,0.27325,0.74386,0,1.18425,0,0,0,0,0,0,0,0,0,0,0,0,0,0,0,0,0,0,0,0,0,0,0,0
Gn3_7D_dam_210806,0,5.47291,0,61.92805,3.01481,0,27.06865,0,0.03263,0.45521,0,2.02774,0,0,0,0,0,0,0,0,0,0,0,0,0,0,0,0,0,0,0,0,0,0,0,0
Gn3_7D_dam_210818,0,4.91059,0,64.23431,7.45835,0,20.33349,0,0,0.9194,0,2.14387,0,0,0,0,0,0,0,0,0,0,0,0,0,0,0,0,0,0,0,0,0,0,0,0
Gn3_7E_dam,0.36399,12.28573,0.16737,45.14846,4.33158,0,33.27371,0,0,0.95977,0,3.46939,0,0,0,0,0,0,0,0,0,0,0,0,0,0,0,0,0,0,0,0,0,0,0,0
Gn3_7Edam_Stool,2.35416,11.55173,3.27367,63.11701,2.18452,0,16.11079,0,0,0.56144,0,0.84668,0,0,0,0,0,0,0,0,0,0,0,0,0,0,0,0,0,0,0,0,0,0,0,0
Gn3_7F_dam,1.81396,11.89288,0.16888,39.6409,7.6246,0,36.54203,0,0,1.50897,0,0.80779,0,0,0,0,0,0,0,0,0,0,0,0,0,0,0,0,0,0,0,0,0,0,0,0
Gn3_7Fdam_Stool,0.58965,8.67554,0.18667,49.16397,3.64193,0,31.42434,0,0,1.00985,0,5.30805,0,0,0,0,0,0,0,0,0,0,0,0,0,0,0,0,0,0,0,0,0,0,0,0
Gn3_8Ddam_Stool_211105-2,0,0,0,36.06718,56.58166,2.37767,0,0,0,0,0,0,0,0,0.78427,0,0,0,0,0,0,0,0,0,0,0,0,0,0,3.58397,0,0.60524,0,0,0,0
Gn3_A_Innoc,4.32003,5.71807,2.12917,0,15.53061,0,27.23074,0,5.28261,1.13158,0,9.59891,26.99102,0,0,2.06725,0,0,0,0,0,0,0,0,0,0,0,0,0,0,0,0,0,0,0,0
Gn3_A1_Cwash,0,0,0,0,100,0,0,0,0,0,0,0,0,0,0,0,0,0,0,0,0,0,0,0,0,0,0,0,0,0,0,0,0,0,0,0
Gn3_A1_Stool,0,3.04447,0,0,96.16607,0,0,0,0,0,0,0.78946,0,0,0,0,0,0,0,0,0,0,0,0,0,0,0,0,0,0,0,0,0,0,0,0
Gn3_A2_Cwash,0,0,0,0,100,0,0,0,0,0,0,0,0,0,0,0,0,0,0,0,0,0,0,0,0,0,0,0,0,0,0,0,0,0,0,0
Gn3_A3_Cwash,0,0,0,0,100,0,0,0,0,0,0,0,0,0,0,0,0,0,0,0,0,0,0,0,0,0,0,0,0,0,0,0,0,0,0,0
Gn3_A3_Stool_DoL10,0,1.7141,0,0,98.2859,0,0,0,0,0,0,0,0,0,0,0,0,0,0,0,0,0,0,0,0,0,0,0,0,0,0,0,0,0,0,0
Gn3_A3_Stool_DoL11,0,2.78062,0,0,97.21938,0,0,0,0,0,0,0,0,0,0,0,0,0,0,0,0,0,0,0,0,0,0,0,0,0,0,0,0,0,0,0
Gn3_A4_Cwash,0,0,0,0,100,0,0,0,0,0,0,0,0,0,0,0,0,0,0,0,0,0,0,0,0,0,0,0,0,0,0,0,0,0,0,0
Gn3_A5_Cwash,0,0,0,0,100,0,0,0,0,0,0,0,0,0,0,0,0,0,0,0,0,0,0,0,0,0,0,0,0,0,0,0,0,0,0,0
Gn3_A5_Stool_Dol10,0,2.07824,0,0,97.92176,0,0,0,0,0,0,0,0,0,0,0,0,0,0,0,0,0,0,0,0,0,0,0,0,0,0,0,0,0,0,0
Gn3_A5_Stool_dol11,0,4.74114,0,0,94.71664,0,0.38109,0,0,0,0,0.16112,0,0,0,0,0,0,0,0,0,0,0,0,0,0,0,0,0,0,0,0,0,0,0,0
Gn3_A5_Stool_dol12,0,2.56968,0,0,97.43032,0,0,0,0,0,0,0,0,0,0,0,0,0,0,0,0,0,0,0,0,0,0,0,0,0,0,0,0,0,0,0
Gn3_A6_Cwash,0,0,0,0,100,0,0,0,0,0,0,0,0,0,0,0,0,0,0,0,0,0,0,0,0,0,0,0,0,0,0,0,0,0,0,0
Gn3_AB_Innoc,2.6109,4.86155,2.93808,26.66766,9.01392,0,29.47792,0,6.69253,0.02183,0,6.16737,10.70679,0,0,0.84145,0,0,0,0,0,0,0,0,0,0,0,0,0,0,0,0,0,0,0,0
Gn3_AB10_Cwash,0,100,0,0,0,0,0,0,0,0,0,0,0,0,0,0,0,0,0,0,0,0,0,0,0,0,0,0,0,0,0,0,0,0,0,0
Gn3_AB10_Stool,0,0,0,0,100,0,0,0,0,0,0,0,0,0,0,0,0,0,0,0,0,0,0,0,0,0,0,0,0,0,0,0,0,0,0,0
Gn3_AB12_Stool,0,100,0,0,0,0,0,0,0,0,0,0,0,0,0,0,0,0,0,0,0,0,0,0,0,0,0,0,0,0,0,0,0,0,0,0
Gn3_AB6_Cwash,0,100,0,0,0,0,0,0,0,0,0,0,0,0,0,0,0,0,0,0,0,0,0,0,0,0,0,0,0,0,0,0,0,0,0,0
Gn3_AB6_Stool,0,8.88815,0,0,50.10092,0,0,0,0,41.01093,0,0,0,0,0,0,0,0,0,0,0,0,0,0,0,0,0,0,0,0,0,0,0,0,0,0
Gn3_AB7_Cwash,0,0,0,0,100,0,0,0,0,0,0,0,0,0,0,0,0,0,0,0,0,0,0,0,0,0,0,0,0,0,0,0,0,0,0,0
Gn3_AB7_Stool,0,3.44766,0,0,72.63678,0,0,0,0,23.91557,0,0,0,0,0,0,0,0,0,0,0,0,0,0,0,0,0,0,0,0,0,0,0,0,0,0
Gn3_AB8_Cwash,0,0,0,0,59.05595,0,0,0,0,40.94405,0,0,0,0,0,0,0,0,0,0,0,0,0,0,0,0,0,0,0,0,0,0,0,0,0,0
Gn3_AB8_Stool,0,4.31945,0,0.16827,57.64232,0,9.9813,0,0,27.47227,0,0.41638,0,0,0,0,0,0,0,0,0,0,0,0,0,0,0,0,0,0,0,0,0,0,0,0
Gn3_AB9_Stool,0,19.13476,0,4.11592,26.30443,0,0.92122,0,0,49.03017,0,0.08928,0.40422,0,0,0,0,0,0,0,0,0,0,0,0,0,0,0,0,0,0,0,0,0,0,0
Gn3_B_Innoc,1.83146,4.73858,5.96731,48.53032,4.74956,0,19.06539,0,12.41689,0.17561,0,2.52488,0,0,0,0,0,0,0,0,0,0,0,0,0,0,0,0,0,0,0,0,0,0,0,0
Gn3_B1_Stool,0,100,0,0,0,0,0,0,0,0,0,0,0,0,0,0,0,0,0,0,0,0,0,0,0,0,0,0,0,0,0,0,0,0,0,0
Gn3_B10_Cwash,0,0,0,0,100,0,0,0,0,0,0,0,0,0,0,0,0,0,0,0,0,0,0,0,0,0,0,0,0,0,0,0,0,0,0,0
Gn3_B11_Cwash,0,0,0,0,67.73913,0,32.26087,0,0,0,0,0,0,0,0,0,0,0,0,0,0,0,0,0,0,0,0,0,0,0,0,0,0,0,0,0
Gn3_B13_Cwash,0,0,0,0,100,0,0,0,0,0,0,0,0,0,0,0,0,0,0,0,0,0,0,0,0,0,0,0,0,0,0,0,0,0,0,0
Gn3_B13_Stool,0,1.00683,0,0.57817,97.6856,0,0,0,0,0,0,0.72941,0,0,0,0,0,0,0,0,0,0,0,0,0,0,0,0,0,0,0,0,0,0,0,0
Gn3_B14_Cwash,0,0,0,0,100,0,0,0,0,0,0,0,0,0,0,0,0,0,0,0,0,0,0,0,0,0,0,0,0,0,0,0,0,0,0,0
Gn3_B14_Stool,0,2.78565,0,0.06492,97.14943,0,0,0,0,0,0,0,0,0,0,0,0,0,0,0,0,0,0,0,0,0,0,0,0,0,0,0,0,0,0,0
Gn3_B15_Cwash,0,0,0,0,100,0,0,0,0,0,0,0,0,0,0,0,0,0,0,0,0,0,0,0,0,0,0,0,0,0,0,0,0,0,0,0
Gn3_B15_Stool,0,1.54375,0,0,96.11993,0,0,0,0,0,0,2.33632,0,0,0,0,0,0,0,0,0,0,0,0,0,0,0,0,0,0,0,0,0,0,0,0
Gn3_B16_Cwash,0,0,0,0,100,0,0,0,0,0,0,0,0,0,0,0,0,0,0,0,0,0,0,0,0,0,0,0,0,0,0,0,0,0,0,0
Gn3_B2_Stool,0,99.16052,0,0.33241,0.50707,0,0,0,0,0,0,0,0,0,0,0,0,0,0,0,0,0,0,0,0,0,0,0,0,0,0,0,0,0,0,0
Gn3_B3_Stool,0,98.73329,0,0.10289,1.1143,0,0,0,0,0,0,0.04952,0,0,0,0,0,0,0,0,0,0,0,0,0,0,0,0,0,0,0,0,0,0,0,0
Gn3_B4_Stool,0,100,0,0,0,0,0,0,0,0,0,0,0,0,0,0,0,0,0,0,0,0,0,0,0,0,0,0,0,0,0,0,0,0,0,0
Gn3_B5_Stool,0,96.26949,0,0.86034,2.7951,0,0,0,0,0,0,0.07507,0,0,0,0,0,0,0,0,0,0,0,0,0,0,0,0,0,0,0,0,0,0,0,0
Gn3_B6_Stool,0,10.83665,0,1.01777,88.14558,0,0,0,0,0,0,0,0,0,0,0,0,0,0,0,0,0,0,0,0,0,0,0,0,0,0,0,0,0,0,0
Gn3_B7_Stool,0,100,0,0,0,0,0,0,0,0,0,0,0,0,0,0,0,0,0,0,0,0,0,0,0,0,0,0,0,0,0,0,0,0,0,0
Gn3_B9_Cwash,0,0,0,0,80.76159,0,19.23841,0,0,0,0,0,0,0,0,0,0,0,0,0,0,0,0,0,0,0,0,0,0,0,0,0,0,0,0,0
Gn3_BP7_Cwash,0,0,0,0,92.40859,0,7.59141,0,0,0,0,0,0,0,0,0,0,0,0,0,0,0,0,0,0,0,0,0,0,0,0,0,0,0,0,0
Gn3_BP8_Cwash,0,0,0,0,89.19075,0,10.80925,0,0,0,0,0,0,0,0,0,0,0,0,0,0,0,0,0,0,0,0,0,0,0,0,0,0,0,0,0
Gn3_E1_Cwash,0,0,0,0,0,0,0,0,0,0,100,0,0,0,0,0,0,0,0,0,0,0,0,0,0,0,0,0,0,0,0,0,0,0,0,0
Gn3_E2_Cwash,0,0,0,0,0,0,0,0,0,0,100,0,0,0,0,0,0,0,0,0,0,0,0,0,0,0,0,0,0,0,0,0,0,0,0,0
Gn3_F1_Stool,0,19.30496,0,20.20773,60.32317,0,0,0,0,0,0.16414,0,0,0,0,0,0,0,0,0,0,0,0,0,0,0,0,0,0,0,0,0,0,0,0,0
Gn3_F2_Stool,0,24.70851,0,6.54219,67.26182,0,0,0,0,0,1.40881,0.07867,0,0,0,0,0,0,0,0,0,0,0,0,0,0,0,0,0,0,0,0,0,0,0,0
Gn4_E_Innoc,3.0413,3.07713,0.05349,6.02521,67.96914,0.25066,6.56374,0,8.13146,0,0,0,0,0,0,0,0,0,0,4.83724,0,0,0,0,0.03836,0,0,0,0,0.01228,0,0,0,0,0,0
Gn4_F_Innoc,3.61704,4.65116,0.0193,7.48916,63.49064,0.26282,6.62879,0,9.14957,0,0,0,0,0,0,0,0,0,0,4.67847,0,0,0,0,0.01304,0,0,0,0,0,0,0,0,0,0,0
Gn4_H_Innoc,0.14381,6.03998,0.53684,0,77.19964,0,0,12.07156,0,0,0,0,0,0,0.82772,0,0,0,0,0,0,0,0,0,0,0,0,0,0,3.18045,0,0,0,0,0,0
Gn4_I_Innoc,0,0,0,33.57878,0,2.97064,0,0.13755,0,0,0,0,0,0,0,0,0,0,0,0,0,0,0,0,0,0,0,0,0,0,0,63.31304,0,0,0,0
gnoto1_A_inoc,1.69651,2.15555,1.89762,0,13.17659,0,49.38212,0,4.14021,1.43468,0,4.02336,21.47781,0,0,0.61555,0,0,0,0,0,0,0,0,0,0,0,0,0,0,0,0,0,0,0,0
gnoto1_AM1_d10,0,0.23812,0,0,80.02208,0,1.83814,0,0,16.59392,0,1.30774,0,0,0,0,0,0,0,0,0,0,0,0,0,0,0,0,0,0,0,0,0,0,0,0
gnoto1_AM1_d20_colon,0,7.57413,0,0,10.81094,0,40.93135,0,0,0.80997,0,7.72203,32.15158,0,0,0,0,0,0,0,0,0,0,0,0,0,0,0,0,0,0,0,0,0,0,0
gnoto1_AM2_d10,0,2.21389,0,0,72.81419,0,11.77939,0,0,9.77388,0,3.02304,0.39561,0,0,0,0,0,0,0,0,0,0,0,0,0,0,0,0,0,0,0,0,0,0,0
gnoto1_AM2_d20_colon,0,3.5467,0,0,15.60099,0,33.35696,0,0,1.64071,0,6.34553,39.50911,0,0,0,0,0,0,0,0,0,0,0,0,0,0,0,0,0,0,0,0,0,0,0
gnoto1_AM3_d10,0,3.78593,0,0,36.93945,0,20.72921,0,0,36.56423,0,1.65869,0.3225,0,0,0,0,0,0,0,0,0,0,0,0,0,0,0,0,0,0,0,0,0,0,0
gnoto1_AM3_d20_colon,0,11.71024,0,0,13.94087,0,44.44766,0,0,0.88575,0,4.79226,24.22322,0,0,0,0,0,0,0,0,0,0,0,0,0,0,0,0,0,0,0,0,0,0,0
gnoto1_AM4_d10,0,1.13602,0,0,81.47366,0,7.03933,0,0,6.85871,0,1.69071,1.80157,0,0,0,0,0,0,0,0,0,0,0,0,0,0,0,0,0,0,0,0,0,0,0
gnoto1_AM4_d20_colon,0,5.75981,0,0,11.64229,0,42.3845,0,0,0.74863,0,6.59634,32.86842,0,0,0,0,0,0,0,0,0,0,0,0,0,0,0,0,0,0,0,0,0,0,0
gnoto1_AP1_d10,0,1.13848,0,0,98.10965,0,0.01749,0,0,0,0,0.73438,0,0,0,0,0,0,0,0,0,0,0,0,0,0,0,0,0,0,0,0,0,0,0,0
gnoto1_AP1_d19_colon,0,29.43771,0,0,18.05411,0,26.33421,0,0,0.07962,0,3.52192,22.57242,0,0,0,0,0,0,0,0,0,0,0,0,0,0,0,0,0,0,0,0,0,0,0
gnoto1_AP2_d10,0,1.23535,0,0,97.65755,0,0.80186,0,0,0,0,0.30524,0,0,0,0,0,0,0,0,0,0,0,0,0,0,0,0,0,0,0,0,0,0,0,0
gnoto1_AP2_d19_colon,0,28.74736,0,0,17.29085,0,27.53452,0,0,0,0,4.16809,22.25919,0,0,0,0,0,0,0,0,0,0,0,0,0,0,0,0,0,0,0,0,0,0,0
gnoto1_AP3_d10,0,1.58357,0,0,88.03108,0,5.9115,0,0,2.64168,0,1.52333,0.30884,0,0,0,0,0,0,0,0,0,0,0,0,0,0,0,0,0,0,0,0,0,0,0
gnoto1_AP3_d20_colon,0,15.5292,0,0,16.52606,0,29.83361,0,0,0.8531,0,6.27439,30.98364,0,0,0,0,0,0,0,0,0,0,0,0,0,0,0,0,0,0,0,0,0,0,0
gnoto1_AP4_d10,0,2.55934,0,0,92.88102,0,3.47484,0,0,0,0,0.90007,0.18473,0,0,0,0,0,0,0,0,0,0,0,0,0,0,0,0,0,0,0,0,0,0,0
gnoto1_AP4_d20_colon,0,3.23017,0,0,9.10746,0,41.69773,0,0,1.58065,0,7.82243,36.56156,0,0,0,0,0,0,0,0,0,0,0,0,0,0,0,0,0,0,0,0,0,0,0
gnoto1_B_inoc,1.03186,1.39581,2.52395,53.48024,4.80975,0,26.72549,0,3.81844,0.31419,0,5.90028,0,0,0,0,0,0,0,0,0,0,0,0,0,0,0,0,0,0,0,0,0,0,0,0
gnoto1_BA1_d10,0,81.98658,0,0.86614,14.59103,0,0.81076,0,0,0,0,1.74548,0,0,0,0,0,0,0,0,0,0,0,0,0,0,0,0,0,0,0,0,0,0,0,0
gnoto1_BA1_d20_colon,0,3.12993,0,58.19486,1.45739,0,29.75136,0,0,0.5553,0,6.91116,0,0,0,0,0,0,0,0,0,0,0,0,0,0,0,0,0,0,0,0,0,0,0,0
gnoto1_BA2_d10,0,1.39391,0,69.85149,28.06622,0,0.11094,0,0,0,0,0.57744,0,0,0,0,0,0,0,0,0,0,0,0,0,0,0,0,0,0,0,0,0,0,0,0
gnoto1_BA2_d20_colon,0,2.94396,0,42.7647,1.9241,0,41.48395,0,0,0.40573,0,10.47756,0,0,0,0,0,0,0,0,0,0,0,0,0,0,0,0,0,0,0,0,0,0,0,0
gnoto1_BA3_d10,0,2.73923,0,80.83261,14.87507,0,0.03174,0,0,0,0,1.52134,0,0,0,0,0,0,0,0,0,0,0,0,0,0,0,0,0,0,0,0,0,0,0,0
gnoto1_BA3_d20_colon,0,2.64251,0,60.15915,2.64301,0,25.92709,0,0,0.60915,0,8.01908,0,0,0,0,0,0,0,0,0,0,0,0,0,0,0,0,0,0,0,0,0,0,0,0
gnoto1_BA4_d10,0,2.89181,0,0.68489,91.54154,0,3.05798,0,0,0,0,1.82379,0,0,0,0,0,0,0,0,0,0,0,0,0,0,0,0,0,0,0,0,0,0,0,0
gnoto1_BA4_d20_colon,0,3.68556,0,53.82744,3.06383,0,30.71943,0,0,0.41579,0,8.28796,0,0,0,0,0,0,0,0,0,0,0,0,0,0,0,0,0,0,0,0,0,0,0,0
gnoto1_BM1_d10,0,16.34334,0,2.30998,78.72411,0,0,0,0,0,0,2.62257,0,0,0,0,0,0,0,0,0,0,0,0,0,0,0,0,0,0,0,0,0,0,0,0
gnoto1_BM1_d20_colon,0,2.39153,0,51.21501,4.01849,0,35.19467,0,0,0,0,7.1803,0,0,0,0,0,0,0,0,0,0,0,0,0,0,0,0,0,0,0,0,0,0,0,0
gnoto1_BM2_d10,0,11.4325,0,1.31066,83.97746,0,0.5881,0,0,0,0,2.69129,0,0,0,0,0,0,0,0,0,0,0,0,0,0,0,0,0,0,0,0,0,0,0,0
gnoto1_BM2_d20_colon,0,1.25053,0,50.27995,4.07608,0,37.72709,0,0,0,0,6.66635,0,0,0,0,0,0,0,0,0,0,0,0,0,0,0,0,0,0,0,0,0,0,0,0
gnoto1_BM3_d10,0,41.50227,0,1.56603,54.75356,0,0.26641,0,0,0,0,1.91173,0,0,0,0,0,0,0,0,0,0,0,0,0,0,0,0,0,0,0,0,0,0,0,0
gnoto1_BM3_d20_colon,0,2.7126,0,40.44283,4.84545,0,42.31213,0,0,0,0,9.68699,0,0,0,0,0,0,0,0,0,0,0,0,0,0,0,0,0,0,0,0,0,0,0,0
gnoto1_BM4_d10,0,22.69012,0,8.80256,66.00405,0,0,0,0,0,0,2.50328,0,0,0,0,0,0,0,0,0,0,0,0,0,0,0,0,0,0,0,0,0,0,0,0
gnoto1_BM4_d20_colon,0,0.55291,0,39.51458,1.80834,0,48.50698,0,0,0,0,9.61718,0,0,0,0,0,0,0,0,0,0,0,0,0,0,0,0,0,0,0,0,0,0,0,0
gnoto1_BM5_d10,0,11.08766,0,4.49069,78.96332,0,0.77754,0,0,0,0,4.68078,0,0,0,0,0,0,0,0,0,0,0,0,0,0,0,0,0,0,0,0,0,0,0,0
gnoto1_BM5_d20_colon,0,1.06054,0,15.7487,6.89383,0,63.79924,0,0,0,0,12.49769,0,0,0,0,0,0,0,0,0,0,0,0,0,0,0,0,0,0,0,0,0,0,0,0
gnoto1_BP1_d10,0,15.62436,0,0,84.16515,0,0,0,0,0,0,0.21049,0,0,0,0,0,0,0,0,0,0,0,0,0,0,0,0,0,0,0,0,0,0,0,0
gnoto1_BP1_d20_colon,0,4.90437,0,0.29532,3.59515,0,86.08903,0,0,0.44504,0,4.67109,0,0,0,0,0,0,0,0,0,0,0,0,0,0,0,0,0,0,0,0,0,0,0,0
gnoto1_BP2_d10,0,93.29831,0,0,0,0,0,0,0,0,0,6.70169,0,0,0,0,0,0,0,0,0,0,0,0,0,0,0,0,0,0,0,0,0,0,0,0
gnoto1_BP2_d20_colon,0,1.05189,0,0.80467,4.6283,0,87.57259,0,0,0.33255,0,5.61002,0,0,0,0,0,0,0,0,0,0,0,0,0,0,0,0,0,0,0,0,0,0,0,0
gnoto1_BP3_d10,0,6.84667,0,0.6263,91.69623,0,0.02282,0,0,0,0,0.80797,0,0,0,0,0,0,0,0,0,0,0,0,0,0,0,0,0,0,0,0,0,0,0,0
gnoto1_BP3_d20_colon,0,12.15022,0,3.47515,6.73521,0,70.48322,0,0,0.67485,0,6.48136,0,0,0,0,0,0,0,0,0,0,0,0,0,0,0,0,0,0,0,0,0,0,0,0
gnoto1_BP4_d10,0,89.78108,0,0.13895,7.28777,0,0.93235,0,0,0,0,1.85985,0,0,0,0,0,0,0,0,0,0,0,0,0,0,0,0,0,0,0,0,0,0,0,0
gnoto1_BP4_d20_colon,0,2.32346,0,1.87027,6.61687,0,82.67289,0,0,0.18152,0,6.33499,0,0,0,0,0,0,0,0,0,0,0,0,0,0,0,0,0,0,0,0,0,0,0,0
gnoto2_BA1_d10,0,6.62201,0,78.40164,14.46135,0,0,0,0,0,0,0.51499,0,0,0,0,0,0,0,0,0,0,0,0,0,0,0,0,0,0,0,0,0,0,0,0
gnoto2_BA1_d20_colon,0,0,0,33.24854,22.30451,0,40.1157,0,0,0,0,4.33126,0,0,0,0,0,0,0,0,0,0,0,0,0,0,0,0,0,0,0,0,0,0,0,0
gnoto2_BA2_d10,0,14.41533,0,0,85.58467,0,0,0,0,0,0,0,0,0,0,0,0,0,0,0,0,0,0,0,0,0,0,0,0,0,0,0,0,0,0,0
gnoto2_BA2_d20_colon,0,1.26636,0,52.87903,7.12214,0,24.68001,0,0,0,0,14.05246,0,0,0,0,0,0,0,0,0,0,0,0,0,0,0,0,0,0,0,0,0,0,0,0
gnoto2_BA3_d10,0,2.87465,0,87.15704,9.51341,0,0.12539,0,0,0,0,0.32952,0,0,0,0,0,0,0,0,0,0,0,0,0,0,0,0,0,0,0,0,0,0,0,0
gnoto2_BA3_d20_colon,0,0.92539,0,47.76158,7.04896,0,35.37075,0,0,0,0,8.89331,0,0,0,0,0,0,0,0,0,0,0,0,0,0,0,0,0,0,0,0,0,0,0,0
gnoto2_BA4_d10,0,1.81104,0,90.89016,6.84182,0,0,0,0,0,0,0.45698,0,0,0,0,0,0,0,0,0,0,0,0,0,0,0,0,0,0,0,0,0,0,0,0
gnoto2_BA5_d10,0,38.49895,0,0,61.50105,0,0,0,0,0,0,0,0,0,0,0,0,0,0,0,0,0,0,0,0,0,0,0,0,0,0,0,0,0,0,0
gnoto2_BA5_d20_colon,0,4.56905,0,0,15.03853,0,60.33376,0,0,0,0,20.05866,0,0,0,0,0,0,0,0,0,0,0,0,0,0,0,0,0,0,0,0,0,0,0,0
gnoto2_BA6_d20_colon,0,9.65511,0,7.58789,16.32617,0,55.80518,0,0,0,0,10.62565,0,0,0,0,0,0,0,0,0,0,0,0,0,0,0,0,0,0,0,0,0,0,0,0
gnoto2_BA7_d20_colon,0,1.63012,0,49.39575,2.37084,0,36.40215,0,0,0,0,10.20114,0,0,0,0,0,0,0,0,0,0,0,0,0,0,0,0,0,0,0,0,0,0,0,0
gnoto2_BM1_d10,0,2.48443,0,77.62795,19.32822,0,0,0,0,0,0,0.55941,0,0,0,0,0,0,0,0,0,0,0,0,0,0,0,0,0,0,0,0,0,0,0,0
gnoto2_BM1_d20_colon,0,1.01588,0,44.81376,2.55027,0,45.10055,0,0,0,0,6.51953,0,0,0,0,0,0,0,0,0,0,0,0,0,0,0,0,0,0,0,0,0,0,0,0
gnoto2_BM2_d10,0,2.48278,0,88.81386,7.93067,0,0.06466,0,0,0,0,0.70804,0,0,0,0,0,0,0,0,0,0,0,0,0,0,0,0,0,0,0,0,0,0,0,0
gnoto2_BM2_d20_colon,0,0,1.71781,68.90635,0,0,21.99666,0,0,0,0,7.37918,0,0,0,0,0,0,0,0,0,0,0,0,0,0,0,0,0,0,0,0,0,0,0,0
gnoto2_BM3_d10,0,18.36425,0,10.33467,65.9885,0,0.7902,0,0,0,0,4.52238,0,0,0,0,0,0,0,0,0,0,0,0,0,0,0,0,0,0,0,0,0,0,0,0
gnoto2_BM3_d20_colon,0,1.60281,0.08757,39.29209,6.85361,0,43.60854,0,0,0,0,8.55538,0,0,0,0,0,0,0,0,0,0,0,0,0,0,0,0,0,0,0,0,0,0,0,0
gnoto2_BM4_d10,0,2.18515,0,88.6495,8.76568,0,0,0,0,0,0,0.39968,0,0,0,0,0,0,0,0,0,0,0,0,0,0,0,0,0,0,0,0,0,0,0,0
gnoto2_BM4_d20_colon,0,2.37281,0,42.81883,5.47129,0,38.62979,0,0,0,0,10.70728,0,0,0,0,0,0,0,0,0,0,0,0,0,0,0,0,0,0,0,0,0,0,0,0
gnoto2_BM5_d10,0,5.6849,0,30.79018,57.1466,0,1.82051,0,0,0,0,4.55782,0,0,0,0,0,0,0,0,0,0,0,0,0,0,0,0,0,0,0,0,0,0,0,0
gnoto2_BM5_d20_colon,0,1.61223,0,37.94561,5.01343,0,47.90579,0,0,0,0,7.52295,0,0,0,0,0,0,0,0,0,0,0,0,0,0,0,0,0,0,0,0,0,0,0,0
gnoto2_BM6_d10,0,3.85108,0,80.71344,14.4313,0,0.04549,0,0,0,0,0.95869,0,0,0,0,0,0,0,0,0,0,0,0,0,0,0,0,0,0,0,0,0,0,0,0
gnoto2_BM6_d20_colon,0,2.3597,0.02458,35.0638,7.7262,0,47.28467,0,0,0,0,7.54104,0,0,0,0,0,0,0,0,0,0,0,0,0,0,0,0,0,0,0,0,0,0,0,0
gnoto2_BM7_d10,0,13.04744,0,0,86.95256,0,0,0,0,0,0,0,0,0,0,0,0,0,0,0,0,0,0,0,0,0,0,0,0,0,0,0,0,0,0,0
gnoto2_BM7_d20_colon,0,1.92356,0,42.85616,3.30722,0,42.43927,0,0,0,0,9.47379,0,0,0,0,0,0,0,0,0,0,0,0,0,0,0,0,0,0,0,0,0,0,0,0
gnoto2_BP1_d10,0,82.97053,0,5.65193,8.60979,0,0.76928,0,0,0,0,1.99846,0,0,0,0,0,0,0,0,0,0,0,0,0,0,0,0,0,0,0,0,0,0,0,0
gnoto2_BP1_d20_colon,0,0.14948,0,9.53492,9.72979,0,70.62396,0,0,0.33812,0,9.62373,0,0,0,0,0,0,0,0,0,0,0,0,0,0,0,0,0,0,0,0,0,0,0,0
gnoto2_BP2_d10,0,26.69404,0,0.80874,72.10759,0,0,0,0,0,0,0.38964,0,0,0,0,0,0,0,0,0,0,0,0,0,0,0,0,0,0,0,0,0,0,0,0
gnoto2_BP2_d20_colon,0,0,0,20.45039,15.93837,0,47.21971,0,5.70652,0,0,10.685,0,0,0,0,0,0,0,0,0,0,0,0,0,0,0,0,0,0,0,0,0,0,0,0
gnoto2_BP3_d10,0,79.74587,0,8.93095,4.93159,0,0.32493,0,0,0,0,6.06666,0,0,0,0,0,0,0,0,0,0,0,0,0,0,0,0,0,0,0,0,0,0,0,0
gnoto2_BP4_d10,0,25.58876,0,5.57535,67.16155,0,0.10612,0,0,0,0,1.56822,0,0,0,0,0,0,0,0,0,0,0,0,0,0,0,0,0,0,0,0,0,0,0,0
gnoto2_BP4_d20_colon,0,0.40689,0,0,6.6229,0,83.57613,0,0,0,0,9.39409,0,0,0,0,0,0,0,0,0,0,0,0,0,0,0,0,0,0,0,0,0,0,0,0
gnoto2_BP5_d10,0,79.01278,0,11.27047,4.90561,0,0,0,0,0,0,4.81114,0,0,0,0,0,0,0,0,0,0,0,0,0,0,0,0,0,0,0,0,0,0,0,0
gnoto2_BP5_d20_colon,0,0,0,2.83942,8.88227,0,79.21619,0,0,0.03771,0,9.0244,0,0,0,0,0,0,0,0,0,0,0,0,0,0,0,0,0,0,0,0,0,0,0,0
gnoto2_BP6_d10,0,88.72117,0,0.48643,9.03458,0,0,0,0,0,0,1.75782,0,0,0,0,0,0,0,0,0,0,0,0,0,0,0,0,0,0,0,0,0,0,0,0
gnoto2_BP6_d20_colon,0,1.56387,0,3.0899,9.13324,0,77.52573,0,0,0.49648,0,8.19077,0,0,0,0,0,0,0,0,0,0,0,0,0,0,0,0,0,0,0,0,0,0,0,0
gnoto2_INOC_microA,1.73248,1.92606,1.97958,0,13.05456,0,46.55165,0,4.5322,1.35392,0,6.36773,21.98422,0,0,0.51759,0,0,0,0,0,0,0,0,0,0,0,0,0,0,0,0,0,0,0,0
gnoto2_INOC_microB,0.80075,1.63499,4.00871,38.14358,3.54025,0,32.54764,0,11.58497,0.05256,0,7.68656,0,0,0,0,0,0,0,0,0,0,0,0,0,0,0,0,0,0,0,0,0,0,0,0
40_10_2_ColonWash,0,0,0,0,0,0,0,0,0,0,0,0,0,100,0,0,0,0,0,0,0,0,0,0,0,0,0,0,0,0,0,0,0,0,0,0
40_11_2_ColonWash,0,0,0,0,0,0,0,0,0,0,0,0,0,100,0,0,0,0,0,0,0,0,0,0,0,0,0,0,0,0,0,0,0,0,0,0
40_1_1_Stool,0,0,0,0,100,0,0,0,0,0,0,0,0,0,0,0,0,0,0,0,0,0,0,0,0,0,0,0,0,0,0,0,0,0,0,0
40_12_2_ColonWash,0,0,0,0,0,0,0,0,0,0,0,0,0,91.11163,0,0,0,0,0,0,0,0,0,0,0,0,0,0,0,0,0,0,8.88837,0,0,0
40_1_2_ColonWash,0,0,0,0,0,0,0,0,0,0,0,0,0,100,0,0,0,0,0,0,0,0,0,0,0,0,0,0,0,0,0,0,0,0,0,0
40_1_2_Stool,0,0.57241,0,0,99.13631,0,0,0,0,0,0,0,0,0.29127,0,0,0,0,0,0,0,0,0,0,0,0,0,0,0,0,0,0,0,0,0,0
40_13_2_ColonWash,0,0,0,0,0,0,0,0,0,0,0,0,0,100,0,0,0,0,0,0,0,0,0,0,0,0,0,0,0,0,0,0,0,0,0,0
40_2_1_Stool,0,0,0,0,100,0,0,0,0,0,0,0,0,0,0,0,0,0,0,0,0,0,0,0,0,0,0,0,0,0,0,0,0,0,0,0
40_2_2_ColonWash,0,0,0,0,0,0,0,0,0,0,0,0,0,100,0,0,0,0,0,0,0,0,0,0,0,0,0,0,0,0,0,0,0,0,0,0
40_2_2_Stool,0,0.23709,0,0,99.76291,0,0,0,0,0,0,0,0,0,0,0,0,0,0,0,0,0,0,0,0,0,0,0,0,0,0,0,0,0,0,0
40_3_1_CME,0,0,0,0,0,0,0,0,0,0,0,0,0,100,0,0,0,0,0,0,0,0,0,0,0,0,0,0,0,0,0,0,0,0,0,0
40_3_1_ColonWash,0,0,0,0,0,0,0,0,0,0,0,0,0,100,0,0,0,0,0,0,0,0,0,0,0,0,0,0,0,0,0,0,0,0,0,0
40_3_1_Stool,0,0,0,0,99.70108,0,0,0,0,0,0,0,0,0.29892,0,0,0,0,0,0,0,0,0,0,0,0,0,0,0,0,0,0,0,0,0,0
40_3_2_ColonWash,0,0,0,0,0,0,0,0,0,0,0,0,0,100,0,0,0,0,0,0,0,0,0,0,0,0,0,0,0,0,0,0,0,0,0,0
40_4_1_ColonWash,0,0,0,0,0,0,0,0,0,0,0,0,0,100,0,0,0,0,0,0,0,0,0,0,0,0,0,0,0,0,0,0,0,0,0,0
40_4_1_Stool,0,0,0,0,99.02212,0,0,0,0,0,0,0,0,0.97788,0,0,0,0,0,0,0,0,0,0,0,0,0,0,0,0,0,0,0,0,0,0
40_5_1_CME,0,0,0,0,0,0,0,0,0,0,0,0,0,100,0,0,0,0,0,0,0,0,0,0,0,0,0,0,0,0,0,0,0,0,0,0
40_5_1_ColonWash,0,0,0,0,0,0,0,0,0,0,0,0,0,100,0,0,0,0,0,0,0,0,0,0,0,0,0,0,0,0,0,0,0,0,0,0
40_5_1_Stool,0,0,0,0,100,0,0,0,0,0,0,0,0,0,0,0,0,0,0,0,0,0,0,0,0,0,0,0,0,0,0,0,0,0,0,0
40_5_2_CME,0,0,0,0,0,0,0,0,0,0,0,0,0,100,0,0,0,0,0,0,0,0,0,0,0,0,0,0,0,0,0,0,0,0,0,0
40_5_2_ColonWash,0,0,0,0,0,0,0,0,0,0,0,0,0,100,0,0,0,0,0,0,0,0,0,0,0,0,0,0,0,0,0,0,0,0,0,0
40_6_1_CME,0,0,0,0,83.61397,0,0,0,0,0,0,0,0,16.38603,0,0,0,0,0,0,0,0,0,0,0,0,0,0,0,0,0,0,0,0,0,0
40_6_1_ColonWash,0,0,0,0,92.07705,0,0,0,0,0,0,0,0,7.92295,0,0,0,0,0,0,0,0,0,0,0,0,0,0,0,0,0,0,0,0,0,0
40_6_1_Stool,0,0,0,0,99.52041,0,0,0,0,0,0,0,0,0.47959,0,0,0,0,0,0,0,0,0,0,0,0,0,0,0,0,0,0,0,0,0,0
40_6_2_ColonWash,0,0,0,0,0,0,0,0,0,0,0,0,0,100,0,0,0,0,0,0,0,0,0,0,0,0,0,0,0,0,0,0,0,0,0,0
40_7_1_Stool,0,0,0,0,98.82517,0,0,0,0,0,0,0,0,1.16448,0,0,0,0,0,0,0,0,0,0,0,0,0,0,0,0,0,0,0,0.01035,0,0
40_7_2_ColonWash,0,0,0,0,0,0,0,0,0,0,0,0,0,100,0,0,0,0,0,0,0,0,0,0,0,0,0,0,0,0,0,0,0,0,0,0
40_8_1_Stool,0,0,0,0,99.96307,0,0,0,0,0,0,0,0,0.03693,0,0,0,0,0,0,0,0,0,0,0,0,0,0,0,0,0,0,0,0,0,0
40_8_2_Stool,0,0.06589,0,0,99.93411,0,0,0,0,0,0,0,0,0,0,0,0,0,0,0,0,0,0,0,0,0,0,0,0,0,0,0,0,0,0,0
40_9_2_ColonWash,0,0,0,0,0,0,0,0,0,0,0,0,0,100,0,0,0,0,0,0,0,0,0,0,0,0,0,0,0,0,0,0,0,0,0,0
40_9_2_Stool,0,0.25769,0,0,99.12308,0,0,0,0,0,0,0,0,0.61923,0,0,0,0,0,0,0,0,0,0,0,0,0,0,0,0,0,0,0,0,0,0
41_1_1_Stool,0,0.46551,0,0,99.53449,0,0,0,0,0,0,0,0,0,0,0,0,0,0,0,0,0,0,0,0,0,0,0,0,0,0,0,0,0,0,0
41_2_1_Stool,0,1.44934,0,0,98.55066,0,0,0,0,0,0,0,0,0,0,0,0,0,0,0,0,0,0,0,0,0,0,0,0,0,0,0,0,0,0,0
41_3_1_ColonWash,0,0,0,0,0,0,0,0,0,0,0,0,0,100,0,0,0,0,0,0,0,0,0,0,0,0,0,0,0,0,0,0,0,0,0,0
41_3_1_Stool,0,0.70692,0,0,99.11183,0,0,0,0,0,0,0,0,0.18125,0,0,0,0,0,0,0,0,0,0,0,0,0,0,0,0,0,0,0,0,0,0
41_4_1_CME,0,0,0,0,0,0,0,0,0,0,0,0,0,94.21269,0,0,0,0,0,0,0,0,0,0,0,0,0,0,0,0,0,0,2.31632,3.47099,0,0
41_4_1_ColonWash,0,0,0,0,0,0,0,0,0,0,0,0,0,100,0,0,0,0,0,0,0,0,0,0,0,0,0,0,0,0,0,0,0,0,0,0
41_4_1_Stool,0,1.55385,0,0,97.51322,0,0,0,0,0,0,0,0,0.93292,0,0,0,0,0,0,0,0,0,0,0,0,0,0,0,0,0,0,0,0,0,0
41_5_1_ColonWash_250uL,0,0,0,0,0,0,0,0,0,0,0,0,0,100,0,0,0,0,0,0,0,0,0,0,0,0,0,0,0,0,0,0,0,0,0,0
41_5_1_ColonWash_750uL,0,0,0,0,0,0,0,0,0,0,0,0,0,100,0,0,0,0,0,0,0,0,0,0,0,0,0,0,0,0,0,0,0,0,0,0
41_5_1_Stool,0,1.13017,0,0,98.86983,0,0,0,0,0,0,0,0,0,0,0,0,0,0,0,0,0,0,0,0,0,0,0,0,0,0,0,0,0,0,0
41_6_1_ColonWash_250uL,0,0,0,0,0,0,0,0,0,0,0,0,0,100,0,0,0,0,0,0,0,0,0,0,0,0,0,0,0,0,0,0,0,0,0,0
41_6_1_ColonWash_750uL,0,0,0,0,0,0,0,0,0,0,0,0,0,100,0,0,0,0,0,0,0,0,0,0,0,0,0,0,0,0,0,0,0,0,0,0
41_6_1_Stool,0,0.72348,0,0,99.1327,0,0,0,0,0,0,0,0,0.14382,0,0,0,0,0,0,0,0,0,0,0,0,0,0,0,0,0,0,0,0,0,0
41_7_1_Stool,0,1.72179,0,0,98.27821,0,0,0,0,0,0,0,0,0,0,0,0,0,0,0,0,0,0,0,0,0,0,0,0,0,0,0,0,0,0,0
41_8_1_Stool,0,2.18752,0,0,96.26619,0,0,0,0,0,0,0,0,1.54628,0,0,0,0,0,0,0,0,0,0,0,0,0,0,0,0,0,0,0,0,0,0
42_10_1_Stool,0,0.58914,0,0,99.37533,0,0,0,0,0,0,0,0,0.03554,0,0,0,0,0,0,0,0,0,0,0,0,0,0,0,0,0,0,0,0,0,0
42_11_1_Stool,0,0.76459,0,0,99.23541,0,0,0,0,0,0,0,0,0,0,0,0,0,0,0,0,0,0,0,0,0,0,0,0,0,0,0,0,0,0,0
42_1_1_Cwash,0,100,0,0,0,0,0,0,0,0,0,0,0,0,0,0,0,0,0,0,0,0,0,0,0,0,0,0,0,0,0,0,0,0,0,0
42_1_1_Stool,0,1.29875,0,0,98.70125,0,0,0,0,0,0,0,0,0,0,0,0,0,0,0,0,0,0,0,0,0,0,0,0,0,0,0,0,0,0,0
42_12_1_Stool,0,0.36909,0,0,99.63091,0,0,0,0,0,0,0,0,0,0,0,0,0,0,0,0,0,0,0,0,0,0,0,0,0,0,0,0,0,0,0
42_1_2_Stool,0,0.24964,0,0,99.75036,0,0,0,0,0,0,0,0,0,0,0,0,0,0,0,0,0,0,0,0,0,0,0,0,0,0,0,0,0,0,0
42_2_1_Cwash,0,68.09963,0,0,31.90037,0,0,0,0,0,0,0,0,0,0,0,0,0,0,0,0,0,0,0,0,0,0,0,0,0,0,0,0,0,0,0
42_2_1_Stool,0,0.8162,0,0,99.1838,0,0,0,0,0,0,0,0,0,0,0,0,0,0,0,0,0,0,0,0,0,0,0,0,0,0,0,0,0,0,0
42_2_2_Stool,0,0.70317,0,0,99.29683,0,0,0,0,0,0,0,0,0,0,0,0,0,0,0,0,0,0,0,0,0,0,0,0,0,0,0,0,0,0,0
42_3_1_ColonWash,0,0,0,0,0,0,0,0,0,0,0,0,0,100,0,0,0,0,0,0,0,0,0,0,0,0,0,0,0,0,0,0,0,0,0,0
42_3_1_Stool,0,1.29019,0,0,98.46362,0,0,0,0,0,0,0,0,0.2462,0,0,0,0,0,0,0,0,0,0,0,0,0,0,0,0,0,0,0,0,0,0
42_3_2_Stool,0,0.362,0,0,99.638,0,0,0,0,0,0,0,0,0,0,0,0,0,0,0,0,0,0,0,0,0,0,0,0,0,0,0,0,0,0,0
42_4_1_Stool,0,0.00718,0,0,99.61729,0,0,0,0,0,0,0,0,0.37553,0,0,0,0,0,0,0,0,0,0,0,0,0,0,0,0,0,0,0,0,0,0
42_4_2_Stool,0,0.25076,0,0,99.74924,0,0,0,0,0,0,0,0,0,0,0,0,0,0,0,0,0,0,0,0,0,0,0,0,0,0,0,0,0,0,0
42_5_1_Stool,0,0.82259,0,0,99.0734,0,0,0,0,0,0,0,0,0.10402,0,0,0,0,0,0,0,0,0,0,0,0,0,0,0,0,0,0,0,0,0,0
42_5_2_Stool,0,0.06873,0,0,99.46094,0,0,0,0,0,0,0,0,0.47033,0,0,0,0,0,0,0,0,0,0,0,0,0,0,0,0,0,0,0,0,0,0
42_6_1_Stool,0,1.1575,0,0,98.32388,0,0,0,0,0,0,0,0,0.51862,0,0,0,0,0,0,0,0,0,0,0,0,0,0,0,0,0,0,0,0,0,0
42_6_2_Stool,0,0.45284,0,0,99.54716,0,0,0,0,0,0,0,0,0,0,0,0,0,0,0,0,0,0,0,0,0,0,0,0,0,0,0,0,0,0,0
42_7_1_Stool,0,0.25846,0,0,98.94265,0,0,0,0,0,0,0,0,0.77919,0,0,0,0,0,0,0,0,0,0,0,0,0,0,0,0,0,0,0,0.01971,0,0
42_7_2_Stool,0,0.70994,0,0,99.29006,0,0,0,0,0,0,0,0,0,0,0,0,0,0,0,0,0,0,0,0,0,0,0,0,0,0,0,0,0,0,0
42_8_1_Stool,0,0.82431,0,0,99.17569,0,0,0,0,0,0,0,0,0,0,0,0,0,0,0,0,0,0,0,0,0,0,0,0,0,0,0,0,0,0,0
42_8_2_Stool,0,1.26465,0,0,98.73535,0,0,0,0,0,0,0,0,0,0,0,0,0,0,0,0,0,0,0,0,0,0,0,0,0,0,0,0,0,0,0
42_9_1_Stool,0,1.36124,0,0,98.63876,0,0,0,0,0,0,0,0,0,0,0,0,0,0,0,0,0,0,0,0,0,0,0,0,0,0,0,0,0,0,0
4Adam_Stool,0,38.05558,0,0,61.94442,0,0,0,0,0,0,0,0,0,0,0,0,0,0,0,0,0,0,0,0,0,0,0,0,0,0,0,0,0,0,0
4A_NP_Stool,0,40.31905,0,0,59.68095,0,0,0,0,0,0,0,0,0,0,0,0,0,0,0,0,0,0,0,0,0,0,0,0,0,0,0,0,0,0,0
4A_RP_Stool,0,37.03386,0,0,62.96614,0,0,0,0,0,0,0,0,0,0,0,0,0,0,0,0,0,0,0,0,0,0,0,0,0,0,0,0,0,0,0
4Cdam_Stool,0,40.45606,0,0,59.54394,0,0,0,0,0,0,0,0,0,0,0,0,0,0,0,0,0,0,0,0,0,0,0,0,0,0,0,0,0,0,0
4C_NP_Stool,0,38.85711,0,0,61.14289,0,0,0,0,0,0,0,0,0,0,0,0,0,0,0,0,0,0,0,0,0,0,0,0,0,0,0,0,0,0,0
4C_RP_Stool,0,47.65059,0,0,52.34941,0,0,0,0,0,0,0,0,0,0,0,0,0,0,0,0,0,0,0,0,0,0,0,0,0,0,0,0,0,0,0
4Edam_Stool,0,28.92065,0,0,71.07935,0,0,0,0,0,0,0,0,0,0,0,0,0,0,0,0,0,0,0,0,0,0,0,0,0,0,0,0,0,0,0
4E_NP_Stool,0,42.08417,0,0,57.91583,0,0,0,0,0,0,0,0,0,0,0,0,0,0,0,0,0,0,0,0,0,0,0,0,0,0,0,0,0,0,0
4E_RP_Stool,0,44.09233,0,0,55.90767,0,0,0,0,0,0,0,0,0,0,0,0,0,0,0,0,0,0,0,0,0,0,0,0,0,0,0,0,0,0,0
5A_NP_Stool,0,37.66685,0,0,62.33315,0,0,0,0,0,0,0,0,0,0,0,0,0,0,0,0,0,0,0,0,0,0,0,0,0,0,0,0,0,0,0
5A_RP_Stool,0,46.95537,0,0,53.04463,0,0,0,0,0,0,0,0,0,0,0,0,0,0,0,0,0,0,0,0,0,0,0,0,0,0,0,0,0,0,0
5Cdam_Stool,0,26.31584,0,0,73.68416,0,0,0,0,0,0,0,0,0,0,0,0,0,0,0,0,0,0,0,0,0,0,0,0,0,0,0,0,0,0,0
5C_NP_Stool,0,31.47318,0,0,68.52682,0,0,0,0,0,0,0,0,0,0,0,0,0,0,0,0,0,0,0,0,0,0,0,0,0,0,0,0,0,0,0
5C_RP_Stool,0,30.24706,0,0,69.75294,0,0,0,0,0,0,0,0,0,0,0,0,0,0,0,0,0,0,0,0,0,0,0,0,0,0,0,0,0,0,0
5Edam_Stool,0,22.10115,0,0,77.89885,0,0,0,0,0,0,0,0,0,0,0,0,0,0,0,0,0,0,0,0,0,0,0,0,0,0,0,0,0,0,0
5E_NP_Stool,0,25.42296,0,0,74.57704,0,0,0,0,0,0,0,0,0,0,0,0,0,0,0,0,0,0,0,0,0,0,0,0,0,0,0,0,0,0,0
5E_RP_Stool,0,31.39496,0,0,68.60504,0,0,0,0,0,0,0,0,0,0,0,0,0,0,0,0,0,0,0,0,0,0,0,0,0,0,0,0,0,0,0
6Adam_Stool,0,0,0,0,100,0,0,0,0,0,0,0,0,0,0,0,0,0,0,0,0,0,0,0,0,0,0,0,0,0,0,0,0,0,0,0
6A_NP_Stool,0,0,0,0,100,0,0,0,0,0,0,0,0,0,0,0,0,0,0,0,0,0,0,0,0,0,0,0,0,0,0,0,0,0,0,0
6A_RP_Stool,0,0,0,0,100,0,0,0,0,0,0,0,0,0,0,0,0,0,0,0,0,0,0,0,0,0,0,0,0,0,0,0,0,0,0,0
6Cdam_Stool,0,0,0,0,100,0,0,0,0,0,0,0,0,0,0,0,0,0,0,0,0,0,0,0,0,0,0,0,0,0,0,0,0,0,0,0
6C_NP_Stool,0,0,0,0,100,0,0,0,0,0,0,0,0,0,0,0,0,0,0,0,0,0,0,0,0,0,0,0,0,0,0,0,0,0,0,0
6C_RP_Stool,0,0,0,0,100,0,0,0,0,0,0,0,0,0,0,0,0,0,0,0,0,0,0,0,0,0,0,0,0,0,0,0,0,0,0,0
6E_NP_Stool,0,0,0,0,100,0,0,0,0,0,0,0,0,0,0,0,0,0,0,0,0,0,0,0,0,0,0,0,0,0,0,0,0,0,0,0
6E_RP_Stool,0,0,0,0,100,0,0,0,0,0,0,0,0,0,0,0,0,0,0,0,0,0,0,0,0,0,0,0,0,0,0,0,0,0,0,0
7A_NP_Stool,0,0,0,0,100,0,0,0,0,0,0,0,0,0,0,0,0,0,0,0,0,0,0,0,0,0,0,0,0,0,0,0,0,0,0,0
7A_RP_Stool,0,0,0,0,100,0,0,0,0,0,0,0,0,0,0,0,0,0,0,0,0,0,0,0,0,0,0,0,0,0,0,0,0,0,0,0
7Bdam_Stool,0,0,0,0,100,0,0,0,0,0,0,0,0,0,0,0,0,0,0,0,0,0,0,0,0,0,0,0,0,0,0,0,0,0,0,0
7C_NP_Stool,0,0,0,0,100,0,0,0,0,0,0,0,0,0,0,0,0,0,0,0,0,0,0,0,0,0,0,0,0,0,0,0,0,0,0,0
7C_RP_Stool,0,0,0,0,100,0,0,0,0,0,0,0,0,0,0,0,0,0,0,0,0,0,0,0,0,0,0,0,0,0,0,0,0,0,0,0
7Edam_Stool,0,0,0,0,99.83409,0,0,0,0,0,0,0,0,0,0,0,0,0,0,0,0,0,0,0,0,0,0,0,0,0,0,0,0,0,0.16591,0
7E_NP_Stool,0,0,0,0,100,0,0,0,0,0,0,0,0,0,0,0,0,0,0,0,0,0,0,0,0,0,0,0,0,0,0,0,0,0,0,0
7E_RP_Stool,0,0,0,0,100,0,0,0,0,0,0,0,0,0,0,0,0,0,0,0,0,0,0,0,0,0,0,0,0,0,0,0,0,0,0,0
85_1_1_Stool,0,0.46455,0,0,99.53545,0,0,0,0,0,0,0,0,0,0,0,0,0,0,0,0,0,0,0,0,0,0,0,0,0,0,0,0,0,0,0
85_1_2_Stool,0,0,0,0,100,0,0,0,0,0,0,0,0,0,0,0,0,0,0,0,0,0,0,0,0,0,0,0,0,0,0,0,0,0,0,0
85_2_1_Stool,0,0.27129,0,0,99.72871,0,0,0,0,0,0,0,0,0,0,0,0,0,0,0,0,0,0,0,0,0,0,0,0,0,0,0,0,0,0,0
85_2_2_Stool,0,0,0,0,100,0,0,0,0,0,0,0,0,0,0,0,0,0,0,0,0,0,0,0,0,0,0,0,0,0,0,0,0,0,0,0
85_3_1_ColonWash,0,0,0,0,0,0,0,0,0,0,0,0,0,100,0,0,0,0,0,0,0,0,0,0,0,0,0,0,0,0,0,0,0,0,0,0
85_3_1_Stool,0,0.62927,0,0,99.37073,0,0,0,0,0,0,0,0,0,0,0,0,0,0,0,0,0,0,0,0,0,0,0,0,0,0,0,0,0,0,0
85_3_2_Stool,0,0,0,0,100,0,0,0,0,0,0,0,0,0,0,0,0,0,0,0,0,0,0,0,0,0,0,0,0,0,0,0,0,0,0,0
85_4_1_CME,0,0,0,0,0,0,0,0,0,0,0,0,0,97.02845,0,0,0,0,0,0,0,0,0,0,0,0,0,0,0,0,0,0,0,2.97155,0,0
85_4_1_Stool,0,0.31984,0,0,99.68016,0,0,0,0,0,0,0,0,0,0,0,0,0,0,0,0,0,0,0,0,0,0,0,0,0,0,0,0,0,0,0
85_4_2_Stool,0,0,0,0,99.30105,0,0,0,0,0,0,0,0,0.63307,0,0,0,0,0,0,0,0,0,0,0,0,0,0,0,0,0,0,0,0.06588,0,0
85_5_1_ColonWash,0,0,0,0,0,0,0,0,0,0,0,0,0,100,0,0,0,0,0,0,0,0,0,0,0,0,0,0,0,0,0,0,0,0,0,0
85_5_1_Stool,0,0.10696,0,0,99.89304,0,0,0,0,0,0,0,0,0,0,0,0,0,0,0,0,0,0,0,0,0,0,0,0,0,0,0,0,0,0,0
85_5_2_Stool,0,0,0,0,99.87224,0,0,0,0,0,0,0,0,0.12776,0,0,0,0,0,0,0,0,0,0,0,0,0,0,0,0,0,0,0,0,0,0
85_6_1_ColonWash,0,0,0,0,0,0,0,0,0,0,0,0,0,100,0,0,0,0,0,0,0,0,0,0,0,0,0,0,0,0,0,0,0,0,0,0
85_6_1_Stool,0,0.08953,0,0,98.48627,0,0,0,0,0,0,0,0,1.4242,0,0,0,0,0,0,0,0,0,0,0,0,0,0,0,0,0,0,0,0,0,0
85_6_2_Stool,0,0,0,0,100,0,0,0,0,0,0,0,0,0,0,0,0,0,0,0,0,0,0,0,0,0,0,0,0,0,0,0,0,0,0,0
85_7_1_Stool,0,0.41256,0,0,99.58744,0,0,0,0,0,0,0,0,0,0,0,0,0,0,0,0,0,0,0,0,0,0,0,0,0,0,0,0,0,0,0
85_7_2_ColonWash,0,0,0,0,0,0,0,0,0,0,0,0,0,100,0,0,0,0,0,0,0,0,0,0,0,0,0,0,0,0,0,0,0,0,0,0
85_7_2_Stool,0,0,0,0,99.89438,0,0,0,0,0,0,0,0,0.10562,0,0,0,0,0,0,0,0,0,0,0,0,0,0,0,0,0,0,0,0,0,0
85_8_1_Stool,0,0.53432,0,0,99.45939,0,0,0,0,0,0,0,0,0.00629,0,0,0,0,0,0,0,0,0,0,0,0,0,0,0,0,0,0,0,0,0,0
87_1_1_Stool,0,0,0,0,100,0,0,0,0,0,0,0,0,0,0,0,0,0,0,0,0,0,0,0,0,0,0,0,0,0,0,0,0,0,0,0
87_2_1_Stool,0,0,0,0,100,0,0,0,0,0,0,0,0,0,0,0,0,0,0,0,0,0,0,0,0,0,0,0,0,0,0,0,0,0,0,0
87_3_1_ColonWash,0,0,0,0,0,0,0,0,0,0,0,0,0,100,0,0,0,0,0,0,0,0,0,0,0,0,0,0,0,0,0,0,0,0,0,0
87_3_1_Stool,0,0,0,0,99.50735,0,0,0,0,0,0,0,0,0.49265,0,0,0,0,0,0,0,0,0,0,0,0,0,0,0,0,0,0,0,0,0,0
87_4_1_ColonWash,0,0,0,0,0,0,0,0,0,0,0,0,0,100,0,0,0,0,0,0,0,0,0,0,0,0,0,0,0,0,0,0,0,0,0,0
87_4_1_Stool,0,0,0,0,100,0,0,0,0,0,0,0,0,0,0,0,0,0,0,0,0,0,0,0,0,0,0,0,0,0,0,0,0,0,0,0
87_5_1_ColonWash,0,0,0,0,0,0,0,0,0,0,0,0,0,100,0,0,0,0,0,0,0,0,0,0,0,0,0,0,0,0,0,0,0,0,0,0
87_5_1_Stool,0,0,0,0,100,0,0,0,0,0,0,0,0,0,0,0,0,0,0,0,0,0,0,0,0,0,0,0,0,0,0,0,0,0,0,0
87_6_1_CME,0,0,0,0,0,0,0,0,0,0,0,0,0,90.30724,0,0,0,0,0,0,0,0,0,0,0,0,0,0,0,0,0,0,2.20022,7.49254,0,0
87_6_1_ColonWash,0,0,0,0,0,0,0,0,0,0,0,0,0,100,0,0,0,0,0,0,0,0,0,0,0,0,0,0,0,0,0,0,0,0,0,0
87_6_1_Stool,0,0,0,0,99.82197,0,0,0,0,0,0,0,0,0.17803,0,0,0,0,0,0,0,0,0,0,0,0,0,0,0,0,0,0,0,0,0,0
87_7_1_Stool,0,0,0,0,99.47877,0,0,0,0,0,0,0,0,0.52123,0,0,0,0,0,0,0,0,0,0,0,0,0,0,0,0,0,0,0,0,0,0
87_8_1_Stool,0,0,0,0,99.9246,0,0,0,0,0,0,0,0,0.0754,0,0,0,0,0,0,0,0,0,0,0,0,0,0,0,0,0,0,0,0,0,0
8A_NP_Stool,0,0,0,0,100,0,0,0,0,0,0,0,0,0,0,0,0,0,0,0,0,0,0,0,0,0,0,0,0,0,0,0,0,0,0,0
8A_RP_Stool,0,0,0,0,100,0,0,0,0,0,0,0,0,0,0,0,0,0,0,0,0,0,0,0,0,0,0,0,0,0,0,0,0,0,0,0
8Cdam_Stool,0,0,0,0,100,0,0,0,0,0,0,0,0,0,0,0,0,0,0,0,0,0,0,0,0,0,0,0,0,0,0,0,0,0,0,0
8C_NP_Stool,0,0,0,0,100,0,0,0,0,0,0,0,0,0,0,0,0,0,0,0,0,0,0,0,0,0,0,0,0,0,0,0,0,0,0,0
8C_RP_Stool,0,0,0,0,100,0,0,0,0,0,0,0,0,0,0,0,0,0,0,0,0,0,0,0,0,0,0,0,0,0,0,0,0,0,0,0
90_1_0_ColonWash_250uL,0,0,0,0,84.1668,0,0,0,0,0,0,0,0,13.42766,0,0,0,0,0,0,0,0,0,0,0,0,0,0,0,0,0,0,0.64641,1.75913,0,0
90_1_0_ColonWash_750uL,0,0,0,0,95.7758,0,0,0,0,0,0,0,0,4.2242,0,0,0,0,0,0,0,0,0,0,0,0,0,0,0,0,0,0,0,0,0,0
90_1_1_Cwash,0,0,0,0,100,0,0,0,0,0,0,0,0,0,0,0,0,0,0,0,0,0,0,0,0,0,0,0,0,0,0,0,0,0,0,0
90_1_1_Stool,0,0,0,0,100,0,0,0,0,0,0,0,0,0,0,0,0,0,0,0,0,0,0,0,0,0,0,0,0,0,0,0,0,0,0,0
90_1_2_Stool,0,0,0,0,100,0,0,0,0,0,0,0,0,0,0,0,0,0,0,0,0,0,0,0,0,0,0,0,0,0,0,0,0,0,0,0
90_2_0_ColonWash_250uL,0,0,0,0,96.90582,0,0,0,0,0,0,0,0,3.09418,0,0,0,0,0,0,0,0,0,0,0,0,0,0,0,0,0,0,0,0,0,0
90_2_0_ColonWash_750uL,0,0,0,0,59.72379,0,0,0,0,0,0,0,0,22.20108,0,0,0,0,0,0,0,0,0,0,0,0,0,0,0,0,0,0,0.71677,2.41523,0,14.94313
90_2_1_Stool,0,0,0,0,100,0,0,0,0,0,0,0,0,0,0,0,0,0,0,0,0,0,0,0,0,0,0,0,0,0,0,0,0,0,0,0
90_2_2_Stool,0,0,0,0,100,0,0,0,0,0,0,0,0,0,0,0,0,0,0,0,0,0,0,0,0,0,0,0,0,0,0,0,0,0,0,0
90_3_1_CME,0,0,0,0,89.28807,0,0,0,0,0,0,0,0,10.71193,0,0,0,0,0,0,0,0,0,0,0,0,0,0,0,0,0,0,0,0,0,0
90_3_1_ColonWash_250uL,0,0,0,0,98.25202,0,0,0,0,0,0,0,0,1.74798,0,0,0,0,0,0,0,0,0,0,0,0,0,0,0,0,0,0,0,0,0,0
90_3_1_Stool,0,0,0,0,100,0,0,0,0,0,0,0,0,0,0,0,0,0,0,0,0,0,0,0,0,0,0,0,0,0,0,0,0,0,0,0
90_3_2_Stool,0,0,0,0,99.96453,0,0,0,0,0,0,0,0,0.03547,0,0,0,0,0,0,0,0,0,0,0,0,0,0,0,0,0,0,0,0,0,0
90_4_1_Stool,0,0,0,0,100,0,0,0,0,0,0,0,0,0,0,0,0,0,0,0,0,0,0,0,0,0,0,0,0,0,0,0,0,0,0,0
90_4_2_Stool,0,0,0,0,100,0,0,0,0,0,0,0,0,0,0,0,0,0,0,0,0,0,0,0,0,0,0,0,0,0,0,0,0,0,0,0
90_5_1_Stool,0,0,0,0,99.97203,0,0,0,0,0,0,0,0,0.02797,0,0,0,0,0,0,0,0,0,0,0,0,0,0,0,0,0,0,0,0,0,0
90_5_2_Stool,0,0,0,0,99.8437,0,0,0,0,0,0,0,0,0.1563,0,0,0,0,0,0,0,0,0,0,0,0,0,0,0,0,0,0,0,0,0,0
90_6_2_Stool,0,0,0,0,99.4886,0,0,0,0,0,0,0,0,0.5114,0,0,0,0,0,0,0,0,0,0,0,0,0,0,0,0,0,0,0,0,0,0
90_Dam_Stool,0,0,0,0,100,0,0,0,0,0,0,0,0,0,0,0,0,0,0,0,0,0,0,0,0,0,0,0,0,0,0,0,0,0,0,0
91_1_1_Stool,0,0,0,0,100,0,0,0,0,0,0,0,0,0,0,0,0,0,0,0,0,0,0,0,0,0,0,0,0,0,0,0,0,0,0,0
91_2_1_Stool,0,0,0,0,100,0,0,0,0,0,0,0,0,0,0,0,0,0,0,0,0,0,0,0,0,0,0,0,0,0,0,0,0,0,0,0
DJS40_Inoc,0,100,0,0,0,0,0,0,0,0,0,0,0,0,0,0,0,0,0,0,0,0,0,0,0,0,0,0,0,0,0,0,0,0,0,0
DJS41_Inoc,0,99.8283,0,0,0.1717,0,0,0,0,0,0,0,0,0,0,0,0,0,0,0,0,0,0,0,0,0,0,0,0,0,0,0,0,0,0,0
DJS42_Inoc,0,99.92877,0,0,0.07123,0,0,0,0,0,0,0,0,0,0,0,0,0,0,0,0,0,0,0,0,0,0,0,0,0,0,0,0,0,0,0
DJS85_Inoc,0,0,0,0,100,0,0,0,0,0,0,0,0,0,0,0,0,0,0,0,0,0,0,0,0,0,0,0,0,0,0,0,0,0,0,0
DJS87_Inoc,0,0,0,0,100,0,0,0,0,0,0,0,0,0,0,0,0,0,0,0,0,0,0,0,0,0,0,0,0,0,0,0,0,0,0,0
DJS90_Inoc,0,0,0,0,100,0,0,0,0,0,0,0,0,0,0,0,0,0,0,0,0,0,0,0,0,0,0,0,0,0,0,0,0,0,0,0
DJS91_Inoc,0,0,0,0,100,0,0,0,0,0,0,0,0,0,0,0,0,0,0,0,0,0,0,0,0,0,0,0,0,0,0,0,0,0,0,0
GF29_Inoc,1.72797,2.6573,0.06232,9.9833,82.38285,0.1125,0.74788,0,2.10184,0,0,0,0,0,0,0,0,0,0,0,0,0,0,0,0.1298,0,0,0,0,0.09424,0,0,0,0,0,0
B0,0,0,0,0,0,0,0,0,0,0,0,0,0,0,0,0,0,0,0,0,0,0,0,0,0,0,0,0,0,0,0,0,0,0,0,0
C0,0,0,0,0,0,0,0,0,0,0,0,0,0,0,0,0,0,0,0,0,0,0,0,0,0,0,0,0,0,0,0,0,0,0,0,0
CONV_WATER_F12,0,0,0,0,0,0,0,0,0,0,0,0,0,0,0,0,0,0,0,0,0,0,0,0,0,0,0,0,0,0,0,0,0,0,0,0
GF10_A3_d127_colon,0,0,0,0,0,0,0,0,0,0,0,0,0,0,0,0,0,0,0,0,0,0,0,0,0,0,0,0,0,0,0,0,0,0,0,0
GF10_A4_d127_colon,0,0,0,0,0,0,0,0,0,0,0,0,0,0,0,0,0,0,0,0,0,0,0,0,0,0,0,0,0,0,0,0,0,0,0,0
GF10_A6_d127_colon,0,0,0,0,0,0,0,0,0,0,0,0,0,0,0,0,0,0,0,0,0,0,0,0,0,0,0,0,0,0,0,0,0,0,0,0
GF10_C1_d102_colon,0,0,0,0,0,0,0,0,0,0,0,0,0,0,0,0,0,0,0,0,0,0,0,0,0,0,0,0,0,0,0,0,0,0,0,0
GF10_C1_d78,0,0,0,0,0,0,0,0,0,0,0,0,0,0,0,0,0,0,0,0,0,0,0,0,0,0,0,0,0,0,0,0,0,0,0,0
GF10_C1_d80_colon,0,0,0,0,0,0,0,0,0,0,0,0,0,0,0,0,0,0,0,0,0,0,0,0,0,0,0,0,0,0,0,0,0,0,0,0
GF10_C10_d55,0,0,0,0,0,0,0,0,0,0,0,0,0,0,0,0,0,0,0,0,0,0,0,0,0,0,0,0,0,0,0,0,0,0,0,0
GF10_C2_d78,0,0,0,0,0,0,0,0,0,0,0,0,0,0,0,0,0,0,0,0,0,0,0,0,0,0,0,0,0,0,0,0,0,0,0,0
GF10_C3_COLON_D55,0,0,0,0,0,0,0,0,0,0,0,0,0,0,0,0,0,0,0,0,0,0,0,0,0,0,0,0,0,0,0,0,0,0,0,0
GF10_C3_d102_colon,0,0,0,0,0,0,0,0,0,0,0,0,0,0,0,0,0,0,0,0,0,0,0,0,0,0,0,0,0,0,0,0,0,0,0,0
GF10_C3_d79,0,0,0,0,0,0,0,0,0,0,0,0,0,0,0,0,0,0,0,0,0,0,0,0,0,0,0,0,0,0,0,0,0,0,0,0
GF10_C3_d80_colon,0,0,0,0,0,0,0,0,0,0,0,0,0,0,0,0,0,0,0,0,0,0,0,0,0,0,0,0,0,0,0,0,0,0,0,0
GF10_C5_d80_colon,0,0,0,0,0,0,0,0,0,0,0,0,0,0,0,0,0,0,0,0,0,0,0,0,0,0,0,0,0,0,0,0,0,0,0,0
GF10_C6_d102_colon,0,0,0,0,0,0,0,0,0,0,0,0,0,0,0,0,0,0,0,0,0,0,0,0,0,0,0,0,0,0,0,0,0,0,0,0
GF10_C7_d55,0,0,0,0,0,0,0,0,0,0,0,0,0,0,0,0,0,0,0,0,0,0,0,0,0,0,0,0,0,0,0,0,0,0,0,0
GF10_C9_d55,0,0,0,0,0,0,0,0,0,0,0,0,0,0,0,0,0,0,0,0,0,0,0,0,0,0,0,0,0,0,0,0,0,0,0,0
GF11_B_dam_d0,0,0,0,0,0,0,0,0,0,0,0,0,0,0,0,0,0,0,0,0,0,0,0,0,0,0,0,0,0,0,0,0,0,0,0,0
GF11_B2_d74_colon,0,0,0,0,0,0,0,0,0,0,0,0,0,0,0,0,0,0,0,0,0,0,0,0,0,0,0,0,0,0,0,0,0,0,0,0
GF11_B3_d72_colon,0,0,0,0,0,0,0,0,0,0,0,0,0,0,0,0,0,0,0,0,0,0,0,0,0,0,0,0,0,0,0,0,0,0,0,0
GF11_B6_d72_colon,0,0,0,0,0,0,0,0,0,0,0,0,0,0,0,0,0,0,0,0,0,0,0,0,0,0,0,0,0,0,0,0,0,0,0,0
GF11_C2_COLON_D38,0,0,0,0,0,0,0,0,0,0,0,0,0,0,0,0,0,0,0,0,0,0,0,0,0,0,0,0,0,0,0,0,0,0,0,0
GF12_A_dam_d1,0,0,0,0,0,0,0,0,0,0,0,0,0,0,0,0,0,0,0,0,0,0,0,0,0,0,0,0,0,0,0,0,0,0,0,0
GF12_A1_d32_colon,0,0,0,0,0,0,0,0,0,0,0,0,0,0,0,0,0,0,0,0,0,0,0,0,0,0,0,0,0,0,0,0,0,0,0,0
GF12_A3_d32_colon,0,0,0,0,0,0,0,0,0,0,0,0,0,0,0,0,0,0,0,0,0,0,0,0,0,0,0,0,0,0,0,0,0,0,0,0
GF12_B_Dam_d0,0,0,0,0,0,0,0,0,0,0,0,0,0,0,0,0,0,0,0,0,0,0,0,0,0,0,0,0,0,0,0,0,0,0,0,0
GF12_B1_d82_colon,0,0,0,0,0,0,0,0,0,0,0,0,0,0,0,0,0,0,0,0,0,0,0,0,0,0,0,0,0,0,0,0,0,0,0,0
GF12_B2_d34_colon,0,0,0,0,0,0,0,0,0,0,0,0,0,0,0,0,0,0,0,0,0,0,0,0,0,0,0,0,0,0,0,0,0,0,0,0
GF12_B3_d32,0,0,0,0,0,0,0,0,0,0,0,0,0,0,0,0,0,0,0,0,0,0,0,0,0,0,0,0,0,0,0,0,0,0,0,0
GF12_B3_d34_colon,0,0,0,0,0,0,0,0,0,0,0,0,0,0,0,0,0,0,0,0,0,0,0,0,0,0,0,0,0,0,0,0,0,0,0,0
GF12_B3_d82_colon,0,0,0,0,0,0,0,0,0,0,0,0,0,0,0,0,0,0,0,0,0,0,0,0,0,0,0,0,0,0,0,0,0,0,0,0
GF12_B4_d34_colon,0,0,0,0,0,0,0,0,0,0,0,0,0,0,0,0,0,0,0,0,0,0,0,0,0,0,0,0,0,0,0,0,0,0,0,0
GF12_B5_d82_colon,0,0,0,0,0,0,0,0,0,0,0,0,0,0,0,0,0,0,0,0,0,0,0,0,0,0,0,0,0,0,0,0,0,0,0,0
GF12_B6_d82_colon,0,0,0,0,0,0,0,0,0,0,0,0,0,0,0,0,0,0,0,0,0,0,0,0,0,0,0,0,0,0,0,0,0,0,0,0
GF12_C1_d31_colon,0,0,0,0,0,0,0,0,0,0,0,0,0,0,0,0,0,0,0,0,0,0,0,0,0,0,0,0,0,0,0,0,0,0,0,0
GF12_C1_d92_colon,0,0,0,0,0,0,0,0,0,0,0,0,0,0,0,0,0,0,0,0,0,0,0,0,0,0,0,0,0,0,0,0,0,0,0,0
GF12_C2_d32_colon,0,0,0,0,0,0,0,0,0,0,0,0,0,0,0,0,0,0,0,0,0,0,0,0,0,0,0,0,0,0,0,0,0,0,0,0
GF12_C2_d92_colon,0,0,0,0,0,0,0,0,0,0,0,0,0,0,0,0,0,0,0,0,0,0,0,0,0,0,0,0,0,0,0,0,0,0,0,0
GF12_C3_d34_colon,0,0,0,0,0,0,0,0,0,0,0,0,0,0,0,0,0,0,0,0,0,0,0,0,0,0,0,0,0,0,0,0,0,0,0,0
GF12_C3_d92_colon,0,0,0,0,0,0,0,0,0,0,0,0,0,0,0,0,0,0,0,0,0,0,0,0,0,0,0,0,0,0,0,0,0,0,0,0
GF12_C4_d80_colon,0,0,0,0,0,0,0,0,0,0,0,0,0,0,0,0,0,0,0,0,0,0,0,0,0,0,0,0,0,0,0,0,0,0,0,0
GF12_C4_d80,0,0,0,0,0,0,0,0,0,0,0,0,0,0,0,0,0,0,0,0,0,0,0,0,0,0,0,0,0,0,0,0,0,0,0,0
GF12_C4_d92_colon,0,0,0,0,0,0,0,0,0,0,0,0,0,0,0,0,0,0,0,0,0,0,0,0,0,0,0,0,0,0,0,0,0,0,0,0
GF12_C5_d31_colon,0,0,0,0,0,0,0,0,0,0,0,0,0,0,0,0,0,0,0,0,0,0,0,0,0,0,0,0,0,0,0,0,0,0,0,0
GF12_C5_d80_colon,0,0,0,0,0,0,0,0,0,0,0,0,0,0,0,0,0,0,0,0,0,0,0,0,0,0,0,0,0,0,0,0,0,0,0,0
GF13_A1_d35_colon,0,0,0,0,0,0,0,0,0,0,0,0,0,0,0,0,0,0,0,0,0,0,0,0,0,0,0,0,0,0,0,0,0,0,0,0
GF13_A2_d35_colon,0,0,0,0,0,0,0,0,0,0,0,0,0,0,0,0,0,0,0,0,0,0,0,0,0,0,0,0,0,0,0,0,0,0,0,0
GF13_A3_d35_colon,0,0,0,0,0,0,0,0,0,0,0,0,0,0,0,0,0,0,0,0,0,0,0,0,0,0,0,0,0,0,0,0,0,0,0,0
GF13_A4_d35_colon,0,0,0,0,0,0,0,0,0,0,0,0,0,0,0,0,0,0,0,0,0,0,0,0,0,0,0,0,0,0,0,0,0,0,0,0
GF13_A5_d35_colon,0,0,0,0,0,0,0,0,0,0,0,0,0,0,0,0,0,0,0,0,0,0,0,0,0,0,0,0,0,0,0,0,0,0,0,0
GF13_A6_d35_colon,0,0,0,0,0,0,0,0,0,0,0,0,0,0,0,0,0,0,0,0,0,0,0,0,0,0,0,0,0,0,0,0,0,0,0,0
GF13_B2_d65_colon,0,0,0,0,0,0,0,0,0,0,0,0,0,0,0,0,0,0,0,0,0,0,0,0,0,0,0,0,0,0,0,0,0,0,0,0
GF13_B4_d65_colon,0,0,0,0,0,0,0,0,0,0,0,0,0,0,0,0,0,0,0,0,0,0,0,0,0,0,0,0,0,0,0,0,0,0,0,0
GF13_B6_d65_colon,0,0,0,0,0,0,0,0,0,0,0,0,0,0,0,0,0,0,0,0,0,0,0,0,0,0,0,0,0,0,0,0,0,0,0,0
GF13_B7_d65_colon,0,0,0,0,0,0,0,0,0,0,0,0,0,0,0,0,0,0,0,0,0,0,0,0,0,0,0,0,0,0,0,0,0,0,0,0
GF14_A_Dam_d0,0,0,0,0,0,0,0,0,0,0,0,0,0,0,0,0,0,0,0,0,0,0,0,0,0,0,0,0,0,0,0,0,0,0,0,0
GF14_B_d0_stool,0,0,0,0,0,0,0,0,0,0,0,0,0,0,0,0,0,0,0,0,0,0,0,0,0,0,0,0,0,0,0,0,0,0,0,0
GF14_d67_A2_stool,0,0,0,0,0,0,0,0,0,0,0,0,0,0,0,0,0,0,0,0,0,0,0,0,0,0,0,0,0,0,0,0,0,0,0,0
GF15_A_Dam_d0,0,0,0,0,0,0,0,0,0,0,0,0,0,0,0,0,0,0,0,0,0,0,0,0,0,0,0,0,0,0,0,0,0,0,0,0
GF15_A1_d32,0,0,0,0,0,0,0,0,0,0,0,0,0,0,0,0,0,0,0,0,0,0,0,0,0,0,0,0,0,0,0,0,0,0,0,0
GF15_a1_d74_colon,0,0,0,0,0,0,0,0,0,0,0,0,0,0,0,0,0,0,0,0,0,0,0,0,0,0,0,0,0,0,0,0,0,0,0,0
GF15_A3_d33,0,0,0,0,0,0,0,0,0,0,0,0,0,0,0,0,0,0,0,0,0,0,0,0,0,0,0,0,0,0,0,0,0,0,0,0
GF15_a3_d74_colon,0,0,0,0,0,0,0,0,0,0,0,0,0,0,0,0,0,0,0,0,0,0,0,0,0,0,0,0,0,0,0,0,0,0,0,0
GF15_a5_d71_colon,0,0,0,0,0,0,0,0,0,0,0,0,0,0,0,0,0,0,0,0,0,0,0,0,0,0,0,0,0,0,0,0,0,0,0,0
GF15_a6_d74_colon,0,0,0,0,0,0,0,0,0,0,0,0,0,0,0,0,0,0,0,0,0,0,0,0,0,0,0,0,0,0,0,0,0,0,0,0
GF15_a8_d74_colon,0,0,0,0,0,0,0,0,0,0,0,0,0,0,0,0,0,0,0,0,0,0,0,0,0,0,0,0,0,0,0,0,0,0,0,0
GF15_B7_d33,0,0,0,0,0,0,0,0,0,0,0,0,0,0,0,0,0,0,0,0,0,0,0,0,0,0,0,0,0,0,0,0,0,0,0,0
GF16_A4_d35_colon,0,0,0,0,0,0,0,0,0,0,0,0,0,0,0,0,0,0,0,0,0,0,0,0,0,0,0,0,0,0,0,0,0,0,0,0
GF16_A5_d35_colon,0,0,0,0,0,0,0,0,0,0,0,0,0,0,0,0,0,0,0,0,0,0,0,0,0,0,0,0,0,0,0,0,0,0,0,0
GF16_A7_d35_colon,0,0,0,0,0,0,0,0,0,0,0,0,0,0,0,0,0,0,0,0,0,0,0,0,0,0,0,0,0,0,0,0,0,0,0,0
GF16_ADam_do,0,0,0,0,0,0,0,0,0,0,0,0,0,0,0,0,0,0,0,0,0,0,0,0,0,0,0,0,0,0,0,0,0,0,0,0
GF16_B1_d34,0,0,0,0,0,0,0,0,0,0,0,0,0,0,0,0,0,0,0,0,0,0,0,0,0,0,0,0,0,0,0,0,0,0,0,0
GF16_B1_d35_colon,0,0,0,0,0,0,0,0,0,0,0,0,0,0,0,0,0,0,0,0,0,0,0,0,0,0,0,0,0,0,0,0,0,0,0,0
GF16_B3_d35_colon,0,0,0,0,0,0,0,0,0,0,0,0,0,0,0,0,0,0,0,0,0,0,0,0,0,0,0,0,0,0,0,0,0,0,0,0
GF16_B4_d35_colon,0,0,0,0,0,0,0,0,0,0,0,0,0,0,0,0,0,0,0,0,0,0,0,0,0,0,0,0,0,0,0,0,0,0,0,0
GF16_B5_d33,0,0,0,0,0,0,0,0,0,0,0,0,0,0,0,0,0,0,0,0,0,0,0,0,0,0,0,0,0,0,0,0,0,0,0,0
GF16_B6_d35_colon,0,0,0,0,0,0,0,0,0,0,0,0,0,0,0,0,0,0,0,0,0,0,0,0,0,0,0,0,0,0,0,0,0,0,0,0
GF18_b1_d35_colon,0,0,0,0,0,0,0,0,0,0,0,0,0,0,0,0,0,0,0,0,0,0,0,0,0,0,0,0,0,0,0,0,0,0,0,0
GF2_A0,0,0,0,0,0,0,0,0,0,0,0,0,0,0,0,0,0,0,0,0,0,0,0,0,0,0,0,0,0,0,0,0,0,0,0,0
GF2_A1_Liver,0,0,0,0,0,0,0,0,0,0,0,0,0,0,0,0,0,0,0,0,0,0,0,0,0,0,0,0,0,0,0,0,0,0,0,0
GF2_A1_Spleen,0,0,0,0,0,0,0,0,0,0,0,0,0,0,0,0,0,0,0,0,0,0,0,0,0,0,0,0,0,0,0,0,0,0,0,0
GF2_A2_Liver,0,0,0,0,0,0,0,0,0,0,0,0,0,0,0,0,0,0,0,0,0,0,0,0,0,0,0,0,0,0,0,0,0,0,0,0
GF2_A2_Spleen,0,0,0,0,0,0,0,0,0,0,0,0,0,0,0,0,0,0,0,0,0,0,0,0,0,0,0,0,0,0,0,0,0,0,0,0
GF2_A3_Liver,0,0,0,0,0,0,0,0,0,0,0,0,0,0,0,0,0,0,0,0,0,0,0,0,0,0,0,0,0,0,0,0,0,0,0,0
GF2_A3_Spleen,0,0,0,0,0,0,0,0,0,0,0,0,0,0,0,0,0,0,0,0,0,0,0,0,0,0,0,0,0,0,0,0,0,0,0,0
GF2_A4_Liver,0,0,0,0,0,0,0,0,0,0,0,0,0,0,0,0,0,0,0,0,0,0,0,0,0,0,0,0,0,0,0,0,0,0,0,0
GF2_A4_Spleen,0,0,0,0,0,0,0,0,0,0,0,0,0,0,0,0,0,0,0,0,0,0,0,0,0,0,0,0,0,0,0,0,0,0,0,0
GF2_A5_Liver,0,0,0,0,0,0,0,0,0,0,0,0,0,0,0,0,0,0,0,0,0,0,0,0,0,0,0,0,0,0,0,0,0,0,0,0
GF2_A5_Spleen,0,0,0,0,0,0,0,0,0,0,0,0,0,0,0,0,0,0,0,0,0,0,0,0,0,0,0,0,0,0,0,0,0,0,0,0
GF2_A6_Liver,0,0,0,0,0,0,0,0,0,0,0,0,0,0,0,0,0,0,0,0,0,0,0,0,0,0,0,0,0,0,0,0,0,0,0,0
GF2_A6_Spleen,0,0,0,0,0,0,0,0,0,0,0,0,0,0,0,0,0,0,0,0,0,0,0,0,0,0,0,0,0,0,0,0,0,0,0,0
GF2_B0,0,0,0,0,0,0,0,0,0,0,0,0,0,0,0,0,0,0,0,0,0,0,0,0,0,0,0,0,0,0,0,0,0,0,0,0
GF2_B1_Liver,0,0,0,0,0,0,0,0,0,0,0,0,0,0,0,0,0,0,0,0,0,0,0,0,0,0,0,0,0,0,0,0,0,0,0,0
GF2_B1_Spleen,0,0,0,0,0,0,0,0,0,0,0,0,0,0,0,0,0,0,0,0,0,0,0,0,0,0,0,0,0,0,0,0,0,0,0,0
GF2_B2_Liver,0,0,0,0,0,0,0,0,0,0,0,0,0,0,0,0,0,0,0,0,0,0,0,0,0,0,0,0,0,0,0,0,0,0,0,0
GF2_B2_Spleen,0,0,0,0,0,0,0,0,0,0,0,0,0,0,0,0,0,0,0,0,0,0,0,0,0,0,0,0,0,0,0,0,0,0,0,0
GF2_B3_COLON,0,0,0,0,0,0,0,0,0,0,0,0,0,0,0,0,0,0,0,0,0,0,0,0,0,0,0,0,0,0,0,0,0,0,0,0
GF2_B3_Liver,0,0,0,0,0,0,0,0,0,0,0,0,0,0,0,0,0,0,0,0,0,0,0,0,0,0,0,0,0,0,0,0,0,0,0,0
GF2_B3_Spleen,0,0,0,0,0,0,0,0,0,0,0,0,0,0,0,0,0,0,0,0,0,0,0,0,0,0,0,0,0,0,0,0,0,0,0,0
GF2_B5_Spleen,0,0,0,0,0,0,0,0,0,0,0,0,0,0,0,0,0,0,0,0,0,0,0,0,0,0,0,0,0,0,0,0,0,0,0,0
GF20_d123_b10,0,0,0,0,0,0,0,0,0,0,0,0,0,0,0,0,0,0,0,0,0,0,0,0,0,0,0,0,0,0,0,0,0,0,0,0
GF20_d127_a4,0,0,0,0,0,0,0,0,0,0,0,0,0,0,0,0,0,0,0,0,0,0,0,0,0,0,0,0,0,0,0,0,0,0,0,0
GF20_d127_a8,0,0,0,0,0,0,0,0,0,0,0,0,0,0,0,0,0,0,0,0,0,0,0,0,0,0,0,0,0,0,0,0,0,0,0,0
GF20_d127_b1,0,0,0,0,0,0,0,0,0,0,0,0,0,0,0,0,0,0,0,0,0,0,0,0,0,0,0,0,0,0,0,0,0,0,0,0
GF20_d127_b2,0,0,0,0,0,0,0,0,0,0,0,0,0,0,0,0,0,0,0,0,0,0,0,0,0,0,0,0,0,0,0,0,0,0,0,0
GF20_d127_b5,0,0,0,0,0,0,0,0,0,0,0,0,0,0,0,0,0,0,0,0,0,0,0,0,0,0,0,0,0,0,0,0,0,0,0,0
GF20_d127_b6,0,0,0,0,0,0,0,0,0,0,0,0,0,0,0,0,0,0,0,0,0,0,0,0,0,0,0,0,0,0,0,0,0,0,0,0
GF20_d127_b8,0,0,0,0,0,0,0,0,0,0,0,0,0,0,0,0,0,0,0,0,0,0,0,0,0,0,0,0,0,0,0,0,0,0,0,0
GF20_d140_c1,0,0,0,0,0,0,0,0,0,0,0,0,0,0,0,0,0,0,0,0,0,0,0,0,0,0,0,0,0,0,0,0,0,0,0,0
GF20_d140_c3,0,0,0,0,0,0,0,0,0,0,0,0,0,0,0,0,0,0,0,0,0,0,0,0,0,0,0,0,0,0,0,0,0,0,0,0
GF20_d140_c5,0,0,0,0,0,0,0,0,0,0,0,0,0,0,0,0,0,0,0,0,0,0,0,0,0,0,0,0,0,0,0,0,0,0,0,0
GF20_d140_c6,0,0,0,0,0,0,0,0,0,0,0,0,0,0,0,0,0,0,0,0,0,0,0,0,0,0,0,0,0,0,0,0,0,0,0,0
GF20_d140_c7,0,0,0,0,0,0,0,0,0,0,0,0,0,0,0,0,0,0,0,0,0,0,0,0,0,0,0,0,0,0,0,0,0,0,0,0
GF20_d140_c9,0,0,0,0,0,0,0,0,0,0,0,0,0,0,0,0,0,0,0,0,0,0,0,0,0,0,0,0,0,0,0,0,0,0,0,0
GF20_d35_b5,0,0,0,0,0,0,0,0,0,0,0,0,0,0,0,0,0,0,0,0,0,0,0,0,0,0,0,0,0,0,0,0,0,0,0,0
GF20_d36_b1,0,0,0,0,0,0,0,0,0,0,0,0,0,0,0,0,0,0,0,0,0,0,0,0,0,0,0,0,0,0,0,0,0,0,0,0
GF20_d36_b3,0,0,0,0,0,0,0,0,0,0,0,0,0,0,0,0,0,0,0,0,0,0,0,0,0,0,0,0,0,0,0,0,0,0,0,0
GF20_d36_b4,0,0,0,0,0,0,0,0,0,0,0,0,0,0,0,0,0,0,0,0,0,0,0,0,0,0,0,0,0,0,0,0,0,0,0,0
GF20_d40_c1,0,0,0,0,0,0,0,0,0,0,0,0,0,0,0,0,0,0,0,0,0,0,0,0,0,0,0,0,0,0,0,0,0,0,0,0
GF20_d40_c2,0,0,0,0,0,0,0,0,0,0,0,0,0,0,0,0,0,0,0,0,0,0,0,0,0,0,0,0,0,0,0,0,0,0,0,0
GF20_d40_c4,0,0,0,0,0,0,0,0,0,0,0,0,0,0,0,0,0,0,0,0,0,0,0,0,0,0,0,0,0,0,0,0,0,0,0,0
GF20_d89_b4,0,0,0,0,0,0,0,0,0,0,0,0,0,0,0,0,0,0,0,0,0,0,0,0,0,0,0,0,0,0,0,0,0,0,0,0
GF20_d89_b7,0,0,0,0,0,0,0,0,0,0,0,0,0,0,0,0,0,0,0,0,0,0,0,0,0,0,0,0,0,0,0,0,0,0,0,0
GF23_d0_dama,0,0,0,0,0,0,0,0,0,0,0,0,0,0,0,0,0,0,0,0,0,0,0,0,0,0,0,0,0,0,0,0,0,0,0,0
GF23_d0_damb,0,0,0,0,0,0,0,0,0,0,0,0,0,0,0,0,0,0,0,0,0,0,0,0,0,0,0,0,0,0,0,0,0,0,0,0
GF23_d0_damc,0,0,0,0,0,0,0,0,0,0,0,0,0,0,0,0,0,0,0,0,0,0,0,0,0,0,0,0,0,0,0,0,0,0,0,0
GF23_d10_damc,0,0,0,0,0,0,0,0,0,0,0,0,0,0,0,0,0,0,0,0,0,0,0,0,0,0,0,0,0,0,0,0,0,0,0,0
GF23_d32_dama,0,0,0,0,0,0,0,0,0,0,0,0,0,0,0,0,0,0,0,0,0,0,0,0,0,0,0,0,0,0,0,0,0,0,0,0
GF23_d32_damc,0,0,0,0,0,0,0,0,0,0,0,0,0,0,0,0,0,0,0,0,0,0,0,0,0,0,0,0,0,0,0,0,0,0,0,0
GF23_d80_c5,0,0,0,0,0,0,0,0,0,0,0,0,0,0,0,0,0,0,0,0,0,0,0,0,0,0,0,0,0,0,0,0,0,0,0,0
GF23_d82_c2,0,0,0,0,0,0,0,0,0,0,0,0,0,0,0,0,0,0,0,0,0,0,0,0,0,0,0,0,0,0,0,0,0,0,0,0
GF23_d82_c6,0,0,0,0,0,0,0,0,0,0,0,0,0,0,0,0,0,0,0,0,0,0,0,0,0,0,0,0,0,0,0,0,0,0,0,0
GF23_d83_c4,0,0,0,0,0,0,0,0,0,0,0,0,0,0,0,0,0,0,0,0,0,0,0,0,0,0,0,0,0,0,0,0,0,0,0,0
GF23_d83_c5,0,0,0,0,0,0,0,0,0,0,0,0,0,0,0,0,0,0,0,0,0,0,0,0,0,0,0,0,0,0,0,0,0,0,0,0
GF4_A0,0,0,0,0,0,0,0,0,0,0,0,0,0,0,0,0,0,0,0,0,0,0,0,0,0,0,0,0,0,0,0,0,0,0,0,0
GF4_B0,0,0,0,0,0,0,0,0,0,0,0,0,0,0,0,0,0,0,0,0,0,0,0,0,0,0,0,0,0,0,0,0,0,0,0,0
GF4_B2_d37,0,0,0,0,0,0,0,0,0,0,0,0,0,0,0,0,0,0,0,0,0,0,0,0,0,0,0,0,0,0,0,0,0,0,0,0
GF4_B3_d38,0,0,0,0,0,0,0,0,0,0,0,0,0,0,0,0,0,0,0,0,0,0,0,0,0,0,0,0,0,0,0,0,0,0,0,0
GF4_B3_MLN,0,0,0,0,0,0,0,0,0,0,0,0,0,0,0,0,0,0,0,0,0,0,0,0,0,0,0,0,0,0,0,0,0,0,0,0
GF4_B4_d37,0,0,0,0,0,0,0,0,0,0,0,0,0,0,0,0,0,0,0,0,0,0,0,0,0,0,0,0,0,0,0,0,0,0,0,0
GF4_C0,0,0,0,0,0,0,0,0,0,0,0,0,0,0,0,0,0,0,0,0,0,0,0,0,0,0,0,0,0,0,0,0,0,0,0,0
GF4_C1_d41,0,0,0,0,0,0,0,0,0,0,0,0,0,0,0,0,0,0,0,0,0,0,0,0,0,0,0,0,0,0,0,0,0,0,0,0
GF4_C1_MLN,0,0,0,0,0,0,0,0,0,0,0,0,0,0,0,0,0,0,0,0,0,0,0,0,0,0,0,0,0,0,0,0,0,0,0,0
GF4_C2_MLN,0,0,0,0,0,0,0,0,0,0,0,0,0,0,0,0,0,0,0,0,0,0,0,0,0,0,0,0,0,0,0,0,0,0,0,0
GF4_C3_d41,0,0,0,0,0,0,0,0,0,0,0,0,0,0,0,0,0,0,0,0,0,0,0,0,0,0,0,0,0,0,0,0,0,0,0,0
GF4_C3_MLN,0,0,0,0,0,0,0,0,0,0,0,0,0,0,0,0,0,0,0,0,0,0,0,0,0,0,0,0,0,0,0,0,0,0,0,0
GF4_C4_d38,0,0,0,0,0,0,0,0,0,0,0,0,0,0,0,0,0,0,0,0,0,0,0,0,0,0,0,0,0,0,0,0,0,0,0,0
GF4_C5_MLN,0,0,0,0,0,0,0,0,0,0,0,0,0,0,0,0,0,0,0,0,0,0,0,0,0,0,0,0,0,0,0,0,0,0,0,0
GF4_EMPTY,0,0,0,0,0,0,0,0,0,0,0,0,0,0,0,0,0,0,0,0,0,0,0,0,0,0,0,0,0,0,0,0,0,0,0,0
GF4_W1,0,0,0,0,0,0,0,0,0,0,0,0,0,0,0,0,0,0,0,0,0,0,0,0,0,0,0,0,0,0,0,0,0,0,0,0
GF4_W2,0,0,0,0,0,0,0,0,0,0,0,0,0,0,0,0,0,0,0,0,0,0,0,0,0,0,0,0,0,0,0,0,0,0,0,0
GF4_W3,0,0,0,0,0,0,0,0,0,0,0,0,0,0,0,0,0,0,0,0,0,0,0,0,0,0,0,0,0,0,0,0,0,0,0,0
GF4_W4,0,0,0,0,0,0,0,0,0,0,0,0,0,0,0,0,0,0,0,0,0,0,0,0,0,0,0,0,0,0,0,0,0,0,0,0
GF4_W5,0,0,0,0,0,0,0,0,0,0,0,0,0,0,0,0,0,0,0,0,0,0,0,0,0,0,0,0,0,0,0,0,0,0,0,0
GF5_A1_COLON_190628,0,0,0,0,0,0,0,0,0,0,0,0,0,0,0,0,0,0,0,0,0,0,0,0,0,0,0,0,0,0,0,0,0,0,0,0
GF5_A1_D82,0,0,0,0,0,0,0,0,0,0,0,0,0,0,0,0,0,0,0,0,0,0,0,0,0,0,0,0,0,0,0,0,0,0,0,0
GF5_A3_D80,0,0,0,0,0,0,0,0,0,0,0,0,0,0,0,0,0,0,0,0,0,0,0,0,0,0,0,0,0,0,0,0,0,0,0,0
GF5_A4_COLON_190628,0,0,0,0,0,0,0,0,0,0,0,0,0,0,0,0,0,0,0,0,0,0,0,0,0,0,0,0,0,0,0,0,0,0,0,0
GF5_A4_D79,0,0,0,0,0,0,0,0,0,0,0,0,0,0,0,0,0,0,0,0,0,0,0,0,0,0,0,0,0,0,0,0,0,0,0,0
GF5_A5_D47,0,0,0,0,0,0,0,0,0,0,0,0,0,0,0,0,0,0,0,0,0,0,0,0,0,0,0,0,0,0,0,0,0,0,0,0
GF5_A6_COLON_190628,0,0,0,0,0,0,0,0,0,0,0,0,0,0,0,0,0,0,0,0,0,0,0,0,0,0,0,0,0,0,0,0,0,0,0,0
GF5_A7_COLON_190628,0,0,0,0,0,0,0,0,0,0,0,0,0,0,0,0,0,0,0,0,0,0,0,0,0,0,0,0,0,0,0,0,0,0,0,0
GF5_B_COLON_M3,0,0,0,0,0,0,0,0,0,0,0,0,0,0,0,0,0,0,0,0,0,0,0,0,0,0,0,0,0,0,0,0,0,0,0,0
GF5_B_COLON_M4,0,0,0,0,0,0,0,0,0,0,0,0,0,0,0,0,0,0,0,0,0,0,0,0,0,0,0,0,0,0,0,0,0,0,0,0
GF5_B7_D84,0,0,0,0,0,0,0,0,0,0,0,0,0,0,0,0,0,0,0,0,0,0,0,0,0,0,0,0,0,0,0,0,0,0,0,0
GF5_C_DAM_D0,0,0,0,0,0,0,0,0,0,0,0,0,0,0,0,0,0,0,0,0,0,0,0,0,0,0,0,0,0,0,0,0,0,0,0,0
GF5_EMPTY,0,0,0,0,0,0,0,0,0,0,0,0,0,0,0,0,0,0,0,0,0,0,0,0,0,0,0,0,0,0,0,0,0,0,0,0
GF6_A1_D88,0,0,0,0,0,0,0,0,0,0,0,0,0,0,0,0,0,0,0,0,0,0,0,0,0,0,0,0,0,0,0,0,0,0,0,0
GF6_ADAM_D67,0,0,0,0,0,0,0,0,0,0,0,0,0,0,0,0,0,0,0,0,0,0,0,0,0,0,0,0,0,0,0,0,0,0,0,0
GF6_B1_COLON_D105,0,0,0,0,0,0,0,0,0,0,0,0,0,0,0,0,0,0,0,0,0,0,0,0,0,0,0,0,0,0,0,0,0,0,0,0
GF6_B10_D66,0,0,0,0,0,0,0,0,0,0,0,0,0,0,0,0,0,0,0,0,0,0,0,0,0,0,0,0,0,0,0,0,0,0,0,0
GF6_B4_D90,0,0,0,0,0,0,0,0,0,0,0,0,0,0,0,0,0,0,0,0,0,0,0,0,0,0,0,0,0,0,0,0,0,0,0,0
GF6_B5_D87,0,0,0,0,0,0,0,0,0,0,0,0,0,0,0,0,0,0,0,0,0,0,0,0,0,0,0,0,0,0,0,0,0,0,0,0
GF6_B9_D63,0,0,0,0,0,0,0,0,0,0,0,0,0,0,0,0,0,0,0,0,0,0,0,0,0,0,0,0,0,0,0,0,0,0,0,0
GF6_GF6MERO3_COLON,0,0,0,0,0,0,0,0,0,0,0,0,0,0,0,0,0,0,0,0,0,0,0,0,0,0,0,0,0,0,0,0,0,0,0,0
GF6_GFMERO1_COLON,0,0,0,0,0,0,0,0,0,0,0,0,0,0,0,0,0,0,0,0,0,0,0,0,0,0,0,0,0,0,0,0,0,0,0,0
GF6_GFMERO2_COLON,0,0,0,0,0,0,0,0,0,0,0,0,0,0,0,0,0,0,0,0,0,0,0,0,0,0,0,0,0,0,0,0,0,0,0,0
GF6_WATER_D9,0,0,0,0,0,0,0,0,0,0,0,0,0,0,0,0,0,0,0,0,0,0,0,0,0,0,0,0,0,0,0,0,0,0,0,0
GF6_WATER_H12,0,0,0,0,0,0,0,0,0,0,0,0,0,0,0,0,0,0,0,0,0,0,0,0,0,0,0,0,0,0,0,0,0,0,0,0
GF6_WATER,0,0,0,0,0,0,0,0,0,0,0,0,0,0,0,0,0,0,0,0,0,0,0,0,0,0,0,0,0,0,0,0,0,0,0,0
GF7_ASIRE_D22,0,0,0,0,0,0,0,0,0,0,0,0,0,0,0,0,0,0,0,0,0,0,0,0,0,0,0,0,0,0,0,0,0,0,0,0
GF7_B7_COLON_D47,0,0,0,0,0,0,0,0,0,0,0,0,0,0,0,0,0,0,0,0,0,0,0,0,0,0,0,0,0,0,0,0,0,0,0,0
GF7_WATER_A12,0,0,0,0,0,0,0,0,0,0,0,0,0,0,0,0,0,0,0,0,0,0,0,0,0,0,0,0,0,0,0,0,0,0,0,0
GF7_WATER_B7,0,0,0,0,0,0,0,0,0,0,0,0,0,0,0,0,0,0,0,0,0,0,0,0,0,0,0,0,0,0,0,0,0,0,0,0
GF7_WATER_C8,0,0,0,0,0,0,0,0,0,0,0,0,0,0,0,0,0,0,0,0,0,0,0,0,0,0,0,0,0,0,0,0,0,0,0,0
GF7_WATER_D9,0,0,0,0,0,0,0,0,0,0,0,0,0,0,0,0,0,0,0,0,0,0,0,0,0,0,0,0,0,0,0,0,0,0,0,0
GF7_WATER_H2,0,0,0,0,0,0,0,0,0,0,0,0,0,0,0,0,0,0,0,0,0,0,0,0,0,0,0,0,0,0,0,0,0,0,0,0
GF7_WATER_H8,0,0,0,0,0,0,0,0,0,0,0,0,0,0,0,0,0,0,0,0,0,0,0,0,0,0,0,0,0,0,0,0,0,0,0,0
GF8_C7_D34,0,0,0,0,0,0,0,0,0,0,0,0,0,0,0,0,0,0,0,0,0,0,0,0,0,0,0,0,0,0,0,0,0,0,0,0
Gn3_6A_dam,0,0,0,0,0,0,0,0,0,0,0,0,0,0,0,0,0,0,0,0,0,0,0,0,0,0,0,0,0,0,0,0,0,0,0,0
Gn3_6Adam_Stool,0,0,0,0,0,0,0,0,0,0,0,0,0,0,0,0,0,0,0,0,0,0,0,0,0,0,0,0,0,0,0,0,0,0,0,0
Gn3_8Ddam_Stool_211105-1,0,0,0,0,0,0,0,0,0,0,0,0,0,0,0,0,0,0,0,0,0,0,0,0,0,0,0,0,0,0,0,0,0,0,0,0
Gn3_AB11_Cwash,0,0,0,0,0,0,0,0,0,0,0,0,0,0,0,0,0,0,0,0,0,0,0,0,0,0,0,0,0,0,0,0,0,0,0,0
Gn3_AB12_Cwash,0,0,0,0,0,0,0,0,0,0,0,0,0,0,0,0,0,0,0,0,0,0,0,0,0,0,0,0,0,0,0,0,0,0,0,0
Gn3_B1_Cwash,0,0,0,0,0,0,0,0,0,0,0,0,0,0,0,0,0,0,0,0,0,0,0,0,0,0,0,0,0,0,0,0,0,0,0,0
Gn3_B2_Cwash,0,0,0,0,0,0,0,0,0,0,0,0,0,0,0,0,0,0,0,0,0,0,0,0,0,0,0,0,0,0,0,0,0,0,0,0
Gn3_B3_Cwash,0,0,0,0,0,0,0,0,0,0,0,0,0,0,0,0,0,0,0,0,0,0,0,0,0,0,0,0,0,0,0,0,0,0,0,0
Gn3_B4_Cwash,0,0,0,0,0,0,0,0,0,0,0,0,0,0,0,0,0,0,0,0,0,0,0,0,0,0,0,0,0,0,0,0,0,0,0,0
Gn3_B5_Cwash,0,0,0,0,0,0,0,0,0,0,0,0,0,0,0,0,0,0,0,0,0,0,0,0,0,0,0,0,0,0,0,0,0,0,0,0
Gn3_B6_Cwash,0,0,0,0,0,0,0,0,0,0,0,0,0,0,0,0,0,0,0,0,0,0,0,0,0,0,0,0,0,0,0,0,0,0,0,0
Gn3_BV7_Cwash,0,0,0,0,0,0,0,0,0,0,0,0,0,0,0,0,0,0,0,0,0,0,0,0,0,0,0,0,0,0,0,0,0,0,0,0
Gn3_BV8_Cwash,0,0,0,0,0,0,0,0,0,0,0,0,0,0,0,0,0,0,0,0,0,0,0,0,0,0,0,0,0,0,0,0,0,0,0,0
Gn3_PBS_Innoc,0,0,0,0,0,0,0,0,0,0,0,0,0,0,0,0,0,0,0,0,0,0,0,0,0,0,0,0,0,0,0,0,0,0,0,0
Gn3_PBS1_Cwash,0,0,0,0,0,0,0,0,0,0,0,0,0,0,0,0,0,0,0,0,0,0,0,0,0,0,0,0,0,0,0,0,0,0,0,0
Gn3_PBS2_dam,0,0,0,0,0,0,0,0,0,0,0,0,0,0,0,0,0,0,0,0,0,0,0,0,0,0,0,0,0,0,0,0,0,0,0,0
Gn3_PBS3_Cwash,0,0,0,0,0,0,0,0,0,0,0,0,0,0,0,0,0,0,0,0,0,0,0,0,0,0,0,0,0,0,0,0,0,0,0,0