Sample,Enterococcus,Anaerococcus,Varibaculum,Finegoldia,Bifidobacterium,Escherichia,Streptococcus,Clostridium,Citrobacter,Staphylococcus,Veillonella,Morganella,Pseudomonas,Clostridioides,Erysipelatoclostridium,Proteus,Klebsiella,Achromobacter,Enterobacter,Dermabacter,Peptoniphilus,Campylobacter,Gemella,Bacteroides,Akkermansia,Lactobacillus,Blautia,Lachnoclostridium,Parasutterella,Proteobacteria_unclassified,Turicimonas,Sphingomonas,Negativicoccus,Actinomyces,Corynebacterium,Aeriscardovia,Mycobacteroides,Lachnospiraceae_unclassified,Acutalibacter,Anaerotruncus,Dorea,Enterorhabdus,Oscillibacter,Cutibacterium,Fusobacterium,Serratia,Leclercia,Pedobacter,Delftia,Paenibacillus,Acinetobacter
GF20_d0_inoc,34.77182,28.40982,13.35631,8.00946,6.23767,3.15082,2.47017,1.57718,1.3836,0.37415,0.25901,0,0,0,0,0,0,0,0,0,0,0,0,0,0,0,0,0,0,0,0,0,0,0,0,0,0,0,0,0,0,0,0,0,0,0,0,0,0,0,0
GF20_d161_b6,0,0,0,0,0.05118,91.24548,0,0,8.70335,0,0,0,0,0,0,0,0,0,0,0,0,0,0,0,0,0,0,0,0,0,0,0,0,0,0,0,0,0,0,0,0,0,0,0,0,0,0,0,0,0,0
GF20_d35_a3,0,0,0,0,0,68.87012,0,0,6.20198,0,0,24.68436,0.24354,0,0,0,0,0,0,0,0,0,0,0,0,0,0,0,0,0,0,0,0,0,0,0,0,0,0,0,0,0,0,0,0,0,0,0,0,0,0
GF23_d19_dama,4.32707,0.06055,5.03338,0.37881,0.47033,3.78747,0,59.98579,0.44737,0,0,0.90098,0,15.08686,7.55259,1.90364,0.06516,0,0,0,0,0,0,0,0,0,0,0,0,0,0,0,0,0,0,0,0,0,0,0,0,0,0,0,0,0,0,0,0,0,0
GF23_d35_c1,0,0,0,0,0,0.8245,0,0,0,0,0,0,0,0,0,0,99.1755,0,0,0,0,0,0,0,0,0,0,0,0,0,0,0,0,0,0,0,0,0,0,0,0,0,0,0,0,0,0,0,0,0,0
GF23_d47_dama,5.00091,0,50.32305,0.21676,3.68239,9.84813,0,14.54251,2.21644,0,0,6.52505,0,2.56214,3.1011,0.85861,1.12291,0,0,0,0,0,0,0,0,0,0,0,0,0,0,0,0,0,0,0,0,0,0,0,0,0,0,0,0,0,0,0,0,0,0
GF23_d47_damc,12.68241,0.13687,32.19154,0.84491,2.91932,11.33379,0,8.37576,3.37564,0,0,5.25822,0,3.48915,15.43613,2.92759,1.02867,0,0,0,0,0,0,0,0,0,0,0,0,0,0,0,0,0,0,0,0,0,0,0,0,0,0,0,0,0,0,0,0,0,0
GF23_d52_a1,0,0,0,0,0,27.22273,0,0,0,0,0,0,0,0,0,0,72.77727,0,0,0,0,0,0,0,0,0,0,0,0,0,0,0,0,0,0,0,0,0,0,0,0,0,0,0,0,0,0,0,0,0,0
GF23_d52_a6,0.09027,0,0,0,0,3.72419,0,0,1.50268,0,0,0,0,0,0,0.29416,94.3887,0,0,0,0,0,0,0,0,0,0,0,0,0,0,0,0,0,0,0,0,0,0,0,0,0,0,0,0,0,0,0,0,0,0
GF23_d56_c2,0.44933,0,0,0,0,12.65785,0,0,0,0,0,0,0,0,0,0,86.89282,0,0,0,0,0,0,0,0,0,0,0,0,0,0,0,0,0,0,0,0,0,0,0,0,0,0,0,0,0,0,0,0,0,0
GF23_d57_c4,0,0,0,0,0,90.12424,0,0,0,0,0,0,0,0,0,0,9.87576,0,0,0,0,0,0,0,0,0,0,0,0,0,0,0,0,0,0,0,0,0,0,0,0,0,0,0,0,0,0,0,0,0,0
GF23_d57_c5,0,0,0,0,0,100,0,0,0,0,0,0,0,0,0,0,0,0,0,0,0,0,0,0,0,0,0,0,0,0,0,0,0,0,0,0,0,0,0,0,0,0,0,0,0,0,0,0,0,0,0
GF23_damA_32_stool,6.66451,0,46.85998,0.00817,0.98403,13.29059,0,10.89855,4.43937,0,0,6.84241,0,1.58928,5.40589,1.18115,1.83607,0,0,0,0,0,0,0,0,0,0,0,0,0,0,0,0,0,0,0,0,0,0,0,0,0,0,0,0,0,0,0,0,0,0
GF23_damC_10_stool,3.85513,0.07523,0,0.21733,37.25817,1.88358,0,27.65855,0.42063,0,0,1.63256,0,20.19753,3.70466,2.92418,0.17245,0,0,0,0,0,0,0,0,0,0,0,0,0,0,0,0,0,0,0,0,0,0,0,0,0,0,0,0,0,0,0,0,0,0
GF23_damC_32_stool,4.03709,0,55.23432,0.11474,1.92523,10.33187,0,9.50382,3.12153,0,0,5.09226,0,2.37857,4.79713,0.6647,2.79875,0,0,0,0,0,0,0,0,0,0,0,0,0,0,0,0,0,0,0,0,0,0,0,0,0,0,0,0,0,0,0,0,0,0
GF24_A10_d131_cwash,0,0,0,0,0,0,0,0.9635,0,0,0,0,0,0.16791,2.08378,0,88.24783,8.53697,0,0,0,0,0,0,0,0,0,0,0,0,0,0,0,0,0,0,0,0,0,0,0,0,0,0,0,0,0,0,0,0,0
GF24_A1_36_stool,1.02098,0,0,0,0,0.4302,0,0.60212,0,0,0,0,0,0.09073,0,0,97.85598,0,0,0,0,0,0,0,0,0,0,0,0,0,0,0,0,0,0,0,0,0,0,0,0,0,0,0,0,0,0,0,0,0,0
GF24_A1_39_cwash,0,0,0,0,0,27.81943,0,18.84996,0,0,0,0,0,0.94453,4.76087,0,47.62522,0,0,0,0,0,0,0,0,0,0,0,0,0,0,0,0,0,0,0,0,0,0,0,0,0,0,0,0,0,0,0,0,0,0
GF24_A1_d108_cwash,0,0,0,0,0,0,0,0,0,0,0,0,0,0,0.4353,0,89.28446,10.28024,0,0,0,0,0,0,0,0,0,0,0,0,0,0,0,0,0,0,0,0,0,0,0,0,0,0,0,0,0,0,0,0,0
GF24_A1_d131_cwash,0,0,0,0,0,0,0,0.58344,0,0,0,0,0,0,0,0,97.3517,2.06486,0,0,0,0,0,0,0,0,0,0,0,0,0,0,0,0,0,0,0,0,0,0,0,0,0,0,0,0,0,0,0,0,0
GF24_A1_d73_stool,1.66532,0,0,0,0,0,0,0,0,0,0,0,0,0.25705,0,0,98.07763,0,0,0,0,0,0,0,0,0,0,0,0,0,0,0,0,0,0,0,0,0,0,0,0,0,0,0,0,0,0,0,0,0,0
GF24_A1_d74_cwash,1.27674,0,0,0,0,0.90137,0,5.80864,0,0,0,0,0,0.7034,0.3969,0,90.19115,0.72182,0,0,0,0,0,0,0,0,0,0,0,0,0,0,0,0,0,0,0,0,0,0,0,0,0,0,0,0,0,0,0,0,0
GF24_A2_36_stool,3.12937,0,0,0,0,0.18359,0,2.11395,0,0,0,0,0,1.63314,0,0.89383,92.04611,0,0,0,0,0,0,0,0,0,0,0,0,0,0,0,0,0,0,0,0,0,0,0,0,0,0,0,0,0,0,0,0,0,0
GF24_A2_39_cwash,0.40511,0,0,0,0,5.97828,0,42.54257,0,0,0,0,0,4.59068,17.22617,0,29.25719,0,0,0,0,0,0,0,0,0,0,0,0,0,0,0,0,0,0,0,0,0,0,0,0,0,0,0,0,0,0,0,0,0,0
GF24_A2_d108_cwash,0.87623,0,0,0,0,0,0,2.48584,0,0,0,0,0,0.55795,0.97106,0,76.46441,18.64452,0,0,0,0,0,0,0,0,0,0,0,0,0,0,0,0,0,0,0,0,0,0,0,0,0,0,0,0,0,0,0,0,0
GF24_A2_d131_cwash,0.39337,0,0,0,0,0,0,0,0,0,0,0,0,0,0,0,95.63788,3.96875,0,0,0,0,0,0,0,0,0,0,0,0,0,0,0,0,0,0,0,0,0,0,0,0,0,0,0,0,0,0,0,0,0
GF24_A2_d73_stool,1.24658,0,0,0,0,0,0,0,0,0,0,0,0,0.13054,0,0,98.62288,0,0,0,0,0,0,0,0,0,0,0,0,0,0,0,0,0,0,0,0,0,0,0,0,0,0,0,0,0,0,0,0,0,0
GF24_A3_37_stool,0.65955,0,0,0,0,0.22657,0,0,0,0,0,0,0,0,0,0,99.11388,0,0,0,0,0,0,0,0,0,0,0,0,0,0,0,0,0,0,0,0,0,0,0,0,0,0,0,0,0,0,0,0,0,0
GF24_A3_38_stool,2.44983,0,0,0.07579,0,23.52833,0,0.28434,0,0,0,0,0,0.91485,0,0,72.74686,0,0,0,0,0,0,0,0,0,0,0,0,0,0,0,0,0,0,0,0,0,0,0,0,0,0,0,0,0,0,0,0,0,0
GF24_A3_39_cwash,0,0,0,0,0,50.96611,0,23.33109,0,0,0,0,0,0.08189,19.11068,0,6.51023,0,0,0,0,0,0,0,0,0,0,0,0,0,0,0,0,0,0,0,0,0,0,0,0,0,0,0,0,0,0,0,0,0,0
GF24_A3_d108_cwash,0.28492,0,0,0,0,0,0,10.44087,0,0,0,0,0,1.36142,0.93959,0,85.45194,1.52126,0,0,0,0,0,0,0,0,0,0,0,0,0,0,0,0,0,0,0,0,0,0,0,0,0,0,0,0,0,0,0,0,0
GF24_A3_d131_cwash,0,0,0,0,0,0,0,5.40634,0,0,0,0,0,0,1.34389,0,91.90315,1.34662,0,0,0,0,0,0,0,0,0,0,0,0,0,0,0,0,0,0,0,0,0,0,0,0,0,0,0,0,0,0,0,0,0
GF24_A4_38_stool,1.34371,0,0,0.63703,0,2.30292,0,39.84593,0,0,0,0,0,3.90359,6.44724,0.00811,45.51146,0,0,0,0,0,0,0,0,0,0,0,0,0,0,0,0,0,0,0,0,0,0,0,0,0,0,0,0,0,0,0,0,0,0
GF24_A4_39_cwash,2.58502,0,0,0,0,10.61904,0,59.81052,0,0,0,0,0,7.4607,10.21578,0,9.30895,0,0,0,0,0,0,0,0,0,0,0,0,0,0,0,0,0,0,0,0,0,0,0,0,0,0,0,0,0,0,0,0,0,0
GF24_A4_d108_cwash,0,0,0,0,0,0,0,5.96435,0,0,0,0,0,0,0,0,86.4956,7.54005,0,0,0,0,0,0,0,0,0,0,0,0,0,0,0,0,0,0,0,0,0,0,0,0,0,0,0,0,0,0,0,0,0
GF24_A4_d131_cwash,2.44073,0,0,0,0,0,0,2.78975,0,0,0,0,0,0.01349,0,0,91.95874,2.79728,0,0,0,0,0,0,0,0,0,0,0,0,0,0,0,0,0,0,0,0,0,0,0,0,0,0,0,0,0,0,0,0,0
GF24_A4_d74_cwash,2.14616,0,0,0,0,0,0,0.70412,0,0,0,0,0,0,0,0,86.70327,10.44646,0,0,0,0,0,0,0,0,0,0,0,0,0,0,0,0,0,0,0,0,0,0,0,0,0,0,0,0,0,0,0,0,0
GF24_A5_d108_cwash,0.28981,0,0,0,0,0,0,8.6685,0,0,0,0,0,0.51196,0.85849,0,88.21968,1.45155,0,0,0,0,0,0,0,0,0,0,0,0,0,0,0,0,0,0,0,0,0,0,0,0,0,0,0,0,0,0,0,0,0
GF24_A5_d131_cwash,2.14237,0,0,0,0,0,0,0,0,0,0,0,0,0.72201,0,11.6068,85.1713,0.35751,0,0,0,0,0,0,0,0,0,0,0,0,0,0,0,0,0,0,0,0,0,0,0,0,0,0,0,0,0,0,0,0,0
GF24_A5_d74_cwash,0.30118,0,0,0,0,0,0,7.66008,0,0,0,0,0,1.06605,3.65708,1.6214,85.60749,0.08672,0,0,0,0,0,0,0,0,0,0,0,0,0,0,0,0,0,0,0,0,0,0,0,0,0,0,0,0,0,0,0,0,0
GF24_A6_36_stool,0,0,0,0,0,0,0,0,0,0,0,0,0,0,0,0,100,0,0,0,0,0,0,0,0,0,0,0,0,0,0,0,0,0,0,0,0,0,0,0,0,0,0,0,0,0,0,0,0,0,0
GF24_A6_39_cwash,1.36928,0,0,0,0,32.67839,0,46.18992,0,0,0,0,0,12.66939,7.09301,0,0,0,0,0,0,0,0,0,0,0,0,0,0,0,0,0,0,0,0,0,0,0,0,0,0,0,0,0,0,0,0,0,0,0,0
GF24_A6_d108_cwash,0,0,0,0,0,0,0,0.16753,0,0,0,0,0,0,0,0,98.73138,1.10109,0,0,0,0,0,0,0,0,0,0,0,0,0,0,0,0,0,0,0,0,0,0,0,0,0,0,0,0,0,0,0,0,0
GF24_A6_d131_cwash,0,0,0,0,0,0,0,10.87601,0,0,0,0,0,0,2.36883,0,85.83034,0.92482,0,0,0,0,0,0,0,0,0,0,0,0,0,0,0,0,0,0,0,0,0,0,0,0,0,0,0,0,0,0,0,0,0
GF24_A6_d74_cwash,0,0,0,0,0,36.18061,0,0,0,0,0,0,0,0,0,1.45475,60.70789,1.65675,0,0,0,0,0,0,0,0,0,0,0,0,0,0,0,0,0,0,0,0,0,0,0,0,0,0,0,0,0,0,0,0,0
GF24_A7_36_stool,0,0,0,0,0,0,0,0,0,0,0,0,0,0,0,0,100,0,0,0,0,0,0,0,0,0,0,0,0,0,0,0,0,0,0,0,0,0,0,0,0,0,0,0,0,0,0,0,0,0,0
GF24_A7_37_stool,0,0,0,0,0,0,0,0,0,0,0,0,0,0,0,0,100,0,0,0,0,0,0,0,0,0,0,0,0,0,0,0,0,0,0,0,0,0,0,0,0,0,0,0,0,0,0,0,0,0,0
GF24_A7_39_cwash,1.9739,0,0,0,0,4.86083,0,35.27437,0,0,0,0,0,12.09772,8.4463,0,37.34688,0,0,0,0,0,0,0,0,0,0,0,0,0,0,0,0,0,0,0,0,0,0,0,0,0,0,0,0,0,0,0,0,0,0
GF24_A7_d108_cwash,0.02807,0,0,0,0,0,0,1.20289,0,0,0,0,0,0.12484,2.38316,6.23287,88.38242,1.64576,0,0,0,0,0,0,0,0,0,0,0,0,0,0,0,0,0,0,0,0,0,0,0,0,0,0,0,0,0,0,0,0,0
GF24_A7_d131_cwash,0,0,0,0,0,0,0,0.986,0,0,0,0,0,0,0,0,88.38884,10.62517,0,0,0,0,0,0,0,0,0,0,0,0,0,0,0,0,0,0,0,0,0,0,0,0,0,0,0,0,0,0,0,0,0
GF24_A7_d74_cwash,0,0,0,0,0,60.62201,0,0,0,0,0,0,0,0,0,2.12588,36.89165,0.36045,0,0,0,0,0,0,0,0,0,0,0,0,0,0,0,0,0,0,0,0,0,0,0,0,0,0,0,0,0,0,0,0,0
GF24_A8_d108_cwash,0,0,0,0,0,0,0,0,0,0,0,0,0,0,0,0,92.99341,7.00659,0,0,0,0,0,0,0,0,0,0,0,0,0,0,0,0,0,0,0,0,0,0,0,0,0,0,0,0,0,0,0,0,0
GF24_A8_d131_cwash,0,0,0,0,0,0,0,0,0,0,0,0,0,0,0,0,90.52903,9.47097,0,0,0,0,0,0,0,0,0,0,0,0,0,0,0,0,0,0,0,0,0,0,0,0,0,0,0,0,0,0,0,0,0
GF24_A9_d108_cwash,2.19589,0,0,0,0,0,0,0.65044,0,0,0,0,0,0.79992,0,0,96.30511,0.04864,0,0,0,0,0,0,0,0,0,0,0,0,0,0,0,0,0,0,0,0,0,0,0,0,0,0,0,0,0,0,0,0,0
GF24_A9_d131_cwash,0.41796,0,0,0,0,0,0,0.01559,0,0,0,0,0,0.03211,0,0,98.95977,0.57456,0,0,0,0,0,0,0,0,0,0,0,0,0,0,0,0,0,0,0,0,0,0,0,0,0,0,0,0,0,0,0,0,0
GF24_Adam_d100_stool,14.36591,0,10.66965,2.92344,0,8.11377,0,22.92362,0.61991,0,0,0,0,2.89595,6.96767,9.51886,21.00122,0,0,0,0,0,0,0,0,0,0,0,0,0,0,0,0,0,0,0,0,0,0,0,0,0,0,0,0,0,0,0,0,0,0
GF24_B1_33_cwash,0,0,0,0,0,17.35613,0,13.34926,0,0,0,0,0,0,12.97329,0,56.32132,0,0,0,0,0,0,0,0,0,0,0,0,0,0,0,0,0,0,0,0,0,0,0,0,0,0,0,0,0,0,0,0,0,0
GF24_B1_64_cwash,3.32586,0,0,0,0,7.53504,0,27.80806,9.97438,0,0,0,0,22.3587,6.94088,4.16312,17.89396,0,0,0,0,0,0,0,0,0,0,0,0,0,0,0,0,0,0,0,0,0,0,0,0,0,0,0,0,0,0,0,0,0,0
GF24_B2_33_cwash,0.10538,0,0,0,0,0,0,18.68918,0,0,0,0,0,2.1883,5.50348,6.15116,67.3625,0,0,0,0,0,0,0,0,0,0,0,0,0,0,0,0,0,0,0,0,0,0,0,0,0,0,0,0,0,0,0,0,0,0
GF24_B2_64_cwash,3.61477,0,0,0,0,4.49026,0,31.74138,5.86667,0,0,0,0,23.94761,11.91985,4.75078,12.28017,0,1.38851,0,0,0,0,0,0,0,0,0,0,0,0,0,0,0,0,0,0,0,0,0,0,0,0,0,0,0,0,0,0,0,0
GF24_B2_d74_cwash,2.82407,0,0,0,0,0.61315,0,7.16419,0,0,0,0,0,1.66138,0,0,87.40753,0.32969,0,0,0,0,0,0,0,0,0,0,0,0,0,0,0,0,0,0,0,0,0,0,0,0,0,0,0,0,0,0,0,0,0
GF24_B3_33_cwash,0.41171,0,0,0,0,0,0,18.80378,0,0,0,0,0,1.69707,6.55996,13.13572,59.39177,0,0,0,0,0,0,0,0,0,0,0,0,0,0,0,0,0,0,0,0,0,0,0,0,0,0,0,0,0,0,0,0,0,0
GF24_B3_64_cwash,1.5001,0,0,0,0,4.46656,0,34.40679,4.12557,0,0,0,0,24.75597,14.98928,2.34473,13.35005,0,0.06096,0,0,0,0,0,0,0,0,0,0,0,0,0,0,0,0,0,0,0,0,0,0,0,0,0,0,0,0,0,0,0,0
GF24_B3_d74_cwash,0.477,0,0,0,0,0.78631,0,0.21867,0,0,0,0,0,0,0.38916,0,98.12886,0,0,0,0,0,0,0,0,0,0,0,0,0,0,0,0,0,0,0,0,0,0,0,0,0,0,0,0,0,0,0,0,0,0
GF24_B4_33_cwash,1.22202,0,0,0,0,0,0,17.25512,0,0,0,0,0,1.06464,4.49591,5.59344,70.36886,0,0,0,0,0,0,0,0,0,0,0,0,0,0,0,0,0,0,0,0,0,0,0,0,0,0,0,0,0,0,0,0,0,0
GF24_B4_d73_stool,0.4387,0,0,0,0,0,0,0,0,0,0,0,0,0,0,0,99.5613,0,0,0,0,0,0,0,0,0,0,0,0,0,0,0,0,0,0,0,0,0,0,0,0,0,0,0,0,0,0,0,0,0,0
GF24_B4_d74_cwash,0.5879,0,0,0,0,0.90935,0,4.76904,0,0,0,0,0,0.54045,0.86179,0,92.29248,0.03898,0,0,0,0,0,0,0,0,0,0,0,0,0,0,0,0,0,0,0,0,0,0,0,0,0,0,0,0,0,0,0,0,0
GF24_B5_33_cwash,0,0,0,0,0,0.59813,0,13.89093,0,0,0,0,0,0,18.86976,0,66.64117,0,0,0,0,0,0,0,0,0,0,0,0,0,0,0,0,0,0,0,0,0,0,0,0,0,0,0,0,0,0,0,0,0,0
GF24_B6_33_cwash,0.51822,0,0,0,0,0,0,3.79947,0,0,0,0,0,0.07519,19.17581,0,76.43131,0,0,0,0,0,0,0,0,0,0,0,0,0,0,0,0,0,0,0,0,0,0,0,0,0,0,0,0,0,0,0,0,0,0
GF24_B7_33_cwash,0,0,0,0,0,0.46241,0,12.4975,0,0,0,0,0,0.65417,26.54279,2.30438,57.53876,0,0,0,0,0,0,0,0,0,0,0,0,0,0,0,0,0,0,0,0,0,0,0,0,0,0,0,0,0,0,0,0,0,0
GF24_Bdam_d114_stool,18.05856,0,0,1.44612,0,4.91304,0,36.98817,4.43316,0,0,0,0,1.59739,9.05524,6.36765,17.14066,0,0,0,0,0,0,0,0,0,0,0,0,0,0,0,0,0,0,0,0,0,0,0,0,0,0,0,0,0,0,0,0,0,0
GF24_C10_d86_cwash,1.44544,0,0,0,0,0.8445,0,8.89789,0,0,0,0,0,0.67951,1.40888,0,86.3548,0.36899,0,0,0,0,0,0,0,0,0,0,0,0,0,0,0,0,0,0,0,0,0,0,0,0,0,0,0,0,0,0,0,0,0
GF24_C1_37_stool,1.70999,0,0,0,0,42.7093,0,0.57811,0,0,0,0,0,1.42608,0,0,53.57652,0,0,0,0,0,0,0,0,0,0,0,0,0,0,0,0,0,0,0,0,0,0,0,0,0,0,0,0,0,0,0,0,0,0
GF24_C1_39_cwash,91.71634,0,0,0,0,5.60992,0,0,0,0,0,0,0,0,2.67374,0,0,0,0,0,0,0,0,0,0,0,0,0,0,0,0,0,0,0,0,0,0,0,0,0,0,0,0,0,0,0,0,0,0,0,0
GF24_C1_d108_cwash,0,0,0,0,0,0,0,0,0,0,0,0,0,0,0,0,93.72884,6.27116,0,0,0,0,0,0,0,0,0,0,0,0,0,0,0,0,0,0,0,0,0,0,0,0,0,0,0,0,0,0,0,0,0
GF24_C1_d129_cwash,0.12746,0,0,0,0,55.25404,0,0.16442,0,0,0,0,0,0.10692,0.02572,0,42.98334,1.3381,0,0,0,0,0,0,0,0,0,0,0,0,0,0,0,0,0,0,0,0,0,0,0,0,0,0,0,0,0,0,0,0,0
GF24_C2_39_cwash,69.26263,0,0,0,0,5.68121,0,0,0,0,0,0,0,16.47843,8.57773,0,0,0,0,0,0,0,0,0,0,0,0,0,0,0,0,0,0,0,0,0,0,0,0,0,0,0,0,0,0,0,0,0,0,0,0
GF24_C2_d108_cwash,0.86403,0,0,0,0,0,0,7.18368,0,0,0,0,0,0.45061,6.40381,0,84.2684,0.82947,0,0,0,0,0,0,0,0,0,0,0,0,0,0,0,0,0,0,0,0,0,0,0,0,0,0,0,0,0,0,0,0,0
GF24_C2_d129_cwash,0,0,0,0,0,0,0,0,0,0,0,0,0,0,0,0,95.66632,4.33368,0,0,0,0,0,0,0,0,0,0,0,0,0,0,0,0,0,0,0,0,0,0,0,0,0,0,0,0,0,0,0,0,0
GF24_C2_d86_cwash,1.8642,0,0,0,0,78.37529,0,3.73471,0,0,0,0,0,1.07243,2.08909,0,12.74188,0.1224,0,0,0,0,0,0,0,0,0,0,0,0,0,0,0,0,0,0,0,0,0,0,0,0,0,0,0,0,0,0,0,0,0
GF24_C3_37_stool,2.39829,0,0,0,0,0,0,0.38191,0,0,0,0,0,0.58072,0,0,96.63909,0,0,0,0,0,0,0,0,0,0,0,0,0,0,0,0,0,0,0,0,0,0,0,0,0,0,0,0,0,0,0,0,0,0
GF24_C3_38_cwash,90.05915,0,0,0,0,9.94085,0,0,0,0,0,0,0,0,0,0,0,0,0,0,0,0,0,0,0,0,0,0,0,0,0,0,0,0,0,0,0,0,0,0,0,0,0,0,0,0,0,0,0,0,0
GF24_C3_d108_cwash,0,0,0,0,0,0,0,0,0,0,0,0,0,0,0,0,99.38236,0.61764,0,0,0,0,0,0,0,0,0,0,0,0,0,0,0,0,0,0,0,0,0,0,0,0,0,0,0,0,0,0,0,0,0
GF24_C3_d129_cwash,0,0,0,0,0,0,0,2.31147,0,0,0,0,0,0.16038,0.40071,0,91.14841,5.97903,0,0,0,0,0,0,0,0,0,0,0,0,0,0,0,0,0,0,0,0,0,0,0,0,0,0,0,0,0,0,0,0,0
GF24_C3_d85_stool,0.64769,0,0,0,0,0.66991,0,0.04312,0,0,0,0,0,0.58008,0,0,98.05919,0,0,0,0,0,0,0,0,0,0,0,0,0,0,0,0,0,0,0,0,0,0,0,0,0,0,0,0,0,0,0,0,0,0
GF24_C3_d86_cwash,4.22075,0,0,0,0,0,0,12.59593,0,0,0,0,0,1.45308,0.74238,0,80.11221,0.87563,0,0,0,0,0,0,0,0,0,0,0,0,0,0,0,0,0,0,0,0,0,0,0,0,0,0,0,0,0,0,0,0,0
GF24_C4_37_stool,3.39349,0,0,0,0,0.09748,0,5.3666,0,0,0,0,0,2.52862,0,0,88.61381,0,0,0,0,0,0,0,0,0,0,0,0,0,0,0,0,0,0,0,0,0,0,0,0,0,0,0,0,0,0,0,0,0,0
GF24_C4_38_cwash,80.81278,0,0,0,0,3.56893,0,0,0,0,0,0,0,12.17629,3.44199,0,0,0,0,0,0,0,0,0,0,0,0,0,0,0,0,0,0,0,0,0,0,0,0,0,0,0,0,0,0,0,0,0,0,0,0
GF24_C4_38_stool,0,0,0,0,0,28.30576,0,0,0,0,0,0,0,0,71.69424,0,0,0,0,0,0,0,0,0,0,0,0,0,0,0,0,0,0,0,0,0,0,0,0,0,0,0,0,0,0,0,0,0,0,0,0
GF24_C4_d108_cwash,0,0,0,0,0,0,0,1.13126,0,0,0,0,0,0,0.29337,0,90.9051,7.67027,0,0,0,0,0,0,0,0,0,0,0,0,0,0,0,0,0,0,0,0,0,0,0,0,0,0,0,0,0,0,0,0,0
GF24_C4_d129_cwash,1.1517,0,0,0,0,78.20194,0,1.09939,0,0,0,0,0,0.15415,0,2.46784,15.48283,1.44216,0,0,0,0,0,0,0,0,0,0,0,0,0,0,0,0,0,0,0,0,0,0,0,0,0,0,0,0,0,0,0,0,0
GF24_C4_d86_cwash,5.44855,0,0,0,0,0,0,0.38348,0,0,0,0,0,0.06307,0.99128,0,88.93862,4.175,0,0,0,0,0,0,0,0,0,0,0,0,0,0,0,0,0,0,0,0,0,0,0,0,0,0,0,0,0,0,0,0,0
GF24_C5_36_stool,0.84695,0,0,0,0,80.12739,0,0,0,0,0,0,0,0,0,0,19.02566,0,0,0,0,0,0,0,0,0,0,0,0,0,0,0,0,0,0,0,0,0,0,0,0,0,0,0,0,0,0,0,0,0,0
GF24_C5_38_stool,81.5583,0,0,0,0,0,0,0,0,0,0,0,0,0,18.4417,0,0,0,0,0,0,0,0,0,0,0,0,0,0,0,0,0,0,0,0,0,0,0,0,0,0,0,0,0,0,0,0,0,0,0,0
GF24_C5_d108_cwash,0.13626,0,0,0,0,0,0,0,0,0,0,0,0,0,0,0,94.0119,5.85184,0,0,0,0,0,0,0,0,0,0,0,0,0,0,0,0,0,0,0,0,0,0,0,0,0,0,0,0,0,0,0,0,0
GF24_C5_d129_cwash,0.093,0,0,0,0,0,0,2.23667,0,0,0,0,0,0.40503,0,1.06939,95.28282,0.91308,0,0,0,0,0,0,0,0,0,0,0,0,0,0,0,0,0,0,0,0,0,0,0,0,0,0,0,0,0,0,0,0,0
GF24_C5_d85_stool,0.8457,0,0,0,0,0,0,0.22112,0,0,0,0,0,0.12435,0,0,98.76096,0.04787,0,0,0,0,0,0,0,0,0,0,0,0,0,0,0,0,0,0,0,0,0,0,0,0,0,0,0,0,0,0,0,0,0
GF24_C5_d86_cwash,0,0,0,0,0,0,0,0,0,0,0,0,0,0,3.30096,0,77.64129,19.05775,0,0,0,0,0,0,0,0,0,0,0,0,0,0,0,0,0,0,0,0,0,0,0,0,0,0,0,0,0,0,0,0,0
GF24_C6_36_stool,4.17908,0,0,0,0,1.33152,0,0.36595,0,0,0,0,0,1.74696,0,0,92.37649,0,0,0,0,0,0,0,0,0,0,0,0,0,0,0,0,0,0,0,0,0,0,0,0,0,0,0,0,0,0,0,0,0,0
GF24_C6_37_stool,4.91908,0,0,0,0,0.2098,0,4.27455,0,0,0,0,0,1.53885,0,0,89.05772,0,0,0,0,0,0,0,0,0,0,0,0,0,0,0,0,0,0,0,0,0,0,0,0,0,0,0,0,0,0,0,0,0,0
GF24_C6_38_stool,97.36824,0,0,0,0,1.58053,0,0,0,0,0,0,0,0,1.05123,0,0,0,0,0,0,0,0,0,0,0,0,0,0,0,0,0,0,0,0,0,0,0,0,0,0,0,0,0,0,0,0,0,0,0,0
GF24_C6_d108_cwash,0.22189,0,0,0,0,0,0,6.45476,0,0,0,0,0,1.31306,0.69186,0,90.97225,0.34618,0,0,0,0,0,0,0,0,0,0,0,0,0,0,0,0,0,0,0,0,0,0,0,0,0,0,0,0,0,0,0,0,0
GF24_C6_d129_cwash,0.23983,0,0,0,0,51.59529,0,1.22185,0,0,0,0,0,0,0,0,41.50815,5.43488,0,0,0,0,0,0,0,0,0,0,0,0,0,0,0,0,0,0,0,0,0,0,0,0,0,0,0,0,0,0,0,0,0
GF24_C6_d85_stool,0,0,0,0,0,0,0,0,0,0,0,0,0,0,0,0,100,0,0,0,0,0,0,0,0,0,0,0,0,0,0,0,0,0,0,0,0,0,0,0,0,0,0,0,0,0,0,0,0,0,0
GF24_C6_d86_cwash,0.70037,0,0,0,0,0,0,5.42031,0,0,0,0,0,0,4.85169,0,89.02763,0,0,0,0,0,0,0,0,0,0,0,0,0,0,0,0,0,0,0,0,0,0,0,0,0,0,0,0,0,0,0,0,0,0
GF24_C7_d108_cwash,0,0,0,0,0,0,0,0,0,0,0,0,0,0,0,0,90.21535,9.78465,0,0,0,0,0,0,0,0,0,0,0,0,0,0,0,0,0,0,0,0,0,0,0,0,0,0,0,0,0,0,0,0,0
GF24_C7_d129_cwash,0,0,0,0,0,45.61454,0,0.87242,0,0,0,0,0,0.35553,0,0,51.73422,1.42329,0,0,0,0,0,0,0,0,0,0,0,0,0,0,0,0,0,0,0,0,0,0,0,0,0,0,0,0,0,0,0,0,0
GF24_C7_d85_stool,1.21395,0,0,0,0,0.38402,0,0.35624,0,0,0,0,0,0.61491,0,0,97.43088,0,0,0,0,0,0,0,0,0,0,0,0,0,0,0,0,0,0,0,0,0,0,0,0,0,0,0,0,0,0,0,0,0,0
GF24_C7_d86_cwash,6.75369,0,0,0,0,0,0,4.74847,0,0,0,0,0,0.38985,2.51154,0,85.34742,0.24903,0,0,0,0,0,0,0,0,0,0,0,0,0,0,0,0,0,0,0,0,0,0,0,0,0,0,0,0,0,0,0,0,0
GF24_C8_d108_cwash,0.15403,0,0,0,0,0,0,0.0381,0,0,0,0,0,0.02829,0,0,98.20558,1.574,0,0,0,0,0,0,0,0,0,0,0,0,0,0,0,0,0,0,0,0,0,0,0,0,0,0,0,0,0,0,0,0,0
GF24_C8_d85_stool,3.0528,0,0,0,0,0,0,0,0,0,0,0,0,0,0,0,96.9472,0,0,0,0,0,0,0,0,0,0,0,0,0,0,0,0,0,0,0,0,0,0,0,0,0,0,0,0,0,0,0,0,0,0
GF24_C8_d86_cwash,1.62731,0,0,0,0,1.78725,0,8.48524,0,0,0,0,0,2.08249,3.01807,0.33095,82.46523,0.20345,0,0,0,0,0,0,0,0,0,0,0,0,0,0,0,0,0,0,0,0,0,0,0,0,0,0,0,0,0,0,0,0,0
GF24_C9_d108_cwash,0.40003,0,0,0,0,0,0,4.04313,0,0,0,0,0,0,8.08546,0,82.08981,5.38156,0,0,0,0,0,0,0,0,0,0,0,0,0,0,0,0,0,0,0,0,0,0,0,0,0,0,0,0,0,0,0,0,0
GF24_C9_d85_stool,1.66079,0,0,0,0,0,0,0.05974,0,0,0,0,0,1.07031,0,0.08277,97.12639,0,0,0,0,0,0,0,0,0,0,0,0,0,0,0,0,0,0,0,0,0,0,0,0,0,0,0,0,0,0,0,0,0,0
GF24_C9_d86_cwash,3.74869,0,0,0,0,1.73504,0,10.37034,0,0,0,0,0,1.17872,5.87031,0,76.2642,0.83271,0,0,0,0,0,0,0,0,0,0,0,0,0,0,0,0,0,0,0,0,0,0,0,0,0,0,0,0,0,0,0,0,0
GF24_Cdam_d108_stool,12.76876,0,14.28209,0,0,7.61672,0,27.8988,3.92857,0,0,0,0,3.36885,18.60214,3.42095,8.11312,0,0,0,0,0,0,0,0,0,0,0,0,0,0,0,0,0,0,0,0,0,0,0,0,0,0,0,0,0,0,0,0,0,0
GF24_damA_18_stool,17.73209,0,24.07472,0.19872,0,6.59684,0,23.54837,7.6446,0,0,0,0,1.95433,6.60057,2.23089,9.41886,0,0,0,0,0,0,0,0,0,0,0,0,0,0,0,0,0,0,0,0,0,0,0,0,0,0,0,0,0,0,0,0,0,0
GF24_damA_3_stool,7.59921,0,0,0,0,3.79768,0,19.12241,2.89345,0,0,0,0,7.37651,17.96868,8.71908,32.52298,0,0,0,0,0,0,0,0,0,0,0,0,0,0,0,0,0,0,0,0,0,0,0,0,0,0,0,0,0,0,0,0,0,0
GF24_damA_8_stool,8.91771,0,9.39399,1.32385,0,7.79834,0,13.40349,5.54911,0,0,0,0,7.6229,19.16549,7.08664,19.73848,0,0,0,0,0,0,0,0,0,0,0,0,0,0,0,0,0,0,0,0,0,0,0,0,0,0,0,0,0,0,0,0,0,0
GF24_damB_3_stool,2.77366,0,0,0,0,0.71875,0,67.51946,1.38798,0,0,0,0,10.32229,4.86025,4.4086,7.99883,0,0.01017,0,0,0,0,0,0,0,0,0,0,0,0,0,0,0,0,0,0,0,0,0,0,0,0,0,0,0,0,0,0,0,0
GF24_damB_8_stool,11.09428,0,19.66932,0,0,5.76233,0,13.98204,4.96616,0,0,0,0,0.28971,28.20472,2.7619,13.26953,0,0,0,0,0,0,0,0,0,0,0,0,0,0,0,0,0,0,0,0,0,0,0,0,0,0,0,0,0,0,0,0,0,0
GF24_damC_30_stool,3.42561,0,39.39149,0.03711,0,9.07969,0,6.90888,8.38378,0,0,0,0,1.16753,6.12858,1.39748,23.83581,0,0.24403,0,0,0,0,0,0,0,0,0,0,0,0,0,0,0,0,0,0,0,0,0,0,0,0,0,0,0,0,0,0,0,0
GF24_damC_3_stool,4.12662,0,0,0,0,0.70718,0,54.12389,0.67333,0,0,0,0,11.29807,8.52129,8.59389,11.95573,0,0,0,0,0,0,0,0,0,0,0,0,0,0,0,0,0,0,0,0,0,0,0,0,0,0,0,0,0,0,0,0,0,0
GF24_damC_51_stool,25.71135,0,0,0,0,6.15013,0,26.51764,0,0,0,0,0,8.36784,18.95702,4.91077,9.10569,0,0.27956,0,0,0,0,0,0,0,0,0,0,0,0,0,0,0,0,0,0,0,0,0,0,0,0,0,0,0,0,0,0,0,0
GF24_Inoc_0,7.01883,0,0.04989,0,0,0.13668,0.27815,7.28996,0.0503,0,9.03552,0,0,3.0071,2.21149,0.2995,70.62258,0,0,0,0,0,0,0,0,0,0,0,0,0,0,0,0,0,0,0,0,0,0,0,0,0,0,0,0,0,0,0,0,0,0
GF26_A1_d101_cwash,0,0,0,0,0,1.57297,0,0,0,0,0,0,0,0,0,0,97.84361,0.58342,0,0,0,0,0,0,0,0,0,0,0,0,0,0,0,0,0,0,0,0,0,0,0,0,0,0,0,0,0,0,0,0,0
GF26_A1_d65_cwash,0,0,0,0,0,0,0,0,0,0,0,0,0,0,0,0,0,100,0,0,0,0,0,0,0,0,0,0,0,0,0,0,0,0,0,0,0,0,0,0,0,0,0,0,0,0,0,0,0,0,0
GF26_A2_d101_cwash,0,0,0,0,0,58.95254,0,0,0,0,0,0,0,0,0,0,40.54448,0.50298,0,0,0,0,0,0,0,0,0,0,0,0,0,0,0,0,0,0,0,0,0,0,0,0,0,0,0,0,0,0,0,0,0
GF26_A2_d149_cwash,0,0,0,0,0,0,0,0,0,0,0,0,0,0,0,0,100,0,0,0,0,0,0,0,0,0,0,0,0,0,0,0,0,0,0,0,0,0,0,0,0,0,0,0,0,0,0,0,0,0,0
GF26_A3_d101_cwash,0,0,0,0,0,0.50808,0,0,0,0,0,0,0,0,0,0,99.16568,0.32624,0,0,0,0,0,0,0,0,0,0,0,0,0,0,0,0,0,0,0,0,0,0,0,0,0,0,0,0,0,0,0,0,0
GF26_A3_d149_cwash,0,0,0,0,0,0,0,0,98.86013,0,0,0,0,0,0,0,1.13987,0,0,0,0,0,0,0,0,0,0,0,0,0,0,0,0,0,0,0,0,0,0,0,0,0,0,0,0,0,0,0,0,0,0
GF26_A4_d101_cwash,0,0,0,0,0,0.17417,0,0,0,0,0,0,0,0,0,0,99.72921,0.09662,0,0,0,0,0,0,0,0,0,0,0,0,0,0,0,0,0,0,0,0,0,0,0,0,0,0,0,0,0,0,0,0,0
GF26_A4_d146_stool,0,0,0,0,0,4.62663,0,0,0,0,0,0,0,0,0,0,95.37337,0,0,0,0,0,0,0,0,0,0,0,0,0,0,0,0,0,0,0,0,0,0,0,0,0,0,0,0,0,0,0,0,0,0
GF26_A4_d147_stool,0,0,0,0,0,4.19587,0,0,0,0,0,0,0,0,0,0,95.80413,0,0,0,0,0,0,0,0,0,0,0,0,0,0,0,0,0,0,0,0,0,0,0,0,0,0,0,0,0,0,0,0,0,0
GF26_A4_d148_stool,0,0,0,0,0,0.7731,0,0,0,0,0,0,0,0,0,0,99.2269,0,0,0,0,0,0,0,0,0,0,0,0,0,0,0,0,0,0,0,0,0,0,0,0,0,0,0,0,0,0,0,0,0,0
GF26_A4_d65_cwash,0,0,0,0,0,0,0,0,0,0,0,0,0,0,0,0,0,100,0,0,0,0,0,0,0,0,0,0,0,0,0,0,0,0,0,0,0,0,0,0,0,0,0,0,0,0,0,0,0,0,0
GF26_A5_d101_cwash,0,0,0,0,0,0.22163,0,0,0,0,0,0,0,0,0,0,99.56823,0.21013,0,0,0,0,0,0,0,0,0,0,0,0,0,0,0,0,0,0,0,0,0,0,0,0,0,0,0,0,0,0,0,0,0
GF26_A7_d65_cwash,0,0,0,0,0,0,0,0,0,0,0,0,0,0,0,0,0,100,0,0,0,0,0,0,0,0,0,0,0,0,0,0,0,0,0,0,0,0,0,0,0,0,0,0,0,0,0,0,0,0,0
GF26_A9_d149_cwash,0,0,0,0,0,0,0,0,44.50616,0,0,0,0,0,0,0,54.15955,1.33428,0,0,0,0,0,0,0,0,0,0,0,0,0,0,0,0,0,0,0,0,0,0,0,0,0,0,0,0,0,0,0,0,0
GF26_Adam_d148_stool,0,0,0,0,0,6.80516,0,0,1.72608,0,0,0,0,0,0,0,90.92128,0,0,0.54748,0,0,0,0,0,0,0,0,0,0,0,0,0,0,0,0,0,0,0,0,0,0,0,0,0,0,0,0,0,0,0
GF26_Adam_d98_stool,0,0,0,0,0,36.39138,0,0,2.98327,0,0,0,0,0,0,0,58.43409,0.0569,0,2.13436,0,0,0,0,0,0,0,0,0,0,0,0,0,0,0,0,0,0,0,0,0,0,0,0,0,0,0,0,0,0,0
GF26_Bdam_d133_stool,0,0,0,0,0,24.9951,0,0,5.08578,0,0,0,0,0,0,0,67.64404,0,0,2.27508,0,0,0,0,0,0,0,0,0,0,0,0,0,0,0,0,0,0,0,0,0,0,0,0,0,0,0,0,0,0,0
GF26_Bdam_d85_stool,0,0,0,0,0,9.39585,0,0,3.76597,0,0,0,0,0,0,0,85.31254,0,0,1.52564,0,0,0,0,0,0,0,0,0,0,0,0,0,0,0,0,0,0,0,0,0,0,0,0,0,0,0,0,0,0,0
GF26_Bdam_d91_stool,0,0,0,0,0,16.39283,0,0,4.86243,0,0,0,0,0,0,0,75.9137,0,0,2.83105,0,0,0,0,0,0,0,0,0,0,0,0,0,0,0,0,0,0,0,0,0,0,0,0,0,0,0,0,0,0,0
GF26_Cdam_d98_stool,14.97965,0,0,5.40198,0,2.94427,0,28.86729,2.16953,0,0,0,0,0.84793,9.83427,5.03825,29.85195,0.02174,0.04314,0,0,0,0,0,0,0,0,0,0,0,0,0,0,0,0,0,0,0,0,0,0,0,0,0,0,0,0,0,0,0,0
GF27_A1_d33_cwash,0.11902,0,0,0,0,0,0,5.63622,0,0,0,0,0,0.21588,3.15951,0,88.81545,2.05392,0,0,0,0,0,0,0,0,0,0,0,0,0,0,0,0,0,0,0,0,0,0,0,0,0,0,0,0,0,0,0,0,0
GF27_A2_d33_cwash,0,0,0,0,0,0,0,3.61181,0,0,0,0,0,0.09547,5.34267,7.5553,74.93084,8.46391,0,0,0,0,0,0,0,0,0,0,0,0,0,0,0,0,0,0,0,0,0,0,0,0,0,0,0,0,0,0,0,0,0
GF27_A3_d33_cwash,0,0,0,0,0,0,0,8.76833,0,0,0,0,0,0.98583,2.69095,0,84.82187,2.73302,0,0,0,0,0,0,0,0,0,0,0,0,0,0,0,0,0,0,0,0,0,0,0,0,0,0,0,0,0,0,0,0,0
GF27_A6_d33_cwash,0,0,0,0,0,0,0,5.72157,0,0,0,0,0,0.21406,1.93248,0.3168,87.89575,3.91934,0,0,0,0,0,0,0,0,0,0,0,0,0,0,0,0,0,0,0,0,0,0,0,0,0,0,0,0,0,0,0,0,0
GF27_A7_d33_cwash,0,0,0,0,0,0,0,4.25563,0,0,0,0,0,0.03793,3.08694,0,88.83009,3.7894,0,0,0,0,0,0,0,0,0,0,0,0,0,0,0,0,0,0,0,0,0,0,0,0,0,0,0,0,0,0,0,0,0
GF27_A8_d33_cwash,0,0,0,0,0,0.54539,0,5.52246,0,0,0,0,0,0.14527,1.05191,4.48541,80.35659,7.89298,0,0,0,0,0,0,0,0,0,0,0,0,0,0,0,0,0,0,0,0,0,0,0,0,0,0,0,0,0,0,0,0,0
GF27_GF27_Inoc,29.34148,0,0.03931,0,0,0,0.12803,0.99441,0,26.29843,3.021,0,0,0.95278,0.39551,0.06071,38.76834,0,0,0,0,0,0,0,0,0,0,0,0,0,0,0,0,0,0,0,0,0,0,0,0,0,0,0,0,0,0,0,0,0,0
Gn3_6B_dam_210806,0,0,0,0,0,100,0,0,0,0,0,0,0,0,0,0,0,0,0,0,0,0,0,0,0,0,0,0,0,0,0,0,0,0,0,0,0,0,0,0,0,0,0,0,0,0,0,0,0,0,0
Gn3_6B_dam_210818,0,0,0,0,0,100,0,0,0,0,0,0,0,0,0,0,0,0,0,0,0,0,0,0,0,0,0,0,0,0,0,0,0,0,0,0,0,0,0,0,0,0,0,0,0,0,0,0,0,0,0
Gn4_G_Innoc,0,0,0,0,0,6.5465,0,0,0,93.4535,0,0,0,0,0,0,0,0,0,0,0,0,0,0,0,0,0,0,0,0,0,0,0,0,0,0,0,0,0,0,0,0,0,0,0,0,0,0,0,0,0
B1,2.32868,0,0,0,0,0.01645,0,67.37624,0.081,0,0.14474,0,0,3.74039,4.02032,0.13714,22.15504,0,0,0,0,0,0,0,0,0,0,0,0,0,0,0,0,0,0,0,0,0,0,0,0,0,0,0,0,0,0,0,0,0,0
B1-colon,0.09085,0,0.38186,0,0,0,0,64.96095,0,0,6.06231,0,0,10.87534,13.83594,0,1.49469,0,0,0,1.70243,0.59563,0,0,0,0,0,0,0,0,0,0,0,0,0,0,0,0,0,0,0,0,0,0,0,0,0,0,0,0,0
B1-d31,3.55941,0,0,0,0,0,0,1.78602,0,0,0,0,0,1.28649,0,0.39366,92.97443,0,0,0,0,0,0,0,0,0,0,0,0,0,0,0,0,0,0,0,0,0,0,0,0,0,0,0,0,0,0,0,0,0,0
b1-d33,6.05101,0,0,0.38236,0,0.38056,0,11.27706,0,0,0,0,0,3.0703,0.6068,3.75844,74.47348,0,0,0,0,0,0,0,0,0,0,0,0,0,0,0,0,0,0,0,0,0,0,0,0,0,0,0,0,0,0,0,0,0,0
B1-d39,1.64942,0,0,0,0,0.75505,0,48.15972,1.68274,0,2.62734,0,0,8.0975,26.3323,0.90927,8.61588,0,0,0,1.0478,0,0.12297,0,0,0,0,0,0,0,0,0,0,0,0,0,0,0,0,0,0,0,0,0,0,0,0,0,0,0,0
B1-d40,1.56764,0,0,0,0,1.41095,0,44.3966,2.40546,0,3.47227,0,0,8.88552,24.82659,0.96898,10.90262,0,0,0,1.04469,0,0.11868,0,0,0,0,0,0,0,0,0,0,0,0,0,0,0,0,0,0,0,0,0,0,0,0,0,0,0,0
B1-d48,1.46147,0,0.20184,0,0,0.04007,0,57.6682,0.89302,0,6.09007,0,0,8.70245,17.34769,0.7257,4.20876,0,0,0,1.10832,1.46598,0.08642,0,0,0,0,0,0,0,0,0,0,0,0,0,0,0,0,0,0,0,0,0,0,0,0,0,0,0,0
B19,1.45915,0,2.43851,0.27738,0,0.30929,0,52.4373,0.39206,0,3.46248,0,0,9.45234,21.42473,0.63317,4.27581,0,0,0,1.81373,1.62405,0,0,0,0,0,0,0,0,0,0,0,0,0,0,0,0,0,0,0,0,0,0,0,0,0,0,0,0,0
B2-d29,0.23316,0,0,0,0,0,0,0,0,0,0,0,0,0,0,0,99.76684,0,0,0,0,0,0,0,0,0,0,0,0,0,0,0,0,0,0,0,0,0,0,0,0,0,0,0,0,0,0,0,0,0,0
b2-d33,1.54524,0,0,1.37785,0,0.95032,0,20.59602,0.05182,0,0,0,0,3.45998,4.53197,0.08691,67.3999,0,0,0,0,0,0,0,0,0,0,0,0,0,0,0,0,0,0,0,0,0,0,0,0,0,0,0,0,0,0,0,0,0,0
B2-d39,3.12273,0,0,0,0,0.1828,0,56.90304,1.6268,0,0.36534,0,0,8.34278,20.18957,0.96028,8.30665,0,0,0,0,0,0,0,0,0,0,0,0,0,0,0,0,0,0,0,0,0,0,0,0,0,0,0,0,0,0,0,0,0,0
B3,1.36611,0,0,0,0,0.0767,0,72.22489,1.91257,0,1.47522,0,0,7.0759,9.47651,1.6167,4.77541,0,0,0,0,0,0,0,0,0,0,0,0,0,0,0,0,0,0,0,0,0,0,0,0,0,0,0,0,0,0,0,0,0,0
B3-d34,2.56496,0,0,0.77603,0,0.79495,0,36.25416,4.20943,0,0,0,0,2.35398,14.44297,0.12973,38.47379,0,0,0,0,0,0,0,0,0,0,0,0,0,0,0,0,0,0,0,0,0,0,0,0,0,0,0,0,0,0,0,0,0,0
B3-d39,1.96526,0,0,0,0,1.54964,0,48.41259,0.80907,0,0.90317,0,0,8.5714,28.55902,0.50469,8.65824,0,0,0,0.06501,0,0.00191,0,0,0,0,0,0,0,0,0,0,0,0,0,0,0,0,0,0,0,0,0,0,0,0,0,0,0,0
B3-d40,3.79522,0,0,0,0,1.42713,0,49.18513,0.88739,0,2.90252,0,0,7.99005,17.05069,2.43989,14.27319,0,0,0,0.04723,0,0.00157,0,0,0,0,0,0,0,0,0,0,0,0,0,0,0,0,0,0,0,0,0,0,0,0,0,0,0,0
B3-d48,1.20745,0,1.04427,0.01257,0,0.03722,0,58.26368,0.94979,0,5.85557,0,0,6.89997,20.31298,0.7994,2.38656,0,0,0,0.77345,1.45711,0,0,0,0,0,0,0,0,0,0,0,0,0,0,0,0,0,0,0,0,0,0,0,0,0,0,0,0,0
B4-d29,1.09048,0,0,0,0,0,0,1.35531,0,0,0,0,0,0.52607,0,0,97.02814,0,0,0,0,0,0,0,0,0,0,0,0,0,0,0,0,0,0,0,0,0,0,0,0,0,0,0,0,0,0,0,0,0,0
B4-d34,2.37855,0,0,0.19089,0,0.15776,0,23.94357,0.14108,0,0.1092,0,0,2.77435,3.5878,0.3787,66.33809,0,0,0,0,0,0,0,0,0,0,0,0,0,0,0,0,0,0,0,0,0,0,0,0,0,0,0,0,0,0,0,0,0,0
B4-d40,2.79956,0,0,0,0,0.32938,0,40.82568,1.36708,0,4.27037,0,0,10.32911,24.39993,0.58055,15.06778,0,0,0,0.02804,0.00252,0,0,0,0,0,0,0,0,0,0,0,0,0,0,0,0,0,0,0,0,0,0,0,0,0,0,0,0,0
B4-d48,1.50378,0,0,0,0,0.03546,0,62.46867,1.21694,0,5.69167,0,0,7.78282,13.95921,0.90275,4.73886,0,0,0,0.07253,1.62731,0,0,0,0,0,0,0,0,0,0,0,0,0,0,0,0,0,0,0,0,0,0,0,0,0,0,0,0,0
B5-d29,0.07981,0,0,0,0,0,0,0,0,0,0,0,0,0,0,0,99.92019,0,0,0,0,0,0,0,0,0,0,0,0,0,0,0,0,0,0,0,0,0,0,0,0,0,0,0,0,0,0,0,0,0,0
b5-d33,5.5417,0,0,0,0,0,0,8.8299,0,0,0,0,0,3.04019,0.19784,0.24548,82.14489,0,0,0,0,0,0,0,0,0,0,0,0,0,0,0,0,0,0,0,0,0,0,0,0,0,0,0,0,0,0,0,0,0,0
B5-d39,1.69305,0,0.00433,0.00539,0,0.42504,0,43.95828,1.46822,0,3.94144,0,0,8.3774,26.53742,1.01437,12.13682,0,0,0,0.4072,0,0.03105,0,0,0,0,0,0,0,0,0,0,0,0,0,0,0,0,0,0,0,0,0,0,0,0,0,0,0,0
B5-d40,2.2501,0,0,0,0,0,0,56.72546,2.02134,0,1.24048,0,0,9.74765,18.33341,1.1601,8.52146,0,0,0,0,0,0,0,0,0,0,0,0,0,0,0,0,0,0,0,0,0,0,0,0,0,0,0,0,0,0,0,0,0,0
B5-d48,1.13386,0,0.32423,0.01799,0,0,0,61.52039,3.67514,0,5.3786,0,0,8.12539,13.26462,0.57914,3.21815,0,0,0,1.35924,1.26579,0.13746,0,0,0,0,0,0,0,0,0,0,0,0,0,0,0,0,0,0,0,0,0,0,0,0,0,0,0,0
B6-d29,0.93581,0,0,0,0,0.10126,0,0,0,0,0,0,0,0,0,0,98.96293,0,0,0,0,0,0,0,0,0,0,0,0,0,0,0,0,0,0,0,0,0,0,0,0,0,0,0,0,0,0,0,0,0,0
b6-d33,5.50935,0,0,0,0,0.79866,0,6.9501,0,0,0,0,0,2.16397,0.4913,0.11435,83.97228,0,0,0,0,0,0,0,0,0,0,0,0,0,0,0,0,0,0,0,0,0,0,0,0,0,0,0,0,0,0,0,0,0,0
B6-d34,3.20839,0,0,0.61529,0,3.19426,0,24.94452,0,0,0,0,0,2.86974,9.25291,0.05507,55.85981,0,0,0,0,0,0,0,0,0,0,0,0,0,0,0,0,0,0,0,0,0,0,0,0,0,0,0,0,0,0,0,0,0,0
B6-d39,2.37694,0,0,0,0,0.36365,0,54.93361,1.07449,0,0.24722,0,0,8.58325,24.60738,0.85528,6.95819,0,0,0,0,0,0,0,0,0,0,0,0,0,0,0,0,0,0,0,0,0,0,0,0,0,0,0,0,0,0,0,0,0,0
B6-d40,2.57808,0,0,0,0,0.206,0,52.67065,1.64875,0,3.91026,0,0,8.81944,17.52628,1.07128,11.56928,0,0,0,0,0,0,0,0,0,0,0,0,0,0,0,0,0,0,0,0,0,0,0,0,0,0,0,0,0,0,0,0,0,0
B6-d48,1.36818,0,0.79154,0.00053,0,0.02166,0,58.19296,0.84114,0,6.37887,0,0,7.24616,16.60002,0.81078,4.21536,0,0,0,1.85922,1.53435,0.13922,0,0,0,0,0,0,0,0,0,0,0,0,0,0,0,0,0,0,0,0,0,0,0,0,0,0,0,0
B7-d29,0.40239,0,0,0,0,0,0,0,0,0,0,0,0,0,0,0,99.59761,0,0,0,0,0,0,0,0,0,0,0,0,0,0,0,0,0,0,0,0,0,0,0,0,0,0,0,0,0,0,0,0,0,0
b7-d33,5.27567,0,0,0,0,0,0,14.25428,0,0,0,0,0,2.11734,0.54056,0,77.81216,0,0,0,0,0,0,0,0,0,0,0,0,0,0,0,0,0,0,0,0,0,0,0,0,0,0,0,0,0,0,0,0,0,0
B7-d40,4.71936,0,0,0,0,0.33192,0,36.50636,2.10678,0,4.06799,0,0,9.64702,25.2548,0.77151,16.59427,0,0,0,0,0,0,0,0,0,0,0,0,0,0,0,0,0,0,0,0,0,0,0,0,0,0,0,0,0,0,0,0,0,0
B7-d48,1.17204,0,1.8771,0.32213,0,0.03937,0,54.88173,2.51394,0,6.16162,0,0,7.71774,19.04269,0.71429,2.14904,0,0,0,1.95574,1.45257,0,0,0,0,0,0,0,0,0,0,0,0,0,0,0,0,0,0,0,0,0,0,0,0,0,0,0,0,0
C1,1.257,0,0,0,0,0,0,75.98501,0.03403,0,0.14154,0,0,3.74031,6.0592,0.10282,12.68009,0,0,0,0,0,0,0,0,0,0,0,0,0,0,0,0,0,0,0,0,0,0,0,0,0,0,0,0,0,0,0,0,0,0
C1-d33,3.19563,0,0,0,0,96.69348,0,0,0,0,0,0,0,0.11089,0,0,0,0,0,0,0,0,0,0,0,0,0,0,0,0,0,0,0,0,0,0,0,0,0,0,0,0,0,0,0,0,0,0,0,0,0
C1-d44,1.26775,0,0,0,0,3.3823,0,57.65121,0.69851,0,0,0,0,8.60713,17.6158,0.33739,10.43992,0,0,0,0,0,0,0,0,0,0,0,0,0,0,0,0,0,0,0,0,0,0,0,0,0,0,0,0,0,0,0,0,0,0
C1-d45,0.43969,0,0,0,0,0,0,67.75241,0,0,0,0,0,18.1058,9.9528,0,3.74931,0,0,0,0,0,0,0,0,0,0,0,0,0,0,0,0,0,0,0,0,0,0,0,0,0,0,0,0,0,0,0,0,0,0
C1-d53,1.46484,0,0,0,0,0.03479,0,58.00655,1.87853,0,5.88135,0,0,9.53333,16.9789,0.82942,5.3923,0,0,0,0,0,0,0,0,0,0,0,0,0,0,0,0,0,0,0,0,0,0,0,0,0,0,0,0,0,0,0,0,0,0
C19,1.54636,0,0.91754,0.10762,0,0.01245,0,66.49619,0.74717,0,3.66717,0,0,6.22421,14.51288,0.71221,2.46568,0,0,0,1.47542,1.11509,0,0,0,0,0,0,0,0,0,0,0,0,0,0,0,0,0,0,0,0,0,0,0,0,0,0,0,0,0
C2-colon,0.80869,0,0.05664,0,0,0,0,65.17113,0.85853,0,4.34394,0,0,9.24325,15.92951,0.57164,3.01667,0,0,0,0,0,0,0,0,0,0,0,0,0,0,0,0,0,0,0,0,0,0,0,0,0,0,0,0,0,0,0,0,0,0
C2-d33,0,0,0,0,0,100,0,0,0,0,0,0,0,0,0,0,0,0,0,0,0,0,0,0,0,0,0,0,0,0,0,0,0,0,0,0,0,0,0,0,0,0,0,0,0,0,0,0,0,0,0
C2-d37,11.64609,0,0,0,0,0,0,11.06001,0,0,0,0,0,3.82149,4.3921,0,69.08031,0,0,0,0,0,0,0,0,0,0,0,0,0,0,0,0,0,0,0,0,0,0,0,0,0,0,0,0,0,0,0,0,0,0
C2-d44,1.43903,0,0,0,0,2.36655,0,66.08278,0.69661,0,0,0,0,7.84836,13.46237,0.61562,7.48869,0,0,0,0,0,0,0,0,0,0,0,0,0,0,0,0,0,0,0,0,0,0,0,0,0,0,0,0,0,0,0,0,0,0
C2-d45,3.23379,0,0,0,0,2.88695,0,44.67912,0.70162,0,0,0,0,9.29811,33.57691,0.63107,4.99243,0,0,0,0,0,0,0,0,0,0,0,0,0,0,0,0,0,0,0,0,0,0,0,0,0,0,0,0,0,0,0,0,0,0
C2-d49,1.92929,0,0,0,0,1.1757,0,58.36206,2.49599,0,2.61558,0,0,2.96095,23.59549,1.27804,5.58691,0,0,0,0,0,0,0,0,0,0,0,0,0,0,0,0,0,0,0,0,0,0,0,0,0,0,0,0,0,0,0,0,0,0
C2-d53,1.16338,0,0,0,0,0.0095,0,58.11037,0.90737,0,5.69433,0,0,11.58651,16.25061,0.97241,5.30553,0,0,0,0,0,0,0,0,0,0,0,0,0,0,0,0,0,0,0,0,0,0,0,0,0,0,0,0,0,0,0,0,0,0
C3,2.04457,0,0,0,0,0.66715,0,52.88168,2.62607,0,1.61258,0,0,11.02796,12.8492,3.14687,13.14393,0,0,0,0,0,0,0,0,0,0,0,0,0,0,0,0,0,0,0,0,0,0,0,0,0,0,0,0,0,0,0,0,0,0
C3-colon,1.16085,0,0,0,0,0,0,63.23505,0,0,3.17716,0,0,11.57998,18.51596,0.05019,2.28081,0,0,0,0,0,0,0,0,0,0,0,0,0,0,0,0,0,0,0,0,0,0,0,0,0,0,0,0,0,0,0,0,0,0
C3-d33,2.77912,0,0,0,0,97.0409,0,0.04759,0,0,0,0,0,0.13239,0,0,0,0,0,0,0,0,0,0,0,0,0,0,0,0,0,0,0,0,0,0,0,0,0,0,0,0,0,0,0,0,0,0,0,0,0
C3-d44,1.1243,0,0,0,0,3.1583,0,61.01174,0.42541,0,0,0,0,8.04556,19.78618,0.34559,6.10291,0,0,0,0,0,0,0,0,0,0,0,0,0,0,0,0,0,0,0,0,0,0,0,0,0,0,0,0,0,0,0,0,0,0
C3-d45,1.22467,0,0,0,0,4.49212,0,58.7867,0.74642,0,0,0,0,10.86022,16.33307,0.8138,6.74298,0,0,0,0,0,0,0,0,0,0,0,0,0,0,0,0,0,0,0,0,0,0,0,0,0,0,0,0,0,0,0,0,0,0
C3-d53,1.13475,0,0,0,0,0.0303,0,54.66751,2.21431,0,6.45614,0,0,10.22784,20.6894,0.67973,3.90004,0,0,0,0,0,0,0,0,0,0,0,0,0,0,0,0,0,0,0,0,0,0,0,0,0,0,0,0,0,0,0,0,0,0
C4-d33,39.26759,0,0,0,0,0,0,4.84584,0,0,0,0,0,0.75141,0,1.3009,53.83426,0,0,0,0,0,0,0,0,0,0,0,0,0,0,0,0,0,0,0,0,0,0,0,0,0,0,0,0,0,0,0,0,0,0
C4-d44,1.52302,0,0,0,0,2.47806,0,65.18005,0.49095,0,0.02869,0,0,7.80902,15.82774,0.35998,6.30249,0,0,0,0,0,0,0,0,0,0,0,0,0,0,0,0,0,0,0,0,0,0,0,0,0,0,0,0,0,0,0,0,0,0
C4-d45,0,0,0,0,0,0,0,60.78886,0,0,0,0,0,6.17998,30.62652,0,2.40464,0,0,0,0,0,0,0,0,0,0,0,0,0,0,0,0,0,0,0,0,0,0,0,0,0,0,0,0,0,0,0,0,0,0
C4-d53,1.27466,0,0,0,0,0.06505,0,62.68176,2.11051,0,6.13363,0,0,8.18151,14.67526,0.64088,4.23674,0,0,0,0,0,0,0,0,0,0,0,0,0,0,0,0,0,0,0,0,0,0,0,0,0,0,0,0,0,0,0,0,0,0
C5-d34,71.29989,0,0,0,0,7.97528,0,7.32267,2.01078,0,0,0,0,3.67155,0.24155,0,7.47827,0,0,0,0,0,0,0,0,0,0,0,0,0,0,0,0,0,0,0,0,0,0,0,0,0,0,0,0,0,0,0,0,0,0
C5-d44,1.6703,0,0,0,0,2.75261,0,61.51265,0.69041,0,0,0,0,9.97294,19.02976,0.5427,3.82863,0,0,0,0,0,0,0,0,0,0,0,0,0,0,0,0,0,0,0,0,0,0,0,0,0,0,0,0,0,0,0,0,0,0
C5-d45,1.57584,0,0,0,0,1.69574,0,67.48721,0.4168,0,0,0,0,9.20928,16.02173,0.68468,2.90873,0,0,0,0,0,0,0,0,0,0,0,0,0,0,0,0,0,0,0,0,0,0,0,0,0,0,0,0,0,0,0,0,0,0
C5-d53,1.21093,0,0,0,0,0,0,59.40133,1.86079,0,5.78406,0,0,11.74847,15.24924,0.65957,4.08561,0,0,0,0,0,0,0,0,0,0,0,0,0,0,0,0,0,0,0,0,0,0,0,0,0,0,0,0,0,0,0,0,0,0
C6-d33,86.44359,0,0,0,0,13.22316,0,0,0,0,0,0,0,0.10102,0,0,0.23223,0,0,0,0,0,0,0,0,0,0,0,0,0,0,0,0,0,0,0,0,0,0,0,0,0,0,0,0,0,0,0,0,0,0
C6-d37,34.09464,0,0,0,0,10.31928,0,3.42325,0,0,0,0,0,1.34655,0.98104,0,49.83523,0,0,0,0,0,0,0,0,0,0,0,0,0,0,0,0,0,0,0,0,0,0,0,0,0,0,0,0,0,0,0,0,0,0
C6-d44,2.72121,0,0,0,0,6.26119,0,41.50618,1.00132,0,0,0,0,11.73218,22.64526,0.32749,13.80517,0,0,0,0,0,0,0,0,0,0,0,0,0,0,0,0,0,0,0,0,0,0,0,0,0,0,0,0,0,0,0,0,0,0
C6-d49,1.30648,0,0,0,0,0.34466,0,70.41212,1.82968,0,4.08214,0,0,4.68058,15.67005,0.76769,0.9066,0,0,0,0,0,0,0,0,0,0,0,0,0,0,0,0,0,0,0,0,0,0,0,0,0,0,0,0,0,0,0,0,0,0
C6-d53,1.14587,0,0,0,0,0.0147,0,66.54601,1.30246,0,5.34375,0,0,8.65374,12.22493,0.6401,3.97038,0,0,0,0.15807,0,0,0,0,0,0,0,0,0,0,0,0,0,0,0,0,0,0,0,0,0,0,0,0,0,0,0,0,0,0
C7-d33,58.84773,0,0,0,0,33.5333,0,0.5973,0,0,0,0,0,0.78265,0,0,6.23902,0,0,0,0,0,0,0,0,0,0,0,0,0,0,0,0,0,0,0,0,0,0,0,0,0,0,0,0,0,0,0,0,0,0
C7-d38,16.63315,0,0,0,0,0,0,9.25494,0,0,0,0,0,2.1695,9.16195,0,62.78046,0,0,0,0,0,0,0,0,0,0,0,0,0,0,0,0,0,0,0,0,0,0,0,0,0,0,0,0,0,0,0,0,0,0
C7-d44,1.52403,0,0,0,0,7.26022,0,54.16725,0.91967,0,0,0,0,8.82766,20.0141,0.62527,6.66179,0,0,0,0,0,0,0,0,0,0,0,0,0,0,0,0,0,0,0,0,0,0,0,0,0,0,0,0,0,0,0,0,0,0
C7-d45,1.58762,0,0,0,0,1.4728,0,61.68002,0.6699,0,0,0,0,11.6702,15.03512,0.98955,6.8948,0,0,0,0,0,0,0,0,0,0,0,0,0,0,0,0,0,0,0,0,0,0,0,0,0,0,0,0,0,0,0,0,0,0
C7-d53,1.79079,0,0.07964,0,0,0.0488,0,50.95227,2.57975,0,6.03236,0,0,10.71183,19.81234,0.62424,7.36798,0,0,0,0,0,0,0,0,0,0,0,0,0,0,0,0,0,0,0,0,0,0,0,0,0,0,0,0,0,0,0,0,0,0
C8-d35,5.67263,0,0,0,0,92.8359,0,0.40659,0,0,0,0,0,0.87009,0,0,0.21479,0,0,0,0,0,0,0,0,0,0,0,0,0,0,0,0,0,0,0,0,0,0,0,0,0,0,0,0,0,0,0,0,0,0
C8-d38,21.67674,0,0,0,0,0,0,35.99393,0,0,0,0,0,2.32938,20.88168,0,19.11827,0,0,0,0,0,0,0,0,0,0,0,0,0,0,0,0,0,0,0,0,0,0,0,0,0,0,0,0,0,0,0,0,0,0
C8-d44,4.1065,0,0,0,0,3.93261,0,47.71527,0.61167,0,0,0,0,10.79282,25.0592,0.59816,7.18376,0,0,0,0,0,0,0,0,0,0,0,0,0,0,0,0,0,0,0,0,0,0,0,0,0,0,0,0,0,0,0,0,0,0
C8-d45,2.49721,0,0,0,0,1.53577,0,57.51488,0.44776,0,0,0,0,11.53931,22.60384,0.64642,3.2148,0,0,0,0,0,0,0,0,0,0,0,0,0,0,0,0,0,0,0,0,0,0,0,0,0,0,0,0,0,0,0,0,0,0
C8-d53,1.12861,0,0,0,0,0,0,61.26181,1.58354,0,5.70629,0,0,10.47287,15.57288,0.69198,3.58201,0,0,0,0,0,0,0,0,0,0,0,0,0,0,0,0,0,0,0,0,0,0,0,0,0,0,0,0,0,0,0,0,0,0
CONV_MERO1_COLON,51.80815,0,0,0,0,0,0,0,0,0,0,0,0,16.1756,0,0,0,0,0,0,0,0,0,32.01625,0,0,0,0,0,0,0,0,0,0,0,0,0,0,0,0,0,0,0,0,0,0,0,0,0,0,0
CONV_MERO1_D0,2.41612,0,0,0,0,0,0,0,0,0,0,0,0,1.04501,0,0,0,0,0,0,0,0,0,5.81218,43.61721,42.56373,3.74725,0.79849,0,0,0,0,0,0,0,0,0,0,0,0,0,0,0,0,0,0,0,0,0,0,0
CONV_MERO1_D1,0.87379,0,0,0,0,0,0,0,0,0,0,0,0,0.02432,0,0,0,0,0,0,0,0,0,0.26921,9.79566,88.72675,0.30317,0.0071,0,0,0,0,0,0,0,0,0,0,0,0,0,0,0,0,0,0,0,0,0,0,0
CONV_MERO1_D3,96.75582,0,0,0,0,0,0,0,0,0,0,0,0,3.15861,0,0,0,0,0,0,0,0,0,0,0,0.08557,0,0,0,0,0,0,0,0,0,0,0,0,0,0,0,0,0,0,0,0,0,0,0,0,0
CONV_MERO2_COLON,43.21215,0,0,0,0,0,0,0,0,0,0,0,0,42.2165,0,0,0,0,0,0,0,0,0,14.57135,0,0,0,0,0,0,0,0,0,0,0,0,0,0,0,0,0,0,0,0,0,0,0,0,0,0,0
CONV_MERO2_D0,7.37509,0,0,0,0,0.20283,0,0,0,0,0,0,0,0.40536,0,0,0,0,0,0,0,0,0,10.64572,48.21463,23.11782,7.62333,2.41522,0,0,0,0,0,0,0,0,0,0,0,0,0,0,0,0,0,0,0,0,0,0,0
CONV_MERO2_D3,99.69623,0,0,0,0,0,0,0,0,0,0,0,0,0,0,0,0,0,0,0,0,0,0,0,0,0,0.30377,0,0,0,0,0,0,0,0,0,0,0,0,0,0,0,0,0,0,0,0,0,0,0,0
CONV_MERO3_COLON,4.56523,0,0,0,0,0,0,0,0,0,0,0,0,1.10355,0,0,0,0,0,0,0,0,0,94.05712,0,0,0.18804,0.08606,0,0,0,0,0,0,0,0,0,0,0,0,0,0,0,0,0,0,0,0,0,0,0
CONV_MERO3_D1,48.9519,0,0,0,0,0,0,0,0,0,0,0,0,8.08924,0,0,0,0,0,0,0,0,0,26.41518,0,0.63594,0.04465,15.86309,0,0,0,0,0,0,0,0,0,0,0,0,0,0,0,0,0,0,0,0,0,0,0
CONV_MERO3_D3,4.18388,0,0,0,0,0,0,0,0,0,0,0,0,0.26082,0,0,0,0,0,0,0,0,0,90.40058,0,0,0.43262,4.7221,0,0,0,0,0,0,0,0,0,0,0,0,0,0,0,0,0,0,0,0,0,0,0
CONV_MERO4_COLON,43.26364,0,0,0,0,0,0,0,0,0,0,0,0,15.38157,0,0,0,0,0,0,0,0,0,24.16463,0,0,17.00952,0.18064,0,0,0,0,0,0,0,0,0,0,0,0,0,0,0,0,0,0,0,0,0,0,0
CONV_MERO4_D0,0,0,0,0,0,0,0,0,0,0,0,0,0,0.47372,0,0,0,0,0,0,0,0,0,77.75885,7.97338,9.77129,1.19248,1.77262,1.05766,0,0,0,0,0,0,0,0,0,0,0,0,0,0,0,0,0,0,0,0,0,0
CONV_MERO4_D1,0,0,0,0,0,0,0,0,0,0,0,0,0,4.93612,0,0,0,0,0,0,0,0,0,0,0,0.35332,0,94.71057,0,0,0,0,0,0,0,0,0,0,0,0,0,0,0,0,0,0,0,0,0,0,0
CONV_MERO4_D3,32.09592,0,0,0,0,0,0,0,0,0,0,0,0,66.2791,0,0,0,0,0,0,0,0,0,0,0,0.01693,0,1.60805,0,0,0,0,0,0,0,0,0,0,0,0,0,0,0,0,0,0,0,0,0,0,0
CONV_PBS1_COLON,0,0,0,0,0,0,0,0,0,0,0,0,0,2.99553,0,0,0,0,0,0,0,0,0,33.8989,7.51078,6.98937,20.01142,26.15377,2.44024,0,0,0,0,0,0,0,0,0,0,0,0,0,0,0,0,0,0,0,0,0,0
CONV_PBS1_D0,1.2897,0,0,0,0,0,0,0,0,0,0,0,0,0.77649,0,0,0,0,0,0,0,0,0,1.34581,74.77864,18.25381,0.79898,2.75657,0,0,0,0,0,0,0,0,0,0,0,0,0,0,0,0,0,0,0,0,0,0,0
CONV_PBS1_D3,0.19156,0,0,0,0,1.64461,0,0,0,0,0,0,0,1.27189,0,0,0,0,0,0,0,0,0,70.6241,13.09525,3.16441,6.79052,1.64586,1.57181,0,0,0,0,0,0,0,0,0,0,0,0,0,0,0,0,0,0,0,0,0,0
CONV_PBS2_COLON,0,0,0,0,0,0,0,0,0,0,0,0,0,0.88787,0,0,0,0,0,0,0,0,0,60.23488,6.6942,1.433,0.12151,28.73831,1.89022,0,0,0,0,0,0,0,0,0,0,0,0,0,0,0,0,0,0,0,0,0,0
CONV_PBS2_D1,0,0,0,0,0,1.12966,0,0,0,0,0,0,0,1.08651,0,0,0,0,0,0,0,0,0,51.79965,21.99303,7.94678,1.83997,10.59525,3.508,0.10116,0,0,0,0,0,0,0,0,0,0,0,0,0,0,0,0,0,0,0,0,0
CONV_PBS2_D3,0,0,0,0,0,0,0,0,0,0,0,0,0,0.03673,0,0,0,0,0,0,0,0,0,74.31692,12.72496,3.14713,2.62855,4.99334,2.15237,0,0,0,0,0,0,0,0,0,0,0,0,0,0,0,0,0,0,0,0,0,0
CONV_PBS3_COLON,0,0,0,0,0,0,0,0,0,0,0,0,0,0,0,0,0,0,0,0,0,0,0,47.30147,5.25609,0,0.57373,46.02014,0.84857,0,0,0,0,0,0,0,0,0,0,0,0,0,0,0,0,0,0,0,0,0,0
CONV_PBS3_D1,1.5436,0,0,1.04291,0,2.41236,0,27.51881,0,0,0,0,0,3.11618,22.16733,0,3.15409,0,0,0,2.96715,0,0,13.9034,11.0466,6.0783,0.8236,3.42503,0.80066,0,0,0,0,0,0,0,0,0,0,0,0,0,0,0,0,0,0,0,0,0,0
CONV_PBS4_COLON,0,0,0,0,0,0,0,0,0,0,0,0,0,0,0,0,0,0,0,0,0,0,0,54.79447,13.50345,0,0,29.27232,2.42976,0,0,0,0,0,0,0,0,0,0,0,0,0,0,0,0,0,0,0,0,0,0
CONV_PBS4_D0,0,0,0,0,0,0.21468,0,0,0,0,0,0,0,0,0,0,0,0,0,0,0,0,0,76.86505,14.99767,1.35989,1.18258,4.20886,1.17127,0,0,0,0,0,0,0,0,0,0,0,0,0,0,0,0,0,0,0,0,0,0
CONV_PBS4_D1,0,0,0,0,0,0.27939,0,0,0,0,0,0,0,0,0,0,0,0,0,0,0,0,0,63.7768,15.74604,0.13255,0.14041,18.01126,1.83929,0.07425,0,0,0,0,0,0,0,0,0,0,0,0,0,0,0,0,0,0,0,0,0
CONV_PBS4_D3,0,0,0,0,0,0.04449,0,0,0,0,0,0,0,0.07061,0,0,0,0,0,0,0,0,0,75.19666,14.06691,2.78885,2.1256,3.30314,2.28123,0.10446,0.01805,0,0,0,0,0,0,0,0,0,0,0,0,0,0,0,0,0,0,0,0
GF1_A10,2.73172,0,0.37889,1.08681,0,0.17744,0,50.85604,5.35997,0,2.66641,0,0,10.17242,19.24484,0.66944,4.88918,0,0,0,1.76684,0,0,0,0,0,0,0,0,0,0,0,0,0,0,0,0,0,0,0,0,0,0,0,0,0,0,0,0,0,0
GF1_B_mom_d32,3.3564,0,2.61501,0.38712,0,0,0,50.65554,1.03011,0,5.29674,0,0,5.28758,20.10749,0.91839,4.59832,0,0,0,3.62166,2.12565,0,0,0,0,0,0,0,0,0,0,0,0,0,0,0,0,0,0,0,0,0,0,0,0,0,0,0,0,0
GF1_B10,2.79574,0,0,0.14158,0,0.39441,0,43.63559,2.71323,0,4.14865,0,0,7.46627,31.11821,0.24717,5.66474,0,0,0,0.81955,0.85487,0,0,0,0,0,0,0,0,0,0,0,0,0,0,0,0,0,0,0,0,0,0,0,0,0,0,0,0,0
GF1_B14,1.83001,0,0,0.17618,0,0,0,67.36827,0.40571,0,3.20471,0,0,8.46168,14.19298,0.8889,2.16226,0,0,0,0.44838,0.86091,0,0,0,0,0,0,0,0,0,0,0,0,0,0,0,0,0,0,0,0,0,0,0,0,0,0,0,0,0
GF1_B17,2.36627,0,1.76933,0.32281,0,0.01609,0,53.27646,1.02832,0,4.77978,0,0,7.18549,19.29567,1.04269,5.17247,0,0,0,1.97359,1.77103,0,0,0,0,0,0,0,0,0,0,0,0,0,0,0,0,0,0,0,0,0,0,0,0,0,0,0,0,0
GF1_B25,1.65911,0,3.11903,0.69598,0,0,0,56.15216,0,0,4.90961,0,0,7.90863,15.91911,0.55764,4.05566,0,0,0,3.26113,1.76194,0,0,0,0,0,0,0,0,0,0,0,0,0,0,0,0,0,0,0,0,0,0,0,0,0,0,0,0,0
GF1_B3_d38,0.67903,0,0.18711,0.52873,0,0.23791,0,48.68524,1.272,0,0,0,0,10.44965,31.03343,0.55582,4.78668,0,0,0,1.5844,0,0,0,0,0,0,0,0,0,0,0,0,0,0,0,0,0,0,0,0,0,0,0,0,0,0,0,0,0,0
GF1_B5_D38,2.32762,0,0,0,0,3.34596,0,48.84945,0.41019,0,0,0,0,8.39485,33.25909,0.16332,3.24952,0,0,0,0,0,0,0,0,0,0,0,0,0,0,0,0,0,0,0,0,0,0,0,0,0,0,0,0,0,0,0,0,0,0
GF1_B6_d38,1.76203,0,0,0,0,2.82098,0,55.99118,0.78223,0,0,0,0,10.41022,25.98555,0.18133,2.06648,0,0,0,0,0,0,0,0,0,0,0,0,0,0,0,0,0,0,0,0,0,0,0,0,0,0,0,0,0,0,0,0,0,0
GF1_B7_D38,2.94926,0,0,0,0,2.37165,0,61.59407,0.36629,0,0,0,0,8.63498,21.93516,0.17692,1.97168,0,0,0,0,0,0,0,0,0,0,0,0,0,0,0,0,0,0,0,0,0,0,0,0,0,0,0,0,0,0,0,0,0,0
GF1_C_mom_d32,1.89193,0,2.57628,0.15966,0,0.81903,0,60.34954,0.07098,0,3.74119,0,0,6.29668,17.44232,1.1683,1.92067,0,0,0,3.56341,0,0,0,0,0,0,0,0,0,0,0,0,0,0,0,0,0,0,0,0,0,0,0,0,0,0,0,0,0,0
GF1_C10,2.3865,0,0.10668,0.57738,0,0,0,46.05232,2.82062,0,2.81619,0,0,13.88596,21.12827,0.31227,7.09518,0,0,0,1.33202,1.4866,0,0,0,0,0,0,0,0,0,0,0,0,0,0,0,0,0,0,0,0,0,0,0,0,0,0,0,0,0
GF1_C14,2.39429,0,1.44912,0.08965,0,0.34075,0,51.51186,1.19208,0,4.73888,0,0,8.94059,21.65192,1.49587,3.61325,0,0,0,1.83133,0.7504,0,0,0,0,0,0,0,0,0,0,0,0,0,0,0,0,0,0,0,0,0,0,0,0,0,0,0,0,0
GF1_C17,2.00809,0,1.34234,0.35592,0,0.1967,0,52.60701,0.57762,0,3.87555,0,0,11.54865,22.00848,0.86401,2.74927,0,0,0,1.3173,0.54906,0,0,0,0,0,0,0,0,0,0,0,0,0,0,0,0,0,0,0,0,0,0,0,0,0,0,0,0,0
GF1_C25,1.92148,0,1.51305,0.28838,0,0,0,57.89299,1.95711,0,2.81354,0,0,7.82061,19.98492,0.60839,2.69368,0,0,0,1.551,0.95486,0,0,0,0,0,0,0,0,0,0,0,0,0,0,0,0,0,0,0,0,0,0,0,0,0,0,0,0,0
GF1_C4_d39,13.23708,0,0,0,0,0,0,49.16924,0,0,0,0,0,9.27728,18.18167,0,10.13473,0,0,0,0,0,0,0,0,0,0,0,0,0,0,0,0,0,0,0,0,0,0,0,0,0,0,0,0,0,0,0,0,0,0
GF1_C6_d39,19.34285,0,0,0,0,0,0,33.90406,0,0,0,0,0,4.73869,28.50523,0,13.50917,0,0,0,0,0,0,0,0,0,0,0,0,0,0,0,0,0,0,0,0,0,0,0,0,0,0,0,0,0,0,0,0,0,0
GF1_C7_d39,26.35101,0,0,0,0,0,0,24.50385,0,0,0,0,0,6.48611,31.28764,0,11.37139,0,0,0,0,0,0,0,0,0,0,0,0,0,0,0,0,0,0,0,0,0,0,0,0,0,0,0,0,0,0,0,0,0,0
GF1_INOC_GF1,8.95423,0,0.05614,0.03714,0,0.14156,0.35091,15.11277,0.06906,0.07161,11.46037,0,0,3.41741,4.33475,0.44602,55.54802,0,0,0,0,0,0,0,0,0,0,0,0,0,0,0,0,0,0,0,0,0,0,0,0,0,0,0,0,0,0,0,0,0,0
GF10_A_DAM_D0,7.54146,0,0,0,0,0,0.03391,8.92969,0,0,7.59296,0,0,3.97532,3.84636,0,68.08031,0,0,0,0,0,0,0,0,0,0,0,0,0,0,0,0,0,0,0,0,0,0,0,0,0,0,0,0,0,0,0,0,0,0
GF10_A1_COLON_D35,9.10604,0,0,0,0,0,0,1.75522,0,0,4.14397,0,0,2.93352,0.6376,0,81.42365,0,0,0,0,0,0,0,0,0,0,0,0,0,0,0,0,0,0,0,0,0,0,0,0,0,0,0,0,0,0,0,0,0,0
GF10_A1_d101,24.66459,0,0,0,0,0.58676,0,0,0,0,0,0,0,0.32224,0,0,74.42641,0,0,0,0,0,0,0,0,0,0,0,0,0,0,0,0,0,0,0,0,0,0,0,0,0,0,0,0,0,0,0,0,0,0
GF10_A1_d104_colon,0,0,0,0,0,3.15043,0,59.48517,0,0,0,0,0,6.88464,30.47976,0,0,0,0,0,0,0,0,0,0,0,0,0,0,0,0,0,0,0,0,0,0,0,0,0,0,0,0,0,0,0,0,0,0,0,0
GF10_A1_d127_colon,1.38359,0,0,0,0,1.5152,0,40.16174,0.75017,0,5.58121,0,0,17.03045,17.03481,1.34868,15.19416,0,0,0,0,0,0,0,0,0,0,0,0,0,0,0,0,0,0,0,0,0,0,0,0,0,0,0,0,0,0,0,0,0,0
GF10_A1_D32,6.90207,0,0,0,0,0,0,34.53489,0.54584,0,5.96891,0,0,8.16035,20.07998,1.53518,21.96677,0,0,0,0.23631,0.0697,0,0,0,0,0,0,0,0,0,0,0,0,0,0,0,0,0,0,0,0,0,0,0,0,0,0,0,0,0
GF10_A1_D34,5.8081,0,0,0,0,0,0,2.90586,0,0,0,0,0,0.82409,0,0,90.46194,0,0,0,0,0,0,0,0,0,0,0,0,0,0,0,0,0,0,0,0,0,0,0,0,0,0,0,0,0,0,0,0,0,0
GF10_A1_d77,5.74666,0,0,0,0,0,0,0,0,0,0,0,0,0,0,0,94.25334,0,0,0,0,0,0,0,0,0,0,0,0,0,0,0,0,0,0,0,0,0,0,0,0,0,0,0,0,0,0,0,0,0,0
GF10_A1_d79,0,0,0,0,0,0,0,0,0,0,0,0,0,0,0,0,100,0,0,0,0,0,0,0,0,0,0,0,0,0,0,0,0,0,0,0,0,0,0,0,0,0,0,0,0,0,0,0,0,0,0
GF10_A1_d80_colon,14.06572,0,0,0,0,2.54081,0,0,0,0,0,0,0,12.44228,0.63293,0,70.31825,0,0,0,0,0,0,0,0,0,0,0,0,0,0,0,0,0,0,0,0,0,0,0,0,0,0,0,0,0,0,0,0,0,0
GF10_A2_COLON_D35,100,0,0,0,0,0,0,0,0,0,0,0,0,0,0,0,0,0,0,0,0,0,0,0,0,0,0,0,0,0,0,0,0,0,0,0,0,0,0,0,0,0,0,0,0,0,0,0,0,0,0
GF10_A2_d101,0,0,0,0,0,0,0,0,0,0,0,0,0,0,0,0,100,0,0,0,0,0,0,0,0,0,0,0,0,0,0,0,0,0,0,0,0,0,0,0,0,0,0,0,0,0,0,0,0,0,0
GF10_A2_d103,2.04913,0,0,0,0,0,0,0,0,0,0,0,0,0.15079,0,0,97.80008,0,0,0,0,0,0,0,0,0,0,0,0,0,0,0,0,0,0,0,0,0,0,0,0,0,0,0,0,0,0,0,0,0,0
GF10_A2_d104_colon,4.11575,0,0,0,0,2.97899,0,0,0,0,0,0,0,1.18491,0.0691,0,91.65125,0,0,0,0,0,0,0,0,0,0,0,0,0,0,0,0,0,0,0,0,0,0,0,0,0,0,0,0,0,0,0,0,0,0
GF10_A2_d127_colon,0,0,0,0,0,0,0,0,0,0,0,0,0,0,0,0,100,0,0,0,0,0,0,0,0,0,0,0,0,0,0,0,0,0,0,0,0,0,0,0,0,0,0,0,0,0,0,0,0,0,0
GF10_A2_D32,8.59217,0,0,0,0,1.12087,0,31.02609,0.9568,0,7.82784,0,0,7.36683,25.76183,1.77991,15.23365,0,0,0,0.22497,0.10904,0,0,0,0,0,0,0,0,0,0,0,0,0,0,0,0,0,0,0,0,0,0,0,0,0,0,0,0,0
GF10_A2_D33,2.44982,0,0,0,0,0.09868,0,1.96955,0,0,0,0,0,1.45968,0.13743,0,93.88484,0,0,0,0,0,0,0,0,0,0,0,0,0,0,0,0,0,0,0,0,0,0,0,0,0,0,0,0,0,0,0,0,0,0
GF10_A2_D34,4.36083,0,0,0,0,0,0,10.34823,0,0,1.16145,0,0,3.16467,3.1799,0.68335,77.10157,0,0,0,0,0,0,0,0,0,0,0,0,0,0,0,0,0,0,0,0,0,0,0,0,0,0,0,0,0,0,0,0,0,0
GF10_A2_d77,8.65798,0,0,0,0,0,0,0,0,0,0,0,0,0,0,0,91.34202,0,0,0,0,0,0,0,0,0,0,0,0,0,0,0,0,0,0,0,0,0,0,0,0,0,0,0,0,0,0,0,0,0,0
GF10_A2_d79,0,0,0,0,0,0,0,0,0,0,0,0,0,0,0,0,100,0,0,0,0,0,0,0,0,0,0,0,0,0,0,0,0,0,0,0,0,0,0,0,0,0,0,0,0,0,0,0,0,0,0
GF10_A3_COLON_D35,100,0,0,0,0,0,0,0,0,0,0,0,0,0,0,0,0,0,0,0,0,0,0,0,0,0,0,0,0,0,0,0,0,0,0,0,0,0,0,0,0,0,0,0,0,0,0,0,0,0,0
GF10_A3_d104_colon,1.13702,0,0.35403,0,0,0.23283,0,31.32691,1.43614,0,4.51583,0,0,8.4164,37.1432,0.34888,13.97768,0,0,0,1.09863,0,0.01245,0,0,0,0,0,0,0,0,0,0,0,0,0,0,0,0,0,0,0,0,0,0,0,0,0,0,0,0
GF10_A3_D33,1.85936,0,0,0,0,0,0,0,0,0,0,0,0,0.87464,0.64635,0,96.61965,0,0,0,0,0,0,0,0,0,0,0,0,0,0,0,0,0,0,0,0,0,0,0,0,0,0,0,0,0,0,0,0,0,0
GF10_A3_D34,4.20296,0,0,0,0,0,0,7.1996,0,0,1.16038,0,0,2.06213,2.2589,0,83.11604,0,0,0,0,0,0,0,0,0,0,0,0,0,0,0,0,0,0,0,0,0,0,0,0,0,0,0,0,0,0,0,0,0,0
GF10_A3_d79,6.35215,0,0,0,0,0,0,0,0,0,0,0,0,0,0,0,93.64785,0,0,0,0,0,0,0,0,0,0,0,0,0,0,0,0,0,0,0,0,0,0,0,0,0,0,0,0,0,0,0,0,0,0
GF10_A3_d80_colon,0.44522,0,0,0,0,0,0,1.98778,0,0,0,0,0,1.7527,1.01102,0,94.80328,0,0,0,0,0,0,0,0,0,0,0,0,0,0,0,0,0,0,0,0,0,0,0,0,0,0,0,0,0,0,0,0,0,0
GF10_A4_d101,2.74942,0,0,0,0,0,0,0.68964,0,0,0,0,0,0.09591,0,0,96.46504,0,0,0,0,0,0,0,0,0,0,0,0,0,0,0,0,0,0,0,0,0,0,0,0,0,0,0,0,0,0,0,0,0,0
GF10_A4_d104_colon,0,0,0,0,0,3.71776,0,67.81901,0,0,0,0,0,9.58638,18.87685,0,0,0,0,0,0,0,0,0,0,0,0,0,0,0,0,0,0,0,0,0,0,0,0,0,0,0,0,0,0,0,0,0,0,0,0
GF10_A4_d77,6.82185,0,0,0,0,0,0,0,0,0,0,0,0,0,0,0,93.17815,0,0,0,0,0,0,0,0,0,0,0,0,0,0,0,0,0,0,0,0,0,0,0,0,0,0,0,0,0,0,0,0,0,0
GF10_A5_d101,1.31587,0,0,0,0,0,0,0,0,0,0,0,0,0,0,0,98.68413,0,0,0,0,0,0,0,0,0,0,0,0,0,0,0,0,0,0,0,0,0,0,0,0,0,0,0,0,0,0,0,0,0,0
GF10_A5_d104_colon,4.40762,0,0,0,0,0.34014,0,0,0,0,0,0,0,0,0,0,95.25225,0,0,0,0,0,0,0,0,0,0,0,0,0,0,0,0,0,0,0,0,0,0,0,0,0,0,0,0,0,0,0,0,0,0
GF10_A5_d127_colon,0,0,0,0,0,0,0,0,0,0,0,0,0,0,15.54328,47.27051,37.18621,0,0,0,0,0,0,0,0,0,0,0,0,0,0,0,0,0,0,0,0,0,0,0,0,0,0,0,0,0,0,0,0,0,0
GF10_A56_d101,2.98674,0,0,0,0,0,0,0.01422,0,0,0,0,0,0.22438,0,0,96.77465,0,0,0,0,0,0,0,0,0,0,0,0,0,0,0,0,0,0,0,0,0,0,0,0,0,0,0,0,0,0,0,0,0,0
GF10_A6_d102,2.90735,0,0,0,0,0.35076,0,10.11819,0,0,0,0,0,1.25486,1.90886,0,82.00927,0,0,0,0,0,0,0,0,0,0,1.45071,0,0,0,0,0,0,0,0,0,0,0,0,0,0,0,0,0,0,0,0,0,0,0
GF10_A6_d103,1.6323,0,0,0,0,21.40135,0,23.73079,0,0,0,0,0,10.46926,9.63699,0,27.61052,0,0,0,0,0,0,0,0,0,0,5.51878,0,0,0,0,0,0,0,0,0,0,0,0,0,0,0,0,0,0,0,0,0,0,0
GF10_A6_d104_colon,0,0,0,0,0,40.54838,0,23.93054,0,0,0,0,0,7.82776,16.76044,0,2.33837,0,0,0,0,0,0,0,0,0,0,8.59451,0,0,0,0,0,0,0,0,0,0,0,0,0,0,0,0,0,0,0,0,0,0,0
GF10_A7_d103,0.42759,0,0,0,0,2.98369,0,0,0,0,0,0,0,0,0,0,96.58872,0,0,0,0,0,0,0,0,0,0,0,0,0,0,0,0,0,0,0,0,0,0,0,0,0,0,0,0,0,0,0,0,0,0
GF10_A7_d104_colon,0,0,0,0,0,0.60019,0,0,0,0,0,0,0,0,0,0,99.39981,0,0,0,0,0,0,0,0,0,0,0,0,0,0,0,0,0,0,0,0,0,0,0,0,0,0,0,0,0,0,0,0,0,0
GF10_A7_d127_colon,0.44265,0,0,0,0,0,0,0,0,0,0,0,0,0,0,39.49972,60.05763,0,0,0,0,0,0,0,0,0,0,0,0,0,0,0,0,0,0,0,0,0,0,0,0,0,0,0,0,0,0,0,0,0,0
GF10_A8_d102,0.79132,0,0,0,0,0,0,0,0,0,0,0,0,0,0,0,99.20868,0,0,0,0,0,0,0,0,0,0,0,0,0,0,0,0,0,0,0,0,0,0,0,0,0,0,0,0,0,0,0,0,0,0
GF10_A8_d104_colon,0.90843,0,0.08418,0,0,1.81545,0,40.21571,1.1123,0,4.68125,0,0,18.30269,10.92224,0.55796,20.04908,0,0,0,0.70481,0.64589,0,0,0,0,0,0,0,0,0,0,0,0,0,0,0,0,0,0,0,0,0,0,0,0,0,0,0,0,0
GF10_Adam_d1,3.39554,0,0,0,0,0,0,7.69753,1.17649,0,0,0,0,16.20144,18.67286,8.91212,6.18029,0,0,0,0,0,0,0,0,0,0,37.76372,0,0,0,0,0,0,0,0,0,0,0,0,0,0,0,0,0,0,0,0,0,0,0
GF10_Adam_d20,2.4419,0,5.22338,0.08288,0,0,0,40.01328,1.44375,0,2.88975,0,0,7.6007,14.40899,2.75599,3.21946,0,0,0,0,0,0,0,0,0,0,19.91991,0,0,0,0,0,0,0,0,0,0,0,0,0,0,0,0,0,0,0,0,0,0,0
GF10_C1_COLON_D55,0.69859,0,0,0,0,0,0,0,0,0,0,0,0,0,0,0,99.30141,0,0,0,0,0,0,0,0,0,0,0,0,0,0,0,0,0,0,0,0,0,0,0,0,0,0,0,0,0,0,0,0,0,0
GF10_C1_d55,0,0,0,0,0,0,0,0,0,0,0,0,0,0,0,0,0,0,0,0,0,0,0,0,0,0,0,0,0,0,0,100,0,0,0,0,0,0,0,0,0,0,0,0,0,0,0,0,0,0,0
GF10_C1_d77,0.33375,0,0,0,0,0,0,22.37811,0,0,0,0,0,0,0,0,77.28815,0,0,0,0,0,0,0,0,0,0,0,0,0,0,0,0,0,0,0,0,0,0,0,0,0,0,0,0,0,0,0,0,0,0
GF10_C10_COLON_D55,0,0,0,0,0,100,0,0,0,0,0,0,0,0,0,0,0,0,0,0,0,0,0,0,0,0,0,0,0,0,0,0,0,0,0,0,0,0,0,0,0,0,0,0,0,0,0,0,0,0,0
GF10_C2_COLON_D35,19.11453,10.57345,9.37908,4.43307,3.45595,0.71548,0,1.62405,0,0,0,0,0,0.1811,0.13294,0,50.39036,0,0,0,0,0,0,0,0,0,0,0,0,0,0,0,0,0,0,0,0,0,0,0,0,0,0,0,0,0,0,0,0,0,0
GF10_C2_COLON_D55,0,0,0,0,0,0,0,0,0,0,0,0,0,0,0,0,100,0,0,0,0,0,0,0,0,0,0,0,0,0,0,0,0,0,0,0,0,0,0,0,0,0,0,0,0,0,0,0,0,0,0
GF10_C2_d101,1.81701,0,0,0,0,0,0,0.81571,0,0,0,0,0,0.50835,0,0,96.85893,0,0,0,0,0,0,0,0,0,0,0,0,0,0,0,0,0,0,0,0,0,0,0,0,0,0,0,0,0,0,0,0,0,0
GF10_C2_d103,0.02098,0,0,0,0,0,0,0,0,0,0,0,0,10.95255,22.40885,0,65.92274,0,0,0,0,0,0,0,0,0,0,0.69488,0,0,0,0,0,0,0,0,0,0,0,0,0,0,0,0,0,0,0,0,0,0,0
GF10_C2_d104_colon,0,0,0,0,0,0,0,0,0,0,0,0,0,16.18907,36.13986,0,47.67107,0,0,0,0,0,0,0,0,0,0,0,0,0,0,0,0,0,0,0,0,0,0,0,0,0,0,0,0,0,0,0,0,0,0
GF10_C2_D32,6.88325,3.51969,2.51985,0.60028,0.29881,0,0,1.96542,0,0,0,0,0,0.91296,2.71375,0,80.58598,0,0,0,0,0,0,0,0,0,0,0,0,0,0,0,0,0,0,0,0,0,0,0,0,0,0,0,0,0,0,0,0,0,0
GF10_C2_D33,2.24202,0,0,0,0,0,0,1.87977,0,0,0,0,0,0.4898,0,0,95.38841,0,0,0,0,0,0,0,0,0,0,0,0,0,0,0,0,0,0,0,0,0,0,0,0,0,0,0,0,0,0,0,0,0,0
GF10_C2_D34,6.92085,0,0,0,0,0,0,1.02488,0,0,1.86638,0,0,0.12783,0.38864,0,89.67142,0,0,0,0,0,0,0,0,0,0,0,0,0,0,0,0,0,0,0,0,0,0,0,0,0,0,0,0,0,0,0,0,0,0
GF10_C2_d55,1.40212,0,0,0,30.73702,1.81126,0,42.1472,2.28117,0,0.07549,0.22711,0,21.10246,0,0,0.21617,0,0,0,0,0,0,0,0,0,0,0,0,0,0,0,0,0,0,0,0,0,0,0,0,0,0,0,0,0,0,0,0,0,0
GF10_C2_d77,1.5488,0,0,0,0,0.10797,0,55.26831,0,0,0.71521,0,0,0.38524,0,4.58283,37.39165,0,0,0,0,0,0,0,0,0,0,0,0,0,0,0,0,0,0,0,0,0,0,0,0,0,0,0,0,0,0,0,0,0,0
GF10_C2_d80_colon,0,0,0,0,0,0,0,0,0,0,0,0,0,0,0,0,100,0,0,0,0,0,0,0,0,0,0,0,0,0,0,0,0,0,0,0,0,0,0,0,0,0,0,0,0,0,0,0,0,0,0
GF10_C3_COLON_D35,16.68483,7.22575,3.85063,2.54986,1.16108,1.44554,0,0,0,0,0,0,0,1.83502,0,0,65.2473,0,0,0,0,0,0,0,0,0,0,0,0,0,0,0,0,0,0,0,0,0,0,0,0,0,0,0,0,0,0,0,0,0,0
GF10_C3_d101,0.98472,0,0,0,0,0.06959,0,0.35353,0,0,0,0,0,0.35531,0,39.91704,58.31981,0,0,0,0,0,0,0,0,0,0,0,0,0,0,0,0,0,0,0,0,0,0,0,0,0,0,0,0,0,0,0,0,0,0
GF10_C3_D33,0.12742,0,0,0,0,0,0,0,0,0,0,0,0,0,0,0,99.87258,0,0,0,0,0,0,0,0,0,0,0,0,0,0,0,0,0,0,0,0,0,0,0,0,0,0,0,0,0,0,0,0,0,0
GF10_C3_d55,0,0,0,0,0,0,0,0,0,0,0,0,0,0,0,0,100,0,0,0,0,0,0,0,0,0,0,0,0,0,0,0,0,0,0,0,0,0,0,0,0,0,0,0,0,0,0,0,0,0,0
GF10_C3_d78,0,0,0,0,0,0,0,0,0,0,0,0,0,0,0,0,100,0,0,0,0,0,0,0,0,0,0,0,0,0,0,0,0,0,0,0,0,0,0,0,0,0,0,0,0,0,0,0,0,0,0
GF10_C4_COLON_D55,0,0,0,0,0,0,0,0,0,0,0,0,0,0,0,0,100,0,0,0,0,0,0,0,0,0,0,0,0,0,0,0,0,0,0,0,0,0,0,0,0,0,0,0,0,0,0,0,0,0,0
GF10_C4_d102_colon,0,0,0,0,0,0,0,0,0,0,0,0,0,0,0,0,100,0,0,0,0,0,0,0,0,0,0,0,0,0,0,0,0,0,0,0,0,0,0,0,0,0,0,0,0,0,0,0,0,0,0
GF10_C4_d55,1.70866,0.04279,0,0,36.084,1.53002,0,38.67691,0,0,0.87668,0.11924,0,20.06044,0,0,0.90128,0,0,0,0,0,0,0,0,0,0,0,0,0,0,0,0,0,0,0,0,0,0,0,0,0,0,0,0,0,0,0,0,0,0
GF10_C4_d77,4.86103,0,0,0,0,0,0,27.63978,0,0,5.13304,0,0,0.9527,0,21.79525,39.6182,0,0,0,0,0,0,0,0,0,0,0,0,0,0,0,0,0,0,0,0,0,0,0,0,0,0,0,0,0,0,0,0,0,0
GF10_C4_d80_colon,0,0,0,0,0,0,0,0,0,0,0,0,0,46.43025,11.94707,0,41.53473,0,0,0,0,0,0,0,0,0,0,0.08795,0,0,0,0,0,0,0,0,0,0,0,0,0,0,0,0,0,0,0,0,0,0,0
GF10_C5_COLON_D55,1.00906,0,0,0,0,19.18934,0,0,67.72314,0,0,0,0,0,0,0,12.07846,0,0,0,0,0,0,0,0,0,0,0,0,0,0,0,0,0,0,0,0,0,0,0,0,0,0,0,0,0,0,0,0,0,0
GF10_C5_d101,1.49395,0,0,0,0,0.28917,0,1.20562,0,0,0,0,0,0.1615,0,0,96.84976,0,0,0,0,0,0,0,0,0,0,0,0,0,0,0,0,0,0,0,0,0,0,0,0,0,0,0,0,0,0,0,0,0,0
GF10_C5_d55,1.50035,0,0,0,29.87981,3.00231,0,45.65209,0,0,0,0,0,19.96544,0,0,0,0,0,0,0,0,0,0,0,0,0,0,0,0,0,0,0,0,0,0,0,0,0,0,0,0,0,0,0,0,0,0,0,0,0
GF10_C5_d77,1.61777,0,0,0,0,0,0,0,0,0,0,0,0,0,0,0,98.38223,0,0,0,0,0,0,0,0,0,0,0,0,0,0,0,0,0,0,0,0,0,0,0,0,0,0,0,0,0,0,0,0,0,0
GF10_C6_COLON_D55,0.72318,0,0,0,0,34.28,0,0,17.83873,0,0,0,0,0,0.79117,0,46.36692,0,0,0,0,0,0,0,0,0,0,0,0,0,0,0,0,0,0,0,0,0,0,0,0,0,0,0,0,0,0,0,0,0,0
GF10_C6_d101,0.12781,0,0,0,0,0,0,0,0,0,0,0,0,0,0,0,99.87219,0,0,0,0,0,0,0,0,0,0,0,0,0,0,0,0,0,0,0,0,0,0,0,0,0,0,0,0,0,0,0,0,0,0
GF10_C6_d55,1.17972,0,0,0,30.27019,2.82605,0,40.53566,1.36853,0,0,0.31731,0,22.20621,0,0,1.29632,0,0,0,0,0,0,0,0,0,0,0,0,0,0,0,0,0,0,0,0,0,0,0,0,0,0,0,0,0,0,0,0,0,0
GF10_C7_COLON_D55,0,0,0,0,0,0,0,0,0,0,0,0,0,0,0,0,100,0,0,0,0,0,0,0,0,0,0,0,0,0,0,0,0,0,0,0,0,0,0,0,0,0,0,0,0,0,0,0,0,0,0
GF10_C8_COLON_D55,0,0,0,0,0,0,0,0,0,0,0,0,0,0,0,0,100,0,0,0,0,0,0,0,0,0,0,0,0,0,0,0,0,0,0,0,0,0,0,0,0,0,0,0,0,0,0,0,0,0,0
GF10_C8_d101,1.36398,0,0,0,0,0.37949,0,0.61946,0,0,0,0,0,0.15488,0,0,97.48219,0,0,0,0,0,0,0,0,0,0,0,0,0,0,0,0,0,0,0,0,0,0,0,0,0,0,0,0,0,0,0,0,0,0
GF10_C8_d103,30.02357,0,0,0,0,20.33308,0,0,0,0,0,0,0,24.72295,22.60431,0,2.3161,0,0,0,0,0,0,0,0,0,0,0,0,0,0,0,0,0,0,0,0,0,0,0,0,0,0,0,0,0,0,0,0,0,0
GF10_C8_d55,2.73095,0,0.35672,0,17.91725,0.55084,0,50.2251,3.05557,0,1.74869,0.02368,0,8.62521,7.26789,0.23155,6.42812,0,0,0,0.7529,0.08552,0,0,0,0,0,0,0,0,0,0,0,0,0,0,0,0,0,0,0,0,0,0,0,0,0,0,0,0,0
GF10_C9_COLON_D55,7.19971,0,0,0,0,92.80029,0,0,0,0,0,0,0,0,0,0,0,0,0,0,0,0,0,0,0,0,0,0,0,0,0,0,0,0,0,0,0,0,0,0,0,0,0,0,0,0,0,0,0,0,0
GF10_Cdam_d0,0.71078,0,0,0,36.5025,0.26915,0,37.35194,0,0,7.12766,0.19669,0,17.16815,0,0,0.67313,0,0,0,0,0,0,0,0,0,0,0,0,0,0,0,0,0,0,0,0,0,0,0,0,0,0,0,0,0,0,0,0,0,0
GF10_Cdam_d1,4.04574,0,0,0,0,0.29969,0,44.96385,0.8036,0,0,0,0,6.51831,24.87042,3.5157,14.91775,0,0,0,0,0,0,0,0,0,0,0.06495,0,0,0,0,0,0,0,0,0,0,0,0,0,0,0,0,0,0,0,0,0,0,0
GF10_Cdam_d20,4.20382,0,3.83456,0,0,0,0,42.98639,2.16838,0,0,0,0,7.02969,14.23004,1.88303,3.84699,0,0,0,0,0,0,0,0,0,0,19.8171,0,0,0,0,0,0,0,0,0,0,0,0,0,0,0,0,0,0,0,0,0,0,0
GF10_INOC,7.98061,0,0,0,0,0,0.14077,10.2886,0,0,8.42551,0,0,4.67574,4.22671,0.0703,64.19176,0,0,0,0,0,0,0,0,0,0,0,0,0,0,0,0,0,0,0,0,0,0,0,0,0,0,0,0,0,0,0,0,0,0
GF11_A_DAM_D0,20.90831,17.10335,9.26366,3.93963,3.73258,6.26809,0,0.72829,6.55833,0,0,0,0,0.52698,1.41866,0,29.55213,0,0,0,0,0,0,0,0,0,0,0,0,0,0,0,0,0,0,0,0,0,0,0,0,0,0,0,0,0,0,0,0,0,0
GF11_A1_COLON_D38,31.35805,10.79707,11.4148,4.86182,6.81848,18.59621,0,0.17126,10.8594,0,0.21529,0,0,0,0,0,4.90762,0,0,0,0,0,0,0,0,0,0,0,0,0,0,0,0,0,0,0,0,0,0,0,0,0,0,0,0,0,0,0,0,0,0
GF11_A1_D35,12.27589,1.20358,0.73699,0.04546,3.8733,35.24413,0,0,44.09762,0,0,0,0,0,0,0,2.52303,0,0,0,0,0,0,0,0,0,0,0,0,0,0,0,0,0,0,0,0,0,0,0,0,0,0,0,0,0,0,0,0,0,0
GF11_A1_D37,23.62206,0.04235,0.00754,0,1.71629,11.03738,0,1.62185,60.162,0,0,0,0,0.90634,0,0,0.88417,0,0,0,0,0,0,0,0,0,0,0,0,0,0,0,0,0,0,0,0,0,0,0,0,0,0,0,0,0,0,0,0,0,0
GF11_A2_COLON_D38,27.48098,8.89696,5.22326,4.22775,4.62706,25.74291,0,0,19.16224,0,0,0,0,0,0,0,4.63885,0,0,0,0,0,0,0,0,0,0,0,0,0,0,0,0,0,0,0,0,0,0,0,0,0,0,0,0,0,0,0,0,0,0
GF11_A2_D35,25.64749,0.05126,0,0,1.80078,66.48318,0,0,5.76753,0,0,0,0,0.03536,0,0,0.2144,0,0,0,0,0,0,0,0,0,0,0,0,0,0,0,0,0,0,0,0,0,0,0,0,0,0,0,0,0,0,0,0,0,0
GF11_A2_D36,24.12052,0,0,0,0,75.87948,0,0,0,0,0,0,0,0,0,0,0,0,0,0,0,0,0,0,0,0,0,0,0,0,0,0,0,0,0,0,0,0,0,0,0,0,0,0,0,0,0,0,0,0,0
GF11_A3_D36,0,0,0,0,0,100,0,0,0,0,0,0,0,0,0,0,0,0,0,0,0,0,0,0,0,0,0,0,0,0,0,0,0,0,0,0,0,0,0,0,0,0,0,0,0,0,0,0,0,0,0
GF11_A4_COLON_D38,23.42302,10.96555,8.72893,2.78626,3.8691,27.93659,0,0.23427,21.23196,0,0,0,0,0,0,0,0.82432,0,0,0,0,0,0,0,0,0,0,0,0,0,0,0,0,0,0,0,0,0,0,0,0,0,0,0,0,0,0,0,0,0,0
GF11_A4_D37,4.02981,0,0,0,0.76533,84.76134,0,0.28289,10.16063,0,0,0,0,0,0,0,0,0,0,0,0,0,0,0,0,0,0,0,0,0,0,0,0,0,0,0,0,0,0,0,0,0,0,0,0,0,0,0,0,0,0
GF11_A5_D35,3.30513,0,0,0,15.51447,1.66026,0,0,79.52014,0,0,0,0,0,0,0,0,0,0,0,0,0,0,0,0,0,0,0,0,0,0,0,0,0,0,0,0,0,0,0,0,0,0,0,0,0,0,0,0,0,0
GF11_B_dam_d111,2.63994,1.16675,5.34758,0.98656,53.07301,1.41501,0,31.21691,0.15718,0,0,0.26066,0,2.99221,0,0,0.05293,0,0,0,0,0,0,0,0,0,0,0,0,0,0,0,0.39513,0.29613,0,0,0,0,0,0,0,0,0,0,0,0,0,0,0,0,0
GF11_B_dam_d20,3.17522,1.33656,6.52373,2.09845,61.48453,1.68239,0,22.36994,0.25886,0,0,0,0,0,0,0,0.32383,0,0,0,0,0,0,0,0,0,0,0,0,0,0,0,0.34625,0.40024,0,0,0,0,0,0,0,0,0,0,0,0,0,0,0,0,0
GF11_B_dam_d7,1.2033,1.03404,5.32499,0.1951,71.92382,3.92277,0,14.25798,1.39968,0,0,0.13936,0,0,0,0,0,0,0,0,0,0,0,0,0,0,0,0,0,0,0,0,0.5896,0.00936,0,0,0,0,0,0,0,0,0,0,0,0,0,0,0,0,0
GF11_B1_COLON_D38,28.32483,7.70673,6.28498,1.89397,3.27918,29.02163,0,0,23.48869,0,0,0,0,0,0,0,0,0,0,0,0,0,0,0,0,0,0,0,0,0,0,0,0,0,0,0,0,0,0,0,0,0,0,0,0,0,0,0,0,0,0
GF11_B1_d105_colon,2.47207,0,0,0,0,22.8631,0,13.94344,0,0,0,0,0,2.76134,53.12622,0,4.83384,0,0,0,0,0,0,0,0,0,0,0,0,0,0,0,0,0,0,0,0,0,0,0,0,0,0,0,0,0,0,0,0,0,0
GF11_B1_D36,29.64617,11.63361,6.68558,2.69707,3.42038,23.81369,0,0.62378,18.61934,0,0,0,0,0,0,0,2.86039,0,0,0,0,0,0,0,0,0,0,0,0,0,0,0,0,0,0,0,0,0,0,0,0,0,0,0,0,0,0,0,0,0,0
GF11_B1_d71,0,0,0,0,1.74694,0,0,0.01545,98.23761,0,0,0,0,0,0,0,0,0,0,0,0,0,0,0,0,0,0,0,0,0,0,0,0,0,0,0,0,0,0,0,0,0,0,0,0,0,0,0,0,0,0
GF11_B2_COLON_D38,11.59457,2.03955,1.33587,0,0.56313,64.7955,0,0,19.67138,0,0,0,0,0,0,0,0,0,0,0,0,0,0,0,0,0,0,0,0,0,0,0,0,0,0,0,0,0,0,0,0,0,0,0,0,0,0,0,0,0,0
GF11_B2_d105_colon,3.43635,0,0,0,40.31561,6.77331,0,38.87298,0,0,0,0,0,8.42197,0,0,0,0,0,0,0,0,0,0,0,0,0,0,0,0,0,0,0,2.17978,0,0,0,0,0,0,0,0,0,0,0,0,0,0,0,0,0
GF11_B2_D36,23.18796,11.18752,9.15645,2.07058,4.36759,19.29666,0,0,24.83227,0,0,0,0,0,0,0,5.90098,0,0,0,0,0,0,0,0,0,0,0,0,0,0,0,0,0,0,0,0,0,0,0,0,0,0,0,0,0,0,0,0,0,0
GF11_B2_d71,9.41894,0,0,0,2.01421,0,0,0,87.74056,0,0,0,0,0.21354,0,0,0.61275,0,0,0,0,0,0,0,0,0,0,0,0,0,0,0,0,0,0,0,0,0,0,0,0,0,0,0,0,0,0,0,0,0,0
GF11_B2_d73,0,0,0,0,0,0,0,0,29.51574,0,0,0,0,0,0,0,70.48426,0,0,0,0,0,0,0,0,0,0,0,0,0,0,0,0,0,0,0,0,0,0,0,0,0,0,0,0,0,0,0,0,0,0
GF11_B3_COLON_D38,7.6351,0,0,0,0,57.30187,0,0,35.06303,0,0,0,0,0,0,0,0,0,0,0,0,0,0,0,0,0,0,0,0,0,0,0,0,0,0,0,0,0,0,0,0,0,0,0,0,0,0,0,0,0,0
GF11_B3_d105_colon,1.22637,0,0,0,57.22703,6.56476,0,30.65711,0,0,0,0,0,4.32473,0,0,0,0,0,0,0,0,0,0,0,0,0,0,0,0,0,0,0,0,0,0,0,0,0,0,0,0,0,0,0,0,0,0,0,0,0
GF11_B3_D35,4.01707,0,0,0,0.66057,95.32235,0,0,0,0,0,0,0,0,0,0,0,0,0,0,0,0,0,0,0,0,0,0,0,0,0,0,0,0,0,0,0,0,0,0,0,0,0,0,0,0,0,0,0,0,0
GF11_B3_D37,0.52405,0,0,0,0,96.07389,0,0,3.40206,0,0,0,0,0,0,0,0,0,0,0,0,0,0,0,0,0,0,0,0,0,0,0,0,0,0,0,0,0,0,0,0,0,0,0,0,0,0,0,0,0,0
GF11_B3_d71,1.86076,0,0,0,0,0,0,0,97.19315,0,0,0,0,0,0,0,0.94608,0,0,0,0,0,0,0,0,0,0,0,0,0,0,0,0,0,0,0,0,0,0,0,0,0,0,0,0,0,0,0,0,0,0
GF11_B4_COLON_D38,0,0,0,0,0,100,0,0,0,0,0,0,0,0,0,0,0,0,0,0,0,0,0,0,0,0,0,0,0,0,0,0,0,0,0,0,0,0,0,0,0,0,0,0,0,0,0,0,0,0,0
GF11_B4_d105_colon,1.92354,0,0,0,73.63776,3.1299,0,14.9814,0.20117,0,0,0,0,5.38398,0,0,0.74226,0,0,0,0,0,0,0,0,0,0,0,0,0,0,0,0,0,0,0,0,0,0,0,0,0,0,0,0,0,0,0,0,0,0
GF11_B4_D35,13.79192,0,0,0,2.84686,11.30034,0,0,72.06089,0,0,0,0,0,0,0,0,0,0,0,0,0,0,0,0,0,0,0,0,0,0,0,0,0,0,0,0,0,0,0,0,0,0,0,0,0,0,0,0,0,0
GF11_B4_D37,2.83339,0,0,0,0,25.60149,0,0,71.56512,0,0,0,0,0,0,0,0,0,0,0,0,0,0,0,0,0,0,0,0,0,0,0,0,0,0,0,0,0,0,0,0,0,0,0,0,0,0,0,0,0,0
GF11_B4_d72,0,0,0,0,0.18919,0,0,0,99.81081,0,0,0,0,0,0,0,0,0,0,0,0,0,0,0,0,0,0,0,0,0,0,0,0,0,0,0,0,0,0,0,0,0,0,0,0,0,0,0,0,0,0
GF11_B4_d73,0,0,0,0,0,0,0,0,80.30727,0,0,0,0,0,0,0,19.69273,0,0,0,0,0,0,0,0,0,0,0,0,0,0,0,0,0,0,0,0,0,0,0,0,0,0,0,0,0,0,0,0,0,0
GF11_B4_d74_colon,0,0,0,0,0,0,0,0,0,0,0,0,0,0,0,0,100,0,0,0,0,0,0,0,0,0,0,0,0,0,0,0,0,0,0,0,0,0,0,0,0,0,0,0,0,0,0,0,0,0,0
GF11_B5_COLON_D38,0,0,0,0,0,85.33836,0,0,14.66164,0,0,0,0,0,0,0,0,0,0,0,0,0,0,0,0,0,0,0,0,0,0,0,0,0,0,0,0,0,0,0,0,0,0,0,0,0,0,0,0,0,0
GF11_B5_d105_colon,2.52186,0,1.02034,0,24.07404,4.14903,0,56.46414,0.96235,0,0,0.05866,0,8.8896,0,0,0,0,0,0,0,0,0,0,0,0,0,0,0,0,0,0,0,1.85997,0,0,0,0,0,0,0,0,0,0,0,0,0,0,0,0,0
GF11_B5_D35,1.19421,0,0,0,0,93.47988,0,0,5.32591,0,0,0,0,0,0,0,0,0,0,0,0,0,0,0,0,0,0,0,0,0,0,0,0,0,0,0,0,0,0,0,0,0,0,0,0,0,0,0,0,0,0
GF11_B5_D37,0,0,0,0,0,100,0,0,0,0,0,0,0,0,0,0,0,0,0,0,0,0,0,0,0,0,0,0,0,0,0,0,0,0,0,0,0,0,0,0,0,0,0,0,0,0,0,0,0,0,0
GF11_B5_d71,22.21839,0,0,0,0.80902,0,0,0,76.95051,0,0,0,0,0.02208,0,0,0,0,0,0,0,0,0,0,0,0,0,0,0,0,0,0,0,0,0,0,0,0,0,0,0,0,0,0,0,0,0,0,0,0,0
GF11_B5_d74_colon,0,0,0,0,0,0,0,0,0,0,0,0,0,0,0,0,100,0,0,0,0,0,0,0,0,0,0,0,0,0,0,0,0,0,0,0,0,0,0,0,0,0,0,0,0,0,0,0,0,0,0
GF11_B6_d105_colon,1.74762,0,0.2435,0,56.00153,2.94589,0,32.26074,0.43657,0,0,0.01815,0,6.03549,0,0,0,0,0,0,0,0,0,0,0,0,0,0,0,0,0,0,0,0.31051,0,0,0,0,0,0,0,0,0,0,0,0,0,0,0,0,0
GF11_B6_d71,0.35668,0,0,0,0.4296,73.34129,0,0,25.87243,0,0,0,0,0,0,0,0,0,0,0,0,0,0,0,0,0,0,0,0,0,0,0,0,0,0,0,0,0,0,0,0,0,0,0,0,0,0,0,0,0,0
GF11_B7_d105_colon,5.63129,0,0.01298,0,66.63134,13.98124,0,8.00359,2.00162,0,0,0.14294,0,1.68149,0,0,0,0,0,0,0,0,0,0,0,0,0,0,0,0,0,0,0,1.9135,0,0,0,0,0,0,0,0,0,0,0,0,0,0,0,0,0
GF11_B7_d71,5.95436,0,0,0,1.75825,66.40203,0,0,25.88535,0,0,0,0,0,0,0,0,0,0,0,0,0,0,0,0,0,0,0,0,0,0,0,0,0,0,0,0,0,0,0,0,0,0,0,0,0,0,0,0,0,0
GF11_B7_d73,0,0,0,0,0,0,0,0,0,0,0,0,0,0,0,0,100,0,0,0,0,0,0,0,0,0,0,0,0,0,0,0,0,0,0,0,0,0,0,0,0,0,0,0,0,0,0,0,0,0,0
GF11_B7_d74_colon,12.47745,0,0,0,0,11.7101,0,25.02988,1.02454,0,0.2451,0,0,12.19408,24.99584,0.50813,11.8149,0,0,0,0,0,0,0,0,0,0,0,0,0,0,0,0,0,0,0,0,0,0,0,0,0,0,0,0,0,0,0,0,0,0
GF11_B8_d105_colon,1.34003,0,0.80243,0,60.94963,4.30599,0,26.32516,0.22084,0,0,0,0,6.05592,0,0,0,0,0,0,0,0,0,0,0,0,0,0,0,0,0,0,0,0,0,0,0,0,0,0,0,0,0,0,0,0,0,0,0,0,0
GF11_C1_COLON_D38,0,0,0,0,0,6.98874,0,0,93.01126,0,0,0,0,0,0,0,0,0,0,0,0,0,0,0,0,0,0,0,0,0,0,0,0,0,0,0,0,0,0,0,0,0,0,0,0,0,0,0,0,0,0
GF11_C1_D36,14.37393,5.20414,3.55819,0.44575,0.97039,13.86699,0,0,61.5806,0,0,0,0,0,0,0,0,0,0,0,0,0,0,0,0,0,0,0,0,0,0,0,0,0,0,0,0,0,0,0,0,0,0,0,0,0,0,0,0,0,0
GF11_C1_d71,6.26949,0,0,0,1.23929,0,0,0,92.49122,0,0,0,0,0,0,0,0,0,0,0,0,0,0,0,0,0,0,0,0,0,0,0,0,0,0,0,0,0,0,0,0,0,0,0,0,0,0,0,0,0,0
GF11_C1_d74_colon,41.15151,0,0,0,0,20.13975,0,4.1993,1.15526,0,0,0,0,3.73466,21.69726,0,7.92226,0,0,0,0,0,0,0,0,0,0,0,0,0,0,0,0,0,0,0,0,0,0,0,0,0,0,0,0,0,0,0,0,0,0
GF11_C2_D37,5.52805,0,0,0,0,94.47195,0,0,0,0,0,0,0,0,0,0,0,0,0,0,0,0,0,0,0,0,0,0,0,0,0,0,0,0,0,0,0,0,0,0,0,0,0,0,0,0,0,0,0,0,0
GF11_C2_d71,2.49355,0,0,0,0.80053,0,0,0,96.70592,0,0,0,0,0,0,0,0,0,0,0,0,0,0,0,0,0,0,0,0,0,0,0,0,0,0,0,0,0,0,0,0,0,0,0,0,0,0,0,0,0,0
GF11_C2_d72,3.21062,0,0,0,0.26679,0,0,0,96.52259,0,0,0,0,0,0,0,0,0,0,0,0,0,0,0,0,0,0,0,0,0,0,0,0,0,0,0,0,0,0,0,0,0,0,0,0,0,0,0,0,0,0
GF11_C2_d74_colon,83.7209,0,0,0,0,4.84617,0,0.36642,0.24504,0,0,0,0,0.89374,5.74365,0,4.18408,0,0,0,0,0,0,0,0,0,0,0,0,0,0,0,0,0,0,0,0,0,0,0,0,0,0,0,0,0,0,0,0,0,0
GF11_C3_COLON_D38,0,0,0,0,0,100,0,0,0,0,0,0,0,0,0,0,0,0,0,0,0,0,0,0,0,0,0,0,0,0,0,0,0,0,0,0,0,0,0,0,0,0,0,0,0,0,0,0,0,0,0
GF11_C3_D35,1.35672,0,0,0,0.47489,97.33565,0,0,0.83274,0,0,0,0,0,0,0,0,0,0,0,0,0,0,0,0,0,0,0,0,0,0,0,0,0,0,0,0,0,0,0,0,0,0,0,0,0,0,0,0,0,0
GF11_C3_D36,11.45507,5.11068,2.7557,0.86809,2.32967,58.41538,0,0,18.62506,0,0,0,0,0,0,0,0.44035,0,0,0,0,0,0,0,0,0,0,0,0,0,0,0,0,0,0,0,0,0,0,0,0,0,0,0,0,0,0,0,0,0,0
GF11_C3_d71,0,0,0,0,0,0,0,0,100,0,0,0,0,0,0,0,0,0,0,0,0,0,0,0,0,0,0,0,0,0,0,0,0,0,0,0,0,0,0,0,0,0,0,0,0,0,0,0,0,0,0
GF11_C3_d74_colon,21.15954,0,0,0,0,16.44286,0,13.43452,3.06569,0,0,13.63423,0,32.26317,0,0,0,0,0,0,0,0,0,0,0,0,0,0,0,0,0,0,0,0,0,0,0,0,0,0,0,0,0,0,0,0,0,0,0,0,0
GF11_C4_COLON_D38,0,0,0,0,0,61.86798,0,0,38.13202,0,0,0,0,0,0,0,0,0,0,0,0,0,0,0,0,0,0,0,0,0,0,0,0,0,0,0,0,0,0,0,0,0,0,0,0,0,0,0,0,0,0
GF11_C4_D35,12.65621,0,0,0,3.06099,83.54219,0,0,0.74061,0,0,0,0,0,0,0,0,0,0,0,0,0,0,0,0,0,0,0,0,0,0,0,0,0,0,0,0,0,0,0,0,0,0,0,0,0,0,0,0,0,0
GF11_C4_D36,8.96435,1.18642,0.28275,0,2.23663,64.93938,0,0,22.39048,0,0,0,0,0,0,0,0,0,0,0,0,0,0,0,0,0,0,0,0,0,0,0,0,0,0,0,0,0,0,0,0,0,0,0,0,0,0,0,0,0,0
GF11_C4_d74_colon,0,0,0,0,0,47.53634,0,19.21285,0,0,0,2.12745,0,31.12336,0,0,0,0,0,0,0,0,0,0,0,0,0,0,0,0,0,0,0,0,0,0,0,0,0,0,0,0,0,0,0,0,0,0,0,0,0
GF11_C5_D37,7.53571,0,0,0,0,92.46429,0,0,0,0,0,0,0,0,0,0,0,0,0,0,0,0,0,0,0,0,0,0,0,0,0,0,0,0,0,0,0,0,0,0,0,0,0,0,0,0,0,0,0,0,0
GF11_C5_d71,20.43045,0,0,0,0,0,0,0,79.56955,0,0,0,0,0,0,0,0,0,0,0,0,0,0,0,0,0,0,0,0,0,0,0,0,0,0,0,0,0,0,0,0,0,0,0,0,0,0,0,0,0,0
GF11_C5_d72,21.75682,0,0,0,0.85732,0,0,0,77.38586,0,0,0,0,0,0,0,0,0,0,0,0,0,0,0,0,0,0,0,0,0,0,0,0,0,0,0,0,0,0,0,0,0,0,0,0,0,0,0,0,0,0
GF11_C5_d74_colon,3.71313,0,0,0,0,24.26751,0,13.58829,0.18185,0,1.85633,0,0,2.99954,37.94387,0.2775,14.99302,0,0,0,0.17896,0,0,0,0,0,0,0,0,0,0,0,0,0,0,0,0,0,0,0,0,0,0,0,0,0,0,0,0,0,0
GF11_C6_d71,2.09429,0,0,0,3.97129,0,0,1.77669,91.50065,0,0,0,0,0.65708,0,0,0,0,0,0,0,0,0,0,0,0,0,0,0,0,0,0,0,0,0,0,0,0,0,0,0,0,0,0,0,0,0,0,0,0,0
GF11_C6_d72,2.26374,0,0,0,1.85678,0,0,0,95.11381,0,0,0,0,0.59243,0,0,0.17325,0,0,0,0,0,0,0,0,0,0,0,0,0,0,0,0,0,0,0,0,0,0,0,0,0,0,0,0,0,0,0,0,0,0
GF11_C6_d74_colon,6.53349,0,0,0,0,16.17356,0,46.1113,1.84391,0,0,1.97577,0,27.03912,0,0,0.32284,0,0,0,0,0,0,0,0,0,0,0,0,0,0,0,0,0,0,0,0,0,0,0,0,0,0,0,0,0,0,0,0,0,0
GF11_C7_d71,1.52821,0,0,0,1.9835,0.10491,0,0,96.38338,0,0,0,0,0,0,0,0,0,0,0,0,0,0,0,0,0,0,0,0,0,0,0,0,0,0,0,0,0,0,0,0,0,0,0,0,0,0,0,0,0,0
GF11_C7_d72_colon,0,0,0,0,2.44324,0,0,0,97.55676,0,0,0,0,0,0,0,0,0,0,0,0,0,0,0,0,0,0,0,0,0,0,0,0,0,0,0,0,0,0,0,0,0,0,0,0,0,0,0,0,0,0
GF11_INOC,28.97205,20.55138,10.13899,6.05938,4.33869,9.08919,0,2.21814,4.22588,0,0,0,0,0,0,0,14.40629,0,0,0,0,0,0,0,0,0,0,0,0,0,0,0,0,0,0,0,0,0,0,0,0,0,0,0,0,0,0,0,0,0,0
GF12_A_dam_d21,71.86348,0,0,0,0,0,0,0,0,19.1027,0,0,0,0,0,0,0,0,0,0,0,0,0,0,0,0,0,0,0,0,0,0,0,0,9.03382,0,0,0,0,0,0,0,0,0,0,0,0,0,0,0,0
GF12_A_Dam_d85,1.11385,0,0,0,0,0,0,65.78856,0,0,0,0,0,9.94698,23.15062,0,0,0,0,0,0,0,0,0,0,0,0,0,0,0,0,0,0,0,0,0,0,0,0,0,0,0,0,0,0,0,0,0,0,0,0
GF12_A1_d31,1.20815,0,0,0,0,0,0,0,0,98.79185,0,0,0,0,0,0,0,0,0,0,0,0,0,0,0,0,0,0,0,0,0,0,0,0,0,0,0,0,0,0,0,0,0,0,0,0,0,0,0,0,0
GF12_A1_d76_colon,0.0456,0,0,0,0,0,0,66.0145,0,0,0,0,0,10.72784,23.21206,0,0,0,0,0,0,0,0,0,0,0,0,0,0,0,0,0,0,0,0,0,0,0,0,0,0,0,0,0,0,0,0,0,0,0,0
GF12_A2_d32,59.44316,0,0,0,0,0,0,0,0,40.55684,0,0,0,0,0,0,0,0,0,0,0,0,0,0,0,0,0,0,0,0,0,0,0,0,0,0,0,0,0,0,0,0,0,0,0,0,0,0,0,0,0
GF12_A2_d34_colon,5.49987,0,0,0,0,0,0,0.8049,0,0,1.19189,0,0,0,0,0,92.50334,0,0,0,0,0,0,0,0,0,0,0,0,0,0,0,0,0,0,0,0,0,0,0,0,0,0,0,0,0,0,0,0,0,0
GF12_A2_d76_colon,0.52611,0,0,0,0,0,0,67.70046,0,0,0,0,0,10.52462,21.24882,0,0,0,0,0,0,0,0,0,0,0,0,0,0,0,0,0,0,0,0,0,0,0,0,0,0,0,0,0,0,0,0,0,0,0,0
GF12_A3_d31,90.69378,0,0,0,0,0,0,2.20682,0,6.14758,0,0,0,0.20231,0.74951,0,0,0,0,0,0,0,0,0,0,0,0,0,0,0,0,0,0,0,0,0,0,0,0,0,0,0,0,0,0,0,0,0,0,0,0
GF12_A3_d76_colon,0.86874,0,0,0,0,0,0,43.82935,0,0,0,0,0,12.27416,43.02776,0,0,0,0,0,0,0,0,0,0,0,0,0,0,0,0,0,0,0,0,0,0,0,0,0,0,0,0,0,0,0,0,0,0,0,0
GF12_A4_d31,100,0,0,0,0,0,0,0,0,0,0,0,0,0,0,0,0,0,0,0,0,0,0,0,0,0,0,0,0,0,0,0,0,0,0,0,0,0,0,0,0,0,0,0,0,0,0,0,0,0,0
GF12_A4_d32,93.84476,0,0,0,0,0,0,0,0,6.15524,0,0,0,0,0,0,0,0,0,0,0,0,0,0,0,0,0,0,0,0,0,0,0,0,0,0,0,0,0,0,0,0,0,0,0,0,0,0,0,0,0
GF12_A4_d34_colon,0,0,0,0,0,0,0,1.28705,0,0,0,0,0,98.71295,0,0,0,0,0,0,0,0,0,0,0,0,0,0,0,0,0,0,0,0,0,0,0,0,0,0,0,0,0,0,0,0,0,0,0,0,0
GF12_A4_d76_colon,0,0,0,0,0,0,0,27.35287,0,0,0,0,0,11.57441,61.07272,0,0,0,0,0,0,0,0,0,0,0,0,0,0,0,0,0,0,0,0,0,0,0,0,0,0,0,0,0,0,0,0,0,0,0,0
GF12_A5_d34_colon,0,0,0,0,0,0,0,51.90076,0,0,0,0,0,35.67469,12.42454,0,0,0,0,0,0,0,0,0,0,0,0,0,0,0,0,0,0,0,0,0,0,0,0,0,0,0,0,0,0,0,0,0,0,0,0
GF12_A5_d76_colon,0,0,0,0,0,0,0,82.6031,0,0,0,0,0,4.64644,12.75046,0,0,0,0,0,0,0,0,0,0,0,0,0,0,0,0,0,0,0,0,0,0,0,0,0,0,0,0,0,0,0,0,0,0,0,0
GF12_A6_d76_colon,0.62601,0,0,0,0,0,0,74.34499,0,0,0,0,0,7.86147,17.16753,0,0,0,0,0,0,0,0,0,0,0,0,0,0,0,0,0,0,0,0,0,0,0,0,0,0,0,0,0,0,0,0,0,0,0,0
GF12_A7_d76_colon,0.53086,0,0,0,0,0,0,70.47959,0,0,0,0,0,9.97507,19.01448,0,0,0,0,0,0,0,0,0,0,0,0,0,0,0,0,0,0,0,0,0,0,0,0,0,0,0,0,0,0,0,0,0,0,0,0
GF12_A8_d76_colon,0,0,0,0,0,0,0,72.68966,0,0,0,0,0,6.90353,20.40681,0,0,0,0,0,0,0,0,0,0,0,0,0,0,0,0,0,0,0,0,0,0,0,0,0,0,0,0,0,0,0,0,0,0,0,0
GF12_B1_d79,86.45192,0,0,0,0,0,0,0.35812,0,12.30979,0,0,0,0.88016,0,0,0,0,0,0,0,0,0,0,0,0,0,0,0,0,0,0,0,0,0,0,0,0,0,0,0,0,0,0,0,0,0,0,0,0,0
GF12_B2_d32,99.94988,0,0,0,0,0,0,0,0,0.05012,0,0,0,0,0,0,0,0,0,0,0,0,0,0,0,0,0,0,0,0,0,0,0,0,0,0,0,0,0,0,0,0,0,0,0,0,0,0,0,0,0
GF12_B2_d79,0.35482,0,0,0,0,0,0,3.2596,0,94.25914,0,0,0,2.087,0.03945,0,0,0,0,0,0,0,0,0,0,0,0,0,0,0,0,0,0,0,0,0,0,0,0,0,0,0,0,0,0,0,0,0,0,0,0
GF12_B2_d81,0,0,0,0,0,0,0,0,0,95.82582,0,0,0,0,4.17418,0,0,0,0,0,0,0,0,0,0,0,0,0,0,0,0,0,0,0,0,0,0,0,0,0,0,0,0,0,0,0,0,0,0,0,0
GF12_B2_d82_colon,28.43125,0,0,0,0,0,0,0,0,14.25437,0,0,0,57.31438,0,0,0,0,0,0,0,0,0,0,0,0,0,0,0,0,0,0,0,0,0,0,0,0,0,0,0,0,0,0,0,0,0,0,0,0,0
GF12_B3_d31,0.97743,0,0,0,0,0,0,0,0,99.02257,0,0,0,0,0,0,0,0,0,0,0,0,0,0,0,0,0,0,0,0,0,0,0,0,0,0,0,0,0,0,0,0,0,0,0,0,0,0,0,0,0
GF12_B3_d80,92.92868,0,0,0,0,0,0,0.60275,0,4.88901,0,0,0,1.57956,0,0,0,0,0,0,0,0,0,0,0,0,0,0,0,0,0,0,0,0,0,0,0,0,0,0,0,0,0,0,0,0,0,0,0,0,0
GF12_B4_d31,97.76713,0,0,0,0,0,0,0,0,2.23287,0,0,0,0,0,0,0,0,0,0,0,0,0,0,0,0,0,0,0,0,0,0,0,0,0,0,0,0,0,0,0,0,0,0,0,0,0,0,0,0,0
GF12_B4_d79,35.98468,0,0,0,0,0,0,0.40556,0,61.2624,0,0,0,2.34736,0,0,0,0,0,0,0,0,0,0,0,0,0,0,0,0,0,0,0,0,0,0,0,0,0,0,0,0,0,0,0,0,0,0,0,0,0
GF12_B5_d79,84.08879,0,0,0,0,0,0,0.98211,0,12.88351,0,0,0,2.04559,0,0,0,0,0,0,0,0,0,0,0,0,0,0,0,0,0,0,0,0,0,0,0,0,0,0,0,0,0,0,0,0,0,0,0,0,0
GF12_C1_d79,99.22994,0,0,0,0,0,0,0,0,0,0,0,0,0.77006,0,0,0,0,0,0,0,0,0,0,0,0,0,0,0,0,0,0,0,0,0,0,0,0,0,0,0,0,0,0,0,0,0,0,0,0,0
GF12_C1_d82_colon,6.79165,0,0,0,0,0,0,42.28878,0,0,0,0,0,12.94103,37.97854,0,0,0,0,0,0,0,0,0,0,0,0,0,0,0,0,0,0,0,0,0,0,0,0,0,0,0,0,0,0,0,0,0,0,0,0
GF12_C2_d31,13.87093,0,0,0,0,0,0,0,0,86.12907,0,0,0,0,0,0,0,0,0,0,0,0,0,0,0,0,0,0,0,0,0,0,0,0,0,0,0,0,0,0,0,0,0,0,0,0,0,0,0,0,0
GF12_C2_d79,98.73622,0,0,0,0,0,0,0,0,0,0,0,0,1.26378,0,0,0,0,0,0,0,0,0,0,0,0,0,0,0,0,0,0,0,0,0,0,0,0,0,0,0,0,0,0,0,0,0,0,0,0,0
GF12_C3_d31,98.93088,0,0,0,0,0,0,0,0,1.06912,0,0,0,0,0,0,0,0,0,0,0,0,0,0,0,0,0,0,0,0,0,0,0,0,0,0,0,0,0,0,0,0,0,0,0,0,0,0,0,0,0
GF12_C3_d79,75.96874,0,0,0,0,0,0,0,0,24.03126,0,0,0,0,0,0,0,0,0,0,0,0,0,0,0,0,0,0,0,0,0,0,0,0,0,0,0,0,0,0,0,0,0,0,0,0,0,0,0,0,0
GF12_C3_d80_colon,100,0,0,0,0,0,0,0,0,0,0,0,0,0,0,0,0,0,0,0,0,0,0,0,0,0,0,0,0,0,0,0,0,0,0,0,0,0,0,0,0,0,0,0,0,0,0,0,0,0,0
GF12_C4_d31,73.62729,0,0,0,0,0,0,0,0,26.37271,0,0,0,0,0,0,0,0,0,0,0,0,0,0,0,0,0,0,0,0,0,0,0,0,0,0,0,0,0,0,0,0,0,0,0,0,0,0,0,0,0
GF12_C5_d79,0.06961,0,0,0,0,0,0,0.61794,0,98.99758,0,0,0,0.31486,0,0,0,0,0,0,0,0,0,0,0,0,0,0,0,0,0,0,0,0,0,0,0,0,0,0,0,0,0,0,0,0,0,0,0,0,0
GF12_Inoc,59.98855,0,0,0,0,0,0,0,0,40.01145,0,0,0,0,0,0,0,0,0,0,0,0,0,0,0,0,0,0,0,0,0,0,0,0,0,0,0,0,0,0,0,0,0,0,0,0,0,0,0,0,0
GF13_A1_d32,0,0,0,0,0,6.41594,0,0,0,0,0,0,0,0,0,0,93.58406,0,0,0,0,0,0,0,0,0,0,0,0,0,0,0,0,0,0,0,0,0,0,0,0,0,0,0,0,0,0,0,0,0,0
GF13_A1_d34,0,0,0,0,0,0,0,0,0,0,0,0,0,0,0,0,100,0,0,0,0,0,0,0,0,0,0,0,0,0,0,0,0,0,0,0,0,0,0,0,0,0,0,0,0,0,0,0,0,0,0
GF13_A1_d65_colon,0,0,0,0,0,13.09953,0,18.47174,1.13113,0,0,0,0,11.54224,33.62296,0,22.13241,0,0,0,0,0,0,0,0,0,0,0,0,0,0,0,0,0,0,0,0,0,0,0,0,0,0,0,0,0,0,0,0,0,0
GF13_A10_d65_colon,0,0,0,0,0,11.25737,0,30.52122,1.65775,0,0,0,0,8.66352,32.91305,0,14.9871,0,0,0,0,0,0,0,0,0,0,0,0,0,0,0,0,0,0,0,0,0,0,0,0,0,0,0,0,0,0,0,0,0,0
GF13_A2_d32,0,0,0,0,0,28.32593,0,0,0,0,0,0,0,0,0,0,71.67407,0,0,0,0,0,0,0,0,0,0,0,0,0,0,0,0,0,0,0,0,0,0,0,0,0,0,0,0,0,0,0,0,0,0
GF13_A2_d65_colon,0,0,0,0,0,11.20233,0,17.49567,0.82789,0,0,0,0,10.73627,35.50221,0,24.23563,0,0,0,0,0,0,0,0,0,0,0,0,0,0,0,0,0,0,0,0,0,0,0,0,0,0,0,0,0,0,0,0,0,0
GF13_A3_d32,0,0,0,0,0,57.48794,0,0,0,0,0,0,0,0,0,0,42.51206,0,0,0,0,0,0,0,0,0,0,0,0,0,0,0,0,0,0,0,0,0,0,0,0,0,0,0,0,0,0,0,0,0,0
GF13_A3_d65_colon,0,0,0,0,0,5.72404,0,34.63402,0.45503,0,0,0,0,12.72932,31.02587,0,15.43172,0,0,0,0,0,0,0,0,0,0,0,0,0,0,0,0,0,0,0,0,0,0,0,0,0,0,0,0,0,0,0,0,0,0
GF13_A4_d32,0,0,0,0,0,51.19224,0,0,0,0,0,0,0,0,0,0,48.80776,0,0,0,0,0,0,0,0,0,0,0,0,0,0,0,0,0,0,0,0,0,0,0,0,0,0,0,0,0,0,0,0,0,0
GF13_A4_d65_colon,0,0,0,0,0,17.67645,0,20.35391,0,0,0,0,0,8.73035,45.71067,0,7.52861,0,0,0,0,0,0,0,0,0,0,0,0,0,0,0,0,0,0,0,0,0,0,0,0,0,0,0,0,0,0,0,0,0,0
GF13_A5_d32,0,0,0,0,0,48.3816,0,0,0,0,0,0,0,0,0,0,51.6184,0,0,0,0,0,0,0,0,0,0,0,0,0,0,0,0,0,0,0,0,0,0,0,0,0,0,0,0,0,0,0,0,0,0
GF13_A5_d65_colon,0,0,0,0,0,7.23267,0,34.16631,1.40005,0,0,0,0,15.19731,26.93747,0,15.0662,0,0,0,0,0,0,0,0,0,0,0,0,0,0,0,0,0,0,0,0,0,0,0,0,0,0,0,0,0,0,0,0,0,0
GF13_A6_d32,0,0,0,0,0,90.86591,0,0,0,0,0,0,0,0,0,0,9.13409,0,0,0,0,0,0,0,0,0,0,0,0,0,0,0,0,0,0,0,0,0,0,0,0,0,0,0,0,0,0,0,0,0,0
GF13_A6_d34,0,0,0,0,0,94.17294,0,0,0,0,0,0,0,0,0,0,5.82706,0,0,0,0,0,0,0,0,0,0,0,0,0,0,0,0,0,0,0,0,0,0,0,0,0,0,0,0,0,0,0,0,0,0
GF13_A6_d65_colon,0,0,0,0,0,12.85583,0,28.78325,0.42754,0,0,0,0,11.09343,28.21466,0,18.62529,0,0,0,0,0,0,0,0,0,0,0,0,0,0,0,0,0,0,0,0,0,0,0,0,0,0,0,0,0,0,0,0,0,0
GF13_A7_d65_colon,0,0,0,0,0,9.43074,0,36.42192,0,0,0,0,0,8.71911,29.60094,0,15.82729,0,0,0,0,0,0,0,0,0,0,0,0,0,0,0,0,0,0,0,0,0,0,0,0,0,0,0,0,0,0,0,0,0,0
GF13_A8_d65_colon,0,0,0,0,0,10.04931,0,28.8297,0,0,0,0,0,7.91082,37.10935,0,16.10083,0,0,0,0,0,0,0,0,0,0,0,0,0,0,0,0,0,0,0,0,0,0,0,0,0,0,0,0,0,0,0,0,0,0
GF13_A9_d65_colon,0,0,0,0,0,7.55066,0,31.10729,0.48758,0,0,0,0,12.59396,34.25505,0,14.00545,0,0,0,0,0,0,0,0,0,0,0,0,0,0,0,0,0,0,0,0,0,0,0,0,0,0,0,0,0,0,0,0,0,0
GF13_B1_d32,0,0,0,0,0,85.88678,0,0,0,0,0,0,0,0,0,0,14.11322,0,0,0,0,0,0,0,0,0,0,0,0,0,0,0,0,0,0,0,0,0,0,0,0,0,0,0,0,0,0,0,0,0,0
GF13_B1_d65_colon,0,0,0,0,0,0,0,0,0,0,0,0,0,0,0,0,100,0,0,0,0,0,0,0,0,0,0,0,0,0,0,0,0,0,0,0,0,0,0,0,0,0,0,0,0,0,0,0,0,0,0
GF13_B2_d32,0,0,0,0,0,60.28888,0,0,0,0,0,0,0,0,0,0,39.71112,0,0,0,0,0,0,0,0,0,0,0,0,0,0,0,0,0,0,0,0,0,0,0,0,0,0,0,0,0,0,0,0,0,0
GF13_B2_d35_colon,0,0,0,0,0,34.30007,0,28.81742,0,0,0,0,0,15.35346,11.93308,0,9.59596,0,0,0,0,0,0,0,0,0,0,0,0,0,0,0,0,0,0,0,0,0,0,0,0,0,0,0,0,0,0,0,0,0,0
GF13_B3_d32,0,0,0,0,0,80.39333,0,0,0,0,0,0,0,0,0,0,19.60667,0,0,0,0,0,0,0,0,0,0,0,0,0,0,0,0,0,0,0,0,0,0,0,0,0,0,0,0,0,0,0,0,0,0
GF13_B3_d34,0,0,0,0,0,70.10159,0,3.8673,0,0,0,0,0,1.40759,0,0,24.62352,0,0,0,0,0,0,0,0,0,0,0,0,0,0,0,0,0,0,0,0,0,0,0,0,0,0,0,0,0,0,0,0,0,0
GF13_B3_d35_colon,0,0,0,0,0,15.51738,0,39.46566,0,0,0,0,0,24.49256,17.74631,0,2.77809,0,0,0,0,0,0,0,0,0,0,0,0,0,0,0,0,0,0,0,0,0,0,0,0,0,0,0,0,0,0,0,0,0,0
GF13_B3_d65_colon,0,0,0,0,0,0,0,0,0,0,0,0,0,0,0,0,100,0,0,0,0,0,0,0,0,0,0,0,0,0,0,0,0,0,0,0,0,0,0,0,0,0,0,0,0,0,0,0,0,0,0
GF13_B4_d32,0,0,0,0,0,85.45056,0,0,0.06243,0,0,0,0,0,0,0,14.48701,0,0,0,0,0,0,0,0,0,0,0,0,0,0,0,0,0,0,0,0,0,0,0,0,0,0,0,0,0,0,0,0,0,0
GF13_B4_d35_colon,0,0,0,0,0,15.93094,0,24.17791,0,0,0,0,0,15.8339,18.37252,0,25.68473,0,0,0,0,0,0,0,0,0,0,0,0,0,0,0,0,0,0,0,0,0,0,0,0,0,0,0,0,0,0,0,0,0,0
GF13_B5_d32,0,0,0,0,0,79.54588,0,0,0,0,0,0,0,0,0,0,20.45412,0,0,0,0,0,0,0,0,0,0,0,0,0,0,0,0,0,0,0,0,0,0,0,0,0,0,0,0,0,0,0,0,0,0
GF13_B5_d35_colon,0,0,0,0,0,21.21947,0,11.21551,0,0,0,0,0,21.27955,2.21573,0,44.06973,0,0,0,0,0,0,0,0,0,0,0,0,0,0,0,0,0,0,0,0,0,0,0,0,0,0,0,0,0,0,0,0,0,0
GF13_B5_d65_colon,0,0,0,0,0,0,0,0,0,0,0,0,0,0,0,0,100,0,0,0,0,0,0,0,0,0,0,0,0,0,0,0,0,0,0,0,0,0,0,0,0,0,0,0,0,0,0,0,0,0,0
GF13_B8_d65_colon,0,0,0,0,0,96.20381,0,0,0,0,0,0,0,3.79619,0,0,0,0,0,0,0,0,0,0,0,0,0,0,0,0,0,0,0,0,0,0,0,0,0,0,0,0,0,0,0,0,0,0,0,0,0
GF13_B9_d65_colon,0,0,0,0,0,100,0,0,0,0,0,0,0,0,0,0,0,0,0,0,0,0,0,0,0,0,0,0,0,0,0,0,0,0,0,0,0,0,0,0,0,0,0,0,0,0,0,0,0,0,0
GF13_inoc_200118,0,0,0,0,0,21.85085,0,0,6.01357,66.7195,0,0,0,0,0,0,0.22116,0,0,5.19493,0,0,0,0,0,0,0,0,0,0,0,0,0,0,0,0,0,0,0,0,0,0,0,0,0,0,0,0,0,0,0
GF14_A_d66_stool,7.49888,0,7.4567,0.50445,0,2.3194,0,54.31242,0,0,0,0,0,4.84714,17.46406,3.59906,1.99791,0,0,0,0,0,0,0,0,0,0,0,0,0,0,0,0,0,0,0,0,0,0,0,0,0,0,0,0,0,0,0,0,0,0
GF14_A_Dam_d21,3.24742,0,0,0,0,0.71898,0,50.88421,5.12778,0,0,0,0,14.93126,22.30588,2.17038,0.6141,0,0,0,0,0,0,0,0,0,0,0,0,0,0,0,0,0,0,0,0,0,0,0,0,0,0,0,0,0,0,0,0,0,0
GF14_A1_d32,2.71973,0,0,0,0,0.20032,0,1.6728,0,0,0,0,0,1.65719,0.76575,0,92.98421,0,0,0,0,0,0,0,0,0,0,0,0,0,0,0,0,0,0,0,0,0,0,0,0,0,0,0,0,0,0,0,0,0,0
GF14_A1_d35_colon,0,0,0,0,0,0,0,0,0,0,0,0,0,0,0,0,100,0,0,0,0,0,0,0,0,0,0,0,0,0,0,0,0,0,0,0,0,0,0,0,0,0,0,0,0,0,0,0,0,0,0
GF14_A1_d94_stool,2.99274,0,0,0.00591,0,0.96361,0,1.00582,0,0,0,0,0,0.68133,0,0.27565,94.07494,0,0,0,0,0,0,0,0,0,0,0,0,0,0,0,0,0,0,0,0,0,0,0,0,0,0,0,0,0,0,0,0,0,0
GF14_A1_d95_stool,2.80689,0,0,0.23698,0,22.98878,0,4.00594,0,0,0,0,0,1.6277,0.4889,0,67.84481,0,0,0,0,0,0,0,0,0,0,0,0,0,0,0,0,0,0,0,0,0,0,0,0,0,0,0,0,0,0,0,0,0,0
GF14_a1_d97_colon,0,0,0,0,0,0,0,0,0,0,0,0,0,0,0,0,100,0,0,0,0,0,0,0,0,0,0,0,0,0,0,0,0,0,0,0,0,0,0,0,0,0,0,0,0,0,0,0,0,0,0
GF14_A2_d32,3.23575,0,0,0,0,0,0,0.92994,0,0,0,0,0,1.36774,0,0,94.46657,0,0,0,0,0,0,0,0,0,0,0,0,0,0,0,0,0,0,0,0,0,0,0,0,0,0,0,0,0,0,0,0,0,0
GF14_A2_d33,2.88683,0,0,0,0,0,0,1.99862,0,0,0,0,0,1.20038,0,0,93.91418,0,0,0,0,0,0,0,0,0,0,0,0,0,0,0,0,0,0,0,0,0,0,0,0,0,0,0,0,0,0,0,0,0,0
GF14_A2_d35_colon,0,0,0,0,0,0,0,0,0,0,0,0,0,0,0,0,100,0,0,0,0,0,0,0,0,0,0,0,0,0,0,0,0,0,0,0,0,0,0,0,0,0,0,0,0,0,0,0,0,0,0
GF14_A2_d94_stool,0.08494,0,0,0,0,89.80331,0,0,0,0,0,0,0,0,0,0,10.11175,0,0,0,0,0,0,0,0,0,0,0,0,0,0,0,0,0,0,0,0,0,0,0,0,0,0,0,0,0,0,0,0,0,0
GF14_A2_d96_16_stool,0,0,0,0,0,0,0,0,0,0,0,0,0,0,0,0,100,0,0,0,0,0,0,0,0,0,0,0,0,0,0,0,0,0,0,0,0,0,0,0,0,0,0,0,0,0,0,0,0,0,0
GF14_a2_d97_colon,0,0,0,0,0,0,0,0,0,0,0,0,0,0,0,0,99.89767,0,0,0,0,0,0,0,0,0,0,0,0,0,0,0,0,0,0.10233,0,0,0,0,0,0,0,0,0,0,0,0,0,0,0,0
GF14_A3_d32,3.46083,0,0,0,0,0.11032,0,3.71472,0,0,0,0,0,1.6752,0.28614,0,90.7528,0,0,0,0,0,0,0,0,0,0,0,0,0,0,0,0,0,0,0,0,0,0,0,0,0,0,0,0,0,0,0,0,0,0
GF14_A3_d35_colon,0,0,0,0,0,0,0,0,0,0,0,0,0,0,0,0,100,0,0,0,0,0,0,0,0,0,0,0,0,0,0,0,0,0,0,0,0,0,0,0,0,0,0,0,0,0,0,0,0,0,0
GF14_a3_d97_colon,0,0,0,0,0,0,0,0,0,0,0,0,0,0,0,0,100,0,0,0,0,0,0,0,0,0,0,0,0,0,0,0,0,0,0,0,0,0,0,0,0,0,0,0,0,0,0,0,0,0,0
GF14_A4_d32,0.65815,0,0,0,0,65.9366,0,0,0,0,0,0,0,0.44768,0,15.94207,17.0155,0,0,0,0,0,0,0,0,0,0,0,0,0,0,0,0,0,0,0,0,0,0,0,0,0,0,0,0,0,0,0,0,0,0
GF14_A4_d33,0,0,0,0,0,0,0,0,100,0,0,0,0,0,0,0,0,0,0,0,0,0,0,0,0,0,0,0,0,0,0,0,0,0,0,0,0,0,0,0,0,0,0,0,0,0,0,0,0,0,0
GF14_A4_d34,0,0,0,0,0,0,0,0,0,0,0,0,0,0,100,0,0,0,0,0,0,0,0,0,0,0,0,0,0,0,0,0,0,0,0,0,0,0,0,0,0,0,0,0,0,0,0,0,0,0,0
GF14_A4_d35_colon,0,0,0,0,0,0,0,0,0,0,0,0,0,0,0,0,100,0,0,0,0,0,0,0,0,0,0,0,0,0,0,0,0,0,0,0,0,0,0,0,0,0,0,0,0,0,0,0,0,0,0
GF14_A4_d94_stool,0.55803,0,0,0,0,91.86665,0,0,0,0,0,0,0,0.17085,0,0,7.40446,0,0,0,0,0,0,0,0,0,0,0,0,0,0,0,0,0,0,0,0,0,0,0,0,0,0,0,0,0,0,0,0,0,0
GF14_A4_d95_stool,1.88787,0,0,0,0,92.69201,0,0,0,0,0,0,0,0.91725,0,0,4.50287,0,0,0,0,0,0,0,0,0,0,0,0,0,0,0,0,0,0,0,0,0,0,0,0,0,0,0,0,0,0,0,0,0,0
GF14_a4_d97_colon,0,0,0,0,0,0,0,0,0,0,0,0,0,0,0,0,100,0,0,0,0,0,0,0,0,0,0,0,0,0,0,0,0,0,0,0,0,0,0,0,0,0,0,0,0,0,0,0,0,0,0
GF14_A5_d32,2.06992,0,0,0,0,73.70894,0,0,0,0,0,0,0,0.91964,0,0,23.3015,0,0,0,0,0,0,0,0,0,0,0,0,0,0,0,0,0,0,0,0,0,0,0,0,0,0,0,0,0,0,0,0,0,0
GF14_A5_d35_colon,0,0,0,0,0,0,0,0,0,0,0,0,0,0,0,0,100,0,0,0,0,0,0,0,0,0,0,0,0,0,0,0,0,0,0,0,0,0,0,0,0,0,0,0,0,0,0,0,0,0,0
GF14_A5_d94_stool,0.46952,0,0,0,0,93.19065,0,0,0,0,0,0,0,0.05525,0,0,6.28458,0,0,0,0,0,0,0,0,0,0,0,0,0,0,0,0,0,0,0,0,0,0,0,0,0,0,0,0,0,0,0,0,0,0
GF14_A5_d96_16_stool,2.7084,0,0,0,0,90.38569,0,2.55127,0,0,0,0,0,1.26719,0,0,3.08745,0,0,0,0,0,0,0,0,0,0,0,0,0,0,0,0,0,0,0,0,0,0,0,0,0,0,0,0,0,0,0,0,0,0
GF14_A5_d96_stool,3.71285,0,0,0,0,91.0931,0,0.01665,0,0,0,0,0,1.14471,0,0,4.03269,0,0,0,0,0,0,0,0,0,0,0,0,0,0,0,0,0,0,0,0,0,0,0,0,0,0,0,0,0,0,0,0,0,0
GF14_a5_d97_colon,0,0,0,0,0,0,0,0,0,0,0,20.85418,0,0,0,0,79.14582,0,0,0,0,0,0,0,0,0,0,0,0,0,0,0,0,0,0,0,0,0,0,0,0,0,0,0,0,0,0,0,0,0,0
GF14_A6_d34_colon,0,0,0,0,0,42.49067,0,0.29983,0,0,0,0,0,0,2.13427,0,55.07523,0,0,0,0,0,0,0,0,0,0,0,0,0,0,0,0,0,0,0,0,0,0,0,0,0,0,0,0,0,0,0,0,0,0
GF14_A6_d94_stool,0.20431,0,0,0,0,0.8105,0,0,0,0,0,0,0,0.31496,0,0,98.67023,0,0,0,0,0,0,0,0,0,0,0,0,0,0,0,0,0,0,0,0,0,0,0,0,0,0,0,0,0,0,0,0,0,0
GF14_A6_d95_stool,5.30356,0,0,0.02022,0,1.26694,0,1.18258,0,0,0,0,0,1.90467,0,0,90.32203,0,0,0,0,0,0,0,0,0,0,0,0,0,0,0,0,0,0,0,0,0,0,0,0,0,0,0,0,0,0,0,0,0,0
GF14_A6_d96_16_stool,7.27114,0,0,0,0,2.69527,0,3.14374,0,0,0,0,0,2.93432,0,0,83.95552,0,0,0,0,0,0,0,0,0,0,0,0,0,0,0,0,0,0,0,0,0,0,0,0,0,0,0,0,0,0,0,0,0,0
GF14_a6_d97_colon,0,0,0,0,0,0,0,0,0,0,0,0,0,0,0,0,100,0,0,0,0,0,0,0,0,0,0,0,0,0,0,0,0,0,0,0,0,0,0,0,0,0,0,0,0,0,0,0,0,0,0
GF14_A7_d32,1.82126,0,0,0,0,84.02281,0,0.04273,0,0,0,0,0,0.75899,0,0,13.35421,0,0,0,0,0,0,0,0,0,0,0,0,0,0,0,0,0,0,0,0,0,0,0,0,0,0,0,0,0,0,0,0,0,0
GF14_A7_d34,0,0,0,0,0,0,0,0,0,0,0,0,0,0,0,0,100,0,0,0,0,0,0,0,0,0,0,0,0,0,0,0,0,0,0,0,0,0,0,0,0,0,0,0,0,0,0,0,0,0,0
GF14_A7_d35_colon,0,0,0,0,0,0,0,0,0,0,0,0,0,0,0,0,100,0,0,0,0,0,0,0,0,0,0,0,0,0,0,0,0,0,0,0,0,0,0,0,0,0,0,0,0,0,0,0,0,0,0
GF14_A7_d94_stool,1.47639,0,0,0,0,0.81988,0,0,0,0,0,0,0,0.23331,0,0,97.47042,0,0,0,0,0,0,0,0,0,0,0,0,0,0,0,0,0,0,0,0,0,0,0,0,0,0,0,0,0,0,0,0,0,0
GF14_A7_d95_stool,3.49862,0,0,0.06908,0,0,0,0,0,0,0,0,0,0.43687,0,0,95.99543,0,0,0,0,0,0,0,0,0,0,0,0,0,0,0,0,0,0,0,0,0,0,0,0,0,0,0,0,0,0,0,0,0,0
GF14_a7_d97_colon,0,0,0,0,0,0,0,0,0,0,0,0,0,0,0,0,100,0,0,0,0,0,0,0,0,0,0,0,0,0,0,0,0,0,0,0,0,0,0,0,0,0,0,0,0,0,0,0,0,0,0
GF14_A8_d94_stool,1.21742,0,0,0,0,0.45838,0,0.53312,0,0,0,0,0,0.33258,0,0,97.4585,0,0,0,0,0,0,0,0,0,0,0,0,0,0,0,0,0,0,0,0,0,0,0,0,0,0,0,0,0,0,0,0,0,0
GF14_A8_d96_16_stool,5.75819,0,0,0,0,5.29386,0,3.78781,0,0,0,0,0,2.316,0,0,82.84414,0,0,0,0,0,0,0,0,0,0,0,0,0,0,0,0,0,0,0,0,0,0,0,0,0,0,0,0,0,0,0,0,0,0
GF14_A8_d96_stool,4.85701,0,0,0.31565,0,2.36011,0,0.28418,0,0,0,0,0,1.56016,0,0,90.62289,0,0,0,0,0,0,0,0,0,0,0,0,0,0,0,0,0,0,0,0,0,0,0,0,0,0,0,0,0,0,0,0,0,0
GF14_a8_d97_colon,0,0,0,0,0,0,0,0,0,0,0,0,0,0,0,0,100,0,0,0,0,0,0,0,0,0,0,0,0,0,0,0,0,0,0,0,0,0,0,0,0,0,0,0,0,0,0,0,0,0,0
GF14_Adam_d18_stool,6.77855,0,0,0.87973,0,0.22083,0,42.8017,9.7442,0,0,0,0,4.58181,26.91145,3.98759,4.09415,0,0,0,0,0,0,0,0,0,0,0,0,0,0,0,0,0,0,0,0,0,0,0,0,0,0,0,0,0,0,0,0,0,0
GF14_Adam_d5_stool,5.1,0,0,0.668,0,0.38764,0,61.62178,1.82417,0,0,0,0,2.22822,16.39493,2.89289,8.88237,0,0,0,0,0,0,0,0,0,0,0,0,0,0,0,0,0,0,0,0,0,0,0,0,0,0,0,0,0,0,0,0,0,0
GF14_Adam_d51_stool,6.03345,0,0,0,0,3.79682,0,49.10988,3.18882,0,0,0,0,4.57454,27.62716,3.28313,2.3862,0,0,0,0,0,0,0,0,0,0,0,0,0,0,0,0,0,0,0,0,0,0,0,0,0,0,0,0,0,0,0,0,0,0
GF14_Adam_d59_stool,6.21892,0,0,0.38067,0,1.41533,0,57.79272,6.12747,0,0,0,0,5.32832,18.08584,2.87529,1.77543,0,0,0,0,0,0,0,0,0,0,0,0,0,0,0,0,0,0,0,0,0,0,0,0,0,0,0,0,0,0,0,0,0,0
GF14_Adam_d78_stool,6.5562,0,0,0,0,1.14628,0,40.03623,2.53451,0,0,0,0,6.94034,35.02377,4.35172,3.41095,0,0,0,0,0,0,0,0,0,0,0,0,0,0,0,0,0,0,0,0,0,0,0,0,0,0,0,0,0,0,0,0,0,0
GF14_Adam_d9_stool,3.52683,0,0,0.00354,0,1.06483,0,46.59312,3.1823,0,0,0,0,4.39667,17.95051,3.62835,19.65387,0,0,0,0,0,0,0,0,0,0,0,0,0,0,0,0,0,0,0,0,0,0,0,0,0,0,0,0,0,0,0,0,0,0
GF14_B_d66_stool,5.73874,0,0,0,0,1.68081,0,40.5898,2.8771,0,0,0,0,7.63244,35.24264,2.07501,4.16346,0,0,0,0,0,0,0,0,0,0,0,0,0,0,0,0,0,0,0,0,0,0,0,0,0,0,0,0,0,0,0,0,0,0
GF14_B_d78_stool,4.43228,0,0,0,0,1.77939,0,38.89998,2.29491,0,0,0,0,8.74136,39.48616,2.4339,1.93202,0,0,0,0,0,0,0,0,0,0,0,0,0,0,0,0,0,0,0,0,0,0,0,0,0,0,0,0,0,0,0,0,0,0
GF14_b1_d95_colon,0,0,0,0,0,0,0,0,14.82152,0,0,0,0,0,0,0,85.17848,0,0,0,0,0,0,0,0,0,0,0,0,0,0,0,0,0,0,0,0,0,0,0,0,0,0,0,0,0,0,0,0,0,0
GF14_b2_d95_colon,5.94076,0,0,0,0,0.33213,0,12.35318,8.87543,0,0,0,0,11.51013,37.69838,0,23.28999,0,0,0,0,0,0,0,0,0,0,0,0,0,0,0,0,0,0,0,0,0,0,0,0,0,0,0,0,0,0,0,0,0,0
GF14_b3_d95_colon,0,0,0,0,0,0,0,32.47775,18.22058,0,0,0,0,10.65972,8.63203,0,30.00992,0,0,0,0,0,0,0,0,0,0,0,0,0,0,0,0,0,0,0,0,0,0,0,0,0,0,0,0,0,0,0,0,0,0
GF14_Bdam_d18_stool,9.03343,0,0,0.75837,0,2.17811,0,41.58484,3.66272,0,0,0,0,9.91037,23.43233,6.96416,2.47569,0,0,0,0,0,0,0,0,0,0,0,0,0,0,0,0,0,0,0,0,0,0,0,0,0,0,0,0,0,0,0,0,0,0
GF14_Bdam_d5_stool,6.94894,0,0,0,0,2.42968,0,29.60438,4.08463,0,0,0,0,3.17737,30.35385,2.4707,20.93046,0,0,0,0,0,0,0,0,0,0,0,0,0,0,0,0,0,0,0,0,0,0,0,0,0,0,0,0,0,0,0,0,0,0
GF14_Bdam_d51_stool,7.37848,0,0,0,0,2.79259,0,42.74403,5.16795,0,0,0,0,3.1977,28.53039,1.80524,8.38361,0,0,0,0,0,0,0,0,0,0,0,0,0,0,0,0,0,0,0,0,0,0,0,0,0,0,0,0,0,0,0,0,0,0
GF14_Bdam_d59_stool,5.20796,0,0,0,0,1.04095,0,48.3813,3.16117,0,0,0,0,9.68139,27.14232,1.09234,4.29257,0,0,0,0,0,0,0,0,0,0,0,0,0,0,0,0,0,0,0,0,0,0,0,0,0,0,0,0,0,0,0,0,0,0
GF14_Bdam_d9_stool,8.90012,0,0,0.01433,0,2.91095,0,50.00452,3.68125,0,0,0,0,5.56272,16.34638,2.65755,9.92219,0,0,0,0,0,0,0,0,0,0,0,0,0,0,0,0,0,0,0,0,0,0,0,0,0,0,0,0,0,0,0,0,0,0
GF14_C_d66_stool,7.21346,0,7.84573,0.65364,0,1.64272,0,24.62136,5.67669,0,0,0,0,2.14018,39.7526,3.9221,6.53152,0,0,0,0,0,0,0,0,0,0,0,0,0,0,0,0,0,0,0,0,0,0,0,0,0,0,0,0,0,0,0,0,0,0
GF14_c_d78_stool,5.29997,0,4.35464,0,0,0.49201,0,38.07421,3.70727,0,0,0,0,5.49967,36.15565,3.00886,3.40772,0,0,0,0,0,0,0,0,0,0,0,0,0,0,0,0,0,0,0,0,0,0,0,0,0,0,0,0,0,0,0,0,0,0
GF14_c1_d130_colon,0.33654,0,0,0,0,0,0,0,0.86219,0,0,0,0,0.23102,0,0,98.57025,0,0,0,0,0,0,0,0,0,0,0,0,0,0,0,0,0,0,0,0,0,0,0,0,0,0,0,0,0,0,0,0,0,0
GF14_c2_d130_colon,0.16994,0,0,0,0,55.20435,0,0,0,0,0,0,0,0,0,3.4312,41.1945,0,0,0,0,0,0,0,0,0,0,0,0,0,0,0,0,0,0,0,0,0,0,0,0,0,0,0,0,0,0,0,0,0,0
GF14_c3_d130_colon,0.03334,0,0,0,0,0,0,0,0,0,0,0,0,0,0,0,99.96666,0,0,0,0,0,0,0,0,0,0,0,0,0,0,0,0,0,0,0,0,0,0,0,0,0,0,0,0,0,0,0,0,0,0
GF14_Cdam_d18_stool,6.1202,0,5.58039,0.0235,0,0.32296,0,32.7715,5.14522,0,0,0,0,10.31021,35.31689,2.84631,1.56284,0,0,0,0,0,0,0,0,0,0,0,0,0,0,0,0,0,0,0,0,0,0,0,0,0,0,0,0,0,0,0,0,0,0
GF14_cdam_d5_stool,9.95007,0,0,0.01807,0,1.17537,0,44.73751,1.15579,0,0,0,0,8.31171,17.50428,8.57699,8.57021,0,0,0,0,0,0,0,0,0,0,0,0,0,0,0,0,0,0,0,0,0,0,0,0,0,0,0,0,0,0,0,0,0,0
GF14_Cdam_d51_stool,6.12291,0,1.52863,0.5365,0,2.16577,0,32.40084,4.57636,0,0,0,0,3.8338,42.7824,2.21572,3.83708,0,0,0,0,0,0,0,0,0,0,0,0,0,0,0,0,0,0,0,0,0,0,0,0,0,0,0,0,0,0,0,0,0,0
GF14_Cdam_d59_stool,4.19106,0,3.0847,0.27361,0,0,0,51.27871,1.6078,0,0,0,0,4.07586,28.73868,3.8904,2.85918,0,0,0,0,0,0,0,0,0,0,0,0,0,0,0,0,0,0,0,0,0,0,0,0,0,0,0,0,0,0,0,0,0,0
GF14_Cdam_d9_stool,10.76301,0,0.31647,0.81865,0,1.91459,0,37.88167,1.69758,0,0,0,0,5.58936,25.97501,6.81397,8.22969,0,0,0,0,0,0,0,0,0,0,0,0,0,0,0,0,0,0,0,0,0,0,0,0,0,0,0,0,0,0,0,0,0,0
GF14_d67_A1_stool,0.18321,0,0,0,0,91.05926,0,0,0,0,0,0,0,0,0,3.98301,4.77452,0,0,0,0,0,0,0,0,0,0,0,0,0,0,0,0,0,0,0,0,0,0,0,0,0,0,0,0,0,0,0,0,0,0
GF14_d67_A3_stool,0,0,0,0,0,1.13697,0,0,0,0,0,0,0,0,0,0,98.86303,0,0,0,0,0,0,0,0,0,0,0,0,0,0,0,0,0,0,0,0,0,0,0,0,0,0,0,0,0,0,0,0,0,0
GF14_d67_A4_stool,0,0,0,0,0,94.36448,0,0,0,0,0,0,0,0,0,0.83479,4.80073,0,0,0,0,0,0,0,0,0,0,0,0,0,0,0,0,0,0,0,0,0,0,0,0,0,0,0,0,0,0,0,0,0,0
GF14_d67_A5_stool,0,0,0,0,0,85.66894,0,0,0,0,0,0,0,0,0,0,14.33106,0,0,0,0,0,0,0,0,0,0,0,0,0,0,0,0,0,0,0,0,0,0,0,0,0,0,0,0,0,0,0,0,0,0
GF14_d67_A6_stool,0,0,0,0,0,78.06378,0,0,0,0,0,0,0,0,0,7.70045,14.23577,0,0,0,0,0,0,0,0,0,0,0,0,0,0,0,0,0,0,0,0,0,0,0,0,0,0,0,0,0,0,0,0,0,0
GF14_d67_A7_stool,0,0,0,0,0,24.27893,0,0,0,0,0,0,0,0,0,42.69009,33.03098,0,0,0,0,0,0,0,0,0,0,0,0,0,0,0,0,0,0,0,0,0,0,0,0,0,0,0,0,0,0,0,0,0,0
GF14_d67_A8_stool,0,0,0,0,0,41.77769,0,0,0,0,0,0,0,0,0,0,58.22231,0,0,0,0,0,0,0,0,0,0,0,0,0,0,0,0,0,0,0,0,0,0,0,0,0,0,0,0,0,0,0,0,0,0
GF14_d67_A9_stool,0,0,0,0,0,95.46428,0,0,0,0,0,0,0,0,0,0,4.53572,0,0,0,0,0,0,0,0,0,0,0,0,0,0,0,0,0,0,0,0,0,0,0,0,0,0,0,0,0,0,0,0,0,0
GF14_d68_A1_colon,0,0,0,0,0,100,0,0,0,0,0,0,0,0,0,0,0,0,0,0,0,0,0,0,0,0,0,0,0,0,0,0,0,0,0,0,0,0,0,0,0,0,0,0,0,0,0,0,0,0,0
GF14_d68_A10_colon,0.58004,0,0,0,0,92.29811,0,0,0,0,0,0,0,0.15921,0,0,6.96264,0,0,0,0,0,0,0,0,0,0,0,0,0,0,0,0,0,0,0,0,0,0,0,0,0,0,0,0,0,0,0,0,0,0
GF14_d68_A2_colon,0,0,0,0,0,60.59554,0,0,0,0,0,0,0,0,0,0,39.40446,0,0,0,0,0,0,0,0,0,0,0,0,0,0,0,0,0,0,0,0,0,0,0,0,0,0,0,0,0,0,0,0,0,0
GF14_d68_A3_colon,0,0,0,0,0,35.21129,0,0,0,0,0,0,0,0,0,0,64.78871,0,0,0,0,0,0,0,0,0,0,0,0,0,0,0,0,0,0,0,0,0,0,0,0,0,0,0,0,0,0,0,0,0,0
GF14_d68_A4_colon,1.28748,0,0,0,0,93.99436,0,0,0,0,0,0,0,0,0,0.70428,4.01388,0,0,0,0,0,0,0,0,0,0,0,0,0,0,0,0,0,0,0,0,0,0,0,0,0,0,0,0,0,0,0,0,0,0
GF14_d68_A5_colon,0,0,0,0,0,90.44944,0,0,0,0,0,0,0,0,0,3.09889,6.45167,0,0,0,0,0,0,0,0,0,0,0,0,0,0,0,0,0,0,0,0,0,0,0,0,0,0,0,0,0,0,0,0,0,0
GF14_d68_A6_colon,0,0,0,0,0,100,0,0,0,0,0,0,0,0,0,0,0,0,0,0,0,0,0,0,0,0,0,0,0,0,0,0,0,0,0,0,0,0,0,0,0,0,0,0,0,0,0,0,0,0,0
GF14_d68_A7_colon,0,0,0,0,0,65.28104,0,0,0,0,0,0,0,0,0,19.47776,15.2412,0,0,0,0,0,0,0,0,0,0,0,0,0,0,0,0,0,0,0,0,0,0,0,0,0,0,0,0,0,0,0,0,0,0
GF14_d68_A8_colon,0,0,0,0,0,100,0,0,0,0,0,0,0,0,0,0,0,0,0,0,0,0,0,0,0,0,0,0,0,0,0,0,0,0,0,0,0,0,0,0,0,0,0,0,0,0,0,0,0,0,0
GF14_d68_A9_colon,0,0,0,0,0,100,0,0,0,0,0,0,0,0,0,0,0,0,0,0,0,0,0,0,0,0,0,0,0,0,0,0,0,0,0,0,0,0,0,0,0,0,0,0,0,0,0,0,0,0,0
GF14_d89_B1_stool,3.04599,0,0,0,0,0,0,0,0,0,0,0,0,0.94362,0,0,96.01039,0,0,0,0,0,0,0,0,0,0,0,0,0,0,0,0,0,0,0,0,0,0,0,0,0,0,0,0,0,0,0,0,0,0
GF14_d89_B2_stool,1.35039,0,0,0,0,0.93512,0,0,0,0,0,0,0,1.08379,0,0,96.6307,0,0,0,0,0,0,0,0,0,0,0,0,0,0,0,0,0,0,0,0,0,0,0,0,0,0,0,0,0,0,0,0,0,0
GF14_d89_B3_stool,1.33721,0,0,0,0,0,0,0,45.47815,0,0,0,0,1.18606,0,0,51.99858,0,0,0,0,0,0,0,0,0,0,0,0,0,0,0,0,0,0,0,0,0,0,0,0,0,0,0,0,0,0,0,0,0,0
GF14_d90_B2_stool,3.39684,0,0,0,0,0.9488,0,0,0,0,0,0,0,1.0316,0,0,94.62276,0,0,0,0,0,0,0,0,0,0,0,0,0,0,0,0,0,0,0,0,0,0,0,0,0,0,0,0,0,0,0,0,0,0
GF14_d90_B3_stool,2.19814,0,0,0,0,0,0,0,32.77766,0,0,0,0,2.03174,0.55081,0,62.44165,0,0,0,0,0,0,0,0,0,0,0,0,0,0,0,0,0,0,0,0,0,0,0,0,0,0,0,0,0,0,0,0,0,0
GF14_d91_B2_stool,0.93926,0,0,0,0,0,0,0.05535,0,0,0,0,0,0.53846,0,0,98.46693,0,0,0,0,0,0,0,0,0,0,0,0,0,0,0,0,0,0,0,0,0,0,0,0,0,0,0,0,0,0,0,0,0,0
GF14_INOC,7.39196,0,0.07584,0,0,0,0.19114,5.89817,0,0,11.2748,0,0,2.27819,6.1927,0.26793,66.42928,0,0,0,0,0,0,0,0,0,0,0,0,0,0,0,0,0,0,0,0,0,0,0,0,0,0,0,0,0,0,0,0,0,0
GF15_A_Dam_d21,0.81905,0.36292,5.33072,0.69577,61.25992,1.40495,0,23.45158,0.95554,0,0,0,0,2.79447,0,0,0,0,0,0,0,0,0,0,0,0,0,0,0,0,0,0,0.26832,2.65676,0,0,0,0,0,0,0,0,0,0,0,0,0,0,0,0,0
GF15_a1_d106_stool,4.41948,0,0,0,2.36014,25.7697,0,0.31706,0,0,0,0,0,0.40276,0,0,66.73085,0,0,0,0,0,0,0,0,0,0,0,0,0,0,0,0,0,0,0,0,0,0,0,0,0,0,0,0,0,0,0,0,0,0
GF15_A1_d108_colon,0,0,0,0,0,0,0,0,0,0,0,0,0,0,0,0,100,0,0,0,0,0,0,0,0,0,0,0,0,0,0,0,0,0,0,0,0,0,0,0,0,0,0,0,0,0,0,0,0,0,0
GF15_A1_d35_colon,0,0,0,0,0,0,0,0,100,0,0,0,0,0,0,0,0,0,0,0,0,0,0,0,0,0,0,0,0,0,0,0,0,0,0,0,0,0,0,0,0,0,0,0,0,0,0,0,0,0,0
GF15_A1_d72_stool,4.5672,0,0,0,1.83142,0.15548,0,6.74183,0,0,0,0,0,1.44116,0,0,85.26291,0,0,0,0,0,0,0,0,0,0,0,0,0,0,0,0,0,0,0,0,0,0,0,0,0,0,0,0,0,0,0,0,0,0
GF15_a2_d105_stool,8.60455,0,0,0,9.05494,0,0,0.7381,0,0,0,0,0,0.344,0,0,81.25841,0,0,0,0,0,0,0,0,0,0,0,0,0,0,0,0,0,0,0,0,0,0,0,0,0,0,0,0,0,0,0,0,0,0
GF15_a2_d106_stool,13.16808,0,0,0,5.92582,0.99998,0,12.23492,0.41428,0,0,0,0,1.58604,0,0,65.67087,0,0,0,0,0,0,0,0,0,0,0,0,0,0,0,0,0,0,0,0,0,0,0,0,0,0,0,0,0,0,0,0,0,0
GF15_A2_d108_colon,0,0,0,0,0.99325,0,0,0,0,0,0,0,0,0,0,0,99.00675,0,0,0,0,0,0,0,0,0,0,0,0,0,0,0,0,0,0,0,0,0,0,0,0,0,0,0,0,0,0,0,0,0,0
GF15_A2_d32,0,0,0,0,0,0,0,0,0,0,0,0,0,0,0,0,100,0,0,0,0,0,0,0,0,0,0,0,0,0,0,0,0,0,0,0,0,0,0,0,0,0,0,0,0,0,0,0,0,0,0
GF15_a3_d105_stool,3.36545,0,0,0,11.68336,0,0,0,0,0,0,0,0,0,0,0,84.95119,0,0,0,0,0,0,0,0,0,0,0,0,0,0,0,0,0,0,0,0,0,0,0,0,0,0,0,0,0,0,0,0,0,0
GF15_A3_d108_colon,0,0,0,0,1.71166,0,0,0,3.36496,0,0,10.43503,0,0,0,0,84.48835,0,0,0,0,0,0,0,0,0,0,0,0,0,0,0,0,0,0,0,0,0,0,0,0,0,0,0,0,0,0,0,0,0,0
GF15_A3_d32,0,0,0,0,0,29.84586,0,0,0,0,0,0,0,0,0,0,70.15414,0,0,0,0,0,0,0,0,0,0,0,0,0,0,0,0,0,0,0,0,0,0,0,0,0,0,0,0,0,0,0,0,0,0
GF15_A3_d35_colon,0,0,0,0,100,0,0,0,0,0,0,0,0,0,0,0,0,0,0,0,0,0,0,0,0,0,0,0,0,0,0,0,0,0,0,0,0,0,0,0,0,0,0,0,0,0,0,0,0,0,0
GF15_a4_d105_stool,0.51238,0,0,0,0.77304,48.9709,0,0,0,0,0,0,0,0,0,0,49.74368,0,0,0,0,0,0,0,0,0,0,0,0,0,0,0,0,0,0,0,0,0,0,0,0,0,0,0,0,0,0,0,0,0,0
GF15_A4_d108_colon,0,0,0,0,1.39055,0,0,0,0,0,0,80.9966,0,0,0,0,17.61284,0,0,0,0,0,0,0,0,0,0,0,0,0,0,0,0,0,0,0,0,0,0,0,0,0,0,0,0,0,0,0,0,0,0
GF15_A4_d32,3.45339,0,0,0.00641,2.47262,0,0,0.68785,92.30685,0,0,0,0,1.07288,0,0,0,0,0,0,0,0,0,0,0,0,0,0,0,0,0,0,0,0,0,0,0,0,0,0,0,0,0,0,0,0,0,0,0,0,0
GF15_a5_d105_stool,11.3649,0,0,0,2.12712,0,0,3.00856,0.32227,0,0,0,0,0.86007,0,0,82.31708,0,0,0,0,0,0,0,0,0,0,0,0,0,0,0,0,0,0,0,0,0,0,0,0,0,0,0,0,0,0,0,0,0,0
GF15_A5_d108_colon,0,0,0,0,1.34013,0,0,0,0.4478,0,0,0,0,0,0,0,98.21207,0,0,0,0,0,0,0,0,0,0,0,0,0,0,0,0,0,0,0,0,0,0,0,0,0,0,0,0,0,0,0,0,0,0
GF15_A5_d32,0.45719,0,0,0,1.40356,0,0,1.39342,95.62298,0,0,0,0,1.12285,0,0,0,0,0,0,0,0,0,0,0,0,0,0,0,0,0,0,0,0,0,0,0,0,0,0,0,0,0,0,0,0,0,0,0,0,0
GF15_A5_d35_colon,100,0,0,0,0,0,0,0,0,0,0,0,0,0,0,0,0,0,0,0,0,0,0,0,0,0,0,0,0,0,0,0,0,0,0,0,0,0,0,0,0,0,0,0,0,0,0,0,0,0,0
GF15_a6_d105_stool,5.05005,0,0,0,0.57734,4.35882,0,0,0.31842,0,0,0,0,0.0524,0,0,89.64297,0,0,0,0,0,0,0,0,0,0,0,0,0,0,0,0,0,0,0,0,0,0,0,0,0,0,0,0,0,0,0,0,0,0
GF15_A6_d108_colon,0,0,0,0,0,15.99339,0,0,0,0,0,2.86482,0,0,0,0,81.14179,0,0,0,0,0,0,0,0,0,0,0,0,0,0,0,0,0,0,0,0,0,0,0,0,0,0,0,0,0,0,0,0,0,0
GF15_A6_d32_colon,0,0,0,0,0,79.73376,0,0,0,0,0,0,0,0,0,0,20.26624,0,0,0,0,0,0,0,0,0,0,0,0,0,0,0,0,0,0,0,0,0,0,0,0,0,0,0,0,0,0,0,0,0,0
GF15_A7_d108_colon,0,0,0,0,5.3241,33.37838,0,0,0,0,0,0,0,0,0,0,61.29751,0,0,0,0,0,0,0,0,0,0,0,0,0,0,0,0,0,0,0,0,0,0,0,0,0,0,0,0,0,0,0,0,0,0
GF15_a7_d74_colon,0,0,0,0,0,0,0,0,0,0,0,0,0,0,0,0,0,0,0,0,0,0,0,0,0,0,0,0,0,0,0,0,0,0,100,0,0,0,0,0,0,0,0,0,0,0,0,0,0,0,0
GF15_a8_d105_stool,6.05234,0,0,0,0.48668,6.41652,0,6.3485,0.41283,0,0,0,0,1.29921,0,0,78.98393,0,0,0,0,0,0,0,0,0,0,0,0,0,0,0,0,0,0,0,0,0,0,0,0,0,0,0,0,0,0,0,0,0,0
GF15_A8_d108_colon,0,0,0,0,1.24545,0,0,0,0,0,0,54.0379,0,0,0,0,44.71665,0,0,0,0,0,0,0,0,0,0,0,0,0,0,0,0,0,0,0,0,0,0,0,0,0,0,0,0,0,0,0,0,0,0
GF15_a9_d105_stool,1.7087,0,0,0,0.425,66.71298,0,0.29383,0,0,0,0,0,0.21671,0,0,30.64277,0,0,0,0,0,0,0,0,0,0,0,0,0,0,0,0,0,0,0,0,0,0,0,0,0,0,0,0,0,0,0,0,0,0
GF15_a9_d106_stool,8.86175,0,0,0,2.18737,29.21119,0,5.25043,0,0,0,0,0,1.1406,0,0,53.34867,0,0,0,0,0,0,0,0,0,0,0,0,0,0,0,0,0,0,0,0,0,0,0,0,0,0,0,0,0,0,0,0,0,0
GF15_A9_d108_colon,0,0,0,0,1.29161,0,0,0,0,0,0,0,0,0,0,0,98.70839,0,0,0,0,0,0,0,0,0,0,0,0,0,0,0,0,0,0,0,0,0,0,0,0,0,0,0,0,0,0,0,0,0,0
GF15_adam_d11_stool,2.95342,0.69841,6.54693,0.34061,75.43778,2.31675,0,8.62372,0.41004,0,0,0,0,2.05621,0,0,0,0,0,0,0,0,0,0,0,0,0,0,0,0,0,0,0,0.61614,0,0,0,0,0,0,0,0,0,0,0,0,0,0,0,0,0
GF15_adam_d18_stool,2.66475,0.38095,6.20623,0.50284,68.65905,2.94616,0,13.80111,0.49697,0,0,0.03817,0,2.95245,0,0,0.08627,0,0,0,0,0,0,0,0,0,0,0,0,0,0,0,0.67038,0.59467,0,0,0,0,0,0,0,0,0,0,0,0,0,0,0,0,0
GF15_Adam_d5_stool,1.77612,0.87177,7.04157,0.05282,73.70994,2.38248,0,10.61676,0.64543,0,0,0.75482,0,1.84964,0,0,0.05619,0,0,0,0,0,0,0,0,0,0,0,0,0,0,0,0,0.24247,0,0,0,0,0,0,0,0,0,0,0,0,0,0,0,0,0
GF15_b_d5_stool,0,0,0,0,0,0,0,0,0,0,0,0,0,0,0,0,0,0,0,0,0,0,0,0,0,0,0,0,0,0,0,0,0,0,100,0,0,0,0,0,0,0,0,0,0,0,0,0,0,0,0
GF15_B1_d32,3.31209,0,0,0,2.61814,0,0,3.23806,89.43693,0,0,0,0,1.39478,0,0,0,0,0,0,0,0,0,0,0,0,0,0,0,0,0,0,0,0,0,0,0,0,0,0,0,0,0,0,0,0,0,0,0,0,0
GF15_B1_d35_colon,0,0,0,0,0,1.15963,0,0,6.19857,0,0,19.19178,0,0,0,0,73.45002,0,0,0,0,0,0,0,0,0,0,0,0,0,0,0,0,0,0,0,0,0,0,0,0,0,0,0,0,0,0,0,0,0,0
GF15_B1_d94_stool,0.96787,0,0,0,0.12142,0.36365,0,0,0,0,0,0,0,0,0,0,98.54707,0,0,0,0,0,0,0,0,0,0,0,0,0,0,0,0,0,0,0,0,0,0,0,0,0,0,0,0,0,0,0,0,0,0
GF15_b1_d97_colon,0,0,0,0,0,0,0,0,20.14412,0,0,9.20413,0,0,0,0,70.65175,0,0,0,0,0,0,0,0,0,0,0,0,0,0,0,0,0,0,0,0,0,0,0,0,0,0,0,0,0,0,0,0,0,0
GF15_b10_d94_stool,0,0,0,0,0,0,0,0,0,0,0,0,0,0,0,0,100,0,0,0,0,0,0,0,0,0,0,0,0,0,0,0,0,0,0,0,0,0,0,0,0,0,0,0,0,0,0,0,0,0,0
GF15_B10_d97_colon,0,0,0,0,0,0,0,0,8.89869,0,0,8.63882,0,0,0,0,82.46249,0,0,0,0,0,0,0,0,0,0,0,0,0,0,0,0,0,0,0,0,0,0,0,0,0,0,0,0,0,0,0,0,0,0
GF15_B2_d32,2.10123,0,0,0,2.10322,0,0,2.53416,91.90997,0,0,0,0,1.35143,0,0,0,0,0,0,0,0,0,0,0,0,0,0,0,0,0,0,0,0,0,0,0,0,0,0,0,0,0,0,0,0,0,0,0,0,0
GF15_B2_d33,2.33712,0,0,0,2.97421,0,0,4.00589,90.10683,0,0,0,0,0.57595,0,0,0,0,0,0,0,0,0,0,0,0,0,0,0,0,0,0,0,0,0,0,0,0,0,0,0,0,0,0,0,0,0,0,0,0,0
GF15_B2_d35_colon,0,0,0,0,0,2.72045,0,0,12.69725,0,0,29.94548,0,0,0,0,54.63682,0,0,0,0,0,0,0,0,0,0,0,0,0,0,0,0,0,0,0,0,0,0,0,0,0,0,0,0,0,0,0,0,0,0
GF15_b2_d94_stool,3.97744,0,0,0,0.30691,46.73294,0,0,0,0,0,0,0,0,0,0,48.98271,0,0,0,0,0,0,0,0,0,0,0,0,0,0,0,0,0,0,0,0,0,0,0,0,0,0,0,0,0,0,0,0,0,0
GF15_b2_d95_stool,16.94407,0,0,0,1.10231,44.39998,0,1.09603,0,0,0,0,0,0.39285,0,0,36.06475,0,0,0,0,0,0,0,0,0,0,0,0,0,0,0,0,0,0,0,0,0,0,0,0,0,0,0,0,0,0,0,0,0,0
GF15_b2_d97_colon,0,0,0,0,0,21.16904,0,0,0,0,0,19.69555,0,0,0,0,59.13541,0,0,0,0,0,0,0,0,0,0,0,0,0,0,0,0,0,0,0,0,0,0,0,0,0,0,0,0,0,0,0,0,0,0
GF15_B3_d34,0,0,0,0,0,42.55191,0,0,0,0,0,0,0,0,0,0,57.44809,0,0,0,0,0,0,0,0,0,0,0,0,0,0,0,0,0,0,0,0,0,0,0,0,0,0,0,0,0,0,0,0,0,0
GF15_B3_d35_colon,0,0,0,0,0,64.27043,0,0,0.57365,0,0,0,0,0,0,0,35.15592,0,0,0,0,0,0,0,0,0,0,0,0,0,0,0,0,0,0,0,0,0,0,0,0,0,0,0,0,0,0,0,0,0,0
GF15_b3_d94_stool,0.09261,0,0,0,0,0,0,0,0,0,0,0,0,0,0,0,99.90739,0,0,0,0,0,0,0,0,0,0,0,0,0,0,0,0,0,0,0,0,0,0,0,0,0,0,0,0,0,0,0,0,0,0
GF15_b3_d97_colon,0,0,0,0,0,0,0,0,0,0,0,7.83655,0,0,0,0,92.16345,0,0,0,0,0,0,0,0,0,0,0,0,0,0,0,0,0,0,0,0,0,0,0,0,0,0,0,0,0,0,0,0,0,0
GF15_b4_d106_stool,8.98246,0,0,0,1.63526,4.01231,0,6.28735,0.29289,0,0,0.73243,0,1.75683,0,0,76.30047,0,0,0,0,0,0,0,0,0,0,0,0,0,0,0,0,0,0,0,0,0,0,0,0,0,0,0,0,0,0,0,0,0,0
GF15_B4_d32,3.94313,0,0,0,1.20736,0.3099,0,1.33209,92.37842,0,0,0,0,0.82911,0,0,0,0,0,0,0,0,0,0,0,0,0,0,0,0,0,0,0,0,0,0,0,0,0,0,0,0,0,0,0,0,0,0,0,0,0
GF15_B4_d33,3.66062,0,0,0,1.44397,0.27625,0,2.14687,91.787,0,0,0,0,0.61914,0,0,0.06615,0,0,0,0,0,0,0,0,0,0,0,0,0,0,0,0,0,0,0,0,0,0,0,0,0,0,0,0,0,0,0,0,0,0
GF15_B4_d34,0,0,0,0,0,8.45848,0,0,42.85407,0,0,12.94319,0,0,0,0,35.74426,0,0,0,0,0,0,0,0,0,0,0,0,0,0,0,0,0,0,0,0,0,0,0,0,0,0,0,0,0,0,0,0,0,0
GF15_B4_d35_colon,0,0,0,0,0.09888,4.11742,0,0,7.43906,0,0,33.51004,0,0,0,0,54.83459,0,0,0,0,0,0,0,0,0,0,0,0,0,0,0,0,0,0,0,0,0,0,0,0,0,0,0,0,0,0,0,0,0,0
GF15_b4_d96_stool,0.16208,0,0,0,0,3.44293,0,0,0,0,0,4.65751,0,0.17656,0,0,91.56092,0,0,0,0,0,0,0,0,0,0,0,0,0,0,0,0,0,0,0,0,0,0,0,0,0,0,0,0,0,0,0,0,0,0
GF15_b4_d97_colon,51.62486,0,0,0,0,0,0,0,0,0,0,14.73802,0,0,0,0,33.63712,0,0,0,0,0,0,0,0,0,0,0,0,0,0,0,0,0,0,0,0,0,0,0,0,0,0,0,0,0,0,0,0,0,0
GF15_b5_d107_stool,6.31782,0,0,0,1.71679,57.84399,0,0.3784,0,0,0,0,0,1.07375,0,0,32.66925,0,0,0,0,0,0,0,0,0,0,0,0,0,0,0,0,0,0,0,0,0,0,0,0,0,0,0,0,0,0,0,0,0,0
GF15_B5_d32,0.50869,0,0,0,1.35107,51.15054,0,0,0,0,0,0,0,0,0,0,46.9897,0,0,0,0,0,0,0,0,0,0,0,0,0,0,0,0,0,0,0,0,0,0,0,0,0,0,0,0,0,0,0,0,0,0
GF15_B5_d35_colon,0,0,0,0,0,0,0,0,0,0,0,26.77183,0,0,0,0,73.22817,0,0,0,0,0,0,0,0,0,0,0,0,0,0,0,0,0,0,0,0,0,0,0,0,0,0,0,0,0,0,0,0,0,0
GF15_b5_d94_stool,0.06894,0,0,0,0.13788,0,0,0,0,0,0,0,0,0,0,0,99.79318,0,0,0,0,0,0,0,0,0,0,0,0,0,0,0,0,0,0,0,0,0,0,0,0,0,0,0,0,0,0,0,0,0,0
GF15_b5_d95_stool,4.24791,0,0,0,0.99496,0,0,4.58545,0,0,0,0,0,1.13163,0,0,89.04004,0,0,0,0,0,0,0,0,0,0,0,0,0,0,0,0,0,0,0,0,0,0,0,0,0,0,0,0,0,0,0,0,0,0
GF15_b5_d97_colon,0,0,0,0,0,0,0,0,3.28477,0,0,10.73157,0,0,0,0,85.98366,0,0,0,0,0,0,0,0,0,0,0,0,0,0,0,0,0,0,0,0,0,0,0,0,0,0,0,0,0,0,0,0,0,0
GF15_B6_d32,0,0,0,0,0.11474,59.84761,0,0,0,0,0,0,0,0,0,0,40.03765,0,0,0,0,0,0,0,0,0,0,0,0,0,0,0,0,0,0,0,0,0,0,0,0,0,0,0,0,0,0,0,0,0,0
GF15_B6_d34_colon,0,0,0,0,0,54.77584,0,0,0,0,0,0,0,0,0,0,45.22416,0,0,0,0,0,0,0,0,0,0,0,0,0,0,0,0,0,0,0,0,0,0,0,0,0,0,0,0,0,0,0,0,0,0
GF15_b6_d94_stool,0.11953,0,0,0,0.1402,0.14917,0,0,0,0,0,0,0,0,0,0,99.5911,0,0,0,0,0,0,0,0,0,0,0,0,0,0,0,0,0,0,0,0,0,0,0,0,0,0,0,0,0,0,0,0,0,0
GF15_b6_d95_stool,0.76838,0,0,0,0.13277,0,0,0,0,0,0,0,0,0,0,0,99.09885,0,0,0,0,0,0,0,0,0,0,0,0,0,0,0,0,0,0,0,0,0,0,0,0,0,0,0,0,0,0,0,0,0,0
GF15_b6_d97_colon,0,0,0,0,0,3.73078,0,0,6.22915,0,0,18.33916,0,0,0,0,71.7009,0,0,0,0,0,0,0,0,0,0,0,0,0,0,0,0,0,0,0,0,0,0,0,0,0,0,0,0,0,0,0,0,0,0
GF15_B7_d32,0,0,0,0,0,68.441,0,0,0,0,0,0,0,0,0,0,31.559,0,0,0,0,0,0,0,0,0,0,0,0,0,0,0,0,0,0,0,0,0,0,0,0,0,0,0,0,0,0,0,0,0,0
GF15_B7_d35_colon,0,0,0,0,0,0,0,0,0,0,0,0,0,0,0,0,100,0,0,0,0,0,0,0,0,0,0,0,0,0,0,0,0,0,0,0,0,0,0,0,0,0,0,0,0,0,0,0,0,0,0
GF15_b7_d97_colon,0,0,0,0,0,2.63504,0,0,10.89262,0,0,4.33697,0,0,0,0,82.13537,0,0,0,0,0,0,0,0,0,0,0,0,0,0,0,0,0,0,0,0,0,0,0,0,0,0,0,0,0,0,0,0,0,0
GF15_b8_d94_stool,0.69763,0,0,0,1.79888,0.33101,0,0,0,0,0,0,0,0,0,0,97.17247,0,0,0,0,0,0,0,0,0,0,0,0,0,0,0,0,0,0,0,0,0,0,0,0,0,0,0,0,0,0,0,0,0,0
GF15_b8_d97_colon,0,0,0,0,0,0,0,0,0,0,0,18.63847,0,0,0,0,81.36153,0,0,0,0,0,0,0,0,0,0,0,0,0,0,0,0,0,0,0,0,0,0,0,0,0,0,0,0,0,0,0,0,0,0
GF15_b9_d106_stool,0,0,0,0,1.33937,58.24452,0,0,0,0,0,0,0,0.09641,0,0,40.3197,0,0,0,0,0,0,0,0,0,0,0,0,0,0,0,0,0,0,0,0,0,0,0,0,0,0,0,0,0,0,0,0,0,0
GF15_b9_d94_stool,3.03297,0,0,0,1.27245,0.6312,0,0,0,0,0,0,0,0,0,0,95.06339,0,0,0,0,0,0,0,0,0,0,0,0,0,0,0,0,0,0,0,0,0,0,0,0,0,0,0,0,0,0,0,0,0,0
GF15_B9_d97_colon,0,0,0,0,0,0,0,0,10.61244,0,0,10.20267,0,0,0,0,79.18489,0,0,0,0,0,0,0,0,0,0,0,0,0,0,0,0,0,0,0,0,0,0,0,0,0,0,0,0,0,0,0,0,0,0
GF15_bdam_d18_stool,3.98613,0,7.73454,0.52792,57.58911,2.86792,0,20.77603,1.02038,0,0,0.53098,0,4.08736,0,0,0,0,0,0,0,0,0,0,0,0,0,0,0,0,0,0,0.46012,0.41951,0,0,0,0,0,0,0,0,0,0,0,0,0,0,0,0,0
GF15_c_d18_stool,4.94038,0.29806,7.65659,1.33676,64.11045,3.00099,0,14.25133,0.69104,0,0,0.10092,0,2.15001,0,0,0,0,0,0,0,0,0,0,0,0,0,0,0,0,0,0,0.24183,1.2022,0,0.01944,0,0,0,0,0,0,0,0,0,0,0,0,0,0,0
GF15_c1_d105_stool,1.8283,0,0,0,0,55.72215,0,0,0,0,0,0,0,0,0,0,42.44955,0,0,0,0,0,0,0,0,0,0,0,0,0,0,0,0,0,0,0,0,0,0,0,0,0,0,0,0,0,0,0,0,0,0
GF15_c1_d108_colon,0.20128,0,0,0,0.75489,0.24607,0,0,0,0,0,9.05417,0,0,0,0,89.74359,0,0,0,0,0,0,0,0,0,0,0,0,0,0,0,0,0,0,0,0,0,0,0,0,0,0,0,0,0,0,0,0,0,0
GF15_C1_d36,42.93361,0,0,0,0.57349,0,0,0,53.2484,0,0,3.24449,0,0,0,0,0,0,0,0,0,0,0,0,0,0,0,0,0,0,0,0,0,0,0,0,0,0,0,0,0,0,0,0,0,0,0,0,0,0,0
GF15_C1_d37,11.87903,0,0,0,2.13341,0,0,0,77.06393,0,0,8.92363,0,0,0,0,0,0,0,0,0,0,0,0,0,0,0,0,0,0,0,0,0,0,0,0,0,0,0,0,0,0,0,0,0,0,0,0,0,0,0
GF15_C1_d39_colon,0,0,0,0,0,0,0,0,21.62052,0,0,0,0,0,0,0,78.37948,0,0,0,0,0,0,0,0,0,0,0,0,0,0,0,0,0,0,0,0,0,0,0,0,0,0,0,0,0,0,0,0,0,0
GF15_c1_d74_colon,0,0,0,0,0,0,0,0,0,0,0,0,0,0,0,0,100,0,0,0,0,0,0,0,0,0,0,0,0,0,0,0,0,0,0,0,0,0,0,0,0,0,0,0,0,0,0,0,0,0,0
GF15_c2_d105_stool,4.48893,0,0,0,0.0782,0.78102,0,0,0,0,0,0,0,0,0,0,94.65186,0,0,0,0,0,0,0,0,0,0,0,0,0,0,0,0,0,0,0,0,0,0,0,0,0,0,0,0,0,0,0,0,0,0
GF15_c2_d108_colon,0.1436,0,0,0,1.03642,0.32849,0,0,0,0,0,5.94907,0,0,0,0,92.54243,0,0,0,0,0,0,0,0,0,0,0,0,0,0,0,0,0,0,0,0,0,0,0,0,0,0,0,0,0,0,0,0,0,0
GF15_C2_d36,9.21021,0,0,0,0,0,0,0,90.78979,0,0,0,0,0,0,0,0,0,0,0,0,0,0,0,0,0,0,0,0,0,0,0,0,0,0,0,0,0,0,0,0,0,0,0,0,0,0,0,0,0,0
GF15_C2_d37,8.73129,0,0,0,1.27179,0,0,0.08891,88.7058,0,0,0.86838,0,0.33382,0,0,0,0,0,0,0,0,0,0,0,0,0,0,0,0,0,0,0,0,0,0,0,0,0,0,0,0,0,0,0,0,0,0,0,0,0
GF15_C2_d39_colon,0,0,0,0,0,3.17143,0,0,31.34331,0,0,1.51212,0,0,0,0,63.97315,0,0,0,0,0,0,0,0,0,0,0,0,0,0,0,0,0,0,0,0,0,0,0,0,0,0,0,0,0,0,0,0,0,0
GF15_c2_d73_16_stool,0,0,0,0,0,12.78111,0,0,0,0,0,0,0,0,0,0,87.21889,0,0,0,0,0,0,0,0,0,0,0,0,0,0,0,0,0,0,0,0,0,0,0,0,0,0,0,0,0,0,0,0,0,0
GF15_c2_d74_colon,0,0,0,0,0,0,0,0,0,0,0,0,0,0,0,0,100,0,0,0,0,0,0,0,0,0,0,0,0,0,0,0,0,0,0,0,0,0,0,0,0,0,0,0,0,0,0,0,0,0,0
GF15_c3_d108_colon,0,0,0,0,0.82048,0,0,0,0,0,0,8.10183,0,0,0,0,91.0777,0,0,0,0,0,0,0,0,0,0,0,0,0,0,0,0,0,0,0,0,0,0,0,0,0,0,0,0,0,0,0,0,0,0
GF15_C3_d36,7.48336,0,0,0,0.62802,0,0,0,91.88862,0,0,0,0,0,0,0,0,0,0,0,0,0,0,0,0,0,0,0,0,0,0,0,0,0,0,0,0,0,0,0,0,0,0,0,0,0,0,0,0,0,0
GF15_C3_d39_colon,0,0,0,0,0,0.30803,0,0,34.82034,0,0,2.60322,0,0,0,0,62.26842,0,0,0,0,0,0,0,0,0,0,0,0,0,0,0,0,0,0,0,0,0,0,0,0,0,0,0,0,0,0,0,0,0,0
GF15_c4_d105_stool,9.97681,0,0,0,0.41471,1.52643,0,2.64739,0,0,0,0,0,0.76179,0,0,84.67287,0,0,0,0,0,0,0,0,0,0,0,0,0,0,0,0,0,0,0,0,0,0,0,0,0,0,0,0,0,0,0,0,0,0
GF15_c4_d108_colon,0.01964,0,0,0,0.8676,0,0,0,0,0,0,7.56501,0,0,0,0,91.50732,0,0,0,0,0,0,0,0,0,0,0,0,0,0,0,0,0,0.04043,0,0,0,0,0,0,0,0,0,0,0,0,0,0,0,0
GF15_C4_d36,2.46018,0,0,0,0.59226,0,0,0,96.88458,0,0,0.06298,0,0,0,0,0,0,0,0,0,0,0,0,0,0,0,0,0,0,0,0,0,0,0,0,0,0,0,0,0,0,0,0,0,0,0,0,0,0,0
GF15_C4_d37,2.15759,0,0,0,1.42075,0,0,0.14394,95.96592,0,0,0.18451,0,0.12729,0,0,0,0,0,0,0,0,0,0,0,0,0,0,0,0,0,0,0,0,0,0,0,0,0,0,0,0,0,0,0,0,0,0,0,0,0
GF15_C4_d38,0,0,0,0,0,2.95743,0,0,87.24706,0,0,1.78657,0,0,0,0,8.00895,0,0,0,0,0,0,0,0,0,0,0,0,0,0,0,0,0,0,0,0,0,0,0,0,0,0,0,0,0,0,0,0,0,0
GF15_C4_d39_colon,0,0,0,0,0,1.42795,0,0,69.54938,0,0,5.16987,0,0,0,0,23.85279,0,0,0,0,0,0,0,0,0,0,0,0,0,0,0,0,0,0,0,0,0,0,0,0,0,0,0,0,0,0,0,0,0,0
GF15_c4_d73_stool,0.25995,0,0,0,0.0756,14.06883,0,0,0.26903,0,0,0,0,0,0,0,85.32658,0,0,0,0,0,0,0,0,0,0,0,0,0,0,0,0,0,0,0,0,0,0,0,0,0,0,0,0,0,0,0,0,0,0
GF15_c4_d74_colon,0,0,0,0,0,0,0,0,0,0,0,0,0,0,0,0,100,0,0,0,0,0,0,0,0,0,0,0,0,0,0,0,0,0,0,0,0,0,0,0,0,0,0,0,0,0,0,0,0,0,0
GF15_c5_d105_stool,6.16041,0,0,0,1.3294,61.2345,0,0,0,0,0,0,0,0.10842,0,0,31.16726,0,0,0,0,0,0,0,0,0,0,0,0,0,0,0,0,0,0,0,0,0,0,0,0,0,0,0,0,0,0,0,0,0,0
GF15_c5_d108_colon,0,0,0,0,2.02025,0,0,0,0,0,0,13.18964,0,0,0,0,84.79011,0,0,0,0,0,0,0,0,0,0,0,0,0,0,0,0,0,0,0,0,0,0,0,0,0,0,0,0,0,0,0,0,0,0
GF15_C5_d36,29.15074,0,0,0,0.10864,0.12481,0,0,65.07543,0,0,5.54038,0,0,0,0,0,0,0,0,0,0,0,0,0,0,0,0,0,0,0,0,0,0,0,0,0,0,0,0,0,0,0,0,0,0,0,0,0,0,0
GF15_C5_d37,20.72677,0,0,0,0.8768,0,0,0,67.54357,0,0,10.35275,0,0,0,0,0.50011,0,0,0,0,0,0,0,0,0,0,0,0,0,0,0,0,0,0,0,0,0,0,0,0,0,0,0,0,0,0,0,0,0,0
GF15_C5_d39_colon,0,0,0,0,0,0,0,0,43.2718,0,0,0.82365,0,0,0,0,55.90455,0,0,0,0,0,0,0,0,0,0,0,0,0,0,0,0,0,0,0,0,0,0,0,0,0,0,0,0,0,0,0,0,0,0
GF15_c5_d71_stool,6.72639,0,0,0,73.13091,0,0,0,0,0,0,0,0,0.04034,0,0,20.0779,0,0,0,0,0,0,0,0,0,0,0,0,0,0,0,0,0,0,0.02447,0,0,0,0,0,0,0,0,0,0,0,0,0,0,0
GF15_c5_d74_colon,0,0,0,0,0,0,0,0,0,0,0,0,0,0,0,0,100,0,0,0,0,0,0,0,0,0,0,0,0,0,0,0,0,0,0,0,0,0,0,0,0,0,0,0,0,0,0,0,0,0,0
GF15_c6_d105_stool,5.31141,0,0,0,0.1158,0.39747,0,0,0,0,0,0,0,0.10229,0,0,94.07303,0,0,0,0,0,0,0,0,0,0,0,0,0,0,0,0,0,0,0,0,0,0,0,0,0,0,0,0,0,0,0,0,0,0
GF15_c6_d108_colon,0,0,0,0,2.58141,0,0,0,0,0,0,4.20019,0,0,0,0,93.2184,0,0,0,0,0,0,0,0,0,0,0,0,0,0,0,0,0,0,0,0,0,0,0,0,0,0,0,0,0,0,0,0,0,0
GF15_C6_d36,8.03343,0,0,0,0.3967,0,0,0,90.43445,0,0,1.13542,0,0,0,0,0,0,0,0,0,0,0,0,0,0,0,0,0,0,0,0,0,0,0,0,0,0,0,0,0,0,0,0,0,0,0,0,0,0,0
GF15_C6_d39_colon,0,0,0,0,0,0,0,0,58.8678,0,0,10.50794,0,0,0,0,30.62426,0,0,0,0,0,0,0,0,0,0,0,0,0,0,0,0,0,0,0,0,0,0,0,0,0,0,0,0,0,0,0,0,0,0
GF15_c6_d71_stool,0.38699,0,0,0,2.43546,0,0,0,0,0,0,0,0,0,0,0,97.17756,0,0,0,0,0,0,0,0,0,0,0,0,0,0,0,0,0,0,0,0,0,0,0,0,0,0,0,0,0,0,0,0,0,0
GF15_C6_d72_stool,0.74597,0,0,0,1.17734,0.72805,0,0,0,0,0,0,0,0,0,0,97.34865,0,0,0,0,0,0,0,0,0,0,0,0,0,0,0,0,0,0,0,0,0,0,0,0,0,0,0,0,0,0,0,0,0,0
GF15_c6_d74_colon,0,0,0,0,0,4.59603,0,0,0,0,0,0,0,0,0,0,95.40397,0,0,0,0,0,0,0,0,0,0,0,0,0,0,0,0,0,0,0,0,0,0,0,0,0,0,0,0,0,0,0,0,0,0
GF15_c7_d105_stool,0.67866,0,0,0,0,13.17365,0,0,1.14041,0,0,0,0,0,0,0,85.00729,0,0,0,0,0,0,0,0,0,0,0,0,0,0,0,0,0,0,0,0,0,0,0,0,0,0,0,0,0,0,0,0,0,0
GF15_c7_d108_colon,0,0,0,0,1.99122,0,0,0,0,0,0,25.69923,0,0,0,0,72.30955,0,0,0,0,0,0,0,0,0,0,0,0,0,0,0,0,0,0,0,0,0,0,0,0,0,0,0,0,0,0,0,0,0,0
GF15_c7_d72_stool,0.6453,0,0,0,2.12828,0.22729,0,0,0.06417,0,0,0,0,0,0,0,96.93496,0,0,0,0,0,0,0,0,0,0,0,0,0,0,0,0,0,0,0,0,0,0,0,0,0,0,0,0,0,0,0,0,0,0
GF15_c7_d74_colon,0,0,0,0,0,55.98017,0,0,0,0,0,0,0,0,0,0,44.01983,0,0,0,0,0,0,0,0,0,0,0,0,0,0,0,0,0,0,0,0,0,0,0,0,0,0,0,0,0,0,0,0,0,0
GF15_c8_d108_colon,0,0,0,0,0.63461,0,0,0,0,0,0,3.31247,0,0,0,0,96.05291,0,0,0,0,0,0,0,0,0,0,0,0,0,0,0,0,0,0,0,0,0,0,0,0,0,0,0,0,0,0,0,0,0,0
GF15_c8_d74_colon,0,0,0,0,0,0,0,0,0,0,0,18.55054,0,0,0,0,81.44946,0,0,0,0,0,0,0,0,0,0,0,0,0,0,0,0,0,0,0,0,0,0,0,0,0,0,0,0,0,0,0,0,0,0
GF15_c9_d108_colon,16.14859,0,0,0,0.24938,0,0,0,0,0,0,8.64956,0,0,0,0,74.95247,0,0,0,0,0,0,0,0,0,0,0,0,0,0,0,0,0,0,0,0,0,0,0,0,0,0,0,0,0,0,0,0,0,0
GF15_cdam_d11_stool,2.03868,0.69377,6.81302,0.07872,71.43727,2.38473,0,12.51901,0.44366,0,0,0.58223,0,1.80948,0,0,0,0,0,0,0,0,0,0,0,0,0,0,0,0,0,0,0.63803,0.5614,0,0,0,0,0,0,0,0,0,0,0,0,0,0,0,0,0
GF15_cdam_d23_stool,1.77449,0.8023,7.3233,0.69063,73.54288,0.43226,0,10.25448,0,0,0,0.14184,0,2.6427,0,0,0.21255,0,0,0,0,0,0,0,0,0,0,0,0,0,0,0,0.77977,1.40279,0,0,0,0,0,0,0,0,0,0,0,0,0,0,0,0,0
GF15_cdam_d5_stool,2.05436,0.25962,4.33613,0,70.97114,4.70988,0,10.80691,1.97484,0,0,1.34358,0,2.76113,0,0,0.04375,0,0,0,0,0,0,0,0,0,0,0,0,0,0,0,0.66964,0.06903,0,0,0,0,0,0,0,0,0,0,0,0,0,0,0,0,0
GF15_cdam_d59_stool,3.93378,0,0.13422,0,45.77369,3.34189,0,37.28474,0.94386,0,0,0.9386,0,7.13295,0,0,0.27189,0,0,0,0,0,0,0,0,0,0,0,0,0,0,0,0,0.24437,0,0,0,0,0,0,0,0,0,0,0,0,0,0,0,0,0
GF15_d67_B1_stool,4.45422,0,0,0,0.31414,5.35726,0,0,0,0,0,0,0,0,0,0,89.87437,0,0,0,0,0,0,0,0,0,0,0,0,0,0,0,0,0,0,0,0,0,0,0,0,0,0,0,0,0,0,0,0,0,0
GF15_d67_B2_stool,0.04833,0,0,0,0.68199,0.94117,0,0,0.09438,0,0,0,0,0,0,0,98.23413,0,0,0,0,0,0,0,0,0,0,0,0,0,0,0,0,0,0,0,0,0,0,0,0,0,0,0,0,0,0,0,0,0,0
GF15_d67_B3_stool,2.23032,0,0,0,1.7919,0.13811,0,0.23715,0,0,0,0,0,0.17619,0,0,95.42633,0,0,0,0,0,0,0,0,0,0,0,0,0,0,0,0,0,0,0,0,0,0,0,0,0,0,0,0,0,0,0,0,0,0
GF15_d67_B4_stool,0,0,0,0,0.91866,11.11226,0,0,0,0,0,0,0,0,0,0,87.96908,0,0,0,0,0,0,0,0,0,0,0,0,0,0,0,0,0,0,0,0,0,0,0,0,0,0,0,0,0,0,0,0,0,0
GF15_d67_B5_stool,0.44385,0,0,0,1.91235,61.08733,0,0,0,0,0,0,0,0.0038,0,0,36.55267,0,0,0,0,0,0,0,0,0,0,0,0,0,0,0,0,0,0,0,0,0,0,0,0,0,0,0,0,0,0,0,0,0,0
GF15_d67_B6_stool,0,0,0,0,0.09244,3.47163,0,0,0,0,0,0,0,0,0,0,96.43593,0,0,0,0,0,0,0,0,0,0,0,0,0,0,0,0,0,0,0,0,0,0,0,0,0,0,0,0,0,0,0,0,0,0
GF15_d67_B7_stool,0.0882,0,0,0,0,37.83547,0,0,0,0,0,0,0,0,0,0,62.07633,0,0,0,0,0,0,0,0,0,0,0,0,0,0,0,0,0,0,0,0,0,0,0,0,0,0,0,0,0,0,0,0,0,0
GF15_d67_B8_stool,0.30087,0,0,0,0.25129,18.98476,0,0,0,0,0,0,0,0.02786,0,0,80.43522,0,0,0,0,0,0,0,0,0,0,0,0,0,0,0,0,0,0,0,0,0,0,0,0,0,0,0,0,0,0,0,0,0,0
GF15_d68_B1_colon,2.3804,0,0,0,0,20.78888,0,2.64581,0,0,0,0,0,0.06551,0,0,74.11939,0,0,0,0,0,0,0,0,0,0,0,0,0,0,0,0,0,0,0,0,0,0,0,0,0,0,0,0,0,0,0,0,0,0
GF15_d68_B2_stool,0.05543,0,0,0,0.44779,4.34416,0,0,0,0,0,0,0,0,0,0,95.15262,0,0,0,0,0,0,0,0,0,0,0,0,0,0,0,0,0,0,0,0,0,0,0,0,0,0,0,0,0,0,0,0,0,0
GF15_d68_B5_colon,0,0,0,0,0,57.29683,0,0,0,0,0,0,0,0,0,0,42.70317,0,0,0,0,0,0,0,0,0,0,0,0,0,0,0,0,0,0,0,0,0,0,0,0,0,0,0,0,0,0,0,0,0,0
GF15_d68_B8_stool,0.85831,0,0,0,0.40566,24.43014,0,0.17669,0,0,0,0,0,0.51121,0,0,73.61799,0,0,0,0,0,0,0,0,0,0,0,0,0,0,0,0,0,0,0,0,0,0,0,0,0,0,0,0,0,0,0,0,0,0
GF15_d69_B2_stool,0,0,0,0,0,25.91535,0,0,0,0,0,0,0,0,0,0,74.08465,0,0,0,0,0,0,0,0,0,0,0,0,0,0,0,0,0,0,0,0,0,0,0,0,0,0,0,0,0,0,0,0,0,0
GF15_d69_B9_stool,0,0,0,0,0,14.68712,0,0,0.21559,0,0,0,0,0,0,0,85.09728,0,0,0,0,0,0,0,0,0,0,0,0,0,0,0,0,0,0,0,0,0,0,0,0,0,0,0,0,0,0,0,0,0,0
GF15_d70_B2_colon,0,0,0,0,0,12.66992,0,0,9.21501,0,0,0,0,0,0,0,78.11507,0,0,0,0,0,0,0,0,0,0,0,0,0,0,0,0,0,0,0,0,0,0,0,0,0,0,0,0,0,0,0,0,0,0
GF15_d70_B4_colon,0,0,0,0,0,72.78596,0,0,7.8049,0,0,1.75717,0,0,0,0,17.65198,0,0,0,0,0,0,0,0,0,0,0,0,0,0,0,0,0,0,0,0,0,0,0,0,0,0,0,0,0,0,0,0,0,0
GF15_d70_B6_colon,0,0,0,0,0,38.30194,0,0,6.54166,0,0,2.39974,0,0,0,0,52.75666,0,0,0,0,0,0,0,0,0,0,0,0,0,0,0,0,0,0,0,0,0,0,0,0,0,0,0,0,0,0,0,0,0,0
GF15_d70_B7_colon,0,0,0,0,0,61.53868,0,0,0.82708,0,0,4.37948,0,0,0,0,33.25476,0,0,0,0,0,0,0,0,0,0,0,0,0,0,0,0,0,0,0,0,0,0,0,0,0,0,0,0,0,0,0,0,0,0
GF15_d70_B8_colon,0,0,0,0,0,37.62309,0,0,6.46544,0,0,0,0,0,0,0,55.91147,0,0,0,0,0,0,0,0,0,0,0,0,0,0,0,0,0,0,0,0,0,0,0,0,0,0,0,0,0,0,0,0,0,0
GF15_d70_B9_colon,0,0,0,0,0,31.65155,0,0,0,0,0,0,0,0,0,0,68.34845,0,0,0,0,0,0,0,0,0,0,0,0,0,0,0,0,0,0,0,0,0,0,0,0,0,0,0,0,0,0,0,0,0,0
GF15_d71_A1_stool,0.11866,0,0,0,0.68593,0,0,0,0,0,0,0,0,0,0,0,99.19541,0,0,0,0,0,0,0,0,0,0,0,0,0,0,0,0,0,0,0,0,0,0,0,0,0,0,0,0,0,0,0,0,0,0
GF15_d71_A3_stool,11.51468,0,0,0,0.89046,0,0,0,0,0,0,0,0,0,0,0,87.59486,0,0,0,0,0,0,0,0,0,0,0,0,0,0,0,0,0,0,0,0,0,0,0,0,0,0,0,0,0,0,0,0,0,0
GF15_d71_A4_stool,0,0,0,0,0,0,0,0,0,0,0,0,0,0,0,0,100,0,0,0,0,0,0,0,0,0,0,0,0,0,0,0,0,0,0,0,0,0,0,0,0,0,0,0,0,0,0,0,0,0,0
GF15_d71_A5_stool,0,0,0,0,0,10.62044,0,0,0,0,0,0,0,0,0,0,89.37956,0,0,0,0,0,0,0,0,0,0,0,0,0,0,0,0,0,0,0,0,0,0,0,0,0,0,0,0,0,0,0,0,0,0
GF15_d71_A6_stool,1.37374,0,0,0,0.83377,46.38553,0,0,0,0,0,0,0,0,0,0,51.40696,0,0,0,0,0,0,0,0,0,0,0,0,0,0,0,0,0,0,0,0,0,0,0,0,0,0,0,0,0,0,0,0,0,0
GF15_d71_A7_stool,0.68107,0,0,0,0.72189,5.06958,0,0,0,0,0,0,0,0.02993,0,0,93.49753,0,0,0,0,0,0,0,0,0,0,0,0,0,0,0,0,0,0,0,0,0,0,0,0,0,0,0,0,0,0,0,0,0,0
GF15_d71_A8_stool,2.48143,0,0,0,2.3082,0.38505,0,0,1.12903,0,0,0,0,0,0,0,93.69629,0,0,0,0,0,0,0,0,0,0,0,0,0,0,0,0,0,0,0,0,0,0,0,0,0,0,0,0,0,0,0,0,0,0
GF15_d71_C2_stool,8.23437,0,0,0,0.73952,0,0,0,0,0,0,0,0,0,0,0,91.02612,0,0,0,0,0,0,0,0,0,0,0,0,0,0,0,0,0,0,0,0,0,0,0,0,0,0,0,0,0,0,0,0,0,0
GF15_d71_C3_stool,16.52142,0,0,0,0.56724,0,0,0,0,0,0,0,0,0.23003,0,0,82.68131,0,0,0,0,0,0,0,0,0,0,0,0,0,0,0,0,0,0,0,0,0,0,0,0,0,0,0,0,0,0,0,0,0,0
GF15_d71_C4_stool,0,0,0,0,0.22622,0,0,0,0,0,0,0,0,0,0,0,99.77378,0,0,0,0,0,0,0,0,0,0,0,0,0,0,0,0,0,0,0,0,0,0,0,0,0,0,0,0,0,0,0,0,0,0
GF15_INOC,29.53727,28.25817,19.2124,5.91805,8.9089,2.16499,2.03977,1.63877,1.48598,0.20551,0.57167,0,0,0,0,0,0,0,0,0,0,0,0,0,0,0,0,0,0,0,0,0,0.05851,0,0,0,0,0,0,0,0,0,0,0,0,0,0,0,0,0,0
GF16_A1_d32,0,0,0,0,0,48.59238,0,0,0,0,0,0,0,0,0,0,0,0,0,0,0,0,0,0,0,51.40762,0,0,0,0,0,0,0,0,0,0,0,0,0,0,0,0,0,0,0,0,0,0,0,0,0
GF16_A1_d35_colon,0,0,0,0,0,0,0,0,0,0,0,0,0,0,0,0,0,0,0,0,0,0,0,0,0,0,0,0,0,0,0,0,0,0,0,0,100,0,0,0,0,0,0,0,0,0,0,0,0,0,0
GF16_A2_d32,0,0,0,0,0,0,0,0,0,0,0,0,0,0,0,0,0,0,0,0,0,0,0,0,0,100,0,0,0,0,0,0,0,0,0,0,0,0,0,0,0,0,0,0,0,0,0,0,0,0,0
GF16_A2_d35_colon,0,0,0,0,0,43.94071,0,0,0,0,0,0,0,0,0,0,0,0,0,0,0,0,0,0,0,56.05929,0,0,0,0,0,0,0,0,0,0,0,0,0,0,0,0,0,0,0,0,0,0,0,0,0
GF16_A3_d32,0.13897,0,0,0,0,10.89183,0,0,0,0,0,0,0,0,0,0,0,0,0,0,0,0,0,0,0,88.9692,0,0,0,0,0,0,0,0,0,0,0,0,0,0,0,0,0,0,0,0,0,0,0,0,0
GF16_A3_d34,0,0,0,0,0,15.19859,0,0,0,0,0,0,0,0,0,0,0,0,0,0,0,0,0,0,0,64.9185,0,0,0,0,0,0,0,0,0,0,0,19.88291,0,0,0,0,0,0,0,0,0,0,0,0,0
GF16_A3_d35_colon,100,0,0,0,0,0,0,0,0,0,0,0,0,0,0,0,0,0,0,0,0,0,0,0,0,0,0,0,0,0,0,0,0,0,0,0,0,0,0,0,0,0,0,0,0,0,0,0,0,0,0
GF16_a4_d100_stool,2.94721,0,0,0,0,33.57036,0,0,0,0,0,0,0,0,0,0,0,0,0,0,0,0,0,0,0,58.82974,0,0,0,0,0,0,0,0,0,0,0,4.65269,0,0,0,0,0,0,0,0,0,0,0,0,0
GF16_A4_d32,0,0,0,0,0,41.36695,0,0,0,0,0,0,0,0,0,0,0,0,0,0,0,0,0,0,0,58.63305,0,0,0,0,0,0,0,0,0,0,0,0,0,0,0,0,0,0,0,0,0,0,0,0,0
GF16_A5_d32,0,0,0,0,0,0,0,0,0,0,0,0,0,0,0,0,0,0,0,0,0,0,0,0,0,100,0,0,0,0,0,0,0,0,0,0,0,0,0,0,0,0,0,0,0,0,0,0,0,0,0
GF16_A6_d32,0,0,0,0,0,20.53897,0,0,0,0,0,0,0,0,0,0,0,0,0,0,0,0,0,0,0,79.46103,0,0,0,0,0,0,0,0,0,0,0,0,0,0,0,0,0,0,0,0,0,0,0,0,0
GF16_A6_d33,0.26259,0,0,0,0,12.82756,0,0,0,0,0,0,0,0,0,0,0,0,0,0,0,0,0,0,0,86.90985,0,0,0,0,0,0,0,0,0,0,0,0,0,0,0,0,0,0,0,0,0,0,0,0,0
GF16_A6_d35_colon,0,0,0,0,0,0,0,0,0,0,0,0,0,0,0,0,0,0,0,0,0,0,0,0,0,100,0,0,0,0,0,0,0,0,0,0,0,0,0,0,0,0,0,0,0,0,0,0,0,0,0
GF16_A7_d32,1.5768,0,0,0,0,26.98626,0,0,0,0,0,0,0,0,0,0,0,0,0,0,0,0,0,0,0,71.43693,0,0,0,0,0,0,0,0,0,0,0,0,0,0,0,0,0,0,0,0,0,0,0,0,0
GF16_A7_d34,30.1143,0,0,0,0,3.53153,0,0,0,0,0,0,0,0,0,0,0,0,0,0,0,0,0,0,0,66.35417,0,0,0,0,0,0,0,0,0,0,0,0,0,0,0,0,0,0,0,0,0,0,0,0,0
GF16_Adam_d21,0,0,0,0,0,0,0,2.67101,0,0,0,0,0,0,0,0,0,0,0,0,0,0,0,5.53117,0,18.42038,0,0,0,0,0,0,0,0,0,0,0,62.11439,3.87761,3.30882,2.85901,0.88331,0.3343,0,0,0,0,0,0,0,0
GF16_B1_d32,0,0,0,0,0,0,0,0,0,0,0,0,0,0,0,0,0,0,0,0,0,0,0,0,0,100,0,0,0,0,0,0,0,0,0,0,0,0,0,0,0,0,0,0,0,0,0,0,0,0,0
GF16_B2_d32,0,0,0,0,0,0,0,0,0,0,0,0,0,0,0,0,0,0,0,0,0,0,0,0,0,100,0,0,0,0,0,0,0,0,0,0,0,0,0,0,0,0,0,0,0,0,0,0,0,0,0
GF16_B2_d34,6.23082,0,0,0.14211,4.09511,6.87047,0,18.96446,60.27374,0,0,0,0,2.85289,0,0,0.5704,0,0,0,0,0,0,0,0,0,0,0,0,0,0,0,0,0,0,0,0,0,0,0,0,0,0,0,0,0,0,0,0,0,0
GF16_B5_d32,0,0,0,0,0,44.39051,0,0,0,0,0,0,0,0,0,0,0,0,0,0,0,0,0,0,0,55.60949,0,0,0,0,0,0,0,0,0,0,0,0,0,0,0,0,0,0,0,0,0,0,0,0,0
GF16_B5_d33_colon,0,0,0,0,0,29.27045,0,0,0,0,0,0,0,0,0,0,0,0,0,0,0,0,0,0,0,70.72955,0,0,0,0,0,0,0,0,0,0,0,0,0,0,0,0,0,0,0,0,0,0,0,0,0
GF16_B6_d32,0.38575,0,0,0,0,17.16373,0,0,0,0,0,0,0,0,0,0,0,0,0,0,0,0,0,0,0,82.45052,0,0,0,0,0,0,0,0,0,0,0,0,0,0,0,0,0,0,0,0,0,0,0,0,0
GF16_c1_d105_stool,0,0,0,0,0,0.4632,0,0,0,0,0,0,0,0,0,0,0,0,0,0,0,0,0,0,0,99.5368,0,0,0,0,0,0,0,0,0,0,0,0,0,0,0,0,0,0,0,0,0,0,0,0,0
GF16_C1_d34,0,0,0,0,0,0,0,0,0,0,0,0,0,0,0,0,0,0,0,0,0,0,0,0,0,0,0,0,0,0,0,0,0,0,0,0,0,99.06012,0,0.93988,0,0,0,0,0,0,0,0,0,0,0
GF16_C1_d35_colon,98.52817,0,0,0,0,1.27653,0,0,0,0,0,0,0,0,0,0,0,0,0,0,0,0,0,0,0,0,0,0,0,0,0,0,0,0,0,0,0,0.19531,0,0,0,0,0,0,0,0,0,0,0,0,0
GF16_c1_d67_stool,0,0,0,0,0,41.7675,0,0,0,0,0,0,0,0,0,0,0,0,0,0,0,0,0,0,0,58.2325,0,0,0,0,0,0,0,0,0,0,0,0,0,0,0,0,0,0,0,0,0,0,0,0,0
GF16_c1_d69_stool,0,0,0,0,0.90106,0,0,0,0,0,0,0,0,0,0,0,0,0,0,0,0,0,0,0,0,95.05831,0,0,0,0,0,0,0,0,2.70888,0,0,0,0,0,0,1.33174,0,0,0,0,0,0,0,0,0
GF16_c10_d105_stool,0,0,0,0,0,0,0,0,0,0,0,0,0,0,0,0,0,0,0,0,0,0,0,0,0,100,0,0,0,0,0,0,0,0,0,0,0,0,0,0,0,0,0,0,0,0,0,0,0,0,0
GF16_c10_d106_stool,0.18504,0,0,0,0,0,0,0,0,0,0,0,0,0,0,0,0,0,0,0,0,0,0,0,0,99.81496,0,0,0,0,0,0,0,0,0,0,0,0,0,0,0,0,0,0,0,0,0,0,0,0,0
GF16_c2_d105_stool,0,0,0,0,0,0,0,0,0,0,0,0,0,0,0,0,0,0,0,0,0,0,0,0,0,100,0,0,0,0,0,0,0,0,0,0,0,0,0,0,0,0,0,0,0,0,0,0,0,0,0
GF16_C2_d32,0.20767,0,0,0,0,5.8537,0,0,0,0,0,0,0,0,0,0,0,0,0,0,0,0,0,0,0,93.93863,0,0,0,0,0,0,0,0,0,0,0,0,0,0,0,0,0,0,0,0,0,0,0,0,0
GF16_C2_d35_colon,62.66687,0,0,0,0,37.33313,0,0,0,0,0,0,0,0,0,0,0,0,0,0,0,0,0,0,0,0,0,0,0,0,0,0,0,0,0,0,0,0,0,0,0,0,0,0,0,0,0,0,0,0,0
GF16_c2_d67_stool,0,0,0,0,0,47.60953,0,0,0,0,0,0,0,0,0,0,0,0,0,0,0,0,0,0.12507,0,52.2654,0,0,0,0,0,0,0,0,0,0,0,0,0,0,0,0,0,0,0,0,0,0,0,0,0
GF16_c2_d68_stool,0.29895,0,0,0,0,34.37544,0,0,0,0,0,0,0,0,0,0,0,0,0,0,0,0,0,0,0,65.32561,0,0,0,0,0,0,0,0,0,0,0,0,0,0,0,0,0,0,0,0,0,0,0,0,0
GF16_c2_d69_stool,0.08157,0,0,0,0,21.96918,0,0,0,0,0,0,0,0,0,0,0,0,0,0,0,0,0,1.57038,0,76.37887,0,0,0,0,0,0,0,0,0,0,0,0,0,0,0,0,0,0,0,0,0,0,0,0,0
GF16_c3_d105_stool,0,0,0,0,0,6.11221,0,0,0,0,0,0,0,0,0,0,0,0,0,0,0,0,0,0.64712,0,93.24067,0,0,0,0,0,0,0,0,0,0,0,0,0,0,0,0,0,0,0,0,0,0,0,0,0
GF16_C3_d32,0.21826,0,0,0,0,29.13137,0,0,0,0,0,0,0,0,0,0,0,0,0,0,0,0,0,0,0,70.65037,0,0,0,0,0,0,0,0,0,0,0,0,0,0,0,0,0,0,0,0,0,0,0,0,0
GF16_C3_d33,0,0,0,0,0,49.97307,0,0,0,0,0,0,0,0,0,0,0,0,0,0,0,0,0,0,0,50.02693,0,0,0,0,0,0,0,0,0,0,0,0,0,0,0,0,0,0,0,0,0,0,0,0,0
GF16_C3_d35_colon,47.67286,0,0,0,0,52.32714,0,0,0,0,0,0,0,0,0,0,0,0,0,0,0,0,0,0,0,0,0,0,0,0,0,0,0,0,0,0,0,0,0,0,0,0,0,0,0,0,0,0,0,0,0
GF16_c3_d67_stool,0,0,0,0,0,69.34372,0,0,0,0,0,0,0,0,0,0,0,0,0,0,0,0,0,0,0,30.65628,0,0,0,0,0,0,0,0,0,0,0,0,0,0,0,0,0,0,0,0,0,0,0,0,0
GF16_c4_d105_stool,0,0,0,0,0,0,0,0,0,0,0,0,0,0,0,0,0,0,0,0,0,0,0,0,0,100,0,0,0,0,0,0,0,0,0,0,0,0,0,0,0,0,0,0,0,0,0,0,0,0,0
GF16_C4_d33,0,0,0,0,0,9.9767,0,0,0,0,0,0,0,0,0,0,0,0,0,0,0,0,0,3.76533,0,84.92995,0,0,0,0,0,0,0,0,0,0,0,1.32803,0,0,0,0,0,0,0,0,0,0,0,0,0
GF16_C4_d34,0,0,0,0,0,0,0,0,0,0,0,0,0,0,0,0,0,0,0,0,0,0,0,0,0,4.10685,0,0,0,0,0,0,0,0,0,0,0,80.80165,0,15.0915,0,0,0,0,0,0,0,0,0,0,0
GF16_C4_d35_colon,49.43773,0,0,0,0,50.22141,0,0,0,0,0,0,0,0,0,0,0,0,0,0,0,0,0,0,0,0.34086,0,0,0,0,0,0,0,0,0,0,0,0,0,0,0,0,0,0,0,0,0,0,0,0,0
GF16_c4_d67_stool,0,0,0,0,0,55.5187,0,0,0,0,0,0,0,0,0,0,0,0,0,0,0,0,0,0,0,44.4813,0,0,0,0,0,0,0,0,0,0,0,0,0,0,0,0,0,0,0,0,0,0,0,0,0
GF16_c4_d69_stool,0,0,0,0,0,51.64967,0,0,0,0,0,0,0,0,0,0,0,0,0,0,0,0,0,0,0,48.35033,0,0,0,0,0,0,0,0,0,0,0,0,0,0,0,0,0,0,0,0,0,0,0,0,0
GF16_c5_d105_stool,0,0,0,0,0,0,0,0,0,0,0,0,0,0,0,0,0,0,0,0,0,0,0,0,0,100,0,0,0,0,0,0,0,0,0,0,0,0,0,0,0,0,0,0,0,0,0,0,0,0,0
GF16_C5_d32,0,0,0,0,0,16.58157,0,0,0,0,0,0,0,0,0,0,0,0,0,0,0,0,0,0,0,83.41843,0,0,0,0,0,0,0,0,0,0,0,0,0,0,0,0,0,0,0,0,0,0,0,0,0
GF16_C5_d35_colon,53.1508,0,0,0,0,46.8492,0,0,0,0,0,0,0,0,0,0,0,0,0,0,0,0,0,0,0,0,0,0,0,0,0,0,0,0,0,0,0,0,0,0,0,0,0,0,0,0,0,0,0,0,0
GF16_c5_d67_stool,0,0,0,0,0,35.72967,0,0,0,0,0,0,0,0,0,0,0,0,0,0,0,0,0,0,0,64.27033,0,0,0,0,0,0,0,0,0,0,0,0,0,0,0,0,0,0,0,0,0,0,0,0,0
GF16_c5_d68_stool,0,0,0,0,0,33.2506,0,0,0,0,0,0,0,0,0,0,0,0,0,0,0,0,0,0,0,66.7494,0,0,0,0,0,0,0,0,0,0,0,0,0,0,0,0,0,0,0,0,0,0,0,0,0
GF16_c6_d105_stool,0,0,0,0,0,2.88226,0,0,0,0,0,0,0,0,0,0,0,0,0,0,0,0,0,0,0,97.11774,0,0,0,0,0,0,0,0,0,0,0,0,0,0,0,0,0,0,0,0,0,0,0,0,0
GF16_c7_d105_stool,0.02306,0,0,0,0,0,0,0,0,0,0,0,0,0,0,0,0,0,0,0,0,0,0,0,0,99.97694,0,0,0,0,0,0,0,0,0,0,0,0,0,0,0,0,0,0,0,0,0,0,0,0,0
GF16_inoc_200622,0,0,0,0,1.7771,0,0,0.48976,0,0,0,0,0,0,0.00562,0,0,0,0,0,0,0,0,12.1128,0,76.52548,0,0,0,0,0,0,0,0,0,0,0,8.1886,0,0.25601,0.35588,0.28876,0,0,0,0,0,0,0,0,0
GF17_a1_d31_stool,0.6928,0,0,0,0,93.41811,0,0.24287,0,0,0,0,0,0.25721,0,0,5.38901,0,0,0,0,0,0,0,0,0,0,0,0,0,0,0,0,0,0,0,0,0,0,0,0,0,0,0,0,0,0,0,0,0,0
GF17_a2_d31_stool,0.99821,0,0,0,0,49.34152,0,2.22322,0,0,0,0,0,0.78598,0,0,46.65107,0,0,0,0,0,0,0,0,0,0,0,0,0,0,0,0,0,0,0,0,0,0,0,0,0,0,0,0,0,0,0,0,0,0
GF17_a3_d31_stool,0.3444,0,0,0,0,31.90807,0,0.43113,0,0,0,0,0,0.72986,0,0,66.58655,0,0,0,0,0,0,0,0,0,0,0,0,0,0,0,0,0,0,0,0,0,0,0,0,0,0,0,0,0,0,0,0,0,0
GF17_a4_d31_stool,0.13742,0,0,0,0,84.47148,0,0,0,0,0,0,0,0,0,0,15.3911,0,0,0,0,0,0,0,0,0,0,0,0,0,0,0,0,0,0,0,0,0,0,0,0,0,0,0,0,0,0,0,0,0,0
GF17_a5_d31_stool,0.29929,0,0,0,0,29.89562,0,0.01863,0,0,0,0,0,0.03221,0,0,69.75424,0,0,0,0,0,0,0,0,0,0,0,0,0,0,0,0,0,0,0,0,0,0,0,0,0,0,0,0,0,0,0,0,0,0
GF17_a6_d31_stool,0.05218,0,0,0,0,79.261,0,0,0,1.70309,0,0,0,0,0,0,18.98373,0,0,0,0,0,0,0,0,0,0,0,0,0,0,0,0,0,0,0,0,0,0,0,0,0,0,0,0,0,0,0,0,0,0
GF17_a7_d31_stool,0,0,0,0,0,60.34679,0,0,0,0,0,0,0,0,0,0,39.65321,0,0,0,0,0,0,0,0,0,0,0,0,0,0,0,0,0,0,0,0,0,0,0,0,0,0,0,0,0,0,0,0,0,0
GF17_b2_d31_stool,0,0,0,0,0,82.89858,0,0,0,0.33582,0,0,0,0,0,0,16.7656,0,0,0,0,0,0,0,0,0,0,0,0,0,0,0,0,0,0,0,0,0,0,0,0,0,0,0,0,0,0,0,0,0,0
GF17_b3_d31_stool,0,0,0,0,0,89.63083,0,0,0,0,0,0,0,0,0,0,10.36917,0,0,0,0,0,0,0,0,0,0,0,0,0,0,0,0,0,0,0,0,0,0,0,0,0,0,0,0,0,0,0,0,0,0
GF17_b6_d31_stool,0,0,0,0,0,17.20237,0,0,0,0,0,0,0,0.08218,0,0,82.71545,0,0,0,0,0,0,0,0,0,0,0,0,0,0,0,0,0,0,0,0,0,0,0,0,0,0,0,0,0,0,0,0,0,0
GF17_inoc_200903,0,0,0,0,0,55.07845,0,0,10.43983,32.4877,0,0,0,0,0,0,0.7255,0,0,1.26851,0,0,0,0,0,0,0,0,0,0,0,0,0,0,0,0,0,0,0,0,0,0,0,0,0,0,0,0,0,0,0
GF18_a1_d32_stool,1.12064,0,0,0,0,0,0,0.55963,0,0,0,0,0,0.35721,0.05003,14.62759,83.2849,0,0,0,0,0,0,0,0,0,0,0,0,0,0,0,0,0,0,0,0,0,0,0,0,0,0,0,0,0,0,0,0,0,0
GF18_a1_d33_stool,0.75258,0,0,0,0,0,0,33.06333,0,0,0,0,0,3.86084,9.23303,8.26237,44.82786,0,0,0,0,0,0,0,0,0,0,0,0,0,0,0,0,0,0,0,0,0,0,0,0,0,0,0,0,0,0,0,0,0,0
GF18_a1_d35_colon,95.68696,0,0,0,0,0,0,0,0,0,0,0,0,0,4.31304,0,0,0,0,0,0,0,0,0,0,0,0,0,0,0,0,0,0,0,0,0,0,0,0,0,0,0,0,0,0,0,0,0,0,0,0
GF18_a2_d33_stool,0.10537,0,0,0,0,0,0,0,0,0,0,0,0,0,0,0,99.89463,0,0,0,0,0,0,0,0,0,0,0,0,0,0,0,0,0,0,0,0,0,0,0,0,0,0,0,0,0,0,0,0,0,0
GF18_a2_d35_colon,9.99751,0,0,0,0,0,0,0,0,0,0,0,0,0,0,0,0,0,0,0,0,0,0,0,0,0,0,0,0,0,0,0,0,0,90.00249,0,0,0,0,0,0,0,0,0,0,0,0,0,0,0,0
GF18_a2_d54_colon,8.04728,0,0,0,0,0,0,4.9243,0,0,0,0,0,0.84781,17.03681,0,69.1438,0,0,0,0,0,0,0,0,0,0,0,0,0,0,0,0,0,0,0,0,0,0,0,0,0,0,0,0,0,0,0,0,0,0
GF18_a3_d35_colon,31.4095,0,0,0,0,0,0,0,0,0,0,5.7653,0,0,0,0,62.8252,0,0,0,0,0,0,0,0,0,0,0,0,0,0,0,0,0,0,0,0,0,0,0,0,0,0,0,0,0,0,0,0,0,0
GF18_a3_d54_colon,2.80997,0,0,0,0,0,0,8.26287,0,0,0,0,0,0.59904,13.99392,0,74.3342,0,0,0,0,0,0,0,0,0,0,0,0,0,0,0,0,0,0,0,0,0,0,0,0,0,0,0,0,0,0,0,0,0,0
GF18_a4_d32_stool,0.50527,0,0,0,0,0,0,0.83823,0,0,0,0,0,0.34348,0,0,98.31302,0,0,0,0,0,0,0,0,0,0,0,0,0,0,0,0,0,0,0,0,0,0,0,0,0,0,0,0,0,0,0,0,0,0
GF18_a4_d33_stool,0.87331,0,0,0,0,0,0,25.54918,0,0,0,0,0,3.73894,20.73127,0,49.1073,0,0,0,0,0,0,0,0,0,0,0,0,0,0,0,0,0,0,0,0,0,0,0,0,0,0,0,0,0,0,0,0,0,0
GF18_a4_d35_colon,99.69597,0,0,0,0,0,0,0,0,0,0,0,0,0.30403,0,0,0,0,0,0,0,0,0,0,0,0,0,0,0,0,0,0,0,0,0,0,0,0,0,0,0,0,0,0,0,0,0,0,0,0,0
GF18_a4_d54_colon,1.29312,0,0,0,0,0,0,0,0,0,0,0,0,0,0,0,98.23824,0,0,0,0,0,0,0,0,0,0,0,0,0,0,0,0,0,0.46864,0,0,0,0,0,0,0,0,0,0,0,0,0,0,0,0
GF18_a5_d54_colon,5.0831,0,0,0,0,0,0,8.64404,0,0,0,0,0,0.83871,2.95287,0,82.48128,0,0,0,0,0,0,0,0,0,0,0,0,0,0,0,0,0,0,0,0,0,0,0,0,0,0,0,0,0,0,0,0,0,0
GF18_adam_d33_stoolsoln,82.66301,0,0.13864,0,0,0,0,0.13386,0,0,0,0,0,6.20848,10.79604,0,0.05997,0,0,0,0,0,0,0,0,0,0,0,0,0,0,0,0,0,0,0,0,0,0,0,0,0,0,0,0,0,0,0,0,0,0
GF18_b3_d32_stool,0,0,0,0,0,0,0,0.08683,0,0,0,0,0,0.06263,0,0,99.85053,0,0,0,0,0,0,0,0,0,0,0,0,0,0,0,0,0,0,0,0,0,0,0,0,0,0,0,0,0,0,0,0,0,0
GF18_b3_d33_stool,0.56661,0,0,0,0,0,0,6.58196,0,0,0,0,0,0.7995,4.21408,0,87.83785,0,0,0,0,0,0,0,0,0,0,0,0,0,0,0,0,0,0,0,0,0,0,0,0,0,0,0,0,0,0,0,0,0,0
GF18_b3_d35_colon,0,0,0,0,0,0,0,0,0,0,0,0,0,0,0,0,100,0,0,0,0,0,0,0,0,0,0,0,0,0,0,0,0,0,0,0,0,0,0,0,0,0,0,0,0,0,0,0,0,0,0
GF18_b4_d32_stool,0.65696,0,0,0,0,0,0,0.71038,0,0,0,0,0,0.44084,0,0,98.19181,0,0,0,0,0,0,0,0,0,0,0,0,0,0,0,0,0,0,0,0,0,0,0,0,0,0,0,0,0,0,0,0,0,0
GF18_b4_d35_colon,0,0,0,0,0,9.7478,0,0,0,0,0,0,0,0,0.33294,0,89.91926,0,0,0,0,0,0,0,0,0,0,0,0,0,0,0,0,0,0,0,0,0,0,0,0,0,0,0,0,0,0,0,0,0,0
GF18_bdam_d33_stoolsoln,0.36124,0,0,0.18861,0,0,0,0.26064,1.07446,0,0,0,0,1.63715,6.81325,0,89.66466,0,0,0,0,0,0,0,0,0,0,0,0,0,0,0,0,0,0,0,0,0,0,0,0,0,0,0,0,0,0,0,0,0,0
GF18_d0_innoculum,63.63987,0,0,0,0,0,0.00866,2.59811,0,0,4.65721,0,0,1.00998,2.15677,0.00704,25.92236,0,0,0,0,0,0,0,0,0,0,0,0,0,0,0,0,0,0,0,0,0,0,0,0,0,0,0,0,0,0,0,0,0,0
GF2_A_dam_d33,10.72864,0,0,0,82.89008,0,0,0,0,0,0,0,0,6.38128,0,0,0,0,0,0,0,0,0,0,0,0,0,0,0,0,0,0,0,0,0,0,0,0,0,0,0,0,0,0,0,0,0,0,0,0,0
GF2_A_dam_day19,3.03895,0,0,0,24.11772,2.11969,0,54.82931,0.70188,0,0,0.77949,0,13.45147,0,0,0.23691,0,0,0,0,0,0,0,0,0,0,0,0,0,0,0,0.72458,0,0,0,0,0,0,0,0,0,0,0,0,0,0,0,0,0,0
GF2_A_dam_day29,48.66391,0,0,0,50.71415,0,0,0,0,0,0,0,0,0.62194,0,0,0,0,0,0,0,0,0,0,0,0,0,0,0,0,0,0,0,0,0,0,0,0,0,0,0,0,0,0,0,0,0,0,0,0,0
GF2_A_day1_dad,18.3531,0,0,0,0,19.03439,0,58.56437,2.35928,0,0,0,0,1.68887,0,0,0,0,0,0,0,0,0,0,0,0,0,0,0,0,0,0,0,0,0,0,0,0,0,0,0,0,0,0,0,0,0,0,0,0,0
GF2_A_day1_mom,16.52056,0,0,0,0,39.88051,0,36.589,4.23439,0,0,0.11901,0,2.65654,0,0,0,0,0,0,0,0,0,0,0,0,0,0,0,0,0,0,0,0,0,0,0,0,0,0,0,0,0,0,0,0,0,0,0,0,0
GF2_A1_d37,1.54566,0,0.7294,0.41179,34.15594,1.2316,0,39.93323,1.67016,0,10.88429,0.25964,0,9.04741,0,0,0.13088,0,0,0,0,0,0,0,0,0,0,0,0,0,0,0,0,0,0,0,0,0,0,0,0,0,0,0,0,0,0,0,0,0,0
GF2_A1_d39,0.99044,0,0,0,0.25451,11.90945,0,65.33608,13.64455,0,0,0,0,7.44743,0,0,0.41754,0,0,0,0,0,0,0,0,0,0,0,0,0,0,0,0,0,0,0,0,0,0,0,0,0,0,0,0,0,0,0,0,0,0
GF2_A1_day28,0.13491,0,0,0,0,89.08434,0,0,10.78076,0,0,0,0,0,0,0,0,0,0,0,0,0,0,0,0,0,0,0,0,0,0,0,0,0,0,0,0,0,0,0,0,0,0,0,0,0,0,0,0,0,0
GF2_A1_day29,1.32712,0,0,0,0.67832,84.27633,0,0.52433,12.27738,0,0,0,0,0.91652,0,0,0,0,0,0,0,0,0,0,0,0,0,0,0,0,0,0,0,0,0,0,0,0,0,0,0,0,0,0,0,0,0,0,0,0,0
GF2_A1_day30,0,0,0,0,0,88.14681,0,0,11.85319,0,0,0,0,0,0,0,0,0,0,0,0,0,0,0,0,0,0,0,0,0,0,0,0,0,0,0,0,0,0,0,0,0,0,0,0,0,0,0,0,0,0
GF2_A1_day31,2.2321,0,0,0,11.84523,18.95924,0,48.72586,3.81626,0,0,0,0,14.42131,0,0,0,0,0,0,0,0,0,0,0,0,0,0,0,0,0,0,0,0,0,0,0,0,0,0,0,0,0,0,0,0,0,0,0,0,0
GF2_A1_day32,7.43609,0,0,0,1.65389,76.03659,0,0,14.87342,0,0,0,0,0,0,0,0,0,0,0,0,0,0,0,0,0,0,0,0,0,0,0,0,0,0,0,0,0,0,0,0,0,0,0,0,0,0,0,0,0,0
GF2_A1_day41,0.44079,0,0,0,7.67627,0.83782,0,53.22474,32.83169,0,0,0.38629,0,3.99425,0,0,0.60816,0,0,0,0,0,0,0,0,0,0,0,0,0,0,0,0,0,0,0,0,0,0,0,0,0,0,0,0,0,0,0,0,0,0
GF2_A1_day42,0.86926,0,0,0,1.79555,36.56605,0,23.75289,35.47252,0,0,0,0,1.54374,0,0,0,0,0,0,0,0,0,0,0,0,0,0,0,0,0,0,0,0,0,0,0,0,0,0,0,0,0,0,0,0,0,0,0,0,0
GF2_A1_day44,2.3056,0,0,0,1.2568,43.11666,0,0.88617,52.43476,0,0,0,0,0,0,0,0,0,0,0,0,0,0,0,0,0,0,0,0,0,0,0,0,0,0,0,0,0,0,0,0,0,0,0,0,0,0,0,0,0,0
GF2_A2_Colon,0.28807,0,0,0,16.37148,2.37973,0,9.13904,68.72967,0,0,0.22767,0,2.86434,0,0,0,0,0,0,0,0,0,0,0,0,0,0,0,0,0,0,0,0,0,0,0,0,0,0,0,0,0,0,0,0,0,0,0,0,0
GF2_A2_d36,0.74478,0,0,0,1.69692,9.74976,0,80.11771,1.69724,0,0,0,0,5.99359,0,0,0,0,0,0,0,0,0,0,0,0,0,0,0,0,0,0,0,0,0,0,0,0,0,0,0,0,0,0,0,0,0,0,0,0,0
GF2_A2_D37,16.186,0,0,0,2.30283,8.33522,0,58.53217,1.45924,0,0,0,0,12.70375,0,0,0.48081,0,0,0,0,0,0,0,0,0,0,0,0,0,0,0,0,0,0,0,0,0,0,0,0,0,0,0,0,0,0,0,0,0,0
GF2_A2_d39,1.75912,0,0,0,0.1319,3.03522,0,77.31543,8.71643,0,0,0,0,7.48363,0,0,1.55827,0,0,0,0,0,0,0,0,0,0,0,0,0,0,0,0,0,0,0,0,0,0,0,0,0,0,0,0,0,0,0,0,0,0
GF2_A2_day28,0,0,0,0,0,90.57437,0,0,9.42563,0,0,0,0,0,0,0,0,0,0,0,0,0,0,0,0,0,0,0,0,0,0,0,0,0,0,0,0,0,0,0,0,0,0,0,0,0,0,0,0,0,0
GF2_A2_day29,0.29676,0,0,0,0.16344,84.89639,0,0,14.57744,0,0,0,0,0.06597,0,0,0,0,0,0,0,0,0,0,0,0,0,0,0,0,0,0,0,0,0,0,0,0,0,0,0,0,0,0,0,0,0,0,0,0,0
GF2_A2_day30,2.36287,0,0,0,43.81059,4.55421,0,35.89123,3.2382,0,0,0,0,7.46824,0,0,2.67466,0,0,0,0,0,0,0,0,0,0,0,0,0,0,0,0,0,0,0,0,0,0,0,0,0,0,0,0,0,0,0,0,0,0
GF2_A2_day31,2.30904,0,0,0,0.34451,67.28259,0,0,30.06387,0,0,0,0,0,0,0,0,0,0,0,0,0,0,0,0,0,0,0,0,0,0,0,0,0,0,0,0,0,0,0,0,0,0,0,0,0,0,0,0,0,0
GF2_A2_day32,3.0656,0,0,0,46.64562,2.5991,0,36.40847,2.33605,0,0,0,0,7.25716,0,0,1.688,0,0,0,0,0,0,0,0,0,0,0,0,0,0,0,0,0,0,0,0,0,0,0,0,0,0,0,0,0,0,0,0,0,0
GF2_A2_day34,3.51452,2.57721,6.55581,4.49583,23.88586,1.88598,0,35.68441,3.01079,0,5.77112,0,0,11.38212,0,0,0,0,0,0,0,0,0,0,0,0,0,0,0,0,0,0,0.15774,1.07861,0,0,0,0,0,0,0,0,0,0,0,0,0,0,0,0,0
GF2_A2_day41,0.19186,0,0,0,1.50241,2.49188,0,61.53767,25.40039,0,0,0.24567,0,8.0105,0,0,0.61962,0,0,0,0,0,0,0,0,0,0,0,0,0,0,0,0,0,0,0,0,0,0,0,0,0,0,0,0,0,0,0,0,0,0
GF2_A2_day42,1.716,0,0,0,3.20625,51.4627,0,23.08733,17.76477,0,0,0.043,0,2.54763,0,0,0.17233,0,0,0,0,0,0,0,0,0,0,0,0,0,0,0,0,0,0,0,0,0,0,0,0,0,0,0,0,0,0,0,0,0,0
GF2_A2_day44,4.1636,0,0,0,21.93835,33.95527,0,22.83584,16.15311,0,0,0,0,0.95383,0,0,0,0,0,0,0,0,0,0,0,0,0,0,0,0,0,0,0,0,0,0,0,0,0,0,0,0,0,0,0,0,0,0,0,0,0
GF2_A25_N713,2.03167,0,3.34193,0.39281,0,0,0,54.78429,0.84495,0,4.894,0,0,9.14932,17.82531,0.75965,3.54137,0,0,0,2.4347,0,0,0,0,0,0,0,0,0,0,0,0,0,0,0,0,0,0,0,0,0,0,0,0,0,0,0,0,0,0
GF2_A3_Colon,1.01388,0,0,0,31.15661,0.52291,0,19.2648,41.43257,0,0,0.4167,0,5.23335,0,0,0.84172,0,0,0,0,0,0,0,0,0,0,0,0,0,0,0,0,0.11746,0,0,0,0,0,0,0,0,0,0,0,0,0,0,0,0,0
GF2_A3_d37,0.46853,0,0,0,14.38746,7.21321,0,65.02934,0.60651,0,0,0,0,12.29495,0,0,0,0,0,0,0,0,0,0,0,0,0,0,0,0,0,0,0,0,0,0,0,0,0,0,0,0,0,0,0,0,0,0,0,0,0
GF2_A3_d39,0.04571,0,0,0,29.92258,6.85798,0,46.2791,7.25253,0,0,0,0,9.6421,0,0,0,0,0,0,0,0,0,0,0,0,0,0,0,0,0,0,0,0,0,0,0,0,0,0,0,0,0,0,0,0,0,0,0,0,0
GF2_A3_day28,0,0,0,0,0,100,0,0,0,0,0,0,0,0,0,0,0,0,0,0,0,0,0,0,0,0,0,0,0,0,0,0,0,0,0,0,0,0,0,0,0,0,0,0,0,0,0,0,0,0,0
GF2_A3_day30,4.92485,0,0,0,41.36087,7.60437,0,37.39638,4.6765,0,0,0,0,2.35828,0,0,1.67875,0,0,0,0,0,0,0,0,0,0,0,0,0,0,0,0,0,0,0,0,0,0,0,0,0,0,0,0,0,0,0,0,0,0
GF2_A3_day32,2.00644,0,0,0,64.03964,4.57404,0,23.85024,1.96693,0,0,0,0,1.9834,0,0,1.57931,0,0,0,0,0,0,0,0,0,0,0,0,0,0,0,0,0,0,0,0,0,0,0,0,0,0,0,0,0,0,0,0,0,0
GF2_A3_day41,0.49644,0,0,0.37319,48.09963,0.95137,0,30.7747,11.01135,0,4.43839,0.16879,0,3.02532,0,0,0.6608,0,0,0,0,0,0,0,0,0,0,0,0,0,0,0,0,0,0,0,0,0,0,0,0,0,0,0,0,0,0,0,0,0,0
GF2_A3_day42,1.35849,0,0,0,0.90822,74.70135,0,2.78048,19.01131,0,0,0,0,1.24015,0,0,0,0,0,0,0,0,0,0,0,0,0,0,0,0,0,0,0,0,0,0,0,0,0,0,0,0,0,0,0,0,0,0,0,0,0
GF2_A4_Colon,0,0,0,0,2.84825,0,0,11.51028,84.86975,0,0,0,0,0.77172,0,0,0,0,0,0,0,0,0,0,0,0,0,0,0,0,0,0,0,0,0,0,0,0,0,0,0,0,0,0,0,0,0,0,0,0,0
GF2_A4_d36,2.00022,0,0,0,55.64148,3.60614,0,35.98186,0.60523,0,0,0,0,2.16507,0,0,0,0,0,0,0,0,0,0,0,0,0,0,0,0,0,0,0,0,0,0,0,0,0,0,0,0,0,0,0,0,0,0,0,0,0
GF2_A4_d37,2.44314,0,0,0,0.48198,14.36231,0,69.78344,3.01858,0,0,0,0,9.91055,0,0,0,0,0,0,0,0,0,0,0,0,0,0,0,0,0,0,0,0,0,0,0,0,0,0,0,0,0,0,0,0,0,0,0,0,0
GF2_A4_D39,0.54994,0,0,0,0.4855,5.15062,0,67.10627,16.41681,0,0,0,0,8.46464,0,0,1.82622,0,0,0,0,0,0,0,0,0,0,0,0,0,0,0,0,0,0,0,0,0,0,0,0,0,0,0,0,0,0,0,0,0,0
GF2_A4_day28,0.17214,0,0,0,0,79.54198,0,0,20.28588,0,0,0,0,0,0,0,0,0,0,0,0,0,0,0,0,0,0,0,0,0,0,0,0,0,0,0,0,0,0,0,0,0,0,0,0,0,0,0,0,0,0
GF2_A4_day29,1.08253,0,0,0,0.59705,70.42274,0,0.24349,26.33966,0,0,0,0,1.31454,0,0,0,0,0,0,0,0,0,0,0,0,0,0,0,0,0,0,0,0,0,0,0,0,0,0,0,0,0,0,0,0,0,0,0,0,0
GF2_A4_day30,2.07135,0,0,0,52.73717,3.65245,0,31.74681,5.13787,0,0,0,0,2.99832,0,0,1.65604,0,0,0,0,0,0,0,0,0,0,0,0,0,0,0,0,0,0,0,0,0,0,0,0,0,0,0,0,0,0,0,0,0,0
GF2_A4_day31,1.78832,0,0,0,0,72.1772,0,0,26.03448,0,0,0,0,0,0,0,0,0,0,0,0,0,0,0,0,0,0,0,0,0,0,0,0,0,0,0,0,0,0,0,0,0,0,0,0,0,0,0,0,0,0
GF2_A4_day32,2.39137,0,0,0,49.99856,4.47873,0,33.70459,4.29585,0,0,0,0,4.88048,0,0,0.25042,0,0,0,0,0,0,0,0,0,0,0,0,0,0,0,0,0,0,0,0,0,0,0,0,0,0,0,0,0,0,0,0,0,0
GF2_A4_day41,0.44257,0,0,0,48.43964,2.06963,0,37.34139,1.28146,0,3.39859,0.21559,0,6.48886,0,0,0.32226,0,0,0,0,0,0,0,0,0,0,0,0,0,0,0,0,0,0,0,0,0,0,0,0,0,0,0,0,0,0,0,0,0,0
GF2_A4_day42,0.81482,0,0,0,11.27871,30.54756,0,10.70103,44.6169,0,0,0,0,1.95667,0,0,0.08432,0,0,0,0,0,0,0,0,0,0,0,0,0,0,0,0,0,0,0,0,0,0,0,0,0,0,0,0,0,0,0,0,0,0
GF2_A4_day44,9.3906,0,0,0,3.29974,46.1296,0,0,40.68411,0,0,0,0,0.49595,0,0,0,0,0,0,0,0,0,0,0,0,0,0,0,0,0,0,0,0,0,0,0,0,0,0,0,0,0,0,0,0,0,0,0,0,0
GF2_A5_Colon,0.0555,0,0,0,5.66059,0.14629,0,2.9905,90.29074,0,0,0,0,0.82404,0,0,0,0,0,0,0,0,0,0,0,0,0,0,0,0,0,0,0,0.03235,0,0,0,0,0,0,0,0,0,0,0,0,0,0,0,0,0
GF2_A5_d39,0.40158,0,0,0,39.16276,1.64832,0,39.929,10.92735,0,0,0,0,7.32342,0,0,0.60757,0,0,0,0,0,0,0,0,0,0,0,0,0,0,0,0,0,0,0,0,0,0,0,0,0,0,0,0,0,0,0,0,0,0
GF2_A5_day28,0,0,0,0,0,100,0,0,0,0,0,0,0,0,0,0,0,0,0,0,0,0,0,0,0,0,0,0,0,0,0,0,0,0,0,0,0,0,0,0,0,0,0,0,0,0,0,0,0,0,0
GF2_A5_day31,19.12273,0,0,0,0.79856,55.82431,0,0,23.9644,0,0,0,0,0.29,0,0,0,0,0,0,0,0,0,0,0,0,0,0,0,0,0,0,0,0,0,0,0,0,0,0,0,0,0,0,0,0,0,0,0,0,0
GF2_A5_day32,9.78022,0,0,0,0.59193,68.28086,0,0,21.34699,0,0,0,0,0,0,0,0,0,0,0,0,0,0,0,0,0,0,0,0,0,0,0,0,0,0,0,0,0,0,0,0,0,0,0,0,0,0,0,0,0,0
GF2_A5_day42,1.10749,0,0,0,24.67441,23.67087,0,22.40867,22.23742,0,0,0.1133,0,5.06285,0,0,0.72498,0,0,0,0,0,0,0,0,0,0,0,0,0,0,0,0,0,0,0,0,0,0,0,0,0,0,0,0,0,0,0,0,0,0
GF2_A6_Colon,0,0,0,0,0,0,0,22.5806,77.4194,0,0,0,0,0,0,0,0,0,0,0,0,0,0,0,0,0,0,0,0,0,0,0,0,0,0,0,0,0,0,0,0,0,0,0,0,0,0,0,0,0,0
GF2_A6_d33,2.25316,1.70276,5.10906,3.01749,30.79086,1.00143,0,33.58999,3.30638,0,9.75504,0,0,8.56904,0,0,0.04545,0,0,0,0,0,0,0,0,0,0,0,0,0,0,0,0.06591,0.79343,0,0,0,0,0,0,0,0,0,0,0,0,0,0,0,0,0
GF2_A6_d36,2.47987,0,0,0,44.50396,1.45503,0,45.35332,1.04656,0,0,0,0,4.6781,0,0,0.48316,0,0,0,0,0,0,0,0,0,0,0,0,0,0,0,0,0,0,0,0,0,0,0,0,0,0,0,0,0,0,0,0,0,0
GF2_A6_d37,1.92221,0,0,0,4.17614,6.26334,0,64.47918,1.64336,0,0,0,0,21.30391,0,0,0.21186,0,0,0,0,0,0,0,0,0,0,0,0,0,0,0,0,0,0,0,0,0,0,0,0,0,0,0,0,0,0,0,0,0,0
GF2_A6_D39,1.21138,0,0,0,0.27811,6.93814,0,75.1645,7.52449,0,0,0,0,6.45464,0,0,2.42874,0,0,0,0,0,0,0,0,0,0,0,0,0,0,0,0,0,0,0,0,0,0,0,0,0,0,0,0,0,0,0,0,0,0
GF2_A6_day28,0.7404,0,0,0,0,85.52806,0,0,13.71348,0,0,0,0,0.01806,0,0,0,0,0,0,0,0,0,0,0,0,0,0,0,0,0,0,0,0,0,0,0,0,0,0,0,0,0,0,0,0,0,0,0,0,0
GF2_A6_day29,1.76165,0,0,0,1.29099,76.22545,0,0,20.26214,0,0,0,0,0.38456,0,0,0.07521,0,0,0,0,0,0,0,0,0,0,0,0,0,0,0,0,0,0,0,0,0,0,0,0,0,0,0,0,0,0,0,0,0,0
GF2_A6_day30,1.25683,0,0,0,51.4989,6.63204,0,30.98675,4.34648,0,0,0,0,3.72206,0,0,1.52483,0,0,0,0,0,0,0,0,0,0,0,0,0,0,0,0,0.03211,0,0,0,0,0,0,0,0,0,0,0,0,0,0,0,0,0
GF2_A6_day31,42.23421,0,0,0,17.27904,19.66252,0,0,20.26887,0,0,0,0,0.55536,0,0,0,0,0,0,0,0,0,0,0,0,0,0,0,0,0,0,0,0,0,0,0,0,0,0,0,0,0,0,0,0,0,0,0,0,0
GF2_A6_day32,10.33301,0,0,0,0,57.317,0,0,32.18672,0,0,0,0,0.16327,0,0,0,0,0,0,0,0,0,0,0,0,0,0,0,0,0,0,0,0,0,0,0,0,0,0,0,0,0,0,0,0,0,0,0,0,0
GF2_A6_day44,1.28484,0,0,0.51358,12.89691,5.00852,0,63.72009,7.28592,0,0,0,0,7.35466,0,0,1.93548,0,0,0,0,0,0,0,0,0,0,0,0,0,0,0,0,0,0,0,0,0,0,0,0,0,0,0,0,0,0,0,0,0,0
GF2_B_dam_d33,1.49502,0,0,0.02255,49.40654,1.8261,0,38.57818,0.63292,0,3.90827,0,0,4.02463,0,0,0.10579,0,0,0,0,0,0,0,0,0,0,0,0,0,0,0,0,0,0,0,0,0,0,0,0,0,0,0,0,0,0,0,0,0,0
GF2_B_dam_day19,1.16269,0,0.6714,0.04466,43.32219,0.62086,0,34.15325,0.36764,0,13.83046,0,0,5.72589,0,0,0.10097,0,0,0,0,0,0,0,0,0,0,0,0,0,0,0,0,0,0,0,0,0,0,0,0,0,0,0,0,0,0,0,0,0,0
GF2_B_dam_day37,0.33365,0,0.62629,0.16464,37.50699,0.58178,0,40.67441,0,0,11.31129,0.00819,0,8.52294,0,0,0.26983,0,0,0,0,0,0,0,0,0,0,0,0,0,0,0,0,0,0,0,0,0,0,0,0,0,0,0,0,0,0,0,0,0,0
GF2_B_day1_dad,20.85959,0,0,0,0,14.64444,0,63.47724,1.01874,0,0,0,0,0,0,0,0,0,0,0,0,0,0,0,0,0,0,0,0,0,0,0,0,0,0,0,0,0,0,0,0,0,0,0,0,0,0,0,0,0,0
GF2_B_day1_mom,21.16103,0,0,0,0,28.33322,0,42.82495,3.55697,0,0,0,0,4.12382,0,0,0,0,0,0,0,0,0,0,0,0,0,0,0,0,0,0,0,0,0,0,0,0,0,0,0,0,0,0,0,0,0,0,0,0,0
GF2_B_Sire_day23,0.66007,0.63206,4.69201,1.35707,36.31841,0.49238,0,37.30805,1.01448,0,10.6439,0,0,6.24039,0,0,0,0,0,0,0,0,0,0,0,0,0,0,0,0,0,0,0,0.64119,0,0,0,0,0,0,0,0,0,0,0,0,0,0,0,0,0
GF2_B1_d34,3.08676,0,0,0,52.42429,1.99405,0,36.79931,2.05337,0,0,0,0,3.27929,0,0,0.36293,0,0,0,0,0,0,0,0,0,0,0,0,0,0,0,0,0,0,0,0,0,0,0,0,0,0,0,0,0,0,0,0,0,0
GF2_B1_d35,0,0,0,0,9.99139,1.30061,0,80.23478,0,0,0,0,0,6.56153,0,0,1.91168,0,0,0,0,0,0,0,0,0,0,0,0,0,0,0,0,0,0,0,0,0,0,0,0,0,0,0,0,0,0,0,0,0,0
GF2_B1_day29,2.25889,0,0,0,33.43889,13.14756,0,39.72613,5.30532,0,0,0,0,1.29284,0,0,4.83037,0,0,0,0,0,0,0,0,0,0,0,0,0,0,0,0,0,0,0,0,0,0,0,0,0,0,0,0,0,0,0,0,0,0
GF2_B1_day32,1.60186,0,0,0,41.43498,3.574,0,47.25783,2.06519,0,0,0,0,4.06614,0,0,0,0,0,0,0,0,0,0,0,0,0,0,0,0,0,0,0,0,0,0,0,0,0,0,0,0,0,0,0,0,0,0,0,0,0
GF2_B1_day37,0.15483,0,0,0,50.66664,1.12961,0,43.84989,0,0,0,0,0,3.45276,0,0,0.74626,0,0,0,0,0,0,0,0,0,0,0,0,0,0,0,0,0,0,0,0,0,0,0,0,0,0,0,0,0,0,0,0,0,0
GF2_B1_day41,0.44697,0,0,0,48.14428,0.49161,0,33.02569,7.55404,0,5.48205,0.21158,0,3.97164,0,0,0.67215,0,0,0,0,0,0,0,0,0,0,0,0,0,0,0,0,0,0,0,0,0,0,0,0,0,0,0,0,0,0,0,0,0,0
GF2_B1_day44,1.04691,0,0.0894,0.82003,22.37926,5.82815,0,51.41997,8.15519,0,2.52627,0,0,4.5985,0,0,3.13631,0,0,0,0,0,0,0,0,0,0,0,0,0,0,0,0,0,0,0,0,0,0,0,0,0,0,0,0,0,0,0,0,0,0
GF2_B2_d35,1.36325,0,0,0,37.26765,1.08203,0,52.50968,2.11424,0,0,0,0,4.57052,0,0,1.09264,0,0,0,0,0,0,0,0,0,0,0,0,0,0,0,0,0,0,0,0,0,0,0,0,0,0,0,0,0,0,0,0,0,0
GF2_B2_day27,0.8063,0,0,0,1.27159,93.04674,0,1.35428,2.0287,0,0,0,0,1.49239,0,0,0,0,0,0,0,0,0,0,0,0,0,0,0,0,0,0,0,0,0,0,0,0,0,0,0,0,0,0,0,0,0,0,0,0,0
GF2_B2_day28,1.47821,0,0,0,1.18433,79.53719,0,1.59747,14.60444,0,0,0,0,1.59836,0,0,0,0,0,0,0,0,0,0,0,0,0,0,0,0,0,0,0,0,0,0,0,0,0,0,0,0,0,0,0,0,0,0,0,0,0
GF2_B2_day29,0.7165,0,0,0.78917,2.22375,46.99853,0,28.45459,18.81865,0,0,0,0,1.99882,0,0,0,0,0,0,0,0,0,0,0,0,0,0,0,0,0,0,0,0,0,0,0,0,0,0,0,0,0,0,0,0,0,0,0,0,0
GF2_B2_day30,1.68339,0,0,0.10151,2.26456,8.53238,0,67.68945,9.97591,0,0,0,0,8.2365,0,0,1.51631,0,0,0,0,0,0,0,0,0,0,0,0,0,0,0,0,0,0,0,0,0,0,0,0,0,0,0,0,0,0,0,0,0,0
GF2_B2_day31,0.53143,0,0,0,0.56887,0.52563,0,89.86585,1.0889,0,0,0,0,6.2786,0,0,1.14072,0,0,0,0,0,0,0,0,0,0,0,0,0,0,0,0,0,0,0,0,0,0,0,0,0,0,0,0,0,0,0,0,0,0
GF2_B2_day37,0.13582,0,0,0,48.01128,1.22322,0,45.13883,0.05105,0,0,0.04535,0,3.68503,0,0,1.6991,0,0,0,0,0,0,0,0,0,0,0,0,0,0,0,0,0,0,0.01032,0,0,0,0,0,0,0,0,0,0,0,0,0,0,0
GF2_B2_day41,8.31744,0,0,0,20.51453,43.56443,0,14.63276,9.49183,0,2.01842,0,0,1.4606,0,0,0,0,0,0,0,0,0,0,0,0,0,0,0,0,0,0,0,0,0,0,0,0,0,0,0,0,0,0,0,0,0,0,0,0,0
GF2_B2_day44,0.77927,0,0,0.07928,39.32985,0.47354,0,30.14879,14.72916,0,9.22487,0.04995,0,4.97573,0,0,0.20955,0,0,0,0,0,0,0,0,0,0,0,0,0,0,0,0,0,0,0,0,0,0,0,0,0,0,0,0,0,0,0,0,0,0
GF2_B3_d35,0.18768,0,0,0,0.5903,5.02799,0,81.70713,0,0,0,0,0,8.48121,0,0,4.0057,0,0,0,0,0,0,0,0,0,0,0,0,0,0,0,0,0,0,0,0,0,0,0,0,0,0,0,0,0,0,0,0,0,0
GF2_B3_day27,1.09889,0,0,0,1.19857,88.12073,0,1.39301,6.79336,0,0,0,0,1.39544,0,0,0,0,0,0,0,0,0,0,0,0,0,0,0,0,0,0,0,0,0,0,0,0,0,0,0,0,0,0,0,0,0,0,0,0,0
GF2_B3_day28,0.98406,0,0,0,1.11578,76.06219,0,12.19301,7.31815,0,0,0,0,2.32681,0,0,0,0,0,0,0,0,0,0,0,0,0,0,0,0,0,0,0,0,0,0,0,0,0,0,0,0,0,0,0,0,0,0,0,0,0
GF2_B3_day31,0.45948,0,0,0,0.90685,3.88958,0,85.76232,1.99393,0,0,0,0,6.52207,0,0,0.46577,0,0,0,0,0,0,0,0,0,0,0,0,0,0,0,0,0,0,0,0,0,0,0,0,0,0,0,0,0,0,0,0,0,0
GF2_B3_day37,0,0,0,0,46.57987,0.57506,0,46.97822,0,0,0,0,0,4.44442,0,0,1.42242,0,0,0,0,0,0,0,0,0,0,0,0,0,0,0,0,0,0,0,0,0,0,0,0,0,0,0,0,0,0,0,0,0,0
GF2_B3_day41,0.21272,0,0,0,54.65444,1.89169,0,32.22086,4.15629,0,3.70784,0.07128,0,3.08488,0,0,0,0,0,0,0,0,0,0,0,0,0,0,0,0,0,0,0,0,0,0,0,0,0,0,0,0,0,0,0,0,0,0,0,0,0
GF2_B3_day44,0.41444,0,0,0,1.55405,3.34803,0,59.91096,27.53116,0,0.02488,0,0,5.19355,0,0,2.02293,0,0,0,0,0,0,0,0,0,0,0,0,0,0,0,0,0,0,0,0,0,0,0,0,0,0,0,0,0,0,0,0,0,0
GF2_B4_d35,0.19373,0,0,0,0,1.38724,0,84.91831,0.27871,0,0,0,0,7.77019,0,0,5.45182,0,0,0,0,0,0,0,0,0,0,0,0,0,0,0,0,0,0,0,0,0,0,0,0,0,0,0,0,0,0,0,0,0,0
GF2_B4_day27,2.394,0,0,0,1.42458,90.33522,0,0,5.26022,0,0,0,0,0.58599,0,0,0,0,0,0,0,0,0,0,0,0,0,0,0,0,0,0,0,0,0,0,0,0,0,0,0,0,0,0,0,0,0,0,0,0,0
GF2_B4_day28,2.10006,0,0,0,48.09335,1.32683,0,34.08231,3.70453,0,0,0,0,8.39718,0,0,2.29573,0,0,0,0,0,0,0,0,0,0,0,0,0,0,0,0,0,0,0,0,0,0,0,0,0,0,0,0,0,0,0,0,0,0
GF2_B4_day29,2.23211,0,0,0.77983,2.83389,54.31257,0,27.22649,9.6746,0,0,0,0,2.94052,0,0,0,0,0,0,0,0,0,0,0,0,0,0,0,0,0,0,0,0,0,0,0,0,0,0,0,0,0,0,0,0,0,0,0,0,0
GF2_B4_day32,1.14498,1.22639,2.93779,1.96219,23.35075,1.38404,0,49.50512,1.21211,0,5.62432,0,0,11.21449,0,0,0.21244,0,0,0,0,0,0,0,0,0,0,0,0,0,0,0,0.03861,0.18675,0,0,0,0,0,0,0,0,0,0,0,0,0,0,0,0,0
GF2_B4_day37,0,0,0,0,38.95564,0.62772,0,56.24994,0,0,0,0,0,4.04345,0,0,0.12325,0,0,0,0,0,0,0,0,0,0,0,0,0,0,0,0,0,0,0,0,0,0,0,0,0,0,0,0,0,0,0,0,0,0
GF2_B4_day41,0,0,0,0,0,0,0,0,99.97767,0,0.02233,0,0,0,0,0,0,0,0,0,0,0,0,0,0,0,0,0,0,0,0,0,0,0,0,0,0,0,0,0,0,0,0,0,0,0,0,0,0,0,0
GF2_B5_d34,2.44625,0,0,0,49.23939,1.04879,0,42.73987,0.72792,0,0,0,0,3.18284,0,0,0.61494,0,0,0,0,0,0,0,0,0,0,0,0,0,0,0,0,0,0,0,0,0,0,0,0,0,0,0,0,0,0,0,0,0,0
GF2_B5_d35,0,0,0,0,36.78445,0.67961,0,53.63303,0.21826,0,0,0,0,6.41149,0,0,2.27316,0,0,0,0,0,0,0,0,0,0,0,0,0,0,0,0,0,0,0,0,0,0,0,0,0,0,0,0,0,0,0,0,0,0
GF2_B5_day27,2.01816,0,0,0,43.15546,4.31308,0,38.04025,2.44657,0,0,0,0,8.20522,0,0,1.82127,0,0,0,0,0,0,0,0,0,0,0,0,0,0,0,0,0,0,0,0,0,0,0,0,0,0,0,0,0,0,0,0,0,0
GF2_B5_day28,13.04748,0,0,0,1.59401,70.08189,0,4.79895,8.39998,0,0.21554,0,0,1.86214,0,0,0,0,0,0,0,0,0,0,0,0,0,0,0,0,0,0,0,0,0,0,0,0,0,0,0,0,0,0,0,0,0,0,0,0,0
GF2_B5_day29,8.29176,0,0.37823,6.01853,5.97623,38.88913,0,27.26937,10.78829,0,0,0,0,2.06158,0,0,0,0,0,0,0,0,0,0,0,0,0,0,0,0,0,0,0,0.32688,0,0,0,0,0,0,0,0,0,0,0,0,0,0,0,0,0
GF2_B5_day30,1.38155,0,0,0.04413,0.55838,4.75981,0,77.10974,6.43111,0,0,0,0,8.68302,0,0,1.03226,0,0,0,0,0,0,0,0,0,0,0,0,0,0,0,0,0,0,0,0,0,0,0,0,0,0,0,0,0,0,0,0,0,0
GF2_B5_day31,0.11143,0,0,0.11846,0.22288,1.82348,0,85.66735,2.80764,0,0,0,0,8.05097,0,0,1.19778,0,0,0,0,0,0,0,0,0,0,0,0,0,0,0,0,0,0,0,0,0,0,0,0,0,0,0,0,0,0,0,0,0,0
GF2_B5_day37,0.23473,0,0,0,55.30461,2.14623,0,34.95623,0.21861,0,1.16735,0.19251,0,4.8887,0,0,0.89103,0,0,0,0,0,0,0,0,0,0,0,0,0,0,0,0,0,0,0,0,0,0,0,0,0,0,0,0,0,0,0,0,0,0
GF2_B5_day41,6.4659,0,0,0,22.38218,44.96645,0,16.03326,5.27681,0,1.7226,0,0,3.15279,0,0,0,0,0,0,0,0,0,0,0,0,0,0,0,0,0,0,0,0,0,0,0,0,0,0,0,0,0,0,0,0,0,0,0,0,0
GF2_B5_day44,0.74497,0,0.0577,1.31851,54.41403,0.62705,0,30.3711,2.69145,0,6.6713,0.1037,0,2.52184,0,0,0.47835,0,0,0,0,0,0,0,0,0,0,0,0,0,0,0,0,0,0,0,0,0,0,0,0,0,0,0,0,0,0,0,0,0,0
GF2_colon_A1_day45,0,0,0,0,5.00538,0,0,7.87045,86.75222,0,0,0,0,0.37195,0,0,0,0,0,0,0,0,0,0,0,0,0,0,0,0,0,0,0,0,0,0,0,0,0,0,0,0,0,0,0,0,0,0,0,0,0
GF2_colon_B1_day44,0,0,0,0,7.3654,2.58632,0,74.9903,4.65351,0,0,0,0,6.33014,0,0,4.07432,0,0,0,0,0,0,0,0,0,0,0,0,0,0,0,0,0,0,0,0,0,0,0,0,0,0,0,0,0,0,0,0,0,0
GF2_colon_B2_day44,0.17645,0,0,0.00858,8.5868,2.3257,0,73.22056,7.3313,0,0.12128,0.05493,0,5.33443,0,0,2.83996,0,0,0,0,0,0,0,0,0,0,0,0,0,0,0,0,0,0,0,0,0,0,0,0,0,0,0,0,0,0,0,0,0,0
GF2_colon_B3_day44,0,0,0.92371,0.77458,33.52442,0,0,16.2114,42.94066,0,2.56377,0,0,2.60757,0,0,0.33607,0,0,0,0,0,0,0,0,0,0,0,0,0,0,0,0,0.11782,0,0,0,0,0,0,0,0,0,0,0,0,0,0,0,0,0
GF2_colon_B5_day44,1.04444,0,0,0.06016,9.78818,8.39036,0,69.53207,3.96184,0,0.69137,0,0,6.53158,0,0,0,0,0,0,0,0,0,0,0,0,0,0,0,0,0,0,0,0,0,0,0,0,0,0,0,0,0,0,0,0,0,0,0,0,0
GF2_Inoc,26.43814,25.88012,15.11897,10.53531,8.84848,4.74843,0.35463,4.41914,2.24028,0.49707,0.7928,0,0,0,0,0,0,0,0,0,0,0,0,0,0,0,0,0,0,0,0,0,0.12664,0,0,0,0,0,0,0,0,0,0,0,0,0,0,0,0,0,0
GF20_d127_a1,0,0,0,0,0,76.7108,0,0,0,0,0,0,0,0,0,0,23.2892,0,0,0,0,0,0,0,0,0,0,0,0,0,0,0,0,0,0,0,0,0,0,0,0,0,0,0,0,0,0,0,0,0,0
GF20_d127_a2,0,0,0,0,0,66.17866,0,0,0,0,0,0,0,0,0,0,33.82134,0,0,0,0,0,0,0,0,0,0,0,0,0,0,0,0,0,0,0,0,0,0,0,0,0,0,0,0,0,0,0,0,0,0
GF20_d127_a3,0,0,0,0,0,100,0,0,0,0,0,0,0,0,0,0,0,0,0,0,0,0,0,0,0,0,0,0,0,0,0,0,0,0,0,0,0,0,0,0,0,0,0,0,0,0,0,0,0,0,0
GF20_d127_a5,0,0,0,0,0,100,0,0,0,0,0,0,0,0,0,0,0,0,0,0,0,0,0,0,0,0,0,0,0,0,0,0,0,0,0,0,0,0,0,0,0,0,0,0,0,0,0,0,0,0,0
GF20_d127_a6,0,0,0,0,0,0,0,0,0,0,0,0,0,0,0,0,100,0,0,0,0,0,0,0,0,0,0,0,0,0,0,0,0,0,0,0,0,0,0,0,0,0,0,0,0,0,0,0,0,0,0
GF20_d127_a7,0,0,0,0,0,34.31851,0,0,0,0,0,0,0,0,0,0,65.68149,0,0,0,0,0,0,0,0,0,0,0,0,0,0,0,0,0,0,0,0,0,0,0,0,0,0,0,0,0,0,0,0,0,0
GF20_d127_a9,0,0,0,0,0,84.59224,0,0,0,0,0,0,0,0,0,0,15.40776,0,0,0,0,0,0,0,0,0,0,0,0,0,0,0,0,0,0,0,0,0,0,0,0,0,0,0,0,0,0,0,0,0,0
GF20_d140_c8,0,0,0,0,0,0,0,0,0,0,0,0,0,0,0,0,100,0,0,0,0,0,0,0,0,0,0,0,0,0,0,0,0,0,0,0,0,0,0,0,0,0,0,0,0,0,0,0,0,0,0
GF20_d161_b2,0.13114,0,0,0,0.03116,81.72426,0,0,18.11345,0,0,0,0,0,0,0,0,0,0,0,0,0,0,0,0,0,0,0,0,0,0,0,0,0,0,0,0,0,0,0,0,0,0,0,0,0,0,0,0,0,0
GF20_d161_b4,0.85692,0,0,0,1.12052,81.69693,0,0,16.04123,0,0,0,0,0.23284,0,0,0.05157,0,0,0,0,0,0,0,0,0,0,0,0,0,0,0,0,0,0,0,0,0,0,0,0,0,0,0,0,0,0,0,0,0,0
GF20_d161_b8,0.36998,0,0,0,0.06769,65.04954,0,0,5.23956,0,0,0,0,0,0,0,29.27323,0,0,0,0,0,0,0,0,0,0,0,0,0,0,0,0,0,0,0,0,0,0,0,0,0,0,0,0,0,0,0,0,0,0
GF20_d164_b1,1.65474,0,0,0,0,86.14421,0,0,0,0,0,0,0,0,0,0,12.20106,0,0,0,0,0,0,0,0,0,0,0,0,0,0,0,0,0,0,0,0,0,0,0,0,0,0,0,0,0,0,0,0,0,0
GF20_d164_b2,0,0,0,0,0,29.76541,0,0,55.13484,0,0,0,0,0,0,0,15.09975,0,0,0,0,0,0,0,0,0,0,0,0,0,0,0,0,0,0,0,0,0,0,0,0,0,0,0,0,0,0,0,0,0,0
GF20_d164_b3,0,0,0,0,0,58.79996,0,0,24.02049,0,0,3.10767,0,0,0,0,14.07188,0,0,0,0,0,0,0,0,0,0,0,0,0,0,0,0,0,0,0,0,0,0,0,0,0,0,0,0,0,0,0,0,0,0
GF20_d164_b4,0,0,0,0,0,51.771,0,0,23.89711,0,0,0,0,0,0,0,24.33189,0,0,0,0,0,0,0,0,0,0,0,0,0,0,0,0,0,0,0,0,0,0,0,0,0,0,0,0,0,0,0,0,0,0
GF20_d164_b5,0,0,0,0,0,52.09674,0,0,33.19742,0,0,6.13944,0,0,0,0,8.5664,0,0,0,0,0,0,0,0,0,0,0,0,0,0,0,0,0,0,0,0,0,0,0,0,0,0,0,0,0,0,0,0,0,0
GF20_d164_b6,0,0,0,0,0,86.66117,0,0,4.90941,0,0,1.05465,0,0,0,0,7.37476,0,0,0,0,0,0,0,0,0,0,0,0,0,0,0,0,0,0,0,0,0,0,0,0,0,0,0,0,0,0,0,0,0,0
GF20_d164_b7,0,0,0,0,0,32.69005,0,0,47.27365,0,0,0,0,0,0,0,20.0363,0,0,0,0,0,0,0,0,0,0,0,0,0,0,0,0,0,0,0,0,0,0,0,0,0,0,0,0,0,0,0,0,0,0
GF20_d164_b8,0,0,0,0,0,78.85165,0,0,13.37678,0,0,3.44971,0,0,0,0,4.32186,0,0,0,0,0,0,0,0,0,0,0,0,0,0,0,0,0,0,0,0,0,0,0,0,0,0,0,0,0,0,0,0,0,0
GF20_d164_b9,0,0,0,0,0,64.8741,0,0,35.1259,0,0,0,0,0,0,0,0,0,0,0,0,0,0,0,0,0,0,0,0,0,0,0,0,0,0,0,0,0,0,0,0,0,0,0,0,0,0,0,0,0,0
GF20_d167_damb,1.15517,0,0,0,0,1.85109,0,0,8.22462,0,0,4.50025,0,0,0,0,84.26888,0,0,0,0,0,0,0,0,0,0,0,0,0,0,0,0,0,0,0,0,0,0,0,0,0,0,0,0,0,0,0,0,0,0
GF20_d170_c1,0,0,0,0,0,33.61783,0,0,60.37731,0,0,0,0,0,0,0,6.00486,0,0,0,0,0,0,0,0,0,0,0,0,0,0,0,0,0,0,0,0,0,0,0,0,0,0,0,0,0,0,0,0,0,0
GF20_d170_c2,0,0,0,0,0,1.37784,0,0,93.9678,0,0,0,0,0,0,0,4.65436,0,0,0,0,0,0,0,0,0,0,0,0,0,0,0,0,0,0,0,0,0,0,0,0,0,0,0,0,0,0,0,0,0,0
GF20_d170_c5,0,0,0,0,0,0,0,0,57.63963,0,0,5.33301,0,0,0,0,37.02736,0,0,0,0,0,0,0,0,0,0,0,0,0,0,0,0,0,0,0,0,0,0,0,0,0,0,0,0,0,0,0,0,0,0
GF20_d170_c6,0,0,0,0,0,0,0,0,7.42839,0,0,21.61233,0,0,0,0,70.95928,0,0,0,0,0,0,0,0,0,0,0,0,0,0,0,0,0,0,0,0,0,0,0,0,0,0,0,0,0,0,0,0,0,0
GF20_d170_c7,0,0,0,0,0,0.61551,0,0,98.58789,0,0,0.7966,0,0,0,0,0,0,0,0,0,0,0,0,0,0,0,0,0,0,0,0,0,0,0,0,0,0,0,0,0,0,0,0,0,0,0,0,0,0,0
GF20_d170_c8,0,0,0,0,0,0,0,0,47.98903,0,0,0,0,0,0,0,52.01097,0,0,0,0,0,0,0,0,0,0,0,0,0,0,0,0,0,0,0,0,0,0,0,0,0,0,0,0,0,0,0,0,0,0
GF20_d170_c9,0,0,0,0,0,0,0,0,99.59109,0,0,0,0,0,0,0,0.40891,0,0,0,0,0,0,0,0,0,0,0,0,0,0,0,0,0,0,0,0,0,0,0,0,0,0,0,0,0,0,0,0,0,0
GF20_d33_a3,90.46654,0,0,0,1.27753,2.21241,0,0.01854,0,0,0,5.26841,0,0.75657,0,0,0,0,0,0,0,0,0,0,0,0,0,0,0,0,0,0,0,0,0,0,0,0,0,0,0,0,0,0,0,0,0,0,0,0,0
GF20_d33_a4,2.29877,0,0,0,1.38273,0,0,0.17187,87.81186,0,0,7.65896,0,0.67582,0,0,0,0,0,0,0,0,0,0,0,0,0,0,0,0,0,0,0,0,0,0,0,0,0,0,0,0,0,0,0,0,0,0,0,0,0
GF20_d33_a5,1.5821,0,0,0,1.64774,95.34382,0,0.07427,0,0,0,0.59991,0,0.75216,0,0,0,0,0,0,0,0,0,0,0,0,0,0,0,0,0,0,0,0,0,0,0,0,0,0,0,0,0,0,0,0,0,0,0,0,0
GF20_d33_b2,13.47497,0,0,0,0.106,2.51317,0,0,83.90587,0,0,0,0,0,0,0,0,0,0,0,0,0,0,0,0,0,0,0,0,0,0,0,0,0,0,0,0,0,0,0,0,0,0,0,0,0,0,0,0,0,0
GF20_d33_b3,0.52866,0,0,0,0,3.55553,0,0,95.91581,0,0,0,0,0,0,0,0,0,0,0,0,0,0,0,0,0,0,0,0,0,0,0,0,0,0,0,0,0,0,0,0,0,0,0,0,0,0,0,0,0,0
GF20_d33_b4,7.76074,0,0,0,0.51042,12.60183,0,0,79.10294,0,0,0,0,0.02406,0,0,0,0,0,0,0,0,0,0,0,0,0,0,0,0,0,0,0,0,0,0,0,0,0,0,0,0,0,0,0,0,0,0,0,0,0
GF20_d34_a2,0,0,0,0,0,75.14568,0,0,0,0,0,24.85432,0,0,0,0,0,0,0,0,0,0,0,0,0,0,0,0,0,0,0,0,0,0,0,0,0,0,0,0,0,0,0,0,0,0,0,0,0,0,0
GF20_d34_a4,1.79183,0,0,0,1.12183,4.68756,0,0.47323,61.76498,0,0,29.56301,0,0.59757,0,0,0,0,0,0,0,0,0,0,0,0,0,0,0,0,0,0,0,0,0,0,0,0,0,0,0,0,0,0,0,0,0,0,0,0,0
GF20_d34_b3,0.99942,0,0,0,0.94969,5.63629,0,0,92.29347,0,0,0,0,0.12113,0,0,0,0,0,0,0,0,0,0,0,0,0,0,0,0,0,0,0,0,0,0,0,0,0,0,0,0,0,0,0,0,0,0,0,0,0
GF20_d35_a2,0,0,0,0,0.2797,99.5915,0,0,0,0,0,0.1288,0,0,0,0,0,0,0,0,0,0,0,0,0,0,0,0,0,0,0,0,0,0,0,0,0,0,0,0,0,0,0,0,0,0,0,0,0,0,0
GF20_d36_a1,0,0,0,0,0,0,0,0,0,0,0,97.52496,0,0,0,0,2.47504,0,0,0,0,0,0,0,0,0,0,0,0,0,0,0,0,0,0,0,0,0,0,0,0,0,0,0,0,0,0,0,0,0,0
GF20_d36_a2,0,0,0,0,0,52.87116,0,0,0,0,0,46.54053,0,0,0,0,0.58831,0,0,0,0,0,0,0,0,0,0,0,0,0,0,0,0,0,0,0,0,0,0,0,0,0,0,0,0,0,0,0,0,0,0
GF20_d36_a3,0,0,0,0,0,0,0,0,0,0,0,92.279,0,0,0,0,7.721,0,0,0,0,0,0,0,0,0,0,0,0,0,0,0,0,0,0,0,0,0,0,0,0,0,0,0,0,0,0,0,0,0,0
GF20_d36_a4,0,0,0,0,0,8.57683,0,0,0,0,0,91.42317,0,0,0,0,0,0,0,0,0,0,0,0,0,0,0,0,0,0,0,0,0,0,0,0,0,0,0,0,0,0,0,0,0,0,0,0,0,0,0
GF20_d36_a5,0,0,0,0,0,1.88966,0,0,0,0,0,72.95131,0,0,0,0,25.15903,0,0,0,0,0,0,0,0,0,0,0,0,0,0,0,0,0,0,0,0,0,0,0,0,0,0,0,0,0,0,0,0,0,0
GF20_d36_b5,0,0,0,0,0,45.19637,0,0,0,0,0,54.80363,0,0,0,0,0,0,0,0,0,0,0,0,0,0,0,0,0,0,0,0,0,0,0,0,0,0,0,0,0,0,0,0,0,0,0,0,0,0,0
GF20_d39_dama,4.03293,0,0,0,58.10052,1.4423,0,25.51392,1.22473,0,0,0.51793,0,7.10677,0,0,0.8044,0,0,0,0,0,0,0,0,0,0,0,0,0,0,0,0,1.25348,0,0.00303,0,0,0,0,0,0,0,0,0,0,0,0,0,0,0
GF20_d39_damc,3.977,0,0,0,55.57402,2.07427,0,30.34606,0.05186,0,0,0.47627,0,7.48028,0,0,0,0,0,0,0,0,0,0,0,0,0,0,0,0,0,0,0,0.02025,0,0,0,0,0,0,0,0,0,0,0,0,0,0,0,0,0
GF20_d40_c3,100,0,0,0,0,0,0,0,0,0,0,0,0,0,0,0,0,0,0,0,0,0,0,0,0,0,0,0,0,0,0,0,0,0,0,0,0,0,0,0,0,0,0,0,0,0,0,0,0,0,0
GF20_d40_c5,4.45957,0,0,0,0,53.97815,0,22.29006,19.27222,0,0,0,0,0,0,0,0,0,0,0,0,0,0,0,0,0,0,0,0,0,0,0,0,0,0,0,0,0,0,0,0,0,0,0,0,0,0,0,0,0,0
GF20_d40_c6,0,0,0,0,0,0,0,0,100,0,0,0,0,0,0,0,0,0,0,0,0,0,0,0,0,0,0,0,0,0,0,0,0,0,0,0,0,0,0,0,0,0,0,0,0,0,0,0,0,0,0
GF20_d66_c1,0.60987,0,0,0,0,13.50519,0,17.89138,0,0,0,65.9126,0,2.08096,0,0,0,0,0,0,0,0,0,0,0,0,0,0,0,0,0,0,0,0,0,0,0,0,0,0,0,0,0,0,0,0,0,0,0,0,0
GF20_d66_c10,3.49855,0,0,0,0,45.77587,0,38.99809,0,0,0,9.50522,0,2.22226,0,0,0,0,0,0,0,0,0,0,0,0,0,0,0,0,0,0,0,0,0,0,0,0,0,0,0,0,0,0,0,0,0,0,0,0,0
GF20_d66_c2,4.25906,0,0,0,0,12.98289,0,10.38498,0,0,0,71.78715,0,0.58591,0,0,0,0,0,0,0,0,0,0,0,0,0,0,0,0,0,0,0,0,0,0,0,0,0,0,0,0,0,0,0,0,0,0,0,0,0
GF20_d66_c3,0.8604,0,0,0,0,63.76055,0,27.00604,0,0,0,7.04545,0,1.32755,0,0,0,0,0,0,0,0,0,0,0,0,0,0,0,0,0,0,0,0,0,0,0,0,0,0,0,0,0,0,0,0,0,0,0,0,0
GF20_d66_c4,15.44422,0,0,0,0,3.23621,0,23.73449,0,0,0,56.50196,0,1.08312,0,0,0,0,0,0,0,0,0,0,0,0,0,0,0,0,0,0,0,0,0,0,0,0,0,0,0,0,0,0,0,0,0,0,0,0,0
GF20_d66_c5,2.33365,0,0,0,0,71.25267,0,12.14273,0,0,0,13.12608,0,1.14486,0,0,0,0,0,0,0,0,0,0,0,0,0,0,0,0,0,0,0,0,0,0,0,0,0,0,0,0,0,0,0,0,0,0,0,0,0
GF20_d66_c6,8.41306,0,0,0,0.22339,69.52075,0,11.16154,0,0,0,9.64643,0,1.03483,0,0,0,0,0,0,0,0,0,0,0,0,0,0,0,0,0,0,0,0,0,0,0,0,0,0,0,0,0,0,0,0,0,0,0,0,0
GF20_d66_c7,6.66006,0,0,0,0,16.1783,0,43.12491,0,0,0,31.50827,0,2.52846,0,0,0,0,0,0,0,0,0,0,0,0,0,0,0,0,0,0,0,0,0,0,0,0,0,0,0,0,0,0,0,0,0,0,0,0,0
GF20_d66_c8,2.16954,0,0,0,0,8.62587,0,19.29282,0,0,0,69.08749,0,0.82427,0,0,0,0,0,0,0,0,0,0,0,0,0,0,0,0,0,0,0,0,0,0,0,0,0,0,0,0,0,0,0,0,0,0,0,0,0
GF20_d66_c9,12.21802,0,0,0,0,5.67269,0,34.5278,0,0,0,46.26318,0,1.31831,0,0,0,0,0,0,0,0,0,0,0,0,0,0,0,0,0,0,0,0,0,0,0,0,0,0,0,0,0,0,0,0,0,0,0,0,0
GF20_d68_b2,0,0,0,0,0,73.04736,0,0,26.95264,0,0,0,0,0,0,0,0,0,0,0,0,0,0,0,0,0,0,0,0,0,0,0,0,0,0,0,0,0,0,0,0,0,0,0,0,0,0,0,0,0,0
GF20_d68_b3,1.24698,0,0,0,1.08043,73.38294,0,0,24.28965,0,0,0,0,0,0,0,0,0,0,0,0,0,0,0,0,0,0,0,0,0,0,0,0,0,0,0,0,0,0,0,0,0,0,0,0,0,0,0,0,0,0
GF20_d68_b4,0,0,0,0,0,100,0,0,0,0,0,0,0,0,0,0,0,0,0,0,0,0,0,0,0,0,0,0,0,0,0,0,0,0,0,0,0,0,0,0,0,0,0,0,0,0,0,0,0,0,0
GF20_d68_b5,0,0,0,0,0,85.66631,0,0,0,0,0,0,0,0,0,0,14.33369,0,0,0,0,0,0,0,0,0,0,0,0,0,0,0,0,0,0,0,0,0,0,0,0,0,0,0,0,0,0,0,0,0,0
GF20_d68_b6,0,0,0,0,0,100,0,0,0,0,0,0,0,0,0,0,0,0,0,0,0,0,0,0,0,0,0,0,0,0,0,0,0,0,0,0,0,0,0,0,0,0,0,0,0,0,0,0,0,0,0
GF20_d68_b7,0,0,0,0,0,97.39257,0,0,0,0,0,0,0,0,0,0,2.60743,0,0,0,0,0,0,0,0,0,0,0,0,0,0,0,0,0,0,0,0,0,0,0,0,0,0,0,0,0,0,0,0,0,0
GF20_d68_b8,0,0,0,0,0,97.43644,0,0,0,0,0,0,0,0,0,0,2.56356,0,0,0,0,0,0,0,0,0,0,0,0,0,0,0,0,0,0,0,0,0,0,0,0,0,0,0,0,0,0,0,0,0,0
GF20_d75_dama,5.58949,0,0,0,58.54598,2.42185,0,27.31527,0.086,0,0,0.44517,0,5.58441,0,0,0,0,0,0,0,0,0,0,0,0,0,0,0,0,0,0,0,0.01182,0,0,0,0,0,0,0,0,0,0,0,0,0,0,0,0,0
GF20_d75_damc,10.67831,0,0,0,3.10304,8.62219,0,34.65731,1.38237,0,0,2.13808,0,26.87071,0,0,12.54799,0,0,0,0,0,0,0,0,0,0,0,0,0,0,0,0,0,0,0,0,0,0,0,0,0,0,0,0,0,0,0,0,0,0
GF20_d81_a1,8.17803,0,0,0,0,33.49954,0,12.40979,12.00282,0,0,31.4813,0,0.40411,0,0,2.0244,0,0,0,0,0,0,0,0,0,0,0,0,0,0,0,0,0,0,0,0,0,0,0,0,0,0,0,0,0,0,0,0,0,0
GF20_d81_a2,9.84517,0,0,0,0,18.4393,0,6.27838,0,0,0,65.43715,0,0,0,0,0,0,0,0,0,0,0,0,0,0,0,0,0,0,0,0,0,0,0,0,0,0,0,0,0,0,0,0,0,0,0,0,0,0,0
GF20_d81_a3,0,0,0,0,0,92.69264,0,0,0,0,0,7.30736,0,0,0,0,0,0,0,0,0,0,0,0,0,0,0,0,0,0,0,0,0,0,0,0,0,0,0,0,0,0,0,0,0,0,0,0,0,0,0
GF20_d81_a4,6.7285,0,0,0,0,30.59613,0,3.76697,0,0,0,49.58383,0,0,0,0,9.32457,0,0,0,0,0,0,0,0,0,0,0,0,0,0,0,0,0,0,0,0,0,0,0,0,0,0,0,0,0,0,0,0,0,0
GF20_d81_a5,24.10066,0,0,0,0,37.30361,0,14.50797,0,0,0,20.75533,0,3.33245,0,0,0,0,0,0,0,0,0,0,0,0,0,0,0,0,0,0,0,0,0,0,0,0,0,0,0,0,0,0,0,0,0,0,0,0,0
GF20_d81_a6,7.95975,0,0,0,0,34.69065,0,15.377,0,0,0,41.9726,0,0,0,0,0,0,0,0,0,0,0,0,0,0,0,0,0,0,0,0,0,0,0,0,0,0,0,0,0,0,0,0,0,0,0,0,0,0,0
GF20_d81_a7,11.50546,0,0,0,0.02664,28.45246,0,22.47878,0,0,0,36.48182,0,1.05483,0,0,0,0,0,0,0,0,0,0,0,0,0,0,0,0,0,0,0,0,0,0,0,0,0,0,0,0,0,0,0,0,0,0,0,0,0
GF20_d89_b2,9.3845,0,0,0,0,33.83697,0,45.26152,0,0,0,3.10866,0,1.72936,0,0,6.67898,0,0,0,0,0,0,0,0,0,0,0,0,0,0,0,0,0,0,0,0,0,0,0,0,0,0,0,0,0,0,0,0,0,0
GF20_d89_b3,0,0,0,0,0,100,0,0,0,0,0,0,0,0,0,0,0,0,0,0,0,0,0,0,0,0,0,0,0,0,0,0,0,0,0,0,0,0,0,0,0,0,0,0,0,0,0,0,0,0,0
GF20_d89_b5,100,0,0,0,0,0,0,0,0,0,0,0,0,0,0,0,0,0,0,0,0,0,0,0,0,0,0,0,0,0,0,0,0,0,0,0,0,0,0,0,0,0,0,0,0,0,0,0,0,0,0
GF20_d89_b6,0,0,0,0,0,0,0,1.37208,0,0,0,0,0,0,0,0,98.62792,0,0,0,0,0,0,0,0,0,0,0,0,0,0,0,0,0,0,0,0,0,0,0,0,0,0,0,0,0,0,0,0,0,0
GF23_d0_inoc,10.91099,6.59075,3.5108,1.58788,1.88733,1.50865,0.71154,7.12896,0.42367,0.08538,7.35401,0,0,2.43906,3.78277,0.30486,51.77336,0,0,0,0,0,0,0,0,0,0,0,0,0,0,0,0,0,0,0,0,0,0,0,0,0,0,0,0,0,0,0,0,0,0
GF23_d10_dama,8.22753,0.07704,8.88794,0.58061,27.84518,2.61039,0,28.24614,0.48226,0,0,1.56115,0,7.99597,11.57605,1.52988,0.37983,0,0,0,0,0,0,0,0,0,0,0,0,0,0,0,0,0,0,0,0,0,0,0,0,0,0,0,0,0,0,0,0,0,0
GF23_d10_damb,6.50985,0.49617,15.87985,0.81354,13.21522,6.11262,0,25.71526,1.17578,0,0,2.16337,0,6.60986,19.31548,1.71091,0.28209,0,0,0,0,0,0,0,0,0,0,0,0,0,0,0,0,0,0,0,0,0,0,0,0,0,0,0,0,0,0,0,0,0,0
GF23_d17_dama,6.98638,0.14867,11.78772,1.06062,2.93285,1.89865,0,46.68769,0.98153,0,0,2.30852,0,8.76672,14.53708,1.6753,0.22828,0,0,0,0,0,0,0,0,0,0,0,0,0,0,0,0,0,0,0,0,0,0,0,0,0,0,0,0,0,0,0,0,0,0
GF23_d17_damb,5.52823,0.13503,14.03772,1.03979,1.74699,2.73134,0,42.07756,0.82469,0,0,1.97537,0,8.94415,18.94611,1.74138,0.27165,0,0,0,0,0,0,0,0,0,0,0,0,0,0,0,0,0,0,0,0,0,0,0,0,0,0,0,0,0,0,0,0,0,0
GF23_d17_damc,7.59081,0.20023,15.38557,0.58056,0.27739,3.25073,0,37.16389,0.99936,0,0,1.83845,0,9.62334,21.56006,1.42943,0.10019,0,0,0,0,0,0,0,0,0,0,0,0,0,0,0,0,0,0,0,0,0,0,0,0,0,0,0,0,0,0,0,0,0,0
GF23_d32_damb,7.27067,0,14.58493,0,0,2.3628,0,41.71106,0,0,0,1.12261,0,14.73437,17.45534,0.75821,0,0,0,0,0,0,0,0,0,0,0,0,0,0,0,0,0,0,0,0,0,0,0,0,0,0,0,0,0,0,0,0,0,0,0
GF23_d36_c1,0,0,0,0,0,0,0,0,0,0,0,0,0,0,0,0,100,0,0,0,0,0,0,0,0,0,0,0,0,0,0,0,0,0,0,0,0,0,0,0,0,0,0,0,0,0,0,0,0,0,0
GF23_d36_c2,0,0,0,0,0,0,0,0,0,0,0,0,0,0,0,0,100,0,0,0,0,0,0,0,0,0,0,0,0,0,0,0,0,0,0,0,0,0,0,0,0,0,0,0,0,0,0,0,0,0,0
GF23_d36_c3,0,0,0,0,0,0,0,0,0,0,0,0,0,0,0,0,100,0,0,0,0,0,0,0,0,0,0,0,0,0,0,0,0,0,0,0,0,0,0,0,0,0,0,0,0,0,0,0,0,0,0
GF23_d36_c4,0,0,0,0,0,7.42892,0,6.14625,0,0,0,0,0,0,0,0,86.42483,0,0,0,0,0,0,0,0,0,0,0,0,0,0,0,0,0,0,0,0,0,0,0,0,0,0,0,0,0,0,0,0,0,0
GF23_d39_damb,4.67574,0.69559,8.25027,0.87253,0.96102,0.87736,0,53.96227,0.65329,0,0,1.09807,0,12.51143,13.91661,1.39106,0.06653,0,0,0,0,0,0,0,0,0,0,0,0,0,0,0,0,0.06822,0,0,0,0,0,0,0,0,0,0,0,0,0,0,0,0,0
GF23_d47_damb,4.57542,0.0996,10.90074,0.51167,1.54177,3.30608,0,40.12754,0.95229,0,0,1.25586,0,11.11977,23.90876,1.13835,0.184,0,0,0,0,0,0,0,0,0,0,0,0,0,0,0,0,0.37816,0,0,0,0,0,0,0,0,0,0,0,0,0,0,0,0,0
GF23_d52_a2,0.35407,0,0,0,0,1.98808,0,0.02165,6.37475,0,0,0,0,0.09553,0,0,91.16593,0,0,0,0,0,0,0,0,0,0,0,0,0,0,0,0,0,0,0,0,0,0,0,0,0,0,0,0,0,0,0,0,0,0
GF23_d52_a5,0.97848,0,0,0,0,12.12819,0,0,0.31252,0,0,0,0,0.00329,0,0,86.57752,0,0,0,0,0,0,0,0,0,0,0,0,0,0,0,0,0,0,0,0,0,0,0,0,0,0,0,0,0,0,0,0,0,0
GF23_d52_a8,0.06848,0,0,0,0,3.58697,0,0,0,0,0,0,0,0,0,0,96.34455,0,0,0,0,0,0,0,0,0,0,0,0,0,0,0,0,0,0,0,0,0,0,0,0,0,0,0,0,0,0,0,0,0,0
GF23_d52_a9,0.61549,0,0,0,0,0,0,0,0,0,0,0,0,0,0,0,99.38451,0,0,0,0,0,0,0,0,0,0,0,0,0,0,0,0,0,0,0,0,0,0,0,0,0,0,0,0,0,0,0,0,0,0
GF23_d54_damc,8.90257,1.20899,6.94825,0.57458,0,2.43223,0,42.71891,0.93301,0,0,0.83024,0,19.11974,14.57834,1.75315,0,0,0,0,0,0,0,0,0,0,0,0,0,0,0,0,0,0,0,0,0,0,0,0,0,0,0,0,0,0,0,0,0,0,0
GF23_d56_c3,0,0,0,0,0,84.19557,0,0,0,0,0,0,0,0,0,0,15.80443,0,0,0,0,0,0,0,0,0,0,0,0,0,0,0,0,0,0,0,0,0,0,0,0,0,0,0,0,0,0,0,0,0,0
GF23_d56_c6,0.15615,0,0,0,0,0.26262,0,0,0,0,0,0,0,0,0,0,99.58123,0,0,0,0,0,0,0,0,0,0,0,0,0,0,0,0,0,0,0,0,0,0,0,0,0,0,0,0,0,0,0,0,0,0
GF23_d57_c2,1.73839,0,0,0,0,0.69992,0,0,0,0,0,0,0,0,0,2.54936,95.01233,0,0,0,0,0,0,0,0,0,0,0,0,0,0,0,0,0,0,0,0,0,0,0,0,0,0,0,0,0,0,0,0,0,0
GF23_d58_c3,58.03759,0,0,0,0,0,0,0,0,0,0,0,0,26.44955,15.51286,0,0,0,0,0,0,0,0,0,0,0,0,0,0,0,0,0,0,0,0,0,0,0,0,0,0,0,0,0,0,0,0,0,0,0,0
GF23_d59_c1,7.14575,0,0,0,0,84.85354,0,0,0,0,0,0,0,0,0,0,8.00071,0,0,0,0,0,0,0,0,0,0,0,0,0,0,0,0,0,0,0,0,0,0,0,0,0,0,0,0,0,0,0,0,0,0
GF23_d59_c2,100,0,0,0,0,0,0,0,0,0,0,0,0,0,0,0,0,0,0,0,0,0,0,0,0,0,0,0,0,0,0,0,0,0,0,0,0,0,0,0,0,0,0,0,0,0,0,0,0,0,0
GF23_d59_c4,95.68116,0,0,0,0,0,0,0,0,0,0,0,0,0,4.31884,0,0,0,0,0,0,0,0,0,0,0,0,0,0,0,0,0,0,0,0,0,0,0,0,0,0,0,0,0,0,0,0,0,0,0,0
GF23_d59_c6,0,0,0,0,0,0,0,0,0,0,0,0,0,0,0,0,100,0,0,0,0,0,0,0,0,0,0,0,0,0,0,0,0,0,0,0,0,0,0,0,0,0,0,0,0,0,0,0,0,0,0
GF23_d62_dama,6.63812,0,4.17139,0,0.42078,2.04653,0,48.34191,1.06599,0,0,1.26469,0,14.83734,19.40077,1.64843,0.16406,0,0,0,0,0,0,0,0,0,0,0,0,0,0,0,0,0,0,0,0,0,0,0,0,0,0,0,0,0,0,0,0,0,0
GF23_d62_damb,4.94494,0.72493,6.98644,1.80061,1.64158,2.32844,0,28.72966,0.87458,0,0,1.30299,0,19.43689,28.60667,2.30304,0.02652,0,0,0,0,0,0,0,0,0,0,0,0,0,0,0,0,0.29272,0,0,0,0,0,0,0,0,0,0,0,0,0,0,0,0,0
GF23_d62_damc,14.74987,0.27134,0,0,8.78291,1.56932,0,27.69457,0.59285,0,0,1.94817,0,6.8182,30.64253,6.64798,0.28225,0,0,0,0,0,0,0,0,0,0,0,0,0,0,0,0,0,0,0,0,0,0,0,0,0,0,0,0,0,0,0,0,0,0
GF23_d7_damb,4.90702,0.1618,4.84528,0.33871,57.49383,1.54585,0,13.19189,1.30234,0,0,1.27411,0,4.94303,8.09001,1.68912,0.21447,0,0,0,0,0,0,0,0,0,0,0,0,0,0,0,0,0,0,0.00254,0,0,0,0,0,0,0,0,0,0,0,0,0,0,0
GF23_d7_damc,3.9336,0.5973,1.55351,0.46104,13.392,2.11278,0,38.11495,1.46976,0,0,1.75231,0,19.70363,13.03129,3.71517,0.16266,0,0,0,0,0,0,0,0,0,0,0,0,0,0,0,0,0,0,0,0,0,0,0,0,0,0,0,0,0,0,0,0,0,0
GF23_d77_damb,5.17627,0.26623,10.16785,0.94202,2.03137,2.64646,0,31.51265,0.58784,0,0,1.22866,0,12.36186,29.46385,2.04934,1.3193,0,0,0,0,0,0,0,0,0,0,0,0,0,0,0,0,0.24628,0,0,0,0,0,0,0,0,0,0,0,0,0,0,0,0,0
GF23_d81_c3,0,0,0,0,0,0,0,0,0,0,0,0,0,0,0,0,100,0,0,0,0,0,0,0,0,0,0,0,0,0,0,0,0,0,0,0,0,0,0,0,0,0,0,0,0,0,0,0,0,0,0
GF23_d81_c7,0,0,0,0,0,30.91494,0,0,0,0,0,0,0,0,0,0,69.08506,0,0,0,0,0,0,0,0,0,0,0,0,0,0,0,0,0,0,0,0,0,0,0,0,0,0,0,0,0,0,0,0,0,0
GF23_d84_c1,100,0,0,0,0,0,0,0,0,0,0,0,0,0,0,0,0,0,0,0,0,0,0,0,0,0,0,0,0,0,0,0,0,0,0,0,0,0,0,0,0,0,0,0,0,0,0,0,0,0,0
GF23_d84_c2,100,0,0,0,0,0,0,0,0,0,0,0,0,0,0,0,0,0,0,0,0,0,0,0,0,0,0,0,0,0,0,0,0,0,0,0,0,0,0,0,0,0,0,0,0,0,0,0,0,0,0
GF23_d84_c3,100,0,0,0,0,0,0,0,0,0,0,0,0,0,0,0,0,0,0,0,0,0,0,0,0,0,0,0,0,0,0,0,0,0,0,0,0,0,0,0,0,0,0,0,0,0,0,0,0,0,0
GF23_d84_c4,100,0,0,0,0,0,0,0,0,0,0,0,0,0,0,0,0,0,0,0,0,0,0,0,0,0,0,0,0,0,0,0,0,0,0,0,0,0,0,0,0,0,0,0,0,0,0,0,0,0,0
GF23_d84_c5,100,0,0,0,0,0,0,0,0,0,0,0,0,0,0,0,0,0,0,0,0,0,0,0,0,0,0,0,0,0,0,0,0,0,0,0,0,0,0,0,0,0,0,0,0,0,0,0,0,0,0
GF23_d84_c9,94.6619,0,0,0,0,0,0,0,0,0,0,0,0,4.83868,0.49943,0,0,0,0,0,0,0,0,0,0,0,0,0,0,0,0,0,0,0,0,0,0,0,0,0,0,0,0,0,0,0,0,0,0,0,0
GF23_d89_damb,7.07797,1.97677,9.9237,2.38005,0.72658,1.93805,0,35.85894,0.5845,0,0,1.20673,0,10.13128,25.68731,2.36548,0.11216,0,0,0,0,0,0,0,0,0,0,0,0,0,0,0,0,0.03049,0,0,0,0,0,0,0,0,0,0,0,0,0,0,0,0,0
GF23_d89_damc,26.68235,0,0,0,2.16986,3.01695,0,16.91103,0.41693,0,0,2.12892,0,10.81927,34.50024,2.67108,0.68336,0,0,0,0,0,0,0,0,0,0,0,0,0,0,0,0,0,0,0,0,0,0,0,0,0,0,0,0,0,0,0,0,0,0
GF3_AB_Sire_day4,0.48794,0,0,0,41.71299,3.6863,0,44.739,0,0,0,0,0,8.19155,0,0,1.18222,0,0,0,0,0,0,0,0,0,0,0,0,0,0,0,0,0,0,0,0,0,0,0,0,0,0,0,0,0,0,0,0,0,0
GF3_B_Sire_day19,0.53591,0,0,0,42.5125,2.63533,0,39.47183,4.00078,0,0,0,0,7.55031,0,0,3.29334,0,0,0,0,0,0,0,0,0,0,0,0,0,0,0,0,0,0,0,0,0,0,0,0,0,0,0,0,0,0,0,0,0,0
GF3_B_Sire_day30,0.71287,0,0,0,32.16714,5.38805,0,46.73734,2.5163,0,0,0,0,10.12843,0,0,2.34987,0,0,0,0,0,0,0,0,0,0,0,0,0,0,0,0,0,0,0,0,0,0,0,0,0,0,0,0,0,0,0,0,0,0
GF3_C_dam_day19,0.40812,0,3.29447,1.04111,28.30395,1.30635,0,44.12748,0,0,11.20095,0,0,10.31757,0,0,0,0,0,0,0,0,0,0,0,0,0,0,0,0,0,0,0,0,0,0,0,0,0,0,0,0,0,0,0,0,0,0,0,0,0
GF3_C_dam_day4,0.49189,0,0,0,26.87296,1.08302,0,9.5084,60.312,0,0,0.22845,0,1.22811,0,0,0.27516,0,0,0,0,0,0,0,0,0,0,0,0,0,0,0,0,0,0,0,0,0,0,0,0,0,0,0,0,0,0,0,0,0,0
GF3_C_Sire_day19,0.71492,0.50071,1.90851,0.91434,11.46255,0.90388,0,18.25789,56.45523,0,4.39038,0,0,4.24055,0,0,0.03551,0,0,0,0,0,0,0,0,0,0,0,0,0,0,0,0.01197,0.20357,0,0,0,0,0,0,0,0,0,0,0,0,0,0,0,0,0
GF3_C_Sire_day30,1.2207,0,0,0,46.9662,2.81727,0,37.97319,0.61677,0,0,0,0,8.7366,0,0,1.66927,0,0,0,0,0,0,0,0,0,0,0,0,0,0,0,0,0,0,0,0,0,0,0,0,0,0,0,0,0,0,0,0,0,0
GF3_C_Sire_day4,1.26125,0.31634,3.40915,0.90192,42.71144,2.3622,0,28.98769,2.89361,0,8.91659,0.38851,0,7.66962,0,0,0,0,0,0,0,0,0,0,0,0,0,0,0,0,0,0,0.08964,0.09204,0,0,0,0,0,0,0,0,0,0,0,0,0,0,0,0,0
GF3_C1_day30,0.88144,0,0,0,54.95997,0.60106,0,17.8744,24.4907,0,0,0.34566,0,0.33873,0,0,0.50803,0,0,0,0,0,0,0,0,0,0,0,0,0,0,0,0,0,0,0,0,0,0,0,0,0,0,0,0,0,0,0,0,0,0
GF3_C1_day32,1.15497,0,0.03357,1.27786,54.21633,1.2839,0,15.50976,15.01839,0,4.33373,0.00861,0,6.32192,0,0,0.84095,0,0,0,0,0,0,0,0,0,0,0,0,0,0,0,0,0,0,0,0,0,0,0,0,0,0,0,0,0,0,0,0,0,0
GF3_C1_day34,0.22706,0,0,0,55.96762,2.59873,0,30.50785,5.91297,0,0,0.53529,0,2.23873,0,0,2.01175,0,0,0,0,0,0,0,0,0,0,0,0,0,0,0,0,0,0,0,0,0,0,0,0,0,0,0,0,0,0,0,0,0,0
GF3_C2_day30,0,0,0,0,0,0,0,0.16191,99.83809,0,0,0,0,0,0,0,0,0,0,0,0,0,0,0,0,0,0,0,0,0,0,0,0,0,0,0,0,0,0,0,0,0,0,0,0,0,0,0,0,0,0
GF3_C2_day32,0.395,0,0,0,9.91644,0,0,10.33424,77.69093,0,0,0,0,1.66339,0,0,0,0,0,0,0,0,0,0,0,0,0,0,0,0,0,0,0,0,0,0,0,0,0,0,0,0,0,0,0,0,0,0,0,0,0
GF3_C2_day35,0.40812,0,3.29447,1.04111,28.30395,1.30635,0,44.12748,0,0,11.20095,0,0,10.31757,0,0,0,0,0,0,0,0,0,0,0,0,0,0,0,0,0,0,0,0,0,0,0,0,0,0,0,0,0,0,0,0,0,0,0,0,0
GF3_C2_day38,3.01642,0,0,0,4.78405,81.76314,0,0,2.31406,0,0,0,0,0,0,0,8.12234,0,0,0,0,0,0,0,0,0,0,0,0,0,0,0,0,0,0,0,0,0,0,0,0,0,0,0,0,0,0,0,0,0,0
GF3_C2_day39,20.68664,0,0,0,4.8555,39.64926,0,0.14483,24.60273,0,0,0,0,0.72169,0,0,9.33935,0,0,0,0,0,0,0,0,0,0,0,0,0,0,0,0,0,0,0,0,0,0,0,0,0,0,0,0,0,0,0,0,0,0
GF3_C2_day40,6.17313,0,0,0,1.00884,65.45416,0,2.12787,20.53907,0,0,0,0,1.27751,0,0,3.41943,0,0,0,0,0,0,0,0,0,0,0,0,0,0,0,0,0,0,0,0,0,0,0,0,0,0,0,0,0,0,0,0,0,0
GF3_C2_day41,81.26021,0,0,0,18.73979,0,0,0,0,0,0,0,0,0,0,0,0,0,0,0,0,0,0,0,0,0,0,0,0,0,0,0,0,0,0,0,0,0,0,0,0,0,0,0,0,0,0,0,0,0,0
GF3_C2_day42,0.62056,0,0,0,25.46477,7.9884,0,46.12186,1.05554,0,0,0,0,10.56488,0,0,8.18399,0,0,0,0,0,0,0,0,0,0,0,0,0,0,0,0,0,0,0,0,0,0,0,0,0,0,0,0,0,0,0,0,0,0
GF3_C2_day45,0.39377,0,0,0,38.62494,2.3666,0,42.15399,0.75212,0,0,0,0,7.12678,0,0,8.58179,0,0,0,0,0,0,0,0,0,0,0,0,0,0,0,0,0,0,0,0,0,0,0,0,0,0,0,0,0,0,0,0,0,0
GF3_C3_day30,3.67693,0,0,0,50.91623,1.42943,0,20.31469,20.30377,0,0,0.37192,0,2.31741,0,0,0.66962,0,0,0,0,0,0,0,0,0,0,0,0,0,0,0,0,0,0,0,0,0,0,0,0,0,0,0,0,0,0,0,0,0,0
GF3_C3_day32,1.1922,0,0,0,0,85.28029,0,0,13.52751,0,0,0,0,0,0,0,0,0,0,0,0,0,0,0,0,0,0,0,0,0,0,0,0,0,0,0,0,0,0,0,0,0,0,0,0,0,0,0,0,0,0
GF3_C3_day34,26.05002,24.15524,17.46269,10.2734,10.35093,4.93496,0.46773,2.92222,1.97104,0.3988,0.63443,0.08257,0,0,0,0,0,0,0,0,0,0,0,0,0,0,0,0,0,0,0,0,0.1096,0.10419,0,0,0,0,0,0,0,0,0,0.06201,0.02018,0,0,0,0,0,0
GF3_C3_day35,1.36451,0.87938,4.5007,2.17595,24.48957,1.51582,0,42.6666,0.77054,0,10.20882,0,0,10.84009,0,0,0,0,0,0,0,0,0,0,0,0,0,0,0,0,0,0,0,0.58802,0,0,0,0,0,0,0,0,0,0,0,0,0,0,0,0,0
GF3_C3_day39,0,0,0,0,0,100,0,0,0,0,0,0,0,0,0,0,0,0,0,0,0,0,0,0,0,0,0,0,0,0,0,0,0,0,0,0,0,0,0,0,0,0,0,0,0,0,0,0,0,0,0
GF3_C3_day40,1.52075,0,0,0,0.48816,79.03588,0,1.17616,17.04159,0,0,0,0,0.73745,0,0,0,0,0,0,0,0,0,0,0,0,0,0,0,0,0,0,0,0,0,0,0,0,0,0,0,0,0,0,0,0,0,0,0,0,0
GF3_C3_day41,100,0,0,0,0,0,0,0,0,0,0,0,0,0,0,0,0,0,0,0,0,0,0,0,0,0,0,0,0,0,0,0,0,0,0,0,0,0,0,0,0,0,0,0,0,0,0,0,0,0,0
GF3_C3_day42,0.60577,0,0,0,19.10468,10.18928,0,51.64645,0.87982,0,0,0,0,7.82681,0,0,9.74718,0,0,0,0,0,0,0,0,0,0,0,0,0,0,0,0,0,0,0,0,0,0,0,0,0,0,0,0,0,0,0,0,0,0
GF3_C3_day45,0.7248,0,0,0,45.31227,2.55291,0,40.82213,0.81348,0,0,0,0,6.17613,0,0,3.59827,0,0,0,0,0,0,0,0,0,0,0,0,0,0,0,0,0,0,0,0,0,0,0,0,0,0,0,0,0,0,0,0,0,0
GF3_C4_day30,1.16785,0,0.79658,1.81156,62.91965,4.08567,0,10.55393,12.52701,0,3.98173,0.30548,0,0.66854,0,0,0.80634,0,0,0,0,0,0,0,0,0,0,0,0,0,0,0,0.07887,0.25267,0,0.04413,0,0,0,0,0,0,0,0,0,0,0,0,0,0,0
GF3_C4_day32,4.23,0,0,0,0,72.23,0,0,23.54,0,0,0,0,0,0,0,0,0,0,0,0,0,0,0,0,0,0,0,0,0,0,0,0,0,0,0,0,0,0,0,0,0,0,0,0,0,0,0,0,0,0
GF3_C4_day34,4.68994,0,1.13564,1.11441,39.39194,9.38098,0,33.74665,1.58933,0,4.15824,0,0,4.79288,0,0,0,0,0,0,0,0,0,0,0,0,0,0,0,0,0,0,0,0,0,0,0,0,0,0,0,0,0,0,0,0,0,0,0,0,0
GF3_C4_day38,0.26995,0,0,0,0.72192,67.04642,0,0,31.96171,0,0,0,0,0,0,0,0,0,0,0,0,0,0,0,0,0,0,0,0,0,0,0,0,0,0,0,0,0,0,0,0,0,0,0,0,0,0,0,0,0,0
GF3_C4_day39,2.24068,0,0,0,1.38912,71.74707,0,0.07818,22.07083,0,0,0,0,0.66724,0,0,1.80687,0,0,0,0,0,0,0,0,0,0,0,0,0,0,0,0,0,0,0,0,0,0,0,0,0,0,0,0,0,0,0,0,0,0
GF3_C4_day40,100,0,0,0,0,0,0,0,0,0,0,0,0,0,0,0,0,0,0,0,0,0,0,0,0,0,0,0,0,0,0,0,0,0,0,0,0,0,0,0,0,0,0,0,0,0,0,0,0,0,0
GF3_C4_day41,86.21224,0,0,0,13.78776,0,0,0,0,0,0,0,0,0,0,0,0,0,0,0,0,0,0,0,0,0,0,0,0,0,0,0,0,0,0,0,0,0,0,0,0,0,0,0,0,0,0,0,0,0,0
GF3_C4_day42,1.50829,0,0,0,35.17645,3.78714,0,43.26757,2.54438,0,0,0,0,8.08043,0,0,5.63575,0,0,0,0,0,0,0,0,0,0,0,0,0,0,0,0,0,0,0,0,0,0,0,0,0,0,0,0,0,0,0,0,0,0
GF3_C4_day45,1.02136,0,0,0,34.21025,4.0293,0,46.60267,0.58547,0,0,0,0,9.85275,0,0,3.69822,0,0,0,0,0,0,0,0,0,0,0,0,0,0,0,0,0,0,0,0,0,0,0,0,0,0,0,0,0,0,0,0,0,0
GF3_C5_day30,0,0,0,0,0.35395,0,0,0.12041,99.52564,0,0,0,0,0,0,0,0,0,0,0,0,0,0,0,0,0,0,0,0,0,0,0,0,0,0,0,0,0,0,0,0,0,0,0,0,0,0,0,0,0,0
GF3_C5_day39,2.7964,0,0,0.26559,1.73798,49.37888,0,7.90384,33.04871,0,0,0,0,1.43059,0,0,3.43801,0,0,0,0,0,0,0,0,0,0,0,0,0,0,0,0,0,0,0,0,0,0,0,0,0,0,0,0,0,0,0,0,0,0
GF3_C5_day41,99.58888,0,0,0,0.41112,0,0,0,0,0,0,0,0,0,0,0,0,0,0,0,0,0,0,0,0,0,0,0,0,0,0,0,0,0,0,0,0,0,0,0,0,0,0,0,0,0,0,0,0,0,0
GF3_C5_day42,1.84554,0,0,0,46.52835,6.54476,0,38.12548,0.78203,0,0,0,0,3.54084,0,0,2.633,0,0,0,0,0,0,0,0,0,0,0,0,0,0,0,0,0,0,0,0,0,0,0,0,0,0,0,0,0,0,0,0,0,0
GF3_C5_day45,0.69573,0,0,0,57.10293,3.12928,0,33.90891,1.01691,0,0,0,0,2.40877,0,0,1.70712,0,0,0,0,0,0,0,0,0,0,0,0,0,0,0,0,0,0,0.03035,0,0,0,0,0,0,0,0,0,0,0,0,0,0,0
GF3_C6_day30,0,0,0.06194,0,1.04847,0,0,2.73899,95.96768,0,0.18292,0,0,0,0,0,0,0,0,0,0,0,0,0,0,0,0,0,0,0,0,0,0,0,0,0,0,0,0,0,0,0,0,0,0,0,0,0,0,0,0
GF3_C6_day35,0,0,0,0,0,76.45355,0,0,23.54645,0,0,0,0,0,0,0,0,0,0,0,0,0,0,0,0,0,0,0,0,0,0,0,0,0,0,0,0,0,0,0,0,0,0,0,0,0,0,0,0,0,0
GF3_C6_day38,0,0,0,0,0,86.14543,0,0,13.85457,0,0,0,0,0,0,0,0,0,0,0,0,0,0,0,0,0,0,0,0,0,0,0,0,0,0,0,0,0,0,0,0,0,0,0,0,0,0,0,0,0,0
GF3_C6_day39,2.42112,0,0,0.53484,2.1763,52.47502,0,4.47892,8.0685,0,0,0,0,1.7255,0,0,28.1198,0,0,0,0,0,0,0,0,0,0,0,0,0,0,0,0,0,0,0,0,0,0,0,0,0,0,0,0,0,0,0,0,0,0
GF3_C6_day41,0.2304,0,0,0,10.69772,6.03464,0,66.86036,1.09415,0,0,0,0,10.77884,0,0,4.30388,0,0,0,0,0,0,0,0,0,0,0,0,0,0,0,0,0,0,0,0,0,0,0,0,0,0,0,0,0,0,0,0,0,0
GF3_C6_day42,0.56981,0,0,0,57.31886,2.83464,0,31.88794,0.78198,0,0,0,0,4.4572,0,0,2.14957,0,0,0,0,0,0,0,0,0,0,0,0,0,0,0,0,0,0,0,0,0,0,0,0,0,0,0,0,0,0,0,0,0,0
GF3_C6_day45,1.0882,0,0,0,51.67369,3.601,0,33.42021,1.8643,0,0,0,0,4.93874,0,0,3.41387,0,0,0,0,0,0,0,0,0,0,0,0,0,0,0,0,0,0,0,0,0,0,0,0,0,0,0,0,0,0,0,0,0,0
GF3_C7_day40,81.47642,0,0,0,17.95539,0,0,0,0,0,0,0,0,0.5682,0,0,0,0,0,0,0,0,0,0,0,0,0,0,0,0,0,0,0,0,0,0,0,0,0,0,0,0,0,0,0,0,0,0,0,0,0
GF3_C7_day41,0.6571,0,0,0,38.84773,3.91857,0,45.81585,0.41665,0,0,0,0,7.91734,0,0,2.42675,0,0,0,0,0,0,0,0,0,0,0,0,0,0,0,0,0,0,0,0,0,0,0,0,0,0,0,0,0,0,0,0,0,0
GF3_C7_day42,1.7887,0,0,0,13.69841,5.38275,0,62.56734,1.07939,0,0,0,0,10.64029,0,0,4.84313,0,0,0,0,0,0,0,0,0,0,0,0,0,0,0,0,0,0,0,0,0,0,0,0,0,0,0,0,0,0,0,0,0,0
GF3_C7_day45,1.1889,0,0,0,41.70374,1.81634,0,38.90406,0,0,0,0,0,7.6948,0,0,8.69216,0,0,0,0,0,0,0,0,0,0,0,0,0,0,0,0,0,0,0,0,0,0,0,0,0,0,0,0,0,0,0,0,0,0
GF3_C8_day30,0,0,0,0.01864,22.24065,0.43913,0,7.63676,66.87152,0,0.75243,0,0,2.04088,0,0,0,0,0,0,0,0,0,0,0,0,0,0,0,0,0,0,0,0,0,0,0,0,0,0,0,0,0,0,0,0,0,0,0,0,0
GF3_C8_day32,8.00998,0,0,0,0.05581,68.05923,0,0,23.87499,0,0,0,0,0,0,0,0,0,0,0,0,0,0,0,0,0,0,0,0,0,0,0,0,0,0,0,0,0,0,0,0,0,0,0,0,0,0,0,0,0,0
GF3_C8_day34,1.26125,0.31634,3.40915,0.90192,42.71144,2.3622,0,28.98769,2.89361,0,8.91659,0.38851,0,7.66962,0,0,0,0,0,0,0,0,0,0,0,0,0,0,0,0,0,0,0.08964,0.09204,0,0,0,0,0,0,0,0,0,0,0,0,0,0,0,0,0
GF3_C8_day39,1.92073,0,0,0,1.30801,46.02258,0,1.23561,38.47614,0,0,0,0,1.52964,0,0,9.50729,0,0,0,0,0,0,0,0,0,0,0,0,0,0,0,0,0,0,0,0,0,0,0,0,0,0,0,0,0,0,0,0,0,0
GF3_C8_day40,100,0,0,0,0,0,0,0,0,0,0,0,0,0,0,0,0,0,0,0,0,0,0,0,0,0,0,0,0,0,0,0,0,0,0,0,0,0,0,0,0,0,0,0,0,0,0,0,0,0,0
GF3_C8_day41,0.5116,0,0,0,62.27529,4.413,0,26.50859,0.75986,0,0,0,0,3.95322,0,0,1.57845,0,0,0,0,0,0,0,0,0,0,0,0,0,0,0,0,0,0,0,0,0,0,0,0,0,0,0,0,0,0,0,0,0,0
GF3_C8_day42,0.7565,0,0,0,47.13748,3.87721,0,38.75324,0.90092,0,0,0,0,6.84852,0,0,1.72614,0,0,0,0,0,0,0,0,0,0,0,0,0,0,0,0,0,0,0,0,0,0,0,0,0,0,0,0,0,0,0,0,0,0
GF3_C8_day45,1.61762,0,0,0,49.52601,1.4737,0,36.88458,0.95281,0,0,0,0,6.83503,0,0,2.71026,0,0,0,0,0,0,0,0,0,0,0,0,0,0,0,0,0,0,0,0,0,0,0,0,0,0,0,0,0,0,0,0,0,0
GF3_C9_day30,0.01829,0.02106,0.21587,0.80311,14.85821,0.12526,0,9.55388,67.96113,0,4.2553,0,0,1.89114,0,0,0.1747,0,0,0,0,0,0,0,0,0,0,0,0,0,0,0,0,0.12205,0,0,0,0,0,0,0,0,0,0,0,0,0,0,0,0,0
GF3_C9_day32,0.51616,0,0,0,62.07286,0.70873,0,18.31035,14.59666,0,0,0.06521,0,3.34125,0,0,0.38878,0,0,0,0,0,0,0,0,0,0,0,0,0,0,0,0,0,0,0,0,0,0,0,0,0,0,0,0,0,0,0,0,0,0
GF3_C9_day34,1.83829,0.1033,1.51548,0.27249,44.93931,1.37891,0,29.72102,1.49963,0,12.47054,0.28399,0,5.79775,0,0,0.16032,0,0,0,0,0,0,0,0,0,0,0,0,0,0,0,0.01896,0,0,0,0,0,0,0,0,0,0,0,0,0,0,0,0,0,0
GF3_C9_day38,2.10749,0,0,0,3.22685,74.34773,0,0,20.31793,0,0,0,0,0,0,0,0,0,0,0,0,0,0,0,0,0,0,0,0,0,0,0,0,0,0,0,0,0,0,0,0,0,0,0,0,0,0,0,0,0,0
GF3_C9_day39,8.50862,0,0,0,3.75526,58.47533,0,2.59455,23.06335,0,0,0,0,1.42883,0,0,2.17405,0,0,0,0,0,0,0,0,0,0,0,0,0,0,0,0,0,0,0,0,0,0,0,0,0,0,0,0,0,0,0,0,0,0
GF3_C9_day40,41.72633,0,0,0,0,20.75229,0,0,26.29516,0,0,0,0,0,0,0,11.22623,0,0,0,0,0,0,0,0,0,0,0,0,0,0,0,0,0,0,0,0,0,0,0,0,0,0,0,0,0,0,0,0,0,0
GF3_C9_day41,1.06091,0,0,0,15.67679,10.89091,0,58.00848,1.16447,0,0,0,0,9.15872,0,0,4.03972,0,0,0,0,0,0,0,0,0,0,0,0,0,0,0,0,0,0,0,0,0,0,0,0,0,0,0,0,0,0,0,0,0,0
GF3_C9_day42,0.80225,0,0,0,48.83157,3.79621,0,34.68924,0.5824,0,0,0,0,6.87692,0,0,4.42141,0,0,0,0,0,0,0,0,0,0,0,0,0,0,0,0,0,0,0,0,0,0,0,0,0,0,0,0,0,0,0,0,0,0
GF3_C9_day45,2.6013,0,0,0,61.03244,3.81922,0,28.0842,0.99186,0,0,0,0,0.89776,0,0,2.57322,0,0,0,0,0,0,0,0,0,0,0,0,0,0,0,0,0,0,0,0,0,0,0,0,0,0,0,0,0,0,0,0,0,0
GF3_inoc,1.77191,0,0,0,16.23477,2.25387,0,50.11219,23.97137,0,0,0.99385,0,2.75015,0,0,1.91189,0,0,0,0,0,0,0,0,0,0,0,0,0,0,0,0,0,0,0,0,0,0,0,0,0,0,0,0,0,0,0,0,0,0
GF4_B1_D35,81.86896,0,0,0,18.13104,0,0,0,0,0,0,0,0,0,0,0,0,0,0,0,0,0,0,0,0,0,0,0,0,0,0,0,0,0,0,0,0,0,0,0,0,0,0,0,0,0,0,0,0,0,0
GF4_B1_D36,86.78923,0,0,0,0.59973,12.40086,0,0.21018,0,0,0,0,0,0,0,0,0,0,0,0,0,0,0,0,0,0,0,0,0,0,0,0,0,0,0,0,0,0,0,0,0,0,0,0,0,0,0,0,0,0,0
GF4_B1_d37,100,0,0,0,0,0,0,0,0,0,0,0,0,0,0,0,0,0,0,0,0,0,0,0,0,0,0,0,0,0,0,0,0,0,0,0,0,0,0,0,0,0,0,0,0,0,0,0,0,0,0
GF4_B2_d35,16.33196,0,0,0,1.13433,81.58055,0,0,0.95316,0,0,0,0,0,0,0,0,0,0,0,0,0,0,0,0,0,0,0,0,0,0,0,0,0,0,0,0,0,0,0,0,0,0,0,0,0,0,0,0,0,0
GF4_B2_d36,0,0,0,0,0,83.42915,0,0,16.57085,0,0,0,0,0,0,0,0,0,0,0,0,0,0,0,0,0,0,0,0,0,0,0,0,0,0,0,0,0,0,0,0,0,0,0,0,0,0,0,0,0,0
GF4_B3_d35,82.63922,0,0,0,14.99204,0,0,0,0,0,0,0,0,2.36874,0,0,0,0,0,0,0,0,0,0,0,0,0,0,0,0,0,0,0,0,0,0,0,0,0,0,0,0,0,0,0,0,0,0,0,0,0
GF4_B3_d36,72.03416,0,0,0,4.34166,22.24158,0,0.39985,0,0,0,0,0,0.98275,0,0,0,0,0,0,0,0,0,0,0,0,0,0,0,0,0,0,0,0,0,0,0,0,0,0,0,0,0,0,0,0,0,0,0,0,0
GF4_B3_d37,100,0,0,0,0,0,0,0,0,0,0,0,0,0,0,0,0,0,0,0,0,0,0,0,0,0,0,0,0,0,0,0,0,0,0,0,0,0,0,0,0,0,0,0,0,0,0,0,0,0,0
GF4_B3_d42,1.56615,0,0,0,53.55772,3.23242,0,30.37938,2.58735,0,0,0,0,8.67697,0,0,0,0,0,0,0,0,0,0,0,0,0,0,0,0,0,0,0,0,0,0,0,0,0,0,0,0,0,0,0,0,0,0,0,0,0
GF4_B3_d43,2.89738,0,0,0,44.13371,1.96713,0,42.26856,1.59131,0,0,0,0,7.1419,0,0,0,0,0,0,0,0,0,0,0,0,0,0,0,0,0,0,0,0,0,0,0,0,0,0,0,0,0,0,0,0,0,0,0,0,0
GF4_B3_d44,3.91362,0,0,0,73.65812,1.55443,0,14.02068,1.16196,0,0,0,0,5.69119,0,0,0,0,0,0,0,0,0,0,0,0,0,0,0,0,0,0,0,0,0,0,0,0,0,0,0,0,0,0,0,0,0,0,0,0,0
GF4_B3_d46,2.97518,0,0,0,77.56029,4.3282,0,10.9261,2.8002,0,0,0,0,1.41003,0,0,0,0,0,0,0,0,0,0,0,0,0,0,0,0,0,0,0,0,0,0,0,0,0,0,0,0,0,0,0,0,0,0,0,0,0
GF4_B3_LI,4.1241,0,0,0,90.212,0,0,1.42493,3.07732,0,0,0,0,0.07293,0,0,1.07746,0,0,0,0,0,0,0,0,0,0,0,0,0,0,0,0,0,0,0.01127,0,0,0,0,0,0,0,0,0,0,0,0,0,0,0
GF4_B3_SI,2.31173,0,0,0,96.62819,0,0,0.33651,0,0,0,0,0,0.70697,0,0,0,0,0,0,0,0,0,0,0,0,0,0,0,0,0,0,0,0,0,0.01661,0,0,0,0,0,0,0,0,0,0,0,0,0,0,0
GF4_B4_d35,88.48589,0,0,0,10.58381,0,0,0.07612,0,0,0,0,0,0.85417,0,0,0,0,0,0,0,0,0,0,0,0,0,0,0,0,0,0,0,0,0,0,0,0,0,0,0,0,0,0,0,0,0,0,0,0,0
GF4_B4_d38,100,0,0,0,0,0,0,0,0,0,0,0,0,0,0,0,0,0,0,0,0,0,0,0,0,0,0,0,0,0,0,0,0,0,0,0,0,0,0,0,0,0,0,0,0,0,0,0,0,0,0
GF4_B5_d35,78.5023,0,0,0,2.06697,19.43073,0,0,0,0,0,0,0,0,0,0,0,0,0,0,0,0,0,0,0,0,0,0,0,0,0,0,0,0,0,0,0,0,0,0,0,0,0,0,0,0,0,0,0,0,0
GF4_Bdam_d10,2.08586,0.11847,4.14679,0.51058,55.42544,1.48406,0,30.29984,0.69209,0,0,0.18312,0,4.70769,0,0,0,0,0,0,0,0,0,0,0,0,0,0,0,0,0,0,0.34605,0,0,0,0,0,0,0,0,0,0,0,0,0,0,0,0,0,0
GF4_Bsire_d10,2.83787,0.01484,4.1803,1.05023,51.95341,1.89672,0,30.42169,2.93596,0,0,0.10107,0,4.58916,0,0,0,0,0,0,0,0,0,0,0,0,0,0,0,0,0,0,0,0.01875,0,0,0,0,0,0,0,0,0,0,0,0,0,0,0,0,0
GF4_Bsire_d2,2.1971,0,1.34423,0,68.62099,2.0874,0,19.69664,3.76131,0,0,0.21966,0,1.61589,0,0,0.41737,0,0,0,0,0,0,0,0,0,0,0,0,0,0,0,0.03943,0,0,0,0,0,0,0,0,0,0,0,0,0,0,0,0,0,0
GF4_C1_d36,3.67169,0,0,0,0,96.32831,0,0,0,0,0,0,0,0,0,0,0,0,0,0,0,0,0,0,0,0,0,0,0,0,0,0,0,0,0,0,0,0,0,0,0,0,0,0,0,0,0,0,0,0,0
GF4_C1_D37,15.72958,0,0,0,0,30.81675,0,14.32519,22.56451,0,0,0,0,16.56397,0,0,0,0,0,0,0,0,0,0,0,0,0,0,0,0,0,0,0,0,0,0,0,0,0,0,0,0,0,0,0,0,0,0,0,0,0
GF4_C1_d39,14.10035,0,0,0,0.10618,7.13597,0,40.78271,28.34805,0,0,0,0,8.24402,0,0,1.28272,0,0,0,0,0,0,0,0,0,0,0,0,0,0,0,0,0,0,0,0,0,0,0,0,0,0,0,0,0,0,0,0,0,0
GF4_C1_d43,3.47485,0,0,0,0,5.04954,0,66.73493,17.14443,0,0,0,0,6.33472,0,0,1.26153,0,0,0,0,0,0,0,0,0,0,0,0,0,0,0,0,0,0,0,0,0,0,0,0,0,0,0,0,0,0,0,0,0,0
GF4_C1_d46,0.66459,0,0,0,0,10.27407,0,79.19426,0.49958,0,0,0.51932,0,2.98924,0,0,5.85893,0,0,0,0,0,0,0,0,0,0,0,0,0,0,0,0,0,0,0,0,0,0,0,0,0,0,0,0,0,0,0,0,0,0
GF4_C1_LI,2.82695,0,0,0,58.89099,5.09885,0,1.63925,0,0,28.77426,0.6169,0,0.54224,0,0,1.61057,0,0,0,0,0,0,0,0,0,0,0,0,0,0,0,0,0,0,0,0,0,0,0,0,0,0,0,0,0,0,0,0,0,0
GF4_C1_SI,1.31826,0,0,0,74.12533,6.31171,0,1.97334,0,0,14.91183,0,0,0,0,0,1.35953,0,0,0,0,0,0,0,0,0,0,0,0,0,0,0,0,0,0,0,0,0,0,0,0,0,0,0,0,0,0,0,0,0,0
GF4_C2_d35,81.13808,0,0,0,0,18.86192,0,0,0,0,0,0,0,0,0,0,0,0,0,0,0,0,0,0,0,0,0,0,0,0,0,0,0,0,0,0,0,0,0,0,0,0,0,0,0,0,0,0,0,0,0
GF4_C2_D36,52.75362,0,0,0,0,10.93315,0,5.97408,17.39727,0,0,0,0,0,0,0,12.94187,0,0,0,0,0,0,0,0,0,0,0,0,0,0,0,0,0,0,0,0,0,0,0,0,0,0,0,0,0,0,0,0,0,0
GF4_C2_d37,10.43878,0,0,0,0,10.5288,0,17.98669,15.0951,0,0,0.83081,0,16.28257,0,0,28.83724,0,0,0,0,0,0,0,0,0,0,0,0,0,0,0,0,0,0,0,0,0,0,0,0,0,0,0,0,0,0,0,0,0,0
GF4_C2_d38,6.26229,0,0,0,0,17.11554,0,45.30839,7.53368,0,0,0.18875,0,13.43333,0,0,10.15802,0,0,0,0,0,0,0,0,0,0,0,0,0,0,0,0,0,0,0,0,0,0,0,0,0,0,0,0,0,0,0,0,0,0
GF4_C2_d39,9.50199,0,0,0,0,7.41974,0,53.42903,7.02699,0,0,0.51905,0,6.49208,0,0,15.61112,0,0,0,0,0,0,0,0,0,0,0,0,0,0,0,0,0,0,0,0,0,0,0,0,0,0,0,0,0,0,0,0,0,0
GF4_C2_d43,0.68046,0,0,0,1.71639,6.79104,0,79.34341,0.51186,0,0,0.87922,0,7.73972,0,0,2.3379,0,0,0,0,0,0,0,0,0,0,0,0,0,0,0,0,0,0,0,0,0,0,0,0,0,0,0,0,0,0,0,0,0,0
GF4_C2_d45,0.40793,0,0,0,2.39023,5.47814,0,71.51901,0.11053,0,9.01563,0.53302,0,6.84343,0,0,3.70206,0,0,0,0,0,0,0,0,0,0,0,0,0,0,0,0,0,0,0,0,0,0,0,0,0,0,0,0,0,0,0,0,0,0
GF4_C2_d46,0.55526,0,0,0,15.77826,6.93302,0,59.7117,0.23041,0,6.73634,0.44766,0,4.30797,0,0,5.29939,0,0,0,0,0,0,0,0,0,0,0,0,0,0,0,0,0,0,0,0,0,0,0,0,0,0,0,0,0,0,0,0,0,0
GF4_C2_LI,0.16881,0,0,0,97.89862,0.64339,0,0.26597,0,0,0.6175,0,0,0.40571,0,0,0,0,0,0,0,0,0,0,0,0,0,0,0,0,0,0,0,0,0,0,0,0,0,0,0,0,0,0,0,0,0,0,0,0,0
GF4_C2_SI,0,0,0,0,99.79752,0,0,0,0,0,0.20248,0,0,0,0,0,0,0,0,0,0,0,0,0,0,0,0,0,0,0,0,0,0,0,0,0,0,0,0,0,0,0,0,0,0,0,0,0,0,0,0
GF4_C3_d35,61.70128,0,0,0,1.04135,34.2312,0,0,3.02617,0,0,0,0,0,0,0,0,0,0,0,0,0,0,0,0,0,0,0,0,0,0,0,0,0,0,0,0,0,0,0,0,0,0,0,0,0,0,0,0,0,0
GF4_C3_d36,8.08023,0,0,0,0.37763,70.60499,0,18.36134,0,0,0,0,0,2.57581,0,0,0,0,0,0,0,0,0,0,0,0,0,0,0,0,0,0,0,0,0,0,0,0,0,0,0,0,0,0,0,0,0,0,0,0,0
GF4_C3_d38,4.83015,0,0,0,0,10.75243,0,61.93237,0,0,0,1.70596,0,9.33268,0,0,11.44642,0,0,0,0,0,0,0,0,0,0,0,0,0,0,0,0,0,0,0,0,0,0,0,0,0,0,0,0,0,0,0,0,0,0
GF4_C3_d42,0.36382,0,0,0,1.22375,8.13969,0,77.45906,0,0,0,1.68062,0,8.85237,0,0,2.28069,0,0,0,0,0,0,0,0,0,0,0,0,0,0,0,0,0,0,0,0,0,0,0,0,0,0,0,0,0,0,0,0,0,0
GF4_C3_d43,1.36391,0,0,0,11.6821,7.80388,0,67.63727,0,0,2.41241,0.9486,0,6.58824,0,0,1.5636,0,0,0,0,0,0,0,0,0,0,0,0,0,0,0,0,0,0,0,0,0,0,0,0,0,0,0,0,0,0,0,0,0,0
GF4_C3_d44,1.39174,0,0,0,15.21052,3.92503,0,65.08365,0.13481,0,4.81368,0.61044,0,6.21975,0,0,2.61039,0,0,0,0,0,0,0,0,0,0,0,0,0,0,0,0,0,0,0,0,0,0,0,0,0,0,0,0,0,0,0,0,0,0
GF4_C3_d45,0.67251,0,0,0,19.36727,3.76753,0,63.1708,0.87581,0,0,0.85654,0,5.29142,0,0,5.99813,0,0,0,0,0,0,0,0,0,0,0,0,0,0,0,0,0,0,0,0,0,0,0,0,0,0,0,0,0,0,0,0,0,0
GF4_C3_d46,0,0,0,0,5.15493,7.14016,0,77.73326,0.27116,0,0,0.54445,0,5.33156,0,0,3.82449,0,0,0,0,0,0,0,0,0,0,0,0,0,0,0,0,0,0,0,0,0,0,0,0,0,0,0,0,0,0,0,0,0,0
GF4_C3_LI,1.61196,0,0,0,80.82215,2.56045,0,9.55318,0,0,1.52416,0.65983,0,1.48901,0,0,1.77927,0,0,0,0,0,0,0,0,0,0,0,0,0,0,0,0,0,0,0,0,0,0,0,0,0,0,0,0,0,0,0,0,0,0
GF4_C3_SI,0.19403,0,0,0,98.35113,0.29266,0,0.48374,0,0,0.50529,0,0,0.17315,0,0,0,0,0,0,0,0,0,0,0,0,0,0,0,0,0,0,0,0,0,0,0,0,0,0,0,0,0,0,0,0,0,0,0,0,0
GF4_C4_d35,80.5613,0,0,0,3.26055,10.7182,0,0,5.43205,0,0,0,0,0.0279,0,0,0,0,0,0,0,0,0,0,0,0,0,0,0,0,0,0,0,0,0,0,0,0,0,0,0,0,0,0,0,0,0,0,0,0,0
GF4_C4_d36,89.34576,0,0,0.07188,2.13291,8.03505,0,0,0,0,0,0,0,0.15846,0,0,0.25594,0,0,0,0,0,0,0,0,0,0,0,0,0,0,0,0,0,0,0,0,0,0,0,0,0,0,0,0,0,0,0,0,0,0
GF4_C4_d37,40.41465,0,0,0,0,5.26475,0,10.15021,7.21326,0,0,0,0,14.91772,0,0,22.03941,0,0,0,0,0,0,0,0,0,0,0,0,0,0,0,0,0,0,0,0,0,0,0,0,0,0,0,0,0,0,0,0,0,0
GF4_C4_D39,68.57607,0,0,0,0.52787,2.9756,0,13.18636,8.11144,0,0,0,0,3.84964,0,0,2.77302,0,0,0,0,0,0,0,0,0,0,0,0,0,0,0,0,0,0,0,0,0,0,0,0,0,0,0,0,0,0,0,0,0,0
GF4_C5_d43,0.2774,0,0,0,0.08055,9.65449,0,80.44198,0.48716,0,0,1.35793,0,6.06285,0,0,1.63764,0,0,0,0,0,0,0,0,0,0,0,0,0,0,0,0,0,0,0,0,0,0,0,0,0,0,0,0,0,0,0,0,0,0
GF4_C5_d45,1.15614,0,0,0,11.49531,9.8906,0,65.02844,0.25262,0,0,1.19105,0,5.50853,0,0,5.47731,0,0,0,0,0,0,0,0,0,0,0,0,0,0,0,0,0,0,0,0,0,0,0,0,0,0,0,0,0,0,0,0,0,0
GF4_C5_d46,0.05001,0,0,0,6.78781,6.39266,0,78.47678,0.23701,0,0,0.16755,0,4.47639,0,0,3.41179,0,0,0,0,0,0,0,0,0,0,0,0,0,0,0,0,0,0,0,0,0,0,0,0,0,0,0,0,0,0,0,0,0,0
GF4_C5_LI,1.10183,0,0,0,88.52486,1.8276,0,7.2192,0,0,0,0.33333,0,0.37476,0,0,0.61844,0,0,0,0,0,0,0,0,0,0,0,0,0,0,0,0,0,0,0,0,0,0,0,0,0,0,0,0,0,0,0,0,0,0
GF4_C5_SI,0,0,0,0,100,0,0,0,0,0,0,0,0,0,0,0,0,0,0,0,0,0,0,0,0,0,0,0,0,0,0,0,0,0,0,0,0,0,0,0,0,0,0,0,0,0,0,0,0,0,0
GF4_Cdam_d16,3.33942,0.05506,1.9514,0.65507,20.98081,1.30309,0,43.62178,3.6959,0,15.23271,0,0,8.99459,0,0,0.17018,0,0,0,0,0,0,0,0,0,0,0,0,0,0,0,0,0,0,0,0,0,0,0,0,0,0,0,0,0,0,0,0,0,0
GF4_Csire_d16,2.15001,0.70246,1.34259,0.65955,34.82236,2.00949,0,32.20626,1.46496,0,16.48485,0,0,8.15747,0,0,0,0,0,0,0,0,0,0,0,0,0,0,0,0,0,0,0,0,0,0,0,0,0,0,0,0,0,0,0,0,0,0,0,0,0
GF4_Csire_d2,3.60291,0.07246,3.27806,0.25444,49.80546,4.86234,0,28.01288,2.82889,0,0,0.49626,0,6.55505,0,0,0,0,0,0,0,0,0,0,0,0,0,0,0,0,0,0,0.15079,0.08045,0,0,0,0,0,0,0,0,0,0,0,0,0,0,0,0,0
GF4_INOC_GF45,2.9434,0.41625,3.52725,0.92406,60.61654,2.41058,0,17.78391,3.7029,0,4.19919,0.44097,0,1.70067,0,0,0.70615,0,0,0,0,0,0,0,0,0,0,0,0,0,0,0,0.32529,0.30285,0,0,0,0,0,0,0,0,0,0,0,0,0,0,0,0,0
GF5_A_DAM_D0,0,0,0,0,0,72.63213,0,0,0,0,0,0,0,0,0,0,27.36787,0,0,0,0,0,0,0,0,0,0,0,0,0,0,0,0,0,0,0,0,0,0,0,0,0,0,0,0,0,0,0,0,0,0
GF5_A_DAM_D24,3.11252,0.98067,7.53009,2.1869,48.42028,1.63133,0,20.28318,3.24037,0,6.90884,0.30041,0,4.99249,0,0,0.12272,0,0,0,0,0,0,0,0,0,0,0,0,0,0,0,0.01595,0.27425,0,0,0,0,0,0,0,0,0,0,0,0,0,0,0,0,0
GF5_A1_COLON_190815,2.74553,0,0,0,67.74715,1.01559,0,12.19333,0.1277,0,14.6959,0.28486,0,0,0,0,1.18994,0,0,0,0,0,0,0,0,0,0,0,0,0,0,0,0,0,0,0,0,0,0,0,0,0,0,0,0,0,0,0,0,0,0
GF5_A1_D46,4.66852,0,0,0.08495,1.24955,46.70212,0,0.43643,1.71203,0,3.06001,0,0,0.89574,0,0,41.19065,0,0,0,0,0,0,0,0,0,0,0,0,0,0,0,0,0,0,0,0,0,0,0,0,0,0,0,0,0,0,0,0,0,0
GF5_A1_D47,3.24733,0,0,5.25111,0.95731,23.75838,0,23.71355,3.80095,0,2.15793,2.3818,0,9.68135,0,0,25.0503,0,0,0,0,0,0,0,0,0,0,0,0,0,0,0,0,0,0,0,0,0,0,0,0,0,0,0,0,0,0,0,0,0,0
GF5_A1_D48,0,0,0,0,0,0,0,0,0,0,0,0,0,0,0,0,100,0,0,0,0,0,0,0,0,0,0,0,0,0,0,0,0,0,0,0,0,0,0,0,0,0,0,0,0,0,0,0,0,0,0
GF5_A1_D79,3.37781,0,0,0,6.89586,89.72633,0,0,0,0,0,0,0,0,0,0,0,0,0,0,0,0,0,0,0,0,0,0,0,0,0,0,0,0,0,0,0,0,0,0,0,0,0,0,0,0,0,0,0,0,0
GF5_A1_D80,0.27618,0,0,0,0.29311,99.43072,0,0,0,0,0,0,0,0,0,0,0,0,0,0,0,0,0,0,0,0,0,0,0,0,0,0,0,0,0,0,0,0,0,0,0,0,0,0,0,0,0,0,0,0,0
GF5_A1_D81,1.85156,0,0,0,0.33733,94.42195,0,0,3.38916,0,0,0,0,0,0,0,0,0,0,0,0,0,0,0,0,0,0,0,0,0,0,0,0,0,0,0,0,0,0,0,0,0,0,0,0,0,0,0,0,0,0
GF5_A1_D83,96.7977,0,0,0,0,0,0,0,0,0,0,0,0,3.2023,0,0,0,0,0,0,0,0,0,0,0,0,0,0,0,0,0,0,0,0,0,0,0,0,0,0,0,0,0,0,0,0,0,0,0,0,0
GF5_A1_D88,1.57841,0,0,0,6.87218,45.10979,0,36.9747,0,0,0,0,0,9.46492,0,0,0,0,0,0,0,0,0,0,0,0,0,0,0,0,0,0,0,0,0,0,0,0,0,0,0,0,0,0,0,0,0,0,0,0,0
GF5_A2_COLON_190628,0,0,0,0,0,0,0,0,0,0,0,0,0,100,0,0,0,0,0,0,0,0,0,0,0,0,0,0,0,0,0,0,0,0,0,0,0,0,0,0,0,0,0,0,0,0,0,0,0,0,0
GF5_A2_D46,1.20077,0,0,0,1.28945,53.18821,0,0.29548,0,0,2.12698,0,0,0.71645,0,0,41.18266,0,0,0,0,0,0,0,0,0,0,0,0,0,0,0,0,0,0,0,0,0,0,0,0,0,0,0,0,0,0,0,0,0,0
GF5_A2_D48,2.38966,0,0,0.20685,69.6031,5.6353,0,17.67926,1.54181,0,0,0,0,2.94402,0,0,0,0,0,0,0,0,0,0,0,0,0,0,0,0,0,0,0,0,0,0,0,0,0,0,0,0,0,0,0,0,0,0,0,0,0
GF5_A2_D79,0.8851,0,0,0,9.06376,87.57192,0,2.47922,0,0,0,0,0,0,0,0,0,0,0,0,0,0,0,0,0,0,0,0,0,0,0,0,0,0,0,0,0,0,0,0,0,0,0,0,0,0,0,0,0,0,0
GF5_A2_D80,0,0,0,0,0,100,0,0,0,0,0,0,0,0,0,0,0,0,0,0,0,0,0,0,0,0,0,0,0,0,0,0,0,0,0,0,0,0,0,0,0,0,0,0,0,0,0,0,0,0,0
GF5_A3_COLON_190628,64.78981,0,0,0,0,7.63102,0,18.31069,6.81453,0,0,0,0,2.45394,0,0,0,0,0,0,0,0,0,0,0,0,0,0,0,0,0,0,0,0,0,0,0,0,0,0,0,0,0,0,0,0,0,0,0,0,0
GF5_A3_D46,5.11045,0,0,0,6.6925,0,0,0,83.02553,0,0,0,0,0.08347,0,0,5.08805,0,0,0,0,0,0,0,0,0,0,0,0,0,0,0,0,0,0,0,0,0,0,0,0,0,0,0,0,0,0,0,0,0,0
GF5_A4_D46,3.41918,0,0,0,1.372,4.81825,0,0,81.73946,0,0,0,0,0,0,0,8.65112,0,0,0,0,0,0,0,0,0,0,0,0,0,0,0,0,0,0,0,0,0,0,0,0,0,0,0,0,0,0,0,0,0,0
GF5_A4_D48,100,0,0,0,0,0,0,0,0,0,0,0,0,0,0,0,0,0,0,0,0,0,0,0,0,0,0,0,0,0,0,0,0,0,0,0,0,0,0,0,0,0,0,0,0,0,0,0,0,0,0
GF5_A5_D46,1.02289,0,0,0,1.24414,0.75937,0,0.02816,88.32429,0,0,0,0,0.46523,0,0,8.15592,0,0,0,0,0,0,0,0,0,0,0,0,0,0,0,0,0,0,0,0,0,0,0,0,0,0,0,0,0,0,0,0,0,0
GF5_A5_D79,45.30301,0,0,0,0,54.69699,0,0,0,0,0,0,0,0,0,0,0,0,0,0,0,0,0,0,0,0,0,0,0,0,0,0,0,0,0,0,0,0,0,0,0,0,0,0,0,0,0,0,0,0,0
GF5_A5_D80,0,0,0,0,0,0,0,100,0,0,0,0,0,0,0,0,0,0,0,0,0,0,0,0,0,0,0,0,0,0,0,0,0,0,0,0,0,0,0,0,0,0,0,0,0,0,0,0,0,0,0
GF5_A6_D81,12.96479,0,0,0,1.42213,85.61308,0,0,0,0,0,0,0,0,0,0,0,0,0,0,0,0,0,0,0,0,0,0,0,0,0,0,0,0,0,0,0,0,0,0,0,0,0,0,0,0,0,0,0,0,0
GF5_A6_D82,4.12917,0,0,0,12.94094,11.96711,0,53.35723,0,0,0.31367,0.22636,0,1.14872,0,0,15.9168,0,0,0,0,0,0,0,0,0,0,0,0,0,0,0,0,0,0,0,0,0,0,0,0,0,0,0,0,0,0,0,0,0,0
GF5_A7_COLON_190815,5.47999,0,0,0,84.59781,1.30356,0,2.64183,0.81719,0,4.34345,0.36595,0,0,0,0,0.42928,0,0,0,0,0,0,0,0,0,0,0,0,0,0,0,0,0,0,0.02094,0,0,0,0,0,0,0,0,0,0,0,0,0,0,0
GF5_A7_D46,8.03493,0,0,0,0.9025,0,0,0,85.64787,0,0,0,0,0,0,0,5.4147,0,0,0,0,0,0,0,0,0,0,0,0,0,0,0,0,0,0,0,0,0,0,0,0,0,0,0,0,0,0,0,0,0,0
GF5_A7_D79,68.78224,0,0,0,0.47309,3.71651,0,17.10171,6.71343,0,0,0,0,3.02457,0,0,0.18845,0,0,0,0,0,0,0,0,0,0,0,0,0,0,0,0,0,0,0,0,0,0,0,0,0,0,0,0,0,0,0,0,0,0
GF5_A7_D80,27.78751,0,0,0,17.11014,22.30684,0,29.70858,0,0,0,0,0,3.08693,0,0,0,0,0,0,0,0,0,0,0,0,0,0,0,0,0,0,0,0,0,0,0,0,0,0,0,0,0,0,0,0,0,0,0,0,0
GF5_A7_D81,11.39413,0,0,0,12.03925,1.12954,0,71.37872,4.05836,0,0,0,0,0,0,0,0,0,0,0,0,0,0,0,0,0,0,0,0,0,0,0,0,0,0,0,0,0,0,0,0,0,0,0,0,0,0,0,0,0,0
GF5_A7_D82,0,0,0,0,60.00185,0,0,39.99815,0,0,0,0,0,0,0,0,0,0,0,0,0,0,0,0,0,0,0,0,0,0,0,0,0,0,0,0,0,0,0,0,0,0,0,0,0,0,0,0,0,0,0
GF5_A7_D83,0,0,0,0,0,0,0,86.19761,0,0,0,0,0,13.80239,0,0,0,0,0,0,0,0,0,0,0,0,0,0,0,0,0,0,0,0,0,0,0,0,0,0,0,0,0,0,0,0,0,0,0,0,0
GF5_A7_D84,5.65575,0,0,0,0.92209,1.06815,0,87.17745,1.33711,0,0,0,0,1.64746,0,0,2.19198,0,0,0,0,0,0,0,0,0,0,0,0,0,0,0,0,0,0,0,0,0,0,0,0,0,0,0,0,0,0,0,0,0,0
GF5_A7_D87,2.0601,0,0,0,43.7685,1.40031,0,35.04102,2.46371,0,7.74168,0,0,6.04114,0,0,1.48353,0,0,0,0,0,0,0,0,0,0,0,0,0,0,0,0,0,0,0,0,0,0,0,0,0,0,0,0,0,0,0,0,0,0
GF5_A8_COLON_190815,7.27836,0,0,0,61.13288,2.21744,0,12.73817,0.73027,0,14.55856,0.52765,0,0.59445,0,0,0.22223,0,0,0,0,0,0,0,0,0,0,0,0,0,0,0,0,0,0,0,0,0,0,0,0,0,0,0,0,0,0,0,0,0,0
GF5_A8_D79,17.05892,0,0,0,0.36358,0,0,0.17161,81.90129,0,0,0,0,0.5046,0,0,0,0,0,0,0,0,0,0,0,0,0,0,0,0,0,0,0,0,0,0,0,0,0,0,0,0,0,0,0,0,0,0,0,0,0
GF5_A8_D83,1.14824,0,0,0,0,0,0,84.38179,0,0,0,0,0,14.46998,0,0,0,0,0,0,0,0,0,0,0,0,0,0,0,0,0,0,0,0,0,0,0,0,0,0,0,0,0,0,0,0,0,0,0,0,0
GF5_A8_D87,1.24724,0,0,0,2.10524,2.39401,0,82.31247,0.86629,0,0,0,0,10.07547,0,0,0.99929,0,0,0,0,0,0,0,0,0,0,0,0,0,0,0,0,0,0,0,0,0,0,0,0,0,0,0,0,0,0,0,0,0,0
GF5_B_COLON_M1,0,0,0,0,0,100,0,0,0,0,0,0,0,0,0,0,0,0,0,0,0,0,0,0,0,0,0,0,0,0,0,0,0,0,0,0,0,0,0,0,0,0,0,0,0,0,0,0,0,0,0
GF5_B_COLON_M2,19.62138,0,0,0,0,0,0,0,0,0,0,0,0,0,0,0,80.37862,0,0,0,0,0,0,0,0,0,0,0,0,0,0,0,0,0,0,0,0,0,0,0,0,0,0,0,0,0,0,0,0,0,0
GF5_B_COLON_P1,0,0,0,0,100,0,0,0,0,0,0,0,0,0,0,0,0,0,0,0,0,0,0,0,0,0,0,0,0,0,0,0,0,0,0,0,0,0,0,0,0,0,0,0,0,0,0,0,0,0,0
GF5_B_DAM_D3,1.79114,0,0.28526,0.62923,44.13889,2.4184,0,40.48939,3.02848,0,0,0.58774,0,6.53763,0,0,0,0,0,0,0,0,0,0,0,0,0,0,0,0,0,0,0.09383,0,0,0,0,0,0,0,0,0,0,0,0,0,0,0,0,0,0
GF5_B1_COLON_190815,4.96663,0,0,0,6.1868,2.07491,0,70.58901,1.13694,0,12.05166,0,0,1.41464,0,0,1.5794,0,0,0,0,0,0,0,0,0,0,0,0,0,0,0,0,0,0,0,0,0,0,0,0,0,0,0,0,0,0,0,0,0,0
GF5_B1_D80,1.58762,0,0,0,0,50.58963,0,0.63575,47.13987,0,0,0,0,0.04714,0,0,0,0,0,0,0,0,0,0,0,0,0,0,0,0,0,0,0,0,0,0,0,0,0,0,0,0,0,0,0,0,0,0,0,0,0
GF5_B1_D82,8.86903,0,0,0,7.63627,43.51279,0,10.69416,23.18504,0,1.22902,0,0,4.8737,0,0,0,0,0,0,0,0,0,0,0,0,0,0,0,0,0,0,0,0,0,0,0,0,0,0,0,0,0,0,0,0,0,0,0,0,0
GF5_B1_D83,14.7662,0,0,0,0,42.60103,0,4.3479,24.24585,0,0,0,0,14.03902,0,0,0,0,0,0,0,0,0,0,0,0,0,0,0,0,0,0,0,0,0,0,0,0,0,0,0,0,0,0,0,0,0,0,0,0,0
GF5_B1_D84,10.55343,0,0,0,0,46.97654,0,7.72789,16.47676,0,0,0,0,18.26538,0,0,0,0,0,0,0,0,0,0,0,0,0,0,0,0,0,0,0,0,0,0,0,0,0,0,0,0,0,0,0,0,0,0,0,0,0
GF5_B2_D79,0,0,0,0,0,100,0,0,0,0,0,0,0,0,0,0,0,0,0,0,0,0,0,0,0,0,0,0,0,0,0,0,0,0,0,0,0,0,0,0,0,0,0,0,0,0,0,0,0,0,0
GF5_B2_D80,0,0,0,0,0,100,0,0,0,0,0,0,0,0,0,0,0,0,0,0,0,0,0,0,0,0,0,0,0,0,0,0,0,0,0,0,0,0,0,0,0,0,0,0,0,0,0,0,0,0,0
GF5_B3_COLON_190815,7.27749,0,0,0,9.90658,3.80561,0,75.8864,1.32197,0,0,0.21255,0,0,0,0,1.5894,0,0,0,0,0,0,0,0,0,0,0,0,0,0,0,0,0,0,0,0,0,0,0,0,0,0,0,0,0,0,0,0,0,0
GF5_B3_D79,2.27953,0,0,0,0.11946,89.21966,0,0,8.38134,0,0,0,0,0,0,0,0,0,0,0,0,0,0,0,0,0,0,0,0,0,0,0,0,0,0,0,0,0,0,0,0,0,0,0,0,0,0,0,0,0,0
GF5_B3_D81,3.58245,0,0,0,0,3.93592,0,76.66564,0,0,0,0.55908,0,12.04887,0,0,3.20803,0,0,0,0,0,0,0,0,0,0,0,0,0,0,0,0,0,0,0,0,0,0,0,0,0,0,0,0,0,0,0,0,0,0
GF5_B3_D82,17.15864,0,0,0,0,45.21322,0,10.9504,6.12267,0,0,0,0,20.55506,0,0,0,0,0,0,0,0,0,0,0,0,0,0,0,0,0,0,0,0,0,0,0,0,0,0,0,0,0,0,0,0,0,0,0,0,0
GF5_B3_D83,11.21946,0,0,0,0,62.52007,0,11.06051,4.21196,0,0,0.4468,0,10.54121,0,0,0,0,0,0,0,0,0,0,0,0,0,0,0,0,0,0,0,0,0,0,0,0,0,0,0,0,0,0,0,0,0,0,0,0,0
GF5_B4_D79,41.74849,0,0,0,0.42286,24.37387,0,15.85025,3.17884,0,0,8.86763,0,5.33023,0,0,0,0,0,0,0,0,0,0,0,0,0,0,0,0,0,0,0,0,0,0,0,0,0,0,0,0,0,0.22784,0,0,0,0,0,0,0
GF5_B5_D79,72.91035,0,0,0,0.43635,26.6533,0,0,0,0,0,0,0,0,0,0,0,0,0,0,0,0,0,0,0,0,0,0,0,0,0,0,0,0,0,0,0,0,0,0,0,0,0,0,0,0,0,0,0,0,0
GF5_B5_D80,62.62711,0,0,0,0,37.37289,0,0,0,0,0,0,0,0,0,0,0,0,0,0,0,0,0,0,0,0,0,0,0,0,0,0,0,0,0,0,0,0,0,0,0,0,0,0,0,0,0,0,0,0,0
GF5_B6_COLON_190815,11.25762,0,0,0,20.56245,4.8934,0,46.23977,0.31398,0,13.46858,1.46622,0,0.6912,0,0,1.10678,0,0,0,0,0,0,0,0,0,0,0,0,0,0,0,0,0,0,0,0,0,0,0,0,0,0,0,0,0,0,0,0,0,0
GF5_B6_D79,12.2472,0,0,0,0,85.29699,0,1.2353,0,0,0,0,0,1.22051,0,0,0,0,0,0,0,0,0,0,0,0,0,0,0,0,0,0,0,0,0,0,0,0,0,0,0,0,0,0,0,0,0,0,0,0,0
GF5_B6_D84,0.4513,0,0,0,0.35657,4.08853,0,92.22558,0.24805,0,0,1.16524,0,0.90076,0,0,0.56397,0,0,0,0,0,0,0,0,0,0,0,0,0,0,0,0,0,0,0,0,0,0,0,0,0,0,0,0,0,0,0,0,0,0
GF5_B7_COLON_190815,28.64537,0,0,0,12.86159,9.16769,0,39.53515,1.11573,0,5.88034,1.20582,0,1.58832,0,0,0,0,0,0,0,0,0,0,0,0,0,0,0,0,0,0,0,0,0,0,0,0,0,0,0,0,0,0,0,0,0,0,0,0,0
GF5_B7_D79,94.79631,0,0,0,0.14619,0.23647,0,1.5457,2.43077,0,0,0,0,0.84457,0,0,0,0,0,0,0,0,0,0,0,0,0,0,0,0,0,0,0,0,0,0,0,0,0,0,0,0,0,0,0,0,0,0,0,0,0
GF5_B7_D80,11.0072,0,0,0,0.01591,11.14125,0,66.74415,0,0,0,5.32199,0,5.7695,0,0,0,0,0,0,0,0,0,0,0,0,0,0,0,0,0,0,0,0,0,0,0,0,0,0,0,0,0,0,0,0,0,0,0,0,0
GF5_B7_D82,1.68476,0,0,0,0,10.81558,0,78.72592,0,0,0,0.95285,0,7.82089,0,0,0,0,0,0,0,0,0,0,0,0,0,0,0,0,0,0,0,0,0,0,0,0,0,0,0,0,0,0,0,0,0,0,0,0,0
GF5_C_DAM_D24,1.15787,0,0,0.70322,26.8988,0.98747,0,41.23336,1.0223,0,18.22261,0.17925,0,8.41787,0,0,1.10297,0,0,0,0,0,0,0,0,0,0,0,0,0,0,0,0,0.07427,0,0,0,0,0,0,0,0,0,0,0,0,0,0,0,0,0
GF5_C_DAM_D3,1.28179,0,0.49972,0.11644,51.64013,1.87192,0,37.09784,1.85545,0,0,0.00768,0,5.62902,0,0,0,0,0,0,0,0,0,0,0,0,0,0,0,0,0,0,0,0,0,0,0,0,0,0,0,0,0,0,0,0,0,0,0,0,0
GF5_C1_COLON_190628,0.6502,0,0,0,0.96743,15.54555,0,59.96526,0,0,0,0.62119,0,22.25037,0,0,0,0,0,0,0,0,0,0,0,0,0,0,0,0,0,0,0,0,0,0,0,0,0,0,0,0,0,0,0,0,0,0,0,0,0
GF5_C1_COLON_190815,0,0,0,0,0,0,0,18.66892,0,0,0,0,0,2.51431,0,0,78.81677,0,0,0,0,0,0,0,0,0,0,0,0,0,0,0,0,0,0,0,0,0,0,0,0,0,0,0,0,0,0,0,0,0,0
GF5_C1_D46,0.8027,0,0,0,0.02131,44.61729,0,5.55807,0,0,2.09992,0.43297,0,2.13675,0,0,44.33099,0,0,0,0,0,0,0,0,0,0,0,0,0,0,0,0,0,0,0,0,0,0,0,0,0,0,0,0,0,0,0,0,0,0
GF5_C1_D47,1.96302,0,0,5.17986,0,37.34403,0,13.83752,0,0,3.23835,5.66158,0,3.3989,0,0,29.24086,0,0,0,0,0,0,0,0,0,0,0,0,0,0,0,0,0.13587,0,0,0,0,0,0,0,0,0,0,0,0,0,0,0,0,0
GF5_C1_D48,2.21057,0,0,0.08892,10.12398,34.64072,0,21.42271,0,0,4.4921,2.56173,0,18.74403,0,0,5.71524,0,0,0,0,0,0,0,0,0,0,0,0,0,0,0,0,0,0,0,0,0,0,0,0,0,0,0,0,0,0,0,0,0,0
GF5_C2_COLON_190815,0,0,0,0,0,0,0,0,0,0,0,0,0,0,0,0,100,0,0,0,0,0,0,0,0,0,0,0,0,0,0,0,0,0,0,0,0,0,0,0,0,0,0,0,0,0,0,0,0,0,0
GF5_C2_D46,1.69315,0,0,0,0.74889,53.5664,0,3.60071,0,0,3.63109,0,0,1.132,0,0,35.62776,0,0,0,0,0,0,0,0,0,0,0,0,0,0,0,0,0,0,0,0,0,0,0,0,0,0,0,0,0,0,0,0,0,0
GF5_C3_COLON_190628,0,0,0,0,0,10.24126,0,63.61191,0,0,0,0,0,14.42133,0,0,11.7255,0,0,0,0,0,0,0,0,0,0,0,0,0,0,0,0,0,0,0,0,0,0,0,0,0,0,0,0,0,0,0,0,0,0
GF5_C3_COLON_190815,0,0,0,0,0,0,0,0,0,0,0,0,0,0,0,0,100,0,0,0,0,0,0,0,0,0,0,0,0,0,0,0,0,0,0,0,0,0,0,0,0,0,0,0,0,0,0,0,0,0,0
GF5_C3_D46,1.68984,0,0,0,1.30364,59.71328,0,0.01991,33.40862,0,0,0,0,0,0,0,3.86471,0,0,0,0,0,0,0,0,0,0,0,0,0,0,0,0,0,0,0,0,0,0,0,0,0,0,0,0,0,0,0,0,0,0
GF5_C4_COLON_190628,7.0066,0,0,0,0,15.64403,0,37.59397,8.25261,0,0,0,0,15.24011,0,0,16.26269,0,0,0,0,0,0,0,0,0,0,0,0,0,0,0,0,0,0,0,0,0,0,0,0,0,0,0,0,0,0,0,0,0,0
GF5_C4_D46,15.64176,0,0,0,0.76863,0,0,0,47.22711,0,0,0,0,0,0,0,36.3625,0,0,0,0,0,0,0,0,0,0,0,0,0,0,0,0,0,0,0,0,0,0,0,0,0,0,0,0,0,0,0,0,0,0
GF5_C4_D47,6.12645,0,0,0,0,0,0,0,59.79326,0,0,0,0,0,0,0,34.08029,0,0,0,0,0,0,0,0,0,0,0,0,0,0,0,0,0,0,0,0,0,0,0,0,0,0,0,0,0,0,0,0,0,0
GF5_C5_COLON_190628,14.01906,0,0,0,0,23.54394,0,43.45124,4.49107,0,0,0,0,14.49469,0,0,0,0,0,0,0,0,0,0,0,0,0,0,0,0,0,0,0,0,0,0,0,0,0,0,0,0,0,0,0,0,0,0,0,0,0
GF5_C5_D47,1.37569,0,0,0,2.37838,0,0,0,89.50904,0,0,0,0,0,0,0,6.73689,0,0,0,0,0,0,0,0,0,0,0,0,0,0,0,0,0,0,0,0,0,0,0,0,0,0,0,0,0,0,0,0,0,0
GF5_C6_D46,0.80604,0,0,0,1.64819,87.83207,0,0,9.52854,0,0,0,0,0,0,0,0.18516,0,0,0,0,0,0,0,0,0,0,0,0,0,0,0,0,0,0,0,0,0,0,0,0,0,0,0,0,0,0,0,0,0,0
GF5_COLON_A1,0,0,0,0,0,54.39127,0,0,0,0,0,0,0,0,0,0,45.60873,0,0,0,0,0,0,0,0,0,0,0,0,0,0,0,0,0,0,0,0,0,0,0,0,0,0,0,0,0,0,0,0,0,0
GF5_COLON_A2,0,0,0,0,0,73.75892,0,0,0,0,0,0,0,0,0,0,26.24108,0,0,0,0,0,0,0,0,0,0,0,0,0,0,0,0,0,0,0,0,0,0,0,0,0,0,0,0,0,0,0,0,0,0
GF6_A1_COLON_D54,0.15083,0,0,4.15767,0,0,0,67.79281,0,0,0,0,0,9.18688,0,0,18.71182,0,0,0,0,0,0,0,0,0,0,0,0,0,0,0,0,0,0,0,0,0,0,0,0,0,0,0,0,0,0,0,0,0,0
GF6_A1_COLON_D88,1.54785,0,0,0,0,3.71436,0,14.74457,3.08157,0,0,0,0,6.74076,0,0,70.17089,0,0,0,0,0,0,0,0,0,0,0,0,0,0,0,0,0,0,0,0,0,0,0,0,0,0,0,0,0,0,0,0,0,0
GF6_A1_D53,2.17776,0,0,0,1.2494,4.93778,0,15.32771,3.77807,0,0,0.10586,0,2.36339,0,0,70.06003,0,0,0,0,0,0,0,0,0,0,0,0,0,0,0,0,0,0,0,0,0,0,0,0,0,0,0,0,0,0,0,0,0,0
GF6_A1_D87,58.26728,0,0,0,0,0,0,0,0,0,0,0,0,0,0,0,41.73272,0,0,0,0,0,0,0,0,0,0,0,0,0,0,0,0,0,0,0,0,0,0,0,0,0,0,0,0,0,0,0,0,0,0
GF6_A2_COLON_D105,0,0,0,0,21.83993,0.64164,0,46.57819,0,0,6.70145,0,0,24.23879,0,0,0,0,0,0,0,0,0,0,0,0,0,0,0,0,0,0,0,0,0,0,0,0,0,0,0,0,0,0,0,0,0,0,0,0,0
GF6_A2_COLON_D54,0,0,0,0,0.20931,11.67287,0,42.1073,7.30478,0,0,0,0,27.96057,0,0,10.74517,0,0,0,0,0,0,0,0,0,0,0,0,0,0,0,0,0,0,0,0,0,0,0,0,0,0,0,0,0,0,0,0,0,0
GF6_A2_D51,13.68719,0,0,0,0,0,0,0,2.19935,0,0,0,0,0,0,0,84.11346,0,0,0,0,0,0,0,0,0,0,0,0,0,0,0,0,0,0,0,0,0,0,0,0,0,0,0,0,0,0,0,0,0,0
GF6_A2_D52,0,0,0,0,0,63.76269,0,0,0,0,0,0,0,0,0,0,36.23731,0,0,0,0,0,0,0,0,0,0,0,0,0,0,0,0,0,0,0,0,0,0,0,0,0,0,0,0,0,0,0,0,0,0
GF6_A2_D87,3.92079,0,0,0,12.59974,9.42683,0,10.96316,58.35519,0,0,0,0,1.70905,0,0,3.02525,0,0,0,0,0,0,0,0,0,0,0,0,0,0,0,0,0,0,0,0,0,0,0,0,0,0,0,0,0,0,0,0,0,0
GF6_A2_D93,0.8139,0,0,0,1.81383,23.66409,0,60.74201,0,0,5.07249,1.9098,0,5.98389,0,0,0,0,0,0,0,0,0,0,0,0,0,0,0,0,0,0,0,0,0,0,0,0,0,0,0,0,0,0,0,0,0,0,0,0,0
GF6_A3_COLON_D54,0,0,0,0,0,16.87236,0,74.4501,0,0,0,0,0,8.67753,0,0,0,0,0,0,0,0,0,0,0,0,0,0,0,0,0,0,0,0,0,0,0,0,0,0,0,0,0,0,0,0,0,0,0,0,0
GF6_A3_COLON_D88,0,0,0,0,0,17.79787,0,1.115,0,0,0.49722,0,0,4.47014,0,0,76.11976,0,0,0,0,0,0,0,0,0,0,0,0,0,0,0,0,0,0,0,0,0,0,0,0,0,0,0,0,0,0,0,0,0,0
GF6_A3_D51,5.82206,0,0,0,11.91587,0,0,0.14675,1.79691,0,0,0,0,0,0,0,80.31842,0,0,0,0,0,0,0,0,0,0,0,0,0,0,0,0,0,0,0,0,0,0,0,0,0,0,0,0,0,0,0,0,0,0
GF6_A3_D52,14.92847,0,0,0,0.80719,0,0,5.9022,1.15375,0,0,0,0,3.91994,0,0,73.28844,0,0,0,0,0,0,0,0,0,0,0,0,0,0,0,0,0,0,0,0,0,0,0,0,0,0,0,0,0,0,0,0,0,0
GF6_A3_D53,3.46347,0,0,2.40551,2.21508,2.22851,0,23.49465,1.60355,0,0,0,0,3.95213,0,0,60.63709,0,0,0,0,0,0,0,0,0,0,0,0,0,0,0,0,0,0,0,0,0,0,0,0,0,0,0,0,0,0,0,0,0,0
GF6_A3_D87,0,0,0,0,0,18.72754,0,0,0,0,0,0,0,0,0,0,81.27246,0,0,0,0,0,0,0,0,0,0,0,0,0,0,0,0,0,0,0,0,0,0,0,0,0,0,0,0,0,0,0,0,0,0
GF6_A4_COLON_D105,0,0,0,0,22.21706,0.959,0,49.87827,0,0,5.65256,0,0,20.40097,0.89214,0,0,0,0,0,0,0,0,0,0,0,0,0,0,0,0,0,0,0,0,0,0,0,0,0,0,0,0,0,0,0,0,0,0,0,0
GF6_A4_COLON_D54,0,0,0,0.64843,0,44.39342,0,42.10729,0,0,0,0,0,12.85086,0,0,0,0,0,0,0,0,0,0,0,0,0,0,0,0,0,0,0,0,0,0,0,0,0,0,0,0,0,0,0,0,0,0,0,0,0
GF6_A4_D51,28.73958,0,0,0,0,0,0,0,1.04689,0,0,0,0,0,0,0,70.21353,0,0,0,0,0,0,0,0,0,0,0,0,0,0,0,0,0,0,0,0,0,0,0,0,0,0,0,0,0,0,0,0,0,0
GF6_A4_D53,7.85671,0,0,0.16322,2.50157,45.39721,0,11.52506,0,0,0,0,0,2.52405,0,0,30.03217,0,0,0,0,0,0,0,0,0,0,0,0,0,0,0,0,0,0,0,0,0,0,0,0,0,0,0,0,0,0,0,0,0,0
GF6_A4_D93,1.26584,0,0,0,1.94222,13.91464,0,76.1031,0.24165,0,0,1.73111,0,3.52428,0,0,1.27716,0,0,0,0,0,0,0,0,0,0,0,0,0,0,0,0,0,0,0,0,0,0,0,0,0,0,0,0,0,0,0,0,0,0
GF6_A5_COLON_D105,0,0,0,0,27.7575,1.05462,0,40.71845,0.48768,0,12.85455,0,0,17.1272,0,0,0,0,0,0,0,0,0,0,0,0,0,0,0,0,0,0,0,0,0,0,0,0,0,0,0,0,0,0,0,0,0,0,0,0,0
GF6_A5_D51,16.97531,0,0,0,0,0,0,0,12.03042,0,0,0,0,0,0,0,70.99427,0,0,0,0,0,0,0,0,0,0,0,0,0,0,0,0,0,0,0,0,0,0,0,0,0,0,0,0,0,0,0,0,0,0
GF6_A5_D87,0,0,0,0,0,0,0,0,6.47721,0,0,0,0,0,0,0,87.04283,0,0,0,0,0,0,0,0,0,0,0,0,0,0,0,0,0,0,0,0,0,0,0,0,0,0,6.47996,0,0,0,0,0,0,0
GF6_A5_D90,4.94552,0,0,0,32.65667,2.21976,0,9.78289,11.58805,0,0,0,0,5.04094,0,0,33.76617,0,0,0,0,0,0,0,0,0,0,0,0,0,0,0,0,0,0,0,0,0,0,0,0,0,0,0,0,0,0,0,0,0,0
GF6_A5_D91,11.98946,0,0.07662,0,7.51813,4.87252,0,28.60036,16.24041,0,0,0,0,7.60575,0,0,23.09676,0,0,0,0,0,0,0,0,0,0,0,0,0,0,0,0,0,0,0,0,0,0,0,0,0,0,0,0,0,0,0,0,0,0
GF6_A6_COLON_D105,0.08344,0,0,0,13.38067,1.74764,0,64.44653,0,0,7.73277,0,0,12.60894,0,0,0,0,0,0,0,0,0,0,0,0,0,0,0,0,0,0,0,0,0,0,0,0,0,0,0,0,0,0,0,0,0,0,0,0,0
GF6_A6_COLON_D54,0.1082,0,0,0,0.42237,5.04672,0,73.93997,4.32015,0,0,0,0,9.5619,0,0,6.60068,0,0,0,0,0,0,0,0,0,0,0,0,0,0,0,0,0,0,0,0,0,0,0,0,0,0,0,0,0,0,0,0,0,0
GF6_A6_D53,12.12825,0,0,0,0.91311,2.17907,0,5.23521,29.44384,0,0,0.72429,0,6.82904,0,0,42.54718,0,0,0,0,0,0,0,0,0,0,0,0,0,0,0,0,0,0,0,0,0,0,0,0,0,0,0,0,0,0,0,0,0,0
GF6_A6_D87,6.50929,0,0,0,0,9.36501,0,0,0,0,0,0,0,0,0,0,84.1257,0,0,0,0,0,0,0,0,0,0,0,0,0,0,0,0,0,0,0,0,0,0,0,0,0,0,0,0,0,0,0,0,0,0
GF6_A6_D88,10.08161,0,0,0,0,0,0,0,0,0,0,0,0,0,0,0,89.91839,0,0,0,0,0,0,0,0,0,0,0,0,0,0,0,0,0,0,0,0,0,0,0,0,0,0,0,0,0,0,0,0,0,0
GF6_A6_D91,13.9797,0,0.01969,0,1.27025,11.67438,0,46.125,8.43922,0,0,1.97984,0,12.5622,0,0,3.94974,0,0,0,0,0,0,0,0,0,0,0,0,0,0,0,0,0,0,0,0,0,0,0,0,0,0,0,0,0,0,0,0,0,0
GF6_A7_D87,0,0,0,0,0,33.74802,0,0,0,0,0,0,0,0,0,0,66.25198,0,0,0,0,0,0,0,0,0,0,0,0,0,0,0,0,0,0,0,0,0,0,0,0,0,0,0,0,0,0,0,0,0,0
GF6_A8_COLON_D105,0.90874,0,0,0,16.7386,1.19521,0,56.61136,0,0,0.96988,0,0,23.57621,0,0,0,0,0,0,0,0,0,0,0,0,0,0,0,0,0,0,0,0,0,0,0,0,0,0,0,0,0,0,0,0,0,0,0,0,0
GF6_A8_COLON_D54,0,0,0,0,0,6.84698,0,71.26331,0,0,0,0,0,21.88971,0,0,0,0,0,0,0,0,0,0,0,0,0,0,0,0,0,0,0,0,0,0,0,0,0,0,0,0,0,0,0,0,0,0,0,0,0
GF6_A8_D51,5.99787,0,0,0,1.70156,79.89322,0,0,0,0,0,0,0,0,0,0,12.40735,0,0,0,0,0,0,0,0,0,0,0,0,0,0,0,0,0,0,0,0,0,0,0,0,0,0,0,0,0,0,0,0,0,0
GF6_A8_D52,7.64895,0,0,0,0,70.54093,0,0,0,0,0,0,0,0,0,0,21.81012,0,0,0,0,0,0,0,0,0,0,0,0,0,0,0,0,0,0,0,0,0,0,0,0,0,0,0,0,0,0,0,0,0,0
GF6_A8_D53,5.11683,0,0,0,3.66071,6.73363,0,39.3345,0,0,0,7.28166,0,14.35868,0,0,23.51399,0,0,0,0,0,0,0,0,0,0,0,0,0,0,0,0,0,0,0,0,0,0,0,0,0,0,0,0,0,0,0,0,0,0
GF6_A8_D89,3.93474,0,0,0,0.51218,14.13335,0,45.06022,16.1572,0,0,4.6839,0,6.77909,0,0,8.73933,0,0,0,0,0,0,0,0,0,0,0,0,0,0,0,0,0,0,0,0,0,0,0,0,0,0,0,0,0,0,0,0,0,0
GF6_A8_D91,0,0,0,0,13.16728,7.75896,0,58.71365,0.32497,0,2.64095,0.97064,0,15.90579,0,0,0.51776,0,0,0,0,0,0,0,0,0,0,0,0,0,0,0,0,0,0,0,0,0,0,0,0,0,0,0,0,0,0,0,0,0,0
GF6_A8_D93,0.84992,0,0,0,2.82614,10.60411,0,61.98682,0.74636,0,11.8122,1.45369,0,2.92771,0,0,6.79305,0,0,0,0,0,0,0,0,0,0,0,0,0,0,0,0,0,0,0,0,0,0,0,0,0,0,0,0,0,0,0,0,0,0
GF6_ADAM_D0,0,0,0,0,0,21.00478,0,8.47252,0,0,0,0,0,3.23819,55.28347,0,10.15768,0,0,0,0,0,0,0,0,0,0,0,0,0,0,0,0,0,0,0,0,0,0,0,0,0,0,1.84337,0,0,0,0,0,0,0
GF6_ASIRE_D57,2.19677,1.76081,7.12791,3.77904,53.3466,1.33885,0,16.79689,2.45985,0,4.83316,0.43767,0,5.24269,0,0,0.06065,0,0,0,0,0,0,0,0,0,0,0,0,0,0,0,0.1921,0.42701,0,0,0,0,0,0,0,0,0,0,0,0,0,0,0,0,0
GF6_B_DAM_D22,4.0977,0,0,0,55.45101,0.7613,0,32.91973,3.60035,0,0,0.09859,0,2.96937,0,0,0.04826,0,0,0,0,0,0,0,0,0,0,0,0,0,0,0,0,0.05371,0,0,0,0,0,0,0,0,0,0,0,0,0,0,0,0,0
GF6_B1_D63,1.37318,0,0,0,1.85168,0,0,0,48.72716,0,0,0,0,0,0,0,48.04798,0,0,0,0,0,0,0,0,0,0,0,0,0,0,0,0,0,0,0,0,0,0,0,0,0,0,0,0,0,0,0,0,0,0
GF6_B1_D64,1.95817,0,0,0.04584,1.91589,0,0,0.62809,87.83457,0,0,0,0,0.13374,0,0,7.48369,0,0,0,0,0,0,0,0,0,0,0,0,0,0,0,0,0,0,0,0,0,0,0,0,0,0,0,0,0,0,0,0,0,0
GF6_B1_D66,0,0,0,0,0,0,0,92.42772,0,0,0,0,0,7.57228,0,0,0,0,0,0,0,0,0,0,0,0,0,0,0,0,0,0,0,0,0,0,0,0,0,0,0,0,0,0,0,0,0,0,0,0,0
GF6_B1_D87,0,0,0,0,0,89.34672,0,0,0,0,0,0,0,0,0,0,10.65328,0,0,0,0,0,0,0,0,0,0,0,0,0,0,0,0,0,0,0,0,0,0,0,0,0,0,0,0,0,0,0,0,0,0
GF6_B1_D89,14.01609,0,0,0,58.22707,0.44559,0,18.39759,0.54602,0,0,0,0,3.14346,0,0,5.22419,0,0,0,0,0,0,0,0,0,0,0,0,0,0,0,0,0,0,0,0,0,0,0,0,0,0,0,0,0,0,0,0,0,0
GF6_B1_D91,17.47679,0,0,0,22.20171,0.74017,0,43.81288,0.74769,0,0,0,0,10.14145,0,0,4.87932,0,0,0,0,0,0,0,0,0,0,0,0,0,0,0,0,0,0,0,0,0,0,0,0,0,0,0,0,0,0,0,0,0,0
GF6_B1_D93,5.77667,0,0,0,2.17353,44.82869,0,27.84558,7.88743,0,0,3.11328,0,8.19319,0,0,0.18163,0,0,0,0,0,0,0,0,0,0,0,0,0,0,0,0,0,0,0,0,0,0,0,0,0,0,0,0,0,0,0,0,0,0
GF6_B10_D63,1.18549,0,0,0,0.27419,0,0,0,96.99522,0,0,0,0,0,0,0,1.54511,0,0,0,0,0,0,0,0,0,0,0,0,0,0,0,0,0,0,0,0,0,0,0,0,0,0,0,0,0,0,0,0,0,0
GF6_B10_D64,4.50205,0,0,0.07735,0.87194,0,0,2.18546,91.96378,0,0,0,0,0.39942,0,0,0,0,0,0,0,0,0,0,0,0,0,0,0,0,0,0,0,0,0,0,0,0,0,0,0,0,0,0,0,0,0,0,0,0,0
GF6_B2_COLON_D105,1.06454,0,0,0,22.18197,1.945,0,47.38636,0.76864,0,0.09916,0,0,26.55432,0,0,0,0,0,0,0,0,0,0,0,0,0,0,0,0,0,0,0,0,0,0,0,0,0,0,0,0,0,0,0,0,0,0,0,0,0
GF6_B2_D63,39.53474,0,0,0,0.72208,0,0,3.25704,51.80214,0,0,0,0,0.77639,0,0,3.77301,0,0,0,0,0,0,0,0,0,0,0,0,0,0,0,0,0,0,0,0,0,0,0,0,0,0,0.13461,0,0,0,0,0,0,0
GF6_B2_D66,1.86624,0,0,0,0,12.94015,0,15.18677,64.24603,0,0,0,0,4.54567,0,0,1.21514,0,0,0,0,0,0,0,0,0,0,0,0,0,0,0,0,0,0,0,0,0,0,0,0,0,0,0,0,0,0,0,0,0,0
GF6_B2_D87,10.63204,0,0,0,0,15.79214,0,5.56155,67.64475,0,0,0,0,0.36951,0,0,0,0,0,0,0,0,0,0,0,0,0,0,0,0,0,0,0,0,0,0,0,0,0,0,0,0,0,0,0,0,0,0,0,0,0
GF6_B2_D89,30.81229,0,0,0,69.18771,0,0,0,0,0,0,0,0,0,0,0,0,0,0,0,0,0,0,0,0,0,0,0,0,0,0,0,0,0,0,0,0,0,0,0,0,0,0,0,0,0,0,0,0,0,0
GF6_B3_COLON_D105,0.82679,0,0,0,24.89896,0.47144,0,47.91118,0.46613,0,0,0,0,24.42422,0,0,1.00127,0,0,0,0,0,0,0,0,0,0,0,0,0,0,0,0,0,0,0,0,0,0,0,0,0,0,0,0,0,0,0,0,0,0
GF6_B3_D63,3.86507,0,0,0,1.22541,0,0,0,94.90952,0,0,0,0,0,0,0,0,0,0,0,0,0,0,0,0,0,0,0,0,0,0,0,0,0,0,0,0,0,0,0,0,0,0,0,0,0,0,0,0,0,0
GF6_B3_D66,3.53474,0,0,1.62569,0.29986,1.15696,0,67.14268,14.616,0,0,0,0,11.0673,0,0,0.55677,0,0,0,0,0,0,0,0,0,0,0,0,0,0,0,0,0,0,0,0,0,0,0,0,0,0,0,0,0,0,0,0,0,0
GF6_B3_D87,11.55034,0,0,0.55326,1.53608,3.28211,0,14.87298,66.44062,0,0,0,0,0.74529,0,0,1.01932,0,0,0,0,0,0,0,0,0,0,0,0,0,0,0,0,0,0,0,0,0,0,0,0,0,0,0,0,0,0,0,0,0,0
GF6_B3_D89,0,0,0,0,0,0,0,0,100,0,0,0,0,0,0,0,0,0,0,0,0,0,0,0,0,0,0,0,0,0,0,0,0,0,0,0,0,0,0,0,0,0,0,0,0,0,0,0,0,0,0
GF6_B3_D91,11.82573,0,0,0,12.54179,0,0,69.08817,0,0,0,0,0,6.54431,0,0,0,0,0,0,0,0,0,0,0,0,0,0,0,0,0,0,0,0,0,0,0,0,0,0,0,0,0,0,0,0,0,0,0,0,0
GF6_B3_D93,2.73232,0,0,0,48.41796,1.75097,0,42.63441,2.21432,0,0,0,0,1.9412,0,0,0.30883,0,0,0,0,0,0,0,0,0,0,0,0,0,0,0,0,0,0,0,0,0,0,0,0,0,0,0,0,0,0,0,0,0,0
GF6_B4_COLON_D105,0.88337,0,0,0,28.72467,2.54208,0,42.49702,0,0,0.98963,0,0,24.36324,0,0,0,0,0,0,0,0,0,0,0,0,0,0,0,0,0,0,0,0,0,0,0,0,0,0,0,0,0,0,0,0,0,0,0,0,0
GF6_B4_D64,3.892,0,0,0,2.14736,0,0,1.90399,91.43861,0,0,0,0,0.3647,0,0,0.25334,0,0,0,0,0,0,0,0,0,0,0,0,0,0,0,0,0,0,0,0,0,0,0,0,0,0,0,0,0,0,0,0,0,0
GF6_B4_D66,0,0,0,0,0,0,0,100,0,0,0,0,0,0,0,0,0,0,0,0,0,0,0,0,0,0,0,0,0,0,0,0,0,0,0,0,0,0,0,0,0,0,0,0,0,0,0,0,0,0,0
GF6_B4_D87,12.38831,0,0,0.18406,1.53934,4.98294,0,11.63394,67.90207,0,0,0,0,1.06973,0,0,0.29962,0,0,0,0,0,0,0,0,0,0,0,0,0,0,0,0,0,0,0,0,0,0,0,0,0,0,0,0,0,0,0,0,0,0
GF6_B4_D89,59.1325,0,0,0,40.8675,0,0,0,0,0,0,0,0,0,0,0,0,0,0,0,0,0,0,0,0,0,0,0,0,0,0,0,0,0,0,0,0,0,0,0,0,0,0,0,0,0,0,0,0,0,0
GF6_B4_D93,1.42168,0,0,0,28.33239,6.561,0,56.20303,0.99491,0,0,0,0,3.67403,0,0,2.81295,0,0,0,0,0,0,0,0,0,0,0,0,0,0,0,0,0,0,0,0,0,0,0,0,0,0,0,0,0,0,0,0,0,0
GF6_B5_COLON_D105,1.06112,0,0,0,25.708,2.44121,0,46.7356,0.45811,0,0,0,0,23.59597,0,0,0,0,0,0,0,0,0,0,0,0,0,0,0,0,0,0,0,0,0,0,0,0,0,0,0,0,0,0,0,0,0,0,0,0,0
GF6_B5_D66,0,0,0,0,0,0,0,77.26396,0,0,0,0,0,22.73604,0,0,0,0,0,0,0,0,0,0,0,0,0,0,0,0,0,0,0,0,0,0,0,0,0,0,0,0,0,0,0,0,0,0,0,0,0
GF6_B5_D90,34.8996,0,0,0,56.18828,0,0,0,0,0,0,0,0,0,0,0,0,0,0,0,0,0,0,0,0,0,0,0,0,0,0,0,0,0,0,0,0,0,0,0,0,0,0,8.91212,0,0,0,0,0,0,0
GF6_B5_D91,32.1902,0,0,0,67.8098,0,0,0,0,0,0,0,0,0,0,0,0,0,0,0,0,0,0,0,0,0,0,0,0,0,0,0,0,0,0,0,0,0,0,0,0,0,0,0,0,0,0,0,0,0,0
GF6_B6_COLON_D105,0.91414,0,0,0,25.53486,1.22046,0,44.72691,1.33489,0,0,0.19942,0,25.61531,0,0,0.45401,0,0,0,0,0,0,0,0,0,0,0,0,0,0,0,0,0,0,0,0,0,0,0,0,0,0,0,0,0,0,0,0,0,0
GF6_B6_D63,7.34992,0,0,0,1.05813,0,0,0,91.32653,0,0,0,0,0,0,0,0.26542,0,0,0,0,0,0,0,0,0,0,0,0,0,0,0,0,0,0,0,0,0,0,0,0,0,0,0,0,0,0,0,0,0,0
GF6_B6_D64,6.04352,0,0,0.13206,1.33957,0,0,1.45719,90.23464,0,0,0,0,0.52301,0,0,0.24214,0,0,0,0,0,0,0,0,0,0,0,0,0,0,0,0,0,0,0,0,0,0,0,0,0,0,0.02788,0,0,0,0,0,0,0
GF6_B6_D66,0.63889,0,0,0,0,2.18787,0,76.51673,4.61263,0,0,0,0,13.45714,0,0,2.58673,0,0,0,0,0,0,0,0,0,0,0,0,0,0,0,0,0,0,0,0,0,0,0,0,0,0,0,0,0,0,0,0,0,0
GF6_B6_D87,0,0,0,0,0,44.05087,0,0,6.38795,0,0,0,0,0,0,0,49.56117,0,0,0,0,0,0,0,0,0,0,0,0,0,0,0,0,0,0,0,0,0,0,0,0,0,0,0,0,0,0,0,0,0,0
GF6_B6_D90,44.07589,0,0,0,55.92411,0,0,0,0,0,0,0,0,0,0,0,0,0,0,0,0,0,0,0,0,0,0,0,0,0,0,0,0,0,0,0,0,0,0,0,0,0,0,0,0,0,0,0,0,0,0
GF6_B6_D91,82.13645,0,0,0,17.86355,0,0,0,0,0,0,0,0,0,0,0,0,0,0,0,0,0,0,0,0,0,0,0,0,0,0,0,0,0,0,0,0,0,0,0,0,0,0,0,0,0,0,0,0,0,0
GF6_B6_D93,21.44608,0,0,0,1.01776,35.77491,0,25.32,0,0,0,0,0,13.9017,0,0,2.53954,0,0,0,0,0,0,0,0,0,0,0,0,0,0,0,0,0,0,0,0,0,0,0,0,0,0,0,0,0,0,0,0,0,0
GF6_B7_COLON_D105,0.29836,0,0,0,12.40464,0,0,62.08368,1.8521,0,0,0,0,22.4218,0,0,0.93942,0,0,0,0,0,0,0,0,0,0,0,0,0,0,0,0,0,0,0,0,0,0,0,0,0,0,0,0,0,0,0,0,0,0
GF6_B7_D63,16.88059,0,0,0,1.33669,0.20322,0,0,81.57951,0,0,0,0,0,0,0,0,0,0,0,0,0,0,0,0,0,0,0,0,0,0,0,0,0,0,0,0,0,0,0,0,0,0,0,0,0,0,0,0,0,0
GF6_B7_D66,1.63209,0,0,0,0,0,0,72.23201,22.46226,0,0,0,0,3.67364,0,0,0,0,0,0,0,0,0,0,0,0,0,0,0,0,0,0,0,0,0,0,0,0,0,0,0,0,0,0,0,0,0,0,0,0,0
GF6_B7_D87,1.03911,0,0,0,0,22.19807,0,0,0,0,0,0,0,0,0,0,76.76282,0,0,0,0,0,0,0,0,0,0,0,0,0,0,0,0,0,0,0,0,0,0,0,0,0,0,0,0,0,0,0,0,0,0
GF6_B7_D90,36.89766,0,0,0.38536,62.42619,0,0,0,0,0,0,0,0,0,0,0,0,0,0,0,0,0,0,0,0,0,0,0,0,0,0,0,0,0,0,0,0,0,0,0,0,0,0,0.2908,0,0,0,0,0,0,0
GF6_B7_D91,0,0,0,0,100,0,0,0,0,0,0,0,0,0,0,0,0,0,0,0,0,0,0,0,0,0,0,0,0,0,0,0,0,0,0,0,0,0,0,0,0,0,0,0,0,0,0,0,0,0,0
GF6_B7_D93,3.30396,0,0,0,0,18.13017,0,70.87102,0,0,0,0,0,7.69485,0,0,0,0,0,0,0,0,0,0,0,0,0,0,0,0,0,0,0,0,0,0,0,0,0,0,0,0,0,0,0,0,0,0,0,0,0
GF6_B8_COLON_D105,1.55647,0,0.36394,0,11.22074,0.28801,0,61.13897,1.22881,0,1.51131,0,0,12.19837,6.08026,0.09483,3.8885,0,0,0,0.42978,0,0,0,0,0,0,0,0,0,0,0,0,0,0,0,0,0,0,0,0,0,0,0,0,0,0,0,0,0,0
GF6_B8_D63,3.79838,0,0,0,1.32866,63.63809,0,0.27722,30.70909,0,0,0,0,0,0,0,0.24857,0,0,0,0,0,0,0,0,0,0,0,0,0,0,0,0,0,0,0,0,0,0,0,0,0,0,0,0,0,0,0,0,0,0
GF6_B8_D66,6.72359,0,0,0,0,2.12899,0,63.30618,4.28368,0,0,0.43062,0,14.95485,0,0,8.17208,0,0,0,0,0,0,0,0,0,0,0,0,0,0,0,0,0,0,0,0,0,0,0,0,0,0,0,0,0,0,0,0,0,0
GF6_B8_D91,31.81388,0,0,0,0.64463,0,0,43.83914,0,0,0,0,0,12.23483,0,0,11.46753,0,0,0,0,0,0,0,0,0,0,0,0,0,0,0,0,0,0,0,0,0,0,0,0,0,0,0,0,0,0,0,0,0,0
GF6_B9_D66,0,0,0,0,0,4.52307,0,66.27248,0,0,0,0.11763,0,26.12831,0,0,2.95851,0,0,0,0,0,0,0,0,0,0,0,0,0,0,0,0,0,0,0,0,0,0,0,0,0,0,0,0,0,0,0,0,0,0
GF6_GFPBS1_COLON,0,0,0,0,0,0,0,0,0,0,0,0,0,100,0,0,0,0,0,0,0,0,0,0,0,0,0,0,0,0,0,0,0,0,0,0,0,0,0,0,0,0,0,0,0,0,0,0,0,0,0
GF6_GFPBS2_COLON,0,0,0,0,0,0,0,0,0,0,0,0,0,100,0,0,0,0,0,0,0,0,0,0,0,0,0,0,0,0,0,0,0,0,0,0,0,0,0,0,0,0,0,0,0,0,0,0,0,0,0
GF6_GFPBS3_COLON,0,0,0,0,0,0,0,0,0,0,0,0,0,100,0,0,0,0,0,0,0,0,0,0,0,0,0,0,0,0,0,0,0,0,0,0,0,0,0,0,0,0,0,0,0,0,0,0,0,0,0
GF6_INOC,4.35527,1.40675,3.13947,1.94812,45.74954,2.61253,0,27.68836,4.58874,0,4.96919,0.49547,0,2.08204,0,0,0.43965,0,0,0,0,0,0,0,0,0,0,0,0,0,0,0,0.29188,0.23299,0,0,0,0,0,0,0,0,0,0,0,0,0,0,0,0,0
GF6_WATER_H11,5.65997,0,0,0,77.69976,2.87006,0,7.34031,6.34458,0,0,0,0,0.08532,0,0,0,0,0,0,0,0,0,0,0,0,0,0,0,0,0,0,0,0,0,0,0,0,0,0,0,0,0,0,0,0,0,0,0,0,0
GF7_A1_COLON_D47,0.64879,0,0,0.58068,0,2.48214,0,47.69723,0,0,0,0,0,8.67163,19.60945,0,6.8327,0,0,0,2.42183,0,0,6.64368,1.68468,1.57537,0.12939,1.02241,0,0,0,0,0,0,0,0,0,0,0,0,0,0,0,0,0,0,0,0,0,0,0
GF7_A3_COLON_D47,2.08882,0,0,0,0,15.21626,0,31.50146,0.19759,0,0,0,0,12.33405,32.19554,0,6.46628,0,0,0,0,0,0,0,0,0,0,0,0,0,0,0,0,0,0,0,0,0,0,0,0,0,0,0,0,0,0,0,0,0,0
GF7_A4_COLON_D47,1.37121,0,0,4.04392,0,4.34822,0,41.1775,0,0,0,0,0,13.60378,27.15261,0,2.45912,0,0,0,5.84364,0,0,0,0,0,0,0,0,0,0,0,0,0,0,0,0,0,0,0,0,0,0,0,0,0,0,0,0,0,0
GF7_A5_COLON_D47,0,0,0,0.59834,0,3.87467,0,53.06524,0,0,0,0,0,22.0139,19.35101,0,0,0,0,0,1.09684,0,0,0,0,0,0,0,0,0,0,0,0,0,0,0,0,0,0,0,0,0,0,0,0,0,0,0,0,0,0
GF7_A6_COLON_D47,1.31192,0,0,2.07822,0,3.86483,0,54.14515,1.15862,0,0,0,0,16.79217,17.84674,0,2.01591,0,0,0,0.78643,0,0,0,0,0,0,0,0,0,0,0,0,0,0,0,0,0,0,0,0,0,0,0,0,0,0,0,0,0,0
GF7_A7_COLON_D47,0,0,0,0,0,7.86499,0,27.34183,0,0,0,0,0,12.66429,42.93163,0,9.19726,0,0,0,0,0,0,0,0,0,0,0,0,0,0,0,0,0,0,0,0,0,0,0,0,0,0,0,0,0,0,0,0,0,0
GF7_ADAM_D0,0,0,0,0,0,0,0,0,0,0,0,0,0,0,0,0,0,0,0,0,0,0,0,0,0,0,0,0,0,0,0,0,0,0,0,0,0,0,0,0,0,0,0,100,0,0,0,0,0,0,0
GF7_ADAM_D5,1.32836,0,0,0.66697,41.07933,0.60373,0,26.10646,2.86697,0,16.09577,0.07254,0,8.79305,0,0,2.286,0,0,0,0,0,0,0,0,0,0,0,0,0,0,0,0.04666,0.05416,0,0,0,0,0,0,0,0,0,0,0,0,0,0,0,0,0
GF7_ADAM_D78,1.53942,0.45684,4.30023,2.69859,45.95058,1.84524,0,26.84908,3.87442,0,8.50978,0.72473,0,3.13781,0,0,0,0,0,0,0,0,0,0,0,0,0,0,0,0,0,0,0,0.1133,0,0,0,0,0,0,0,0,0,0,0,0,0,0,0,0,0
GF7_ASIRE_D36,3.06225,0,1.80472,0.62504,0,0.84201,0,40.76869,0.75851,0,6.75266,0,0,6.40222,16.77449,2.08675,16.49631,0,0,0,3.20064,0.42571,0,0,0,0,0,0,0,0,0,0,0,0,0,0,0,0,0,0,0,0,0,0,0,0,0,0,0,0,0
GF7_B1_COLON_D47,2.53792,0,1.24397,0.47249,0,0,0,63.45403,1.50697,0,6.10125,0,0,0.74379,9.76863,0.77226,10.03,0,0,0,1.96584,1.40286,0,0,0,0,0,0,0,0,0,0,0,0,0,0,0,0,0,0,0,0,0,0,0,0,0,0,0,0,0
GF7_B1_D30,3.38503,0,0,0,0,0.83743,0,2.75989,0,0,0,0,0,0.99348,0.05326,0,91.9709,0,0,0,0,0,0,0,0,0,0,0,0,0,0,0,0,0,0,0,0,0,0,0,0,0,0,0,0,0,0,0,0,0,0
GF7_B1_D31,1.90577,0,0,3.97414,0,11.11536,0,5.97637,0,0,0,0,0,1.97688,12.70193,0.10696,62.24258,0,0,0,0,0,0,0,0,0,0,0,0,0,0,0,0,0,0,0,0,0,0,0,0,0,0,0,0,0,0,0,0,0,0
GF7_B1_D32,1.51046,0,0,0,0,5.56709,0,29.6834,0,0,0,0,0,13.3632,28.79431,0,21.08154,0,0,0,0,0,0,0,0,0,0,0,0,0,0,0,0,0,0,0,0,0,0,0,0,0,0,0,0,0,0,0,0,0,0
GF7_B1_D33,0.79999,0,0,0,0,14.2777,0,27.33132,0,0,0,0,0,9.35196,38.38454,0,9.85449,0,0,0,0,0,0,0,0,0,0,0,0,0,0,0,0,0,0,0,0,0,0,0,0,0,0,0,0,0,0,0,0,0,0
GF7_B1_D36,1.74851,0,0,0,0,22.45982,0,40.96728,0,0,0,0,0,7.00699,25.96442,0.27475,1.57824,0,0,0,0,0,0,0,0,0,0,0,0,0,0,0,0,0,0,0,0,0,0,0,0,0,0,0,0,0,0,0,0,0,0
GF7_B2_COLON_D47,3.17198,0,1.86219,0.13341,0,0.40408,0,54.12543,0.88784,0,7.50143,0,0,5.01041,9.8953,0.83767,9.38133,0,0,0,4.09848,2.69045,0,0,0,0,0,0,0,0,0,0,0,0,0,0,0,0,0,0,0,0,0,0,0,0,0,0,0,0,0
GF7_B2_D30,0.82848,0,0,0,0,0,0,0.43847,0,0,0,0,0,0.73003,0.04643,0,97.95659,0,0,0,0,0,0,0,0,0,0,0,0,0,0,0,0,0,0,0,0,0,0,0,0,0,0,0,0,0,0,0,0,0,0
GF7_B2_D34,1.2373,0,0,0,0,20.8735,0,27.4102,0,0,0,0,0,5.63457,35.6011,0,9.24332,0,0,0,0,0,0,0,0,0,0,0,0,0,0,0,0,0,0,0,0,0,0,0,0,0,0,0,0,0,0,0,0,0,0
GF7_B2_D36,0.86662,0,0,0,0,35.27055,0,32.89637,0,0,0,0,0,8.51487,20.98222,0,1.46937,0,0,0,0,0,0,0,0,0,0,0,0,0,0,0,0,0,0,0,0,0,0,0,0,0,0,0,0,0,0,0,0,0,0
GF7_B3_D30,1.04946,0,0,0,0,0,0,0.49072,0,0,0,0,0,0.5729,0,0,97.88692,0,0,0,0,0,0,0,0,0,0,0,0,0,0,0,0,0,0,0,0,0,0,0,0,0,0,0,0,0,0,0,0,0,0
GF7_B3_D31,2.96331,0,0,0,0,0.3041,0,17.27881,0,0,0,0,0,2.22202,0.63242,0,76.59935,0,0,0,0,0,0,0,0,0,0,0,0,0,0,0,0,0,0,0,0,0,0,0,0,0,0,0,0,0,0,0,0,0,0
GF7_B3_D33,4.7071,0,0,0,0,3.86452,0,30.10295,0,0,0,0,0,11.67345,28.67273,0,20.97924,0,0,0,0,0,0,0,0,0,0,0,0,0,0,0,0,0,0,0,0,0,0,0,0,0,0,0,0,0,0,0,0,0,0
GF7_B3_D36,4.15868,0,0,0,0,30.75035,0,23.09372,1.98755,0,0,0,0,7.44845,32.03328,0.0916,0.43636,0,0,0,0,0,0,0,0,0,0,0,0,0,0,0,0,0,0,0,0,0,0,0,0,0,0,0,0,0,0,0,0,0,0
GF7_B4_COLON_D47,3.11124,0,0,0,0,0,0,26.08081,3.46479,0,6.1236,0,0,6.63614,19.11383,0.13073,32.96152,0,0,0,2.34542,0.03193,0,0,0,0,0,0,0,0,0,0,0,0,0,0,0,0,0,0,0,0,0,0,0,0,0,0,0,0,0
GF7_B4_D35,0.07011,0,0,0,0,1.24821,0,20.35296,0,0,0,0,0,8.52822,58.38157,0,11.41893,0,0,0,0,0,0,0,0,0,0,0,0,0,0,0,0,0,0,0,0,0,0,0,0,0,0,0,0,0,0,0,0,0,0
GF7_B4_D36,0.79182,0,0,0,0,26.34762,0,10.99346,0.38819,0,0,0,0,5.58039,51.66435,0,4.23416,0,0,0,0,0,0,0,0,0,0,0,0,0,0,0,0,0,0,0,0,0,0,0,0,0,0,0,0,0,0,0,0,0,0
GF7_B5_COLON_D47,4.16548,0,2.20333,0.35012,0,0.18287,0,43.26439,1.03333,0,7.15459,0,0,6.05009,10.60289,0.58997,14.482,0,0,0,4.1475,5.77343,0,0,0,0,0,0,0,0,0,0,0,0,0,0,0,0,0,0,0,0,0,0,0,0,0,0,0,0,0
GF7_B5_D30,3.34235,0,0,0.36055,0,0.40044,0,7.85346,0,0,0,0,0,2.13624,1.36911,0,84.53784,0,0,0,0,0,0,0,0,0,0,0,0,0,0,0,0,0,0,0,0,0,0,0,0,0,0,0,0,0,0,0,0,0,0
GF7_B5_D36,3.77015,0,0,0,0,32.63748,0,17.01446,1.72795,0,0,0,0,7.28261,36.41707,0.15447,0.99581,0,0,0,0,0,0,0,0,0,0,0,0,0,0,0,0,0,0,0,0,0,0,0,0,0,0,0,0,0,0,0,0,0,0
GF7_B6_COLON_D47,0,0,0,0,0,0,0,0,0,0,0,0,0,0,0,0,100,0,0,0,0,0,0,0,0,0,0,0,0,0,0,0,0,0,0,0,0,0,0,0,0,0,0,0,0,0,0,0,0,0,0
GF7_B8_COLON_D47,0,0,0,0,0,0,0,0,0,0,0,0,0,0,0,0,0,0,0,0,0,0,0,0,0,0,0,0,0,0,0,100,0,0,0,0,0,0,0,0,0,0,0,0,0,0,0,0,0,0,0
GF7_BDAM_D1,3.43427,0,0,0,0,0,0,38.63996,0,0,0.49455,0,0,3.95187,2.82021,0,50.65914,0,0,0,0,0,0,0,0,0,0,0,0,0,0,0,0,0,0,0,0,0,0,0,0,0,0,0,0,0,0,0,0,0,0
GF7_BDAM_D78,8.88023,0,0,0.92277,4.00992,14.73001,0,56.76119,3.9793,0,6.17624,1.46914,0,3.0712,0,0,0,0,0,0,0,0,0,0,0,0,0,0,0,0,0,0,0,0,0,0,0,0,0,0,0,0,0,0,0,0,0,0,0,0,0
GF7_BSIRE_D12,3.23542,0,2.67459,1.58408,0,0,0,34.83642,5.18028,0,6.38053,0,0,8.20275,22.03933,0.39302,9.92654,0,0,0,3.0174,2.52964,0,0,0,0,0,0,0,0,0,0,0,0,0,0,0,0,0,0,0,0,0,0,0,0,0,0,0,0,0
GF7_BSIRE_D20,2.37318,0,2.03949,0.76143,0,0.38543,0,47.24787,0.87773,0,5.61468,0,0,10.19495,21.63689,1.24377,3.37989,0,0,0,2.19083,2.05388,0,0,0,0,0,0,0,0,0,0,0,0,0,0,0,0,0,0,0,0,0,0,0,0,0,0,0,0,0
GF7_BSIRE_D36,1.13697,0,1.20541,0.63373,0,0.82728,0,60.61815,0.82282,0,4.77706,0,0,12.38047,13.02498,0.83395,1.66135,0,0,0,1.56399,0.51384,0,0,0,0,0,0,0,0,0,0,0,0,0,0,0,0,0,0,0,0,0,0,0,0,0,0,0,0,0
GF7_C1_COLON_D47,2.55381,0,0,0,0,0.16707,0,71.22042,4.10815,0,5.78855,0,0,3.80111,7.36456,1.10233,3.894,0,0,0,0,0,0,0,0,0,0,0,0,0,0,0,0,0,0,0,0,0,0,0,0,0,0,0,0,0,0,0,0,0,0
GF7_C1_D30,2.64286,0,0,0.435,0,0.18799,0,8.33893,0,0,0,0,0,2.21614,1.10739,0,85.07169,0,0,0,0,0,0,0,0,0,0,0,0,0,0,0,0,0,0,0,0,0,0,0,0,0,0,0,0,0,0,0,0,0,0
GF7_C1_D34,100,0,0,0,0,0,0,0,0,0,0,0,0,0,0,0,0,0,0,0,0,0,0,0,0,0,0,0,0,0,0,0,0,0,0,0,0,0,0,0,0,0,0,0,0,0,0,0,0,0,0
GF7_C1_D36,0.6761,0,0,0,0,16.86651,0,29.11466,0,0,0,0,0,6.2246,43.81937,0,3.29876,0,0,0,0,0,0,0,0,0,0,0,0,0,0,0,0,0,0,0,0,0,0,0,0,0,0,0,0,0,0,0,0,0,0
GF7_C2_COLON_D47,4.99452,0,0,0,0,0.06292,0,47.37758,7.95606,0,7.83072,0,0,0.52232,17.47126,0.59474,13.18987,0,0,0,0,0,0,0,0,0,0,0,0,0,0,0,0,0,0,0,0,0,0,0,0,0,0,0,0,0,0,0,0,0,0
GF7_C2_D30,2.00575,0,0,0,0,1.9405,0,1.32419,0,0,0,0,0,0.40607,0.25275,16.40104,77.66969,0,0,0,0,0,0,0,0,0,0,0,0,0,0,0,0,0,0,0,0,0,0,0,0,0,0,0,0,0,0,0,0,0,0
GF7_C2_D32,100,0,0,0,0,0,0,0,0,0,0,0,0,0,0,0,0,0,0,0,0,0,0,0,0,0,0,0,0,0,0,0,0,0,0,0,0,0,0,0,0,0,0,0,0,0,0,0,0,0,0
GF7_C2_D33,99.3843,0,0,0,0,0,0,0,0,0,0,0,0,0,0,0,0,0,0,0,0,0,0,0,0,0,0,0,0,0,0,0,0,0,0,0,0,0,0,0,0,0,0,0.6157,0,0,0,0,0,0,0
GF7_C2_D36,7.84593,0,0,0,0,20.57783,0,37.42467,0,0,0,0,0,6.1302,26.2343,0.0423,1.74477,0,0,0,0,0,0,0,0,0,0,0,0,0,0,0,0,0,0,0,0,0,0,0,0,0,0,0,0,0,0,0,0,0,0
GF7_C3_COLON_D47,3.53297,0,0,0,0,0.63113,0,48.85424,8.40005,0,7.79211,0,0,3.58056,16.19263,2.09275,8.92356,0,0,0,0,0,0,0,0,0,0,0,0,0,0,0,0,0,0,0,0,0,0,0,0,0,0,0,0,0,0,0,0,0,0
GF7_C3_D30,0,0,0,0,0,0.09126,0,0,0,0,0,0,0,0,0.14309,0,99.76565,0,0,0,0,0,0,0,0,0,0,0,0,0,0,0,0,0,0,0,0,0,0,0,0,0,0,0,0,0,0,0,0,0,0
GF7_C3_D31,1.2602,0,0,0,0,0.6649,0,0,0,0,0,0,0,0,0,0,98.0749,0,0,0,0,0,0,0,0,0,0,0,0,0,0,0,0,0,0,0,0,0,0,0,0,0,0,0,0,0,0,0,0,0,0
GF7_C3_D33,100,0,0,0,0,0,0,0,0,0,0,0,0,0,0,0,0,0,0,0,0,0,0,0,0,0,0,0,0,0,0,0,0,0,0,0,0,0,0,0,0,0,0,0,0,0,0,0,0,0,0
GF7_C3_D34,89.02347,0,0,0,0,0,0,0,0,0,0,0,0,5.73106,5.13201,0.11346,0,0,0,0,0,0,0,0,0,0,0,0,0,0,0,0,0,0,0,0,0,0,0,0,0,0,0,0,0,0,0,0,0,0,0
GF7_C4_COLON_D47,3.27093,0,0,0,0,0.43326,0,59.67576,4.58383,0,7.84633,0,0,3.41758,11.97064,1.26478,7.5369,0,0,0,0,0,0,0,0,0,0,0,0,0,0,0,0,0,0,0,0,0,0,0,0,0,0,0,0,0,0,0,0,0,0
GF7_C4_D31,1.82193,0,0,0,0,0,0,0.05732,0,0,0,0,0,0.46827,0,5.23284,92.41965,0,0,0,0,0,0,0,0,0,0,0,0,0,0,0,0,0,0,0,0,0,0,0,0,0,0,0,0,0,0,0,0,0,0
GF7_C4_D32,7.4399,0,0,0,0,0,0,0,0,0,0,0,0,0,4.39636,0,88.16373,0,0,0,0,0,0,0,0,0,0,0,0,0,0,0,0,0,0,0,0,0,0,0,0,0,0,0,0,0,0,0,0,0,0
GF7_CONTAMINANT,6.31616,0,0,0,0,0,0,0.44722,0,0,0,0,0,1.74343,0,0,0,0,0,0,0,0,0,91.4932,0,0,0,0,0,0,0,0,0,0,0,0,0,0,0,0,0,0,0,0,0,0,0,0,0,0,0
GF7_INOC,8.22939,0,0,0,0,0,0.14992,1.3406,0,0,4.25532,0,0,0.52694,3.34294,0,82.15489,0,0,0,0,0,0,0,0,0,0,0,0,0,0,0,0,0,0,0,0,0,0,0,0,0,0,0,0,0,0,0,0,0,0
GF7_WATER,0,0,0,0,0,0,0,0,0,0,0,0,0,0,0,0,100,0,0,0,0,0,0,0,0,0,0,0,0,0,0,0,0,0,0,0,0,0,0,0,0,0,0,0,0,0,0,0,0,0,0
GF8_A1_COLON_D46,0.78921,0,0.16584,0,0,0.24058,0,39.91397,0.95029,0,3.96145,0,0,10.17762,31.85846,0.35902,10.7135,0,0,0,0.84779,0,0.02228,0,0,0,0,0,0,0,0,0,0,0,0,0,0,0,0,0,0,0,0,0,0,0,0,0,0,0,0
GF8_A1_D30,2.29167,0,0.28834,0,0,1.11455,0,29.07505,0,0,6.59042,0,0,7.56851,16.46566,0.68928,35.36489,0,0,0,0.33074,0.22087,0,0,0,0,0,0,0,0,0,0,0,0,0,0,0,0,0,0,0,0,0,0,0,0,0,0,0,0,0
GF8_A1_D33,0,0,0,0,0,0,0,0,0,0,0,0,0,0,0,0,100,0,0,0,0,0,0,0,0,0,0,0,0,0,0,0,0,0,0,0,0,0,0,0,0,0,0,0,0,0,0,0,0,0,0
GF8_A1_D35,0,0,0,0,0,35.50637,0,26.8106,0,0,2.46023,0,0,7.8887,7.90318,0,19.43092,0,0,0,0,0,0,0,0,0,0,0,0,0,0,0,0,0,0,0,0,0,0,0,0,0,0,0,0,0,0,0,0,0,0
GF8_A2_COLON_D46,1.31868,0,0.36331,0,0,0.85327,0,43.47074,0,0,6.94704,0,0,18.60729,14.56684,0.35437,10.78122,0,0,0,1.3721,1.26143,0.10369,0,0,0,0,0,0,0,0,0,0,0,0,0,0,0,0,0,0,0,0,0,0,0,0,0,0,0,0
GF8_A2_D30,3.71126,0,0,0,1.3621,0,0,3.87654,1.54567,0,0,0,0,0.69803,0,0,88.80641,0,0,0,0,0,0,0,0,0,0,0,0,0,0,0,0,0,0,0,0,0,0,0,0,0,0,0,0,0,0,0,0,0,0
GF8_A2_D35,0,0,0,0,0,22.70973,0,2.91936,21.26726,0,0,0,0,2.39996,11.23461,0,39.46907,0,0,0,0,0,0,0,0,0,0,0,0,0,0,0,0,0,0,0,0,0,0,0,0,0,0,0,0,0,0,0,0,0,0
GF8_A3_D30,1.98807,0,0,0,0.45107,0,0,8.75241,0,0,0.76699,0,0,3.16052,3.41517,0,81.46577,0,0,0,0,0,0,0,0,0,0,0,0,0,0,0,0,0,0,0,0,0,0,0,0,0,0,0,0,0,0,0,0,0,0
GF8_A4_D30,0.72641,0,0,0,29.94613,0.45852,0,16.62484,0,0,0,0,0,3.17038,0,0,49.07373,0,0,0,0,0,0,0,0,0,0,0,0,0,0,0,0,0,0,0,0,0,0,0,0,0,0,0,0,0,0,0,0,0,0
GF8_A4_D31,0,0,0,0,0,0,0,0,0,0,0,0,0,0,0,0,100,0,0,0,0,0,0,0,0,0,0,0,0,0,0,0,0,0,0,0,0,0,0,0,0,0,0,0,0,0,0,0,0,0,0
GF8_A4_D32,0,0,0,0,0,0,0,0,0,0,0,0,0,0,4.41033,0,95.58967,0,0,0,0,0,0,0,0,0,0,0,0,0,0,0,0,0,0,0,0,0,0,0,0,0,0,0,0,0,0,0,0,0,0
GF8_A4_D33,0.49454,0,0,0,0,0,0,0,0,0,0,0,0,0,0,0,99.50546,0,0,0,0,0,0,0,0,0,0,0,0,0,0,0,0,0,0,0,0,0,0,0,0,0,0,0,0,0,0,0,0,0,0
GF8_A5_D30,0,0,0,0,3.98013,0,0,0.09688,0,0,0,0,0,0,0,0,95.92299,0,0,0,0,0,0,0,0,0,0,0,0,0,0,0,0,0,0,0,0,0,0,0,0,0,0,0,0,0,0,0,0,0,0
GF8_A7_D32,0.02295,0,0,0,0,2.40373,0,30.60009,0.84834,0,0.18687,0,0,6.0082,39.70173,0,20.22809,0,0,0,0,0,0,0,0,0,0,0,0,0,0,0,0,0,0,0,0,0,0,0,0,0,0,0,0,0,0,0,0,0,0
GF8_ADAM_D0,2.0768,0,1.17413,0.32856,0.45315,0.81657,0,50.72124,2.0587,0,5.35109,0,0,1.54793,19.53585,1.26415,12.41156,0,0,0,1.54492,0.71535,0,0,0,0,0,0,0,0,0,0,0,0,0,0,0,0,0,0,0,0,0,0,0,0,0,0,0,0,0
GF8_B1_COLON_D46,1.67006,0,0.19255,0,0,0.28828,0,45.19133,0.10496,0,5.31262,0,0,16.28249,16.59344,0.94689,12.29241,0,0,0,0.59897,0.526,0,0,0,0,0,0,0,0,0,0,0,0,0,0,0,0,0,0,0,0,0,0,0,0,0,0,0,0,0
GF8_B1_D31,0.34931,0,0,0,0,0,0,0,0,0,0,0,0,0,0,0,99.65069,0,0,0,0,0,0,0,0,0,0,0,0,0,0,0,0,0,0,0,0,0,0,0,0,0,0,0,0,0,0,0,0,0,0
GF8_B1_D32,2.63715,0,0,0,0.24956,0,0,26.84927,0.25213,0,0.11823,0,0,6.69775,20.59356,0,42.60237,0,0,0,0,0,0,0,0,0,0,0,0,0,0,0,0,0,0,0,0,0,0,0,0,0,0,0,0,0,0,0,0,0,0
GF8_B1_D34,0.32185,0,0.105,0,0,3.52359,0,29.2387,1.65501,0,0.84089,0,0,5.94493,41.82424,0.09322,16.45257,0,0,0,0,0,0,0,0,0,0,0,0,0,0,0,0,0,0,0,0,0,0,0,0,0,0,0,0,0,0,0,0,0,0
GF8_B2_D32,1.59979,0,0,0,0,2.34956,0,31.56291,1.09253,0,0.43967,0,0,7.26012,40.50958,0,15.16379,0,0,0,0.02206,0,0,0,0,0,0,0,0,0,0,0,0,0,0,0,0,0,0,0,0,0,0,0,0,0,0,0,0,0,0
GF8_B3_D46,0,0,0,0,2.28761,0,0,15.78338,0,0,3.96176,0,0,9.03691,10.50546,0,58.42488,0,0,0,0,0,0,0,0,0,0,0,0,0,0,0,0,0,0,0,0,0,0,0,0,0,0,0,0,0,0,0,0,0,0
GF8_B4_COLON_D46,1.01849,0,0.37161,0,0,0.09253,0,49.12382,0.85399,0,4.98862,0,0,19.48411,12.64927,0.13327,9.11261,0,0,0,0.4254,1.7463,0,0,0,0,0,0,0,0,0,0,0,0,0,0,0,0,0,0,0,0,0,0,0,0,0,0,0,0,0
GF8_B4_D30,3.48619,0,0,0,0,0.86756,0,1.7096,0.43787,0,0,0,0,1.72951,2.57547,0,89.19379,0,0,0,0,0,0,0,0,0,0,0,0,0,0,0,0,0,0,0,0,0,0,0,0,0,0,0,0,0,0,0,0,0,0
GF8_B4_D33,1.19792,0,0,0,0,0,0,30.65823,6.15216,0,0,0,0,10.2201,34.17682,0,17.59477,0,0,0,0,0,0,0,0,0,0,0,0,0,0,0,0,0,0,0,0,0,0,0,0,0,0,0,0,0,0,0,0,0,0
GF8_B5_COLON_D46,0.76287,0,0.03581,0,0,1.74256,0,42.36075,0.84418,0,3.86904,0,0,17.57446,9.58108,0.57637,21.67906,0,0,0,0.50992,0.4639,0,0,0,0,0,0,0,0,0,0,0,0,0,0,0,0,0,0,0,0,0,0,0,0,0,0,0,0,0
GF8_B5_D34,0.80882,0,0.20196,0,0,0.36197,0,33.65439,1.44378,0,2.86821,0,0,6.66828,40.80802,0.22258,12.54694,0,0,0,0.41504,0,0,0,0,0,0,0,0,0,0,0,0,0,0,0,0,0,0,0,0,0,0,0,0,0,0,0,0,0,0
GF8_B5_D35,0.17001,0,0,0,0,5.84896,0,19.60887,1.57178,0,0,0,0,8.51024,41.27537,0,23.01478,0,0,0,0,0,0,0,0,0,0,0,0,0,0,0,0,0,0,0,0,0,0,0,0,0,0,0,0,0,0,0,0,0,0
GF8_B6_COLON_D46,0.95033,0,0.44749,0.37859,0,0.17765,0,50.9792,0.52671,0,4.78319,0,0,24.07781,11.00274,1.01474,3.89895,0,0,0,0.99482,0.76779,0,0,0,0,0,0,0,0,0,0,0,0,0,0,0,0,0,0,0,0,0,0,0,0,0,0,0,0,0
GF8_B6_D30,1.93449,0,0,0,0.02283,0,0,9.03161,0,0,0,0,0,2.21704,5.36611,0,81.42792,0,0,0,0,0,0,0,0,0,0,0,0,0,0,0,0,0,0,0,0,0,0,0,0,0,0,0,0,0,0,0,0,0,0
GF8_B6_D33,10.27133,0,0,0,0,2.89647,0,24.44208,3.08229,0,0,0,0,15.82297,27.15123,0,16.33363,0,0,0,0,0,0,0,0,0,0,0,0,0,0,0,0,0,0,0,0,0,0,0,0,0,0,0,0,0,0,0,0,0,0
GF8_B6_D34,1.21737,0,0,0,0,1.8634,0,33.54683,2.22945,0,0.67841,0,0,7.70683,39.93983,0.09003,12.7206,0,0,0,0.00724,0,0,0,0,0,0,0,0,0,0,0,0,0,0,0,0,0,0,0,0,0,0,0,0,0,0,0,0,0,0
GF8_B6_D35,0.26635,0,0,0,0,20.89506,0,19.98248,1.18851,0,0,0,0,9.04021,36.14371,0.05212,12.43157,0,0,0,0,0,0,0,0,0,0,0,0,0,0,0,0,0,0,0,0,0,0,0,0,0,0,0,0,0,0,0,0,0,0
GF8_B7_D33,11.50673,0,0,0,0,7.66683,0,11.67189,0.58276,0,0,0,0,5.07645,23.90545,0,39.5899,0,0,0,0,0,0,0,0,0,0,0,0,0,0,0,0,0,0,0,0,0,0,0,0,0,0,0,0,0,0,0,0,0,0
GF8_C1_COLON_D46,0.79122,0,0,0,0,0,0,49.33023,0.51358,0,4.78501,0,0,20.24452,13.16774,1.15417,10.01354,0,0,0,0,0,0,0,0,0,0,0,0,0,0,0,0,0,0,0,0,0,0,0,0,0,0,0,0,0,0,0,0,0,0
GF8_C1_D31,0,0,0,0,0,0,0,0,0,0,0,0,0,0,0,0,100,0,0,0,0,0,0,0,0,0,0,0,0,0,0,0,0,0,0,0,0,0,0,0,0,0,0,0,0,0,0,0,0,0,0
GF8_C1_D32,14.15032,0,0,0,0,0,0,16.18227,0,0,1.79779,0,0,5.71683,17.83401,0,44.31878,0,0,0,0,0,0,0,0,0,0,0,0,0,0,0,0,0,0,0,0,0,0,0,0,0,0,0,0,0,0,0,0,0,0
GF8_C1_D33,0,0,0,0,0,0,0,5.32113,0,0,0,0,0,3.55279,47.33128,0,43.79481,0,0,0,0,0,0,0,0,0,0,0,0,0,0,0,0,0,0,0,0,0,0,0,0,0,0,0,0,0,0,0,0,0,0
GF8_C1_D34,3.62958,0,0.28804,0,0,0.97426,0,38.57473,0.82922,0,5.4796,0,0,9.63382,27.15041,0.60817,12.21039,0,0,0,0.40763,0.21414,0,0,0,0,0,0,0,0,0,0,0,0,0,0,0,0,0,0,0,0,0,0,0,0,0,0,0,0,0
GF8_C2_COLON_D46,0.77471,0,0,0,0,2.4069,0,39.9124,1.30727,0,4.83659,0,0,18.72703,12.20022,0.51365,19.32122,0,0,0,0,0,0,0,0,0,0,0,0,0,0,0,0,0,0,0,0,0,0,0,0,0,0,0,0,0,0,0,0,0,0
GF8_C2_D30,1.03686,0,0,0,17.69662,0,0,30.74626,1.38023,0,0,0,0,6.02411,1.82354,0,41.29238,0,0,0,0,0,0,0,0,0,0,0,0,0,0,0,0,0,0,0,0,0,0,0,0,0,0,0,0,0,0,0,0,0,0
GF8_C2_D31,0,0,0,0,0,0,0,0,0,0,0,0,0,0,0,0,100,0,0,0,0,0,0,0,0,0,0,0,0,0,0,0,0,0,0,0,0,0,0,0,0,0,0,0,0,0,0,0,0,0,0
GF8_C3_D30,2.13814,0,0.37046,0,0,0,0,10.57522,0,0,0.80453,0,0,0.94641,5.31976,0.02551,79.60396,0,0,0,0.21603,0,0,0,0,0,0,0,0,0,0,0,0,0,0,0,0,0,0,0,0,0,0,0,0,0,0,0,0,0,0
GF8_C4_COLON_D46,1.01128,0,0,0,0,2.84173,0,38.19025,1.08299,0,4.12814,0,0,17.95586,13.34817,0.39441,21.04717,0,0,0,0,0,0,0,0,0,0,0,0,0,0,0,0,0,0,0,0,0,0,0,0,0,0,0,0,0,0,0,0,0,0
GF8_C4_D30,2.43946,0,0.15265,0,0,0.34614,0,10.63418,1.47398,0,0.89244,0,0,1.02588,4.81872,0,78.04484,0,0,0,0.17172,0,0,0,0,0,0,0,0,0,0,0,0,0,0,0,0,0,0,0,0,0,0,0,0,0,0,0,0,0,0
GF8_C4_D35,5.53532,0,0,0,0,0.87041,0,37.25101,0,0,0,0,0,9.99993,32.7117,0,13.63163,0,0,0,0,0,0,0,0,0,0,0,0,0,0,0,0,0,0,0,0,0,0,0,0,0,0,0,0,0,0,0,0,0,0
GF8_C5_COLON_D46,2.3428,0,0,0,0,4.94204,0,36.36392,0.26576,0,3.85553,0,0,13.88914,17.8648,0.48337,19.99264,0,0,0,0,0,0,0,0,0,0,0,0,0,0,0,0,0,0,0,0,0,0,0,0,0,0,0,0,0,0,0,0,0,0
GF8_C5_D30,0.27877,0,0,0,0,0,0,0.81135,0,0,0,0,0,0.12173,0,0,98.78815,0,0,0,0,0,0,0,0,0,0,0,0,0,0,0,0,0,0,0,0,0,0,0,0,0,0,0,0,0,0,0,0,0,0
GF8_C5_D35,4.21242,0,0,0,0,2.54095,0,38.17266,1.31544,0,4.0071,0,0,8.58019,25.10412,1.07344,14.99368,0,0,0,0,0,0,0,0,0,0,0,0,0,0,0,0,0,0,0,0,0,0,0,0,0,0,0,0,0,0,0,0,0,0
GF8_C6_COLON_D46,1.37025,0,0.24304,0,0,2.75067,0,29.65441,2.06367,0,4.07365,0,0,12.05717,21.61953,0.48119,25.68643,0,0,0,0,0,0,0,0,0,0,0,0,0,0,0,0,0,0,0,0,0,0,0,0,0,0,0,0,0,0,0,0,0,0
GF8_C6_D30,0.71272,0,0,0,0,0,0,0.39995,0,0,0,0,0,0,0,0,98.88733,0,0,0,0,0,0,0,0,0,0,0,0,0,0,0,0,0,0,0,0,0,0,0,0,0,0,0,0,0,0,0,0,0,0
GF8_C6_D32,55.10059,0,0,0,0,0,0,0,0,0,0,0,0,0,0,0,44.89941,0,0,0,0,0,0,0,0,0,0,0,0,0,0,0,0,0,0,0,0,0,0,0,0,0,0,0,0,0,0,0,0,0,0
GF8_C6_D34,18.23153,0,0,0,0,0,0,32.06875,0,0,0,0,0,9.4734,28.76179,0,11.46453,0,0,0,0,0,0,0,0,0,0,0,0,0,0,0,0,0,0,0,0,0,0,0,0,0,0,0,0,0,0,0,0,0,0
GF8_C7_COLON_D46,1.83472,0,0.36956,0,0,2.07534,0,30.63032,1.53513,0,5.1248,0,0,4.27007,26.079,0.64334,27.19864,0,0,0,0.23909,0,0,0,0,0,0,0,0,0,0,0,0,0,0,0,0,0,0,0,0,0,0,0,0,0,0,0,0,0,0
GF8_C7_D30,0,0,0,0,0,0,0,0,0,0,0,0,0,0,0,0,100,0,0,0,0,0,0,0,0,0,0,0,0,0,0,0,0,0,0,0,0,0,0,0,0,0,0,0,0,0,0,0,0,0,0
GF8_C7_D33,3.95398,0,0,0,0,2.19064,0,29.25297,0,0,3.48304,0,0,7.31503,27.52468,0,26.27965,0,0,0,0,0,0,0,0,0,0,0,0,0,0,0,0,0,0,0,0,0,0,0,0,0,0,0,0,0,0,0,0,0,0
GF8_C7_D35,2.36235,0,0.41303,0,0,3.70272,0,30.41734,1.68521,0,5.20647,0,0,7.04273,28.61457,0.87777,19.67782,0,0,0,0,0,0,0,0,0,0,0,0,0,0,0,0,0,0,0,0,0,0,0,0,0,0,0,0,0,0,0,0,0,0
GF8_INOC,1.78116,0,1.08652,0.48204,0.94257,0,0,55.10818,1.7234,0,4.14159,0,0,2.70468,15.05938,1.29641,13.01398,0,0,0,1.88001,0.78009,0,0,0,0,0,0,0,0,0,0,0,0,0,0,0,0,0,0,0,0,0,0,0,0,0,0,0,0,0
GF9_A_DAM_D0,1.23108,0,0,0,0,3.66274,0,36.33601,2.1564,0,4.1846,0,0,5.04991,15.75726,0.61606,30.93928,0,0,0,0.06665,0,0,0,0,0,0,0,0,0,0,0,0,0,0,0,0,0,0,0,0,0,0,0,0,0,0,0,0,0,0
GF9_A1_COLON_D33,17.77745,0,0,0,0,0,0,0,0,0,0,0,0,0,0,33.28879,48.93375,0,0,0,0,0,0,0,0,0,0,0,0,0,0,0,0,0,0,0,0,0,0,0,0,0,0,0,0,0,0,0,0,0,0
GF9_A1_D16,1.21081,0,0,0,0,4.87468,0,30.25602,0,0,3.71605,0,0,5.51702,12.67301,0.6046,41.14781,0,0,0,0,0,0,0,0,0,0,0,0,0,0,0,0,0,0,0,0,0,0,0,0,0,0,0,0,0,0,0,0,0,0
GF9_A1_D19,2.04157,0,0,0,4.98897,22.23664,0,31.75193,0,0,0,0,0,13.82392,15.27656,0,9.88041,0,0,0,0,0,0,0,0,0,0,0,0,0,0,0,0,0,0,0,0,0,0,0,0,0,0,0,0,0,0,0,0,0,0
GF9_A1_D20,4.84791,0,0,0,0,11.62413,0,34.8607,0.18612,0,0,0,0,9.16047,26.18842,0,13.13226,0,0,0,0,0,0,0,0,0,0,0,0,0,0,0,0,0,0,0,0,0,0,0,0,0,0,0,0,0,0,0,0,0,0
GF9_A1_D21,1.17944,0,0,0,0,20.83166,0,17.11024,0,0,0,0,0,2.63504,30.42797,0,27.81565,0,0,0,0,0,0,0,0,0,0,0,0,0,0,0,0,0,0,0,0,0,0,0,0,0,0,0,0,0,0,0,0,0,0
GF9_A2_COLON_D33,0,0,0,0,0,0,0,50.08089,0,0,11.6603,0,0,19.46987,17.15763,0,1.63131,0,0,0,0,0,0,0,0,0,0,0,0,0,0,0,0,0,0,0,0,0,0,0,0,0,0,0,0,0,0,0,0,0,0
GF9_A2_D21,2.7594,0,0,0,0,21.73286,0,20.4763,0,0,1.18238,0,0,4.13552,35.08672,0.17956,14.33924,0,0,0,0.10801,0,0,0,0,0,0,0,0,0,0,0,0,0,0,0,0,0,0,0,0,0,0,0,0,0,0,0,0,0,0
GF9_A3_COLON_D33,5.29283,0,0,0,0,0.81459,0,39.91472,0.45278,0,5.49608,0,0,21.24293,15.14708,1.2892,10.1193,0,0,0,0.08641,0.14408,0,0,0,0,0,0,0,0,0,0,0,0,0,0,0,0,0,0,0,0,0,0,0,0,0,0,0,0,0
GF9_A3_D18,1.99392,0,0.07579,0,0,1.78041,0,18.62658,0.68477,0,5.15913,0,0,2.11791,26.74584,0.93808,41.87757,0,0,0,0,0,0,0,0,0,0,0,0,0,0,0,0,0,0,0,0,0,0,0,0,0,0,0,0,0,0,0,0,0,0
GF9_A3_D19,4.07406,0,0,0,0,13.62727,0,8.80491,0.74851,0,0,0,0,11.34642,24.63353,0,36.7653,0,0,0,0,0,0,0,0,0,0,0,0,0,0,0,0,0,0,0,0,0,0,0,0,0,0,0,0,0,0,0,0,0,0
GF9_A3_D21,1.34615,0,0,0,0,24.18534,0,14.16531,0,0,0.36445,0,0,2.88447,44.24817,0,12.80612,0,0,0,0,0,0,0,0,0,0,0,0,0,0,0,0,0,0,0,0,0,0,0,0,0,0,0,0,0,0,0,0,0,0
GF9_A4_COLON_D33,7.10403,0,0,0,0,0.88084,0,36.01829,1.73451,0,6.11879,0,0,10.26564,19.23964,1.57181,16.91118,0,0,0,0.14006,0.01522,0,0,0,0,0,0,0,0,0,0,0,0,0,0,0,0,0,0,0,0,0,0,0,0,0,0,0,0,0
GF9_A4_D16,0.91545,0,0,0,0,7.684,0,11.36037,0,0,1.7097,0,0,2.73032,6.91216,0.75879,67.9292,0,0,0,0,0,0,0,0,0,0,0,0,0,0,0,0,0,0,0,0,0,0,0,0,0,0,0,0,0,0,0,0,0,0
GF9_A4_D17,1.42689,0,0.11817,0,0,1.45639,0,33.39227,1.60752,0,4.62946,0,0,5.10526,21.14536,0.70803,30.28364,0,0,0,0.127,0,0,0,0,0,0,0,0,0,0,0,0,0,0,0,0,0,0,0,0,0,0,0,0,0,0,0,0,0,0
GF9_A4_D18,2.18968,0,0.05248,0,0,1.58877,0,28.17219,1.68368,0,4.47597,0,0,5.76528,18.07399,0.61802,37.37993,0,0,0,0,0,0,0,0,0,0,0,0,0,0,0,0,0,0,0,0,0,0,0,0,0,0,0,0,0,0,0,0,0,0
GF9_A4_D19,8.27111,0,0,0,0,13.16388,0,22.61518,0,0,0,0,0,5.66738,6.31378,0,43.96866,0,0,0,0,0,0,0,0,0,0,0,0,0,0,0,0,0,0,0,0,0,0,0,0,0,0,0,0,0,0,0,0,0,0
GF9_A4_D20,9.30427,0,0,0,0,10.03772,0,25.95501,0.5694,0,0,0,0,10.41666,23.23182,0.27499,20.21014,0,0,0,0,0,0,0,0,0,0,0,0,0,0,0,0,0,0,0,0,0,0,0,0,0,0,0,0,0,0,0,0,0,0
GF9_A5_COLON_D33,5.03168,0,0,0,0,2.45774,0,40.82329,0,0,3.64305,0,0,11.83851,19.76695,2.02581,14.1809,0,0,0,0.23207,0,0,0,0,0,0,0,0,0,0,0,0,0,0,0,0,0,0,0,0,0,0,0,0,0,0,0,0,0,0
GF9_A5_D18,1.9272,0,0.02874,0,0,4.18075,0,28.66719,1.26912,0,3.7851,0,0,5.70755,17.96245,0.51204,35.95986,0,0,0,0,0,0,0,0,0,0,0,0,0,0,0,0,0,0,0,0,0,0,0,0,0,0,0,0,0,0,0,0,0,0
GF9_A5_D19,22.61763,0,0,0,0,23.33844,0,15.37673,0,0,0,0,0,4.63782,15.80532,0,18.22406,0,0,0,0,0,0,0,0,0,0,0,0,0,0,0,0,0,0,0,0,0,0,0,0,0,0,0,0,0,0,0,0,0,0
GF9_A6_COLON_D33,5.35314,0,0,0,0,0.45524,0,43.01388,0,0,3.86563,0,0,17.70457,15.07171,2.08501,11.26646,0,0,0,0.42171,0.76264,0,0,0,0,0,0,0,0,0,0,0,0,0,0,0,0,0,0,0,0,0,0,0,0,0,0,0,0,0
GF9_A6_D16,1.43455,0,0.23046,0.02965,0,2.87285,0,32.14908,1.61146,0,4.45865,0,0,7.89028,11.98026,0.94311,35.30519,0,0,0,0.62632,0.45923,0.0089,0,0,0,0,0,0,0,0,0,0,0,0,0,0,0,0,0,0,0,0,0,0,0,0,0,0,0,0
GF9_A6_D21,1.15269,0,0,0,0,23.29441,0,29.7415,0,0,0,0,0,5.24067,39.57432,0,0.9964,0,0,0,0,0,0,0,0,0,0,0,0,0,0,0,0,0,0,0,0,0,0,0,0,0,0,0,0,0,0,0,0,0,0
GF9_A7_D16,1.3308,0,0,0,0,0,0,0.27176,0,0,0,0,0,0.19553,0,0,98.20191,0,0,0,0,0,0,0,0,0,0,0,0,0,0,0,0,0,0,0,0,0,0,0,0,0,0,0,0,0,0,0,0,0,0
GF9_A7_D20,11.34315,0,0,0,0,18.91509,0,21.08166,1.44627,0,0.1814,0,0,9.44681,23.41719,0.39224,13.77619,0,0,0,0,0,0,0,0,0,0,0,0,0,0,0,0,0,0,0,0,0,0,0,0,0,0,0,0,0,0,0,0,0,0
GF9_C1_COLON_D33,0.54439,0,0.01806,0,0,0.4164,0,55.0429,1.20679,0,7.17897,0,0,17.36596,11.84604,0.47959,5.9009,0,0,0,0,0,0,0,0,0,0,0,0,0,0,0,0,0,0,0,0,0,0,0,0,0,0,0,0,0,0,0,0,0,0
GF9_C1_D16,1.80216,0,0,0,0,0,0,3.70159,0.34196,0,0.11847,0,0,2.52883,0.71948,0,90.78751,0,0,0,0,0,0,0,0,0,0,0,0,0,0,0,0,0,0,0,0,0,0,0,0,0,0,0,0,0,0,0,0,0,0
GF9_C1_D17,1.45167,0,0,0,0,3.17909,0,21.64257,0.79521,0,1.9065,0,0,2.98093,12.85768,0.16618,55.02018,0,0,0,0,0,0,0,0,0,0,0,0,0,0,0,0,0,0,0,0,0,0,0,0,0,0,0,0,0,0,0,0,0,0
GF9_C1_D19,44.7259,0,0,0,0,19.08718,0,12.61661,0,0,0,0,0,2.36386,20.30793,0,0.89852,0,0,0,0,0,0,0,0,0,0,0,0,0,0,0,0,0,0,0,0,0,0,0,0,0,0,0,0,0,0,0,0,0,0
GF9_C1_D21,7.58516,0,0,0,0,3.31873,0,29.36502,0.39994,0,0,0,0,5.37802,47.74847,0.24408,5.96058,0,0,0,0,0,0,0,0,0,0,0,0,0,0,0,0,0,0,0,0,0,0,0,0,0,0,0,0,0,0,0,0,0,0
GF9_C2_COLON_D33,0.97762,0,0,0,0,0.54976,0,58.07927,0.28595,0,5.86483,0,0,16.25698,12.5975,0.68961,4.69847,0,0,0,0,0,0,0,0,0,0,0,0,0,0,0,0,0,0,0,0,0,0,0,0,0,0,0,0,0,0,0,0,0,0
GF9_C2_D16,2.00187,0,0.09126,0,0,4.28143,0,26.86158,1.10094,0,4.47206,0,0,5.45877,19.82968,0.71178,35.19063,0,0,0,0,0,0,0,0,0,0,0,0,0,0,0,0,0,0,0,0,0,0,0,0,0,0,0,0,0,0,0,0,0,0
GF9_C2_D18,2.83171,0,0,0,0,4.15736,0,29.4679,0.78623,0,5.32208,0,0,7.00025,19.09403,0.5658,30.77462,0,0,0,0,0,0,0,0,0,0,0,0,0,0,0,0,0,0,0,0,0,0,0,0,0,0,0,0,0,0,0,0,0,0
GF9_C2_D21,2.25875,0,0,0,0,6.63788,0,42.54182,0.99089,0,6.22433,0,0,9.82216,24.40627,0.65413,6.46377,0,0,0,0,0,0,0,0,0,0,0,0,0,0,0,0,0,0,0,0,0,0,0,0,0,0,0,0,0,0,0,0,0,0
GF9_C3_D16,2.055,0,0.03462,0,0,1.98144,0,32.60951,1.00061,0,4.6869,0,0,6.41614,21.46056,0.94734,28.80788,0,0,0,0,0,0,0,0,0,0,0,0,0,0,0,0,0,0,0,0,0,0,0,0,0,0,0,0,0,0,0,0,0,0
GF9_C3_D17,1.94575,0,0.00916,0,0,10.56214,0,15.66282,0,0,2.59429,0,0,2.67841,11.96508,0.51514,54.06721,0,0,0,0,0,0,0,0,0,0,0,0,0,0,0,0,0,0,0,0,0,0,0,0,0,0,0,0,0,0,0,0,0,0
GF9_C3_D19,58.18507,0,0,0,0,8.53767,0,12.07543,0,0,0,0,0,3.88391,16.25049,0,1.06743,0,0,0,0,0,0,0,0,0,0,0,0,0,0,0,0,0,0,0,0,0,0,0,0,0,0,0,0,0,0,0,0,0,0
GF9_C3_D20,36.06277,0,0,0,0,5.13238,0,18.04683,1.18512,0,0,0,0,8.18983,22.81828,0,8.56478,0,0,0,0,0,0,0,0,0,0,0,0,0,0,0,0,0,0,0,0,0,0,0,0,0,0,0,0,0,0,0,0,0,0
GF9_C3_D21,36.02118,0,0,0,0,0.91404,0,13.25849,0,0,0,0,0,3.86023,29.95562,0,15.99045,0,0,0,0,0,0,0,0,0,0,0,0,0,0,0,0,0,0,0,0,0,0,0,0,0,0,0,0,0,0,0,0,0,0
GF9_C4_COLON_D33,1.17035,0,0,0,0,2.81042,0,45.35287,0.72073,0,5.70618,0,0,20.42049,17.47178,0.69624,5.65091,0,0,0,0,0,0,0,0,0,0,0,0,0,0,0,0,0,0,0,0,0,0,0,0,0,0,0,0,0,0,0,0,0,0
GF9_C4_D16,3.21801,0,0.11098,0,0,2.85434,0,37.76506,1.58884,0,4.83244,0,0,7.51608,27.13347,0.97031,14.01047,0,0,0,0,0,0,0,0,0,0,0,0,0,0,0,0,0,0,0,0,0,0,0,0,0,0,0,0,0,0,0,0,0,0
GF9_C4_D17,0.63913,0,0,0,0,15.35827,0,9.22342,0.19956,0,1.60685,0,0,1.76816,8.57375,0,62.63086,0,0,0,0,0,0,0,0,0,0,0,0,0,0,0,0,0,0,0,0,0,0,0,0,0,0,0,0,0,0,0,0,0,0
GF9_C4_D19,16.45189,0,0,0,0,5.12594,0,34.98792,0,0,0,0,0,9.02933,26.91174,0,7.49318,0,0,0,0,0,0,0,0,0,0,0,0,0,0,0,0,0,0,0,0,0,0,0,0,0,0,0,0,0,0,0,0,0,0
GF9_C5_COLON_D33,0.9392,0,0,0,0,0.40506,0,55.97177,1.9327,0,6.45039,0,0,15.13881,12.67765,1.1004,5.38402,0,0,0,0,0,0,0,0,0,0,0,0,0,0,0,0,0,0,0,0,0,0,0,0,0,0,0,0,0,0,0,0,0,0
GF9_C5_D17,1.38344,0,0.14909,0,0,9.23573,0,9.81682,0.19813,0,1.6858,0,0,1.51225,12.09254,0.28853,63.63766,0,0,0,0,0,0,0,0,0,0,0,0,0,0,0,0,0,0,0,0,0,0,0,0,0,0,0,0,0,0,0,0,0,0
GF9_C5_D18,0,0,0,0,0,0,0,20.99739,0,0,4.27349,0,0,3.61517,32.33119,0,38.78275,0,0,0,0,0,0,0,0,0,0,0,0,0,0,0,0,0,0,0,0,0,0,0,0,0,0,0,0,0,0,0,0,0,0
GF9_C5_D20,79.26772,0,0,0,0,4.55143,0,2.33891,0,0,0,0,0,3.78271,6.1568,0,3.90243,0,0,0,0,0,0,0,0,0,0,0,0,0,0,0,0,0,0,0,0,0,0,0,0,0,0,0,0,0,0,0,0,0,0
GF9_C5_D21,17.41531,0,0,0,0,10.93748,0,26.27372,0.15136,0,0.6083,0,0,6.69785,24.64903,1.77129,11.49568,0,0,0,0,0,0,0,0,0,0,0,0,0,0,0,0,0,0,0,0,0,0,0,0,0,0,0,0,0,0,0,0,0,0
GF9_C6_COLON_D33,0.72286,0,0,0,0,0.10241,0,57.03045,2.48499,0,6.58121,0,0,15.67524,10.73215,1.30067,5.37002,0,0,0,0,0,0,0,0,0,0,0,0,0,0,0,0,0,0,0,0,0,0,0,0,0,0,0,0,0,0,0,0,0,0
GF9_C6_D16,1.75346,0,0.14556,0,0,0.74899,0,21.58995,2.47901,0,4.81849,0,0,4.98087,29.49039,0.22684,33.76645,0,0,0,0,0,0,0,0,0,0,0,0,0,0,0,0,0,0,0,0,0,0,0,0,0,0,0,0,0,0,0,0,0,0
GF9_C6_D20,12.59346,0,0,0,0,21.87348,0,14.01824,0,0,0,0,0,2.53187,24.97953,0,24.00343,0,0,0,0,0,0,0,0,0,0,0,0,0,0,0,0,0,0,0,0,0,0,0,0,0,0,0,0,0,0,0,0,0,0
GF9_C6_D21,19.73128,0,0,0,0,8.37771,0,24.41257,0.33775,0,1.04174,0,0,7.39367,24.32291,1.31294,13.06942,0,0,0,0,0,0,0,0,0,0,0,0,0,0,0,0,0,0,0,0,0,0,0,0,0,0,0,0,0,0,0,0,0,0
GF9_C7_COLON_D33,0.97741,0,0,0,0,0.40552,0,59.42457,0.32626,0,4.15726,0,0,18.83577,10.35251,0.72893,4.79176,0,0,0,0,0,0,0,0,0,0,0,0,0,0,0,0,0,0,0,0,0,0,0,0,0,0,0,0,0,0,0,0,0,0
GF9_C7_D16,1.36911,0,0.2201,0,0,0.74347,0,27.91316,2.12398,0,4.30362,0,0,4.65504,25.58898,0.80729,32.27525,0,0,0,0,0,0,0,0,0,0,0,0,0,0,0,0,0,0,0,0,0,0,0,0,0,0,0,0,0,0,0,0,0,0
GF9_C7_D17,1.30032,0,0,0,0,5.24339,0,16.58223,0,0,2.66851,0,0,2.9261,10.15174,0.36224,60.76547,0,0,0,0,0,0,0,0,0,0,0,0,0,0,0,0,0,0,0,0,0,0,0,0,0,0,0,0,0,0,0,0,0,0
GF9_INOC,1.3865,0,0.26363,0,0,1.47799,0,39.31708,1.53021,0,3.88223,0,0,5.05718,16.93636,1.00929,28.88937,0,0,0,0.25016,0,0,0,0,0,0,0,0,0,0,0,0,0,0,0,0,0,0,0,0,0,0,0,0,0,0,0,0,0,0
Gn3_6C_dam,4.03412,0,4.15783,0.77078,0,0,0,59.74592,0.26908,0,0,0,0,0.76889,20.64921,0.40453,3.22197,0,0,0,5.21828,0.75941,0,0,0,0,0,0,0,0,0,0,0,0,0,0,0,0,0,0,0,0,0,0,0,0,0,0,0,0,0
Gn3_6Cdam_Stool_210816,9.55139,0,7.08683,1.11863,0,0.63642,0,33.20254,0.45928,0,0,0,0,1.05325,34.8881,0.31584,4.69768,0,0,0,6.42262,0.56742,0,0,0,0,0,0,0,0,0,0,0,0,0,0,0,0,0,0,0,0,0,0,0,0,0,0,0,0,0
Gn3_6Cdam_Stool_211105-1,3.32839,0,0,0.24827,50.07663,5.35561,0,9.36462,0.8236,0,0,0,0,1.63905,29.06784,0,0.09598,0,0,0,0,0,0,0,0,0,0,0,0,0,0,0,0,0,0,0,0,0,0,0,0,0,0,0,0,0,0,0,0,0,0
Gn3_6Cdam_Stool_211105-2,3.19191,0,0,0.20061,46.78695,5.03213,0,14.07134,1.43527,0,0,0,0,2.48126,26.72932,0,0.07121,0,0,0,0,0,0,0,0,0,0,0,0,0,0,0,0,0,0,0,0,0,0,0,0,0,0,0,0,0,0,0,0,0,0
Gn3_6Cdam_Stool_211105-3,3.04077,0,0,0.12233,40.78578,4.33916,0,14.63515,1.1366,0,0,0,0,3.5926,32.34761,0,0,0,0,0,0,0,0,0,0,0,0,0,0,0,0,0,0,0,0,0,0,0,0,0,0,0,0,0,0,0,0,0,0,0,0
Gn3_6D_dam,5.56005,0,6.36704,1.46504,0,0.9046,0,12.91631,1.39744,0,0,0,0,0.09544,56.17476,1.06261,7.92656,0,0,0,3.97651,2.15362,0,0,0,0,0,0,0,0,0,0,0,0,0,0,0,0,0,0,0,0,0,0,0,0,0,0,0,0,0
Gn3_6Ddam_Stool,11.55143,0,7.74539,2.76212,0,0,0,22.13562,1.57041,0,0,0,0,0.58585,36.87046,0.69768,8.08426,0,0,0,5.29149,2.70529,0,0,0,0,0,0,0,0,0,0,0,0,0,0,0,0,0,0,0,0,0,0,0,0,0,0,0,0,0
Gn3_6E_dam,7.79158,0,7.41163,1.17433,0,0,0,33.26977,1.49363,0,0,0,0,0.54069,36.67786,0.41888,3.67039,0,0,0,6.42446,1.12678,0,0,0,0,0,0,0,0,0,0,0,0,0,0,0,0,0,0,0,0,0,0,0,0,0,0,0,0,0
Gn3_6Edam_Stool,9.27659,0,2.1902,1.36708,0,0.05899,0,41.49496,0.66963,0,0,0,0,0.09103,37.30482,0.20964,4.82277,0,0,0,1.88657,0.62772,0,0,0,0,0,0,0,0,0,0,0,0,0,0,0,0,0,0,0,0,0,0,0,0,0,0,0,0,0
Gn3_6F_dam,4.16589,0,3.04198,2.21031,0,0,0,34.43385,0.96714,0,0,0,0,1.98718,41.75874,1.57241,2.97973,0,0,0,4.2875,2.59528,0,0,0,0,0,0,0,0,0,0,0,0,0,0,0,0,0,0,0,0,0,0,0,0,0,0,0,0,0
Gn3_7A_dam_210806,2.38721,0,3.82242,0.42812,8.14327,0.11537,0,50.86709,0.08534,0,0,0,0,3.33789,23.26555,0.4257,0.2324,0,0,0,5.36421,1.52542,0,0,0,0,0,0,0,0,0,0,0,0,0,0,0,0,0,0,0,0,0,0,0,0,0,0,0,0,0
Gn3_7A_dam,3.58891,0,2.68968,0.26699,2.82669,0.22382,0,46.65035,0.66501,0,0,0,0,1.35135,34.23428,0.5034,0,0,0,0,3.53896,3.46054,0,0,0,0,0,0,0,0,0,0,0,0,0,0,0,0,0,0,0,0,0,0,0,0,0,0,0,0,0
Gn3_7ADam_Stool_210806,4.85079,0,2.06902,0.15495,37.75589,0.28704,0,15.67796,0.64125,0,0,0,0,0.85784,31.16276,0.47167,0.95426,0,0,0,4.18237,0.93421,0,0,0,0,0,0,0,0,0,0,0,0,0,0,0,0,0,0,0,0,0,0,0,0,0,0,0,0,0
Gn3_7Adam_Stool_210823,4.35613,0,3.31383,0.47849,39.06184,0.22871,0,21.40637,0,0,0,0,0,1.26357,22.65143,0.32824,0.1295,0,0,0,5.70965,1.07223,0,0,0,0,0,0,0,0,0,0,0,0,0,0,0,0,0,0,0,0,0,0,0,0,0,0,0,0,0
Gn3_7C_dam,6.87761,0,0,0.78841,55.23694,1.32661,0,29.8374,1.51933,0,0,0.74386,0,1.18425,0,0,1.75559,0,0,0,0,0,0,0,0,0,0,0,0,0,0,0,0.27325,0.45675,0,0,0,0,0,0,0,0,0,0,0,0,0,0,0,0,0
Gn3_7D_dam_210806,5.47291,0,0,0,61.92805,1.71544,0,27.06865,0.19586,0,0,0.45521,0,2.02774,0,0,1.10351,0,0,0,0,0,0,0,0,0,0,0,0,0,0,0,0.03263,0,0,0,0,0,0,0,0,0,0,0,0,0,0,0,0,0,0
Gn3_7D_dam_210818,4.91059,0,0,0,64.23431,3.58467,0,20.33349,1.42817,0,0,0.9194,0,2.14387,0,0,2.4455,0,0,0,0,0,0,0,0,0,0,0,0,0,0,0,0,0,0,0,0,0,0,0,0,0,0,0,0,0,0,0,0,0,0
Gn3_7E_dam,12.28573,0.36399,0.16737,0,45.14846,2.45869,0,33.27371,0.53647,0,0,0.95977,0,3.46939,0,0,1.33642,0,0,0,0,0,0,0,0,0,0,0,0,0,0,0,0,0,0,0,0,0,0,0,0,0,0,0,0,0,0,0,0,0,0
Gn3_7Edam_Stool,11.55173,1.17612,3.1135,1.17803,63.11701,1.18018,0,16.11079,0.39558,0,0,0.56144,0,0.84668,0,0,0.60877,0,0,0,0,0,0,0,0,0,0,0,0,0,0,0,0,0.16017,0,0,0,0,0,0,0,0,0,0,0,0,0,0,0,0,0
Gn3_7F_dam,11.89288,0.42739,0,1.38657,39.6409,2.76579,0,36.54203,0.89953,0,0,1.50897,0,0.80779,0,0,3.95928,0,0,0,0,0,0,0,0,0,0,0,0,0,0,0,0,0.16888,0,0,0,0,0,0,0,0,0,0,0,0,0,0,0,0,0
Gn3_7Fdam_Stool,8.67554,0.29337,0.16778,0.29628,49.16397,2.56779,0,31.42434,0.62331,0,0,1.00985,0,5.30805,0,0,0.45083,0,0,0,0,0,0,0,0,0,0,0,0,0,0,0,0,0.01889,0,0,0,0,0,0,0,0,0,0,0,0,0,0,0,0,0
Gn3_8Ddam_Stool_211105-2,0,0,0,0,36.06146,0,2.37767,0,0,0,0,0,0,0,0,0,54.90608,0,1.67558,0.78427,0,0,0,0,0,0,0,0,0,0,0,0,0,0,0,0.00572,0,0,0,0,0,0,0,3.58397,0,0.60524,0,0,0,0,0
Gn3_A_Innoc,5.71807,0,2.12917,1.10036,0,0.2996,0,27.23074,4.33931,0,5.28261,0,0,9.59891,26.99102,1.13158,10.89169,0,0,0,3.21967,2.06725,0,0,0,0,0,0,0,0,0,0,0,0,0,0,0,0,0,0,0,0,0,0,0,0,0,0,0,0,0
Gn3_A1_Cwash,0,0,0,0,0,0,0,0,0,0,0,0,0,0,0,0,100,0,0,0,0,0,0,0,0,0,0,0,0,0,0,0,0,0,0,0,0,0,0,0,0,0,0,0,0,0,0,0,0,0,0
Gn3_A1_Stool,3.04447,0,0,0,0,33.8117,0,0,0,0,0,0,0,0.78946,0,0,62.35437,0,0,0,0,0,0,0,0,0,0,0,0,0,0,0,0,0,0,0,0,0,0,0,0,0,0,0,0,0,0,0,0,0,0
Gn3_A2_Cwash,0,0,0,0,0,0,0,0,0,0,0,0,0,0,0,0,100,0,0,0,0,0,0,0,0,0,0,0,0,0,0,0,0,0,0,0,0,0,0,0,0,0,0,0,0,0,0,0,0,0,0
Gn3_A3_Cwash,0,0,0,0,0,0,0,0,0,0,0,0,0,0,0,0,100,0,0,0,0,0,0,0,0,0,0,0,0,0,0,0,0,0,0,0,0,0,0,0,0,0,0,0,0,0,0,0,0,0,0
Gn3_A3_Stool_DoL10,1.7141,0,0,0,0,2.35455,0,0,0,0,0,0,0,0,0,0,95.93136,0,0,0,0,0,0,0,0,0,0,0,0,0,0,0,0,0,0,0,0,0,0,0,0,0,0,0,0,0,0,0,0,0,0
Gn3_A3_Stool_DoL11,2.78062,0,0,0,0,13.75634,0,0,0,0,0,0,0,0,0,0,83.46304,0,0,0,0,0,0,0,0,0,0,0,0,0,0,0,0,0,0,0,0,0,0,0,0,0,0,0,0,0,0,0,0,0,0
Gn3_A4_Cwash,0,0,0,0,0,67.06753,0,0,0,0,0,0,0,0,0,0,32.93247,0,0,0,0,0,0,0,0,0,0,0,0,0,0,0,0,0,0,0,0,0,0,0,0,0,0,0,0,0,0,0,0,0,0
Gn3_A5_Cwash,0,0,0,0,0,0,0,0,0,0,0,0,0,0,0,0,100,0,0,0,0,0,0,0,0,0,0,0,0,0,0,0,0,0,0,0,0,0,0,0,0,0,0,0,0,0,0,0,0,0,0
Gn3_A5_Stool_Dol10,2.07824,0,0,0,0,7.29638,0,0,0,0,0,0,0,0,0,0,90.62538,0,0,0,0,0,0,0,0,0,0,0,0,0,0,0,0,0,0,0,0,0,0,0,0,0,0,0,0,0,0,0,0,0,0
Gn3_A5_Stool_dol11,4.74114,0,0,0,0,30.31608,0,0.38109,0,0,0,0,0,0.16112,0,0,64.40056,0,0,0,0,0,0,0,0,0,0,0,0,0,0,0,0,0,0,0,0,0,0,0,0,0,0,0,0,0,0,0,0,0,0
Gn3_A5_Stool_dol12,2.56968,0,0,0,0,14.5137,0,0,0,0,0,0,0,0,0,0,82.91662,0,0,0,0,0,0,0,0,0,0,0,0,0,0,0,0,0,0,0,0,0,0,0,0,0,0,0,0,0,0,0,0,0,0
Gn3_A6_Cwash,0,0,0,0,0,0,0,0,0,0,0,0,0,0,0,0,100,0,0,0,0,0,0,0,0,0,0,0,0,0,0,0,0,0,0,0,0,0,0,0,0,0,0,0,0,0,0,0,0,0,0
Gn3_AB_Innoc,4.86155,0,2.83835,1.42112,26.66766,1.06234,0,29.47792,2.76093,0,6.69253,0,0,6.16737,10.70679,0.02183,5.19065,0,0,0,1.18978,0.84145,0,0,0,0,0,0,0,0,0,0,0,0.09973,0,0,0,0,0,0,0,0,0,0,0,0,0,0,0,0,0
Gn3_AB10_Cwash,100,0,0,0,0,0,0,0,0,0,0,0,0,0,0,0,0,0,0,0,0,0,0,0,0,0,0,0,0,0,0,0,0,0,0,0,0,0,0,0,0,0,0,0,0,0,0,0,0,0,0
Gn3_AB10_Stool,0,0,0,0,0,0,0,0,0,0,0,0,0,0,0,0,100,0,0,0,0,0,0,0,0,0,0,0,0,0,0,0,0,0,0,0,0,0,0,0,0,0,0,0,0,0,0,0,0,0,0
Gn3_AB12_Stool,100,0,0,0,0,0,0,0,0,0,0,0,0,0,0,0,0,0,0,0,0,0,0,0,0,0,0,0,0,0,0,0,0,0,0,0,0,0,0,0,0,0,0,0,0,0,0,0,0,0,0
Gn3_AB6_Cwash,100,0,0,0,0,0,0,0,0,0,0,0,0,0,0,0,0,0,0,0,0,0,0,0,0,0,0,0,0,0,0,0,0,0,0,0,0,0,0,0,0,0,0,0,0,0,0,0,0,0,0
Gn3_AB6_Stool,8.88815,0,0,0,0,41.84593,0,0,0,0,0,0,0,0,0,41.01093,8.25498,0,0,0,0,0,0,0,0,0,0,0,0,0,0,0,0,0,0,0,0,0,0,0,0,0,0,0,0,0,0,0,0,0,0
Gn3_AB7_Cwash,0,0,0,0,0,100,0,0,0,0,0,0,0,0,0,0,0,0,0,0,0,0,0,0,0,0,0,0,0,0,0,0,0,0,0,0,0,0,0,0,0,0,0,0,0,0,0,0,0,0,0
Gn3_AB7_Stool,3.44766,0,0,0,0,68.06685,0,0,0,0,0,0,0,0,0,23.91557,4.56992,0,0,0,0,0,0,0,0,0,0,0,0,0,0,0,0,0,0,0,0,0,0,0,0,0,0,0,0,0,0,0,0,0,0
Gn3_AB8_Cwash,0,0,0,0,0,40.31519,0,0,0,0,0,0,0,0,0,40.94405,18.74076,0,0,0,0,0,0,0,0,0,0,0,0,0,0,0,0,0,0,0,0,0,0,0,0,0,0,0,0,0,0,0,0,0,0
Gn3_AB8_Stool,4.31945,0,0,0,0.16827,48.13495,0,9.9813,0,0,0,0,0,0.41638,0,27.47227,9.50737,0,0,0,0,0,0,0,0,0,0,0,0,0,0,0,0,0,0,0,0,0,0,0,0,0,0,0,0,0,0,0,0,0,0
Gn3_AB9_Stool,19.13476,0,0,0,4.11592,0,0,0.92122,0,0,0,0,0,0.08928,0.40422,49.03017,26.30443,0,0,0,0,0,0,0,0,0,0,0,0,0,0,0,0,0,0,0,0,0,0,0,0,0,0,0,0,0,0,0,0,0,0
Gn3_B_Innoc,4.73858,0.40639,5.55052,1.42507,48.52677,2.74643,0,19.06539,1.63155,0,12.36733,0.17561,0,2.52488,0,0,0.37158,0,0,0,0,0,0,0,0,0,0,0,0,0,0,0,0.04956,0.41679,0,0.00355,0,0,0,0,0,0,0,0,0,0,0,0,0,0,0
Gn3_B1_Stool,100,0,0,0,0,0,0,0,0,0,0,0,0,0,0,0,0,0,0,0,0,0,0,0,0,0,0,0,0,0,0,0,0,0,0,0,0,0,0,0,0,0,0,0,0,0,0,0,0,0,0
Gn3_B10_Cwash,0,0,0,0,0,100,0,0,0,0,0,0,0,0,0,0,0,0,0,0,0,0,0,0,0,0,0,0,0,0,0,0,0,0,0,0,0,0,0,0,0,0,0,0,0,0,0,0,0,0,0
Gn3_B11_Cwash,0,0,0,0,0,67.73913,0,32.26087,0,0,0,0,0,0,0,0,0,0,0,0,0,0,0,0,0,0,0,0,0,0,0,0,0,0,0,0,0,0,0,0,0,0,0,0,0,0,0,0,0,0,0
Gn3_B13_Cwash,0,0,0,0,0,55.79869,0,0,0,0,0,0,0,0,0,0,44.20131,0,0,0,0,0,0,0,0,0,0,0,0,0,0,0,0,0,0,0,0,0,0,0,0,0,0,0,0,0,0,0,0,0,0
Gn3_B13_Stool,1.00683,0,0,0,0.57817,80.79704,0,0,0,0,0,0,0,0.72941,0,0,16.88856,0,0,0,0,0,0,0,0,0,0,0,0,0,0,0,0,0,0,0,0,0,0,0,0,0,0,0,0,0,0,0,0,0,0
Gn3_B14_Cwash,0,0,0,0,0,96.30355,0,0,0,0,0,0,0,0,0,0,3.69645,0,0,0,0,0,0,0,0,0,0,0,0,0,0,0,0,0,0,0,0,0,0,0,0,0,0,0,0,0,0,0,0,0,0
Gn3_B14_Stool,2.78565,0,0,0,0.06492,93.51752,0,0,0,0,0,0,0,0,0,0,3.63191,0,0,0,0,0,0,0,0,0,0,0,0,0,0,0,0,0,0,0,0,0,0,0,0,0,0,0,0,0,0,0,0,0,0
Gn3_B15_Cwash,0,0,0,0,0,70.30506,0,0,0,0,0,0,0,0,0,0,29.69494,0,0,0,0,0,0,0,0,0,0,0,0,0,0,0,0,0,0,0,0,0,0,0,0,0,0,0,0,0,0,0,0,0,0
Gn3_B15_Stool,1.54375,0,0,0,0,81.54307,0,0,1.8274,0,0,0,0,2.33632,0,0,12.74947,0,0,0,0,0,0,0,0,0,0,0,0,0,0,0,0,0,0,0,0,0,0,0,0,0,0,0,0,0,0,0,0,0,0
Gn3_B16_Cwash,0,0,0,0,0,91.10225,0,0,0,0,0,0,0,0,0,0,8.89775,0,0,0,0,0,0,0,0,0,0,0,0,0,0,0,0,0,0,0,0,0,0,0,0,0,0,0,0,0,0,0,0,0,0
Gn3_B2_Stool,99.16052,0,0,0,0.33241,0,0,0,0,0,0,0,0,0,0,0,0.50707,0,0,0,0,0,0,0,0,0,0,0,0,0,0,0,0,0,0,0,0,0,0,0,0,0,0,0,0,0,0,0,0,0,0
Gn3_B3_Stool,98.73329,0,0,0,0.10289,0.40138,0,0,0,0,0,0,0,0.04952,0,0,0.71292,0,0,0,0,0,0,0,0,0,0,0,0,0,0,0,0,0,0,0,0,0,0,0,0,0,0,0,0,0,0,0,0,0,0
Gn3_B4_Stool,100,0,0,0,0,0,0,0,0,0,0,0,0,0,0,0,0,0,0,0,0,0,0,0,0,0,0,0,0,0,0,0,0,0,0,0,0,0,0,0,0,0,0,0,0,0,0,0,0,0,0
Gn3_B5_Stool,96.26949,0,0,0,0.86034,1.98769,0,0,0.41543,0,0,0,0,0.07507,0,0,0.39199,0,0,0,0,0,0,0,0,0,0,0,0,0,0,0,0,0,0,0,0,0,0,0,0,0,0,0,0,0,0,0,0,0,0
Gn3_B6_Stool,10.83665,0,0,0,1.01777,0,0,0,0,0,0,0,0,0,0,0,88.14558,0,0,0,0,0,0,0,0,0,0,0,0,0,0,0,0,0,0,0,0,0,0,0,0,0,0,0,0,0,0,0,0,0,0
Gn3_B7_Stool,100,0,0,0,0,0,0,0,0,0,0,0,0,0,0,0,0,0,0,0,0,0,0,0,0,0,0,0,0,0,0,0,0,0,0,0,0,0,0,0,0,0,0,0,0,0,0,0,0,0,0
Gn3_B9_Cwash,0,0,0,0,0,80.76159,0,19.23841,0,0,0,0,0,0,0,0,0,0,0,0,0,0,0,0,0,0,0,0,0,0,0,0,0,0,0,0,0,0,0,0,0,0,0,0,0,0,0,0,0,0,0
Gn3_BP7_Cwash,0,0,0,0,0,92.40859,0,7.59141,0,0,0,0,0,0,0,0,0,0,0,0,0,0,0,0,0,0,0,0,0,0,0,0,0,0,0,0,0,0,0,0,0,0,0,0,0,0,0,0,0,0,0
Gn3_BP8_Cwash,0,0,0,0,0,82.20422,0,10.80925,0,0,0,0,0,0,0,0,6.98653,0,0,0,0,0,0,0,0,0,0,0,0,0,0,0,0,0,0,0,0,0,0,0,0,0,0,0,0,0,0,0,0,0,0
Gn3_E1_Cwash,0,0,0,0,0,0,0,0,0,0,0,0,100,0,0,0,0,0,0,0,0,0,0,0,0,0,0,0,0,0,0,0,0,0,0,0,0,0,0,0,0,0,0,0,0,0,0,0,0,0,0
Gn3_E2_Cwash,0,0,0,0,0,0,0,0,0,0,0,0,100,0,0,0,0,0,0,0,0,0,0,0,0,0,0,0,0,0,0,0,0,0,0,0,0,0,0,0,0,0,0,0,0,0,0,0,0,0,0
Gn3_F1_Stool,19.30496,0,0,0,20.20773,56.43246,0,0,0,0,0,0,0.16414,0,0,0,3.89071,0,0,0,0,0,0,0,0,0,0,0,0,0,0,0,0,0,0,0,0,0,0,0,0,0,0,0,0,0,0,0,0,0,0
Gn3_F2_Stool,24.70851,0,0,0,6.54219,66.70632,0,0,0,0,0,0,1.40881,0.07867,0,0,0.5555,0,0,0,0,0,0,0,0,0,0,0,0,0,0,0,0,0,0,0,0,0,0,0,0,0,0,0,0,0,0,0,0,0,0
Gn4_E_Innoc,3.07713,0,0,3.0413,6.02521,27.69095,0.25066,6.56374,0.04692,0,8.13146,0,0,0,0,0,40.18147,0,0.04979,0,0,0,0,0,0,4.83724,0,0,0,0,0,0,0,0.05349,0.03836,0,0,0,0,0,0,0,0,0.01228,0,0,0,0,0,0,0
Gn4_F_Innoc,4.65116,0,0,3.61704,7.48916,22.62375,0.26282,6.62879,0,0,9.14957,0,0,0,0,0,40.86689,0,0,0,0,0,0,0,0,4.67847,0,0,0,0,0,0,0,0.0193,0.01304,0,0,0,0,0,0,0,0,0,0,0,0,0,0,0,0
Gn4_H_Innoc,6.03998,0.14381,0,0,0,0,0,0,67.77981,12.07156,0,0,0,0,0,0,0,0,0,0.82772,0,0,0,0,0,0,0,0,0,0,0,0,0,0.53684,0,0,0,0,0,0,0,0,0,3.18045,0,0,9.41983,0,0,0,0
Gn4_I_Innoc,0,0,0,0,33.57878,0,2.97064,0,0,0.13755,0,0,0,0,0,0,0,0,0,0,0,0,0,0,0,0,0,0,0,0,0,0,0,0,0,0,0,0,0,0,0,0,0,0,0,63.31304,0,0,0,0,0
gnoto1_A_inoc,2.15555,0,1.89762,0.22255,0,0.19147,0,49.38212,2.06775,0,4.14021,0,0,4.02336,21.47781,1.43468,10.91737,0,0,0,1.47396,0.61555,0,0,0,0,0,0,0,0,0,0,0,0,0,0,0,0,0,0,0,0,0,0,0,0,0,0,0,0,0
gnoto1_AM1_d10,0.23812,0,0,0,0,0,0,1.83814,3.918,0,0,0,0,1.30774,0,16.59392,76.10408,0,0,0,0,0,0,0,0,0,0,0,0,0,0,0,0,0,0,0,0,0,0,0,0,0,0,0,0,0,0,0,0,0,0
gnoto1_AM1_d20_colon,7.57413,0,0,0,0,3.81357,0,40.93135,1.48637,0,0,0,0,7.72203,32.15158,0.80997,5.511,0,0,0,0,0,0,0,0,0,0,0,0,0,0,0,0,0,0,0,0,0,0,0,0,0,0,0,0,0,0,0,0,0,0
gnoto1_AM2_d10,2.21389,0,0,0,0,0.10938,0,11.77939,1.98783,0,0,0,0,3.02304,0.39561,9.77388,70.71699,0,0,0,0,0,0,0,0,0,0,0,0,0,0,0,0,0,0,0,0,0,0,0,0,0,0,0,0,0,0,0,0,0,0
gnoto1_AM2_d20_colon,3.5467,0,0,0,0,3.88041,0,33.35696,3.645,0,0,0,0,6.34553,39.50911,1.64071,8.07558,0,0,0,0,0,0,0,0,0,0,0,0,0,0,0,0,0,0,0,0,0,0,0,0,0,0,0,0,0,0,0,0,0,0
gnoto1_AM3_d10,3.78593,0,0,0,0,0,0,20.72921,0.82995,0,0,0,0,1.65869,0.3225,36.56423,36.10949,0,0,0,0,0,0,0,0,0,0,0,0,0,0,0,0,0,0,0,0,0,0,0,0,0,0,0,0,0,0,0,0,0,0
gnoto1_AM3_d20_colon,11.71024,0,0,0,0,4.07954,0,44.44766,0.87268,0,0,0,0,4.79226,24.22322,0.88575,8.98865,0,0,0,0,0,0,0,0,0,0,0,0,0,0,0,0,0,0,0,0,0,0,0,0,0,0,0,0,0,0,0,0,0,0
gnoto1_AM4_d10,1.13602,0,0,0,0,0,0,7.03933,1.77856,0,0,0,0,1.69071,1.80157,6.85871,79.6951,0,0,0,0,0,0,0,0,0,0,0,0,0,0,0,0,0,0,0,0,0,0,0,0,0,0,0,0,0,0,0,0,0,0
gnoto1_AM4_d20_colon,5.75981,0,0,0,0,3.5034,0,42.3845,0.92614,0,0,0,0,6.59634,32.86842,0.74863,7.21276,0,0,0,0,0,0,0,0,0,0,0,0,0,0,0,0,0,0,0,0,0,0,0,0,0,0,0,0,0,0,0,0,0,0
gnoto1_AP1_d10,1.13848,0,0,0,0,9.07621,0,0.01749,0,0,0,0,0,0.73438,0,0,89.03343,0,0,0,0,0,0,0,0,0,0,0,0,0,0,0,0,0,0,0,0,0,0,0,0,0,0,0,0,0,0,0,0,0,0
gnoto1_AP1_d19_colon,29.43771,0,0,0,0,11.71175,0,26.33421,0,0,0,0,0,3.52192,22.57242,0.07962,6.34236,0,0,0,0,0,0,0,0,0,0,0,0,0,0,0,0,0,0,0,0,0,0,0,0,0,0,0,0,0,0,0,0,0,0
gnoto1_AP2_d10,1.23535,0,0,0,0,0,0,0.80186,0.3122,0,0,0,0,0.30524,0,0,97.34535,0,0,0,0,0,0,0,0,0,0,0,0,0,0,0,0,0,0,0,0,0,0,0,0,0,0,0,0,0,0,0,0,0,0
gnoto1_AP2_d19_colon,28.74736,0,0,0,0,7.59108,0,27.53452,0,0,0,0,0,4.16809,22.25919,0,9.69977,0,0,0,0,0,0,0,0,0,0,0,0,0,0,0,0,0,0,0,0,0,0,0,0,0,0,0,0,0,0,0,0,0,0
gnoto1_AP3_d10,1.58357,0,0,0,0,0,0,5.9115,3.79191,0,0,0,0,1.52333,0.30884,2.64168,84.23917,0,0,0,0,0,0,0,0,0,0,0,0,0,0,0,0,0,0,0,0,0,0,0,0,0,0,0,0,0,0,0,0,0,0
gnoto1_AP3_d20_colon,15.5292,0,0,0,0,4.89864,0,29.83361,2.13401,0,0,0,0,6.27439,30.98364,0.8531,9.4934,0,0,0,0,0,0,0,0,0,0,0,0,0,0,0,0,0,0,0,0,0,0,0,0,0,0,0,0,0,0,0,0,0,0
gnoto1_AP4_d10,2.55934,0,0,0,0,0.17326,0,3.47484,0,0,0,0,0,0.90007,0.18473,0,92.70777,0,0,0,0,0,0,0,0,0,0,0,0,0,0,0,0,0,0,0,0,0,0,0,0,0,0,0,0,0,0,0,0,0,0
gnoto1_AP4_d20_colon,3.23017,0,0,0,0,2.70965,0,41.69773,0.30572,0,0,0,0,7.82243,36.56156,1.58065,6.09209,0,0,0,0,0,0,0,0,0,0,0,0,0,0,0,0,0,0,0,0,0,0,0,0,0,0,0,0,0,0,0,0,0,0
gnoto1_B_inoc,1.39581,0.49242,2.31508,0.53943,53.48024,1.46039,0,26.72549,3.1947,0,3.77903,0.31419,0,5.90028,0,0,0.15466,0,0,0,0,0,0,0,0,0,0,0,0,0,0,0,0.03941,0.20887,0,0,0,0,0,0,0,0,0,0,0,0,0,0,0,0,0
gnoto1_BA1_d10,81.98658,0,0,0,0.86614,14.59103,0,0.81076,0,0,0,0,0,1.74548,0,0,0,0,0,0,0,0,0,0,0,0,0,0,0,0,0,0,0,0,0,0,0,0,0,0,0,0,0,0,0,0,0,0,0,0,0
gnoto1_BA1_d20_colon,3.12993,0,0,0,58.19486,0.35315,0,29.75136,0.12637,0,0,0.5553,0,6.91116,0,0,0.97786,0,0,0,0,0,0,0,0,0,0,0,0,0,0,0,0,0,0,0,0,0,0,0,0,0,0,0,0,0,0,0,0,0,0
gnoto1_BA2_d10,1.39391,0,0,0,69.85149,28.06622,0,0.11094,0,0,0,0,0,0.57744,0,0,0,0,0,0,0,0,0,0,0,0,0,0,0,0,0,0,0,0,0,0,0,0,0,0,0,0,0,0,0,0,0,0,0,0,0
gnoto1_BA2_d20_colon,2.94396,0,0,0,42.7647,0.77338,0,41.48395,0.20302,0,0,0.40573,0,10.47756,0,0,0.9477,0,0,0,0,0,0,0,0,0,0,0,0,0,0,0,0,0,0,0,0,0,0,0,0,0,0,0,0,0,0,0,0,0,0
gnoto1_BA3_d10,2.73923,0,0,0,80.83261,13.71222,0,0.03174,0,0,0,0,0,1.52134,0,0,1.16285,0,0,0,0,0,0,0,0,0,0,0,0,0,0,0,0,0,0,0,0,0,0,0,0,0,0,0,0,0,0,0,0,0,0
gnoto1_BA3_d20_colon,2.64251,0,0,0,60.15915,1.46459,0,25.92709,0.31639,0,0,0.60915,0,8.01908,0,0,0.86203,0,0,0,0,0,0,0,0,0,0,0,0,0,0,0,0,0,0,0,0,0,0,0,0,0,0,0,0,0,0,0,0,0,0
gnoto1_BA4_d10,2.89181,0,0,0,0.68489,0,0,3.05798,0,0,0,0,0,1.82379,0,0,91.54154,0,0,0,0,0,0,0,0,0,0,0,0,0,0,0,0,0,0,0,0,0,0,0,0,0,0,0,0,0,0,0,0,0,0
gnoto1_BA4_d20_colon,3.68556,0,0,0,53.82744,1.79611,0,30.71943,0.16547,0,0,0.41579,0,8.28796,0,0,1.10225,0,0,0,0,0,0,0,0,0,0,0,0,0,0,0,0,0,0,0,0,0,0,0,0,0,0,0,0,0,0,0,0,0,0
gnoto1_BM1_d10,16.34334,0,0,0,2.30998,21.35809,0,0,0,0,0,0,0,2.62257,0,0,57.36602,0,0,0,0,0,0,0,0,0,0,0,0,0,0,0,0,0,0,0,0,0,0,0,0,0,0,0,0,0,0,0,0,0,0
gnoto1_BM1_d20_colon,2.39153,0,0,0,51.21501,1.64458,0,35.19467,0.67528,0,0,0,0,7.1803,0,0,1.69863,0,0,0,0,0,0,0,0,0,0,0,0,0,0,0,0,0,0,0,0,0,0,0,0,0,0,0,0,0,0,0,0,0,0
gnoto1_BM2_d10,11.4325,0,0,0,1.31066,2.26239,0,0.5881,0,0,0,0,0,2.69129,0,0,81.71507,0,0,0,0,0,0,0,0,0,0,0,0,0,0,0,0,0,0,0,0,0,0,0,0,0,0,0,0,0,0,0,0,0,0
gnoto1_BM2_d20_colon,1.25053,0,0,0,50.27995,0.95061,0,37.72709,1.77474,0,0,0,0,6.66635,0,0,1.35073,0,0,0,0,0,0,0,0,0,0,0,0,0,0,0,0,0,0,0,0,0,0,0,0,0,0,0,0,0,0,0,0,0,0
gnoto1_BM3_d10,41.50227,0,0,0,1.56603,0.13823,0,0.26641,0.48494,0,0,0,0,1.91173,0,0,54.1304,0,0,0,0,0,0,0,0,0,0,0,0,0,0,0,0,0,0,0,0,0,0,0,0,0,0,0,0,0,0,0,0,0,0
gnoto1_BM3_d20_colon,2.7126,0,0,0,40.44283,1.41408,0,42.31213,2.41895,0,0,0,0,9.68699,0,0,1.01243,0,0,0,0,0,0,0,0,0,0,0,0,0,0,0,0,0,0,0,0,0,0,0,0,0,0,0,0,0,0,0,0,0,0
gnoto1_BM4_d10,22.69012,0,0,0,8.80256,49.46164,0,0,0,0,0,0,0,2.50328,0,0,16.54241,0,0,0,0,0,0,0,0,0,0,0,0,0,0,0,0,0,0,0,0,0,0,0,0,0,0,0,0,0,0,0,0,0,0
gnoto1_BM4_d20_colon,0.55291,0,0,0,39.51458,1.25614,0,48.50698,0.23029,0,0,0,0,9.61718,0,0,0.3219,0,0,0,0,0,0,0,0,0,0,0,0,0,0,0,0,0,0,0,0,0,0,0,0,0,0,0,0,0,0,0,0,0,0
gnoto1_BM5_d10,11.08766,0,0,0,4.49069,40.49968,0,0.77754,0,0,0,0,0,4.68078,0,0,38.46364,0,0,0,0,0,0,0,0,0,0,0,0,0,0,0,0,0,0,0,0,0,0,0,0,0,0,0,0,0,0,0,0,0,0
gnoto1_BM5_d20_colon,1.06054,0,0,0,15.7487,3.7439,0,63.79924,0,0,0,0,0,12.49769,0,0,3.14993,0,0,0,0,0,0,0,0,0,0,0,0,0,0,0,0,0,0,0,0,0,0,0,0,0,0,0,0,0,0,0,0,0,0
gnoto1_BP1_d10,15.62436,0,0,0,0,0,0,0,0,0,0,0,0,0.21049,0,0,84.16515,0,0,0,0,0,0,0,0,0,0,0,0,0,0,0,0,0,0,0,0,0,0,0,0,0,0,0,0,0,0,0,0,0,0
gnoto1_BP1_d20_colon,4.90437,0,0,0,0.29532,2.0883,0,86.08903,1.30615,0,0,0.44504,0,4.67109,0,0,0.2007,0,0,0,0,0,0,0,0,0,0,0,0,0,0,0,0,0,0,0,0,0,0,0,0,0,0,0,0,0,0,0,0,0,0
gnoto1_BP2_d10,93.29831,0,0,0,0,0,0,0,0,0,0,0,0,6.70169,0,0,0,0,0,0,0,0,0,0,0,0,0,0,0,0,0,0,0,0,0,0,0,0,0,0,0,0,0,0,0,0,0,0,0,0,0
gnoto1_BP2_d20_colon,1.05189,0,0,0,0.80467,3.24506,0,87.57259,0.81193,0,0,0.33255,0,5.61002,0,0,0.57131,0,0,0,0,0,0,0,0,0,0,0,0,0,0,0,0,0,0,0,0,0,0,0,0,0,0,0,0,0,0,0,0,0,0
gnoto1_BP3_d10,6.84667,0,0,0,0.6263,7.56301,0,0.02282,0,0,0,0,0,0.80797,0,0,84.13322,0,0,0,0,0,0,0,0,0,0,0,0,0,0,0,0,0,0,0,0,0,0,0,0,0,0,0,0,0,0,0,0,0,0
gnoto1_BP3_d20_colon,12.15022,0,0,0,3.47515,4.58898,0,70.48322,2.14623,0,0,0.67485,0,6.48136,0,0,0,0,0,0,0,0,0,0,0,0,0,0,0,0,0,0,0,0,0,0,0,0,0,0,0,0,0,0,0,0,0,0,0,0,0
gnoto1_BP4_d10,89.78108,0,0,0,0.13895,7.09078,0,0.93235,0,0,0,0,0,1.85985,0,0,0.19699,0,0,0,0,0,0,0,0,0,0,0,0,0,0,0,0,0,0,0,0,0,0,0,0,0,0,0,0,0,0,0,0,0,0
gnoto1_BP4_d20_colon,2.32346,0,0,0,1.87027,5.10028,0,82.67289,1.51659,0,0,0.18152,0,6.33499,0,0,0,0,0,0,0,0,0,0,0,0,0,0,0,0,0,0,0,0,0,0,0,0,0,0,0,0,0,0,0,0,0,0,0,0,0
gnoto2_BA1_d10,6.62201,0,0,0,78.40164,14.07533,0,0,0,0,0,0,0,0.51499,0,0,0.38602,0,0,0,0,0,0,0,0,0,0,0,0,0,0,0,0,0,0,0,0,0,0,0,0,0,0,0,0,0,0,0,0,0,0
gnoto2_BA1_d20_colon,0,0,0,0,33.24854,22.30451,0,40.1157,0,0,0,0,0,4.33126,0,0,0,0,0,0,0,0,0,0,0,0,0,0,0,0,0,0,0,0,0,0,0,0,0,0,0,0,0,0,0,0,0,0,0,0,0
gnoto2_BA2_d10,14.41533,0,0,0,0,85.58467,0,0,0,0,0,0,0,0,0,0,0,0,0,0,0,0,0,0,0,0,0,0,0,0,0,0,0,0,0,0,0,0,0,0,0,0,0,0,0,0,0,0,0,0,0
gnoto2_BA2_d20_colon,1.26636,0,0,0,52.87903,3.45897,0,24.68001,2.31638,0,0,0,0,14.05246,0,0,1.34679,0,0,0,0,0,0,0,0,0,0,0,0,0,0,0,0,0,0,0,0,0,0,0,0,0,0,0,0,0,0,0,0,0,0
gnoto2_BA3_d10,2.87465,0,0,0,87.14499,9.51341,0,0.12539,0,0,0,0,0,0.32952,0,0,0,0,0,0,0,0,0,0,0,0,0,0,0,0,0,0,0,0,0,0.01205,0,0,0,0,0,0,0,0,0,0,0,0,0,0,0
gnoto2_BA3_d20_colon,0.92539,0,0,0,47.76158,2.82413,0,35.37075,1.02097,0,0,0,0,8.89331,0,0,3.20387,0,0,0,0,0,0,0,0,0,0,0,0,0,0,0,0,0,0,0,0,0,0,0,0,0,0,0,0,0,0,0,0,0,0
gnoto2_BA4_d10,1.81104,0,0,0,90.88314,6.74014,0,0,0,0,0,0,0,0.45698,0,0,0.10168,0,0,0,0,0,0,0,0,0,0,0,0,0,0,0,0,0,0,0.00701,0,0,0,0,0,0,0,0,0,0,0,0,0,0,0
gnoto2_BA5_d10,38.49895,0,0,0,0,44.64346,0,0,0,0,0,0,0,0,0,0,16.8576,0,0,0,0,0,0,0,0,0,0,0,0,0,0,0,0,0,0,0,0,0,0,0,0,0,0,0,0,0,0,0,0,0,0
gnoto2_BA5_d20_colon,4.56905,0,0,0,0,12.7047,0,60.33376,0,0,0,0,0,20.05866,0,0,2.33383,0,0,0,0,0,0,0,0,0,0,0,0,0,0,0,0,0,0,0,0,0,0,0,0,0,0,0,0,0,0,0,0,0,0
gnoto2_BA6_d20_colon,9.65511,0,0,0,7.58789,5.70929,0,55.80518,3.16681,0,0,0,0,10.62565,0,0,7.45007,0,0,0,0,0,0,0,0,0,0,0,0,0,0,0,0,0,0,0,0,0,0,0,0,0,0,0,0,0,0,0,0,0,0
gnoto2_BA7_d20_colon,1.63012,0,0,0,49.39575,1.48871,0,36.40215,0,0,0,0,0,10.20114,0,0,0.88213,0,0,0,0,0,0,0,0,0,0,0,0,0,0,0,0,0,0,0,0,0,0,0,0,0,0,0,0,0,0,0,0,0,0
gnoto2_BM1_d10,2.48443,0,0,0,77.6208,19.2698,0,0,0,0,0,0,0,0.55941,0,0,0.05842,0,0,0,0,0,0,0,0,0,0,0,0,0,0,0,0,0,0,0.00714,0,0,0,0,0,0,0,0,0,0,0,0,0,0,0
gnoto2_BM1_d20_colon,1.01588,0,0,0,44.81376,0.654,0,45.10055,0.91587,0,0,0,0,6.51953,0,0,0.9804,0,0,0,0,0,0,0,0,0,0,0,0,0,0,0,0,0,0,0,0,0,0,0,0,0,0,0,0,0,0,0,0,0,0
gnoto2_BM2_d10,2.48278,0,0,0,88.81386,7.49865,0,0.06466,0,0,0,0,0,0.70804,0,0,0.43202,0,0,0,0,0,0,0,0,0,0,0,0,0,0,0,0,0,0,0,0,0,0,0,0,0,0,0,0,0,0,0,0,0,0
gnoto2_BM2_d20_colon,0,0,0,0,68.90635,0,0,21.99666,0,0,0,0,0,7.37918,0,0,0,0,0,0,0,0,0,0,0,0,0,0,0,0,0,0,0,1.71781,0,0,0,0,0,0,0,0,0,0,0,0,0,0,0,0,0
gnoto2_BM3_d10,18.36425,0,0,0,10.33467,38.3328,0,0.7902,0,0,0,0,0,4.52238,0,0,27.6557,0,0,0,0,0,0,0,0,0,0,0,0,0,0,0,0,0,0,0,0,0,0,0,0,0,0,0,0,0,0,0,0,0,0
gnoto2_BM3_d20_colon,1.60281,0,0,0,39.29209,0.96305,0,43.60854,3.67919,0,0,0,0,8.55538,0,0,2.21137,0,0,0,0,0,0,0,0,0,0,0,0,0,0,0,0,0.08757,0,0,0,0,0,0,0,0,0,0,0,0,0,0,0,0,0
gnoto2_BM4_d10,2.18515,0,0,0,88.6495,8.76568,0,0,0,0,0,0,0,0.39968,0,0,0,0,0,0,0,0,0,0,0,0,0,0,0,0,0,0,0,0,0,0,0,0,0,0,0,0,0,0,0,0,0,0,0,0,0
gnoto2_BM4_d20_colon,2.37281,0,0,0,42.81883,1.97068,0,38.62979,2.41134,0,0,0,0,10.70728,0,0,1.08927,0,0,0,0,0,0,0,0,0,0,0,0,0,0,0,0,0,0,0,0,0,0,0,0,0,0,0,0,0,0,0,0,0,0
gnoto2_BM5_d10,5.6849,0,0,0,30.79018,52.84585,0,1.82051,0,0,0,0,0,4.55782,0,0,4.30075,0,0,0,0,0,0,0,0,0,0,0,0,0,0,0,0,0,0,0,0,0,0,0,0,0,0,0,0,0,0,0,0,0,0
gnoto2_BM5_d20_colon,1.61223,0,0,0,37.94561,1.21376,0,47.90579,2.43648,0,0,0,0,7.52295,0,0,1.36319,0,0,0,0,0,0,0,0,0,0,0,0,0,0,0,0,0,0,0,0,0,0,0,0,0,0,0,0,0,0,0,0,0,0
gnoto2_BM6_d10,3.85108,0,0,0,80.70732,14.14616,0,0.04549,0,0,0,0,0,0.95869,0,0,0.28514,0,0,0,0,0,0,0,0,0,0,0,0,0,0,0,0,0,0,0.00612,0,0,0,0,0,0,0,0,0,0,0,0,0,0,0
gnoto2_BM6_d20_colon,2.3597,0,0,0,35.0638,3.66548,0,47.28467,2.58262,0,0,0,0,7.54104,0,0,1.4781,0,0,0,0,0,0,0,0,0,0,0,0,0,0,0,0,0.02458,0,0,0,0,0,0,0,0,0,0,0,0,0,0,0,0,0
gnoto2_BM7_d10,13.04744,0,0,0,0,37.39103,0,0,0,0,0,0,0,0,0,0,49.56153,0,0,0,0,0,0,0,0,0,0,0,0,0,0,0,0,0,0,0,0,0,0,0,0,0,0,0,0,0,0,0,0,0,0
gnoto2_BM7_d20_colon,1.92356,0,0,0,42.85616,0.3033,0,42.43927,1.53141,0,0,0,0,9.47379,0,0,1.47252,0,0,0,0,0,0,0,0,0,0,0,0,0,0,0,0,0,0,0,0,0,0,0,0,0,0,0,0,0,0,0,0,0,0
gnoto2_BP1_d10,82.97053,0,0,0,5.65193,7.96271,0,0.76928,0,0,0,0,0,1.99846,0,0,0.64709,0,0,0,0,0,0,0,0,0,0,0,0,0,0,0,0,0,0,0,0,0,0,0,0,0,0,0,0,0,0,0,0,0,0
gnoto2_BP1_d20_colon,0.14948,0,0,0,9.53492,6.19827,0,70.62396,0,0,0,0.33812,0,9.62373,0,0,3.53152,0,0,0,0,0,0,0,0,0,0,0,0,0,0,0,0,0,0,0,0,0,0,0,0,0,0,0,0,0,0,0,0,0,0
gnoto2_BP2_d10,26.69404,0,0,0,0.80874,72.10759,0,0,0,0,0,0,0,0.38964,0,0,0,0,0,0,0,0,0,0,0,0,0,0,0,0,0,0,0,0,0,0,0,0,0,0,0,0,0,0,0,0,0,0,0,0,0
gnoto2_BP2_d20_colon,0,0,0,0,20.45039,15.93837,0,47.21971,0,0,5.70652,0,0,10.685,0,0,0,0,0,0,0,0,0,0,0,0,0,0,0,0,0,0,0,0,0,0,0,0,0,0,0,0,0,0,0,0,0,0,0,0,0
gnoto2_BP3_d10,79.74587,0,0,0,8.93095,1.7183,0,0.32493,0,0,0,0,0,6.06666,0,0,3.21329,0,0,0,0,0,0,0,0,0,0,0,0,0,0,0,0,0,0,0,0,0,0,0,0,0,0,0,0,0,0,0,0,0,0
gnoto2_BP4_d10,25.58876,0,0,0,5.57535,45.23545,0,0.10612,21.49354,0,0,0,0,1.56822,0,0,0.43256,0,0,0,0,0,0,0,0,0,0,0,0,0,0,0,0,0,0,0,0,0,0,0,0,0,0,0,0,0,0,0,0,0,0
gnoto2_BP4_d20_colon,0.40689,0,0,0,0,4.98896,0,83.57613,0,0,0,0,0,9.39409,0,0,1.63394,0,0,0,0,0,0,0,0,0,0,0,0,0,0,0,0,0,0,0,0,0,0,0,0,0,0,0,0,0,0,0,0,0,0
gnoto2_BP5_d10,79.01278,0,0,0,11.27047,3.85496,0,0,0,0,0,0,0,4.81114,0,0,1.05065,0,0,0,0,0,0,0,0,0,0,0,0,0,0,0,0,0,0,0,0,0,0,0,0,0,0,0,0,0,0,0,0,0,0
gnoto2_BP5_d20_colon,0,0,0,0,2.83942,7.10425,0,79.21619,0,0,0,0.03771,0,9.0244,0,0,1.77802,0,0,0,0,0,0,0,0,0,0,0,0,0,0,0,0,0,0,0,0,0,0,0,0,0,0,0,0,0,0,0,0,0,0
gnoto2_BP6_d10,88.72117,0,0,0,0.48643,7.90248,0,0,0,0,0,0,0,1.75782,0,0,1.1321,0,0,0,0,0,0,0,0,0,0,0,0,0,0,0,0,0,0,0,0,0,0,0,0,0,0,0,0,0,0,0,0,0,0
gnoto2_BP6_d20_colon,1.56387,0,0,0,3.0899,6.61743,0,77.52573,0,0,0,0.49648,0,8.19077,0,0,2.51581,0,0,0,0,0,0,0,0,0,0,0,0,0,0,0,0,0,0,0,0,0,0,0,0,0,0,0,0,0,0,0,0,0,0
gnoto2_INOC_microA,1.92606,0,1.97958,0.36827,0,0.4838,0,46.55165,1.35668,0,4.5322,0,0,6.36773,21.98422,1.35392,11.21409,0,0,0,1.36421,0.51759,0,0,0,0,0,0,0,0,0,0,0,0,0,0,0,0,0,0,0,0,0,0,0,0,0,0,0,0,0
gnoto2_INOC_microB,1.63499,0.14999,3.76546,0.65076,38.14358,3.17118,0,32.54764,0.36907,0,11.58497,0.05256,0,7.68656,0,0,0,0,0,0,0,0,0,0,0,0,0,0,0,0,0,0,0,0.24324,0,0,0,0,0,0,0,0,0,0,0,0,0,0,0,0,0
40_10_2_ColonWash,0,0,0,0,0,0,0,0,0,0,0,0,0,0,0,0,0,100,0,0,0,0,0,0,0,0,0,0,0,0,0,0,0,0,0,0,0,0,0,0,0,0,0,0,0,0,0,0,0,0,0
40_11_2_ColonWash,0,0,0,0,0,0,0,0,0,0,0,0,0,0,0,0,0,100,0,0,0,0,0,0,0,0,0,0,0,0,0,0,0,0,0,0,0,0,0,0,0,0,0,0,0,0,0,0,0,0,0
40_1_1_Stool,0,0,0,0,0,0,0,0,0,0,0,0,0,0,0,0,100,0,0,0,0,0,0,0,0,0,0,0,0,0,0,0,0,0,0,0,0,0,0,0,0,0,0,0,0,0,0,0,0,0,0
40_12_2_ColonWash,0,0,0,0,0,0,0,0,0,0,0,0,0,0,0,0,0,91.11163,0,0,0,0,0,0,0,0,0,0,0,0,0,0,0,0,0,0,0,0,0,0,0,0,0,0,0,0,0,8.88837,0,0,0
40_1_2_ColonWash,0,0,0,0,0,0,0,0,0,0,0,0,0,0,0,0,0,100,0,0,0,0,0,0,0,0,0,0,0,0,0,0,0,0,0,0,0,0,0,0,0,0,0,0,0,0,0,0,0,0,0
40_1_2_Stool,0.57241,0,0,0,0,71.48338,0,0,0,0,0,0,0,0,0,0,27.65293,0.29127,0,0,0,0,0,0,0,0,0,0,0,0,0,0,0,0,0,0,0,0,0,0,0,0,0,0,0,0,0,0,0,0,0
40_13_2_ColonWash,0,0,0,0,0,0,0,0,0,0,0,0,0,0,0,0,0,100,0,0,0,0,0,0,0,0,0,0,0,0,0,0,0,0,0,0,0,0,0,0,0,0,0,0,0,0,0,0,0,0,0
40_2_1_Stool,0,0,0,0,0,0,0,0,0,0,0,0,0,0,0,0,100,0,0,0,0,0,0,0,0,0,0,0,0,0,0,0,0,0,0,0,0,0,0,0,0,0,0,0,0,0,0,0,0,0,0
40_2_2_ColonWash,0,0,0,0,0,0,0,0,0,0,0,0,0,0,0,0,0,100,0,0,0,0,0,0,0,0,0,0,0,0,0,0,0,0,0,0,0,0,0,0,0,0,0,0,0,0,0,0,0,0,0
40_2_2_Stool,0.23709,0,0,0,0,52.72564,0,0,0,0,0,0,0,0,0,0,47.03727,0,0,0,0,0,0,0,0,0,0,0,0,0,0,0,0,0,0,0,0,0,0,0,0,0,0,0,0,0,0,0,0,0,0
40_3_1_CME,0,0,0,0,0,0,0,0,0,0,0,0,0,0,0,0,0,100,0,0,0,0,0,0,0,0,0,0,0,0,0,0,0,0,0,0,0,0,0,0,0,0,0,0,0,0,0,0,0,0,0
40_3_1_ColonWash,0,0,0,0,0,0,0,0,0,0,0,0,0,0,0,0,0,100,0,0,0,0,0,0,0,0,0,0,0,0,0,0,0,0,0,0,0,0,0,0,0,0,0,0,0,0,0,0,0,0,0
40_3_1_Stool,0,0,0,0,0,0,0,0,0,0,0,0,0,0,0,0,99.70108,0.29892,0,0,0,0,0,0,0,0,0,0,0,0,0,0,0,0,0,0,0,0,0,0,0,0,0,0,0,0,0,0,0,0,0
40_3_2_ColonWash,0,0,0,0,0,0,0,0,0,0,0,0,0,0,0,0,0,100,0,0,0,0,0,0,0,0,0,0,0,0,0,0,0,0,0,0,0,0,0,0,0,0,0,0,0,0,0,0,0,0,0
40_4_1_ColonWash,0,0,0,0,0,0,0,0,0,0,0,0,0,0,0,0,0,100,0,0,0,0,0,0,0,0,0,0,0,0,0,0,0,0,0,0,0,0,0,0,0,0,0,0,0,0,0,0,0,0,0
40_4_1_Stool,0,0,0,0,0,0,0,0,0,0,0,0,0,0,0,0,99.02212,0.97788,0,0,0,0,0,0,0,0,0,0,0,0,0,0,0,0,0,0,0,0,0,0,0,0,0,0,0,0,0,0,0,0,0
40_5_1_CME,0,0,0,0,0,0,0,0,0,0,0,0,0,0,0,0,0,100,0,0,0,0,0,0,0,0,0,0,0,0,0,0,0,0,0,0,0,0,0,0,0,0,0,0,0,0,0,0,0,0,0
40_5_1_ColonWash,0,0,0,0,0,0,0,0,0,0,0,0,0,0,0,0,0,100,0,0,0,0,0,0,0,0,0,0,0,0,0,0,0,0,0,0,0,0,0,0,0,0,0,0,0,0,0,0,0,0,0
40_5_1_Stool,0,0,0,0,0,0,0,0,0,0,0,0,0,0,0,0,100,0,0,0,0,0,0,0,0,0,0,0,0,0,0,0,0,0,0,0,0,0,0,0,0,0,0,0,0,0,0,0,0,0,0
40_5_2_CME,0,0,0,0,0,0,0,0,0,0,0,0,0,0,0,0,0,100,0,0,0,0,0,0,0,0,0,0,0,0,0,0,0,0,0,0,0,0,0,0,0,0,0,0,0,0,0,0,0,0,0
40_5_2_ColonWash,0,0,0,0,0,0,0,0,0,0,0,0,0,0,0,0,0,100,0,0,0,0,0,0,0,0,0,0,0,0,0,0,0,0,0,0,0,0,0,0,0,0,0,0,0,0,0,0,0,0,0
40_6_1_CME,0,0,0,0,0,6.93211,0,0,0,0,0,0,0,0,0,0,76.68186,16.38603,0,0,0,0,0,0,0,0,0,0,0,0,0,0,0,0,0,0,0,0,0,0,0,0,0,0,0,0,0,0,0,0,0
40_6_1_ColonWash,0,0,0,0,0,6.05322,0,0,0,0,0,0,0,0,0,0,86.02383,7.92295,0,0,0,0,0,0,0,0,0,0,0,0,0,0,0,0,0,0,0,0,0,0,0,0,0,0,0,0,0,0,0,0,0
40_6_1_Stool,0,0,0,0,0,0,0,0,0,0,0,0,0,0,0,0,99.52041,0.47959,0,0,0,0,0,0,0,0,0,0,0,0,0,0,0,0,0,0,0,0,0,0,0,0,0,0,0,0,0,0,0,0,0
40_6_2_ColonWash,0,0,0,0,0,0,0,0,0,0,0,0,0,0,0,0,0,100,0,0,0,0,0,0,0,0,0,0,0,0,0,0,0,0,0,0,0,0,0,0,0,0,0,0,0,0,0,0,0,0,0
40_7_1_Stool,0,0,0,0,0,0,0,0,0,0,0,0,0,0,0,0,98.82517,1.16448,0,0,0,0,0,0,0,0,0,0,0,0,0,0,0,0,0,0,0,0,0,0,0,0,0,0,0,0,0,0,0.01035,0,0
40_7_2_ColonWash,0,0,0,0,0,0,0,0,0,0,0,0,0,0,0,0,0,100,0,0,0,0,0,0,0,0,0,0,0,0,0,0,0,0,0,0,0,0,0,0,0,0,0,0,0,0,0,0,0,0,0
40_8_1_Stool,0,0,0,0,0,0,0,0,0,0,0,0,0,0,0,0,99.96307,0.03693,0,0,0,0,0,0,0,0,0,0,0,0,0,0,0,0,0,0,0,0,0,0,0,0,0,0,0,0,0,0,0,0,0
40_8_2_Stool,0.06589,0,0,0,0,60.45443,0,0,0,0,0,0,0,0,0,0,39.47968,0,0,0,0,0,0,0,0,0,0,0,0,0,0,0,0,0,0,0,0,0,0,0,0,0,0,0,0,0,0,0,0,0,0
40_9_2_ColonWash,0,0,0,0,0,0,0,0,0,0,0,0,0,0,0,0,0,100,0,0,0,0,0,0,0,0,0,0,0,0,0,0,0,0,0,0,0,0,0,0,0,0,0,0,0,0,0,0,0,0,0
40_9_2_Stool,0.25769,0,0,0,0,65.13288,0,0,0,0,0,0,0,0,0,0,33.9902,0.61923,0,0,0,0,0,0,0,0,0,0,0,0,0,0,0,0,0,0,0,0,0,0,0,0,0,0,0,0,0,0,0,0,0
41_1_1_Stool,0.46551,0,0,0,0,24.40282,0,0,0,0,0,0,0,0,0,0,75.13167,0,0,0,0,0,0,0,0,0,0,0,0,0,0,0,0,0,0,0,0,0,0,0,0,0,0,0,0,0,0,0,0,0,0
41_2_1_Stool,1.44934,0,0,0,0,98.55066,0,0,0,0,0,0,0,0,0,0,0,0,0,0,0,0,0,0,0,0,0,0,0,0,0,0,0,0,0,0,0,0,0,0,0,0,0,0,0,0,0,0,0,0,0
41_3_1_ColonWash,0,0,0,0,0,0,0,0,0,0,0,0,0,0,0,0,0,100,0,0,0,0,0,0,0,0,0,0,0,0,0,0,0,0,0,0,0,0,0,0,0,0,0,0,0,0,0,0,0,0,0
41_3_1_Stool,0.70692,0,0,0,0,99.11183,0,0,0,0,0,0,0,0,0,0,0,0.18125,0,0,0,0,0,0,0,0,0,0,0,0,0,0,0,0,0,0,0,0,0,0,0,0,0,0,0,0,0,0,0,0,0
41_4_1_CME,0,0,0,0,0,0,0,0,0,0,0,0,0,0,0,0,0,94.21269,0,0,0,0,0,0,0,0,0,0,0,0,0,0,0,0,0,0,0,0,0,0,0,0,0,0,0,0,0,2.31632,3.47099,0,0
41_4_1_ColonWash,0,0,0,0,0,0,0,0,0,0,0,0,0,0,0,0,0,100,0,0,0,0,0,0,0,0,0,0,0,0,0,0,0,0,0,0,0,0,0,0,0,0,0,0,0,0,0,0,0,0,0
41_4_1_Stool,1.55385,0,0,0,0,97.51322,0,0,0,0,0,0,0,0,0,0,0,0.93292,0,0,0,0,0,0,0,0,0,0,0,0,0,0,0,0,0,0,0,0,0,0,0,0,0,0,0,0,0,0,0,0,0
41_5_1_ColonWash_250uL,0,0,0,0,0,0,0,0,0,0,0,0,0,0,0,0,0,100,0,0,0,0,0,0,0,0,0,0,0,0,0,0,0,0,0,0,0,0,0,0,0,0,0,0,0,0,0,0,0,0,0
41_5_1_ColonWash_750uL,0,0,0,0,0,0,0,0,0,0,0,0,0,0,0,0,0,100,0,0,0,0,0,0,0,0,0,0,0,0,0,0,0,0,0,0,0,0,0,0,0,0,0,0,0,0,0,0,0,0,0
41_5_1_Stool,1.13017,0,0,0,0,98.86983,0,0,0,0,0,0,0,0,0,0,0,0,0,0,0,0,0,0,0,0,0,0,0,0,0,0,0,0,0,0,0,0,0,0,0,0,0,0,0,0,0,0,0,0,0
41_6_1_ColonWash_250uL,0,0,0,0,0,0,0,0,0,0,0,0,0,0,0,0,0,100,0,0,0,0,0,0,0,0,0,0,0,0,0,0,0,0,0,0,0,0,0,0,0,0,0,0,0,0,0,0,0,0,0
41_6_1_ColonWash_750uL,0,0,0,0,0,0,0,0,0,0,0,0,0,0,0,0,0,100,0,0,0,0,0,0,0,0,0,0,0,0,0,0,0,0,0,0,0,0,0,0,0,0,0,0,0,0,0,0,0,0,0
41_6_1_Stool,0.72348,0,0,0,0,99.1327,0,0,0,0,0,0,0,0,0,0,0,0.14382,0,0,0,0,0,0,0,0,0,0,0,0,0,0,0,0,0,0,0,0,0,0,0,0,0,0,0,0,0,0,0,0,0
41_7_1_Stool,1.72179,0,0,0,0,98.27821,0,0,0,0,0,0,0,0,0,0,0,0,0,0,0,0,0,0,0,0,0,0,0,0,0,0,0,0,0,0,0,0,0,0,0,0,0,0,0,0,0,0,0,0,0
41_8_1_Stool,2.18752,0,0,0,0,95.69059,0,0,0,0,0,0,0,0,0,0,0.57561,1.54628,0,0,0,0,0,0,0,0,0,0,0,0,0,0,0,0,0,0,0,0,0,0,0,0,0,0,0,0,0,0,0,0,0
42_10_1_Stool,0.58914,0,0,0,0,57.25192,0,0,0,0,0,0,0,0,0,0,42.1234,0.03554,0,0,0,0,0,0,0,0,0,0,0,0,0,0,0,0,0,0,0,0,0,0,0,0,0,0,0,0,0,0,0,0,0
42_11_1_Stool,0.76459,0,0,0,0,82.66669,0,0,0,0,0,0,0,0,0,0,16.56872,0,0,0,0,0,0,0,0,0,0,0,0,0,0,0,0,0,0,0,0,0,0,0,0,0,0,0,0,0,0,0,0,0,0
42_1_1_Cwash,100,0,0,0,0,0,0,0,0,0,0,0,0,0,0,0,0,0,0,0,0,0,0,0,0,0,0,0,0,0,0,0,0,0,0,0,0,0,0,0,0,0,0,0,0,0,0,0,0,0,0
42_1_1_Stool,1.29875,0,0,0,0,3.98204,0,0,0,0,0,0,0,0,0,0,94.7192,0,0,0,0,0,0,0,0,0,0,0,0,0,0,0,0,0,0,0,0,0,0,0,0,0,0,0,0,0,0,0,0,0,0
42_12_1_Stool,0.36909,0,0,0,0,80.38033,0,0,0,0,0,0,0,0,0,0,19.25059,0,0,0,0,0,0,0,0,0,0,0,0,0,0,0,0,0,0,0,0,0,0,0,0,0,0,0,0,0,0,0,0,0,0
42_1_2_Stool,0.24964,0,0,0,0,52.58707,0,0,0,0,0,0,0,0,0,0,47.16329,0,0,0,0,0,0,0,0,0,0,0,0,0,0,0,0,0,0,0,0,0,0,0,0,0,0,0,0,0,0,0,0,0,0
42_2_1_Cwash,68.09963,0,0,0,0,0,0,0,0,0,0,0,0,0,0,0,31.90037,0,0,0,0,0,0,0,0,0,0,0,0,0,0,0,0,0,0,0,0,0,0,0,0,0,0,0,0,0,0,0,0,0,0
42_2_1_Stool,0.8162,0,0,0,0,7.15013,0,0,0,0,0,0,0,0,0,0,92.03367,0,0,0,0,0,0,0,0,0,0,0,0,0,0,0,0,0,0,0,0,0,0,0,0,0,0,0,0,0,0,0,0,0,0
42_2_2_Stool,0.70317,0,0,0,0,81.98261,0,0,0,0,0,0,0,0,0,0,17.31422,0,0,0,0,0,0,0,0,0,0,0,0,0,0,0,0,0,0,0,0,0,0,0,0,0,0,0,0,0,0,0,0,0,0
42_3_1_ColonWash,0,0,0,0,0,0,0,0,0,0,0,0,0,0,0,0,0,100,0,0,0,0,0,0,0,0,0,0,0,0,0,0,0,0,0,0,0,0,0,0,0,0,0,0,0,0,0,0,0,0,0
42_3_1_Stool,1.29019,0,0,0,0,0,0,0,0,0,0,0,0,0,0,0,98.46362,0.2462,0,0,0,0,0,0,0,0,0,0,0,0,0,0,0,0,0,0,0,0,0,0,0,0,0,0,0,0,0,0,0,0,0
42_3_2_Stool,0.362,0,0,0,0,78.3619,0,0,0,0,0,0,0,0,0,0,21.2761,0,0,0,0,0,0,0,0,0,0,0,0,0,0,0,0,0,0,0,0,0,0,0,0,0,0,0,0,0,0,0,0,0,0
42_4_1_Stool,0.00718,0,0,0,0,24.08031,0,0,0,0,0,0,0,0,0,0,75.53698,0.37553,0,0,0,0,0,0,0,0,0,0,0,0,0,0,0,0,0,0,0,0,0,0,0,0,0,0,0,0,0,0,0,0,0
42_4_2_Stool,0.25076,0,0,0,0,85.30878,0,0,0,0,0,0,0,0,0,0,14.44046,0,0,0,0,0,0,0,0,0,0,0,0,0,0,0,0,0,0,0,0,0,0,0,0,0,0,0,0,0,0,0,0,0,0
42_5_1_Stool,0.82259,0,0,0,0,0.80674,0,0,0,0,0,0,0,0,0,0,98.26666,0.10402,0,0,0,0,0,0,0,0,0,0,0,0,0,0,0,0,0,0,0,0,0,0,0,0,0,0,0,0,0,0,0,0,0
42_5_2_Stool,0.06873,0,0,0,0,85.42312,0,0,0,0,0,0,0,0,0,0,14.03782,0.47033,0,0,0,0,0,0,0,0,0,0,0,0,0,0,0,0,0,0,0,0,0,0,0,0,0,0,0,0,0,0,0,0,0
42_6_1_Stool,1.1575,0,0,0,0,2.23664,0,0,0,0,0,0,0,0,0,0,96.08724,0.51862,0,0,0,0,0,0,0,0,0,0,0,0,0,0,0,0,0,0,0,0,0,0,0,0,0,0,0,0,0,0,0,0,0
42_6_2_Stool,0.45284,0,0,0,0,88.82889,0,0,0,0,0,0,0,0,0,0,10.71827,0,0,0,0,0,0,0,0,0,0,0,0,0,0,0,0,0,0,0,0,0,0,0,0,0,0,0,0,0,0,0,0,0,0
42_7_1_Stool,0.25846,0,0,0,0,7.52407,0,0,0,0,0,0,0,0,0,0,91.41858,0.77919,0,0,0,0,0,0,0,0,0,0,0,0,0,0,0,0,0,0,0,0,0,0,0,0,0,0,0,0,0,0,0.01971,0,0
42_7_2_Stool,0.70994,0,0,0,0,75.22253,0,0,0,0,0,0,0,0,0,0,24.06753,0,0,0,0,0,0,0,0,0,0,0,0,0,0,0,0,0,0,0,0,0,0,0,0,0,0,0,0,0,0,0,0,0,0
42_8_1_Stool,0.82431,0,0,0,0,0.67893,0,0,0,0,0,0,0,0,0,0,98.49675,0,0,0,0,0,0,0,0,0,0,0,0,0,0,0,0,0,0,0,0,0,0,0,0,0,0,0,0,0,0,0,0,0,0
42_8_2_Stool,1.26465,0,0,0,0,80.92848,0,0,0,0,0,0,0,0,0,0,17.80687,0,0,0,0,0,0,0,0,0,0,0,0,0,0,0,0,0,0,0,0,0,0,0,0,0,0,0,0,0,0,0,0,0,0
42_9_1_Stool,1.36124,0,0,0,0,74.0987,0,0,0,0,0,0,0,0,0,0,24.54005,0,0,0,0,0,0,0,0,0,0,0,0,0,0,0,0,0,0,0,0,0,0,0,0,0,0,0,0,0,0,0,0,0,0
4Adam_Stool,38.05558,0,0,0,0,22.19614,0,0,0,0,0,0,0,0,0,0,39.74828,0,0,0,0,0,0,0,0,0,0,0,0,0,0,0,0,0,0,0,0,0,0,0,0,0,0,0,0,0,0,0,0,0,0
4A_NP_Stool,40.31905,0,0,0,0,11.04331,0,0,0,0,0,0,0,0,0,0,48.63763,0,0,0,0,0,0,0,0,0,0,0,0,0,0,0,0,0,0,0,0,0,0,0,0,0,0,0,0,0,0,0,0,0,0
4A_RP_Stool,37.03386,0,0,0,0,9.97747,0,0,0,0,0,0,0,0,0,0,52.98867,0,0,0,0,0,0,0,0,0,0,0,0,0,0,0,0,0,0,0,0,0,0,0,0,0,0,0,0,0,0,0,0,0,0
4Cdam_Stool,40.45606,0,0,0,0,30.76477,0,0,0,0,0,0,0,0,0,0,28.77917,0,0,0,0,0,0,0,0,0,0,0,0,0,0,0,0,0,0,0,0,0,0,0,0,0,0,0,0,0,0,0,0,0,0
4C_NP_Stool,38.85711,0,0,0,0,10.91965,0,0,0,0,0,0,0,0,0,0,50.22324,0,0,0,0,0,0,0,0,0,0,0,0,0,0,0,0,0,0,0,0,0,0,0,0,0,0,0,0,0,0,0,0,0,0
4C_RP_Stool,47.65059,0,0,0,0,9.58535,0,0,0,0,0,0,0,0,0,0,42.76405,0,0,0,0,0,0,0,0,0,0,0,0,0,0,0,0,0,0,0,0,0,0,0,0,0,0,0,0,0,0,0,0,0,0
4Edam_Stool,28.92065,0,0,0,0,25.80697,0,0,0,0,0,0,0,0,0,0,45.27238,0,0,0,0,0,0,0,0,0,0,0,0,0,0,0,0,0,0,0,0,0,0,0,0,0,0,0,0,0,0,0,0,0,0
4E_NP_Stool,42.08417,0,0,0,0,10.4773,0,0,0,0,0,0,0,0,0,0,47.43852,0,0,0,0,0,0,0,0,0,0,0,0,0,0,0,0,0,0,0,0,0,0,0,0,0,0,0,0,0,0,0,0,0,0
4E_RP_Stool,44.09233,0,0,0,0,9.56736,0,0,0,0,0,0,0,0,0,0,46.34031,0,0,0,0,0,0,0,0,0,0,0,0,0,0,0,0,0,0,0,0,0,0,0,0,0,0,0,0,0,0,0,0,0,0
5A_NP_Stool,37.66685,0,0,0,0,9.43527,0,0,0,0,0,0,0,0,0,0,52.89787,0,0,0,0,0,0,0,0,0,0,0,0,0,0,0,0,0,0,0,0,0,0,0,0,0,0,0,0,0,0,0,0,0,0
5A_RP_Stool,46.95537,0,0,0,0,7.55556,0,0,0,0,0,0,0,0,0,0,45.48907,0,0,0,0,0,0,0,0,0,0,0,0,0,0,0,0,0,0,0,0,0,0,0,0,0,0,0,0,0,0,0,0,0,0
5Cdam_Stool,26.31584,0,0,0,0,31.3005,0,0,0,0,0,0,0,0,0,0,42.38366,0,0,0,0,0,0,0,0,0,0,0,0,0,0,0,0,0,0,0,0,0,0,0,0,0,0,0,0,0,0,0,0,0,0
5C_NP_Stool,31.47318,0,0,0,0,11.7204,0,0,0,0,0,0,0,0,0,0,56.80643,0,0,0,0,0,0,0,0,0,0,0,0,0,0,0,0,0,0,0,0,0,0,0,0,0,0,0,0,0,0,0,0,0,0
5C_RP_Stool,30.24706,0,0,0,0,13.98264,0,0,0,0,0,0,0,0,0,0,55.7703,0,0,0,0,0,0,0,0,0,0,0,0,0,0,0,0,0,0,0,0,0,0,0,0,0,0,0,0,0,0,0,0,0,0
5Edam_Stool,22.10115,0,0,0,0,34.86092,0,0,0,0,0,0,0,0,0,0,43.03793,0,0,0,0,0,0,0,0,0,0,0,0,0,0,0,0,0,0,0,0,0,0,0,0,0,0,0,0,0,0,0,0,0,0
5E_NP_Stool,25.42296,0,0,0,0,18.82728,0,0,0,0,0,0,0,0,0,0,55.74975,0,0,0,0,0,0,0,0,0,0,0,0,0,0,0,0,0,0,0,0,0,0,0,0,0,0,0,0,0,0,0,0,0,0
5E_RP_Stool,31.39496,0,0,0,0,24.98814,0,0,0,0,0,0,0,0,0,0,43.61691,0,0,0,0,0,0,0,0,0,0,0,0,0,0,0,0,0,0,0,0,0,0,0,0,0,0,0,0,0,0,0,0,0,0
6Adam_Stool,0,0,0,0,0,0,0,0,0,0,0,0,0,0,0,0,100,0,0,0,0,0,0,0,0,0,0,0,0,0,0,0,0,0,0,0,0,0,0,0,0,0,0,0,0,0,0,0,0,0,0
6A_NP_Stool,0,0,0,0,0,0,0,0,0,0,0,0,0,0,0,0,100,0,0,0,0,0,0,0,0,0,0,0,0,0,0,0,0,0,0,0,0,0,0,0,0,0,0,0,0,0,0,0,0,0,0
6A_RP_Stool,0,0,0,0,0,0,0,0,0,0,0,0,0,0,0,0,100,0,0,0,0,0,0,0,0,0,0,0,0,0,0,0,0,0,0,0,0,0,0,0,0,0,0,0,0,0,0,0,0,0,0
6Cdam_Stool,0,0,0,0,0,0,0,0,0,0,0,0,0,0,0,0,100,0,0,0,0,0,0,0,0,0,0,0,0,0,0,0,0,0,0,0,0,0,0,0,0,0,0,0,0,0,0,0,0,0,0
6C_NP_Stool,0,0,0,0,0,0,0,0,0,0,0,0,0,0,0,0,100,0,0,0,0,0,0,0,0,0,0,0,0,0,0,0,0,0,0,0,0,0,0,0,0,0,0,0,0,0,0,0,0,0,0
6C_RP_Stool,0,0,0,0,0,0,0,0,0,0,0,0,0,0,0,0,100,0,0,0,0,0,0,0,0,0,0,0,0,0,0,0,0,0,0,0,0,0,0,0,0,0,0,0,0,0,0,0,0,0,0
6E_NP_Stool,0,0,0,0,0,100,0,0,0,0,0,0,0,0,0,0,0,0,0,0,0,0,0,0,0,0,0,0,0,0,0,0,0,0,0,0,0,0,0,0,0,0,0,0,0,0,0,0,0,0,0
6E_RP_Stool,0,0,0,0,0,100,0,0,0,0,0,0,0,0,0,0,0,0,0,0,0,0,0,0,0,0,0,0,0,0,0,0,0,0,0,0,0,0,0,0,0,0,0,0,0,0,0,0,0,0,0
7A_NP_Stool,0,0,0,0,0,100,0,0,0,0,0,0,0,0,0,0,0,0,0,0,0,0,0,0,0,0,0,0,0,0,0,0,0,0,0,0,0,0,0,0,0,0,0,0,0,0,0,0,0,0,0
7A_RP_Stool,0,0,0,0,0,100,0,0,0,0,0,0,0,0,0,0,0,0,0,0,0,0,0,0,0,0,0,0,0,0,0,0,0,0,0,0,0,0,0,0,0,0,0,0,0,0,0,0,0,0,0
7Bdam_Stool,0,0,0,0,0,100,0,0,0,0,0,0,0,0,0,0,0,0,0,0,0,0,0,0,0,0,0,0,0,0,0,0,0,0,0,0,0,0,0,0,0,0,0,0,0,0,0,0,0,0,0
7C_NP_Stool,0,0,0,0,0,68.21969,0,0,0,0,0,0,0,0,0,0,31.78031,0,0,0,0,0,0,0,0,0,0,0,0,0,0,0,0,0,0,0,0,0,0,0,0,0,0,0,0,0,0,0,0,0,0
7C_RP_Stool,0,0,0,0,0,59.70707,0,0,0,0,0,0,0,0,0,0,40.29293,0,0,0,0,0,0,0,0,0,0,0,0,0,0,0,0,0,0,0,0,0,0,0,0,0,0,0,0,0,0,0,0,0,0
7Edam_Stool,0,0,0,0,0,79.91917,0,0,0,0,0,0,0,0,0,0,19.91492,0,0,0,0,0,0,0,0,0,0,0,0,0,0,0,0,0,0,0,0,0,0,0,0,0,0,0,0,0,0,0,0,0.16591,0
7E_NP_Stool,0,0,0,0,0,78.11534,0,0,0,0,0,0,0,0,0,0,21.88466,0,0,0,0,0,0,0,0,0,0,0,0,0,0,0,0,0,0,0,0,0,0,0,0,0,0,0,0,0,0,0,0,0,0
7E_RP_Stool,0,0,0,0,0,65.21491,0,0,0,0,0,0,0,0,0,0,34.78509,0,0,0,0,0,0,0,0,0,0,0,0,0,0,0,0,0,0,0,0,0,0,0,0,0,0,0,0,0,0,0,0,0,0
85_1_1_Stool,0.46455,0,0,0,0,11.29717,0,0,0,0,0,0,0,0,0,0,88.23828,0,0,0,0,0,0,0,0,0,0,0,0,0,0,0,0,0,0,0,0,0,0,0,0,0,0,0,0,0,0,0,0,0,0
85_1_2_Stool,0,0,0,0,0,0,0,0,0,0,0,0,0,0,0,0,100,0,0,0,0,0,0,0,0,0,0,0,0,0,0,0,0,0,0,0,0,0,0,0,0,0,0,0,0,0,0,0,0,0,0
85_2_1_Stool,0.27129,0,0,0,0,22.85697,0,0,0,0,0,0,0,0,0,0,76.87174,0,0,0,0,0,0,0,0,0,0,0,0,0,0,0,0,0,0,0,0,0,0,0,0,0,0,0,0,0,0,0,0,0,0
85_2_2_Stool,0,0,0,0,0,0,0,0,0,0,0,0,0,0,0,0,100,0,0,0,0,0,0,0,0,0,0,0,0,0,0,0,0,0,0,0,0,0,0,0,0,0,0,0,0,0,0,0,0,0,0
85_3_1_ColonWash,0,0,0,0,0,0,0,0,0,0,0,0,0,0,0,0,0,100,0,0,0,0,0,0,0,0,0,0,0,0,0,0,0,0,0,0,0,0,0,0,0,0,0,0,0,0,0,0,0,0,0
85_3_1_Stool,0.62927,0,0,0,0,65.19928,0,0,0,0,0,0,0,0,0,0,34.17146,0,0,0,0,0,0,0,0,0,0,0,0,0,0,0,0,0,0,0,0,0,0,0,0,0,0,0,0,0,0,0,0,0,0
85_3_2_Stool,0,0,0,0,0,0,0,0,0,0,0,0,0,0,0,0,100,0,0,0,0,0,0,0,0,0,0,0,0,0,0,0,0,0,0,0,0,0,0,0,0,0,0,0,0,0,0,0,0,0,0
85_4_1_CME,0,0,0,0,0,0,0,0,0,0,0,0,0,0,0,0,0,97.02845,0,0,0,0,0,0,0,0,0,0,0,0,0,0,0,0,0,0,0,0,0,0,0,0,0,0,0,0,0,0,2.97155,0,0
85_4_1_Stool,0.31984,0,0,0,0,12.14739,0,0,0,0,0,0,0,0,0,0,87.53277,0,0,0,0,0,0,0,0,0,0,0,0,0,0,0,0,0,0,0,0,0,0,0,0,0,0,0,0,0,0,0,0,0,0
85_4_2_Stool,0,0,0,0,0,0,0,0,0,0,0,0,0,0,0,0,99.30105,0.63307,0,0,0,0,0,0,0,0,0,0,0,0,0,0,0,0,0,0,0,0,0,0,0,0,0,0,0,0,0,0,0.06588,0,0
85_5_1_ColonWash,0,0,0,0,0,0,0,0,0,0,0,0,0,0,0,0,0,100,0,0,0,0,0,0,0,0,0,0,0,0,0,0,0,0,0,0,0,0,0,0,0,0,0,0,0,0,0,0,0,0,0
85_5_1_Stool,0.10696,0,0,0,0,41.1621,0,0,0,0,0,0,0,0,0,0,58.73094,0,0,0,0,0,0,0,0,0,0,0,0,0,0,0,0,0,0,0,0,0,0,0,0,0,0,0,0,0,0,0,0,0,0
85_5_2_Stool,0,0,0,0,0,0,0,0,0,0,0,0,0,0,0,0,99.87224,0.12776,0,0,0,0,0,0,0,0,0,0,0,0,0,0,0,0,0,0,0,0,0,0,0,0,0,0,0,0,0,0,0,0,0
85_6_1_ColonWash,0,0,0,0,0,0,0,0,0,0,0,0,0,0,0,0,0,100,0,0,0,0,0,0,0,0,0,0,0,0,0,0,0,0,0,0,0,0,0,0,0,0,0,0,0,0,0,0,0,0,0
85_6_1_Stool,0.08953,0,0,0,0,23.64928,0,0,0,0,0,0,0,0,0,0,74.83699,1.4242,0,0,0,0,0,0,0,0,0,0,0,0,0,0,0,0,0,0,0,0,0,0,0,0,0,0,0,0,0,0,0,0,0
85_6_2_Stool,0,0,0,0,0,0,0,0,0,0,0,0,0,0,0,0,100,0,0,0,0,0,0,0,0,0,0,0,0,0,0,0,0,0,0,0,0,0,0,0,0,0,0,0,0,0,0,0,0,0,0
85_7_1_Stool,0.41256,0,0,0,0,66.73999,0,0,0,0,0,0,0,0,0,0,32.84745,0,0,0,0,0,0,0,0,0,0,0,0,0,0,0,0,0,0,0,0,0,0,0,0,0,0,0,0,0,0,0,0,0,0
85_7_2_ColonWash,0,0,0,0,0,0,0,0,0,0,0,0,0,0,0,0,0,100,0,0,0,0,0,0,0,0,0,0,0,0,0,0,0,0,0,0,0,0,0,0,0,0,0,0,0,0,0,0,0,0,0
85_7_2_Stool,0,0,0,0,0,0,0,0,0,0,0,0,0,0,0,0,99.89438,0.10562,0,0,0,0,0,0,0,0,0,0,0,0,0,0,0,0,0,0,0,0,0,0,0,0,0,0,0,0,0,0,0,0,0
85_8_1_Stool,0.53432,0,0,0,0,42.78739,0,0,0,0,0,0,0,0,0,0,56.672,0.00629,0,0,0,0,0,0,0,0,0,0,0,0,0,0,0,0,0,0,0,0,0,0,0,0,0,0,0,0,0,0,0,0,0
87_1_1_Stool,0,0,0,0,0,100,0,0,0,0,0,0,0,0,0,0,0,0,0,0,0,0,0,0,0,0,0,0,0,0,0,0,0,0,0,0,0,0,0,0,0,0,0,0,0,0,0,0,0,0,0
87_2_1_Stool,0,0,0,0,0,100,0,0,0,0,0,0,0,0,0,0,0,0,0,0,0,0,0,0,0,0,0,0,0,0,0,0,0,0,0,0,0,0,0,0,0,0,0,0,0,0,0,0,0,0,0
87_3_1_ColonWash,0,0,0,0,0,0,0,0,0,0,0,0,0,0,0,0,0,100,0,0,0,0,0,0,0,0,0,0,0,0,0,0,0,0,0,0,0,0,0,0,0,0,0,0,0,0,0,0,0,0,0
87_3_1_Stool,0,0,0,0,0,99.50735,0,0,0,0,0,0,0,0,0,0,0,0.49265,0,0,0,0,0,0,0,0,0,0,0,0,0,0,0,0,0,0,0,0,0,0,0,0,0,0,0,0,0,0,0,0,0
87_4_1_ColonWash,0,0,0,0,0,0,0,0,0,0,0,0,0,0,0,0,0,100,0,0,0,0,0,0,0,0,0,0,0,0,0,0,0,0,0,0,0,0,0,0,0,0,0,0,0,0,0,0,0,0,0
87_4_1_Stool,0,0,0,0,0,99.84203,0,0,0,0,0,0,0,0,0,0,0.15797,0,0,0,0,0,0,0,0,0,0,0,0,0,0,0,0,0,0,0,0,0,0,0,0,0,0,0,0,0,0,0,0,0,0
87_5_1_ColonWash,0,0,0,0,0,0,0,0,0,0,0,0,0,0,0,0,0,100,0,0,0,0,0,0,0,0,0,0,0,0,0,0,0,0,0,0,0,0,0,0,0,0,0,0,0,0,0,0,0,0,0
87_5_1_Stool,0,0,0,0,0,100,0,0,0,0,0,0,0,0,0,0,0,0,0,0,0,0,0,0,0,0,0,0,0,0,0,0,0,0,0,0,0,0,0,0,0,0,0,0,0,0,0,0,0,0,0
87_6_1_CME,0,0,0,0,0,0,0,0,0,0,0,0,0,0,0,0,0,90.30724,0,0,0,0,0,0,0,0,0,0,0,0,0,0,0,0,0,0,0,0,0,0,0,0,0,0,0,0,0,2.20022,7.49254,0,0
87_6_1_ColonWash,0,0,0,0,0,0,0,0,0,0,0,0,0,0,0,0,0,100,0,0,0,0,0,0,0,0,0,0,0,0,0,0,0,0,0,0,0,0,0,0,0,0,0,0,0,0,0,0,0,0,0
87_6_1_Stool,0,0,0,0,0,99.82197,0,0,0,0,0,0,0,0,0,0,0,0.17803,0,0,0,0,0,0,0,0,0,0,0,0,0,0,0,0,0,0,0,0,0,0,0,0,0,0,0,0,0,0,0,0,0
87_7_1_Stool,0,0,0,0,0,99.47877,0,0,0,0,0,0,0,0,0,0,0,0.52123,0,0,0,0,0,0,0,0,0,0,0,0,0,0,0,0,0,0,0,0,0,0,0,0,0,0,0,0,0,0,0,0,0
87_8_1_Stool,0,0,0,0,0,99.9246,0,0,0,0,0,0,0,0,0,0,0,0.0754,0,0,0,0,0,0,0,0,0,0,0,0,0,0,0,0,0,0,0,0,0,0,0,0,0,0,0,0,0,0,0,0,0
8A_NP_Stool,0,0,0,0,0,17.76293,0,0,0,0,0,0,0,0,0,0,82.23707,0,0,0,0,0,0,0,0,0,0,0,0,0,0,0,0,0,0,0,0,0,0,0,0,0,0,0,0,0,0,0,0,0,0
8A_RP_Stool,0,0,0,0,0,19.38168,0,0,0,0,0,0,0,0,0,0,80.61832,0,0,0,0,0,0,0,0,0,0,0,0,0,0,0,0,0,0,0,0,0,0,0,0,0,0,0,0,0,0,0,0,0,0
8Cdam_Stool,0,0,0,0,0,47.80194,0,0,0,0,0,0,0,0,0,0,52.19806,0,0,0,0,0,0,0,0,0,0,0,0,0,0,0,0,0,0,0,0,0,0,0,0,0,0,0,0,0,0,0,0,0,0
8C_NP_Stool,0,0,0,0,0,16.74954,0,0,0,0,0,0,0,0,0,0,83.25046,0,0,0,0,0,0,0,0,0,0,0,0,0,0,0,0,0,0,0,0,0,0,0,0,0,0,0,0,0,0,0,0,0,0
8C_RP_Stool,0,0,0,0,0,17.60122,0,0,0,0,0,0,0,0,0,0,82.39878,0,0,0,0,0,0,0,0,0,0,0,0,0,0,0,0,0,0,0,0,0,0,0,0,0,0,0,0,0,0,0,0,0,0
90_1_0_ColonWash_250uL,0,0,0,0,0,72.479,0,0,0,0,0,0,0,0,0,0,11.6878,13.42766,0,0,0,0,0,0,0,0,0,0,0,0,0,0,0,0,0,0,0,0,0,0,0,0,0,0,0,0,0,0.64641,1.75913,0,0
90_1_0_ColonWash_750uL,0,0,0,0,0,85.0784,0,0,0,0,0,0,0,0,0,0,10.6974,4.2242,0,0,0,0,0,0,0,0,0,0,0,0,0,0,0,0,0,0,0,0,0,0,0,0,0,0,0,0,0,0,0,0,0
90_1_1_Cwash,0,0,0,0,0,0,0,0,0,0,0,0,0,0,0,0,100,0,0,0,0,0,0,0,0,0,0,0,0,0,0,0,0,0,0,0,0,0,0,0,0,0,0,0,0,0,0,0,0,0,0
90_1_1_Stool,0,0,0,0,0,76.00071,0,0,0,0,0,0,0,0,0,0,23.99929,0,0,0,0,0,0,0,0,0,0,0,0,0,0,0,0,0,0,0,0,0,0,0,0,0,0,0,0,0,0,0,0,0,0
90_1_2_Stool,0,0,0,0,0,78.077,0,0,0,0,0,0,0,0,0,0,21.923,0,0,0,0,0,0,0,0,0,0,0,0,0,0,0,0,0,0,0,0,0,0,0,0,0,0,0,0,0,0,0,0,0,0
90_2_0_ColonWash_250uL,0,0,0,0,0,83.36594,0,0,0,0,0,0,0,0,0,0,13.53988,3.09418,0,0,0,0,0,0,0,0,0,0,0,0,0,0,0,0,0,0,0,0,0,0,0,0,0,0,0,0,0,0,0,0,0
90_2_0_ColonWash_750uL,0,0,0,0,0,53.54543,0,0,0,0,0,0,0,0,0,0,6.17836,22.20108,0,0,0,0,0,0,0,0,0,0,0,0,0,0,0,0,0,0,0,0,0,0,0,0,0,0,0,0,0,0.71677,2.41523,0,14.94313
90_2_1_Stool,0,0,0,0,0,75.02643,0,0,0,0,0,0,0,0,0,0,24.97357,0,0,0,0,0,0,0,0,0,0,0,0,0,0,0,0,0,0,0,0,0,0,0,0,0,0,0,0,0,0,0,0,0,0
90_2_2_Stool,0,0,0,0,0,1.52707,0,0,0,0,0,0,0,0,0,0,98.47293,0,0,0,0,0,0,0,0,0,0,0,0,0,0,0,0,0,0,0,0,0,0,0,0,0,0,0,0,0,0,0,0,0,0
90_3_1_CME,0,0,0,0,0,0,0,0,0,0,0,0,0,0,0,0,89.28807,10.71193,0,0,0,0,0,0,0,0,0,0,0,0,0,0,0,0,0,0,0,0,0,0,0,0,0,0,0,0,0,0,0,0,0
90_3_1_ColonWash_250uL,0,0,0,0,0,0,0,0,0,0,0,0,0,0,0,0,98.25202,1.74798,0,0,0,0,0,0,0,0,0,0,0,0,0,0,0,0,0,0,0,0,0,0,0,0,0,0,0,0,0,0,0,0,0
90_3_1_Stool,0,0,0,0,0,77.74786,0,0,0,0,0,0,0,0,0,0,22.25214,0,0,0,0,0,0,0,0,0,0,0,0,0,0,0,0,0,0,0,0,0,0,0,0,0,0,0,0,0,0,0,0,0,0
90_3_2_Stool,0,0,0,0,0,7.11795,0,0,0,0,0,0,0,0,0,0,92.84659,0.03547,0,0,0,0,0,0,0,0,0,0,0,0,0,0,0,0,0,0,0,0,0,0,0,0,0,0,0,0,0,0,0,0,0
90_4_1_Stool,0,0,0,0,0,81.14575,0,0,0,0,0,0,0,0,0,0,18.85425,0,0,0,0,0,0,0,0,0,0,0,0,0,0,0,0,0,0,0,0,0,0,0,0,0,0,0,0,0,0,0,0,0,0
90_4_2_Stool,0,0,0,0,0,65.84398,0,0,0,0,0,0,0,0,0,0,34.15602,0,0,0,0,0,0,0,0,0,0,0,0,0,0,0,0,0,0,0,0,0,0,0,0,0,0,0,0,0,0,0,0,0,0
90_5_1_Stool,0,0,0,0,0,88.41908,0,0,0,0,0,0,0,0,0,0,11.55295,0.02797,0,0,0,0,0,0,0,0,0,0,0,0,0,0,0,0,0,0,0,0,0,0,0,0,0,0,0,0,0,0,0,0,0
90_5_2_Stool,0,0,0,0,0,79.40242,0,0,0,0,0,0,0,0,0,0,20.44128,0.1563,0,0,0,0,0,0,0,0,0,0,0,0,0,0,0,0,0,0,0,0,0,0,0,0,0,0,0,0,0,0,0,0,0
90_6_2_Stool,0,0,0,0,0,5.31993,0,0,0,0,0,0,0,0,0,0,94.16867,0.5114,0,0,0,0,0,0,0,0,0,0,0,0,0,0,0,0,0,0,0,0,0,0,0,0,0,0,0,0,0,0,0,0,0
90_Dam_Stool,0,0,0,0,0,69.38544,0,0,0,0,0,0,0,0,0,0,30.61456,0,0,0,0,0,0,0,0,0,0,0,0,0,0,0,0,0,0,0,0,0,0,0,0,0,0,0,0,0,0,0,0,0,0
91_1_1_Stool,0,0,0,0,0,29.05519,0,0,0,0,0,0,0,0,0,0,70.94481,0,0,0,0,0,0,0,0,0,0,0,0,0,0,0,0,0,0,0,0,0,0,0,0,0,0,0,0,0,0,0,0,0,0
91_2_1_Stool,0,0,0,0,0,62.49852,0,0,0,0,0,0,0,0,0,0,37.50148,0,0,0,0,0,0,0,0,0,0,0,0,0,0,0,0,0,0,0,0,0,0,0,0,0,0,0,0,0,0,0,0,0,0
DJS40_Inoc,100,0,0,0,0,0,0,0,0,0,0,0,0,0,0,0,0,0,0,0,0,0,0,0,0,0,0,0,0,0,0,0,0,0,0,0,0,0,0,0,0,0,0,0,0,0,0,0,0,0,0
DJS41_Inoc,99.8283,0,0,0,0,0.06268,0,0,0,0,0,0,0,0,0,0,0.10902,0,0,0,0,0,0,0,0,0,0,0,0,0,0,0,0,0,0,0,0,0,0,0,0,0,0,0,0,0,0,0,0,0,0
DJS42_Inoc,99.92877,0,0,0,0,0,0,0,0,0,0,0,0,0,0,0,0.07123,0,0,0,0,0,0,0,0,0,0,0,0,0,0,0,0,0,0,0,0,0,0,0,0,0,0,0,0,0,0,0,0,0,0
DJS85_Inoc,0,0,0,0,0,0,0,0,0,0,0,0,0,0,0,0,100,0,0,0,0,0,0,0,0,0,0,0,0,0,0,0,0,0,0,0,0,0,0,0,0,0,0,0,0,0,0,0,0,0,0
DJS87_Inoc,0,0,0,0,0,100,0,0,0,0,0,0,0,0,0,0,0,0,0,0,0,0,0,0,0,0,0,0,0,0,0,0,0,0,0,0,0,0,0,0,0,0,0,0,0,0,0,0,0,0,0
DJS90_Inoc,0,0,0,0,0,100,0,0,0,0,0,0,0,0,0,0,0,0,0,0,0,0,0,0,0,0,0,0,0,0,0,0,0,0,0,0,0,0,0,0,0,0,0,0,0,0,0,0,0,0,0
DJS91_Inoc,0,0,0,0,0,48.31443,0,0,0,0,0,0,0,0,0,0,51.68557,0,0,0,0,0,0,0,0,0,0,0,0,0,0,0,0,0,0,0,0,0,0,0,0,0,0,0,0,0,0,0,0,0,0
GF29_Inoc,2.6573,0,0,1.72797,9.9833,33.47914,0.1125,0.74788,0,0,2.10184,0,0,0,0,0,48.90371,0,0,0,0,0,0,0,0,0,0,0,0,0,0,0,0,0.06232,0.1298,0,0,0,0,0,0,0,0,0.09424,0,0,0,0,0,0,0
B0,0,0,0,0,0,0,0,0,0,0,0,0,0,0,0,0,0,0,0,0,0,0,0,0,0,0,0,0,0,0,0,0,0,0,0,0,0,0,0,0,0,0,0,0,0,0,0,0,0,0,0
C0,0,0,0,0,0,0,0,0,0,0,0,0,0,0,0,0,0,0,0,0,0,0,0,0,0,0,0,0,0,0,0,0,0,0,0,0,0,0,0,0,0,0,0,0,0,0,0,0,0,0,0
CONV_WATER_F12,0,0,0,0,0,0,0,0,0,0,0,0,0,0,0,0,0,0,0,0,0,0,0,0,0,0,0,0,0,0,0,0,0,0,0,0,0,0,0,0,0,0,0,0,0,0,0,0,0,0,0
GF10_A3_d127_colon,0,0,0,0,0,0,0,0,0,0,0,0,0,0,0,0,0,0,0,0,0,0,0,0,0,0,0,0,0,0,0,0,0,0,0,0,0,0,0,0,0,0,0,0,0,0,0,0,0,0,0
GF10_A4_d127_colon,0,0,0,0,0,0,0,0,0,0,0,0,0,0,0,0,0,0,0,0,0,0,0,0,0,0,0,0,0,0,0,0,0,0,0,0,0,0,0,0,0,0,0,0,0,0,0,0,0,0,0
GF10_A6_d127_colon,0,0,0,0,0,0,0,0,0,0,0,0,0,0,0,0,0,0,0,0,0,0,0,0,0,0,0,0,0,0,0,0,0,0,0,0,0,0,0,0,0,0,0,0,0,0,0,0,0,0,0
GF10_C1_d102_colon,0,0,0,0,0,0,0,0,0,0,0,0,0,0,0,0,0,0,0,0,0,0,0,0,0,0,0,0,0,0,0,0,0,0,0,0,0,0,0,0,0,0,0,0,0,0,0,0,0,0,0
GF10_C1_d78,0,0,0,0,0,0,0,0,0,0,0,0,0,0,0,0,0,0,0,0,0,0,0,0,0,0,0,0,0,0,0,0,0,0,0,0,0,0,0,0,0,0,0,0,0,0,0,0,0,0,0
GF10_C1_d80_colon,0,0,0,0,0,0,0,0,0,0,0,0,0,0,0,0,0,0,0,0,0,0,0,0,0,0,0,0,0,0,0,0,0,0,0,0,0,0,0,0,0,0,0,0,0,0,0,0,0,0,0
GF10_C10_d55,0,0,0,0,0,0,0,0,0,0,0,0,0,0,0,0,0,0,0,0,0,0,0,0,0,0,0,0,0,0,0,0,0,0,0,0,0,0,0,0,0,0,0,0,0,0,0,0,0,0,0
GF10_C2_d78,0,0,0,0,0,0,0,0,0,0,0,0,0,0,0,0,0,0,0,0,0,0,0,0,0,0,0,0,0,0,0,0,0,0,0,0,0,0,0,0,0,0,0,0,0,0,0,0,0,0,0
GF10_C3_COLON_D55,0,0,0,0,0,0,0,0,0,0,0,0,0,0,0,0,0,0,0,0,0,0,0,0,0,0,0,0,0,0,0,0,0,0,0,0,0,0,0,0,0,0,0,0,0,0,0,0,0,0,0
GF10_C3_d102_colon,0,0,0,0,0,0,0,0,0,0,0,0,0,0,0,0,0,0,0,0,0,0,0,0,0,0,0,0,0,0,0,0,0,0,0,0,0,0,0,0,0,0,0,0,0,0,0,0,0,0,0
GF10_C3_d79,0,0,0,0,0,0,0,0,0,0,0,0,0,0,0,0,0,0,0,0,0,0,0,0,0,0,0,0,0,0,0,0,0,0,0,0,0,0,0,0,0,0,0,0,0,0,0,0,0,0,0
GF10_C3_d80_colon,0,0,0,0,0,0,0,0,0,0,0,0,0,0,0,0,0,0,0,0,0,0,0,0,0,0,0,0,0,0,0,0,0,0,0,0,0,0,0,0,0,0,0,0,0,0,0,0,0,0,0
GF10_C5_d80_colon,0,0,0,0,0,0,0,0,0,0,0,0,0,0,0,0,0,0,0,0,0,0,0,0,0,0,0,0,0,0,0,0,0,0,0,0,0,0,0,0,0,0,0,0,0,0,0,0,0,0,0
GF10_C6_d102_colon,0,0,0,0,0,0,0,0,0,0,0,0,0,0,0,0,0,0,0,0,0,0,0,0,0,0,0,0,0,0,0,0,0,0,0,0,0,0,0,0,0,0,0,0,0,0,0,0,0,0,0
GF10_C7_d55,0,0,0,0,0,0,0,0,0,0,0,0,0,0,0,0,0,0,0,0,0,0,0,0,0,0,0,0,0,0,0,0,0,0,0,0,0,0,0,0,0,0,0,0,0,0,0,0,0,0,0
GF10_C9_d55,0,0,0,0,0,0,0,0,0,0,0,0,0,0,0,0,0,0,0,0,0,0,0,0,0,0,0,0,0,0,0,0,0,0,0,0,0,0,0,0,0,0,0,0,0,0,0,0,0,0,0
GF11_B_dam_d0,0,0,0,0,0,0,0,0,0,0,0,0,0,0,0,0,0,0,0,0,0,0,0,0,0,0,0,0,0,0,0,0,0,0,0,0,0,0,0,0,0,0,0,0,0,0,0,0,0,0,0
GF11_B2_d74_colon,0,0,0,0,0,0,0,0,0,0,0,0,0,0,0,0,0,0,0,0,0,0,0,0,0,0,0,0,0,0,0,0,0,0,0,0,0,0,0,0,0,0,0,0,0,0,0,0,0,0,0
GF11_B3_d72_colon,0,0,0,0,0,0,0,0,0,0,0,0,0,0,0,0,0,0,0,0,0,0,0,0,0,0,0,0,0,0,0,0,0,0,0,0,0,0,0,0,0,0,0,0,0,0,0,0,0,0,0
GF11_B6_d72_colon,0,0,0,0,0,0,0,0,0,0,0,0,0,0,0,0,0,0,0,0,0,0,0,0,0,0,0,0,0,0,0,0,0,0,0,0,0,0,0,0,0,0,0,0,0,0,0,0,0,0,0
GF11_C2_COLON_D38,0,0,0,0,0,0,0,0,0,0,0,0,0,0,0,0,0,0,0,0,0,0,0,0,0,0,0,0,0,0,0,0,0,0,0,0,0,0,0,0,0,0,0,0,0,0,0,0,0,0,0
GF12_A_dam_d1,0,0,0,0,0,0,0,0,0,0,0,0,0,0,0,0,0,0,0,0,0,0,0,0,0,0,0,0,0,0,0,0,0,0,0,0,0,0,0,0,0,0,0,0,0,0,0,0,0,0,0
GF12_A1_d32_colon,0,0,0,0,0,0,0,0,0,0,0,0,0,0,0,0,0,0,0,0,0,0,0,0,0,0,0,0,0,0,0,0,0,0,0,0,0,0,0,0,0,0,0,0,0,0,0,0,0,0,0
GF12_A3_d32_colon,0,0,0,0,0,0,0,0,0,0,0,0,0,0,0,0,0,0,0,0,0,0,0,0,0,0,0,0,0,0,0,0,0,0,0,0,0,0,0,0,0,0,0,0,0,0,0,0,0,0,0
GF12_B_Dam_d0,0,0,0,0,0,0,0,0,0,0,0,0,0,0,0,0,0,0,0,0,0,0,0,0,0,0,0,0,0,0,0,0,0,0,0,0,0,0,0,0,0,0,0,0,0,0,0,0,0,0,0
GF12_B1_d82_colon,0,0,0,0,0,0,0,0,0,0,0,0,0,0,0,0,0,0,0,0,0,0,0,0,0,0,0,0,0,0,0,0,0,0,0,0,0,0,0,0,0,0,0,0,0,0,0,0,0,0,0
GF12_B2_d34_colon,0,0,0,0,0,0,0,0,0,0,0,0,0,0,0,0,0,0,0,0,0,0,0,0,0,0,0,0,0,0,0,0,0,0,0,0,0,0,0,0,0,0,0,0,0,0,0,0,0,0,0
GF12_B3_d32,0,0,0,0,0,0,0,0,0,0,0,0,0,0,0,0,0,0,0,0,0,0,0,0,0,0,0,0,0,0,0,0,0,0,0,0,0,0,0,0,0,0,0,0,0,0,0,0,0,0,0
GF12_B3_d34_colon,0,0,0,0,0,0,0,0,0,0,0,0,0,0,0,0,0,0,0,0,0,0,0,0,0,0,0,0,0,0,0,0,0,0,0,0,0,0,0,0,0,0,0,0,0,0,0,0,0,0,0
GF12_B3_d82_colon,0,0,0,0,0,0,0,0,0,0,0,0,0,0,0,0,0,0,0,0,0,0,0,0,0,0,0,0,0,0,0,0,0,0,0,0,0,0,0,0,0,0,0,0,0,0,0,0,0,0,0
GF12_B4_d34_colon,0,0,0,0,0,0,0,0,0,0,0,0,0,0,0,0,0,0,0,0,0,0,0,0,0,0,0,0,0,0,0,0,0,0,0,0,0,0,0,0,0,0,0,0,0,0,0,0,0,0,0
GF12_B5_d82_colon,0,0,0,0,0,0,0,0,0,0,0,0,0,0,0,0,0,0,0,0,0,0,0,0,0,0,0,0,0,0,0,0,0,0,0,0,0,0,0,0,0,0,0,0,0,0,0,0,0,0,0
GF12_B6_d82_colon,0,0,0,0,0,0,0,0,0,0,0,0,0,0,0,0,0,0,0,0,0,0,0,0,0,0,0,0,0,0,0,0,0,0,0,0,0,0,0,0,0,0,0,0,0,0,0,0,0,0,0
GF12_C1_d31_colon,0,0,0,0,0,0,0,0,0,0,0,0,0,0,0,0,0,0,0,0,0,0,0,0,0,0,0,0,0,0,0,0,0,0,0,0,0,0,0,0,0,0,0,0,0,0,0,0,0,0,0
GF12_C1_d92_colon,0,0,0,0,0,0,0,0,0,0,0,0,0,0,0,0,0,0,0,0,0,0,0,0,0,0,0,0,0,0,0,0,0,0,0,0,0,0,0,0,0,0,0,0,0,0,0,0,0,0,0
GF12_C2_d32_colon,0,0,0,0,0,0,0,0,0,0,0,0,0,0,0,0,0,0,0,0,0,0,0,0,0,0,0,0,0,0,0,0,0,0,0,0,0,0,0,0,0,0,0,0,0,0,0,0,0,0,0
GF12_C2_d92_colon,0,0,0,0,0,0,0,0,0,0,0,0,0,0,0,0,0,0,0,0,0,0,0,0,0,0,0,0,0,0,0,0,0,0,0,0,0,0,0,0,0,0,0,0,0,0,0,0,0,0,0
GF12_C3_d34_colon,0,0,0,0,0,0,0,0,0,0,0,0,0,0,0,0,0,0,0,0,0,0,0,0,0,0,0,0,0,0,0,0,0,0,0,0,0,0,0,0,0,0,0,0,0,0,0,0,0,0,0
GF12_C3_d92_colon,0,0,0,0,0,0,0,0,0,0,0,0,0,0,0,0,0,0,0,0,0,0,0,0,0,0,0,0,0,0,0,0,0,0,0,0,0,0,0,0,0,0,0,0,0,0,0,0,0,0,0
GF12_C4_d80_colon,0,0,0,0,0,0,0,0,0,0,0,0,0,0,0,0,0,0,0,0,0,0,0,0,0,0,0,0,0,0,0,0,0,0,0,0,0,0,0,0,0,0,0,0,0,0,0,0,0,0,0
GF12_C4_d80,0,0,0,0,0,0,0,0,0,0,0,0,0,0,0,0,0,0,0,0,0,0,0,0,0,0,0,0,0,0,0,0,0,0,0,0,0,0,0,0,0,0,0,0,0,0,0,0,0,0,0
GF12_C4_d92_colon,0,0,0,0,0,0,0,0,0,0,0,0,0,0,0,0,0,0,0,0,0,0,0,0,0,0,0,0,0,0,0,0,0,0,0,0,0,0,0,0,0,0,0,0,0,0,0,0,0,0,0
GF12_C5_d31_colon,0,0,0,0,0,0,0,0,0,0,0,0,0,0,0,0,0,0,0,0,0,0,0,0,0,0,0,0,0,0,0,0,0,0,0,0,0,0,0,0,0,0,0,0,0,0,0,0,0,0,0
GF12_C5_d80_colon,0,0,0,0,0,0,0,0,0,0,0,0,0,0,0,0,0,0,0,0,0,0,0,0,0,0,0,0,0,0,0,0,0,0,0,0,0,0,0,0,0,0,0,0,0,0,0,0,0,0,0
GF13_A1_d35_colon,0,0,0,0,0,0,0,0,0,0,0,0,0,0,0,0,0,0,0,0,0,0,0,0,0,0,0,0,0,0,0,0,0,0,0,0,0,0,0,0,0,0,0,0,0,0,0,0,0,0,0
GF13_A2_d35_colon,0,0,0,0,0,0,0,0,0,0,0,0,0,0,0,0,0,0,0,0,0,0,0,0,0,0,0,0,0,0,0,0,0,0,0,0,0,0,0,0,0,0,0,0,0,0,0,0,0,0,0
GF13_A3_d35_colon,0,0,0,0,0,0,0,0,0,0,0,0,0,0,0,0,0,0,0,0,0,0,0,0,0,0,0,0,0,0,0,0,0,0,0,0,0,0,0,0,0,0,0,0,0,0,0,0,0,0,0
GF13_A4_d35_colon,0,0,0,0,0,0,0,0,0,0,0,0,0,0,0,0,0,0,0,0,0,0,0,0,0,0,0,0,0,0,0,0,0,0,0,0,0,0,0,0,0,0,0,0,0,0,0,0,0,0,0
GF13_A5_d35_colon,0,0,0,0,0,0,0,0,0,0,0,0,0,0,0,0,0,0,0,0,0,0,0,0,0,0,0,0,0,0,0,0,0,0,0,0,0,0,0,0,0,0,0,0,0,0,0,0,0,0,0
GF13_A6_d35_colon,0,0,0,0,0,0,0,0,0,0,0,0,0,0,0,0,0,0,0,0,0,0,0,0,0,0,0,0,0,0,0,0,0,0,0,0,0,0,0,0,0,0,0,0,0,0,0,0,0,0,0
GF13_B2_d65_colon,0,0,0,0,0,0,0,0,0,0,0,0,0,0,0,0,0,0,0,0,0,0,0,0,0,0,0,0,0,0,0,0,0,0,0,0,0,0,0,0,0,0,0,0,0,0,0,0,0,0,0
GF13_B4_d65_colon,0,0,0,0,0,0,0,0,0,0,0,0,0,0,0,0,0,0,0,0,0,0,0,0,0,0,0,0,0,0,0,0,0,0,0,0,0,0,0,0,0,0,0,0,0,0,0,0,0,0,0
GF13_B6_d65_colon,0,0,0,0,0,0,0,0,0,0,0,0,0,0,0,0,0,0,0,0,0,0,0,0,0,0,0,0,0,0,0,0,0,0,0,0,0,0,0,0,0,0,0,0,0,0,0,0,0,0,0
GF13_B7_d65_colon,0,0,0,0,0,0,0,0,0,0,0,0,0,0,0,0,0,0,0,0,0,0,0,0,0,0,0,0,0,0,0,0,0,0,0,0,0,0,0,0,0,0,0,0,0,0,0,0,0,0,0
GF14_A_Dam_d0,0,0,0,0,0,0,0,0,0,0,0,0,0,0,0,0,0,0,0,0,0,0,0,0,0,0,0,0,0,0,0,0,0,0,0,0,0,0,0,0,0,0,0,0,0,0,0,0,0,0,0
GF14_B_d0_stool,0,0,0,0,0,0,0,0,0,0,0,0,0,0,0,0,0,0,0,0,0,0,0,0,0,0,0,0,0,0,0,0,0,0,0,0,0,0,0,0,0,0,0,0,0,0,0,0,0,0,0
GF14_d67_A2_stool,0,0,0,0,0,0,0,0,0,0,0,0,0,0,0,0,0,0,0,0,0,0,0,0,0,0,0,0,0,0,0,0,0,0,0,0,0,0,0,0,0,0,0,0,0,0,0,0,0,0,0
GF15_A_Dam_d0,0,0,0,0,0,0,0,0,0,0,0,0,0,0,0,0,0,0,0,0,0,0,0,0,0,0,0,0,0,0,0,0,0,0,0,0,0,0,0,0,0,0,0,0,0,0,0,0,0,0,0
GF15_A1_d32,0,0,0,0,0,0,0,0,0,0,0,0,0,0,0,0,0,0,0,0,0,0,0,0,0,0,0,0,0,0,0,0,0,0,0,0,0,0,0,0,0,0,0,0,0,0,0,0,0,0,0
GF15_a1_d74_colon,0,0,0,0,0,0,0,0,0,0,0,0,0,0,0,0,0,0,0,0,0,0,0,0,0,0,0,0,0,0,0,0,0,0,0,0,0,0,0,0,0,0,0,0,0,0,0,0,0,0,0
GF15_A3_d33,0,0,0,0,0,0,0,0,0,0,0,0,0,0,0,0,0,0,0,0,0,0,0,0,0,0,0,0,0,0,0,0,0,0,0,0,0,0,0,0,0,0,0,0,0,0,0,0,0,0,0
GF15_a3_d74_colon,0,0,0,0,0,0,0,0,0,0,0,0,0,0,0,0,0,0,0,0,0,0,0,0,0,0,0,0,0,0,0,0,0,0,0,0,0,0,0,0,0,0,0,0,0,0,0,0,0,0,0
GF15_a5_d71_colon,0,0,0,0,0,0,0,0,0,0,0,0,0,0,0,0,0,0,0,0,0,0,0,0,0,0,0,0,0,0,0,0,0,0,0,0,0,0,0,0,0,0,0,0,0,0,0,0,0,0,0
GF15_a6_d74_colon,0,0,0,0,0,0,0,0,0,0,0,0,0,0,0,0,0,0,0,0,0,0,0,0,0,0,0,0,0,0,0,0,0,0,0,0,0,0,0,0,0,0,0,0,0,0,0,0,0,0,0
GF15_a8_d74_colon,0,0,0,0,0,0,0,0,0,0,0,0,0,0,0,0,0,0,0,0,0,0,0,0,0,0,0,0,0,0,0,0,0,0,0,0,0,0,0,0,0,0,0,0,0,0,0,0,0,0,0
GF15_B7_d33,0,0,0,0,0,0,0,0,0,0,0,0,0,0,0,0,0,0,0,0,0,0,0,0,0,0,0,0,0,0,0,0,0,0,0,0,0,0,0,0,0,0,0,0,0,0,0,0,0,0,0
GF16_A4_d35_colon,0,0,0,0,0,0,0,0,0,0,0,0,0,0,0,0,0,0,0,0,0,0,0,0,0,0,0,0,0,0,0,0,0,0,0,0,0,0,0,0,0,0,0,0,0,0,0,0,0,0,0
GF16_A5_d35_colon,0,0,0,0,0,0,0,0,0,0,0,0,0,0,0,0,0,0,0,0,0,0,0,0,0,0,0,0,0,0,0,0,0,0,0,0,0,0,0,0,0,0,0,0,0,0,0,0,0,0,0
GF16_A7_d35_colon,0,0,0,0,0,0,0,0,0,0,0,0,0,0,0,0,0,0,0,0,0,0,0,0,0,0,0,0,0,0,0,0,0,0,0,0,0,0,0,0,0,0,0,0,0,0,0,0,0,0,0
GF16_ADam_do,0,0,0,0,0,0,0,0,0,0,0,0,0,0,0,0,0,0,0,0,0,0,0,0,0,0,0,0,0,0,0,0,0,0,0,0,0,0,0,0,0,0,0,0,0,0,0,0,0,0,0
GF16_B1_d34,0,0,0,0,0,0,0,0,0,0,0,0,0,0,0,0,0,0,0,0,0,0,0,0,0,0,0,0,0,0,0,0,0,0,0,0,0,0,0,0,0,0,0,0,0,0,0,0,0,0,0
GF16_B1_d35_colon,0,0,0,0,0,0,0,0,0,0,0,0,0,0,0,0,0,0,0,0,0,0,0,0,0,0,0,0,0,0,0,0,0,0,0,0,0,0,0,0,0,0,0,0,0,0,0,0,0,0,0
GF16_B3_d35_colon,0,0,0,0,0,0,0,0,0,0,0,0,0,0,0,0,0,0,0,0,0,0,0,0,0,0,0,0,0,0,0,0,0,0,0,0,0,0,0,0,0,0,0,0,0,0,0,0,0,0,0
GF16_B4_d35_colon,0,0,0,0,0,0,0,0,0,0,0,0,0,0,0,0,0,0,0,0,0,0,0,0,0,0,0,0,0,0,0,0,0,0,0,0,0,0,0,0,0,0,0,0,0,0,0,0,0,0,0
GF16_B5_d33,0,0,0,0,0,0,0,0,0,0,0,0,0,0,0,0,0,0,0,0,0,0,0,0,0,0,0,0,0,0,0,0,0,0,0,0,0,0,0,0,0,0,0,0,0,0,0,0,0,0,0
GF16_B6_d35_colon,0,0,0,0,0,0,0,0,0,0,0,0,0,0,0,0,0,0,0,0,0,0,0,0,0,0,0,0,0,0,0,0,0,0,0,0,0,0,0,0,0,0,0,0,0,0,0,0,0,0,0
GF18_b1_d35_colon,0,0,0,0,0,0,0,0,0,0,0,0,0,0,0,0,0,0,0,0,0,0,0,0,0,0,0,0,0,0,0,0,0,0,0,0,0,0,0,0,0,0,0,0,0,0,0,0,0,0,0
GF2_A0,0,0,0,0,0,0,0,0,0,0,0,0,0,0,0,0,0,0,0,0,0,0,0,0,0,0,0,0,0,0,0,0,0,0,0,0,0,0,0,0,0,0,0,0,0,0,0,0,0,0,0
GF2_A1_Liver,0,0,0,0,0,0,0,0,0,0,0,0,0,0,0,0,0,0,0,0,0,0,0,0,0,0,0,0,0,0,0,0,0,0,0,0,0,0,0,0,0,0,0,0,0,0,0,0,0,0,0
GF2_A1_Spleen,0,0,0,0,0,0,0,0,0,0,0,0,0,0,0,0,0,0,0,0,0,0,0,0,0,0,0,0,0,0,0,0,0,0,0,0,0,0,0,0,0,0,0,0,0,0,0,0,0,0,0
GF2_A2_Liver,0,0,0,0,0,0,0,0,0,0,0,0,0,0,0,0,0,0,0,0,0,0,0,0,0,0,0,0,0,0,0,0,0,0,0,0,0,0,0,0,0,0,0,0,0,0,0,0,0,0,0
GF2_A2_Spleen,0,0,0,0,0,0,0,0,0,0,0,0,0,0,0,0,0,0,0,0,0,0,0,0,0,0,0,0,0,0,0,0,0,0,0,0,0,0,0,0,0,0,0,0,0,0,0,0,0,0,0
GF2_A3_Liver,0,0,0,0,0,0,0,0,0,0,0,0,0,0,0,0,0,0,0,0,0,0,0,0,0,0,0,0,0,0,0,0,0,0,0,0,0,0,0,0,0,0,0,0,0,0,0,0,0,0,0
GF2_A3_Spleen,0,0,0,0,0,0,0,0,0,0,0,0,0,0,0,0,0,0,0,0,0,0,0,0,0,0,0,0,0,0,0,0,0,0,0,0,0,0,0,0,0,0,0,0,0,0,0,0,0,0,0
GF2_A4_Liver,0,0,0,0,0,0,0,0,0,0,0,0,0,0,0,0,0,0,0,0,0,0,0,0,0,0,0,0,0,0,0,0,0,0,0,0,0,0,0,0,0,0,0,0,0,0,0,0,0,0,0
GF2_A4_Spleen,0,0,0,0,0,0,0,0,0,0,0,0,0,0,0,0,0,0,0,0,0,0,0,0,0,0,0,0,0,0,0,0,0,0,0,0,0,0,0,0,0,0,0,0,0,0,0,0,0,0,0
GF2_A5_Liver,0,0,0,0,0,0,0,0,0,0,0,0,0,0,0,0,0,0,0,0,0,0,0,0,0,0,0,0,0,0,0,0,0,0,0,0,0,0,0,0,0,0,0,0,0,0,0,0,0,0,0
GF2_A5_Spleen,0,0,0,0,0,0,0,0,0,0,0,0,0,0,0,0,0,0,0,0,0,0,0,0,0,0,0,0,0,0,0,0,0,0,0,0,0,0,0,0,0,0,0,0,0,0,0,0,0,0,0
GF2_A6_Liver,0,0,0,0,0,0,0,0,0,0,0,0,0,0,0,0,0,0,0,0,0,0,0,0,0,0,0,0,0,0,0,0,0,0,0,0,0,0,0,0,0,0,0,0,0,0,0,0,0,0,0
GF2_A6_Spleen,0,0,0,0,0,0,0,0,0,0,0,0,0,0,0,0,0,0,0,0,0,0,0,0,0,0,0,0,0,0,0,0,0,0,0,0,0,0,0,0,0,0,0,0,0,0,0,0,0,0,0
GF2_B0,0,0,0,0,0,0,0,0,0,0,0,0,0,0,0,0,0,0,0,0,0,0,0,0,0,0,0,0,0,0,0,0,0,0,0,0,0,0,0,0,0,0,0,0,0,0,0,0,0,0,0
GF2_B1_Liver,0,0,0,0,0,0,0,0,0,0,0,0,0,0,0,0,0,0,0,0,0,0,0,0,0,0,0,0,0,0,0,0,0,0,0,0,0,0,0,0,0,0,0,0,0,0,0,0,0,0,0
GF2_B1_Spleen,0,0,0,0,0,0,0,0,0,0,0,0,0,0,0,0,0,0,0,0,0,0,0,0,0,0,0,0,0,0,0,0,0,0,0,0,0,0,0,0,0,0,0,0,0,0,0,0,0,0,0
GF2_B2_Liver,0,0,0,0,0,0,0,0,0,0,0,0,0,0,0,0,0,0,0,0,0,0,0,0,0,0,0,0,0,0,0,0,0,0,0,0,0,0,0,0,0,0,0,0,0,0,0,0,0,0,0
GF2_B2_Spleen,0,0,0,0,0,0,0,0,0,0,0,0,0,0,0,0,0,0,0,0,0,0,0,0,0,0,0,0,0,0,0,0,0,0,0,0,0,0,0,0,0,0,0,0,0,0,0,0,0,0,0
GF2_B3_COLON,0,0,0,0,0,0,0,0,0,0,0,0,0,0,0,0,0,0,0,0,0,0,0,0,0,0,0,0,0,0,0,0,0,0,0,0,0,0,0,0,0,0,0,0,0,0,0,0,0,0,0
GF2_B3_Liver,0,0,0,0,0,0,0,0,0,0,0,0,0,0,0,0,0,0,0,0,0,0,0,0,0,0,0,0,0,0,0,0,0,0,0,0,0,0,0,0,0,0,0,0,0,0,0,0,0,0,0
GF2_B3_Spleen,0,0,0,0,0,0,0,0,0,0,0,0,0,0,0,0,0,0,0,0,0,0,0,0,0,0,0,0,0,0,0,0,0,0,0,0,0,0,0,0,0,0,0,0,0,0,0,0,0,0,0
GF2_B5_Spleen,0,0,0,0,0,0,0,0,0,0,0,0,0,0,0,0,0,0,0,0,0,0,0,0,0,0,0,0,0,0,0,0,0,0,0,0,0,0,0,0,0,0,0,0,0,0,0,0,0,0,0
GF20_d123_b10,0,0,0,0,0,0,0,0,0,0,0,0,0,0,0,0,0,0,0,0,0,0,0,0,0,0,0,0,0,0,0,0,0,0,0,0,0,0,0,0,0,0,0,0,0,0,0,0,0,0,0
GF20_d127_a4,0,0,0,0,0,0,0,0,0,0,0,0,0,0,0,0,0,0,0,0,0,0,0,0,0,0,0,0,0,0,0,0,0,0,0,0,0,0,0,0,0,0,0,0,0,0,0,0,0,0,0
GF20_d127_a8,0,0,0,0,0,0,0,0,0,0,0,0,0,0,0,0,0,0,0,0,0,0,0,0,0,0,0,0,0,0,0,0,0,0,0,0,0,0,0,0,0,0,0,0,0,0,0,0,0,0,0
GF20_d127_b1,0,0,0,0,0,0,0,0,0,0,0,0,0,0,0,0,0,0,0,0,0,0,0,0,0,0,0,0,0,0,0,0,0,0,0,0,0,0,0,0,0,0,0,0,0,0,0,0,0,0,0
GF20_d127_b2,0,0,0,0,0,0,0,0,0,0,0,0,0,0,0,0,0,0,0,0,0,0,0,0,0,0,0,0,0,0,0,0,0,0,0,0,0,0,0,0,0,0,0,0,0,0,0,0,0,0,0
GF20_d127_b5,0,0,0,0,0,0,0,0,0,0,0,0,0,0,0,0,0,0,0,0,0,0,0,0,0,0,0,0,0,0,0,0,0,0,0,0,0,0,0,0,0,0,0,0,0,0,0,0,0,0,0
GF20_d127_b6,0,0,0,0,0,0,0,0,0,0,0,0,0,0,0,0,0,0,0,0,0,0,0,0,0,0,0,0,0,0,0,0,0,0,0,0,0,0,0,0,0,0,0,0,0,0,0,0,0,0,0
GF20_d127_b8,0,0,0,0,0,0,0,0,0,0,0,0,0,0,0,0,0,0,0,0,0,0,0,0,0,0,0,0,0,0,0,0,0,0,0,0,0,0,0,0,0,0,0,0,0,0,0,0,0,0,0
GF20_d140_c1,0,0,0,0,0,0,0,0,0,0,0,0,0,0,0,0,0,0,0,0,0,0,0,0,0,0,0,0,0,0,0,0,0,0,0,0,0,0,0,0,0,0,0,0,0,0,0,0,0,0,0
GF20_d140_c3,0,0,0,0,0,0,0,0,0,0,0,0,0,0,0,0,0,0,0,0,0,0,0,0,0,0,0,0,0,0,0,0,0,0,0,0,0,0,0,0,0,0,0,0,0,0,0,0,0,0,0
GF20_d140_c5,0,0,0,0,0,0,0,0,0,0,0,0,0,0,0,0,0,0,0,0,0,0,0,0,0,0,0,0,0,0,0,0,0,0,0,0,0,0,0,0,0,0,0,0,0,0,0,0,0,0,0
GF20_d140_c6,0,0,0,0,0,0,0,0,0,0,0,0,0,0,0,0,0,0,0,0,0,0,0,0,0,0,0,0,0,0,0,0,0,0,0,0,0,0,0,0,0,0,0,0,0,0,0,0,0,0,0
GF20_d140_c7,0,0,0,0,0,0,0,0,0,0,0,0,0,0,0,0,0,0,0,0,0,0,0,0,0,0,0,0,0,0,0,0,0,0,0,0,0,0,0,0,0,0,0,0,0,0,0,0,0,0,0
GF20_d140_c9,0,0,0,0,0,0,0,0,0,0,0,0,0,0,0,0,0,0,0,0,0,0,0,0,0,0,0,0,0,0,0,0,0,0,0,0,0,0,0,0,0,0,0,0,0,0,0,0,0,0,0
GF20_d35_b5,0,0,0,0,0,0,0,0,0,0,0,0,0,0,0,0,0,0,0,0,0,0,0,0,0,0,0,0,0,0,0,0,0,0,0,0,0,0,0,0,0,0,0,0,0,0,0,0,0,0,0
GF20_d36_b1,0,0,0,0,0,0,0,0,0,0,0,0,0,0,0,0,0,0,0,0,0,0,0,0,0,0,0,0,0,0,0,0,0,0,0,0,0,0,0,0,0,0,0,0,0,0,0,0,0,0,0
GF20_d36_b3,0,0,0,0,0,0,0,0,0,0,0,0,0,0,0,0,0,0,0,0,0,0,0,0,0,0,0,0,0,0,0,0,0,0,0,0,0,0,0,0,0,0,0,0,0,0,0,0,0,0,0
GF20_d36_b4,0,0,0,0,0,0,0,0,0,0,0,0,0,0,0,0,0,0,0,0,0,0,0,0,0,0,0,0,0,0,0,0,0,0,0,0,0,0,0,0,0,0,0,0,0,0,0,0,0,0,0
GF20_d40_c1,0,0,0,0,0,0,0,0,0,0,0,0,0,0,0,0,0,0,0,0,0,0,0,0,0,0,0,0,0,0,0,0,0,0,0,0,0,0,0,0,0,0,0,0,0,0,0,0,0,0,0
GF20_d40_c2,0,0,0,0,0,0,0,0,0,0,0,0,0,0,0,0,0,0,0,0,0,0,0,0,0,0,0,0,0,0,0,0,0,0,0,0,0,0,0,0,0,0,0,0,0,0,0,0,0,0,0
GF20_d40_c4,0,0,0,0,0,0,0,0,0,0,0,0,0,0,0,0,0,0,0,0,0,0,0,0,0,0,0,0,0,0,0,0,0,0,0,0,0,0,0,0,0,0,0,0,0,0,0,0,0,0,0
GF20_d89_b4,0,0,0,0,0,0,0,0,0,0,0,0,0,0,0,0,0,0,0,0,0,0,0,0,0,0,0,0,0,0,0,0,0,0,0,0,0,0,0,0,0,0,0,0,0,0,0,0,0,0,0
GF20_d89_b7,0,0,0,0,0,0,0,0,0,0,0,0,0,0,0,0,0,0,0,0,0,0,0,0,0,0,0,0,0,0,0,0,0,0,0,0,0,0,0,0,0,0,0,0,0,0,0,0,0,0,0
GF23_d0_dama,0,0,0,0,0,0,0,0,0,0,0,0,0,0,0,0,0,0,0,0,0,0,0,0,0,0,0,0,0,0,0,0,0,0,0,0,0,0,0,0,0,0,0,0,0,0,0,0,0,0,0
GF23_d0_damb,0,0,0,0,0,0,0,0,0,0,0,0,0,0,0,0,0,0,0,0,0,0,0,0,0,0,0,0,0,0,0,0,0,0,0,0,0,0,0,0,0,0,0,0,0,0,0,0,0,0,0
GF23_d0_damc,0,0,0,0,0,0,0,0,0,0,0,0,0,0,0,0,0,0,0,0,0,0,0,0,0,0,0,0,0,0,0,0,0,0,0,0,0,0,0,0,0,0,0,0,0,0,0,0,0,0,0
GF23_d10_damc,0,0,0,0,0,0,0,0,0,0,0,0,0,0,0,0,0,0,0,0,0,0,0,0,0,0,0,0,0,0,0,0,0,0,0,0,0,0,0,0,0,0,0,0,0,0,0,0,0,0,0
GF23_d32_dama,0,0,0,0,0,0,0,0,0,0,0,0,0,0,0,0,0,0,0,0,0,0,0,0,0,0,0,0,0,0,0,0,0,0,0,0,0,0,0,0,0,0,0,0,0,0,0,0,0,0,0
GF23_d32_damc,0,0,0,0,0,0,0,0,0,0,0,0,0,0,0,0,0,0,0,0,0,0,0,0,0,0,0,0,0,0,0,0,0,0,0,0,0,0,0,0,0,0,0,0,0,0,0,0,0,0,0
GF23_d80_c5,0,0,0,0,0,0,0,0,0,0,0,0,0,0,0,0,0,0,0,0,0,0,0,0,0,0,0,0,0,0,0,0,0,0,0,0,0,0,0,0,0,0,0,0,0,0,0,0,0,0,0
GF23_d82_c2,0,0,0,0,0,0,0,0,0,0,0,0,0,0,0,0,0,0,0,0,0,0,0,0,0,0,0,0,0,0,0,0,0,0,0,0,0,0,0,0,0,0,0,0,0,0,0,0,0,0,0
GF23_d82_c6,0,0,0,0,0,0,0,0,0,0,0,0,0,0,0,0,0,0,0,0,0,0,0,0,0,0,0,0,0,0,0,0,0,0,0,0,0,0,0,0,0,0,0,0,0,0,0,0,0,0,0
GF23_d83_c4,0,0,0,0,0,0,0,0,0,0,0,0,0,0,0,0,0,0,0,0,0,0,0,0,0,0,0,0,0,0,0,0,0,0,0,0,0,0,0,0,0,0,0,0,0,0,0,0,0,0,0
GF23_d83_c5,0,0,0,0,0,0,0,0,0,0,0,0,0,0,0,0,0,0,0,0,0,0,0,0,0,0,0,0,0,0,0,0,0,0,0,0,0,0,0,0,0,0,0,0,0,0,0,0,0,0,0
GF4_A0,0,0,0,0,0,0,0,0,0,0,0,0,0,0,0,0,0,0,0,0,0,0,0,0,0,0,0,0,0,0,0,0,0,0,0,0,0,0,0,0,0,0,0,0,0,0,0,0,0,0,0
GF4_B0,0,0,0,0,0,0,0,0,0,0,0,0,0,0,0,0,0,0,0,0,0,0,0,0,0,0,0,0,0,0,0,0,0,0,0,0,0,0,0,0,0,0,0,0,0,0,0,0,0,0,0
GF4_B2_d37,0,0,0,0,0,0,0,0,0,0,0,0,0,0,0,0,0,0,0,0,0,0,0,0,0,0,0,0,0,0,0,0,0,0,0,0,0,0,0,0,0,0,0,0,0,0,0,0,0,0,0
GF4_B3_d38,0,0,0,0,0,0,0,0,0,0,0,0,0,0,0,0,0,0,0,0,0,0,0,0,0,0,0,0,0,0,0,0,0,0,0,0,0,0,0,0,0,0,0,0,0,0,0,0,0,0,0
GF4_B3_MLN,0,0,0,0,0,0,0,0,0,0,0,0,0,0,0,0,0,0,0,0,0,0,0,0,0,0,0,0,0,0,0,0,0,0,0,0,0,0,0,0,0,0,0,0,0,0,0,0,0,0,0
GF4_B4_d37,0,0,0,0,0,0,0,0,0,0,0,0,0,0,0,0,0,0,0,0,0,0,0,0,0,0,0,0,0,0,0,0,0,0,0,0,0,0,0,0,0,0,0,0,0,0,0,0,0,0,0
GF4_C0,0,0,0,0,0,0,0,0,0,0,0,0,0,0,0,0,0,0,0,0,0,0,0,0,0,0,0,0,0,0,0,0,0,0,0,0,0,0,0,0,0,0,0,0,0,0,0,0,0,0,0
GF4_C1_d41,0,0,0,0,0,0,0,0,0,0,0,0,0,0,0,0,0,0,0,0,0,0,0,0,0,0,0,0,0,0,0,0,0,0,0,0,0,0,0,0,0,0,0,0,0,0,0,0,0,0,0
GF4_C1_MLN,0,0,0,0,0,0,0,0,0,0,0,0,0,0,0,0,0,0,0,0,0,0,0,0,0,0,0,0,0,0,0,0,0,0,0,0,0,0,0,0,0,0,0,0,0,0,0,0,0,0,0
GF4_C2_MLN,0,0,0,0,0,0,0,0,0,0,0,0,0,0,0,0,0,0,0,0,0,0,0,0,0,0,0,0,0,0,0,0,0,0,0,0,0,0,0,0,0,0,0,0,0,0,0,0,0,0,0
GF4_C3_d41,0,0,0,0,0,0,0,0,0,0,0,0,0,0,0,0,0,0,0,0,0,0,0,0,0,0,0,0,0,0,0,0,0,0,0,0,0,0,0,0,0,0,0,0,0,0,0,0,0,0,0
GF4_C3_MLN,0,0,0,0,0,0,0,0,0,0,0,0,0,0,0,0,0,0,0,0,0,0,0,0,0,0,0,0,0,0,0,0,0,0,0,0,0,0,0,0,0,0,0,0,0,0,0,0,0,0,0
GF4_C4_d38,0,0,0,0,0,0,0,0,0,0,0,0,0,0,0,0,0,0,0,0,0,0,0,0,0,0,0,0,0,0,0,0,0,0,0,0,0,0,0,0,0,0,0,0,0,0,0,0,0,0,0
GF4_C5_MLN,0,0,0,0,0,0,0,0,0,0,0,0,0,0,0,0,0,0,0,0,0,0,0,0,0,0,0,0,0,0,0,0,0,0,0,0,0,0,0,0,0,0,0,0,0,0,0,0,0,0,0
GF4_EMPTY,0,0,0,0,0,0,0,0,0,0,0,0,0,0,0,0,0,0,0,0,0,0,0,0,0,0,0,0,0,0,0,0,0,0,0,0,0,0,0,0,0,0,0,0,0,0,0,0,0,0,0
GF4_W1,0,0,0,0,0,0,0,0,0,0,0,0,0,0,0,0,0,0,0,0,0,0,0,0,0,0,0,0,0,0,0,0,0,0,0,0,0,0,0,0,0,0,0,0,0,0,0,0,0,0,0
GF4_W2,0,0,0,0,0,0,0,0,0,0,0,0,0,0,0,0,0,0,0,0,0,0,0,0,0,0,0,0,0,0,0,0,0,0,0,0,0,0,0,0,0,0,0,0,0,0,0,0,0,0,0
GF4_W3,0,0,0,0,0,0,0,0,0,0,0,0,0,0,0,0,0,0,0,0,0,0,0,0,0,0,0,0,0,0,0,0,0,0,0,0,0,0,0,0,0,0,0,0,0,0,0,0,0,0,0
GF4_W4,0,0,0,0,0,0,0,0,0,0,0,0,0,0,0,0,0,0,0,0,0,0,0,0,0,0,0,0,0,0,0,0,0,0,0,0,0,0,0,0,0,0,0,0,0,0,0,0,0,0,0
GF4_W5,0,0,0,0,0,0,0,0,0,0,0,0,0,0,0,0,0,0,0,0,0,0,0,0,0,0,0,0,0,0,0,0,0,0,0,0,0,0,0,0,0,0,0,0,0,0,0,0,0,0,0
GF5_A1_COLON_190628,0,0,0,0,0,0,0,0,0,0,0,0,0,0,0,0,0,0,0,0,0,0,0,0,0,0,0,0,0,0,0,0,0,0,0,0,0,0,0,0,0,0,0,0,0,0,0,0,0,0,0
GF5_A1_D82,0,0,0,0,0,0,0,0,0,0,0,0,0,0,0,0,0,0,0,0,0,0,0,0,0,0,0,0,0,0,0,0,0,0,0,0,0,0,0,0,0,0,0,0,0,0,0,0,0,0,0
GF5_A3_D80,0,0,0,0,0,0,0,0,0,0,0,0,0,0,0,0,0,0,0,0,0,0,0,0,0,0,0,0,0,0,0,0,0,0,0,0,0,0,0,0,0,0,0,0,0,0,0,0,0,0,0
GF5_A4_COLON_190628,0,0,0,0,0,0,0,0,0,0,0,0,0,0,0,0,0,0,0,0,0,0,0,0,0,0,0,0,0,0,0,0,0,0,0,0,0,0,0,0,0,0,0,0,0,0,0,0,0,0,0
GF5_A4_D79,0,0,0,0,0,0,0,0,0,0,0,0,0,0,0,0,0,0,0,0,0,0,0,0,0,0,0,0,0,0,0,0,0,0,0,0,0,0,0,0,0,0,0,0,0,0,0,0,0,0,0
GF5_A5_D47,0,0,0,0,0,0,0,0,0,0,0,0,0,0,0,0,0,0,0,0,0,0,0,0,0,0,0,0,0,0,0,0,0,0,0,0,0,0,0,0,0,0,0,0,0,0,0,0,0,0,0
GF5_A6_COLON_190628,0,0,0,0,0,0,0,0,0,0,0,0,0,0,0,0,0,0,0,0,0,0,0,0,0,0,0,0,0,0,0,0,0,0,0,0,0,0,0,0,0,0,0,0,0,0,0,0,0,0,0
GF5_A7_COLON_190628,0,0,0,0,0,0,0,0,0,0,0,0,0,0,0,0,0,0,0,0,0,0,0,0,0,0,0,0,0,0,0,0,0,0,0,0,0,0,0,0,0,0,0,0,0,0,0,0,0,0,0
GF5_B_COLON_M3,0,0,0,0,0,0,0,0,0,0,0,0,0,0,0,0,0,0,0,0,0,0,0,0,0,0,0,0,0,0,0,0,0,0,0,0,0,0,0,0,0,0,0,0,0,0,0,0,0,0,0
GF5_B_COLON_M4,0,0,0,0,0,0,0,0,0,0,0,0,0,0,0,0,0,0,0,0,0,0,0,0,0,0,0,0,0,0,0,0,0,0,0,0,0,0,0,0,0,0,0,0,0,0,0,0,0,0,0
GF5_B7_D84,0,0,0,0,0,0,0,0,0,0,0,0,0,0,0,0,0,0,0,0,0,0,0,0,0,0,0,0,0,0,0,0,0,0,0,0,0,0,0,0,0,0,0,0,0,0,0,0,0,0,0
GF5_C_DAM_D0,0,0,0,0,0,0,0,0,0,0,0,0,0,0,0,0,0,0,0,0,0,0,0,0,0,0,0,0,0,0,0,0,0,0,0,0,0,0,0,0,0,0,0,0,0,0,0,0,0,0,0
GF5_EMPTY,0,0,0,0,0,0,0,0,0,0,0,0,0,0,0,0,0,0,0,0,0,0,0,0,0,0,0,0,0,0,0,0,0,0,0,0,0,0,0,0,0,0,0,0,0,0,0,0,0,0,0
GF6_A1_D88,0,0,0,0,0,0,0,0,0,0,0,0,0,0,0,0,0,0,0,0,0,0,0,0,0,0,0,0,0,0,0,0,0,0,0,0,0,0,0,0,0,0,0,0,0,0,0,0,0,0,0
GF6_ADAM_D67,0,0,0,0,0,0,0,0,0,0,0,0,0,0,0,0,0,0,0,0,0,0,0,0,0,0,0,0,0,0,0,0,0,0,0,0,0,0,0,0,0,0,0,0,0,0,0,0,0,0,0
GF6_B1_COLON_D105,0,0,0,0,0,0,0,0,0,0,0,0,0,0,0,0,0,0,0,0,0,0,0,0,0,0,0,0,0,0,0,0,0,0,0,0,0,0,0,0,0,0,0,0,0,0,0,0,0,0,0
GF6_B10_D66,0,0,0,0,0,0,0,0,0,0,0,0,0,0,0,0,0,0,0,0,0,0,0,0,0,0,0,0,0,0,0,0,0,0,0,0,0,0,0,0,0,0,0,0,0,0,0,0,0,0,0
GF6_B4_D90,0,0,0,0,0,0,0,0,0,0,0,0,0,0,0,0,0,0,0,0,0,0,0,0,0,0,0,0,0,0,0,0,0,0,0,0,0,0,0,0,0,0,0,0,0,0,0,0,0,0,0
GF6_B5_D87,0,0,0,0,0,0,0,0,0,0,0,0,0,0,0,0,0,0,0,0,0,0,0,0,0,0,0,0,0,0,0,0,0,0,0,0,0,0,0,0,0,0,0,0,0,0,0,0,0,0,0
GF6_B9_D63,0,0,0,0,0,0,0,0,0,0,0,0,0,0,0,0,0,0,0,0,0,0,0,0,0,0,0,0,0,0,0,0,0,0,0,0,0,0,0,0,0,0,0,0,0,0,0,0,0,0,0
GF6_GF6MERO3_COLON,0,0,0,0,0,0,0,0,0,0,0,0,0,0,0,0,0,0,0,0,0,0,0,0,0,0,0,0,0,0,0,0,0,0,0,0,0,0,0,0,0,0,0,0,0,0,0,0,0,0,0
GF6_GFMERO1_COLON,0,0,0,0,0,0,0,0,0,0,0,0,0,0,0,0,0,0,0,0,0,0,0,0,0,0,0,0,0,0,0,0,0,0,0,0,0,0,0,0,0,0,0,0,0,0,0,0,0,0,0
GF6_GFMERO2_COLON,0,0,0,0,0,0,0,0,0,0,0,0,0,0,0,0,0,0,0,0,0,0,0,0,0,0,0,0,0,0,0,0,0,0,0,0,0,0,0,0,0,0,0,0,0,0,0,0,0,0,0
GF6_WATER_D9,0,0,0,0,0,0,0,0,0,0,0,0,0,0,0,0,0,0,0,0,0,0,0,0,0,0,0,0,0,0,0,0,0,0,0,0,0,0,0,0,0,0,0,0,0,0,0,0,0,0,0
GF6_WATER_H12,0,0,0,0,0,0,0,0,0,0,0,0,0,0,0,0,0,0,0,0,0,0,0,0,0,0,0,0,0,0,0,0,0,0,0,0,0,0,0,0,0,0,0,0,0,0,0,0,0,0,0
GF6_WATER,0,0,0,0,0,0,0,0,0,0,0,0,0,0,0,0,0,0,0,0,0,0,0,0,0,0,0,0,0,0,0,0,0,0,0,0,0,0,0,0,0,0,0,0,0,0,0,0,0,0,0
GF7_ASIRE_D22,0,0,0,0,0,0,0,0,0,0,0,0,0,0,0,0,0,0,0,0,0,0,0,0,0,0,0,0,0,0,0,0,0,0,0,0,0,0,0,0,0,0,0,0,0,0,0,0,0,0,0
GF7_B7_COLON_D47,0,0,0,0,0,0,0,0,0,0,0,0,0,0,0,0,0,0,0,0,0,0,0,0,0,0,0,0,0,0,0,0,0,0,0,0,0,0,0,0,0,0,0,0,0,0,0,0,0,0,0
GF7_WATER_A12,0,0,0,0,0,0,0,0,0,0,0,0,0,0,0,0,0,0,0,0,0,0,0,0,0,0,0,0,0,0,0,0,0,0,0,0,0,0,0,0,0,0,0,0,0,0,0,0,0,0,0
GF7_WATER_B7,0,0,0,0,0,0,0,0,0,0,0,0,0,0,0,0,0,0,0,0,0,0,0,0,0,0,0,0,0,0,0,0,0,0,0,0,0,0,0,0,0,0,0,0,0,0,0,0,0,0,0
GF7_WATER_C8,0,0,0,0,0,0,0,0,0,0,0,0,0,0,0,0,0,0,0,0,0,0,0,0,0,0,0,0,0,0,0,0,0,0,0,0,0,0,0,0,0,0,0,0,0,0,0,0,0,0,0
GF7_WATER_D9,0,0,0,0,0,0,0,0,0,0,0,0,0,0,0,0,0,0,0,0,0,0,0,0,0,0,0,0,0,0,0,0,0,0,0,0,0,0,0,0,0,0,0,0,0,0,0,0,0,0,0
GF7_WATER_H2,0,0,0,0,0,0,0,0,0,0,0,0,0,0,0,0,0,0,0,0,0,0,0,0,0,0,0,0,0,0,0,0,0,0,0,0,0,0,0,0,0,0,0,0,0,0,0,0,0,0,0
GF7_WATER_H8,0,0,0,0,0,0,0,0,0,0,0,0,0,0,0,0,0,0,0,0,0,0,0,0,0,0,0,0,0,0,0,0,0,0,0,0,0,0,0,0,0,0,0,0,0,0,0,0,0,0,0
GF8_C7_D34,0,0,0,0,0,0,0,0,0,0,0,0,0,0,0,0,0,0,0,0,0,0,0,0,0,0,0,0,0,0,0,0,0,0,0,0,0,0,0,0,0,0,0,0,0,0,0,0,0,0,0
Gn3_6A_dam,0,0,0,0,0,0,0,0,0,0,0,0,0,0,0,0,0,0,0,0,0,0,0,0,0,0,0,0,0,0,0,0,0,0,0,0,0,0,0,0,0,0,0,0,0,0,0,0,0,0,0
Gn3_6Adam_Stool,0,0,0,0,0,0,0,0,0,0,0,0,0,0,0,0,0,0,0,0,0,0,0,0,0,0,0,0,0,0,0,0,0,0,0,0,0,0,0,0,0,0,0,0,0,0,0,0,0,0,0
Gn3_8Ddam_Stool_211105-1,0,0,0,0,0,0,0,0,0,0,0,0,0,0,0,0,0,0,0,0,0,0,0,0,0,0,0,0,0,0,0,0,0,0,0,0,0,0,0,0,0,0,0,0,0,0,0,0,0,0,0
Gn3_AB11_Cwash,0,0,0,0,0,0,0,0,0,0,0,0,0,0,0,0,0,0,0,0,0,0,0,0,0,0,0,0,0,0,0,0,0,0,0,0,0,0,0,0,0,0,0,0,0,0,0,0,0,0,0
Gn3_AB12_Cwash,0,0,0,0,0,0,0,0,0,0,0,0,0,0,0,0,0,0,0,0,0,0,0,0,0,0,0,0,0,0,0,0,0,0,0,0,0,0,0,0,0,0,0,0,0,0,0,0,0,0,0
Gn3_B1_Cwash,0,0,0,0,0,0,0,0,0,0,0,0,0,0,0,0,0,0,0,0,0,0,0,0,0,0,0,0,0,0,0,0,0,0,0,0,0,0,0,0,0,0,0,0,0,0,0,0,0,0,0
Gn3_B2_Cwash,0,0,0,0,0,0,0,0,0,0,0,0,0,0,0,0,0,0,0,0,0,0,0,0,0,0,0,0,0,0,0,0,0,0,0,0,0,0,0,0,0,0,0,0,0,0,0,0,0,0,0
Gn3_B3_Cwash,0,0,0,0,0,0,0,0,0,0,0,0,0,0,0,0,0,0,0,0,0,0,0,0,0,0,0,0,0,0,0,0,0,0,0,0,0,0,0,0,0,0,0,0,0,0,0,0,0,0,0
Gn3_B4_Cwash,0,0,0,0,0,0,0,0,0,0,0,0,0,0,0,0,0,0,0,0,0,0,0,0,0,0,0,0,0,0,0,0,0,0,0,0,0,0,0,0,0,0,0,0,0,0,0,0,0,0,0
Gn3_B5_Cwash,0,0,0,0,0,0,0,0,0,0,0,0,0,0,0,0,0,0,0,0,0,0,0,0,0,0,0,0,0,0,0,0,0,0,0,0,0,0,0,0,0,0,0,0,0,0,0,0,0,0,0
Gn3_B6_Cwash,0,0,0,0,0,0,0,0,0,0,0,0,0,0,0,0,0,0,0,0,0,0,0,0,0,0,0,0,0,0,0,0,0,0,0,0,0,0,0,0,0,0,0,0,0,0,0,0,0,0,0
Gn3_BV7_Cwash,0,0,0,0,0,0,0,0,0,0,0,0,0,0,0,0,0,0,0,0,0,0,0,0,0,0,0,0,0,0,0,0,0,0,0,0,0,0,0,0,0,0,0,0,0,0,0,0,0,0,0
Gn3_BV8_Cwash,0,0,0,0,0,0,0,0,0,0,0,0,0,0,0,0,0,0,0,0,0,0,0,0,0,0,0,0,0,0,0,0,0,0,0,0,0,0,0,0,0,0,0,0,0,0,0,0,0,0,0
Gn3_PBS_Innoc,0,0,0,0,0,0,0,0,0,0,0,0,0,0,0,0,0,0,0,0,0,0,0,0,0,0,0,0,0,0,0,0,0,0,0,0,0,0,0,0,0,0,0,0,0,0,0,0,0,0,0
Gn3_PBS1_Cwash,0,0,0,0,0,0,0,0,0,0,0,0,0,0,0,0,0,0,0,0,0,0,0,0,0,0,0,0,0,0,0,0,0,0,0,0,0,0,0,0,0,0,0,0,0,0,0,0,0,0,0
Gn3_PBS2_dam,0,0,0,0,0,0,0,0,0,0,0,0,0,0,0,0,0,0,0,0,0,0,0,0,0,0,0,0,0,0,0,0,0,0,0,0,0,0,0,0,0,0,0,0,0,0,0,0,0,0,0
Gn3_PBS3_Cwash,0,0,0,0,0,0,0,0,0,0,0,0,0,0,0,0,0,0,0,0,0,0,0,0,0,0,0,0,0,0,0,0,0,0,0,0,0,0,0,0,0,0,0,0,0,0,0,0,0,0,0