Sample,Clostridium,Klebsiella,Erysipelatoclostridium,Clostridioides,Enterococcus,Veillonella,Proteus,Citrobacter,Escherichia,Peptoniphilus,Campylobacter,Varibaculum,Finegoldia,Gemella,Bacteroides,Akkermansia,Lactobacillus,Blautia,Lachnoclostridium,Parasutterella,Proteobacteria_unclassified,Turicimonas,Streptococcus,Staphylococcus,Sphingomonas,Anaerococcus,Bifidobacterium,Morganella,Negativicoccus,Actinomyces,Corynebacterium,Dermabacter,Aeriscardovia,Mycobacteroides,Lachnospiraceae_unclassified,Acutalibacter,Anaerotruncus,Dorea,Enterorhabdus,Oscillibacter,Cutibacterium,Fusobacterium,Enterobacter,Serratia,Pseudomonas,Leclercia,Achromobacter,Pedobacter,Delftia,Paenibacillus,Acinetobacter,Ruthenibacterium
B1,67.37624,22.15504,4.02032,3.74039,2.32868,0.14474,0.13714,0.081,0.01645,0,0,0,0,0,0,0,0,0,0,0,0,0,0,0,0,0,0,0,0,0,0,0,0,0,0,0,0,0,0,0,0,0,0,0,0,0,0,0,0,0,0,0
B1-colon,64.96095,1.49469,13.83594,10.87534,0.09085,6.06231,0,0,0,1.70243,0.59563,0.38186,0,0,0,0,0,0,0,0,0,0,0,0,0,0,0,0,0,0,0,0,0,0,0,0,0,0,0,0,0,0,0,0,0,0,0,0,0,0,0,0
B1-d31,1.78602,92.97443,0,1.28649,3.55941,0,0.39366,0,0,0,0,0,0,0,0,0,0,0,0,0,0,0,0,0,0,0,0,0,0,0,0,0,0,0,0,0,0,0,0,0,0,0,0,0,0,0,0,0,0,0,0,0
b1-d33,11.27706,74.47348,0.6068,3.0703,6.05101,0,3.75844,0,0.38056,0,0,0,0.38236,0,0,0,0,0,0,0,0,0,0,0,0,0,0,0,0,0,0,0,0,0,0,0,0,0,0,0,0,0,0,0,0,0,0,0,0,0,0,0
B1-d39,48.15972,8.61588,26.3323,8.0975,1.64942,2.62734,0.90927,1.68274,0.75505,1.0478,0,0,0,0.12297,0,0,0,0,0,0,0,0,0,0,0,0,0,0,0,0,0,0,0,0,0,0,0,0,0,0,0,0,0,0,0,0,0,0,0,0,0,0
B1-d40,44.3966,10.90262,24.82659,8.88552,1.56764,3.47227,0.96898,2.40546,1.41095,1.04469,0,0,0,0.11868,0,0,0,0,0,0,0,0,0,0,0,0,0,0,0,0,0,0,0,0,0,0,0,0,0,0,0,0,0,0,0,0,0,0,0,0,0,0
B1-d48,57.6682,4.20876,17.34769,8.70245,1.46147,6.09007,0.7257,0.89302,0.04007,1.10832,1.46598,0.20184,0,0.08642,0,0,0,0,0,0,0,0,0,0,0,0,0,0,0,0,0,0,0,0,0,0,0,0,0,0,0,0,0,0,0,0,0,0,0,0,0,0
B19,52.4373,4.27581,21.42473,9.45234,1.45915,3.46248,0.63317,0.39206,0.30929,1.81373,1.62405,2.43851,0.27738,0,0,0,0,0,0,0,0,0,0,0,0,0,0,0,0,0,0,0,0,0,0,0,0,0,0,0,0,0,0,0,0,0,0,0,0,0,0,0
B2-d29,0,99.76684,0,0,0.23316,0,0,0,0,0,0,0,0,0,0,0,0,0,0,0,0,0,0,0,0,0,0,0,0,0,0,0,0,0,0,0,0,0,0,0,0,0,0,0,0,0,0,0,0,0,0,0
b2-d33,20.59602,67.3999,4.53197,3.45998,1.54524,0,0.08691,0.05182,0.95032,0,0,0,1.37785,0,0,0,0,0,0,0,0,0,0,0,0,0,0,0,0,0,0,0,0,0,0,0,0,0,0,0,0,0,0,0,0,0,0,0,0,0,0,0
B2-d39,56.90304,8.30665,20.18957,8.34278,3.12273,0.36534,0.96028,1.6268,0.1828,0,0,0,0,0,0,0,0,0,0,0,0,0,0,0,0,0,0,0,0,0,0,0,0,0,0,0,0,0,0,0,0,0,0,0,0,0,0,0,0,0,0,0
B3,72.22489,4.77541,9.47651,7.0759,1.36611,1.47522,1.6167,1.91257,0.0767,0,0,0,0,0,0,0,0,0,0,0,0,0,0,0,0,0,0,0,0,0,0,0,0,0,0,0,0,0,0,0,0,0,0,0,0,0,0,0,0,0,0,0
B3-d34,36.25416,38.47379,14.44297,2.35398,2.56496,0,0.12973,4.20943,0.79495,0,0,0,0.77603,0,0,0,0,0,0,0,0,0,0,0,0,0,0,0,0,0,0,0,0,0,0,0,0,0,0,0,0,0,0,0,0,0,0,0,0,0,0,0
B3-d39,48.41259,8.65824,28.55902,8.5714,1.96526,0.90317,0.50469,0.80907,1.54964,0.06501,0,0,0,0.00191,0,0,0,0,0,0,0,0,0,0,0,0,0,0,0,0,0,0,0,0,0,0,0,0,0,0,0,0,0,0,0,0,0,0,0,0,0,0
B3-d40,49.18513,14.27319,17.05069,7.99005,3.79522,2.90252,2.43989,0.88739,1.42713,0.04723,0,0,0,0.00157,0,0,0,0,0,0,0,0,0,0,0,0,0,0,0,0,0,0,0,0,0,0,0,0,0,0,0,0,0,0,0,0,0,0,0,0,0,0
B3-d48,58.26368,2.38656,20.31298,6.89997,1.20745,5.85557,0.7994,0.94979,0.03722,0.77345,1.45711,1.04427,0.01257,0,0,0,0,0,0,0,0,0,0,0,0,0,0,0,0,0,0,0,0,0,0,0,0,0,0,0,0,0,0,0,0,0,0,0,0,0,0,0
B4-d29,1.35531,97.02814,0,0.52607,1.09048,0,0,0,0,0,0,0,0,0,0,0,0,0,0,0,0,0,0,0,0,0,0,0,0,0,0,0,0,0,0,0,0,0,0,0,0,0,0,0,0,0,0,0,0,0,0,0
B4-d34,23.94357,66.33809,3.5878,2.77435,2.37855,0.1092,0.3787,0.14108,0.15776,0,0,0,0.19089,0,0,0,0,0,0,0,0,0,0,0,0,0,0,0,0,0,0,0,0,0,0,0,0,0,0,0,0,0,0,0,0,0,0,0,0,0,0,0
B4-d40,40.82568,15.06778,24.39993,10.32911,2.79956,4.27037,0.58055,1.36708,0.32938,0.02804,0.00252,0,0,0,0,0,0,0,0,0,0,0,0,0,0,0,0,0,0,0,0,0,0,0,0,0,0,0,0,0,0,0,0,0,0,0,0,0,0,0,0,0
B4-d48,62.46867,4.73886,13.95921,7.78282,1.50378,5.69167,0.90275,1.21694,0.03546,0.07253,1.62731,0,0,0,0,0,0,0,0,0,0,0,0,0,0,0,0,0,0,0,0,0,0,0,0,0,0,0,0,0,0,0,0,0,0,0,0,0,0,0,0,0
B5-d29,0,99.92019,0,0,0.07981,0,0,0,0,0,0,0,0,0,0,0,0,0,0,0,0,0,0,0,0,0,0,0,0,0,0,0,0,0,0,0,0,0,0,0,0,0,0,0,0,0,0,0,0,0,0,0
b5-d33,8.8299,82.14489,0.19784,3.04019,5.5417,0,0.24548,0,0,0,0,0,0,0,0,0,0,0,0,0,0,0,0,0,0,0,0,0,0,0,0,0,0,0,0,0,0,0,0,0,0,0,0,0,0,0,0,0,0,0,0,0
B5-d39,43.95828,12.13682,26.53742,8.3774,1.69305,3.94144,1.01437,1.46822,0.42504,0.4072,0,0.00433,0.00539,0.03105,0,0,0,0,0,0,0,0,0,0,0,0,0,0,0,0,0,0,0,0,0,0,0,0,0,0,0,0,0,0,0,0,0,0,0,0,0,0
B5-d40,56.72546,8.52146,18.33341,9.74765,2.2501,1.24048,1.1601,2.02134,0,0,0,0,0,0,0,0,0,0,0,0,0,0,0,0,0,0,0,0,0,0,0,0,0,0,0,0,0,0,0,0,0,0,0,0,0,0,0,0,0,0,0,0
B5-d48,61.52039,3.21815,13.26462,8.12539,1.13386,5.3786,0.57914,3.67514,0,1.35924,1.26579,0.32423,0.01799,0.13746,0,0,0,0,0,0,0,0,0,0,0,0,0,0,0,0,0,0,0,0,0,0,0,0,0,0,0,0,0,0,0,0,0,0,0,0,0,0
B6-d29,0,98.96293,0,0,0.93581,0,0,0,0.10126,0,0,0,0,0,0,0,0,0,0,0,0,0,0,0,0,0,0,0,0,0,0,0,0,0,0,0,0,0,0,0,0,0,0,0,0,0,0,0,0,0,0,0
b6-d33,6.9501,83.97228,0.4913,2.16397,5.50935,0,0.11435,0,0.79866,0,0,0,0,0,0,0,0,0,0,0,0,0,0,0,0,0,0,0,0,0,0,0,0,0,0,0,0,0,0,0,0,0,0,0,0,0,0,0,0,0,0,0
B6-d34,24.94452,55.85981,9.25291,2.86974,3.20839,0,0.05507,0,3.19426,0,0,0,0.61529,0,0,0,0,0,0,0,0,0,0,0,0,0,0,0,0,0,0,0,0,0,0,0,0,0,0,0,0,0,0,0,0,0,0,0,0,0,0,0
B6-d39,54.93361,6.95819,24.60738,8.58325,2.37694,0.24722,0.85528,1.07449,0.36365,0,0,0,0,0,0,0,0,0,0,0,0,0,0,0,0,0,0,0,0,0,0,0,0,0,0,0,0,0,0,0,0,0,0,0,0,0,0,0,0,0,0,0
B6-d40,52.67065,11.56928,17.52628,8.81944,2.57808,3.91026,1.07128,1.64875,0.206,0,0,0,0,0,0,0,0,0,0,0,0,0,0,0,0,0,0,0,0,0,0,0,0,0,0,0,0,0,0,0,0,0,0,0,0,0,0,0,0,0,0,0
B6-d48,58.19296,4.21536,16.60002,7.24616,1.36818,6.37887,0.81078,0.84114,0.02166,1.85922,1.53435,0.79154,0.00053,0.13922,0,0,0,0,0,0,0,0,0,0,0,0,0,0,0,0,0,0,0,0,0,0,0,0,0,0,0,0,0,0,0,0,0,0,0,0,0,0
B7-d29,0,99.59761,0,0,0.40239,0,0,0,0,0,0,0,0,0,0,0,0,0,0,0,0,0,0,0,0,0,0,0,0,0,0,0,0,0,0,0,0,0,0,0,0,0,0,0,0,0,0,0,0,0,0,0
b7-d33,14.25428,77.81216,0.54056,2.11734,5.27567,0,0,0,0,0,0,0,0,0,0,0,0,0,0,0,0,0,0,0,0,0,0,0,0,0,0,0,0,0,0,0,0,0,0,0,0,0,0,0,0,0,0,0,0,0,0,0
B7-d40,36.50636,16.59427,25.2548,9.64702,4.71936,4.06799,0.77151,2.10678,0.33192,0,0,0,0,0,0,0,0,0,0,0,0,0,0,0,0,0,0,0,0,0,0,0,0,0,0,0,0,0,0,0,0,0,0,0,0,0,0,0,0,0,0,0
B7-d48,54.88173,2.14904,19.04269,7.71774,1.17204,6.16162,0.71429,2.51394,0.03937,1.95574,1.45257,1.8771,0.32213,0,0,0,0,0,0,0,0,0,0,0,0,0,0,0,0,0,0,0,0,0,0,0,0,0,0,0,0,0,0,0,0,0,0,0,0,0,0,0
C1,75.98501,12.68009,6.0592,3.74031,1.257,0.14154,0.10282,0.03403,0,0,0,0,0,0,0,0,0,0,0,0,0,0,0,0,0,0,0,0,0,0,0,0,0,0,0,0,0,0,0,0,0,0,0,0,0,0,0,0,0,0,0,0
C1-d33,0,0,0,0.11089,3.19563,0,0,0,96.69348,0,0,0,0,0,0,0,0,0,0,0,0,0,0,0,0,0,0,0,0,0,0,0,0,0,0,0,0,0,0,0,0,0,0,0,0,0,0,0,0,0,0,0
C1-d44,57.65121,10.43992,17.6158,8.60713,1.26775,0,0.33739,0.69851,3.3823,0,0,0,0,0,0,0,0,0,0,0,0,0,0,0,0,0,0,0,0,0,0,0,0,0,0,0,0,0,0,0,0,0,0,0,0,0,0,0,0,0,0,0
C1-d45,67.75241,3.74931,9.9528,18.1058,0.43969,0,0,0,0,0,0,0,0,0,0,0,0,0,0,0,0,0,0,0,0,0,0,0,0,0,0,0,0,0,0,0,0,0,0,0,0,0,0,0,0,0,0,0,0,0,0,0
C1-d53,58.00655,5.3923,16.9789,9.53333,1.46484,5.88135,0.82942,1.87853,0.03479,0,0,0,0,0,0,0,0,0,0,0,0,0,0,0,0,0,0,0,0,0,0,0,0,0,0,0,0,0,0,0,0,0,0,0,0,0,0,0,0,0,0,0
C19,66.49619,2.46568,14.51288,6.22421,1.54636,3.66717,0.71221,0.74717,0.01245,1.47542,1.11509,0.91754,0.10762,0,0,0,0,0,0,0,0,0,0,0,0,0,0,0,0,0,0,0,0,0,0,0,0,0,0,0,0,0,0,0,0,0,0,0,0,0,0,0
C2-colon,65.17113,3.01667,15.92951,9.24325,0.80869,4.34394,0.57164,0.85853,0,0,0,0.05664,0,0,0,0,0,0,0,0,0,0,0,0,0,0,0,0,0,0,0,0,0,0,0,0,0,0,0,0,0,0,0,0,0,0,0,0,0,0,0,0
C2-d33,0,0,0,0,0,0,0,0,100,0,0,0,0,0,0,0,0,0,0,0,0,0,0,0,0,0,0,0,0,0,0,0,0,0,0,0,0,0,0,0,0,0,0,0,0,0,0,0,0,0,0,0
C2-d37,11.06001,69.08031,4.3921,3.82149,11.64609,0,0,0,0,0,0,0,0,0,0,0,0,0,0,0,0,0,0,0,0,0,0,0,0,0,0,0,0,0,0,0,0,0,0,0,0,0,0,0,0,0,0,0,0,0,0,0
C2-d44,66.08278,7.48869,13.46237,7.84836,1.43903,0,0.61562,0.69661,2.36655,0,0,0,0,0,0,0,0,0,0,0,0,0,0,0,0,0,0,0,0,0,0,0,0,0,0,0,0,0,0,0,0,0,0,0,0,0,0,0,0,0,0,0
C2-d45,44.67912,4.99243,33.57691,9.29811,3.23379,0,0.63107,0.70162,2.88695,0,0,0,0,0,0,0,0,0,0,0,0,0,0,0,0,0,0,0,0,0,0,0,0,0,0,0,0,0,0,0,0,0,0,0,0,0,0,0,0,0,0,0
C2-d49,58.36206,5.58691,23.59549,2.96095,1.92929,2.61558,1.27804,2.49599,1.1757,0,0,0,0,0,0,0,0,0,0,0,0,0,0,0,0,0,0,0,0,0,0,0,0,0,0,0,0,0,0,0,0,0,0,0,0,0,0,0,0,0,0,0
C2-d53,58.11037,5.30553,16.25061,11.58651,1.16338,5.69433,0.97241,0.90737,0.0095,0,0,0,0,0,0,0,0,0,0,0,0,0,0,0,0,0,0,0,0,0,0,0,0,0,0,0,0,0,0,0,0,0,0,0,0,0,0,0,0,0,0,0
C3,52.88168,13.14393,12.8492,11.02796,2.04457,1.61258,3.14687,2.62607,0.66715,0,0,0,0,0,0,0,0,0,0,0,0,0,0,0,0,0,0,0,0,0,0,0,0,0,0,0,0,0,0,0,0,0,0,0,0,0,0,0,0,0,0,0
C3-colon,63.23505,2.28081,18.51596,11.57998,1.16085,3.17716,0.05019,0,0,0,0,0,0,0,0,0,0,0,0,0,0,0,0,0,0,0,0,0,0,0,0,0,0,0,0,0,0,0,0,0,0,0,0,0,0,0,0,0,0,0,0,0
C3-d33,0.04759,0,0,0.13239,2.77912,0,0,0,97.0409,0,0,0,0,0,0,0,0,0,0,0,0,0,0,0,0,0,0,0,0,0,0,0,0,0,0,0,0,0,0,0,0,0,0,0,0,0,0,0,0,0,0,0
C3-d44,61.01174,6.10291,19.78618,8.04556,1.1243,0,0.34559,0.42541,3.1583,0,0,0,0,0,0,0,0,0,0,0,0,0,0,0,0,0,0,0,0,0,0,0,0,0,0,0,0,0,0,0,0,0,0,0,0,0,0,0,0,0,0,0
C3-d45,58.7867,6.74298,16.33307,10.86022,1.22467,0,0.8138,0.74642,4.49212,0,0,0,0,0,0,0,0,0,0,0,0,0,0,0,0,0,0,0,0,0,0,0,0,0,0,0,0,0,0,0,0,0,0,0,0,0,0,0,0,0,0,0
C3-d53,54.66751,3.90004,20.6894,10.22784,1.13475,6.45614,0.67973,2.21431,0.0303,0,0,0,0,0,0,0,0,0,0,0,0,0,0,0,0,0,0,0,0,0,0,0,0,0,0,0,0,0,0,0,0,0,0,0,0,0,0,0,0,0,0,0
C4-d33,4.84584,53.83426,0,0.75141,39.26759,0,1.3009,0,0,0,0,0,0,0,0,0,0,0,0,0,0,0,0,0,0,0,0,0,0,0,0,0,0,0,0,0,0,0,0,0,0,0,0,0,0,0,0,0,0,0,0,0
C4-d44,65.18005,6.30249,15.82774,7.80902,1.52302,0.02869,0.35998,0.49095,2.47806,0,0,0,0,0,0,0,0,0,0,0,0,0,0,0,0,0,0,0,0,0,0,0,0,0,0,0,0,0,0,0,0,0,0,0,0,0,0,0,0,0,0,0
C4-d45,60.78886,2.40464,30.62652,6.17998,0,0,0,0,0,0,0,0,0,0,0,0,0,0,0,0,0,0,0,0,0,0,0,0,0,0,0,0,0,0,0,0,0,0,0,0,0,0,0,0,0,0,0,0,0,0,0,0
C4-d53,62.68176,4.23674,14.67526,8.18151,1.27466,6.13363,0.64088,2.11051,0.06505,0,0,0,0,0,0,0,0,0,0,0,0,0,0,0,0,0,0,0,0,0,0,0,0,0,0,0,0,0,0,0,0,0,0,0,0,0,0,0,0,0,0,0
C5-d34,7.32267,7.47827,0.24155,3.67155,71.29989,0,0,2.01078,7.97528,0,0,0,0,0,0,0,0,0,0,0,0,0,0,0,0,0,0,0,0,0,0,0,0,0,0,0,0,0,0,0,0,0,0,0,0,0,0,0,0,0,0,0
C5-d44,61.51265,3.82863,19.02976,9.97294,1.6703,0,0.5427,0.69041,2.75261,0,0,0,0,0,0,0,0,0,0,0,0,0,0,0,0,0,0,0,0,0,0,0,0,0,0,0,0,0,0,0,0,0,0,0,0,0,0,0,0,0,0,0
C5-d45,67.48721,2.90873,16.02173,9.20928,1.57584,0,0.68468,0.4168,1.69574,0,0,0,0,0,0,0,0,0,0,0,0,0,0,0,0,0,0,0,0,0,0,0,0,0,0,0,0,0,0,0,0,0,0,0,0,0,0,0,0,0,0,0
C5-d53,59.40133,4.08561,15.24924,11.74847,1.21093,5.78406,0.65957,1.86079,0,0,0,0,0,0,0,0,0,0,0,0,0,0,0,0,0,0,0,0,0,0,0,0,0,0,0,0,0,0,0,0,0,0,0,0,0,0,0,0,0,0,0,0
C6-d33,0,0.23223,0,0.10102,86.44359,0,0,0,13.22316,0,0,0,0,0,0,0,0,0,0,0,0,0,0,0,0,0,0,0,0,0,0,0,0,0,0,0,0,0,0,0,0,0,0,0,0,0,0,0,0,0,0,0
C6-d37,3.42325,49.83523,0.98104,1.34655,34.09464,0,0,0,10.31928,0,0,0,0,0,0,0,0,0,0,0,0,0,0,0,0,0,0,0,0,0,0,0,0,0,0,0,0,0,0,0,0,0,0,0,0,0,0,0,0,0,0,0
C6-d44,41.50618,13.80517,22.64526,11.73218,2.72121,0,0.32749,1.00132,6.26119,0,0,0,0,0,0,0,0,0,0,0,0,0,0,0,0,0,0,0,0,0,0,0,0,0,0,0,0,0,0,0,0,0,0,0,0,0,0,0,0,0,0,0
C6-d49,70.41212,0.9066,15.67005,4.68058,1.30648,4.08214,0.76769,1.82968,0.34466,0,0,0,0,0,0,0,0,0,0,0,0,0,0,0,0,0,0,0,0,0,0,0,0,0,0,0,0,0,0,0,0,0,0,0,0,0,0,0,0,0,0,0
C6-d53,66.54601,3.97038,12.22493,8.65374,1.14587,5.34375,0.6401,1.30246,0.0147,0.15807,0,0,0,0,0,0,0,0,0,0,0,0,0,0,0,0,0,0,0,0,0,0,0,0,0,0,0,0,0,0,0,0,0,0,0,0,0,0,0,0,0,0
C7-d33,0.5973,6.23902,0,0.78265,58.84773,0,0,0,33.5333,0,0,0,0,0,0,0,0,0,0,0,0,0,0,0,0,0,0,0,0,0,0,0,0,0,0,0,0,0,0,0,0,0,0,0,0,0,0,0,0,0,0,0
C7-d38,9.25494,62.78046,9.16195,2.1695,16.63315,0,0,0,0,0,0,0,0,0,0,0,0,0,0,0,0,0,0,0,0,0,0,0,0,0,0,0,0,0,0,0,0,0,0,0,0,0,0,0,0,0,0,0,0,0,0,0
C7-d44,54.16725,6.66179,20.0141,8.82766,1.52403,0,0.62527,0.91967,7.26022,0,0,0,0,0,0,0,0,0,0,0,0,0,0,0,0,0,0,0,0,0,0,0,0,0,0,0,0,0,0,0,0,0,0,0,0,0,0,0,0,0,0,0
C7-d45,61.68002,6.8948,15.03512,11.6702,1.58762,0,0.98955,0.6699,1.4728,0,0,0,0,0,0,0,0,0,0,0,0,0,0,0,0,0,0,0,0,0,0,0,0,0,0,0,0,0,0,0,0,0,0,0,0,0,0,0,0,0,0,0
C7-d53,50.95227,7.36798,19.81234,10.71183,1.79079,6.03236,0.62424,2.57975,0.0488,0,0,0.07964,0,0,0,0,0,0,0,0,0,0,0,0,0,0,0,0,0,0,0,0,0,0,0,0,0,0,0,0,0,0,0,0,0,0,0,0,0,0,0,0
C8-d35,0.40659,0.21479,0,0.87009,5.67263,0,0,0,92.8359,0,0,0,0,0,0,0,0,0,0,0,0,0,0,0,0,0,0,0,0,0,0,0,0,0,0,0,0,0,0,0,0,0,0,0,0,0,0,0,0,0,0,0
C8-d38,35.99393,19.11827,20.88168,2.32938,21.67674,0,0,0,0,0,0,0,0,0,0,0,0,0,0,0,0,0,0,0,0,0,0,0,0,0,0,0,0,0,0,0,0,0,0,0,0,0,0,0,0,0,0,0,0,0,0,0
C8-d44,47.71527,7.18376,25.0592,10.79282,4.1065,0,0.59816,0.61167,3.93261,0,0,0,0,0,0,0,0,0,0,0,0,0,0,0,0,0,0,0,0,0,0,0,0,0,0,0,0,0,0,0,0,0,0,0,0,0,0,0,0,0,0,0
C8-d45,57.51488,3.2148,22.60384,11.53931,2.49721,0,0.64642,0.44776,1.53577,0,0,0,0,0,0,0,0,0,0,0,0,0,0,0,0,0,0,0,0,0,0,0,0,0,0,0,0,0,0,0,0,0,0,0,0,0,0,0,0,0,0,0
C8-d53,61.26181,3.58201,15.57288,10.47287,1.12861,5.70629,0.69198,1.58354,0,0,0,0,0,0,0,0,0,0,0,0,0,0,0,0,0,0,0,0,0,0,0,0,0,0,0,0,0,0,0,0,0,0,0,0,0,0,0,0,0,0,0,0
CONV_MERO1_COLON,0,0,0,16.1756,51.80815,0,0,0,0,0,0,0,0,0,32.01625,0,0,0,0,0,0,0,0,0,0,0,0,0,0,0,0,0,0,0,0,0,0,0,0,0,0,0,0,0,0,0,0,0,0,0,0,0
CONV_MERO1_D0,0,0,0,1.04501,2.41612,0,0,0,0,0,0,0,0,0,5.81218,43.61721,42.56373,3.74725,0.79849,0,0,0,0,0,0,0,0,0,0,0,0,0,0,0,0,0,0,0,0,0,0,0,0,0,0,0,0,0,0,0,0,0
CONV_MERO1_D1,0,0,0,0.02432,0.87379,0,0,0,0,0,0,0,0,0,0.26921,9.79566,88.72675,0.30317,0.0071,0,0,0,0,0,0,0,0,0,0,0,0,0,0,0,0,0,0,0,0,0,0,0,0,0,0,0,0,0,0,0,0,0
CONV_MERO1_D3,0,0,0,3.15861,96.75582,0,0,0,0,0,0,0,0,0,0,0,0.08557,0,0,0,0,0,0,0,0,0,0,0,0,0,0,0,0,0,0,0,0,0,0,0,0,0,0,0,0,0,0,0,0,0,0,0
CONV_MERO2_COLON,0,0,0,42.2165,43.21215,0,0,0,0,0,0,0,0,0,14.57135,0,0,0,0,0,0,0,0,0,0,0,0,0,0,0,0,0,0,0,0,0,0,0,0,0,0,0,0,0,0,0,0,0,0,0,0,0
CONV_MERO2_D0,0,0,0,0.40536,7.37509,0,0,0,0.20283,0,0,0,0,0,10.64572,48.21463,23.11782,7.62333,2.41522,0,0,0,0,0,0,0,0,0,0,0,0,0,0,0,0,0,0,0,0,0,0,0,0,0,0,0,0,0,0,0,0,0
CONV_MERO2_D3,0,0,0,0,99.69623,0,0,0,0,0,0,0,0,0,0,0,0,0.30377,0,0,0,0,0,0,0,0,0,0,0,0,0,0,0,0,0,0,0,0,0,0,0,0,0,0,0,0,0,0,0,0,0,0
CONV_MERO3_COLON,0,0,0,1.10355,4.56523,0,0,0,0,0,0,0,0,0,94.05712,0,0,0.18804,0.08606,0,0,0,0,0,0,0,0,0,0,0,0,0,0,0,0,0,0,0,0,0,0,0,0,0,0,0,0,0,0,0,0,0
CONV_MERO3_D1,0,0,0,8.08924,48.9519,0,0,0,0,0,0,0,0,0,26.41518,0,0.63594,0.04465,15.86309,0,0,0,0,0,0,0,0,0,0,0,0,0,0,0,0,0,0,0,0,0,0,0,0,0,0,0,0,0,0,0,0,0
CONV_MERO3_D3,0,0,0,0.26082,4.18388,0,0,0,0,0,0,0,0,0,90.40058,0,0,0.43262,4.7221,0,0,0,0,0,0,0,0,0,0,0,0,0,0,0,0,0,0,0,0,0,0,0,0,0,0,0,0,0,0,0,0,0
CONV_MERO4_COLON,0,0,0,15.38157,43.26364,0,0,0,0,0,0,0,0,0,24.16463,0,0,17.00952,0.18064,0,0,0,0,0,0,0,0,0,0,0,0,0,0,0,0,0,0,0,0,0,0,0,0,0,0,0,0,0,0,0,0,0
CONV_MERO4_D0,0,0,0,0.47372,0,0,0,0,0,0,0,0,0,0,77.75885,7.97338,9.77129,1.19248,1.77262,1.05766,0,0,0,0,0,0,0,0,0,0,0,0,0,0,0,0,0,0,0,0,0,0,0,0,0,0,0,0,0,0,0,0
CONV_MERO4_D1,0,0,0,4.93612,0,0,0,0,0,0,0,0,0,0,0,0,0.35332,0,94.71057,0,0,0,0,0,0,0,0,0,0,0,0,0,0,0,0,0,0,0,0,0,0,0,0,0,0,0,0,0,0,0,0,0
CONV_MERO4_D3,0,0,0,66.2791,32.09592,0,0,0,0,0,0,0,0,0,0,0,0.01693,0,1.60805,0,0,0,0,0,0,0,0,0,0,0,0,0,0,0,0,0,0,0,0,0,0,0,0,0,0,0,0,0,0,0,0,0
CONV_PBS1_COLON,0,0,0,2.99553,0,0,0,0,0,0,0,0,0,0,33.8989,7.51078,6.98937,20.01142,26.15377,2.44024,0,0,0,0,0,0,0,0,0,0,0,0,0,0,0,0,0,0,0,0,0,0,0,0,0,0,0,0,0,0,0,0
CONV_PBS1_D0,0,0,0,0.77649,1.2897,0,0,0,0,0,0,0,0,0,1.34581,74.77864,18.25381,0.79898,2.75657,0,0,0,0,0,0,0,0,0,0,0,0,0,0,0,0,0,0,0,0,0,0,0,0,0,0,0,0,0,0,0,0,0
CONV_PBS1_D3,0,0,0,1.27189,0.19156,0,0,0,1.64461,0,0,0,0,0,70.6241,13.09525,3.16441,6.79052,1.64586,1.57181,0,0,0,0,0,0,0,0,0,0,0,0,0,0,0,0,0,0,0,0,0,0,0,0,0,0,0,0,0,0,0,0
CONV_PBS2_COLON,0,0,0,0.88787,0,0,0,0,0,0,0,0,0,0,60.23488,6.6942,1.433,0.12151,28.73831,1.89022,0,0,0,0,0,0,0,0,0,0,0,0,0,0,0,0,0,0,0,0,0,0,0,0,0,0,0,0,0,0,0,0
CONV_PBS2_D1,0,0,0,1.08651,0,0,0,0,1.12966,0,0,0,0,0,51.79965,21.99303,7.94678,1.83997,10.59525,3.508,0.10116,0,0,0,0,0,0,0,0,0,0,0,0,0,0,0,0,0,0,0,0,0,0,0,0,0,0,0,0,0,0,0
CONV_PBS2_D3,0,0,0,0.03673,0,0,0,0,0,0,0,0,0,0,74.31692,12.72496,3.14713,2.62855,4.99334,2.15237,0,0,0,0,0,0,0,0,0,0,0,0,0,0,0,0,0,0,0,0,0,0,0,0,0,0,0,0,0,0,0,0
CONV_PBS3_COLON,0,0,0,0,0,0,0,0,0,0,0,0,0,0,47.30147,5.25609,0,0.57373,46.02014,0.84857,0,0,0,0,0,0,0,0,0,0,0,0,0,0,0,0,0,0,0,0,0,0,0,0,0,0,0,0,0,0,0,0
CONV_PBS3_D1,27.51881,3.15409,22.16733,3.11618,1.5436,0,0,0,2.41236,2.96715,0,0,1.04291,0,13.9034,11.0466,6.0783,0.8236,3.42503,0.80066,0,0,0,0,0,0,0,0,0,0,0,0,0,0,0,0,0,0,0,0,0,0,0,0,0,0,0,0,0,0,0,0
CONV_PBS4_COLON,0,0,0,0,0,0,0,0,0,0,0,0,0,0,54.79447,13.50345,0,0,29.27232,2.42976,0,0,0,0,0,0,0,0,0,0,0,0,0,0,0,0,0,0,0,0,0,0,0,0,0,0,0,0,0,0,0,0
CONV_PBS4_D0,0,0,0,0,0,0,0,0,0.21468,0,0,0,0,0,76.86505,14.99767,1.35989,1.18258,4.20886,1.17127,0,0,0,0,0,0,0,0,0,0,0,0,0,0,0,0,0,0,0,0,0,0,0,0,0,0,0,0,0,0,0,0
CONV_PBS4_D1,0,0,0,0,0,0,0,0,0.27939,0,0,0,0,0,63.7768,15.74604,0.13255,0.14041,18.01126,1.83929,0.07425,0,0,0,0,0,0,0,0,0,0,0,0,0,0,0,0,0,0,0,0,0,0,0,0,0,0,0,0,0,0,0
CONV_PBS4_D3,0,0,0,0.07061,0,0,0,0,0.04449,0,0,0,0,0,75.19666,14.06691,2.78885,2.1256,3.30314,2.28123,0.10446,0.01805,0,0,0,0,0,0,0,0,0,0,0,0,0,0,0,0,0,0,0,0,0,0,0,0,0,0,0,0,0,0
GF1_A10,50.85604,4.88918,19.24484,10.17242,2.73172,2.66641,0.66944,5.35997,0.17744,1.76684,0,0.37889,1.08681,0,0,0,0,0,0,0,0,0,0,0,0,0,0,0,0,0,0,0,0,0,0,0,0,0,0,0,0,0,0,0,0,0,0,0,0,0,0,0
GF1_B_mom_d32,50.65554,4.59832,20.10749,5.28758,3.3564,5.29674,0.91839,1.03011,0,3.62166,2.12565,2.61501,0.38712,0,0,0,0,0,0,0,0,0,0,0,0,0,0,0,0,0,0,0,0,0,0,0,0,0,0,0,0,0,0,0,0,0,0,0,0,0,0,0
GF1_B10,43.63559,5.66474,31.11821,7.46627,2.79574,4.14865,0.24717,2.71323,0.39441,0.81955,0.85487,0,0.14158,0,0,0,0,0,0,0,0,0,0,0,0,0,0,0,0,0,0,0,0,0,0,0,0,0,0,0,0,0,0,0,0,0,0,0,0,0,0,0
GF1_B14,67.36827,2.16226,14.19298,8.46168,1.83001,3.20471,0.8889,0.40571,0,0.44838,0.86091,0,0.17618,0,0,0,0,0,0,0,0,0,0,0,0,0,0,0,0,0,0,0,0,0,0,0,0,0,0,0,0,0,0,0,0,0,0,0,0,0,0,0
GF1_B17,53.27646,5.17247,19.29567,7.18549,2.36627,4.77978,1.04269,1.02832,0.01609,1.97359,1.77103,1.76933,0.32281,0,0,0,0,0,0,0,0,0,0,0,0,0,0,0,0,0,0,0,0,0,0,0,0,0,0,0,0,0,0,0,0,0,0,0,0,0,0,0
GF1_B25,56.15216,4.05566,15.91911,7.90863,1.65911,4.90961,0.55764,0,0,3.26113,1.76194,3.11903,0.69598,0,0,0,0,0,0,0,0,0,0,0,0,0,0,0,0,0,0,0,0,0,0,0,0,0,0,0,0,0,0,0,0,0,0,0,0,0,0,0
GF1_B3_d38,48.68524,4.78668,31.03343,10.44965,0.67903,0,0.55582,1.272,0.23791,1.5844,0,0.18711,0.52873,0,0,0,0,0,0,0,0,0,0,0,0,0,0,0,0,0,0,0,0,0,0,0,0,0,0,0,0,0,0,0,0,0,0,0,0,0,0,0
GF1_B5_D38,48.84945,3.24952,33.25909,8.39485,2.32762,0,0.16332,0.41019,3.34596,0,0,0,0,0,0,0,0,0,0,0,0,0,0,0,0,0,0,0,0,0,0,0,0,0,0,0,0,0,0,0,0,0,0,0,0,0,0,0,0,0,0,0
GF1_B6_d38,55.99118,2.06648,25.98555,10.41022,1.76203,0,0.18133,0.78223,2.82098,0,0,0,0,0,0,0,0,0,0,0,0,0,0,0,0,0,0,0,0,0,0,0,0,0,0,0,0,0,0,0,0,0,0,0,0,0,0,0,0,0,0,0
GF1_B7_D38,61.59407,1.97168,21.93516,8.63498,2.94926,0,0.17692,0.36629,2.37165,0,0,0,0,0,0,0,0,0,0,0,0,0,0,0,0,0,0,0,0,0,0,0,0,0,0,0,0,0,0,0,0,0,0,0,0,0,0,0,0,0,0,0
GF1_C_mom_d32,60.34954,1.92067,17.44232,6.29668,1.89193,3.74119,1.1683,0.07098,0.81903,3.56341,0,2.57628,0.15966,0,0,0,0,0,0,0,0,0,0,0,0,0,0,0,0,0,0,0,0,0,0,0,0,0,0,0,0,0,0,0,0,0,0,0,0,0,0,0
GF1_C10,46.05232,7.09518,21.12827,13.88596,2.3865,2.81619,0.31227,2.82062,0,1.33202,1.4866,0.10668,0.57738,0,0,0,0,0,0,0,0,0,0,0,0,0,0,0,0,0,0,0,0,0,0,0,0,0,0,0,0,0,0,0,0,0,0,0,0,0,0,0
GF1_C14,51.51186,3.61325,21.65192,8.94059,2.39429,4.73888,1.49587,1.19208,0.34075,1.83133,0.7504,1.44912,0.08965,0,0,0,0,0,0,0,0,0,0,0,0,0,0,0,0,0,0,0,0,0,0,0,0,0,0,0,0,0,0,0,0,0,0,0,0,0,0,0
GF1_C17,52.60701,2.74927,22.00848,11.54865,2.00809,3.87555,0.86401,0.57762,0.1967,1.3173,0.54906,1.34234,0.35592,0,0,0,0,0,0,0,0,0,0,0,0,0,0,0,0,0,0,0,0,0,0,0,0,0,0,0,0,0,0,0,0,0,0,0,0,0,0,0
GF1_C25,57.89299,2.69368,19.98492,7.82061,1.92148,2.81354,0.60839,1.95711,0,1.551,0.95486,1.51305,0.28838,0,0,0,0,0,0,0,0,0,0,0,0,0,0,0,0,0,0,0,0,0,0,0,0,0,0,0,0,0,0,0,0,0,0,0,0,0,0,0
GF1_C4_d39,49.16924,10.13473,18.18167,9.27728,13.23708,0,0,0,0,0,0,0,0,0,0,0,0,0,0,0,0,0,0,0,0,0,0,0,0,0,0,0,0,0,0,0,0,0,0,0,0,0,0,0,0,0,0,0,0,0,0,0
GF1_C6_d39,33.90406,13.50917,28.50523,4.73869,19.34285,0,0,0,0,0,0,0,0,0,0,0,0,0,0,0,0,0,0,0,0,0,0,0,0,0,0,0,0,0,0,0,0,0,0,0,0,0,0,0,0,0,0,0,0,0,0,0
GF1_C7_d39,24.50385,11.37139,31.28764,6.48611,26.35101,0,0,0,0,0,0,0,0,0,0,0,0,0,0,0,0,0,0,0,0,0,0,0,0,0,0,0,0,0,0,0,0,0,0,0,0,0,0,0,0,0,0,0,0,0,0,0
GF1_INOC_GF1,15.11277,55.54802,4.33475,3.41741,8.95423,11.46037,0.44602,0.06906,0.14156,0,0,0.05614,0.03714,0,0,0,0,0,0,0,0,0,0.35091,0.07161,0,0,0,0,0,0,0,0,0,0,0,0,0,0,0,0,0,0,0,0,0,0,0,0,0,0,0,0
GF10_A_DAM_D0,8.92969,68.08031,3.84636,3.97532,7.54146,7.59296,0,0,0,0,0,0,0,0,0,0,0,0,0,0,0,0,0.03391,0,0,0,0,0,0,0,0,0,0,0,0,0,0,0,0,0,0,0,0,0,0,0,0,0,0,0,0,0
GF10_A1_COLON_D35,1.75522,81.42365,0.6376,2.93352,9.10604,4.14397,0,0,0,0,0,0,0,0,0,0,0,0,0,0,0,0,0,0,0,0,0,0,0,0,0,0,0,0,0,0,0,0,0,0,0,0,0,0,0,0,0,0,0,0,0,0
GF10_A1_d101,0,74.42641,0,0.32224,24.66459,0,0,0,0.58676,0,0,0,0,0,0,0,0,0,0,0,0,0,0,0,0,0,0,0,0,0,0,0,0,0,0,0,0,0,0,0,0,0,0,0,0,0,0,0,0,0,0,0
GF10_A1_d104_colon,59.48517,0,30.47976,6.88464,0,0,0,0,3.15043,0,0,0,0,0,0,0,0,0,0,0,0,0,0,0,0,0,0,0,0,0,0,0,0,0,0,0,0,0,0,0,0,0,0,0,0,0,0,0,0,0,0,0
GF10_A1_d127_colon,40.16174,15.19416,17.03481,17.03045,1.38359,5.58121,1.34868,0.75017,1.5152,0,0,0,0,0,0,0,0,0,0,0,0,0,0,0,0,0,0,0,0,0,0,0,0,0,0,0,0,0,0,0,0,0,0,0,0,0,0,0,0,0,0,0
GF10_A1_D32,34.53489,21.96677,20.07998,8.16035,6.90207,5.96891,1.53518,0.54584,0,0.23631,0.0697,0,0,0,0,0,0,0,0,0,0,0,0,0,0,0,0,0,0,0,0,0,0,0,0,0,0,0,0,0,0,0,0,0,0,0,0,0,0,0,0,0
GF10_A1_D34,2.90586,90.46194,0,0.82409,5.8081,0,0,0,0,0,0,0,0,0,0,0,0,0,0,0,0,0,0,0,0,0,0,0,0,0,0,0,0,0,0,0,0,0,0,0,0,0,0,0,0,0,0,0,0,0,0,0
GF10_A1_d77,0,94.25334,0,0,5.74666,0,0,0,0,0,0,0,0,0,0,0,0,0,0,0,0,0,0,0,0,0,0,0,0,0,0,0,0,0,0,0,0,0,0,0,0,0,0,0,0,0,0,0,0,0,0,0
GF10_A1_d79,0,100,0,0,0,0,0,0,0,0,0,0,0,0,0,0,0,0,0,0,0,0,0,0,0,0,0,0,0,0,0,0,0,0,0,0,0,0,0,0,0,0,0,0,0,0,0,0,0,0,0,0
GF10_A1_d80_colon,0,70.31825,0.63293,12.44228,14.06572,0,0,0,2.54081,0,0,0,0,0,0,0,0,0,0,0,0,0,0,0,0,0,0,0,0,0,0,0,0,0,0,0,0,0,0,0,0,0,0,0,0,0,0,0,0,0,0,0
GF10_A2_COLON_D35,0,0,0,0,100,0,0,0,0,0,0,0,0,0,0,0,0,0,0,0,0,0,0,0,0,0,0,0,0,0,0,0,0,0,0,0,0,0,0,0,0,0,0,0,0,0,0,0,0,0,0,0
GF10_A2_d101,0,100,0,0,0,0,0,0,0,0,0,0,0,0,0,0,0,0,0,0,0,0,0,0,0,0,0,0,0,0,0,0,0,0,0,0,0,0,0,0,0,0,0,0,0,0,0,0,0,0,0,0
GF10_A2_d103,0,97.80008,0,0.15079,2.04913,0,0,0,0,0,0,0,0,0,0,0,0,0,0,0,0,0,0,0,0,0,0,0,0,0,0,0,0,0,0,0,0,0,0,0,0,0,0,0,0,0,0,0,0,0,0,0
GF10_A2_d104_colon,0,91.65125,0.0691,1.18491,4.11575,0,0,0,2.97899,0,0,0,0,0,0,0,0,0,0,0,0,0,0,0,0,0,0,0,0,0,0,0,0,0,0,0,0,0,0,0,0,0,0,0,0,0,0,0,0,0,0,0
GF10_A2_d127_colon,0,100,0,0,0,0,0,0,0,0,0,0,0,0,0,0,0,0,0,0,0,0,0,0,0,0,0,0,0,0,0,0,0,0,0,0,0,0,0,0,0,0,0,0,0,0,0,0,0,0,0,0
GF10_A2_D32,31.02609,15.23365,25.76183,7.36683,8.59217,7.82784,1.77991,0.9568,1.12087,0.22497,0.10904,0,0,0,0,0,0,0,0,0,0,0,0,0,0,0,0,0,0,0,0,0,0,0,0,0,0,0,0,0,0,0,0,0,0,0,0,0,0,0,0,0
GF10_A2_D33,1.96955,93.88484,0.13743,1.45968,2.44982,0,0,0,0.09868,0,0,0,0,0,0,0,0,0,0,0,0,0,0,0,0,0,0,0,0,0,0,0,0,0,0,0,0,0,0,0,0,0,0,0,0,0,0,0,0,0,0,0
GF10_A2_D34,10.34823,77.10157,3.1799,3.16467,4.36083,1.16145,0.68335,0,0,0,0,0,0,0,0,0,0,0,0,0,0,0,0,0,0,0,0,0,0,0,0,0,0,0,0,0,0,0,0,0,0,0,0,0,0,0,0,0,0,0,0,0
GF10_A2_d77,0,91.34202,0,0,8.65798,0,0,0,0,0,0,0,0,0,0,0,0,0,0,0,0,0,0,0,0,0,0,0,0,0,0,0,0,0,0,0,0,0,0,0,0,0,0,0,0,0,0,0,0,0,0,0
GF10_A2_d79,0,100,0,0,0,0,0,0,0,0,0,0,0,0,0,0,0,0,0,0,0,0,0,0,0,0,0,0,0,0,0,0,0,0,0,0,0,0,0,0,0,0,0,0,0,0,0,0,0,0,0,0
GF10_A3_COLON_D35,0,0,0,0,100,0,0,0,0,0,0,0,0,0,0,0,0,0,0,0,0,0,0,0,0,0,0,0,0,0,0,0,0,0,0,0,0,0,0,0,0,0,0,0,0,0,0,0,0,0,0,0
GF10_A3_d104_colon,31.32691,13.97768,37.1432,8.4164,1.13702,4.51583,0.34888,1.43614,0.23283,1.09863,0,0.35403,0,0.01245,0,0,0,0,0,0,0,0,0,0,0,0,0,0,0,0,0,0,0,0,0,0,0,0,0,0,0,0,0,0,0,0,0,0,0,0,0,0
GF10_A3_D33,0,96.61965,0.64635,0.87464,1.85936,0,0,0,0,0,0,0,0,0,0,0,0,0,0,0,0,0,0,0,0,0,0,0,0,0,0,0,0,0,0,0,0,0,0,0,0,0,0,0,0,0,0,0,0,0,0,0
GF10_A3_D34,7.1996,83.11604,2.2589,2.06213,4.20296,1.16038,0,0,0,0,0,0,0,0,0,0,0,0,0,0,0,0,0,0,0,0,0,0,0,0,0,0,0,0,0,0,0,0,0,0,0,0,0,0,0,0,0,0,0,0,0,0
GF10_A3_d79,0,93.64785,0,0,6.35215,0,0,0,0,0,0,0,0,0,0,0,0,0,0,0,0,0,0,0,0,0,0,0,0,0,0,0,0,0,0,0,0,0,0,0,0,0,0,0,0,0,0,0,0,0,0,0
GF10_A3_d80_colon,1.98778,94.80328,1.01102,1.7527,0.44522,0,0,0,0,0,0,0,0,0,0,0,0,0,0,0,0,0,0,0,0,0,0,0,0,0,0,0,0,0,0,0,0,0,0,0,0,0,0,0,0,0,0,0,0,0,0,0
GF10_A4_d101,0.68964,96.46504,0,0.09591,2.74942,0,0,0,0,0,0,0,0,0,0,0,0,0,0,0,0,0,0,0,0,0,0,0,0,0,0,0,0,0,0,0,0,0,0,0,0,0,0,0,0,0,0,0,0,0,0,0
GF10_A4_d104_colon,67.81901,0,18.87685,9.58638,0,0,0,0,3.71776,0,0,0,0,0,0,0,0,0,0,0,0,0,0,0,0,0,0,0,0,0,0,0,0,0,0,0,0,0,0,0,0,0,0,0,0,0,0,0,0,0,0,0
GF10_A4_d77,0,93.17815,0,0,6.82185,0,0,0,0,0,0,0,0,0,0,0,0,0,0,0,0,0,0,0,0,0,0,0,0,0,0,0,0,0,0,0,0,0,0,0,0,0,0,0,0,0,0,0,0,0,0,0
GF10_A5_d101,0,98.68413,0,0,1.31587,0,0,0,0,0,0,0,0,0,0,0,0,0,0,0,0,0,0,0,0,0,0,0,0,0,0,0,0,0,0,0,0,0,0,0,0,0,0,0,0,0,0,0,0,0,0,0
GF10_A5_d104_colon,0,95.25225,0,0,4.40762,0,0,0,0.34014,0,0,0,0,0,0,0,0,0,0,0,0,0,0,0,0,0,0,0,0,0,0,0,0,0,0,0,0,0,0,0,0,0,0,0,0,0,0,0,0,0,0,0
GF10_A5_d127_colon,0,37.18621,15.54328,0,0,0,47.27051,0,0,0,0,0,0,0,0,0,0,0,0,0,0,0,0,0,0,0,0,0,0,0,0,0,0,0,0,0,0,0,0,0,0,0,0,0,0,0,0,0,0,0,0,0
GF10_A56_d101,0.01422,96.77465,0,0.22438,2.98674,0,0,0,0,0,0,0,0,0,0,0,0,0,0,0,0,0,0,0,0,0,0,0,0,0,0,0,0,0,0,0,0,0,0,0,0,0,0,0,0,0,0,0,0,0,0,0
GF10_A6_d102,10.11819,82.00927,1.90886,1.25486,2.90735,0,0,0,0.35076,0,0,0,0,0,0,0,0,0,1.45071,0,0,0,0,0,0,0,0,0,0,0,0,0,0,0,0,0,0,0,0,0,0,0,0,0,0,0,0,0,0,0,0,0
GF10_A6_d103,23.73079,27.61052,9.63699,10.46926,1.6323,0,0,0,21.40135,0,0,0,0,0,0,0,0,0,5.51878,0,0,0,0,0,0,0,0,0,0,0,0,0,0,0,0,0,0,0,0,0,0,0,0,0,0,0,0,0,0,0,0,0
GF10_A6_d104_colon,23.93054,2.33837,16.76044,7.82776,0,0,0,0,40.54838,0,0,0,0,0,0,0,0,0,8.59451,0,0,0,0,0,0,0,0,0,0,0,0,0,0,0,0,0,0,0,0,0,0,0,0,0,0,0,0,0,0,0,0,0
GF10_A7_d103,0,96.58872,0,0,0.42759,0,0,0,2.98369,0,0,0,0,0,0,0,0,0,0,0,0,0,0,0,0,0,0,0,0,0,0,0,0,0,0,0,0,0,0,0,0,0,0,0,0,0,0,0,0,0,0,0
GF10_A7_d104_colon,0,99.39981,0,0,0,0,0,0,0.60019,0,0,0,0,0,0,0,0,0,0,0,0,0,0,0,0,0,0,0,0,0,0,0,0,0,0,0,0,0,0,0,0,0,0,0,0,0,0,0,0,0,0,0
GF10_A7_d127_colon,0,60.05763,0,0,0.44265,0,39.49972,0,0,0,0,0,0,0,0,0,0,0,0,0,0,0,0,0,0,0,0,0,0,0,0,0,0,0,0,0,0,0,0,0,0,0,0,0,0,0,0,0,0,0,0,0
GF10_A8_d102,0,99.20868,0,0,0.79132,0,0,0,0,0,0,0,0,0,0,0,0,0,0,0,0,0,0,0,0,0,0,0,0,0,0,0,0,0,0,0,0,0,0,0,0,0,0,0,0,0,0,0,0,0,0,0
GF10_A8_d104_colon,40.21571,20.04908,10.92224,18.30269,0.90843,4.68125,0.55796,1.1123,1.81545,0.70481,0.64589,0.08418,0,0,0,0,0,0,0,0,0,0,0,0,0,0,0,0,0,0,0,0,0,0,0,0,0,0,0,0,0,0,0,0,0,0,0,0,0,0,0,0
GF10_Adam_d1,7.69753,6.18029,18.67286,16.20144,3.39554,0,8.91212,1.17649,0,0,0,0,0,0,0,0,0,0,37.76372,0,0,0,0,0,0,0,0,0,0,0,0,0,0,0,0,0,0,0,0,0,0,0,0,0,0,0,0,0,0,0,0,0
GF10_Adam_d20,40.01328,3.21946,14.40899,7.6007,2.4419,2.88975,2.75599,1.44375,0,0,0,5.22338,0.08288,0,0,0,0,0,19.91991,0,0,0,0,0,0,0,0,0,0,0,0,0,0,0,0,0,0,0,0,0,0,0,0,0,0,0,0,0,0,0,0,0
GF10_C1_COLON_D55,0,99.30141,0,0,0.69859,0,0,0,0,0,0,0,0,0,0,0,0,0,0,0,0,0,0,0,0,0,0,0,0,0,0,0,0,0,0,0,0,0,0,0,0,0,0,0,0,0,0,0,0,0,0,0
GF10_C1_d55,0,0,0,0,0,0,0,0,0,0,0,0,0,0,0,0,0,0,0,0,0,0,0,0,100,0,0,0,0,0,0,0,0,0,0,0,0,0,0,0,0,0,0,0,0,0,0,0,0,0,0,0
GF10_C1_d77,22.37811,77.28815,0,0,0.33375,0,0,0,0,0,0,0,0,0,0,0,0,0,0,0,0,0,0,0,0,0,0,0,0,0,0,0,0,0,0,0,0,0,0,0,0,0,0,0,0,0,0,0,0,0,0,0
GF10_C10_COLON_D55,0,0,0,0,0,0,0,0,100,0,0,0,0,0,0,0,0,0,0,0,0,0,0,0,0,0,0,0,0,0,0,0,0,0,0,0,0,0,0,0,0,0,0,0,0,0,0,0,0,0,0,0
GF10_C2_COLON_D35,1.62405,50.39036,0.13294,0.1811,19.11453,0,0,0,0.71548,0,0,9.37908,4.43307,0,0,0,0,0,0,0,0,0,0,0,0,10.57345,3.45595,0,0,0,0,0,0,0,0,0,0,0,0,0,0,0,0,0,0,0,0,0,0,0,0,0
GF10_C2_COLON_D55,0,100,0,0,0,0,0,0,0,0,0,0,0,0,0,0,0,0,0,0,0,0,0,0,0,0,0,0,0,0,0,0,0,0,0,0,0,0,0,0,0,0,0,0,0,0,0,0,0,0,0,0
GF10_C2_d101,0.81571,96.85893,0,0.50835,1.81701,0,0,0,0,0,0,0,0,0,0,0,0,0,0,0,0,0,0,0,0,0,0,0,0,0,0,0,0,0,0,0,0,0,0,0,0,0,0,0,0,0,0,0,0,0,0,0
GF10_C2_d103,0,65.92274,22.40885,10.95255,0.02098,0,0,0,0,0,0,0,0,0,0,0,0,0,0.69488,0,0,0,0,0,0,0,0,0,0,0,0,0,0,0,0,0,0,0,0,0,0,0,0,0,0,0,0,0,0,0,0,0
GF10_C2_d104_colon,0,47.67107,36.13986,16.18907,0,0,0,0,0,0,0,0,0,0,0,0,0,0,0,0,0,0,0,0,0,0,0,0,0,0,0,0,0,0,0,0,0,0,0,0,0,0,0,0,0,0,0,0,0,0,0,0
GF10_C2_D32,1.96542,80.58598,2.71375,0.91296,6.88325,0,0,0,0,0,0,2.51985,0.60028,0,0,0,0,0,0,0,0,0,0,0,0,3.51969,0.29881,0,0,0,0,0,0,0,0,0,0,0,0,0,0,0,0,0,0,0,0,0,0,0,0,0
GF10_C2_D33,1.87977,95.38841,0,0.4898,2.24202,0,0,0,0,0,0,0,0,0,0,0,0,0,0,0,0,0,0,0,0,0,0,0,0,0,0,0,0,0,0,0,0,0,0,0,0,0,0,0,0,0,0,0,0,0,0,0
GF10_C2_D34,1.02488,89.67142,0.38864,0.12783,6.92085,1.86638,0,0,0,0,0,0,0,0,0,0,0,0,0,0,0,0,0,0,0,0,0,0,0,0,0,0,0,0,0,0,0,0,0,0,0,0,0,0,0,0,0,0,0,0,0,0
GF10_C2_d55,42.1472,0.21617,0,21.10246,1.40212,0.07549,0,2.28117,1.81126,0,0,0,0,0,0,0,0,0,0,0,0,0,0,0,0,0,30.73702,0.22711,0,0,0,0,0,0,0,0,0,0,0,0,0,0,0,0,0,0,0,0,0,0,0,0
GF10_C2_d77,55.26831,37.39165,0,0.38524,1.5488,0.71521,4.58283,0,0.10797,0,0,0,0,0,0,0,0,0,0,0,0,0,0,0,0,0,0,0,0,0,0,0,0,0,0,0,0,0,0,0,0,0,0,0,0,0,0,0,0,0,0,0
GF10_C2_d80_colon,0,100,0,0,0,0,0,0,0,0,0,0,0,0,0,0,0,0,0,0,0,0,0,0,0,0,0,0,0,0,0,0,0,0,0,0,0,0,0,0,0,0,0,0,0,0,0,0,0,0,0,0
GF10_C3_COLON_D35,0,65.2473,0,1.83502,16.68483,0,0,0,1.44554,0,0,3.85063,2.54986,0,0,0,0,0,0,0,0,0,0,0,0,7.22575,1.16108,0,0,0,0,0,0,0,0,0,0,0,0,0,0,0,0,0,0,0,0,0,0,0,0,0
GF10_C3_d101,0.35353,58.31981,0,0.35531,0.98472,0,39.91704,0,0.06959,0,0,0,0,0,0,0,0,0,0,0,0,0,0,0,0,0,0,0,0,0,0,0,0,0,0,0,0,0,0,0,0,0,0,0,0,0,0,0,0,0,0,0
GF10_C3_D33,0,99.87258,0,0,0.12742,0,0,0,0,0,0,0,0,0,0,0,0,0,0,0,0,0,0,0,0,0,0,0,0,0,0,0,0,0,0,0,0,0,0,0,0,0,0,0,0,0,0,0,0,0,0,0
GF10_C3_d55,0,100,0,0,0,0,0,0,0,0,0,0,0,0,0,0,0,0,0,0,0,0,0,0,0,0,0,0,0,0,0,0,0,0,0,0,0,0,0,0,0,0,0,0,0,0,0,0,0,0,0,0
GF10_C3_d78,0,100,0,0,0,0,0,0,0,0,0,0,0,0,0,0,0,0,0,0,0,0,0,0,0,0,0,0,0,0,0,0,0,0,0,0,0,0,0,0,0,0,0,0,0,0,0,0,0,0,0,0
GF10_C4_COLON_D55,0,100,0,0,0,0,0,0,0,0,0,0,0,0,0,0,0,0,0,0,0,0,0,0,0,0,0,0,0,0,0,0,0,0,0,0,0,0,0,0,0,0,0,0,0,0,0,0,0,0,0,0
GF10_C4_d102_colon,0,100,0,0,0,0,0,0,0,0,0,0,0,0,0,0,0,0,0,0,0,0,0,0,0,0,0,0,0,0,0,0,0,0,0,0,0,0,0,0,0,0,0,0,0,0,0,0,0,0,0,0
GF10_C4_d55,38.67691,0.90128,0,20.06044,1.70866,0.87668,0,0,1.53002,0,0,0,0,0,0,0,0,0,0,0,0,0,0,0,0,0.04279,36.084,0.11924,0,0,0,0,0,0,0,0,0,0,0,0,0,0,0,0,0,0,0,0,0,0,0,0
GF10_C4_d77,27.63978,39.6182,0,0.9527,4.86103,5.13304,21.79525,0,0,0,0,0,0,0,0,0,0,0,0,0,0,0,0,0,0,0,0,0,0,0,0,0,0,0,0,0,0,0,0,0,0,0,0,0,0,0,0,0,0,0,0,0
GF10_C4_d80_colon,0,41.53473,11.94707,46.43025,0,0,0,0,0,0,0,0,0,0,0,0,0,0,0.08795,0,0,0,0,0,0,0,0,0,0,0,0,0,0,0,0,0,0,0,0,0,0,0,0,0,0,0,0,0,0,0,0,0
GF10_C5_COLON_D55,0,12.07846,0,0,1.00906,0,0,67.72314,19.18934,0,0,0,0,0,0,0,0,0,0,0,0,0,0,0,0,0,0,0,0,0,0,0,0,0,0,0,0,0,0,0,0,0,0,0,0,0,0,0,0,0,0,0
GF10_C5_d101,1.20562,96.84976,0,0.1615,1.49395,0,0,0,0.28917,0,0,0,0,0,0,0,0,0,0,0,0,0,0,0,0,0,0,0,0,0,0,0,0,0,0,0,0,0,0,0,0,0,0,0,0,0,0,0,0,0,0,0
GF10_C5_d55,45.65209,0,0,19.96544,1.50035,0,0,0,3.00231,0,0,0,0,0,0,0,0,0,0,0,0,0,0,0,0,0,29.87981,0,0,0,0,0,0,0,0,0,0,0,0,0,0,0,0,0,0,0,0,0,0,0,0,0
GF10_C5_d77,0,98.38223,0,0,1.61777,0,0,0,0,0,0,0,0,0,0,0,0,0,0,0,0,0,0,0,0,0,0,0,0,0,0,0,0,0,0,0,0,0,0,0,0,0,0,0,0,0,0,0,0,0,0,0
GF10_C6_COLON_D55,0,46.36692,0.79117,0,0.72318,0,0,17.83873,34.28,0,0,0,0,0,0,0,0,0,0,0,0,0,0,0,0,0,0,0,0,0,0,0,0,0,0,0,0,0,0,0,0,0,0,0,0,0,0,0,0,0,0,0
GF10_C6_d101,0,99.87219,0,0,0.12781,0,0,0,0,0,0,0,0,0,0,0,0,0,0,0,0,0,0,0,0,0,0,0,0,0,0,0,0,0,0,0,0,0,0,0,0,0,0,0,0,0,0,0,0,0,0,0
GF10_C6_d55,40.53566,1.29632,0,22.20621,1.17972,0,0,1.36853,2.82605,0,0,0,0,0,0,0,0,0,0,0,0,0,0,0,0,0,30.27019,0.31731,0,0,0,0,0,0,0,0,0,0,0,0,0,0,0,0,0,0,0,0,0,0,0,0
GF10_C7_COLON_D55,0,100,0,0,0,0,0,0,0,0,0,0,0,0,0,0,0,0,0,0,0,0,0,0,0,0,0,0,0,0,0,0,0,0,0,0,0,0,0,0,0,0,0,0,0,0,0,0,0,0,0,0
GF10_C8_COLON_D55,0,100,0,0,0,0,0,0,0,0,0,0,0,0,0,0,0,0,0,0,0,0,0,0,0,0,0,0,0,0,0,0,0,0,0,0,0,0,0,0,0,0,0,0,0,0,0,0,0,0,0,0
GF10_C8_d101,0.61946,97.48219,0,0.15488,1.36398,0,0,0,0.37949,0,0,0,0,0,0,0,0,0,0,0,0,0,0,0,0,0,0,0,0,0,0,0,0,0,0,0,0,0,0,0,0,0,0,0,0,0,0,0,0,0,0,0
GF10_C8_d103,0,2.3161,22.60431,24.72295,30.02357,0,0,0,20.33308,0,0,0,0,0,0,0,0,0,0,0,0,0,0,0,0,0,0,0,0,0,0,0,0,0,0,0,0,0,0,0,0,0,0,0,0,0,0,0,0,0,0,0
GF10_C8_d55,50.2251,6.42812,7.26789,8.62521,2.73095,1.74869,0.23155,3.05557,0.55084,0.7529,0.08552,0.35672,0,0,0,0,0,0,0,0,0,0,0,0,0,0,17.91725,0.02368,0,0,0,0,0,0,0,0,0,0,0,0,0,0,0,0,0,0,0,0,0,0,0,0
GF10_C9_COLON_D55,0,0,0,0,7.19971,0,0,0,92.80029,0,0,0,0,0,0,0,0,0,0,0,0,0,0,0,0,0,0,0,0,0,0,0,0,0,0,0,0,0,0,0,0,0,0,0,0,0,0,0,0,0,0,0
GF10_Cdam_d0,37.35194,0.67313,0,17.16815,0.71078,7.12766,0,0,0.26915,0,0,0,0,0,0,0,0,0,0,0,0,0,0,0,0,0,36.5025,0.19669,0,0,0,0,0,0,0,0,0,0,0,0,0,0,0,0,0,0,0,0,0,0,0,0
GF10_Cdam_d1,44.96385,14.91775,24.87042,6.51831,4.04574,0,3.5157,0.8036,0.29969,0,0,0,0,0,0,0,0,0,0.06495,0,0,0,0,0,0,0,0,0,0,0,0,0,0,0,0,0,0,0,0,0,0,0,0,0,0,0,0,0,0,0,0,0
GF10_Cdam_d20,42.98639,3.84699,14.23004,7.02969,4.20382,0,1.88303,2.16838,0,0,0,3.83456,0,0,0,0,0,0,19.8171,0,0,0,0,0,0,0,0,0,0,0,0,0,0,0,0,0,0,0,0,0,0,0,0,0,0,0,0,0,0,0,0,0
GF10_INOC,10.2886,64.19176,4.22671,4.67574,7.98061,8.42551,0.0703,0,0,0,0,0,0,0,0,0,0,0,0,0,0,0,0.14077,0,0,0,0,0,0,0,0,0,0,0,0,0,0,0,0,0,0,0,0,0,0,0,0,0,0,0,0,0
GF11_A_DAM_D0,0.72829,29.55213,1.41866,0.52698,20.90831,0,0,6.55833,6.26809,0,0,9.26366,3.93963,0,0,0,0,0,0,0,0,0,0,0,0,17.10335,3.73258,0,0,0,0,0,0,0,0,0,0,0,0,0,0,0,0,0,0,0,0,0,0,0,0,0
GF11_A1_COLON_D38,0.17126,4.90762,0,0,31.35805,0.21529,0,10.8594,18.59621,0,0,11.4148,4.86182,0,0,0,0,0,0,0,0,0,0,0,0,10.79707,6.81848,0,0,0,0,0,0,0,0,0,0,0,0,0,0,0,0,0,0,0,0,0,0,0,0,0
GF11_A1_D35,0,2.52303,0,0,12.27589,0,0,44.09762,35.24413,0,0,0.73699,0.04546,0,0,0,0,0,0,0,0,0,0,0,0,1.20358,3.8733,0,0,0,0,0,0,0,0,0,0,0,0,0,0,0,0,0,0,0,0,0,0,0,0,0
GF11_A1_D37,1.62185,0.88417,0,0.90634,23.62206,0,0,60.162,11.03738,0,0,0.00754,0,0,0,0,0,0,0,0,0,0,0,0,0,0.04235,1.71629,0,0,0,0,0,0,0,0,0,0,0,0,0,0,0,0,0,0,0,0,0,0,0,0,0
GF11_A2_COLON_D38,0,4.63885,0,0,27.48098,0,0,19.16224,25.74291,0,0,5.22326,4.22775,0,0,0,0,0,0,0,0,0,0,0,0,8.89696,4.62706,0,0,0,0,0,0,0,0,0,0,0,0,0,0,0,0,0,0,0,0,0,0,0,0,0
GF11_A2_D35,0,0.2144,0,0.03536,25.64749,0,0,5.76753,66.48318,0,0,0,0,0,0,0,0,0,0,0,0,0,0,0,0,0.05126,1.80078,0,0,0,0,0,0,0,0,0,0,0,0,0,0,0,0,0,0,0,0,0,0,0,0,0
GF11_A2_D36,0,0,0,0,24.12052,0,0,0,75.87948,0,0,0,0,0,0,0,0,0,0,0,0,0,0,0,0,0,0,0,0,0,0,0,0,0,0,0,0,0,0,0,0,0,0,0,0,0,0,0,0,0,0,0
GF11_A3_D36,0,0,0,0,0,0,0,0,100,0,0,0,0,0,0,0,0,0,0,0,0,0,0,0,0,0,0,0,0,0,0,0,0,0,0,0,0,0,0,0,0,0,0,0,0,0,0,0,0,0,0,0
GF11_A4_COLON_D38,0.23427,0.82432,0,0,23.42302,0,0,21.23196,27.93659,0,0,8.72893,2.78626,0,0,0,0,0,0,0,0,0,0,0,0,10.96555,3.8691,0,0,0,0,0,0,0,0,0,0,0,0,0,0,0,0,0,0,0,0,0,0,0,0,0
GF11_A4_D37,0.28289,0,0,0,4.02981,0,0,10.16063,84.76134,0,0,0,0,0,0,0,0,0,0,0,0,0,0,0,0,0,0.76533,0,0,0,0,0,0,0,0,0,0,0,0,0,0,0,0,0,0,0,0,0,0,0,0,0
GF11_A5_D35,0,0,0,0,3.30513,0,0,79.52014,1.66026,0,0,0,0,0,0,0,0,0,0,0,0,0,0,0,0,0,15.51447,0,0,0,0,0,0,0,0,0,0,0,0,0,0,0,0,0,0,0,0,0,0,0,0,0
GF11_B_dam_d111,31.21691,0.05293,0,2.99221,2.63994,0,0,0.15718,1.41501,0,0,5.34758,0.98656,0,0,0,0,0,0,0,0,0,0,0,0,1.16675,53.07301,0.26066,0.39513,0.29613,0,0,0,0,0,0,0,0,0,0,0,0,0,0,0,0,0,0,0,0,0,0
GF11_B_dam_d20,22.36994,0.32383,0,0,3.17522,0,0,0.25886,1.68239,0,0,6.52373,2.09845,0,0,0,0,0,0,0,0,0,0,0,0,1.33656,61.48453,0,0.34625,0.40024,0,0,0,0,0,0,0,0,0,0,0,0,0,0,0,0,0,0,0,0,0,0
GF11_B_dam_d7,14.25798,0,0,0,1.2033,0,0,1.39968,3.92277,0,0,5.32499,0.1951,0,0,0,0,0,0,0,0,0,0,0,0,1.03404,71.92382,0.13936,0.5896,0.00936,0,0,0,0,0,0,0,0,0,0,0,0,0,0,0,0,0,0,0,0,0,0
GF11_B1_COLON_D38,0,0,0,0,28.32483,0,0,23.48869,29.02163,0,0,6.28498,1.89397,0,0,0,0,0,0,0,0,0,0,0,0,7.70673,3.27918,0,0,0,0,0,0,0,0,0,0,0,0,0,0,0,0,0,0,0,0,0,0,0,0,0
GF11_B1_d105_colon,13.94344,4.83384,53.12622,2.76134,2.47207,0,0,0,22.8631,0,0,0,0,0,0,0,0,0,0,0,0,0,0,0,0,0,0,0,0,0,0,0,0,0,0,0,0,0,0,0,0,0,0,0,0,0,0,0,0,0,0,0
GF11_B1_D36,0.62378,2.86039,0,0,29.64617,0,0,18.61934,23.81369,0,0,6.68558,2.69707,0,0,0,0,0,0,0,0,0,0,0,0,11.63361,3.42038,0,0,0,0,0,0,0,0,0,0,0,0,0,0,0,0,0,0,0,0,0,0,0,0,0
GF11_B1_d71,0.01545,0,0,0,0,0,0,98.23761,0,0,0,0,0,0,0,0,0,0,0,0,0,0,0,0,0,0,1.74694,0,0,0,0,0,0,0,0,0,0,0,0,0,0,0,0,0,0,0,0,0,0,0,0,0
GF11_B2_COLON_D38,0,0,0,0,11.59457,0,0,19.67138,64.7955,0,0,1.33587,0,0,0,0,0,0,0,0,0,0,0,0,0,2.03955,0.56313,0,0,0,0,0,0,0,0,0,0,0,0,0,0,0,0,0,0,0,0,0,0,0,0,0
GF11_B2_d105_colon,38.87298,0,0,8.42197,3.43635,0,0,0,6.77331,0,0,0,0,0,0,0,0,0,0,0,0,0,0,0,0,0,40.31561,0,0,2.17978,0,0,0,0,0,0,0,0,0,0,0,0,0,0,0,0,0,0,0,0,0,0
GF11_B2_D36,0,5.90098,0,0,23.18796,0,0,24.83227,19.29666,0,0,9.15645,2.07058,0,0,0,0,0,0,0,0,0,0,0,0,11.18752,4.36759,0,0,0,0,0,0,0,0,0,0,0,0,0,0,0,0,0,0,0,0,0,0,0,0,0
GF11_B2_d71,0,0.61275,0,0.21354,9.41894,0,0,87.74056,0,0,0,0,0,0,0,0,0,0,0,0,0,0,0,0,0,0,2.01421,0,0,0,0,0,0,0,0,0,0,0,0,0,0,0,0,0,0,0,0,0,0,0,0,0
GF11_B2_d73,0,70.48426,0,0,0,0,0,29.51574,0,0,0,0,0,0,0,0,0,0,0,0,0,0,0,0,0,0,0,0,0,0,0,0,0,0,0,0,0,0,0,0,0,0,0,0,0,0,0,0,0,0,0,0
GF11_B3_COLON_D38,0,0,0,0,7.6351,0,0,35.06303,57.30187,0,0,0,0,0,0,0,0,0,0,0,0,0,0,0,0,0,0,0,0,0,0,0,0,0,0,0,0,0,0,0,0,0,0,0,0,0,0,0,0,0,0,0
GF11_B3_d105_colon,30.65711,0,0,4.32473,1.22637,0,0,0,6.56476,0,0,0,0,0,0,0,0,0,0,0,0,0,0,0,0,0,57.22703,0,0,0,0,0,0,0,0,0,0,0,0,0,0,0,0,0,0,0,0,0,0,0,0,0
GF11_B3_D35,0,0,0,0,4.01707,0,0,0,95.32235,0,0,0,0,0,0,0,0,0,0,0,0,0,0,0,0,0,0.66057,0,0,0,0,0,0,0,0,0,0,0,0,0,0,0,0,0,0,0,0,0,0,0,0,0
GF11_B3_D37,0,0,0,0,0.52405,0,0,3.40206,96.07389,0,0,0,0,0,0,0,0,0,0,0,0,0,0,0,0,0,0,0,0,0,0,0,0,0,0,0,0,0,0,0,0,0,0,0,0,0,0,0,0,0,0,0
GF11_B3_d71,0,0.94608,0,0,1.86076,0,0,97.19315,0,0,0,0,0,0,0,0,0,0,0,0,0,0,0,0,0,0,0,0,0,0,0,0,0,0,0,0,0,0,0,0,0,0,0,0,0,0,0,0,0,0,0,0
GF11_B4_COLON_D38,0,0,0,0,0,0,0,0,100,0,0,0,0,0,0,0,0,0,0,0,0,0,0,0,0,0,0,0,0,0,0,0,0,0,0,0,0,0,0,0,0,0,0,0,0,0,0,0,0,0,0,0
GF11_B4_d105_colon,14.9814,0.74226,0,5.38398,1.92354,0,0,0.20117,3.1299,0,0,0,0,0,0,0,0,0,0,0,0,0,0,0,0,0,73.63776,0,0,0,0,0,0,0,0,0,0,0,0,0,0,0,0,0,0,0,0,0,0,0,0,0
GF11_B4_D35,0,0,0,0,13.79192,0,0,72.06089,11.30034,0,0,0,0,0,0,0,0,0,0,0,0,0,0,0,0,0,2.84686,0,0,0,0,0,0,0,0,0,0,0,0,0,0,0,0,0,0,0,0,0,0,0,0,0
GF11_B4_D37,0,0,0,0,2.83339,0,0,71.56512,25.60149,0,0,0,0,0,0,0,0,0,0,0,0,0,0,0,0,0,0,0,0,0,0,0,0,0,0,0,0,0,0,0,0,0,0,0,0,0,0,0,0,0,0,0
GF11_B4_d72,0,0,0,0,0,0,0,99.81081,0,0,0,0,0,0,0,0,0,0,0,0,0,0,0,0,0,0,0.18919,0,0,0,0,0,0,0,0,0,0,0,0,0,0,0,0,0,0,0,0,0,0,0,0,0
GF11_B4_d73,0,19.69273,0,0,0,0,0,80.30727,0,0,0,0,0,0,0,0,0,0,0,0,0,0,0,0,0,0,0,0,0,0,0,0,0,0,0,0,0,0,0,0,0,0,0,0,0,0,0,0,0,0,0,0
GF11_B4_d74_colon,0,100,0,0,0,0,0,0,0,0,0,0,0,0,0,0,0,0,0,0,0,0,0,0,0,0,0,0,0,0,0,0,0,0,0,0,0,0,0,0,0,0,0,0,0,0,0,0,0,0,0,0
GF11_B5_COLON_D38,0,0,0,0,0,0,0,14.66164,85.33836,0,0,0,0,0,0,0,0,0,0,0,0,0,0,0,0,0,0,0,0,0,0,0,0,0,0,0,0,0,0,0,0,0,0,0,0,0,0,0,0,0,0,0
GF11_B5_d105_colon,56.46414,0,0,8.8896,2.52186,0,0,0.96235,4.14903,0,0,1.02034,0,0,0,0,0,0,0,0,0,0,0,0,0,0,24.07404,0.05866,0,1.85997,0,0,0,0,0,0,0,0,0,0,0,0,0,0,0,0,0,0,0,0,0,0
GF11_B5_D35,0,0,0,0,1.19421,0,0,5.32591,93.47988,0,0,0,0,0,0,0,0,0,0,0,0,0,0,0,0,0,0,0,0,0,0,0,0,0,0,0,0,0,0,0,0,0,0,0,0,0,0,0,0,0,0,0
GF11_B5_D37,0,0,0,0,0,0,0,0,100,0,0,0,0,0,0,0,0,0,0,0,0,0,0,0,0,0,0,0,0,0,0,0,0,0,0,0,0,0,0,0,0,0,0,0,0,0,0,0,0,0,0,0
GF11_B5_d71,0,0,0,0.02208,22.21839,0,0,76.95051,0,0,0,0,0,0,0,0,0,0,0,0,0,0,0,0,0,0,0.80902,0,0,0,0,0,0,0,0,0,0,0,0,0,0,0,0,0,0,0,0,0,0,0,0,0
GF11_B5_d74_colon,0,100,0,0,0,0,0,0,0,0,0,0,0,0,0,0,0,0,0,0,0,0,0,0,0,0,0,0,0,0,0,0,0,0,0,0,0,0,0,0,0,0,0,0,0,0,0,0,0,0,0,0
GF11_B6_d105_colon,32.26074,0,0,6.03549,1.74762,0,0,0.43657,2.94589,0,0,0.2435,0,0,0,0,0,0,0,0,0,0,0,0,0,0,56.00153,0.01815,0,0.31051,0,0,0,0,0,0,0,0,0,0,0,0,0,0,0,0,0,0,0,0,0,0
GF11_B6_d71,0,0,0,0,0.35668,0,0,25.87243,73.34129,0,0,0,0,0,0,0,0,0,0,0,0,0,0,0,0,0,0.4296,0,0,0,0,0,0,0,0,0,0,0,0,0,0,0,0,0,0,0,0,0,0,0,0,0
GF11_B7_d105_colon,8.00359,0,0,1.68149,5.63129,0,0,2.00162,13.98124,0,0,0.01298,0,0,0,0,0,0,0,0,0,0,0,0,0,0,66.63134,0.14294,0,1.9135,0,0,0,0,0,0,0,0,0,0,0,0,0,0,0,0,0,0,0,0,0,0
GF11_B7_d71,0,0,0,0,5.95436,0,0,25.88535,66.40203,0,0,0,0,0,0,0,0,0,0,0,0,0,0,0,0,0,1.75825,0,0,0,0,0,0,0,0,0,0,0,0,0,0,0,0,0,0,0,0,0,0,0,0,0
GF11_B7_d73,0,100,0,0,0,0,0,0,0,0,0,0,0,0,0,0,0,0,0,0,0,0,0,0,0,0,0,0,0,0,0,0,0,0,0,0,0,0,0,0,0,0,0,0,0,0,0,0,0,0,0,0
GF11_B7_d74_colon,25.02988,11.8149,24.99584,12.19408,12.47745,0.2451,0.50813,1.02454,11.7101,0,0,0,0,0,0,0,0,0,0,0,0,0,0,0,0,0,0,0,0,0,0,0,0,0,0,0,0,0,0,0,0,0,0,0,0,0,0,0,0,0,0,0
GF11_B8_d105_colon,26.32516,0,0,6.05592,1.34003,0,0,0.22084,4.30599,0,0,0.80243,0,0,0,0,0,0,0,0,0,0,0,0,0,0,60.94963,0,0,0,0,0,0,0,0,0,0,0,0,0,0,0,0,0,0,0,0,0,0,0,0,0
GF11_C1_COLON_D38,0,0,0,0,0,0,0,93.01126,6.98874,0,0,0,0,0,0,0,0,0,0,0,0,0,0,0,0,0,0,0,0,0,0,0,0,0,0,0,0,0,0,0,0,0,0,0,0,0,0,0,0,0,0,0
GF11_C1_D36,0,0,0,0,14.37393,0,0,61.5806,13.86699,0,0,3.55819,0.44575,0,0,0,0,0,0,0,0,0,0,0,0,5.20414,0.97039,0,0,0,0,0,0,0,0,0,0,0,0,0,0,0,0,0,0,0,0,0,0,0,0,0
GF11_C1_d71,0,0,0,0,6.26949,0,0,92.49122,0,0,0,0,0,0,0,0,0,0,0,0,0,0,0,0,0,0,1.23929,0,0,0,0,0,0,0,0,0,0,0,0,0,0,0,0,0,0,0,0,0,0,0,0,0
GF11_C1_d74_colon,4.1993,7.92226,21.69726,3.73466,41.15151,0,0,1.15526,20.13975,0,0,0,0,0,0,0,0,0,0,0,0,0,0,0,0,0,0,0,0,0,0,0,0,0,0,0,0,0,0,0,0,0,0,0,0,0,0,0,0,0,0,0
GF11_C2_D37,0,0,0,0,5.52805,0,0,0,94.47195,0,0,0,0,0,0,0,0,0,0,0,0,0,0,0,0,0,0,0,0,0,0,0,0,0,0,0,0,0,0,0,0,0,0,0,0,0,0,0,0,0,0,0
GF11_C2_d71,0,0,0,0,2.49355,0,0,96.70592,0,0,0,0,0,0,0,0,0,0,0,0,0,0,0,0,0,0,0.80053,0,0,0,0,0,0,0,0,0,0,0,0,0,0,0,0,0,0,0,0,0,0,0,0,0
GF11_C2_d72,0,0,0,0,3.21062,0,0,96.52259,0,0,0,0,0,0,0,0,0,0,0,0,0,0,0,0,0,0,0.26679,0,0,0,0,0,0,0,0,0,0,0,0,0,0,0,0,0,0,0,0,0,0,0,0,0
GF11_C2_d74_colon,0.36642,4.18408,5.74365,0.89374,83.7209,0,0,0.24504,4.84617,0,0,0,0,0,0,0,0,0,0,0,0,0,0,0,0,0,0,0,0,0,0,0,0,0,0,0,0,0,0,0,0,0,0,0,0,0,0,0,0,0,0,0
GF11_C3_COLON_D38,0,0,0,0,0,0,0,0,100,0,0,0,0,0,0,0,0,0,0,0,0,0,0,0,0,0,0,0,0,0,0,0,0,0,0,0,0,0,0,0,0,0,0,0,0,0,0,0,0,0,0,0
GF11_C3_D35,0,0,0,0,1.35672,0,0,0.83274,97.33565,0,0,0,0,0,0,0,0,0,0,0,0,0,0,0,0,0,0.47489,0,0,0,0,0,0,0,0,0,0,0,0,0,0,0,0,0,0,0,0,0,0,0,0,0
GF11_C3_D36,0,0.44035,0,0,11.45507,0,0,18.62506,58.41538,0,0,2.7557,0.86809,0,0,0,0,0,0,0,0,0,0,0,0,5.11068,2.32967,0,0,0,0,0,0,0,0,0,0,0,0,0,0,0,0,0,0,0,0,0,0,0,0,0
GF11_C3_d71,0,0,0,0,0,0,0,100,0,0,0,0,0,0,0,0,0,0,0,0,0,0,0,0,0,0,0,0,0,0,0,0,0,0,0,0,0,0,0,0,0,0,0,0,0,0,0,0,0,0,0,0
GF11_C3_d74_colon,13.43452,0,0,32.26317,21.15954,0,0,3.06569,16.44286,0,0,0,0,0,0,0,0,0,0,0,0,0,0,0,0,0,0,13.63423,0,0,0,0,0,0,0,0,0,0,0,0,0,0,0,0,0,0,0,0,0,0,0,0
GF11_C4_COLON_D38,0,0,0,0,0,0,0,38.13202,61.86798,0,0,0,0,0,0,0,0,0,0,0,0,0,0,0,0,0,0,0,0,0,0,0,0,0,0,0,0,0,0,0,0,0,0,0,0,0,0,0,0,0,0,0
GF11_C4_D35,0,0,0,0,12.65621,0,0,0.74061,83.54219,0,0,0,0,0,0,0,0,0,0,0,0,0,0,0,0,0,3.06099,0,0,0,0,0,0,0,0,0,0,0,0,0,0,0,0,0,0,0,0,0,0,0,0,0
GF11_C4_D36,0,0,0,0,8.96435,0,0,22.39048,64.93938,0,0,0.28275,0,0,0,0,0,0,0,0,0,0,0,0,0,1.18642,2.23663,0,0,0,0,0,0,0,0,0,0,0,0,0,0,0,0,0,0,0,0,0,0,0,0,0
GF11_C4_d74_colon,19.21285,0,0,31.12336,0,0,0,0,47.53634,0,0,0,0,0,0,0,0,0,0,0,0,0,0,0,0,0,0,2.12745,0,0,0,0,0,0,0,0,0,0,0,0,0,0,0,0,0,0,0,0,0,0,0,0
GF11_C5_D37,0,0,0,0,7.53571,0,0,0,92.46429,0,0,0,0,0,0,0,0,0,0,0,0,0,0,0,0,0,0,0,0,0,0,0,0,0,0,0,0,0,0,0,0,0,0,0,0,0,0,0,0,0,0,0
GF11_C5_d71,0,0,0,0,20.43045,0,0,79.56955,0,0,0,0,0,0,0,0,0,0,0,0,0,0,0,0,0,0,0,0,0,0,0,0,0,0,0,0,0,0,0,0,0,0,0,0,0,0,0,0,0,0,0,0
GF11_C5_d72,0,0,0,0,21.75682,0,0,77.38586,0,0,0,0,0,0,0,0,0,0,0,0,0,0,0,0,0,0,0.85732,0,0,0,0,0,0,0,0,0,0,0,0,0,0,0,0,0,0,0,0,0,0,0,0,0
GF11_C5_d74_colon,13.58829,14.99302,37.94387,2.99954,3.71313,1.85633,0.2775,0.18185,24.26751,0.17896,0,0,0,0,0,0,0,0,0,0,0,0,0,0,0,0,0,0,0,0,0,0,0,0,0,0,0,0,0,0,0,0,0,0,0,0,0,0,0,0,0,0
GF11_C6_d71,1.77669,0,0,0.65708,2.09429,0,0,91.50065,0,0,0,0,0,0,0,0,0,0,0,0,0,0,0,0,0,0,3.97129,0,0,0,0,0,0,0,0,0,0,0,0,0,0,0,0,0,0,0,0,0,0,0,0,0
GF11_C6_d72,0,0.17325,0,0.59243,2.26374,0,0,95.11381,0,0,0,0,0,0,0,0,0,0,0,0,0,0,0,0,0,0,1.85678,0,0,0,0,0,0,0,0,0,0,0,0,0,0,0,0,0,0,0,0,0,0,0,0,0
GF11_C6_d74_colon,46.1113,0.32284,0,27.03912,6.53349,0,0,1.84391,16.17356,0,0,0,0,0,0,0,0,0,0,0,0,0,0,0,0,0,0,1.97577,0,0,0,0,0,0,0,0,0,0,0,0,0,0,0,0,0,0,0,0,0,0,0,0
GF11_C7_d71,0,0,0,0,1.52821,0,0,96.38338,0.10491,0,0,0,0,0,0,0,0,0,0,0,0,0,0,0,0,0,1.9835,0,0,0,0,0,0,0,0,0,0,0,0,0,0,0,0,0,0,0,0,0,0,0,0,0
GF11_C7_d72_colon,0,0,0,0,0,0,0,97.55676,0,0,0,0,0,0,0,0,0,0,0,0,0,0,0,0,0,0,2.44324,0,0,0,0,0,0,0,0,0,0,0,0,0,0,0,0,0,0,0,0,0,0,0,0,0
GF11_INOC,2.21814,14.40629,0,0,28.97205,0,0,4.22588,9.08919,0,0,10.13899,6.05938,0,0,0,0,0,0,0,0,0,0,0,0,20.55138,4.33869,0,0,0,0,0,0,0,0,0,0,0,0,0,0,0,0,0,0,0,0,0,0,0,0,0
GF12_A_dam_d21,0,0,0,0,71.86348,0,0,0,0,0,0,0,0,0,0,0,0,0,0,0,0,0,0,19.1027,0,0,0,0,0,0,9.03382,0,0,0,0,0,0,0,0,0,0,0,0,0,0,0,0,0,0,0,0,0
GF12_A_Dam_d85,65.78856,0,23.15062,9.94698,1.11385,0,0,0,0,0,0,0,0,0,0,0,0,0,0,0,0,0,0,0,0,0,0,0,0,0,0,0,0,0,0,0,0,0,0,0,0,0,0,0,0,0,0,0,0,0,0,0
GF12_A1_d31,0,0,0,0,1.20815,0,0,0,0,0,0,0,0,0,0,0,0,0,0,0,0,0,0,98.79185,0,0,0,0,0,0,0,0,0,0,0,0,0,0,0,0,0,0,0,0,0,0,0,0,0,0,0,0
GF12_A1_d76_colon,66.0145,0,23.21206,10.72784,0.0456,0,0,0,0,0,0,0,0,0,0,0,0,0,0,0,0,0,0,0,0,0,0,0,0,0,0,0,0,0,0,0,0,0,0,0,0,0,0,0,0,0,0,0,0,0,0,0
GF12_A2_d32,0,0,0,0,59.44316,0,0,0,0,0,0,0,0,0,0,0,0,0,0,0,0,0,0,40.55684,0,0,0,0,0,0,0,0,0,0,0,0,0,0,0,0,0,0,0,0,0,0,0,0,0,0,0,0
GF12_A2_d34_colon,0.8049,92.50334,0,0,5.49987,1.19189,0,0,0,0,0,0,0,0,0,0,0,0,0,0,0,0,0,0,0,0,0,0,0,0,0,0,0,0,0,0,0,0,0,0,0,0,0,0,0,0,0,0,0,0,0,0
GF12_A2_d76_colon,67.70046,0,21.24882,10.52462,0.52611,0,0,0,0,0,0,0,0,0,0,0,0,0,0,0,0,0,0,0,0,0,0,0,0,0,0,0,0,0,0,0,0,0,0,0,0,0,0,0,0,0,0,0,0,0,0,0
GF12_A3_d31,2.20682,0,0.74951,0.20231,90.69378,0,0,0,0,0,0,0,0,0,0,0,0,0,0,0,0,0,0,6.14758,0,0,0,0,0,0,0,0,0,0,0,0,0,0,0,0,0,0,0,0,0,0,0,0,0,0,0,0
GF12_A3_d76_colon,43.82935,0,43.02776,12.27416,0.86874,0,0,0,0,0,0,0,0,0,0,0,0,0,0,0,0,0,0,0,0,0,0,0,0,0,0,0,0,0,0,0,0,0,0,0,0,0,0,0,0,0,0,0,0,0,0,0
GF12_A4_d31,0,0,0,0,100,0,0,0,0,0,0,0,0,0,0,0,0,0,0,0,0,0,0,0,0,0,0,0,0,0,0,0,0,0,0,0,0,0,0,0,0,0,0,0,0,0,0,0,0,0,0,0
GF12_A4_d32,0,0,0,0,93.84476,0,0,0,0,0,0,0,0,0,0,0,0,0,0,0,0,0,0,6.15524,0,0,0,0,0,0,0,0,0,0,0,0,0,0,0,0,0,0,0,0,0,0,0,0,0,0,0,0
GF12_A4_d34_colon,1.28705,0,0,98.71295,0,0,0,0,0,0,0,0,0,0,0,0,0,0,0,0,0,0,0,0,0,0,0,0,0,0,0,0,0,0,0,0,0,0,0,0,0,0,0,0,0,0,0,0,0,0,0,0
GF12_A4_d76_colon,27.35287,0,61.07272,11.57441,0,0,0,0,0,0,0,0,0,0,0,0,0,0,0,0,0,0,0,0,0,0,0,0,0,0,0,0,0,0,0,0,0,0,0,0,0,0,0,0,0,0,0,0,0,0,0,0
GF12_A5_d34_colon,51.90076,0,12.42454,35.67469,0,0,0,0,0,0,0,0,0,0,0,0,0,0,0,0,0,0,0,0,0,0,0,0,0,0,0,0,0,0,0,0,0,0,0,0,0,0,0,0,0,0,0,0,0,0,0,0
GF12_A5_d76_colon,82.6031,0,12.75046,4.64644,0,0,0,0,0,0,0,0,0,0,0,0,0,0,0,0,0,0,0,0,0,0,0,0,0,0,0,0,0,0,0,0,0,0,0,0,0,0,0,0,0,0,0,0,0,0,0,0
GF12_A6_d76_colon,74.34499,0,17.16753,7.86147,0.62601,0,0,0,0,0,0,0,0,0,0,0,0,0,0,0,0,0,0,0,0,0,0,0,0,0,0,0,0,0,0,0,0,0,0,0,0,0,0,0,0,0,0,0,0,0,0,0
GF12_A7_d76_colon,70.47959,0,19.01448,9.97507,0.53086,0,0,0,0,0,0,0,0,0,0,0,0,0,0,0,0,0,0,0,0,0,0,0,0,0,0,0,0,0,0,0,0,0,0,0,0,0,0,0,0,0,0,0,0,0,0,0
GF12_A8_d76_colon,72.68966,0,20.40681,6.90353,0,0,0,0,0,0,0,0,0,0,0,0,0,0,0,0,0,0,0,0,0,0,0,0,0,0,0,0,0,0,0,0,0,0,0,0,0,0,0,0,0,0,0,0,0,0,0,0
GF12_B1_d79,0.35812,0,0,0.88016,86.45192,0,0,0,0,0,0,0,0,0,0,0,0,0,0,0,0,0,0,12.30979,0,0,0,0,0,0,0,0,0,0,0,0,0,0,0,0,0,0,0,0,0,0,0,0,0,0,0,0
GF12_B2_d32,0,0,0,0,99.94988,0,0,0,0,0,0,0,0,0,0,0,0,0,0,0,0,0,0,0.05012,0,0,0,0,0,0,0,0,0,0,0,0,0,0,0,0,0,0,0,0,0,0,0,0,0,0,0,0
GF12_B2_d79,3.2596,0,0.03945,2.087,0.35482,0,0,0,0,0,0,0,0,0,0,0,0,0,0,0,0,0,0,94.25914,0,0,0,0,0,0,0,0,0,0,0,0,0,0,0,0,0,0,0,0,0,0,0,0,0,0,0,0
GF12_B2_d81,0,0,4.17418,0,0,0,0,0,0,0,0,0,0,0,0,0,0,0,0,0,0,0,0,95.82582,0,0,0,0,0,0,0,0,0,0,0,0,0,0,0,0,0,0,0,0,0,0,0,0,0,0,0,0
GF12_B2_d82_colon,0,0,0,57.31438,28.43125,0,0,0,0,0,0,0,0,0,0,0,0,0,0,0,0,0,0,14.25437,0,0,0,0,0,0,0,0,0,0,0,0,0,0,0,0,0,0,0,0,0,0,0,0,0,0,0,0
GF12_B3_d31,0,0,0,0,0.97743,0,0,0,0,0,0,0,0,0,0,0,0,0,0,0,0,0,0,99.02257,0,0,0,0,0,0,0,0,0,0,0,0,0,0,0,0,0,0,0,0,0,0,0,0,0,0,0,0
GF12_B3_d80,0.60275,0,0,1.57956,92.92868,0,0,0,0,0,0,0,0,0,0,0,0,0,0,0,0,0,0,4.88901,0,0,0,0,0,0,0,0,0,0,0,0,0,0,0,0,0,0,0,0,0,0,0,0,0,0,0,0
GF12_B4_d31,0,0,0,0,97.76713,0,0,0,0,0,0,0,0,0,0,0,0,0,0,0,0,0,0,2.23287,0,0,0,0,0,0,0,0,0,0,0,0,0,0,0,0,0,0,0,0,0,0,0,0,0,0,0,0
GF12_B4_d79,0.40556,0,0,2.34736,35.98468,0,0,0,0,0,0,0,0,0,0,0,0,0,0,0,0,0,0,61.2624,0,0,0,0,0,0,0,0,0,0,0,0,0,0,0,0,0,0,0,0,0,0,0,0,0,0,0,0
GF12_B5_d79,0.98211,0,0,2.04559,84.08879,0,0,0,0,0,0,0,0,0,0,0,0,0,0,0,0,0,0,12.88351,0,0,0,0,0,0,0,0,0,0,0,0,0,0,0,0,0,0,0,0,0,0,0,0,0,0,0,0
GF12_C1_d79,0,0,0,0.77006,99.22994,0,0,0,0,0,0,0,0,0,0,0,0,0,0,0,0,0,0,0,0,0,0,0,0,0,0,0,0,0,0,0,0,0,0,0,0,0,0,0,0,0,0,0,0,0,0,0
GF12_C1_d82_colon,42.28878,0,37.97854,12.94103,6.79165,0,0,0,0,0,0,0,0,0,0,0,0,0,0,0,0,0,0,0,0,0,0,0,0,0,0,0,0,0,0,0,0,0,0,0,0,0,0,0,0,0,0,0,0,0,0,0
GF12_C2_d31,0,0,0,0,13.87093,0,0,0,0,0,0,0,0,0,0,0,0,0,0,0,0,0,0,86.12907,0,0,0,0,0,0,0,0,0,0,0,0,0,0,0,0,0,0,0,0,0,0,0,0,0,0,0,0
GF12_C2_d79,0,0,0,1.26378,98.73622,0,0,0,0,0,0,0,0,0,0,0,0,0,0,0,0,0,0,0,0,0,0,0,0,0,0,0,0,0,0,0,0,0,0,0,0,0,0,0,0,0,0,0,0,0,0,0
GF12_C3_d31,0,0,0,0,98.93088,0,0,0,0,0,0,0,0,0,0,0,0,0,0,0,0,0,0,1.06912,0,0,0,0,0,0,0,0,0,0,0,0,0,0,0,0,0,0,0,0,0,0,0,0,0,0,0,0
GF12_C3_d79,0,0,0,0,75.96874,0,0,0,0,0,0,0,0,0,0,0,0,0,0,0,0,0,0,24.03126,0,0,0,0,0,0,0,0,0,0,0,0,0,0,0,0,0,0,0,0,0,0,0,0,0,0,0,0
GF12_C3_d80_colon,0,0,0,0,100,0,0,0,0,0,0,0,0,0,0,0,0,0,0,0,0,0,0,0,0,0,0,0,0,0,0,0,0,0,0,0,0,0,0,0,0,0,0,0,0,0,0,0,0,0,0,0
GF12_C4_d31,0,0,0,0,73.62729,0,0,0,0,0,0,0,0,0,0,0,0,0,0,0,0,0,0,26.37271,0,0,0,0,0,0,0,0,0,0,0,0,0,0,0,0,0,0,0,0,0,0,0,0,0,0,0,0
GF12_C5_d79,0.61794,0,0,0.31486,0.06961,0,0,0,0,0,0,0,0,0,0,0,0,0,0,0,0,0,0,98.99758,0,0,0,0,0,0,0,0,0,0,0,0,0,0,0,0,0,0,0,0,0,0,0,0,0,0,0,0
GF12_Inoc,0,0,0,0,59.98855,0,0,0,0,0,0,0,0,0,0,0,0,0,0,0,0,0,0,40.01145,0,0,0,0,0,0,0,0,0,0,0,0,0,0,0,0,0,0,0,0,0,0,0,0,0,0,0,0
GF13_A1_d32,0,93.58406,0,0,0,0,0,0,6.41594,0,0,0,0,0,0,0,0,0,0,0,0,0,0,0,0,0,0,0,0,0,0,0,0,0,0,0,0,0,0,0,0,0,0,0,0,0,0,0,0,0,0,0
GF13_A1_d34,0,100,0,0,0,0,0,0,0,0,0,0,0,0,0,0,0,0,0,0,0,0,0,0,0,0,0,0,0,0,0,0,0,0,0,0,0,0,0,0,0,0,0,0,0,0,0,0,0,0,0,0
GF13_A1_d65_colon,18.47174,22.13241,33.62296,11.54224,0,0,0,1.13113,13.09953,0,0,0,0,0,0,0,0,0,0,0,0,0,0,0,0,0,0,0,0,0,0,0,0,0,0,0,0,0,0,0,0,0,0,0,0,0,0,0,0,0,0,0
GF13_A10_d65_colon,30.52122,14.9871,32.91305,8.66352,0,0,0,1.65775,11.25737,0,0,0,0,0,0,0,0,0,0,0,0,0,0,0,0,0,0,0,0,0,0,0,0,0,0,0,0,0,0,0,0,0,0,0,0,0,0,0,0,0,0,0
GF13_A2_d32,0,71.67407,0,0,0,0,0,0,28.32593,0,0,0,0,0,0,0,0,0,0,0,0,0,0,0,0,0,0,0,0,0,0,0,0,0,0,0,0,0,0,0,0,0,0,0,0,0,0,0,0,0,0,0
GF13_A2_d65_colon,17.49567,24.23563,35.50221,10.73627,0,0,0,0.82789,11.20233,0,0,0,0,0,0,0,0,0,0,0,0,0,0,0,0,0,0,0,0,0,0,0,0,0,0,0,0,0,0,0,0,0,0,0,0,0,0,0,0,0,0,0
GF13_A3_d32,0,42.51206,0,0,0,0,0,0,57.48794,0,0,0,0,0,0,0,0,0,0,0,0,0,0,0,0,0,0,0,0,0,0,0,0,0,0,0,0,0,0,0,0,0,0,0,0,0,0,0,0,0,0,0
GF13_A3_d65_colon,34.63402,15.43172,31.02587,12.72932,0,0,0,0.45503,5.72404,0,0,0,0,0,0,0,0,0,0,0,0,0,0,0,0,0,0,0,0,0,0,0,0,0,0,0,0,0,0,0,0,0,0,0,0,0,0,0,0,0,0,0
GF13_A4_d32,0,48.80776,0,0,0,0,0,0,51.19224,0,0,0,0,0,0,0,0,0,0,0,0,0,0,0,0,0,0,0,0,0,0,0,0,0,0,0,0,0,0,0,0,0,0,0,0,0,0,0,0,0,0,0
GF13_A4_d65_colon,20.35391,7.52861,45.71067,8.73035,0,0,0,0,17.67645,0,0,0,0,0,0,0,0,0,0,0,0,0,0,0,0,0,0,0,0,0,0,0,0,0,0,0,0,0,0,0,0,0,0,0,0,0,0,0,0,0,0,0
GF13_A5_d32,0,51.6184,0,0,0,0,0,0,48.3816,0,0,0,0,0,0,0,0,0,0,0,0,0,0,0,0,0,0,0,0,0,0,0,0,0,0,0,0,0,0,0,0,0,0,0,0,0,0,0,0,0,0,0
GF13_A5_d65_colon,34.16631,15.0662,26.93747,15.19731,0,0,0,1.40005,7.23267,0,0,0,0,0,0,0,0,0,0,0,0,0,0,0,0,0,0,0,0,0,0,0,0,0,0,0,0,0,0,0,0,0,0,0,0,0,0,0,0,0,0,0
GF13_A6_d32,0,9.13409,0,0,0,0,0,0,90.86591,0,0,0,0,0,0,0,0,0,0,0,0,0,0,0,0,0,0,0,0,0,0,0,0,0,0,0,0,0,0,0,0,0,0,0,0,0,0,0,0,0,0,0
GF13_A6_d34,0,5.82706,0,0,0,0,0,0,94.17294,0,0,0,0,0,0,0,0,0,0,0,0,0,0,0,0,0,0,0,0,0,0,0,0,0,0,0,0,0,0,0,0,0,0,0,0,0,0,0,0,0,0,0
GF13_A6_d65_colon,28.78325,18.62529,28.21466,11.09343,0,0,0,0.42754,12.85583,0,0,0,0,0,0,0,0,0,0,0,0,0,0,0,0,0,0,0,0,0,0,0,0,0,0,0,0,0,0,0,0,0,0,0,0,0,0,0,0,0,0,0
GF13_A7_d65_colon,36.42192,15.82729,29.60094,8.71911,0,0,0,0,9.43074,0,0,0,0,0,0,0,0,0,0,0,0,0,0,0,0,0,0,0,0,0,0,0,0,0,0,0,0,0,0,0,0,0,0,0,0,0,0,0,0,0,0,0
GF13_A8_d65_colon,28.8297,16.10083,37.10935,7.91082,0,0,0,0,10.04931,0,0,0,0,0,0,0,0,0,0,0,0,0,0,0,0,0,0,0,0,0,0,0,0,0,0,0,0,0,0,0,0,0,0,0,0,0,0,0,0,0,0,0
GF13_A9_d65_colon,31.10729,14.00545,34.25505,12.59396,0,0,0,0.48758,7.55066,0,0,0,0,0,0,0,0,0,0,0,0,0,0,0,0,0,0,0,0,0,0,0,0,0,0,0,0,0,0,0,0,0,0,0,0,0,0,0,0,0,0,0
GF13_B1_d32,0,14.11322,0,0,0,0,0,0,85.88678,0,0,0,0,0,0,0,0,0,0,0,0,0,0,0,0,0,0,0,0,0,0,0,0,0,0,0,0,0,0,0,0,0,0,0,0,0,0,0,0,0,0,0
GF13_B1_d65_colon,0,100,0,0,0,0,0,0,0,0,0,0,0,0,0,0,0,0,0,0,0,0,0,0,0,0,0,0,0,0,0,0,0,0,0,0,0,0,0,0,0,0,0,0,0,0,0,0,0,0,0,0
GF13_B2_d32,0,39.71112,0,0,0,0,0,0,60.28888,0,0,0,0,0,0,0,0,0,0,0,0,0,0,0,0,0,0,0,0,0,0,0,0,0,0,0,0,0,0,0,0,0,0,0,0,0,0,0,0,0,0,0
GF13_B2_d35_colon,28.81742,9.59596,11.93308,15.35346,0,0,0,0,34.30007,0,0,0,0,0,0,0,0,0,0,0,0,0,0,0,0,0,0,0,0,0,0,0,0,0,0,0,0,0,0,0,0,0,0,0,0,0,0,0,0,0,0,0
GF13_B3_d32,0,19.60667,0,0,0,0,0,0,80.39333,0,0,0,0,0,0,0,0,0,0,0,0,0,0,0,0,0,0,0,0,0,0,0,0,0,0,0,0,0,0,0,0,0,0,0,0,0,0,0,0,0,0,0
GF13_B3_d34,3.8673,24.62352,0,1.40759,0,0,0,0,70.10159,0,0,0,0,0,0,0,0,0,0,0,0,0,0,0,0,0,0,0,0,0,0,0,0,0,0,0,0,0,0,0,0,0,0,0,0,0,0,0,0,0,0,0
GF13_B3_d35_colon,39.46566,2.77809,17.74631,24.49256,0,0,0,0,15.51738,0,0,0,0,0,0,0,0,0,0,0,0,0,0,0,0,0,0,0,0,0,0,0,0,0,0,0,0,0,0,0,0,0,0,0,0,0,0,0,0,0,0,0
GF13_B3_d65_colon,0,100,0,0,0,0,0,0,0,0,0,0,0,0,0,0,0,0,0,0,0,0,0,0,0,0,0,0,0,0,0,0,0,0,0,0,0,0,0,0,0,0,0,0,0,0,0,0,0,0,0,0
GF13_B4_d32,0,14.48701,0,0,0,0,0,0.06243,85.45056,0,0,0,0,0,0,0,0,0,0,0,0,0,0,0,0,0,0,0,0,0,0,0,0,0,0,0,0,0,0,0,0,0,0,0,0,0,0,0,0,0,0,0
GF13_B4_d35_colon,24.17791,25.68473,18.37252,15.8339,0,0,0,0,15.93094,0,0,0,0,0,0,0,0,0,0,0,0,0,0,0,0,0,0,0,0,0,0,0,0,0,0,0,0,0,0,0,0,0,0,0,0,0,0,0,0,0,0,0
GF13_B5_d32,0,20.45412,0,0,0,0,0,0,79.54588,0,0,0,0,0,0,0,0,0,0,0,0,0,0,0,0,0,0,0,0,0,0,0,0,0,0,0,0,0,0,0,0,0,0,0,0,0,0,0,0,0,0,0
GF13_B5_d35_colon,11.21551,44.06973,2.21573,21.27955,0,0,0,0,21.21947,0,0,0,0,0,0,0,0,0,0,0,0,0,0,0,0,0,0,0,0,0,0,0,0,0,0,0,0,0,0,0,0,0,0,0,0,0,0,0,0,0,0,0
GF13_B5_d65_colon,0,100,0,0,0,0,0,0,0,0,0,0,0,0,0,0,0,0,0,0,0,0,0,0,0,0,0,0,0,0,0,0,0,0,0,0,0,0,0,0,0,0,0,0,0,0,0,0,0,0,0,0
GF13_B8_d65_colon,0,0,0,3.79619,0,0,0,0,96.20381,0,0,0,0,0,0,0,0,0,0,0,0,0,0,0,0,0,0,0,0,0,0,0,0,0,0,0,0,0,0,0,0,0,0,0,0,0,0,0,0,0,0,0
GF13_B9_d65_colon,0,0,0,0,0,0,0,0,100,0,0,0,0,0,0,0,0,0,0,0,0,0,0,0,0,0,0,0,0,0,0,0,0,0,0,0,0,0,0,0,0,0,0,0,0,0,0,0,0,0,0,0
GF13_inoc_200118,0,0.22116,0,0,0,0,0,6.01357,21.85085,0,0,0,0,0,0,0,0,0,0,0,0,0,0,66.7195,0,0,0,0,0,0,0,5.19493,0,0,0,0,0,0,0,0,0,0,0,0,0,0,0,0,0,0,0,0
GF14_A_d66_stool,54.31242,1.99791,17.46406,4.84714,7.49888,0,3.59906,0,2.3194,0,0,7.4567,0.50445,0,0,0,0,0,0,0,0,0,0,0,0,0,0,0,0,0,0,0,0,0,0,0,0,0,0,0,0,0,0,0,0,0,0,0,0,0,0,0
GF14_A_Dam_d21,50.88421,0.6141,22.30588,14.93126,3.24742,0,2.17038,5.12778,0.71898,0,0,0,0,0,0,0,0,0,0,0,0,0,0,0,0,0,0,0,0,0,0,0,0,0,0,0,0,0,0,0,0,0,0,0,0,0,0,0,0,0,0,0
GF14_A1_d32,1.6728,92.98421,0.76575,1.65719,2.71973,0,0,0,0.20032,0,0,0,0,0,0,0,0,0,0,0,0,0,0,0,0,0,0,0,0,0,0,0,0,0,0,0,0,0,0,0,0,0,0,0,0,0,0,0,0,0,0,0
GF14_A1_d35_colon,0,100,0,0,0,0,0,0,0,0,0,0,0,0,0,0,0,0,0,0,0,0,0,0,0,0,0,0,0,0,0,0,0,0,0,0,0,0,0,0,0,0,0,0,0,0,0,0,0,0,0,0
GF14_A1_d94_stool,1.00582,94.07494,0,0.68133,2.99274,0,0.27565,0,0.96361,0,0,0,0.00591,0,0,0,0,0,0,0,0,0,0,0,0,0,0,0,0,0,0,0,0,0,0,0,0,0,0,0,0,0,0,0,0,0,0,0,0,0,0,0
GF14_A1_d95_stool,4.00594,67.84481,0.4889,1.6277,2.80689,0,0,0,22.98878,0,0,0,0.23698,0,0,0,0,0,0,0,0,0,0,0,0,0,0,0,0,0,0,0,0,0,0,0,0,0,0,0,0,0,0,0,0,0,0,0,0,0,0,0
GF14_a1_d97_colon,0,100,0,0,0,0,0,0,0,0,0,0,0,0,0,0,0,0,0,0,0,0,0,0,0,0,0,0,0,0,0,0,0,0,0,0,0,0,0,0,0,0,0,0,0,0,0,0,0,0,0,0
GF14_A2_d32,0.92994,94.46657,0,1.36774,3.23575,0,0,0,0,0,0,0,0,0,0,0,0,0,0,0,0,0,0,0,0,0,0,0,0,0,0,0,0,0,0,0,0,0,0,0,0,0,0,0,0,0,0,0,0,0,0,0
GF14_A2_d33,1.99862,93.91418,0,1.20038,2.88683,0,0,0,0,0,0,0,0,0,0,0,0,0,0,0,0,0,0,0,0,0,0,0,0,0,0,0,0,0,0,0,0,0,0,0,0,0,0,0,0,0,0,0,0,0,0,0
GF14_A2_d35_colon,0,100,0,0,0,0,0,0,0,0,0,0,0,0,0,0,0,0,0,0,0,0,0,0,0,0,0,0,0,0,0,0,0,0,0,0,0,0,0,0,0,0,0,0,0,0,0,0,0,0,0,0
GF14_A2_d94_stool,0,10.11175,0,0,0.08494,0,0,0,89.80331,0,0,0,0,0,0,0,0,0,0,0,0,0,0,0,0,0,0,0,0,0,0,0,0,0,0,0,0,0,0,0,0,0,0,0,0,0,0,0,0,0,0,0
GF14_A2_d96_16_stool,0,100,0,0,0,0,0,0,0,0,0,0,0,0,0,0,0,0,0,0,0,0,0,0,0,0,0,0,0,0,0,0,0,0,0,0,0,0,0,0,0,0,0,0,0,0,0,0,0,0,0,0
GF14_a2_d97_colon,0,99.89767,0,0,0,0,0,0,0,0,0,0,0,0,0,0,0,0,0,0,0,0,0,0,0,0,0,0,0,0,0.10233,0,0,0,0,0,0,0,0,0,0,0,0,0,0,0,0,0,0,0,0,0
GF14_A3_d32,3.71472,90.7528,0.28614,1.6752,3.46083,0,0,0,0.11032,0,0,0,0,0,0,0,0,0,0,0,0,0,0,0,0,0,0,0,0,0,0,0,0,0,0,0,0,0,0,0,0,0,0,0,0,0,0,0,0,0,0,0
GF14_A3_d35_colon,0,100,0,0,0,0,0,0,0,0,0,0,0,0,0,0,0,0,0,0,0,0,0,0,0,0,0,0,0,0,0,0,0,0,0,0,0,0,0,0,0,0,0,0,0,0,0,0,0,0,0,0
GF14_a3_d97_colon,0,100,0,0,0,0,0,0,0,0,0,0,0,0,0,0,0,0,0,0,0,0,0,0,0,0,0,0,0,0,0,0,0,0,0,0,0,0,0,0,0,0,0,0,0,0,0,0,0,0,0,0
GF14_A4_d32,0,17.0155,0,0.44768,0.65815,0,15.94207,0,65.9366,0,0,0,0,0,0,0,0,0,0,0,0,0,0,0,0,0,0,0,0,0,0,0,0,0,0,0,0,0,0,0,0,0,0,0,0,0,0,0,0,0,0,0
GF14_A4_d33,0,0,0,0,0,0,0,100,0,0,0,0,0,0,0,0,0,0,0,0,0,0,0,0,0,0,0,0,0,0,0,0,0,0,0,0,0,0,0,0,0,0,0,0,0,0,0,0,0,0,0,0
GF14_A4_d34,0,0,100,0,0,0,0,0,0,0,0,0,0,0,0,0,0,0,0,0,0,0,0,0,0,0,0,0,0,0,0,0,0,0,0,0,0,0,0,0,0,0,0,0,0,0,0,0,0,0,0,0
GF14_A4_d35_colon,0,100,0,0,0,0,0,0,0,0,0,0,0,0,0,0,0,0,0,0,0,0,0,0,0,0,0,0,0,0,0,0,0,0,0,0,0,0,0,0,0,0,0,0,0,0,0,0,0,0,0,0
GF14_A4_d94_stool,0,7.40446,0,0.17085,0.55803,0,0,0,91.86665,0,0,0,0,0,0,0,0,0,0,0,0,0,0,0,0,0,0,0,0,0,0,0,0,0,0,0,0,0,0,0,0,0,0,0,0,0,0,0,0,0,0,0
GF14_A4_d95_stool,0,4.50287,0,0.91725,1.88787,0,0,0,92.69201,0,0,0,0,0,0,0,0,0,0,0,0,0,0,0,0,0,0,0,0,0,0,0,0,0,0,0,0,0,0,0,0,0,0,0,0,0,0,0,0,0,0,0
GF14_a4_d97_colon,0,100,0,0,0,0,0,0,0,0,0,0,0,0,0,0,0,0,0,0,0,0,0,0,0,0,0,0,0,0,0,0,0,0,0,0,0,0,0,0,0,0,0,0,0,0,0,0,0,0,0,0
GF14_A5_d32,0,23.3015,0,0.91964,2.06992,0,0,0,73.70894,0,0,0,0,0,0,0,0,0,0,0,0,0,0,0,0,0,0,0,0,0,0,0,0,0,0,0,0,0,0,0,0,0,0,0,0,0,0,0,0,0,0,0
GF14_A5_d35_colon,0,100,0,0,0,0,0,0,0,0,0,0,0,0,0,0,0,0,0,0,0,0,0,0,0,0,0,0,0,0,0,0,0,0,0,0,0,0,0,0,0,0,0,0,0,0,0,0,0,0,0,0
GF14_A5_d94_stool,0,6.28458,0,0.05525,0.46952,0,0,0,93.19065,0,0,0,0,0,0,0,0,0,0,0,0,0,0,0,0,0,0,0,0,0,0,0,0,0,0,0,0,0,0,0,0,0,0,0,0,0,0,0,0,0,0,0
GF14_A5_d96_16_stool,2.55127,3.08745,0,1.26719,2.7084,0,0,0,90.38569,0,0,0,0,0,0,0,0,0,0,0,0,0,0,0,0,0,0,0,0,0,0,0,0,0,0,0,0,0,0,0,0,0,0,0,0,0,0,0,0,0,0,0
GF14_A5_d96_stool,0.01665,4.03269,0,1.14471,3.71285,0,0,0,91.0931,0,0,0,0,0,0,0,0,0,0,0,0,0,0,0,0,0,0,0,0,0,0,0,0,0,0,0,0,0,0,0,0,0,0,0,0,0,0,0,0,0,0,0
GF14_a5_d97_colon,0,79.14582,0,0,0,0,0,0,0,0,0,0,0,0,0,0,0,0,0,0,0,0,0,0,0,0,0,20.85418,0,0,0,0,0,0,0,0,0,0,0,0,0,0,0,0,0,0,0,0,0,0,0,0
GF14_A6_d34_colon,0.29983,55.07523,2.13427,0,0,0,0,0,42.49067,0,0,0,0,0,0,0,0,0,0,0,0,0,0,0,0,0,0,0,0,0,0,0,0,0,0,0,0,0,0,0,0,0,0,0,0,0,0,0,0,0,0,0
GF14_A6_d94_stool,0,98.67023,0,0.31496,0.20431,0,0,0,0.8105,0,0,0,0,0,0,0,0,0,0,0,0,0,0,0,0,0,0,0,0,0,0,0,0,0,0,0,0,0,0,0,0,0,0,0,0,0,0,0,0,0,0,0
GF14_A6_d95_stool,1.18258,90.32203,0,1.90467,5.30356,0,0,0,1.26694,0,0,0,0.02022,0,0,0,0,0,0,0,0,0,0,0,0,0,0,0,0,0,0,0,0,0,0,0,0,0,0,0,0,0,0,0,0,0,0,0,0,0,0,0
GF14_A6_d96_16_stool,3.14374,83.95552,0,2.93432,7.27114,0,0,0,2.69527,0,0,0,0,0,0,0,0,0,0,0,0,0,0,0,0,0,0,0,0,0,0,0,0,0,0,0,0,0,0,0,0,0,0,0,0,0,0,0,0,0,0,0
GF14_a6_d97_colon,0,100,0,0,0,0,0,0,0,0,0,0,0,0,0,0,0,0,0,0,0,0,0,0,0,0,0,0,0,0,0,0,0,0,0,0,0,0,0,0,0,0,0,0,0,0,0,0,0,0,0,0
GF14_A7_d32,0.04273,13.35421,0,0.75899,1.82126,0,0,0,84.02281,0,0,0,0,0,0,0,0,0,0,0,0,0,0,0,0,0,0,0,0,0,0,0,0,0,0,0,0,0,0,0,0,0,0,0,0,0,0,0,0,0,0,0
GF14_A7_d34,0,100,0,0,0,0,0,0,0,0,0,0,0,0,0,0,0,0,0,0,0,0,0,0,0,0,0,0,0,0,0,0,0,0,0,0,0,0,0,0,0,0,0,0,0,0,0,0,0,0,0,0
GF14_A7_d35_colon,0,100,0,0,0,0,0,0,0,0,0,0,0,0,0,0,0,0,0,0,0,0,0,0,0,0,0,0,0,0,0,0,0,0,0,0,0,0,0,0,0,0,0,0,0,0,0,0,0,0,0,0
GF14_A7_d94_stool,0,97.47042,0,0.23331,1.47639,0,0,0,0.81988,0,0,0,0,0,0,0,0,0,0,0,0,0,0,0,0,0,0,0,0,0,0,0,0,0,0,0,0,0,0,0,0,0,0,0,0,0,0,0,0,0,0,0
GF14_A7_d95_stool,0,95.99543,0,0.43687,3.49862,0,0,0,0,0,0,0,0.06908,0,0,0,0,0,0,0,0,0,0,0,0,0,0,0,0,0,0,0,0,0,0,0,0,0,0,0,0,0,0,0,0,0,0,0,0,0,0,0
GF14_a7_d97_colon,0,100,0,0,0,0,0,0,0,0,0,0,0,0,0,0,0,0,0,0,0,0,0,0,0,0,0,0,0,0,0,0,0,0,0,0,0,0,0,0,0,0,0,0,0,0,0,0,0,0,0,0
GF14_A8_d94_stool,0.53312,97.4585,0,0.33258,1.21742,0,0,0,0.45838,0,0,0,0,0,0,0,0,0,0,0,0,0,0,0,0,0,0,0,0,0,0,0,0,0,0,0,0,0,0,0,0,0,0,0,0,0,0,0,0,0,0,0
GF14_A8_d96_16_stool,3.78781,82.84414,0,2.316,5.75819,0,0,0,5.29386,0,0,0,0,0,0,0,0,0,0,0,0,0,0,0,0,0,0,0,0,0,0,0,0,0,0,0,0,0,0,0,0,0,0,0,0,0,0,0,0,0,0,0
GF14_A8_d96_stool,0.28418,90.62289,0,1.56016,4.85701,0,0,0,2.36011,0,0,0,0.31565,0,0,0,0,0,0,0,0,0,0,0,0,0,0,0,0,0,0,0,0,0,0,0,0,0,0,0,0,0,0,0,0,0,0,0,0,0,0,0
GF14_a8_d97_colon,0,100,0,0,0,0,0,0,0,0,0,0,0,0,0,0,0,0,0,0,0,0,0,0,0,0,0,0,0,0,0,0,0,0,0,0,0,0,0,0,0,0,0,0,0,0,0,0,0,0,0,0
GF14_Adam_d18_stool,42.8017,4.09415,26.91145,4.58181,6.77855,0,3.98759,9.7442,0.22083,0,0,0,0.87973,0,0,0,0,0,0,0,0,0,0,0,0,0,0,0,0,0,0,0,0,0,0,0,0,0,0,0,0,0,0,0,0,0,0,0,0,0,0,0
GF14_Adam_d5_stool,61.62178,8.88237,16.39493,2.22822,5.1,0,2.89289,1.82417,0.38764,0,0,0,0.668,0,0,0,0,0,0,0,0,0,0,0,0,0,0,0,0,0,0,0,0,0,0,0,0,0,0,0,0,0,0,0,0,0,0,0,0,0,0,0
GF14_Adam_d51_stool,49.10988,2.3862,27.62716,4.57454,6.03345,0,3.28313,3.18882,3.79682,0,0,0,0,0,0,0,0,0,0,0,0,0,0,0,0,0,0,0,0,0,0,0,0,0,0,0,0,0,0,0,0,0,0,0,0,0,0,0,0,0,0,0
GF14_Adam_d59_stool,57.79272,1.77543,18.08584,5.32832,6.21892,0,2.87529,6.12747,1.41533,0,0,0,0.38067,0,0,0,0,0,0,0,0,0,0,0,0,0,0,0,0,0,0,0,0,0,0,0,0,0,0,0,0,0,0,0,0,0,0,0,0,0,0,0
GF14_Adam_d78_stool,40.03623,3.41095,35.02377,6.94034,6.5562,0,4.35172,2.53451,1.14628,0,0,0,0,0,0,0,0,0,0,0,0,0,0,0,0,0,0,0,0,0,0,0,0,0,0,0,0,0,0,0,0,0,0,0,0,0,0,0,0,0,0,0
GF14_Adam_d9_stool,46.59312,19.65387,17.95051,4.39667,3.52683,0,3.62835,3.1823,1.06483,0,0,0,0.00354,0,0,0,0,0,0,0,0,0,0,0,0,0,0,0,0,0,0,0,0,0,0,0,0,0,0,0,0,0,0,0,0,0,0,0,0,0,0,0
GF14_B_d66_stool,40.5898,4.16346,35.24264,7.63244,5.73874,0,2.07501,2.8771,1.68081,0,0,0,0,0,0,0,0,0,0,0,0,0,0,0,0,0,0,0,0,0,0,0,0,0,0,0,0,0,0,0,0,0,0,0,0,0,0,0,0,0,0,0
GF14_B_d78_stool,38.89998,1.93202,39.48616,8.74136,4.43228,0,2.4339,2.29491,1.77939,0,0,0,0,0,0,0,0,0,0,0,0,0,0,0,0,0,0,0,0,0,0,0,0,0,0,0,0,0,0,0,0,0,0,0,0,0,0,0,0,0,0,0
GF14_b1_d95_colon,0,85.17848,0,0,0,0,0,14.82152,0,0,0,0,0,0,0,0,0,0,0,0,0,0,0,0,0,0,0,0,0,0,0,0,0,0,0,0,0,0,0,0,0,0,0,0,0,0,0,0,0,0,0,0
GF14_b2_d95_colon,12.35318,23.28999,37.69838,11.51013,5.94076,0,0,8.87543,0.33213,0,0,0,0,0,0,0,0,0,0,0,0,0,0,0,0,0,0,0,0,0,0,0,0,0,0,0,0,0,0,0,0,0,0,0,0,0,0,0,0,0,0,0
GF14_b3_d95_colon,32.47775,30.00992,8.63203,10.65972,0,0,0,18.22058,0,0,0,0,0,0,0,0,0,0,0,0,0,0,0,0,0,0,0,0,0,0,0,0,0,0,0,0,0,0,0,0,0,0,0,0,0,0,0,0,0,0,0,0
GF14_Bdam_d18_stool,41.58484,2.47569,23.43233,9.91037,9.03343,0,6.96416,3.66272,2.17811,0,0,0,0.75837,0,0,0,0,0,0,0,0,0,0,0,0,0,0,0,0,0,0,0,0,0,0,0,0,0,0,0,0,0,0,0,0,0,0,0,0,0,0,0
GF14_Bdam_d5_stool,29.60438,20.93046,30.35385,3.17737,6.94894,0,2.4707,4.08463,2.42968,0,0,0,0,0,0,0,0,0,0,0,0,0,0,0,0,0,0,0,0,0,0,0,0,0,0,0,0,0,0,0,0,0,0,0,0,0,0,0,0,0,0,0
GF14_Bdam_d51_stool,42.74403,8.38361,28.53039,3.1977,7.37848,0,1.80524,5.16795,2.79259,0,0,0,0,0,0,0,0,0,0,0,0,0,0,0,0,0,0,0,0,0,0,0,0,0,0,0,0,0,0,0,0,0,0,0,0,0,0,0,0,0,0,0
GF14_Bdam_d59_stool,48.3813,4.29257,27.14232,9.68139,5.20796,0,1.09234,3.16117,1.04095,0,0,0,0,0,0,0,0,0,0,0,0,0,0,0,0,0,0,0,0,0,0,0,0,0,0,0,0,0,0,0,0,0,0,0,0,0,0,0,0,0,0,0
GF14_Bdam_d9_stool,50.00452,9.92219,16.34638,5.56272,8.90012,0,2.65755,3.68125,2.91095,0,0,0,0.01433,0,0,0,0,0,0,0,0,0,0,0,0,0,0,0,0,0,0,0,0,0,0,0,0,0,0,0,0,0,0,0,0,0,0,0,0,0,0,0
GF14_C_d66_stool,24.62136,6.53152,39.7526,2.14018,7.21346,0,3.9221,5.67669,1.64272,0,0,7.84573,0.65364,0,0,0,0,0,0,0,0,0,0,0,0,0,0,0,0,0,0,0,0,0,0,0,0,0,0,0,0,0,0,0,0,0,0,0,0,0,0,0
GF14_c_d78_stool,38.07421,3.40772,36.15565,5.49967,5.29997,0,3.00886,3.70727,0.49201,0,0,4.35464,0,0,0,0,0,0,0,0,0,0,0,0,0,0,0,0,0,0,0,0,0,0,0,0,0,0,0,0,0,0,0,0,0,0,0,0,0,0,0,0
GF14_c1_d130_colon,0,98.57025,0,0.23102,0.33654,0,0,0.86219,0,0,0,0,0,0,0,0,0,0,0,0,0,0,0,0,0,0,0,0,0,0,0,0,0,0,0,0,0,0,0,0,0,0,0,0,0,0,0,0,0,0,0,0
GF14_c2_d130_colon,0,41.1945,0,0,0.16994,0,3.4312,0,55.20435,0,0,0,0,0,0,0,0,0,0,0,0,0,0,0,0,0,0,0,0,0,0,0,0,0,0,0,0,0,0,0,0,0,0,0,0,0,0,0,0,0,0,0
GF14_c3_d130_colon,0,99.96666,0,0,0.03334,0,0,0,0,0,0,0,0,0,0,0,0,0,0,0,0,0,0,0,0,0,0,0,0,0,0,0,0,0,0,0,0,0,0,0,0,0,0,0,0,0,0,0,0,0,0,0
GF14_Cdam_d18_stool,32.7715,1.56284,35.31689,10.31021,6.1202,0,2.84631,5.14522,0.32296,0,0,5.58039,0.0235,0,0,0,0,0,0,0,0,0,0,0,0,0,0,0,0,0,0,0,0,0,0,0,0,0,0,0,0,0,0,0,0,0,0,0,0,0,0,0
GF14_cdam_d5_stool,44.73751,8.57021,17.50428,8.31171,9.95007,0,8.57699,1.15579,1.17537,0,0,0,0.01807,0,0,0,0,0,0,0,0,0,0,0,0,0,0,0,0,0,0,0,0,0,0,0,0,0,0,0,0,0,0,0,0,0,0,0,0,0,0,0
GF14_Cdam_d51_stool,32.40084,3.83708,42.7824,3.8338,6.12291,0,2.21572,4.57636,2.16577,0,0,1.52863,0.5365,0,0,0,0,0,0,0,0,0,0,0,0,0,0,0,0,0,0,0,0,0,0,0,0,0,0,0,0,0,0,0,0,0,0,0,0,0,0,0
GF14_Cdam_d59_stool,51.27871,2.85918,28.73868,4.07586,4.19106,0,3.8904,1.6078,0,0,0,3.0847,0.27361,0,0,0,0,0,0,0,0,0,0,0,0,0,0,0,0,0,0,0,0,0,0,0,0,0,0,0,0,0,0,0,0,0,0,0,0,0,0,0
GF14_Cdam_d9_stool,37.88167,8.22969,25.97501,5.58936,10.76301,0,6.81397,1.69758,1.91459,0,0,0.31647,0.81865,0,0,0,0,0,0,0,0,0,0,0,0,0,0,0,0,0,0,0,0,0,0,0,0,0,0,0,0,0,0,0,0,0,0,0,0,0,0,0
GF14_d67_A1_stool,0,4.77452,0,0,0.18321,0,3.98301,0,91.05926,0,0,0,0,0,0,0,0,0,0,0,0,0,0,0,0,0,0,0,0,0,0,0,0,0,0,0,0,0,0,0,0,0,0,0,0,0,0,0,0,0,0,0
GF14_d67_A3_stool,0,98.86303,0,0,0,0,0,0,1.13697,0,0,0,0,0,0,0,0,0,0,0,0,0,0,0,0,0,0,0,0,0,0,0,0,0,0,0,0,0,0,0,0,0,0,0,0,0,0,0,0,0,0,0
GF14_d67_A4_stool,0,4.80073,0,0,0,0,0.83479,0,94.36448,0,0,0,0,0,0,0,0,0,0,0,0,0,0,0,0,0,0,0,0,0,0,0,0,0,0,0,0,0,0,0,0,0,0,0,0,0,0,0,0,0,0,0
GF14_d67_A5_stool,0,14.33106,0,0,0,0,0,0,85.66894,0,0,0,0,0,0,0,0,0,0,0,0,0,0,0,0,0,0,0,0,0,0,0,0,0,0,0,0,0,0,0,0,0,0,0,0,0,0,0,0,0,0,0
GF14_d67_A6_stool,0,14.23577,0,0,0,0,7.70045,0,78.06378,0,0,0,0,0,0,0,0,0,0,0,0,0,0,0,0,0,0,0,0,0,0,0,0,0,0,0,0,0,0,0,0,0,0,0,0,0,0,0,0,0,0,0
GF14_d67_A7_stool,0,33.03098,0,0,0,0,42.69009,0,24.27893,0,0,0,0,0,0,0,0,0,0,0,0,0,0,0,0,0,0,0,0,0,0,0,0,0,0,0,0,0,0,0,0,0,0,0,0,0,0,0,0,0,0,0
GF14_d67_A8_stool,0,58.22231,0,0,0,0,0,0,41.77769,0,0,0,0,0,0,0,0,0,0,0,0,0,0,0,0,0,0,0,0,0,0,0,0,0,0,0,0,0,0,0,0,0,0,0,0,0,0,0,0,0,0,0
GF14_d67_A9_stool,0,4.53572,0,0,0,0,0,0,95.46428,0,0,0,0,0,0,0,0,0,0,0,0,0,0,0,0,0,0,0,0,0,0,0,0,0,0,0,0,0,0,0,0,0,0,0,0,0,0,0,0,0,0,0
GF14_d68_A1_colon,0,0,0,0,0,0,0,0,100,0,0,0,0,0,0,0,0,0,0,0,0,0,0,0,0,0,0,0,0,0,0,0,0,0,0,0,0,0,0,0,0,0,0,0,0,0,0,0,0,0,0,0
GF14_d68_A10_colon,0,6.96264,0,0.15921,0.58004,0,0,0,92.29811,0,0,0,0,0,0,0,0,0,0,0,0,0,0,0,0,0,0,0,0,0,0,0,0,0,0,0,0,0,0,0,0,0,0,0,0,0,0,0,0,0,0,0
GF14_d68_A2_colon,0,39.40446,0,0,0,0,0,0,60.59554,0,0,0,0,0,0,0,0,0,0,0,0,0,0,0,0,0,0,0,0,0,0,0,0,0,0,0,0,0,0,0,0,0,0,0,0,0,0,0,0,0,0,0
GF14_d68_A3_colon,0,64.78871,0,0,0,0,0,0,35.21129,0,0,0,0,0,0,0,0,0,0,0,0,0,0,0,0,0,0,0,0,0,0,0,0,0,0,0,0,0,0,0,0,0,0,0,0,0,0,0,0,0,0,0
GF14_d68_A4_colon,0,4.01388,0,0,1.28748,0,0.70428,0,93.99436,0,0,0,0,0,0,0,0,0,0,0,0,0,0,0,0,0,0,0,0,0,0,0,0,0,0,0,0,0,0,0,0,0,0,0,0,0,0,0,0,0,0,0
GF14_d68_A5_colon,0,6.45167,0,0,0,0,3.09889,0,90.44944,0,0,0,0,0,0,0,0,0,0,0,0,0,0,0,0,0,0,0,0,0,0,0,0,0,0,0,0,0,0,0,0,0,0,0,0,0,0,0,0,0,0,0
GF14_d68_A6_colon,0,0,0,0,0,0,0,0,100,0,0,0,0,0,0,0,0,0,0,0,0,0,0,0,0,0,0,0,0,0,0,0,0,0,0,0,0,0,0,0,0,0,0,0,0,0,0,0,0,0,0,0
GF14_d68_A7_colon,0,15.2412,0,0,0,0,19.47776,0,65.28104,0,0,0,0,0,0,0,0,0,0,0,0,0,0,0,0,0,0,0,0,0,0,0,0,0,0,0,0,0,0,0,0,0,0,0,0,0,0,0,0,0,0,0
GF14_d68_A8_colon,0,0,0,0,0,0,0,0,100,0,0,0,0,0,0,0,0,0,0,0,0,0,0,0,0,0,0,0,0,0,0,0,0,0,0,0,0,0,0,0,0,0,0,0,0,0,0,0,0,0,0,0
GF14_d68_A9_colon,0,0,0,0,0,0,0,0,100,0,0,0,0,0,0,0,0,0,0,0,0,0,0,0,0,0,0,0,0,0,0,0,0,0,0,0,0,0,0,0,0,0,0,0,0,0,0,0,0,0,0,0
GF14_d89_B1_stool,0,96.01039,0,0.94362,3.04599,0,0,0,0,0,0,0,0,0,0,0,0,0,0,0,0,0,0,0,0,0,0,0,0,0,0,0,0,0,0,0,0,0,0,0,0,0,0,0,0,0,0,0,0,0,0,0
GF14_d89_B2_stool,0,96.6307,0,1.08379,1.35039,0,0,0,0.93512,0,0,0,0,0,0,0,0,0,0,0,0,0,0,0,0,0,0,0,0,0,0,0,0,0,0,0,0,0,0,0,0,0,0,0,0,0,0,0,0,0,0,0
GF14_d89_B3_stool,0,51.99858,0,1.18606,1.33721,0,0,45.47815,0,0,0,0,0,0,0,0,0,0,0,0,0,0,0,0,0,0,0,0,0,0,0,0,0,0,0,0,0,0,0,0,0,0,0,0,0,0,0,0,0,0,0,0
GF14_d90_B2_stool,0,94.62276,0,1.0316,3.39684,0,0,0,0.9488,0,0,0,0,0,0,0,0,0,0,0,0,0,0,0,0,0,0,0,0,0,0,0,0,0,0,0,0,0,0,0,0,0,0,0,0,0,0,0,0,0,0,0
GF14_d90_B3_stool,0,62.44165,0.55081,2.03174,2.19814,0,0,32.77766,0,0,0,0,0,0,0,0,0,0,0,0,0,0,0,0,0,0,0,0,0,0,0,0,0,0,0,0,0,0,0,0,0,0,0,0,0,0,0,0,0,0,0,0
GF14_d91_B2_stool,0.05535,98.46693,0,0.53846,0.93926,0,0,0,0,0,0,0,0,0,0,0,0,0,0,0,0,0,0,0,0,0,0,0,0,0,0,0,0,0,0,0,0,0,0,0,0,0,0,0,0,0,0,0,0,0,0,0
GF14_INOC,5.89817,66.42928,6.1927,2.27819,7.39196,11.2748,0.26793,0,0,0,0,0.07584,0,0,0,0,0,0,0,0,0,0,0.19114,0,0,0,0,0,0,0,0,0,0,0,0,0,0,0,0,0,0,0,0,0,0,0,0,0,0,0,0,0
GF15_A_Dam_d21,23.45158,0,0,2.79447,0.81905,0,0,0.95554,1.40495,0,0,5.33072,0.69577,0,0,0,0,0,0,0,0,0,0,0,0,0.36292,61.25992,0,0.26832,2.65676,0,0,0,0,0,0,0,0,0,0,0,0,0,0,0,0,0,0,0,0,0,0
GF15_a1_d106_stool,0.31706,66.73085,0,0.40276,4.41948,0,0,0,25.7697,0,0,0,0,0,0,0,0,0,0,0,0,0,0,0,0,0,2.36014,0,0,0,0,0,0,0,0,0,0,0,0,0,0,0,0,0,0,0,0,0,0,0,0,0
GF15_A1_d108_colon,0,100,0,0,0,0,0,0,0,0,0,0,0,0,0,0,0,0,0,0,0,0,0,0,0,0,0,0,0,0,0,0,0,0,0,0,0,0,0,0,0,0,0,0,0,0,0,0,0,0,0,0
GF15_A1_d35_colon,0,0,0,0,0,0,0,100,0,0,0,0,0,0,0,0,0,0,0,0,0,0,0,0,0,0,0,0,0,0,0,0,0,0,0,0,0,0,0,0,0,0,0,0,0,0,0,0,0,0,0,0
GF15_A1_d72_stool,6.74183,85.26291,0,1.44116,4.5672,0,0,0,0.15548,0,0,0,0,0,0,0,0,0,0,0,0,0,0,0,0,0,1.83142,0,0,0,0,0,0,0,0,0,0,0,0,0,0,0,0,0,0,0,0,0,0,0,0,0
GF15_a2_d105_stool,0.7381,81.25841,0,0.344,8.60455,0,0,0,0,0,0,0,0,0,0,0,0,0,0,0,0,0,0,0,0,0,9.05494,0,0,0,0,0,0,0,0,0,0,0,0,0,0,0,0,0,0,0,0,0,0,0,0,0
GF15_a2_d106_stool,12.23492,65.67087,0,1.58604,13.16808,0,0,0.41428,0.99998,0,0,0,0,0,0,0,0,0,0,0,0,0,0,0,0,0,5.92582,0,0,0,0,0,0,0,0,0,0,0,0,0,0,0,0,0,0,0,0,0,0,0,0,0
GF15_A2_d108_colon,0,99.00675,0,0,0,0,0,0,0,0,0,0,0,0,0,0,0,0,0,0,0,0,0,0,0,0,0.99325,0,0,0,0,0,0,0,0,0,0,0,0,0,0,0,0,0,0,0,0,0,0,0,0,0
GF15_A2_d32,0,100,0,0,0,0,0,0,0,0,0,0,0,0,0,0,0,0,0,0,0,0,0,0,0,0,0,0,0,0,0,0,0,0,0,0,0,0,0,0,0,0,0,0,0,0,0,0,0,0,0,0
GF15_a3_d105_stool,0,84.95119,0,0,3.36545,0,0,0,0,0,0,0,0,0,0,0,0,0,0,0,0,0,0,0,0,0,11.68336,0,0,0,0,0,0,0,0,0,0,0,0,0,0,0,0,0,0,0,0,0,0,0,0,0
GF15_A3_d108_colon,0,84.48835,0,0,0,0,0,3.36496,0,0,0,0,0,0,0,0,0,0,0,0,0,0,0,0,0,0,1.71166,10.43503,0,0,0,0,0,0,0,0,0,0,0,0,0,0,0,0,0,0,0,0,0,0,0,0
GF15_A3_d32,0,70.15414,0,0,0,0,0,0,29.84586,0,0,0,0,0,0,0,0,0,0,0,0,0,0,0,0,0,0,0,0,0,0,0,0,0,0,0,0,0,0,0,0,0,0,0,0,0,0,0,0,0,0,0
GF15_A3_d35_colon,0,0,0,0,0,0,0,0,0,0,0,0,0,0,0,0,0,0,0,0,0,0,0,0,0,0,100,0,0,0,0,0,0,0,0,0,0,0,0,0,0,0,0,0,0,0,0,0,0,0,0,0
GF15_a4_d105_stool,0,49.74368,0,0,0.51238,0,0,0,48.9709,0,0,0,0,0,0,0,0,0,0,0,0,0,0,0,0,0,0.77304,0,0,0,0,0,0,0,0,0,0,0,0,0,0,0,0,0,0,0,0,0,0,0,0,0
GF15_A4_d108_colon,0,17.61284,0,0,0,0,0,0,0,0,0,0,0,0,0,0,0,0,0,0,0,0,0,0,0,0,1.39055,80.9966,0,0,0,0,0,0,0,0,0,0,0,0,0,0,0,0,0,0,0,0,0,0,0,0
GF15_A4_d32,0.68785,0,0,1.07288,3.45339,0,0,92.30685,0,0,0,0,0.00641,0,0,0,0,0,0,0,0,0,0,0,0,0,2.47262,0,0,0,0,0,0,0,0,0,0,0,0,0,0,0,0,0,0,0,0,0,0,0,0,0
GF15_a5_d105_stool,3.00856,82.31708,0,0.86007,11.3649,0,0,0.32227,0,0,0,0,0,0,0,0,0,0,0,0,0,0,0,0,0,0,2.12712,0,0,0,0,0,0,0,0,0,0,0,0,0,0,0,0,0,0,0,0,0,0,0,0,0
GF15_A5_d108_colon,0,98.21207,0,0,0,0,0,0.4478,0,0,0,0,0,0,0,0,0,0,0,0,0,0,0,0,0,0,1.34013,0,0,0,0,0,0,0,0,0,0,0,0,0,0,0,0,0,0,0,0,0,0,0,0,0
GF15_A5_d32,1.39342,0,0,1.12285,0.45719,0,0,95.62298,0,0,0,0,0,0,0,0,0,0,0,0,0,0,0,0,0,0,1.40356,0,0,0,0,0,0,0,0,0,0,0,0,0,0,0,0,0,0,0,0,0,0,0,0,0
GF15_A5_d35_colon,0,0,0,0,100,0,0,0,0,0,0,0,0,0,0,0,0,0,0,0,0,0,0,0,0,0,0,0,0,0,0,0,0,0,0,0,0,0,0,0,0,0,0,0,0,0,0,0,0,0,0,0
GF15_a6_d105_stool,0,89.64297,0,0.0524,5.05005,0,0,0.31842,4.35882,0,0,0,0,0,0,0,0,0,0,0,0,0,0,0,0,0,0.57734,0,0,0,0,0,0,0,0,0,0,0,0,0,0,0,0,0,0,0,0,0,0,0,0,0
GF15_A6_d108_colon,0,81.14179,0,0,0,0,0,0,15.99339,0,0,0,0,0,0,0,0,0,0,0,0,0,0,0,0,0,0,2.86482,0,0,0,0,0,0,0,0,0,0,0,0,0,0,0,0,0,0,0,0,0,0,0,0
GF15_A6_d32_colon,0,20.26624,0,0,0,0,0,0,79.73376,0,0,0,0,0,0,0,0,0,0,0,0,0,0,0,0,0,0,0,0,0,0,0,0,0,0,0,0,0,0,0,0,0,0,0,0,0,0,0,0,0,0,0
GF15_A7_d108_colon,0,61.29751,0,0,0,0,0,0,33.37838,0,0,0,0,0,0,0,0,0,0,0,0,0,0,0,0,0,5.3241,0,0,0,0,0,0,0,0,0,0,0,0,0,0,0,0,0,0,0,0,0,0,0,0,0
GF15_a7_d74_colon,0,0,0,0,0,0,0,0,0,0,0,0,0,0,0,0,0,0,0,0,0,0,0,0,0,0,0,0,0,0,100,0,0,0,0,0,0,0,0,0,0,0,0,0,0,0,0,0,0,0,0,0
GF15_a8_d105_stool,6.3485,78.98393,0,1.29921,6.05234,0,0,0.41283,6.41652,0,0,0,0,0,0,0,0,0,0,0,0,0,0,0,0,0,0.48668,0,0,0,0,0,0,0,0,0,0,0,0,0,0,0,0,0,0,0,0,0,0,0,0,0
GF15_A8_d108_colon,0,44.71665,0,0,0,0,0,0,0,0,0,0,0,0,0,0,0,0,0,0,0,0,0,0,0,0,1.24545,54.0379,0,0,0,0,0,0,0,0,0,0,0,0,0,0,0,0,0,0,0,0,0,0,0,0
GF15_a9_d105_stool,0.29383,30.64277,0,0.21671,1.7087,0,0,0,66.71298,0,0,0,0,0,0,0,0,0,0,0,0,0,0,0,0,0,0.425,0,0,0,0,0,0,0,0,0,0,0,0,0,0,0,0,0,0,0,0,0,0,0,0,0
GF15_a9_d106_stool,5.25043,53.34867,0,1.1406,8.86175,0,0,0,29.21119,0,0,0,0,0,0,0,0,0,0,0,0,0,0,0,0,0,2.18737,0,0,0,0,0,0,0,0,0,0,0,0,0,0,0,0,0,0,0,0,0,0,0,0,0
GF15_A9_d108_colon,0,98.70839,0,0,0,0,0,0,0,0,0,0,0,0,0,0,0,0,0,0,0,0,0,0,0,0,1.29161,0,0,0,0,0,0,0,0,0,0,0,0,0,0,0,0,0,0,0,0,0,0,0,0,0
GF15_adam_d11_stool,8.62372,0,0,2.05621,2.95342,0,0,0.41004,2.31675,0,0,6.54693,0.34061,0,0,0,0,0,0,0,0,0,0,0,0,0.69841,75.43778,0,0,0.61614,0,0,0,0,0,0,0,0,0,0,0,0,0,0,0,0,0,0,0,0,0,0
GF15_adam_d18_stool,13.80111,0.08627,0,2.95245,2.66475,0,0,0.49697,2.94616,0,0,6.20623,0.50284,0,0,0,0,0,0,0,0,0,0,0,0,0.38095,68.65905,0.03817,0.67038,0.59467,0,0,0,0,0,0,0,0,0,0,0,0,0,0,0,0,0,0,0,0,0,0
GF15_Adam_d5_stool,10.61676,0.05619,0,1.84964,1.77612,0,0,0.64543,2.38248,0,0,7.04157,0.05282,0,0,0,0,0,0,0,0,0,0,0,0,0.87177,73.70994,0.75482,0,0.24247,0,0,0,0,0,0,0,0,0,0,0,0,0,0,0,0,0,0,0,0,0,0
GF15_b_d5_stool,0,0,0,0,0,0,0,0,0,0,0,0,0,0,0,0,0,0,0,0,0,0,0,0,0,0,0,0,0,0,100,0,0,0,0,0,0,0,0,0,0,0,0,0,0,0,0,0,0,0,0,0
GF15_B1_d32,3.23806,0,0,1.39478,3.31209,0,0,89.43693,0,0,0,0,0,0,0,0,0,0,0,0,0,0,0,0,0,0,2.61814,0,0,0,0,0,0,0,0,0,0,0,0,0,0,0,0,0,0,0,0,0,0,0,0,0
GF15_B1_d35_colon,0,73.45002,0,0,0,0,0,6.19857,1.15963,0,0,0,0,0,0,0,0,0,0,0,0,0,0,0,0,0,0,19.19178,0,0,0,0,0,0,0,0,0,0,0,0,0,0,0,0,0,0,0,0,0,0,0,0
GF15_B1_d94_stool,0,98.54707,0,0,0.96787,0,0,0,0.36365,0,0,0,0,0,0,0,0,0,0,0,0,0,0,0,0,0,0.12142,0,0,0,0,0,0,0,0,0,0,0,0,0,0,0,0,0,0,0,0,0,0,0,0,0
GF15_b1_d97_colon,0,70.65175,0,0,0,0,0,20.14412,0,0,0,0,0,0,0,0,0,0,0,0,0,0,0,0,0,0,0,9.20413,0,0,0,0,0,0,0,0,0,0,0,0,0,0,0,0,0,0,0,0,0,0,0,0
GF15_b10_d94_stool,0,100,0,0,0,0,0,0,0,0,0,0,0,0,0,0,0,0,0,0,0,0,0,0,0,0,0,0,0,0,0,0,0,0,0,0,0,0,0,0,0,0,0,0,0,0,0,0,0,0,0,0
GF15_B10_d97_colon,0,82.46249,0,0,0,0,0,8.89869,0,0,0,0,0,0,0,0,0,0,0,0,0,0,0,0,0,0,0,8.63882,0,0,0,0,0,0,0,0,0,0,0,0,0,0,0,0,0,0,0,0,0,0,0,0
GF15_B2_d32,2.53416,0,0,1.35143,2.10123,0,0,91.90997,0,0,0,0,0,0,0,0,0,0,0,0,0,0,0,0,0,0,2.10322,0,0,0,0,0,0,0,0,0,0,0,0,0,0,0,0,0,0,0,0,0,0,0,0,0
GF15_B2_d33,4.00589,0,0,0.57595,2.33712,0,0,90.10683,0,0,0,0,0,0,0,0,0,0,0,0,0,0,0,0,0,0,2.97421,0,0,0,0,0,0,0,0,0,0,0,0,0,0,0,0,0,0,0,0,0,0,0,0,0
GF15_B2_d35_colon,0,54.63682,0,0,0,0,0,12.69725,2.72045,0,0,0,0,0,0,0,0,0,0,0,0,0,0,0,0,0,0,29.94548,0,0,0,0,0,0,0,0,0,0,0,0,0,0,0,0,0,0,0,0,0,0,0,0
GF15_b2_d94_stool,0,48.98271,0,0,3.97744,0,0,0,46.73294,0,0,0,0,0,0,0,0,0,0,0,0,0,0,0,0,0,0.30691,0,0,0,0,0,0,0,0,0,0,0,0,0,0,0,0,0,0,0,0,0,0,0,0,0
GF15_b2_d95_stool,1.09603,36.06475,0,0.39285,16.94407,0,0,0,44.39998,0,0,0,0,0,0,0,0,0,0,0,0,0,0,0,0,0,1.10231,0,0,0,0,0,0,0,0,0,0,0,0,0,0,0,0,0,0,0,0,0,0,0,0,0
GF15_b2_d97_colon,0,59.13541,0,0,0,0,0,0,21.16904,0,0,0,0,0,0,0,0,0,0,0,0,0,0,0,0,0,0,19.69555,0,0,0,0,0,0,0,0,0,0,0,0,0,0,0,0,0,0,0,0,0,0,0,0
GF15_B3_d34,0,57.44809,0,0,0,0,0,0,42.55191,0,0,0,0,0,0,0,0,0,0,0,0,0,0,0,0,0,0,0,0,0,0,0,0,0,0,0,0,0,0,0,0,0,0,0,0,0,0,0,0,0,0,0
GF15_B3_d35_colon,0,35.15592,0,0,0,0,0,0.57365,64.27043,0,0,0,0,0,0,0,0,0,0,0,0,0,0,0,0,0,0,0,0,0,0,0,0,0,0,0,0,0,0,0,0,0,0,0,0,0,0,0,0,0,0,0
GF15_b3_d94_stool,0,99.90739,0,0,0.09261,0,0,0,0,0,0,0,0,0,0,0,0,0,0,0,0,0,0,0,0,0,0,0,0,0,0,0,0,0,0,0,0,0,0,0,0,0,0,0,0,0,0,0,0,0,0,0
GF15_b3_d97_colon,0,92.16345,0,0,0,0,0,0,0,0,0,0,0,0,0,0,0,0,0,0,0,0,0,0,0,0,0,7.83655,0,0,0,0,0,0,0,0,0,0,0,0,0,0,0,0,0,0,0,0,0,0,0,0
GF15_b4_d106_stool,6.28735,76.30047,0,1.75683,8.98246,0,0,0.29289,4.01231,0,0,0,0,0,0,0,0,0,0,0,0,0,0,0,0,0,1.63526,0.73243,0,0,0,0,0,0,0,0,0,0,0,0,0,0,0,0,0,0,0,0,0,0,0,0
GF15_B4_d32,1.33209,0,0,0.82911,3.94313,0,0,92.37842,0.3099,0,0,0,0,0,0,0,0,0,0,0,0,0,0,0,0,0,1.20736,0,0,0,0,0,0,0,0,0,0,0,0,0,0,0,0,0,0,0,0,0,0,0,0,0
GF15_B4_d33,2.14687,0.06615,0,0.61914,3.66062,0,0,91.787,0.27625,0,0,0,0,0,0,0,0,0,0,0,0,0,0,0,0,0,1.44397,0,0,0,0,0,0,0,0,0,0,0,0,0,0,0,0,0,0,0,0,0,0,0,0,0
GF15_B4_d34,0,35.74426,0,0,0,0,0,42.85407,8.45848,0,0,0,0,0,0,0,0,0,0,0,0,0,0,0,0,0,0,12.94319,0,0,0,0,0,0,0,0,0,0,0,0,0,0,0,0,0,0,0,0,0,0,0,0
GF15_B4_d35_colon,0,54.83459,0,0,0,0,0,7.43906,4.11742,0,0,0,0,0,0,0,0,0,0,0,0,0,0,0,0,0,0.09888,33.51004,0,0,0,0,0,0,0,0,0,0,0,0,0,0,0,0,0,0,0,0,0,0,0,0
GF15_b4_d96_stool,0,91.56092,0,0.17656,0.16208,0,0,0,3.44293,0,0,0,0,0,0,0,0,0,0,0,0,0,0,0,0,0,0,4.65751,0,0,0,0,0,0,0,0,0,0,0,0,0,0,0,0,0,0,0,0,0,0,0,0
GF15_b4_d97_colon,0,33.63712,0,0,51.62486,0,0,0,0,0,0,0,0,0,0,0,0,0,0,0,0,0,0,0,0,0,0,14.73802,0,0,0,0,0,0,0,0,0,0,0,0,0,0,0,0,0,0,0,0,0,0,0,0
GF15_b5_d107_stool,0.3784,32.66925,0,1.07375,6.31782,0,0,0,57.84399,0,0,0,0,0,0,0,0,0,0,0,0,0,0,0,0,0,1.71679,0,0,0,0,0,0,0,0,0,0,0,0,0,0,0,0,0,0,0,0,0,0,0,0,0
GF15_B5_d32,0,46.9897,0,0,0.50869,0,0,0,51.15054,0,0,0,0,0,0,0,0,0,0,0,0,0,0,0,0,0,1.35107,0,0,0,0,0,0,0,0,0,0,0,0,0,0,0,0,0,0,0,0,0,0,0,0,0
GF15_B5_d35_colon,0,73.22817,0,0,0,0,0,0,0,0,0,0,0,0,0,0,0,0,0,0,0,0,0,0,0,0,0,26.77183,0,0,0,0,0,0,0,0,0,0,0,0,0,0,0,0,0,0,0,0,0,0,0,0
GF15_b5_d94_stool,0,99.79318,0,0,0.06894,0,0,0,0,0,0,0,0,0,0,0,0,0,0,0,0,0,0,0,0,0,0.13788,0,0,0,0,0,0,0,0,0,0,0,0,0,0,0,0,0,0,0,0,0,0,0,0,0
GF15_b5_d95_stool,4.58545,89.04004,0,1.13163,4.24791,0,0,0,0,0,0,0,0,0,0,0,0,0,0,0,0,0,0,0,0,0,0.99496,0,0,0,0,0,0,0,0,0,0,0,0,0,0,0,0,0,0,0,0,0,0,0,0,0
GF15_b5_d97_colon,0,85.98366,0,0,0,0,0,3.28477,0,0,0,0,0,0,0,0,0,0,0,0,0,0,0,0,0,0,0,10.73157,0,0,0,0,0,0,0,0,0,0,0,0,0,0,0,0,0,0,0,0,0,0,0,0
GF15_B6_d32,0,40.03765,0,0,0,0,0,0,59.84761,0,0,0,0,0,0,0,0,0,0,0,0,0,0,0,0,0,0.11474,0,0,0,0,0,0,0,0,0,0,0,0,0,0,0,0,0,0,0,0,0,0,0,0,0
GF15_B6_d34_colon,0,45.22416,0,0,0,0,0,0,54.77584,0,0,0,0,0,0,0,0,0,0,0,0,0,0,0,0,0,0,0,0,0,0,0,0,0,0,0,0,0,0,0,0,0,0,0,0,0,0,0,0,0,0,0
GF15_b6_d94_stool,0,99.5911,0,0,0.11953,0,0,0,0.14917,0,0,0,0,0,0,0,0,0,0,0,0,0,0,0,0,0,0.1402,0,0,0,0,0,0,0,0,0,0,0,0,0,0,0,0,0,0,0,0,0,0,0,0,0
GF15_b6_d95_stool,0,99.09885,0,0,0.76838,0,0,0,0,0,0,0,0,0,0,0,0,0,0,0,0,0,0,0,0,0,0.13277,0,0,0,0,0,0,0,0,0,0,0,0,0,0,0,0,0,0,0,0,0,0,0,0,0
GF15_b6_d97_colon,0,71.7009,0,0,0,0,0,6.22915,3.73078,0,0,0,0,0,0,0,0,0,0,0,0,0,0,0,0,0,0,18.33916,0,0,0,0,0,0,0,0,0,0,0,0,0,0,0,0,0,0,0,0,0,0,0,0
GF15_B7_d32,0,31.559,0,0,0,0,0,0,68.441,0,0,0,0,0,0,0,0,0,0,0,0,0,0,0,0,0,0,0,0,0,0,0,0,0,0,0,0,0,0,0,0,0,0,0,0,0,0,0,0,0,0,0
GF15_B7_d35_colon,0,100,0,0,0,0,0,0,0,0,0,0,0,0,0,0,0,0,0,0,0,0,0,0,0,0,0,0,0,0,0,0,0,0,0,0,0,0,0,0,0,0,0,0,0,0,0,0,0,0,0,0
GF15_b7_d97_colon,0,82.13537,0,0,0,0,0,10.89262,2.63504,0,0,0,0,0,0,0,0,0,0,0,0,0,0,0,0,0,0,4.33697,0,0,0,0,0,0,0,0,0,0,0,0,0,0,0,0,0,0,0,0,0,0,0,0
GF15_b8_d94_stool,0,97.17247,0,0,0.69763,0,0,0,0.33101,0,0,0,0,0,0,0,0,0,0,0,0,0,0,0,0,0,1.79888,0,0,0,0,0,0,0,0,0,0,0,0,0,0,0,0,0,0,0,0,0,0,0,0,0
GF15_b8_d97_colon,0,81.36153,0,0,0,0,0,0,0,0,0,0,0,0,0,0,0,0,0,0,0,0,0,0,0,0,0,18.63847,0,0,0,0,0,0,0,0,0,0,0,0,0,0,0,0,0,0,0,0,0,0,0,0
GF15_b9_d106_stool,0,40.3197,0,0.09641,0,0,0,0,58.24452,0,0,0,0,0,0,0,0,0,0,0,0,0,0,0,0,0,1.33937,0,0,0,0,0,0,0,0,0,0,0,0,0,0,0,0,0,0,0,0,0,0,0,0,0
GF15_b9_d94_stool,0,95.06339,0,0,3.03297,0,0,0,0.6312,0,0,0,0,0,0,0,0,0,0,0,0,0,0,0,0,0,1.27245,0,0,0,0,0,0,0,0,0,0,0,0,0,0,0,0,0,0,0,0,0,0,0,0,0
GF15_B9_d97_colon,0,79.18489,0,0,0,0,0,10.61244,0,0,0,0,0,0,0,0,0,0,0,0,0,0,0,0,0,0,0,10.20267,0,0,0,0,0,0,0,0,0,0,0,0,0,0,0,0,0,0,0,0,0,0,0,0
GF15_bdam_d18_stool,20.77603,0,0,4.08736,3.98613,0,0,1.02038,2.86792,0,0,7.73454,0.52792,0,0,0,0,0,0,0,0,0,0,0,0,0,57.58911,0.53098,0.46012,0.41951,0,0,0,0,0,0,0,0,0,0,0,0,0,0,0,0,0,0,0,0,0,0
GF15_c_d18_stool,14.25133,0,0,2.15001,4.94038,0,0,0.69104,3.00099,0,0,7.65659,1.33676,0,0,0,0,0,0,0,0,0,0,0,0,0.29806,64.11045,0.10092,0.24183,1.2022,0,0,0.01944,0,0,0,0,0,0,0,0,0,0,0,0,0,0,0,0,0,0,0
GF15_c1_d105_stool,0,42.44955,0,0,1.8283,0,0,0,55.72215,0,0,0,0,0,0,0,0,0,0,0,0,0,0,0,0,0,0,0,0,0,0,0,0,0,0,0,0,0,0,0,0,0,0,0,0,0,0,0,0,0,0,0
GF15_c1_d108_colon,0,89.74359,0,0,0.20128,0,0,0,0.24607,0,0,0,0,0,0,0,0,0,0,0,0,0,0,0,0,0,0.75489,9.05417,0,0,0,0,0,0,0,0,0,0,0,0,0,0,0,0,0,0,0,0,0,0,0,0
GF15_C1_d36,0,0,0,0,42.93361,0,0,53.2484,0,0,0,0,0,0,0,0,0,0,0,0,0,0,0,0,0,0,0.57349,3.24449,0,0,0,0,0,0,0,0,0,0,0,0,0,0,0,0,0,0,0,0,0,0,0,0
GF15_C1_d37,0,0,0,0,11.87903,0,0,77.06393,0,0,0,0,0,0,0,0,0,0,0,0,0,0,0,0,0,0,2.13341,8.92363,0,0,0,0,0,0,0,0,0,0,0,0,0,0,0,0,0,0,0,0,0,0,0,0
GF15_C1_d39_colon,0,78.37948,0,0,0,0,0,21.62052,0,0,0,0,0,0,0,0,0,0,0,0,0,0,0,0,0,0,0,0,0,0,0,0,0,0,0,0,0,0,0,0,0,0,0,0,0,0,0,0,0,0,0,0
GF15_c1_d74_colon,0,100,0,0,0,0,0,0,0,0,0,0,0,0,0,0,0,0,0,0,0,0,0,0,0,0,0,0,0,0,0,0,0,0,0,0,0,0,0,0,0,0,0,0,0,0,0,0,0,0,0,0
GF15_c2_d105_stool,0,94.65186,0,0,4.48893,0,0,0,0.78102,0,0,0,0,0,0,0,0,0,0,0,0,0,0,0,0,0,0.0782,0,0,0,0,0,0,0,0,0,0,0,0,0,0,0,0,0,0,0,0,0,0,0,0,0
GF15_c2_d108_colon,0,92.54243,0,0,0.1436,0,0,0,0.32849,0,0,0,0,0,0,0,0,0,0,0,0,0,0,0,0,0,1.03642,5.94907,0,0,0,0,0,0,0,0,0,0,0,0,0,0,0,0,0,0,0,0,0,0,0,0
GF15_C2_d36,0,0,0,0,9.21021,0,0,90.78979,0,0,0,0,0,0,0,0,0,0,0,0,0,0,0,0,0,0,0,0,0,0,0,0,0,0,0,0,0,0,0,0,0,0,0,0,0,0,0,0,0,0,0,0
GF15_C2_d37,0.08891,0,0,0.33382,8.73129,0,0,88.7058,0,0,0,0,0,0,0,0,0,0,0,0,0,0,0,0,0,0,1.27179,0.86838,0,0,0,0,0,0,0,0,0,0,0,0,0,0,0,0,0,0,0,0,0,0,0,0
GF15_C2_d39_colon,0,63.97315,0,0,0,0,0,31.34331,3.17143,0,0,0,0,0,0,0,0,0,0,0,0,0,0,0,0,0,0,1.51212,0,0,0,0,0,0,0,0,0,0,0,0,0,0,0,0,0,0,0,0,0,0,0,0
GF15_c2_d73_16_stool,0,87.21889,0,0,0,0,0,0,12.78111,0,0,0,0,0,0,0,0,0,0,0,0,0,0,0,0,0,0,0,0,0,0,0,0,0,0,0,0,0,0,0,0,0,0,0,0,0,0,0,0,0,0,0
GF15_c2_d74_colon,0,100,0,0,0,0,0,0,0,0,0,0,0,0,0,0,0,0,0,0,0,0,0,0,0,0,0,0,0,0,0,0,0,0,0,0,0,0,0,0,0,0,0,0,0,0,0,0,0,0,0,0
GF15_c3_d108_colon,0,91.0777,0,0,0,0,0,0,0,0,0,0,0,0,0,0,0,0,0,0,0,0,0,0,0,0,0.82048,8.10183,0,0,0,0,0,0,0,0,0,0,0,0,0,0,0,0,0,0,0,0,0,0,0,0
GF15_C3_d36,0,0,0,0,7.48336,0,0,91.88862,0,0,0,0,0,0,0,0,0,0,0,0,0,0,0,0,0,0,0.62802,0,0,0,0,0,0,0,0,0,0,0,0,0,0,0,0,0,0,0,0,0,0,0,0,0
GF15_C3_d39_colon,0,62.26842,0,0,0,0,0,34.82034,0.30803,0,0,0,0,0,0,0,0,0,0,0,0,0,0,0,0,0,0,2.60322,0,0,0,0,0,0,0,0,0,0,0,0,0,0,0,0,0,0,0,0,0,0,0,0
GF15_c4_d105_stool,2.64739,84.67287,0,0.76179,9.97681,0,0,0,1.52643,0,0,0,0,0,0,0,0,0,0,0,0,0,0,0,0,0,0.41471,0,0,0,0,0,0,0,0,0,0,0,0,0,0,0,0,0,0,0,0,0,0,0,0,0
GF15_c4_d108_colon,0,91.50732,0,0,0.01964,0,0,0,0,0,0,0,0,0,0,0,0,0,0,0,0,0,0,0,0,0,0.8676,7.56501,0,0,0.04043,0,0,0,0,0,0,0,0,0,0,0,0,0,0,0,0,0,0,0,0,0
GF15_C4_d36,0,0,0,0,2.46018,0,0,96.88458,0,0,0,0,0,0,0,0,0,0,0,0,0,0,0,0,0,0,0.59226,0.06298,0,0,0,0,0,0,0,0,0,0,0,0,0,0,0,0,0,0,0,0,0,0,0,0
GF15_C4_d37,0.14394,0,0,0.12729,2.15759,0,0,95.96592,0,0,0,0,0,0,0,0,0,0,0,0,0,0,0,0,0,0,1.42075,0.18451,0,0,0,0,0,0,0,0,0,0,0,0,0,0,0,0,0,0,0,0,0,0,0,0
GF15_C4_d38,0,8.00895,0,0,0,0,0,87.24706,2.95743,0,0,0,0,0,0,0,0,0,0,0,0,0,0,0,0,0,0,1.78657,0,0,0,0,0,0,0,0,0,0,0,0,0,0,0,0,0,0,0,0,0,0,0,0
GF15_C4_d39_colon,0,23.85279,0,0,0,0,0,69.54938,1.42795,0,0,0,0,0,0,0,0,0,0,0,0,0,0,0,0,0,0,5.16987,0,0,0,0,0,0,0,0,0,0,0,0,0,0,0,0,0,0,0,0,0,0,0,0
GF15_c4_d73_stool,0,85.32658,0,0,0.25995,0,0,0.26903,14.06883,0,0,0,0,0,0,0,0,0,0,0,0,0,0,0,0,0,0.0756,0,0,0,0,0,0,0,0,0,0,0,0,0,0,0,0,0,0,0,0,0,0,0,0,0
GF15_c4_d74_colon,0,100,0,0,0,0,0,0,0,0,0,0,0,0,0,0,0,0,0,0,0,0,0,0,0,0,0,0,0,0,0,0,0,0,0,0,0,0,0,0,0,0,0,0,0,0,0,0,0,0,0,0
GF15_c5_d105_stool,0,31.16726,0,0.10842,6.16041,0,0,0,61.2345,0,0,0,0,0,0,0,0,0,0,0,0,0,0,0,0,0,1.3294,0,0,0,0,0,0,0,0,0,0,0,0,0,0,0,0,0,0,0,0,0,0,0,0,0
GF15_c5_d108_colon,0,84.79011,0,0,0,0,0,0,0,0,0,0,0,0,0,0,0,0,0,0,0,0,0,0,0,0,2.02025,13.18964,0,0,0,0,0,0,0,0,0,0,0,0,0,0,0,0,0,0,0,0,0,0,0,0
GF15_C5_d36,0,0,0,0,29.15074,0,0,65.07543,0.12481,0,0,0,0,0,0,0,0,0,0,0,0,0,0,0,0,0,0.10864,5.54038,0,0,0,0,0,0,0,0,0,0,0,0,0,0,0,0,0,0,0,0,0,0,0,0
GF15_C5_d37,0,0.50011,0,0,20.72677,0,0,67.54357,0,0,0,0,0,0,0,0,0,0,0,0,0,0,0,0,0,0,0.8768,10.35275,0,0,0,0,0,0,0,0,0,0,0,0,0,0,0,0,0,0,0,0,0,0,0,0
GF15_C5_d39_colon,0,55.90455,0,0,0,0,0,43.2718,0,0,0,0,0,0,0,0,0,0,0,0,0,0,0,0,0,0,0,0.82365,0,0,0,0,0,0,0,0,0,0,0,0,0,0,0,0,0,0,0,0,0,0,0,0
GF15_c5_d71_stool,0,20.0779,0,0.04034,6.72639,0,0,0,0,0,0,0,0,0,0,0,0,0,0,0,0,0,0,0,0,0,73.13091,0,0,0,0,0,0.02447,0,0,0,0,0,0,0,0,0,0,0,0,0,0,0,0,0,0,0
GF15_c5_d74_colon,0,100,0,0,0,0,0,0,0,0,0,0,0,0,0,0,0,0,0,0,0,0,0,0,0,0,0,0,0,0,0,0,0,0,0,0,0,0,0,0,0,0,0,0,0,0,0,0,0,0,0,0
GF15_c6_d105_stool,0,94.07303,0,0.10229,5.31141,0,0,0,0.39747,0,0,0,0,0,0,0,0,0,0,0,0,0,0,0,0,0,0.1158,0,0,0,0,0,0,0,0,0,0,0,0,0,0,0,0,0,0,0,0,0,0,0,0,0
GF15_c6_d108_colon,0,93.2184,0,0,0,0,0,0,0,0,0,0,0,0,0,0,0,0,0,0,0,0,0,0,0,0,2.58141,4.20019,0,0,0,0,0,0,0,0,0,0,0,0,0,0,0,0,0,0,0,0,0,0,0,0
GF15_C6_d36,0,0,0,0,8.03343,0,0,90.43445,0,0,0,0,0,0,0,0,0,0,0,0,0,0,0,0,0,0,0.3967,1.13542,0,0,0,0,0,0,0,0,0,0,0,0,0,0,0,0,0,0,0,0,0,0,0,0
GF15_C6_d39_colon,0,30.62426,0,0,0,0,0,58.8678,0,0,0,0,0,0,0,0,0,0,0,0,0,0,0,0,0,0,0,10.50794,0,0,0,0,0,0,0,0,0,0,0,0,0,0,0,0,0,0,0,0,0,0,0,0
GF15_c6_d71_stool,0,97.17756,0,0,0.38699,0,0,0,0,0,0,0,0,0,0,0,0,0,0,0,0,0,0,0,0,0,2.43546,0,0,0,0,0,0,0,0,0,0,0,0,0,0,0,0,0,0,0,0,0,0,0,0,0
GF15_C6_d72_stool,0,97.34865,0,0,0.74597,0,0,0,0.72805,0,0,0,0,0,0,0,0,0,0,0,0,0,0,0,0,0,1.17734,0,0,0,0,0,0,0,0,0,0,0,0,0,0,0,0,0,0,0,0,0,0,0,0,0
GF15_c6_d74_colon,0,95.40397,0,0,0,0,0,0,4.59603,0,0,0,0,0,0,0,0,0,0,0,0,0,0,0,0,0,0,0,0,0,0,0,0,0,0,0,0,0,0,0,0,0,0,0,0,0,0,0,0,0,0,0
GF15_c7_d105_stool,0,85.00729,0,0,0.67866,0,0,1.14041,13.17365,0,0,0,0,0,0,0,0,0,0,0,0,0,0,0,0,0,0,0,0,0,0,0,0,0,0,0,0,0,0,0,0,0,0,0,0,0,0,0,0,0,0,0
GF15_c7_d108_colon,0,72.30955,0,0,0,0,0,0,0,0,0,0,0,0,0,0,0,0,0,0,0,0,0,0,0,0,1.99122,25.69923,0,0,0,0,0,0,0,0,0,0,0,0,0,0,0,0,0,0,0,0,0,0,0,0
GF15_c7_d72_stool,0,96.93496,0,0,0.6453,0,0,0.06417,0.22729,0,0,0,0,0,0,0,0,0,0,0,0,0,0,0,0,0,2.12828,0,0,0,0,0,0,0,0,0,0,0,0,0,0,0,0,0,0,0,0,0,0,0,0,0
GF15_c7_d74_colon,0,44.01983,0,0,0,0,0,0,55.98017,0,0,0,0,0,0,0,0,0,0,0,0,0,0,0,0,0,0,0,0,0,0,0,0,0,0,0,0,0,0,0,0,0,0,0,0,0,0,0,0,0,0,0
GF15_c8_d108_colon,0,96.05291,0,0,0,0,0,0,0,0,0,0,0,0,0,0,0,0,0,0,0,0,0,0,0,0,0.63461,3.31247,0,0,0,0,0,0,0,0,0,0,0,0,0,0,0,0,0,0,0,0,0,0,0,0
GF15_c8_d74_colon,0,81.44946,0,0,0,0,0,0,0,0,0,0,0,0,0,0,0,0,0,0,0,0,0,0,0,0,0,18.55054,0,0,0,0,0,0,0,0,0,0,0,0,0,0,0,0,0,0,0,0,0,0,0,0
GF15_c9_d108_colon,0,74.95247,0,0,16.14859,0,0,0,0,0,0,0,0,0,0,0,0,0,0,0,0,0,0,0,0,0,0.24938,8.64956,0,0,0,0,0,0,0,0,0,0,0,0,0,0,0,0,0,0,0,0,0,0,0,0
GF15_cdam_d11_stool,12.51901,0,0,1.80948,2.03868,0,0,0.44366,2.38473,0,0,6.81302,0.07872,0,0,0,0,0,0,0,0,0,0,0,0,0.69377,71.43727,0.58223,0.63803,0.5614,0,0,0,0,0,0,0,0,0,0,0,0,0,0,0,0,0,0,0,0,0,0
GF15_cdam_d23_stool,10.25448,0.21255,0,2.6427,1.77449,0,0,0,0.43226,0,0,7.3233,0.69063,0,0,0,0,0,0,0,0,0,0,0,0,0.8023,73.54288,0.14184,0.77977,1.40279,0,0,0,0,0,0,0,0,0,0,0,0,0,0,0,0,0,0,0,0,0,0
GF15_cdam_d5_stool,10.80691,0.04375,0,2.76113,2.05436,0,0,1.97484,4.70988,0,0,4.33613,0,0,0,0,0,0,0,0,0,0,0,0,0,0.25962,70.97114,1.34358,0.66964,0.06903,0,0,0,0,0,0,0,0,0,0,0,0,0,0,0,0,0,0,0,0,0,0
GF15_cdam_d59_stool,37.28474,0.27189,0,7.13295,3.93378,0,0,0.94386,3.34189,0,0,0.13422,0,0,0,0,0,0,0,0,0,0,0,0,0,0,45.77369,0.9386,0,0.24437,0,0,0,0,0,0,0,0,0,0,0,0,0,0,0,0,0,0,0,0,0,0
GF15_d67_B1_stool,0,89.87437,0,0,4.45422,0,0,0,5.35726,0,0,0,0,0,0,0,0,0,0,0,0,0,0,0,0,0,0.31414,0,0,0,0,0,0,0,0,0,0,0,0,0,0,0,0,0,0,0,0,0,0,0,0,0
GF15_d67_B2_stool,0,98.23413,0,0,0.04833,0,0,0.09438,0.94117,0,0,0,0,0,0,0,0,0,0,0,0,0,0,0,0,0,0.68199,0,0,0,0,0,0,0,0,0,0,0,0,0,0,0,0,0,0,0,0,0,0,0,0,0
GF15_d67_B3_stool,0.23715,95.42633,0,0.17619,2.23032,0,0,0,0.13811,0,0,0,0,0,0,0,0,0,0,0,0,0,0,0,0,0,1.7919,0,0,0,0,0,0,0,0,0,0,0,0,0,0,0,0,0,0,0,0,0,0,0,0,0
GF15_d67_B4_stool,0,87.96908,0,0,0,0,0,0,11.11226,0,0,0,0,0,0,0,0,0,0,0,0,0,0,0,0,0,0.91866,0,0,0,0,0,0,0,0,0,0,0,0,0,0,0,0,0,0,0,0,0,0,0,0,0
GF15_d67_B5_stool,0,36.55267,0,0.0038,0.44385,0,0,0,61.08733,0,0,0,0,0,0,0,0,0,0,0,0,0,0,0,0,0,1.91235,0,0,0,0,0,0,0,0,0,0,0,0,0,0,0,0,0,0,0,0,0,0,0,0,0
GF15_d67_B6_stool,0,96.43593,0,0,0,0,0,0,3.47163,0,0,0,0,0,0,0,0,0,0,0,0,0,0,0,0,0,0.09244,0,0,0,0,0,0,0,0,0,0,0,0,0,0,0,0,0,0,0,0,0,0,0,0,0
GF15_d67_B7_stool,0,62.07633,0,0,0.0882,0,0,0,37.83547,0,0,0,0,0,0,0,0,0,0,0,0,0,0,0,0,0,0,0,0,0,0,0,0,0,0,0,0,0,0,0,0,0,0,0,0,0,0,0,0,0,0,0
GF15_d67_B8_stool,0,80.43522,0,0.02786,0.30087,0,0,0,18.98476,0,0,0,0,0,0,0,0,0,0,0,0,0,0,0,0,0,0.25129,0,0,0,0,0,0,0,0,0,0,0,0,0,0,0,0,0,0,0,0,0,0,0,0,0
GF15_d68_B1_colon,2.64581,74.11939,0,0.06551,2.3804,0,0,0,20.78888,0,0,0,0,0,0,0,0,0,0,0,0,0,0,0,0,0,0,0,0,0,0,0,0,0,0,0,0,0,0,0,0,0,0,0,0,0,0,0,0,0,0,0
GF15_d68_B2_stool,0,95.15262,0,0,0.05543,0,0,0,4.34416,0,0,0,0,0,0,0,0,0,0,0,0,0,0,0,0,0,0.44779,0,0,0,0,0,0,0,0,0,0,0,0,0,0,0,0,0,0,0,0,0,0,0,0,0
GF15_d68_B5_colon,0,42.70317,0,0,0,0,0,0,57.29683,0,0,0,0,0,0,0,0,0,0,0,0,0,0,0,0,0,0,0,0,0,0,0,0,0,0,0,0,0,0,0,0,0,0,0,0,0,0,0,0,0,0,0
GF15_d68_B8_stool,0.17669,73.61799,0,0.51121,0.85831,0,0,0,24.43014,0,0,0,0,0,0,0,0,0,0,0,0,0,0,0,0,0,0.40566,0,0,0,0,0,0,0,0,0,0,0,0,0,0,0,0,0,0,0,0,0,0,0,0,0
GF15_d69_B2_stool,0,74.08465,0,0,0,0,0,0,25.91535,0,0,0,0,0,0,0,0,0,0,0,0,0,0,0,0,0,0,0,0,0,0,0,0,0,0,0,0,0,0,0,0,0,0,0,0,0,0,0,0,0,0,0
GF15_d69_B9_stool,0,85.09728,0,0,0,0,0,0.21559,14.68712,0,0,0,0,0,0,0,0,0,0,0,0,0,0,0,0,0,0,0,0,0,0,0,0,0,0,0,0,0,0,0,0,0,0,0,0,0,0,0,0,0,0,0
GF15_d70_B2_colon,0,78.11507,0,0,0,0,0,9.21501,12.66992,0,0,0,0,0,0,0,0,0,0,0,0,0,0,0,0,0,0,0,0,0,0,0,0,0,0,0,0,0,0,0,0,0,0,0,0,0,0,0,0,0,0,0
GF15_d70_B4_colon,0,17.65198,0,0,0,0,0,7.8049,72.78596,0,0,0,0,0,0,0,0,0,0,0,0,0,0,0,0,0,0,1.75717,0,0,0,0,0,0,0,0,0,0,0,0,0,0,0,0,0,0,0,0,0,0,0,0
GF15_d70_B6_colon,0,52.75666,0,0,0,0,0,6.54166,38.30194,0,0,0,0,0,0,0,0,0,0,0,0,0,0,0,0,0,0,2.39974,0,0,0,0,0,0,0,0,0,0,0,0,0,0,0,0,0,0,0,0,0,0,0,0
GF15_d70_B7_colon,0,33.25476,0,0,0,0,0,0.82708,61.53868,0,0,0,0,0,0,0,0,0,0,0,0,0,0,0,0,0,0,4.37948,0,0,0,0,0,0,0,0,0,0,0,0,0,0,0,0,0,0,0,0,0,0,0,0
GF15_d70_B8_colon,0,55.91147,0,0,0,0,0,6.46544,37.62309,0,0,0,0,0,0,0,0,0,0,0,0,0,0,0,0,0,0,0,0,0,0,0,0,0,0,0,0,0,0,0,0,0,0,0,0,0,0,0,0,0,0,0
GF15_d70_B9_colon,0,68.34845,0,0,0,0,0,0,31.65155,0,0,0,0,0,0,0,0,0,0,0,0,0,0,0,0,0,0,0,0,0,0,0,0,0,0,0,0,0,0,0,0,0,0,0,0,0,0,0,0,0,0,0
GF15_d71_A1_stool,0,99.19541,0,0,0.11866,0,0,0,0,0,0,0,0,0,0,0,0,0,0,0,0,0,0,0,0,0,0.68593,0,0,0,0,0,0,0,0,0,0,0,0,0,0,0,0,0,0,0,0,0,0,0,0,0
GF15_d71_A3_stool,0,87.59486,0,0,11.51468,0,0,0,0,0,0,0,0,0,0,0,0,0,0,0,0,0,0,0,0,0,0.89046,0,0,0,0,0,0,0,0,0,0,0,0,0,0,0,0,0,0,0,0,0,0,0,0,0
GF15_d71_A4_stool,0,100,0,0,0,0,0,0,0,0,0,0,0,0,0,0,0,0,0,0,0,0,0,0,0,0,0,0,0,0,0,0,0,0,0,0,0,0,0,0,0,0,0,0,0,0,0,0,0,0,0,0
GF15_d71_A5_stool,0,89.37956,0,0,0,0,0,0,10.62044,0,0,0,0,0,0,0,0,0,0,0,0,0,0,0,0,0,0,0,0,0,0,0,0,0,0,0,0,0,0,0,0,0,0,0,0,0,0,0,0,0,0,0
GF15_d71_A6_stool,0,51.40696,0,0,1.37374,0,0,0,46.38553,0,0,0,0,0,0,0,0,0,0,0,0,0,0,0,0,0,0.83377,0,0,0,0,0,0,0,0,0,0,0,0,0,0,0,0,0,0,0,0,0,0,0,0,0
GF15_d71_A7_stool,0,93.49753,0,0.02993,0.68107,0,0,0,5.06958,0,0,0,0,0,0,0,0,0,0,0,0,0,0,0,0,0,0.72189,0,0,0,0,0,0,0,0,0,0,0,0,0,0,0,0,0,0,0,0,0,0,0,0,0
GF15_d71_A8_stool,0,93.69629,0,0,2.48143,0,0,1.12903,0.38505,0,0,0,0,0,0,0,0,0,0,0,0,0,0,0,0,0,2.3082,0,0,0,0,0,0,0,0,0,0,0,0,0,0,0,0,0,0,0,0,0,0,0,0,0
GF15_d71_C2_stool,0,91.02612,0,0,8.23437,0,0,0,0,0,0,0,0,0,0,0,0,0,0,0,0,0,0,0,0,0,0.73952,0,0,0,0,0,0,0,0,0,0,0,0,0,0,0,0,0,0,0,0,0,0,0,0,0
GF15_d71_C3_stool,0,82.68131,0,0.23003,16.52142,0,0,0,0,0,0,0,0,0,0,0,0,0,0,0,0,0,0,0,0,0,0.56724,0,0,0,0,0,0,0,0,0,0,0,0,0,0,0,0,0,0,0,0,0,0,0,0,0
GF15_d71_C4_stool,0,99.77378,0,0,0,0,0,0,0,0,0,0,0,0,0,0,0,0,0,0,0,0,0,0,0,0,0.22622,0,0,0,0,0,0,0,0,0,0,0,0,0,0,0,0,0,0,0,0,0,0,0,0,0
GF15_INOC,1.63877,0,0,0,29.53727,0.57167,0,1.48598,2.16499,0,0,19.2124,5.91805,0,0,0,0,0,0,0,0,0,2.03977,0.20551,0,28.25817,8.9089,0,0.05851,0,0,0,0,0,0,0,0,0,0,0,0,0,0,0,0,0,0,0,0,0,0,0
GF16_A1_d32,0,0,0,0,0,0,0,0,48.59238,0,0,0,0,0,0,0,51.40762,0,0,0,0,0,0,0,0,0,0,0,0,0,0,0,0,0,0,0,0,0,0,0,0,0,0,0,0,0,0,0,0,0,0,0
GF16_A1_d35_colon,0,0,0,0,0,0,0,0,0,0,0,0,0,0,0,0,0,0,0,0,0,0,0,0,0,0,0,0,0,0,0,0,0,100,0,0,0,0,0,0,0,0,0,0,0,0,0,0,0,0,0,0
GF16_A2_d32,0,0,0,0,0,0,0,0,0,0,0,0,0,0,0,0,100,0,0,0,0,0,0,0,0,0,0,0,0,0,0,0,0,0,0,0,0,0,0,0,0,0,0,0,0,0,0,0,0,0,0,0
GF16_A2_d35_colon,0,0,0,0,0,0,0,0,43.94071,0,0,0,0,0,0,0,56.05929,0,0,0,0,0,0,0,0,0,0,0,0,0,0,0,0,0,0,0,0,0,0,0,0,0,0,0,0,0,0,0,0,0,0,0
GF16_A3_d32,0,0,0,0,0.13897,0,0,0,10.89183,0,0,0,0,0,0,0,88.9692,0,0,0,0,0,0,0,0,0,0,0,0,0,0,0,0,0,0,0,0,0,0,0,0,0,0,0,0,0,0,0,0,0,0,0
GF16_A3_d34,0,0,0,0,0,0,0,0,15.19859,0,0,0,0,0,0,0,64.9185,0,0,0,0,0,0,0,0,0,0,0,0,0,0,0,0,0,19.88291,0,0,0,0,0,0,0,0,0,0,0,0,0,0,0,0,0
GF16_A3_d35_colon,0,0,0,0,100,0,0,0,0,0,0,0,0,0,0,0,0,0,0,0,0,0,0,0,0,0,0,0,0,0,0,0,0,0,0,0,0,0,0,0,0,0,0,0,0,0,0,0,0,0,0,0
GF16_a4_d100_stool,0,0,0,0,2.94721,0,0,0,33.57036,0,0,0,0,0,0,0,58.82974,0,0,0,0,0,0,0,0,0,0,0,0,0,0,0,0,0,4.65269,0,0,0,0,0,0,0,0,0,0,0,0,0,0,0,0,0
GF16_A4_d32,0,0,0,0,0,0,0,0,41.36695,0,0,0,0,0,0,0,58.63305,0,0,0,0,0,0,0,0,0,0,0,0,0,0,0,0,0,0,0,0,0,0,0,0,0,0,0,0,0,0,0,0,0,0,0
GF16_A5_d32,0,0,0,0,0,0,0,0,0,0,0,0,0,0,0,0,100,0,0,0,0,0,0,0,0,0,0,0,0,0,0,0,0,0,0,0,0,0,0,0,0,0,0,0,0,0,0,0,0,0,0,0
GF16_A6_d32,0,0,0,0,0,0,0,0,20.53897,0,0,0,0,0,0,0,79.46103,0,0,0,0,0,0,0,0,0,0,0,0,0,0,0,0,0,0,0,0,0,0,0,0,0,0,0,0,0,0,0,0,0,0,0
GF16_A6_d33,0,0,0,0,0.26259,0,0,0,12.82756,0,0,0,0,0,0,0,86.90985,0,0,0,0,0,0,0,0,0,0,0,0,0,0,0,0,0,0,0,0,0,0,0,0,0,0,0,0,0,0,0,0,0,0,0
GF16_A6_d35_colon,0,0,0,0,0,0,0,0,0,0,0,0,0,0,0,0,100,0,0,0,0,0,0,0,0,0,0,0,0,0,0,0,0,0,0,0,0,0,0,0,0,0,0,0,0,0,0,0,0,0,0,0
GF16_A7_d32,0,0,0,0,1.5768,0,0,0,26.98626,0,0,0,0,0,0,0,71.43693,0,0,0,0,0,0,0,0,0,0,0,0,0,0,0,0,0,0,0,0,0,0,0,0,0,0,0,0,0,0,0,0,0,0,0
GF16_A7_d34,0,0,0,0,30.1143,0,0,0,3.53153,0,0,0,0,0,0,0,66.35417,0,0,0,0,0,0,0,0,0,0,0,0,0,0,0,0,0,0,0,0,0,0,0,0,0,0,0,0,0,0,0,0,0,0,0
GF16_Adam_d21,2.67101,0,0,0,0,0,0,0,0,0,0,0,0,0,5.53117,0,18.42038,0,0,0,0,0,0,0,0,0,0,0,0,0,0,0,0,0,62.11439,3.87761,3.30882,2.85901,0.88331,0.3343,0,0,0,0,0,0,0,0,0,0,0,0
GF16_B1_d32,0,0,0,0,0,0,0,0,0,0,0,0,0,0,0,0,100,0,0,0,0,0,0,0,0,0,0,0,0,0,0,0,0,0,0,0,0,0,0,0,0,0,0,0,0,0,0,0,0,0,0,0
GF16_B2_d32,0,0,0,0,0,0,0,0,0,0,0,0,0,0,0,0,100,0,0,0,0,0,0,0,0,0,0,0,0,0,0,0,0,0,0,0,0,0,0,0,0,0,0,0,0,0,0,0,0,0,0,0
GF16_B2_d34,18.96446,0.5704,0,2.85289,6.23082,0,0,60.27374,6.87047,0,0,0,0.14211,0,0,0,0,0,0,0,0,0,0,0,0,0,4.09511,0,0,0,0,0,0,0,0,0,0,0,0,0,0,0,0,0,0,0,0,0,0,0,0,0
GF16_B5_d32,0,0,0,0,0,0,0,0,44.39051,0,0,0,0,0,0,0,55.60949,0,0,0,0,0,0,0,0,0,0,0,0,0,0,0,0,0,0,0,0,0,0,0,0,0,0,0,0,0,0,0,0,0,0,0
GF16_B5_d33_colon,0,0,0,0,0,0,0,0,29.27045,0,0,0,0,0,0,0,70.72955,0,0,0,0,0,0,0,0,0,0,0,0,0,0,0,0,0,0,0,0,0,0,0,0,0,0,0,0,0,0,0,0,0,0,0
GF16_B6_d32,0,0,0,0,0.38575,0,0,0,17.16373,0,0,0,0,0,0,0,82.45052,0,0,0,0,0,0,0,0,0,0,0,0,0,0,0,0,0,0,0,0,0,0,0,0,0,0,0,0,0,0,0,0,0,0,0
GF16_c1_d105_stool,0,0,0,0,0,0,0,0,0.4632,0,0,0,0,0,0,0,99.5368,0,0,0,0,0,0,0,0,0,0,0,0,0,0,0,0,0,0,0,0,0,0,0,0,0,0,0,0,0,0,0,0,0,0,0
GF16_C1_d34,0,0,0,0,0,0,0,0,0,0,0,0,0,0,0,0,0,0,0,0,0,0,0,0,0,0,0,0,0,0,0,0,0,0,99.06012,0,0.93988,0,0,0,0,0,0,0,0,0,0,0,0,0,0,0
GF16_C1_d35_colon,0,0,0,0,98.52817,0,0,0,1.27653,0,0,0,0,0,0,0,0,0,0,0,0,0,0,0,0,0,0,0,0,0,0,0,0,0,0.19531,0,0,0,0,0,0,0,0,0,0,0,0,0,0,0,0,0
GF16_c1_d67_stool,0,0,0,0,0,0,0,0,41.7675,0,0,0,0,0,0,0,58.2325,0,0,0,0,0,0,0,0,0,0,0,0,0,0,0,0,0,0,0,0,0,0,0,0,0,0,0,0,0,0,0,0,0,0,0
GF16_c1_d69_stool,0,0,0,0,0,0,0,0,0,0,0,0,0,0,0,0,95.05831,0,0,0,0,0,0,0,0,0,0.90106,0,0,0,2.70888,0,0,0,0,0,0,0,1.33174,0,0,0,0,0,0,0,0,0,0,0,0,0
GF16_c10_d105_stool,0,0,0,0,0,0,0,0,0,0,0,0,0,0,0,0,100,0,0,0,0,0,0,0,0,0,0,0,0,0,0,0,0,0,0,0,0,0,0,0,0,0,0,0,0,0,0,0,0,0,0,0
GF16_c10_d106_stool,0,0,0,0,0.18504,0,0,0,0,0,0,0,0,0,0,0,99.81496,0,0,0,0,0,0,0,0,0,0,0,0,0,0,0,0,0,0,0,0,0,0,0,0,0,0,0,0,0,0,0,0,0,0,0
GF16_c2_d105_stool,0,0,0,0,0,0,0,0,0,0,0,0,0,0,0,0,100,0,0,0,0,0,0,0,0,0,0,0,0,0,0,0,0,0,0,0,0,0,0,0,0,0,0,0,0,0,0,0,0,0,0,0
GF16_C2_d32,0,0,0,0,0.20767,0,0,0,5.8537,0,0,0,0,0,0,0,93.93863,0,0,0,0,0,0,0,0,0,0,0,0,0,0,0,0,0,0,0,0,0,0,0,0,0,0,0,0,0,0,0,0,0,0,0
GF16_C2_d35_colon,0,0,0,0,62.66687,0,0,0,37.33313,0,0,0,0,0,0,0,0,0,0,0,0,0,0,0,0,0,0,0,0,0,0,0,0,0,0,0,0,0,0,0,0,0,0,0,0,0,0,0,0,0,0,0
GF16_c2_d67_stool,0,0,0,0,0,0,0,0,47.60953,0,0,0,0,0,0.12507,0,52.2654,0,0,0,0,0,0,0,0,0,0,0,0,0,0,0,0,0,0,0,0,0,0,0,0,0,0,0,0,0,0,0,0,0,0,0
GF16_c2_d68_stool,0,0,0,0,0.29895,0,0,0,34.37544,0,0,0,0,0,0,0,65.32561,0,0,0,0,0,0,0,0,0,0,0,0,0,0,0,0,0,0,0,0,0,0,0,0,0,0,0,0,0,0,0,0,0,0,0
GF16_c2_d69_stool,0,0,0,0,0.08157,0,0,0,21.96918,0,0,0,0,0,1.57038,0,76.37887,0,0,0,0,0,0,0,0,0,0,0,0,0,0,0,0,0,0,0,0,0,0,0,0,0,0,0,0,0,0,0,0,0,0,0
GF16_c3_d105_stool,0,0,0,0,0,0,0,0,6.11221,0,0,0,0,0,0.64712,0,93.24067,0,0,0,0,0,0,0,0,0,0,0,0,0,0,0,0,0,0,0,0,0,0,0,0,0,0,0,0,0,0,0,0,0,0,0
GF16_C3_d32,0,0,0,0,0.21826,0,0,0,29.13137,0,0,0,0,0,0,0,70.65037,0,0,0,0,0,0,0,0,0,0,0,0,0,0,0,0,0,0,0,0,0,0,0,0,0,0,0,0,0,0,0,0,0,0,0
GF16_C3_d33,0,0,0,0,0,0,0,0,49.97307,0,0,0,0,0,0,0,50.02693,0,0,0,0,0,0,0,0,0,0,0,0,0,0,0,0,0,0,0,0,0,0,0,0,0,0,0,0,0,0,0,0,0,0,0
GF16_C3_d35_colon,0,0,0,0,47.67286,0,0,0,52.32714,0,0,0,0,0,0,0,0,0,0,0,0,0,0,0,0,0,0,0,0,0,0,0,0,0,0,0,0,0,0,0,0,0,0,0,0,0,0,0,0,0,0,0
GF16_c3_d67_stool,0,0,0,0,0,0,0,0,69.34372,0,0,0,0,0,0,0,30.65628,0,0,0,0,0,0,0,0,0,0,0,0,0,0,0,0,0,0,0,0,0,0,0,0,0,0,0,0,0,0,0,0,0,0,0
GF16_c4_d105_stool,0,0,0,0,0,0,0,0,0,0,0,0,0,0,0,0,100,0,0,0,0,0,0,0,0,0,0,0,0,0,0,0,0,0,0,0,0,0,0,0,0,0,0,0,0,0,0,0,0,0,0,0
GF16_C4_d33,0,0,0,0,0,0,0,0,9.9767,0,0,0,0,0,3.76533,0,84.92995,0,0,0,0,0,0,0,0,0,0,0,0,0,0,0,0,0,1.32803,0,0,0,0,0,0,0,0,0,0,0,0,0,0,0,0,0
GF16_C4_d34,0,0,0,0,0,0,0,0,0,0,0,0,0,0,0,0,4.10685,0,0,0,0,0,0,0,0,0,0,0,0,0,0,0,0,0,80.80165,0,15.0915,0,0,0,0,0,0,0,0,0,0,0,0,0,0,0
GF16_C4_d35_colon,0,0,0,0,49.43773,0,0,0,50.22141,0,0,0,0,0,0,0,0.34086,0,0,0,0,0,0,0,0,0,0,0,0,0,0,0,0,0,0,0,0,0,0,0,0,0,0,0,0,0,0,0,0,0,0,0
GF16_c4_d67_stool,0,0,0,0,0,0,0,0,55.5187,0,0,0,0,0,0,0,44.4813,0,0,0,0,0,0,0,0,0,0,0,0,0,0,0,0,0,0,0,0,0,0,0,0,0,0,0,0,0,0,0,0,0,0,0
GF16_c4_d69_stool,0,0,0,0,0,0,0,0,51.64967,0,0,0,0,0,0,0,48.35033,0,0,0,0,0,0,0,0,0,0,0,0,0,0,0,0,0,0,0,0,0,0,0,0,0,0,0,0,0,0,0,0,0,0,0
GF16_c5_d105_stool,0,0,0,0,0,0,0,0,0,0,0,0,0,0,0,0,100,0,0,0,0,0,0,0,0,0,0,0,0,0,0,0,0,0,0,0,0,0,0,0,0,0,0,0,0,0,0,0,0,0,0,0
GF16_C5_d32,0,0,0,0,0,0,0,0,16.58157,0,0,0,0,0,0,0,83.41843,0,0,0,0,0,0,0,0,0,0,0,0,0,0,0,0,0,0,0,0,0,0,0,0,0,0,0,0,0,0,0,0,0,0,0
GF16_C5_d35_colon,0,0,0,0,53.1508,0,0,0,46.8492,0,0,0,0,0,0,0,0,0,0,0,0,0,0,0,0,0,0,0,0,0,0,0,0,0,0,0,0,0,0,0,0,0,0,0,0,0,0,0,0,0,0,0
GF16_c5_d67_stool,0,0,0,0,0,0,0,0,35.72967,0,0,0,0,0,0,0,64.27033,0,0,0,0,0,0,0,0,0,0,0,0,0,0,0,0,0,0,0,0,0,0,0,0,0,0,0,0,0,0,0,0,0,0,0
GF16_c5_d68_stool,0,0,0,0,0,0,0,0,33.2506,0,0,0,0,0,0,0,66.7494,0,0,0,0,0,0,0,0,0,0,0,0,0,0,0,0,0,0,0,0,0,0,0,0,0,0,0,0,0,0,0,0,0,0,0
GF16_c6_d105_stool,0,0,0,0,0,0,0,0,2.88226,0,0,0,0,0,0,0,97.11774,0,0,0,0,0,0,0,0,0,0,0,0,0,0,0,0,0,0,0,0,0,0,0,0,0,0,0,0,0,0,0,0,0,0,0
GF16_c7_d105_stool,0,0,0,0,0.02306,0,0,0,0,0,0,0,0,0,0,0,99.97694,0,0,0,0,0,0,0,0,0,0,0,0,0,0,0,0,0,0,0,0,0,0,0,0,0,0,0,0,0,0,0,0,0,0,0
GF16_inoc_200622,0.48976,0,0.00562,0,0,0,0,0,0,0,0,0,0,0,12.1128,0,76.52548,0,0,0,0,0,0,0,0,0,1.7771,0,0,0,0,0,0,0,8.1886,0,0.25601,0.35588,0.28876,0,0,0,0,0,0,0,0,0,0,0,0,0
GF17_a1_d31_stool,0.24287,5.38901,0,0.25721,0.6928,0,0,0,93.41811,0,0,0,0,0,0,0,0,0,0,0,0,0,0,0,0,0,0,0,0,0,0,0,0,0,0,0,0,0,0,0,0,0,0,0,0,0,0,0,0,0,0,0
GF17_a2_d31_stool,2.22322,46.65107,0,0.78598,0.99821,0,0,0,49.34152,0,0,0,0,0,0,0,0,0,0,0,0,0,0,0,0,0,0,0,0,0,0,0,0,0,0,0,0,0,0,0,0,0,0,0,0,0,0,0,0,0,0,0
GF17_a3_d31_stool,0.43113,66.58655,0,0.72986,0.3444,0,0,0,31.90807,0,0,0,0,0,0,0,0,0,0,0,0,0,0,0,0,0,0,0,0,0,0,0,0,0,0,0,0,0,0,0,0,0,0,0,0,0,0,0,0,0,0,0
GF17_a4_d31_stool,0,15.3911,0,0,0.13742,0,0,0,84.47148,0,0,0,0,0,0,0,0,0,0,0,0,0,0,0,0,0,0,0,0,0,0,0,0,0,0,0,0,0,0,0,0,0,0,0,0,0,0,0,0,0,0,0
GF17_a5_d31_stool,0.01863,69.75424,0,0.03221,0.29929,0,0,0,29.89562,0,0,0,0,0,0,0,0,0,0,0,0,0,0,0,0,0,0,0,0,0,0,0,0,0,0,0,0,0,0,0,0,0,0,0,0,0,0,0,0,0,0,0
GF17_a6_d31_stool,0,18.98373,0,0,0.05218,0,0,0,79.261,0,0,0,0,0,0,0,0,0,0,0,0,0,0,1.70309,0,0,0,0,0,0,0,0,0,0,0,0,0,0,0,0,0,0,0,0,0,0,0,0,0,0,0,0
GF17_a7_d31_stool,0,39.65321,0,0,0,0,0,0,60.34679,0,0,0,0,0,0,0,0,0,0,0,0,0,0,0,0,0,0,0,0,0,0,0,0,0,0,0,0,0,0,0,0,0,0,0,0,0,0,0,0,0,0,0
GF17_b2_d31_stool,0,16.7656,0,0,0,0,0,0,82.89858,0,0,0,0,0,0,0,0,0,0,0,0,0,0,0.33582,0,0,0,0,0,0,0,0,0,0,0,0,0,0,0,0,0,0,0,0,0,0,0,0,0,0,0,0
GF17_b3_d31_stool,0,10.36917,0,0,0,0,0,0,89.63083,0,0,0,0,0,0,0,0,0,0,0,0,0,0,0,0,0,0,0,0,0,0,0,0,0,0,0,0,0,0,0,0,0,0,0,0,0,0,0,0,0,0,0
GF17_b6_d31_stool,0,82.71545,0,0.08218,0,0,0,0,17.20237,0,0,0,0,0,0,0,0,0,0,0,0,0,0,0,0,0,0,0,0,0,0,0,0,0,0,0,0,0,0,0,0,0,0,0,0,0,0,0,0,0,0,0
GF17_inoc_200903,0,0.7255,0,0,0,0,0,10.43983,55.07845,0,0,0,0,0,0,0,0,0,0,0,0,0,0,32.4877,0,0,0,0,0,0,0,1.26851,0,0,0,0,0,0,0,0,0,0,0,0,0,0,0,0,0,0,0,0
GF18_a1_d32_stool,0.55963,83.2849,0.05003,0.35721,1.12064,0,14.62759,0,0,0,0,0,0,0,0,0,0,0,0,0,0,0,0,0,0,0,0,0,0,0,0,0,0,0,0,0,0,0,0,0,0,0,0,0,0,0,0,0,0,0,0,0
GF18_a1_d33_stool,33.06333,44.82786,9.23303,3.86084,0.75258,0,8.26237,0,0,0,0,0,0,0,0,0,0,0,0,0,0,0,0,0,0,0,0,0,0,0,0,0,0,0,0,0,0,0,0,0,0,0,0,0,0,0,0,0,0,0,0,0
GF18_a1_d35_colon,0,0,4.31304,0,95.68696,0,0,0,0,0,0,0,0,0,0,0,0,0,0,0,0,0,0,0,0,0,0,0,0,0,0,0,0,0,0,0,0,0,0,0,0,0,0,0,0,0,0,0,0,0,0,0
GF18_a2_d33_stool,0,99.89463,0,0,0.10537,0,0,0,0,0,0,0,0,0,0,0,0,0,0,0,0,0,0,0,0,0,0,0,0,0,0,0,0,0,0,0,0,0,0,0,0,0,0,0,0,0,0,0,0,0,0,0
GF18_a2_d35_colon,0,0,0,0,9.99751,0,0,0,0,0,0,0,0,0,0,0,0,0,0,0,0,0,0,0,0,0,0,0,0,0,90.00249,0,0,0,0,0,0,0,0,0,0,0,0,0,0,0,0,0,0,0,0,0
GF18_a2_d54_colon,4.9243,69.1438,17.03681,0.84781,8.04728,0,0,0,0,0,0,0,0,0,0,0,0,0,0,0,0,0,0,0,0,0,0,0,0,0,0,0,0,0,0,0,0,0,0,0,0,0,0,0,0,0,0,0,0,0,0,0
GF18_a3_d35_colon,0,62.8252,0,0,31.4095,0,0,0,0,0,0,0,0,0,0,0,0,0,0,0,0,0,0,0,0,0,0,5.7653,0,0,0,0,0,0,0,0,0,0,0,0,0,0,0,0,0,0,0,0,0,0,0,0
GF18_a3_d54_colon,8.26287,74.3342,13.99392,0.59904,2.80997,0,0,0,0,0,0,0,0,0,0,0,0,0,0,0,0,0,0,0,0,0,0,0,0,0,0,0,0,0,0,0,0,0,0,0,0,0,0,0,0,0,0,0,0,0,0,0
GF18_a4_d32_stool,0.83823,98.31302,0,0.34348,0.50527,0,0,0,0,0,0,0,0,0,0,0,0,0,0,0,0,0,0,0,0,0,0,0,0,0,0,0,0,0,0,0,0,0,0,0,0,0,0,0,0,0,0,0,0,0,0,0
GF18_a4_d33_stool,25.54918,49.1073,20.73127,3.73894,0.87331,0,0,0,0,0,0,0,0,0,0,0,0,0,0,0,0,0,0,0,0,0,0,0,0,0,0,0,0,0,0,0,0,0,0,0,0,0,0,0,0,0,0,0,0,0,0,0
GF18_a4_d35_colon,0,0,0,0.30403,99.69597,0,0,0,0,0,0,0,0,0,0,0,0,0,0,0,0,0,0,0,0,0,0,0,0,0,0,0,0,0,0,0,0,0,0,0,0,0,0,0,0,0,0,0,0,0,0,0
GF18_a4_d54_colon,0,98.23824,0,0,1.29312,0,0,0,0,0,0,0,0,0,0,0,0,0,0,0,0,0,0,0,0,0,0,0,0,0,0.46864,0,0,0,0,0,0,0,0,0,0,0,0,0,0,0,0,0,0,0,0,0
GF18_a5_d54_colon,8.64404,82.48128,2.95287,0.83871,5.0831,0,0,0,0,0,0,0,0,0,0,0,0,0,0,0,0,0,0,0,0,0,0,0,0,0,0,0,0,0,0,0,0,0,0,0,0,0,0,0,0,0,0,0,0,0,0,0
GF18_adam_d33_stoolsoln,0.13386,0.05997,10.79604,6.20848,82.66301,0,0,0,0,0,0,0.13864,0,0,0,0,0,0,0,0,0,0,0,0,0,0,0,0,0,0,0,0,0,0,0,0,0,0,0,0,0,0,0,0,0,0,0,0,0,0,0,0
GF18_b3_d32_stool,0.08683,99.85053,0,0.06263,0,0,0,0,0,0,0,0,0,0,0,0,0,0,0,0,0,0,0,0,0,0,0,0,0,0,0,0,0,0,0,0,0,0,0,0,0,0,0,0,0,0,0,0,0,0,0,0
GF18_b3_d33_stool,6.58196,87.83785,4.21408,0.7995,0.56661,0,0,0,0,0,0,0,0,0,0,0,0,0,0,0,0,0,0,0,0,0,0,0,0,0,0,0,0,0,0,0,0,0,0,0,0,0,0,0,0,0,0,0,0,0,0,0
GF18_b3_d35_colon,0,100,0,0,0,0,0,0,0,0,0,0,0,0,0,0,0,0,0,0,0,0,0,0,0,0,0,0,0,0,0,0,0,0,0,0,0,0,0,0,0,0,0,0,0,0,0,0,0,0,0,0
GF18_b4_d32_stool,0.71038,98.19181,0,0.44084,0.65696,0,0,0,0,0,0,0,0,0,0,0,0,0,0,0,0,0,0,0,0,0,0,0,0,0,0,0,0,0,0,0,0,0,0,0,0,0,0,0,0,0,0,0,0,0,0,0
GF18_b4_d35_colon,0,89.91926,0.33294,0,0,0,0,0,9.7478,0,0,0,0,0,0,0,0,0,0,0,0,0,0,0,0,0,0,0,0,0,0,0,0,0,0,0,0,0,0,0,0,0,0,0,0,0,0,0,0,0,0,0
GF18_bdam_d33_stoolsoln,0.26064,89.66466,6.81325,1.63715,0.36124,0,0,1.07446,0,0,0,0,0.18861,0,0,0,0,0,0,0,0,0,0,0,0,0,0,0,0,0,0,0,0,0,0,0,0,0,0,0,0,0,0,0,0,0,0,0,0,0,0,0
GF18_d0_innoculum,2.59811,25.92236,2.15677,1.00998,63.63987,4.65721,0.00704,0,0,0,0,0,0,0,0,0,0,0,0,0,0,0,0.00866,0,0,0,0,0,0,0,0,0,0,0,0,0,0,0,0,0,0,0,0,0,0,0,0,0,0,0,0,0
GF2_A_dam_d33,0,0,0,6.38128,10.72864,0,0,0,0,0,0,0,0,0,0,0,0,0,0,0,0,0,0,0,0,0,82.89008,0,0,0,0,0,0,0,0,0,0,0,0,0,0,0,0,0,0,0,0,0,0,0,0,0
GF2_A_dam_day19,54.82931,0.23691,0,13.45147,3.03895,0,0,0.70188,2.11969,0,0,0,0,0,0,0,0,0,0,0,0,0,0,0,0,0,24.11772,0.77949,0.72458,0,0,0,0,0,0,0,0,0,0,0,0,0,0,0,0,0,0,0,0,0,0,0
GF2_A_dam_day29,0,0,0,0.62194,48.66391,0,0,0,0,0,0,0,0,0,0,0,0,0,0,0,0,0,0,0,0,0,50.71415,0,0,0,0,0,0,0,0,0,0,0,0,0,0,0,0,0,0,0,0,0,0,0,0,0
GF2_A_day1_dad,58.56437,0,0,1.68887,18.3531,0,0,2.35928,19.03439,0,0,0,0,0,0,0,0,0,0,0,0,0,0,0,0,0,0,0,0,0,0,0,0,0,0,0,0,0,0,0,0,0,0,0,0,0,0,0,0,0,0,0
GF2_A_day1_mom,36.589,0,0,2.65654,16.52056,0,0,4.23439,39.88051,0,0,0,0,0,0,0,0,0,0,0,0,0,0,0,0,0,0,0.11901,0,0,0,0,0,0,0,0,0,0,0,0,0,0,0,0,0,0,0,0,0,0,0,0
GF2_A1_d37,39.93323,0.13088,0,9.04741,1.54566,10.88429,0,1.67016,1.2316,0,0,0.7294,0.41179,0,0,0,0,0,0,0,0,0,0,0,0,0,34.15594,0.25964,0,0,0,0,0,0,0,0,0,0,0,0,0,0,0,0,0,0,0,0,0,0,0,0
GF2_A1_d39,65.33608,0.41754,0,7.44743,0.99044,0,0,13.64455,11.90945,0,0,0,0,0,0,0,0,0,0,0,0,0,0,0,0,0,0.25451,0,0,0,0,0,0,0,0,0,0,0,0,0,0,0,0,0,0,0,0,0,0,0,0,0
GF2_A1_day28,0,0,0,0,0.13491,0,0,10.78076,89.08434,0,0,0,0,0,0,0,0,0,0,0,0,0,0,0,0,0,0,0,0,0,0,0,0,0,0,0,0,0,0,0,0,0,0,0,0,0,0,0,0,0,0,0
GF2_A1_day29,0.52433,0,0,0.91652,1.32712,0,0,12.27738,84.27633,0,0,0,0,0,0,0,0,0,0,0,0,0,0,0,0,0,0.67832,0,0,0,0,0,0,0,0,0,0,0,0,0,0,0,0,0,0,0,0,0,0,0,0,0
GF2_A1_day30,0,0,0,0,0,0,0,11.85319,88.14681,0,0,0,0,0,0,0,0,0,0,0,0,0,0,0,0,0,0,0,0,0,0,0,0,0,0,0,0,0,0,0,0,0,0,0,0,0,0,0,0,0,0,0
GF2_A1_day31,48.72586,0,0,14.42131,2.2321,0,0,3.81626,18.95924,0,0,0,0,0,0,0,0,0,0,0,0,0,0,0,0,0,11.84523,0,0,0,0,0,0,0,0,0,0,0,0,0,0,0,0,0,0,0,0,0,0,0,0,0
GF2_A1_day32,0,0,0,0,7.43609,0,0,14.87342,76.03659,0,0,0,0,0,0,0,0,0,0,0,0,0,0,0,0,0,1.65389,0,0,0,0,0,0,0,0,0,0,0,0,0,0,0,0,0,0,0,0,0,0,0,0,0
GF2_A1_day41,53.22474,0.60816,0,3.99425,0.44079,0,0,32.83169,0.83782,0,0,0,0,0,0,0,0,0,0,0,0,0,0,0,0,0,7.67627,0.38629,0,0,0,0,0,0,0,0,0,0,0,0,0,0,0,0,0,0,0,0,0,0,0,0
GF2_A1_day42,23.75289,0,0,1.54374,0.86926,0,0,35.47252,36.56605,0,0,0,0,0,0,0,0,0,0,0,0,0,0,0,0,0,1.79555,0,0,0,0,0,0,0,0,0,0,0,0,0,0,0,0,0,0,0,0,0,0,0,0,0
GF2_A1_day44,0.88617,0,0,0,2.3056,0,0,52.43476,43.11666,0,0,0,0,0,0,0,0,0,0,0,0,0,0,0,0,0,1.2568,0,0,0,0,0,0,0,0,0,0,0,0,0,0,0,0,0,0,0,0,0,0,0,0,0
GF2_A2_Colon,9.13904,0,0,2.86434,0.28807,0,0,68.72967,2.37973,0,0,0,0,0,0,0,0,0,0,0,0,0,0,0,0,0,16.37148,0.22767,0,0,0,0,0,0,0,0,0,0,0,0,0,0,0,0,0,0,0,0,0,0,0,0
GF2_A2_d36,80.11771,0,0,5.99359,0.74478,0,0,1.69724,9.74976,0,0,0,0,0,0,0,0,0,0,0,0,0,0,0,0,0,1.69692,0,0,0,0,0,0,0,0,0,0,0,0,0,0,0,0,0,0,0,0,0,0,0,0,0
GF2_A2_D37,58.53217,0.48081,0,12.70375,16.186,0,0,1.45924,8.33522,0,0,0,0,0,0,0,0,0,0,0,0,0,0,0,0,0,2.30283,0,0,0,0,0,0,0,0,0,0,0,0,0,0,0,0,0,0,0,0,0,0,0,0,0
GF2_A2_d39,77.31543,1.55827,0,7.48363,1.75912,0,0,8.71643,3.03522,0,0,0,0,0,0,0,0,0,0,0,0,0,0,0,0,0,0.1319,0,0,0,0,0,0,0,0,0,0,0,0,0,0,0,0,0,0,0,0,0,0,0,0,0
GF2_A2_day28,0,0,0,0,0,0,0,9.42563,90.57437,0,0,0,0,0,0,0,0,0,0,0,0,0,0,0,0,0,0,0,0,0,0,0,0,0,0,0,0,0,0,0,0,0,0,0,0,0,0,0,0,0,0,0
GF2_A2_day29,0,0,0,0.06597,0.29676,0,0,14.57744,84.89639,0,0,0,0,0,0,0,0,0,0,0,0,0,0,0,0,0,0.16344,0,0,0,0,0,0,0,0,0,0,0,0,0,0,0,0,0,0,0,0,0,0,0,0,0
GF2_A2_day30,35.89123,2.67466,0,7.46824,2.36287,0,0,3.2382,4.55421,0,0,0,0,0,0,0,0,0,0,0,0,0,0,0,0,0,43.81059,0,0,0,0,0,0,0,0,0,0,0,0,0,0,0,0,0,0,0,0,0,0,0,0,0
GF2_A2_day31,0,0,0,0,2.30904,0,0,30.06387,67.28259,0,0,0,0,0,0,0,0,0,0,0,0,0,0,0,0,0,0.34451,0,0,0,0,0,0,0,0,0,0,0,0,0,0,0,0,0,0,0,0,0,0,0,0,0
GF2_A2_day32,36.40847,1.688,0,7.25716,3.0656,0,0,2.33605,2.5991,0,0,0,0,0,0,0,0,0,0,0,0,0,0,0,0,0,46.64562,0,0,0,0,0,0,0,0,0,0,0,0,0,0,0,0,0,0,0,0,0,0,0,0,0
GF2_A2_day34,35.68441,0,0,11.38212,3.51452,5.77112,0,3.01079,1.88598,0,0,6.55581,4.49583,0,0,0,0,0,0,0,0,0,0,0,0,2.57721,23.88586,0,0.15774,1.07861,0,0,0,0,0,0,0,0,0,0,0,0,0,0,0,0,0,0,0,0,0,0
GF2_A2_day41,61.53767,0.61962,0,8.0105,0.19186,0,0,25.40039,2.49188,0,0,0,0,0,0,0,0,0,0,0,0,0,0,0,0,0,1.50241,0.24567,0,0,0,0,0,0,0,0,0,0,0,0,0,0,0,0,0,0,0,0,0,0,0,0
GF2_A2_day42,23.08733,0.17233,0,2.54763,1.716,0,0,17.76477,51.4627,0,0,0,0,0,0,0,0,0,0,0,0,0,0,0,0,0,3.20625,0.043,0,0,0,0,0,0,0,0,0,0,0,0,0,0,0,0,0,0,0,0,0,0,0,0
GF2_A2_day44,22.83584,0,0,0.95383,4.1636,0,0,16.15311,33.95527,0,0,0,0,0,0,0,0,0,0,0,0,0,0,0,0,0,21.93835,0,0,0,0,0,0,0,0,0,0,0,0,0,0,0,0,0,0,0,0,0,0,0,0,0
GF2_A25_N713,54.78429,3.54137,17.82531,9.14932,2.03167,4.894,0.75965,0.84495,0,2.4347,0,3.34193,0.39281,0,0,0,0,0,0,0,0,0,0,0,0,0,0,0,0,0,0,0,0,0,0,0,0,0,0,0,0,0,0,0,0,0,0,0,0,0,0,0
GF2_A3_Colon,19.2648,0.84172,0,5.23335,1.01388,0,0,41.43257,0.52291,0,0,0,0,0,0,0,0,0,0,0,0,0,0,0,0,0,31.15661,0.4167,0,0.11746,0,0,0,0,0,0,0,0,0,0,0,0,0,0,0,0,0,0,0,0,0,0
GF2_A3_d37,65.02934,0,0,12.29495,0.46853,0,0,0.60651,7.21321,0,0,0,0,0,0,0,0,0,0,0,0,0,0,0,0,0,14.38746,0,0,0,0,0,0,0,0,0,0,0,0,0,0,0,0,0,0,0,0,0,0,0,0,0
GF2_A3_d39,46.2791,0,0,9.6421,0.04571,0,0,7.25253,6.85798,0,0,0,0,0,0,0,0,0,0,0,0,0,0,0,0,0,29.92258,0,0,0,0,0,0,0,0,0,0,0,0,0,0,0,0,0,0,0,0,0,0,0,0,0
GF2_A3_day28,0,0,0,0,0,0,0,0,100,0,0,0,0,0,0,0,0,0,0,0,0,0,0,0,0,0,0,0,0,0,0,0,0,0,0,0,0,0,0,0,0,0,0,0,0,0,0,0,0,0,0,0
GF2_A3_day30,37.39638,1.67875,0,2.35828,4.92485,0,0,4.6765,7.60437,0,0,0,0,0,0,0,0,0,0,0,0,0,0,0,0,0,41.36087,0,0,0,0,0,0,0,0,0,0,0,0,0,0,0,0,0,0,0,0,0,0,0,0,0
GF2_A3_day32,23.85024,1.57931,0,1.9834,2.00644,0,0,1.96693,4.57404,0,0,0,0,0,0,0,0,0,0,0,0,0,0,0,0,0,64.03964,0,0,0,0,0,0,0,0,0,0,0,0,0,0,0,0,0,0,0,0,0,0,0,0,0
GF2_A3_day41,30.7747,0.6608,0,3.02532,0.49644,4.43839,0,11.01135,0.95137,0,0,0,0.37319,0,0,0,0,0,0,0,0,0,0,0,0,0,48.09963,0.16879,0,0,0,0,0,0,0,0,0,0,0,0,0,0,0,0,0,0,0,0,0,0,0,0
GF2_A3_day42,2.78048,0,0,1.24015,1.35849,0,0,19.01131,74.70135,0,0,0,0,0,0,0,0,0,0,0,0,0,0,0,0,0,0.90822,0,0,0,0,0,0,0,0,0,0,0,0,0,0,0,0,0,0,0,0,0,0,0,0,0
GF2_A4_Colon,11.51028,0,0,0.77172,0,0,0,84.86975,0,0,0,0,0,0,0,0,0,0,0,0,0,0,0,0,0,0,2.84825,0,0,0,0,0,0,0,0,0,0,0,0,0,0,0,0,0,0,0,0,0,0,0,0,0
GF2_A4_d36,35.98186,0,0,2.16507,2.00022,0,0,0.60523,3.60614,0,0,0,0,0,0,0,0,0,0,0,0,0,0,0,0,0,55.64148,0,0,0,0,0,0,0,0,0,0,0,0,0,0,0,0,0,0,0,0,0,0,0,0,0
GF2_A4_d37,69.78344,0,0,9.91055,2.44314,0,0,3.01858,14.36231,0,0,0,0,0,0,0,0,0,0,0,0,0,0,0,0,0,0.48198,0,0,0,0,0,0,0,0,0,0,0,0,0,0,0,0,0,0,0,0,0,0,0,0,0
GF2_A4_D39,67.10627,1.82622,0,8.46464,0.54994,0,0,16.41681,5.15062,0,0,0,0,0,0,0,0,0,0,0,0,0,0,0,0,0,0.4855,0,0,0,0,0,0,0,0,0,0,0,0,0,0,0,0,0,0,0,0,0,0,0,0,0
GF2_A4_day28,0,0,0,0,0.17214,0,0,20.28588,79.54198,0,0,0,0,0,0,0,0,0,0,0,0,0,0,0,0,0,0,0,0,0,0,0,0,0,0,0,0,0,0,0,0,0,0,0,0,0,0,0,0,0,0,0
GF2_A4_day29,0.24349,0,0,1.31454,1.08253,0,0,26.33966,70.42274,0,0,0,0,0,0,0,0,0,0,0,0,0,0,0,0,0,0.59705,0,0,0,0,0,0,0,0,0,0,0,0,0,0,0,0,0,0,0,0,0,0,0,0,0
GF2_A4_day30,31.74681,1.65604,0,2.99832,2.07135,0,0,5.13787,3.65245,0,0,0,0,0,0,0,0,0,0,0,0,0,0,0,0,0,52.73717,0,0,0,0,0,0,0,0,0,0,0,0,0,0,0,0,0,0,0,0,0,0,0,0,0
GF2_A4_day31,0,0,0,0,1.78832,0,0,26.03448,72.1772,0,0,0,0,0,0,0,0,0,0,0,0,0,0,0,0,0,0,0,0,0,0,0,0,0,0,0,0,0,0,0,0,0,0,0,0,0,0,0,0,0,0,0
GF2_A4_day32,33.70459,0.25042,0,4.88048,2.39137,0,0,4.29585,4.47873,0,0,0,0,0,0,0,0,0,0,0,0,0,0,0,0,0,49.99856,0,0,0,0,0,0,0,0,0,0,0,0,0,0,0,0,0,0,0,0,0,0,0,0,0
GF2_A4_day41,37.34139,0.32226,0,6.48886,0.44257,3.39859,0,1.28146,2.06963,0,0,0,0,0,0,0,0,0,0,0,0,0,0,0,0,0,48.43964,0.21559,0,0,0,0,0,0,0,0,0,0,0,0,0,0,0,0,0,0,0,0,0,0,0,0
GF2_A4_day42,10.70103,0.08432,0,1.95667,0.81482,0,0,44.6169,30.54756,0,0,0,0,0,0,0,0,0,0,0,0,0,0,0,0,0,11.27871,0,0,0,0,0,0,0,0,0,0,0,0,0,0,0,0,0,0,0,0,0,0,0,0,0
GF2_A4_day44,0,0,0,0.49595,9.3906,0,0,40.68411,46.1296,0,0,0,0,0,0,0,0,0,0,0,0,0,0,0,0,0,3.29974,0,0,0,0,0,0,0,0,0,0,0,0,0,0,0,0,0,0,0,0,0,0,0,0,0
GF2_A5_Colon,2.9905,0,0,0.82404,0.0555,0,0,90.29074,0.14629,0,0,0,0,0,0,0,0,0,0,0,0,0,0,0,0,0,5.66059,0,0,0.03235,0,0,0,0,0,0,0,0,0,0,0,0,0,0,0,0,0,0,0,0,0,0
GF2_A5_d39,39.929,0.60757,0,7.32342,0.40158,0,0,10.92735,1.64832,0,0,0,0,0,0,0,0,0,0,0,0,0,0,0,0,0,39.16276,0,0,0,0,0,0,0,0,0,0,0,0,0,0,0,0,0,0,0,0,0,0,0,0,0
GF2_A5_day28,0,0,0,0,0,0,0,0,100,0,0,0,0,0,0,0,0,0,0,0,0,0,0,0,0,0,0,0,0,0,0,0,0,0,0,0,0,0,0,0,0,0,0,0,0,0,0,0,0,0,0,0
GF2_A5_day31,0,0,0,0.29,19.12273,0,0,23.9644,55.82431,0,0,0,0,0,0,0,0,0,0,0,0,0,0,0,0,0,0.79856,0,0,0,0,0,0,0,0,0,0,0,0,0,0,0,0,0,0,0,0,0,0,0,0,0
GF2_A5_day32,0,0,0,0,9.78022,0,0,21.34699,68.28086,0,0,0,0,0,0,0,0,0,0,0,0,0,0,0,0,0,0.59193,0,0,0,0,0,0,0,0,0,0,0,0,0,0,0,0,0,0,0,0,0,0,0,0,0
GF2_A5_day42,22.40867,0.72498,0,5.06285,1.10749,0,0,22.23742,23.67087,0,0,0,0,0,0,0,0,0,0,0,0,0,0,0,0,0,24.67441,0.1133,0,0,0,0,0,0,0,0,0,0,0,0,0,0,0,0,0,0,0,0,0,0,0,0
GF2_A6_Colon,22.5806,0,0,0,0,0,0,77.4194,0,0,0,0,0,0,0,0,0,0,0,0,0,0,0,0,0,0,0,0,0,0,0,0,0,0,0,0,0,0,0,0,0,0,0,0,0,0,0,0,0,0,0,0
GF2_A6_d33,33.58999,0.04545,0,8.56904,2.25316,9.75504,0,3.30638,1.00143,0,0,5.10906,3.01749,0,0,0,0,0,0,0,0,0,0,0,0,1.70276,30.79086,0,0.06591,0.79343,0,0,0,0,0,0,0,0,0,0,0,0,0,0,0,0,0,0,0,0,0,0
GF2_A6_d36,45.35332,0.48316,0,4.6781,2.47987,0,0,1.04656,1.45503,0,0,0,0,0,0,0,0,0,0,0,0,0,0,0,0,0,44.50396,0,0,0,0,0,0,0,0,0,0,0,0,0,0,0,0,0,0,0,0,0,0,0,0,0
GF2_A6_d37,64.47918,0.21186,0,21.30391,1.92221,0,0,1.64336,6.26334,0,0,0,0,0,0,0,0,0,0,0,0,0,0,0,0,0,4.17614,0,0,0,0,0,0,0,0,0,0,0,0,0,0,0,0,0,0,0,0,0,0,0,0,0
GF2_A6_D39,75.1645,2.42874,0,6.45464,1.21138,0,0,7.52449,6.93814,0,0,0,0,0,0,0,0,0,0,0,0,0,0,0,0,0,0.27811,0,0,0,0,0,0,0,0,0,0,0,0,0,0,0,0,0,0,0,0,0,0,0,0,0
GF2_A6_day28,0,0,0,0.01806,0.7404,0,0,13.71348,85.52806,0,0,0,0,0,0,0,0,0,0,0,0,0,0,0,0,0,0,0,0,0,0,0,0,0,0,0,0,0,0,0,0,0,0,0,0,0,0,0,0,0,0,0
GF2_A6_day29,0,0.07521,0,0.38456,1.76165,0,0,20.26214,76.22545,0,0,0,0,0,0,0,0,0,0,0,0,0,0,0,0,0,1.29099,0,0,0,0,0,0,0,0,0,0,0,0,0,0,0,0,0,0,0,0,0,0,0,0,0
GF2_A6_day30,30.98675,1.52483,0,3.72206,1.25683,0,0,4.34648,6.63204,0,0,0,0,0,0,0,0,0,0,0,0,0,0,0,0,0,51.4989,0,0,0.03211,0,0,0,0,0,0,0,0,0,0,0,0,0,0,0,0,0,0,0,0,0,0
GF2_A6_day31,0,0,0,0.55536,42.23421,0,0,20.26887,19.66252,0,0,0,0,0,0,0,0,0,0,0,0,0,0,0,0,0,17.27904,0,0,0,0,0,0,0,0,0,0,0,0,0,0,0,0,0,0,0,0,0,0,0,0,0
GF2_A6_day32,0,0,0,0.16327,10.33301,0,0,32.18672,57.317,0,0,0,0,0,0,0,0,0,0,0,0,0,0,0,0,0,0,0,0,0,0,0,0,0,0,0,0,0,0,0,0,0,0,0,0,0,0,0,0,0,0,0
GF2_A6_day44,63.72009,1.93548,0,7.35466,1.28484,0,0,7.28592,5.00852,0,0,0,0.51358,0,0,0,0,0,0,0,0,0,0,0,0,0,12.89691,0,0,0,0,0,0,0,0,0,0,0,0,0,0,0,0,0,0,0,0,0,0,0,0,0
GF2_B_dam_d33,38.57818,0.10579,0,4.02463,1.49502,3.90827,0,0.63292,1.8261,0,0,0,0.02255,0,0,0,0,0,0,0,0,0,0,0,0,0,49.40654,0,0,0,0,0,0,0,0,0,0,0,0,0,0,0,0,0,0,0,0,0,0,0,0,0
GF2_B_dam_day19,34.15325,0.10097,0,5.72589,1.16269,13.83046,0,0.36764,0.62086,0,0,0.6714,0.04466,0,0,0,0,0,0,0,0,0,0,0,0,0,43.32219,0,0,0,0,0,0,0,0,0,0,0,0,0,0,0,0,0,0,0,0,0,0,0,0,0
GF2_B_dam_day37,40.67441,0.26983,0,8.52294,0.33365,11.31129,0,0,0.58178,0,0,0.62629,0.16464,0,0,0,0,0,0,0,0,0,0,0,0,0,37.50699,0.00819,0,0,0,0,0,0,0,0,0,0,0,0,0,0,0,0,0,0,0,0,0,0,0,0
GF2_B_day1_dad,63.47724,0,0,0,20.85959,0,0,1.01874,14.64444,0,0,0,0,0,0,0,0,0,0,0,0,0,0,0,0,0,0,0,0,0,0,0,0,0,0,0,0,0,0,0,0,0,0,0,0,0,0,0,0,0,0,0
GF2_B_day1_mom,42.82495,0,0,4.12382,21.16103,0,0,3.55697,28.33322,0,0,0,0,0,0,0,0,0,0,0,0,0,0,0,0,0,0,0,0,0,0,0,0,0,0,0,0,0,0,0,0,0,0,0,0,0,0,0,0,0,0,0
GF2_B_Sire_day23,37.30805,0,0,6.24039,0.66007,10.6439,0,1.01448,0.49238,0,0,4.69201,1.35707,0,0,0,0,0,0,0,0,0,0,0,0,0.63206,36.31841,0,0,0.64119,0,0,0,0,0,0,0,0,0,0,0,0,0,0,0,0,0,0,0,0,0,0
GF2_B1_d34,36.79931,0.36293,0,3.27929,3.08676,0,0,2.05337,1.99405,0,0,0,0,0,0,0,0,0,0,0,0,0,0,0,0,0,52.42429,0,0,0,0,0,0,0,0,0,0,0,0,0,0,0,0,0,0,0,0,0,0,0,0,0
GF2_B1_d35,80.23478,1.91168,0,6.56153,0,0,0,0,1.30061,0,0,0,0,0,0,0,0,0,0,0,0,0,0,0,0,0,9.99139,0,0,0,0,0,0,0,0,0,0,0,0,0,0,0,0,0,0,0,0,0,0,0,0,0
GF2_B1_day29,39.72613,4.83037,0,1.29284,2.25889,0,0,5.30532,13.14756,0,0,0,0,0,0,0,0,0,0,0,0,0,0,0,0,0,33.43889,0,0,0,0,0,0,0,0,0,0,0,0,0,0,0,0,0,0,0,0,0,0,0,0,0
GF2_B1_day32,47.25783,0,0,4.06614,1.60186,0,0,2.06519,3.574,0,0,0,0,0,0,0,0,0,0,0,0,0,0,0,0,0,41.43498,0,0,0,0,0,0,0,0,0,0,0,0,0,0,0,0,0,0,0,0,0,0,0,0,0
GF2_B1_day37,43.84989,0.74626,0,3.45276,0.15483,0,0,0,1.12961,0,0,0,0,0,0,0,0,0,0,0,0,0,0,0,0,0,50.66664,0,0,0,0,0,0,0,0,0,0,0,0,0,0,0,0,0,0,0,0,0,0,0,0,0
GF2_B1_day41,33.02569,0.67215,0,3.97164,0.44697,5.48205,0,7.55404,0.49161,0,0,0,0,0,0,0,0,0,0,0,0,0,0,0,0,0,48.14428,0.21158,0,0,0,0,0,0,0,0,0,0,0,0,0,0,0,0,0,0,0,0,0,0,0,0
GF2_B1_day44,51.41997,3.13631,0,4.5985,1.04691,2.52627,0,8.15519,5.82815,0,0,0.0894,0.82003,0,0,0,0,0,0,0,0,0,0,0,0,0,22.37926,0,0,0,0,0,0,0,0,0,0,0,0,0,0,0,0,0,0,0,0,0,0,0,0,0
GF2_B2_d35,52.50968,1.09264,0,4.57052,1.36325,0,0,2.11424,1.08203,0,0,0,0,0,0,0,0,0,0,0,0,0,0,0,0,0,37.26765,0,0,0,0,0,0,0,0,0,0,0,0,0,0,0,0,0,0,0,0,0,0,0,0,0
GF2_B2_day27,1.35428,0,0,1.49239,0.8063,0,0,2.0287,93.04674,0,0,0,0,0,0,0,0,0,0,0,0,0,0,0,0,0,1.27159,0,0,0,0,0,0,0,0,0,0,0,0,0,0,0,0,0,0,0,0,0,0,0,0,0
GF2_B2_day28,1.59747,0,0,1.59836,1.47821,0,0,14.60444,79.53719,0,0,0,0,0,0,0,0,0,0,0,0,0,0,0,0,0,1.18433,0,0,0,0,0,0,0,0,0,0,0,0,0,0,0,0,0,0,0,0,0,0,0,0,0
GF2_B2_day29,28.45459,0,0,1.99882,0.7165,0,0,18.81865,46.99853,0,0,0,0.78917,0,0,0,0,0,0,0,0,0,0,0,0,0,2.22375,0,0,0,0,0,0,0,0,0,0,0,0,0,0,0,0,0,0,0,0,0,0,0,0,0
GF2_B2_day30,67.68945,1.51631,0,8.2365,1.68339,0,0,9.97591,8.53238,0,0,0,0.10151,0,0,0,0,0,0,0,0,0,0,0,0,0,2.26456,0,0,0,0,0,0,0,0,0,0,0,0,0,0,0,0,0,0,0,0,0,0,0,0,0
GF2_B2_day31,89.86585,1.14072,0,6.2786,0.53143,0,0,1.0889,0.52563,0,0,0,0,0,0,0,0,0,0,0,0,0,0,0,0,0,0.56887,0,0,0,0,0,0,0,0,0,0,0,0,0,0,0,0,0,0,0,0,0,0,0,0,0
GF2_B2_day37,45.13883,1.6991,0,3.68503,0.13582,0,0,0.05105,1.22322,0,0,0,0,0,0,0,0,0,0,0,0,0,0,0,0,0,48.01128,0.04535,0,0,0,0,0.01032,0,0,0,0,0,0,0,0,0,0,0,0,0,0,0,0,0,0,0
GF2_B2_day41,14.63276,0,0,1.4606,8.31744,2.01842,0,9.49183,43.56443,0,0,0,0,0,0,0,0,0,0,0,0,0,0,0,0,0,20.51453,0,0,0,0,0,0,0,0,0,0,0,0,0,0,0,0,0,0,0,0,0,0,0,0,0
GF2_B2_day44,30.14879,0.20955,0,4.97573,0.77927,9.22487,0,14.72916,0.47354,0,0,0,0.07928,0,0,0,0,0,0,0,0,0,0,0,0,0,39.32985,0.04995,0,0,0,0,0,0,0,0,0,0,0,0,0,0,0,0,0,0,0,0,0,0,0,0
GF2_B3_d35,81.70713,4.0057,0,8.48121,0.18768,0,0,0,5.02799,0,0,0,0,0,0,0,0,0,0,0,0,0,0,0,0,0,0.5903,0,0,0,0,0,0,0,0,0,0,0,0,0,0,0,0,0,0,0,0,0,0,0,0,0
GF2_B3_day27,1.39301,0,0,1.39544,1.09889,0,0,6.79336,88.12073,0,0,0,0,0,0,0,0,0,0,0,0,0,0,0,0,0,1.19857,0,0,0,0,0,0,0,0,0,0,0,0,0,0,0,0,0,0,0,0,0,0,0,0,0
GF2_B3_day28,12.19301,0,0,2.32681,0.98406,0,0,7.31815,76.06219,0,0,0,0,0,0,0,0,0,0,0,0,0,0,0,0,0,1.11578,0,0,0,0,0,0,0,0,0,0,0,0,0,0,0,0,0,0,0,0,0,0,0,0,0
GF2_B3_day31,85.76232,0.46577,0,6.52207,0.45948,0,0,1.99393,3.88958,0,0,0,0,0,0,0,0,0,0,0,0,0,0,0,0,0,0.90685,0,0,0,0,0,0,0,0,0,0,0,0,0,0,0,0,0,0,0,0,0,0,0,0,0
GF2_B3_day37,46.97822,1.42242,0,4.44442,0,0,0,0,0.57506,0,0,0,0,0,0,0,0,0,0,0,0,0,0,0,0,0,46.57987,0,0,0,0,0,0,0,0,0,0,0,0,0,0,0,0,0,0,0,0,0,0,0,0,0
GF2_B3_day41,32.22086,0,0,3.08488,0.21272,3.70784,0,4.15629,1.89169,0,0,0,0,0,0,0,0,0,0,0,0,0,0,0,0,0,54.65444,0.07128,0,0,0,0,0,0,0,0,0,0,0,0,0,0,0,0,0,0,0,0,0,0,0,0
GF2_B3_day44,59.91096,2.02293,0,5.19355,0.41444,0.02488,0,27.53116,3.34803,0,0,0,0,0,0,0,0,0,0,0,0,0,0,0,0,0,1.55405,0,0,0,0,0,0,0,0,0,0,0,0,0,0,0,0,0,0,0,0,0,0,0,0,0
GF2_B4_d35,84.91831,5.45182,0,7.77019,0.19373,0,0,0.27871,1.38724,0,0,0,0,0,0,0,0,0,0,0,0,0,0,0,0,0,0,0,0,0,0,0,0,0,0,0,0,0,0,0,0,0,0,0,0,0,0,0,0,0,0,0
GF2_B4_day27,0,0,0,0.58599,2.394,0,0,5.26022,90.33522,0,0,0,0,0,0,0,0,0,0,0,0,0,0,0,0,0,1.42458,0,0,0,0,0,0,0,0,0,0,0,0,0,0,0,0,0,0,0,0,0,0,0,0,0
GF2_B4_day28,34.08231,2.29573,0,8.39718,2.10006,0,0,3.70453,1.32683,0,0,0,0,0,0,0,0,0,0,0,0,0,0,0,0,0,48.09335,0,0,0,0,0,0,0,0,0,0,0,0,0,0,0,0,0,0,0,0,0,0,0,0,0
GF2_B4_day29,27.22649,0,0,2.94052,2.23211,0,0,9.6746,54.31257,0,0,0,0.77983,0,0,0,0,0,0,0,0,0,0,0,0,0,2.83389,0,0,0,0,0,0,0,0,0,0,0,0,0,0,0,0,0,0,0,0,0,0,0,0,0
GF2_B4_day32,49.50512,0.21244,0,11.21449,1.14498,5.62432,0,1.21211,1.38404,0,0,2.93779,1.96219,0,0,0,0,0,0,0,0,0,0,0,0,1.22639,23.35075,0,0.03861,0.18675,0,0,0,0,0,0,0,0,0,0,0,0,0,0,0,0,0,0,0,0,0,0
GF2_B4_day37,56.24994,0.12325,0,4.04345,0,0,0,0,0.62772,0,0,0,0,0,0,0,0,0,0,0,0,0,0,0,0,0,38.95564,0,0,0,0,0,0,0,0,0,0,0,0,0,0,0,0,0,0,0,0,0,0,0,0,0
GF2_B4_day41,0,0,0,0,0,0.02233,0,99.97767,0,0,0,0,0,0,0,0,0,0,0,0,0,0,0,0,0,0,0,0,0,0,0,0,0,0,0,0,0,0,0,0,0,0,0,0,0,0,0,0,0,0,0,0
GF2_B5_d34,42.73987,0.61494,0,3.18284,2.44625,0,0,0.72792,1.04879,0,0,0,0,0,0,0,0,0,0,0,0,0,0,0,0,0,49.23939,0,0,0,0,0,0,0,0,0,0,0,0,0,0,0,0,0,0,0,0,0,0,0,0,0
GF2_B5_d35,53.63303,2.27316,0,6.41149,0,0,0,0.21826,0.67961,0,0,0,0,0,0,0,0,0,0,0,0,0,0,0,0,0,36.78445,0,0,0,0,0,0,0,0,0,0,0,0,0,0,0,0,0,0,0,0,0,0,0,0,0
GF2_B5_day27,38.04025,1.82127,0,8.20522,2.01816,0,0,2.44657,4.31308,0,0,0,0,0,0,0,0,0,0,0,0,0,0,0,0,0,43.15546,0,0,0,0,0,0,0,0,0,0,0,0,0,0,0,0,0,0,0,0,0,0,0,0,0
GF2_B5_day28,4.79895,0,0,1.86214,13.04748,0.21554,0,8.39998,70.08189,0,0,0,0,0,0,0,0,0,0,0,0,0,0,0,0,0,1.59401,0,0,0,0,0,0,0,0,0,0,0,0,0,0,0,0,0,0,0,0,0,0,0,0,0
GF2_B5_day29,27.26937,0,0,2.06158,8.29176,0,0,10.78829,38.88913,0,0,0.37823,6.01853,0,0,0,0,0,0,0,0,0,0,0,0,0,5.97623,0,0,0.32688,0,0,0,0,0,0,0,0,0,0,0,0,0,0,0,0,0,0,0,0,0,0
GF2_B5_day30,77.10974,1.03226,0,8.68302,1.38155,0,0,6.43111,4.75981,0,0,0,0.04413,0,0,0,0,0,0,0,0,0,0,0,0,0,0.55838,0,0,0,0,0,0,0,0,0,0,0,0,0,0,0,0,0,0,0,0,0,0,0,0,0
GF2_B5_day31,85.66735,1.19778,0,8.05097,0.11143,0,0,2.80764,1.82348,0,0,0,0.11846,0,0,0,0,0,0,0,0,0,0,0,0,0,0.22288,0,0,0,0,0,0,0,0,0,0,0,0,0,0,0,0,0,0,0,0,0,0,0,0,0
GF2_B5_day37,34.95623,0.89103,0,4.8887,0.23473,1.16735,0,0.21861,2.14623,0,0,0,0,0,0,0,0,0,0,0,0,0,0,0,0,0,55.30461,0.19251,0,0,0,0,0,0,0,0,0,0,0,0,0,0,0,0,0,0,0,0,0,0,0,0
GF2_B5_day41,16.03326,0,0,3.15279,6.4659,1.7226,0,5.27681,44.96645,0,0,0,0,0,0,0,0,0,0,0,0,0,0,0,0,0,22.38218,0,0,0,0,0,0,0,0,0,0,0,0,0,0,0,0,0,0,0,0,0,0,0,0,0
GF2_B5_day44,30.3711,0.47835,0,2.52184,0.74497,6.6713,0,2.69145,0.62705,0,0,0.0577,1.31851,0,0,0,0,0,0,0,0,0,0,0,0,0,54.41403,0.1037,0,0,0,0,0,0,0,0,0,0,0,0,0,0,0,0,0,0,0,0,0,0,0,0
GF2_colon_A1_day45,7.87045,0,0,0.37195,0,0,0,86.75222,0,0,0,0,0,0,0,0,0,0,0,0,0,0,0,0,0,0,5.00538,0,0,0,0,0,0,0,0,0,0,0,0,0,0,0,0,0,0,0,0,0,0,0,0,0
GF2_colon_B1_day44,74.9903,4.07432,0,6.33014,0,0,0,4.65351,2.58632,0,0,0,0,0,0,0,0,0,0,0,0,0,0,0,0,0,7.3654,0,0,0,0,0,0,0,0,0,0,0,0,0,0,0,0,0,0,0,0,0,0,0,0,0
GF2_colon_B2_day44,73.22056,2.83996,0,5.33443,0.17645,0.12128,0,7.3313,2.3257,0,0,0,0.00858,0,0,0,0,0,0,0,0,0,0,0,0,0,8.5868,0.05493,0,0,0,0,0,0,0,0,0,0,0,0,0,0,0,0,0,0,0,0,0,0,0,0
GF2_colon_B3_day44,16.2114,0.33607,0,2.60757,0,2.56377,0,42.94066,0,0,0,0.92371,0.77458,0,0,0,0,0,0,0,0,0,0,0,0,0,33.52442,0,0,0.11782,0,0,0,0,0,0,0,0,0,0,0,0,0,0,0,0,0,0,0,0,0,0
GF2_colon_B5_day44,69.53207,0,0,6.53158,1.04444,0.69137,0,3.96184,8.39036,0,0,0,0.06016,0,0,0,0,0,0,0,0,0,0,0,0,0,9.78818,0,0,0,0,0,0,0,0,0,0,0,0,0,0,0,0,0,0,0,0,0,0,0,0,0
GF2_Inoc,4.41914,0,0,0,26.43814,0.7928,0,2.24028,4.74843,0,0,15.11897,10.53531,0,0,0,0,0,0,0,0,0,0.35463,0.49707,0,25.88012,8.84848,0,0.12664,0,0,0,0,0,0,0,0,0,0,0,0,0,0,0,0,0,0,0,0,0,0,0
GF20_d127_a1,0,23.2892,0,0,0,0,0,0,76.7108,0,0,0,0,0,0,0,0,0,0,0,0,0,0,0,0,0,0,0,0,0,0,0,0,0,0,0,0,0,0,0,0,0,0,0,0,0,0,0,0,0,0,0
GF20_d127_a2,0,33.82134,0,0,0,0,0,0,66.17866,0,0,0,0,0,0,0,0,0,0,0,0,0,0,0,0,0,0,0,0,0,0,0,0,0,0,0,0,0,0,0,0,0,0,0,0,0,0,0,0,0,0,0
GF20_d127_a3,0,0,0,0,0,0,0,0,100,0,0,0,0,0,0,0,0,0,0,0,0,0,0,0,0,0,0,0,0,0,0,0,0,0,0,0,0,0,0,0,0,0,0,0,0,0,0,0,0,0,0,0
GF20_d127_a5,0,0,0,0,0,0,0,0,100,0,0,0,0,0,0,0,0,0,0,0,0,0,0,0,0,0,0,0,0,0,0,0,0,0,0,0,0,0,0,0,0,0,0,0,0,0,0,0,0,0,0,0
GF20_d127_a6,0,100,0,0,0,0,0,0,0,0,0,0,0,0,0,0,0,0,0,0,0,0,0,0,0,0,0,0,0,0,0,0,0,0,0,0,0,0,0,0,0,0,0,0,0,0,0,0,0,0,0,0
GF20_d127_a7,0,65.68149,0,0,0,0,0,0,34.31851,0,0,0,0,0,0,0,0,0,0,0,0,0,0,0,0,0,0,0,0,0,0,0,0,0,0,0,0,0,0,0,0,0,0,0,0,0,0,0,0,0,0,0
GF20_d127_a9,0,15.40776,0,0,0,0,0,0,84.59224,0,0,0,0,0,0,0,0,0,0,0,0,0,0,0,0,0,0,0,0,0,0,0,0,0,0,0,0,0,0,0,0,0,0,0,0,0,0,0,0,0,0,0
GF20_d140_c8,0,100,0,0,0,0,0,0,0,0,0,0,0,0,0,0,0,0,0,0,0,0,0,0,0,0,0,0,0,0,0,0,0,0,0,0,0,0,0,0,0,0,0,0,0,0,0,0,0,0,0,0
GF20_d161_b2,0,0,0,0,0.13114,0,0,18.11345,81.72426,0,0,0,0,0,0,0,0,0,0,0,0,0,0,0,0,0,0.03116,0,0,0,0,0,0,0,0,0,0,0,0,0,0,0,0,0,0,0,0,0,0,0,0,0
GF20_d161_b4,0,0.05157,0,0.23284,0.85692,0,0,16.04123,81.69693,0,0,0,0,0,0,0,0,0,0,0,0,0,0,0,0,0,1.12052,0,0,0,0,0,0,0,0,0,0,0,0,0,0,0,0,0,0,0,0,0,0,0,0,0
GF20_d161_b8,0,29.27323,0,0,0.36998,0,0,5.23956,65.04954,0,0,0,0,0,0,0,0,0,0,0,0,0,0,0,0,0,0.06769,0,0,0,0,0,0,0,0,0,0,0,0,0,0,0,0,0,0,0,0,0,0,0,0,0
GF20_d164_b1,0,12.20106,0,0,1.65474,0,0,0,86.14421,0,0,0,0,0,0,0,0,0,0,0,0,0,0,0,0,0,0,0,0,0,0,0,0,0,0,0,0,0,0,0,0,0,0,0,0,0,0,0,0,0,0,0
GF20_d164_b2,0,15.09975,0,0,0,0,0,55.13484,29.76541,0,0,0,0,0,0,0,0,0,0,0,0,0,0,0,0,0,0,0,0,0,0,0,0,0,0,0,0,0,0,0,0,0,0,0,0,0,0,0,0,0,0,0
GF20_d164_b3,0,14.07188,0,0,0,0,0,24.02049,58.79996,0,0,0,0,0,0,0,0,0,0,0,0,0,0,0,0,0,0,3.10767,0,0,0,0,0,0,0,0,0,0,0,0,0,0,0,0,0,0,0,0,0,0,0,0
GF20_d164_b4,0,24.33189,0,0,0,0,0,23.89711,51.771,0,0,0,0,0,0,0,0,0,0,0,0,0,0,0,0,0,0,0,0,0,0,0,0,0,0,0,0,0,0,0,0,0,0,0,0,0,0,0,0,0,0,0
GF20_d164_b5,0,8.5664,0,0,0,0,0,33.19742,52.09674,0,0,0,0,0,0,0,0,0,0,0,0,0,0,0,0,0,0,6.13944,0,0,0,0,0,0,0,0,0,0,0,0,0,0,0,0,0,0,0,0,0,0,0,0
GF20_d164_b6,0,7.37476,0,0,0,0,0,4.90941,86.66117,0,0,0,0,0,0,0,0,0,0,0,0,0,0,0,0,0,0,1.05465,0,0,0,0,0,0,0,0,0,0,0,0,0,0,0,0,0,0,0,0,0,0,0,0
GF20_d164_b7,0,20.0363,0,0,0,0,0,47.27365,32.69005,0,0,0,0,0,0,0,0,0,0,0,0,0,0,0,0,0,0,0,0,0,0,0,0,0,0,0,0,0,0,0,0,0,0,0,0,0,0,0,0,0,0,0
GF20_d164_b8,0,4.32186,0,0,0,0,0,13.37678,78.85165,0,0,0,0,0,0,0,0,0,0,0,0,0,0,0,0,0,0,3.44971,0,0,0,0,0,0,0,0,0,0,0,0,0,0,0,0,0,0,0,0,0,0,0,0
GF20_d164_b9,0,0,0,0,0,0,0,35.1259,64.8741,0,0,0,0,0,0,0,0,0,0,0,0,0,0,0,0,0,0,0,0,0,0,0,0,0,0,0,0,0,0,0,0,0,0,0,0,0,0,0,0,0,0,0
GF20_d167_damb,0,84.26888,0,0,1.15517,0,0,8.22462,1.85109,0,0,0,0,0,0,0,0,0,0,0,0,0,0,0,0,0,0,4.50025,0,0,0,0,0,0,0,0,0,0,0,0,0,0,0,0,0,0,0,0,0,0,0,0
GF20_d170_c1,0,6.00486,0,0,0,0,0,60.37731,33.61783,0,0,0,0,0,0,0,0,0,0,0,0,0,0,0,0,0,0,0,0,0,0,0,0,0,0,0,0,0,0,0,0,0,0,0,0,0,0,0,0,0,0,0
GF20_d170_c2,0,4.65436,0,0,0,0,0,93.9678,1.37784,0,0,0,0,0,0,0,0,0,0,0,0,0,0,0,0,0,0,0,0,0,0,0,0,0,0,0,0,0,0,0,0,0,0,0,0,0,0,0,0,0,0,0
GF20_d170_c5,0,37.02736,0,0,0,0,0,57.63963,0,0,0,0,0,0,0,0,0,0,0,0,0,0,0,0,0,0,0,5.33301,0,0,0,0,0,0,0,0,0,0,0,0,0,0,0,0,0,0,0,0,0,0,0,0
GF20_d170_c6,0,70.95928,0,0,0,0,0,7.42839,0,0,0,0,0,0,0,0,0,0,0,0,0,0,0,0,0,0,0,21.61233,0,0,0,0,0,0,0,0,0,0,0,0,0,0,0,0,0,0,0,0,0,0,0,0
GF20_d170_c7,0,0,0,0,0,0,0,98.58789,0.61551,0,0,0,0,0,0,0,0,0,0,0,0,0,0,0,0,0,0,0.7966,0,0,0,0,0,0,0,0,0,0,0,0,0,0,0,0,0,0,0,0,0,0,0,0
GF20_d170_c8,0,52.01097,0,0,0,0,0,47.98903,0,0,0,0,0,0,0,0,0,0,0,0,0,0,0,0,0,0,0,0,0,0,0,0,0,0,0,0,0,0,0,0,0,0,0,0,0,0,0,0,0,0,0,0
GF20_d170_c9,0,0.40891,0,0,0,0,0,99.59109,0,0,0,0,0,0,0,0,0,0,0,0,0,0,0,0,0,0,0,0,0,0,0,0,0,0,0,0,0,0,0,0,0,0,0,0,0,0,0,0,0,0,0,0
GF20_d33_a3,0.01854,0,0,0.75657,90.46654,0,0,0,2.21241,0,0,0,0,0,0,0,0,0,0,0,0,0,0,0,0,0,1.27753,5.26841,0,0,0,0,0,0,0,0,0,0,0,0,0,0,0,0,0,0,0,0,0,0,0,0
GF20_d33_a4,0.17187,0,0,0.67582,2.29877,0,0,87.81186,0,0,0,0,0,0,0,0,0,0,0,0,0,0,0,0,0,0,1.38273,7.65896,0,0,0,0,0,0,0,0,0,0,0,0,0,0,0,0,0,0,0,0,0,0,0,0
GF20_d33_a5,0.07427,0,0,0.75216,1.5821,0,0,0,95.34382,0,0,0,0,0,0,0,0,0,0,0,0,0,0,0,0,0,1.64774,0.59991,0,0,0,0,0,0,0,0,0,0,0,0,0,0,0,0,0,0,0,0,0,0,0,0
GF20_d33_b2,0,0,0,0,13.47497,0,0,83.90587,2.51317,0,0,0,0,0,0,0,0,0,0,0,0,0,0,0,0,0,0.106,0,0,0,0,0,0,0,0,0,0,0,0,0,0,0,0,0,0,0,0,0,0,0,0,0
GF20_d33_b3,0,0,0,0,0.52866,0,0,95.91581,3.55553,0,0,0,0,0,0,0,0,0,0,0,0,0,0,0,0,0,0,0,0,0,0,0,0,0,0,0,0,0,0,0,0,0,0,0,0,0,0,0,0,0,0,0
GF20_d33_b4,0,0,0,0.02406,7.76074,0,0,79.10294,12.60183,0,0,0,0,0,0,0,0,0,0,0,0,0,0,0,0,0,0.51042,0,0,0,0,0,0,0,0,0,0,0,0,0,0,0,0,0,0,0,0,0,0,0,0,0
GF20_d34_a2,0,0,0,0,0,0,0,0,75.14568,0,0,0,0,0,0,0,0,0,0,0,0,0,0,0,0,0,0,24.85432,0,0,0,0,0,0,0,0,0,0,0,0,0,0,0,0,0,0,0,0,0,0,0,0
GF20_d34_a4,0.47323,0,0,0.59757,1.79183,0,0,61.76498,4.68756,0,0,0,0,0,0,0,0,0,0,0,0,0,0,0,0,0,1.12183,29.56301,0,0,0,0,0,0,0,0,0,0,0,0,0,0,0,0,0,0,0,0,0,0,0,0
GF20_d34_b3,0,0,0,0.12113,0.99942,0,0,92.29347,5.63629,0,0,0,0,0,0,0,0,0,0,0,0,0,0,0,0,0,0.94969,0,0,0,0,0,0,0,0,0,0,0,0,0,0,0,0,0,0,0,0,0,0,0,0,0
GF20_d35_a2,0,0,0,0,0,0,0,0,99.5915,0,0,0,0,0,0,0,0,0,0,0,0,0,0,0,0,0,0.2797,0.1288,0,0,0,0,0,0,0,0,0,0,0,0,0,0,0,0,0,0,0,0,0,0,0,0
GF20_d36_a1,0,2.47504,0,0,0,0,0,0,0,0,0,0,0,0,0,0,0,0,0,0,0,0,0,0,0,0,0,97.52496,0,0,0,0,0,0,0,0,0,0,0,0,0,0,0,0,0,0,0,0,0,0,0,0
GF20_d36_a2,0,0.58831,0,0,0,0,0,0,52.87116,0,0,0,0,0,0,0,0,0,0,0,0,0,0,0,0,0,0,46.54053,0,0,0,0,0,0,0,0,0,0,0,0,0,0,0,0,0,0,0,0,0,0,0,0
GF20_d36_a3,0,7.721,0,0,0,0,0,0,0,0,0,0,0,0,0,0,0,0,0,0,0,0,0,0,0,0,0,92.279,0,0,0,0,0,0,0,0,0,0,0,0,0,0,0,0,0,0,0,0,0,0,0,0
GF20_d36_a4,0,0,0,0,0,0,0,0,8.57683,0,0,0,0,0,0,0,0,0,0,0,0,0,0,0,0,0,0,91.42317,0,0,0,0,0,0,0,0,0,0,0,0,0,0,0,0,0,0,0,0,0,0,0,0
GF20_d36_a5,0,25.15903,0,0,0,0,0,0,1.88966,0,0,0,0,0,0,0,0,0,0,0,0,0,0,0,0,0,0,72.95131,0,0,0,0,0,0,0,0,0,0,0,0,0,0,0,0,0,0,0,0,0,0,0,0
GF20_d36_b5,0,0,0,0,0,0,0,0,45.19637,0,0,0,0,0,0,0,0,0,0,0,0,0,0,0,0,0,0,54.80363,0,0,0,0,0,0,0,0,0,0,0,0,0,0,0,0,0,0,0,0,0,0,0,0
GF20_d39_dama,25.51392,0.8044,0,7.10677,4.03293,0,0,1.22473,1.4423,0,0,0,0,0,0,0,0,0,0,0,0,0,0,0,0,0,58.10052,0.51793,0,1.25348,0,0,0.00303,0,0,0,0,0,0,0,0,0,0,0,0,0,0,0,0,0,0,0
GF20_d39_damc,30.34606,0,0,7.48028,3.977,0,0,0.05186,2.07427,0,0,0,0,0,0,0,0,0,0,0,0,0,0,0,0,0,55.57402,0.47627,0,0.02025,0,0,0,0,0,0,0,0,0,0,0,0,0,0,0,0,0,0,0,0,0,0
GF20_d40_c3,0,0,0,0,100,0,0,0,0,0,0,0,0,0,0,0,0,0,0,0,0,0,0,0,0,0,0,0,0,0,0,0,0,0,0,0,0,0,0,0,0,0,0,0,0,0,0,0,0,0,0,0
GF20_d40_c5,22.29006,0,0,0,4.45957,0,0,19.27222,53.97815,0,0,0,0,0,0,0,0,0,0,0,0,0,0,0,0,0,0,0,0,0,0,0,0,0,0,0,0,0,0,0,0,0,0,0,0,0,0,0,0,0,0,0
GF20_d40_c6,0,0,0,0,0,0,0,100,0,0,0,0,0,0,0,0,0,0,0,0,0,0,0,0,0,0,0,0,0,0,0,0,0,0,0,0,0,0,0,0,0,0,0,0,0,0,0,0,0,0,0,0
GF20_d66_c1,17.89138,0,0,2.08096,0.60987,0,0,0,13.50519,0,0,0,0,0,0,0,0,0,0,0,0,0,0,0,0,0,0,65.9126,0,0,0,0,0,0,0,0,0,0,0,0,0,0,0,0,0,0,0,0,0,0,0,0
GF20_d66_c10,38.99809,0,0,2.22226,3.49855,0,0,0,45.77587,0,0,0,0,0,0,0,0,0,0,0,0,0,0,0,0,0,0,9.50522,0,0,0,0,0,0,0,0,0,0,0,0,0,0,0,0,0,0,0,0,0,0,0,0
GF20_d66_c2,10.38498,0,0,0.58591,4.25906,0,0,0,12.98289,0,0,0,0,0,0,0,0,0,0,0,0,0,0,0,0,0,0,71.78715,0,0,0,0,0,0,0,0,0,0,0,0,0,0,0,0,0,0,0,0,0,0,0,0
GF20_d66_c3,27.00604,0,0,1.32755,0.8604,0,0,0,63.76055,0,0,0,0,0,0,0,0,0,0,0,0,0,0,0,0,0,0,7.04545,0,0,0,0,0,0,0,0,0,0,0,0,0,0,0,0,0,0,0,0,0,0,0,0
GF20_d66_c4,23.73449,0,0,1.08312,15.44422,0,0,0,3.23621,0,0,0,0,0,0,0,0,0,0,0,0,0,0,0,0,0,0,56.50196,0,0,0,0,0,0,0,0,0,0,0,0,0,0,0,0,0,0,0,0,0,0,0,0
GF20_d66_c5,12.14273,0,0,1.14486,2.33365,0,0,0,71.25267,0,0,0,0,0,0,0,0,0,0,0,0,0,0,0,0,0,0,13.12608,0,0,0,0,0,0,0,0,0,0,0,0,0,0,0,0,0,0,0,0,0,0,0,0
GF20_d66_c6,11.16154,0,0,1.03483,8.41306,0,0,0,69.52075,0,0,0,0,0,0,0,0,0,0,0,0,0,0,0,0,0,0.22339,9.64643,0,0,0,0,0,0,0,0,0,0,0,0,0,0,0,0,0,0,0,0,0,0,0,0
GF20_d66_c7,43.12491,0,0,2.52846,6.66006,0,0,0,16.1783,0,0,0,0,0,0,0,0,0,0,0,0,0,0,0,0,0,0,31.50827,0,0,0,0,0,0,0,0,0,0,0,0,0,0,0,0,0,0,0,0,0,0,0,0
GF20_d66_c8,19.29282,0,0,0.82427,2.16954,0,0,0,8.62587,0,0,0,0,0,0,0,0,0,0,0,0,0,0,0,0,0,0,69.08749,0,0,0,0,0,0,0,0,0,0,0,0,0,0,0,0,0,0,0,0,0,0,0,0
GF20_d66_c9,34.5278,0,0,1.31831,12.21802,0,0,0,5.67269,0,0,0,0,0,0,0,0,0,0,0,0,0,0,0,0,0,0,46.26318,0,0,0,0,0,0,0,0,0,0,0,0,0,0,0,0,0,0,0,0,0,0,0,0
GF20_d68_b2,0,0,0,0,0,0,0,26.95264,73.04736,0,0,0,0,0,0,0,0,0,0,0,0,0,0,0,0,0,0,0,0,0,0,0,0,0,0,0,0,0,0,0,0,0,0,0,0,0,0,0,0,0,0,0
GF20_d68_b3,0,0,0,0,1.24698,0,0,24.28965,73.38294,0,0,0,0,0,0,0,0,0,0,0,0,0,0,0,0,0,1.08043,0,0,0,0,0,0,0,0,0,0,0,0,0,0,0,0,0,0,0,0,0,0,0,0,0
GF20_d68_b4,0,0,0,0,0,0,0,0,100,0,0,0,0,0,0,0,0,0,0,0,0,0,0,0,0,0,0,0,0,0,0,0,0,0,0,0,0,0,0,0,0,0,0,0,0,0,0,0,0,0,0,0
GF20_d68_b5,0,14.33369,0,0,0,0,0,0,85.66631,0,0,0,0,0,0,0,0,0,0,0,0,0,0,0,0,0,0,0,0,0,0,0,0,0,0,0,0,0,0,0,0,0,0,0,0,0,0,0,0,0,0,0
GF20_d68_b6,0,0,0,0,0,0,0,0,100,0,0,0,0,0,0,0,0,0,0,0,0,0,0,0,0,0,0,0,0,0,0,0,0,0,0,0,0,0,0,0,0,0,0,0,0,0,0,0,0,0,0,0
GF20_d68_b7,0,2.60743,0,0,0,0,0,0,97.39257,0,0,0,0,0,0,0,0,0,0,0,0,0,0,0,0,0,0,0,0,0,0,0,0,0,0,0,0,0,0,0,0,0,0,0,0,0,0,0,0,0,0,0
GF20_d68_b8,0,2.56356,0,0,0,0,0,0,97.43644,0,0,0,0,0,0,0,0,0,0,0,0,0,0,0,0,0,0,0,0,0,0,0,0,0,0,0,0,0,0,0,0,0,0,0,0,0,0,0,0,0,0,0
GF20_d75_dama,27.31527,0,0,5.58441,5.58949,0,0,0.086,2.42185,0,0,0,0,0,0,0,0,0,0,0,0,0,0,0,0,0,58.54598,0.44517,0,0.01182,0,0,0,0,0,0,0,0,0,0,0,0,0,0,0,0,0,0,0,0,0,0
GF20_d75_damc,34.65731,12.54799,0,26.87071,10.67831,0,0,1.38237,8.62219,0,0,0,0,0,0,0,0,0,0,0,0,0,0,0,0,0,3.10304,2.13808,0,0,0,0,0,0,0,0,0,0,0,0,0,0,0,0,0,0,0,0,0,0,0,0
GF20_d81_a1,12.40979,2.0244,0,0.40411,8.17803,0,0,12.00282,33.49954,0,0,0,0,0,0,0,0,0,0,0,0,0,0,0,0,0,0,31.4813,0,0,0,0,0,0,0,0,0,0,0,0,0,0,0,0,0,0,0,0,0,0,0,0
GF20_d81_a2,6.27838,0,0,0,9.84517,0,0,0,18.4393,0,0,0,0,0,0,0,0,0,0,0,0,0,0,0,0,0,0,65.43715,0,0,0,0,0,0,0,0,0,0,0,0,0,0,0,0,0,0,0,0,0,0,0,0
GF20_d81_a3,0,0,0,0,0,0,0,0,92.69264,0,0,0,0,0,0,0,0,0,0,0,0,0,0,0,0,0,0,7.30736,0,0,0,0,0,0,0,0,0,0,0,0,0,0,0,0,0,0,0,0,0,0,0,0
GF20_d81_a4,3.76697,9.32457,0,0,6.7285,0,0,0,30.59613,0,0,0,0,0,0,0,0,0,0,0,0,0,0,0,0,0,0,49.58383,0,0,0,0,0,0,0,0,0,0,0,0,0,0,0,0,0,0,0,0,0,0,0,0
GF20_d81_a5,14.50797,0,0,3.33245,24.10066,0,0,0,37.30361,0,0,0,0,0,0,0,0,0,0,0,0,0,0,0,0,0,0,20.75533,0,0,0,0,0,0,0,0,0,0,0,0,0,0,0,0,0,0,0,0,0,0,0,0
GF20_d81_a6,15.377,0,0,0,7.95975,0,0,0,34.69065,0,0,0,0,0,0,0,0,0,0,0,0,0,0,0,0,0,0,41.9726,0,0,0,0,0,0,0,0,0,0,0,0,0,0,0,0,0,0,0,0,0,0,0,0
GF20_d81_a7,22.47878,0,0,1.05483,11.50546,0,0,0,28.45246,0,0,0,0,0,0,0,0,0,0,0,0,0,0,0,0,0,0.02664,36.48182,0,0,0,0,0,0,0,0,0,0,0,0,0,0,0,0,0,0,0,0,0,0,0,0
GF20_d89_b2,45.26152,6.67898,0,1.72936,9.3845,0,0,0,33.83697,0,0,0,0,0,0,0,0,0,0,0,0,0,0,0,0,0,0,3.10866,0,0,0,0,0,0,0,0,0,0,0,0,0,0,0,0,0,0,0,0,0,0,0,0
GF20_d89_b3,0,0,0,0,0,0,0,0,100,0,0,0,0,0,0,0,0,0,0,0,0,0,0,0,0,0,0,0,0,0,0,0,0,0,0,0,0,0,0,0,0,0,0,0,0,0,0,0,0,0,0,0
GF20_d89_b5,0,0,0,0,100,0,0,0,0,0,0,0,0,0,0,0,0,0,0,0,0,0,0,0,0,0,0,0,0,0,0,0,0,0,0,0,0,0,0,0,0,0,0,0,0,0,0,0,0,0,0,0
GF20_d89_b6,1.37208,98.62792,0,0,0,0,0,0,0,0,0,0,0,0,0,0,0,0,0,0,0,0,0,0,0,0,0,0,0,0,0,0,0,0,0,0,0,0,0,0,0,0,0,0,0,0,0,0,0,0,0,0
GF23_d0_inoc,7.12896,51.77336,3.78277,2.43906,10.91099,7.35401,0.30486,0.42367,1.50865,0,0,3.5108,1.58788,0,0,0,0,0,0,0,0,0,0.71154,0.08538,0,6.59075,1.88733,0,0,0,0,0,0,0,0,0,0,0,0,0,0,0,0,0,0,0,0,0,0,0,0,0
GF23_d10_dama,28.24614,0.37983,11.57605,7.99597,8.22753,0,1.52988,0.48226,2.61039,0,0,8.88794,0.58061,0,0,0,0,0,0,0,0,0,0,0,0,0.07704,27.84518,1.56115,0,0,0,0,0,0,0,0,0,0,0,0,0,0,0,0,0,0,0,0,0,0,0,0
GF23_d10_damb,25.71526,0.28209,19.31548,6.60986,6.50985,0,1.71091,1.17578,6.11262,0,0,15.87985,0.81354,0,0,0,0,0,0,0,0,0,0,0,0,0.49617,13.21522,2.16337,0,0,0,0,0,0,0,0,0,0,0,0,0,0,0,0,0,0,0,0,0,0,0,0
GF23_d17_dama,46.68769,0.22828,14.53708,8.76672,6.98638,0,1.6753,0.98153,1.89865,0,0,11.78772,1.06062,0,0,0,0,0,0,0,0,0,0,0,0,0.14867,2.93285,2.30852,0,0,0,0,0,0,0,0,0,0,0,0,0,0,0,0,0,0,0,0,0,0,0,0
GF23_d17_damb,42.07756,0.27165,18.94611,8.94415,5.52823,0,1.74138,0.82469,2.73134,0,0,14.03772,1.03979,0,0,0,0,0,0,0,0,0,0,0,0,0.13503,1.74699,1.97537,0,0,0,0,0,0,0,0,0,0,0,0,0,0,0,0,0,0,0,0,0,0,0,0
GF23_d17_damc,37.16389,0.10019,21.56006,9.62334,7.59081,0,1.42943,0.99936,3.25073,0,0,15.38557,0.58056,0,0,0,0,0,0,0,0,0,0,0,0,0.20023,0.27739,1.83845,0,0,0,0,0,0,0,0,0,0,0,0,0,0,0,0,0,0,0,0,0,0,0,0
GF23_d32_damb,41.71106,0,17.45534,14.73437,7.27067,0,0.75821,0,2.3628,0,0,14.58493,0,0,0,0,0,0,0,0,0,0,0,0,0,0,0,1.12261,0,0,0,0,0,0,0,0,0,0,0,0,0,0,0,0,0,0,0,0,0,0,0,0
GF23_d36_c1,0,100,0,0,0,0,0,0,0,0,0,0,0,0,0,0,0,0,0,0,0,0,0,0,0,0,0,0,0,0,0,0,0,0,0,0,0,0,0,0,0,0,0,0,0,0,0,0,0,0,0,0
GF23_d36_c2,0,100,0,0,0,0,0,0,0,0,0,0,0,0,0,0,0,0,0,0,0,0,0,0,0,0,0,0,0,0,0,0,0,0,0,0,0,0,0,0,0,0,0,0,0,0,0,0,0,0,0,0
GF23_d36_c3,0,100,0,0,0,0,0,0,0,0,0,0,0,0,0,0,0,0,0,0,0,0,0,0,0,0,0,0,0,0,0,0,0,0,0,0,0,0,0,0,0,0,0,0,0,0,0,0,0,0,0,0
GF23_d36_c4,6.14625,86.42483,0,0,0,0,0,0,7.42892,0,0,0,0,0,0,0,0,0,0,0,0,0,0,0,0,0,0,0,0,0,0,0,0,0,0,0,0,0,0,0,0,0,0,0,0,0,0,0,0,0,0,0
GF23_d39_damb,53.96227,0.06653,13.91661,12.51143,4.67574,0,1.39106,0.65329,0.87736,0,0,8.25027,0.87253,0,0,0,0,0,0,0,0,0,0,0,0,0.69559,0.96102,1.09807,0,0.06822,0,0,0,0,0,0,0,0,0,0,0,0,0,0,0,0,0,0,0,0,0,0
GF23_d47_damb,40.12754,0.184,23.90876,11.11977,4.57542,0,1.13835,0.95229,3.30608,0,0,10.90074,0.51167,0,0,0,0,0,0,0,0,0,0,0,0,0.0996,1.54177,1.25586,0,0.37816,0,0,0,0,0,0,0,0,0,0,0,0,0,0,0,0,0,0,0,0,0,0
GF23_d52_a2,0.02165,91.16593,0,0.09553,0.35407,0,0,6.37475,1.98808,0,0,0,0,0,0,0,0,0,0,0,0,0,0,0,0,0,0,0,0,0,0,0,0,0,0,0,0,0,0,0,0,0,0,0,0,0,0,0,0,0,0,0
GF23_d52_a5,0,86.57752,0,0.00329,0.97848,0,0,0.31252,12.12819,0,0,0,0,0,0,0,0,0,0,0,0,0,0,0,0,0,0,0,0,0,0,0,0,0,0,0,0,0,0,0,0,0,0,0,0,0,0,0,0,0,0,0
GF23_d52_a8,0,96.34455,0,0,0.06848,0,0,0,3.58697,0,0,0,0,0,0,0,0,0,0,0,0,0,0,0,0,0,0,0,0,0,0,0,0,0,0,0,0,0,0,0,0,0,0,0,0,0,0,0,0,0,0,0
GF23_d52_a9,0,99.38451,0,0,0.61549,0,0,0,0,0,0,0,0,0,0,0,0,0,0,0,0,0,0,0,0,0,0,0,0,0,0,0,0,0,0,0,0,0,0,0,0,0,0,0,0,0,0,0,0,0,0,0
GF23_d54_damc,42.71891,0,14.57834,19.11974,8.90257,0,1.75315,0.93301,2.43223,0,0,6.94825,0.57458,0,0,0,0,0,0,0,0,0,0,0,0,1.20899,0,0.83024,0,0,0,0,0,0,0,0,0,0,0,0,0,0,0,0,0,0,0,0,0,0,0,0
GF23_d56_c3,0,15.80443,0,0,0,0,0,0,84.19557,0,0,0,0,0,0,0,0,0,0,0,0,0,0,0,0,0,0,0,0,0,0,0,0,0,0,0,0,0,0,0,0,0,0,0,0,0,0,0,0,0,0,0
GF23_d56_c6,0,99.58123,0,0,0.15615,0,0,0,0.26262,0,0,0,0,0,0,0,0,0,0,0,0,0,0,0,0,0,0,0,0,0,0,0,0,0,0,0,0,0,0,0,0,0,0,0,0,0,0,0,0,0,0,0
GF23_d57_c2,0,95.01233,0,0,1.73839,0,2.54936,0,0.69992,0,0,0,0,0,0,0,0,0,0,0,0,0,0,0,0,0,0,0,0,0,0,0,0,0,0,0,0,0,0,0,0,0,0,0,0,0,0,0,0,0,0,0
GF23_d58_c3,0,0,15.51286,26.44955,58.03759,0,0,0,0,0,0,0,0,0,0,0,0,0,0,0,0,0,0,0,0,0,0,0,0,0,0,0,0,0,0,0,0,0,0,0,0,0,0,0,0,0,0,0,0,0,0,0
GF23_d59_c1,0,8.00071,0,0,7.14575,0,0,0,84.85354,0,0,0,0,0,0,0,0,0,0,0,0,0,0,0,0,0,0,0,0,0,0,0,0,0,0,0,0,0,0,0,0,0,0,0,0,0,0,0,0,0,0,0
GF23_d59_c2,0,0,0,0,100,0,0,0,0,0,0,0,0,0,0,0,0,0,0,0,0,0,0,0,0,0,0,0,0,0,0,0,0,0,0,0,0,0,0,0,0,0,0,0,0,0,0,0,0,0,0,0
GF23_d59_c4,0,0,4.31884,0,95.68116,0,0,0,0,0,0,0,0,0,0,0,0,0,0,0,0,0,0,0,0,0,0,0,0,0,0,0,0,0,0,0,0,0,0,0,0,0,0,0,0,0,0,0,0,0,0,0
GF23_d59_c6,0,100,0,0,0,0,0,0,0,0,0,0,0,0,0,0,0,0,0,0,0,0,0,0,0,0,0,0,0,0,0,0,0,0,0,0,0,0,0,0,0,0,0,0,0,0,0,0,0,0,0,0
GF23_d62_dama,48.34191,0.16406,19.40077,14.83734,6.63812,0,1.64843,1.06599,2.04653,0,0,4.17139,0,0,0,0,0,0,0,0,0,0,0,0,0,0,0.42078,1.26469,0,0,0,0,0,0,0,0,0,0,0,0,0,0,0,0,0,0,0,0,0,0,0,0
GF23_d62_damb,28.72966,0.02652,28.60667,19.43689,4.94494,0,2.30304,0.87458,2.32844,0,0,6.98644,1.80061,0,0,0,0,0,0,0,0,0,0,0,0,0.72493,1.64158,1.30299,0,0.29272,0,0,0,0,0,0,0,0,0,0,0,0,0,0,0,0,0,0,0,0,0,0
GF23_d62_damc,27.69457,0.28225,30.64253,6.8182,14.74987,0,6.64798,0.59285,1.56932,0,0,0,0,0,0,0,0,0,0,0,0,0,0,0,0,0.27134,8.78291,1.94817,0,0,0,0,0,0,0,0,0,0,0,0,0,0,0,0,0,0,0,0,0,0,0,0
GF23_d7_damb,13.19189,0.21447,8.09001,4.94303,4.90702,0,1.68912,1.30234,1.54585,0,0,4.84528,0.33871,0,0,0,0,0,0,0,0,0,0,0,0,0.1618,57.49383,1.27411,0,0,0,0,0.00254,0,0,0,0,0,0,0,0,0,0,0,0,0,0,0,0,0,0,0
GF23_d7_damc,38.11495,0.16266,13.03129,19.70363,3.9336,0,3.71517,1.46976,2.11278,0,0,1.55351,0.46104,0,0,0,0,0,0,0,0,0,0,0,0,0.5973,13.392,1.75231,0,0,0,0,0,0,0,0,0,0,0,0,0,0,0,0,0,0,0,0,0,0,0,0
GF23_d77_damb,31.51265,1.3193,29.46385,12.36186,5.17627,0,2.04934,0.58784,2.64646,0,0,10.16785,0.94202,0,0,0,0,0,0,0,0,0,0,0,0,0.26623,2.03137,1.22866,0,0.24628,0,0,0,0,0,0,0,0,0,0,0,0,0,0,0,0,0,0,0,0,0,0
GF23_d80_c3,0,100,0,0,0,0,0,0,0,0,0,0,0,0,0,0,0,0,0,0,0,0,0,0,0,0,0,0,0,0,0,0,0,0,0,0,0,0,0,0,0,0,0,0,0,0,0,0,0,0,0,0
GF23_d80_c7,0,69.08506,0,0,0,0,0,0,30.91494,0,0,0,0,0,0,0,0,0,0,0,0,0,0,0,0,0,0,0,0,0,0,0,0,0,0,0,0,0,0,0,0,0,0,0,0,0,0,0,0,0,0,0
GF23_d84_c1,0,0,0,0,100,0,0,0,0,0,0,0,0,0,0,0,0,0,0,0,0,0,0,0,0,0,0,0,0,0,0,0,0,0,0,0,0,0,0,0,0,0,0,0,0,0,0,0,0,0,0,0
GF23_d84_c2,0,0,0,0,100,0,0,0,0,0,0,0,0,0,0,0,0,0,0,0,0,0,0,0,0,0,0,0,0,0,0,0,0,0,0,0,0,0,0,0,0,0,0,0,0,0,0,0,0,0,0,0
GF23_d84_c3,0,0,0,0,100,0,0,0,0,0,0,0,0,0,0,0,0,0,0,0,0,0,0,0,0,0,0,0,0,0,0,0,0,0,0,0,0,0,0,0,0,0,0,0,0,0,0,0,0,0,0,0
GF23_d84_c4,0,0,0,0,100,0,0,0,0,0,0,0,0,0,0,0,0,0,0,0,0,0,0,0,0,0,0,0,0,0,0,0,0,0,0,0,0,0,0,0,0,0,0,0,0,0,0,0,0,0,0,0
GF23_d84_c5,0,0,0,0,100,0,0,0,0,0,0,0,0,0,0,0,0,0,0,0,0,0,0,0,0,0,0,0,0,0,0,0,0,0,0,0,0,0,0,0,0,0,0,0,0,0,0,0,0,0,0,0
GF23_d84_c9,0,0,0.49943,4.83868,94.6619,0,0,0,0,0,0,0,0,0,0,0,0,0,0,0,0,0,0,0,0,0,0,0,0,0,0,0,0,0,0,0,0,0,0,0,0,0,0,0,0,0,0,0,0,0,0,0
GF23_d89_damb,35.85894,0.11216,25.68731,10.13128,7.07797,0,2.36548,0.5845,1.93805,0,0,9.9237,2.38005,0,0,0,0,0,0,0,0,0,0,0,0,1.97677,0.72658,1.20673,0,0.03049,0,0,0,0,0,0,0,0,0,0,0,0,0,0,0,0,0,0,0,0,0,0
GF23_d89_damc,16.91103,0.68336,34.50024,10.81927,26.68235,0,2.67108,0.41693,3.01695,0,0,0,0,0,0,0,0,0,0,0,0,0,0,0,0,0,2.16986,2.12892,0,0,0,0,0,0,0,0,0,0,0,0,0,0,0,0,0,0,0,0,0,0,0,0
GF3_AB_Sire_day4,44.739,1.18222,0,8.19155,0.48794,0,0,0,3.6863,0,0,0,0,0,0,0,0,0,0,0,0,0,0,0,0,0,41.71299,0,0,0,0,0,0,0,0,0,0,0,0,0,0,0,0,0,0,0,0,0,0,0,0,0
GF3_B_Sire_day19,39.47183,3.29334,0,7.55031,0.53591,0,0,4.00078,2.63533,0,0,0,0,0,0,0,0,0,0,0,0,0,0,0,0,0,42.5125,0,0,0,0,0,0,0,0,0,0,0,0,0,0,0,0,0,0,0,0,0,0,0,0,0
GF3_B_Sire_day30,46.73734,2.34987,0,10.12843,0.71287,0,0,2.5163,5.38805,0,0,0,0,0,0,0,0,0,0,0,0,0,0,0,0,0,32.16714,0,0,0,0,0,0,0,0,0,0,0,0,0,0,0,0,0,0,0,0,0,0,0,0,0
GF3_C_dam_day19,44.12748,0,0,10.31757,0.40812,11.20095,0,0,1.30635,0,0,3.29447,1.04111,0,0,0,0,0,0,0,0,0,0,0,0,0,28.30395,0,0,0,0,0,0,0,0,0,0,0,0,0,0,0,0,0,0,0,0,0,0,0,0,0
GF3_C_dam_day4,9.5084,0.27516,0,1.22811,0.49189,0,0,60.312,1.08302,0,0,0,0,0,0,0,0,0,0,0,0,0,0,0,0,0,26.87296,0.22845,0,0,0,0,0,0,0,0,0,0,0,0,0,0,0,0,0,0,0,0,0,0,0,0
GF3_C_Sire_day19,18.25789,0.03551,0,4.24055,0.71492,4.39038,0,56.45523,0.90388,0,0,1.90851,0.91434,0,0,0,0,0,0,0,0,0,0,0,0,0.50071,11.46255,0,0.01197,0.20357,0,0,0,0,0,0,0,0,0,0,0,0,0,0,0,0,0,0,0,0,0,0
GF3_C_Sire_day30,37.97319,1.66927,0,8.7366,1.2207,0,0,0.61677,2.81727,0,0,0,0,0,0,0,0,0,0,0,0,0,0,0,0,0,46.9662,0,0,0,0,0,0,0,0,0,0,0,0,0,0,0,0,0,0,0,0,0,0,0,0,0
GF3_C_Sire_day4,28.98769,0,0,7.66962,1.26125,8.91659,0,2.89361,2.3622,0,0,3.40915,0.90192,0,0,0,0,0,0,0,0,0,0,0,0,0.31634,42.71144,0.38851,0.08964,0.09204,0,0,0,0,0,0,0,0,0,0,0,0,0,0,0,0,0,0,0,0,0,0
GF3_C1_day30,17.8744,0.50803,0,0.33873,0.88144,0,0,24.4907,0.60106,0,0,0,0,0,0,0,0,0,0,0,0,0,0,0,0,0,54.95997,0.34566,0,0,0,0,0,0,0,0,0,0,0,0,0,0,0,0,0,0,0,0,0,0,0,0
GF3_C1_day32,15.50976,0.84095,0,6.32192,1.15497,4.33373,0,15.01839,1.2839,0,0,0.03357,1.27786,0,0,0,0,0,0,0,0,0,0,0,0,0,54.21633,0.00861,0,0,0,0,0,0,0,0,0,0,0,0,0,0,0,0,0,0,0,0,0,0,0,0
GF3_C1_day34,30.50785,2.01175,0,2.23873,0.22706,0,0,5.91297,2.59873,0,0,0,0,0,0,0,0,0,0,0,0,0,0,0,0,0,55.96762,0.53529,0,0,0,0,0,0,0,0,0,0,0,0,0,0,0,0,0,0,0,0,0,0,0,0
GF3_C2_day30,0.16191,0,0,0,0,0,0,99.83809,0,0,0,0,0,0,0,0,0,0,0,0,0,0,0,0,0,0,0,0,0,0,0,0,0,0,0,0,0,0,0,0,0,0,0,0,0,0,0,0,0,0,0,0
GF3_C2_day32,10.33424,0,0,1.66339,0.395,0,0,77.69093,0,0,0,0,0,0,0,0,0,0,0,0,0,0,0,0,0,0,9.91644,0,0,0,0,0,0,0,0,0,0,0,0,0,0,0,0,0,0,0,0,0,0,0,0,0
GF3_C2_day35,44.12748,0,0,10.31757,0.40812,11.20095,0,0,1.30635,0,0,3.29447,1.04111,0,0,0,0,0,0,0,0,0,0,0,0,0,28.30395,0,0,0,0,0,0,0,0,0,0,0,0,0,0,0,0,0,0,0,0,0,0,0,0,0
GF3_C2_day38,0,8.12234,0,0,3.01642,0,0,2.31406,81.76314,0,0,0,0,0,0,0,0,0,0,0,0,0,0,0,0,0,4.78405,0,0,0,0,0,0,0,0,0,0,0,0,0,0,0,0,0,0,0,0,0,0,0,0,0
GF3_C2_day39,0.14483,9.33935,0,0.72169,20.68664,0,0,24.60273,39.64926,0,0,0,0,0,0,0,0,0,0,0,0,0,0,0,0,0,4.8555,0,0,0,0,0,0,0,0,0,0,0,0,0,0,0,0,0,0,0,0,0,0,0,0,0
GF3_C2_day40,2.12787,3.41943,0,1.27751,6.17313,0,0,20.53907,65.45416,0,0,0,0,0,0,0,0,0,0,0,0,0,0,0,0,0,1.00884,0,0,0,0,0,0,0,0,0,0,0,0,0,0,0,0,0,0,0,0,0,0,0,0,0
GF3_C2_day41,0,0,0,0,81.26021,0,0,0,0,0,0,0,0,0,0,0,0,0,0,0,0,0,0,0,0,0,18.73979,0,0,0,0,0,0,0,0,0,0,0,0,0,0,0,0,0,0,0,0,0,0,0,0,0
GF3_C2_day42,46.12186,8.18399,0,10.56488,0.62056,0,0,1.05554,7.9884,0,0,0,0,0,0,0,0,0,0,0,0,0,0,0,0,0,25.46477,0,0,0,0,0,0,0,0,0,0,0,0,0,0,0,0,0,0,0,0,0,0,0,0,0
GF3_C2_day45,42.15399,8.58179,0,7.12678,0.39377,0,0,0.75212,2.3666,0,0,0,0,0,0,0,0,0,0,0,0,0,0,0,0,0,38.62494,0,0,0,0,0,0,0,0,0,0,0,0,0,0,0,0,0,0,0,0,0,0,0,0,0
GF3_C3_day30,20.31469,0.66962,0,2.31741,3.67693,0,0,20.30377,1.42943,0,0,0,0,0,0,0,0,0,0,0,0,0,0,0,0,0,50.91623,0.37192,0,0,0,0,0,0,0,0,0,0,0,0,0,0,0,0,0,0,0,0,0,0,0,0
GF3_C3_day32,0,0,0,0,1.1922,0,0,13.52751,85.28029,0,0,0,0,0,0,0,0,0,0,0,0,0,0,0,0,0,0,0,0,0,0,0,0,0,0,0,0,0,0,0,0,0,0,0,0,0,0,0,0,0,0,0
GF3_C3_day34,2.92222,0,0,0,26.05002,0.63443,0,1.97104,4.93496,0,0,17.46269,10.2734,0,0,0,0,0,0,0,0,0,0.46773,0.3988,0,24.15524,10.35093,0.08257,0.1096,0.10419,0,0,0,0,0,0,0,0,0,0,0.06201,0.02018,0,0,0,0,0,0,0,0,0,0
GF3_C3_day35,42.6666,0,0,10.84009,1.36451,10.20882,0,0.77054,1.51582,0,0,4.5007,2.17595,0,0,0,0,0,0,0,0,0,0,0,0,0.87938,24.48957,0,0,0.58802,0,0,0,0,0,0,0,0,0,0,0,0,0,0,0,0,0,0,0,0,0,0
GF3_C3_day39,0,0,0,0,0,0,0,0,100,0,0,0,0,0,0,0,0,0,0,0,0,0,0,0,0,0,0,0,0,0,0,0,0,0,0,0,0,0,0,0,0,0,0,0,0,0,0,0,0,0,0,0
GF3_C3_day40,1.17616,0,0,0.73745,1.52075,0,0,17.04159,79.03588,0,0,0,0,0,0,0,0,0,0,0,0,0,0,0,0,0,0.48816,0,0,0,0,0,0,0,0,0,0,0,0,0,0,0,0,0,0,0,0,0,0,0,0,0
GF3_C3_day41,0,0,0,0,100,0,0,0,0,0,0,0,0,0,0,0,0,0,0,0,0,0,0,0,0,0,0,0,0,0,0,0,0,0,0,0,0,0,0,0,0,0,0,0,0,0,0,0,0,0,0,0
GF3_C3_day42,51.64645,9.74718,0,7.82681,0.60577,0,0,0.87982,10.18928,0,0,0,0,0,0,0,0,0,0,0,0,0,0,0,0,0,19.10468,0,0,0,0,0,0,0,0,0,0,0,0,0,0,0,0,0,0,0,0,0,0,0,0,0
GF3_C3_day45,40.82213,3.59827,0,6.17613,0.7248,0,0,0.81348,2.55291,0,0,0,0,0,0,0,0,0,0,0,0,0,0,0,0,0,45.31227,0,0,0,0,0,0,0,0,0,0,0,0,0,0,0,0,0,0,0,0,0,0,0,0,0
GF3_C4_day30,10.55393,0.80634,0,0.66854,1.16785,3.98173,0,12.52701,4.08567,0,0,0.79658,1.81156,0,0,0,0,0,0,0,0,0,0,0,0,0,62.91965,0.30548,0.07887,0.25267,0,0,0.04413,0,0,0,0,0,0,0,0,0,0,0,0,0,0,0,0,0,0,0
GF3_C4_day32,0,0,0,0,4.23,0,0,23.54,72.23,0,0,0,0,0,0,0,0,0,0,0,0,0,0,0,0,0,0,0,0,0,0,0,0,0,0,0,0,0,0,0,0,0,0,0,0,0,0,0,0,0,0,0
GF3_C4_day34,33.74665,0,0,4.79288,4.68994,4.15824,0,1.58933,9.38098,0,0,1.13564,1.11441,0,0,0,0,0,0,0,0,0,0,0,0,0,39.39194,0,0,0,0,0,0,0,0,0,0,0,0,0,0,0,0,0,0,0,0,0,0,0,0,0
GF3_C4_day38,0,0,0,0,0.26995,0,0,31.96171,67.04642,0,0,0,0,0,0,0,0,0,0,0,0,0,0,0,0,0,0.72192,0,0,0,0,0,0,0,0,0,0,0,0,0,0,0,0,0,0,0,0,0,0,0,0,0
GF3_C4_day39,0.07818,1.80687,0,0.66724,2.24068,0,0,22.07083,71.74707,0,0,0,0,0,0,0,0,0,0,0,0,0,0,0,0,0,1.38912,0,0,0,0,0,0,0,0,0,0,0,0,0,0,0,0,0,0,0,0,0,0,0,0,0
GF3_C4_day40,0,0,0,0,100,0,0,0,0,0,0,0,0,0,0,0,0,0,0,0,0,0,0,0,0,0,0,0,0,0,0,0,0,0,0,0,0,0,0,0,0,0,0,0,0,0,0,0,0,0,0,0
GF3_C4_day41,0,0,0,0,86.21224,0,0,0,0,0,0,0,0,0,0,0,0,0,0,0,0,0,0,0,0,0,13.78776,0,0,0,0,0,0,0,0,0,0,0,0,0,0,0,0,0,0,0,0,0,0,0,0,0
GF3_C4_day42,43.26757,5.63575,0,8.08043,1.50829,0,0,2.54438,3.78714,0,0,0,0,0,0,0,0,0,0,0,0,0,0,0,0,0,35.17645,0,0,0,0,0,0,0,0,0,0,0,0,0,0,0,0,0,0,0,0,0,0,0,0,0
GF3_C4_day45,46.60267,3.69822,0,9.85275,1.02136,0,0,0.58547,4.0293,0,0,0,0,0,0,0,0,0,0,0,0,0,0,0,0,0,34.21025,0,0,0,0,0,0,0,0,0,0,0,0,0,0,0,0,0,0,0,0,0,0,0,0,0
GF3_C5_day30,0.12041,0,0,0,0,0,0,99.52564,0,0,0,0,0,0,0,0,0,0,0,0,0,0,0,0,0,0,0.35395,0,0,0,0,0,0,0,0,0,0,0,0,0,0,0,0,0,0,0,0,0,0,0,0,0
GF3_C5_day39,7.90384,3.43801,0,1.43059,2.7964,0,0,33.04871,49.37888,0,0,0,0.26559,0,0,0,0,0,0,0,0,0,0,0,0,0,1.73798,0,0,0,0,0,0,0,0,0,0,0,0,0,0,0,0,0,0,0,0,0,0,0,0,0
GF3_C5_day41,0,0,0,0,99.58888,0,0,0,0,0,0,0,0,0,0,0,0,0,0,0,0,0,0,0,0,0,0.41112,0,0,0,0,0,0,0,0,0,0,0,0,0,0,0,0,0,0,0,0,0,0,0,0,0
GF3_C5_day42,38.12548,2.633,0,3.54084,1.84554,0,0,0.78203,6.54476,0,0,0,0,0,0,0,0,0,0,0,0,0,0,0,0,0,46.52835,0,0,0,0,0,0,0,0,0,0,0,0,0,0,0,0,0,0,0,0,0,0,0,0,0
GF3_C5_day45,33.90891,1.70712,0,2.40877,0.69573,0,0,1.01691,3.12928,0,0,0,0,0,0,0,0,0,0,0,0,0,0,0,0,0,57.10293,0,0,0,0,0,0.03035,0,0,0,0,0,0,0,0,0,0,0,0,0,0,0,0,0,0,0
GF3_C6_day30,2.73899,0,0,0,0,0.18292,0,95.96768,0,0,0,0.06194,0,0,0,0,0,0,0,0,0,0,0,0,0,0,1.04847,0,0,0,0,0,0,0,0,0,0,0,0,0,0,0,0,0,0,0,0,0,0,0,0,0
GF3_C6_day35,0,0,0,0,0,0,0,23.54645,76.45355,0,0,0,0,0,0,0,0,0,0,0,0,0,0,0,0,0,0,0,0,0,0,0,0,0,0,0,0,0,0,0,0,0,0,0,0,0,0,0,0,0,0,0
GF3_C6_day38,0,0,0,0,0,0,0,13.85457,86.14543,0,0,0,0,0,0,0,0,0,0,0,0,0,0,0,0,0,0,0,0,0,0,0,0,0,0,0,0,0,0,0,0,0,0,0,0,0,0,0,0,0,0,0
GF3_C6_day39,4.47892,28.1198,0,1.7255,2.42112,0,0,8.0685,52.47502,0,0,0,0.53484,0,0,0,0,0,0,0,0,0,0,0,0,0,2.1763,0,0,0,0,0,0,0,0,0,0,0,0,0,0,0,0,0,0,0,0,0,0,0,0,0
GF3_C6_day41,66.86036,4.30388,0,10.77884,0.2304,0,0,1.09415,6.03464,0,0,0,0,0,0,0,0,0,0,0,0,0,0,0,0,0,10.69772,0,0,0,0,0,0,0,0,0,0,0,0,0,0,0,0,0,0,0,0,0,0,0,0,0
GF3_C6_day42,31.88794,2.14957,0,4.4572,0.56981,0,0,0.78198,2.83464,0,0,0,0,0,0,0,0,0,0,0,0,0,0,0,0,0,57.31886,0,0,0,0,0,0,0,0,0,0,0,0,0,0,0,0,0,0,0,0,0,0,0,0,0
GF3_C6_day45,33.42021,3.41387,0,4.93874,1.0882,0,0,1.8643,3.601,0,0,0,0,0,0,0,0,0,0,0,0,0,0,0,0,0,51.67369,0,0,0,0,0,0,0,0,0,0,0,0,0,0,0,0,0,0,0,0,0,0,0,0,0
GF3_C7_day40,0,0,0,0.5682,81.47642,0,0,0,0,0,0,0,0,0,0,0,0,0,0,0,0,0,0,0,0,0,17.95539,0,0,0,0,0,0,0,0,0,0,0,0,0,0,0,0,0,0,0,0,0,0,0,0,0
GF3_C7_day41,45.81585,2.42675,0,7.91734,0.6571,0,0,0.41665,3.91857,0,0,0,0,0,0,0,0,0,0,0,0,0,0,0,0,0,38.84773,0,0,0,0,0,0,0,0,0,0,0,0,0,0,0,0,0,0,0,0,0,0,0,0,0
GF3_C7_day42,62.56734,4.84313,0,10.64029,1.7887,0,0,1.07939,5.38275,0,0,0,0,0,0,0,0,0,0,0,0,0,0,0,0,0,13.69841,0,0,0,0,0,0,0,0,0,0,0,0,0,0,0,0,0,0,0,0,0,0,0,0,0
GF3_C7_day45,38.90406,8.69216,0,7.6948,1.1889,0,0,0,1.81634,0,0,0,0,0,0,0,0,0,0,0,0,0,0,0,0,0,41.70374,0,0,0,0,0,0,0,0,0,0,0,0,0,0,0,0,0,0,0,0,0,0,0,0,0
GF3_C8_day30,7.63676,0,0,2.04088,0,0.75243,0,66.87152,0.43913,0,0,0,0.01864,0,0,0,0,0,0,0,0,0,0,0,0,0,22.24065,0,0,0,0,0,0,0,0,0,0,0,0,0,0,0,0,0,0,0,0,0,0,0,0,0
GF3_C8_day32,0,0,0,0,8.00998,0,0,23.87499,68.05923,0,0,0,0,0,0,0,0,0,0,0,0,0,0,0,0,0,0.05581,0,0,0,0,0,0,0,0,0,0,0,0,0,0,0,0,0,0,0,0,0,0,0,0,0
GF3_C8_day34,28.98769,0,0,7.66962,1.26125,8.91659,0,2.89361,2.3622,0,0,3.40915,0.90192,0,0,0,0,0,0,0,0,0,0,0,0,0.31634,42.71144,0.38851,0.08964,0.09204,0,0,0,0,0,0,0,0,0,0,0,0,0,0,0,0,0,0,0,0,0,0
GF3_C8_day39,1.23561,9.50729,0,1.52964,1.92073,0,0,38.47614,46.02258,0,0,0,0,0,0,0,0,0,0,0,0,0,0,0,0,0,1.30801,0,0,0,0,0,0,0,0,0,0,0,0,0,0,0,0,0,0,0,0,0,0,0,0,0
GF3_C8_day40,0,0,0,0,100,0,0,0,0,0,0,0,0,0,0,0,0,0,0,0,0,0,0,0,0,0,0,0,0,0,0,0,0,0,0,0,0,0,0,0,0,0,0,0,0,0,0,0,0,0,0,0
GF3_C8_day41,26.50859,1.57845,0,3.95322,0.5116,0,0,0.75986,4.413,0,0,0,0,0,0,0,0,0,0,0,0,0,0,0,0,0,62.27529,0,0,0,0,0,0,0,0,0,0,0,0,0,0,0,0,0,0,0,0,0,0,0,0,0
GF3_C8_day42,38.75324,1.72614,0,6.84852,0.7565,0,0,0.90092,3.87721,0,0,0,0,0,0,0,0,0,0,0,0,0,0,0,0,0,47.13748,0,0,0,0,0,0,0,0,0,0,0,0,0,0,0,0,0,0,0,0,0,0,0,0,0
GF3_C8_day45,36.88458,2.71026,0,6.83503,1.61762,0,0,0.95281,1.4737,0,0,0,0,0,0,0,0,0,0,0,0,0,0,0,0,0,49.52601,0,0,0,0,0,0,0,0,0,0,0,0,0,0,0,0,0,0,0,0,0,0,0,0,0
GF3_C9_day30,9.55388,0.1747,0,1.89114,0.01829,4.2553,0,67.96113,0.12526,0,0,0.21587,0.80311,0,0,0,0,0,0,0,0,0,0,0,0,0.02106,14.85821,0,0,0.12205,0,0,0,0,0,0,0,0,0,0,0,0,0,0,0,0,0,0,0,0,0,0
GF3_C9_day32,18.31035,0.38878,0,3.34125,0.51616,0,0,14.59666,0.70873,0,0,0,0,0,0,0,0,0,0,0,0,0,0,0,0,0,62.07286,0.06521,0,0,0,0,0,0,0,0,0,0,0,0,0,0,0,0,0,0,0,0,0,0,0,0
GF3_C9_day34,29.72102,0.16032,0,5.79775,1.83829,12.47054,0,1.49963,1.37891,0,0,1.51548,0.27249,0,0,0,0,0,0,0,0,0,0,0,0,0.1033,44.93931,0.28399,0.01896,0,0,0,0,0,0,0,0,0,0,0,0,0,0,0,0,0,0,0,0,0,0,0
GF3_C9_day38,0,0,0,0,2.10749,0,0,20.31793,74.34773,0,0,0,0,0,0,0,0,0,0,0,0,0,0,0,0,0,3.22685,0,0,0,0,0,0,0,0,0,0,0,0,0,0,0,0,0,0,0,0,0,0,0,0,0
GF3_C9_day39,2.59455,2.17405,0,1.42883,8.50862,0,0,23.06335,58.47533,0,0,0,0,0,0,0,0,0,0,0,0,0,0,0,0,0,3.75526,0,0,0,0,0,0,0,0,0,0,0,0,0,0,0,0,0,0,0,0,0,0,0,0,0
GF3_C9_day40,0,11.22623,0,0,41.72633,0,0,26.29516,20.75229,0,0,0,0,0,0,0,0,0,0,0,0,0,0,0,0,0,0,0,0,0,0,0,0,0,0,0,0,0,0,0,0,0,0,0,0,0,0,0,0,0,0,0
GF3_C9_day41,58.00848,4.03972,0,9.15872,1.06091,0,0,1.16447,10.89091,0,0,0,0,0,0,0,0,0,0,0,0,0,0,0,0,0,15.67679,0,0,0,0,0,0,0,0,0,0,0,0,0,0,0,0,0,0,0,0,0,0,0,0,0
GF3_C9_day42,34.68924,4.42141,0,6.87692,0.80225,0,0,0.5824,3.79621,0,0,0,0,0,0,0,0,0,0,0,0,0,0,0,0,0,48.83157,0,0,0,0,0,0,0,0,0,0,0,0,0,0,0,0,0,0,0,0,0,0,0,0,0
GF3_C9_day45,28.0842,2.57322,0,0.89776,2.6013,0,0,0.99186,3.81922,0,0,0,0,0,0,0,0,0,0,0,0,0,0,0,0,0,61.03244,0,0,0,0,0,0,0,0,0,0,0,0,0,0,0,0,0,0,0,0,0,0,0,0,0
GF3_inoc,50.11219,1.91189,0,2.75015,1.77191,0,0,23.97137,2.25387,0,0,0,0,0,0,0,0,0,0,0,0,0,0,0,0,0,16.23477,0.99385,0,0,0,0,0,0,0,0,0,0,0,0,0,0,0,0,0,0,0,0,0,0,0,0
GF4_B1_D35,0,0,0,0,81.86896,0,0,0,0,0,0,0,0,0,0,0,0,0,0,0,0,0,0,0,0,0,18.13104,0,0,0,0,0,0,0,0,0,0,0,0,0,0,0,0,0,0,0,0,0,0,0,0,0
GF4_B1_D36,0.21018,0,0,0,86.78923,0,0,0,12.40086,0,0,0,0,0,0,0,0,0,0,0,0,0,0,0,0,0,0.59973,0,0,0,0,0,0,0,0,0,0,0,0,0,0,0,0,0,0,0,0,0,0,0,0,0
GF4_B1_d37,0,0,0,0,100,0,0,0,0,0,0,0,0,0,0,0,0,0,0,0,0,0,0,0,0,0,0,0,0,0,0,0,0,0,0,0,0,0,0,0,0,0,0,0,0,0,0,0,0,0,0,0
GF4_B2_d35,0,0,0,0,16.33196,0,0,0.95316,81.58055,0,0,0,0,0,0,0,0,0,0,0,0,0,0,0,0,0,1.13433,0,0,0,0,0,0,0,0,0,0,0,0,0,0,0,0,0,0,0,0,0,0,0,0,0
GF4_B2_d36,0,0,0,0,0,0,0,16.57085,83.42915,0,0,0,0,0,0,0,0,0,0,0,0,0,0,0,0,0,0,0,0,0,0,0,0,0,0,0,0,0,0,0,0,0,0,0,0,0,0,0,0,0,0,0
GF4_B3_d35,0,0,0,2.36874,82.63922,0,0,0,0,0,0,0,0,0,0,0,0,0,0,0,0,0,0,0,0,0,14.99204,0,0,0,0,0,0,0,0,0,0,0,0,0,0,0,0,0,0,0,0,0,0,0,0,0
GF4_B3_d36,0.39985,0,0,0.98275,72.03416,0,0,0,22.24158,0,0,0,0,0,0,0,0,0,0,0,0,0,0,0,0,0,4.34166,0,0,0,0,0,0,0,0,0,0,0,0,0,0,0,0,0,0,0,0,0,0,0,0,0
GF4_B3_d37,0,0,0,0,100,0,0,0,0,0,0,0,0,0,0,0,0,0,0,0,0,0,0,0,0,0,0,0,0,0,0,0,0,0,0,0,0,0,0,0,0,0,0,0,0,0,0,0,0,0,0,0
GF4_B3_d42,30.37938,0,0,8.67697,1.56615,0,0,2.58735,3.23242,0,0,0,0,0,0,0,0,0,0,0,0,0,0,0,0,0,53.55772,0,0,0,0,0,0,0,0,0,0,0,0,0,0,0,0,0,0,0,0,0,0,0,0,0
GF4_B3_d43,42.26856,0,0,7.1419,2.89738,0,0,1.59131,1.96713,0,0,0,0,0,0,0,0,0,0,0,0,0,0,0,0,0,44.13371,0,0,0,0,0,0,0,0,0,0,0,0,0,0,0,0,0,0,0,0,0,0,0,0,0
GF4_B3_d44,14.02068,0,0,5.69119,3.91362,0,0,1.16196,1.55443,0,0,0,0,0,0,0,0,0,0,0,0,0,0,0,0,0,73.65812,0,0,0,0,0,0,0,0,0,0,0,0,0,0,0,0,0,0,0,0,0,0,0,0,0
GF4_B3_d46,10.9261,0,0,1.41003,2.97518,0,0,2.8002,4.3282,0,0,0,0,0,0,0,0,0,0,0,0,0,0,0,0,0,77.56029,0,0,0,0,0,0,0,0,0,0,0,0,0,0,0,0,0,0,0,0,0,0,0,0,0
GF4_B3_LI,1.42493,1.07746,0,0.07293,4.1241,0,0,3.07732,0,0,0,0,0,0,0,0,0,0,0,0,0,0,0,0,0,0,90.212,0,0,0,0,0,0.01127,0,0,0,0,0,0,0,0,0,0,0,0,0,0,0,0,0,0,0
GF4_B3_SI,0.33651,0,0,0.70697,2.31173,0,0,0,0,0,0,0,0,0,0,0,0,0,0,0,0,0,0,0,0,0,96.62819,0,0,0,0,0,0.01661,0,0,0,0,0,0,0,0,0,0,0,0,0,0,0,0,0,0,0
GF4_B4_d35,0.07612,0,0,0.85417,88.48589,0,0,0,0,0,0,0,0,0,0,0,0,0,0,0,0,0,0,0,0,0,10.58381,0,0,0,0,0,0,0,0,0,0,0,0,0,0,0,0,0,0,0,0,0,0,0,0,0
GF4_B4_d38,0,0,0,0,100,0,0,0,0,0,0,0,0,0,0,0,0,0,0,0,0,0,0,0,0,0,0,0,0,0,0,0,0,0,0,0,0,0,0,0,0,0,0,0,0,0,0,0,0,0,0,0
GF4_B5_d35,0,0,0,0,78.5023,0,0,0,19.43073,0,0,0,0,0,0,0,0,0,0,0,0,0,0,0,0,0,2.06697,0,0,0,0,0,0,0,0,0,0,0,0,0,0,0,0,0,0,0,0,0,0,0,0,0
GF4_Bdam_d10,30.29984,0,0,4.70769,2.08586,0,0,0.69209,1.48406,0,0,4.14679,0.51058,0,0,0,0,0,0,0,0,0,0,0,0,0.11847,55.42544,0.18312,0.34605,0,0,0,0,0,0,0,0,0,0,0,0,0,0,0,0,0,0,0,0,0,0,0
GF4_Bsire_d10,30.42169,0,0,4.58916,2.83787,0,0,2.93596,1.89672,0,0,4.1803,1.05023,0,0,0,0,0,0,0,0,0,0,0,0,0.01484,51.95341,0.10107,0,0.01875,0,0,0,0,0,0,0,0,0,0,0,0,0,0,0,0,0,0,0,0,0,0
GF4_Bsire_d2,19.69664,0.41737,0,1.61589,2.1971,0,0,3.76131,2.0874,0,0,1.34423,0,0,0,0,0,0,0,0,0,0,0,0,0,0,68.62099,0.21966,0.03943,0,0,0,0,0,0,0,0,0,0,0,0,0,0,0,0,0,0,0,0,0,0,0
GF4_C1_d36,0,0,0,0,3.67169,0,0,0,96.32831,0,0,0,0,0,0,0,0,0,0,0,0,0,0,0,0,0,0,0,0,0,0,0,0,0,0,0,0,0,0,0,0,0,0,0,0,0,0,0,0,0,0,0
GF4_C1_D37,14.32519,0,0,16.56397,15.72958,0,0,22.56451,30.81675,0,0,0,0,0,0,0,0,0,0,0,0,0,0,0,0,0,0,0,0,0,0,0,0,0,0,0,0,0,0,0,0,0,0,0,0,0,0,0,0,0,0,0
GF4_C1_d39,40.78271,1.28272,0,8.24402,14.10035,0,0,28.34805,7.13597,0,0,0,0,0,0,0,0,0,0,0,0,0,0,0,0,0,0.10618,0,0,0,0,0,0,0,0,0,0,0,0,0,0,0,0,0,0,0,0,0,0,0,0,0
GF4_C1_d43,66.73493,1.26153,0,6.33472,3.47485,0,0,17.14443,5.04954,0,0,0,0,0,0,0,0,0,0,0,0,0,0,0,0,0,0,0,0,0,0,0,0,0,0,0,0,0,0,0,0,0,0,0,0,0,0,0,0,0,0,0
GF4_C1_d46,79.19426,5.85893,0,2.98924,0.66459,0,0,0.49958,10.27407,0,0,0,0,0,0,0,0,0,0,0,0,0,0,0,0,0,0,0.51932,0,0,0,0,0,0,0,0,0,0,0,0,0,0,0,0,0,0,0,0,0,0,0,0
GF4_C1_LI,1.63925,1.61057,0,0.54224,2.82695,28.77426,0,0,5.09885,0,0,0,0,0,0,0,0,0,0,0,0,0,0,0,0,0,58.89099,0.6169,0,0,0,0,0,0,0,0,0,0,0,0,0,0,0,0,0,0,0,0,0,0,0,0
GF4_C1_SI,1.97334,1.35953,0,0,1.31826,14.91183,0,0,6.31171,0,0,0,0,0,0,0,0,0,0,0,0,0,0,0,0,0,74.12533,0,0,0,0,0,0,0,0,0,0,0,0,0,0,0,0,0,0,0,0,0,0,0,0,0
GF4_C2_d35,0,0,0,0,81.13808,0,0,0,18.86192,0,0,0,0,0,0,0,0,0,0,0,0,0,0,0,0,0,0,0,0,0,0,0,0,0,0,0,0,0,0,0,0,0,0,0,0,0,0,0,0,0,0,0
GF4_C2_D36,5.97408,12.94187,0,0,52.75362,0,0,17.39727,10.93315,0,0,0,0,0,0,0,0,0,0,0,0,0,0,0,0,0,0,0,0,0,0,0,0,0,0,0,0,0,0,0,0,0,0,0,0,0,0,0,0,0,0,0
GF4_C2_d37,17.98669,28.83724,0,16.28257,10.43878,0,0,15.0951,10.5288,0,0,0,0,0,0,0,0,0,0,0,0,0,0,0,0,0,0,0.83081,0,0,0,0,0,0,0,0,0,0,0,0,0,0,0,0,0,0,0,0,0,0,0,0
GF4_C2_d38,45.30839,10.15802,0,13.43333,6.26229,0,0,7.53368,17.11554,0,0,0,0,0,0,0,0,0,0,0,0,0,0,0,0,0,0,0.18875,0,0,0,0,0,0,0,0,0,0,0,0,0,0,0,0,0,0,0,0,0,0,0,0
GF4_C2_d39,53.42903,15.61112,0,6.49208,9.50199,0,0,7.02699,7.41974,0,0,0,0,0,0,0,0,0,0,0,0,0,0,0,0,0,0,0.51905,0,0,0,0,0,0,0,0,0,0,0,0,0,0,0,0,0,0,0,0,0,0,0,0
GF4_C2_d43,79.34341,2.3379,0,7.73972,0.68046,0,0,0.51186,6.79104,0,0,0,0,0,0,0,0,0,0,0,0,0,0,0,0,0,1.71639,0.87922,0,0,0,0,0,0,0,0,0,0,0,0,0,0,0,0,0,0,0,0,0,0,0,0
GF4_C2_d45,71.51901,3.70206,0,6.84343,0.40793,9.01563,0,0.11053,5.47814,0,0,0,0,0,0,0,0,0,0,0,0,0,0,0,0,0,2.39023,0.53302,0,0,0,0,0,0,0,0,0,0,0,0,0,0,0,0,0,0,0,0,0,0,0,0
GF4_C2_d46,59.7117,5.29939,0,4.30797,0.55526,6.73634,0,0.23041,6.93302,0,0,0,0,0,0,0,0,0,0,0,0,0,0,0,0,0,15.77826,0.44766,0,0,0,0,0,0,0,0,0,0,0,0,0,0,0,0,0,0,0,0,0,0,0,0
GF4_C2_LI,0.26597,0,0,0.40571,0.16881,0.6175,0,0,0.64339,0,0,0,0,0,0,0,0,0,0,0,0,0,0,0,0,0,97.89862,0,0,0,0,0,0,0,0,0,0,0,0,0,0,0,0,0,0,0,0,0,0,0,0,0
GF4_C2_SI,0,0,0,0,0,0.20248,0,0,0,0,0,0,0,0,0,0,0,0,0,0,0,0,0,0,0,0,99.79752,0,0,0,0,0,0,0,0,0,0,0,0,0,0,0,0,0,0,0,0,0,0,0,0,0
GF4_C3_d35,0,0,0,0,61.70128,0,0,3.02617,34.2312,0,0,0,0,0,0,0,0,0,0,0,0,0,0,0,0,0,1.04135,0,0,0,0,0,0,0,0,0,0,0,0,0,0,0,0,0,0,0,0,0,0,0,0,0
GF4_C3_d36,18.36134,0,0,2.57581,8.08023,0,0,0,70.60499,0,0,0,0,0,0,0,0,0,0,0,0,0,0,0,0,0,0.37763,0,0,0,0,0,0,0,0,0,0,0,0,0,0,0,0,0,0,0,0,0,0,0,0,0
GF4_C3_d38,61.93237,11.44642,0,9.33268,4.83015,0,0,0,10.75243,0,0,0,0,0,0,0,0,0,0,0,0,0,0,0,0,0,0,1.70596,0,0,0,0,0,0,0,0,0,0,0,0,0,0,0,0,0,0,0,0,0,0,0,0
GF4_C3_d42,77.45906,2.28069,0,8.85237,0.36382,0,0,0,8.13969,0,0,0,0,0,0,0,0,0,0,0,0,0,0,0,0,0,1.22375,1.68062,0,0,0,0,0,0,0,0,0,0,0,0,0,0,0,0,0,0,0,0,0,0,0,0
GF4_C3_d43,67.63727,1.5636,0,6.58824,1.36391,2.41241,0,0,7.80388,0,0,0,0,0,0,0,0,0,0,0,0,0,0,0,0,0,11.6821,0.9486,0,0,0,0,0,0,0,0,0,0,0,0,0,0,0,0,0,0,0,0,0,0,0,0
GF4_C3_d44,65.08365,2.61039,0,6.21975,1.39174,4.81368,0,0.13481,3.92503,0,0,0,0,0,0,0,0,0,0,0,0,0,0,0,0,0,15.21052,0.61044,0,0,0,0,0,0,0,0,0,0,0,0,0,0,0,0,0,0,0,0,0,0,0,0
GF4_C3_d45,63.1708,5.99813,0,5.29142,0.67251,0,0,0.87581,3.76753,0,0,0,0,0,0,0,0,0,0,0,0,0,0,0,0,0,19.36727,0.85654,0,0,0,0,0,0,0,0,0,0,0,0,0,0,0,0,0,0,0,0,0,0,0,0
GF4_C3_d46,77.73326,3.82449,0,5.33156,0,0,0,0.27116,7.14016,0,0,0,0,0,0,0,0,0,0,0,0,0,0,0,0,0,5.15493,0.54445,0,0,0,0,0,0,0,0,0,0,0,0,0,0,0,0,0,0,0,0,0,0,0,0
GF4_C3_LI,9.55318,1.77927,0,1.48901,1.61196,1.52416,0,0,2.56045,0,0,0,0,0,0,0,0,0,0,0,0,0,0,0,0,0,80.82215,0.65983,0,0,0,0,0,0,0,0,0,0,0,0,0,0,0,0,0,0,0,0,0,0,0,0
GF4_C3_SI,0.48374,0,0,0.17315,0.19403,0.50529,0,0,0.29266,0,0,0,0,0,0,0,0,0,0,0,0,0,0,0,0,0,98.35113,0,0,0,0,0,0,0,0,0,0,0,0,0,0,0,0,0,0,0,0,0,0,0,0,0
GF4_C4_d35,0,0,0,0.0279,80.5613,0,0,5.43205,10.7182,0,0,0,0,0,0,0,0,0,0,0,0,0,0,0,0,0,3.26055,0,0,0,0,0,0,0,0,0,0,0,0,0,0,0,0,0,0,0,0,0,0,0,0,0
GF4_C4_d36,0,0.25594,0,0.15846,89.34576,0,0,0,8.03505,0,0,0,0.07188,0,0,0,0,0,0,0,0,0,0,0,0,0,2.13291,0,0,0,0,0,0,0,0,0,0,0,0,0,0,0,0,0,0,0,0,0,0,0,0,0
GF4_C4_d37,10.15021,22.03941,0,14.91772,40.41465,0,0,7.21326,5.26475,0,0,0,0,0,0,0,0,0,0,0,0,0,0,0,0,0,0,0,0,0,0,0,0,0,0,0,0,0,0,0,0,0,0,0,0,0,0,0,0,0,0,0
GF4_C4_D39,13.18636,2.77302,0,3.84964,68.57607,0,0,8.11144,2.9756,0,0,0,0,0,0,0,0,0,0,0,0,0,0,0,0,0,0.52787,0,0,0,0,0,0,0,0,0,0,0,0,0,0,0,0,0,0,0,0,0,0,0,0,0
GF4_C5_d43,80.44198,1.63764,0,6.06285,0.2774,0,0,0.48716,9.65449,0,0,0,0,0,0,0,0,0,0,0,0,0,0,0,0,0,0.08055,1.35793,0,0,0,0,0,0,0,0,0,0,0,0,0,0,0,0,0,0,0,0,0,0,0,0
GF4_C5_d45,65.02844,5.47731,0,5.50853,1.15614,0,0,0.25262,9.8906,0,0,0,0,0,0,0,0,0,0,0,0,0,0,0,0,0,11.49531,1.19105,0,0,0,0,0,0,0,0,0,0,0,0,0,0,0,0,0,0,0,0,0,0,0,0
GF4_C5_d46,78.47678,3.41179,0,4.47639,0.05001,0,0,0.23701,6.39266,0,0,0,0,0,0,0,0,0,0,0,0,0,0,0,0,0,6.78781,0.16755,0,0,0,0,0,0,0,0,0,0,0,0,0,0,0,0,0,0,0,0,0,0,0,0
GF4_C5_LI,7.2192,0.61844,0,0.37476,1.10183,0,0,0,1.8276,0,0,0,0,0,0,0,0,0,0,0,0,0,0,0,0,0,88.52486,0.33333,0,0,0,0,0,0,0,0,0,0,0,0,0,0,0,0,0,0,0,0,0,0,0,0
GF4_C5_SI,0,0,0,0,0,0,0,0,0,0,0,0,0,0,0,0,0,0,0,0,0,0,0,0,0,0,100,0,0,0,0,0,0,0,0,0,0,0,0,0,0,0,0,0,0,0,0,0,0,0,0,0
GF4_Cdam_d16,43.62178,0.17018,0,8.99459,3.33942,15.23271,0,3.6959,1.30309,0,0,1.9514,0.65507,0,0,0,0,0,0,0,0,0,0,0,0,0.05506,20.98081,0,0,0,0,0,0,0,0,0,0,0,0,0,0,0,0,0,0,0,0,0,0,0,0,0
GF4_Csire_d16,32.20626,0,0,8.15747,2.15001,16.48485,0,1.46496,2.00949,0,0,1.34259,0.65955,0,0,0,0,0,0,0,0,0,0,0,0,0.70246,34.82236,0,0,0,0,0,0,0,0,0,0,0,0,0,0,0,0,0,0,0,0,0,0,0,0,0
GF4_Csire_d2,28.01288,0,0,6.55505,3.60291,0,0,2.82889,4.86234,0,0,3.27806,0.25444,0,0,0,0,0,0,0,0,0,0,0,0,0.07246,49.80546,0.49626,0.15079,0.08045,0,0,0,0,0,0,0,0,0,0,0,0,0,0,0,0,0,0,0,0,0,0
GF4_INOC_GF45,17.78391,0.70615,0,1.70067,2.9434,4.19919,0,3.7029,2.41058,0,0,3.52725,0.92406,0,0,0,0,0,0,0,0,0,0,0,0,0.41625,60.61654,0.44097,0.32529,0.30285,0,0,0,0,0,0,0,0,0,0,0,0,0,0,0,0,0,0,0,0,0,0
GF5_A_DAM_D0,0,27.36787,0,0,0,0,0,0,72.63213,0,0,0,0,0,0,0,0,0,0,0,0,0,0,0,0,0,0,0,0,0,0,0,0,0,0,0,0,0,0,0,0,0,0,0,0,0,0,0,0,0,0,0
GF5_A_DAM_D24,20.28318,0.12272,0,4.99249,3.11252,6.90884,0,3.24037,1.63133,0,0,7.53009,2.1869,0,0,0,0,0,0,0,0,0,0,0,0,0.98067,48.42028,0.30041,0.01595,0.27425,0,0,0,0,0,0,0,0,0,0,0,0,0,0,0,0,0,0,0,0,0,0
GF5_A1_COLON_190815,12.19333,1.18994,0,0,2.74553,14.6959,0,0.1277,1.01559,0,0,0,0,0,0,0,0,0,0,0,0,0,0,0,0,0,67.74715,0.28486,0,0,0,0,0,0,0,0,0,0,0,0,0,0,0,0,0,0,0,0,0,0,0,0
GF5_A1_D46,0.43643,41.19065,0,0.89574,4.66852,3.06001,0,1.71203,46.70212,0,0,0,0.08495,0,0,0,0,0,0,0,0,0,0,0,0,0,1.24955,0,0,0,0,0,0,0,0,0,0,0,0,0,0,0,0,0,0,0,0,0,0,0,0,0
GF5_A1_D47,23.71355,25.0503,0,9.68135,3.24733,2.15793,0,3.80095,23.75838,0,0,0,5.25111,0,0,0,0,0,0,0,0,0,0,0,0,0,0.95731,2.3818,0,0,0,0,0,0,0,0,0,0,0,0,0,0,0,0,0,0,0,0,0,0,0,0
GF5_A1_D48,0,100,0,0,0,0,0,0,0,0,0,0,0,0,0,0,0,0,0,0,0,0,0,0,0,0,0,0,0,0,0,0,0,0,0,0,0,0,0,0,0,0,0,0,0,0,0,0,0,0,0,0
GF5_A1_D79,0,0,0,0,3.37781,0,0,0,89.72633,0,0,0,0,0,0,0,0,0,0,0,0,0,0,0,0,0,6.89586,0,0,0,0,0,0,0,0,0,0,0,0,0,0,0,0,0,0,0,0,0,0,0,0,0
GF5_A1_D80,0,0,0,0,0.27618,0,0,0,99.43072,0,0,0,0,0,0,0,0,0,0,0,0,0,0,0,0,0,0.29311,0,0,0,0,0,0,0,0,0,0,0,0,0,0,0,0,0,0,0,0,0,0,0,0,0
GF5_A1_D81,0,0,0,0,1.85156,0,0,3.38916,94.42195,0,0,0,0,0,0,0,0,0,0,0,0,0,0,0,0,0,0.33733,0,0,0,0,0,0,0,0,0,0,0,0,0,0,0,0,0,0,0,0,0,0,0,0,0
GF5_A1_D83,0,0,0,3.2023,96.7977,0,0,0,0,0,0,0,0,0,0,0,0,0,0,0,0,0,0,0,0,0,0,0,0,0,0,0,0,0,0,0,0,0,0,0,0,0,0,0,0,0,0,0,0,0,0,0
GF5_A1_D88,36.9747,0,0,9.46492,1.57841,0,0,0,45.10979,0,0,0,0,0,0,0,0,0,0,0,0,0,0,0,0,0,6.87218,0,0,0,0,0,0,0,0,0,0,0,0,0,0,0,0,0,0,0,0,0,0,0,0,0
GF5_A2_COLON_190628,0,0,0,100,0,0,0,0,0,0,0,0,0,0,0,0,0,0,0,0,0,0,0,0,0,0,0,0,0,0,0,0,0,0,0,0,0,0,0,0,0,0,0,0,0,0,0,0,0,0,0,0
GF5_A2_D46,0.29548,41.18266,0,0.71645,1.20077,2.12698,0,0,53.18821,0,0,0,0,0,0,0,0,0,0,0,0,0,0,0,0,0,1.28945,0,0,0,0,0,0,0,0,0,0,0,0,0,0,0,0,0,0,0,0,0,0,0,0,0
GF5_A2_D48,17.67926,0,0,2.94402,2.38966,0,0,1.54181,5.6353,0,0,0,0.20685,0,0,0,0,0,0,0,0,0,0,0,0,0,69.6031,0,0,0,0,0,0,0,0,0,0,0,0,0,0,0,0,0,0,0,0,0,0,0,0,0
GF5_A2_D79,2.47922,0,0,0,0.8851,0,0,0,87.57192,0,0,0,0,0,0,0,0,0,0,0,0,0,0,0,0,0,9.06376,0,0,0,0,0,0,0,0,0,0,0,0,0,0,0,0,0,0,0,0,0,0,0,0,0
GF5_A2_D80,0,0,0,0,0,0,0,0,100,0,0,0,0,0,0,0,0,0,0,0,0,0,0,0,0,0,0,0,0,0,0,0,0,0,0,0,0,0,0,0,0,0,0,0,0,0,0,0,0,0,0,0
GF5_A3_COLON_190628,18.31069,0,0,2.45394,64.78981,0,0,6.81453,7.63102,0,0,0,0,0,0,0,0,0,0,0,0,0,0,0,0,0,0,0,0,0,0,0,0,0,0,0,0,0,0,0,0,0,0,0,0,0,0,0,0,0,0,0
GF5_A3_D46,0,5.08805,0,0.08347,5.11045,0,0,83.02553,0,0,0,0,0,0,0,0,0,0,0,0,0,0,0,0,0,0,6.6925,0,0,0,0,0,0,0,0,0,0,0,0,0,0,0,0,0,0,0,0,0,0,0,0,0
GF5_A4_D46,0,8.65112,0,0,3.41918,0,0,81.73946,4.81825,0,0,0,0,0,0,0,0,0,0,0,0,0,0,0,0,0,1.372,0,0,0,0,0,0,0,0,0,0,0,0,0,0,0,0,0,0,0,0,0,0,0,0,0
GF5_A4_D48,0,0,0,0,100,0,0,0,0,0,0,0,0,0,0,0,0,0,0,0,0,0,0,0,0,0,0,0,0,0,0,0,0,0,0,0,0,0,0,0,0,0,0,0,0,0,0,0,0,0,0,0
GF5_A5_D46,0.02816,8.15592,0,0.46523,1.02289,0,0,88.32429,0.75937,0,0,0,0,0,0,0,0,0,0,0,0,0,0,0,0,0,1.24414,0,0,0,0,0,0,0,0,0,0,0,0,0,0,0,0,0,0,0,0,0,0,0,0,0
GF5_A5_D79,0,0,0,0,45.30301,0,0,0,54.69699,0,0,0,0,0,0,0,0,0,0,0,0,0,0,0,0,0,0,0,0,0,0,0,0,0,0,0,0,0,0,0,0,0,0,0,0,0,0,0,0,0,0,0
GF5_A5_D80,100,0,0,0,0,0,0,0,0,0,0,0,0,0,0,0,0,0,0,0,0,0,0,0,0,0,0,0,0,0,0,0,0,0,0,0,0,0,0,0,0,0,0,0,0,0,0,0,0,0,0,0
GF5_A6_D81,0,0,0,0,12.96479,0,0,0,85.61308,0,0,0,0,0,0,0,0,0,0,0,0,0,0,0,0,0,1.42213,0,0,0,0,0,0,0,0,0,0,0,0,0,0,0,0,0,0,0,0,0,0,0,0,0
GF5_A6_D82,53.35723,15.9168,0,1.14872,4.12917,0.31367,0,0,11.96711,0,0,0,0,0,0,0,0,0,0,0,0,0,0,0,0,0,12.94094,0.22636,0,0,0,0,0,0,0,0,0,0,0,0,0,0,0,0,0,0,0,0,0,0,0,0
GF5_A7_COLON_190815,2.64183,0.42928,0,0,5.47999,4.34345,0,0.81719,1.30356,0,0,0,0,0,0,0,0,0,0,0,0,0,0,0,0,0,84.59781,0.36595,0,0,0,0,0.02094,0,0,0,0,0,0,0,0,0,0,0,0,0,0,0,0,0,0,0
GF5_A7_D46,0,5.4147,0,0,8.03493,0,0,85.64787,0,0,0,0,0,0,0,0,0,0,0,0,0,0,0,0,0,0,0.9025,0,0,0,0,0,0,0,0,0,0,0,0,0,0,0,0,0,0,0,0,0,0,0,0,0
GF5_A7_D79,17.10171,0.18845,0,3.02457,68.78224,0,0,6.71343,3.71651,0,0,0,0,0,0,0,0,0,0,0,0,0,0,0,0,0,0.47309,0,0,0,0,0,0,0,0,0,0,0,0,0,0,0,0,0,0,0,0,0,0,0,0,0
GF5_A7_D80,29.70858,0,0,3.08693,27.78751,0,0,0,22.30684,0,0,0,0,0,0,0,0,0,0,0,0,0,0,0,0,0,17.11014,0,0,0,0,0,0,0,0,0,0,0,0,0,0,0,0,0,0,0,0,0,0,0,0,0
GF5_A7_D81,71.37872,0,0,0,11.39413,0,0,4.05836,1.12954,0,0,0,0,0,0,0,0,0,0,0,0,0,0,0,0,0,12.03925,0,0,0,0,0,0,0,0,0,0,0,0,0,0,0,0,0,0,0,0,0,0,0,0,0
GF5_A7_D82,39.99815,0,0,0,0,0,0,0,0,0,0,0,0,0,0,0,0,0,0,0,0,0,0,0,0,0,60.00185,0,0,0,0,0,0,0,0,0,0,0,0,0,0,0,0,0,0,0,0,0,0,0,0,0
GF5_A7_D83,86.19761,0,0,13.80239,0,0,0,0,0,0,0,0,0,0,0,0,0,0,0,0,0,0,0,0,0,0,0,0,0,0,0,0,0,0,0,0,0,0,0,0,0,0,0,0,0,0,0,0,0,0,0,0
GF5_A7_D84,87.17745,2.19198,0,1.64746,5.65575,0,0,1.33711,1.06815,0,0,0,0,0,0,0,0,0,0,0,0,0,0,0,0,0,0.92209,0,0,0,0,0,0,0,0,0,0,0,0,0,0,0,0,0,0,0,0,0,0,0,0,0
GF5_A7_D87,35.04102,1.48353,0,6.04114,2.0601,7.74168,0,2.46371,1.40031,0,0,0,0,0,0,0,0,0,0,0,0,0,0,0,0,0,43.7685,0,0,0,0,0,0,0,0,0,0,0,0,0,0,0,0,0,0,0,0,0,0,0,0,0
GF5_A8_COLON_190815,12.73817,0.22223,0,0.59445,7.27836,14.55856,0,0.73027,2.21744,0,0,0,0,0,0,0,0,0,0,0,0,0,0,0,0,0,61.13288,0.52765,0,0,0,0,0,0,0,0,0,0,0,0,0,0,0,0,0,0,0,0,0,0,0,0
GF5_A8_D79,0.17161,0,0,0.5046,17.05892,0,0,81.90129,0,0,0,0,0,0,0,0,0,0,0,0,0,0,0,0,0,0,0.36358,0,0,0,0,0,0,0,0,0,0,0,0,0,0,0,0,0,0,0,0,0,0,0,0,0
GF5_A8_D83,84.38179,0,0,14.46998,1.14824,0,0,0,0,0,0,0,0,0,0,0,0,0,0,0,0,0,0,0,0,0,0,0,0,0,0,0,0,0,0,0,0,0,0,0,0,0,0,0,0,0,0,0,0,0,0,0
GF5_A8_D87,82.31247,0.99929,0,10.07547,1.24724,0,0,0.86629,2.39401,0,0,0,0,0,0,0,0,0,0,0,0,0,0,0,0,0,2.10524,0,0,0,0,0,0,0,0,0,0,0,0,0,0,0,0,0,0,0,0,0,0,0,0,0
GF5_B_COLON_M1,0,0,0,0,0,0,0,0,100,0,0,0,0,0,0,0,0,0,0,0,0,0,0,0,0,0,0,0,0,0,0,0,0,0,0,0,0,0,0,0,0,0,0,0,0,0,0,0,0,0,0,0
GF5_B_COLON_M2,0,80.37862,0,0,19.62138,0,0,0,0,0,0,0,0,0,0,0,0,0,0,0,0,0,0,0,0,0,0,0,0,0,0,0,0,0,0,0,0,0,0,0,0,0,0,0,0,0,0,0,0,0,0,0
GF5_B_COLON_P1,0,0,0,0,0,0,0,0,0,0,0,0,0,0,0,0,0,0,0,0,0,0,0,0,0,0,100,0,0,0,0,0,0,0,0,0,0,0,0,0,0,0,0,0,0,0,0,0,0,0,0,0
GF5_B_DAM_D3,40.48939,0,0,6.53763,1.79114,0,0,3.02848,2.4184,0,0,0.28526,0.62923,0,0,0,0,0,0,0,0,0,0,0,0,0,44.13889,0.58774,0.09383,0,0,0,0,0,0,0,0,0,0,0,0,0,0,0,0,0,0,0,0,0,0,0
GF5_B1_COLON_190815,70.58901,1.5794,0,1.41464,4.96663,12.05166,0,1.13694,2.07491,0,0,0,0,0,0,0,0,0,0,0,0,0,0,0,0,0,6.1868,0,0,0,0,0,0,0,0,0,0,0,0,0,0,0,0,0,0,0,0,0,0,0,0,0
GF5_B1_D80,0.63575,0,0,0.04714,1.58762,0,0,47.13987,50.58963,0,0,0,0,0,0,0,0,0,0,0,0,0,0,0,0,0,0,0,0,0,0,0,0,0,0,0,0,0,0,0,0,0,0,0,0,0,0,0,0,0,0,0
GF5_B1_D82,10.69416,0,0,4.8737,8.86903,1.22902,0,23.18504,43.51279,0,0,0,0,0,0,0,0,0,0,0,0,0,0,0,0,0,7.63627,0,0,0,0,0,0,0,0,0,0,0,0,0,0,0,0,0,0,0,0,0,0,0,0,0
GF5_B1_D83,4.3479,0,0,14.03902,14.7662,0,0,24.24585,42.60103,0,0,0,0,0,0,0,0,0,0,0,0,0,0,0,0,0,0,0,0,0,0,0,0,0,0,0,0,0,0,0,0,0,0,0,0,0,0,0,0,0,0,0
GF5_B1_D84,7.72789,0,0,18.26538,10.55343,0,0,16.47676,46.97654,0,0,0,0,0,0,0,0,0,0,0,0,0,0,0,0,0,0,0,0,0,0,0,0,0,0,0,0,0,0,0,0,0,0,0,0,0,0,0,0,0,0,0
GF5_B2_D79,0,0,0,0,0,0,0,0,100,0,0,0,0,0,0,0,0,0,0,0,0,0,0,0,0,0,0,0,0,0,0,0,0,0,0,0,0,0,0,0,0,0,0,0,0,0,0,0,0,0,0,0
GF5_B2_D80,0,0,0,0,0,0,0,0,100,0,0,0,0,0,0,0,0,0,0,0,0,0,0,0,0,0,0,0,0,0,0,0,0,0,0,0,0,0,0,0,0,0,0,0,0,0,0,0,0,0,0,0
GF5_B3_COLON_190815,75.8864,1.5894,0,0,7.27749,0,0,1.32197,3.80561,0,0,0,0,0,0,0,0,0,0,0,0,0,0,0,0,0,9.90658,0.21255,0,0,0,0,0,0,0,0,0,0,0,0,0,0,0,0,0,0,0,0,0,0,0,0
GF5_B3_D79,0,0,0,0,2.27953,0,0,8.38134,89.21966,0,0,0,0,0,0,0,0,0,0,0,0,0,0,0,0,0,0.11946,0,0,0,0,0,0,0,0,0,0,0,0,0,0,0,0,0,0,0,0,0,0,0,0,0
GF5_B3_D81,76.66564,3.20803,0,12.04887,3.58245,0,0,0,3.93592,0,0,0,0,0,0,0,0,0,0,0,0,0,0,0,0,0,0,0.55908,0,0,0,0,0,0,0,0,0,0,0,0,0,0,0,0,0,0,0,0,0,0,0,0
GF5_B3_D82,10.9504,0,0,20.55506,17.15864,0,0,6.12267,45.21322,0,0,0,0,0,0,0,0,0,0,0,0,0,0,0,0,0,0,0,0,0,0,0,0,0,0,0,0,0,0,0,0,0,0,0,0,0,0,0,0,0,0,0
GF5_B3_D83,11.06051,0,0,10.54121,11.21946,0,0,4.21196,62.52007,0,0,0,0,0,0,0,0,0,0,0,0,0,0,0,0,0,0,0.4468,0,0,0,0,0,0,0,0,0,0,0,0,0,0,0,0,0,0,0,0,0,0,0,0
GF5_B4_D79,15.85025,0,0,5.33023,41.74849,0,0,3.17884,24.37387,0,0,0,0,0,0,0,0,0,0,0,0,0,0,0,0,0,0.42286,8.86763,0,0,0,0,0,0,0,0,0,0,0,0,0.22784,0,0,0,0,0,0,0,0,0,0,0
GF5_B5_D79,0,0,0,0,72.91035,0,0,0,26.6533,0,0,0,0,0,0,0,0,0,0,0,0,0,0,0,0,0,0.43635,0,0,0,0,0,0,0,0,0,0,0,0,0,0,0,0,0,0,0,0,0,0,0,0,0
GF5_B5_D80,0,0,0,0,62.62711,0,0,0,37.37289,0,0,0,0,0,0,0,0,0,0,0,0,0,0,0,0,0,0,0,0,0,0,0,0,0,0,0,0,0,0,0,0,0,0,0,0,0,0,0,0,0,0,0
GF5_B6_COLON_190815,46.23977,1.10678,0,0.6912,11.25762,13.46858,0,0.31398,4.8934,0,0,0,0,0,0,0,0,0,0,0,0,0,0,0,0,0,20.56245,1.46622,0,0,0,0,0,0,0,0,0,0,0,0,0,0,0,0,0,0,0,0,0,0,0,0
GF5_B6_D79,1.2353,0,0,1.22051,12.2472,0,0,0,85.29699,0,0,0,0,0,0,0,0,0,0,0,0,0,0,0,0,0,0,0,0,0,0,0,0,0,0,0,0,0,0,0,0,0,0,0,0,0,0,0,0,0,0,0
GF5_B6_D84,92.22558,0.56397,0,0.90076,0.4513,0,0,0.24805,4.08853,0,0,0,0,0,0,0,0,0,0,0,0,0,0,0,0,0,0.35657,1.16524,0,0,0,0,0,0,0,0,0,0,0,0,0,0,0,0,0,0,0,0,0,0,0,0
GF5_B7_COLON_190815,39.53515,0,0,1.58832,28.64537,5.88034,0,1.11573,9.16769,0,0,0,0,0,0,0,0,0,0,0,0,0,0,0,0,0,12.86159,1.20582,0,0,0,0,0,0,0,0,0,0,0,0,0,0,0,0,0,0,0,0,0,0,0,0
GF5_B7_D79,1.5457,0,0,0.84457,94.79631,0,0,2.43077,0.23647,0,0,0,0,0,0,0,0,0,0,0,0,0,0,0,0,0,0.14619,0,0,0,0,0,0,0,0,0,0,0,0,0,0,0,0,0,0,0,0,0,0,0,0,0
GF5_B7_D80,66.74415,0,0,5.7695,11.0072,0,0,0,11.14125,0,0,0,0,0,0,0,0,0,0,0,0,0,0,0,0,0,0.01591,5.32199,0,0,0,0,0,0,0,0,0,0,0,0,0,0,0,0,0,0,0,0,0,0,0,0
GF5_B7_D82,78.72592,0,0,7.82089,1.68476,0,0,0,10.81558,0,0,0,0,0,0,0,0,0,0,0,0,0,0,0,0,0,0,0.95285,0,0,0,0,0,0,0,0,0,0,0,0,0,0,0,0,0,0,0,0,0,0,0,0
GF5_C_DAM_D24,41.23336,1.10297,0,8.41787,1.15787,18.22261,0,1.0223,0.98747,0,0,0,0.70322,0,0,0,0,0,0,0,0,0,0,0,0,0,26.8988,0.17925,0,0.07427,0,0,0,0,0,0,0,0,0,0,0,0,0,0,0,0,0,0,0,0,0,0
GF5_C_DAM_D3,37.09784,0,0,5.62902,1.28179,0,0,1.85545,1.87192,0,0,0.49972,0.11644,0,0,0,0,0,0,0,0,0,0,0,0,0,51.64013,0.00768,0,0,0,0,0,0,0,0,0,0,0,0,0,0,0,0,0,0,0,0,0,0,0,0
GF5_C1_COLON_190628,59.96526,0,0,22.25037,0.6502,0,0,0,15.54555,0,0,0,0,0,0,0,0,0,0,0,0,0,0,0,0,0,0.96743,0.62119,0,0,0,0,0,0,0,0,0,0,0,0,0,0,0,0,0,0,0,0,0,0,0,0
GF5_C1_COLON_190815,18.66892,78.81677,0,2.51431,0,0,0,0,0,0,0,0,0,0,0,0,0,0,0,0,0,0,0,0,0,0,0,0,0,0,0,0,0,0,0,0,0,0,0,0,0,0,0,0,0,0,0,0,0,0,0,0
GF5_C1_D46,5.55807,44.33099,0,2.13675,0.8027,2.09992,0,0,44.61729,0,0,0,0,0,0,0,0,0,0,0,0,0,0,0,0,0,0.02131,0.43297,0,0,0,0,0,0,0,0,0,0,0,0,0,0,0,0,0,0,0,0,0,0,0,0
GF5_C1_D47,13.83752,29.24086,0,3.3989,1.96302,3.23835,0,0,37.34403,0,0,0,5.17986,0,0,0,0,0,0,0,0,0,0,0,0,0,0,5.66158,0,0.13587,0,0,0,0,0,0,0,0,0,0,0,0,0,0,0,0,0,0,0,0,0,0
GF5_C1_D48,21.42271,5.71524,0,18.74403,2.21057,4.4921,0,0,34.64072,0,0,0,0.08892,0,0,0,0,0,0,0,0,0,0,0,0,0,10.12398,2.56173,0,0,0,0,0,0,0,0,0,0,0,0,0,0,0,0,0,0,0,0,0,0,0,0
GF5_C2_COLON_190815,0,100,0,0,0,0,0,0,0,0,0,0,0,0,0,0,0,0,0,0,0,0,0,0,0,0,0,0,0,0,0,0,0,0,0,0,0,0,0,0,0,0,0,0,0,0,0,0,0,0,0,0
GF5_C2_D46,3.60071,35.62776,0,1.132,1.69315,3.63109,0,0,53.5664,0,0,0,0,0,0,0,0,0,0,0,0,0,0,0,0,0,0.74889,0,0,0,0,0,0,0,0,0,0,0,0,0,0,0,0,0,0,0,0,0,0,0,0,0
GF5_C3_COLON_190628,63.61191,11.7255,0,14.42133,0,0,0,0,10.24126,0,0,0,0,0,0,0,0,0,0,0,0,0,0,0,0,0,0,0,0,0,0,0,0,0,0,0,0,0,0,0,0,0,0,0,0,0,0,0,0,0,0,0
GF5_C3_COLON_190815,0,100,0,0,0,0,0,0,0,0,0,0,0,0,0,0,0,0,0,0,0,0,0,0,0,0,0,0,0,0,0,0,0,0,0,0,0,0,0,0,0,0,0,0,0,0,0,0,0,0,0,0
GF5_C3_D46,0.01991,3.86471,0,0,1.68984,0,0,33.40862,59.71328,0,0,0,0,0,0,0,0,0,0,0,0,0,0,0,0,0,1.30364,0,0,0,0,0,0,0,0,0,0,0,0,0,0,0,0,0,0,0,0,0,0,0,0,0
GF5_C4_COLON_190628,37.59397,16.26269,0,15.24011,7.0066,0,0,8.25261,15.64403,0,0,0,0,0,0,0,0,0,0,0,0,0,0,0,0,0,0,0,0,0,0,0,0,0,0,0,0,0,0,0,0,0,0,0,0,0,0,0,0,0,0,0
GF5_C4_D46,0,36.3625,0,0,15.64176,0,0,47.22711,0,0,0,0,0,0,0,0,0,0,0,0,0,0,0,0,0,0,0.76863,0,0,0,0,0,0,0,0,0,0,0,0,0,0,0,0,0,0,0,0,0,0,0,0,0
GF5_C4_D47,0,34.08029,0,0,6.12645,0,0,59.79326,0,0,0,0,0,0,0,0,0,0,0,0,0,0,0,0,0,0,0,0,0,0,0,0,0,0,0,0,0,0,0,0,0,0,0,0,0,0,0,0,0,0,0,0
GF5_C5_COLON_190628,43.45124,0,0,14.49469,14.01906,0,0,4.49107,23.54394,0,0,0,0,0,0,0,0,0,0,0,0,0,0,0,0,0,0,0,0,0,0,0,0,0,0,0,0,0,0,0,0,0,0,0,0,0,0,0,0,0,0,0
GF5_C5_D47,0,6.73689,0,0,1.37569,0,0,89.50904,0,0,0,0,0,0,0,0,0,0,0,0,0,0,0,0,0,0,2.37838,0,0,0,0,0,0,0,0,0,0,0,0,0,0,0,0,0,0,0,0,0,0,0,0,0
GF5_C6_D46,0,0.18516,0,0,0.80604,0,0,9.52854,87.83207,0,0,0,0,0,0,0,0,0,0,0,0,0,0,0,0,0,1.64819,0,0,0,0,0,0,0,0,0,0,0,0,0,0,0,0,0,0,0,0,0,0,0,0,0
GF5_COLON_A1,0,45.60873,0,0,0,0,0,0,54.39127,0,0,0,0,0,0,0,0,0,0,0,0,0,0,0,0,0,0,0,0,0,0,0,0,0,0,0,0,0,0,0,0,0,0,0,0,0,0,0,0,0,0,0
GF5_COLON_A2,0,26.24108,0,0,0,0,0,0,73.75892,0,0,0,0,0,0,0,0,0,0,0,0,0,0,0,0,0,0,0,0,0,0,0,0,0,0,0,0,0,0,0,0,0,0,0,0,0,0,0,0,0,0,0
GF6_A1_COLON_D54,67.79281,18.71182,0,9.18688,0.15083,0,0,0,0,0,0,0,4.15767,0,0,0,0,0,0,0,0,0,0,0,0,0,0,0,0,0,0,0,0,0,0,0,0,0,0,0,0,0,0,0,0,0,0,0,0,0,0,0
GF6_A1_COLON_D88,14.74457,70.17089,0,6.74076,1.54785,0,0,3.08157,3.71436,0,0,0,0,0,0,0,0,0,0,0,0,0,0,0,0,0,0,0,0,0,0,0,0,0,0,0,0,0,0,0,0,0,0,0,0,0,0,0,0,0,0,0
GF6_A1_D53,15.32771,70.06003,0,2.36339,2.17776,0,0,3.77807,4.93778,0,0,0,0,0,0,0,0,0,0,0,0,0,0,0,0,0,1.2494,0.10586,0,0,0,0,0,0,0,0,0,0,0,0,0,0,0,0,0,0,0,0,0,0,0,0
GF6_A1_D87,0,41.73272,0,0,58.26728,0,0,0,0,0,0,0,0,0,0,0,0,0,0,0,0,0,0,0,0,0,0,0,0,0,0,0,0,0,0,0,0,0,0,0,0,0,0,0,0,0,0,0,0,0,0,0
GF6_A2_COLON_D105,46.57819,0,0,24.23879,0,6.70145,0,0,0.64164,0,0,0,0,0,0,0,0,0,0,0,0,0,0,0,0,0,21.83993,0,0,0,0,0,0,0,0,0,0,0,0,0,0,0,0,0,0,0,0,0,0,0,0,0
GF6_A2_COLON_D54,42.1073,10.74517,0,27.96057,0,0,0,7.30478,11.67287,0,0,0,0,0,0,0,0,0,0,0,0,0,0,0,0,0,0.20931,0,0,0,0,0,0,0,0,0,0,0,0,0,0,0,0,0,0,0,0,0,0,0,0,0
GF6_A2_D51,0,84.11346,0,0,13.68719,0,0,2.19935,0,0,0,0,0,0,0,0,0,0,0,0,0,0,0,0,0,0,0,0,0,0,0,0,0,0,0,0,0,0,0,0,0,0,0,0,0,0,0,0,0,0,0,0
GF6_A2_D52,0,36.23731,0,0,0,0,0,0,63.76269,0,0,0,0,0,0,0,0,0,0,0,0,0,0,0,0,0,0,0,0,0,0,0,0,0,0,0,0,0,0,0,0,0,0,0,0,0,0,0,0,0,0,0
GF6_A2_D87,10.96316,3.02525,0,1.70905,3.92079,0,0,58.35519,9.42683,0,0,0,0,0,0,0,0,0,0,0,0,0,0,0,0,0,12.59974,0,0,0,0,0,0,0,0,0,0,0,0,0,0,0,0,0,0,0,0,0,0,0,0,0
GF6_A2_D93,60.74201,0,0,5.98389,0.8139,5.07249,0,0,23.66409,0,0,0,0,0,0,0,0,0,0,0,0,0,0,0,0,0,1.81383,1.9098,0,0,0,0,0,0,0,0,0,0,0,0,0,0,0,0,0,0,0,0,0,0,0,0
GF6_A3_COLON_D54,74.4501,0,0,8.67753,0,0,0,0,16.87236,0,0,0,0,0,0,0,0,0,0,0,0,0,0,0,0,0,0,0,0,0,0,0,0,0,0,0,0,0,0,0,0,0,0,0,0,0,0,0,0,0,0,0
GF6_A3_COLON_D88,1.115,76.11976,0,4.47014,0,0.49722,0,0,17.79787,0,0,0,0,0,0,0,0,0,0,0,0,0,0,0,0,0,0,0,0,0,0,0,0,0,0,0,0,0,0,0,0,0,0,0,0,0,0,0,0,0,0,0
GF6_A3_D51,0.14675,80.31842,0,0,5.82206,0,0,1.79691,0,0,0,0,0,0,0,0,0,0,0,0,0,0,0,0,0,0,11.91587,0,0,0,0,0,0,0,0,0,0,0,0,0,0,0,0,0,0,0,0,0,0,0,0,0
GF6_A3_D52,5.9022,73.28844,0,3.91994,14.92847,0,0,1.15375,0,0,0,0,0,0,0,0,0,0,0,0,0,0,0,0,0,0,0.80719,0,0,0,0,0,0,0,0,0,0,0,0,0,0,0,0,0,0,0,0,0,0,0,0,0
GF6_A3_D53,23.49465,60.63709,0,3.95213,3.46347,0,0,1.60355,2.22851,0,0,0,2.40551,0,0,0,0,0,0,0,0,0,0,0,0,0,2.21508,0,0,0,0,0,0,0,0,0,0,0,0,0,0,0,0,0,0,0,0,0,0,0,0,0
GF6_A3_D87,0,81.27246,0,0,0,0,0,0,18.72754,0,0,0,0,0,0,0,0,0,0,0,0,0,0,0,0,0,0,0,0,0,0,0,0,0,0,0,0,0,0,0,0,0,0,0,0,0,0,0,0,0,0,0
GF6_A4_COLON_D105,49.87827,0,0.89214,20.40097,0,5.65256,0,0,0.959,0,0,0,0,0,0,0,0,0,0,0,0,0,0,0,0,0,22.21706,0,0,0,0,0,0,0,0,0,0,0,0,0,0,0,0,0,0,0,0,0,0,0,0,0
GF6_A4_COLON_D54,42.10729,0,0,12.85086,0,0,0,0,44.39342,0,0,0,0.64843,0,0,0,0,0,0,0,0,0,0,0,0,0,0,0,0,0,0,0,0,0,0,0,0,0,0,0,0,0,0,0,0,0,0,0,0,0,0,0
GF6_A4_D51,0,70.21353,0,0,28.73958,0,0,1.04689,0,0,0,0,0,0,0,0,0,0,0,0,0,0,0,0,0,0,0,0,0,0,0,0,0,0,0,0,0,0,0,0,0,0,0,0,0,0,0,0,0,0,0,0
GF6_A4_D53,11.52506,30.03217,0,2.52405,7.85671,0,0,0,45.39721,0,0,0,0.16322,0,0,0,0,0,0,0,0,0,0,0,0,0,2.50157,0,0,0,0,0,0,0,0,0,0,0,0,0,0,0,0,0,0,0,0,0,0,0,0,0
GF6_A4_D93,76.1031,1.27716,0,3.52428,1.26584,0,0,0.24165,13.91464,0,0,0,0,0,0,0,0,0,0,0,0,0,0,0,0,0,1.94222,1.73111,0,0,0,0,0,0,0,0,0,0,0,0,0,0,0,0,0,0,0,0,0,0,0,0
GF6_A5_COLON_D105,40.71845,0,0,17.1272,0,12.85455,0,0.48768,1.05462,0,0,0,0,0,0,0,0,0,0,0,0,0,0,0,0,0,27.7575,0,0,0,0,0,0,0,0,0,0,0,0,0,0,0,0,0,0,0,0,0,0,0,0,0
GF6_A5_D51,0,70.99427,0,0,16.97531,0,0,12.03042,0,0,0,0,0,0,0,0,0,0,0,0,0,0,0,0,0,0,0,0,0,0,0,0,0,0,0,0,0,0,0,0,0,0,0,0,0,0,0,0,0,0,0,0
GF6_A5_D87,0,87.04283,0,0,0,0,0,6.47721,0,0,0,0,0,0,0,0,0,0,0,0,0,0,0,0,0,0,0,0,0,0,0,0,0,0,0,0,0,0,0,0,6.47996,0,0,0,0,0,0,0,0,0,0,0
GF6_A5_D90,9.78289,33.76617,0,5.04094,4.94552,0,0,11.58805,2.21976,0,0,0,0,0,0,0,0,0,0,0,0,0,0,0,0,0,32.65667,0,0,0,0,0,0,0,0,0,0,0,0,0,0,0,0,0,0,0,0,0,0,0,0,0
GF6_A5_D91,28.60036,23.09676,0,7.60575,11.98946,0,0,16.24041,4.87252,0,0,0.07662,0,0,0,0,0,0,0,0,0,0,0,0,0,0,7.51813,0,0,0,0,0,0,0,0,0,0,0,0,0,0,0,0,0,0,0,0,0,0,0,0,0
GF6_A6_COLON_D105,64.44653,0,0,12.60894,0.08344,7.73277,0,0,1.74764,0,0,0,0,0,0,0,0,0,0,0,0,0,0,0,0,0,13.38067,0,0,0,0,0,0,0,0,0,0,0,0,0,0,0,0,0,0,0,0,0,0,0,0,0
GF6_A6_COLON_D54,73.93997,6.60068,0,9.5619,0.1082,0,0,4.32015,5.04672,0,0,0,0,0,0,0,0,0,0,0,0,0,0,0,0,0,0.42237,0,0,0,0,0,0,0,0,0,0,0,0,0,0,0,0,0,0,0,0,0,0,0,0,0
GF6_A6_D53,5.23521,42.54718,0,6.82904,12.12825,0,0,29.44384,2.17907,0,0,0,0,0,0,0,0,0,0,0,0,0,0,0,0,0,0.91311,0.72429,0,0,0,0,0,0,0,0,0,0,0,0,0,0,0,0,0,0,0,0,0,0,0,0
GF6_A6_D87,0,84.1257,0,0,6.50929,0,0,0,9.36501,0,0,0,0,0,0,0,0,0,0,0,0,0,0,0,0,0,0,0,0,0,0,0,0,0,0,0,0,0,0,0,0,0,0,0,0,0,0,0,0,0,0,0
GF6_A6_D88,0,89.91839,0,0,10.08161,0,0,0,0,0,0,0,0,0,0,0,0,0,0,0,0,0,0,0,0,0,0,0,0,0,0,0,0,0,0,0,0,0,0,0,0,0,0,0,0,0,0,0,0,0,0,0
GF6_A6_D91,46.125,3.94974,0,12.5622,13.9797,0,0,8.43922,11.67438,0,0,0.01969,0,0,0,0,0,0,0,0,0,0,0,0,0,0,1.27025,1.97984,0,0,0,0,0,0,0,0,0,0,0,0,0,0,0,0,0,0,0,0,0,0,0,0
GF6_A7_D87,0,66.25198,0,0,0,0,0,0,33.74802,0,0,0,0,0,0,0,0,0,0,0,0,0,0,0,0,0,0,0,0,0,0,0,0,0,0,0,0,0,0,0,0,0,0,0,0,0,0,0,0,0,0,0
GF6_A8_COLON_D105,56.61136,0,0,23.57621,0.90874,0.96988,0,0,1.19521,0,0,0,0,0,0,0,0,0,0,0,0,0,0,0,0,0,16.7386,0,0,0,0,0,0,0,0,0,0,0,0,0,0,0,0,0,0,0,0,0,0,0,0,0
GF6_A8_COLON_D54,71.26331,0,0,21.88971,0,0,0,0,6.84698,0,0,0,0,0,0,0,0,0,0,0,0,0,0,0,0,0,0,0,0,0,0,0,0,0,0,0,0,0,0,0,0,0,0,0,0,0,0,0,0,0,0,0
GF6_A8_D51,0,12.40735,0,0,5.99787,0,0,0,79.89322,0,0,0,0,0,0,0,0,0,0,0,0,0,0,0,0,0,1.70156,0,0,0,0,0,0,0,0,0,0,0,0,0,0,0,0,0,0,0,0,0,0,0,0,0
GF6_A8_D52,0,21.81012,0,0,7.64895,0,0,0,70.54093,0,0,0,0,0,0,0,0,0,0,0,0,0,0,0,0,0,0,0,0,0,0,0,0,0,0,0,0,0,0,0,0,0,0,0,0,0,0,0,0,0,0,0
GF6_A8_D53,39.3345,23.51399,0,14.35868,5.11683,0,0,0,6.73363,0,0,0,0,0,0,0,0,0,0,0,0,0,0,0,0,0,3.66071,7.28166,0,0,0,0,0,0,0,0,0,0,0,0,0,0,0,0,0,0,0,0,0,0,0,0
GF6_A8_D89,45.06022,8.73933,0,6.77909,3.93474,0,0,16.1572,14.13335,0,0,0,0,0,0,0,0,0,0,0,0,0,0,0,0,0,0.51218,4.6839,0,0,0,0,0,0,0,0,0,0,0,0,0,0,0,0,0,0,0,0,0,0,0,0
GF6_A8_D91,58.71365,0.51776,0,15.90579,0,2.64095,0,0.32497,7.75896,0,0,0,0,0,0,0,0,0,0,0,0,0,0,0,0,0,13.16728,0.97064,0,0,0,0,0,0,0,0,0,0,0,0,0,0,0,0,0,0,0,0,0,0,0,0
GF6_A8_D93,61.98682,6.79305,0,2.92771,0.84992,11.8122,0,0.74636,10.60411,0,0,0,0,0,0,0,0,0,0,0,0,0,0,0,0,0,2.82614,1.45369,0,0,0,0,0,0,0,0,0,0,0,0,0,0,0,0,0,0,0,0,0,0,0,0
GF6_ADAM_D0,8.47252,10.15768,55.28347,3.23819,0,0,0,0,21.00478,0,0,0,0,0,0,0,0,0,0,0,0,0,0,0,0,0,0,0,0,0,0,0,0,0,0,0,0,0,0,0,1.84337,0,0,0,0,0,0,0,0,0,0,0
GF6_ASIRE_D57,16.79689,0.06065,0,5.24269,2.19677,4.83316,0,2.45985,1.33885,0,0,7.12791,3.77904,0,0,0,0,0,0,0,0,0,0,0,0,1.76081,53.3466,0.43767,0.1921,0.42701,0,0,0,0,0,0,0,0,0,0,0,0,0,0,0,0,0,0,0,0,0,0
GF6_B_DAM_D22,32.91973,0.04826,0,2.96937,4.0977,0,0,3.60035,0.7613,0,0,0,0,0,0,0,0,0,0,0,0,0,0,0,0,0,55.45101,0.09859,0,0.05371,0,0,0,0,0,0,0,0,0,0,0,0,0,0,0,0,0,0,0,0,0,0
GF6_B1_D63,0,48.04798,0,0,1.37318,0,0,48.72716,0,0,0,0,0,0,0,0,0,0,0,0,0,0,0,0,0,0,1.85168,0,0,0,0,0,0,0,0,0,0,0,0,0,0,0,0,0,0,0,0,0,0,0,0,0
GF6_B1_D64,0.62809,7.48369,0,0.13374,1.95817,0,0,87.83457,0,0,0,0,0.04584,0,0,0,0,0,0,0,0,0,0,0,0,0,1.91589,0,0,0,0,0,0,0,0,0,0,0,0,0,0,0,0,0,0,0,0,0,0,0,0,0
GF6_B1_D66,92.42772,0,0,7.57228,0,0,0,0,0,0,0,0,0,0,0,0,0,0,0,0,0,0,0,0,0,0,0,0,0,0,0,0,0,0,0,0,0,0,0,0,0,0,0,0,0,0,0,0,0,0,0,0
GF6_B1_D87,0,10.65328,0,0,0,0,0,0,89.34672,0,0,0,0,0,0,0,0,0,0,0,0,0,0,0,0,0,0,0,0,0,0,0,0,0,0,0,0,0,0,0,0,0,0,0,0,0,0,0,0,0,0,0
GF6_B1_D89,18.39759,5.22419,0,3.14346,14.01609,0,0,0.54602,0.44559,0,0,0,0,0,0,0,0,0,0,0,0,0,0,0,0,0,58.22707,0,0,0,0,0,0,0,0,0,0,0,0,0,0,0,0,0,0,0,0,0,0,0,0,0
GF6_B1_D91,43.81288,4.87932,0,10.14145,17.47679,0,0,0.74769,0.74017,0,0,0,0,0,0,0,0,0,0,0,0,0,0,0,0,0,22.20171,0,0,0,0,0,0,0,0,0,0,0,0,0,0,0,0,0,0,0,0,0,0,0,0,0
GF6_B1_D93,27.84558,0.18163,0,8.19319,5.77667,0,0,7.88743,44.82869,0,0,0,0,0,0,0,0,0,0,0,0,0,0,0,0,0,2.17353,3.11328,0,0,0,0,0,0,0,0,0,0,0,0,0,0,0,0,0,0,0,0,0,0,0,0
GF6_B10_D63,0,1.54511,0,0,1.18549,0,0,96.99522,0,0,0,0,0,0,0,0,0,0,0,0,0,0,0,0,0,0,0.27419,0,0,0,0,0,0,0,0,0,0,0,0,0,0,0,0,0,0,0,0,0,0,0,0,0
GF6_B10_D64,2.18546,0,0,0.39942,4.50205,0,0,91.96378,0,0,0,0,0.07735,0,0,0,0,0,0,0,0,0,0,0,0,0,0.87194,0,0,0,0,0,0,0,0,0,0,0,0,0,0,0,0,0,0,0,0,0,0,0,0,0
GF6_B2_COLON_D105,47.38636,0,0,26.55432,1.06454,0.09916,0,0.76864,1.945,0,0,0,0,0,0,0,0,0,0,0,0,0,0,0,0,0,22.18197,0,0,0,0,0,0,0,0,0,0,0,0,0,0,0,0,0,0,0,0,0,0,0,0,0
GF6_B2_D63,3.25704,3.77301,0,0.77639,39.53474,0,0,51.80214,0,0,0,0,0,0,0,0,0,0,0,0,0,0,0,0,0,0,0.72208,0,0,0,0,0,0,0,0,0,0,0,0,0,0.13461,0,0,0,0,0,0,0,0,0,0,0
GF6_B2_D66,15.18677,1.21514,0,4.54567,1.86624,0,0,64.24603,12.94015,0,0,0,0,0,0,0,0,0,0,0,0,0,0,0,0,0,0,0,0,0,0,0,0,0,0,0,0,0,0,0,0,0,0,0,0,0,0,0,0,0,0,0
GF6_B2_D87,5.56155,0,0,0.36951,10.63204,0,0,67.64475,15.79214,0,0,0,0,0,0,0,0,0,0,0,0,0,0,0,0,0,0,0,0,0,0,0,0,0,0,0,0,0,0,0,0,0,0,0,0,0,0,0,0,0,0,0
GF6_B2_D89,0,0,0,0,30.81229,0,0,0,0,0,0,0,0,0,0,0,0,0,0,0,0,0,0,0,0,0,69.18771,0,0,0,0,0,0,0,0,0,0,0,0,0,0,0,0,0,0,0,0,0,0,0,0,0
GF6_B3_COLON_D105,47.91118,1.00127,0,24.42422,0.82679,0,0,0.46613,0.47144,0,0,0,0,0,0,0,0,0,0,0,0,0,0,0,0,0,24.89896,0,0,0,0,0,0,0,0,0,0,0,0,0,0,0,0,0,0,0,0,0,0,0,0,0
GF6_B3_D63,0,0,0,0,3.86507,0,0,94.90952,0,0,0,0,0,0,0,0,0,0,0,0,0,0,0,0,0,0,1.22541,0,0,0,0,0,0,0,0,0,0,0,0,0,0,0,0,0,0,0,0,0,0,0,0,0
GF6_B3_D66,67.14268,0.55677,0,11.0673,3.53474,0,0,14.616,1.15696,0,0,0,1.62569,0,0,0,0,0,0,0,0,0,0,0,0,0,0.29986,0,0,0,0,0,0,0,0,0,0,0,0,0,0,0,0,0,0,0,0,0,0,0,0,0
GF6_B3_D87,14.87298,1.01932,0,0.74529,11.55034,0,0,66.44062,3.28211,0,0,0,0.55326,0,0,0,0,0,0,0,0,0,0,0,0,0,1.53608,0,0,0,0,0,0,0,0,0,0,0,0,0,0,0,0,0,0,0,0,0,0,0,0,0
GF6_B3_D89,0,0,0,0,0,0,0,100,0,0,0,0,0,0,0,0,0,0,0,0,0,0,0,0,0,0,0,0,0,0,0,0,0,0,0,0,0,0,0,0,0,0,0,0,0,0,0,0,0,0,0,0
GF6_B3_D91,69.08817,0,0,6.54431,11.82573,0,0,0,0,0,0,0,0,0,0,0,0,0,0,0,0,0,0,0,0,0,12.54179,0,0,0,0,0,0,0,0,0,0,0,0,0,0,0,0,0,0,0,0,0,0,0,0,0
GF6_B3_D93,42.63441,0.30883,0,1.9412,2.73232,0,0,2.21432,1.75097,0,0,0,0,0,0,0,0,0,0,0,0,0,0,0,0,0,48.41796,0,0,0,0,0,0,0,0,0,0,0,0,0,0,0,0,0,0,0,0,0,0,0,0,0
GF6_B4_COLON_D105,42.49702,0,0,24.36324,0.88337,0.98963,0,0,2.54208,0,0,0,0,0,0,0,0,0,0,0,0,0,0,0,0,0,28.72467,0,0,0,0,0,0,0,0,0,0,0,0,0,0,0,0,0,0,0,0,0,0,0,0,0
GF6_B4_D64,1.90399,0.25334,0,0.3647,3.892,0,0,91.43861,0,0,0,0,0,0,0,0,0,0,0,0,0,0,0,0,0,0,2.14736,0,0,0,0,0,0,0,0,0,0,0,0,0,0,0,0,0,0,0,0,0,0,0,0,0
GF6_B4_D66,100,0,0,0,0,0,0,0,0,0,0,0,0,0,0,0,0,0,0,0,0,0,0,0,0,0,0,0,0,0,0,0,0,0,0,0,0,0,0,0,0,0,0,0,0,0,0,0,0,0,0,0
GF6_B4_D87,11.63394,0.29962,0,1.06973,12.38831,0,0,67.90207,4.98294,0,0,0,0.18406,0,0,0,0,0,0,0,0,0,0,0,0,0,1.53934,0,0,0,0,0,0,0,0,0,0,0,0,0,0,0,0,0,0,0,0,0,0,0,0,0
GF6_B4_D89,0,0,0,0,59.1325,0,0,0,0,0,0,0,0,0,0,0,0,0,0,0,0,0,0,0,0,0,40.8675,0,0,0,0,0,0,0,0,0,0,0,0,0,0,0,0,0,0,0,0,0,0,0,0,0
GF6_B4_D93,56.20303,2.81295,0,3.67403,1.42168,0,0,0.99491,6.561,0,0,0,0,0,0,0,0,0,0,0,0,0,0,0,0,0,28.33239,0,0,0,0,0,0,0,0,0,0,0,0,0,0,0,0,0,0,0,0,0,0,0,0,0
GF6_B5_COLON_D105,46.7356,0,0,23.59597,1.06112,0,0,0.45811,2.44121,0,0,0,0,0,0,0,0,0,0,0,0,0,0,0,0,0,25.708,0,0,0,0,0,0,0,0,0,0,0,0,0,0,0,0,0,0,0,0,0,0,0,0,0
GF6_B5_D66,77.26396,0,0,22.73604,0,0,0,0,0,0,0,0,0,0,0,0,0,0,0,0,0,0,0,0,0,0,0,0,0,0,0,0,0,0,0,0,0,0,0,0,0,0,0,0,0,0,0,0,0,0,0,0
GF6_B5_D90,0,0,0,0,34.8996,0,0,0,0,0,0,0,0,0,0,0,0,0,0,0,0,0,0,0,0,0,56.18828,0,0,0,0,0,0,0,0,0,0,0,0,0,8.91212,0,0,0,0,0,0,0,0,0,0,0
GF6_B5_D91,0,0,0,0,32.1902,0,0,0,0,0,0,0,0,0,0,0,0,0,0,0,0,0,0,0,0,0,67.8098,0,0,0,0,0,0,0,0,0,0,0,0,0,0,0,0,0,0,0,0,0,0,0,0,0
GF6_B6_COLON_D105,44.72691,0.45401,0,25.61531,0.91414,0,0,1.33489,1.22046,0,0,0,0,0,0,0,0,0,0,0,0,0,0,0,0,0,25.53486,0.19942,0,0,0,0,0,0,0,0,0,0,0,0,0,0,0,0,0,0,0,0,0,0,0,0
GF6_B6_D63,0,0.26542,0,0,7.34992,0,0,91.32653,0,0,0,0,0,0,0,0,0,0,0,0,0,0,0,0,0,0,1.05813,0,0,0,0,0,0,0,0,0,0,0,0,0,0,0,0,0,0,0,0,0,0,0,0,0
GF6_B6_D64,1.45719,0.24214,0,0.52301,6.04352,0,0,90.23464,0,0,0,0,0.13206,0,0,0,0,0,0,0,0,0,0,0,0,0,1.33957,0,0,0,0,0,0,0,0,0,0,0,0,0,0.02788,0,0,0,0,0,0,0,0,0,0,0
GF6_B6_D66,76.51673,2.58673,0,13.45714,0.63889,0,0,4.61263,2.18787,0,0,0,0,0,0,0,0,0,0,0,0,0,0,0,0,0,0,0,0,0,0,0,0,0,0,0,0,0,0,0,0,0,0,0,0,0,0,0,0,0,0,0
GF6_B6_D87,0,49.56117,0,0,0,0,0,6.38795,44.05087,0,0,0,0,0,0,0,0,0,0,0,0,0,0,0,0,0,0,0,0,0,0,0,0,0,0,0,0,0,0,0,0,0,0,0,0,0,0,0,0,0,0,0
GF6_B6_D90,0,0,0,0,44.07589,0,0,0,0,0,0,0,0,0,0,0,0,0,0,0,0,0,0,0,0,0,55.92411,0,0,0,0,0,0,0,0,0,0,0,0,0,0,0,0,0,0,0,0,0,0,0,0,0
GF6_B6_D91,0,0,0,0,82.13645,0,0,0,0,0,0,0,0,0,0,0,0,0,0,0,0,0,0,0,0,0,17.86355,0,0,0,0,0,0,0,0,0,0,0,0,0,0,0,0,0,0,0,0,0,0,0,0,0
GF6_B6_D93,25.32,2.53954,0,13.9017,21.44608,0,0,0,35.77491,0,0,0,0,0,0,0,0,0,0,0,0,0,0,0,0,0,1.01776,0,0,0,0,0,0,0,0,0,0,0,0,0,0,0,0,0,0,0,0,0,0,0,0,0
GF6_B7_COLON_D105,62.08368,0.93942,0,22.4218,0.29836,0,0,1.8521,0,0,0,0,0,0,0,0,0,0,0,0,0,0,0,0,0,0,12.40464,0,0,0,0,0,0,0,0,0,0,0,0,0,0,0,0,0,0,0,0,0,0,0,0,0
GF6_B7_D63,0,0,0,0,16.88059,0,0,81.57951,0.20322,0,0,0,0,0,0,0,0,0,0,0,0,0,0,0,0,0,1.33669,0,0,0,0,0,0,0,0,0,0,0,0,0,0,0,0,0,0,0,0,0,0,0,0,0
GF6_B7_D66,72.23201,0,0,3.67364,1.63209,0,0,22.46226,0,0,0,0,0,0,0,0,0,0,0,0,0,0,0,0,0,0,0,0,0,0,0,0,0,0,0,0,0,0,0,0,0,0,0,0,0,0,0,0,0,0,0,0
GF6_B7_D87,0,76.76282,0,0,1.03911,0,0,0,22.19807,0,0,0,0,0,0,0,0,0,0,0,0,0,0,0,0,0,0,0,0,0,0,0,0,0,0,0,0,0,0,0,0,0,0,0,0,0,0,0,0,0,0,0
GF6_B7_D90,0,0,0,0,36.89766,0,0,0,0,0,0,0,0.38536,0,0,0,0,0,0,0,0,0,0,0,0,0,62.42619,0,0,0,0,0,0,0,0,0,0,0,0,0,0.2908,0,0,0,0,0,0,0,0,0,0,0
GF6_B7_D91,0,0,0,0,0,0,0,0,0,0,0,0,0,0,0,0,0,0,0,0,0,0,0,0,0,0,100,0,0,0,0,0,0,0,0,0,0,0,0,0,0,0,0,0,0,0,0,0,0,0,0,0
GF6_B7_D93,70.87102,0,0,7.69485,3.30396,0,0,0,18.13017,0,0,0,0,0,0,0,0,0,0,0,0,0,0,0,0,0,0,0,0,0,0,0,0,0,0,0,0,0,0,0,0,0,0,0,0,0,0,0,0,0,0,0
GF6_B8_COLON_D105,61.13897,3.8885,6.08026,12.19837,1.55647,1.51131,0.09483,1.22881,0.28801,0.42978,0,0.36394,0,0,0,0,0,0,0,0,0,0,0,0,0,0,11.22074,0,0,0,0,0,0,0,0,0,0,0,0,0,0,0,0,0,0,0,0,0,0,0,0,0
GF6_B8_D63,0.27722,0.24857,0,0,3.79838,0,0,30.70909,63.63809,0,0,0,0,0,0,0,0,0,0,0,0,0,0,0,0,0,1.32866,0,0,0,0,0,0,0,0,0,0,0,0,0,0,0,0,0,0,0,0,0,0,0,0,0
GF6_B8_D66,63.30618,8.17208,0,14.95485,6.72359,0,0,4.28368,2.12899,0,0,0,0,0,0,0,0,0,0,0,0,0,0,0,0,0,0,0.43062,0,0,0,0,0,0,0,0,0,0,0,0,0,0,0,0,0,0,0,0,0,0,0,0
GF6_B8_D91,43.83914,11.46753,0,12.23483,31.81388,0,0,0,0,0,0,0,0,0,0,0,0,0,0,0,0,0,0,0,0,0,0.64463,0,0,0,0,0,0,0,0,0,0,0,0,0,0,0,0,0,0,0,0,0,0,0,0,0
GF6_B9_D66,66.27248,2.95851,0,26.12831,0,0,0,0,4.52307,0,0,0,0,0,0,0,0,0,0,0,0,0,0,0,0,0,0,0.11763,0,0,0,0,0,0,0,0,0,0,0,0,0,0,0,0,0,0,0,0,0,0,0,0
GF6_GFPBS1_COLON,0,0,0,100,0,0,0,0,0,0,0,0,0,0,0,0,0,0,0,0,0,0,0,0,0,0,0,0,0,0,0,0,0,0,0,0,0,0,0,0,0,0,0,0,0,0,0,0,0,0,0,0
GF6_GFPBS2_COLON,0,0,0,100,0,0,0,0,0,0,0,0,0,0,0,0,0,0,0,0,0,0,0,0,0,0,0,0,0,0,0,0,0,0,0,0,0,0,0,0,0,0,0,0,0,0,0,0,0,0,0,0
GF6_GFPBS3_COLON,0,0,0,100,0,0,0,0,0,0,0,0,0,0,0,0,0,0,0,0,0,0,0,0,0,0,0,0,0,0,0,0,0,0,0,0,0,0,0,0,0,0,0,0,0,0,0,0,0,0,0,0
GF6_INOC,27.68836,0.43965,0,2.08204,4.35527,4.96919,0,4.58874,2.61253,0,0,3.13947,1.94812,0,0,0,0,0,0,0,0,0,0,0,0,1.40675,45.74954,0.49547,0.29188,0.23299,0,0,0,0,0,0,0,0,0,0,0,0,0,0,0,0,0,0,0,0,0,0
GF6_WATER_H11,7.34031,0,0,0.08532,5.65997,0,0,6.34458,2.87006,0,0,0,0,0,0,0,0,0,0,0,0,0,0,0,0,0,77.69976,0,0,0,0,0,0,0,0,0,0,0,0,0,0,0,0,0,0,0,0,0,0,0,0,0
GF7_A1_COLON_D47,47.69723,6.8327,19.60945,8.67163,0.64879,0,0,0,2.48214,2.42183,0,0,0.58068,0,6.64368,1.68468,1.57537,0.12939,1.02241,0,0,0,0,0,0,0,0,0,0,0,0,0,0,0,0,0,0,0,0,0,0,0,0,0,0,0,0,0,0,0,0,0
GF7_A3_COLON_D47,31.50146,6.46628,32.19554,12.33405,2.08882,0,0,0.19759,15.21626,0,0,0,0,0,0,0,0,0,0,0,0,0,0,0,0,0,0,0,0,0,0,0,0,0,0,0,0,0,0,0,0,0,0,0,0,0,0,0,0,0,0,0
GF7_A4_COLON_D47,41.1775,2.45912,27.15261,13.60378,1.37121,0,0,0,4.34822,5.84364,0,0,4.04392,0,0,0,0,0,0,0,0,0,0,0,0,0,0,0,0,0,0,0,0,0,0,0,0,0,0,0,0,0,0,0,0,0,0,0,0,0,0,0
GF7_A5_COLON_D47,53.06524,0,19.35101,22.0139,0,0,0,0,3.87467,1.09684,0,0,0.59834,0,0,0,0,0,0,0,0,0,0,0,0,0,0,0,0,0,0,0,0,0,0,0,0,0,0,0,0,0,0,0,0,0,0,0,0,0,0,0
GF7_A6_COLON_D47,54.14515,2.01591,17.84674,16.79217,1.31192,0,0,1.15862,3.86483,0.78643,0,0,2.07822,0,0,0,0,0,0,0,0,0,0,0,0,0,0,0,0,0,0,0,0,0,0,0,0,0,0,0,0,0,0,0,0,0,0,0,0,0,0,0
GF7_A7_COLON_D47,27.34183,9.19726,42.93163,12.66429,0,0,0,0,7.86499,0,0,0,0,0,0,0,0,0,0,0,0,0,0,0,0,0,0,0,0,0,0,0,0,0,0,0,0,0,0,0,0,0,0,0,0,0,0,0,0,0,0,0
GF7_ADAM_D0,0,0,0,0,0,0,0,0,0,0,0,0,0,0,0,0,0,0,0,0,0,0,0,0,0,0,0,0,0,0,0,0,0,0,0,0,0,0,0,0,100,0,0,0,0,0,0,0,0,0,0,0
GF7_ADAM_D5,26.10646,2.286,0,8.79305,1.32836,16.09577,0,2.86697,0.60373,0,0,0,0.66697,0,0,0,0,0,0,0,0,0,0,0,0,0,41.07933,0.07254,0.04666,0.05416,0,0,0,0,0,0,0,0,0,0,0,0,0,0,0,0,0,0,0,0,0,0
GF7_ADAM_D78,26.84908,0,0,3.13781,1.53942,8.50978,0,3.87442,1.84524,0,0,4.30023,2.69859,0,0,0,0,0,0,0,0,0,0,0,0,0.45684,45.95058,0.72473,0,0.1133,0,0,0,0,0,0,0,0,0,0,0,0,0,0,0,0,0,0,0,0,0,0
GF7_ASIRE_D36,40.76869,16.49631,16.77449,6.40222,3.06225,6.75266,2.08675,0.75851,0.84201,3.20064,0.42571,1.80472,0.62504,0,0,0,0,0,0,0,0,0,0,0,0,0,0,0,0,0,0,0,0,0,0,0,0,0,0,0,0,0,0,0,0,0,0,0,0,0,0,0
GF7_B1_COLON_D47,63.45403,10.03,9.76863,0.74379,2.53792,6.10125,0.77226,1.50697,0,1.96584,1.40286,1.24397,0.47249,0,0,0,0,0,0,0,0,0,0,0,0,0,0,0,0,0,0,0,0,0,0,0,0,0,0,0,0,0,0,0,0,0,0,0,0,0,0,0
GF7_B1_D30,2.75989,91.9709,0.05326,0.99348,3.38503,0,0,0,0.83743,0,0,0,0,0,0,0,0,0,0,0,0,0,0,0,0,0,0,0,0,0,0,0,0,0,0,0,0,0,0,0,0,0,0,0,0,0,0,0,0,0,0,0
GF7_B1_D31,5.97637,62.24258,12.70193,1.97688,1.90577,0,0.10696,0,11.11536,0,0,0,3.97414,0,0,0,0,0,0,0,0,0,0,0,0,0,0,0,0,0,0,0,0,0,0,0,0,0,0,0,0,0,0,0,0,0,0,0,0,0,0,0
GF7_B1_D32,29.6834,21.08154,28.79431,13.3632,1.51046,0,0,0,5.56709,0,0,0,0,0,0,0,0,0,0,0,0,0,0,0,0,0,0,0,0,0,0,0,0,0,0,0,0,0,0,0,0,0,0,0,0,0,0,0,0,0,0,0
GF7_B1_D33,27.33132,9.85449,38.38454,9.35196,0.79999,0,0,0,14.2777,0,0,0,0,0,0,0,0,0,0,0,0,0,0,0,0,0,0,0,0,0,0,0,0,0,0,0,0,0,0,0,0,0,0,0,0,0,0,0,0,0,0,0
GF7_B1_D36,40.96728,1.57824,25.96442,7.00699,1.74851,0,0.27475,0,22.45982,0,0,0,0,0,0,0,0,0,0,0,0,0,0,0,0,0,0,0,0,0,0,0,0,0,0,0,0,0,0,0,0,0,0,0,0,0,0,0,0,0,0,0
GF7_B2_COLON_D47,54.12543,9.38133,9.8953,5.01041,3.17198,7.50143,0.83767,0.88784,0.40408,4.09848,2.69045,1.86219,0.13341,0,0,0,0,0,0,0,0,0,0,0,0,0,0,0,0,0,0,0,0,0,0,0,0,0,0,0,0,0,0,0,0,0,0,0,0,0,0,0
GF7_B2_D30,0.43847,97.95659,0.04643,0.73003,0.82848,0,0,0,0,0,0,0,0,0,0,0,0,0,0,0,0,0,0,0,0,0,0,0,0,0,0,0,0,0,0,0,0,0,0,0,0,0,0,0,0,0,0,0,0,0,0,0
GF7_B2_D34,27.4102,9.24332,35.6011,5.63457,1.2373,0,0,0,20.8735,0,0,0,0,0,0,0,0,0,0,0,0,0,0,0,0,0,0,0,0,0,0,0,0,0,0,0,0,0,0,0,0,0,0,0,0,0,0,0,0,0,0,0
GF7_B2_D36,32.89637,1.46937,20.98222,8.51487,0.86662,0,0,0,35.27055,0,0,0,0,0,0,0,0,0,0,0,0,0,0,0,0,0,0,0,0,0,0,0,0,0,0,0,0,0,0,0,0,0,0,0,0,0,0,0,0,0,0,0
GF7_B3_D30,0.49072,97.88692,0,0.5729,1.04946,0,0,0,0,0,0,0,0,0,0,0,0,0,0,0,0,0,0,0,0,0,0,0,0,0,0,0,0,0,0,0,0,0,0,0,0,0,0,0,0,0,0,0,0,0,0,0
GF7_B3_D31,17.27881,76.59935,0.63242,2.22202,2.96331,0,0,0,0.3041,0,0,0,0,0,0,0,0,0,0,0,0,0,0,0,0,0,0,0,0,0,0,0,0,0,0,0,0,0,0,0,0,0,0,0,0,0,0,0,0,0,0,0
GF7_B3_D33,30.10295,20.97924,28.67273,11.67345,4.7071,0,0,0,3.86452,0,0,0,0,0,0,0,0,0,0,0,0,0,0,0,0,0,0,0,0,0,0,0,0,0,0,0,0,0,0,0,0,0,0,0,0,0,0,0,0,0,0,0
GF7_B3_D36,23.09372,0.43636,32.03328,7.44845,4.15868,0,0.0916,1.98755,30.75035,0,0,0,0,0,0,0,0,0,0,0,0,0,0,0,0,0,0,0,0,0,0,0,0,0,0,0,0,0,0,0,0,0,0,0,0,0,0,0,0,0,0,0
GF7_B4_COLON_D47,26.08081,32.96152,19.11383,6.63614,3.11124,6.1236,0.13073,3.46479,0,2.34542,0.03193,0,0,0,0,0,0,0,0,0,0,0,0,0,0,0,0,0,0,0,0,0,0,0,0,0,0,0,0,0,0,0,0,0,0,0,0,0,0,0,0,0
GF7_B4_D35,20.35296,11.41893,58.38157,8.52822,0.07011,0,0,0,1.24821,0,0,0,0,0,0,0,0,0,0,0,0,0,0,0,0,0,0,0,0,0,0,0,0,0,0,0,0,0,0,0,0,0,0,0,0,0,0,0,0,0,0,0
GF7_B4_D36,10.99346,4.23416,51.66435,5.58039,0.79182,0,0,0.38819,26.34762,0,0,0,0,0,0,0,0,0,0,0,0,0,0,0,0,0,0,0,0,0,0,0,0,0,0,0,0,0,0,0,0,0,0,0,0,0,0,0,0,0,0,0
GF7_B5_COLON_D47,43.26439,14.482,10.60289,6.05009,4.16548,7.15459,0.58997,1.03333,0.18287,4.1475,5.77343,2.20333,0.35012,0,0,0,0,0,0,0,0,0,0,0,0,0,0,0,0,0,0,0,0,0,0,0,0,0,0,0,0,0,0,0,0,0,0,0,0,0,0,0
GF7_B5_D30,7.85346,84.53784,1.36911,2.13624,3.34235,0,0,0,0.40044,0,0,0,0.36055,0,0,0,0,0,0,0,0,0,0,0,0,0,0,0,0,0,0,0,0,0,0,0,0,0,0,0,0,0,0,0,0,0,0,0,0,0,0,0
GF7_B5_D36,17.01446,0.99581,36.41707,7.28261,3.77015,0,0.15447,1.72795,32.63748,0,0,0,0,0,0,0,0,0,0,0,0,0,0,0,0,0,0,0,0,0,0,0,0,0,0,0,0,0,0,0,0,0,0,0,0,0,0,0,0,0,0,0
GF7_B6_COLON_D47,0,100,0,0,0,0,0,0,0,0,0,0,0,0,0,0,0,0,0,0,0,0,0,0,0,0,0,0,0,0,0,0,0,0,0,0,0,0,0,0,0,0,0,0,0,0,0,0,0,0,0,0
GF7_B8_COLON_D47,0,0,0,0,0,0,0,0,0,0,0,0,0,0,0,0,0,0,0,0,0,0,0,0,100,0,0,0,0,0,0,0,0,0,0,0,0,0,0,0,0,0,0,0,0,0,0,0,0,0,0,0
GF7_BDAM_D1,38.63996,50.65914,2.82021,3.95187,3.43427,0.49455,0,0,0,0,0,0,0,0,0,0,0,0,0,0,0,0,0,0,0,0,0,0,0,0,0,0,0,0,0,0,0,0,0,0,0,0,0,0,0,0,0,0,0,0,0,0
GF7_BDAM_D78,56.76119,0,0,3.0712,8.88023,6.17624,0,3.9793,14.73001,0,0,0,0.92277,0,0,0,0,0,0,0,0,0,0,0,0,0,4.00992,1.46914,0,0,0,0,0,0,0,0,0,0,0,0,0,0,0,0,0,0,0,0,0,0,0,0
GF7_BSIRE_D12,34.83642,9.92654,22.03933,8.20275,3.23542,6.38053,0.39302,5.18028,0,3.0174,2.52964,2.67459,1.58408,0,0,0,0,0,0,0,0,0,0,0,0,0,0,0,0,0,0,0,0,0,0,0,0,0,0,0,0,0,0,0,0,0,0,0,0,0,0,0
GF7_BSIRE_D20,47.24787,3.37989,21.63689,10.19495,2.37318,5.61468,1.24377,0.87773,0.38543,2.19083,2.05388,2.03949,0.76143,0,0,0,0,0,0,0,0,0,0,0,0,0,0,0,0,0,0,0,0,0,0,0,0,0,0,0,0,0,0,0,0,0,0,0,0,0,0,0
GF7_BSIRE_D36,60.61815,1.66135,13.02498,12.38047,1.13697,4.77706,0.83395,0.82282,0.82728,1.56399,0.51384,1.20541,0.63373,0,0,0,0,0,0,0,0,0,0,0,0,0,0,0,0,0,0,0,0,0,0,0,0,0,0,0,0,0,0,0,0,0,0,0,0,0,0,0
GF7_C1_COLON_D47,71.22042,3.894,7.36456,3.80111,2.55381,5.78855,1.10233,4.10815,0.16707,0,0,0,0,0,0,0,0,0,0,0,0,0,0,0,0,0,0,0,0,0,0,0,0,0,0,0,0,0,0,0,0,0,0,0,0,0,0,0,0,0,0,0
GF7_C1_D30,8.33893,85.07169,1.10739,2.21614,2.64286,0,0,0,0.18799,0,0,0,0.435,0,0,0,0,0,0,0,0,0,0,0,0,0,0,0,0,0,0,0,0,0,0,0,0,0,0,0,0,0,0,0,0,0,0,0,0,0,0,0
GF7_C1_D34,0,0,0,0,100,0,0,0,0,0,0,0,0,0,0,0,0,0,0,0,0,0,0,0,0,0,0,0,0,0,0,0,0,0,0,0,0,0,0,0,0,0,0,0,0,0,0,0,0,0,0,0
GF7_C1_D36,29.11466,3.29876,43.81937,6.2246,0.6761,0,0,0,16.86651,0,0,0,0,0,0,0,0,0,0,0,0,0,0,0,0,0,0,0,0,0,0,0,0,0,0,0,0,0,0,0,0,0,0,0,0,0,0,0,0,0,0,0
GF7_C2_COLON_D47,47.37758,13.18987,17.47126,0.52232,4.99452,7.83072,0.59474,7.95606,0.06292,0,0,0,0,0,0,0,0,0,0,0,0,0,0,0,0,0,0,0,0,0,0,0,0,0,0,0,0,0,0,0,0,0,0,0,0,0,0,0,0,0,0,0
GF7_C2_D30,1.32419,77.66969,0.25275,0.40607,2.00575,0,16.40104,0,1.9405,0,0,0,0,0,0,0,0,0,0,0,0,0,0,0,0,0,0,0,0,0,0,0,0,0,0,0,0,0,0,0,0,0,0,0,0,0,0,0,0,0,0,0
GF7_C2_D32,0,0,0,0,100,0,0,0,0,0,0,0,0,0,0,0,0,0,0,0,0,0,0,0,0,0,0,0,0,0,0,0,0,0,0,0,0,0,0,0,0,0,0,0,0,0,0,0,0,0,0,0
GF7_C2_D33,0,0,0,0,99.3843,0,0,0,0,0,0,0,0,0,0,0,0,0,0,0,0,0,0,0,0,0,0,0,0,0,0,0,0,0,0,0,0,0,0,0,0.6157,0,0,0,0,0,0,0,0,0,0,0
GF7_C2_D36,37.42467,1.74477,26.2343,6.1302,7.84593,0,0.0423,0,20.57783,0,0,0,0,0,0,0,0,0,0,0,0,0,0,0,0,0,0,0,0,0,0,0,0,0,0,0,0,0,0,0,0,0,0,0,0,0,0,0,0,0,0,0
GF7_C3_COLON_D47,48.85424,8.92356,16.19263,3.58056,3.53297,7.79211,2.09275,8.40005,0.63113,0,0,0,0,0,0,0,0,0,0,0,0,0,0,0,0,0,0,0,0,0,0,0,0,0,0,0,0,0,0,0,0,0,0,0,0,0,0,0,0,0,0,0
GF7_C3_D30,0,99.76565,0.14309,0,0,0,0,0,0.09126,0,0,0,0,0,0,0,0,0,0,0,0,0,0,0,0,0,0,0,0,0,0,0,0,0,0,0,0,0,0,0,0,0,0,0,0,0,0,0,0,0,0,0
GF7_C3_D31,0,98.0749,0,0,1.2602,0,0,0,0.6649,0,0,0,0,0,0,0,0,0,0,0,0,0,0,0,0,0,0,0,0,0,0,0,0,0,0,0,0,0,0,0,0,0,0,0,0,0,0,0,0,0,0,0
GF7_C3_D33,0,0,0,0,100,0,0,0,0,0,0,0,0,0,0,0,0,0,0,0,0,0,0,0,0,0,0,0,0,0,0,0,0,0,0,0,0,0,0,0,0,0,0,0,0,0,0,0,0,0,0,0
GF7_C3_D34,0,0,5.13201,5.73106,89.02347,0,0.11346,0,0,0,0,0,0,0,0,0,0,0,0,0,0,0,0,0,0,0,0,0,0,0,0,0,0,0,0,0,0,0,0,0,0,0,0,0,0,0,0,0,0,0,0,0
GF7_C4_COLON_D47,59.67576,7.5369,11.97064,3.41758,3.27093,7.84633,1.26478,4.58383,0.43326,0,0,0,0,0,0,0,0,0,0,0,0,0,0,0,0,0,0,0,0,0,0,0,0,0,0,0,0,0,0,0,0,0,0,0,0,0,0,0,0,0,0,0
GF7_C4_D31,0.05732,92.41965,0,0.46827,1.82193,0,5.23284,0,0,0,0,0,0,0,0,0,0,0,0,0,0,0,0,0,0,0,0,0,0,0,0,0,0,0,0,0,0,0,0,0,0,0,0,0,0,0,0,0,0,0,0,0
GF7_C4_D32,0,88.16373,4.39636,0,7.4399,0,0,0,0,0,0,0,0,0,0,0,0,0,0,0,0,0,0,0,0,0,0,0,0,0,0,0,0,0,0,0,0,0,0,0,0,0,0,0,0,0,0,0,0,0,0,0
GF7_CONTAMINANT,0.44722,0,0,1.74343,6.31616,0,0,0,0,0,0,0,0,0,91.4932,0,0,0,0,0,0,0,0,0,0,0,0,0,0,0,0,0,0,0,0,0,0,0,0,0,0,0,0,0,0,0,0,0,0,0,0,0
GF7_INOC,1.3406,82.15489,3.34294,0.52694,8.22939,4.25532,0,0,0,0,0,0,0,0,0,0,0,0,0,0,0,0,0.14992,0,0,0,0,0,0,0,0,0,0,0,0,0,0,0,0,0,0,0,0,0,0,0,0,0,0,0,0,0
GF7_WATER,0,100,0,0,0,0,0,0,0,0,0,0,0,0,0,0,0,0,0,0,0,0,0,0,0,0,0,0,0,0,0,0,0,0,0,0,0,0,0,0,0,0,0,0,0,0,0,0,0,0,0,0
GF8_A1_COLON_D46,39.91397,10.7135,31.85846,10.17762,0.78921,3.96145,0.35902,0.95029,0.24058,0.84779,0,0.16584,0,0.02228,0,0,0,0,0,0,0,0,0,0,0,0,0,0,0,0,0,0,0,0,0,0,0,0,0,0,0,0,0,0,0,0,0,0,0,0,0,0
GF8_A1_D30,29.07505,35.36489,16.46566,7.56851,2.29167,6.59042,0.68928,0,1.11455,0.33074,0.22087,0.28834,0,0,0,0,0,0,0,0,0,0,0,0,0,0,0,0,0,0,0,0,0,0,0,0,0,0,0,0,0,0,0,0,0,0,0,0,0,0,0,0
GF8_A1_D33,0,100,0,0,0,0,0,0,0,0,0,0,0,0,0,0,0,0,0,0,0,0,0,0,0,0,0,0,0,0,0,0,0,0,0,0,0,0,0,0,0,0,0,0,0,0,0,0,0,0,0,0
GF8_A1_D35,26.8106,19.43092,7.90318,7.8887,0,2.46023,0,0,35.50637,0,0,0,0,0,0,0,0,0,0,0,0,0,0,0,0,0,0,0,0,0,0,0,0,0,0,0,0,0,0,0,0,0,0,0,0,0,0,0,0,0,0,0
GF8_A2_COLON_D46,43.47074,10.78122,14.56684,18.60729,1.31868,6.94704,0.35437,0,0.85327,1.3721,1.26143,0.36331,0,0.10369,0,0,0,0,0,0,0,0,0,0,0,0,0,0,0,0,0,0,0,0,0,0,0,0,0,0,0,0,0,0,0,0,0,0,0,0,0,0
GF8_A2_D30,3.87654,88.80641,0,0.69803,3.71126,0,0,1.54567,0,0,0,0,0,0,0,0,0,0,0,0,0,0,0,0,0,0,1.3621,0,0,0,0,0,0,0,0,0,0,0,0,0,0,0,0,0,0,0,0,0,0,0,0,0
GF8_A2_D35,2.91936,39.46907,11.23461,2.39996,0,0,0,21.26726,22.70973,0,0,0,0,0,0,0,0,0,0,0,0,0,0,0,0,0,0,0,0,0,0,0,0,0,0,0,0,0,0,0,0,0,0,0,0,0,0,0,0,0,0,0
GF8_A3_D30,8.75241,81.46577,3.41517,3.16052,1.98807,0.76699,0,0,0,0,0,0,0,0,0,0,0,0,0,0,0,0,0,0,0,0,0.45107,0,0,0,0,0,0,0,0,0,0,0,0,0,0,0,0,0,0,0,0,0,0,0,0,0
GF8_A4_D30,16.62484,49.07373,0,3.17038,0.72641,0,0,0,0.45852,0,0,0,0,0,0,0,0,0,0,0,0,0,0,0,0,0,29.94613,0,0,0,0,0,0,0,0,0,0,0,0,0,0,0,0,0,0,0,0,0,0,0,0,0
GF8_A4_D31,0,100,0,0,0,0,0,0,0,0,0,0,0,0,0,0,0,0,0,0,0,0,0,0,0,0,0,0,0,0,0,0,0,0,0,0,0,0,0,0,0,0,0,0,0,0,0,0,0,0,0,0
GF8_A4_D32,0,95.58967,4.41033,0,0,0,0,0,0,0,0,0,0,0,0,0,0,0,0,0,0,0,0,0,0,0,0,0,0,0,0,0,0,0,0,0,0,0,0,0,0,0,0,0,0,0,0,0,0,0,0,0
GF8_A4_D33,0,99.50546,0,0,0.49454,0,0,0,0,0,0,0,0,0,0,0,0,0,0,0,0,0,0,0,0,0,0,0,0,0,0,0,0,0,0,0,0,0,0,0,0,0,0,0,0,0,0,0,0,0,0,0
GF8_A5_D30,0.09688,95.92299,0,0,0,0,0,0,0,0,0,0,0,0,0,0,0,0,0,0,0,0,0,0,0,0,3.98013,0,0,0,0,0,0,0,0,0,0,0,0,0,0,0,0,0,0,0,0,0,0,0,0,0
GF8_A7_D32,30.60009,20.22809,39.70173,6.0082,0.02295,0.18687,0,0.84834,2.40373,0,0,0,0,0,0,0,0,0,0,0,0,0,0,0,0,0,0,0,0,0,0,0,0,0,0,0,0,0,0,0,0,0,0,0,0,0,0,0,0,0,0,0
GF8_ADAM_D0,50.72124,12.41156,19.53585,1.54793,2.0768,5.35109,1.26415,2.0587,0.81657,1.54492,0.71535,1.17413,0.32856,0,0,0,0,0,0,0,0,0,0,0,0,0,0.45315,0,0,0,0,0,0,0,0,0,0,0,0,0,0,0,0,0,0,0,0,0,0,0,0,0
GF8_B1_COLON_D46,45.19133,12.29241,16.59344,16.28249,1.67006,5.31262,0.94689,0.10496,0.28828,0.59897,0.526,0.19255,0,0,0,0,0,0,0,0,0,0,0,0,0,0,0,0,0,0,0,0,0,0,0,0,0,0,0,0,0,0,0,0,0,0,0,0,0,0,0,0
GF8_B1_D31,0,99.65069,0,0,0.34931,0,0,0,0,0,0,0,0,0,0,0,0,0,0,0,0,0,0,0,0,0,0,0,0,0,0,0,0,0,0,0,0,0,0,0,0,0,0,0,0,0,0,0,0,0,0,0
GF8_B1_D32,26.84927,42.60237,20.59356,6.69775,2.63715,0.11823,0,0.25213,0,0,0,0,0,0,0,0,0,0,0,0,0,0,0,0,0,0,0.24956,0,0,0,0,0,0,0,0,0,0,0,0,0,0,0,0,0,0,0,0,0,0,0,0,0
GF8_B1_D34,29.2387,16.45257,41.82424,5.94493,0.32185,0.84089,0.09322,1.65501,3.52359,0,0,0.105,0,0,0,0,0,0,0,0,0,0,0,0,0,0,0,0,0,0,0,0,0,0,0,0,0,0,0,0,0,0,0,0,0,0,0,0,0,0,0,0
GF8_B2_D32,31.56291,15.16379,40.50958,7.26012,1.59979,0.43967,0,1.09253,2.34956,0.02206,0,0,0,0,0,0,0,0,0,0,0,0,0,0,0,0,0,0,0,0,0,0,0,0,0,0,0,0,0,0,0,0,0,0,0,0,0,0,0,0,0,0
GF8_B3_D46,15.78338,58.42488,10.50546,9.03691,0,3.96176,0,0,0,0,0,0,0,0,0,0,0,0,0,0,0,0,0,0,0,0,2.28761,0,0,0,0,0,0,0,0,0,0,0,0,0,0,0,0,0,0,0,0,0,0,0,0,0
GF8_B4_COLON_D46,49.12382,9.11261,12.64927,19.48411,1.01849,4.98862,0.13327,0.85399,0.09253,0.4254,1.7463,0.37161,0,0,0,0,0,0,0,0,0,0,0,0,0,0,0,0,0,0,0,0,0,0,0,0,0,0,0,0,0,0,0,0,0,0,0,0,0,0,0,0
GF8_B4_D30,1.7096,89.19379,2.57547,1.72951,3.48619,0,0,0.43787,0.86756,0,0,0,0,0,0,0,0,0,0,0,0,0,0,0,0,0,0,0,0,0,0,0,0,0,0,0,0,0,0,0,0,0,0,0,0,0,0,0,0,0,0,0
GF8_B4_D33,30.65823,17.59477,34.17682,10.2201,1.19792,0,0,6.15216,0,0,0,0,0,0,0,0,0,0,0,0,0,0,0,0,0,0,0,0,0,0,0,0,0,0,0,0,0,0,0,0,0,0,0,0,0,0,0,0,0,0,0,0
GF8_B5_COLON_D46,42.36075,21.67906,9.58108,17.57446,0.76287,3.86904,0.57637,0.84418,1.74256,0.50992,0.4639,0.03581,0,0,0,0,0,0,0,0,0,0,0,0,0,0,0,0,0,0,0,0,0,0,0,0,0,0,0,0,0,0,0,0,0,0,0,0,0,0,0,0
GF8_B5_D34,33.65439,12.54694,40.80802,6.66828,0.80882,2.86821,0.22258,1.44378,0.36197,0.41504,0,0.20196,0,0,0,0,0,0,0,0,0,0,0,0,0,0,0,0,0,0,0,0,0,0,0,0,0,0,0,0,0,0,0,0,0,0,0,0,0,0,0,0
GF8_B5_D35,19.60887,23.01478,41.27537,8.51024,0.17001,0,0,1.57178,5.84896,0,0,0,0,0,0,0,0,0,0,0,0,0,0,0,0,0,0,0,0,0,0,0,0,0,0,0,0,0,0,0,0,0,0,0,0,0,0,0,0,0,0,0
GF8_B6_COLON_D46,50.9792,3.89895,11.00274,24.07781,0.95033,4.78319,1.01474,0.52671,0.17765,0.99482,0.76779,0.44749,0.37859,0,0,0,0,0,0,0,0,0,0,0,0,0,0,0,0,0,0,0,0,0,0,0,0,0,0,0,0,0,0,0,0,0,0,0,0,0,0,0
GF8_B6_D30,9.03161,81.42792,5.36611,2.21704,1.93449,0,0,0,0,0,0,0,0,0,0,0,0,0,0,0,0,0,0,0,0,0,0.02283,0,0,0,0,0,0,0,0,0,0,0,0,0,0,0,0,0,0,0,0,0,0,0,0,0
GF8_B6_D33,24.44208,16.33363,27.15123,15.82297,10.27133,0,0,3.08229,2.89647,0,0,0,0,0,0,0,0,0,0,0,0,0,0,0,0,0,0,0,0,0,0,0,0,0,0,0,0,0,0,0,0,0,0,0,0,0,0,0,0,0,0,0
GF8_B6_D34,33.54683,12.7206,39.93983,7.70683,1.21737,0.67841,0.09003,2.22945,1.8634,0.00724,0,0,0,0,0,0,0,0,0,0,0,0,0,0,0,0,0,0,0,0,0,0,0,0,0,0,0,0,0,0,0,0,0,0,0,0,0,0,0,0,0,0
GF8_B6_D35,19.98248,12.43157,36.14371,9.04021,0.26635,0,0.05212,1.18851,20.89506,0,0,0,0,0,0,0,0,0,0,0,0,0,0,0,0,0,0,0,0,0,0,0,0,0,0,0,0,0,0,0,0,0,0,0,0,0,0,0,0,0,0,0
GF8_B7_D33,11.67189,39.5899,23.90545,5.07645,11.50673,0,0,0.58276,7.66683,0,0,0,0,0,0,0,0,0,0,0,0,0,0,0,0,0,0,0,0,0,0,0,0,0,0,0,0,0,0,0,0,0,0,0,0,0,0,0,0,0,0,0
GF8_C1_COLON_D46,49.33023,10.01354,13.16774,20.24452,0.79122,4.78501,1.15417,0.51358,0,0,0,0,0,0,0,0,0,0,0,0,0,0,0,0,0,0,0,0,0,0,0,0,0,0,0,0,0,0,0,0,0,0,0,0,0,0,0,0,0,0,0,0
GF8_C1_D31,0,100,0,0,0,0,0,0,0,0,0,0,0,0,0,0,0,0,0,0,0,0,0,0,0,0,0,0,0,0,0,0,0,0,0,0,0,0,0,0,0,0,0,0,0,0,0,0,0,0,0,0
GF8_C1_D32,16.18227,44.31878,17.83401,5.71683,14.15032,1.79779,0,0,0,0,0,0,0,0,0,0,0,0,0,0,0,0,0,0,0,0,0,0,0,0,0,0,0,0,0,0,0,0,0,0,0,0,0,0,0,0,0,0,0,0,0,0
GF8_C1_D33,5.32113,43.79481,47.33128,3.55279,0,0,0,0,0,0,0,0,0,0,0,0,0,0,0,0,0,0,0,0,0,0,0,0,0,0,0,0,0,0,0,0,0,0,0,0,0,0,0,0,0,0,0,0,0,0,0,0
GF8_C1_D34,38.57473,12.21039,27.15041,9.63382,3.62958,5.4796,0.60817,0.82922,0.97426,0.40763,0.21414,0.28804,0,0,0,0,0,0,0,0,0,0,0,0,0,0,0,0,0,0,0,0,0,0,0,0,0,0,0,0,0,0,0,0,0,0,0,0,0,0,0,0
GF8_C2_COLON_D46,39.9124,19.32122,12.20022,18.72703,0.77471,4.83659,0.51365,1.30727,2.4069,0,0,0,0,0,0,0,0,0,0,0,0,0,0,0,0,0,0,0,0,0,0,0,0,0,0,0,0,0,0,0,0,0,0,0,0,0,0,0,0,0,0,0
GF8_C2_D30,30.74626,41.29238,1.82354,6.02411,1.03686,0,0,1.38023,0,0,0,0,0,0,0,0,0,0,0,0,0,0,0,0,0,0,17.69662,0,0,0,0,0,0,0,0,0,0,0,0,0,0,0,0,0,0,0,0,0,0,0,0,0
GF8_C2_D31,0,100,0,0,0,0,0,0,0,0,0,0,0,0,0,0,0,0,0,0,0,0,0,0,0,0,0,0,0,0,0,0,0,0,0,0,0,0,0,0,0,0,0,0,0,0,0,0,0,0,0,0
GF8_C3_D30,10.57522,79.60396,5.31976,0.94641,2.13814,0.80453,0.02551,0,0,0.21603,0,0.37046,0,0,0,0,0,0,0,0,0,0,0,0,0,0,0,0,0,0,0,0,0,0,0,0,0,0,0,0,0,0,0,0,0,0,0,0,0,0,0,0
GF8_C4_COLON_D46,38.19025,21.04717,13.34817,17.95586,1.01128,4.12814,0.39441,1.08299,2.84173,0,0,0,0,0,0,0,0,0,0,0,0,0,0,0,0,0,0,0,0,0,0,0,0,0,0,0,0,0,0,0,0,0,0,0,0,0,0,0,0,0,0,0
GF8_C4_D30,10.63418,78.04484,4.81872,1.02588,2.43946,0.89244,0,1.47398,0.34614,0.17172,0,0.15265,0,0,0,0,0,0,0,0,0,0,0,0,0,0,0,0,0,0,0,0,0,0,0,0,0,0,0,0,0,0,0,0,0,0,0,0,0,0,0,0
GF8_C4_D35,37.25101,13.63163,32.7117,9.99993,5.53532,0,0,0,0.87041,0,0,0,0,0,0,0,0,0,0,0,0,0,0,0,0,0,0,0,0,0,0,0,0,0,0,0,0,0,0,0,0,0,0,0,0,0,0,0,0,0,0,0
GF8_C5_COLON_D46,36.36392,19.99264,17.8648,13.88914,2.3428,3.85553,0.48337,0.26576,4.94204,0,0,0,0,0,0,0,0,0,0,0,0,0,0,0,0,0,0,0,0,0,0,0,0,0,0,0,0,0,0,0,0,0,0,0,0,0,0,0,0,0,0,0
GF8_C5_D30,0.81135,98.78815,0,0.12173,0.27877,0,0,0,0,0,0,0,0,0,0,0,0,0,0,0,0,0,0,0,0,0,0,0,0,0,0,0,0,0,0,0,0,0,0,0,0,0,0,0,0,0,0,0,0,0,0,0
GF8_C5_D35,38.17266,14.99368,25.10412,8.58019,4.21242,4.0071,1.07344,1.31544,2.54095,0,0,0,0,0,0,0,0,0,0,0,0,0,0,0,0,0,0,0,0,0,0,0,0,0,0,0,0,0,0,0,0,0,0,0,0,0,0,0,0,0,0,0
GF8_C6_COLON_D46,29.65441,25.68643,21.61953,12.05717,1.37025,4.07365,0.48119,2.06367,2.75067,0,0,0.24304,0,0,0,0,0,0,0,0,0,0,0,0,0,0,0,0,0,0,0,0,0,0,0,0,0,0,0,0,0,0,0,0,0,0,0,0,0,0,0,0
GF8_C6_D30,0.39995,98.88733,0,0,0.71272,0,0,0,0,0,0,0,0,0,0,0,0,0,0,0,0,0,0,0,0,0,0,0,0,0,0,0,0,0,0,0,0,0,0,0,0,0,0,0,0,0,0,0,0,0,0,0
GF8_C6_D32,0,44.89941,0,0,55.10059,0,0,0,0,0,0,0,0,0,0,0,0,0,0,0,0,0,0,0,0,0,0,0,0,0,0,0,0,0,0,0,0,0,0,0,0,0,0,0,0,0,0,0,0,0,0,0
GF8_C6_D34,32.06875,11.46453,28.76179,9.4734,18.23153,0,0,0,0,0,0,0,0,0,0,0,0,0,0,0,0,0,0,0,0,0,0,0,0,0,0,0,0,0,0,0,0,0,0,0,0,0,0,0,0,0,0,0,0,0,0,0
GF8_C7_COLON_D46,30.63032,27.19864,26.079,4.27007,1.83472,5.1248,0.64334,1.53513,2.07534,0.23909,0,0.36956,0,0,0,0,0,0,0,0,0,0,0,0,0,0,0,0,0,0,0,0,0,0,0,0,0,0,0,0,0,0,0,0,0,0,0,0,0,0,0,0
GF8_C7_D30,0,100,0,0,0,0,0,0,0,0,0,0,0,0,0,0,0,0,0,0,0,0,0,0,0,0,0,0,0,0,0,0,0,0,0,0,0,0,0,0,0,0,0,0,0,0,0,0,0,0,0,0
GF8_C7_D33,29.25297,26.27965,27.52468,7.31503,3.95398,3.48304,0,0,2.19064,0,0,0,0,0,0,0,0,0,0,0,0,0,0,0,0,0,0,0,0,0,0,0,0,0,0,0,0,0,0,0,0,0,0,0,0,0,0,0,0,0,0,0
GF8_C7_D35,30.41734,19.67782,28.61457,7.04273,2.36235,5.20647,0.87777,1.68521,3.70272,0,0,0.41303,0,0,0,0,0,0,0,0,0,0,0,0,0,0,0,0,0,0,0,0,0,0,0,0,0,0,0,0,0,0,0,0,0,0,0,0,0,0,0,0
GF8_INOC,55.10818,13.01398,15.05938,2.70468,1.78116,4.14159,1.29641,1.7234,0,1.88001,0.78009,1.08652,0.48204,0,0,0,0,0,0,0,0,0,0,0,0,0,0.94257,0,0,0,0,0,0,0,0,0,0,0,0,0,0,0,0,0,0,0,0,0,0,0,0,0
GF9_A_DAM_D0,36.33601,30.93928,15.75726,5.04991,1.23108,4.1846,0.61606,2.1564,3.66274,0.06665,0,0,0,0,0,0,0,0,0,0,0,0,0,0,0,0,0,0,0,0,0,0,0,0,0,0,0,0,0,0,0,0,0,0,0,0,0,0,0,0,0,0
GF9_A1_COLON_D33,0,48.93375,0,0,17.77745,0,33.28879,0,0,0,0,0,0,0,0,0,0,0,0,0,0,0,0,0,0,0,0,0,0,0,0,0,0,0,0,0,0,0,0,0,0,0,0,0,0,0,0,0,0,0,0,0
GF9_A1_D16,30.25602,41.14781,12.67301,5.51702,1.21081,3.71605,0.6046,0,4.87468,0,0,0,0,0,0,0,0,0,0,0,0,0,0,0,0,0,0,0,0,0,0,0,0,0,0,0,0,0,0,0,0,0,0,0,0,0,0,0,0,0,0,0
GF9_A1_D19,31.75193,9.88041,15.27656,13.82392,2.04157,0,0,0,22.23664,0,0,0,0,0,0,0,0,0,0,0,0,0,0,0,0,0,4.98897,0,0,0,0,0,0,0,0,0,0,0,0,0,0,0,0,0,0,0,0,0,0,0,0,0
GF9_A1_D20,34.8607,13.13226,26.18842,9.16047,4.84791,0,0,0.18612,11.62413,0,0,0,0,0,0,0,0,0,0,0,0,0,0,0,0,0,0,0,0,0,0,0,0,0,0,0,0,0,0,0,0,0,0,0,0,0,0,0,0,0,0,0
GF9_A1_D21,17.11024,27.81565,30.42797,2.63504,1.17944,0,0,0,20.83166,0,0,0,0,0,0,0,0,0,0,0,0,0,0,0,0,0,0,0,0,0,0,0,0,0,0,0,0,0,0,0,0,0,0,0,0,0,0,0,0,0,0,0
GF9_A2_COLON_D33,50.08089,1.63131,17.15763,19.46987,0,11.6603,0,0,0,0,0,0,0,0,0,0,0,0,0,0,0,0,0,0,0,0,0,0,0,0,0,0,0,0,0,0,0,0,0,0,0,0,0,0,0,0,0,0,0,0,0,0
GF9_A2_D21,20.4763,14.33924,35.08672,4.13552,2.7594,1.18238,0.17956,0,21.73286,0.10801,0,0,0,0,0,0,0,0,0,0,0,0,0,0,0,0,0,0,0,0,0,0,0,0,0,0,0,0,0,0,0,0,0,0,0,0,0,0,0,0,0,0
GF9_A3_COLON_D33,39.91472,10.1193,15.14708,21.24293,5.29283,5.49608,1.2892,0.45278,0.81459,0.08641,0.14408,0,0,0,0,0,0,0,0,0,0,0,0,0,0,0,0,0,0,0,0,0,0,0,0,0,0,0,0,0,0,0,0,0,0,0,0,0,0,0,0,0
GF9_A3_D18,18.62658,41.87757,26.74584,2.11791,1.99392,5.15913,0.93808,0.68477,1.78041,0,0,0.07579,0,0,0,0,0,0,0,0,0,0,0,0,0,0,0,0,0,0,0,0,0,0,0,0,0,0,0,0,0,0,0,0,0,0,0,0,0,0,0,0
GF9_A3_D19,8.80491,36.7653,24.63353,11.34642,4.07406,0,0,0.74851,13.62727,0,0,0,0,0,0,0,0,0,0,0,0,0,0,0,0,0,0,0,0,0,0,0,0,0,0,0,0,0,0,0,0,0,0,0,0,0,0,0,0,0,0,0
GF9_A3_D21,14.16531,12.80612,44.24817,2.88447,1.34615,0.36445,0,0,24.18534,0,0,0,0,0,0,0,0,0,0,0,0,0,0,0,0,0,0,0,0,0,0,0,0,0,0,0,0,0,0,0,0,0,0,0,0,0,0,0,0,0,0,0
GF9_A4_COLON_D33,36.01829,16.91118,19.23964,10.26564,7.10403,6.11879,1.57181,1.73451,0.88084,0.14006,0.01522,0,0,0,0,0,0,0,0,0,0,0,0,0,0,0,0,0,0,0,0,0,0,0,0,0,0,0,0,0,0,0,0,0,0,0,0,0,0,0,0,0
GF9_A4_D16,11.36037,67.9292,6.91216,2.73032,0.91545,1.7097,0.75879,0,7.684,0,0,0,0,0,0,0,0,0,0,0,0,0,0,0,0,0,0,0,0,0,0,0,0,0,0,0,0,0,0,0,0,0,0,0,0,0,0,0,0,0,0,0
GF9_A4_D17,33.39227,30.28364,21.14536,5.10526,1.42689,4.62946,0.70803,1.60752,1.45639,0.127,0,0.11817,0,0,0,0,0,0,0,0,0,0,0,0,0,0,0,0,0,0,0,0,0,0,0,0,0,0,0,0,0,0,0,0,0,0,0,0,0,0,0,0
GF9_A4_D18,28.17219,37.37993,18.07399,5.76528,2.18968,4.47597,0.61802,1.68368,1.58877,0,0,0.05248,0,0,0,0,0,0,0,0,0,0,0,0,0,0,0,0,0,0,0,0,0,0,0,0,0,0,0,0,0,0,0,0,0,0,0,0,0,0,0,0
GF9_A4_D19,22.61518,43.96866,6.31378,5.66738,8.27111,0,0,0,13.16388,0,0,0,0,0,0,0,0,0,0,0,0,0,0,0,0,0,0,0,0,0,0,0,0,0,0,0,0,0,0,0,0,0,0,0,0,0,0,0,0,0,0,0
GF9_A4_D20,25.95501,20.21014,23.23182,10.41666,9.30427,0,0.27499,0.5694,10.03772,0,0,0,0,0,0,0,0,0,0,0,0,0,0,0,0,0,0,0,0,0,0,0,0,0,0,0,0,0,0,0,0,0,0,0,0,0,0,0,0,0,0,0
GF9_A5_COLON_D33,40.82329,14.1809,19.76695,11.83851,5.03168,3.64305,2.02581,0,2.45774,0.23207,0,0,0,0,0,0,0,0,0,0,0,0,0,0,0,0,0,0,0,0,0,0,0,0,0,0,0,0,0,0,0,0,0,0,0,0,0,0,0,0,0,0
GF9_A5_D18,28.66719,35.95986,17.96245,5.70755,1.9272,3.7851,0.51204,1.26912,4.18075,0,0,0.02874,0,0,0,0,0,0,0,0,0,0,0,0,0,0,0,0,0,0,0,0,0,0,0,0,0,0,0,0,0,0,0,0,0,0,0,0,0,0,0,0
GF9_A5_D19,15.37673,18.22406,15.80532,4.63782,22.61763,0,0,0,23.33844,0,0,0,0,0,0,0,0,0,0,0,0,0,0,0,0,0,0,0,0,0,0,0,0,0,0,0,0,0,0,0,0,0,0,0,0,0,0,0,0,0,0,0
GF9_A6_COLON_D33,43.01388,11.26646,15.07171,17.70457,5.35314,3.86563,2.08501,0,0.45524,0.42171,0.76264,0,0,0,0,0,0,0,0,0,0,0,0,0,0,0,0,0,0,0,0,0,0,0,0,0,0,0,0,0,0,0,0,0,0,0,0,0,0,0,0,0
GF9_A6_D16,32.14908,35.30519,11.98026,7.89028,1.43455,4.45865,0.94311,1.61146,2.87285,0.62632,0.45923,0.23046,0.02965,0.0089,0,0,0,0,0,0,0,0,0,0,0,0,0,0,0,0,0,0,0,0,0,0,0,0,0,0,0,0,0,0,0,0,0,0,0,0,0,0
GF9_A6_D21,29.7415,0.9964,39.57432,5.24067,1.15269,0,0,0,23.29441,0,0,0,0,0,0,0,0,0,0,0,0,0,0,0,0,0,0,0,0,0,0,0,0,0,0,0,0,0,0,0,0,0,0,0,0,0,0,0,0,0,0,0
GF9_A7_D16,0.27176,98.20191,0,0.19553,1.3308,0,0,0,0,0,0,0,0,0,0,0,0,0,0,0,0,0,0,0,0,0,0,0,0,0,0,0,0,0,0,0,0,0,0,0,0,0,0,0,0,0,0,0,0,0,0,0
GF9_A7_D20,21.08166,13.77619,23.41719,9.44681,11.34315,0.1814,0.39224,1.44627,18.91509,0,0,0,0,0,0,0,0,0,0,0,0,0,0,0,0,0,0,0,0,0,0,0,0,0,0,0,0,0,0,0,0,0,0,0,0,0,0,0,0,0,0,0
GF9_C1_COLON_D33,55.0429,5.9009,11.84604,17.36596,0.54439,7.17897,0.47959,1.20679,0.4164,0,0,0.01806,0,0,0,0,0,0,0,0,0,0,0,0,0,0,0,0,0,0,0,0,0,0,0,0,0,0,0,0,0,0,0,0,0,0,0,0,0,0,0,0
GF9_C1_D16,3.70159,90.78751,0.71948,2.52883,1.80216,0.11847,0,0.34196,0,0,0,0,0,0,0,0,0,0,0,0,0,0,0,0,0,0,0,0,0,0,0,0,0,0,0,0,0,0,0,0,0,0,0,0,0,0,0,0,0,0,0,0
GF9_C1_D17,21.64257,55.02018,12.85768,2.98093,1.45167,1.9065,0.16618,0.79521,3.17909,0,0,0,0,0,0,0,0,0,0,0,0,0,0,0,0,0,0,0,0,0,0,0,0,0,0,0,0,0,0,0,0,0,0,0,0,0,0,0,0,0,0,0
GF9_C1_D19,12.61661,0.89852,20.30793,2.36386,44.7259,0,0,0,19.08718,0,0,0,0,0,0,0,0,0,0,0,0,0,0,0,0,0,0,0,0,0,0,0,0,0,0,0,0,0,0,0,0,0,0,0,0,0,0,0,0,0,0,0
GF9_C1_D21,29.36502,5.96058,47.74847,5.37802,7.58516,0,0.24408,0.39994,3.31873,0,0,0,0,0,0,0,0,0,0,0,0,0,0,0,0,0,0,0,0,0,0,0,0,0,0,0,0,0,0,0,0,0,0,0,0,0,0,0,0,0,0,0
GF9_C2_COLON_D33,58.07927,4.69847,12.5975,16.25698,0.97762,5.86483,0.68961,0.28595,0.54976,0,0,0,0,0,0,0,0,0,0,0,0,0,0,0,0,0,0,0,0,0,0,0,0,0,0,0,0,0,0,0,0,0,0,0,0,0,0,0,0,0,0,0
GF9_C2_D16,26.86158,35.19063,19.82968,5.45877,2.00187,4.47206,0.71178,1.10094,4.28143,0,0,0.09126,0,0,0,0,0,0,0,0,0,0,0,0,0,0,0,0,0,0,0,0,0,0,0,0,0,0,0,0,0,0,0,0,0,0,0,0,0,0,0,0
GF9_C2_D18,29.4679,30.77462,19.09403,7.00025,2.83171,5.32208,0.5658,0.78623,4.15736,0,0,0,0,0,0,0,0,0,0,0,0,0,0,0,0,0,0,0,0,0,0,0,0,0,0,0,0,0,0,0,0,0,0,0,0,0,0,0,0,0,0,0
GF9_C2_D21,42.54182,6.46377,24.40627,9.82216,2.25875,6.22433,0.65413,0.99089,6.63788,0,0,0,0,0,0,0,0,0,0,0,0,0,0,0,0,0,0,0,0,0,0,0,0,0,0,0,0,0,0,0,0,0,0,0,0,0,0,0,0,0,0,0
GF9_C3_D16,32.60951,28.80788,21.46056,6.41614,2.055,4.6869,0.94734,1.00061,1.98144,0,0,0.03462,0,0,0,0,0,0,0,0,0,0,0,0,0,0,0,0,0,0,0,0,0,0,0,0,0,0,0,0,0,0,0,0,0,0,0,0,0,0,0,0
GF9_C3_D17,15.66282,54.06721,11.96508,2.67841,1.94575,2.59429,0.51514,0,10.56214,0,0,0.00916,0,0,0,0,0,0,0,0,0,0,0,0,0,0,0,0,0,0,0,0,0,0,0,0,0,0,0,0,0,0,0,0,0,0,0,0,0,0,0,0
GF9_C3_D19,12.07543,1.06743,16.25049,3.88391,58.18507,0,0,0,8.53767,0,0,0,0,0,0,0,0,0,0,0,0,0,0,0,0,0,0,0,0,0,0,0,0,0,0,0,0,0,0,0,0,0,0,0,0,0,0,0,0,0,0,0
GF9_C3_D20,18.04683,8.56478,22.81828,8.18983,36.06277,0,0,1.18512,5.13238,0,0,0,0,0,0,0,0,0,0,0,0,0,0,0,0,0,0,0,0,0,0,0,0,0,0,0,0,0,0,0,0,0,0,0,0,0,0,0,0,0,0,0
GF9_C3_D21,13.25849,15.99045,29.95562,3.86023,36.02118,0,0,0,0.91404,0,0,0,0,0,0,0,0,0,0,0,0,0,0,0,0,0,0,0,0,0,0,0,0,0,0,0,0,0,0,0,0,0,0,0,0,0,0,0,0,0,0,0
GF9_C4_COLON_D33,45.35287,5.65091,17.47178,20.42049,1.17035,5.70618,0.69624,0.72073,2.81042,0,0,0,0,0,0,0,0,0,0,0,0,0,0,0,0,0,0,0,0,0,0,0,0,0,0,0,0,0,0,0,0,0,0,0,0,0,0,0,0,0,0,0
GF9_C4_D16,37.76506,14.01047,27.13347,7.51608,3.21801,4.83244,0.97031,1.58884,2.85434,0,0,0.11098,0,0,0,0,0,0,0,0,0,0,0,0,0,0,0,0,0,0,0,0,0,0,0,0,0,0,0,0,0,0,0,0,0,0,0,0,0,0,0,0
GF9_C4_D17,9.22342,62.63086,8.57375,1.76816,0.63913,1.60685,0,0.19956,15.35827,0,0,0,0,0,0,0,0,0,0,0,0,0,0,0,0,0,0,0,0,0,0,0,0,0,0,0,0,0,0,0,0,0,0,0,0,0,0,0,0,0,0,0
GF9_C4_D19,34.98792,7.49318,26.91174,9.02933,16.45189,0,0,0,5.12594,0,0,0,0,0,0,0,0,0,0,0,0,0,0,0,0,0,0,0,0,0,0,0,0,0,0,0,0,0,0,0,0,0,0,0,0,0,0,0,0,0,0,0
GF9_C5_COLON_D33,55.97177,5.38402,12.67765,15.13881,0.9392,6.45039,1.1004,1.9327,0.40506,0,0,0,0,0,0,0,0,0,0,0,0,0,0,0,0,0,0,0,0,0,0,0,0,0,0,0,0,0,0,0,0,0,0,0,0,0,0,0,0,0,0,0
GF9_C5_D17,9.81682,63.63766,12.09254,1.51225,1.38344,1.6858,0.28853,0.19813,9.23573,0,0,0.14909,0,0,0,0,0,0,0,0,0,0,0,0,0,0,0,0,0,0,0,0,0,0,0,0,0,0,0,0,0,0,0,0,0,0,0,0,0,0,0,0
GF9_C5_D18,20.99739,38.78275,32.33119,3.61517,0,4.27349,0,0,0,0,0,0,0,0,0,0,0,0,0,0,0,0,0,0,0,0,0,0,0,0,0,0,0,0,0,0,0,0,0,0,0,0,0,0,0,0,0,0,0,0,0,0
GF9_C5_D20,2.33891,3.90243,6.1568,3.78271,79.26772,0,0,0,4.55143,0,0,0,0,0,0,0,0,0,0,0,0,0,0,0,0,0,0,0,0,0,0,0,0,0,0,0,0,0,0,0,0,0,0,0,0,0,0,0,0,0,0,0
GF9_C5_D21,26.27372,11.49568,24.64903,6.69785,17.41531,0.6083,1.77129,0.15136,10.93748,0,0,0,0,0,0,0,0,0,0,0,0,0,0,0,0,0,0,0,0,0,0,0,0,0,0,0,0,0,0,0,0,0,0,0,0,0,0,0,0,0,0,0
GF9_C6_COLON_D33,57.03045,5.37002,10.73215,15.67524,0.72286,6.58121,1.30067,2.48499,0.10241,0,0,0,0,0,0,0,0,0,0,0,0,0,0,0,0,0,0,0,0,0,0,0,0,0,0,0,0,0,0,0,0,0,0,0,0,0,0,0,0,0,0,0
GF9_C6_D16,21.58995,33.76645,29.49039,4.98087,1.75346,4.81849,0.22684,2.47901,0.74899,0,0,0.14556,0,0,0,0,0,0,0,0,0,0,0,0,0,0,0,0,0,0,0,0,0,0,0,0,0,0,0,0,0,0,0,0,0,0,0,0,0,0,0,0
GF9_C6_D20,14.01824,24.00343,24.97953,2.53187,12.59346,0,0,0,21.87348,0,0,0,0,0,0,0,0,0,0,0,0,0,0,0,0,0,0,0,0,0,0,0,0,0,0,0,0,0,0,0,0,0,0,0,0,0,0,0,0,0,0,0
GF9_C6_D21,24.41257,13.06942,24.32291,7.39367,19.73128,1.04174,1.31294,0.33775,8.37771,0,0,0,0,0,0,0,0,0,0,0,0,0,0,0,0,0,0,0,0,0,0,0,0,0,0,0,0,0,0,0,0,0,0,0,0,0,0,0,0,0,0,0
GF9_C7_COLON_D33,59.42457,4.79176,10.35251,18.83577,0.97741,4.15726,0.72893,0.32626,0.40552,0,0,0,0,0,0,0,0,0,0,0,0,0,0,0,0,0,0,0,0,0,0,0,0,0,0,0,0,0,0,0,0,0,0,0,0,0,0,0,0,0,0,0
GF9_C7_D16,27.91316,32.27525,25.58898,4.65504,1.36911,4.30362,0.80729,2.12398,0.74347,0,0,0.2201,0,0,0,0,0,0,0,0,0,0,0,0,0,0,0,0,0,0,0,0,0,0,0,0,0,0,0,0,0,0,0,0,0,0,0,0,0,0,0,0
GF9_C7_D17,16.58223,60.76547,10.15174,2.9261,1.30032,2.66851,0.36224,0,5.24339,0,0,0,0,0,0,0,0,0,0,0,0,0,0,0,0,0,0,0,0,0,0,0,0,0,0,0,0,0,0,0,0,0,0,0,0,0,0,0,0,0,0,0
GF9_INOC,39.31708,28.88937,16.93636,5.05718,1.3865,3.88223,1.00929,1.53021,1.47799,0.25016,0,0.26363,0,0,0,0,0,0,0,0,0,0,0,0,0,0,0,0,0,0,0,0,0,0,0,0,0,0,0,0,0,0,0,0,0,0,0,0,0,0,0,0
Gn3_6C_dam,59.74592,3.22197,20.64921,0.76889,4.03412,0,0.40453,0.26908,0,5.21828,0.75941,4.15783,0.77078,0,0,0,0,0,0,0,0,0,0,0,0,0,0,0,0,0,0,0,0,0,0,0,0,0,0,0,0,0,0,0,0,0,0,0,0,0,0,0
Gn3_6Cdam_Stool_210816,33.20254,4.69768,34.8881,1.05325,9.55139,0,0.31584,0.45928,0.63642,6.42262,0.56742,7.08683,1.11863,0,0,0,0,0,0,0,0,0,0,0,0,0,0,0,0,0,0,0,0,0,0,0,0,0,0,0,0,0,0,0,0,0,0,0,0,0,0,0
Gn3_6Cdam_Stool_211105-1,9.36462,0.09598,29.06784,1.63905,3.32839,0,0,0.8236,5.35561,0,0,0,0.24827,0,0,0,0,0,0,0,0,0,0,0,0,0,50.07663,0,0,0,0,0,0,0,0,0,0,0,0,0,0,0,0,0,0,0,0,0,0,0,0,0
Gn3_6Cdam_Stool_211105-2,14.07134,0.07121,26.72932,2.48126,3.19191,0,0,1.43527,5.03213,0,0,0,0.20061,0,0,0,0,0,0,0,0,0,0,0,0,0,46.78695,0,0,0,0,0,0,0,0,0,0,0,0,0,0,0,0,0,0,0,0,0,0,0,0,0
Gn3_6Cdam_Stool_211105-3,14.63515,0,32.34761,3.5926,3.04077,0,0,1.1366,4.33916,0,0,0,0.12233,0,0,0,0,0,0,0,0,0,0,0,0,0,40.78578,0,0,0,0,0,0,0,0,0,0,0,0,0,0,0,0,0,0,0,0,0,0,0,0,0
Gn3_6D_dam,12.91631,7.92656,56.17476,0.09544,5.56005,0,1.06261,1.39744,0.9046,3.97651,2.15362,6.36704,1.46504,0,0,0,0,0,0,0,0,0,0,0,0,0,0,0,0,0,0,0,0,0,0,0,0,0,0,0,0,0,0,0,0,0,0,0,0,0,0,0
Gn3_6Ddam_Stool,22.13562,8.08426,36.87046,0.58585,11.55143,0,0.69768,1.57041,0,5.29149,2.70529,7.74539,2.76212,0,0,0,0,0,0,0,0,0,0,0,0,0,0,0,0,0,0,0,0,0,0,0,0,0,0,0,0,0,0,0,0,0,0,0,0,0,0,0
Gn3_6E_dam,33.26977,3.67039,36.67786,0.54069,7.79158,0,0.41888,1.49363,0,6.42446,1.12678,7.41163,1.17433,0,0,0,0,0,0,0,0,0,0,0,0,0,0,0,0,0,0,0,0,0,0,0,0,0,0,0,0,0,0,0,0,0,0,0,0,0,0,0
Gn3_6Edam_Stool,41.49496,4.82277,37.30482,0.09103,9.27659,0,0.20964,0.66963,0.05899,1.88657,0.62772,2.1902,1.36708,0,0,0,0,0,0,0,0,0,0,0,0,0,0,0,0,0,0,0,0,0,0,0,0,0,0,0,0,0,0,0,0,0,0,0,0,0,0,0
Gn3_6F_dam,34.43385,2.97973,41.75874,1.98718,4.16589,0,1.57241,0.96714,0,4.2875,2.59528,3.04198,2.21031,0,0,0,0,0,0,0,0,0,0,0,0,0,0,0,0,0,0,0,0,0,0,0,0,0,0,0,0,0,0,0,0,0,0,0,0,0,0,0
Gn3_7A_dam_210806,50.86709,0.2324,23.26555,3.33789,2.38721,0,0.4257,0.08534,0.11537,5.36421,1.52542,3.82242,0.42812,0,0,0,0,0,0,0,0,0,0,0,0,0,8.14327,0,0,0,0,0,0,0,0,0,0,0,0,0,0,0,0,0,0,0,0,0,0,0,0,0
Gn3_7A_dam,46.65035,0,34.23428,1.35135,3.58891,0,0.5034,0.66501,0.22382,3.53896,3.46054,2.68968,0.26699,0,0,0,0,0,0,0,0,0,0,0,0,0,2.82669,0,0,0,0,0,0,0,0,0,0,0,0,0,0,0,0,0,0,0,0,0,0,0,0,0
Gn3_7ADam_Stool_210806,15.67796,0.95426,31.16276,0.85784,4.85079,0,0.47167,0.64125,0.28704,4.18237,0.93421,2.06902,0.15495,0,0,0,0,0,0,0,0,0,0,0,0,0,37.75589,0,0,0,0,0,0,0,0,0,0,0,0,0,0,0,0,0,0,0,0,0,0,0,0,0
Gn3_7Adam_Stool_210823,21.40637,0.1295,22.65143,1.26357,4.35613,0,0.32824,0,0.22871,5.70965,1.07223,3.31383,0.47849,0,0,0,0,0,0,0,0,0,0,0,0,0,39.06184,0,0,0,0,0,0,0,0,0,0,0,0,0,0,0,0,0,0,0,0,0,0,0,0,0
Gn3_7C_dam,29.8374,1.75559,0,1.18425,6.87761,0,0,1.51933,1.32661,0,0,0,0.78841,0,0,0,0,0,0,0,0,0,0,0,0,0,55.23694,0.74386,0.27325,0.45675,0,0,0,0,0,0,0,0,0,0,0,0,0,0,0,0,0,0,0,0,0,0
Gn3_7D_dam_210806,27.06865,1.10351,0,2.02774,5.47291,0,0,0.19586,1.71544,0,0,0,0,0,0,0,0,0,0,0,0,0,0,0,0,0,61.92805,0.45521,0.03263,0,0,0,0,0,0,0,0,0,0,0,0,0,0,0,0,0,0,0,0,0,0,0
Gn3_7D_dam_210818,20.33349,2.4455,0,2.14387,4.91059,0,0,1.42817,3.58467,0,0,0,0,0,0,0,0,0,0,0,0,0,0,0,0,0,64.23431,0.9194,0,0,0,0,0,0,0,0,0,0,0,0,0,0,0,0,0,0,0,0,0,0,0,0
Gn3_7E_dam,33.27371,1.33642,0,3.46939,12.28573,0,0,0.53647,2.45869,0,0,0.16737,0,0,0,0,0,0,0,0,0,0,0,0,0,0.36399,45.14846,0.95977,0,0,0,0,0,0,0,0,0,0,0,0,0,0,0,0,0,0,0,0,0,0,0,0
Gn3_7Edam_Stool,16.11079,0.60877,0,0.84668,11.55173,0,0,0.39558,1.18018,0,0,3.1135,1.17803,0,0,0,0,0,0,0,0,0,0,0,0,1.17612,63.11701,0.56144,0,0.16017,0,0,0,0,0,0,0,0,0,0,0,0,0,0,0,0,0,0,0,0,0,0
Gn3_7F_dam,36.54203,3.95928,0,0.80779,11.89288,0,0,0.89953,2.76579,0,0,0,1.38657,0,0,0,0,0,0,0,0,0,0,0,0,0.42739,39.6409,1.50897,0,0.16888,0,0,0,0,0,0,0,0,0,0,0,0,0,0,0,0,0,0,0,0,0,0
Gn3_7Fdam_Stool,31.42434,0.45083,0,5.30805,8.67554,0,0,0.62331,2.56779,0,0,0.16778,0.29628,0,0,0,0,0,0,0,0,0,0,0,0,0.29337,49.16397,1.00985,0,0.01889,0,0,0,0,0,0,0,0,0,0,0,0,0,0,0,0,0,0,0,0,0,0
Gn3_8Ddam_Stool_211105-2,0,54.90608,0,0,0,0,0,0,0,0,0,0,0,0,0,0,0,0,0,0,0,0,2.37767,0,0,0,36.06146,0,0,0,0,0.78427,0.00572,0,0,0,0,0,0,0,3.58397,0,1.67558,0.60524,0,0,0,0,0,0,0,0
Gn3_A_Innoc,27.23074,10.89169,26.99102,9.59891,5.71807,5.28261,1.13158,4.33931,0.2996,3.21967,2.06725,2.12917,1.10036,0,0,0,0,0,0,0,0,0,0,0,0,0,0,0,0,0,0,0,0,0,0,0,0,0,0,0,0,0,0,0,0,0,0,0,0,0,0,0
Gn3_A1_Cwash,0,100,0,0,0,0,0,0,0,0,0,0,0,0,0,0,0,0,0,0,0,0,0,0,0,0,0,0,0,0,0,0,0,0,0,0,0,0,0,0,0,0,0,0,0,0,0,0,0,0,0,0
Gn3_A1_Stool,0,62.35437,0,0.78946,3.04447,0,0,0,33.8117,0,0,0,0,0,0,0,0,0,0,0,0,0,0,0,0,0,0,0,0,0,0,0,0,0,0,0,0,0,0,0,0,0,0,0,0,0,0,0,0,0,0,0
Gn3_A2_Cwash,0,100,0,0,0,0,0,0,0,0,0,0,0,0,0,0,0,0,0,0,0,0,0,0,0,0,0,0,0,0,0,0,0,0,0,0,0,0,0,0,0,0,0,0,0,0,0,0,0,0,0,0
Gn3_A3_Cwash,0,100,0,0,0,0,0,0,0,0,0,0,0,0,0,0,0,0,0,0,0,0,0,0,0,0,0,0,0,0,0,0,0,0,0,0,0,0,0,0,0,0,0,0,0,0,0,0,0,0,0,0
Gn3_A3_Stool_DoL10,0,95.93136,0,0,1.7141,0,0,0,2.35455,0,0,0,0,0,0,0,0,0,0,0,0,0,0,0,0,0,0,0,0,0,0,0,0,0,0,0,0,0,0,0,0,0,0,0,0,0,0,0,0,0,0,0
Gn3_A3_Stool_DoL11,0,83.46304,0,0,2.78062,0,0,0,13.75634,0,0,0,0,0,0,0,0,0,0,0,0,0,0,0,0,0,0,0,0,0,0,0,0,0,0,0,0,0,0,0,0,0,0,0,0,0,0,0,0,0,0,0
Gn3_A4_Cwash,0,32.93247,0,0,0,0,0,0,67.06753,0,0,0,0,0,0,0,0,0,0,0,0,0,0,0,0,0,0,0,0,0,0,0,0,0,0,0,0,0,0,0,0,0,0,0,0,0,0,0,0,0,0,0
Gn3_A5_Cwash,0,100,0,0,0,0,0,0,0,0,0,0,0,0,0,0,0,0,0,0,0,0,0,0,0,0,0,0,0,0,0,0,0,0,0,0,0,0,0,0,0,0,0,0,0,0,0,0,0,0,0,0
Gn3_A5_Stool_Dol10,0,90.62538,0,0,2.07824,0,0,0,7.29638,0,0,0,0,0,0,0,0,0,0,0,0,0,0,0,0,0,0,0,0,0,0,0,0,0,0,0,0,0,0,0,0,0,0,0,0,0,0,0,0,0,0,0
Gn3_A5_Stool_dol11,0.38109,64.40056,0,0.16112,4.74114,0,0,0,30.31608,0,0,0,0,0,0,0,0,0,0,0,0,0,0,0,0,0,0,0,0,0,0,0,0,0,0,0,0,0,0,0,0,0,0,0,0,0,0,0,0,0,0,0
Gn3_A5_Stool_dol12,0,82.91662,0,0,2.56968,0,0,0,14.5137,0,0,0,0,0,0,0,0,0,0,0,0,0,0,0,0,0,0,0,0,0,0,0,0,0,0,0,0,0,0,0,0,0,0,0,0,0,0,0,0,0,0,0
Gn3_A6_Cwash,0,100,0,0,0,0,0,0,0,0,0,0,0,0,0,0,0,0,0,0,0,0,0,0,0,0,0,0,0,0,0,0,0,0,0,0,0,0,0,0,0,0,0,0,0,0,0,0,0,0,0,0
Gn3_AB_Innoc,29.47792,5.19065,10.70679,6.16737,4.86155,6.69253,0.02183,2.76093,1.06234,1.18978,0.84145,2.83835,1.42112,0,0,0,0,0,0,0,0,0,0,0,0,0,26.66766,0,0,0.09973,0,0,0,0,0,0,0,0,0,0,0,0,0,0,0,0,0,0,0,0,0,0
Gn3_AB10_Cwash,0,0,0,0,100,0,0,0,0,0,0,0,0,0,0,0,0,0,0,0,0,0,0,0,0,0,0,0,0,0,0,0,0,0,0,0,0,0,0,0,0,0,0,0,0,0,0,0,0,0,0,0
Gn3_AB10_Stool,0,100,0,0,0,0,0,0,0,0,0,0,0,0,0,0,0,0,0,0,0,0,0,0,0,0,0,0,0,0,0,0,0,0,0,0,0,0,0,0,0,0,0,0,0,0,0,0,0,0,0,0
Gn3_AB12_Stool,0,0,0,0,100,0,0,0,0,0,0,0,0,0,0,0,0,0,0,0,0,0,0,0,0,0,0,0,0,0,0,0,0,0,0,0,0,0,0,0,0,0,0,0,0,0,0,0,0,0,0,0
Gn3_AB6_Cwash,0,0,0,0,100,0,0,0,0,0,0,0,0,0,0,0,0,0,0,0,0,0,0,0,0,0,0,0,0,0,0,0,0,0,0,0,0,0,0,0,0,0,0,0,0,0,0,0,0,0,0,0
Gn3_AB6_Stool,0,8.25498,0,0,8.88815,0,41.01093,0,41.84593,0,0,0,0,0,0,0,0,0,0,0,0,0,0,0,0,0,0,0,0,0,0,0,0,0,0,0,0,0,0,0,0,0,0,0,0,0,0,0,0,0,0,0
Gn3_AB7_Cwash,0,0,0,0,0,0,0,0,100,0,0,0,0,0,0,0,0,0,0,0,0,0,0,0,0,0,0,0,0,0,0,0,0,0,0,0,0,0,0,0,0,0,0,0,0,0,0,0,0,0,0,0
Gn3_AB7_Stool,0,4.56992,0,0,3.44766,0,23.91557,0,68.06685,0,0,0,0,0,0,0,0,0,0,0,0,0,0,0,0,0,0,0,0,0,0,0,0,0,0,0,0,0,0,0,0,0,0,0,0,0,0,0,0,0,0,0
Gn3_AB8_Cwash,0,18.74076,0,0,0,0,40.94405,0,40.31519,0,0,0,0,0,0,0,0,0,0,0,0,0,0,0,0,0,0,0,0,0,0,0,0,0,0,0,0,0,0,0,0,0,0,0,0,0,0,0,0,0,0,0
Gn3_AB8_Stool,9.9813,9.50737,0,0.41638,4.31945,0,27.47227,0,48.13495,0,0,0,0,0,0,0,0,0,0,0,0,0,0,0,0,0,0.16827,0,0,0,0,0,0,0,0,0,0,0,0,0,0,0,0,0,0,0,0,0,0,0,0,0
Gn3_AB9_Stool,0.92122,26.30443,0.40422,0.08928,19.13476,0,49.03017,0,0,0,0,0,0,0,0,0,0,0,0,0,0,0,0,0,0,0,4.11592,0,0,0,0,0,0,0,0,0,0,0,0,0,0,0,0,0,0,0,0,0,0,0,0,0
Gn3_B_Innoc,19.06539,0.37158,0,2.52488,4.73858,12.36733,0,1.63155,2.74643,0,0,5.55052,1.42507,0,0,0,0,0,0,0,0,0,0,0,0,0.40639,48.52677,0.17561,0.04956,0.41679,0,0,0.00355,0,0,0,0,0,0,0,0,0,0,0,0,0,0,0,0,0,0,0
Gn3_B1_Stool,0,0,0,0,100,0,0,0,0,0,0,0,0,0,0,0,0,0,0,0,0,0,0,0,0,0,0,0,0,0,0,0,0,0,0,0,0,0,0,0,0,0,0,0,0,0,0,0,0,0,0,0
Gn3_B10_Cwash,0,0,0,0,0,0,0,0,100,0,0,0,0,0,0,0,0,0,0,0,0,0,0,0,0,0,0,0,0,0,0,0,0,0,0,0,0,0,0,0,0,0,0,0,0,0,0,0,0,0,0,0
Gn3_B11_Cwash,32.26087,0,0,0,0,0,0,0,67.73913,0,0,0,0,0,0,0,0,0,0,0,0,0,0,0,0,0,0,0,0,0,0,0,0,0,0,0,0,0,0,0,0,0,0,0,0,0,0,0,0,0,0,0
Gn3_B13_Cwash,0,44.20131,0,0,0,0,0,0,55.79869,0,0,0,0,0,0,0,0,0,0,0,0,0,0,0,0,0,0,0,0,0,0,0,0,0,0,0,0,0,0,0,0,0,0,0,0,0,0,0,0,0,0,0
Gn3_B13_Stool,0,16.88856,0,0.72941,1.00683,0,0,0,80.79704,0,0,0,0,0,0,0,0,0,0,0,0,0,0,0,0,0,0.57817,0,0,0,0,0,0,0,0,0,0,0,0,0,0,0,0,0,0,0,0,0,0,0,0,0
Gn3_B14_Cwash,0,3.69645,0,0,0,0,0,0,96.30355,0,0,0,0,0,0,0,0,0,0,0,0,0,0,0,0,0,0,0,0,0,0,0,0,0,0,0,0,0,0,0,0,0,0,0,0,0,0,0,0,0,0,0
Gn3_B14_Stool,0,3.63191,0,0,2.78565,0,0,0,93.51752,0,0,0,0,0,0,0,0,0,0,0,0,0,0,0,0,0,0.06492,0,0,0,0,0,0,0,0,0,0,0,0,0,0,0,0,0,0,0,0,0,0,0,0,0
Gn3_B15_Cwash,0,29.69494,0,0,0,0,0,0,70.30506,0,0,0,0,0,0,0,0,0,0,0,0,0,0,0,0,0,0,0,0,0,0,0,0,0,0,0,0,0,0,0,0,0,0,0,0,0,0,0,0,0,0,0
Gn3_B15_Stool,0,12.74947,0,2.33632,1.54375,0,0,1.8274,81.54307,0,0,0,0,0,0,0,0,0,0,0,0,0,0,0,0,0,0,0,0,0,0,0,0,0,0,0,0,0,0,0,0,0,0,0,0,0,0,0,0,0,0,0
Gn3_B16_Cwash,0,8.89775,0,0,0,0,0,0,91.10225,0,0,0,0,0,0,0,0,0,0,0,0,0,0,0,0,0,0,0,0,0,0,0,0,0,0,0,0,0,0,0,0,0,0,0,0,0,0,0,0,0,0,0
Gn3_B2_Stool,0,0.50707,0,0,99.16052,0,0,0,0,0,0,0,0,0,0,0,0,0,0,0,0,0,0,0,0,0,0.33241,0,0,0,0,0,0,0,0,0,0,0,0,0,0,0,0,0,0,0,0,0,0,0,0,0
Gn3_B3_Stool,0,0.71292,0,0.04952,98.73329,0,0,0,0.40138,0,0,0,0,0,0,0,0,0,0,0,0,0,0,0,0,0,0.10289,0,0,0,0,0,0,0,0,0,0,0,0,0,0,0,0,0,0,0,0,0,0,0,0,0
Gn3_B4_Stool,0,0,0,0,100,0,0,0,0,0,0,0,0,0,0,0,0,0,0,0,0,0,0,0,0,0,0,0,0,0,0,0,0,0,0,0,0,0,0,0,0,0,0,0,0,0,0,0,0,0,0,0
Gn3_B5_Stool,0,0.39199,0,0.07507,96.26949,0,0,0.41543,1.98769,0,0,0,0,0,0,0,0,0,0,0,0,0,0,0,0,0,0.86034,0,0,0,0,0,0,0,0,0,0,0,0,0,0,0,0,0,0,0,0,0,0,0,0,0
Gn3_B6_Stool,0,88.14558,0,0,10.83665,0,0,0,0,0,0,0,0,0,0,0,0,0,0,0,0,0,0,0,0,0,1.01777,0,0,0,0,0,0,0,0,0,0,0,0,0,0,0,0,0,0,0,0,0,0,0,0,0
Gn3_B7_Stool,0,0,0,0,100,0,0,0,0,0,0,0,0,0,0,0,0,0,0,0,0,0,0,0,0,0,0,0,0,0,0,0,0,0,0,0,0,0,0,0,0,0,0,0,0,0,0,0,0,0,0,0
Gn3_B9_Cwash,19.23841,0,0,0,0,0,0,0,80.76159,0,0,0,0,0,0,0,0,0,0,0,0,0,0,0,0,0,0,0,0,0,0,0,0,0,0,0,0,0,0,0,0,0,0,0,0,0,0,0,0,0,0,0
Gn3_BP7_Cwash,7.59141,0,0,0,0,0,0,0,92.40859,0,0,0,0,0,0,0,0,0,0,0,0,0,0,0,0,0,0,0,0,0,0,0,0,0,0,0,0,0,0,0,0,0,0,0,0,0,0,0,0,0,0,0
Gn3_BP8_Cwash,10.80925,6.98653,0,0,0,0,0,0,82.20422,0,0,0,0,0,0,0,0,0,0,0,0,0,0,0,0,0,0,0,0,0,0,0,0,0,0,0,0,0,0,0,0,0,0,0,0,0,0,0,0,0,0,0
Gn3_E1_Cwash,0,0,0,0,0,0,0,0,0,0,0,0,0,0,0,0,0,0,0,0,0,0,0,0,0,0,0,0,0,0,0,0,0,0,0,0,0,0,0,0,0,0,0,0,100,0,0,0,0,0,0,0
Gn3_E2_Cwash,0,0,0,0,0,0,0,0,0,0,0,0,0,0,0,0,0,0,0,0,0,0,0,0,0,0,0,0,0,0,0,0,0,0,0,0,0,0,0,0,0,0,0,0,100,0,0,0,0,0,0,0
Gn3_F1_Stool,0,3.89071,0,0,19.30496,0,0,0,56.43246,0,0,0,0,0,0,0,0,0,0,0,0,0,0,0,0,0,20.20773,0,0,0,0,0,0,0,0,0,0,0,0,0,0,0,0,0,0.16414,0,0,0,0,0,0,0
Gn3_F2_Stool,0,0.5555,0,0.07867,24.70851,0,0,0,66.70632,0,0,0,0,0,0,0,0,0,0,0,0,0,0,0,0,0,6.54219,0,0,0,0,0,0,0,0,0,0,0,0,0,0,0,0,0,1.40881,0,0,0,0,0,0,0
Gn4_E_Innoc,6.56374,40.18147,0,0,3.07713,8.13146,0,0.04692,27.69095,0,0,0,3.0413,0,0,0,4.83724,0,0,0,0,0,0.25066,0,0,0,6.02521,0,0,0.05349,0.03836,0,0,0,0,0,0,0,0,0,0.01228,0,0.04979,0,0,0,0,0,0,0,0,0
Gn4_F_Innoc,6.62879,40.86689,0,0,4.65116,9.14957,0,0,22.62375,0,0,0,3.61704,0,0,0,4.67847,0,0,0,0,0,0.26282,0,0,0,7.48916,0,0,0.0193,0.01304,0,0,0,0,0,0,0,0,0,0,0,0,0,0,0,0,0,0,0,0,0
Gn4_H_Innoc,0,0,0,0,6.03998,0,0,67.77981,0,0,0,0,0,0,0,0,0,0,0,0,0,0,0,12.07156,0,0.14381,0,0,0,0.53684,0,0.82772,0,0,0,0,0,0,0,0,3.18045,0,0,0,0,9.41983,0,0,0,0,0,0
Gn4_I_Innoc,0,0,0,0,0,0,0,0,0,0,0,0,0,0,0,0,0,0,0,0,0,0,2.97064,0.13755,0,0,33.57878,0,0,0,0,0,0,0,0,0,0,0,0,0,0,0,0,63.31304,0,0,0,0,0,0,0,0
gnoto1_A_inoc,49.38212,10.91737,21.47781,4.02336,2.15555,4.14021,1.43468,2.06775,0.19147,1.47396,0.61555,1.89762,0.22255,0,0,0,0,0,0,0,0,0,0,0,0,0,0,0,0,0,0,0,0,0,0,0,0,0,0,0,0,0,0,0,0,0,0,0,0,0,0,0
gnoto1_AM1_d10,1.83814,76.10408,0,1.30774,0.23812,0,16.59392,3.918,0,0,0,0,0,0,0,0,0,0,0,0,0,0,0,0,0,0,0,0,0,0,0,0,0,0,0,0,0,0,0,0,0,0,0,0,0,0,0,0,0,0,0,0
gnoto1_AM1_d20_colon,40.93135,5.511,32.15158,7.72203,7.57413,0,0.80997,1.48637,3.81357,0,0,0,0,0,0,0,0,0,0,0,0,0,0,0,0,0,0,0,0,0,0,0,0,0,0,0,0,0,0,0,0,0,0,0,0,0,0,0,0,0,0,0
gnoto1_AM2_d10,11.77939,70.71699,0.39561,3.02304,2.21389,0,9.77388,1.98783,0.10938,0,0,0,0,0,0,0,0,0,0,0,0,0,0,0,0,0,0,0,0,0,0,0,0,0,0,0,0,0,0,0,0,0,0,0,0,0,0,0,0,0,0,0
gnoto1_AM2_d20_colon,33.35696,8.07558,39.50911,6.34553,3.5467,0,1.64071,3.645,3.88041,0,0,0,0,0,0,0,0,0,0,0,0,0,0,0,0,0,0,0,0,0,0,0,0,0,0,0,0,0,0,0,0,0,0,0,0,0,0,0,0,0,0,0
gnoto1_AM3_d10,20.72921,36.10949,0.3225,1.65869,3.78593,0,36.56423,0.82995,0,0,0,0,0,0,0,0,0,0,0,0,0,0,0,0,0,0,0,0,0,0,0,0,0,0,0,0,0,0,0,0,0,0,0,0,0,0,0,0,0,0,0,0
gnoto1_AM3_d20_colon,44.44766,8.98865,24.22322,4.79226,11.71024,0,0.88575,0.87268,4.07954,0,0,0,0,0,0,0,0,0,0,0,0,0,0,0,0,0,0,0,0,0,0,0,0,0,0,0,0,0,0,0,0,0,0,0,0,0,0,0,0,0,0,0
gnoto1_AM4_d10,7.03933,79.6951,1.80157,1.69071,1.13602,0,6.85871,1.77856,0,0,0,0,0,0,0,0,0,0,0,0,0,0,0,0,0,0,0,0,0,0,0,0,0,0,0,0,0,0,0,0,0,0,0,0,0,0,0,0,0,0,0,0
gnoto1_AM4_d20_colon,42.3845,7.21276,32.86842,6.59634,5.75981,0,0.74863,0.92614,3.5034,0,0,0,0,0,0,0,0,0,0,0,0,0,0,0,0,0,0,0,0,0,0,0,0,0,0,0,0,0,0,0,0,0,0,0,0,0,0,0,0,0,0,0
gnoto1_AP1_d10,0.01749,89.03343,0,0.73438,1.13848,0,0,0,9.07621,0,0,0,0,0,0,0,0,0,0,0,0,0,0,0,0,0,0,0,0,0,0,0,0,0,0,0,0,0,0,0,0,0,0,0,0,0,0,0,0,0,0,0
gnoto1_AP1_d19_colon,26.33421,6.34236,22.57242,3.52192,29.43771,0,0.07962,0,11.71175,0,0,0,0,0,0,0,0,0,0,0,0,0,0,0,0,0,0,0,0,0,0,0,0,0,0,0,0,0,0,0,0,0,0,0,0,0,0,0,0,0,0,0
gnoto1_AP2_d10,0.80186,97.34535,0,0.30524,1.23535,0,0,0.3122,0,0,0,0,0,0,0,0,0,0,0,0,0,0,0,0,0,0,0,0,0,0,0,0,0,0,0,0,0,0,0,0,0,0,0,0,0,0,0,0,0,0,0,0
gnoto1_AP2_d19_colon,27.53452,9.69977,22.25919,4.16809,28.74736,0,0,0,7.59108,0,0,0,0,0,0,0,0,0,0,0,0,0,0,0,0,0,0,0,0,0,0,0,0,0,0,0,0,0,0,0,0,0,0,0,0,0,0,0,0,0,0,0
gnoto1_AP3_d10,5.9115,84.23917,0.30884,1.52333,1.58357,0,2.64168,3.79191,0,0,0,0,0,0,0,0,0,0,0,0,0,0,0,0,0,0,0,0,0,0,0,0,0,0,0,0,0,0,0,0,0,0,0,0,0,0,0,0,0,0,0,0
gnoto1_AP3_d20_colon,29.83361,9.4934,30.98364,6.27439,15.5292,0,0.8531,2.13401,4.89864,0,0,0,0,0,0,0,0,0,0,0,0,0,0,0,0,0,0,0,0,0,0,0,0,0,0,0,0,0,0,0,0,0,0,0,0,0,0,0,0,0,0,0
gnoto1_AP4_d10,3.47484,92.70777,0.18473,0.90007,2.55934,0,0,0,0.17326,0,0,0,0,0,0,0,0,0,0,0,0,0,0,0,0,0,0,0,0,0,0,0,0,0,0,0,0,0,0,0,0,0,0,0,0,0,0,0,0,0,0,0
gnoto1_AP4_d20_colon,41.69773,6.09209,36.56156,7.82243,3.23017,0,1.58065,0.30572,2.70965,0,0,0,0,0,0,0,0,0,0,0,0,0,0,0,0,0,0,0,0,0,0,0,0,0,0,0,0,0,0,0,0,0,0,0,0,0,0,0,0,0,0,0
gnoto1_B_inoc,26.72549,0.15466,0,5.90028,1.39581,3.77903,0,3.1947,1.46039,0,0,2.31508,0.53943,0,0,0,0,0,0,0,0,0,0,0,0,0.49242,53.48024,0.31419,0.03941,0.20887,0,0,0,0,0,0,0,0,0,0,0,0,0,0,0,0,0,0,0,0,0,0
gnoto1_BA1_d10,0.81076,0,0,1.74548,81.98658,0,0,0,14.59103,0,0,0,0,0,0,0,0,0,0,0,0,0,0,0,0,0,0.86614,0,0,0,0,0,0,0,0,0,0,0,0,0,0,0,0,0,0,0,0,0,0,0,0,0
gnoto1_BA1_d20_colon,29.75136,0.97786,0,6.91116,3.12993,0,0,0.12637,0.35315,0,0,0,0,0,0,0,0,0,0,0,0,0,0,0,0,0,58.19486,0.5553,0,0,0,0,0,0,0,0,0,0,0,0,0,0,0,0,0,0,0,0,0,0,0,0
gnoto1_BA2_d10,0.11094,0,0,0.57744,1.39391,0,0,0,28.06622,0,0,0,0,0,0,0,0,0,0,0,0,0,0,0,0,0,69.85149,0,0,0,0,0,0,0,0,0,0,0,0,0,0,0,0,0,0,0,0,0,0,0,0,0
gnoto1_BA2_d20_colon,41.48395,0.9477,0,10.47756,2.94396,0,0,0.20302,0.77338,0,0,0,0,0,0,0,0,0,0,0,0,0,0,0,0,0,42.7647,0.40573,0,0,0,0,0,0,0,0,0,0,0,0,0,0,0,0,0,0,0,0,0,0,0,0
gnoto1_BA3_d10,0.03174,1.16285,0,1.52134,2.73923,0,0,0,13.71222,0,0,0,0,0,0,0,0,0,0,0,0,0,0,0,0,0,80.83261,0,0,0,0,0,0,0,0,0,0,0,0,0,0,0,0,0,0,0,0,0,0,0,0,0
gnoto1_BA3_d20_colon,25.92709,0.86203,0,8.01908,2.64251,0,0,0.31639,1.46459,0,0,0,0,0,0,0,0,0,0,0,0,0,0,0,0,0,60.15915,0.60915,0,0,0,0,0,0,0,0,0,0,0,0,0,0,0,0,0,0,0,0,0,0,0,0
gnoto1_BA4_d10,3.05798,91.54154,0,1.82379,2.89181,0,0,0,0,0,0,0,0,0,0,0,0,0,0,0,0,0,0,0,0,0,0.68489,0,0,0,0,0,0,0,0,0,0,0,0,0,0,0,0,0,0,0,0,0,0,0,0,0
gnoto1_BA4_d20_colon,30.71943,1.10225,0,8.28796,3.68556,0,0,0.16547,1.79611,0,0,0,0,0,0,0,0,0,0,0,0,0,0,0,0,0,53.82744,0.41579,0,0,0,0,0,0,0,0,0,0,0,0,0,0,0,0,0,0,0,0,0,0,0,0
gnoto1_BM1_d10,0,57.36602,0,2.62257,16.34334,0,0,0,21.35809,0,0,0,0,0,0,0,0,0,0,0,0,0,0,0,0,0,2.30998,0,0,0,0,0,0,0,0,0,0,0,0,0,0,0,0,0,0,0,0,0,0,0,0,0
gnoto1_BM1_d20_colon,35.19467,1.69863,0,7.1803,2.39153,0,0,0.67528,1.64458,0,0,0,0,0,0,0,0,0,0,0,0,0,0,0,0,0,51.21501,0,0,0,0,0,0,0,0,0,0,0,0,0,0,0,0,0,0,0,0,0,0,0,0,0
gnoto1_BM2_d10,0.5881,81.71507,0,2.69129,11.4325,0,0,0,2.26239,0,0,0,0,0,0,0,0,0,0,0,0,0,0,0,0,0,1.31066,0,0,0,0,0,0,0,0,0,0,0,0,0,0,0,0,0,0,0,0,0,0,0,0,0
gnoto1_BM2_d20_colon,37.72709,1.35073,0,6.66635,1.25053,0,0,1.77474,0.95061,0,0,0,0,0,0,0,0,0,0,0,0,0,0,0,0,0,50.27995,0,0,0,0,0,0,0,0,0,0,0,0,0,0,0,0,0,0,0,0,0,0,0,0,0
gnoto1_BM3_d10,0.26641,54.1304,0,1.91173,41.50227,0,0,0.48494,0.13823,0,0,0,0,0,0,0,0,0,0,0,0,0,0,0,0,0,1.56603,0,0,0,0,0,0,0,0,0,0,0,0,0,0,0,0,0,0,0,0,0,0,0,0,0
gnoto1_BM3_d20_colon,42.31213,1.01243,0,9.68699,2.7126,0,0,2.41895,1.41408,0,0,0,0,0,0,0,0,0,0,0,0,0,0,0,0,0,40.44283,0,0,0,0,0,0,0,0,0,0,0,0,0,0,0,0,0,0,0,0,0,0,0,0,0
gnoto1_BM4_d10,0,16.54241,0,2.50328,22.69012,0,0,0,49.46164,0,0,0,0,0,0,0,0,0,0,0,0,0,0,0,0,0,8.80256,0,0,0,0,0,0,0,0,0,0,0,0,0,0,0,0,0,0,0,0,0,0,0,0,0
gnoto1_BM4_d20_colon,48.50698,0.3219,0,9.61718,0.55291,0,0,0.23029,1.25614,0,0,0,0,0,0,0,0,0,0,0,0,0,0,0,0,0,39.51458,0,0,0,0,0,0,0,0,0,0,0,0,0,0,0,0,0,0,0,0,0,0,0,0,0
gnoto1_BM5_d10,0.77754,38.46364,0,4.68078,11.08766,0,0,0,40.49968,0,0,0,0,0,0,0,0,0,0,0,0,0,0,0,0,0,4.49069,0,0,0,0,0,0,0,0,0,0,0,0,0,0,0,0,0,0,0,0,0,0,0,0,0
gnoto1_BM5_d20_colon,63.79924,3.14993,0,12.49769,1.06054,0,0,0,3.7439,0,0,0,0,0,0,0,0,0,0,0,0,0,0,0,0,0,15.7487,0,0,0,0,0,0,0,0,0,0,0,0,0,0,0,0,0,0,0,0,0,0,0,0,0
gnoto1_BP1_d10,0,84.16515,0,0.21049,15.62436,0,0,0,0,0,0,0,0,0,0,0,0,0,0,0,0,0,0,0,0,0,0,0,0,0,0,0,0,0,0,0,0,0,0,0,0,0,0,0,0,0,0,0,0,0,0,0
gnoto1_BP1_d20_colon,86.08903,0.2007,0,4.67109,4.90437,0,0,1.30615,2.0883,0,0,0,0,0,0,0,0,0,0,0,0,0,0,0,0,0,0.29532,0.44504,0,0,0,0,0,0,0,0,0,0,0,0,0,0,0,0,0,0,0,0,0,0,0,0
gnoto1_BP2_d10,0,0,0,6.70169,93.29831,0,0,0,0,0,0,0,0,0,0,0,0,0,0,0,0,0,0,0,0,0,0,0,0,0,0,0,0,0,0,0,0,0,0,0,0,0,0,0,0,0,0,0,0,0,0,0
gnoto1_BP2_d20_colon,87.57259,0.57131,0,5.61002,1.05189,0,0,0.81193,3.24506,0,0,0,0,0,0,0,0,0,0,0,0,0,0,0,0,0,0.80467,0.33255,0,0,0,0,0,0,0,0,0,0,0,0,0,0,0,0,0,0,0,0,0,0,0,0
gnoto1_BP3_d10,0.02282,84.13322,0,0.80797,6.84667,0,0,0,7.56301,0,0,0,0,0,0,0,0,0,0,0,0,0,0,0,0,0,0.6263,0,0,0,0,0,0,0,0,0,0,0,0,0,0,0,0,0,0,0,0,0,0,0,0,0
gnoto1_BP3_d20_colon,70.48322,0,0,6.48136,12.15022,0,0,2.14623,4.58898,0,0,0,0,0,0,0,0,0,0,0,0,0,0,0,0,0,3.47515,0.67485,0,0,0,0,0,0,0,0,0,0,0,0,0,0,0,0,0,0,0,0,0,0,0,0
gnoto1_BP4_d10,0.93235,0.19699,0,1.85985,89.78108,0,0,0,7.09078,0,0,0,0,0,0,0,0,0,0,0,0,0,0,0,0,0,0.13895,0,0,0,0,0,0,0,0,0,0,0,0,0,0,0,0,0,0,0,0,0,0,0,0,0
gnoto1_BP4_d20_colon,82.67289,0,0,6.33499,2.32346,0,0,1.51659,5.10028,0,0,0,0,0,0,0,0,0,0,0,0,0,0,0,0,0,1.87027,0.18152,0,0,0,0,0,0,0,0,0,0,0,0,0,0,0,0,0,0,0,0,0,0,0,0
gnoto2_BA1_d10,0,0.38602,0,0.51499,6.62201,0,0,0,14.07533,0,0,0,0,0,0,0,0,0,0,0,0,0,0,0,0,0,78.40164,0,0,0,0,0,0,0,0,0,0,0,0,0,0,0,0,0,0,0,0,0,0,0,0,0
gnoto2_BA1_d20_colon,40.1157,0,0,4.33126,0,0,0,0,22.30451,0,0,0,0,0,0,0,0,0,0,0,0,0,0,0,0,0,33.24854,0,0,0,0,0,0,0,0,0,0,0,0,0,0,0,0,0,0,0,0,0,0,0,0,0
gnoto2_BA2_d10,0,0,0,0,14.41533,0,0,0,85.58467,0,0,0,0,0,0,0,0,0,0,0,0,0,0,0,0,0,0,0,0,0,0,0,0,0,0,0,0,0,0,0,0,0,0,0,0,0,0,0,0,0,0,0
gnoto2_BA2_d20_colon,24.68001,1.34679,0,14.05246,1.26636,0,0,2.31638,3.45897,0,0,0,0,0,0,0,0,0,0,0,0,0,0,0,0,0,52.87903,0,0,0,0,0,0,0,0,0,0,0,0,0,0,0,0,0,0,0,0,0,0,0,0,0
gnoto2_BA3_d10,0.12539,0,0,0.32952,2.87465,0,0,0,9.51341,0,0,0,0,0,0,0,0,0,0,0,0,0,0,0,0,0,87.14499,0,0,0,0,0,0.01205,0,0,0,0,0,0,0,0,0,0,0,0,0,0,0,0,0,0,0
gnoto2_BA3_d20_colon,35.37075,3.20387,0,8.89331,0.92539,0,0,1.02097,2.82413,0,0,0,0,0,0,0,0,0,0,0,0,0,0,0,0,0,47.76158,0,0,0,0,0,0,0,0,0,0,0,0,0,0,0,0,0,0,0,0,0,0,0,0,0
gnoto2_BA4_d10,0,0.10168,0,0.45698,1.81104,0,0,0,6.74014,0,0,0,0,0,0,0,0,0,0,0,0,0,0,0,0,0,90.88314,0,0,0,0,0,0.00701,0,0,0,0,0,0,0,0,0,0,0,0,0,0,0,0,0,0,0
gnoto2_BA5_d10,0,16.8576,0,0,38.49895,0,0,0,44.64346,0,0,0,0,0,0,0,0,0,0,0,0,0,0,0,0,0,0,0,0,0,0,0,0,0,0,0,0,0,0,0,0,0,0,0,0,0,0,0,0,0,0,0
gnoto2_BA5_d20_colon,60.33376,2.33383,0,20.05866,4.56905,0,0,0,12.7047,0,0,0,0,0,0,0,0,0,0,0,0,0,0,0,0,0,0,0,0,0,0,0,0,0,0,0,0,0,0,0,0,0,0,0,0,0,0,0,0,0,0,0
gnoto2_BA6_d20_colon,55.80518,7.45007,0,10.62565,9.65511,0,0,3.16681,5.70929,0,0,0,0,0,0,0,0,0,0,0,0,0,0,0,0,0,7.58789,0,0,0,0,0,0,0,0,0,0,0,0,0,0,0,0,0,0,0,0,0,0,0,0,0
gnoto2_BA7_d20_colon,36.40215,0.88213,0,10.20114,1.63012,0,0,0,1.48871,0,0,0,0,0,0,0,0,0,0,0,0,0,0,0,0,0,49.39575,0,0,0,0,0,0,0,0,0,0,0,0,0,0,0,0,0,0,0,0,0,0,0,0,0
gnoto2_BM1_d10,0,0.05842,0,0.55941,2.48443,0,0,0,19.2698,0,0,0,0,0,0,0,0,0,0,0,0,0,0,0,0,0,77.6208,0,0,0,0,0,0.00714,0,0,0,0,0,0,0,0,0,0,0,0,0,0,0,0,0,0,0
gnoto2_BM1_d20_colon,45.10055,0.9804,0,6.51953,1.01588,0,0,0.91587,0.654,0,0,0,0,0,0,0,0,0,0,0,0,0,0,0,0,0,44.81376,0,0,0,0,0,0,0,0,0,0,0,0,0,0,0,0,0,0,0,0,0,0,0,0,0
gnoto2_BM2_d10,0.06466,0.43202,0,0.70804,2.48278,0,0,0,7.49865,0,0,0,0,0,0,0,0,0,0,0,0,0,0,0,0,0,88.81386,0,0,0,0,0,0,0,0,0,0,0,0,0,0,0,0,0,0,0,0,0,0,0,0,0
gnoto2_BM2_d20_colon,21.99666,0,0,7.37918,0,0,0,0,0,0,0,0,0,0,0,0,0,0,0,0,0,0,0,0,0,0,68.90635,0,0,1.71781,0,0,0,0,0,0,0,0,0,0,0,0,0,0,0,0,0,0,0,0,0,0
gnoto2_BM3_d10,0.7902,27.6557,0,4.52238,18.36425,0,0,0,38.3328,0,0,0,0,0,0,0,0,0,0,0,0,0,0,0,0,0,10.33467,0,0,0,0,0,0,0,0,0,0,0,0,0,0,0,0,0,0,0,0,0,0,0,0,0
gnoto2_BM3_d20_colon,43.60854,2.21137,0,8.55538,1.60281,0,0,3.67919,0.96305,0,0,0,0,0,0,0,0,0,0,0,0,0,0,0,0,0,39.29209,0,0,0.08757,0,0,0,0,0,0,0,0,0,0,0,0,0,0,0,0,0,0,0,0,0,0
gnoto2_BM4_d10,0,0,0,0.39968,2.18515,0,0,0,8.76568,0,0,0,0,0,0,0,0,0,0,0,0,0,0,0,0,0,88.6495,0,0,0,0,0,0,0,0,0,0,0,0,0,0,0,0,0,0,0,0,0,0,0,0,0
gnoto2_BM4_d20_colon,38.62979,1.08927,0,10.70728,2.37281,0,0,2.41134,1.97068,0,0,0,0,0,0,0,0,0,0,0,0,0,0,0,0,0,42.81883,0,0,0,0,0,0,0,0,0,0,0,0,0,0,0,0,0,0,0,0,0,0,0,0,0
gnoto2_BM5_d10,1.82051,4.30075,0,4.55782,5.6849,0,0,0,52.84585,0,0,0,0,0,0,0,0,0,0,0,0,0,0,0,0,0,30.79018,0,0,0,0,0,0,0,0,0,0,0,0,0,0,0,0,0,0,0,0,0,0,0,0,0
gnoto2_BM5_d20_colon,47.90579,1.36319,0,7.52295,1.61223,0,0,2.43648,1.21376,0,0,0,0,0,0,0,0,0,0,0,0,0,0,0,0,0,37.94561,0,0,0,0,0,0,0,0,0,0,0,0,0,0,0,0,0,0,0,0,0,0,0,0,0
gnoto2_BM6_d10,0.04549,0.28514,0,0.95869,3.85108,0,0,0,14.14616,0,0,0,0,0,0,0,0,0,0,0,0,0,0,0,0,0,80.70732,0,0,0,0,0,0.00612,0,0,0,0,0,0,0,0,0,0,0,0,0,0,0,0,0,0,0
gnoto2_BM6_d20_colon,47.28467,1.4781,0,7.54104,2.3597,0,0,2.58262,3.66548,0,0,0,0,0,0,0,0,0,0,0,0,0,0,0,0,0,35.0638,0,0,0.02458,0,0,0,0,0,0,0,0,0,0,0,0,0,0,0,0,0,0,0,0,0,0
gnoto2_BM7_d10,0,49.56153,0,0,13.04744,0,0,0,37.39103,0,0,0,0,0,0,0,0,0,0,0,0,0,0,0,0,0,0,0,0,0,0,0,0,0,0,0,0,0,0,0,0,0,0,0,0,0,0,0,0,0,0,0
gnoto2_BM7_d20_colon,42.43927,1.47252,0,9.47379,1.92356,0,0,1.53141,0.3033,0,0,0,0,0,0,0,0,0,0,0,0,0,0,0,0,0,42.85616,0,0,0,0,0,0,0,0,0,0,0,0,0,0,0,0,0,0,0,0,0,0,0,0,0
gnoto2_BP1_d10,0.76928,0.64709,0,1.99846,82.97053,0,0,0,7.96271,0,0,0,0,0,0,0,0,0,0,0,0,0,0,0,0,0,5.65193,0,0,0,0,0,0,0,0,0,0,0,0,0,0,0,0,0,0,0,0,0,0,0,0,0
gnoto2_BP1_d20_colon,70.62396,3.53152,0,9.62373,0.14948,0,0,0,6.19827,0,0,0,0,0,0,0,0,0,0,0,0,0,0,0,0,0,9.53492,0.33812,0,0,0,0,0,0,0,0,0,0,0,0,0,0,0,0,0,0,0,0,0,0,0,0
gnoto2_BP2_d10,0,0,0,0.38964,26.69404,0,0,0,72.10759,0,0,0,0,0,0,0,0,0,0,0,0,0,0,0,0,0,0.80874,0,0,0,0,0,0,0,0,0,0,0,0,0,0,0,0,0,0,0,0,0,0,0,0,0
gnoto2_BP2_d20_colon,47.21971,0,0,10.685,0,5.70652,0,0,15.93837,0,0,0,0,0,0,0,0,0,0,0,0,0,0,0,0,0,20.45039,0,0,0,0,0,0,0,0,0,0,0,0,0,0,0,0,0,0,0,0,0,0,0,0,0
gnoto2_BP3_d10,0.32493,3.21329,0,6.06666,79.74587,0,0,0,1.7183,0,0,0,0,0,0,0,0,0,0,0,0,0,0,0,0,0,8.93095,0,0,0,0,0,0,0,0,0,0,0,0,0,0,0,0,0,0,0,0,0,0,0,0,0
gnoto2_BP4_d10,0.10612,0.43256,0,1.56822,25.58876,0,0,21.49354,45.23545,0,0,0,0,0,0,0,0,0,0,0,0,0,0,0,0,0,5.57535,0,0,0,0,0,0,0,0,0,0,0,0,0,0,0,0,0,0,0,0,0,0,0,0,0
gnoto2_BP4_d20_colon,83.57613,1.63394,0,9.39409,0.40689,0,0,0,4.98896,0,0,0,0,0,0,0,0,0,0,0,0,0,0,0,0,0,0,0,0,0,0,0,0,0,0,0,0,0,0,0,0,0,0,0,0,0,0,0,0,0,0,0
gnoto2_BP5_d10,0,1.05065,0,4.81114,79.01278,0,0,0,3.85496,0,0,0,0,0,0,0,0,0,0,0,0,0,0,0,0,0,11.27047,0,0,0,0,0,0,0,0,0,0,0,0,0,0,0,0,0,0,0,0,0,0,0,0,0
gnoto2_BP5_d20_colon,79.21619,1.77802,0,9.0244,0,0,0,0,7.10425,0,0,0,0,0,0,0,0,0,0,0,0,0,0,0,0,0,2.83942,0.03771,0,0,0,0,0,0,0,0,0,0,0,0,0,0,0,0,0,0,0,0,0,0,0,0
gnoto2_BP6_d10,0,1.1321,0,1.75782,88.72117,0,0,0,7.90248,0,0,0,0,0,0,0,0,0,0,0,0,0,0,0,0,0,0.48643,0,0,0,0,0,0,0,0,0,0,0,0,0,0,0,0,0,0,0,0,0,0,0,0,0
gnoto2_BP6_d20_colon,77.52573,2.51581,0,8.19077,1.56387,0,0,0,6.61743,0,0,0,0,0,0,0,0,0,0,0,0,0,0,0,0,0,3.0899,0.49648,0,0,0,0,0,0,0,0,0,0,0,0,0,0,0,0,0,0,0,0,0,0,0,0
gnoto2_INOC_microA,46.55165,11.21409,21.98422,6.36773,1.92606,4.5322,1.35392,1.35668,0.4838,1.36421,0.51759,1.97958,0.36827,0,0,0,0,0,0,0,0,0,0,0,0,0,0,0,0,0,0,0,0,0,0,0,0,0,0,0,0,0,0,0,0,0,0,0,0,0,0,0
gnoto2_INOC_microB,32.54764,0,0,7.68656,1.63499,11.58497,0,0.36907,3.17118,0,0,3.76546,0.65076,0,0,0,0,0,0,0,0,0,0,0,0,0.14999,38.14358,0.05256,0,0.24324,0,0,0,0,0,0,0,0,0,0,0,0,0,0,0,0,0,0,0,0,0,0
40_10_2_ColonWash,0,0,0,0,0,0,0,0,0,0,0,0,0,0,0,0,0,0,0,0,0,0,0,0,0,0,0,0,0,0,0,0,0,0,0,0,0,0,0,0,0,0,0,0,0,0,100,0,0,0,0,0
40_11_2_ColonWash,0,0,0,0,0,0,0,0,0,0,0,0,0,0,0,0,0,0,0,0,0,0,0,0,0,0,0,0,0,0,0,0,0,0,0,0,0,0,0,0,0,0,0,0,0,0,100,0,0,0,0,0
40_1_1_Stool,0,100,0,0,0,0,0,0,0,0,0,0,0,0,0,0,0,0,0,0,0,0,0,0,0,0,0,0,0,0,0,0,0,0,0,0,0,0,0,0,0,0,0,0,0,0,0,0,0,0,0,0
40_12_2_ColonWash,0,0,0,0,0,0,0,0,0,0,0,0,0,0,0,0,0,0,0,0,0,0,0,0,0,0,0,0,0,0,0,0,0,0,0,0,0,0,0,0,0,0,0,0,0,0,91.11163,8.88837,0,0,0,0
40_1_2_ColonWash,0,0,0,0,0,0,0,0,0,0,0,0,0,0,0,0,0,0,0,0,0,0,0,0,0,0,0,0,0,0,0,0,0,0,0,0,0,0,0,0,0,0,0,0,0,0,100,0,0,0,0,0
40_1_2_Stool,0,27.65293,0,0,0.57241,0,0,0,71.48338,0,0,0,0,0,0,0,0,0,0,0,0,0,0,0,0,0,0,0,0,0,0,0,0,0,0,0,0,0,0,0,0,0,0,0,0,0,0.29127,0,0,0,0,0
40_13_2_ColonWash,0,0,0,0,0,0,0,0,0,0,0,0,0,0,0,0,0,0,0,0,0,0,0,0,0,0,0,0,0,0,0,0,0,0,0,0,0,0,0,0,0,0,0,0,0,0,100,0,0,0,0,0
40_2_1_Stool,0,100,0,0,0,0,0,0,0,0,0,0,0,0,0,0,0,0,0,0,0,0,0,0,0,0,0,0,0,0,0,0,0,0,0,0,0,0,0,0,0,0,0,0,0,0,0,0,0,0,0,0
40_2_2_ColonWash,0,0,0,0,0,0,0,0,0,0,0,0,0,0,0,0,0,0,0,0,0,0,0,0,0,0,0,0,0,0,0,0,0,0,0,0,0,0,0,0,0,0,0,0,0,0,100,0,0,0,0,0
40_2_2_Stool,0,47.03727,0,0,0.23709,0,0,0,52.72564,0,0,0,0,0,0,0,0,0,0,0,0,0,0,0,0,0,0,0,0,0,0,0,0,0,0,0,0,0,0,0,0,0,0,0,0,0,0,0,0,0,0,0
40_3_1_CME,0,0,0,0,0,0,0,0,0,0,0,0,0,0,0,0,0,0,0,0,0,0,0,0,0,0,0,0,0,0,0,0,0,0,0,0,0,0,0,0,0,0,0,0,0,0,100,0,0,0,0,0
40_3_1_ColonWash,0,0,0,0,0,0,0,0,0,0,0,0,0,0,0,0,0,0,0,0,0,0,0,0,0,0,0,0,0,0,0,0,0,0,0,0,0,0,0,0,0,0,0,0,0,0,100,0,0,0,0,0
40_3_1_Stool,0,99.70108,0,0,0,0,0,0,0,0,0,0,0,0,0,0,0,0,0,0,0,0,0,0,0,0,0,0,0,0,0,0,0,0,0,0,0,0,0,0,0,0,0,0,0,0,0.29892,0,0,0,0,0
40_3_2_ColonWash,0,0,0,0,0,0,0,0,0,0,0,0,0,0,0,0,0,0,0,0,0,0,0,0,0,0,0,0,0,0,0,0,0,0,0,0,0,0,0,0,0,0,0,0,0,0,100,0,0,0,0,0
40_4_1_ColonWash,0,0,0,0,0,0,0,0,0,0,0,0,0,0,0,0,0,0,0,0,0,0,0,0,0,0,0,0,0,0,0,0,0,0,0,0,0,0,0,0,0,0,0,0,0,0,100,0,0,0,0,0
40_4_1_Stool,0,99.02212,0,0,0,0,0,0,0,0,0,0,0,0,0,0,0,0,0,0,0,0,0,0,0,0,0,0,0,0,0,0,0,0,0,0,0,0,0,0,0,0,0,0,0,0,0.97788,0,0,0,0,0
40_5_1_CME,0,0,0,0,0,0,0,0,0,0,0,0,0,0,0,0,0,0,0,0,0,0,0,0,0,0,0,0,0,0,0,0,0,0,0,0,0,0,0,0,0,0,0,0,0,0,100,0,0,0,0,0
40_5_1_ColonWash,0,0,0,0,0,0,0,0,0,0,0,0,0,0,0,0,0,0,0,0,0,0,0,0,0,0,0,0,0,0,0,0,0,0,0,0,0,0,0,0,0,0,0,0,0,0,100,0,0,0,0,0
40_5_1_Stool,0,100,0,0,0,0,0,0,0,0,0,0,0,0,0,0,0,0,0,0,0,0,0,0,0,0,0,0,0,0,0,0,0,0,0,0,0,0,0,0,0,0,0,0,0,0,0,0,0,0,0,0
40_5_2_CME,0,0,0,0,0,0,0,0,0,0,0,0,0,0,0,0,0,0,0,0,0,0,0,0,0,0,0,0,0,0,0,0,0,0,0,0,0,0,0,0,0,0,0,0,0,0,100,0,0,0,0,0
40_5_2_ColonWash,0,0,0,0,0,0,0,0,0,0,0,0,0,0,0,0,0,0,0,0,0,0,0,0,0,0,0,0,0,0,0,0,0,0,0,0,0,0,0,0,0,0,0,0,0,0,100,0,0,0,0,0
40_6_1_CME,0,76.68186,0,0,0,0,0,0,6.93211,0,0,0,0,0,0,0,0,0,0,0,0,0,0,0,0,0,0,0,0,0,0,0,0,0,0,0,0,0,0,0,0,0,0,0,0,0,16.38603,0,0,0,0,0
40_6_1_ColonWash,0,86.02383,0,0,0,0,0,0,6.05322,0,0,0,0,0,0,0,0,0,0,0,0,0,0,0,0,0,0,0,0,0,0,0,0,0,0,0,0,0,0,0,0,0,0,0,0,0,7.92295,0,0,0,0,0
40_6_1_Stool,0,99.52041,0,0,0,0,0,0,0,0,0,0,0,0,0,0,0,0,0,0,0,0,0,0,0,0,0,0,0,0,0,0,0,0,0,0,0,0,0,0,0,0,0,0,0,0,0.47959,0,0,0,0,0
40_6_2_ColonWash,0,0,0,0,0,0,0,0,0,0,0,0,0,0,0,0,0,0,0,0,0,0,0,0,0,0,0,0,0,0,0,0,0,0,0,0,0,0,0,0,0,0,0,0,0,0,100,0,0,0,0,0
40_7_1_Stool,0,98.82517,0,0,0,0,0,0,0,0,0,0,0,0,0,0,0,0,0,0,0,0,0,0,0,0,0,0,0,0,0,0,0,0,0,0,0,0,0,0,0,0,0,0,0,0,1.16448,0,0.01035,0,0,0
40_7_2_ColonWash,0,0,0,0,0,0,0,0,0,0,0,0,0,0,0,0,0,0,0,0,0,0,0,0,0,0,0,0,0,0,0,0,0,0,0,0,0,0,0,0,0,0,0,0,0,0,100,0,0,0,0,0
40_8_1_Stool,0,99.96307,0,0,0,0,0,0,0,0,0,0,0,0,0,0,0,0,0,0,0,0,0,0,0,0,0,0,0,0,0,0,0,0,0,0,0,0,0,0,0,0,0,0,0,0,0.03693,0,0,0,0,0
40_8_2_Stool,0,39.47968,0,0,0.06589,0,0,0,60.45443,0,0,0,0,0,0,0,0,0,0,0,0,0,0,0,0,0,0,0,0,0,0,0,0,0,0,0,0,0,0,0,0,0,0,0,0,0,0,0,0,0,0,0
40_9_2_ColonWash,0,0,0,0,0,0,0,0,0,0,0,0,0,0,0,0,0,0,0,0,0,0,0,0,0,0,0,0,0,0,0,0,0,0,0,0,0,0,0,0,0,0,0,0,0,0,100,0,0,0,0,0
40_9_2_Stool,0,33.9902,0,0,0.25769,0,0,0,65.13288,0,0,0,0,0,0,0,0,0,0,0,0,0,0,0,0,0,0,0,0,0,0,0,0,0,0,0,0,0,0,0,0,0,0,0,0,0,0.61923,0,0,0,0,0
41_1_1_Stool,0,75.13167,0,0,0.46551,0,0,0,24.40282,0,0,0,0,0,0,0,0,0,0,0,0,0,0,0,0,0,0,0,0,0,0,0,0,0,0,0,0,0,0,0,0,0,0,0,0,0,0,0,0,0,0,0
41_2_1_Stool,0,0,0,0,1.44934,0,0,0,98.55066,0,0,0,0,0,0,0,0,0,0,0,0,0,0,0,0,0,0,0,0,0,0,0,0,0,0,0,0,0,0,0,0,0,0,0,0,0,0,0,0,0,0,0
41_3_1_ColonWash,0,0,0,0,0,0,0,0,0,0,0,0,0,0,0,0,0,0,0,0,0,0,0,0,0,0,0,0,0,0,0,0,0,0,0,0,0,0,0,0,0,0,0,0,0,0,100,0,0,0,0,0
41_3_1_Stool,0,0,0,0,0.70692,0,0,0,99.11183,0,0,0,0,0,0,0,0,0,0,0,0,0,0,0,0,0,0,0,0,0,0,0,0,0,0,0,0,0,0,0,0,0,0,0,0,0,0.18125,0,0,0,0,0
41_4_1_CME,0,0,0,0,0,0,0,0,0,0,0,0,0,0,0,0,0,0,0,0,0,0,0,0,0,0,0,0,0,0,0,0,0,0,0,0,0,0,0,0,0,0,0,0,0,0,94.21269,2.31632,3.47099,0,0,0
41_4_1_ColonWash,0,0,0,0,0,0,0,0,0,0,0,0,0,0,0,0,0,0,0,0,0,0,0,0,0,0,0,0,0,0,0,0,0,0,0,0,0,0,0,0,0,0,0,0,0,0,100,0,0,0,0,0
41_4_1_Stool,0,0,0,0,1.55385,0,0,0,97.51322,0,0,0,0,0,0,0,0,0,0,0,0,0,0,0,0,0,0,0,0,0,0,0,0,0,0,0,0,0,0,0,0,0,0,0,0,0,0.93292,0,0,0,0,0
41_5_1_ColonWash_250uL,0,0,0,0,0,0,0,0,0,0,0,0,0,0,0,0,0,0,0,0,0,0,0,0,0,0,0,0,0,0,0,0,0,0,0,0,0,0,0,0,0,0,0,0,0,0,100,0,0,0,0,0
41_5_1_ColonWash_750uL,0,0,0,0,0,0,0,0,0,0,0,0,0,0,0,0,0,0,0,0,0,0,0,0,0,0,0,0,0,0,0,0,0,0,0,0,0,0,0,0,0,0,0,0,0,0,100,0,0,0,0,0
41_5_1_Stool,0,0,0,0,1.13017,0,0,0,98.86983,0,0,0,0,0,0,0,0,0,0,0,0,0,0,0,0,0,0,0,0,0,0,0,0,0,0,0,0,0,0,0,0,0,0,0,0,0,0,0,0,0,0,0
41_6_1_ColonWash_250uL,0,0,0,0,0,0,0,0,0,0,0,0,0,0,0,0,0,0,0,0,0,0,0,0,0,0,0,0,0,0,0,0,0,0,0,0,0,0,0,0,0,0,0,0,0,0,100,0,0,0,0,0
41_6_1_ColonWash_750uL,0,0,0,0,0,0,0,0,0,0,0,0,0,0,0,0,0,0,0,0,0,0,0,0,0,0,0,0,0,0,0,0,0,0,0,0,0,0,0,0,0,0,0,0,0,0,100,0,0,0,0,0
41_6_1_Stool,0,0,0,0,0.72348,0,0,0,99.1327,0,0,0,0,0,0,0,0,0,0,0,0,0,0,0,0,0,0,0,0,0,0,0,0,0,0,0,0,0,0,0,0,0,0,0,0,0,0.14382,0,0,0,0,0
41_7_1_Stool,0,0,0,0,1.72179,0,0,0,98.27821,0,0,0,0,0,0,0,0,0,0,0,0,0,0,0,0,0,0,0,0,0,0,0,0,0,0,0,0,0,0,0,0,0,0,0,0,0,0,0,0,0,0,0
41_8_1_Stool,0,0.57561,0,0,2.18752,0,0,0,95.69059,0,0,0,0,0,0,0,0,0,0,0,0,0,0,0,0,0,0,0,0,0,0,0,0,0,0,0,0,0,0,0,0,0,0,0,0,0,1.54628,0,0,0,0,0
42_10_2_Stool,0,42.1234,0,0,0.58914,0,0,0,57.25192,0,0,0,0,0,0,0,0,0,0,0,0,0,0,0,0,0,0,0,0,0,0,0,0,0,0,0,0,0,0,0,0,0,0,0,0,0,0.03554,0,0,0,0,0
42_11_2_Stool,0,16.56872,0,0,0.76459,0,0,0,82.66669,0,0,0,0,0,0,0,0,0,0,0,0,0,0,0,0,0,0,0,0,0,0,0,0,0,0,0,0,0,0,0,0,0,0,0,0,0,0,0,0,0,0,0
42_1_1_Cwash,0,0,0,0,100,0,0,0,0,0,0,0,0,0,0,0,0,0,0,0,0,0,0,0,0,0,0,0,0,0,0,0,0,0,0,0,0,0,0,0,0,0,0,0,0,0,0,0,0,0,0,0
42_1_1_Stool,0,94.7192,0,0,1.29875,0,0,0,3.98204,0,0,0,0,0,0,0,0,0,0,0,0,0,0,0,0,0,0,0,0,0,0,0,0,0,0,0,0,0,0,0,0,0,0,0,0,0,0,0,0,0,0,0
42_12_2_Stool,0,19.25059,0,0,0.36909,0,0,0,80.38033,0,0,0,0,0,0,0,0,0,0,0,0,0,0,0,0,0,0,0,0,0,0,0,0,0,0,0,0,0,0,0,0,0,0,0,0,0,0,0,0,0,0,0
42_1_2_Stool,0,47.16329,0,0,0.24964,0,0,0,52.58707,0,0,0,0,0,0,0,0,0,0,0,0,0,0,0,0,0,0,0,0,0,0,0,0,0,0,0,0,0,0,0,0,0,0,0,0,0,0,0,0,0,0,0
42_2_1_Cwash,0,31.90037,0,0,68.09963,0,0,0,0,0,0,0,0,0,0,0,0,0,0,0,0,0,0,0,0,0,0,0,0,0,0,0,0,0,0,0,0,0,0,0,0,0,0,0,0,0,0,0,0,0,0,0
42_2_1_Stool,0,92.03367,0,0,0.8162,0,0,0,7.15013,0,0,0,0,0,0,0,0,0,0,0,0,0,0,0,0,0,0,0,0,0,0,0,0,0,0,0,0,0,0,0,0,0,0,0,0,0,0,0,0,0,0,0
42_2_2_Stool,0,17.31422,0,0,0.70317,0,0,0,81.98261,0,0,0,0,0,0,0,0,0,0,0,0,0,0,0,0,0,0,0,0,0,0,0,0,0,0,0,0,0,0,0,0,0,0,0,0,0,0,0,0,0,0,0
42_3_1_ColonWash,0,0,0,0,0,0,0,0,0,0,0,0,0,0,0,0,0,0,0,0,0,0,0,0,0,0,0,0,0,0,0,0,0,0,0,0,0,0,0,0,0,0,0,0,0,0,100,0,0,0,0,0
42_3_1_Stool,0,98.46362,0,0,1.29019,0,0,0,0,0,0,0,0,0,0,0,0,0,0,0,0,0,0,0,0,0,0,0,0,0,0,0,0,0,0,0,0,0,0,0,0,0,0,0,0,0,0.2462,0,0,0,0,0
42_3_2_Stool,0,21.2761,0,0,0.362,0,0,0,78.3619,0,0,0,0,0,0,0,0,0,0,0,0,0,0,0,0,0,0,0,0,0,0,0,0,0,0,0,0,0,0,0,0,0,0,0,0,0,0,0,0,0,0,0
42_4_1_Stool,0,75.53698,0,0,0.00718,0,0,0,24.08031,0,0,0,0,0,0,0,0,0,0,0,0,0,0,0,0,0,0,0,0,0,0,0,0,0,0,0,0,0,0,0,0,0,0,0,0,0,0.37553,0,0,0,0,0
42_4_2_Stool,0,14.44046,0,0,0.25076,0,0,0,85.30878,0,0,0,0,0,0,0,0,0,0,0,0,0,0,0,0,0,0,0,0,0,0,0,0,0,0,0,0,0,0,0,0,0,0,0,0,0,0,0,0,0,0,0
42_5_1_Stool,0,98.26666,0,0,0.82259,0,0,0,0.80674,0,0,0,0,0,0,0,0,0,0,0,0,0,0,0,0,0,0,0,0,0,0,0,0,0,0,0,0,0,0,0,0,0,0,0,0,0,0.10402,0,0,0,0,0
42_5_2_Stool,0,14.03782,0,0,0.06873,0,0,0,85.42312,0,0,0,0,0,0,0,0,0,0,0,0,0,0,0,0,0,0,0,0,0,0,0,0,0,0,0,0,0,0,0,0,0,0,0,0,0,0.47033,0,0,0,0,0
42_6_1_Stool,0,96.08724,0,0,1.1575,0,0,0,2.23664,0,0,0,0,0,0,0,0,0,0,0,0,0,0,0,0,0,0,0,0,0,0,0,0,0,0,0,0,0,0,0,0,0,0,0,0,0,0.51862,0,0,0,0,0
42_6_2_Stool,0,10.71827,0,0,0.45284,0,0,0,88.82889,0,0,0,0,0,0,0,0,0,0,0,0,0,0,0,0,0,0,0,0,0,0,0,0,0,0,0,0,0,0,0,0,0,0,0,0,0,0,0,0,0,0,0
42_7_1_Stool,0,91.41858,0,0,0.25846,0,0,0,7.52407,0,0,0,0,0,0,0,0,0,0,0,0,0,0,0,0,0,0,0,0,0,0,0,0,0,0,0,0,0,0,0,0,0,0,0,0,0,0.77919,0,0.01971,0,0,0
42_7_2_Stool,0,24.06753,0,0,0.70994,0,0,0,75.22253,0,0,0,0,0,0,0,0,0,0,0,0,0,0,0,0,0,0,0,0,0,0,0,0,0,0,0,0,0,0,0,0,0,0,0,0,0,0,0,0,0,0,0
42_8_1_Stool,0,98.49675,0,0,0.82431,0,0,0,0.67893,0,0,0,0,0,0,0,0,0,0,0,0,0,0,0,0,0,0,0,0,0,0,0,0,0,0,0,0,0,0,0,0,0,0,0,0,0,0,0,0,0,0,0
42_8_2_Stool,0,17.80687,0,0,1.26465,0,0,0,80.92848,0,0,0,0,0,0,0,0,0,0,0,0,0,0,0,0,0,0,0,0,0,0,0,0,0,0,0,0,0,0,0,0,0,0,0,0,0,0,0,0,0,0,0
42_9_2_Stool,0,24.54005,0,0,1.36124,0,0,0,74.0987,0,0,0,0,0,0,0,0,0,0,0,0,0,0,0,0,0,0,0,0,0,0,0,0,0,0,0,0,0,0,0,0,0,0,0,0,0,0,0,0,0,0,0
4Adam_Stool,0,39.74828,0,0,38.05558,0,0,0,22.19614,0,0,0,0,0,0,0,0,0,0,0,0,0,0,0,0,0,0,0,0,0,0,0,0,0,0,0,0,0,0,0,0,0,0,0,0,0,0,0,0,0,0,0
4A_NP_Stool,0,48.63763,0,0,40.31905,0,0,0,11.04331,0,0,0,0,0,0,0,0,0,0,0,0,0,0,0,0,0,0,0,0,0,0,0,0,0,0,0,0,0,0,0,0,0,0,0,0,0,0,0,0,0,0,0
4A_RP_Stool,0,52.98867,0,0,37.03386,0,0,0,9.97747,0,0,0,0,0,0,0,0,0,0,0,0,0,0,0,0,0,0,0,0,0,0,0,0,0,0,0,0,0,0,0,0,0,0,0,0,0,0,0,0,0,0,0
4Cdam_Stool,0,28.77917,0,0,40.45606,0,0,0,30.76477,0,0,0,0,0,0,0,0,0,0,0,0,0,0,0,0,0,0,0,0,0,0,0,0,0,0,0,0,0,0,0,0,0,0,0,0,0,0,0,0,0,0,0
4C_NP_Stool,0,50.22324,0,0,38.85711,0,0,0,10.91965,0,0,0,0,0,0,0,0,0,0,0,0,0,0,0,0,0,0,0,0,0,0,0,0,0,0,0,0,0,0,0,0,0,0,0,0,0,0,0,0,0,0,0
4C_RP_Stool,0,42.76405,0,0,47.65059,0,0,0,9.58535,0,0,0,0,0,0,0,0,0,0,0,0,0,0,0,0,0,0,0,0,0,0,0,0,0,0,0,0,0,0,0,0,0,0,0,0,0,0,0,0,0,0,0
4Edam_Stool,0,45.27238,0,0,28.92065,0,0,0,25.80697,0,0,0,0,0,0,0,0,0,0,0,0,0,0,0,0,0,0,0,0,0,0,0,0,0,0,0,0,0,0,0,0,0,0,0,0,0,0,0,0,0,0,0
4E_NP_Stool,0,47.43852,0,0,42.08417,0,0,0,10.4773,0,0,0,0,0,0,0,0,0,0,0,0,0,0,0,0,0,0,0,0,0,0,0,0,0,0,0,0,0,0,0,0,0,0,0,0,0,0,0,0,0,0,0
4E_RP_Stool,0,46.34031,0,0,44.09233,0,0,0,9.56736,0,0,0,0,0,0,0,0,0,0,0,0,0,0,0,0,0,0,0,0,0,0,0,0,0,0,0,0,0,0,0,0,0,0,0,0,0,0,0,0,0,0,0
5A_NP_Stool,0,52.89787,0,0,37.66685,0,0,0,9.43527,0,0,0,0,0,0,0,0,0,0,0,0,0,0,0,0,0,0,0,0,0,0,0,0,0,0,0,0,0,0,0,0,0,0,0,0,0,0,0,0,0,0,0
5A_RP_Stool,0,45.48907,0,0,46.95537,0,0,0,7.55556,0,0,0,0,0,0,0,0,0,0,0,0,0,0,0,0,0,0,0,0,0,0,0,0,0,0,0,0,0,0,0,0,0,0,0,0,0,0,0,0,0,0,0
5Cdam_Stool,0,42.38366,0,0,26.31584,0,0,0,31.3005,0,0,0,0,0,0,0,0,0,0,0,0,0,0,0,0,0,0,0,0,0,0,0,0,0,0,0,0,0,0,0,0,0,0,0,0,0,0,0,0,0,0,0
5C_NP_Stool,0,56.80643,0,0,31.47318,0,0,0,11.7204,0,0,0,0,0,0,0,0,0,0,0,0,0,0,0,0,0,0,0,0,0,0,0,0,0,0,0,0,0,0,0,0,0,0,0,0,0,0,0,0,0,0,0
5C_RP_Stool,0,55.7703,0,0,30.24706,0,0,0,13.98264,0,0,0,0,0,0,0,0,0,0,0,0,0,0,0,0,0,0,0,0,0,0,0,0,0,0,0,0,0,0,0,0,0,0,0,0,0,0,0,0,0,0,0
5Edam_Stool,0,43.03793,0,0,22.10115,0,0,0,34.86092,0,0,0,0,0,0,0,0,0,0,0,0,0,0,0,0,0,0,0,0,0,0,0,0,0,0,0,0,0,0,0,0,0,0,0,0,0,0,0,0,0,0,0
5E_NP_Stool,0,55.74975,0,0,25.42296,0,0,0,18.82728,0,0,0,0,0,0,0,0,0,0,0,0,0,0,0,0,0,0,0,0,0,0,0,0,0,0,0,0,0,0,0,0,0,0,0,0,0,0,0,0,0,0,0
5E_RP_Stool,0,43.61691,0,0,31.39496,0,0,0,24.98814,0,0,0,0,0,0,0,0,0,0,0,0,0,0,0,0,0,0,0,0,0,0,0,0,0,0,0,0,0,0,0,0,0,0,0,0,0,0,0,0,0,0,0
6Adam_Stool,0,100,0,0,0,0,0,0,0,0,0,0,0,0,0,0,0,0,0,0,0,0,0,0,0,0,0,0,0,0,0,0,0,0,0,0,0,0,0,0,0,0,0,0,0,0,0,0,0,0,0,0
6A_NP_Stool,0,100,0,0,0,0,0,0,0,0,0,0,0,0,0,0,0,0,0,0,0,0,0,0,0,0,0,0,0,0,0,0,0,0,0,0,0,0,0,0,0,0,0,0,0,0,0,0,0,0,0,0
6A_RP_Stool,0,100,0,0,0,0,0,0,0,0,0,0,0,0,0,0,0,0,0,0,0,0,0,0,0,0,0,0,0,0,0,0,0,0,0,0,0,0,0,0,0,0,0,0,0,0,0,0,0,0,0,0
6Cdam_Stool,0,100,0,0,0,0,0,0,0,0,0,0,0,0,0,0,0,0,0,0,0,0,0,0,0,0,0,0,0,0,0,0,0,0,0,0,0,0,0,0,0,0,0,0,0,0,0,0,0,0,0,0
6C_NP_Stool,0,100,0,0,0,0,0,0,0,0,0,0,0,0,0,0,0,0,0,0,0,0,0,0,0,0,0,0,0,0,0,0,0,0,0,0,0,0,0,0,0,0,0,0,0,0,0,0,0,0,0,0
6C_RP_Stool,0,100,0,0,0,0,0,0,0,0,0,0,0,0,0,0,0,0,0,0,0,0,0,0,0,0,0,0,0,0,0,0,0,0,0,0,0,0,0,0,0,0,0,0,0,0,0,0,0,0,0,0
6E_NP_Stool,0,0,0,0,0,0,0,0,100,0,0,0,0,0,0,0,0,0,0,0,0,0,0,0,0,0,0,0,0,0,0,0,0,0,0,0,0,0,0,0,0,0,0,0,0,0,0,0,0,0,0,0
6E_RP_Stool,0,0,0,0,0,0,0,0,100,0,0,0,0,0,0,0,0,0,0,0,0,0,0,0,0,0,0,0,0,0,0,0,0,0,0,0,0,0,0,0,0,0,0,0,0,0,0,0,0,0,0,0
7A_NP_Stool,0,0,0,0,0,0,0,0,100,0,0,0,0,0,0,0,0,0,0,0,0,0,0,0,0,0,0,0,0,0,0,0,0,0,0,0,0,0,0,0,0,0,0,0,0,0,0,0,0,0,0,0
7A_RP_Stool,0,0,0,0,0,0,0,0,100,0,0,0,0,0,0,0,0,0,0,0,0,0,0,0,0,0,0,0,0,0,0,0,0,0,0,0,0,0,0,0,0,0,0,0,0,0,0,0,0,0,0,0
7Bdam_Stool,0,0,0,0,0,0,0,0,100,0,0,0,0,0,0,0,0,0,0,0,0,0,0,0,0,0,0,0,0,0,0,0,0,0,0,0,0,0,0,0,0,0,0,0,0,0,0,0,0,0,0,0
7C_NP_Stool,0,31.78031,0,0,0,0,0,0,68.21969,0,0,0,0,0,0,0,0,0,0,0,0,0,0,0,0,0,0,0,0,0,0,0,0,0,0,0,0,0,0,0,0,0,0,0,0,0,0,0,0,0,0,0
7C_RP_Stool,0,40.29293,0,0,0,0,0,0,59.70707,0,0,0,0,0,0,0,0,0,0,0,0,0,0,0,0,0,0,0,0,0,0,0,0,0,0,0,0,0,0,0,0,0,0,0,0,0,0,0,0,0,0,0
7Edam_Stool,0,19.91492,0,0,0,0,0,0,79.91917,0,0,0,0,0,0,0,0,0,0,0,0,0,0,0,0,0,0,0,0,0,0,0,0,0,0,0,0,0,0,0,0,0,0,0,0,0,0,0,0,0.16591,0,0
7E_NP_Stool,0,21.88466,0,0,0,0,0,0,78.11534,0,0,0,0,0,0,0,0,0,0,0,0,0,0,0,0,0,0,0,0,0,0,0,0,0,0,0,0,0,0,0,0,0,0,0,0,0,0,0,0,0,0,0
7E_RP_Stool,0,34.78509,0,0,0,0,0,0,65.21491,0,0,0,0,0,0,0,0,0,0,0,0,0,0,0,0,0,0,0,0,0,0,0,0,0,0,0,0,0,0,0,0,0,0,0,0,0,0,0,0,0,0,0
85_1_1_Stool,0,88.23828,0,0,0.46455,0,0,0,11.29717,0,0,0,0,0,0,0,0,0,0,0,0,0,0,0,0,0,0,0,0,0,0,0,0,0,0,0,0,0,0,0,0,0,0,0,0,0,0,0,0,0,0,0
85_1_2_Stool,0,100,0,0,0,0,0,0,0,0,0,0,0,0,0,0,0,0,0,0,0,0,0,0,0,0,0,0,0,0,0,0,0,0,0,0,0,0,0,0,0,0,0,0,0,0,0,0,0,0,0,0
85_2_1_Stool,0,76.87174,0,0,0.27129,0,0,0,22.85697,0,0,0,0,0,0,0,0,0,0,0,0,0,0,0,0,0,0,0,0,0,0,0,0,0,0,0,0,0,0,0,0,0,0,0,0,0,0,0,0,0,0,0
85_2_2_Stool,0,100,0,0,0,0,0,0,0,0,0,0,0,0,0,0,0,0,0,0,0,0,0,0,0,0,0,0,0,0,0,0,0,0,0,0,0,0,0,0,0,0,0,0,0,0,0,0,0,0,0,0
85_3_1_ColonWash,0,0,0,0,0,0,0,0,0,0,0,0,0,0,0,0,0,0,0,0,0,0,0,0,0,0,0,0,0,0,0,0,0,0,0,0,0,0,0,0,0,0,0,0,0,0,100,0,0,0,0,0
85_3_1_Stool,0,34.17146,0,0,0.62927,0,0,0,65.19928,0,0,0,0,0,0,0,0,0,0,0,0,0,0,0,0,0,0,0,0,0,0,0,0,0,0,0,0,0,0,0,0,0,0,0,0,0,0,0,0,0,0,0
85_3_2_Stool,0,100,0,0,0,0,0,0,0,0,0,0,0,0,0,0,0,0,0,0,0,0,0,0,0,0,0,0,0,0,0,0,0,0,0,0,0,0,0,0,0,0,0,0,0,0,0,0,0,0,0,0
85_4_1_CME,0,0,0,0,0,0,0,0,0,0,0,0,0,0,0,0,0,0,0,0,0,0,0,0,0,0,0,0,0,0,0,0,0,0,0,0,0,0,0,0,0,0,0,0,0,0,97.02845,0,2.97155,0,0,0
85_4_1_Stool,0,87.53277,0,0,0.31984,0,0,0,12.14739,0,0,0,0,0,0,0,0,0,0,0,0,0,0,0,0,0,0,0,0,0,0,0,0,0,0,0,0,0,0,0,0,0,0,0,0,0,0,0,0,0,0,0
85_4_2_Stool,0,99.30105,0,0,0,0,0,0,0,0,0,0,0,0,0,0,0,0,0,0,0,0,0,0,0,0,0,0,0,0,0,0,0,0,0,0,0,0,0,0,0,0,0,0,0,0,0.63307,0,0.06588,0,0,0
85_5_1_ColonWash,0,0,0,0,0,0,0,0,0,0,0,0,0,0,0,0,0,0,0,0,0,0,0,0,0,0,0,0,0,0,0,0,0,0,0,0,0,0,0,0,0,0,0,0,0,0,100,0,0,0,0,0
85_5_1_Stool,0,58.73094,0,0,0.10696,0,0,0,41.1621,0,0,0,0,0,0,0,0,0,0,0,0,0,0,0,0,0,0,0,0,0,0,0,0,0,0,0,0,0,0,0,0,0,0,0,0,0,0,0,0,0,0,0
85_5_2_Stool,0,99.87224,0,0,0,0,0,0,0,0,0,0,0,0,0,0,0,0,0,0,0,0,0,0,0,0,0,0,0,0,0,0,0,0,0,0,0,0,0,0,0,0,0,0,0,0,0.12776,0,0,0,0,0
85_6_1_ColonWash,0,0,0,0,0,0,0,0,0,0,0,0,0,0,0,0,0,0,0,0,0,0,0,0,0,0,0,0,0,0,0,0,0,0,0,0,0,0,0,0,0,0,0,0,0,0,100,0,0,0,0,0
85_6_1_Stool,0,74.83699,0,0,0.08953,0,0,0,23.64928,0,0,0,0,0,0,0,0,0,0,0,0,0,0,0,0,0,0,0,0,0,0,0,0,0,0,0,0,0,0,0,0,0,0,0,0,0,1.4242,0,0,0,0,0
85_6_2_Stool,0,100,0,0,0,0,0,0,0,0,0,0,0,0,0,0,0,0,0,0,0,0,0,0,0,0,0,0,0,0,0,0,0,0,0,0,0,0,0,0,0,0,0,0,0,0,0,0,0,0,0,0
85_7_1_Stool,0,32.84745,0,0,0.41256,0,0,0,66.73999,0,0,0,0,0,0,0,0,0,0,0,0,0,0,0,0,0,0,0,0,0,0,0,0,0,0,0,0,0,0,0,0,0,0,0,0,0,0,0,0,0,0,0
85_7_2_ColonWash,0,0,0,0,0,0,0,0,0,0,0,0,0,0,0,0,0,0,0,0,0,0,0,0,0,0,0,0,0,0,0,0,0,0,0,0,0,0,0,0,0,0,0,0,0,0,100,0,0,0,0,0
85_7_2_Stool,0,99.89438,0,0,0,0,0,0,0,0,0,0,0,0,0,0,0,0,0,0,0,0,0,0,0,0,0,0,0,0,0,0,0,0,0,0,0,0,0,0,0,0,0,0,0,0,0.10562,0,0,0,0,0
85_8_1_Stool,0,56.672,0,0,0.53432,0,0,0,42.78739,0,0,0,0,0,0,0,0,0,0,0,0,0,0,0,0,0,0,0,0,0,0,0,0,0,0,0,0,0,0,0,0,0,0,0,0,0,0.00629,0,0,0,0,0
87_1_1_Stool,0,0,0,0,0,0,0,0,100,0,0,0,0,0,0,0,0,0,0,0,0,0,0,0,0,0,0,0,0,0,0,0,0,0,0,0,0,0,0,0,0,0,0,0,0,0,0,0,0,0,0,0
87_2_1_Stool,0,0,0,0,0,0,0,0,100,0,0,0,0,0,0,0,0,0,0,0,0,0,0,0,0,0,0,0,0,0,0,0,0,0,0,0,0,0,0,0,0,0,0,0,0,0,0,0,0,0,0,0
87_3_1_ColonWash,0,0,0,0,0,0,0,0,0,0,0,0,0,0,0,0,0,0,0,0,0,0,0,0,0,0,0,0,0,0,0,0,0,0,0,0,0,0,0,0,0,0,0,0,0,0,100,0,0,0,0,0
87_3_1_Stool,0,0,0,0,0,0,0,0,99.50735,0,0,0,0,0,0,0,0,0,0,0,0,0,0,0,0,0,0,0,0,0,0,0,0,0,0,0,0,0,0,0,0,0,0,0,0,0,0.49265,0,0,0,0,0
87_4_1_ColonWash,0,0,0,0,0,0,0,0,0,0,0,0,0,0,0,0,0,0,0,0,0,0,0,0,0,0,0,0,0,0,0,0,0,0,0,0,0,0,0,0,0,0,0,0,0,0,100,0,0,0,0,0
87_4_1_Stool,0,0.15797,0,0,0,0,0,0,99.84203,0,0,0,0,0,0,0,0,0,0,0,0,0,0,0,0,0,0,0,0,0,0,0,0,0,0,0,0,0,0,0,0,0,0,0,0,0,0,0,0,0,0,0
87_5_1_ColonWash,0,0,0,0,0,0,0,0,0,0,0,0,0,0,0,0,0,0,0,0,0,0,0,0,0,0,0,0,0,0,0,0,0,0,0,0,0,0,0,0,0,0,0,0,0,0,100,0,0,0,0,0
87_5_1_Stool,0,0,0,0,0,0,0,0,100,0,0,0,0,0,0,0,0,0,0,0,0,0,0,0,0,0,0,0,0,0,0,0,0,0,0,0,0,0,0,0,0,0,0,0,0,0,0,0,0,0,0,0
87_6_1_CME,0,0,0,0,0,0,0,0,0,0,0,0,0,0,0,0,0,0,0,0,0,0,0,0,0,0,0,0,0,0,0,0,0,0,0,0,0,0,0,0,0,0,0,0,0,0,90.30724,2.20022,7.49254,0,0,0
87_6_1_ColonWash,0,0,0,0,0,0,0,0,0,0,0,0,0,0,0,0,0,0,0,0,0,0,0,0,0,0,0,0,0,0,0,0,0,0,0,0,0,0,0,0,0,0,0,0,0,0,100,0,0,0,0,0
87_6_1_Stool,0,0,0,0,0,0,0,0,99.82197,0,0,0,0,0,0,0,0,0,0,0,0,0,0,0,0,0,0,0,0,0,0,0,0,0,0,0,0,0,0,0,0,0,0,0,0,0,0.17803,0,0,0,0,0
87_7_1_Stool,0,0,0,0,0,0,0,0,99.47877,0,0,0,0,0,0,0,0,0,0,0,0,0,0,0,0,0,0,0,0,0,0,0,0,0,0,0,0,0,0,0,0,0,0,0,0,0,0.52123,0,0,0,0,0
87_8_1_Stool,0,0,0,0,0,0,0,0,99.9246,0,0,0,0,0,0,0,0,0,0,0,0,0,0,0,0,0,0,0,0,0,0,0,0,0,0,0,0,0,0,0,0,0,0,0,0,0,0.0754,0,0,0,0,0
8A_NP_Stool,0,82.23707,0,0,0,0,0,0,17.76293,0,0,0,0,0,0,0,0,0,0,0,0,0,0,0,0,0,0,0,0,0,0,0,0,0,0,0,0,0,0,0,0,0,0,0,0,0,0,0,0,0,0,0
8A_RP_Stool,0,80.61832,0,0,0,0,0,0,19.38168,0,0,0,0,0,0,0,0,0,0,0,0,0,0,0,0,0,0,0,0,0,0,0,0,0,0,0,0,0,0,0,0,0,0,0,0,0,0,0,0,0,0,0
8Cdam_Stool,0,52.19806,0,0,0,0,0,0,47.80194,0,0,0,0,0,0,0,0,0,0,0,0,0,0,0,0,0,0,0,0,0,0,0,0,0,0,0,0,0,0,0,0,0,0,0,0,0,0,0,0,0,0,0
8C_NP_Stool,0,83.25046,0,0,0,0,0,0,16.74954,0,0,0,0,0,0,0,0,0,0,0,0,0,0,0,0,0,0,0,0,0,0,0,0,0,0,0,0,0,0,0,0,0,0,0,0,0,0,0,0,0,0,0
8C_RP_Stool,0,82.39878,0,0,0,0,0,0,17.60122,0,0,0,0,0,0,0,0,0,0,0,0,0,0,0,0,0,0,0,0,0,0,0,0,0,0,0,0,0,0,0,0,0,0,0,0,0,0,0,0,0,0,0
90_1_0_ColonWash_250uL,0,11.6878,0,0,0,0,0,0,72.479,0,0,0,0,0,0,0,0,0,0,0,0,0,0,0,0,0,0,0,0,0,0,0,0,0,0,0,0,0,0,0,0,0,0,0,0,0,13.42766,0.64641,1.75913,0,0,0
90_1_0_ColonWash_750uL,0,10.6974,0,0,0,0,0,0,85.0784,0,0,0,0,0,0,0,0,0,0,0,0,0,0,0,0,0,0,0,0,0,0,0,0,0,0,0,0,0,0,0,0,0,0,0,0,0,4.2242,0,0,0,0,0
90_1_1_Cwash,0,100,0,0,0,0,0,0,0,0,0,0,0,0,0,0,0,0,0,0,0,0,0,0,0,0,0,0,0,0,0,0,0,0,0,0,0,0,0,0,0,0,0,0,0,0,0,0,0,0,0,0
90_1_1_Stool,0,23.99929,0,0,0,0,0,0,76.00071,0,0,0,0,0,0,0,0,0,0,0,0,0,0,0,0,0,0,0,0,0,0,0,0,0,0,0,0,0,0,0,0,0,0,0,0,0,0,0,0,0,0,0
90_1_2_Stool,0,21.923,0,0,0,0,0,0,78.077,0,0,0,0,0,0,0,0,0,0,0,0,0,0,0,0,0,0,0,0,0,0,0,0,0,0,0,0,0,0,0,0,0,0,0,0,0,0,0,0,0,0,0
90_2_0_ColonWash_250uL,0,13.53988,0,0,0,0,0,0,83.36594,0,0,0,0,0,0,0,0,0,0,0,0,0,0,0,0,0,0,0,0,0,0,0,0,0,0,0,0,0,0,0,0,0,0,0,0,0,3.09418,0,0,0,0,0
90_2_0_ColonWash_750uL,0,6.17836,0,0,0,0,0,0,53.54543,0,0,0,0,0,0,0,0,0,0,0,0,0,0,0,0,0,0,0,0,0,0,0,0,0,0,0,0,0,0,0,0,0,0,0,0,0,22.20108,0.71677,2.41523,0,14.94313,0
90_2_1_Stool,0,24.97357,0,0,0,0,0,0,75.02643,0,0,0,0,0,0,0,0,0,0,0,0,0,0,0,0,0,0,0,0,0,0,0,0,0,0,0,0,0,0,0,0,0,0,0,0,0,0,0,0,0,0,0
90_2_2_Stool,0,98.47293,0,0,0,0,0,0,1.52707,0,0,0,0,0,0,0,0,0,0,0,0,0,0,0,0,0,0,0,0,0,0,0,0,0,0,0,0,0,0,0,0,0,0,0,0,0,0,0,0,0,0,0
90_3_1_CME,0,89.28807,0,0,0,0,0,0,0,0,0,0,0,0,0,0,0,0,0,0,0,0,0,0,0,0,0,0,0,0,0,0,0,0,0,0,0,0,0,0,0,0,0,0,0,0,10.71193,0,0,0,0,0
90_3_1_ColonWash_250uL,0,98.25202,0,0,0,0,0,0,0,0,0,0,0,0,0,0,0,0,0,0,0,0,0,0,0,0,0,0,0,0,0,0,0,0,0,0,0,0,0,0,0,0,0,0,0,0,1.74798,0,0,0,0,0
90_3_1_Stool,0,22.25214,0,0,0,0,0,0,77.74786,0,0,0,0,0,0,0,0,0,0,0,0,0,0,0,0,0,0,0,0,0,0,0,0,0,0,0,0,0,0,0,0,0,0,0,0,0,0,0,0,0,0,0
90_3_2_Stool,0,92.84659,0,0,0,0,0,0,7.11795,0,0,0,0,0,0,0,0,0,0,0,0,0,0,0,0,0,0,0,0,0,0,0,0,0,0,0,0,0,0,0,0,0,0,0,0,0,0.03547,0,0,0,0,0
90_4_1_Stool,0,18.85425,0,0,0,0,0,0,81.14575,0,0,0,0,0,0,0,0,0,0,0,0,0,0,0,0,0,0,0,0,0,0,0,0,0,0,0,0,0,0,0,0,0,0,0,0,0,0,0,0,0,0,0
90_4_2_Stool,0,34.15602,0,0,0,0,0,0,65.84398,0,0,0,0,0,0,0,0,0,0,0,0,0,0,0,0,0,0,0,0,0,0,0,0,0,0,0,0,0,0,0,0,0,0,0,0,0,0,0,0,0,0,0
90_5_1_Stool,0,11.55295,0,0,0,0,0,0,88.41908,0,0,0,0,0,0,0,0,0,0,0,0,0,0,0,0,0,0,0,0,0,0,0,0,0,0,0,0,0,0,0,0,0,0,0,0,0,0.02797,0,0,0,0,0
90_5_2_Stool,0,20.44128,0,0,0,0,0,0,79.40242,0,0,0,0,0,0,0,0,0,0,0,0,0,0,0,0,0,0,0,0,0,0,0,0,0,0,0,0,0,0,0,0,0,0,0,0,0,0.1563,0,0,0,0,0
90_6_2_Stool,0,94.16867,0,0,0,0,0,0,5.31993,0,0,0,0,0,0,0,0,0,0,0,0,0,0,0,0,0,0,0,0,0,0,0,0,0,0,0,0,0,0,0,0,0,0,0,0,0,0.5114,0,0,0,0,0
90_Dam_Stool,0,30.61456,0,0,0,0,0,0,69.38544,0,0,0,0,0,0,0,0,0,0,0,0,0,0,0,0,0,0,0,0,0,0,0,0,0,0,0,0,0,0,0,0,0,0,0,0,0,0,0,0,0,0,0
91_1_1_Stool,0,70.94481,0,0,0,0,0,0,29.05519,0,0,0,0,0,0,0,0,0,0,0,0,0,0,0,0,0,0,0,0,0,0,0,0,0,0,0,0,0,0,0,0,0,0,0,0,0,0,0,0,0,0,0
91_2_1_Stool,0,37.50148,0,0,0,0,0,0,62.49852,0,0,0,0,0,0,0,0,0,0,0,0,0,0,0,0,0,0,0,0,0,0,0,0,0,0,0,0,0,0,0,0,0,0,0,0,0,0,0,0,0,0,0
DJS40_Inoc,0,0,0,0,100,0,0,0,0,0,0,0,0,0,0,0,0,0,0,0,0,0,0,0,0,0,0,0,0,0,0,0,0,0,0,0,0,0,0,0,0,0,0,0,0,0,0,0,0,0,0,0
DJS41_Inoc,0,0.10902,0,0,99.8283,0,0,0,0.06268,0,0,0,0,0,0,0,0,0,0,0,0,0,0,0,0,0,0,0,0,0,0,0,0,0,0,0,0,0,0,0,0,0,0,0,0,0,0,0,0,0,0,0
DJS42_Inoc,0,0.07123,0,0,99.92877,0,0,0,0,0,0,0,0,0,0,0,0,0,0,0,0,0,0,0,0,0,0,0,0,0,0,0,0,0,0,0,0,0,0,0,0,0,0,0,0,0,0,0,0,0,0,0
DJS85_Inoc,0,100,0,0,0,0,0,0,0,0,0,0,0,0,0,0,0,0,0,0,0,0,0,0,0,0,0,0,0,0,0,0,0,0,0,0,0,0,0,0,0,0,0,0,0,0,0,0,0,0,0,0
DJS87_Inoc,0,0,0,0,0,0,0,0,100,0,0,0,0,0,0,0,0,0,0,0,0,0,0,0,0,0,0,0,0,0,0,0,0,0,0,0,0,0,0,0,0,0,0,0,0,0,0,0,0,0,0,0
DJS90_Inoc,0,0,0,0,0,0,0,0,100,0,0,0,0,0,0,0,0,0,0,0,0,0,0,0,0,0,0,0,0,0,0,0,0,0,0,0,0,0,0,0,0,0,0,0,0,0,0,0,0,0,0,0
DJS91_Inoc,0,51.68557,0,0,0,0,0,0,48.31443,0,0,0,0,0,0,0,0,0,0,0,0,0,0,0,0,0,0,0,0,0,0,0,0,0,0,0,0,0,0,0,0,0,0,0,0,0,0,0,0,0,0,0
GF29_Inoc,0.74788,48.90371,0,0,2.6573,2.10184,0,0,33.47914,0,0,0,1.72797,0,0,0,0,0,0,0,0,0,0.1125,0,0,0,9.9833,0,0,0.06232,0.1298,0,0,0,0,0,0,0,0,0,0.09424,0,0,0,0,0,0,0,0,0,0,0
GF20_d0_inoc,1.57718,0,0,0,34.77182,0.25901,0,1.3836,3.15082,0,0,13.35631,8.00946,0,0,0,0,0,0,0,0,0,2.47017,0.37415,0,28.40982,6.23767,0,0,0,0,0,0,0,0,0,0,0,0,0,0,0,0,0,0,0,0,0,0,0,0,0
GF20_d161_b6,0,0,0,0,0,0,0,8.70335,91.24548,0,0,0,0,0,0,0,0,0,0,0,0,0,0,0,0,0,0.05118,0,0,0,0,0,0,0,0,0,0,0,0,0,0,0,0,0,0,0,0,0,0,0,0,0
GF20_d35_a3,0,0,0,0,0,0,0,6.20198,68.87012,0,0,0,0,0,0,0,0,0,0,0,0,0,0,0,0,0,0,24.68436,0,0,0,0,0,0,0,0,0,0,0,0,0,0,0,0,0.24354,0,0,0,0,0,0,0
GF23_d19_dama,59.98579,0.06516,7.55259,15.08686,4.32707,0,1.90364,0.44737,3.78747,0,0,5.03338,0.37881,0,0,0,0,0,0,0,0,0,0,0,0,0.06055,0.47033,0.90098,0,0,0,0,0,0,0,0,0,0,0,0,0,0,0,0,0,0,0,0,0,0,0,0
GF23_d35_c1,0,99.1755,0,0,0,0,0,0,0.8245,0,0,0,0,0,0,0,0,0,0,0,0,0,0,0,0,0,0,0,0,0,0,0,0,0,0,0,0,0,0,0,0,0,0,0,0,0,0,0,0,0,0,0
GF23_d47_dama,14.54251,1.12291,3.1011,2.56214,5.00091,0,0.85861,2.21644,9.84813,0,0,50.32305,0.21676,0,0,0,0,0,0,0,0,0,0,0,0,0,3.68239,6.52505,0,0,0,0,0,0,0,0,0,0,0,0,0,0,0,0,0,0,0,0,0,0,0,0
GF23_d47_damc,8.37576,1.02867,15.43613,3.48915,12.68241,0,2.92759,3.37564,11.33379,0,0,32.19154,0.84491,0,0,0,0,0,0,0,0,0,0,0,0,0.13687,2.91932,5.25822,0,0,0,0,0,0,0,0,0,0,0,0,0,0,0,0,0,0,0,0,0,0,0,0
GF23_d52_a1,0,72.77727,0,0,0,0,0,0,27.22273,0,0,0,0,0,0,0,0,0,0,0,0,0,0,0,0,0,0,0,0,0,0,0,0,0,0,0,0,0,0,0,0,0,0,0,0,0,0,0,0,0,0,0
GF23_d52_a6,0,94.3887,0,0,0.09027,0,0.29416,1.50268,3.72419,0,0,0,0,0,0,0,0,0,0,0,0,0,0,0,0,0,0,0,0,0,0,0,0,0,0,0,0,0,0,0,0,0,0,0,0,0,0,0,0,0,0,0
GF23_d56_c2,0,86.89282,0,0,0.44933,0,0,0,12.65785,0,0,0,0,0,0,0,0,0,0,0,0,0,0,0,0,0,0,0,0,0,0,0,0,0,0,0,0,0,0,0,0,0,0,0,0,0,0,0,0,0,0,0
GF23_d57_c4,0,9.87576,0,0,0,0,0,0,90.12424,0,0,0,0,0,0,0,0,0,0,0,0,0,0,0,0,0,0,0,0,0,0,0,0,0,0,0,0,0,0,0,0,0,0,0,0,0,0,0,0,0,0,0
GF23_d57_c5,0,0,0,0,0,0,0,0,100,0,0,0,0,0,0,0,0,0,0,0,0,0,0,0,0,0,0,0,0,0,0,0,0,0,0,0,0,0,0,0,0,0,0,0,0,0,0,0,0,0,0,0
GF23_damA_32_stool,10.89855,1.83607,5.40589,1.58928,6.66451,0,1.18115,4.43937,13.29059,0,0,46.85998,0.00817,0,0,0,0,0,0,0,0,0,0,0,0,0,0.98403,6.84241,0,0,0,0,0,0,0,0,0,0,0,0,0,0,0,0,0,0,0,0,0,0,0,0
GF23_damC_10_stool,27.65855,0.17245,3.70466,20.19753,3.85513,0,2.92418,0.42063,1.88358,0,0,0,0.21733,0,0,0,0,0,0,0,0,0,0,0,0,0.07523,37.25817,1.63256,0,0,0,0,0,0,0,0,0,0,0,0,0,0,0,0,0,0,0,0,0,0,0,0
GF23_damC_32_stool,9.50382,2.79875,4.79713,2.37857,4.03709,0,0.6647,3.12153,10.33187,0,0,55.23432,0.11474,0,0,0,0,0,0,0,0,0,0,0,0,0,1.92523,5.09226,0,0,0,0,0,0,0,0,0,0,0,0,0,0,0,0,0,0,0,0,0,0,0,0
GF24_A10_d131_cwash,0.9635,88.24783,2.08378,0.16791,0,0,0,0,0,0,0,0,0,0,0,0,0,0,0,0,0,0,0,0,0,0,0,0,0,0,0,0,0,0,0,0,0,0,0,0,0,0,0,0,0,0,8.53697,0,0,0,0,0
GF24_A1_36_stool,0.60212,97.85598,0,0.09073,1.02098,0,0,0,0.4302,0,0,0,0,0,0,0,0,0,0,0,0,0,0,0,0,0,0,0,0,0,0,0,0,0,0,0,0,0,0,0,0,0,0,0,0,0,0,0,0,0,0,0
GF24_A1_39_cwash,18.84996,47.62522,4.76087,0.94453,0,0,0,0,27.81943,0,0,0,0,0,0,0,0,0,0,0,0,0,0,0,0,0,0,0,0,0,0,0,0,0,0,0,0,0,0,0,0,0,0,0,0,0,0,0,0,0,0,0
GF24_A1_d108_cwash,0,89.28446,0.4353,0,0,0,0,0,0,0,0,0,0,0,0,0,0,0,0,0,0,0,0,0,0,0,0,0,0,0,0,0,0,0,0,0,0,0,0,0,0,0,0,0,0,0,10.28024,0,0,0,0,0
GF24_A1_d131_cwash,0.58344,97.3517,0,0,0,0,0,0,0,0,0,0,0,0,0,0,0,0,0,0,0,0,0,0,0,0,0,0,0,0,0,0,0,0,0,0,0,0,0,0,0,0,0,0,0,0,2.06486,0,0,0,0,0
GF24_A1_d73_stool,0,98.07763,0,0.25705,1.66532,0,0,0,0,0,0,0,0,0,0,0,0,0,0,0,0,0,0,0,0,0,0,0,0,0,0,0,0,0,0,0,0,0,0,0,0,0,0,0,0,0,0,0,0,0,0,0
GF24_A1_d74_cwash,5.80864,90.19115,0.3969,0.7034,1.27674,0,0,0,0.90137,0,0,0,0,0,0,0,0,0,0,0,0,0,0,0,0,0,0,0,0,0,0,0,0,0,0,0,0,0,0,0,0,0,0,0,0,0,0.72182,0,0,0,0,0
GF24_A2_36_stool,2.11395,92.04611,0,1.63314,3.12937,0,0.89383,0,0.18359,0,0,0,0,0,0,0,0,0,0,0,0,0,0,0,0,0,0,0,0,0,0,0,0,0,0,0,0,0,0,0,0,0,0,0,0,0,0,0,0,0,0,0
GF24_A2_39_cwash,42.54257,29.25719,17.22617,4.59068,0.40511,0,0,0,5.97828,0,0,0,0,0,0,0,0,0,0,0,0,0,0,0,0,0,0,0,0,0,0,0,0,0,0,0,0,0,0,0,0,0,0,0,0,0,0,0,0,0,0,0
GF24_A2_d108_cwash,2.48584,76.46441,0.97106,0.55795,0.87623,0,0,0,0,0,0,0,0,0,0,0,0,0,0,0,0,0,0,0,0,0,0,0,0,0,0,0,0,0,0,0,0,0,0,0,0,0,0,0,0,0,18.64452,0,0,0,0,0
GF24_A2_d131_cwash,0,95.63788,0,0,0.39337,0,0,0,0,0,0,0,0,0,0,0,0,0,0,0,0,0,0,0,0,0,0,0,0,0,0,0,0,0,0,0,0,0,0,0,0,0,0,0,0,0,3.96875,0,0,0,0,0
GF24_A2_d73_stool,0,98.62288,0,0.13054,1.24658,0,0,0,0,0,0,0,0,0,0,0,0,0,0,0,0,0,0,0,0,0,0,0,0,0,0,0,0,0,0,0,0,0,0,0,0,0,0,0,0,0,0,0,0,0,0,0
GF24_A3_37_stool,0,99.11388,0,0,0.65955,0,0,0,0.22657,0,0,0,0,0,0,0,0,0,0,0,0,0,0,0,0,0,0,0,0,0,0,0,0,0,0,0,0,0,0,0,0,0,0,0,0,0,0,0,0,0,0,0
GF24_A3_38_stool,0.28434,72.74686,0,0.91485,2.44983,0,0,0,23.52833,0,0,0,0.07579,0,0,0,0,0,0,0,0,0,0,0,0,0,0,0,0,0,0,0,0,0,0,0,0,0,0,0,0,0,0,0,0,0,0,0,0,0,0,0
GF24_A3_39_cwash,23.33109,6.51023,19.11068,0.08189,0,0,0,0,50.96611,0,0,0,0,0,0,0,0,0,0,0,0,0,0,0,0,0,0,0,0,0,0,0,0,0,0,0,0,0,0,0,0,0,0,0,0,0,0,0,0,0,0,0
GF24_A3_d108_cwash,10.44087,85.45194,0.93959,1.36142,0.28492,0,0,0,0,0,0,0,0,0,0,0,0,0,0,0,0,0,0,0,0,0,0,0,0,0,0,0,0,0,0,0,0,0,0,0,0,0,0,0,0,0,1.52126,0,0,0,0,0
GF24_A3_d131_cwash,5.40634,91.90315,1.34389,0,0,0,0,0,0,0,0,0,0,0,0,0,0,0,0,0,0,0,0,0,0,0,0,0,0,0,0,0,0,0,0,0,0,0,0,0,0,0,0,0,0,0,1.34662,0,0,0,0,0
GF24_A4_38_stool,39.84593,45.51146,6.44724,3.90359,1.34371,0,0.00811,0,2.30292,0,0,0,0.63703,0,0,0,0,0,0,0,0,0,0,0,0,0,0,0,0,0,0,0,0,0,0,0,0,0,0,0,0,0,0,0,0,0,0,0,0,0,0,0
GF24_A4_39_cwash,59.81052,9.30895,10.21578,7.4607,2.58502,0,0,0,10.61904,0,0,0,0,0,0,0,0,0,0,0,0,0,0,0,0,0,0,0,0,0,0,0,0,0,0,0,0,0,0,0,0,0,0,0,0,0,0,0,0,0,0,0
GF24_A4_d108_cwash,5.96435,86.4956,0,0,0,0,0,0,0,0,0,0,0,0,0,0,0,0,0,0,0,0,0,0,0,0,0,0,0,0,0,0,0,0,0,0,0,0,0,0,0,0,0,0,0,0,7.54005,0,0,0,0,0
GF24_A4_d131_cwash,2.78975,91.95874,0,0.01349,2.44073,0,0,0,0,0,0,0,0,0,0,0,0,0,0,0,0,0,0,0,0,0,0,0,0,0,0,0,0,0,0,0,0,0,0,0,0,0,0,0,0,0,2.79728,0,0,0,0,0
GF24_A4_d74_cwash,0.70412,86.70327,0,0,2.14616,0,0,0,0,0,0,0,0,0,0,0,0,0,0,0,0,0,0,0,0,0,0,0,0,0,0,0,0,0,0,0,0,0,0,0,0,0,0,0,0,0,10.44646,0,0,0,0,0
GF24_A5_d108_cwash,8.6685,88.21968,0.85849,0.51196,0.28981,0,0,0,0,0,0,0,0,0,0,0,0,0,0,0,0,0,0,0,0,0,0,0,0,0,0,0,0,0,0,0,0,0,0,0,0,0,0,0,0,0,1.45155,0,0,0,0,0
GF24_A5_d131_cwash,0,85.1713,0,0.72201,2.14237,0,11.6068,0,0,0,0,0,0,0,0,0,0,0,0,0,0,0,0,0,0,0,0,0,0,0,0,0,0,0,0,0,0,0,0,0,0,0,0,0,0,0,0.35751,0,0,0,0,0
GF24_A5_d74_cwash,7.66008,85.60749,3.65708,1.06605,0.30118,0,1.6214,0,0,0,0,0,0,0,0,0,0,0,0,0,0,0,0,0,0,0,0,0,0,0,0,0,0,0,0,0,0,0,0,0,0,0,0,0,0,0,0.08672,0,0,0,0,0
GF24_A6_36_stool,0,100,0,0,0,0,0,0,0,0,0,0,0,0,0,0,0,0,0,0,0,0,0,0,0,0,0,0,0,0,0,0,0,0,0,0,0,0,0,0,0,0,0,0,0,0,0,0,0,0,0,0
GF24_A6_39_cwash,46.18992,0,7.09301,12.66939,1.36928,0,0,0,32.67839,0,0,0,0,0,0,0,0,0,0,0,0,0,0,0,0,0,0,0,0,0,0,0,0,0,0,0,0,0,0,0,0,0,0,0,0,0,0,0,0,0,0,0
GF24_A6_d108_cwash,0.16753,98.73138,0,0,0,0,0,0,0,0,0,0,0,0,0,0,0,0,0,0,0,0,0,0,0,0,0,0,0,0,0,0,0,0,0,0,0,0,0,0,0,0,0,0,0,0,1.10109,0,0,0,0,0
GF24_A6_d131_cwash,10.87601,85.83034,2.36883,0,0,0,0,0,0,0,0,0,0,0,0,0,0,0,0,0,0,0,0,0,0,0,0,0,0,0,0,0,0,0,0,0,0,0,0,0,0,0,0,0,0,0,0.92482,0,0,0,0,0
GF24_A6_d74_cwash,0,60.70789,0,0,0,0,1.45475,0,36.18061,0,0,0,0,0,0,0,0,0,0,0,0,0,0,0,0,0,0,0,0,0,0,0,0,0,0,0,0,0,0,0,0,0,0,0,0,0,1.65675,0,0,0,0,0
GF24_A7_36_stool,0,100,0,0,0,0,0,0,0,0,0,0,0,0,0,0,0,0,0,0,0,0,0,0,0,0,0,0,0,0,0,0,0,0,0,0,0,0,0,0,0,0,0,0,0,0,0,0,0,0,0,0
GF24_A7_37_stool,0,100,0,0,0,0,0,0,0,0,0,0,0,0,0,0,0,0,0,0,0,0,0,0,0,0,0,0,0,0,0,0,0,0,0,0,0,0,0,0,0,0,0,0,0,0,0,0,0,0,0,0
GF24_A7_39_cwash,35.27437,37.34688,8.4463,12.09772,1.9739,0,0,0,4.86083,0,0,0,0,0,0,0,0,0,0,0,0,0,0,0,0,0,0,0,0,0,0,0,0,0,0,0,0,0,0,0,0,0,0,0,0,0,0,0,0,0,0,0
GF24_A7_d108_cwash,1.20289,88.38242,2.38316,0.12484,0.02807,0,6.23287,0,0,0,0,0,0,0,0,0,0,0,0,0,0,0,0,0,0,0,0,0,0,0,0,0,0,0,0,0,0,0,0,0,0,0,0,0,0,0,1.64576,0,0,0,0,0
GF24_A7_d131_cwash,0.986,88.38884,0,0,0,0,0,0,0,0,0,0,0,0,0,0,0,0,0,0,0,0,0,0,0,0,0,0,0,0,0,0,0,0,0,0,0,0,0,0,0,0,0,0,0,0,10.62517,0,0,0,0,0
GF24_A7_d74_cwash,0,36.89165,0,0,0,0,2.12588,0,60.62201,0,0,0,0,0,0,0,0,0,0,0,0,0,0,0,0,0,0,0,0,0,0,0,0,0,0,0,0,0,0,0,0,0,0,0,0,0,0.36045,0,0,0,0,0
GF24_A8_d108_cwash,0,92.99341,0,0,0,0,0,0,0,0,0,0,0,0,0,0,0,0,0,0,0,0,0,0,0,0,0,0,0,0,0,0,0,0,0,0,0,0,0,0,0,0,0,0,0,0,7.00659,0,0,0,0,0
GF24_A8_d131_cwash,0,90.52903,0,0,0,0,0,0,0,0,0,0,0,0,0,0,0,0,0,0,0,0,0,0,0,0,0,0,0,0,0,0,0,0,0,0,0,0,0,0,0,0,0,0,0,0,9.47097,0,0,0,0,0
GF24_A9_d108_cwash,0.65044,96.30511,0,0.79992,2.19589,0,0,0,0,0,0,0,0,0,0,0,0,0,0,0,0,0,0,0,0,0,0,0,0,0,0,0,0,0,0,0,0,0,0,0,0,0,0,0,0,0,0.04864,0,0,0,0,0
GF24_A9_d131_cwash,0.01559,98.95977,0,0.03211,0.41796,0,0,0,0,0,0,0,0,0,0,0,0,0,0,0,0,0,0,0,0,0,0,0,0,0,0,0,0,0,0,0,0,0,0,0,0,0,0,0,0,0,0.57456,0,0,0,0,0
GF24_Adam_d100_stool,22.92362,21.00122,6.96767,2.89595,14.36591,0,9.51886,0.61991,8.11377,0,0,10.66965,2.92344,0,0,0,0,0,0,0,0,0,0,0,0,0,0,0,0,0,0,0,0,0,0,0,0,0,0,0,0,0,0,0,0,0,0,0,0,0,0,0
GF24_B1_33_cwash,13.34926,56.32132,12.97329,0,0,0,0,0,17.35613,0,0,0,0,0,0,0,0,0,0,0,0,0,0,0,0,0,0,0,0,0,0,0,0,0,0,0,0,0,0,0,0,0,0,0,0,0,0,0,0,0,0,0
GF24_B1_64_cwash,27.80806,17.89396,6.94088,22.3587,3.32586,0,4.16312,9.97438,7.53504,0,0,0,0,0,0,0,0,0,0,0,0,0,0,0,0,0,0,0,0,0,0,0,0,0,0,0,0,0,0,0,0,0,0,0,0,0,0,0,0,0,0,0
GF24_B2_33_cwash,18.68918,67.3625,5.50348,2.1883,0.10538,0,6.15116,0,0,0,0,0,0,0,0,0,0,0,0,0,0,0,0,0,0,0,0,0,0,0,0,0,0,0,0,0,0,0,0,0,0,0,0,0,0,0,0,0,0,0,0,0
GF24_B2_64_cwash,31.74138,12.28017,11.91985,23.94761,3.61477,0,4.75078,5.86667,4.49026,0,0,0,0,0,0,0,0,0,0,0,0,0,0,0,0,0,0,0,0,0,0,0,0,0,0,0,0,0,0,0,0,0,1.38851,0,0,0,0,0,0,0,0,0
GF24_B2_d74_cwash,7.16419,87.40753,0,1.66138,2.82407,0,0,0,0.61315,0,0,0,0,0,0,0,0,0,0,0,0,0,0,0,0,0,0,0,0,0,0,0,0,0,0,0,0,0,0,0,0,0,0,0,0,0,0.32969,0,0,0,0,0
GF24_B3_33_cwash,18.80378,59.39177,6.55996,1.69707,0.41171,0,13.13572,0,0,0,0,0,0,0,0,0,0,0,0,0,0,0,0,0,0,0,0,0,0,0,0,0,0,0,0,0,0,0,0,0,0,0,0,0,0,0,0,0,0,0,0,0
GF24_B3_64_cwash,34.40679,13.35005,14.98928,24.75597,1.5001,0,2.34473,4.12557,4.46656,0,0,0,0,0,0,0,0,0,0,0,0,0,0,0,0,0,0,0,0,0,0,0,0,0,0,0,0,0,0,0,0,0,0.06096,0,0,0,0,0,0,0,0,0
GF24_B3_d74_cwash,0.21867,98.12886,0.38916,0,0.477,0,0,0,0.78631,0,0,0,0,0,0,0,0,0,0,0,0,0,0,0,0,0,0,0,0,0,0,0,0,0,0,0,0,0,0,0,0,0,0,0,0,0,0,0,0,0,0,0
GF24_B4_33_cwash,17.25512,70.36886,4.49591,1.06464,1.22202,0,5.59344,0,0,0,0,0,0,0,0,0,0,0,0,0,0,0,0,0,0,0,0,0,0,0,0,0,0,0,0,0,0,0,0,0,0,0,0,0,0,0,0,0,0,0,0,0
GF24_B4_d73_stool,0,99.5613,0,0,0.4387,0,0,0,0,0,0,0,0,0,0,0,0,0,0,0,0,0,0,0,0,0,0,0,0,0,0,0,0,0,0,0,0,0,0,0,0,0,0,0,0,0,0,0,0,0,0,0
GF24_B4_d74_cwash,4.76904,92.29248,0.86179,0.54045,0.5879,0,0,0,0.90935,0,0,0,0,0,0,0,0,0,0,0,0,0,0,0,0,0,0,0,0,0,0,0,0,0,0,0,0,0,0,0,0,0,0,0,0,0,0.03898,0,0,0,0,0
GF24_B5_33_cwash,13.89093,66.64117,18.86976,0,0,0,0,0,0.59813,0,0,0,0,0,0,0,0,0,0,0,0,0,0,0,0,0,0,0,0,0,0,0,0,0,0,0,0,0,0,0,0,0,0,0,0,0,0,0,0,0,0,0
GF24_B6_33_cwash,3.79947,76.43131,19.17581,0.07519,0.51822,0,0,0,0,0,0,0,0,0,0,0,0,0,0,0,0,0,0,0,0,0,0,0,0,0,0,0,0,0,0,0,0,0,0,0,0,0,0,0,0,0,0,0,0,0,0,0
GF24_B7_33_cwash,12.4975,57.53876,26.54279,0.65417,0,0,2.30438,0,0.46241,0,0,0,0,0,0,0,0,0,0,0,0,0,0,0,0,0,0,0,0,0,0,0,0,0,0,0,0,0,0,0,0,0,0,0,0,0,0,0,0,0,0,0
GF24_Bdam_d114_stool,36.98817,17.14066,9.05524,1.59739,18.05856,0,6.36765,4.43316,4.91304,0,0,0,1.44612,0,0,0,0,0,0,0,0,0,0,0,0,0,0,0,0,0,0,0,0,0,0,0,0,0,0,0,0,0,0,0,0,0,0,0,0,0,0,0
GF24_C10_d86_cwash,8.89789,86.3548,1.40888,0.67951,1.44544,0,0,0,0.8445,0,0,0,0,0,0,0,0,0,0,0,0,0,0,0,0,0,0,0,0,0,0,0,0,0,0,0,0,0,0,0,0,0,0,0,0,0,0.36899,0,0,0,0,0
GF24_C1_37_stool,0.57811,53.57652,0,1.42608,1.70999,0,0,0,42.7093,0,0,0,0,0,0,0,0,0,0,0,0,0,0,0,0,0,0,0,0,0,0,0,0,0,0,0,0,0,0,0,0,0,0,0,0,0,0,0,0,0,0,0
GF24_C1_39_cwash,0,0,2.67374,0,91.71634,0,0,0,5.60992,0,0,0,0,0,0,0,0,0,0,0,0,0,0,0,0,0,0,0,0,0,0,0,0,0,0,0,0,0,0,0,0,0,0,0,0,0,0,0,0,0,0,0
GF24_C1_d108_cwash,0,93.72884,0,0,0,0,0,0,0,0,0,0,0,0,0,0,0,0,0,0,0,0,0,0,0,0,0,0,0,0,0,0,0,0,0,0,0,0,0,0,0,0,0,0,0,0,6.27116,0,0,0,0,0
GF24_C1_d129_cwash,0.16442,42.98334,0.02572,0.10692,0.12746,0,0,0,55.25404,0,0,0,0,0,0,0,0,0,0,0,0,0,0,0,0,0,0,0,0,0,0,0,0,0,0,0,0,0,0,0,0,0,0,0,0,0,1.3381,0,0,0,0,0
GF24_C2_39_cwash,0,0,8.57773,16.47843,69.26263,0,0,0,5.68121,0,0,0,0,0,0,0,0,0,0,0,0,0,0,0,0,0,0,0,0,0,0,0,0,0,0,0,0,0,0,0,0,0,0,0,0,0,0,0,0,0,0,0
GF24_C2_d108_cwash,7.18368,84.2684,6.40381,0.45061,0.86403,0,0,0,0,0,0,0,0,0,0,0,0,0,0,0,0,0,0,0,0,0,0,0,0,0,0,0,0,0,0,0,0,0,0,0,0,0,0,0,0,0,0.82947,0,0,0,0,0
GF24_C2_d129_cwash,0,95.66632,0,0,0,0,0,0,0,0,0,0,0,0,0,0,0,0,0,0,0,0,0,0,0,0,0,0,0,0,0,0,0,0,0,0,0,0,0,0,0,0,0,0,0,0,4.33368,0,0,0,0,0
GF24_C2_d86_cwash,3.73471,12.74188,2.08909,1.07243,1.8642,0,0,0,78.37529,0,0,0,0,0,0,0,0,0,0,0,0,0,0,0,0,0,0,0,0,0,0,0,0,0,0,0,0,0,0,0,0,0,0,0,0,0,0.1224,0,0,0,0,0
GF24_C3_37_stool,0.38191,96.63909,0,0.58072,2.39829,0,0,0,0,0,0,0,0,0,0,0,0,0,0,0,0,0,0,0,0,0,0,0,0,0,0,0,0,0,0,0,0,0,0,0,0,0,0,0,0,0,0,0,0,0,0,0
GF24_C3_38_cwash,0,0,0,0,90.05915,0,0,0,9.94085,0,0,0,0,0,0,0,0,0,0,0,0,0,0,0,0,0,0,0,0,0,0,0,0,0,0,0,0,0,0,0,0,0,0,0,0,0,0,0,0,0,0,0
GF24_C3_d108_cwash,0,99.38236,0,0,0,0,0,0,0,0,0,0,0,0,0,0,0,0,0,0,0,0,0,0,0,0,0,0,0,0,0,0,0,0,0,0,0,0,0,0,0,0,0,0,0,0,0.61764,0,0,0,0,0
GF24_C3_d129_cwash,2.31147,91.14841,0.40071,0.16038,0,0,0,0,0,0,0,0,0,0,0,0,0,0,0,0,0,0,0,0,0,0,0,0,0,0,0,0,0,0,0,0,0,0,0,0,0,0,0,0,0,0,5.97903,0,0,0,0,0
GF24_C3_d85_stool,0.04312,98.05919,0,0.58008,0.64769,0,0,0,0.66991,0,0,0,0,0,0,0,0,0,0,0,0,0,0,0,0,0,0,0,0,0,0,0,0,0,0,0,0,0,0,0,0,0,0,0,0,0,0,0,0,0,0,0
GF24_C3_d86_cwash,12.59593,80.11221,0.74238,1.45308,4.22075,0,0,0,0,0,0,0,0,0,0,0,0,0,0,0,0,0,0,0,0,0,0,0,0,0,0,0,0,0,0,0,0,0,0,0,0,0,0,0,0,0,0.87563,0,0,0,0,0
GF24_C4_37_stool,5.3666,88.61381,0,2.52862,3.39349,0,0,0,0.09748,0,0,0,0,0,0,0,0,0,0,0,0,0,0,0,0,0,0,0,0,0,0,0,0,0,0,0,0,0,0,0,0,0,0,0,0,0,0,0,0,0,0,0
GF24_C4_38_cwash,0,0,3.44199,12.17629,80.81278,0,0,0,3.56893,0,0,0,0,0,0,0,0,0,0,0,0,0,0,0,0,0,0,0,0,0,0,0,0,0,0,0,0,0,0,0,0,0,0,0,0,0,0,0,0,0,0,0
GF24_C4_38_stool,0,0,71.69424,0,0,0,0,0,28.30576,0,0,0,0,0,0,0,0,0,0,0,0,0,0,0,0,0,0,0,0,0,0,0,0,0,0,0,0,0,0,0,0,0,0,0,0,0,0,0,0,0,0,0
GF24_C4_d108_cwash,1.13126,90.9051,0.29337,0,0,0,0,0,0,0,0,0,0,0,0,0,0,0,0,0,0,0,0,0,0,0,0,0,0,0,0,0,0,0,0,0,0,0,0,0,0,0,0,0,0,0,7.67027,0,0,0,0,0
GF24_C4_d129_cwash,1.09939,15.48283,0,0.15415,1.1517,0,2.46784,0,78.20194,0,0,0,0,0,0,0,0,0,0,0,0,0,0,0,0,0,0,0,0,0,0,0,0,0,0,0,0,0,0,0,0,0,0,0,0,0,1.44216,0,0,0,0,0
GF24_C4_d86_cwash,0.38348,88.93862,0.99128,0.06307,5.44855,0,0,0,0,0,0,0,0,0,0,0,0,0,0,0,0,0,0,0,0,0,0,0,0,0,0,0,0,0,0,0,0,0,0,0,0,0,0,0,0,0,4.175,0,0,0,0,0
GF24_C5_36_stool,0,19.02566,0,0,0.84695,0,0,0,80.12739,0,0,0,0,0,0,0,0,0,0,0,0,0,0,0,0,0,0,0,0,0,0,0,0,0,0,0,0,0,0,0,0,0,0,0,0,0,0,0,0,0,0,0
GF24_C5_38_stool,0,0,18.4417,0,81.5583,0,0,0,0,0,0,0,0,0,0,0,0,0,0,0,0,0,0,0,0,0,0,0,0,0,0,0,0,0,0,0,0,0,0,0,0,0,0,0,0,0,0,0,0,0,0,0
GF24_C5_d108_cwash,0,94.0119,0,0,0.13626,0,0,0,0,0,0,0,0,0,0,0,0,0,0,0,0,0,0,0,0,0,0,0,0,0,0,0,0,0,0,0,0,0,0,0,0,0,0,0,0,0,5.85184,0,0,0,0,0
GF24_C5_d129_cwash,2.23667,95.28282,0,0.40503,0.093,0,1.06939,0,0,0,0,0,0,0,0,0,0,0,0,0,0,0,0,0,0,0,0,0,0,0,0,0,0,0,0,0,0,0,0,0,0,0,0,0,0,0,0.91308,0,0,0,0,0
GF24_C5_d85_stool,0.22112,98.76096,0,0.12435,0.8457,0,0,0,0,0,0,0,0,0,0,0,0,0,0,0,0,0,0,0,0,0,0,0,0,0,0,0,0,0,0,0,0,0,0,0,0,0,0,0,0,0,0.04787,0,0,0,0,0
GF24_C5_d86_cwash,0,77.64129,3.30096,0,0,0,0,0,0,0,0,0,0,0,0,0,0,0,0,0,0,0,0,0,0,0,0,0,0,0,0,0,0,0,0,0,0,0,0,0,0,0,0,0,0,0,19.05775,0,0,0,0,0
GF24_C6_36_stool,0.36595,92.37649,0,1.74696,4.17908,0,0,0,1.33152,0,0,0,0,0,0,0,0,0,0,0,0,0,0,0,0,0,0,0,0,0,0,0,0,0,0,0,0,0,0,0,0,0,0,0,0,0,0,0,0,0,0,0
GF24_C6_37_stool,4.27455,89.05772,0,1.53885,4.91908,0,0,0,0.2098,0,0,0,0,0,0,0,0,0,0,0,0,0,0,0,0,0,0,0,0,0,0,0,0,0,0,0,0,0,0,0,0,0,0,0,0,0,0,0,0,0,0,0
GF24_C6_38_stool,0,0,1.05123,0,97.36824,0,0,0,1.58053,0,0,0,0,0,0,0,0,0,0,0,0,0,0,0,0,0,0,0,0,0,0,0,0,0,0,0,0,0,0,0,0,0,0,0,0,0,0,0,0,0,0,0
GF24_C6_d108_cwash,6.45476,90.97225,0.69186,1.31306,0.22189,0,0,0,0,0,0,0,0,0,0,0,0,0,0,0,0,0,0,0,0,0,0,0,0,0,0,0,0,0,0,0,0,0,0,0,0,0,0,0,0,0,0.34618,0,0,0,0,0
GF24_C6_d129_cwash,1.22185,41.50815,0,0,0.23983,0,0,0,51.59529,0,0,0,0,0,0,0,0,0,0,0,0,0,0,0,0,0,0,0,0,0,0,0,0,0,0,0,0,0,0,0,0,0,0,0,0,0,5.43488,0,0,0,0,0
GF24_C6_d85_stool,0,100,0,0,0,0,0,0,0,0,0,0,0,0,0,0,0,0,0,0,0,0,0,0,0,0,0,0,0,0,0,0,0,0,0,0,0,0,0,0,0,0,0,0,0,0,0,0,0,0,0,0
GF24_C6_d86_cwash,5.42031,89.02763,4.85169,0,0.70037,0,0,0,0,0,0,0,0,0,0,0,0,0,0,0,0,0,0,0,0,0,0,0,0,0,0,0,0,0,0,0,0,0,0,0,0,0,0,0,0,0,0,0,0,0,0,0
GF24_C7_d108_cwash,0,90.21535,0,0,0,0,0,0,0,0,0,0,0,0,0,0,0,0,0,0,0,0,0,0,0,0,0,0,0,0,0,0,0,0,0,0,0,0,0,0,0,0,0,0,0,0,9.78465,0,0,0,0,0
GF24_C7_d129_cwash,0.87242,51.73422,0,0.35553,0,0,0,0,45.61454,0,0,0,0,0,0,0,0,0,0,0,0,0,0,0,0,0,0,0,0,0,0,0,0,0,0,0,0,0,0,0,0,0,0,0,0,0,1.42329,0,0,0,0,0
GF24_C7_d85_stool,0.35624,97.43088,0,0.61491,1.21395,0,0,0,0.38402,0,0,0,0,0,0,0,0,0,0,0,0,0,0,0,0,0,0,0,0,0,0,0,0,0,0,0,0,0,0,0,0,0,0,0,0,0,0,0,0,0,0,0
GF24_C7_d86_cwash,4.74847,85.34742,2.51154,0.38985,6.75369,0,0,0,0,0,0,0,0,0,0,0,0,0,0,0,0,0,0,0,0,0,0,0,0,0,0,0,0,0,0,0,0,0,0,0,0,0,0,0,0,0,0.24903,0,0,0,0,0
GF24_C8_d108_cwash,0.0381,98.20558,0,0.02829,0.15403,0,0,0,0,0,0,0,0,0,0,0,0,0,0,0,0,0,0,0,0,0,0,0,0,0,0,0,0,0,0,0,0,0,0,0,0,0,0,0,0,0,1.574,0,0,0,0,0
GF24_C8_d85_stool,0,96.9472,0,0,3.0528,0,0,0,0,0,0,0,0,0,0,0,0,0,0,0,0,0,0,0,0,0,0,0,0,0,0,0,0,0,0,0,0,0,0,0,0,0,0,0,0,0,0,0,0,0,0,0
GF24_C8_d86_cwash,8.48524,82.46523,3.01807,2.08249,1.62731,0,0.33095,0,1.78725,0,0,0,0,0,0,0,0,0,0,0,0,0,0,0,0,0,0,0,0,0,0,0,0,0,0,0,0,0,0,0,0,0,0,0,0,0,0.20345,0,0,0,0,0
GF24_C9_d108_cwash,4.04313,82.08981,8.08546,0,0.40003,0,0,0,0,0,0,0,0,0,0,0,0,0,0,0,0,0,0,0,0,0,0,0,0,0,0,0,0,0,0,0,0,0,0,0,0,0,0,0,0,0,5.38156,0,0,0,0,0
GF24_C9_d85_stool,0.05974,97.12639,0,1.07031,1.66079,0,0.08277,0,0,0,0,0,0,0,0,0,0,0,0,0,0,0,0,0,0,0,0,0,0,0,0,0,0,0,0,0,0,0,0,0,0,0,0,0,0,0,0,0,0,0,0,0
GF24_C9_d86_cwash,10.37034,76.2642,5.87031,1.17872,3.74869,0,0,0,1.73504,0,0,0,0,0,0,0,0,0,0,0,0,0,0,0,0,0,0,0,0,0,0,0,0,0,0,0,0,0,0,0,0,0,0,0,0,0,0.83271,0,0,0,0,0
GF24_Cdam_d108_stool,27.8988,8.11312,18.60214,3.36885,12.76876,0,3.42095,3.92857,7.61672,0,0,14.28209,0,0,0,0,0,0,0,0,0,0,0,0,0,0,0,0,0,0,0,0,0,0,0,0,0,0,0,0,0,0,0,0,0,0,0,0,0,0,0,0
GF24_damA_18_stool,23.54837,9.41886,6.60057,1.95433,17.73209,0,2.23089,7.6446,6.59684,0,0,24.07472,0.19872,0,0,0,0,0,0,0,0,0,0,0,0,0,0,0,0,0,0,0,0,0,0,0,0,0,0,0,0,0,0,0,0,0,0,0,0,0,0,0
GF24_damA_3_stool,19.12241,32.52298,17.96868,7.37651,7.59921,0,8.71908,2.89345,3.79768,0,0,0,0,0,0,0,0,0,0,0,0,0,0,0,0,0,0,0,0,0,0,0,0,0,0,0,0,0,0,0,0,0,0,0,0,0,0,0,0,0,0,0
GF24_damA_8_stool,13.40349,19.73848,19.16549,7.6229,8.91771,0,7.08664,5.54911,7.79834,0,0,9.39399,1.32385,0,0,0,0,0,0,0,0,0,0,0,0,0,0,0,0,0,0,0,0,0,0,0,0,0,0,0,0,0,0,0,0,0,0,0,0,0,0,0
GF24_damB_3_stool,67.51946,7.99883,4.86025,10.32229,2.77366,0,4.4086,1.38798,0.71875,0,0,0,0,0,0,0,0,0,0,0,0,0,0,0,0,0,0,0,0,0,0,0,0,0,0,0,0,0,0,0,0,0,0.01017,0,0,0,0,0,0,0,0,0
GF24_damB_8_stool,13.98204,13.26953,28.20472,0.28971,11.09428,0,2.7619,4.96616,5.76233,0,0,19.66932,0,0,0,0,0,0,0,0,0,0,0,0,0,0,0,0,0,0,0,0,0,0,0,0,0,0,0,0,0,0,0,0,0,0,0,0,0,0,0,0
GF24_damC_30_stool,6.90888,23.83581,6.12858,1.16753,3.42561,0,1.39748,8.38378,9.07969,0,0,39.39149,0.03711,0,0,0,0,0,0,0,0,0,0,0,0,0,0,0,0,0,0,0,0,0,0,0,0,0,0,0,0,0,0.24403,0,0,0,0,0,0,0,0,0
GF24_damC_3_stool,54.12389,11.95573,8.52129,11.29807,4.12662,0,8.59389,0.67333,0.70718,0,0,0,0,0,0,0,0,0,0,0,0,0,0,0,0,0,0,0,0,0,0,0,0,0,0,0,0,0,0,0,0,0,0,0,0,0,0,0,0,0,0,0
GF24_damC_51_stool,26.51764,9.10569,18.95702,8.36784,25.71135,0,4.91077,0,6.15013,0,0,0,0,0,0,0,0,0,0,0,0,0,0,0,0,0,0,0,0,0,0,0,0,0,0,0,0,0,0,0,0,0,0.27956,0,0,0,0,0,0,0,0,0
GF24_Inoc_0,7.28996,70.62258,2.21149,3.0071,7.01883,9.03552,0.2995,0.0503,0.13668,0,0,0.04989,0,0,0,0,0,0,0,0,0,0,0.27815,0,0,0,0,0,0,0,0,0,0,0,0,0,0,0,0,0,0,0,0,0,0,0,0,0,0,0,0,0
GF26_A1_d101_cwash,0,97.84361,0,0,0,0,0,0,1.57297,0,0,0,0,0,0,0,0,0,0,0,0,0,0,0,0,0,0,0,0,0,0,0,0,0,0,0,0,0,0,0,0,0,0,0,0,0,0.58342,0,0,0,0,0
GF26_A1_d65_cwash,0,0,0,0,0,0,0,0,0,0,0,0,0,0,0,0,0,0,0,0,0,0,0,0,0,0,0,0,0,0,0,0,0,0,0,0,0,0,0,0,0,0,0,0,0,0,100,0,0,0,0,0
GF26_A2_d101_cwash,0,40.54448,0,0,0,0,0,0,58.95254,0,0,0,0,0,0,0,0,0,0,0,0,0,0,0,0,0,0,0,0,0,0,0,0,0,0,0,0,0,0,0,0,0,0,0,0,0,0.50298,0,0,0,0,0
GF26_A2_d149_cwash,0,100,0,0,0,0,0,0,0,0,0,0,0,0,0,0,0,0,0,0,0,0,0,0,0,0,0,0,0,0,0,0,0,0,0,0,0,0,0,0,0,0,0,0,0,0,0,0,0,0,0,0
GF26_A3_d101_cwash,0,99.16568,0,0,0,0,0,0,0.50808,0,0,0,0,0,0,0,0,0,0,0,0,0,0,0,0,0,0,0,0,0,0,0,0,0,0,0,0,0,0,0,0,0,0,0,0,0,0.32624,0,0,0,0,0
GF26_A3_d149_cwash,0,1.13987,0,0,0,0,0,98.86013,0,0,0,0,0,0,0,0,0,0,0,0,0,0,0,0,0,0,0,0,0,0,0,0,0,0,0,0,0,0,0,0,0,0,0,0,0,0,0,0,0,0,0,0
GF26_A4_d101_cwash,0,99.72921,0,0,0,0,0,0,0.17417,0,0,0,0,0,0,0,0,0,0,0,0,0,0,0,0,0,0,0,0,0,0,0,0,0,0,0,0,0,0,0,0,0,0,0,0,0,0.09662,0,0,0,0,0
GF26_A4_d146_stool,0,95.37337,0,0,0,0,0,0,4.62663,0,0,0,0,0,0,0,0,0,0,0,0,0,0,0,0,0,0,0,0,0,0,0,0,0,0,0,0,0,0,0,0,0,0,0,0,0,0,0,0,0,0,0
GF26_A4_d147_stool,0,95.80413,0,0,0,0,0,0,4.19587,0,0,0,0,0,0,0,0,0,0,0,0,0,0,0,0,0,0,0,0,0,0,0,0,0,0,0,0,0,0,0,0,0,0,0,0,0,0,0,0,0,0,0
GF26_A4_d148_stool,0,99.2269,0,0,0,0,0,0,0.7731,0,0,0,0,0,0,0,0,0,0,0,0,0,0,0,0,0,0,0,0,0,0,0,0,0,0,0,0,0,0,0,0,0,0,0,0,0,0,0,0,0,0,0
GF26_A4_d65_cwash,0,0,0,0,0,0,0,0,0,0,0,0,0,0,0,0,0,0,0,0,0,0,0,0,0,0,0,0,0,0,0,0,0,0,0,0,0,0,0,0,0,0,0,0,0,0,100,0,0,0,0,0
GF26_A5_d101_cwash,0,99.56823,0,0,0,0,0,0,0.22163,0,0,0,0,0,0,0,0,0,0,0,0,0,0,0,0,0,0,0,0,0,0,0,0,0,0,0,0,0,0,0,0,0,0,0,0,0,0.21013,0,0,0,0,0
GF26_A7_d65_cwash,0,0,0,0,0,0,0,0,0,0,0,0,0,0,0,0,0,0,0,0,0,0,0,0,0,0,0,0,0,0,0,0,0,0,0,0,0,0,0,0,0,0,0,0,0,0,100,0,0,0,0,0
GF26_A9_d149_cwash,0,54.15955,0,0,0,0,0,44.50616,0,0,0,0,0,0,0,0,0,0,0,0,0,0,0,0,0,0,0,0,0,0,0,0,0,0,0,0,0,0,0,0,0,0,0,0,0,0,1.33428,0,0,0,0,0
GF26_Adam_d148_stool,0,90.92128,0,0,0,0,0,1.72608,6.80516,0,0,0,0,0,0,0,0,0,0,0,0,0,0,0,0,0,0,0,0,0,0,0.54748,0,0,0,0,0,0,0,0,0,0,0,0,0,0,0,0,0,0,0,0
GF26_Adam_d98_stool,0,58.43409,0,0,0,0,0,2.98327,36.39138,0,0,0,0,0,0,0,0,0,0,0,0,0,0,0,0,0,0,0,0,0,0,2.13436,0,0,0,0,0,0,0,0,0,0,0,0,0,0,0.0569,0,0,0,0,0
GF26_Bdam_d133_stool,0,67.64404,0,0,0,0,0,5.08578,24.9951,0,0,0,0,0,0,0,0,0,0,0,0,0,0,0,0,0,0,0,0,0,0,2.27508,0,0,0,0,0,0,0,0,0,0,0,0,0,0,0,0,0,0,0,0
GF26_Bdam_d85_stool,0,85.31254,0,0,0,0,0,3.76597,9.39585,0,0,0,0,0,0,0,0,0,0,0,0,0,0,0,0,0,0,0,0,0,0,1.52564,0,0,0,0,0,0,0,0,0,0,0,0,0,0,0,0,0,0,0,0
GF26_Bdam_d91_stool,0,75.9137,0,0,0,0,0,4.86243,16.39283,0,0,0,0,0,0,0,0,0,0,0,0,0,0,0,0,0,0,0,0,0,0,2.83105,0,0,0,0,0,0,0,0,0,0,0,0,0,0,0,0,0,0,0,0
GF26_Cdam_d98_stool,28.86729,29.85195,9.83427,0.84793,14.97965,0,5.03825,2.16953,2.94427,0,0,0,5.40198,0,0,0,0,0,0,0,0,0,0,0,0,0,0,0,0,0,0,0,0,0,0,0,0,0,0,0,0,0,0.04314,0,0,0,0.02174,0,0,0,0,0
GF27_A1_d33_cwash,5.63622,88.81545,3.15951,0.21588,0.11902,0,0,0,0,0,0,0,0,0,0,0,0,0,0,0,0,0,0,0,0,0,0,0,0,0,0,0,0,0,0,0,0,0,0,0,0,0,0,0,0,0,2.05392,0,0,0,0,0
GF27_A2_d33_cwash,3.61181,74.93084,5.34267,0.09547,0,0,7.5553,0,0,0,0,0,0,0,0,0,0,0,0,0,0,0,0,0,0,0,0,0,0,0,0,0,0,0,0,0,0,0,0,0,0,0,0,0,0,0,8.46391,0,0,0,0,0
GF27_A3_d33_cwash,8.76833,84.82187,2.69095,0.98583,0,0,0,0,0,0,0,0,0,0,0,0,0,0,0,0,0,0,0,0,0,0,0,0,0,0,0,0,0,0,0,0,0,0,0,0,0,0,0,0,0,0,2.73302,0,0,0,0,0
GF27_A6_d33_cwash,5.72157,87.89575,1.93248,0.21406,0,0,0.3168,0,0,0,0,0,0,0,0,0,0,0,0,0,0,0,0,0,0,0,0,0,0,0,0,0,0,0,0,0,0,0,0,0,0,0,0,0,0,0,3.91934,0,0,0,0,0
GF27_A7_d33_cwash,4.25563,88.83009,3.08694,0.03793,0,0,0,0,0,0,0,0,0,0,0,0,0,0,0,0,0,0,0,0,0,0,0,0,0,0,0,0,0,0,0,0,0,0,0,0,0,0,0,0,0,0,3.7894,0,0,0,0,0
GF27_A8_d33_cwash,5.52246,80.35659,1.05191,0.14527,0,0,4.48541,0,0.54539,0,0,0,0,0,0,0,0,0,0,0,0,0,0,0,0,0,0,0,0,0,0,0,0,0,0,0,0,0,0,0,0,0,0,0,0,0,7.89298,0,0,0,0,0
GF27_GF27_Inoc,0.99441,38.76834,0.39551,0.95278,29.34148,3.021,0.06071,0,0,0,0,0.03931,0,0,0,0,0,0,0,0,0,0,0.12803,26.29843,0,0,0,0,0,0,0,0,0,0,0,0,0,0,0,0,0,0,0,0,0,0,0,0,0,0,0,0
Gn3_6B_dam_210806,0,0,0,0,0,0,0,0,100,0,0,0,0,0,0,0,0,0,0,0,0,0,0,0,0,0,0,0,0,0,0,0,0,0,0,0,0,0,0,0,0,0,0,0,0,0,0,0,0,0,0,0
Gn3_6B_dam_210818,0,0,0,0,0,0,0,0,100,0,0,0,0,0,0,0,0,0,0,0,0,0,0,0,0,0,0,0,0,0,0,0,0,0,0,0,0,0,0,0,0,0,0,0,0,0,0,0,0,0,0,0
Gn4_G_Innoc,0,0,0,0,0,0,0,0,6.5465,0,0,0,0,0,0,0,0,0,0,0,0,0,0,93.4535,0,0,0,0,0,0,0,0,0,0,0,0,0,0,0,0,0,0,0,0,0,0,0,0,0,0,0,0
GF21_B3_d91_stool,0,0,0,0,15.41695,0,0,0,0,0,0,0,0,0,0,0,0,0,0,0,0,0,0,84.3997,0,0,0,0,0,0,0,0,0,0,0,0,0,0,0,0,0,0,0,0,0,0,0.18335,0,0,0,0,0
GF21_B4_d91_stool,0,0,0,0,95.89362,0,0,0,0,0,0,0,0,0,0,0,0,0,0,0,0,0,0,0,0,0,0,0,0,0,0,0,0,0,0,0,0,0,0,0,0,0,0,0,0,0,4.10638,0,0,0,0,0
GF21_B6_d93_stool,0,0,0,0,3.94279,0,0,0,0,0,0,0,0,0,0,0,0,0,0,0,0,0,0,96.05721,0,0,0,0,0,0,0,0,0,0,0,0,0,0,0,0,0,0,0,0,0,0,0,0,0,0,0,0
GF21_B7_d94_stool,0,0,0,0,100,0,0,0,0,0,0,0,0,0,0,0,0,0,0,0,0,0,0,0,0,0,0,0,0,0,0,0,0,0,0,0,0,0,0,0,0,0,0,0,0,0,0,0,0,0,0,0
GF21_B9_d93_stool,0,0,0,0,5.52115,0,0,0,0,0,0,0,0,0,0,0,0,0,0,0,0,0,0,94.47885,0,0,0,0,0,0,0,0,0,0,0,0,0,0,0,0,0,0,0,0,0,0,0,0,0,0,0,0
GF21_C1_d116_stool,0,0,0,0,0,0,0,0,0,0,0,0,0,0,0,0,0,0,0,0,0,0,0,100,0,0,0,0,0,0,0,0,0,0,0,0,0,0,0,0,0,0,0,0,0,0,0,0,0,0,0,0
GF21_C1_d91_stool,0,0,0,0,98.2256,0,0,0,0,0,0,0,0,0,0,0,0,0,0,0,0,0,0,1.5876,0,0,0,0,0,0,0,0,0,0,0,0,0,0,0,0,0,0,0,0,0,0,0.1868,0,0,0,0,0
GF21_C2_d115_stool,0,0,0,0,0,0,0,0,0,0,0,0,0,0,0,0,0,0,0,0,0,0,0,0,0,0,0,0,0,0,0,0,0,0,0,0,0,0,0,0,0,0,0,0,0,0,100,0,0,0,0,0
GF21_C2_d118_cwash,0,0,0,0,0,0,0,0,0,0,0,0,0,0,0,0,0,0,0,0,0,0,0,0,0,0,0,0,0,0,0,0,0,0,0,0,0,0,0,0,0,0,0,0,0,0,97.54296,0,0,0,0,2.45704
GF21_C2_d91_stool,0,0,0,0,17.02576,0,0,0,0,0,0,0,0,0,0,0,0,0,0,0,0,0,0,82.95751,0,0,0,0,0,0,0,0,0,0,0,0,0,0,0,0,0,0,0,0,0,0,0.01674,0,0,0,0,0
GF21_C3_d116_stool,0,0,0,0,100,0,0,0,0,0,0,0,0,0,0,0,0,0,0,0,0,0,0,0,0,0,0,0,0,0,0,0,0,0,0,0,0,0,0,0,0,0,0,0,0,0,0,0,0,0,0,0
GF21_C3_d117_stool,0,0,0,0,0,0,0,0,0,0,0,0,0,0,0,0,0,0,0,0,0,0,0,77.76605,0,0,0,0,0,0,0,0,0,0,0,0,0,0,0,0,0,0,0,0,0,0,22.23395,0,0,0,0,0
GF21_C3_d118_cwash,0,0,0,0,0,0,0,0,0,0,0,0,0,0,0,0,0,0,0,0,0,0,0,0,0,0,0,0,0,0,0,0,0,0,0,0,0,0,0,0,0,0,0,0,0,0,100,0,0,0,0,0
GF21_C3_d91_stool,0,0,0,0,2.3361,0,0,0,0,0,0,0,0,0,0,0,0,0,0,0,0,0,0,97.6639,0,0,0,0,0,0,0,0,0,0,0,0,0,0,0,0,0,0,0,0,0,0,0,0,0,0,0,0
GF21_C4_d118_cwash,0,0,0,0,0,0,0,0,0,0,0,0,0,0,0,0,0,0,0,0,0,0,0,100,0,0,0,0,0,0,0,0,0,0,0,0,0,0,0,0,0,0,0,0,0,0,0,0,0,0,0,0
GF21_C5_d117_stool,0,0,0,0,25.45545,0,0,0,0,0,0,0,0,0,0,0,0,0,0,0,0,0,0,74.54455,0,0,0,0,0,0,0,0,0,0,0,0,0,0,0,0,0,0,0,0,0,0,0,0,0,0,0,0
GF21_C5_d93_stool,0,0,0,0,98.57744,0,0,0,0,0,0,0,0,0,0,0,0,0,0,0,0,0,0,0,0,0,0,0,0,0,0,0,0,0,0,0,0,0,0,0,0,0,0,0,0,0,1.42256,0,0,0,0,0
GF21_C7_d115_stool,0,0,0,0,2.62446,0,0,0,0,0,0,0,0,0,0,0,0,0,0,0,0,0,0,97.37554,0,0,0,0,0,0,0,0,0,0,0,0,0,0,0,0,0,0,0,0,0,0,0,0,0,0,0,0
GF21_C7_d118_cwash,0,0,0,0,0,0,0,0,0,0,0,0,0,0,0,0,0,0,0,0,0,0,0,0,0,0,0,0,0,0,0,0,0,0,0,0,0,0,0,0,0,0,0,0,0,0,100,0,0,0,0,0
GF21_C8_d115_stool,0,0,0,0,0.13894,0,0,0,0,0,0,0,0,0,0,0,0,0,0,0,0,0,0,99.86106,0,0,0,0,0,0,0,0,0,0,0,0,0,0,0,0,0,0,0,0,0,0,0,0,0,0,0,0
GF21_C9_d94_stool,0,0,0,0,0,0,0,0,0,0,0,0,0,0,0,0,0,0,0,0,0,0,0,100,0,0,0,0,0,0,0,0,0,0,0,0,0,0,0,0,0,0,0,0,0,0,0,0,0,0,0,0
GF21_Cdam_d113_stool,0,0,0,0,81.27365,0,0,0,0,0,0,0,0,0,0,0,0,0,0,0,0,0,0,10.43267,0,0,0,0,0,0,8.20252,0,0,0,0,0,0,0,0,0,0,0,0,0,0,0,0.09116,0,0,0,0,0
GF21_d0_Adam_Stool,0,0,0,0,0,0,0,0,0,0,0,0,0,0,0,0,0,0,0,0,0,0,0,0,0,0,0,0,0,0,0,0,0,0,0,0,0,0,0,0,0,0,0,0,0,0,95.13805,0,4.86195,0,0,0
GF21_d0_INOC_INOC,0,0,0,0,63.10216,0,0,0,0,0,0,0,0,0,0,0,0,0,0,0,0,0,0,36.63463,0,0,0,0,0,0,0,0,0,0,0,0,0,0,0,0,0,0,0,0,0,0,0.26321,0,0,0,0,0
GF21_d115_C1_Stool,0,0,0,0,0.73115,0,0,0,0,0,0,0,0,0,0,0,0,0,0,0,0,0,0,99.23138,0,0,0,0,0,0,0,0,0,0,0,0,0,0,0,0,0,0,0,0,0,0,0.03747,0,0,0,0,0
GF21_d115_C3_Stool,0,0,0,0,1.27646,0,0,0,0,0,0,0,0,0,0,0,0,0,0,0,0,0,0,98.72354,0,0,0,0,0,0,0,0,0,0,0,0,0,0,0,0,0,0,0,0,0,0,0,0,0,0,0,0
GF21_d115_C5_Stool,0,0,0,0,6.15095,0,0,0,0,0,0,0,0,0,0,0,0,0,0,0,0,0,0,87.75177,0,0,0,0,0,0,0,0,0,0,0,0,0,0,0,0,0,0,0,0,0,0,5.62121,0,0.47608,0,0,0
GF21_d1_Bdam_Stool,0,0,0,0,96.86142,0,0,0,0,0,0,0,0,0,0,0,0,0,0,0,0,0,0,2.52475,0,0,0,0,0,0,0,0,0,0,0,0,0,0,0,0,0,0,0,0,0,0,0.61383,0,0,0,0,0
GF21_d35_A1_cwash,0,0,0,0,0,0,0,0,0,0,0,0,0,0,0,0,0,0,0,0,0,0,0,1.72567,0,0,0,0,0,0,0,0,0,0,0,0,0,0,0,0,0,0,0,0,0,0,95.0472,0,3.22713,0,0,0
GF21_d35_A2_cwash,0,0,0,0,0,0,0,0,0,0,0,0,0,0,0,0,0,0,0,0,0,0,0,0,0,0,0,0,0,0,0,0,0,0,0,0,0,0,0,0,0,0,0,0,0,0,95.93974,0,4.06026,0,0,0
GF21_d35_A3_cwash,0,0,0,0,0,0,0,0,0,0,0,0,0,0,0,0,0,0,0,0,0,0,0,0,0,0,0,0,0,0,0,0,0,0,0,0,0,0,0,0,0,0,0,0,0,0,100,0,0,0,0,0
GF21_d35_A4_cwash,0,0,0,0,0,0,0,0,0,0,0,0,0,0,0,0,0,0,0,0,0,0,0,0,0,0,0,0,0,0,0,0,0,0,0,0,0,0,0,0,0,0,0,0,0,0,95.65374,0,4.34626,0,0,0
GF21_d35_A5_cwash,0,0,0,0,0,0,0,0,0,0,0,0,0,0,0,0,0,0,0,0,0,0,0,0,0,0,0,0,0,0,0,0,0,0,0,0,0,0,0,0,0,0,0,0,0,0,93.1137,0,6.8863,0,0,0
GF21_d35_A6_cwash,0,0,0,0,0,0,0,0,0,0,0,0,0,0,0,0,0,0,0,0,0,0,0,0,0,0,0,0,0,0,0,0,0,0,0,0,0,0,0,0,0,0,0,0,0,0,94.97732,0,5.02268,0,0,0
GF21_d35_A7_cwash,0,0,0,0,15.16312,0,0,0,0,0,0,0,0,0,0,0,0,0,0,0,0,0,0,0,0,0,0,0,0,0,0,0,0,0,0,0,0,0,0,0,0,0,0,0,0,0,79.49894,0,5.33794,0,0,0
GF21_d35_B1_cwash,0,0,0,0,47.25845,0,0,0,0,0,0,0,0,0,0,0,0,0,0,0,0,0,0,0,0,0,0,0,0,0,0,0,0,0,0,0,0,0,0,0,0,0,0,0,0,0,52.74155,0,0,0,0,0
GF21_d35_B2_cwash,0,0,0,0,0,0,0,0,0,0,0,0,0,0,0,0,0,0,0,0,0,0,0,0,0,0,0,0,0,0,0,0,0,0,0,0,0,0,0,0,0,0,0,0,0,0,93.1141,0,6.8859,0,0,0
GF21_d35_B3_cwash,0,0,0,0,33.0289,0,0,0,0,0,0,0,0,0,0,0,0,0,0,0,0,0,0,0,0,0,0,0,0,0,0,0,0,0,0,0,0,0,0,0,0,0,0,0,0,0,66.9711,0,0,0,0,0
GF21_d35_B4_cwash,0,0,0,0,11.43075,0,0,0,0,0,0,0,0,0,0,0,0,0,0,0,0,0,0,0,0,0,0,0,0,0,0,0,0,0,0,0,0,0,0,0,0,0,0,0,0,0,86.27285,0,2.2964,0,0,0
GF21_d35_B5_cwash,0,0,0,0,0,0,0,0,0,0,0,0,0,0,0,0,0,0,0,0,0,0,0,2.34275,0,0,0,0,0,0,0,0,0,0,0,0,0,0,0,0,0,0,0,0,0,0,88.18435,0,9.4729,0,0,0
GF21_d35_B6_cwash,0,0,0,0,0,0,0,0,0,0,0,0,0,0,0,0,0,0,0,0,0,0,0,0.99587,0,0,0,0,0,0,0,0,0,0,0,0,0,0,0,0,0,0,0,0,0,0,92.49553,0,6.5086,0,0,0
GF21_d35_B7_cwash,0,0,0,0,30.79831,0,0,0,0,0,0,0,0,0,0,0,0,0,0,0,0,0,0,0,0,0,0,0,0,0,0,0,0,0,0,0,0,0,0,0,0,0,0,0,0,0,63.76474,0,5.43695,0,0,0
GF21_d35_B8_cwash,0,0,0,0,3.15832,0,0,0,0,0,0,0,0,0,0,0,0,0,0,0,0,0,0,7.11483,0,0,0,0,0,0,0,0,0,0,0,0,0,0,0,0,0,0,0,0,0,0,85.77664,0,3.95022,0,0,0
GF21_d36_Bdam_Stool,0,0,0,0,76.81229,0,0,0,0,0,0,0,0,0,0,0,0,0,0,0,0,0,0,18.8015,0,0,0,0,0,0,4.3263,0,0,0,0,0,0,0,0,0,0,0,0,0,0,0,0.05992,0,0,0,0,0
GF21_d58_A10_cwash,0,0,0,0,0,0,0,0,0,0,0,0,0,0,0,0,0,0,0,0,0,0,0,0,0,0,0,0,0,0,0,0,0,0,0,0,0,0,0,0,0,0,0,0,0,0,96.10359,0,3.89641,0,0,0
GF21_d58_A1_cwash,0,0,0,0,3.85505,0,0,0,0,0,0,0,0,0,0,0,0,0,0,0,0,0,0,0,0,0,0,0,0,0,0,0,0,0,0,0,0,0,0,0,0,0,0,0,0,0,91.01855,0,5.1264,0,0,0
GF21_d58_A2_cwash,0,0,0,0,0,0,0,0,0,0,0,0,0,0,0,0,0,0,0,0,0,0,0,0,0,0,0,0,0,0,0,0,0,0,0,0,0,0,0,0,0,0,0,0,0,0,88.59937,0,11.40063,0,0,0
GF21_d58_A3_cwash,0,0,0,0,0,0,0,0,0,0,0,0,0,0,0,0,0,0,0,0,0,0,0,0.46717,0,0,0,0,0,0,0,0,0,0,0,0,0,0,0,0,0,0,0,0,0,0,88.88747,0,10.64536,0,0,0
GF21_d58_A4_cwash,0,0,0,0,6.73991,0,0,0,0,0,0,0,0,0,0,0,0,0,0,0,0,0,0,0,0,0,0,0,0,0,0,0,0,0,0,0,0,0,0,0,0,0,0,0,0,0,87.95024,0,5.30985,0,0,0
GF21_d58_A5_cwash,0,0,0,0,0,0,0,0,0,0,0,0,0,0,0,0,0,0,0,0,0,0,0,0,0,0,0,0,0,0,0,0,0,0,0,0,0,0,0,0,0,0,0,0,0,0,87.3075,0,12.6925,0,0,0
GF21_d58_A6_cwash,0,0,0,0,0,0,0,0,0,0,0,0,0,0,0,0,0,0,0,0,0,0,0,0,0,0,0,0,0,0,0,0,0,0,0,0,0,0,0,0,0,0,0,0,0,0,93.51539,0,6.48461,0,0,0
GF21_d58_A7_cwash,0,0,0,0,0,0,0,0,0,0,0,0,0,0,0,0,0,0,0,0,0,0,0,0,0,0,0,0,0,0,0,0,0,0,0,0,0,0,0,0,0,0,0,0,0,0,99.19702,0,0.80298,0,0,0
GF21_d58_A8_cwash,0,0,0,0,63.84757,0,0,0,0,0,0,0,0,0,0,0,0,0,0,0,0,0,0,0,0,0,0,0,0,0,0,0,0,0,0,0,0,0,0,0,0,0,0,0,0,0,36.15243,0,0,0,0,0
GF21_d58_A9_cwash,0,0,0,0,0,0,0,0,0,0,0,0,0,0,0,0,0,0,0,0,0,0,0,1.88727,0,0,0,0,0,0,0,0,0,0,0,0,0,0,0,0,0,0,0,0,0,0,93.51818,0,4.59455,0,0,0
GF21_d58_B1_cwash,0,0,0,0,50.23557,0,0,0,0,0,0,0,0,0,0,0,0,0,0,0,0,0,0,0,0,0,0,0,0,0,0,0,0,0,0,0,0,0,0,0,0,0,0,0,0,0,49.76443,0,0,0,0,0
GF21_d58_B2_cwash,0,0,0,0,0,0,0,0,0,0,0,0,0,0,0,0,0,0,0,0,0,0,0,4.75557,0,0,0,0,0,0,0,0,0,0,0,0,0,0,0,0,0,0,0,0,0,0,87.7905,0,7.45393,0,0,0
GF21_d58_B3_cwash,0,0,0,0,0,0,0,0,0,0,0,0,0,0,0,0,0,0,0,0,0,0,0,0,0,0,0,0,0,0,0,0,0,0,0,0,0,0,0,0,0,0,0,0,0,0,89.36646,0,10.63354,0,0,0
GF21_d58_B4_cwash,0,0,0,0,33.81828,0,0,0,0,0,0,0,0,0,0,0,0,0,0,0,0,0,0,0,0,0,0,0,0,0,0,0,0,0,0,0,0,0,0,0,0,0,0,0,0,0,66.18172,0,0,0,0,0
GF21_d58_B5_cwash,0,0,0,0,0,0,0,0,0,0,0,0,0,0,0,0,0,0,0,0,0,0,0,67.81318,0,0,0,0,0,0,0,0,0,0,0,0,0,0,0,0,0,0,0,0,0,0,32.18682,0,0,0,0,0
GF21_d58_B6_cwash,0,0,0,0,0,0,0,0,0,0,0,0,0,0,0,0,0,0,0,0,0,0,0,0,0,0,0,0,0,0,0,0,0,0,0,0,0,0,0,0,0,0,0,0,0,0,90.29974,0,9.70026,0,0,0
GF21_d58_B7_cwash,0,0,0,0,84.50306,0,0,0,0,0,0,0,0,0,0,0,0,0,0,0,0,0,0,0,0,0,0,0,0,0,0,0,0,0,0,0,0,0,0,0,0,0,0,0,0,0,15.49694,0,0,0,0,0
GF21_d58_B8_cwash,0,0,0,0,49.75951,0,0,0,0,0,0,0,0,0,0,0,0,0,0,0,0,0,0,1.11543,0,0,0,0,0,0,0,0,0,0,0,0,0,0,0,0,0,0,0,0,0,0,49.12506,0,0,0,0,0
GF21_d58_B9_cwash,0,0,0,0,64.73226,0,0,0,0,0,0,0,0,0,0,0,0,0,0,0,0,0,0,0,0,0,0,0,0,0,0,0,0,0,0,0,0,0,0,0,0,0,0,0,0,0,34.56194,0,0.70581,0,0,0
GF21_d62_Bdam_Stool,0,0,0,0,59.14708,0,0,0,0,0,0,0,0,0,0,0,0,0,0,0,0,0,0,35.95822,0,0,0,0,0,0,4.87622,0,0,0,0,0,0,0,0,0,0,0,0,0,0,0,0.01849,0,0,0,0,0
GF21_d66_C1_cwash,0,0,0,0,16.49722,0,0,0,0,0,0,0,0,0,0,0,0,0,0,0,0,0,0,0,0,0,0,0,0,0,0,0,0,0,0,0,0,0,0,0,0,0,0,0,0,0,80.89885,0,2.60393,0,0,0
GF21_d66_C2_cwash,0,0,0,0,0,0,0,0,0,0,0,0,0,0,0,0,0,0,0,0,0,0,0,0,0,0,0,0,0,0,0,0,0,0,0,0,0,0,0,0,0,0,0,0,0,0,100,0,0,0,0,0
GF21_d66_C3_cwash,0,0,0,0,8.75682,0,0,0,0,0,0,0,0,0,0,0,0,0,0,0,0,0,0,0,0,0,0,0,0,0,0,0,0,0,0,0,0,0,0,0,0,0,0,0,0,0,84.14037,0,7.10281,0,0,0
GF21_d66_C4_cwash,0,0,0,0,3.19684,0,0,0,0,0,0,0,0,0,0,0,0,0,0,0,0,0,0,0,0,0,0,0,0,0,0,0,0,0,0,0,0,0,0,0,0,0,0,0,0,0,92.76501,0,4.03815,0,0,0
GF21_d66_C5_cwash,0,0,0,0,0,0,0,0,0,0,0,0,0,0,0,0,0,0,0,0,0,0,0,0,0,0,0,0,0,0,0,0,0,0,0,0,0,0,0,0,0,0,0,0,0,0,91.45025,0,8.54975,0,0,0
GF21_d66_C6_cwash,0,0,0,0,4.35001,0,0,0,0,0,0,0,0,0,0,0,0,0,0,0,0,0,0,0,0,0,0,0,0,0,0,0,0,0,0,0,0,0,0,0,0,0,0,0,0,0,91.60947,0,4.04052,0,0,0
GF21_d66_C7_cwash,0,0,0,0,3.82174,0,0,0,0,0,0,0,0,0,0,0,0,0,0,0,0,0,0,0,0,0,0,0,0,0,0,0,0,0,0,0,0,0,0,0,0,0,0,0,0,0,91.43758,0,4.74068,0,0,0
GF21_d82_A10_Stool,0,0,0,0,45.64736,0,0,0,0,0,0,0,0,0,0,0,0,0,0,0,0,0,0,50.839,0,0,0,0,0,0,0,0,0,0,0,0,0,0,0,0,0,0,0,0,0,0,3.51365,0,0,0,0,0
GF21_d82_A2_Stool,0,0,0,0,93.62031,0,0,0,0,0,0,0,0,0,0,0,0,0,0,0,0,0,0,6.37969,0,0,0,0,0,0,0,0,0,0,0,0,0,0,0,0,0,0,0,0,0,0,0,0,0,0,0,0
GF21_d82_A7_Stool,0,0,0,0,88.11768,0,0,0,0,0,0,0,0,0,0,0,0,0,0,0,0,0,0,9.80281,0,0,0,0,0,0,0,0,0,0,0,0,0,0,0,0,0,0,0,0,0,0,2.07952,0,0,0,0,0
GF21_d83_A4_Stool,0,0,0,0,85.95427,0,0,0,0,0,0,0,0,0,0,0,0,0,0,0,0,0,0,13.73988,0,0,0,0,0,0,0,0,0,0,0,0,0,0,0,0,0,0,0,0,0,0,0.30585,0,0,0,0,0
GF21_d83_A5_Stool,0,0,0,0,95.96786,0,0,0,0,0,0,0,0,0,0,0,0,0,0,0,0,0,0,0.62542,0,0,0,0,0,0,0,0,0,0,0,0,0,0,0,0,0,0,0,0,0,0,3.22964,0,0.17708,0,0,0
GF21_d83_A8_Stool,0,0,0,0,98.82564,0,0,0,0,0,0,0,0,0,0,0,0,0,0,0,0,0,0,0.53409,0,0,0,0,0,0,0,0,0,0,0,0,0,0,0,0,0,0,0,0,0,0,0.64027,0,0,0,0,0
GF21_d84_A7_Stool,0,0,0,0,73.15807,0,0,0,0,0,0,0,0,0,0,0,0,0,0,0,0,0,0,26.04336,0,0,0,0,0,0,0,0,0,0,0,0,0,0,0,0,0,0,0,0,0,0,0.79857,0,0,0,0,0
GF21_d85_A1_cwash,0,0,0,0,0,0,0,0,0,0,0,0,0,0,0,0,0,0,0,0,0,0,0,0,0,0,0,0,0,0,0,0,0,0,0,0,0,0,0,0,0,0,0,0,0,0,100,0,0,0,0,0
GF21_d85_A3_cwash,0,0,0,0,0,0,0,0,0,0,0,0,0,0,0,0,0,0,0,0,0,0,0,0,0,0,0,0,0,0,0,0,0,0,0,0,0,0,0,0,0,0,0,0,0,0,100,0,0,0,0,0
GF21_d85_A4_cwash,0,0,0,0,0,0,0,0,0,0,0,0,0,0,0,0,0,0,0,0,0,0,0,0,0,0,0,0,0,0,0,0,0,0,0,0,0,0,0,0,0,0,0,0,0,0,100,0,0,0,0,0
GF21_d85_A5_cwash,0,0,0,0,0,0,0,0,0,0,0,0,0,0,0,0,0,0,0,0,0,0,0,0,0,0,0,0,0,0,0,0,0,0,0,0,0,0,0,0,0,0,0,0,0,0,100,0,0,0,0,0
GF21_d85_A6_cwash,0,0,0,0,0,0,0,0,0,0,0,0,0,0,0,0,0,0,0,0,0,0,0,0,0,0,0,0,0,0,0,0,0,0,0,0,0,0,0,0,0,0,0,0,0,0,100,0,0,0,0,0
GF21_d85_A7_cwash,0,0,0,0,0,0,0,0,0,0,0,0,0,0,0,0,0,0,0,0,0,0,0,0,0,0,0,0,0,0,0,0,0,0,0,0,0,0,0,0,0,0,0,0,0,0,100,0,0,0,0,0
GF21_d85_A8_cwash,0,0,0,0,0,0,0,0,0,0,0,0,0,0,0,0,0,0,0,0,0,0,0,0,0,0,0,0,0,0,0,0,0,0,0,0,0,0,0,0,0,0,0,0,0,0,100,0,0,0,0,0
GF21_d91_B1_Stool,0,0,0,0,1.87061,0,0,0,0,0,0,0,0,0,0,0,0,0,0,0,0,0,0,98.06647,0,0,0,0,0,0,0,0,0,0,0,0,0,0,0,0,0,0,0,0,0,0,0.06292,0,0,0,0,0
GF21_d91_B2_Stool,0,0,0,0,5.69119,0,0,0,0,0,0,0,0,0,0,0,0,0,0,0,0,0,0,94.27672,0,0,0,0,0,0,0,0,0,0,0,0,0,0,0,0,0,0,0,0,0,0,0.03209,0,0,0,0,0
GF21_d93_B2_Stool,0,0,0,0,98.9617,0,0,0,0,0,0,0,0,0,0,0,0,0,0,0,0,0,0,1.0158,0,0,0,0,0,0,0,0,0,0,0,0,0,0,0,0,0,0,0,0,0,0,0.0225,0,0,0,0,0
GF21_d93_B4_Stool,0,0,0,0,57.44478,0,0,0,0,0,0,0,0,0,0,0,0,0,0,0,0,0,0,42.55522,0,0,0,0,0,0,0,0,0,0,0,0,0,0,0,0,0,0,0,0,0,0,0,0,0,0,0,0
GF21_d93_B7_Stool,0,0,0,0,94.25668,0,0,0,0,0,0,0,0,0,0,0,0,0,0,0,0,0,0,5.66887,0,0,0,0,0,0,0,0,0,0,0,0,0,0,0,0,0,0,0,0,0,0,0.07445,0,0,0,0,0
GF21_d93_B8_Stool,0,0,0,0,67.5231,0,0,0,0,0,0,0,0,0,0,0,0,0,0,0,0,0,0,0,0,0,0,0,0,0,0,0,0,0,0,0,0,0,0,0,0,0,0,0,0,0,32.4769,0,0,0,0,0
GF21_d93_C10_cwash,0,0,0,0,0,0,0,0,0,0,0,0,0,0,0,0,0,0,0,0,0,0,0,0,0,0,0,0,0,0,0,0,0,0,0,0,0,0,0,0,0,0,0,0,0,0,100,0,0,0,0,0
GF21_d93_C1_Stool,0,0,0,0,5.64857,0,0,0,0,0,0,0,0,0,0,0,0,0,0,0,0,0,0,94.35143,0,0,0,0,0,0,0,0,0,0,0,0,0,0,0,0,0,0,0,0,0,0,0,0,0,0,0,0
GF21_d93_C2_Stool,0,0,0,0,93.84897,0,0,0,0,0,0,0,0,0,0,0,0,0,0,0,0,0,0,6.15103,0,0,0,0,0,0,0,0,0,0,0,0,0,0,0,0,0,0,0,0,0,0,0,0,0,0,0,0
GF21_d93_C3_Stool,0,0,0,0,6.38041,0,0,0,0,0,0,0,0,0,0,0,0,0,0,0,0,0,0,93.55907,0,0,0,0,0,0,0,0,0,0,0,0,0,0,0,0,0,0,0,0,0,0,0.06052,0,0,0,0,0
GF21_d93_C4_Stool,0,0,0,0,6.69513,0,0,0,0,0,0,0,0,0,0,0,0,0,0,0,0,0,0,93.23081,0,0,0,0,0,0,0,0,0,0,0,0,0,0,0,0,0,0,0,0,0,0,0.07406,0,0,0,0,0
GF21_d93_C9_Stool,0,0,0,0,4.64643,0,0,0,0,0,0,0,0,0,0,0,0,0,0,0,0,0,0,95.35357,0,0,0,0,0,0,0,0,0,0,0,0,0,0,0,0,0,0,0,0,0,0,0,0,0,0,0,0
GF21_d94_B2_Stool,0,0,0,0,98.63269,0,0,0,0,0,0,0,0,0,0,0,0,0,0,0,0,0,0,0.04619,0,0,0,0,0,0,0,0,0,0,0,0,0,0,0,0,0,0,0,0,0,0,1.32112,0,0,0,0,0
GF21_d95_B1_cwash,0,0,0,0,99.35614,0,0,0,0,0,0,0,0,0,0,0,0,0,0,0,0,0,0,0,0,0,0,0,0,0,0,0,0,0,0,0,0,0,0,0,0,0,0,0,0,0,0.64386,0,0,0,0,0
GF21_d95_B2_cwash,0,0,0,0,100,0,0,0,0,0,0,0,0,0,0,0,0,0,0,0,0,0,0,0,0,0,0,0,0,0,0,0,0,0,0,0,0,0,0,0,0,0,0,0,0,0,0,0,0,0,0,0
GF21_d95_B3_cwash,0,0,0,0,91.6207,0,0,0,0,0,0,0,0,0,0,0,0,0,0,0,0,0,0,0,0,0,0,0,0,0,0,0,0,0,0,0,0,0,0,0,0,0,0,0,0,0,8.3793,0,0,0,0,0
GF21_d95_B4_cwash,0,0,0,0,0,0,0,0,0,0,0,0,0,0,0,0,0,0,0,0,0,0,0,0,0,0,0,0,0,0,0,0,0,0,0,0,0,0,0,0,0,0,0,0,0,0,94.4457,0,5.5543,0,0,0
GF21_d95_B6_cwash,0,0,0,0,87.70254,0,0,0,0,0,0,0,0,0,0,0,0,0,0,0,0,0,0,0,0,0,0,0,0,0,0,0,0,0,0,0,0,0,0,0,0,0,0,0,0,0,12.29746,0,0,0,0,0
GF21_d95_B7_cwash,0,0,0,0,73.38341,0,0,0,0,0,0,0,0,0,0,0,0,0,0,0,0,0,0,0,0,0,0,0,0,0,0,0,0,0,0,0,0,0,0,0,0,0,0,0,0,0,26.61659,0,0,0,0,0
GF21_d95_B9_cwash,0,0,0,0,94.85953,0,0,0,0,0,0,0,0,0,0,0,0,0,0,0,0,0,0,0,0,0,0,0,0,0,0,0,0,0,0,0,0,0,0,0,0,0,0,0,0,0,5.14047,0,0,0,0,0
GF21_d95_C1_cwash,0,0,0,0,97.69021,0,0,0,0,0,0,0,0,0,0,0,0,0,0,0,0,0,0,0,0,0,0,0,0,0,0,0,0,0,0,0,0,0,0,0,0,0,0,0,0,0,2.30979,0,0,0,0,0
GF21_d95_C2_cwash,0,0,0,0,48.65307,0,0,0,0,0,0,0,0,0,0,0,0,0,0,0,0,0,0,0,0,0,0,0,0,0,0,0,0,0,0,0,0,0,0,0,0,0,0,0,0,0,51.34693,0,0,0,0,0
GF21_d95_C3_cwash,0,0,0,0,100,0,0,0,0,0,0,0,0,0,0,0,0,0,0,0,0,0,0,0,0,0,0,0,0,0,0,0,0,0,0,0,0,0,0,0,0,0,0,0,0,0,0,0,0,0,0,0
GF21_d95_C4_cwash,0,0,0,0,96.75009,0,0,0,0,0,0,0,0,0,0,0,0,0,0,0,0,0,0,0,0,0,0,0,0,0,0,0,0,0,0,0,0,0,0,0,0,0,0,0,0,0,3.24991,0,0,0,0,0
GF21_d95_C5_cwash,0,0,0,0,97.77618,0,0,0,0,0,0,0,0,0,0,0,0,0,0,0,0,0,0,0,0,0,0,0,0,0,0,0,0,0,0,0,0,0,0,0,0,0,0,0,0,0,2.22382,0,0,0,0,0
GF21_d95_C8_cwash,0,0,0,0,0,0,0,0,0,0,0,0,0,0,0,0,0,0,0,0,0,0,0,0,0,0,0,0,0,0,0,0,0,0,0,0,0,0,0,0,0,0,0,0,0,0,100,0,0,0,0,0
GF21_d95_C9_cwash,0,0,0,0,0,0,0,0,0,0,0,0,0,0,0,0,0,0,0,0,0,0,0,61.75661,0,0,0,0,0,0,0,0,0,0,0,0,0,0,0,0,0,0,0,0,0,0,38.24339,0,0,0,0,0
GF27_A1_211118_cwash,0,0,0,0,49.78847,0,0,0,0,0,0,0,0,0,0,0,0,0,0,0,0,0,0,0,0,0,0,0,0,0,0,0,0,0,0,0,0,0,0,0,0,0,0,0,0,0,45.76479,0,4.44674,0,0,0
GF27_A2_211118_cwash,0,0,4.87983,0,73.35999,0,0,0,0,0,0,0,0,0,0,0,0,0,0,0,0,0,0,0,0,0,0,0,0,0,0,0,0,0,0,0,0,0,0,0,0,0,0,0,0,0,21.76018,0,0,0,0,0
GF27_A3_211118_cwash,0,0,65.65074,0,31.35165,0,0,0,0,0,0,0,0,0,0,0,0,0,0,0,0,0,0,0,0,0,0,0,0,0,0,0,0,0,0,0,0,0,0,0,0,0,0,0,0,0,2.99761,0,0,0,0,0
GF27_A4_211118_cwash,0,0,0,0,92.15006,0,0,0,0,0,0,0,0,0,0,0,0,0,0,0,0,0,0,0,0,0,0,0,0,0,0,0,0,0,0,0,0,0,0,0,0,0,0,0,0,0,7.84994,0,0,0,0,0
GF27_A5_211118_cwash,0,0,41.74911,0,54.20509,0,0,0,0,0,0,0,0,0,0,0,0,0,0,0,0,0,0,0,0,0,0,0,0,0,0,0,0,0,0,0,0,0,0,0,0,0,0,0,0,0,4.0458,0,0,0,0,0
GF27_A6_211118_cwash,0,0,38.18877,0,52.96187,0,0,0,0,0,0,0,0,0,0,0,0,0,0,0,0,0,0,0,0,0,0,0,0,0,0,0,0,0,0,0,0,0,0,0,0,0,0,0,0,0,8.84936,0,0,0,0,0
GF27_A7_211118_cwash,0,0,0,0,92.37638,0,0,0,0,0,0,0,0,0,0,0,0,0,0,0,0,0,0,0,0,0,0,0,0,0,0,0,0,0,0,0,0,0,0,0,0,0,0,0,0,0,7.62362,0,0,0,0,0
GF27_A8_211118_cwash,0,0,6.36664,45.66693,47.96643,0,0,0,0,0,0,0,0,0,0,0,0,0,0,0,0,0,0,0,0,0,0,0,0,0,0,0,0,0,0,0,0,0,0,0,0,0,0,0,0,0,0,0,0,0,0,0