Sample,Enterobacteriaceae,Alcaligenaceae,Enterococcaceae,Sphingobacteriaceae,Comamonadaceae,Paenibacillaceae,Moraxellaceae,Clostridiaceae,Erysipelotrichaceae,Peptostreptococcaceae,Veillonellaceae,Morganellaceae,Peptoniphilaceae,Campylobacteraceae,Actinomycetaceae,Bacillales_unclassified,Bacteroidaceae,Akkermansiaceae,Lactobacillaceae,Lachnospiraceae,Sutterellaceae,Proteobacteria_unclassified,Streptococcaceae,Staphylococcaceae,Sphingomonadaceae,Bifidobacteriaceae,Corynebacteriaceae,Dermabacteraceae,Mycobacteriaceae,Ruminococcaceae,Eggerthellaceae,Oscillospiraceae,Pseudomonadaceae,Propionibacteriaceae,Yersiniaceae,Dysgonomonadaceae,Coriobacteriaceae,Fusobacteriaceae
40_1_1_Stool,100,0,0,0,0,0,0,0,0,0,0,0,0,0,0,0,0,0,0,0,0,0,0,0,0,0,0,0,0,0,0,0,0,0,0,0,0,0
40_1_2_ColonWash,0,100,0,0,0,0,0,0,0,0,0,0,0,0,0,0,0,0,0,0,0,0,0,0,0,0,0,0,0,0,0,0,0,0,0,0,0,0
40_1_2_Stool,99.13631,0.29127,0.57241,0,0,0,0,0,0,0,0,0,0,0,0,0,0,0,0,0,0,0,0,0,0,0,0,0,0,0,0,0,0,0,0,0,0,0
40_10_2_ColonWash,0,100,0,0,0,0,0,0,0,0,0,0,0,0,0,0,0,0,0,0,0,0,0,0,0,0,0,0,0,0,0,0,0,0,0,0,0,0
40_11_2_ColonWash,0,100,0,0,0,0,0,0,0,0,0,0,0,0,0,0,0,0,0,0,0,0,0,0,0,0,0,0,0,0,0,0,0,0,0,0,0,0
40_12_2_ColonWash,0,91.11163,0,8.88837,0,0,0,0,0,0,0,0,0,0,0,0,0,0,0,0,0,0,0,0,0,0,0,0,0,0,0,0,0,0,0,0,0,0
40_13_2_ColonWash,0,100,0,0,0,0,0,0,0,0,0,0,0,0,0,0,0,0,0,0,0,0,0,0,0,0,0,0,0,0,0,0,0,0,0,0,0,0
40_2_1_Stool,100,0,0,0,0,0,0,0,0,0,0,0,0,0,0,0,0,0,0,0,0,0,0,0,0,0,0,0,0,0,0,0,0,0,0,0,0,0
40_2_2_ColonWash,0,100,0,0,0,0,0,0,0,0,0,0,0,0,0,0,0,0,0,0,0,0,0,0,0,0,0,0,0,0,0,0,0,0,0,0,0,0
40_2_2_Stool,99.76291,0,0.23709,0,0,0,0,0,0,0,0,0,0,0,0,0,0,0,0,0,0,0,0,0,0,0,0,0,0,0,0,0,0,0,0,0,0,0
40_3_1_CME,0,100,0,0,0,0,0,0,0,0,0,0,0,0,0,0,0,0,0,0,0,0,0,0,0,0,0,0,0,0,0,0,0,0,0,0,0,0
40_3_1_ColonWash,0,100,0,0,0,0,0,0,0,0,0,0,0,0,0,0,0,0,0,0,0,0,0,0,0,0,0,0,0,0,0,0,0,0,0,0,0,0
40_3_1_Stool,99.70108,0.29892,0,0,0,0,0,0,0,0,0,0,0,0,0,0,0,0,0,0,0,0,0,0,0,0,0,0,0,0,0,0,0,0,0,0,0,0
40_3_2_ColonWash,0,100,0,0,0,0,0,0,0,0,0,0,0,0,0,0,0,0,0,0,0,0,0,0,0,0,0,0,0,0,0,0,0,0,0,0,0,0
40_4_1_ColonWash,0,100,0,0,0,0,0,0,0,0,0,0,0,0,0,0,0,0,0,0,0,0,0,0,0,0,0,0,0,0,0,0,0,0,0,0,0,0
40_4_1_Stool,99.02212,0.97788,0,0,0,0,0,0,0,0,0,0,0,0,0,0,0,0,0,0,0,0,0,0,0,0,0,0,0,0,0,0,0,0,0,0,0,0
40_5_1_CME,0,100,0,0,0,0,0,0,0,0,0,0,0,0,0,0,0,0,0,0,0,0,0,0,0,0,0,0,0,0,0,0,0,0,0,0,0,0
40_5_1_ColonWash,0,100,0,0,0,0,0,0,0,0,0,0,0,0,0,0,0,0,0,0,0,0,0,0,0,0,0,0,0,0,0,0,0,0,0,0,0,0
40_5_1_Stool,100,0,0,0,0,0,0,0,0,0,0,0,0,0,0,0,0,0,0,0,0,0,0,0,0,0,0,0,0,0,0,0,0,0,0,0,0,0
40_5_2_CME,0,100,0,0,0,0,0,0,0,0,0,0,0,0,0,0,0,0,0,0,0,0,0,0,0,0,0,0,0,0,0,0,0,0,0,0,0,0
40_5_2_ColonWash,0,100,0,0,0,0,0,0,0,0,0,0,0,0,0,0,0,0,0,0,0,0,0,0,0,0,0,0,0,0,0,0,0,0,0,0,0,0
40_6_1_CME,83.61397,16.38603,0,0,0,0,0,0,0,0,0,0,0,0,0,0,0,0,0,0,0,0,0,0,0,0,0,0,0,0,0,0,0,0,0,0,0,0
40_6_1_ColonWash,92.07705,7.92295,0,0,0,0,0,0,0,0,0,0,0,0,0,0,0,0,0,0,0,0,0,0,0,0,0,0,0,0,0,0,0,0,0,0,0,0
40_6_1_Stool,99.52041,0.47959,0,0,0,0,0,0,0,0,0,0,0,0,0,0,0,0,0,0,0,0,0,0,0,0,0,0,0,0,0,0,0,0,0,0,0,0
40_6_2_ColonWash,0,100,0,0,0,0,0,0,0,0,0,0,0,0,0,0,0,0,0,0,0,0,0,0,0,0,0,0,0,0,0,0,0,0,0,0,0,0
40_7_1_Stool,98.82517,1.16448,0,0,0.01035,0,0,0,0,0,0,0,0,0,0,0,0,0,0,0,0,0,0,0,0,0,0,0,0,0,0,0,0,0,0,0,0,0
40_7_2_ColonWash,0,100,0,0,0,0,0,0,0,0,0,0,0,0,0,0,0,0,0,0,0,0,0,0,0,0,0,0,0,0,0,0,0,0,0,0,0,0
40_8_1_Stool,99.96307,0.03693,0,0,0,0,0,0,0,0,0,0,0,0,0,0,0,0,0,0,0,0,0,0,0,0,0,0,0,0,0,0,0,0,0,0,0,0
40_8_2_Stool,99.93411,0,0.06589,0,0,0,0,0,0,0,0,0,0,0,0,0,0,0,0,0,0,0,0,0,0,0,0,0,0,0,0,0,0,0,0,0,0,0
40_9_2_ColonWash,0,100,0,0,0,0,0,0,0,0,0,0,0,0,0,0,0,0,0,0,0,0,0,0,0,0,0,0,0,0,0,0,0,0,0,0,0,0
40_9_2_Stool,99.12308,0.61923,0.25769,0,0,0,0,0,0,0,0,0,0,0,0,0,0,0,0,0,0,0,0,0,0,0,0,0,0,0,0,0,0,0,0,0,0,0
41_1_1_Stool,99.53449,0,0.46551,0,0,0,0,0,0,0,0,0,0,0,0,0,0,0,0,0,0,0,0,0,0,0,0,0,0,0,0,0,0,0,0,0,0,0
41_2_1_Stool,98.55066,0,1.44934,0,0,0,0,0,0,0,0,0,0,0,0,0,0,0,0,0,0,0,0,0,0,0,0,0,0,0,0,0,0,0,0,0,0,0
41_3_1_ColonWash,0,100,0,0,0,0,0,0,0,0,0,0,0,0,0,0,0,0,0,0,0,0,0,0,0,0,0,0,0,0,0,0,0,0,0,0,0,0
41_3_1_Stool,99.11183,0.18125,0.70692,0,0,0,0,0,0,0,0,0,0,0,0,0,0,0,0,0,0,0,0,0,0,0,0,0,0,0,0,0,0,0,0,0,0,0
41_4_1_CME,0,94.21269,0,2.31632,3.47099,0,0,0,0,0,0,0,0,0,0,0,0,0,0,0,0,0,0,0,0,0,0,0,0,0,0,0,0,0,0,0,0,0
41_4_1_ColonWash,0,100,0,0,0,0,0,0,0,0,0,0,0,0,0,0,0,0,0,0,0,0,0,0,0,0,0,0,0,0,0,0,0,0,0,0,0,0
41_4_1_Stool,97.51322,0.93292,1.55385,0,0,0,0,0,0,0,0,0,0,0,0,0,0,0,0,0,0,0,0,0,0,0,0,0,0,0,0,0,0,0,0,0,0,0
41_5_1_ColonWash_250uL,0,100,0,0,0,0,0,0,0,0,0,0,0,0,0,0,0,0,0,0,0,0,0,0,0,0,0,0,0,0,0,0,0,0,0,0,0,0
41_5_1_ColonWash_750uL,0,100,0,0,0,0,0,0,0,0,0,0,0,0,0,0,0,0,0,0,0,0,0,0,0,0,0,0,0,0,0,0,0,0,0,0,0,0
41_5_1_Stool,98.86983,0,1.13017,0,0,0,0,0,0,0,0,0,0,0,0,0,0,0,0,0,0,0,0,0,0,0,0,0,0,0,0,0,0,0,0,0,0,0
41_6_1_ColonWash_250uL,0,100,0,0,0,0,0,0,0,0,0,0,0,0,0,0,0,0,0,0,0,0,0,0,0,0,0,0,0,0,0,0,0,0,0,0,0,0
41_6_1_ColonWash_750uL,0,100,0,0,0,0,0,0,0,0,0,0,0,0,0,0,0,0,0,0,0,0,0,0,0,0,0,0,0,0,0,0,0,0,0,0,0,0
41_6_1_Stool,99.1327,0.14382,0.72348,0,0,0,0,0,0,0,0,0,0,0,0,0,0,0,0,0,0,0,0,0,0,0,0,0,0,0,0,0,0,0,0,0,0,0
41_7_1_Stool,98.27821,0,1.72179,0,0,0,0,0,0,0,0,0,0,0,0,0,0,0,0,0,0,0,0,0,0,0,0,0,0,0,0,0,0,0,0,0,0,0
41_8_1_Stool,96.26619,1.54628,2.18752,0,0,0,0,0,0,0,0,0,0,0,0,0,0,0,0,0,0,0,0,0,0,0,0,0,0,0,0,0,0,0,0,0,0,0
42_1_1_Cwash,0,0,100,0,0,0,0,0,0,0,0,0,0,0,0,0,0,0,0,0,0,0,0,0,0,0,0,0,0,0,0,0,0,0,0,0,0,0
42_1_1_Stool,98.70125,0,1.29875,0,0,0,0,0,0,0,0,0,0,0,0,0,0,0,0,0,0,0,0,0,0,0,0,0,0,0,0,0,0,0,0,0,0,0
42_1_2_Stool,99.75036,0,0.24964,0,0,0,0,0,0,0,0,0,0,0,0,0,0,0,0,0,0,0,0,0,0,0,0,0,0,0,0,0,0,0,0,0,0,0
42_10_2_Stool,99.37533,0.03554,0.58914,0,0,0,0,0,0,0,0,0,0,0,0,0,0,0,0,0,0,0,0,0,0,0,0,0,0,0,0,0,0,0,0,0,0,0
42_11_2_Stool,99.23541,0,0.76459,0,0,0,0,0,0,0,0,0,0,0,0,0,0,0,0,0,0,0,0,0,0,0,0,0,0,0,0,0,0,0,0,0,0,0
42_12_2_Stool,99.63091,0,0.36909,0,0,0,0,0,0,0,0,0,0,0,0,0,0,0,0,0,0,0,0,0,0,0,0,0,0,0,0,0,0,0,0,0,0,0
42_2_1_Cwash,31.90037,0,68.09963,0,0,0,0,0,0,0,0,0,0,0,0,0,0,0,0,0,0,0,0,0,0,0,0,0,0,0,0,0,0,0,0,0,0,0
42_2_1_Stool,99.1838,0,0.8162,0,0,0,0,0,0,0,0,0,0,0,0,0,0,0,0,0,0,0,0,0,0,0,0,0,0,0,0,0,0,0,0,0,0,0
42_2_2_Stool,99.29683,0,0.70317,0,0,0,0,0,0,0,0,0,0,0,0,0,0,0,0,0,0,0,0,0,0,0,0,0,0,0,0,0,0,0,0,0,0,0
42_3_1_ColonWash,0,100,0,0,0,0,0,0,0,0,0,0,0,0,0,0,0,0,0,0,0,0,0,0,0,0,0,0,0,0,0,0,0,0,0,0,0,0
42_3_1_Stool,98.46362,0.2462,1.29019,0,0,0,0,0,0,0,0,0,0,0,0,0,0,0,0,0,0,0,0,0,0,0,0,0,0,0,0,0,0,0,0,0,0,0
42_3_2_Stool,99.638,0,0.362,0,0,0,0,0,0,0,0,0,0,0,0,0,0,0,0,0,0,0,0,0,0,0,0,0,0,0,0,0,0,0,0,0,0,0
42_4_1_Stool,99.61729,0.37553,0.00718,0,0,0,0,0,0,0,0,0,0,0,0,0,0,0,0,0,0,0,0,0,0,0,0,0,0,0,0,0,0,0,0,0,0,0
42_4_2_Stool,99.74924,0,0.25076,0,0,0,0,0,0,0,0,0,0,0,0,0,0,0,0,0,0,0,0,0,0,0,0,0,0,0,0,0,0,0,0,0,0,0
42_5_1_Stool,99.0734,0.10402,0.82259,0,0,0,0,0,0,0,0,0,0,0,0,0,0,0,0,0,0,0,0,0,0,0,0,0,0,0,0,0,0,0,0,0,0,0
42_5_2_Stool,99.46094,0.47033,0.06873,0,0,0,0,0,0,0,0,0,0,0,0,0,0,0,0,0,0,0,0,0,0,0,0,0,0,0,0,0,0,0,0,0,0,0
42_6_1_Stool,98.32388,0.51862,1.1575,0,0,0,0,0,0,0,0,0,0,0,0,0,0,0,0,0,0,0,0,0,0,0,0,0,0,0,0,0,0,0,0,0,0,0
42_6_2_Stool,99.54716,0,0.45284,0,0,0,0,0,0,0,0,0,0,0,0,0,0,0,0,0,0,0,0,0,0,0,0,0,0,0,0,0,0,0,0,0,0,0
42_7_1_Stool,98.94265,0.77919,0.25846,0,0.01971,0,0,0,0,0,0,0,0,0,0,0,0,0,0,0,0,0,0,0,0,0,0,0,0,0,0,0,0,0,0,0,0,0
42_7_2_Stool,99.29006,0,0.70994,0,0,0,0,0,0,0,0,0,0,0,0,0,0,0,0,0,0,0,0,0,0,0,0,0,0,0,0,0,0,0,0,0,0,0
42_8_1_Stool,99.17569,0,0.82431,0,0,0,0,0,0,0,0,0,0,0,0,0,0,0,0,0,0,0,0,0,0,0,0,0,0,0,0,0,0,0,0,0,0,0
42_8_2_Stool,98.73535,0,1.26465,0,0,0,0,0,0,0,0,0,0,0,0,0,0,0,0,0,0,0,0,0,0,0,0,0,0,0,0,0,0,0,0,0,0,0
42_9_2_Stool,98.63876,0,1.36124,0,0,0,0,0,0,0,0,0,0,0,0,0,0,0,0,0,0,0,0,0,0,0,0,0,0,0,0,0,0,0,0,0,0,0
4A_NP_Stool,59.68095,0,40.31905,0,0,0,0,0,0,0,0,0,0,0,0,0,0,0,0,0,0,0,0,0,0,0,0,0,0,0,0,0,0,0,0,0,0,0
4A_RP_Stool,62.96614,0,37.03386,0,0,0,0,0,0,0,0,0,0,0,0,0,0,0,0,0,0,0,0,0,0,0,0,0,0,0,0,0,0,0,0,0,0,0
4Adam_Stool,61.94442,0,38.05558,0,0,0,0,0,0,0,0,0,0,0,0,0,0,0,0,0,0,0,0,0,0,0,0,0,0,0,0,0,0,0,0,0,0,0
4C_NP_Stool,61.14289,0,38.85711,0,0,0,0,0,0,0,0,0,0,0,0,0,0,0,0,0,0,0,0,0,0,0,0,0,0,0,0,0,0,0,0,0,0,0
4C_RP_Stool,52.34941,0,47.65059,0,0,0,0,0,0,0,0,0,0,0,0,0,0,0,0,0,0,0,0,0,0,0,0,0,0,0,0,0,0,0,0,0,0,0
4Cdam_Stool,59.54394,0,40.45606,0,0,0,0,0,0,0,0,0,0,0,0,0,0,0,0,0,0,0,0,0,0,0,0,0,0,0,0,0,0,0,0,0,0,0
4E_NP_Stool,57.91583,0,42.08417,0,0,0,0,0,0,0,0,0,0,0,0,0,0,0,0,0,0,0,0,0,0,0,0,0,0,0,0,0,0,0,0,0,0,0
4E_RP_Stool,55.90767,0,44.09233,0,0,0,0,0,0,0,0,0,0,0,0,0,0,0,0,0,0,0,0,0,0,0,0,0,0,0,0,0,0,0,0,0,0,0
4Edam_Stool,71.07935,0,28.92065,0,0,0,0,0,0,0,0,0,0,0,0,0,0,0,0,0,0,0,0,0,0,0,0,0,0,0,0,0,0,0,0,0,0,0
5A_NP_Stool,62.33315,0,37.66685,0,0,0,0,0,0,0,0,0,0,0,0,0,0,0,0,0,0,0,0,0,0,0,0,0,0,0,0,0,0,0,0,0,0,0
5A_RP_Stool,53.04463,0,46.95537,0,0,0,0,0,0,0,0,0,0,0,0,0,0,0,0,0,0,0,0,0,0,0,0,0,0,0,0,0,0,0,0,0,0,0
5C_NP_Stool,68.52682,0,31.47318,0,0,0,0,0,0,0,0,0,0,0,0,0,0,0,0,0,0,0,0,0,0,0,0,0,0,0,0,0,0,0,0,0,0,0
5C_RP_Stool,69.75294,0,30.24706,0,0,0,0,0,0,0,0,0,0,0,0,0,0,0,0,0,0,0,0,0,0,0,0,0,0,0,0,0,0,0,0,0,0,0
5Cdam_Stool,73.68416,0,26.31584,0,0,0,0,0,0,0,0,0,0,0,0,0,0,0,0,0,0,0,0,0,0,0,0,0,0,0,0,0,0,0,0,0,0,0
5E_NP_Stool,74.57704,0,25.42296,0,0,0,0,0,0,0,0,0,0,0,0,0,0,0,0,0,0,0,0,0,0,0,0,0,0,0,0,0,0,0,0,0,0,0
5E_RP_Stool,68.60504,0,31.39496,0,0,0,0,0,0,0,0,0,0,0,0,0,0,0,0,0,0,0,0,0,0,0,0,0,0,0,0,0,0,0,0,0,0,0
5Edam_Stool,77.89885,0,22.10115,0,0,0,0,0,0,0,0,0,0,0,0,0,0,0,0,0,0,0,0,0,0,0,0,0,0,0,0,0,0,0,0,0,0,0
6A_NP_Stool,100,0,0,0,0,0,0,0,0,0,0,0,0,0,0,0,0,0,0,0,0,0,0,0,0,0,0,0,0,0,0,0,0,0,0,0,0,0
6A_RP_Stool,100,0,0,0,0,0,0,0,0,0,0,0,0,0,0,0,0,0,0,0,0,0,0,0,0,0,0,0,0,0,0,0,0,0,0,0,0,0
6Adam_Stool,100,0,0,0,0,0,0,0,0,0,0,0,0,0,0,0,0,0,0,0,0,0,0,0,0,0,0,0,0,0,0,0,0,0,0,0,0,0
6C_NP_Stool,100,0,0,0,0,0,0,0,0,0,0,0,0,0,0,0,0,0,0,0,0,0,0,0,0,0,0,0,0,0,0,0,0,0,0,0,0,0
6C_RP_Stool,100,0,0,0,0,0,0,0,0,0,0,0,0,0,0,0,0,0,0,0,0,0,0,0,0,0,0,0,0,0,0,0,0,0,0,0,0,0
6Cdam_Stool,100,0,0,0,0,0,0,0,0,0,0,0,0,0,0,0,0,0,0,0,0,0,0,0,0,0,0,0,0,0,0,0,0,0,0,0,0,0
6E_NP_Stool,100,0,0,0,0,0,0,0,0,0,0,0,0,0,0,0,0,0,0,0,0,0,0,0,0,0,0,0,0,0,0,0,0,0,0,0,0,0
6E_RP_Stool,100,0,0,0,0,0,0,0,0,0,0,0,0,0,0,0,0,0,0,0,0,0,0,0,0,0,0,0,0,0,0,0,0,0,0,0,0,0
7A_NP_Stool,100,0,0,0,0,0,0,0,0,0,0,0,0,0,0,0,0,0,0,0,0,0,0,0,0,0,0,0,0,0,0,0,0,0,0,0,0,0
7A_RP_Stool,100,0,0,0,0,0,0,0,0,0,0,0,0,0,0,0,0,0,0,0,0,0,0,0,0,0,0,0,0,0,0,0,0,0,0,0,0,0
7Bdam_Stool,100,0,0,0,0,0,0,0,0,0,0,0,0,0,0,0,0,0,0,0,0,0,0,0,0,0,0,0,0,0,0,0,0,0,0,0,0,0
7C_NP_Stool,100,0,0,0,0,0,0,0,0,0,0,0,0,0,0,0,0,0,0,0,0,0,0,0,0,0,0,0,0,0,0,0,0,0,0,0,0,0
7C_RP_Stool,100,0,0,0,0,0,0,0,0,0,0,0,0,0,0,0,0,0,0,0,0,0,0,0,0,0,0,0,0,0,0,0,0,0,0,0,0,0
7E_NP_Stool,100,0,0,0,0,0,0,0,0,0,0,0,0,0,0,0,0,0,0,0,0,0,0,0,0,0,0,0,0,0,0,0,0,0,0,0,0,0
7E_RP_Stool,100,0,0,0,0,0,0,0,0,0,0,0,0,0,0,0,0,0,0,0,0,0,0,0,0,0,0,0,0,0,0,0,0,0,0,0,0,0
7Edam_Stool,99.83409,0,0,0,0,0.16591,0,0,0,0,0,0,0,0,0,0,0,0,0,0,0,0,0,0,0,0,0,0,0,0,0,0,0,0,0,0,0,0
85_1_1_Stool,99.53545,0,0.46455,0,0,0,0,0,0,0,0,0,0,0,0,0,0,0,0,0,0,0,0,0,0,0,0,0,0,0,0,0,0,0,0,0,0,0
85_1_2_Stool,100,0,0,0,0,0,0,0,0,0,0,0,0,0,0,0,0,0,0,0,0,0,0,0,0,0,0,0,0,0,0,0,0,0,0,0,0,0
85_2_1_Stool,99.72871,0,0.27129,0,0,0,0,0,0,0,0,0,0,0,0,0,0,0,0,0,0,0,0,0,0,0,0,0,0,0,0,0,0,0,0,0,0,0
85_2_2_Stool,100,0,0,0,0,0,0,0,0,0,0,0,0,0,0,0,0,0,0,0,0,0,0,0,0,0,0,0,0,0,0,0,0,0,0,0,0,0
85_3_1_ColonWash,0,100,0,0,0,0,0,0,0,0,0,0,0,0,0,0,0,0,0,0,0,0,0,0,0,0,0,0,0,0,0,0,0,0,0,0,0,0
85_3_1_Stool,99.37073,0,0.62927,0,0,0,0,0,0,0,0,0,0,0,0,0,0,0,0,0,0,0,0,0,0,0,0,0,0,0,0,0,0,0,0,0,0,0
85_3_2_Stool,100,0,0,0,0,0,0,0,0,0,0,0,0,0,0,0,0,0,0,0,0,0,0,0,0,0,0,0,0,0,0,0,0,0,0,0,0,0
85_4_1_CME,0,97.02845,0,0,2.97155,0,0,0,0,0,0,0,0,0,0,0,0,0,0,0,0,0,0,0,0,0,0,0,0,0,0,0,0,0,0,0,0,0
85_4_1_Stool,99.68016,0,0.31984,0,0,0,0,0,0,0,0,0,0,0,0,0,0,0,0,0,0,0,0,0,0,0,0,0,0,0,0,0,0,0,0,0,0,0
85_4_2_Stool,99.30105,0.63307,0,0,0.06588,0,0,0,0,0,0,0,0,0,0,0,0,0,0,0,0,0,0,0,0,0,0,0,0,0,0,0,0,0,0,0,0,0
85_5_1_ColonWash,0,100,0,0,0,0,0,0,0,0,0,0,0,0,0,0,0,0,0,0,0,0,0,0,0,0,0,0,0,0,0,0,0,0,0,0,0,0
85_5_1_Stool,99.89304,0,0.10696,0,0,0,0,0,0,0,0,0,0,0,0,0,0,0,0,0,0,0,0,0,0,0,0,0,0,0,0,0,0,0,0,0,0,0
85_5_2_Stool,99.87224,0.12776,0,0,0,0,0,0,0,0,0,0,0,0,0,0,0,0,0,0,0,0,0,0,0,0,0,0,0,0,0,0,0,0,0,0,0,0
85_6_1_ColonWash,0,100,0,0,0,0,0,0,0,0,0,0,0,0,0,0,0,0,0,0,0,0,0,0,0,0,0,0,0,0,0,0,0,0,0,0,0,0
85_6_1_Stool,98.48627,1.4242,0.08953,0,0,0,0,0,0,0,0,0,0,0,0,0,0,0,0,0,0,0,0,0,0,0,0,0,0,0,0,0,0,0,0,0,0,0
85_6_2_Stool,100,0,0,0,0,0,0,0,0,0,0,0,0,0,0,0,0,0,0,0,0,0,0,0,0,0,0,0,0,0,0,0,0,0,0,0,0,0
85_7_1_Stool,99.58744,0,0.41256,0,0,0,0,0,0,0,0,0,0,0,0,0,0,0,0,0,0,0,0,0,0,0,0,0,0,0,0,0,0,0,0,0,0,0
85_7_2_ColonWash,0,100,0,0,0,0,0,0,0,0,0,0,0,0,0,0,0,0,0,0,0,0,0,0,0,0,0,0,0,0,0,0,0,0,0,0,0,0
85_7_2_Stool,99.89438,0.10562,0,0,0,0,0,0,0,0,0,0,0,0,0,0,0,0,0,0,0,0,0,0,0,0,0,0,0,0,0,0,0,0,0,0,0,0
85_8_1_Stool,99.45939,0.00629,0.53432,0,0,0,0,0,0,0,0,0,0,0,0,0,0,0,0,0,0,0,0,0,0,0,0,0,0,0,0,0,0,0,0,0,0,0
87_1_1_Stool,100,0,0,0,0,0,0,0,0,0,0,0,0,0,0,0,0,0,0,0,0,0,0,0,0,0,0,0,0,0,0,0,0,0,0,0,0,0
87_2_1_Stool,100,0,0,0,0,0,0,0,0,0,0,0,0,0,0,0,0,0,0,0,0,0,0,0,0,0,0,0,0,0,0,0,0,0,0,0,0,0
87_3_1_ColonWash,0,100,0,0,0,0,0,0,0,0,0,0,0,0,0,0,0,0,0,0,0,0,0,0,0,0,0,0,0,0,0,0,0,0,0,0,0,0
87_3_1_Stool,99.50735,0.49265,0,0,0,0,0,0,0,0,0,0,0,0,0,0,0,0,0,0,0,0,0,0,0,0,0,0,0,0,0,0,0,0,0,0,0,0
87_4_1_ColonWash,0,100,0,0,0,0,0,0,0,0,0,0,0,0,0,0,0,0,0,0,0,0,0,0,0,0,0,0,0,0,0,0,0,0,0,0,0,0
87_4_1_Stool,100,0,0,0,0,0,0,0,0,0,0,0,0,0,0,0,0,0,0,0,0,0,0,0,0,0,0,0,0,0,0,0,0,0,0,0,0,0
87_5_1_ColonWash,0,100,0,0,0,0,0,0,0,0,0,0,0,0,0,0,0,0,0,0,0,0,0,0,0,0,0,0,0,0,0,0,0,0,0,0,0,0
87_5_1_Stool,100,0,0,0,0,0,0,0,0,0,0,0,0,0,0,0,0,0,0,0,0,0,0,0,0,0,0,0,0,0,0,0,0,0,0,0,0,0
87_6_1_CME,0,90.30724,0,2.20022,7.49254,0,0,0,0,0,0,0,0,0,0,0,0,0,0,0,0,0,0,0,0,0,0,0,0,0,0,0,0,0,0,0,0,0
87_6_1_ColonWash,0,100,0,0,0,0,0,0,0,0,0,0,0,0,0,0,0,0,0,0,0,0,0,0,0,0,0,0,0,0,0,0,0,0,0,0,0,0
87_6_1_Stool,99.82197,0.17803,0,0,0,0,0,0,0,0,0,0,0,0,0,0,0,0,0,0,0,0,0,0,0,0,0,0,0,0,0,0,0,0,0,0,0,0
87_7_1_Stool,99.47877,0.52123,0,0,0,0,0,0,0,0,0,0,0,0,0,0,0,0,0,0,0,0,0,0,0,0,0,0,0,0,0,0,0,0,0,0,0,0
87_8_1_Stool,99.9246,0.0754,0,0,0,0,0,0,0,0,0,0,0,0,0,0,0,0,0,0,0,0,0,0,0,0,0,0,0,0,0,0,0,0,0,0,0,0
8A_NP_Stool,100,0,0,0,0,0,0,0,0,0,0,0,0,0,0,0,0,0,0,0,0,0,0,0,0,0,0,0,0,0,0,0,0,0,0,0,0,0
8A_RP_Stool,100,0,0,0,0,0,0,0,0,0,0,0,0,0,0,0,0,0,0,0,0,0,0,0,0,0,0,0,0,0,0,0,0,0,0,0,0,0
8C_NP_Stool,100,0,0,0,0,0,0,0,0,0,0,0,0,0,0,0,0,0,0,0,0,0,0,0,0,0,0,0,0,0,0,0,0,0,0,0,0,0
8C_RP_Stool,100,0,0,0,0,0,0,0,0,0,0,0,0,0,0,0,0,0,0,0,0,0,0,0,0,0,0,0,0,0,0,0,0,0,0,0,0,0
8Cdam_Stool,100,0,0,0,0,0,0,0,0,0,0,0,0,0,0,0,0,0,0,0,0,0,0,0,0,0,0,0,0,0,0,0,0,0,0,0,0,0
90_1_0_ColonWash_250uL,84.1668,13.42766,0,0.64641,1.75913,0,0,0,0,0,0,0,0,0,0,0,0,0,0,0,0,0,0,0,0,0,0,0,0,0,0,0,0,0,0,0,0,0
90_1_0_ColonWash_750uL,95.7758,4.2242,0,0,0,0,0,0,0,0,0,0,0,0,0,0,0,0,0,0,0,0,0,0,0,0,0,0,0,0,0,0,0,0,0,0,0,0
90_1_1_Cwash,100,0,0,0,0,0,0,0,0,0,0,0,0,0,0,0,0,0,0,0,0,0,0,0,0,0,0,0,0,0,0,0,0,0,0,0,0,0
90_1_1_Stool,100,0,0,0,0,0,0,0,0,0,0,0,0,0,0,0,0,0,0,0,0,0,0,0,0,0,0,0,0,0,0,0,0,0,0,0,0,0
90_1_2_Stool,100,0,0,0,0,0,0,0,0,0,0,0,0,0,0,0,0,0,0,0,0,0,0,0,0,0,0,0,0,0,0,0,0,0,0,0,0,0
90_2_0_ColonWash_250uL,96.90582,3.09418,0,0,0,0,0,0,0,0,0,0,0,0,0,0,0,0,0,0,0,0,0,0,0,0,0,0,0,0,0,0,0,0,0,0,0,0
90_2_0_ColonWash_750uL,59.72379,22.20108,0,0.71677,2.41523,0,14.94313,0,0,0,0,0,0,0,0,0,0,0,0,0,0,0,0,0,0,0,0,0,0,0,0,0,0,0,0,0,0,0
90_2_1_Stool,100,0,0,0,0,0,0,0,0,0,0,0,0,0,0,0,0,0,0,0,0,0,0,0,0,0,0,0,0,0,0,0,0,0,0,0,0,0
90_2_2_Stool,100,0,0,0,0,0,0,0,0,0,0,0,0,0,0,0,0,0,0,0,0,0,0,0,0,0,0,0,0,0,0,0,0,0,0,0,0,0
90_3_1_CME,89.28807,10.71193,0,0,0,0,0,0,0,0,0,0,0,0,0,0,0,0,0,0,0,0,0,0,0,0,0,0,0,0,0,0,0,0,0,0,0,0
90_3_1_ColonWash_250uL,98.25202,1.74798,0,0,0,0,0,0,0,0,0,0,0,0,0,0,0,0,0,0,0,0,0,0,0,0,0,0,0,0,0,0,0,0,0,0,0,0
90_3_1_Stool,100,0,0,0,0,0,0,0,0,0,0,0,0,0,0,0,0,0,0,0,0,0,0,0,0,0,0,0,0,0,0,0,0,0,0,0,0,0
90_3_2_Stool,99.96453,0.03547,0,0,0,0,0,0,0,0,0,0,0,0,0,0,0,0,0,0,0,0,0,0,0,0,0,0,0,0,0,0,0,0,0,0,0,0
90_4_1_Stool,100,0,0,0,0,0,0,0,0,0,0,0,0,0,0,0,0,0,0,0,0,0,0,0,0,0,0,0,0,0,0,0,0,0,0,0,0,0
90_4_2_Stool,100,0,0,0,0,0,0,0,0,0,0,0,0,0,0,0,0,0,0,0,0,0,0,0,0,0,0,0,0,0,0,0,0,0,0,0,0,0
90_5_1_Stool,99.97203,0.02797,0,0,0,0,0,0,0,0,0,0,0,0,0,0,0,0,0,0,0,0,0,0,0,0,0,0,0,0,0,0,0,0,0,0,0,0
90_5_2_Stool,99.8437,0.1563,0,0,0,0,0,0,0,0,0,0,0,0,0,0,0,0,0,0,0,0,0,0,0,0,0,0,0,0,0,0,0,0,0,0,0,0
90_6_2_Stool,99.4886,0.5114,0,0,0,0,0,0,0,0,0,0,0,0,0,0,0,0,0,0,0,0,0,0,0,0,0,0,0,0,0,0,0,0,0,0,0,0
90_Dam_Stool,100,0,0,0,0,0,0,0,0,0,0,0,0,0,0,0,0,0,0,0,0,0,0,0,0,0,0,0,0,0,0,0,0,0,0,0,0,0
91_1_1_Stool,100,0,0,0,0,0,0,0,0,0,0,0,0,0,0,0,0,0,0,0,0,0,0,0,0,0,0,0,0,0,0,0,0,0,0,0,0,0
91_2_1_Stool,100,0,0,0,0,0,0,0,0,0,0,0,0,0,0,0,0,0,0,0,0,0,0,0,0,0,0,0,0,0,0,0,0,0,0,0,0,0
B1,22.25249,0,2.32868,0,0,0,0,67.37624,4.02032,3.74039,0.14474,0.13714,0,0,0,0,0,0,0,0,0,0,0,0,0,0,0,0,0,0,0,0,0,0,0,0,0,0
B1-colon,1.49469,0,0.09085,0,0,0,0,64.96095,13.83594,10.87534,6.06231,0,1.70243,0.59563,0.38186,0,0,0,0,0,0,0,0,0,0,0,0,0,0,0,0,0,0,0,0,0,0,0
B1-d31,92.97443,0,3.55941,0,0,0,0,1.78602,0,1.28649,0,0.39366,0,0,0,0,0,0,0,0,0,0,0,0,0,0,0,0,0,0,0,0,0,0,0,0,0,0
b1-d33,74.85403,0,6.05101,0,0,0,0,11.27706,0.6068,3.0703,0,3.75844,0.38236,0,0,0,0,0,0,0,0,0,0,0,0,0,0,0,0,0,0,0,0,0,0,0,0,0
B1-d39,11.05367,0,1.64942,0,0,0,0,48.15972,26.3323,8.0975,2.62734,0.90927,1.0478,0,0,0.12297,0,0,0,0,0,0,0,0,0,0,0,0,0,0,0,0,0,0,0,0,0,0
B1-d40,14.71904,0,1.56764,0,0,0,0,44.3966,24.82659,8.88552,3.47227,0.96898,1.04469,0,0,0.11868,0,0,0,0,0,0,0,0,0,0,0,0,0,0,0,0,0,0,0,0,0,0
B1-d48,5.14185,0,1.46147,0,0,0,0,57.6682,17.34769,8.70245,6.09007,0.7257,1.10832,1.46598,0.20184,0.08642,0,0,0,0,0,0,0,0,0,0,0,0,0,0,0,0,0,0,0,0,0,0
B19,4.97716,0,1.45915,0,0,0,0,52.4373,21.42473,9.45234,3.46248,0.63317,2.09112,1.62405,2.43851,0,0,0,0,0,0,0,0,0,0,0,0,0,0,0,0,0,0,0,0,0,0,0
B2-d29,99.76684,0,0.23316,0,0,0,0,0,0,0,0,0,0,0,0,0,0,0,0,0,0,0,0,0,0,0,0,0,0,0,0,0,0,0,0,0,0,0
b2-d33,68.40204,0,1.54524,0,0,0,0,20.59602,4.53197,3.45998,0,0.08691,1.37785,0,0,0,0,0,0,0,0,0,0,0,0,0,0,0,0,0,0,0,0,0,0,0,0,0
B2-d39,10.11625,0,3.12273,0,0,0,0,56.90304,20.18957,8.34278,0.36534,0.96028,0,0,0,0,0,0,0,0,0,0,0,0,0,0,0,0,0,0,0,0,0,0,0,0,0,0
B3,6.76468,0,1.36611,0,0,0,0,72.22489,9.47651,7.0759,1.47522,1.6167,0,0,0,0,0,0,0,0,0,0,0,0,0,0,0,0,0,0,0,0,0,0,0,0,0,0
B3-d34,43.47817,0,2.56496,0,0,0,0,36.25416,14.44297,2.35398,0,0.12973,0.77603,0,0,0,0,0,0,0,0,0,0,0,0,0,0,0,0,0,0,0,0,0,0,0,0,0
B3-d39,11.01695,0,1.96526,0,0,0,0,48.41259,28.55902,8.5714,0.90317,0.50469,0.06501,0,0,0.00191,0,0,0,0,0,0,0,0,0,0,0,0,0,0,0,0,0,0,0,0,0,0
B3-d40,16.5877,0,3.79522,0,0,0,0,49.18513,17.05069,7.99005,2.90252,2.43989,0.04723,0,0,0.00157,0,0,0,0,0,0,0,0,0,0,0,0,0,0,0,0,0,0,0,0,0,0
B3-d48,3.37357,0,1.20745,0,0,0,0,58.26368,20.31298,6.89997,5.85557,0.7994,0.78602,1.45711,1.04427,0,0,0,0,0,0,0,0,0,0,0,0,0,0,0,0,0,0,0,0,0,0,0
B4-d29,97.02814,0,1.09048,0,0,0,0,1.35531,0,0.52607,0,0,0,0,0,0,0,0,0,0,0,0,0,0,0,0,0,0,0,0,0,0,0,0,0,0,0,0
B4-d34,66.63693,0,2.37855,0,0,0,0,23.94357,3.5878,2.77435,0.1092,0.3787,0.19089,0,0,0,0,0,0,0,0,0,0,0,0,0,0,0,0,0,0,0,0,0,0,0,0,0
B4-d40,16.76423,0,2.79956,0,0,0,0,40.82568,24.39993,10.32911,4.27037,0.58055,0.02804,0.00252,0,0,0,0,0,0,0,0,0,0,0,0,0,0,0,0,0,0,0,0,0,0,0,0
B4-d48,5.99126,0,1.50378,0,0,0,0,62.46867,13.95921,7.78282,5.69167,0.90275,0.07253,1.62731,0,0,0,0,0,0,0,0,0,0,0,0,0,0,0,0,0,0,0,0,0,0,0,0
B5-d29,99.92019,0,0.07981,0,0,0,0,0,0,0,0,0,0,0,0,0,0,0,0,0,0,0,0,0,0,0,0,0,0,0,0,0,0,0,0,0,0,0
b5-d33,82.14489,0,5.5417,0,0,0,0,8.8299,0.19784,3.04019,0,0.24548,0,0,0,0,0,0,0,0,0,0,0,0,0,0,0,0,0,0,0,0,0,0,0,0,0,0
B5-d39,14.03008,0,1.69305,0,0,0,0,43.95828,26.53742,8.3774,3.94144,1.01437,0.41259,0,0.00433,0.03105,0,0,0,0,0,0,0,0,0,0,0,0,0,0,0,0,0,0,0,0,0,0
B5-d40,10.5428,0,2.2501,0,0,0,0,56.72546,18.33341,9.74765,1.24048,1.1601,0,0,0,0,0,0,0,0,0,0,0,0,0,0,0,0,0,0,0,0,0,0,0,0,0,0
B5-d48,6.89329,0,1.13386,0,0,0,0,61.52039,13.26462,8.12539,5.3786,0.57914,1.37723,1.26579,0.32423,0.13746,0,0,0,0,0,0,0,0,0,0,0,0,0,0,0,0,0,0,0,0,0,0
B6-d29,99.06419,0,0.93581,0,0,0,0,0,0,0,0,0,0,0,0,0,0,0,0,0,0,0,0,0,0,0,0,0,0,0,0,0,0,0,0,0,0,0
b6-d33,84.77094,0,5.50935,0,0,0,0,6.9501,0.4913,2.16397,0,0.11435,0,0,0,0,0,0,0,0,0,0,0,0,0,0,0,0,0,0,0,0,0,0,0,0,0,0
B6-d34,59.05408,0,3.20839,0,0,0,0,24.94452,9.25291,2.86974,0,0.05507,0.61529,0,0,0,0,0,0,0,0,0,0,0,0,0,0,0,0,0,0,0,0,0,0,0,0,0
B6-d39,8.39632,0,2.37694,0,0,0,0,54.93361,24.60738,8.58325,0.24722,0.85528,0,0,0,0,0,0,0,0,0,0,0,0,0,0,0,0,0,0,0,0,0,0,0,0,0,0
B6-d40,13.42402,0,2.57808,0,0,0,0,52.67065,17.52628,8.81944,3.91026,1.07128,0,0,0,0,0,0,0,0,0,0,0,0,0,0,0,0,0,0,0,0,0,0,0,0,0,0
B6-d48,5.07816,0,1.36818,0,0,0,0,58.19296,16.60002,7.24616,6.37887,0.81078,1.85976,1.53435,0.79154,0.13922,0,0,0,0,0,0,0,0,0,0,0,0,0,0,0,0,0,0,0,0,0,0
B7-d29,99.59761,0,0.40239,0,0,0,0,0,0,0,0,0,0,0,0,0,0,0,0,0,0,0,0,0,0,0,0,0,0,0,0,0,0,0,0,0,0,0
b7-d33,77.81216,0,5.27567,0,0,0,0,14.25428,0.54056,2.11734,0,0,0,0,0,0,0,0,0,0,0,0,0,0,0,0,0,0,0,0,0,0,0,0,0,0,0,0
B7-d40,19.03296,0,4.71936,0,0,0,0,36.50636,25.2548,9.64702,4.06799,0.77151,0,0,0,0,0,0,0,0,0,0,0,0,0,0,0,0,0,0,0,0,0,0,0,0,0,0
B7-d48,4.70235,0,1.17204,0,0,0,0,54.88173,19.04269,7.71774,6.16162,0.71429,2.27787,1.45257,1.8771,0,0,0,0,0,0,0,0,0,0,0,0,0,0,0,0,0,0,0,0,0,0,0
C1,12.71412,0,1.257,0,0,0,0,75.98501,6.0592,3.74031,0.14154,0.10282,0,0,0,0,0,0,0,0,0,0,0,0,0,0,0,0,0,0,0,0,0,0,0,0,0,0
C1-d33,96.69348,0,3.19563,0,0,0,0,0,0,0.11089,0,0,0,0,0,0,0,0,0,0,0,0,0,0,0,0,0,0,0,0,0,0,0,0,0,0,0,0
C1-d44,14.52072,0,1.26775,0,0,0,0,57.65121,17.6158,8.60713,0,0.33739,0,0,0,0,0,0,0,0,0,0,0,0,0,0,0,0,0,0,0,0,0,0,0,0,0,0
C1-d45,3.74931,0,0.43969,0,0,0,0,67.75241,9.9528,18.1058,0,0,0,0,0,0,0,0,0,0,0,0,0,0,0,0,0,0,0,0,0,0,0,0,0,0,0,0
C1-d53,7.30562,0,1.46484,0,0,0,0,58.00655,16.9789,9.53333,5.88135,0.82942,0,0,0,0,0,0,0,0,0,0,0,0,0,0,0,0,0,0,0,0,0,0,0,0,0,0
C19,3.2253,0,1.54636,0,0,0,0,66.49619,14.51288,6.22421,3.66717,0.71221,1.58305,1.11509,0.91754,0,0,0,0,0,0,0,0,0,0,0,0,0,0,0,0,0,0,0,0,0,0,0
C2-colon,3.8752,0,0.80869,0,0,0,0,65.17113,15.92951,9.24325,4.34394,0.57164,0,0,0.05664,0,0,0,0,0,0,0,0,0,0,0,0,0,0,0,0,0,0,0,0,0,0,0
C2-d33,100,0,0,0,0,0,0,0,0,0,0,0,0,0,0,0,0,0,0,0,0,0,0,0,0,0,0,0,0,0,0,0,0,0,0,0,0,0
C2-d37,69.08031,0,11.64609,0,0,0,0,11.06001,4.3921,3.82149,0,0,0,0,0,0,0,0,0,0,0,0,0,0,0,0,0,0,0,0,0,0,0,0,0,0,0,0
C2-d44,10.55184,0,1.43903,0,0,0,0,66.08278,13.46237,7.84836,0,0.61562,0,0,0,0,0,0,0,0,0,0,0,0,0,0,0,0,0,0,0,0,0,0,0,0,0,0
C2-d45,8.581,0,3.23379,0,0,0,0,44.67912,33.57691,9.29811,0,0.63107,0,0,0,0,0,0,0,0,0,0,0,0,0,0,0,0,0,0,0,0,0,0,0,0,0,0
C2-d49,9.2586,0,1.92929,0,0,0,0,58.36206,23.59549,2.96095,2.61558,1.27804,0,0,0,0,0,0,0,0,0,0,0,0,0,0,0,0,0,0,0,0,0,0,0,0,0,0
C2-d53,6.22239,0,1.16338,0,0,0,0,58.11037,16.25061,11.58651,5.69433,0.97241,0,0,0,0,0,0,0,0,0,0,0,0,0,0,0,0,0,0,0,0,0,0,0,0,0,0
C3,16.43715,0,2.04457,0,0,0,0,52.88168,12.8492,11.02796,1.61258,3.14687,0,0,0,0,0,0,0,0,0,0,0,0,0,0,0,0,0,0,0,0,0,0,0,0,0,0
C3-colon,2.28081,0,1.16085,0,0,0,0,63.23505,18.51596,11.57998,3.17716,0.05019,0,0,0,0,0,0,0,0,0,0,0,0,0,0,0,0,0,0,0,0,0,0,0,0,0,0
C3-d33,97.0409,0,2.77912,0,0,0,0,0.04759,0,0.13239,0,0,0,0,0,0,0,0,0,0,0,0,0,0,0,0,0,0,0,0,0,0,0,0,0,0,0,0
C3-d44,9.68663,0,1.1243,0,0,0,0,61.01174,19.78618,8.04556,0,0.34559,0,0,0,0,0,0,0,0,0,0,0,0,0,0,0,0,0,0,0,0,0,0,0,0,0,0
C3-d45,11.98153,0,1.22467,0,0,0,0,58.7867,16.33307,10.86022,0,0.8138,0,0,0,0,0,0,0,0,0,0,0,0,0,0,0,0,0,0,0,0,0,0,0,0,0,0
C3-d53,6.14464,0,1.13475,0,0,0,0,54.66751,20.6894,10.22784,6.45614,0.67973,0,0,0,0,0,0,0,0,0,0,0,0,0,0,0,0,0,0,0,0,0,0,0,0,0,0
C4-d33,53.83426,0,39.26759,0,0,0,0,4.84584,0,0.75141,0,1.3009,0,0,0,0,0,0,0,0,0,0,0,0,0,0,0,0,0,0,0,0,0,0,0,0,0,0
C4-d44,9.2715,0,1.52302,0,0,0,0,65.18005,15.82774,7.80902,0.02869,0.35998,0,0,0,0,0,0,0,0,0,0,0,0,0,0,0,0,0,0,0,0,0,0,0,0,0,0
C4-d45,2.40464,0,0,0,0,0,0,60.78886,30.62652,6.17998,0,0,0,0,0,0,0,0,0,0,0,0,0,0,0,0,0,0,0,0,0,0,0,0,0,0,0,0
C4-d53,6.4123,0,1.27466,0,0,0,0,62.68176,14.67526,8.18151,6.13363,0.64088,0,0,0,0,0,0,0,0,0,0,0,0,0,0,0,0,0,0,0,0,0,0,0,0,0,0
C5-d34,17.46433,0,71.29989,0,0,0,0,7.32267,0.24155,3.67155,0,0,0,0,0,0,0,0,0,0,0,0,0,0,0,0,0,0,0,0,0,0,0,0,0,0,0,0
C5-d44,7.27166,0,1.6703,0,0,0,0,61.51265,19.02976,9.97294,0,0.5427,0,0,0,0,0,0,0,0,0,0,0,0,0,0,0,0,0,0,0,0,0,0,0,0,0,0
C5-d45,5.02127,0,1.57584,0,0,0,0,67.48721,16.02173,9.20928,0,0.68468,0,0,0,0,0,0,0,0,0,0,0,0,0,0,0,0,0,0,0,0,0,0,0,0,0,0
C5-d53,5.9464,0,1.21093,0,0,0,0,59.40133,15.24924,11.74847,5.78406,0.65957,0,0,0,0,0,0,0,0,0,0,0,0,0,0,0,0,0,0,0,0,0,0,0,0,0,0
C6-d33,13.45539,0,86.44359,0,0,0,0,0,0,0.10102,0,0,0,0,0,0,0,0,0,0,0,0,0,0,0,0,0,0,0,0,0,0,0,0,0,0,0,0
C6-d37,60.15451,0,34.09464,0,0,0,0,3.42325,0.98104,1.34655,0,0,0,0,0,0,0,0,0,0,0,0,0,0,0,0,0,0,0,0,0,0,0,0,0,0,0,0
C6-d44,21.06768,0,2.72121,0,0,0,0,41.50618,22.64526,11.73218,0,0.32749,0,0,0,0,0,0,0,0,0,0,0,0,0,0,0,0,0,0,0,0,0,0,0,0,0,0
C6-d49,3.08094,0,1.30648,0,0,0,0,70.41212,15.67005,4.68058,4.08214,0.76769,0,0,0,0,0,0,0,0,0,0,0,0,0,0,0,0,0,0,0,0,0,0,0,0,0,0
C6-d53,5.28754,0,1.14587,0,0,0,0,66.54601,12.22493,8.65374,5.34375,0.6401,0.15807,0,0,0,0,0,0,0,0,0,0,0,0,0,0,0,0,0,0,0,0,0,0,0,0,0
C7-d33,39.77232,0,58.84773,0,0,0,0,0.5973,0,0.78265,0,0,0,0,0,0,0,0,0,0,0,0,0,0,0,0,0,0,0,0,0,0,0,0,0,0,0,0
C7-d38,62.78046,0,16.63315,0,0,0,0,9.25494,9.16195,2.1695,0,0,0,0,0,0,0,0,0,0,0,0,0,0,0,0,0,0,0,0,0,0,0,0,0,0,0,0
C7-d44,14.84168,0,1.52403,0,0,0,0,54.16725,20.0141,8.82766,0,0.62527,0,0,0,0,0,0,0,0,0,0,0,0,0,0,0,0,0,0,0,0,0,0,0,0,0,0
C7-d45,9.0375,0,1.58762,0,0,0,0,61.68002,15.03512,11.6702,0,0.98955,0,0,0,0,0,0,0,0,0,0,0,0,0,0,0,0,0,0,0,0,0,0,0,0,0,0
C7-d53,9.99653,0,1.79079,0,0,0,0,50.95227,19.81234,10.71183,6.03236,0.62424,0,0,0.07964,0,0,0,0,0,0,0,0,0,0,0,0,0,0,0,0,0,0,0,0,0,0,0
C8-d35,93.05069,0,5.67263,0,0,0,0,0.40659,0,0.87009,0,0,0,0,0,0,0,0,0,0,0,0,0,0,0,0,0,0,0,0,0,0,0,0,0,0,0,0
C8-d38,19.11827,0,21.67674,0,0,0,0,35.99393,20.88168,2.32938,0,0,0,0,0,0,0,0,0,0,0,0,0,0,0,0,0,0,0,0,0,0,0,0,0,0,0,0
C8-d44,11.72805,0,4.1065,0,0,0,0,47.71527,25.0592,10.79282,0,0.59816,0,0,0,0,0,0,0,0,0,0,0,0,0,0,0,0,0,0,0,0,0,0,0,0,0,0
C8-d45,5.19833,0,2.49721,0,0,0,0,57.51488,22.60384,11.53931,0,0.64642,0,0,0,0,0,0,0,0,0,0,0,0,0,0,0,0,0,0,0,0,0,0,0,0,0,0
C8-d53,5.16556,0,1.12861,0,0,0,0,61.26181,15.57288,10.47287,5.70629,0.69198,0,0,0,0,0,0,0,0,0,0,0,0,0,0,0,0,0,0,0,0,0,0,0,0,0,0
CONV_MERO1_COLON,0,0,51.80815,0,0,0,0,0,0,16.1756,0,0,0,0,0,0,32.01625,0,0,0,0,0,0,0,0,0,0,0,0,0,0,0,0,0,0,0,0,0
CONV_MERO1_D0,0,0,2.41612,0,0,0,0,0,0,1.04501,0,0,0,0,0,0,5.81218,43.61721,42.56373,4.54574,0,0,0,0,0,0,0,0,0,0,0,0,0,0,0,0,0,0
CONV_MERO1_D1,0,0,0.87379,0,0,0,0,0,0,0.02432,0,0,0,0,0,0,0.26921,9.79566,88.72675,0.31027,0,0,0,0,0,0,0,0,0,0,0,0,0,0,0,0,0,0
CONV_MERO1_D3,0,0,96.75582,0,0,0,0,0,0,3.15861,0,0,0,0,0,0,0,0,0.08557,0,0,0,0,0,0,0,0,0,0,0,0,0,0,0,0,0,0,0
CONV_MERO2_COLON,0,0,43.21215,0,0,0,0,0,0,42.2165,0,0,0,0,0,0,14.57135,0,0,0,0,0,0,0,0,0,0,0,0,0,0,0,0,0,0,0,0,0
CONV_MERO2_D0,0.20283,0,7.37509,0,0,0,0,0,0,0.40536,0,0,0,0,0,0,10.64572,48.21463,23.11782,10.03855,0,0,0,0,0,0,0,0,0,0,0,0,0,0,0,0,0,0
CONV_MERO2_D3,0,0,99.69623,0,0,0,0,0,0,0,0,0,0,0,0,0,0,0,0,0.30377,0,0,0,0,0,0,0,0,0,0,0,0,0,0,0,0,0,0
CONV_MERO3_COLON,0,0,4.56523,0,0,0,0,0,0,1.10355,0,0,0,0,0,0,94.05712,0,0,0.2741,0,0,0,0,0,0,0,0,0,0,0,0,0,0,0,0,0,0
CONV_MERO3_D1,0,0,48.9519,0,0,0,0,0,0,8.08924,0,0,0,0,0,0,26.41518,0,0.63594,15.90774,0,0,0,0,0,0,0,0,0,0,0,0,0,0,0,0,0,0
CONV_MERO3_D3,0,0,4.18388,0,0,0,0,0,0,0.26082,0,0,0,0,0,0,90.40058,0,0,5.15472,0,0,0,0,0,0,0,0,0,0,0,0,0,0,0,0,0,0
CONV_MERO4_COLON,0,0,43.26364,0,0,0,0,0,0,15.38157,0,0,0,0,0,0,24.16463,0,0,17.19016,0,0,0,0,0,0,0,0,0,0,0,0,0,0,0,0,0,0
CONV_MERO4_D0,0,0,0,0,0,0,0,0,0,0.47372,0,0,0,0,0,0,77.75885,7.97338,9.77129,2.9651,1.05766,0,0,0,0,0,0,0,0,0,0,0,0,0,0,0,0,0
CONV_MERO4_D1,0,0,0,0,0,0,0,0,0,4.93612,0,0,0,0,0,0,0,0,0.35332,94.71057,0,0,0,0,0,0,0,0,0,0,0,0,0,0,0,0,0,0
CONV_MERO4_D3,0,0,32.09592,0,0,0,0,0,0,66.2791,0,0,0,0,0,0,0,0,0.01693,1.60805,0,0,0,0,0,0,0,0,0,0,0,0,0,0,0,0,0,0
CONV_PBS1_COLON,0,0,0,0,0,0,0,0,0,2.99553,0,0,0,0,0,0,33.8989,7.51078,6.98937,46.16518,2.44024,0,0,0,0,0,0,0,0,0,0,0,0,0,0,0,0,0
CONV_PBS1_D0,0,0,1.2897,0,0,0,0,0,0,0.77649,0,0,0,0,0,0,1.34581,74.77864,18.25381,3.55555,0,0,0,0,0,0,0,0,0,0,0,0,0,0,0,0,0,0
CONV_PBS1_D3,1.64461,0,0.19156,0,0,0,0,0,0,1.27189,0,0,0,0,0,0,70.6241,13.09525,3.16441,8.43638,1.57181,0,0,0,0,0,0,0,0,0,0,0,0,0,0,0,0,0
CONV_PBS2_COLON,0,0,0,0,0,0,0,0,0,0.88787,0,0,0,0,0,0,60.23488,6.6942,1.433,28.85982,1.89022,0,0,0,0,0,0,0,0,0,0,0,0,0,0,0,0,0
CONV_PBS2_D1,1.12966,0,0,0,0,0,0,0,0,1.08651,0,0,0,0,0,0,51.79965,21.99303,7.94678,12.43522,3.508,0.10116,0,0,0,0,0,0,0,0,0,0,0,0,0,0,0,0
CONV_PBS2_D3,0,0,0,0,0,0,0,0,0,0.03673,0,0,0,0,0,0,74.31692,12.72496,3.14713,7.62189,2.15237,0,0,0,0,0,0,0,0,0,0,0,0,0,0,0,0,0
CONV_PBS3_COLON,0,0,0,0,0,0,0,0,0,0,0,0,0,0,0,0,47.30147,5.25609,0,46.59387,0.84857,0,0,0,0,0,0,0,0,0,0,0,0,0,0,0,0,0
CONV_PBS3_D1,5.56644,0,1.5436,0,0,0,0,27.51881,22.16733,3.11618,0,0,4.01006,0,0,0,13.9034,11.0466,6.0783,4.24862,0.80066,0,0,0,0,0,0,0,0,0,0,0,0,0,0,0,0,0
CONV_PBS4_COLON,0,0,0,0,0,0,0,0,0,0,0,0,0,0,0,0,54.79447,13.50345,0,29.27232,2.42976,0,0,0,0,0,0,0,0,0,0,0,0,0,0,0,0,0
CONV_PBS4_D0,0.21468,0,0,0,0,0,0,0,0,0,0,0,0,0,0,0,76.86505,14.99767,1.35989,5.39144,1.17127,0,0,0,0,0,0,0,0,0,0,0,0,0,0,0,0,0
CONV_PBS4_D1,0.27939,0,0,0,0,0,0,0,0,0,0,0,0,0,0,0,63.7768,15.74604,0.13255,18.15167,1.83929,0.07425,0,0,0,0,0,0,0,0,0,0,0,0,0,0,0,0
CONV_PBS4_D3,0.04449,0,0,0,0,0,0,0,0,0.07061,0,0,0,0,0,0,75.19666,14.06691,2.78885,5.42874,2.29928,0.10446,0,0,0,0,0,0,0,0,0,0,0,0,0,0,0,0
DJS40_Inoc,0,0,100,0,0,0,0,0,0,0,0,0,0,0,0,0,0,0,0,0,0,0,0,0,0,0,0,0,0,0,0,0,0,0,0,0,0,0
DJS41_Inoc,0.1717,0,99.8283,0,0,0,0,0,0,0,0,0,0,0,0,0,0,0,0,0,0,0,0,0,0,0,0,0,0,0,0,0,0,0,0,0,0,0
DJS42_Inoc,0.07123,0,99.92877,0,0,0,0,0,0,0,0,0,0,0,0,0,0,0,0,0,0,0,0,0,0,0,0,0,0,0,0,0,0,0,0,0,0,0
DJS85_Inoc,100,0,0,0,0,0,0,0,0,0,0,0,0,0,0,0,0,0,0,0,0,0,0,0,0,0,0,0,0,0,0,0,0,0,0,0,0,0
DJS87_Inoc,100,0,0,0,0,0,0,0,0,0,0,0,0,0,0,0,0,0,0,0,0,0,0,0,0,0,0,0,0,0,0,0,0,0,0,0,0,0
DJS90_Inoc,100,0,0,0,0,0,0,0,0,0,0,0,0,0,0,0,0,0,0,0,0,0,0,0,0,0,0,0,0,0,0,0,0,0,0,0,0,0
DJS91_Inoc,100,0,0,0,0,0,0,0,0,0,0,0,0,0,0,0,0,0,0,0,0,0,0,0,0,0,0,0,0,0,0,0,0,0,0,0,0,0
GF1_A10,10.42658,0,2.73172,0,0,0,0,50.85604,19.24484,10.17242,2.66641,0.66944,2.85365,0,0.37889,0,0,0,0,0,0,0,0,0,0,0,0,0,0,0,0,0,0,0,0,0,0,0
GF1_B_mom_d32,5.62842,0,3.3564,0,0,0,0,50.65554,20.10749,5.28758,5.29674,0.91839,4.00878,2.12565,2.61501,0,0,0,0,0,0,0,0,0,0,0,0,0,0,0,0,0,0,0,0,0,0,0
GF1_B10,8.77239,0,2.79574,0,0,0,0,43.63559,31.11821,7.46627,4.14865,0.24717,0.96112,0.85487,0,0,0,0,0,0,0,0,0,0,0,0,0,0,0,0,0,0,0,0,0,0,0,0
GF1_B14,2.56797,0,1.83001,0,0,0,0,67.36827,14.19298,8.46168,3.20471,0.8889,0.62456,0.86091,0,0,0,0,0,0,0,0,0,0,0,0,0,0,0,0,0,0,0,0,0,0,0,0
GF1_B17,6.21689,0,2.36627,0,0,0,0,53.27646,19.29567,7.18549,4.77978,1.04269,2.2964,1.77103,1.76933,0,0,0,0,0,0,0,0,0,0,0,0,0,0,0,0,0,0,0,0,0,0,0
GF1_B25,4.05566,0,1.65911,0,0,0,0,56.15216,15.91911,7.90863,4.90961,0.55764,3.95711,1.76194,3.11903,0,0,0,0,0,0,0,0,0,0,0,0,0,0,0,0,0,0,0,0,0,0,0
GF1_B3_d38,6.29659,0,0.67903,0,0,0,0,48.68524,31.03343,10.44965,0,0.55582,2.11314,0,0.18711,0,0,0,0,0,0,0,0,0,0,0,0,0,0,0,0,0,0,0,0,0,0,0
GF1_B5_D38,7.00567,0,2.32762,0,0,0,0,48.84945,33.25909,8.39485,0,0.16332,0,0,0,0,0,0,0,0,0,0,0,0,0,0,0,0,0,0,0,0,0,0,0,0,0,0
GF1_B6_d38,5.66969,0,1.76203,0,0,0,0,55.99118,25.98555,10.41022,0,0.18133,0,0,0,0,0,0,0,0,0,0,0,0,0,0,0,0,0,0,0,0,0,0,0,0,0,0
GF1_B7_D38,4.70962,0,2.94926,0,0,0,0,61.59407,21.93516,8.63498,0,0.17692,0,0,0,0,0,0,0,0,0,0,0,0,0,0,0,0,0,0,0,0,0,0,0,0,0,0
GF1_C_mom_d32,2.81069,0,1.89193,0,0,0,0,60.34954,17.44232,6.29668,3.74119,1.1683,3.72307,0,2.57628,0,0,0,0,0,0,0,0,0,0,0,0,0,0,0,0,0,0,0,0,0,0,0
GF1_C10,9.9158,0,2.3865,0,0,0,0,46.05232,21.12827,13.88596,2.81619,0.31227,1.90941,1.4866,0.10668,0,0,0,0,0,0,0,0,0,0,0,0,0,0,0,0,0,0,0,0,0,0,0
GF1_C14,5.14608,0,2.39429,0,0,0,0,51.51186,21.65192,8.94059,4.73888,1.49587,1.92098,0.7504,1.44912,0,0,0,0,0,0,0,0,0,0,0,0,0,0,0,0,0,0,0,0,0,0,0
GF1_C17,3.5236,0,2.00809,0,0,0,0,52.60701,22.00848,11.54865,3.87555,0.86401,1.67323,0.54906,1.34234,0,0,0,0,0,0,0,0,0,0,0,0,0,0,0,0,0,0,0,0,0,0,0
GF1_C25,4.65079,0,1.92148,0,0,0,0,57.89299,19.98492,7.82061,2.81354,0.60839,1.83938,0.95486,1.51305,0,0,0,0,0,0,0,0,0,0,0,0,0,0,0,0,0,0,0,0,0,0,0
GF1_C4_d39,10.13473,0,13.23708,0,0,0,0,49.16924,18.18167,9.27728,0,0,0,0,0,0,0,0,0,0,0,0,0,0,0,0,0,0,0,0,0,0,0,0,0,0,0,0
GF1_C6_d39,13.50917,0,19.34285,0,0,0,0,33.90406,28.50523,4.73869,0,0,0,0,0,0,0,0,0,0,0,0,0,0,0,0,0,0,0,0,0,0,0,0,0,0,0,0
GF1_C7_d39,11.37139,0,26.35101,0,0,0,0,24.50385,31.28764,6.48611,0,0,0,0,0,0,0,0,0,0,0,0,0,0,0,0,0,0,0,0,0,0,0,0,0,0,0,0
GF1_INOC_GF1,55.75864,0,8.95423,0,0,0,0,15.11277,4.33475,3.41741,11.46037,0.44602,0.03714,0,0.05614,0,0,0,0,0,0,0,0.35091,0.07161,0,0,0,0,0,0,0,0,0,0,0,0,0,0
GF10_A_DAM_D0,68.08031,0,7.54146,0,0,0,0,8.92969,3.84636,3.97532,7.59296,0,0,0,0,0,0,0,0,0,0,0,0.03391,0,0,0,0,0,0,0,0,0,0,0,0,0,0,0
GF10_A1_COLON_D35,81.42365,0,9.10604,0,0,0,0,1.75522,0.6376,2.93352,4.14397,0,0,0,0,0,0,0,0,0,0,0,0,0,0,0,0,0,0,0,0,0,0,0,0,0,0,0
GF10_A1_d101,75.01317,0,24.66459,0,0,0,0,0,0,0.32224,0,0,0,0,0,0,0,0,0,0,0,0,0,0,0,0,0,0,0,0,0,0,0,0,0,0,0,0
GF10_A1_d104_colon,3.15043,0,0,0,0,0,0,59.48517,30.47976,6.88464,0,0,0,0,0,0,0,0,0,0,0,0,0,0,0,0,0,0,0,0,0,0,0,0,0,0,0,0
GF10_A1_d127_colon,17.45953,0,1.38359,0,0,0,0,40.16174,17.03481,17.03045,5.58121,1.34868,0,0,0,0,0,0,0,0,0,0,0,0,0,0,0,0,0,0,0,0,0,0,0,0,0,0
GF10_A1_D32,22.51261,0,6.90207,0,0,0,0,34.53489,20.07998,8.16035,5.96891,1.53518,0.23631,0.0697,0,0,0,0,0,0,0,0,0,0,0,0,0,0,0,0,0,0,0,0,0,0,0,0
GF10_A1_D34,90.46194,0,5.8081,0,0,0,0,2.90586,0,0.82409,0,0,0,0,0,0,0,0,0,0,0,0,0,0,0,0,0,0,0,0,0,0,0,0,0,0,0,0
GF10_A1_d77,94.25334,0,5.74666,0,0,0,0,0,0,0,0,0,0,0,0,0,0,0,0,0,0,0,0,0,0,0,0,0,0,0,0,0,0,0,0,0,0,0
GF10_A1_d79,100,0,0,0,0,0,0,0,0,0,0,0,0,0,0,0,0,0,0,0,0,0,0,0,0,0,0,0,0,0,0,0,0,0,0,0,0,0
GF10_A1_d80_colon,72.85906,0,14.06572,0,0,0,0,0,0.63293,12.44228,0,0,0,0,0,0,0,0,0,0,0,0,0,0,0,0,0,0,0,0,0,0,0,0,0,0,0,0
GF10_A2_COLON_D35,0,0,100,0,0,0,0,0,0,0,0,0,0,0,0,0,0,0,0,0,0,0,0,0,0,0,0,0,0,0,0,0,0,0,0,0,0,0
GF10_A2_d101,100,0,0,0,0,0,0,0,0,0,0,0,0,0,0,0,0,0,0,0,0,0,0,0,0,0,0,0,0,0,0,0,0,0,0,0,0,0
GF10_A2_d103,97.80008,0,2.04913,0,0,0,0,0,0,0.15079,0,0,0,0,0,0,0,0,0,0,0,0,0,0,0,0,0,0,0,0,0,0,0,0,0,0,0,0
GF10_A2_d104_colon,94.63025,0,4.11575,0,0,0,0,0,0.0691,1.18491,0,0,0,0,0,0,0,0,0,0,0,0,0,0,0,0,0,0,0,0,0,0,0,0,0,0,0,0
GF10_A2_d127_colon,100,0,0,0,0,0,0,0,0,0,0,0,0,0,0,0,0,0,0,0,0,0,0,0,0,0,0,0,0,0,0,0,0,0,0,0,0,0
GF10_A2_D32,17.31132,0,8.59217,0,0,0,0,31.02609,25.76183,7.36683,7.82784,1.77991,0.22497,0.10904,0,0,0,0,0,0,0,0,0,0,0,0,0,0,0,0,0,0,0,0,0,0,0,0
GF10_A2_D33,93.98352,0,2.44982,0,0,0,0,1.96955,0.13743,1.45968,0,0,0,0,0,0,0,0,0,0,0,0,0,0,0,0,0,0,0,0,0,0,0,0,0,0,0,0
GF10_A2_D34,77.10157,0,4.36083,0,0,0,0,10.34823,3.1799,3.16467,1.16145,0.68335,0,0,0,0,0,0,0,0,0,0,0,0,0,0,0,0,0,0,0,0,0,0,0,0,0,0
GF10_A2_d77,91.34202,0,8.65798,0,0,0,0,0,0,0,0,0,0,0,0,0,0,0,0,0,0,0,0,0,0,0,0,0,0,0,0,0,0,0,0,0,0,0
GF10_A2_d79,100,0,0,0,0,0,0,0,0,0,0,0,0,0,0,0,0,0,0,0,0,0,0,0,0,0,0,0,0,0,0,0,0,0,0,0,0,0
GF10_A3_COLON_D35,0,0,100,0,0,0,0,0,0,0,0,0,0,0,0,0,0,0,0,0,0,0,0,0,0,0,0,0,0,0,0,0,0,0,0,0,0,0
GF10_A3_d104_colon,15.64666,0,1.13702,0,0,0,0,31.32691,37.1432,8.4164,4.51583,0.34888,1.09863,0,0.35403,0.01245,0,0,0,0,0,0,0,0,0,0,0,0,0,0,0,0,0,0,0,0,0,0
GF10_A3_D33,96.61965,0,1.85936,0,0,0,0,0,0.64635,0.87464,0,0,0,0,0,0,0,0,0,0,0,0,0,0,0,0,0,0,0,0,0,0,0,0,0,0,0,0
GF10_A3_D34,83.11604,0,4.20296,0,0,0,0,7.1996,2.2589,2.06213,1.16038,0,0,0,0,0,0,0,0,0,0,0,0,0,0,0,0,0,0,0,0,0,0,0,0,0,0,0
GF10_A3_d79,93.64785,0,6.35215,0,0,0,0,0,0,0,0,0,0,0,0,0,0,0,0,0,0,0,0,0,0,0,0,0,0,0,0,0,0,0,0,0,0,0
GF10_A3_d80_colon,94.80328,0,0.44522,0,0,0,0,1.98778,1.01102,1.7527,0,0,0,0,0,0,0,0,0,0,0,0,0,0,0,0,0,0,0,0,0,0,0,0,0,0,0,0
GF10_A4_d101,96.46504,0,2.74942,0,0,0,0,0.68964,0,0.09591,0,0,0,0,0,0,0,0,0,0,0,0,0,0,0,0,0,0,0,0,0,0,0,0,0,0,0,0
GF10_A4_d104_colon,3.71776,0,0,0,0,0,0,67.81901,18.87685,9.58638,0,0,0,0,0,0,0,0,0,0,0,0,0,0,0,0,0,0,0,0,0,0,0,0,0,0,0,0
GF10_A4_d77,93.17815,0,6.82185,0,0,0,0,0,0,0,0,0,0,0,0,0,0,0,0,0,0,0,0,0,0,0,0,0,0,0,0,0,0,0,0,0,0,0
GF10_A5_d101,98.68413,0,1.31587,0,0,0,0,0,0,0,0,0,0,0,0,0,0,0,0,0,0,0,0,0,0,0,0,0,0,0,0,0,0,0,0,0,0,0
GF10_A5_d104_colon,95.59238,0,4.40762,0,0,0,0,0,0,0,0,0,0,0,0,0,0,0,0,0,0,0,0,0,0,0,0,0,0,0,0,0,0,0,0,0,0,0
GF10_A5_d127_colon,37.18621,0,0,0,0,0,0,0,15.54328,0,0,47.27051,0,0,0,0,0,0,0,0,0,0,0,0,0,0,0,0,0,0,0,0,0,0,0,0,0,0
GF10_A56_d101,96.77465,0,2.98674,0,0,0,0,0.01422,0,0.22438,0,0,0,0,0,0,0,0,0,0,0,0,0,0,0,0,0,0,0,0,0,0,0,0,0,0,0,0
GF10_A6_d102,82.36003,0,2.90735,0,0,0,0,10.11819,1.90886,1.25486,0,0,0,0,0,0,0,0,0,1.45071,0,0,0,0,0,0,0,0,0,0,0,0,0,0,0,0,0,0
GF10_A6_d103,49.01188,0,1.6323,0,0,0,0,23.73079,9.63699,10.46926,0,0,0,0,0,0,0,0,0,5.51878,0,0,0,0,0,0,0,0,0,0,0,0,0,0,0,0,0,0
GF10_A6_d104_colon,42.88675,0,0,0,0,0,0,23.93054,16.76044,7.82776,0,0,0,0,0,0,0,0,0,8.59451,0,0,0,0,0,0,0,0,0,0,0,0,0,0,0,0,0,0
GF10_A7_d103,99.57241,0,0.42759,0,0,0,0,0,0,0,0,0,0,0,0,0,0,0,0,0,0,0,0,0,0,0,0,0,0,0,0,0,0,0,0,0,0,0
GF10_A7_d104_colon,100,0,0,0,0,0,0,0,0,0,0,0,0,0,0,0,0,0,0,0,0,0,0,0,0,0,0,0,0,0,0,0,0,0,0,0,0,0
GF10_A7_d127_colon,60.05763,0,0.44265,0,0,0,0,0,0,0,0,39.49972,0,0,0,0,0,0,0,0,0,0,0,0,0,0,0,0,0,0,0,0,0,0,0,0,0,0
GF10_A8_d102,99.20868,0,0.79132,0,0,0,0,0,0,0,0,0,0,0,0,0,0,0,0,0,0,0,0,0,0,0,0,0,0,0,0,0,0,0,0,0,0,0
GF10_A8_d104_colon,22.97683,0,0.90843,0,0,0,0,40.21571,10.92224,18.30269,4.68125,0.55796,0.70481,0.64589,0.08418,0,0,0,0,0,0,0,0,0,0,0,0,0,0,0,0,0,0,0,0,0,0,0
GF10_Adam_d1,7.35678,0,3.39554,0,0,0,0,7.69753,18.67286,16.20144,0,8.91212,0,0,0,0,0,0,0,37.76372,0,0,0,0,0,0,0,0,0,0,0,0,0,0,0,0,0,0
GF10_Adam_d20,4.66322,0,2.4419,0,0,0,0,40.01328,14.40899,7.6007,2.88975,2.75599,0.08288,0,5.22338,0,0,0,0,19.91991,0,0,0,0,0,0,0,0,0,0,0,0,0,0,0,0,0,0
GF10_C1_COLON_D55,99.30141,0,0.69859,0,0,0,0,0,0,0,0,0,0,0,0,0,0,0,0,0,0,0,0,0,0,0,0,0,0,0,0,0,0,0,0,0,0,0
GF10_C1_d55,0,0,0,0,0,0,0,0,0,0,0,0,0,0,0,0,0,0,0,0,0,0,0,0,100,0,0,0,0,0,0,0,0,0,0,0,0,0
GF10_C1_d77,77.28815,0,0.33375,0,0,0,0,22.37811,0,0,0,0,0,0,0,0,0,0,0,0,0,0,0,0,0,0,0,0,0,0,0,0,0,0,0,0,0,0
GF10_C10_COLON_D55,100,0,0,0,0,0,0,0,0,0,0,0,0,0,0,0,0,0,0,0,0,0,0,0,0,0,0,0,0,0,0,0,0,0,0,0,0,0
GF10_C2_COLON_D35,51.10584,0,19.11453,0,0,0,0,1.62405,0.13294,0.1811,0,0,15.00652,0,9.37908,0,0,0,0,0,0,0,0,0,0,3.45595,0,0,0,0,0,0,0,0,0,0,0,0
GF10_C2_COLON_D55,100,0,0,0,0,0,0,0,0,0,0,0,0,0,0,0,0,0,0,0,0,0,0,0,0,0,0,0,0,0,0,0,0,0,0,0,0,0
GF10_C2_d101,96.85893,0,1.81701,0,0,0,0,0.81571,0,0.50835,0,0,0,0,0,0,0,0,0,0,0,0,0,0,0,0,0,0,0,0,0,0,0,0,0,0,0,0
GF10_C2_d103,65.92274,0,0.02098,0,0,0,0,0,22.40885,10.95255,0,0,0,0,0,0,0,0,0,0.69488,0,0,0,0,0,0,0,0,0,0,0,0,0,0,0,0,0,0
GF10_C2_d104_colon,47.67107,0,0,0,0,0,0,0,36.13986,16.18907,0,0,0,0,0,0,0,0,0,0,0,0,0,0,0,0,0,0,0,0,0,0,0,0,0,0,0,0
GF10_C2_D32,80.58598,0,6.88325,0,0,0,0,1.96542,2.71375,0.91296,0,0,4.11998,0,2.51985,0,0,0,0,0,0,0,0,0,0,0.29881,0,0,0,0,0,0,0,0,0,0,0,0
GF10_C2_D33,95.38841,0,2.24202,0,0,0,0,1.87977,0,0.4898,0,0,0,0,0,0,0,0,0,0,0,0,0,0,0,0,0,0,0,0,0,0,0,0,0,0,0,0
GF10_C2_D34,89.67142,0,6.92085,0,0,0,0,1.02488,0.38864,0.12783,1.86638,0,0,0,0,0,0,0,0,0,0,0,0,0,0,0,0,0,0,0,0,0,0,0,0,0,0,0
GF10_C2_d55,4.30859,0,1.40212,0,0,0,0,42.1472,0,21.10246,0.07549,0.22711,0,0,0,0,0,0,0,0,0,0,0,0,0,30.73702,0,0,0,0,0,0,0,0,0,0,0,0
GF10_C2_d77,37.49962,0,1.5488,0,0,0,0,55.26831,0,0.38524,0.71521,4.58283,0,0,0,0,0,0,0,0,0,0,0,0,0,0,0,0,0,0,0,0,0,0,0,0,0,0
GF10_C2_d80_colon,100,0,0,0,0,0,0,0,0,0,0,0,0,0,0,0,0,0,0,0,0,0,0,0,0,0,0,0,0,0,0,0,0,0,0,0,0,0
GF10_C3_COLON_D35,66.69284,0,16.68483,0,0,0,0,0,0,1.83502,0,0,9.77561,0,3.85063,0,0,0,0,0,0,0,0,0,0,1.16108,0,0,0,0,0,0,0,0,0,0,0,0
GF10_C3_d101,58.3894,0,0.98472,0,0,0,0,0.35353,0,0.35531,0,39.91704,0,0,0,0,0,0,0,0,0,0,0,0,0,0,0,0,0,0,0,0,0,0,0,0,0,0
GF10_C3_D33,99.87258,0,0.12742,0,0,0,0,0,0,0,0,0,0,0,0,0,0,0,0,0,0,0,0,0,0,0,0,0,0,0,0,0,0,0,0,0,0,0
GF10_C3_d55,100,0,0,0,0,0,0,0,0,0,0,0,0,0,0,0,0,0,0,0,0,0,0,0,0,0,0,0,0,0,0,0,0,0,0,0,0,0
GF10_C3_d78,100,0,0,0,0,0,0,0,0,0,0,0,0,0,0,0,0,0,0,0,0,0,0,0,0,0,0,0,0,0,0,0,0,0,0,0,0,0
GF10_C4_COLON_D55,100,0,0,0,0,0,0,0,0,0,0,0,0,0,0,0,0,0,0,0,0,0,0,0,0,0,0,0,0,0,0,0,0,0,0,0,0,0
GF10_C4_d102_colon,100,0,0,0,0,0,0,0,0,0,0,0,0,0,0,0,0,0,0,0,0,0,0,0,0,0,0,0,0,0,0,0,0,0,0,0,0,0
GF10_C4_d55,2.43129,0,1.70866,0,0,0,0,38.67691,0,20.06044,0.87668,0.11924,0.04279,0,0,0,0,0,0,0,0,0,0,0,0,36.084,0,0,0,0,0,0,0,0,0,0,0,0
GF10_C4_d77,39.6182,0,4.86103,0,0,0,0,27.63978,0,0.9527,5.13304,21.79525,0,0,0,0,0,0,0,0,0,0,0,0,0,0,0,0,0,0,0,0,0,0,0,0,0,0
GF10_C4_d80_colon,41.53473,0,0,0,0,0,0,0,11.94707,46.43025,0,0,0,0,0,0,0,0,0,0.08795,0,0,0,0,0,0,0,0,0,0,0,0,0,0,0,0,0,0
GF10_C5_COLON_D55,98.99094,0,1.00906,0,0,0,0,0,0,0,0,0,0,0,0,0,0,0,0,0,0,0,0,0,0,0,0,0,0,0,0,0,0,0,0,0,0,0
GF10_C5_d101,97.13893,0,1.49395,0,0,0,0,1.20562,0,0.1615,0,0,0,0,0,0,0,0,0,0,0,0,0,0,0,0,0,0,0,0,0,0,0,0,0,0,0,0
GF10_C5_d55,3.00231,0,1.50035,0,0,0,0,45.65209,0,19.96544,0,0,0,0,0,0,0,0,0,0,0,0,0,0,0,29.87981,0,0,0,0,0,0,0,0,0,0,0,0
GF10_C5_d77,98.38223,0,1.61777,0,0,0,0,0,0,0,0,0,0,0,0,0,0,0,0,0,0,0,0,0,0,0,0,0,0,0,0,0,0,0,0,0,0,0
GF10_C6_COLON_D55,98.48565,0,0.72318,0,0,0,0,0,0.79117,0,0,0,0,0,0,0,0,0,0,0,0,0,0,0,0,0,0,0,0,0,0,0,0,0,0,0,0,0
GF10_C6_d101,99.87219,0,0.12781,0,0,0,0,0,0,0,0,0,0,0,0,0,0,0,0,0,0,0,0,0,0,0,0,0,0,0,0,0,0,0,0,0,0,0
GF10_C6_d55,5.49091,0,1.17972,0,0,0,0,40.53566,0,22.20621,0,0.31731,0,0,0,0,0,0,0,0,0,0,0,0,0,30.27019,0,0,0,0,0,0,0,0,0,0,0,0
GF10_C7_COLON_D55,100,0,0,0,0,0,0,0,0,0,0,0,0,0,0,0,0,0,0,0,0,0,0,0,0,0,0,0,0,0,0,0,0,0,0,0,0,0
GF10_C8_COLON_D55,100,0,0,0,0,0,0,0,0,0,0,0,0,0,0,0,0,0,0,0,0,0,0,0,0,0,0,0,0,0,0,0,0,0,0,0,0,0
GF10_C8_d101,97.86169,0,1.36398,0,0,0,0,0.61946,0,0.15488,0,0,0,0,0,0,0,0,0,0,0,0,0,0,0,0,0,0,0,0,0,0,0,0,0,0,0,0
GF10_C8_d103,22.64917,0,30.02357,0,0,0,0,0,22.60431,24.72295,0,0,0,0,0,0,0,0,0,0,0,0,0,0,0,0,0,0,0,0,0,0,0,0,0,0,0,0
GF10_C8_d55,10.03454,0,2.73095,0,0,0,0,50.2251,7.26789,8.62521,1.74869,0.25523,0.7529,0.08552,0.35672,0,0,0,0,0,0,0,0,0,0,17.91725,0,0,0,0,0,0,0,0,0,0,0,0
GF10_C9_COLON_D55,92.80029,0,7.19971,0,0,0,0,0,0,0,0,0,0,0,0,0,0,0,0,0,0,0,0,0,0,0,0,0,0,0,0,0,0,0,0,0,0,0
GF10_Cdam_d0,0.94228,0,0.71078,0,0,0,0,37.35194,0,17.16815,7.12766,0.19669,0,0,0,0,0,0,0,0,0,0,0,0,0,36.5025,0,0,0,0,0,0,0,0,0,0,0,0
GF10_Cdam_d1,16.02103,0,4.04574,0,0,0,0,44.96385,24.87042,6.51831,0,3.5157,0,0,0,0,0,0,0,0.06495,0,0,0,0,0,0,0,0,0,0,0,0,0,0,0,0,0,0
GF10_Cdam_d20,6.01537,0,4.20382,0,0,0,0,42.98639,14.23004,7.02969,0,1.88303,0,0,3.83456,0,0,0,0,19.8171,0,0,0,0,0,0,0,0,0,0,0,0,0,0,0,0,0,0
GF10_INOC,64.19176,0,7.98061,0,0,0,0,10.2886,4.22671,4.67574,8.42551,0.0703,0,0,0,0,0,0,0,0,0,0,0.14077,0,0,0,0,0,0,0,0,0,0,0,0,0,0,0
GF11_A_DAM_D0,42.37855,0,20.90831,0,0,0,0,0.72829,1.41866,0.52698,0,0,21.04298,0,9.26366,0,0,0,0,0,0,0,0,0,0,3.73258,0,0,0,0,0,0,0,0,0,0,0,0
GF11_A1_COLON_D38,34.36322,0,31.35805,0,0,0,0,0.17126,0,0,0.21529,0,15.65889,0,11.4148,0,0,0,0,0,0,0,0,0,0,6.81848,0,0,0,0,0,0,0,0,0,0,0,0
GF11_A1_D35,81.86477,0,12.27589,0,0,0,0,0,0,0,0,0,1.24905,0,0.73699,0,0,0,0,0,0,0,0,0,0,3.8733,0,0,0,0,0,0,0,0,0,0,0,0
GF11_A1_D37,72.08355,0,23.62206,0,0,0,0,1.62185,0,0.90634,0,0,0.04235,0,0.00754,0,0,0,0,0,0,0,0,0,0,1.71629,0,0,0,0,0,0,0,0,0,0,0,0
GF11_A2_COLON_D38,49.544,0,27.48098,0,0,0,0,0,0,0,0,0,13.12471,0,5.22326,0,0,0,0,0,0,0,0,0,0,4.62706,0,0,0,0,0,0,0,0,0,0,0,0
GF11_A2_D35,72.46512,0,25.64749,0,0,0,0,0,0,0.03536,0,0,0.05126,0,0,0,0,0,0,0,0,0,0,0,0,1.80078,0,0,0,0,0,0,0,0,0,0,0,0
GF11_A2_D36,75.87948,0,24.12052,0,0,0,0,0,0,0,0,0,0,0,0,0,0,0,0,0,0,0,0,0,0,0,0,0,0,0,0,0,0,0,0,0,0,0
GF11_A3_D36,100,0,0,0,0,0,0,0,0,0,0,0,0,0,0,0,0,0,0,0,0,0,0,0,0,0,0,0,0,0,0,0,0,0,0,0,0,0
GF11_A4_COLON_D38,49.99287,0,23.42302,0,0,0,0,0.23427,0,0,0,0,13.75181,0,8.72893,0,0,0,0,0,0,0,0,0,0,3.8691,0,0,0,0,0,0,0,0,0,0,0,0
GF11_A4_D37,94.92198,0,4.02981,0,0,0,0,0.28289,0,0,0,0,0,0,0,0,0,0,0,0,0,0,0,0,0,0.76533,0,0,0,0,0,0,0,0,0,0,0,0
GF11_A5_D35,81.1804,0,3.30513,0,0,0,0,0,0,0,0,0,0,0,0,0,0,0,0,0,0,0,0,0,0,15.51447,0,0,0,0,0,0,0,0,0,0,0,0
GF11_B_dam_d111,1.62511,0,2.63994,0,0,0,0,31.21691,0,2.99221,0.39513,0.26066,2.15331,0,5.64371,0,0,0,0,0,0,0,0,0,0,53.07301,0,0,0,0,0,0,0,0,0,0,0,0
GF11_B_dam_d20,2.26508,0,3.17522,0,0,0,0,22.36994,0,0,0.34625,0,3.43502,0,6.92397,0,0,0,0,0,0,0,0,0,0,61.48453,0,0,0,0,0,0,0,0,0,0,0,0
GF11_B_dam_d7,5.32245,0,1.2033,0,0,0,0,14.25798,0,0,0.5896,0.13936,1.22914,0,5.33435,0,0,0,0,0,0,0,0,0,0,71.92382,0,0,0,0,0,0,0,0,0,0,0,0
GF11_B1_COLON_D38,52.51032,0,28.32483,0,0,0,0,0,0,0,0,0,9.60069,0,6.28498,0,0,0,0,0,0,0,0,0,0,3.27918,0,0,0,0,0,0,0,0,0,0,0,0
GF11_B1_d105_colon,27.69693,0,2.47207,0,0,0,0,13.94344,53.12622,2.76134,0,0,0,0,0,0,0,0,0,0,0,0,0,0,0,0,0,0,0,0,0,0,0,0,0,0,0,0
GF11_B1_D36,45.29342,0,29.64617,0,0,0,0,0.62378,0,0,0,0,14.33068,0,6.68558,0,0,0,0,0,0,0,0,0,0,3.42038,0,0,0,0,0,0,0,0,0,0,0,0
GF11_B1_d71,98.23761,0,0,0,0,0,0,0.01545,0,0,0,0,0,0,0,0,0,0,0,0,0,0,0,0,0,1.74694,0,0,0,0,0,0,0,0,0,0,0,0
GF11_B2_COLON_D38,84.46688,0,11.59457,0,0,0,0,0,0,0,0,0,2.03955,0,1.33587,0,0,0,0,0,0,0,0,0,0,0.56313,0,0,0,0,0,0,0,0,0,0,0,0
GF11_B2_d105_colon,6.77331,0,3.43635,0,0,0,0,38.87298,0,8.42197,0,0,0,0,2.17978,0,0,0,0,0,0,0,0,0,0,40.31561,0,0,0,0,0,0,0,0,0,0,0,0
GF11_B2_D36,50.02991,0,23.18796,0,0,0,0,0,0,0,0,0,13.2581,0,9.15645,0,0,0,0,0,0,0,0,0,0,4.36759,0,0,0,0,0,0,0,0,0,0,0,0
GF11_B2_d71,88.35331,0,9.41894,0,0,0,0,0,0,0.21354,0,0,0,0,0,0,0,0,0,0,0,0,0,0,0,2.01421,0,0,0,0,0,0,0,0,0,0,0,0
GF11_B2_d73,100,0,0,0,0,0,0,0,0,0,0,0,0,0,0,0,0,0,0,0,0,0,0,0,0,0,0,0,0,0,0,0,0,0,0,0,0,0
GF11_B3_COLON_D38,92.3649,0,7.6351,0,0,0,0,0,0,0,0,0,0,0,0,0,0,0,0,0,0,0,0,0,0,0,0,0,0,0,0,0,0,0,0,0,0,0
GF11_B3_d105_colon,6.56476,0,1.22637,0,0,0,0,30.65711,0,4.32473,0,0,0,0,0,0,0,0,0,0,0,0,0,0,0,57.22703,0,0,0,0,0,0,0,0,0,0,0,0
GF11_B3_D35,95.32235,0,4.01707,0,0,0,0,0,0,0,0,0,0,0,0,0,0,0,0,0,0,0,0,0,0,0.66057,0,0,0,0,0,0,0,0,0,0,0,0
GF11_B3_D37,99.47595,0,0.52405,0,0,0,0,0,0,0,0,0,0,0,0,0,0,0,0,0,0,0,0,0,0,0,0,0,0,0,0,0,0,0,0,0,0,0
GF11_B3_d71,98.13924,0,1.86076,0,0,0,0,0,0,0,0,0,0,0,0,0,0,0,0,0,0,0,0,0,0,0,0,0,0,0,0,0,0,0,0,0,0,0
GF11_B4_COLON_D38,100,0,0,0,0,0,0,0,0,0,0,0,0,0,0,0,0,0,0,0,0,0,0,0,0,0,0,0,0,0,0,0,0,0,0,0,0,0
GF11_B4_d105_colon,4.07333,0,1.92354,0,0,0,0,14.9814,0,5.38398,0,0,0,0,0,0,0,0,0,0,0,0,0,0,0,73.63776,0,0,0,0,0,0,0,0,0,0,0,0
GF11_B4_D35,83.36123,0,13.79192,0,0,0,0,0,0,0,0,0,0,0,0,0,0,0,0,0,0,0,0,0,0,2.84686,0,0,0,0,0,0,0,0,0,0,0,0
GF11_B4_D37,97.16661,0,2.83339,0,0,0,0,0,0,0,0,0,0,0,0,0,0,0,0,0,0,0,0,0,0,0,0,0,0,0,0,0,0,0,0,0,0,0
GF11_B4_d72,99.81081,0,0,0,0,0,0,0,0,0,0,0,0,0,0,0,0,0,0,0,0,0,0,0,0,0.18919,0,0,0,0,0,0,0,0,0,0,0,0
GF11_B4_d73,100,0,0,0,0,0,0,0,0,0,0,0,0,0,0,0,0,0,0,0,0,0,0,0,0,0,0,0,0,0,0,0,0,0,0,0,0,0
GF11_B4_d74_colon,100,0,0,0,0,0,0,0,0,0,0,0,0,0,0,0,0,0,0,0,0,0,0,0,0,0,0,0,0,0,0,0,0,0,0,0,0,0
GF11_B5_COLON_D38,100,0,0,0,0,0,0,0,0,0,0,0,0,0,0,0,0,0,0,0,0,0,0,0,0,0,0,0,0,0,0,0,0,0,0,0,0,0
GF11_B5_d105_colon,5.11138,0,2.52186,0,0,0,0,56.46414,0,8.8896,0,0.05866,0,0,2.88031,0,0,0,0,0,0,0,0,0,0,24.07404,0,0,0,0,0,0,0,0,0,0,0,0
GF11_B5_D35,98.80579,0,1.19421,0,0,0,0,0,0,0,0,0,0,0,0,0,0,0,0,0,0,0,0,0,0,0,0,0,0,0,0,0,0,0,0,0,0,0
GF11_B5_D37,100,0,0,0,0,0,0,0,0,0,0,0,0,0,0,0,0,0,0,0,0,0,0,0,0,0,0,0,0,0,0,0,0,0,0,0,0,0
GF11_B5_d71,76.95051,0,22.21839,0,0,0,0,0,0,0.02208,0,0,0,0,0,0,0,0,0,0,0,0,0,0,0,0.80902,0,0,0,0,0,0,0,0,0,0,0,0
GF11_B5_d74_colon,100,0,0,0,0,0,0,0,0,0,0,0,0,0,0,0,0,0,0,0,0,0,0,0,0,0,0,0,0,0,0,0,0,0,0,0,0,0
GF11_B6_d105_colon,3.38246,0,1.74762,0,0,0,0,32.26074,0,6.03549,0,0.01815,0,0,0.55401,0,0,0,0,0,0,0,0,0,0,56.00153,0,0,0,0,0,0,0,0,0,0,0,0
GF11_B6_d71,99.21371,0,0.35668,0,0,0,0,0,0,0,0,0,0,0,0,0,0,0,0,0,0,0,0,0,0,0.4296,0,0,0,0,0,0,0,0,0,0,0,0
GF11_B7_d105_colon,15.98286,0,5.63129,0,0,0,0,8.00359,0,1.68149,0,0.14294,0,0,1.92648,0,0,0,0,0,0,0,0,0,0,66.63134,0,0,0,0,0,0,0,0,0,0,0,0
GF11_B7_d71,92.28739,0,5.95436,0,0,0,0,0,0,0,0,0,0,0,0,0,0,0,0,0,0,0,0,0,0,1.75825,0,0,0,0,0,0,0,0,0,0,0,0
GF11_B7_d73,100,0,0,0,0,0,0,0,0,0,0,0,0,0,0,0,0,0,0,0,0,0,0,0,0,0,0,0,0,0,0,0,0,0,0,0,0,0
GF11_B7_d74_colon,24.54953,0,12.47745,0,0,0,0,25.02988,24.99584,12.19408,0.2451,0.50813,0,0,0,0,0,0,0,0,0,0,0,0,0,0,0,0,0,0,0,0,0,0,0,0,0,0
GF11_B8_d105_colon,4.52683,0,1.34003,0,0,0,0,26.32516,0,6.05592,0,0,0,0,0.80243,0,0,0,0,0,0,0,0,0,0,60.94963,0,0,0,0,0,0,0,0,0,0,0,0
GF11_C1_COLON_D38,100,0,0,0,0,0,0,0,0,0,0,0,0,0,0,0,0,0,0,0,0,0,0,0,0,0,0,0,0,0,0,0,0,0,0,0,0,0
GF11_C1_D36,75.44759,0,14.37393,0,0,0,0,0,0,0,0,0,5.64989,0,3.55819,0,0,0,0,0,0,0,0,0,0,0.97039,0,0,0,0,0,0,0,0,0,0,0,0
GF11_C1_d71,92.49122,0,6.26949,0,0,0,0,0,0,0,0,0,0,0,0,0,0,0,0,0,0,0,0,0,0,1.23929,0,0,0,0,0,0,0,0,0,0,0,0
GF11_C1_d74_colon,29.21727,0,41.15151,0,0,0,0,4.1993,21.69726,3.73466,0,0,0,0,0,0,0,0,0,0,0,0,0,0,0,0,0,0,0,0,0,0,0,0,0,0,0,0
GF11_C2_D37,94.47195,0,5.52805,0,0,0,0,0,0,0,0,0,0,0,0,0,0,0,0,0,0,0,0,0,0,0,0,0,0,0,0,0,0,0,0,0,0,0
GF11_C2_d71,96.70592,0,2.49355,0,0,0,0,0,0,0,0,0,0,0,0,0,0,0,0,0,0,0,0,0,0,0.80053,0,0,0,0,0,0,0,0,0,0,0,0
GF11_C2_d72,96.52259,0,3.21062,0,0,0,0,0,0,0,0,0,0,0,0,0,0,0,0,0,0,0,0,0,0,0.26679,0,0,0,0,0,0,0,0,0,0,0,0
GF11_C2_d74_colon,9.27528,0,83.7209,0,0,0,0,0.36642,5.74365,0.89374,0,0,0,0,0,0,0,0,0,0,0,0,0,0,0,0,0,0,0,0,0,0,0,0,0,0,0,0
GF11_C3_COLON_D38,100,0,0,0,0,0,0,0,0,0,0,0,0,0,0,0,0,0,0,0,0,0,0,0,0,0,0,0,0,0,0,0,0,0,0,0,0,0
GF11_C3_D35,98.16839,0,1.35672,0,0,0,0,0,0,0,0,0,0,0,0,0,0,0,0,0,0,0,0,0,0,0.47489,0,0,0,0,0,0,0,0,0,0,0,0
GF11_C3_D36,77.48079,0,11.45507,0,0,0,0,0,0,0,0,0,5.97877,0,2.7557,0,0,0,0,0,0,0,0,0,0,2.32967,0,0,0,0,0,0,0,0,0,0,0,0
GF11_C3_d71,100,0,0,0,0,0,0,0,0,0,0,0,0,0,0,0,0,0,0,0,0,0,0,0,0,0,0,0,0,0,0,0,0,0,0,0,0,0
GF11_C3_d74_colon,19.50854,0,21.15954,0,0,0,0,13.43452,0,32.26317,0,13.63423,0,0,0,0,0,0,0,0,0,0,0,0,0,0,0,0,0,0,0,0,0,0,0,0,0,0
GF11_C4_COLON_D38,100,0,0,0,0,0,0,0,0,0,0,0,0,0,0,0,0,0,0,0,0,0,0,0,0,0,0,0,0,0,0,0,0,0,0,0,0,0
GF11_C4_D35,84.2828,0,12.65621,0,0,0,0,0,0,0,0,0,0,0,0,0,0,0,0,0,0,0,0,0,0,3.06099,0,0,0,0,0,0,0,0,0,0,0,0
GF11_C4_D36,87.32986,0,8.96435,0,0,0,0,0,0,0,0,0,1.18642,0,0.28275,0,0,0,0,0,0,0,0,0,0,2.23663,0,0,0,0,0,0,0,0,0,0,0,0
GF11_C4_d74_colon,47.53634,0,0,0,0,0,0,19.21285,0,31.12336,0,2.12745,0,0,0,0,0,0,0,0,0,0,0,0,0,0,0,0,0,0,0,0,0,0,0,0,0,0
GF11_C5_D37,92.46429,0,7.53571,0,0,0,0,0,0,0,0,0,0,0,0,0,0,0,0,0,0,0,0,0,0,0,0,0,0,0,0,0,0,0,0,0,0,0
GF11_C5_d71,79.56955,0,20.43045,0,0,0,0,0,0,0,0,0,0,0,0,0,0,0,0,0,0,0,0,0,0,0,0,0,0,0,0,0,0,0,0,0,0,0
GF11_C5_d72,77.38586,0,21.75682,0,0,0,0,0,0,0,0,0,0,0,0,0,0,0,0,0,0,0,0,0,0,0.85732,0,0,0,0,0,0,0,0,0,0,0,0
GF11_C5_d74_colon,39.44238,0,3.71313,0,0,0,0,13.58829,37.94387,2.99954,1.85633,0.2775,0.17896,0,0,0,0,0,0,0,0,0,0,0,0,0,0,0,0,0,0,0,0,0,0,0,0,0
GF11_C6_d71,91.50065,0,2.09429,0,0,0,0,1.77669,0,0.65708,0,0,0,0,0,0,0,0,0,0,0,0,0,0,0,3.97129,0,0,0,0,0,0,0,0,0,0,0,0
GF11_C6_d72,95.28705,0,2.26374,0,0,0,0,0,0,0.59243,0,0,0,0,0,0,0,0,0,0,0,0,0,0,0,1.85678,0,0,0,0,0,0,0,0,0,0,0,0
GF11_C6_d74_colon,18.34032,0,6.53349,0,0,0,0,46.1113,0,27.03912,0,1.97577,0,0,0,0,0,0,0,0,0,0,0,0,0,0,0,0,0,0,0,0,0,0,0,0,0,0
GF11_C7_d71,96.4883,0,1.52821,0,0,0,0,0,0,0,0,0,0,0,0,0,0,0,0,0,0,0,0,0,0,1.9835,0,0,0,0,0,0,0,0,0,0,0,0
GF11_C7_d72_colon,97.55676,0,0,0,0,0,0,0,0,0,0,0,0,0,0,0,0,0,0,0,0,0,0,0,0,2.44324,0,0,0,0,0,0,0,0,0,0,0,0
GF11_INOC,27.72136,0,28.97205,0,0,0,0,2.21814,0,0,0,0,26.61076,0,10.13899,0,0,0,0,0,0,0,0,0,0,4.33869,0,0,0,0,0,0,0,0,0,0,0,0
GF12_A_dam_d21,0,0,71.86348,0,0,0,0,0,0,0,0,0,0,0,0,0,0,0,0,0,0,0,0,19.1027,0,0,9.03382,0,0,0,0,0,0,0,0,0,0,0
GF12_A_Dam_d85,0,0,1.11385,0,0,0,0,65.78856,23.15062,9.94698,0,0,0,0,0,0,0,0,0,0,0,0,0,0,0,0,0,0,0,0,0,0,0,0,0,0,0,0
GF12_A1_d31,0,0,1.20815,0,0,0,0,0,0,0,0,0,0,0,0,0,0,0,0,0,0,0,0,98.79185,0,0,0,0,0,0,0,0,0,0,0,0,0,0
GF12_A1_d76_colon,0,0,0.0456,0,0,0,0,66.0145,23.21206,10.72784,0,0,0,0,0,0,0,0,0,0,0,0,0,0,0,0,0,0,0,0,0,0,0,0,0,0,0,0
GF12_A2_d32,0,0,59.44316,0,0,0,0,0,0,0,0,0,0,0,0,0,0,0,0,0,0,0,0,40.55684,0,0,0,0,0,0,0,0,0,0,0,0,0,0
GF12_A2_d34_colon,92.50334,0,5.49987,0,0,0,0,0.8049,0,0,1.19189,0,0,0,0,0,0,0,0,0,0,0,0,0,0,0,0,0,0,0,0,0,0,0,0,0,0,0
GF12_A2_d76_colon,0,0,0.52611,0,0,0,0,67.70046,21.24882,10.52462,0,0,0,0,0,0,0,0,0,0,0,0,0,0,0,0,0,0,0,0,0,0,0,0,0,0,0,0
GF12_A3_d31,0,0,90.69378,0,0,0,0,2.20682,0.74951,0.20231,0,0,0,0,0,0,0,0,0,0,0,0,0,6.14758,0,0,0,0,0,0,0,0,0,0,0,0,0,0
GF12_A3_d76_colon,0,0,0.86874,0,0,0,0,43.82935,43.02776,12.27416,0,0,0,0,0,0,0,0,0,0,0,0,0,0,0,0,0,0,0,0,0,0,0,0,0,0,0,0
GF12_A4_d31,0,0,100,0,0,0,0,0,0,0,0,0,0,0,0,0,0,0,0,0,0,0,0,0,0,0,0,0,0,0,0,0,0,0,0,0,0,0
GF12_A4_d32,0,0,93.84476,0,0,0,0,0,0,0,0,0,0,0,0,0,0,0,0,0,0,0,0,6.15524,0,0,0,0,0,0,0,0,0,0,0,0,0,0
GF12_A4_d34_colon,0,0,0,0,0,0,0,1.28705,0,98.71295,0,0,0,0,0,0,0,0,0,0,0,0,0,0,0,0,0,0,0,0,0,0,0,0,0,0,0,0
GF12_A4_d76_colon,0,0,0,0,0,0,0,27.35287,61.07272,11.57441,0,0,0,0,0,0,0,0,0,0,0,0,0,0,0,0,0,0,0,0,0,0,0,0,0,0,0,0
GF12_A5_d34_colon,0,0,0,0,0,0,0,51.90076,12.42454,35.67469,0,0,0,0,0,0,0,0,0,0,0,0,0,0,0,0,0,0,0,0,0,0,0,0,0,0,0,0
GF12_A5_d76_colon,0,0,0,0,0,0,0,82.6031,12.75046,4.64644,0,0,0,0,0,0,0,0,0,0,0,0,0,0,0,0,0,0,0,0,0,0,0,0,0,0,0,0
GF12_A6_d76_colon,0,0,0.62601,0,0,0,0,74.34499,17.16753,7.86147,0,0,0,0,0,0,0,0,0,0,0,0,0,0,0,0,0,0,0,0,0,0,0,0,0,0,0,0
GF12_A7_d76_colon,0,0,0.53086,0,0,0,0,70.47959,19.01448,9.97507,0,0,0,0,0,0,0,0,0,0,0,0,0,0,0,0,0,0,0,0,0,0,0,0,0,0,0,0
GF12_A8_d76_colon,0,0,0,0,0,0,0,72.68966,20.40681,6.90353,0,0,0,0,0,0,0,0,0,0,0,0,0,0,0,0,0,0,0,0,0,0,0,0,0,0,0,0
GF12_B1_d79,0,0,86.45192,0,0,0,0,0.35812,0,0.88016,0,0,0,0,0,0,0,0,0,0,0,0,0,12.30979,0,0,0,0,0,0,0,0,0,0,0,0,0,0
GF12_B2_d32,0,0,99.94988,0,0,0,0,0,0,0,0,0,0,0,0,0,0,0,0,0,0,0,0,0.05012,0,0,0,0,0,0,0,0,0,0,0,0,0,0
GF12_B2_d79,0,0,0.35482,0,0,0,0,3.2596,0.03945,2.087,0,0,0,0,0,0,0,0,0,0,0,0,0,94.25914,0,0,0,0,0,0,0,0,0,0,0,0,0,0
GF12_B2_d81,0,0,0,0,0,0,0,0,4.17418,0,0,0,0,0,0,0,0,0,0,0,0,0,0,95.82582,0,0,0,0,0,0,0,0,0,0,0,0,0,0
GF12_B2_d82_colon,0,0,28.43125,0,0,0,0,0,0,57.31438,0,0,0,0,0,0,0,0,0,0,0,0,0,14.25437,0,0,0,0,0,0,0,0,0,0,0,0,0,0
GF12_B3_d31,0,0,0.97743,0,0,0,0,0,0,0,0,0,0,0,0,0,0,0,0,0,0,0,0,99.02257,0,0,0,0,0,0,0,0,0,0,0,0,0,0
GF12_B3_d80,0,0,92.92868,0,0,0,0,0.60275,0,1.57956,0,0,0,0,0,0,0,0,0,0,0,0,0,4.88901,0,0,0,0,0,0,0,0,0,0,0,0,0,0
GF12_B4_d31,0,0,97.76713,0,0,0,0,0,0,0,0,0,0,0,0,0,0,0,0,0,0,0,0,2.23287,0,0,0,0,0,0,0,0,0,0,0,0,0,0
GF12_B4_d79,0,0,35.98468,0,0,0,0,0.40556,0,2.34736,0,0,0,0,0,0,0,0,0,0,0,0,0,61.2624,0,0,0,0,0,0,0,0,0,0,0,0,0,0
GF12_B5_d79,0,0,84.08879,0,0,0,0,0.98211,0,2.04559,0,0,0,0,0,0,0,0,0,0,0,0,0,12.88351,0,0,0,0,0,0,0,0,0,0,0,0,0,0
GF12_C1_d79,0,0,99.22994,0,0,0,0,0,0,0.77006,0,0,0,0,0,0,0,0,0,0,0,0,0,0,0,0,0,0,0,0,0,0,0,0,0,0,0,0
GF12_C1_d82_colon,0,0,6.79165,0,0,0,0,42.28878,37.97854,12.94103,0,0,0,0,0,0,0,0,0,0,0,0,0,0,0,0,0,0,0,0,0,0,0,0,0,0,0,0
GF12_C2_d31,0,0,13.87093,0,0,0,0,0,0,0,0,0,0,0,0,0,0,0,0,0,0,0,0,86.12907,0,0,0,0,0,0,0,0,0,0,0,0,0,0
GF12_C2_d79,0,0,98.73622,0,0,0,0,0,0,1.26378,0,0,0,0,0,0,0,0,0,0,0,0,0,0,0,0,0,0,0,0,0,0,0,0,0,0,0,0
GF12_C3_d31,0,0,98.93088,0,0,0,0,0,0,0,0,0,0,0,0,0,0,0,0,0,0,0,0,1.06912,0,0,0,0,0,0,0,0,0,0,0,0,0,0
GF12_C3_d79,0,0,75.96874,0,0,0,0,0,0,0,0,0,0,0,0,0,0,0,0,0,0,0,0,24.03126,0,0,0,0,0,0,0,0,0,0,0,0,0,0
GF12_C3_d80_colon,0,0,100,0,0,0,0,0,0,0,0,0,0,0,0,0,0,0,0,0,0,0,0,0,0,0,0,0,0,0,0,0,0,0,0,0,0,0
GF12_C4_d31,0,0,73.62729,0,0,0,0,0,0,0,0,0,0,0,0,0,0,0,0,0,0,0,0,26.37271,0,0,0,0,0,0,0,0,0,0,0,0,0,0
GF12_C5_d79,0,0,0.06961,0,0,0,0,0.61794,0,0.31486,0,0,0,0,0,0,0,0,0,0,0,0,0,98.99758,0,0,0,0,0,0,0,0,0,0,0,0,0,0
GF12_Inoc,0,0,59.98855,0,0,0,0,0,0,0,0,0,0,0,0,0,0,0,0,0,0,0,0,40.01145,0,0,0,0,0,0,0,0,0,0,0,0,0,0
GF13_A1_d32,100,0,0,0,0,0,0,0,0,0,0,0,0,0,0,0,0,0,0,0,0,0,0,0,0,0,0,0,0,0,0,0,0,0,0,0,0,0
GF13_A1_d34,100,0,0,0,0,0,0,0,0,0,0,0,0,0,0,0,0,0,0,0,0,0,0,0,0,0,0,0,0,0,0,0,0,0,0,0,0,0
GF13_A1_d65_colon,36.36306,0,0,0,0,0,0,18.47174,33.62296,11.54224,0,0,0,0,0,0,0,0,0,0,0,0,0,0,0,0,0,0,0,0,0,0,0,0,0,0,0,0
GF13_A10_d65_colon,27.90222,0,0,0,0,0,0,30.52122,32.91305,8.66352,0,0,0,0,0,0,0,0,0,0,0,0,0,0,0,0,0,0,0,0,0,0,0,0,0,0,0,0
GF13_A2_d32,100,0,0,0,0,0,0,0,0,0,0,0,0,0,0,0,0,0,0,0,0,0,0,0,0,0,0,0,0,0,0,0,0,0,0,0,0,0
GF13_A2_d65_colon,36.26585,0,0,0,0,0,0,17.49567,35.50221,10.73627,0,0,0,0,0,0,0,0,0,0,0,0,0,0,0,0,0,0,0,0,0,0,0,0,0,0,0,0
GF13_A3_d32,100,0,0,0,0,0,0,0,0,0,0,0,0,0,0,0,0,0,0,0,0,0,0,0,0,0,0,0,0,0,0,0,0,0,0,0,0,0
GF13_A3_d65_colon,21.61079,0,0,0,0,0,0,34.63402,31.02587,12.72932,0,0,0,0,0,0,0,0,0,0,0,0,0,0,0,0,0,0,0,0,0,0,0,0,0,0,0,0
GF13_A4_d32,100,0,0,0,0,0,0,0,0,0,0,0,0,0,0,0,0,0,0,0,0,0,0,0,0,0,0,0,0,0,0,0,0,0,0,0,0,0
GF13_A4_d65_colon,25.20506,0,0,0,0,0,0,20.35391,45.71067,8.73035,0,0,0,0,0,0,0,0,0,0,0,0,0,0,0,0,0,0,0,0,0,0,0,0,0,0,0,0
GF13_A5_d32,100,0,0,0,0,0,0,0,0,0,0,0,0,0,0,0,0,0,0,0,0,0,0,0,0,0,0,0,0,0,0,0,0,0,0,0,0,0
GF13_A5_d65_colon,23.69892,0,0,0,0,0,0,34.16631,26.93747,15.19731,0,0,0,0,0,0,0,0,0,0,0,0,0,0,0,0,0,0,0,0,0,0,0,0,0,0,0,0
GF13_A6_d32,100,0,0,0,0,0,0,0,0,0,0,0,0,0,0,0,0,0,0,0,0,0,0,0,0,0,0,0,0,0,0,0,0,0,0,0,0,0
GF13_A6_d34,100,0,0,0,0,0,0,0,0,0,0,0,0,0,0,0,0,0,0,0,0,0,0,0,0,0,0,0,0,0,0,0,0,0,0,0,0,0
GF13_A6_d65_colon,31.90866,0,0,0,0,0,0,28.78325,28.21466,11.09343,0,0,0,0,0,0,0,0,0,0,0,0,0,0,0,0,0,0,0,0,0,0,0,0,0,0,0,0
GF13_A7_d65_colon,25.25803,0,0,0,0,0,0,36.42192,29.60094,8.71911,0,0,0,0,0,0,0,0,0,0,0,0,0,0,0,0,0,0,0,0,0,0,0,0,0,0,0,0
GF13_A8_d65_colon,26.15014,0,0,0,0,0,0,28.8297,37.10935,7.91082,0,0,0,0,0,0,0,0,0,0,0,0,0,0,0,0,0,0,0,0,0,0,0,0,0,0,0,0
GF13_A9_d65_colon,22.04369,0,0,0,0,0,0,31.10729,34.25505,12.59396,0,0,0,0,0,0,0,0,0,0,0,0,0,0,0,0,0,0,0,0,0,0,0,0,0,0,0,0
GF13_B1_d32,100,0,0,0,0,0,0,0,0,0,0,0,0,0,0,0,0,0,0,0,0,0,0,0,0,0,0,0,0,0,0,0,0,0,0,0,0,0
GF13_B1_d65_colon,100,0,0,0,0,0,0,0,0,0,0,0,0,0,0,0,0,0,0,0,0,0,0,0,0,0,0,0,0,0,0,0,0,0,0,0,0,0
GF13_B2_d32,100,0,0,0,0,0,0,0,0,0,0,0,0,0,0,0,0,0,0,0,0,0,0,0,0,0,0,0,0,0,0,0,0,0,0,0,0,0
GF13_B2_d35_colon,43.89604,0,0,0,0,0,0,28.81742,11.93308,15.35346,0,0,0,0,0,0,0,0,0,0,0,0,0,0,0,0,0,0,0,0,0,0,0,0,0,0,0,0
GF13_B3_d32,100,0,0,0,0,0,0,0,0,0,0,0,0,0,0,0,0,0,0,0,0,0,0,0,0,0,0,0,0,0,0,0,0,0,0,0,0,0
GF13_B3_d34,94.72511,0,0,0,0,0,0,3.8673,0,1.40759,0,0,0,0,0,0,0,0,0,0,0,0,0,0,0,0,0,0,0,0,0,0,0,0,0,0,0,0
GF13_B3_d35_colon,18.29547,0,0,0,0,0,0,39.46566,17.74631,24.49256,0,0,0,0,0,0,0,0,0,0,0,0,0,0,0,0,0,0,0,0,0,0,0,0,0,0,0,0
GF13_B3_d65_colon,100,0,0,0,0,0,0,0,0,0,0,0,0,0,0,0,0,0,0,0,0,0,0,0,0,0,0,0,0,0,0,0,0,0,0,0,0,0
GF13_B4_d32,100,0,0,0,0,0,0,0,0,0,0,0,0,0,0,0,0,0,0,0,0,0,0,0,0,0,0,0,0,0,0,0,0,0,0,0,0,0
GF13_B4_d35_colon,41.61567,0,0,0,0,0,0,24.17791,18.37252,15.8339,0,0,0,0,0,0,0,0,0,0,0,0,0,0,0,0,0,0,0,0,0,0,0,0,0,0,0,0
GF13_B5_d32,100,0,0,0,0,0,0,0,0,0,0,0,0,0,0,0,0,0,0,0,0,0,0,0,0,0,0,0,0,0,0,0,0,0,0,0,0,0
GF13_B5_d35_colon,65.2892,0,0,0,0,0,0,11.21551,2.21573,21.27955,0,0,0,0,0,0,0,0,0,0,0,0,0,0,0,0,0,0,0,0,0,0,0,0,0,0,0,0
GF13_B5_d65_colon,100,0,0,0,0,0,0,0,0,0,0,0,0,0,0,0,0,0,0,0,0,0,0,0,0,0,0,0,0,0,0,0,0,0,0,0,0,0
GF13_B8_d65_colon,96.20381,0,0,0,0,0,0,0,0,3.79619,0,0,0,0,0,0,0,0,0,0,0,0,0,0,0,0,0,0,0,0,0,0,0,0,0,0,0,0
GF13_B9_d65_colon,100,0,0,0,0,0,0,0,0,0,0,0,0,0,0,0,0,0,0,0,0,0,0,0,0,0,0,0,0,0,0,0,0,0,0,0,0,0
GF13_inoc_200118,28.08557,0,0,0,0,0,0,0,0,0,0,0,0,0,0,0,0,0,0,0,0,0,0,66.7195,0,0,0,5.19493,0,0,0,0,0,0,0,0,0,0
GF14_A_d66_stool,4.3173,0,7.49888,0,0,0,0,54.31242,17.46406,4.84714,0,3.59906,0.50445,0,7.4567,0,0,0,0,0,0,0,0,0,0,0,0,0,0,0,0,0,0,0,0,0,0,0
GF14_A_Dam_d21,6.46085,0,3.24742,0,0,0,0,50.88421,22.30588,14.93126,0,2.17038,0,0,0,0,0,0,0,0,0,0,0,0,0,0,0,0,0,0,0,0,0,0,0,0,0,0
GF14_A1_d32,93.18453,0,2.71973,0,0,0,0,1.6728,0.76575,1.65719,0,0,0,0,0,0,0,0,0,0,0,0,0,0,0,0,0,0,0,0,0,0,0,0,0,0,0,0
GF14_A1_d35_colon,100,0,0,0,0,0,0,0,0,0,0,0,0,0,0,0,0,0,0,0,0,0,0,0,0,0,0,0,0,0,0,0,0,0,0,0,0,0
GF14_A1_d94_stool,95.03855,0,2.99274,0,0,0,0,1.00582,0,0.68133,0,0.27565,0.00591,0,0,0,0,0,0,0,0,0,0,0,0,0,0,0,0,0,0,0,0,0,0,0,0,0
GF14_A1_d95_stool,90.83359,0,2.80689,0,0,0,0,4.00594,0.4889,1.6277,0,0,0.23698,0,0,0,0,0,0,0,0,0,0,0,0,0,0,0,0,0,0,0,0,0,0,0,0,0
GF14_a1_d97_colon,100,0,0,0,0,0,0,0,0,0,0,0,0,0,0,0,0,0,0,0,0,0,0,0,0,0,0,0,0,0,0,0,0,0,0,0,0,0
GF14_A2_d32,94.46657,0,3.23575,0,0,0,0,0.92994,0,1.36774,0,0,0,0,0,0,0,0,0,0,0,0,0,0,0,0,0,0,0,0,0,0,0,0,0,0,0,0
GF14_A2_d33,93.91418,0,2.88683,0,0,0,0,1.99862,0,1.20038,0,0,0,0,0,0,0,0,0,0,0,0,0,0,0,0,0,0,0,0,0,0,0,0,0,0,0,0
GF14_A2_d35_colon,100,0,0,0,0,0,0,0,0,0,0,0,0,0,0,0,0,0,0,0,0,0,0,0,0,0,0,0,0,0,0,0,0,0,0,0,0,0
GF14_A2_d94_stool,99.91506,0,0.08494,0,0,0,0,0,0,0,0,0,0,0,0,0,0,0,0,0,0,0,0,0,0,0,0,0,0,0,0,0,0,0,0,0,0,0
GF14_A2_d96_16_stool,100,0,0,0,0,0,0,0,0,0,0,0,0,0,0,0,0,0,0,0,0,0,0,0,0,0,0,0,0,0,0,0,0,0,0,0,0,0
GF14_a2_d97_colon,99.89767,0,0,0,0,0,0,0,0,0,0,0,0,0,0,0,0,0,0,0,0,0,0,0,0,0,0.10233,0,0,0,0,0,0,0,0,0,0,0
GF14_A3_d32,90.86312,0,3.46083,0,0,0,0,3.71472,0.28614,1.6752,0,0,0,0,0,0,0,0,0,0,0,0,0,0,0,0,0,0,0,0,0,0,0,0,0,0,0,0
GF14_A3_d35_colon,100,0,0,0,0,0,0,0,0,0,0,0,0,0,0,0,0,0,0,0,0,0,0,0,0,0,0,0,0,0,0,0,0,0,0,0,0,0
GF14_a3_d97_colon,100,0,0,0,0,0,0,0,0,0,0,0,0,0,0,0,0,0,0,0,0,0,0,0,0,0,0,0,0,0,0,0,0,0,0,0,0,0
GF14_A4_d32,82.9521,0,0.65815,0,0,0,0,0,0,0.44768,0,15.94207,0,0,0,0,0,0,0,0,0,0,0,0,0,0,0,0,0,0,0,0,0,0,0,0,0,0
GF14_A4_d33,100,0,0,0,0,0,0,0,0,0,0,0,0,0,0,0,0,0,0,0,0,0,0,0,0,0,0,0,0,0,0,0,0,0,0,0,0,0
GF14_A4_d34,0,0,0,0,0,0,0,0,100,0,0,0,0,0,0,0,0,0,0,0,0,0,0,0,0,0,0,0,0,0,0,0,0,0,0,0,0,0
GF14_A4_d35_colon,100,0,0,0,0,0,0,0,0,0,0,0,0,0,0,0,0,0,0,0,0,0,0,0,0,0,0,0,0,0,0,0,0,0,0,0,0,0
GF14_A4_d94_stool,99.27111,0,0.55803,0,0,0,0,0,0,0.17085,0,0,0,0,0,0,0,0,0,0,0,0,0,0,0,0,0,0,0,0,0,0,0,0,0,0,0,0
GF14_A4_d95_stool,97.19489,0,1.88787,0,0,0,0,0,0,0.91725,0,0,0,0,0,0,0,0,0,0,0,0,0,0,0,0,0,0,0,0,0,0,0,0,0,0,0,0
GF14_a4_d97_colon,100,0,0,0,0,0,0,0,0,0,0,0,0,0,0,0,0,0,0,0,0,0,0,0,0,0,0,0,0,0,0,0,0,0,0,0,0,0
GF14_A5_d32,97.01045,0,2.06992,0,0,0,0,0,0,0.91964,0,0,0,0,0,0,0,0,0,0,0,0,0,0,0,0,0,0,0,0,0,0,0,0,0,0,0,0
GF14_A5_d35_colon,100,0,0,0,0,0,0,0,0,0,0,0,0,0,0,0,0,0,0,0,0,0,0,0,0,0,0,0,0,0,0,0,0,0,0,0,0,0
GF14_A5_d94_stool,99.47523,0,0.46952,0,0,0,0,0,0,0.05525,0,0,0,0,0,0,0,0,0,0,0,0,0,0,0,0,0,0,0,0,0,0,0,0,0,0,0,0
GF14_A5_d96_16_stool,93.47314,0,2.7084,0,0,0,0,2.55127,0,1.26719,0,0,0,0,0,0,0,0,0,0,0,0,0,0,0,0,0,0,0,0,0,0,0,0,0,0,0,0
GF14_A5_d96_stool,95.12579,0,3.71285,0,0,0,0,0.01665,0,1.14471,0,0,0,0,0,0,0,0,0,0,0,0,0,0,0,0,0,0,0,0,0,0,0,0,0,0,0,0
GF14_a5_d97_colon,79.14582,0,0,0,0,0,0,0,0,0,0,20.85418,0,0,0,0,0,0,0,0,0,0,0,0,0,0,0,0,0,0,0,0,0,0,0,0,0,0
GF14_A6_d34_colon,97.5659,0,0,0,0,0,0,0.29983,2.13427,0,0,0,0,0,0,0,0,0,0,0,0,0,0,0,0,0,0,0,0,0,0,0,0,0,0,0,0,0
GF14_A6_d94_stool,99.48072,0,0.20431,0,0,0,0,0,0,0.31496,0,0,0,0,0,0,0,0,0,0,0,0,0,0,0,0,0,0,0,0,0,0,0,0,0,0,0,0
GF14_A6_d95_stool,91.58897,0,5.30356,0,0,0,0,1.18258,0,1.90467,0,0,0.02022,0,0,0,0,0,0,0,0,0,0,0,0,0,0,0,0,0,0,0,0,0,0,0,0,0
GF14_A6_d96_16_stool,86.65079,0,7.27114,0,0,0,0,3.14374,0,2.93432,0,0,0,0,0,0,0,0,0,0,0,0,0,0,0,0,0,0,0,0,0,0,0,0,0,0,0,0
GF14_a6_d97_colon,100,0,0,0,0,0,0,0,0,0,0,0,0,0,0,0,0,0,0,0,0,0,0,0,0,0,0,0,0,0,0,0,0,0,0,0,0,0
GF14_A7_d32,97.37702,0,1.82126,0,0,0,0,0.04273,0,0.75899,0,0,0,0,0,0,0,0,0,0,0,0,0,0,0,0,0,0,0,0,0,0,0,0,0,0,0,0
GF14_A7_d34,100,0,0,0,0,0,0,0,0,0,0,0,0,0,0,0,0,0,0,0,0,0,0,0,0,0,0,0,0,0,0,0,0,0,0,0,0,0
GF14_A7_d35_colon,100,0,0,0,0,0,0,0,0,0,0,0,0,0,0,0,0,0,0,0,0,0,0,0,0,0,0,0,0,0,0,0,0,0,0,0,0,0
GF14_A7_d94_stool,98.2903,0,1.47639,0,0,0,0,0,0,0.23331,0,0,0,0,0,0,0,0,0,0,0,0,0,0,0,0,0,0,0,0,0,0,0,0,0,0,0,0
GF14_A7_d95_stool,95.99543,0,3.49862,0,0,0,0,0,0,0.43687,0,0,0.06908,0,0,0,0,0,0,0,0,0,0,0,0,0,0,0,0,0,0,0,0,0,0,0,0,0
GF14_a7_d97_colon,100,0,0,0,0,0,0,0,0,0,0,0,0,0,0,0,0,0,0,0,0,0,0,0,0,0,0,0,0,0,0,0,0,0,0,0,0,0
GF14_A8_d94_stool,97.91688,0,1.21742,0,0,0,0,0.53312,0,0.33258,0,0,0,0,0,0,0,0,0,0,0,0,0,0,0,0,0,0,0,0,0,0,0,0,0,0,0,0
GF14_A8_d96_16_stool,88.138,0,5.75819,0,0,0,0,3.78781,0,2.316,0,0,0,0,0,0,0,0,0,0,0,0,0,0,0,0,0,0,0,0,0,0,0,0,0,0,0,0
GF14_A8_d96_stool,92.983,0,4.85701,0,0,0,0,0.28418,0,1.56016,0,0,0.31565,0,0,0,0,0,0,0,0,0,0,0,0,0,0,0,0,0,0,0,0,0,0,0,0,0
GF14_a8_d97_colon,100,0,0,0,0,0,0,0,0,0,0,0,0,0,0,0,0,0,0,0,0,0,0,0,0,0,0,0,0,0,0,0,0,0,0,0,0,0
GF14_Adam_d18_stool,14.05918,0,6.77855,0,0,0,0,42.8017,26.91145,4.58181,0,3.98759,0.87973,0,0,0,0,0,0,0,0,0,0,0,0,0,0,0,0,0,0,0,0,0,0,0,0,0
GF14_Adam_d5_stool,11.09418,0,5.1,0,0,0,0,61.62178,16.39493,2.22822,0,2.89289,0.668,0,0,0,0,0,0,0,0,0,0,0,0,0,0,0,0,0,0,0,0,0,0,0,0,0
GF14_Adam_d51_stool,9.37184,0,6.03345,0,0,0,0,49.10988,27.62716,4.57454,0,3.28313,0,0,0,0,0,0,0,0,0,0,0,0,0,0,0,0,0,0,0,0,0,0,0,0,0,0
GF14_Adam_d59_stool,9.31823,0,6.21892,0,0,0,0,57.79272,18.08584,5.32832,0,2.87529,0.38067,0,0,0,0,0,0,0,0,0,0,0,0,0,0,0,0,0,0,0,0,0,0,0,0,0
GF14_Adam_d78_stool,7.09174,0,6.5562,0,0,0,0,40.03623,35.02377,6.94034,0,4.35172,0,0,0,0,0,0,0,0,0,0,0,0,0,0,0,0,0,0,0,0,0,0,0,0,0,0
GF14_Adam_d9_stool,23.90099,0,3.52683,0,0,0,0,46.59312,17.95051,4.39667,0,3.62835,0.00354,0,0,0,0,0,0,0,0,0,0,0,0,0,0,0,0,0,0,0,0,0,0,0,0,0
GF14_B_d66_stool,8.72137,0,5.73874,0,0,0,0,40.5898,35.24264,7.63244,0,2.07501,0,0,0,0,0,0,0,0,0,0,0,0,0,0,0,0,0,0,0,0,0,0,0,0,0,0
GF14_B_d78_stool,6.00632,0,4.43228,0,0,0,0,38.89998,39.48616,8.74136,0,2.4339,0,0,0,0,0,0,0,0,0,0,0,0,0,0,0,0,0,0,0,0,0,0,0,0,0,0
GF14_b1_d95_colon,100,0,0,0,0,0,0,0,0,0,0,0,0,0,0,0,0,0,0,0,0,0,0,0,0,0,0,0,0,0,0,0,0,0,0,0,0,0
GF14_b2_d95_colon,32.49755,0,5.94076,0,0,0,0,12.35318,37.69838,11.51013,0,0,0,0,0,0,0,0,0,0,0,0,0,0,0,0,0,0,0,0,0,0,0,0,0,0,0,0
GF14_b3_d95_colon,48.2305,0,0,0,0,0,0,32.47775,8.63203,10.65972,0,0,0,0,0,0,0,0,0,0,0,0,0,0,0,0,0,0,0,0,0,0,0,0,0,0,0,0
GF14_Bdam_d18_stool,8.31652,0,9.03343,0,0,0,0,41.58484,23.43233,9.91037,0,6.96416,0.75837,0,0,0,0,0,0,0,0,0,0,0,0,0,0,0,0,0,0,0,0,0,0,0,0,0
GF14_Bdam_d5_stool,27.44477,0,6.94894,0,0,0,0,29.60438,30.35385,3.17737,0,2.4707,0,0,0,0,0,0,0,0,0,0,0,0,0,0,0,0,0,0,0,0,0,0,0,0,0,0
GF14_Bdam_d51_stool,16.34415,0,7.37848,0,0,0,0,42.74403,28.53039,3.1977,0,1.80524,0,0,0,0,0,0,0,0,0,0,0,0,0,0,0,0,0,0,0,0,0,0,0,0,0,0
GF14_Bdam_d59_stool,8.49469,0,5.20796,0,0,0,0,48.3813,27.14232,9.68139,0,1.09234,0,0,0,0,0,0,0,0,0,0,0,0,0,0,0,0,0,0,0,0,0,0,0,0,0,0
GF14_Bdam_d9_stool,16.51439,0,8.90012,0,0,0,0,50.00452,16.34638,5.56272,0,2.65755,0.01433,0,0,0,0,0,0,0,0,0,0,0,0,0,0,0,0,0,0,0,0,0,0,0,0,0
GF14_C_d66_stool,13.85093,0,7.21346,0,0,0,0,24.62136,39.7526,2.14018,0,3.9221,0.65364,0,7.84573,0,0,0,0,0,0,0,0,0,0,0,0,0,0,0,0,0,0,0,0,0,0,0
GF14_c_d78_stool,7.60701,0,5.29997,0,0,0,0,38.07421,36.15565,5.49967,0,3.00886,0,0,4.35464,0,0,0,0,0,0,0,0,0,0,0,0,0,0,0,0,0,0,0,0,0,0,0
GF14_c1_d130_colon,99.43245,0,0.33654,0,0,0,0,0,0,0.23102,0,0,0,0,0,0,0,0,0,0,0,0,0,0,0,0,0,0,0,0,0,0,0,0,0,0,0,0
GF14_c2_d130_colon,96.39885,0,0.16994,0,0,0,0,0,0,0,0,3.4312,0,0,0,0,0,0,0,0,0,0,0,0,0,0,0,0,0,0,0,0,0,0,0,0,0,0
GF14_c3_d130_colon,99.96666,0,0.03334,0,0,0,0,0,0,0,0,0,0,0,0,0,0,0,0,0,0,0,0,0,0,0,0,0,0,0,0,0,0,0,0,0,0,0
GF14_Cdam_d18_stool,7.03101,0,6.1202,0,0,0,0,32.7715,35.31689,10.31021,0,2.84631,0.0235,0,5.58039,0,0,0,0,0,0,0,0,0,0,0,0,0,0,0,0,0,0,0,0,0,0,0
GF14_cdam_d5_stool,10.90137,0,9.95007,0,0,0,0,44.73751,17.50428,8.31171,0,8.57699,0.01807,0,0,0,0,0,0,0,0,0,0,0,0,0,0,0,0,0,0,0,0,0,0,0,0,0
GF14_Cdam_d51_stool,10.5792,0,6.12291,0,0,0,0,32.40084,42.7824,3.8338,0,2.21572,0.5365,0,1.52863,0,0,0,0,0,0,0,0,0,0,0,0,0,0,0,0,0,0,0,0,0,0,0
GF14_Cdam_d59_stool,4.46698,0,4.19106,0,0,0,0,51.27871,28.73868,4.07586,0,3.8904,0.27361,0,3.0847,0,0,0,0,0,0,0,0,0,0,0,0,0,0,0,0,0,0,0,0,0,0,0
GF14_Cdam_d9_stool,11.84187,0,10.76301,0,0,0,0,37.88167,25.97501,5.58936,0,6.81397,0.81865,0,0.31647,0,0,0,0,0,0,0,0,0,0,0,0,0,0,0,0,0,0,0,0,0,0,0
GF14_d67_A1_stool,95.83378,0,0.18321,0,0,0,0,0,0,0,0,3.98301,0,0,0,0,0,0,0,0,0,0,0,0,0,0,0,0,0,0,0,0,0,0,0,0,0,0
GF14_d67_A3_stool,100,0,0,0,0,0,0,0,0,0,0,0,0,0,0,0,0,0,0,0,0,0,0,0,0,0,0,0,0,0,0,0,0,0,0,0,0,0
GF14_d67_A4_stool,99.16521,0,0,0,0,0,0,0,0,0,0,0.83479,0,0,0,0,0,0,0,0,0,0,0,0,0,0,0,0,0,0,0,0,0,0,0,0,0,0
GF14_d67_A5_stool,100,0,0,0,0,0,0,0,0,0,0,0,0,0,0,0,0,0,0,0,0,0,0,0,0,0,0,0,0,0,0,0,0,0,0,0,0,0
GF14_d67_A6_stool,92.29955,0,0,0,0,0,0,0,0,0,0,7.70045,0,0,0,0,0,0,0,0,0,0,0,0,0,0,0,0,0,0,0,0,0,0,0,0,0,0
GF14_d67_A7_stool,57.30991,0,0,0,0,0,0,0,0,0,0,42.69009,0,0,0,0,0,0,0,0,0,0,0,0,0,0,0,0,0,0,0,0,0,0,0,0,0,0
GF14_d67_A8_stool,100,0,0,0,0,0,0,0,0,0,0,0,0,0,0,0,0,0,0,0,0,0,0,0,0,0,0,0,0,0,0,0,0,0,0,0,0,0
GF14_d67_A9_stool,100,0,0,0,0,0,0,0,0,0,0,0,0,0,0,0,0,0,0,0,0,0,0,0,0,0,0,0,0,0,0,0,0,0,0,0,0,0
GF14_d68_A1_colon,100,0,0,0,0,0,0,0,0,0,0,0,0,0,0,0,0,0,0,0,0,0,0,0,0,0,0,0,0,0,0,0,0,0,0,0,0,0
GF14_d68_A10_colon,99.26074,0,0.58004,0,0,0,0,0,0,0.15921,0,0,0,0,0,0,0,0,0,0,0,0,0,0,0,0,0,0,0,0,0,0,0,0,0,0,0,0
GF14_d68_A2_colon,100,0,0,0,0,0,0,0,0,0,0,0,0,0,0,0,0,0,0,0,0,0,0,0,0,0,0,0,0,0,0,0,0,0,0,0,0,0
GF14_d68_A3_colon,100,0,0,0,0,0,0,0,0,0,0,0,0,0,0,0,0,0,0,0,0,0,0,0,0,0,0,0,0,0,0,0,0,0,0,0,0,0
GF14_d68_A4_colon,98.00824,0,1.28748,0,0,0,0,0,0,0,0,0.70428,0,0,0,0,0,0,0,0,0,0,0,0,0,0,0,0,0,0,0,0,0,0,0,0,0,0
GF14_d68_A5_colon,96.90111,0,0,0,0,0,0,0,0,0,0,3.09889,0,0,0,0,0,0,0,0,0,0,0,0,0,0,0,0,0,0,0,0,0,0,0,0,0,0
GF14_d68_A6_colon,100,0,0,0,0,0,0,0,0,0,0,0,0,0,0,0,0,0,0,0,0,0,0,0,0,0,0,0,0,0,0,0,0,0,0,0,0,0
GF14_d68_A7_colon,80.52224,0,0,0,0,0,0,0,0,0,0,19.47776,0,0,0,0,0,0,0,0,0,0,0,0,0,0,0,0,0,0,0,0,0,0,0,0,0,0
GF14_d68_A8_colon,100,0,0,0,0,0,0,0,0,0,0,0,0,0,0,0,0,0,0,0,0,0,0,0,0,0,0,0,0,0,0,0,0,0,0,0,0,0
GF14_d68_A9_colon,100,0,0,0,0,0,0,0,0,0,0,0,0,0,0,0,0,0,0,0,0,0,0,0,0,0,0,0,0,0,0,0,0,0,0,0,0,0
GF14_d89_B1_stool,96.01039,0,3.04599,0,0,0,0,0,0,0.94362,0,0,0,0,0,0,0,0,0,0,0,0,0,0,0,0,0,0,0,0,0,0,0,0,0,0,0,0
GF14_d89_B2_stool,97.56582,0,1.35039,0,0,0,0,0,0,1.08379,0,0,0,0,0,0,0,0,0,0,0,0,0,0,0,0,0,0,0,0,0,0,0,0,0,0,0,0
GF14_d89_B3_stool,97.47673,0,1.33721,0,0,0,0,0,0,1.18606,0,0,0,0,0,0,0,0,0,0,0,0,0,0,0,0,0,0,0,0,0,0,0,0,0,0,0,0
GF14_d90_B2_stool,95.57156,0,3.39684,0,0,0,0,0,0,1.0316,0,0,0,0,0,0,0,0,0,0,0,0,0,0,0,0,0,0,0,0,0,0,0,0,0,0,0,0
GF14_d90_B3_stool,95.21931,0,2.19814,0,0,0,0,0,0.55081,2.03174,0,0,0,0,0,0,0,0,0,0,0,0,0,0,0,0,0,0,0,0,0,0,0,0,0,0,0,0
GF14_d91_B2_stool,98.46693,0,0.93926,0,0,0,0,0.05535,0,0.53846,0,0,0,0,0,0,0,0,0,0,0,0,0,0,0,0,0,0,0,0,0,0,0,0,0,0,0,0
GF14_INOC,66.42928,0,7.39196,0,0,0,0,5.89817,6.1927,2.27819,11.2748,0.26793,0,0,0.07584,0,0,0,0,0,0,0,0.19114,0,0,0,0,0,0,0,0,0,0,0,0,0,0,0
GF15_A_Dam_d21,2.36049,0,0.81905,0,0,0,0,23.45158,0,2.79447,0.26832,0,1.05869,0,7.98748,0,0,0,0,0,0,0,0,0,0,61.25992,0,0,0,0,0,0,0,0,0,0,0,0
GF15_a1_d106_stool,92.50055,0,4.41948,0,0,0,0,0.31706,0,0.40276,0,0,0,0,0,0,0,0,0,0,0,0,0,0,0,2.36014,0,0,0,0,0,0,0,0,0,0,0,0
GF15_A1_d108_colon,100,0,0,0,0,0,0,0,0,0,0,0,0,0,0,0,0,0,0,0,0,0,0,0,0,0,0,0,0,0,0,0,0,0,0,0,0,0
GF15_A1_d35_colon,100,0,0,0,0,0,0,0,0,0,0,0,0,0,0,0,0,0,0,0,0,0,0,0,0,0,0,0,0,0,0,0,0,0,0,0,0,0
GF15_A1_d72_stool,85.4184,0,4.5672,0,0,0,0,6.74183,0,1.44116,0,0,0,0,0,0,0,0,0,0,0,0,0,0,0,1.83142,0,0,0,0,0,0,0,0,0,0,0,0
GF15_a2_d105_stool,81.25841,0,8.60455,0,0,0,0,0.7381,0,0.344,0,0,0,0,0,0,0,0,0,0,0,0,0,0,0,9.05494,0,0,0,0,0,0,0,0,0,0,0,0
GF15_a2_d106_stool,67.08513,0,13.16808,0,0,0,0,12.23492,0,1.58604,0,0,0,0,0,0,0,0,0,0,0,0,0,0,0,5.92582,0,0,0,0,0,0,0,0,0,0,0,0
GF15_A2_d108_colon,99.00675,0,0,0,0,0,0,0,0,0,0,0,0,0,0,0,0,0,0,0,0,0,0,0,0,0.99325,0,0,0,0,0,0,0,0,0,0,0,0
GF15_A2_d32,100,0,0,0,0,0,0,0,0,0,0,0,0,0,0,0,0,0,0,0,0,0,0,0,0,0,0,0,0,0,0,0,0,0,0,0,0,0
GF15_a3_d105_stool,84.95119,0,3.36545,0,0,0,0,0,0,0,0,0,0,0,0,0,0,0,0,0,0,0,0,0,0,11.68336,0,0,0,0,0,0,0,0,0,0,0,0
GF15_A3_d108_colon,87.8533,0,0,0,0,0,0,0,0,0,0,10.43503,0,0,0,0,0,0,0,0,0,0,0,0,0,1.71166,0,0,0,0,0,0,0,0,0,0,0,0
GF15_A3_d32,100,0,0,0,0,0,0,0,0,0,0,0,0,0,0,0,0,0,0,0,0,0,0,0,0,0,0,0,0,0,0,0,0,0,0,0,0,0
GF15_A3_d35_colon,0,0,0,0,0,0,0,0,0,0,0,0,0,0,0,0,0,0,0,0,0,0,0,0,0,100,0,0,0,0,0,0,0,0,0,0,0,0
GF15_a4_d105_stool,98.71458,0,0.51238,0,0,0,0,0,0,0,0,0,0,0,0,0,0,0,0,0,0,0,0,0,0,0.77304,0,0,0,0,0,0,0,0,0,0,0,0
GF15_A4_d108_colon,17.61284,0,0,0,0,0,0,0,0,0,0,80.9966,0,0,0,0,0,0,0,0,0,0,0,0,0,1.39055,0,0,0,0,0,0,0,0,0,0,0,0
GF15_A4_d32,92.30685,0,3.45339,0,0,0,0,0.68785,0,1.07288,0,0,0.00641,0,0,0,0,0,0,0,0,0,0,0,0,2.47262,0,0,0,0,0,0,0,0,0,0,0,0
GF15_a5_d105_stool,82.63935,0,11.3649,0,0,0,0,3.00856,0,0.86007,0,0,0,0,0,0,0,0,0,0,0,0,0,0,0,2.12712,0,0,0,0,0,0,0,0,0,0,0,0
GF15_A5_d108_colon,98.65987,0,0,0,0,0,0,0,0,0,0,0,0,0,0,0,0,0,0,0,0,0,0,0,0,1.34013,0,0,0,0,0,0,0,0,0,0,0,0
GF15_A5_d32,95.62298,0,0.45719,0,0,0,0,1.39342,0,1.12285,0,0,0,0,0,0,0,0,0,0,0,0,0,0,0,1.40356,0,0,0,0,0,0,0,0,0,0,0,0
GF15_A5_d35_colon,0,0,100,0,0,0,0,0,0,0,0,0,0,0,0,0,0,0,0,0,0,0,0,0,0,0,0,0,0,0,0,0,0,0,0,0,0,0
GF15_a6_d105_stool,94.32022,0,5.05005,0,0,0,0,0,0,0.0524,0,0,0,0,0,0,0,0,0,0,0,0,0,0,0,0.57734,0,0,0,0,0,0,0,0,0,0,0,0
GF15_A6_d108_colon,97.13518,0,0,0,0,0,0,0,0,0,0,2.86482,0,0,0,0,0,0,0,0,0,0,0,0,0,0,0,0,0,0,0,0,0,0,0,0,0,0
GF15_A6_d32_colon,100,0,0,0,0,0,0,0,0,0,0,0,0,0,0,0,0,0,0,0,0,0,0,0,0,0,0,0,0,0,0,0,0,0,0,0,0,0
GF15_A7_d108_colon,94.6759,0,0,0,0,0,0,0,0,0,0,0,0,0,0,0,0,0,0,0,0,0,0,0,0,5.3241,0,0,0,0,0,0,0,0,0,0,0,0
GF15_a7_d74_colon,0,0,0,0,0,0,0,0,0,0,0,0,0,0,0,0,0,0,0,0,0,0,0,0,0,0,100,0,0,0,0,0,0,0,0,0,0,0
GF15_a8_d105_stool,85.81328,0,6.05234,0,0,0,0,6.3485,0,1.29921,0,0,0,0,0,0,0,0,0,0,0,0,0,0,0,0.48668,0,0,0,0,0,0,0,0,0,0,0,0
GF15_A8_d108_colon,44.71665,0,0,0,0,0,0,0,0,0,0,54.0379,0,0,0,0,0,0,0,0,0,0,0,0,0,1.24545,0,0,0,0,0,0,0,0,0,0,0,0
GF15_a9_d105_stool,97.35575,0,1.7087,0,0,0,0,0.29383,0,0.21671,0,0,0,0,0,0,0,0,0,0,0,0,0,0,0,0.425,0,0,0,0,0,0,0,0,0,0,0,0
GF15_a9_d106_stool,82.55986,0,8.86175,0,0,0,0,5.25043,0,1.1406,0,0,0,0,0,0,0,0,0,0,0,0,0,0,0,2.18737,0,0,0,0,0,0,0,0,0,0,0,0
GF15_A9_d108_colon,98.70839,0,0,0,0,0,0,0,0,0,0,0,0,0,0,0,0,0,0,0,0,0,0,0,0,1.29161,0,0,0,0,0,0,0,0,0,0,0,0
GF15_adam_d11_stool,2.72679,0,2.95342,0,0,0,0,8.62372,0,2.05621,0,0,1.03901,0,7.16306,0,0,0,0,0,0,0,0,0,0,75.43778,0,0,0,0,0,0,0,0,0,0,0,0
GF15_adam_d18_stool,3.5294,0,2.66475,0,0,0,0,13.80111,0,2.95245,0.67038,0.03817,0.88379,0,6.8009,0,0,0,0,0,0,0,0,0,0,68.65905,0,0,0,0,0,0,0,0,0,0,0,0
GF15_Adam_d5_stool,3.08409,0,1.77612,0,0,0,0,10.61676,0,1.84964,0,0.75482,0.92458,0,7.28403,0,0,0,0,0,0,0,0,0,0,73.70994,0,0,0,0,0,0,0,0,0,0,0,0
GF15_b_d5_stool,0,0,0,0,0,0,0,0,0,0,0,0,0,0,0,0,0,0,0,0,0,0,0,0,0,0,100,0,0,0,0,0,0,0,0,0,0,0
GF15_B1_d32,89.43693,0,3.31209,0,0,0,0,3.23806,0,1.39478,0,0,0,0,0,0,0,0,0,0,0,0,0,0,0,2.61814,0,0,0,0,0,0,0,0,0,0,0,0
GF15_B1_d35_colon,80.80822,0,0,0,0,0,0,0,0,0,0,19.19178,0,0,0,0,0,0,0,0,0,0,0,0,0,0,0,0,0,0,0,0,0,0,0,0,0,0
GF15_B1_d94_stool,98.91072,0,0.96787,0,0,0,0,0,0,0,0,0,0,0,0,0,0,0,0,0,0,0,0,0,0,0.12142,0,0,0,0,0,0,0,0,0,0,0,0
GF15_b1_d97_colon,90.79587,0,0,0,0,0,0,0,0,0,0,9.20413,0,0,0,0,0,0,0,0,0,0,0,0,0,0,0,0,0,0,0,0,0,0,0,0,0,0
GF15_b10_d94_stool,100,0,0,0,0,0,0,0,0,0,0,0,0,0,0,0,0,0,0,0,0,0,0,0,0,0,0,0,0,0,0,0,0,0,0,0,0,0
GF15_B10_d97_colon,91.36118,0,0,0,0,0,0,0,0,0,0,8.63882,0,0,0,0,0,0,0,0,0,0,0,0,0,0,0,0,0,0,0,0,0,0,0,0,0,0
GF15_B2_d32,91.90997,0,2.10123,0,0,0,0,2.53416,0,1.35143,0,0,0,0,0,0,0,0,0,0,0,0,0,0,0,2.10322,0,0,0,0,0,0,0,0,0,0,0,0
GF15_B2_d33,90.10683,0,2.33712,0,0,0,0,4.00589,0,0.57595,0,0,0,0,0,0,0,0,0,0,0,0,0,0,0,2.97421,0,0,0,0,0,0,0,0,0,0,0,0
GF15_B2_d35_colon,70.05452,0,0,0,0,0,0,0,0,0,0,29.94548,0,0,0,0,0,0,0,0,0,0,0,0,0,0,0,0,0,0,0,0,0,0,0,0,0,0
GF15_b2_d94_stool,95.71565,0,3.97744,0,0,0,0,0,0,0,0,0,0,0,0,0,0,0,0,0,0,0,0,0,0,0.30691,0,0,0,0,0,0,0,0,0,0,0,0
GF15_b2_d95_stool,80.46473,0,16.94407,0,0,0,0,1.09603,0,0.39285,0,0,0,0,0,0,0,0,0,0,0,0,0,0,0,1.10231,0,0,0,0,0,0,0,0,0,0,0,0
GF15_b2_d97_colon,80.30445,0,0,0,0,0,0,0,0,0,0,19.69555,0,0,0,0,0,0,0,0,0,0,0,0,0,0,0,0,0,0,0,0,0,0,0,0,0,0
GF15_B3_d34,100,0,0,0,0,0,0,0,0,0,0,0,0,0,0,0,0,0,0,0,0,0,0,0,0,0,0,0,0,0,0,0,0,0,0,0,0,0
GF15_B3_d35_colon,100,0,0,0,0,0,0,0,0,0,0,0,0,0,0,0,0,0,0,0,0,0,0,0,0,0,0,0,0,0,0,0,0,0,0,0,0,0
GF15_b3_d94_stool,99.90739,0,0.09261,0,0,0,0,0,0,0,0,0,0,0,0,0,0,0,0,0,0,0,0,0,0,0,0,0,0,0,0,0,0,0,0,0,0,0
GF15_b3_d97_colon,92.16345,0,0,0,0,0,0,0,0,0,0,7.83655,0,0,0,0,0,0,0,0,0,0,0,0,0,0,0,0,0,0,0,0,0,0,0,0,0,0
GF15_b4_d106_stool,80.60567,0,8.98246,0,0,0,0,6.28735,0,1.75683,0,0.73243,0,0,0,0,0,0,0,0,0,0,0,0,0,1.63526,0,0,0,0,0,0,0,0,0,0,0,0
GF15_B4_d32,92.68832,0,3.94313,0,0,0,0,1.33209,0,0.82911,0,0,0,0,0,0,0,0,0,0,0,0,0,0,0,1.20736,0,0,0,0,0,0,0,0,0,0,0,0
GF15_B4_d33,92.1294,0,3.66062,0,0,0,0,2.14687,0,0.61914,0,0,0,0,0,0,0,0,0,0,0,0,0,0,0,1.44397,0,0,0,0,0,0,0,0,0,0,0,0
GF15_B4_d34,87.05681,0,0,0,0,0,0,0,0,0,0,12.94319,0,0,0,0,0,0,0,0,0,0,0,0,0,0,0,0,0,0,0,0,0,0,0,0,0,0
GF15_B4_d35_colon,66.39107,0,0,0,0,0,0,0,0,0,0,33.51004,0,0,0,0,0,0,0,0,0,0,0,0,0,0.09888,0,0,0,0,0,0,0,0,0,0,0,0
GF15_b4_d96_stool,95.00385,0,0.16208,0,0,0,0,0,0,0.17656,0,4.65751,0,0,0,0,0,0,0,0,0,0,0,0,0,0,0,0,0,0,0,0,0,0,0,0,0,0
GF15_b4_d97_colon,33.63712,0,51.62486,0,0,0,0,0,0,0,0,14.73802,0,0,0,0,0,0,0,0,0,0,0,0,0,0,0,0,0,0,0,0,0,0,0,0,0,0
GF15_b5_d107_stool,90.51324,0,6.31782,0,0,0,0,0.3784,0,1.07375,0,0,0,0,0,0,0,0,0,0,0,0,0,0,0,1.71679,0,0,0,0,0,0,0,0,0,0,0,0
GF15_B5_d32,98.14024,0,0.50869,0,0,0,0,0,0,0,0,0,0,0,0,0,0,0,0,0,0,0,0,0,0,1.35107,0,0,0,0,0,0,0,0,0,0,0,0
GF15_B5_d35_colon,73.22817,0,0,0,0,0,0,0,0,0,0,26.77183,0,0,0,0,0,0,0,0,0,0,0,0,0,0,0,0,0,0,0,0,0,0,0,0,0,0
GF15_b5_d94_stool,99.79318,0,0.06894,0,0,0,0,0,0,0,0,0,0,0,0,0,0,0,0,0,0,0,0,0,0,0.13788,0,0,0,0,0,0,0,0,0,0,0,0
GF15_b5_d95_stool,89.04004,0,4.24791,0,0,0,0,4.58545,0,1.13163,0,0,0,0,0,0,0,0,0,0,0,0,0,0,0,0.99496,0,0,0,0,0,0,0,0,0,0,0,0
GF15_b5_d97_colon,89.26843,0,0,0,0,0,0,0,0,0,0,10.73157,0,0,0,0,0,0,0,0,0,0,0,0,0,0,0,0,0,0,0,0,0,0,0,0,0,0
GF15_B6_d32,99.88526,0,0,0,0,0,0,0,0,0,0,0,0,0,0,0,0,0,0,0,0,0,0,0,0,0.11474,0,0,0,0,0,0,0,0,0,0,0,0
GF15_B6_d34_colon,100,0,0,0,0,0,0,0,0,0,0,0,0,0,0,0,0,0,0,0,0,0,0,0,0,0,0,0,0,0,0,0,0,0,0,0,0,0
GF15_b6_d94_stool,99.74027,0,0.11953,0,0,0,0,0,0,0,0,0,0,0,0,0,0,0,0,0,0,0,0,0,0,0.1402,0,0,0,0,0,0,0,0,0,0,0,0
GF15_b6_d95_stool,99.09885,0,0.76838,0,0,0,0,0,0,0,0,0,0,0,0,0,0,0,0,0,0,0,0,0,0,0.13277,0,0,0,0,0,0,0,0,0,0,0,0
GF15_b6_d97_colon,81.66084,0,0,0,0,0,0,0,0,0,0,18.33916,0,0,0,0,0,0,0,0,0,0,0,0,0,0,0,0,0,0,0,0,0,0,0,0,0,0
GF15_B7_d32,100,0,0,0,0,0,0,0,0,0,0,0,0,0,0,0,0,0,0,0,0,0,0,0,0,0,0,0,0,0,0,0,0,0,0,0,0,0
GF15_B7_d35_colon,100,0,0,0,0,0,0,0,0,0,0,0,0,0,0,0,0,0,0,0,0,0,0,0,0,0,0,0,0,0,0,0,0,0,0,0,0,0
GF15_b7_d97_colon,95.66303,0,0,0,0,0,0,0,0,0,0,4.33697,0,0,0,0,0,0,0,0,0,0,0,0,0,0,0,0,0,0,0,0,0,0,0,0,0,0
GF15_b8_d94_stool,97.50349,0,0.69763,0,0,0,0,0,0,0,0,0,0,0,0,0,0,0,0,0,0,0,0,0,0,1.79888,0,0,0,0,0,0,0,0,0,0,0,0
GF15_b8_d97_colon,81.36153,0,0,0,0,0,0,0,0,0,0,18.63847,0,0,0,0,0,0,0,0,0,0,0,0,0,0,0,0,0,0,0,0,0,0,0,0,0,0
GF15_b9_d106_stool,98.56422,0,0,0,0,0,0,0,0,0.09641,0,0,0,0,0,0,0,0,0,0,0,0,0,0,0,1.33937,0,0,0,0,0,0,0,0,0,0,0,0
GF15_b9_d94_stool,95.69458,0,3.03297,0,0,0,0,0,0,0,0,0,0,0,0,0,0,0,0,0,0,0,0,0,0,1.27245,0,0,0,0,0,0,0,0,0,0,0,0
GF15_B9_d97_colon,89.79733,0,0,0,0,0,0,0,0,0,0,10.20267,0,0,0,0,0,0,0,0,0,0,0,0,0,0,0,0,0,0,0,0,0,0,0,0,0,0
GF15_bdam_d18_stool,3.8883,0,3.98613,0,0,0,0,20.77603,0,4.08736,0.46012,0.53098,0.52792,0,8.15404,0,0,0,0,0,0,0,0,0,0,57.58911,0,0,0,0,0,0,0,0,0,0,0,0
GF15_c_d18_stool,3.69203,0,4.94038,0,0,0,0,14.25133,0,2.15001,0.24183,0.10092,1.63481,0,8.85879,0,0,0,0,0,0,0,0,0,0,64.12989,0,0,0,0,0,0,0,0,0,0,0,0
GF15_c1_d105_stool,98.1717,0,1.8283,0,0,0,0,0,0,0,0,0,0,0,0,0,0,0,0,0,0,0,0,0,0,0,0,0,0,0,0,0,0,0,0,0,0,0
GF15_c1_d108_colon,89.98966,0,0.20128,0,0,0,0,0,0,0,0,9.05417,0,0,0,0,0,0,0,0,0,0,0,0,0,0.75489,0,0,0,0,0,0,0,0,0,0,0,0
GF15_C1_d36,53.2484,0,42.93361,0,0,0,0,0,0,0,0,3.24449,0,0,0,0,0,0,0,0,0,0,0,0,0,0.57349,0,0,0,0,0,0,0,0,0,0,0,0
GF15_C1_d37,77.06393,0,11.87903,0,0,0,0,0,0,0,0,8.92363,0,0,0,0,0,0,0,0,0,0,0,0,0,2.13341,0,0,0,0,0,0,0,0,0,0,0,0
GF15_C1_d39_colon,100,0,0,0,0,0,0,0,0,0,0,0,0,0,0,0,0,0,0,0,0,0,0,0,0,0,0,0,0,0,0,0,0,0,0,0,0,0
GF15_c1_d74_colon,100,0,0,0,0,0,0,0,0,0,0,0,0,0,0,0,0,0,0,0,0,0,0,0,0,0,0,0,0,0,0,0,0,0,0,0,0,0
GF15_c2_d105_stool,95.43287,0,4.48893,0,0,0,0,0,0,0,0,0,0,0,0,0,0,0,0,0,0,0,0,0,0,0.0782,0,0,0,0,0,0,0,0,0,0,0,0
GF15_c2_d108_colon,92.87091,0,0.1436,0,0,0,0,0,0,0,0,5.94907,0,0,0,0,0,0,0,0,0,0,0,0,0,1.03642,0,0,0,0,0,0,0,0,0,0,0,0
GF15_C2_d36,90.78979,0,9.21021,0,0,0,0,0,0,0,0,0,0,0,0,0,0,0,0,0,0,0,0,0,0,0,0,0,0,0,0,0,0,0,0,0,0,0
GF15_C2_d37,88.7058,0,8.73129,0,0,0,0,0.08891,0,0.33382,0,0.86838,0,0,0,0,0,0,0,0,0,0,0,0,0,1.27179,0,0,0,0,0,0,0,0,0,0,0,0
GF15_C2_d39_colon,98.48788,0,0,0,0,0,0,0,0,0,0,1.51212,0,0,0,0,0,0,0,0,0,0,0,0,0,0,0,0,0,0,0,0,0,0,0,0,0,0
GF15_c2_d73_16_stool,100,0,0,0,0,0,0,0,0,0,0,0,0,0,0,0,0,0,0,0,0,0,0,0,0,0,0,0,0,0,0,0,0,0,0,0,0,0
GF15_c2_d74_colon,100,0,0,0,0,0,0,0,0,0,0,0,0,0,0,0,0,0,0,0,0,0,0,0,0,0,0,0,0,0,0,0,0,0,0,0,0,0
GF15_c3_d108_colon,91.0777,0,0,0,0,0,0,0,0,0,0,8.10183,0,0,0,0,0,0,0,0,0,0,0,0,0,0.82048,0,0,0,0,0,0,0,0,0,0,0,0
GF15_C3_d36,91.88862,0,7.48336,0,0,0,0,0,0,0,0,0,0,0,0,0,0,0,0,0,0,0,0,0,0,0.62802,0,0,0,0,0,0,0,0,0,0,0,0
GF15_C3_d39_colon,97.39678,0,0,0,0,0,0,0,0,0,0,2.60322,0,0,0,0,0,0,0,0,0,0,0,0,0,0,0,0,0,0,0,0,0,0,0,0,0,0
GF15_c4_d105_stool,86.1993,0,9.97681,0,0,0,0,2.64739,0,0.76179,0,0,0,0,0,0,0,0,0,0,0,0,0,0,0,0.41471,0,0,0,0,0,0,0,0,0,0,0,0
GF15_c4_d108_colon,91.50732,0,0.01964,0,0,0,0,0,0,0,0,7.56501,0,0,0,0,0,0,0,0,0,0,0,0,0,0.8676,0.04043,0,0,0,0,0,0,0,0,0,0,0
GF15_C4_d36,96.88458,0,2.46018,0,0,0,0,0,0,0,0,0.06298,0,0,0,0,0,0,0,0,0,0,0,0,0,0.59226,0,0,0,0,0,0,0,0,0,0,0,0
GF15_C4_d37,95.96592,0,2.15759,0,0,0,0,0.14394,0,0.12729,0,0.18451,0,0,0,0,0,0,0,0,0,0,0,0,0,1.42075,0,0,0,0,0,0,0,0,0,0,0,0
GF15_C4_d38,98.21343,0,0,0,0,0,0,0,0,0,0,1.78657,0,0,0,0,0,0,0,0,0,0,0,0,0,0,0,0,0,0,0,0,0,0,0,0,0,0
GF15_C4_d39_colon,94.83013,0,0,0,0,0,0,0,0,0,0,5.16987,0,0,0,0,0,0,0,0,0,0,0,0,0,0,0,0,0,0,0,0,0,0,0,0,0,0
GF15_c4_d73_stool,99.66445,0,0.25995,0,0,0,0,0,0,0,0,0,0,0,0,0,0,0,0,0,0,0,0,0,0,0.0756,0,0,0,0,0,0,0,0,0,0,0,0
GF15_c4_d74_colon,100,0,0,0,0,0,0,0,0,0,0,0,0,0,0,0,0,0,0,0,0,0,0,0,0,0,0,0,0,0,0,0,0,0,0,0,0,0
GF15_c5_d105_stool,92.40176,0,6.16041,0,0,0,0,0,0,0.10842,0,0,0,0,0,0,0,0,0,0,0,0,0,0,0,1.3294,0,0,0,0,0,0,0,0,0,0,0,0
GF15_c5_d108_colon,84.79011,0,0,0,0,0,0,0,0,0,0,13.18964,0,0,0,0,0,0,0,0,0,0,0,0,0,2.02025,0,0,0,0,0,0,0,0,0,0,0,0
GF15_C5_d36,65.20024,0,29.15074,0,0,0,0,0,0,0,0,5.54038,0,0,0,0,0,0,0,0,0,0,0,0,0,0.10864,0,0,0,0,0,0,0,0,0,0,0,0
GF15_C5_d37,68.04368,0,20.72677,0,0,0,0,0,0,0,0,10.35275,0,0,0,0,0,0,0,0,0,0,0,0,0,0.8768,0,0,0,0,0,0,0,0,0,0,0,0
GF15_C5_d39_colon,99.17635,0,0,0,0,0,0,0,0,0,0,0.82365,0,0,0,0,0,0,0,0,0,0,0,0,0,0,0,0,0,0,0,0,0,0,0,0,0,0
GF15_c5_d71_stool,20.0779,0,6.72639,0,0,0,0,0,0,0.04034,0,0,0,0,0,0,0,0,0,0,0,0,0,0,0,73.15538,0,0,0,0,0,0,0,0,0,0,0,0
GF15_c5_d74_colon,100,0,0,0,0,0,0,0,0,0,0,0,0,0,0,0,0,0,0,0,0,0,0,0,0,0,0,0,0,0,0,0,0,0,0,0,0,0
GF15_c6_d105_stool,94.4705,0,5.31141,0,0,0,0,0,0,0.10229,0,0,0,0,0,0,0,0,0,0,0,0,0,0,0,0.1158,0,0,0,0,0,0,0,0,0,0,0,0
GF15_c6_d108_colon,93.2184,0,0,0,0,0,0,0,0,0,0,4.20019,0,0,0,0,0,0,0,0,0,0,0,0,0,2.58141,0,0,0,0,0,0,0,0,0,0,0,0
GF15_C6_d36,90.43445,0,8.03343,0,0,0,0,0,0,0,0,1.13542,0,0,0,0,0,0,0,0,0,0,0,0,0,0.3967,0,0,0,0,0,0,0,0,0,0,0,0
GF15_C6_d39_colon,89.49206,0,0,0,0,0,0,0,0,0,0,10.50794,0,0,0,0,0,0,0,0,0,0,0,0,0,0,0,0,0,0,0,0,0,0,0,0,0,0
GF15_c6_d71_stool,97.17756,0,0.38699,0,0,0,0,0,0,0,0,0,0,0,0,0,0,0,0,0,0,0,0,0,0,2.43546,0,0,0,0,0,0,0,0,0,0,0,0
GF15_C6_d72_stool,98.0767,0,0.74597,0,0,0,0,0,0,0,0,0,0,0,0,0,0,0,0,0,0,0,0,0,0,1.17734,0,0,0,0,0,0,0,0,0,0,0,0
GF15_c6_d74_colon,100,0,0,0,0,0,0,0,0,0,0,0,0,0,0,0,0,0,0,0,0,0,0,0,0,0,0,0,0,0,0,0,0,0,0,0,0,0
GF15_c7_d105_stool,99.32134,0,0.67866,0,0,0,0,0,0,0,0,0,0,0,0,0,0,0,0,0,0,0,0,0,0,0,0,0,0,0,0,0,0,0,0,0,0,0
GF15_c7_d108_colon,72.30955,0,0,0,0,0,0,0,0,0,0,25.69923,0,0,0,0,0,0,0,0,0,0,0,0,0,1.99122,0,0,0,0,0,0,0,0,0,0,0,0
GF15_c7_d72_stool,97.22642,0,0.6453,0,0,0,0,0,0,0,0,0,0,0,0,0,0,0,0,0,0,0,0,0,0,2.12828,0,0,0,0,0,0,0,0,0,0,0,0
GF15_c7_d74_colon,100,0,0,0,0,0,0,0,0,0,0,0,0,0,0,0,0,0,0,0,0,0,0,0,0,0,0,0,0,0,0,0,0,0,0,0,0,0
GF15_c8_d108_colon,96.05291,0,0,0,0,0,0,0,0,0,0,3.31247,0,0,0,0,0,0,0,0,0,0,0,0,0,0.63461,0,0,0,0,0,0,0,0,0,0,0,0
GF15_c8_d74_colon,81.44946,0,0,0,0,0,0,0,0,0,0,18.55054,0,0,0,0,0,0,0,0,0,0,0,0,0,0,0,0,0,0,0,0,0,0,0,0,0,0
GF15_c9_d108_colon,74.95247,0,16.14859,0,0,0,0,0,0,0,0,8.64956,0,0,0,0,0,0,0,0,0,0,0,0,0,0.24938,0,0,0,0,0,0,0,0,0,0,0,0
GF15_cdam_d11_stool,2.82839,0,2.03868,0,0,0,0,12.51901,0,1.80948,0.63803,0.58223,0.77249,0,7.37443,0,0,0,0,0,0,0,0,0,0,71.43727,0,0,0,0,0,0,0,0,0,0,0,0
GF15_cdam_d23_stool,0.64481,0,1.77449,0,0,0,0,10.25448,0,2.6427,0.77977,0.14184,1.49294,0,8.72609,0,0,0,0,0,0,0,0,0,0,73.54288,0,0,0,0,0,0,0,0,0,0,0,0
GF15_cdam_d5_stool,6.72847,0,2.05436,0,0,0,0,10.80691,0,2.76113,0.66964,1.34358,0.25962,0,4.40516,0,0,0,0,0,0,0,0,0,0,70.97114,0,0,0,0,0,0,0,0,0,0,0,0
GF15_cdam_d59_stool,4.55764,0,3.93378,0,0,0,0,37.28474,0,7.13295,0,0.9386,0,0,0.3786,0,0,0,0,0,0,0,0,0,0,45.77369,0,0,0,0,0,0,0,0,0,0,0,0
GF15_d67_B1_stool,95.23164,0,4.45422,0,0,0,0,0,0,0,0,0,0,0,0,0,0,0,0,0,0,0,0,0,0,0.31414,0,0,0,0,0,0,0,0,0,0,0,0
GF15_d67_B2_stool,99.26968,0,0.04833,0,0,0,0,0,0,0,0,0,0,0,0,0,0,0,0,0,0,0,0,0,0,0.68199,0,0,0,0,0,0,0,0,0,0,0,0
GF15_d67_B3_stool,95.56444,0,2.23032,0,0,0,0,0.23715,0,0.17619,0,0,0,0,0,0,0,0,0,0,0,0,0,0,0,1.7919,0,0,0,0,0,0,0,0,0,0,0,0
GF15_d67_B4_stool,99.08134,0,0,0,0,0,0,0,0,0,0,0,0,0,0,0,0,0,0,0,0,0,0,0,0,0.91866,0,0,0,0,0,0,0,0,0,0,0,0
GF15_d67_B5_stool,97.64,0,0.44385,0,0,0,0,0,0,0.0038,0,0,0,0,0,0,0,0,0,0,0,0,0,0,0,1.91235,0,0,0,0,0,0,0,0,0,0,0,0
GF15_d67_B6_stool,99.90756,0,0,0,0,0,0,0,0,0,0,0,0,0,0,0,0,0,0,0,0,0,0,0,0,0.09244,0,0,0,0,0,0,0,0,0,0,0,0
GF15_d67_B7_stool,99.9118,0,0.0882,0,0,0,0,0,0,0,0,0,0,0,0,0,0,0,0,0,0,0,0,0,0,0,0,0,0,0,0,0,0,0,0,0,0,0
GF15_d67_B8_stool,99.41998,0,0.30087,0,0,0,0,0,0,0.02786,0,0,0,0,0,0,0,0,0,0,0,0,0,0,0,0.25129,0,0,0,0,0,0,0,0,0,0,0,0
GF15_d68_B1_colon,94.90827,0,2.3804,0,0,0,0,2.64581,0,0.06551,0,0,0,0,0,0,0,0,0,0,0,0,0,0,0,0,0,0,0,0,0,0,0,0,0,0,0,0
GF15_d68_B2_stool,99.49678,0,0.05543,0,0,0,0,0,0,0,0,0,0,0,0,0,0,0,0,0,0,0,0,0,0,0.44779,0,0,0,0,0,0,0,0,0,0,0,0
GF15_d68_B5_colon,100,0,0,0,0,0,0,0,0,0,0,0,0,0,0,0,0,0,0,0,0,0,0,0,0,0,0,0,0,0,0,0,0,0,0,0,0,0
GF15_d68_B8_stool,98.04813,0,0.85831,0,0,0,0,0.17669,0,0.51121,0,0,0,0,0,0,0,0,0,0,0,0,0,0,0,0.40566,0,0,0,0,0,0,0,0,0,0,0,0
GF15_d69_B2_stool,100,0,0,0,0,0,0,0,0,0,0,0,0,0,0,0,0,0,0,0,0,0,0,0,0,0,0,0,0,0,0,0,0,0,0,0,0,0
GF15_d69_B9_stool,100,0,0,0,0,0,0,0,0,0,0,0,0,0,0,0,0,0,0,0,0,0,0,0,0,0,0,0,0,0,0,0,0,0,0,0,0,0
GF15_d70_B2_colon,100,0,0,0,0,0,0,0,0,0,0,0,0,0,0,0,0,0,0,0,0,0,0,0,0,0,0,0,0,0,0,0,0,0,0,0,0,0
GF15_d70_B4_colon,98.24283,0,0,0,0,0,0,0,0,0,0,1.75717,0,0,0,0,0,0,0,0,0,0,0,0,0,0,0,0,0,0,0,0,0,0,0,0,0,0
GF15_d70_B6_colon,97.60026,0,0,0,0,0,0,0,0,0,0,2.39974,0,0,0,0,0,0,0,0,0,0,0,0,0,0,0,0,0,0,0,0,0,0,0,0,0,0
GF15_d70_B7_colon,95.62052,0,0,0,0,0,0,0,0,0,0,4.37948,0,0,0,0,0,0,0,0,0,0,0,0,0,0,0,0,0,0,0,0,0,0,0,0,0,0
GF15_d70_B8_colon,100,0,0,0,0,0,0,0,0,0,0,0,0,0,0,0,0,0,0,0,0,0,0,0,0,0,0,0,0,0,0,0,0,0,0,0,0,0
GF15_d70_B9_colon,100,0,0,0,0,0,0,0,0,0,0,0,0,0,0,0,0,0,0,0,0,0,0,0,0,0,0,0,0,0,0,0,0,0,0,0,0,0
GF15_d71_A1_stool,99.19541,0,0.11866,0,0,0,0,0,0,0,0,0,0,0,0,0,0,0,0,0,0,0,0,0,0,0.68593,0,0,0,0,0,0,0,0,0,0,0,0
GF15_d71_A3_stool,87.59486,0,11.51468,0,0,0,0,0,0,0,0,0,0,0,0,0,0,0,0,0,0,0,0,0,0,0.89046,0,0,0,0,0,0,0,0,0,0,0,0
GF15_d71_A4_stool,100,0,0,0,0,0,0,0,0,0,0,0,0,0,0,0,0,0,0,0,0,0,0,0,0,0,0,0,0,0,0,0,0,0,0,0,0,0
GF15_d71_A5_stool,100,0,0,0,0,0,0,0,0,0,0,0,0,0,0,0,0,0,0,0,0,0,0,0,0,0,0,0,0,0,0,0,0,0,0,0,0,0
GF15_d71_A6_stool,97.7925,0,1.37374,0,0,0,0,0,0,0,0,0,0,0,0,0,0,0,0,0,0,0,0,0,0,0.83377,0,0,0,0,0,0,0,0,0,0,0,0
GF15_d71_A7_stool,98.56711,0,0.68107,0,0,0,0,0,0,0.02993,0,0,0,0,0,0,0,0,0,0,0,0,0,0,0,0.72189,0,0,0,0,0,0,0,0,0,0,0,0
GF15_d71_A8_stool,95.21037,0,2.48143,0,0,0,0,0,0,0,0,0,0,0,0,0,0,0,0,0,0,0,0,0,0,2.3082,0,0,0,0,0,0,0,0,0,0,0,0
GF15_d71_C2_stool,91.02612,0,8.23437,0,0,0,0,0,0,0,0,0,0,0,0,0,0,0,0,0,0,0,0,0,0,0.73952,0,0,0,0,0,0,0,0,0,0,0,0
GF15_d71_C3_stool,82.68131,0,16.52142,0,0,0,0,0,0,0.23003,0,0,0,0,0,0,0,0,0,0,0,0,0,0,0,0.56724,0,0,0,0,0,0,0,0,0,0,0,0
GF15_d71_C4_stool,99.77378,0,0,0,0,0,0,0,0,0,0,0,0,0,0,0,0,0,0,0,0,0,0,0,0,0.22622,0,0,0,0,0,0,0,0,0,0,0,0
GF15_INOC,3.65098,0,29.53727,0,0,0,0,1.63877,0,0,0.63018,0,34.17622,0,19.2124,0,0,0,0,0,0,0,2.03977,0.20551,0,8.9089,0,0,0,0,0,0,0,0,0,0,0,0
GF16_A1_d32,48.59238,0,0,0,0,0,0,0,0,0,0,0,0,0,0,0,0,0,51.40762,0,0,0,0,0,0,0,0,0,0,0,0,0,0,0,0,0,0,0
GF16_A1_d35_colon,0,0,0,0,0,0,0,0,0,0,0,0,0,0,0,0,0,0,0,0,0,0,0,0,0,0,0,0,100,0,0,0,0,0,0,0,0,0
GF16_A2_d32,0,0,0,0,0,0,0,0,0,0,0,0,0,0,0,0,0,0,100,0,0,0,0,0,0,0,0,0,0,0,0,0,0,0,0,0,0,0
GF16_A2_d35_colon,43.94071,0,0,0,0,0,0,0,0,0,0,0,0,0,0,0,0,0,56.05929,0,0,0,0,0,0,0,0,0,0,0,0,0,0,0,0,0,0,0
GF16_A3_d32,10.89183,0,0.13897,0,0,0,0,0,0,0,0,0,0,0,0,0,0,0,88.9692,0,0,0,0,0,0,0,0,0,0,0,0,0,0,0,0,0,0,0
GF16_A3_d34,15.19859,0,0,0,0,0,0,0,0,0,0,0,0,0,0,0,0,0,64.9185,19.88291,0,0,0,0,0,0,0,0,0,0,0,0,0,0,0,0,0,0
GF16_A3_d35_colon,0,0,100,0,0,0,0,0,0,0,0,0,0,0,0,0,0,0,0,0,0,0,0,0,0,0,0,0,0,0,0,0,0,0,0,0,0,0
GF16_a4_d100_stool,33.57036,0,2.94721,0,0,0,0,0,0,0,0,0,0,0,0,0,0,0,58.82974,4.65269,0,0,0,0,0,0,0,0,0,0,0,0,0,0,0,0,0,0
GF16_A4_d32,41.36695,0,0,0,0,0,0,0,0,0,0,0,0,0,0,0,0,0,58.63305,0,0,0,0,0,0,0,0,0,0,0,0,0,0,0,0,0,0,0
GF16_A5_d32,0,0,0,0,0,0,0,0,0,0,0,0,0,0,0,0,0,0,100,0,0,0,0,0,0,0,0,0,0,0,0,0,0,0,0,0,0,0
GF16_A6_d32,20.53897,0,0,0,0,0,0,0,0,0,0,0,0,0,0,0,0,0,79.46103,0,0,0,0,0,0,0,0,0,0,0,0,0,0,0,0,0,0,0
GF16_A6_d33,12.82756,0,0.26259,0,0,0,0,0,0,0,0,0,0,0,0,0,0,0,86.90985,0,0,0,0,0,0,0,0,0,0,0,0,0,0,0,0,0,0,0
GF16_A6_d35_colon,0,0,0,0,0,0,0,0,0,0,0,0,0,0,0,0,0,0,100,0,0,0,0,0,0,0,0,0,0,0,0,0,0,0,0,0,0,0
GF16_A7_d32,26.98626,0,1.5768,0,0,0,0,0,0,0,0,0,0,0,0,0,0,0,71.43693,0,0,0,0,0,0,0,0,0,0,0,0,0,0,0,0,0,0,0
GF16_A7_d34,3.53153,0,30.1143,0,0,0,0,0,0,0,0,0,0,0,0,0,0,0,66.35417,0,0,0,0,0,0,0,0,0,0,0,0,0,0,0,0,0,0,0
GF16_Adam_d21,0,0,0,0,0,0,0,2.67101,0,0,0,0,0,0,0,0,5.53117,0,18.42038,64.97339,0,0,0,0,0,0,0,0,0,7.18644,0.88331,0.3343,0,0,0,0,0,0
GF16_B1_d32,0,0,0,0,0,0,0,0,0,0,0,0,0,0,0,0,0,0,100,0,0,0,0,0,0,0,0,0,0,0,0,0,0,0,0,0,0,0
GF16_B2_d32,0,0,0,0,0,0,0,0,0,0,0,0,0,0,0,0,0,0,100,0,0,0,0,0,0,0,0,0,0,0,0,0,0,0,0,0,0,0
GF16_B2_d34,67.71461,0,6.23082,0,0,0,0,18.96446,0,2.85289,0,0,0.14211,0,0,0,0,0,0,0,0,0,0,0,0,4.09511,0,0,0,0,0,0,0,0,0,0,0,0
GF16_B5_d32,44.39051,0,0,0,0,0,0,0,0,0,0,0,0,0,0,0,0,0,55.60949,0,0,0,0,0,0,0,0,0,0,0,0,0,0,0,0,0,0,0
GF16_B5_d33_colon,29.27045,0,0,0,0,0,0,0,0,0,0,0,0,0,0,0,0,0,70.72955,0,0,0,0,0,0,0,0,0,0,0,0,0,0,0,0,0,0,0
GF16_B6_d32,17.16373,0,0.38575,0,0,0,0,0,0,0,0,0,0,0,0,0,0,0,82.45052,0,0,0,0,0,0,0,0,0,0,0,0,0,0,0,0,0,0,0
GF16_c1_d105_stool,0.4632,0,0,0,0,0,0,0,0,0,0,0,0,0,0,0,0,0,99.5368,0,0,0,0,0,0,0,0,0,0,0,0,0,0,0,0,0,0,0
GF16_C1_d34,0,0,0,0,0,0,0,0,0,0,0,0,0,0,0,0,0,0,0,99.06012,0,0,0,0,0,0,0,0,0,0.93988,0,0,0,0,0,0,0,0
GF16_C1_d35_colon,1.27653,0,98.52817,0,0,0,0,0,0,0,0,0,0,0,0,0,0,0,0,0.19531,0,0,0,0,0,0,0,0,0,0,0,0,0,0,0,0,0,0
GF16_c1_d67_stool,41.7675,0,0,0,0,0,0,0,0,0,0,0,0,0,0,0,0,0,58.2325,0,0,0,0,0,0,0,0,0,0,0,0,0,0,0,0,0,0,0
GF16_c1_d69_stool,0,0,0,0,0,0,0,0,0,0,0,0,0,0,0,0,0,0,95.05831,0,0,0,0,0,0,0.90106,2.70888,0,0,0,1.33174,0,0,0,0,0,0,0
GF16_c10_d105_stool,0,0,0,0,0,0,0,0,0,0,0,0,0,0,0,0,0,0,100,0,0,0,0,0,0,0,0,0,0,0,0,0,0,0,0,0,0,0
GF16_c10_d106_stool,0,0,0.18504,0,0,0,0,0,0,0,0,0,0,0,0,0,0,0,99.81496,0,0,0,0,0,0,0,0,0,0,0,0,0,0,0,0,0,0,0
GF16_c2_d105_stool,0,0,0,0,0,0,0,0,0,0,0,0,0,0,0,0,0,0,100,0,0,0,0,0,0,0,0,0,0,0,0,0,0,0,0,0,0,0
GF16_C2_d32,5.8537,0,0.20767,0,0,0,0,0,0,0,0,0,0,0,0,0,0,0,93.93863,0,0,0,0,0,0,0,0,0,0,0,0,0,0,0,0,0,0,0
GF16_C2_d35_colon,37.33313,0,62.66687,0,0,0,0,0,0,0,0,0,0,0,0,0,0,0,0,0,0,0,0,0,0,0,0,0,0,0,0,0,0,0,0,0,0,0
GF16_c2_d67_stool,47.60953,0,0,0,0,0,0,0,0,0,0,0,0,0,0,0,0.12507,0,52.2654,0,0,0,0,0,0,0,0,0,0,0,0,0,0,0,0,0,0,0
GF16_c2_d68_stool,34.37544,0,0.29895,0,0,0,0,0,0,0,0,0,0,0,0,0,0,0,65.32561,0,0,0,0,0,0,0,0,0,0,0,0,0,0,0,0,0,0,0
GF16_c2_d69_stool,21.96918,0,0.08157,0,0,0,0,0,0,0,0,0,0,0,0,0,1.57038,0,76.37887,0,0,0,0,0,0,0,0,0,0,0,0,0,0,0,0,0,0,0
GF16_c3_d105_stool,6.11221,0,0,0,0,0,0,0,0,0,0,0,0,0,0,0,0.64712,0,93.24067,0,0,0,0,0,0,0,0,0,0,0,0,0,0,0,0,0,0,0
GF16_C3_d32,29.13137,0,0.21826,0,0,0,0,0,0,0,0,0,0,0,0,0,0,0,70.65037,0,0,0,0,0,0,0,0,0,0,0,0,0,0,0,0,0,0,0
GF16_C3_d33,49.97307,0,0,0,0,0,0,0,0,0,0,0,0,0,0,0,0,0,50.02693,0,0,0,0,0,0,0,0,0,0,0,0,0,0,0,0,0,0,0
GF16_C3_d35_colon,52.32714,0,47.67286,0,0,0,0,0,0,0,0,0,0,0,0,0,0,0,0,0,0,0,0,0,0,0,0,0,0,0,0,0,0,0,0,0,0,0
GF16_c3_d67_stool,69.34372,0,0,0,0,0,0,0,0,0,0,0,0,0,0,0,0,0,30.65628,0,0,0,0,0,0,0,0,0,0,0,0,0,0,0,0,0,0,0
GF16_c4_d105_stool,0,0,0,0,0,0,0,0,0,0,0,0,0,0,0,0,0,0,100,0,0,0,0,0,0,0,0,0,0,0,0,0,0,0,0,0,0,0
GF16_C4_d33,9.9767,0,0,0,0,0,0,0,0,0,0,0,0,0,0,0,3.76533,0,84.92995,1.32803,0,0,0,0,0,0,0,0,0,0,0,0,0,0,0,0,0,0
GF16_C4_d34,0,0,0,0,0,0,0,0,0,0,0,0,0,0,0,0,0,0,4.10685,80.80165,0,0,0,0,0,0,0,0,0,15.0915,0,0,0,0,0,0,0,0
GF16_C4_d35_colon,50.22141,0,49.43773,0,0,0,0,0,0,0,0,0,0,0,0,0,0,0,0.34086,0,0,0,0,0,0,0,0,0,0,0,0,0,0,0,0,0,0,0
GF16_c4_d67_stool,55.5187,0,0,0,0,0,0,0,0,0,0,0,0,0,0,0,0,0,44.4813,0,0,0,0,0,0,0,0,0,0,0,0,0,0,0,0,0,0,0
GF16_c4_d69_stool,51.64967,0,0,0,0,0,0,0,0,0,0,0,0,0,0,0,0,0,48.35033,0,0,0,0,0,0,0,0,0,0,0,0,0,0,0,0,0,0,0
GF16_c5_d105_stool,0,0,0,0,0,0,0,0,0,0,0,0,0,0,0,0,0,0,100,0,0,0,0,0,0,0,0,0,0,0,0,0,0,0,0,0,0,0
GF16_C5_d32,16.58157,0,0,0,0,0,0,0,0,0,0,0,0,0,0,0,0,0,83.41843,0,0,0,0,0,0,0,0,0,0,0,0,0,0,0,0,0,0,0
GF16_C5_d35_colon,46.8492,0,53.1508,0,0,0,0,0,0,0,0,0,0,0,0,0,0,0,0,0,0,0,0,0,0,0,0,0,0,0,0,0,0,0,0,0,0,0
GF16_c5_d67_stool,35.72967,0,0,0,0,0,0,0,0,0,0,0,0,0,0,0,0,0,64.27033,0,0,0,0,0,0,0,0,0,0,0,0,0,0,0,0,0,0,0
GF16_c5_d68_stool,33.2506,0,0,0,0,0,0,0,0,0,0,0,0,0,0,0,0,0,66.7494,0,0,0,0,0,0,0,0,0,0,0,0,0,0,0,0,0,0,0
GF16_c6_d105_stool,2.88226,0,0,0,0,0,0,0,0,0,0,0,0,0,0,0,0,0,97.11774,0,0,0,0,0,0,0,0,0,0,0,0,0,0,0,0,0,0,0
GF16_c7_d105_stool,0,0,0.02306,0,0,0,0,0,0,0,0,0,0,0,0,0,0,0,99.97694,0,0,0,0,0,0,0,0,0,0,0,0,0,0,0,0,0,0,0
GF16_inoc_200622,0,0,0,0,0,0,0,0.48976,0.00562,0,0,0,0,0,0,0,12.1128,0,76.52548,8.54448,0,0,0,0,0,1.7771,0,0,0,0.25601,0.28876,0,0,0,0,0,0,0
GF17_a1_d31_stool,98.80712,0,0.6928,0,0,0,0,0.24287,0,0.25721,0,0,0,0,0,0,0,0,0,0,0,0,0,0,0,0,0,0,0,0,0,0,0,0,0,0,0,0
GF17_a2_d31_stool,95.99259,0,0.99821,0,0,0,0,2.22322,0,0.78598,0,0,0,0,0,0,0,0,0,0,0,0,0,0,0,0,0,0,0,0,0,0,0,0,0,0,0,0
GF17_a3_d31_stool,98.49462,0,0.3444,0,0,0,0,0.43113,0,0.72986,0,0,0,0,0,0,0,0,0,0,0,0,0,0,0,0,0,0,0,0,0,0,0,0,0,0,0,0
GF17_a4_d31_stool,99.86258,0,0.13742,0,0,0,0,0,0,0,0,0,0,0,0,0,0,0,0,0,0,0,0,0,0,0,0,0,0,0,0,0,0,0,0,0,0,0
GF17_a5_d31_stool,99.64987,0,0.29929,0,0,0,0,0.01863,0,0.03221,0,0,0,0,0,0,0,0,0,0,0,0,0,0,0,0,0,0,0,0,0,0,0,0,0,0,0,0
GF17_a6_d31_stool,98.24473,0,0.05218,0,0,0,0,0,0,0,0,0,0,0,0,0,0,0,0,0,0,0,0,1.70309,0,0,0,0,0,0,0,0,0,0,0,0,0,0
GF17_a7_d31_stool,100,0,0,0,0,0,0,0,0,0,0,0,0,0,0,0,0,0,0,0,0,0,0,0,0,0,0,0,0,0,0,0,0,0,0,0,0,0
GF17_b2_d31_stool,99.66418,0,0,0,0,0,0,0,0,0,0,0,0,0,0,0,0,0,0,0,0,0,0,0.33582,0,0,0,0,0,0,0,0,0,0,0,0,0,0
GF17_b3_d31_stool,100,0,0,0,0,0,0,0,0,0,0,0,0,0,0,0,0,0,0,0,0,0,0,0,0,0,0,0,0,0,0,0,0,0,0,0,0,0
GF17_b6_d31_stool,99.91782,0,0,0,0,0,0,0,0,0.08218,0,0,0,0,0,0,0,0,0,0,0,0,0,0,0,0,0,0,0,0,0,0,0,0,0,0,0,0
GF17_inoc_200903,66.24378,0,0,0,0,0,0,0,0,0,0,0,0,0,0,0,0,0,0,0,0,0,0,32.4877,0,0,0,1.26851,0,0,0,0,0,0,0,0,0,0
GF18_a1_d32_stool,83.2849,0,1.12064,0,0,0,0,0.55963,0.05003,0.35721,0,14.62759,0,0,0,0,0,0,0,0,0,0,0,0,0,0,0,0,0,0,0,0,0,0,0,0,0,0
GF18_a1_d33_stool,44.82786,0,0.75258,0,0,0,0,33.06333,9.23303,3.86084,0,8.26237,0,0,0,0,0,0,0,0,0,0,0,0,0,0,0,0,0,0,0,0,0,0,0,0,0,0
GF18_a1_d35_colon,0,0,95.68696,0,0,0,0,0,4.31304,0,0,0,0,0,0,0,0,0,0,0,0,0,0,0,0,0,0,0,0,0,0,0,0,0,0,0,0,0
GF18_a2_d33_stool,99.89463,0,0.10537,0,0,0,0,0,0,0,0,0,0,0,0,0,0,0,0,0,0,0,0,0,0,0,0,0,0,0,0,0,0,0,0,0,0,0
GF18_a2_d35_colon,0,0,9.99751,0,0,0,0,0,0,0,0,0,0,0,0,0,0,0,0,0,0,0,0,0,0,0,90.00249,0,0,0,0,0,0,0,0,0,0,0
GF18_a2_d54_colon,69.1438,0,8.04728,0,0,0,0,4.9243,17.03681,0.84781,0,0,0,0,0,0,0,0,0,0,0,0,0,0,0,0,0,0,0,0,0,0,0,0,0,0,0,0
GF18_a3_d35_colon,62.8252,0,31.4095,0,0,0,0,0,0,0,0,5.7653,0,0,0,0,0,0,0,0,0,0,0,0,0,0,0,0,0,0,0,0,0,0,0,0,0,0
GF18_a3_d54_colon,74.3342,0,2.80997,0,0,0,0,8.26287,13.99392,0.59904,0,0,0,0,0,0,0,0,0,0,0,0,0,0,0,0,0,0,0,0,0,0,0,0,0,0,0,0
GF18_a4_d32_stool,98.31302,0,0.50527,0,0,0,0,0.83823,0,0.34348,0,0,0,0,0,0,0,0,0,0,0,0,0,0,0,0,0,0,0,0,0,0,0,0,0,0,0,0
GF18_a4_d33_stool,49.1073,0,0.87331,0,0,0,0,25.54918,20.73127,3.73894,0,0,0,0,0,0,0,0,0,0,0,0,0,0,0,0,0,0,0,0,0,0,0,0,0,0,0,0
GF18_a4_d35_colon,0,0,99.69597,0,0,0,0,0,0,0.30403,0,0,0,0,0,0,0,0,0,0,0,0,0,0,0,0,0,0,0,0,0,0,0,0,0,0,0,0
GF18_a4_d54_colon,98.23824,0,1.29312,0,0,0,0,0,0,0,0,0,0,0,0,0,0,0,0,0,0,0,0,0,0,0,0.46864,0,0,0,0,0,0,0,0,0,0,0
GF18_a5_d54_colon,82.48128,0,5.0831,0,0,0,0,8.64404,2.95287,0.83871,0,0,0,0,0,0,0,0,0,0,0,0,0,0,0,0,0,0,0,0,0,0,0,0,0,0,0,0
GF18_adam_d33_stoolsoln,0.05997,0,82.66301,0,0,0,0,0.13386,10.79604,6.20848,0,0,0,0,0.13864,0,0,0,0,0,0,0,0,0,0,0,0,0,0,0,0,0,0,0,0,0,0,0
GF18_b3_d32_stool,99.85053,0,0,0,0,0,0,0.08683,0,0.06263,0,0,0,0,0,0,0,0,0,0,0,0,0,0,0,0,0,0,0,0,0,0,0,0,0,0,0,0
GF18_b3_d33_stool,87.83785,0,0.56661,0,0,0,0,6.58196,4.21408,0.7995,0,0,0,0,0,0,0,0,0,0,0,0,0,0,0,0,0,0,0,0,0,0,0,0,0,0,0,0
GF18_b3_d35_colon,100,0,0,0,0,0,0,0,0,0,0,0,0,0,0,0,0,0,0,0,0,0,0,0,0,0,0,0,0,0,0,0,0,0,0,0,0,0
GF18_b4_d32_stool,98.19181,0,0.65696,0,0,0,0,0.71038,0,0.44084,0,0,0,0,0,0,0,0,0,0,0,0,0,0,0,0,0,0,0,0,0,0,0,0,0,0,0,0
GF18_b4_d35_colon,99.66706,0,0,0,0,0,0,0,0.33294,0,0,0,0,0,0,0,0,0,0,0,0,0,0,0,0,0,0,0,0,0,0,0,0,0,0,0,0,0
GF18_bdam_d33_stoolsoln,90.73912,0,0.36124,0,0,0,0,0.26064,6.81325,1.63715,0,0,0.18861,0,0,0,0,0,0,0,0,0,0,0,0,0,0,0,0,0,0,0,0,0,0,0,0,0
GF18_d0_innoculum,25.92236,0,63.63987,0,0,0,0,2.59811,2.15677,1.00998,4.65721,0.00704,0,0,0,0,0,0,0,0,0,0,0.00866,0,0,0,0,0,0,0,0,0,0,0,0,0,0,0
GF20_d0_inoc,4.53442,0,34.77182,0,0,0,0,1.57718,0,0,0.25901,0,36.41927,0,13.35631,0,0,0,0,0,0,0,2.47017,0.37415,0,6.23767,0,0,0,0,0,0,0,0,0,0,0,0
GF20_d127_a1,100,0,0,0,0,0,0,0,0,0,0,0,0,0,0,0,0,0,0,0,0,0,0,0,0,0,0,0,0,0,0,0,0,0,0,0,0,0
GF20_d127_a2,100,0,0,0,0,0,0,0,0,0,0,0,0,0,0,0,0,0,0,0,0,0,0,0,0,0,0,0,0,0,0,0,0,0,0,0,0,0
GF20_d127_a3,100,0,0,0,0,0,0,0,0,0,0,0,0,0,0,0,0,0,0,0,0,0,0,0,0,0,0,0,0,0,0,0,0,0,0,0,0,0
GF20_d127_a5,100,0,0,0,0,0,0,0,0,0,0,0,0,0,0,0,0,0,0,0,0,0,0,0,0,0,0,0,0,0,0,0,0,0,0,0,0,0
GF20_d127_a6,100,0,0,0,0,0,0,0,0,0,0,0,0,0,0,0,0,0,0,0,0,0,0,0,0,0,0,0,0,0,0,0,0,0,0,0,0,0
GF20_d127_a7,100,0,0,0,0,0,0,0,0,0,0,0,0,0,0,0,0,0,0,0,0,0,0,0,0,0,0,0,0,0,0,0,0,0,0,0,0,0
GF20_d127_a9,100,0,0,0,0,0,0,0,0,0,0,0,0,0,0,0,0,0,0,0,0,0,0,0,0,0,0,0,0,0,0,0,0,0,0,0,0,0
GF20_d140_c8,100,0,0,0,0,0,0,0,0,0,0,0,0,0,0,0,0,0,0,0,0,0,0,0,0,0,0,0,0,0,0,0,0,0,0,0,0,0
GF20_d161_b2,99.8377,0,0.13114,0,0,0,0,0,0,0,0,0,0,0,0,0,0,0,0,0,0,0,0,0,0,0.03116,0,0,0,0,0,0,0,0,0,0,0,0
GF20_d161_b4,97.78972,0,0.85692,0,0,0,0,0,0,0.23284,0,0,0,0,0,0,0,0,0,0,0,0,0,0,0,1.12052,0,0,0,0,0,0,0,0,0,0,0,0
GF20_d161_b6,99.94882,0,0,0,0,0,0,0,0,0,0,0,0,0,0,0,0,0,0,0,0,0,0,0,0,0.05118,0,0,0,0,0,0,0,0,0,0,0,0
GF20_d161_b8,99.56232,0,0.36998,0,0,0,0,0,0,0,0,0,0,0,0,0,0,0,0,0,0,0,0,0,0,0.06769,0,0,0,0,0,0,0,0,0,0,0,0
GF20_d164_b1,98.34526,0,1.65474,0,0,0,0,0,0,0,0,0,0,0,0,0,0,0,0,0,0,0,0,0,0,0,0,0,0,0,0,0,0,0,0,0,0,0
GF20_d164_b2,100,0,0,0,0,0,0,0,0,0,0,0,0,0,0,0,0,0,0,0,0,0,0,0,0,0,0,0,0,0,0,0,0,0,0,0,0,0
GF20_d164_b3,96.89233,0,0,0,0,0,0,0,0,0,0,3.10767,0,0,0,0,0,0,0,0,0,0,0,0,0,0,0,0,0,0,0,0,0,0,0,0,0,0
GF20_d164_b4,100,0,0,0,0,0,0,0,0,0,0,0,0,0,0,0,0,0,0,0,0,0,0,0,0,0,0,0,0,0,0,0,0,0,0,0,0,0
GF20_d164_b5,93.86056,0,0,0,0,0,0,0,0,0,0,6.13944,0,0,0,0,0,0,0,0,0,0,0,0,0,0,0,0,0,0,0,0,0,0,0,0,0,0
GF20_d164_b6,98.94535,0,0,0,0,0,0,0,0,0,0,1.05465,0,0,0,0,0,0,0,0,0,0,0,0,0,0,0,0,0,0,0,0,0,0,0,0,0,0
GF20_d164_b7,100,0,0,0,0,0,0,0,0,0,0,0,0,0,0,0,0,0,0,0,0,0,0,0,0,0,0,0,0,0,0,0,0,0,0,0,0,0
GF20_d164_b8,96.55029,0,0,0,0,0,0,0,0,0,0,3.44971,0,0,0,0,0,0,0,0,0,0,0,0,0,0,0,0,0,0,0,0,0,0,0,0,0,0
GF20_d164_b9,100,0,0,0,0,0,0,0,0,0,0,0,0,0,0,0,0,0,0,0,0,0,0,0,0,0,0,0,0,0,0,0,0,0,0,0,0,0
GF20_d167_damb,94.34459,0,1.15517,0,0,0,0,0,0,0,0,4.50025,0,0,0,0,0,0,0,0,0,0,0,0,0,0,0,0,0,0,0,0,0,0,0,0,0,0
GF20_d170_c1,100,0,0,0,0,0,0,0,0,0,0,0,0,0,0,0,0,0,0,0,0,0,0,0,0,0,0,0,0,0,0,0,0,0,0,0,0,0
GF20_d170_c2,100,0,0,0,0,0,0,0,0,0,0,0,0,0,0,0,0,0,0,0,0,0,0,0,0,0,0,0,0,0,0,0,0,0,0,0,0,0
GF20_d170_c5,94.66699,0,0,0,0,0,0,0,0,0,0,5.33301,0,0,0,0,0,0,0,0,0,0,0,0,0,0,0,0,0,0,0,0,0,0,0,0,0,0
GF20_d170_c6,78.38767,0,0,0,0,0,0,0,0,0,0,21.61233,0,0,0,0,0,0,0,0,0,0,0,0,0,0,0,0,0,0,0,0,0,0,0,0,0,0
GF20_d170_c7,99.2034,0,0,0,0,0,0,0,0,0,0,0.7966,0,0,0,0,0,0,0,0,0,0,0,0,0,0,0,0,0,0,0,0,0,0,0,0,0,0
GF20_d170_c8,100,0,0,0,0,0,0,0,0,0,0,0,0,0,0,0,0,0,0,0,0,0,0,0,0,0,0,0,0,0,0,0,0,0,0,0,0,0
GF20_d170_c9,100,0,0,0,0,0,0,0,0,0,0,0,0,0,0,0,0,0,0,0,0,0,0,0,0,0,0,0,0,0,0,0,0,0,0,0,0,0
GF20_d33_a3,2.21241,0,90.46654,0,0,0,0,0.01854,0,0.75657,0,5.26841,0,0,0,0,0,0,0,0,0,0,0,0,0,1.27753,0,0,0,0,0,0,0,0,0,0,0,0
GF20_d33_a4,87.81186,0,2.29877,0,0,0,0,0.17187,0,0.67582,0,7.65896,0,0,0,0,0,0,0,0,0,0,0,0,0,1.38273,0,0,0,0,0,0,0,0,0,0,0,0
GF20_d33_a5,95.34382,0,1.5821,0,0,0,0,0.07427,0,0.75216,0,0.59991,0,0,0,0,0,0,0,0,0,0,0,0,0,1.64774,0,0,0,0,0,0,0,0,0,0,0,0
GF20_d33_b2,86.41904,0,13.47497,0,0,0,0,0,0,0,0,0,0,0,0,0,0,0,0,0,0,0,0,0,0,0.106,0,0,0,0,0,0,0,0,0,0,0,0
GF20_d33_b3,99.47134,0,0.52866,0,0,0,0,0,0,0,0,0,0,0,0,0,0,0,0,0,0,0,0,0,0,0,0,0,0,0,0,0,0,0,0,0,0,0
GF20_d33_b4,91.70478,0,7.76074,0,0,0,0,0,0,0.02406,0,0,0,0,0,0,0,0,0,0,0,0,0,0,0,0.51042,0,0,0,0,0,0,0,0,0,0,0,0
GF20_d34_a2,75.14568,0,0,0,0,0,0,0,0,0,0,24.85432,0,0,0,0,0,0,0,0,0,0,0,0,0,0,0,0,0,0,0,0,0,0,0,0,0,0
GF20_d34_a4,66.45254,0,1.79183,0,0,0,0,0.47323,0,0.59757,0,29.56301,0,0,0,0,0,0,0,0,0,0,0,0,0,1.12183,0,0,0,0,0,0,0,0,0,0,0,0
GF20_d34_b3,97.92976,0,0.99942,0,0,0,0,0,0,0.12113,0,0,0,0,0,0,0,0,0,0,0,0,0,0,0,0.94969,0,0,0,0,0,0,0,0,0,0,0,0
GF20_d35_a2,99.5915,0,0,0,0,0,0,0,0,0,0,0.1288,0,0,0,0,0,0,0,0,0,0,0,0,0,0.2797,0,0,0,0,0,0,0,0,0,0,0,0
GF20_d35_a3,75.0721,0,0,0,0,0,0,0,0,0,0,24.68436,0,0,0,0,0,0,0,0,0,0,0,0,0,0,0,0,0,0,0,0,0.24354,0,0,0,0,0
GF20_d36_a1,2.47504,0,0,0,0,0,0,0,0,0,0,97.52496,0,0,0,0,0,0,0,0,0,0,0,0,0,0,0,0,0,0,0,0,0,0,0,0,0,0
GF20_d36_a2,53.45947,0,0,0,0,0,0,0,0,0,0,46.54053,0,0,0,0,0,0,0,0,0,0,0,0,0,0,0,0,0,0,0,0,0,0,0,0,0,0
GF20_d36_a3,7.721,0,0,0,0,0,0,0,0,0,0,92.279,0,0,0,0,0,0,0,0,0,0,0,0,0,0,0,0,0,0,0,0,0,0,0,0,0,0
GF20_d36_a4,8.57683,0,0,0,0,0,0,0,0,0,0,91.42317,0,0,0,0,0,0,0,0,0,0,0,0,0,0,0,0,0,0,0,0,0,0,0,0,0,0
GF20_d36_a5,27.04869,0,0,0,0,0,0,0,0,0,0,72.95131,0,0,0,0,0,0,0,0,0,0,0,0,0,0,0,0,0,0,0,0,0,0,0,0,0,0
GF20_d36_b5,45.19637,0,0,0,0,0,0,0,0,0,0,54.80363,0,0,0,0,0,0,0,0,0,0,0,0,0,0,0,0,0,0,0,0,0,0,0,0,0,0
GF20_d39_dama,3.47142,0,4.03293,0,0,0,0,25.51392,0,7.10677,0,0.51793,0,0,1.25348,0,0,0,0,0,0,0,0,0,0,58.10355,0,0,0,0,0,0,0,0,0,0,0,0
GF20_d39_damc,2.12613,0,3.977,0,0,0,0,30.34606,0,7.48028,0,0.47627,0,0,0.02025,0,0,0,0,0,0,0,0,0,0,55.57402,0,0,0,0,0,0,0,0,0,0,0,0
GF20_d40_c3,0,0,100,0,0,0,0,0,0,0,0,0,0,0,0,0,0,0,0,0,0,0,0,0,0,0,0,0,0,0,0,0,0,0,0,0,0,0
GF20_d40_c5,73.25037,0,4.45957,0,0,0,0,22.29006,0,0,0,0,0,0,0,0,0,0,0,0,0,0,0,0,0,0,0,0,0,0,0,0,0,0,0,0,0,0
GF20_d40_c6,100,0,0,0,0,0,0,0,0,0,0,0,0,0,0,0,0,0,0,0,0,0,0,0,0,0,0,0,0,0,0,0,0,0,0,0,0,0
GF20_d66_c1,13.50519,0,0.60987,0,0,0,0,17.89138,0,2.08096,0,65.9126,0,0,0,0,0,0,0,0,0,0,0,0,0,0,0,0,0,0,0,0,0,0,0,0,0,0
GF20_d66_c10,45.77587,0,3.49855,0,0,0,0,38.99809,0,2.22226,0,9.50522,0,0,0,0,0,0,0,0,0,0,0,0,0,0,0,0,0,0,0,0,0,0,0,0,0,0
GF20_d66_c2,12.98289,0,4.25906,0,0,0,0,10.38498,0,0.58591,0,71.78715,0,0,0,0,0,0,0,0,0,0,0,0,0,0,0,0,0,0,0,0,0,0,0,0,0,0
GF20_d66_c3,63.76055,0,0.8604,0,0,0,0,27.00604,0,1.32755,0,7.04545,0,0,0,0,0,0,0,0,0,0,0,0,0,0,0,0,0,0,0,0,0,0,0,0,0,0
GF20_d66_c4,3.23621,0,15.44422,0,0,0,0,23.73449,0,1.08312,0,56.50196,0,0,0,0,0,0,0,0,0,0,0,0,0,0,0,0,0,0,0,0,0,0,0,0,0,0
GF20_d66_c5,71.25267,0,2.33365,0,0,0,0,12.14273,0,1.14486,0,13.12608,0,0,0,0,0,0,0,0,0,0,0,0,0,0,0,0,0,0,0,0,0,0,0,0,0,0
GF20_d66_c6,69.52075,0,8.41306,0,0,0,0,11.16154,0,1.03483,0,9.64643,0,0,0,0,0,0,0,0,0,0,0,0,0,0.22339,0,0,0,0,0,0,0,0,0,0,0,0
GF20_d66_c7,16.1783,0,6.66006,0,0,0,0,43.12491,0,2.52846,0,31.50827,0,0,0,0,0,0,0,0,0,0,0,0,0,0,0,0,0,0,0,0,0,0,0,0,0,0
GF20_d66_c8,8.62587,0,2.16954,0,0,0,0,19.29282,0,0.82427,0,69.08749,0,0,0,0,0,0,0,0,0,0,0,0,0,0,0,0,0,0,0,0,0,0,0,0,0,0
GF20_d66_c9,5.67269,0,12.21802,0,0,0,0,34.5278,0,1.31831,0,46.26318,0,0,0,0,0,0,0,0,0,0,0,0,0,0,0,0,0,0,0,0,0,0,0,0,0,0
GF20_d68_b2,100,0,0,0,0,0,0,0,0,0,0,0,0,0,0,0,0,0,0,0,0,0,0,0,0,0,0,0,0,0,0,0,0,0,0,0,0,0
GF20_d68_b3,97.67258,0,1.24698,0,0,0,0,0,0,0,0,0,0,0,0,0,0,0,0,0,0,0,0,0,0,1.08043,0,0,0,0,0,0,0,0,0,0,0,0
GF20_d68_b4,100,0,0,0,0,0,0,0,0,0,0,0,0,0,0,0,0,0,0,0,0,0,0,0,0,0,0,0,0,0,0,0,0,0,0,0,0,0
GF20_d68_b5,100,0,0,0,0,0,0,0,0,0,0,0,0,0,0,0,0,0,0,0,0,0,0,0,0,0,0,0,0,0,0,0,0,0,0,0,0,0
GF20_d68_b6,100,0,0,0,0,0,0,0,0,0,0,0,0,0,0,0,0,0,0,0,0,0,0,0,0,0,0,0,0,0,0,0,0,0,0,0,0,0
GF20_d68_b7,100,0,0,0,0,0,0,0,0,0,0,0,0,0,0,0,0,0,0,0,0,0,0,0,0,0,0,0,0,0,0,0,0,0,0,0,0,0
GF20_d68_b8,100,0,0,0,0,0,0,0,0,0,0,0,0,0,0,0,0,0,0,0,0,0,0,0,0,0,0,0,0,0,0,0,0,0,0,0,0,0
GF20_d75_dama,2.50785,0,5.58949,0,0,0,0,27.31527,0,5.58441,0,0.44517,0,0,0.01182,0,0,0,0,0,0,0,0,0,0,58.54598,0,0,0,0,0,0,0,0,0,0,0,0
GF20_d75_damc,22.55255,0,10.67831,0,0,0,0,34.65731,0,26.87071,0,2.13808,0,0,0,0,0,0,0,0,0,0,0,0,0,3.10304,0,0,0,0,0,0,0,0,0,0,0,0
GF20_d81_a1,47.52677,0,8.17803,0,0,0,0,12.40979,0,0.40411,0,31.4813,0,0,0,0,0,0,0,0,0,0,0,0,0,0,0,0,0,0,0,0,0,0,0,0,0,0
GF20_d81_a2,18.4393,0,9.84517,0,0,0,0,6.27838,0,0,0,65.43715,0,0,0,0,0,0,0,0,0,0,0,0,0,0,0,0,0,0,0,0,0,0,0,0,0,0
GF20_d81_a3,92.69264,0,0,0,0,0,0,0,0,0,0,7.30736,0,0,0,0,0,0,0,0,0,0,0,0,0,0,0,0,0,0,0,0,0,0,0,0,0,0
GF20_d81_a4,39.9207,0,6.7285,0,0,0,0,3.76697,0,0,0,49.58383,0,0,0,0,0,0,0,0,0,0,0,0,0,0,0,0,0,0,0,0,0,0,0,0,0,0
GF20_d81_a5,37.30361,0,24.10066,0,0,0,0,14.50797,0,3.33245,0,20.75533,0,0,0,0,0,0,0,0,0,0,0,0,0,0,0,0,0,0,0,0,0,0,0,0,0,0
GF20_d81_a6,34.69065,0,7.95975,0,0,0,0,15.377,0,0,0,41.9726,0,0,0,0,0,0,0,0,0,0,0,0,0,0,0,0,0,0,0,0,0,0,0,0,0,0
GF20_d81_a7,28.45246,0,11.50546,0,0,0,0,22.47878,0,1.05483,0,36.48182,0,0,0,0,0,0,0,0,0,0,0,0,0,0.02664,0,0,0,0,0,0,0,0,0,0,0,0
GF20_d89_b2,40.51596,0,9.3845,0,0,0,0,45.26152,0,1.72936,0,3.10866,0,0,0,0,0,0,0,0,0,0,0,0,0,0,0,0,0,0,0,0,0,0,0,0,0,0
GF20_d89_b3,100,0,0,0,0,0,0,0,0,0,0,0,0,0,0,0,0,0,0,0,0,0,0,0,0,0,0,0,0,0,0,0,0,0,0,0,0,0
GF20_d89_b5,0,0,100,0,0,0,0,0,0,0,0,0,0,0,0,0,0,0,0,0,0,0,0,0,0,0,0,0,0,0,0,0,0,0,0,0,0,0
GF20_d89_b6,98.62792,0,0,0,0,0,0,1.37208,0,0,0,0,0,0,0,0,0,0,0,0,0,0,0,0,0,0,0,0,0,0,0,0,0,0,0,0,0,0
GF21_B3_d91_stool,0,0.18335,15.41695,0,0,0,0,0,0,0,0,0,0,0,0,0,0,0,0,0,0,0,0,84.3997,0,0,0,0,0,0,0,0,0,0,0,0,0,0
GF21_B4_d91_stool,0,4.10638,95.89362,0,0,0,0,0,0,0,0,0,0,0,0,0,0,0,0,0,0,0,0,0,0,0,0,0,0,0,0,0,0,0,0,0,0,0
GF21_B6_d93_stool,0,0,3.94279,0,0,0,0,0,0,0,0,0,0,0,0,0,0,0,0,0,0,0,0,96.05721,0,0,0,0,0,0,0,0,0,0,0,0,0,0
GF21_B7_d94_stool,0,0,100,0,0,0,0,0,0,0,0,0,0,0,0,0,0,0,0,0,0,0,0,0,0,0,0,0,0,0,0,0,0,0,0,0,0,0
GF21_B9_d93_stool,0,0,5.52115,0,0,0,0,0,0,0,0,0,0,0,0,0,0,0,0,0,0,0,0,94.47885,0,0,0,0,0,0,0,0,0,0,0,0,0,0
GF21_C1_d116_stool,0,0,0,0,0,0,0,0,0,0,0,0,0,0,0,0,0,0,0,0,0,0,0,100,0,0,0,0,0,0,0,0,0,0,0,0,0,0
GF21_C1_d91_stool,0,0.1868,98.2256,0,0,0,0,0,0,0,0,0,0,0,0,0,0,0,0,0,0,0,0,1.5876,0,0,0,0,0,0,0,0,0,0,0,0,0,0
GF21_C2_d115_stool,0,100,0,0,0,0,0,0,0,0,0,0,0,0,0,0,0,0,0,0,0,0,0,0,0,0,0,0,0,0,0,0,0,0,0,0,0,0
GF21_C2_d118_cwash,0,97.54296,0,0,0,0,0,0,0,0,0,0,0,0,0,0,0,0,0,0,0,0,0,0,0,0,0,0,0,2.45704,0,0,0,0,0,0,0,0
GF21_C2_d91_stool,0,0.01674,17.02576,0,0,0,0,0,0,0,0,0,0,0,0,0,0,0,0,0,0,0,0,82.95751,0,0,0,0,0,0,0,0,0,0,0,0,0,0
GF21_C3_d116_stool,0,0,100,0,0,0,0,0,0,0,0,0,0,0,0,0,0,0,0,0,0,0,0,0,0,0,0,0,0,0,0,0,0,0,0,0,0,0
GF21_C3_d117_stool,0,22.23395,0,0,0,0,0,0,0,0,0,0,0,0,0,0,0,0,0,0,0,0,0,77.76605,0,0,0,0,0,0,0,0,0,0,0,0,0,0
GF21_C3_d118_cwash,0,100,0,0,0,0,0,0,0,0,0,0,0,0,0,0,0,0,0,0,0,0,0,0,0,0,0,0,0,0,0,0,0,0,0,0,0,0
GF21_C3_d91_stool,0,0,2.3361,0,0,0,0,0,0,0,0,0,0,0,0,0,0,0,0,0,0,0,0,97.6639,0,0,0,0,0,0,0,0,0,0,0,0,0,0
GF21_C4_d118_cwash,0,0,0,0,0,0,0,0,0,0,0,0,0,0,0,0,0,0,0,0,0,0,0,100,0,0,0,0,0,0,0,0,0,0,0,0,0,0
GF21_C5_d117_stool,0,0,25.45545,0,0,0,0,0,0,0,0,0,0,0,0,0,0,0,0,0,0,0,0,74.54455,0,0,0,0,0,0,0,0,0,0,0,0,0,0
GF21_C5_d93_stool,0,1.42256,98.57744,0,0,0,0,0,0,0,0,0,0,0,0,0,0,0,0,0,0,0,0,0,0,0,0,0,0,0,0,0,0,0,0,0,0,0
GF21_C7_d115_stool,0,0,2.62446,0,0,0,0,0,0,0,0,0,0,0,0,0,0,0,0,0,0,0,0,97.37554,0,0,0,0,0,0,0,0,0,0,0,0,0,0
GF21_C7_d118_cwash,0,100,0,0,0,0,0,0,0,0,0,0,0,0,0,0,0,0,0,0,0,0,0,0,0,0,0,0,0,0,0,0,0,0,0,0,0,0
GF21_C8_d115_stool,0,0,0.13894,0,0,0,0,0,0,0,0,0,0,0,0,0,0,0,0,0,0,0,0,99.86106,0,0,0,0,0,0,0,0,0,0,0,0,0,0
GF21_C9_d94_stool,0,0,0,0,0,0,0,0,0,0,0,0,0,0,0,0,0,0,0,0,0,0,0,100,0,0,0,0,0,0,0,0,0,0,0,0,0,0
GF21_Cdam_d113_stool,0,0.09116,81.27365,0,0,0,0,0,0,0,0,0,0,0,0,0,0,0,0,0,0,0,0,10.43267,0,0,8.20252,0,0,0,0,0,0,0,0,0,0,0
GF21_d0_Adam_Stool,0,95.13805,0,0,4.86195,0,0,0,0,0,0,0,0,0,0,0,0,0,0,0,0,0,0,0,0,0,0,0,0,0,0,0,0,0,0,0,0,0
GF21_d0_INOC_INOC,0,0.26321,63.10216,0,0,0,0,0,0,0,0,0,0,0,0,0,0,0,0,0,0,0,0,36.63463,0,0,0,0,0,0,0,0,0,0,0,0,0,0
GF21_d1_Bdam_Stool,0,0.61383,96.86142,0,0,0,0,0,0,0,0,0,0,0,0,0,0,0,0,0,0,0,0,2.52475,0,0,0,0,0,0,0,0,0,0,0,0,0,0
GF21_d115_C1_Stool,0,0.03747,0.73115,0,0,0,0,0,0,0,0,0,0,0,0,0,0,0,0,0,0,0,0,99.23138,0,0,0,0,0,0,0,0,0,0,0,0,0,0
GF21_d115_C3_Stool,0,0,1.27646,0,0,0,0,0,0,0,0,0,0,0,0,0,0,0,0,0,0,0,0,98.72354,0,0,0,0,0,0,0,0,0,0,0,0,0,0
GF21_d115_C5_Stool,0,5.62121,6.15095,0,0.47608,0,0,0,0,0,0,0,0,0,0,0,0,0,0,0,0,0,0,87.75177,0,0,0,0,0,0,0,0,0,0,0,0,0,0
GF21_d35_A1_cwash,0,95.0472,0,0,3.22713,0,0,0,0,0,0,0,0,0,0,0,0,0,0,0,0,0,0,1.72567,0,0,0,0,0,0,0,0,0,0,0,0,0,0
GF21_d35_A2_cwash,0,95.93974,0,0,4.06026,0,0,0,0,0,0,0,0,0,0,0,0,0,0,0,0,0,0,0,0,0,0,0,0,0,0,0,0,0,0,0,0,0
GF21_d35_A3_cwash,0,100,0,0,0,0,0,0,0,0,0,0,0,0,0,0,0,0,0,0,0,0,0,0,0,0,0,0,0,0,0,0,0,0,0,0,0,0
GF21_d35_A4_cwash,0,95.65374,0,0,4.34626,0,0,0,0,0,0,0,0,0,0,0,0,0,0,0,0,0,0,0,0,0,0,0,0,0,0,0,0,0,0,0,0,0
GF21_d35_A5_cwash,0,93.1137,0,0,6.8863,0,0,0,0,0,0,0,0,0,0,0,0,0,0,0,0,0,0,0,0,0,0,0,0,0,0,0,0,0,0,0,0,0
GF21_d35_A6_cwash,0,94.97732,0,0,5.02268,0,0,0,0,0,0,0,0,0,0,0,0,0,0,0,0,0,0,0,0,0,0,0,0,0,0,0,0,0,0,0,0,0
GF21_d35_A7_cwash,0,79.49894,15.16312,0,5.33794,0,0,0,0,0,0,0,0,0,0,0,0,0,0,0,0,0,0,0,0,0,0,0,0,0,0,0,0,0,0,0,0,0
GF21_d35_B1_cwash,0,52.74155,47.25845,0,0,0,0,0,0,0,0,0,0,0,0,0,0,0,0,0,0,0,0,0,0,0,0,0,0,0,0,0,0,0,0,0,0,0
GF21_d35_B2_cwash,0,93.1141,0,0,6.8859,0,0,0,0,0,0,0,0,0,0,0,0,0,0,0,0,0,0,0,0,0,0,0,0,0,0,0,0,0,0,0,0,0
GF21_d35_B3_cwash,0,66.9711,33.0289,0,0,0,0,0,0,0,0,0,0,0,0,0,0,0,0,0,0,0,0,0,0,0,0,0,0,0,0,0,0,0,0,0,0,0
GF21_d35_B4_cwash,0,86.27285,11.43075,0,2.2964,0,0,0,0,0,0,0,0,0,0,0,0,0,0,0,0,0,0,0,0,0,0,0,0,0,0,0,0,0,0,0,0,0
GF21_d35_B5_cwash,0,88.18435,0,0,9.4729,0,0,0,0,0,0,0,0,0,0,0,0,0,0,0,0,0,0,2.34275,0,0,0,0,0,0,0,0,0,0,0,0,0,0
GF21_d35_B6_cwash,0,92.49553,0,0,6.5086,0,0,0,0,0,0,0,0,0,0,0,0,0,0,0,0,0,0,0.99587,0,0,0,0,0,0,0,0,0,0,0,0,0,0
GF21_d35_B7_cwash,0,63.76474,30.79831,0,5.43695,0,0,0,0,0,0,0,0,0,0,0,0,0,0,0,0,0,0,0,0,0,0,0,0,0,0,0,0,0,0,0,0,0
GF21_d35_B8_cwash,0,85.77664,3.15832,0,3.95022,0,0,0,0,0,0,0,0,0,0,0,0,0,0,0,0,0,0,7.11483,0,0,0,0,0,0,0,0,0,0,0,0,0,0
GF21_d36_Bdam_Stool,0,0.05992,76.81229,0,0,0,0,0,0,0,0,0,0,0,0,0,0,0,0,0,0,0,0,18.8015,0,0,4.3263,0,0,0,0,0,0,0,0,0,0,0
GF21_d58_A1_cwash,0,91.01855,3.85505,0,5.1264,0,0,0,0,0,0,0,0,0,0,0,0,0,0,0,0,0,0,0,0,0,0,0,0,0,0,0,0,0,0,0,0,0
GF21_d58_A10_cwash,0,96.10359,0,0,3.89641,0,0,0,0,0,0,0,0,0,0,0,0,0,0,0,0,0,0,0,0,0,0,0,0,0,0,0,0,0,0,0,0,0
GF21_d58_A2_cwash,0,88.59937,0,0,11.40063,0,0,0,0,0,0,0,0,0,0,0,0,0,0,0,0,0,0,0,0,0,0,0,0,0,0,0,0,0,0,0,0,0
GF21_d58_A3_cwash,0,88.88747,0,0,10.64536,0,0,0,0,0,0,0,0,0,0,0,0,0,0,0,0,0,0,0.46717,0,0,0,0,0,0,0,0,0,0,0,0,0,0
GF21_d58_A4_cwash,0,87.95024,6.73991,0,5.30985,0,0,0,0,0,0,0,0,0,0,0,0,0,0,0,0,0,0,0,0,0,0,0,0,0,0,0,0,0,0,0,0,0
GF21_d58_A5_cwash,0,87.3075,0,0,12.6925,0,0,0,0,0,0,0,0,0,0,0,0,0,0,0,0,0,0,0,0,0,0,0,0,0,0,0,0,0,0,0,0,0
GF21_d58_A6_cwash,0,93.51539,0,0,6.48461,0,0,0,0,0,0,0,0,0,0,0,0,0,0,0,0,0,0,0,0,0,0,0,0,0,0,0,0,0,0,0,0,0
GF21_d58_A7_cwash,0,99.19702,0,0,0.80298,0,0,0,0,0,0,0,0,0,0,0,0,0,0,0,0,0,0,0,0,0,0,0,0,0,0,0,0,0,0,0,0,0
GF21_d58_A8_cwash,0,36.15243,63.84757,0,0,0,0,0,0,0,0,0,0,0,0,0,0,0,0,0,0,0,0,0,0,0,0,0,0,0,0,0,0,0,0,0,0,0
GF21_d58_A9_cwash,0,93.51818,0,0,4.59455,0,0,0,0,0,0,0,0,0,0,0,0,0,0,0,0,0,0,1.88727,0,0,0,0,0,0,0,0,0,0,0,0,0,0
GF21_d58_B1_cwash,0,49.76443,50.23557,0,0,0,0,0,0,0,0,0,0,0,0,0,0,0,0,0,0,0,0,0,0,0,0,0,0,0,0,0,0,0,0,0,0,0
GF21_d58_B2_cwash,0,87.7905,0,0,7.45393,0,0,0,0,0,0,0,0,0,0,0,0,0,0,0,0,0,0,4.75557,0,0,0,0,0,0,0,0,0,0,0,0,0,0
GF21_d58_B3_cwash,0,89.36646,0,0,10.63354,0,0,0,0,0,0,0,0,0,0,0,0,0,0,0,0,0,0,0,0,0,0,0,0,0,0,0,0,0,0,0,0,0
GF21_d58_B4_cwash,0,66.18172,33.81828,0,0,0,0,0,0,0,0,0,0,0,0,0,0,0,0,0,0,0,0,0,0,0,0,0,0,0,0,0,0,0,0,0,0,0
GF21_d58_B5_cwash,0,32.18682,0,0,0,0,0,0,0,0,0,0,0,0,0,0,0,0,0,0,0,0,0,67.81318,0,0,0,0,0,0,0,0,0,0,0,0,0,0
GF21_d58_B6_cwash,0,90.29974,0,0,9.70026,0,0,0,0,0,0,0,0,0,0,0,0,0,0,0,0,0,0,0,0,0,0,0,0,0,0,0,0,0,0,0,0,0
GF21_d58_B7_cwash,0,15.49694,84.50306,0,0,0,0,0,0,0,0,0,0,0,0,0,0,0,0,0,0,0,0,0,0,0,0,0,0,0,0,0,0,0,0,0,0,0
GF21_d58_B8_cwash,0,49.12506,49.75951,0,0,0,0,0,0,0,0,0,0,0,0,0,0,0,0,0,0,0,0,1.11543,0,0,0,0,0,0,0,0,0,0,0,0,0,0
GF21_d58_B9_cwash,0,34.56194,64.73226,0,0.70581,0,0,0,0,0,0,0,0,0,0,0,0,0,0,0,0,0,0,0,0,0,0,0,0,0,0,0,0,0,0,0,0,0
GF21_d62_Bdam_Stool,0,0.01849,59.14708,0,0,0,0,0,0,0,0,0,0,0,0,0,0,0,0,0,0,0,0,35.95822,0,0,4.87622,0,0,0,0,0,0,0,0,0,0,0
GF21_d66_C1_cwash,0,80.89885,16.49722,0,2.60393,0,0,0,0,0,0,0,0,0,0,0,0,0,0,0,0,0,0,0,0,0,0,0,0,0,0,0,0,0,0,0,0,0
GF21_d66_C2_cwash,0,100,0,0,0,0,0,0,0,0,0,0,0,0,0,0,0,0,0,0,0,0,0,0,0,0,0,0,0,0,0,0,0,0,0,0,0,0
GF21_d66_C3_cwash,0,84.14037,8.75682,0,7.10281,0,0,0,0,0,0,0,0,0,0,0,0,0,0,0,0,0,0,0,0,0,0,0,0,0,0,0,0,0,0,0,0,0
GF21_d66_C4_cwash,0,92.76501,3.19684,0,4.03815,0,0,0,0,0,0,0,0,0,0,0,0,0,0,0,0,0,0,0,0,0,0,0,0,0,0,0,0,0,0,0,0,0
GF21_d66_C5_cwash,0,91.45025,0,0,8.54975,0,0,0,0,0,0,0,0,0,0,0,0,0,0,0,0,0,0,0,0,0,0,0,0,0,0,0,0,0,0,0,0,0
GF21_d66_C6_cwash,0,91.60947,4.35001,0,4.04052,0,0,0,0,0,0,0,0,0,0,0,0,0,0,0,0,0,0,0,0,0,0,0,0,0,0,0,0,0,0,0,0,0
GF21_d66_C7_cwash,0,91.43758,3.82174,0,4.74068,0,0,0,0,0,0,0,0,0,0,0,0,0,0,0,0,0,0,0,0,0,0,0,0,0,0,0,0,0,0,0,0,0
GF21_d82_A10_Stool,0,3.51365,45.64736,0,0,0,0,0,0,0,0,0,0,0,0,0,0,0,0,0,0,0,0,50.839,0,0,0,0,0,0,0,0,0,0,0,0,0,0
GF21_d82_A2_Stool,0,0,93.62031,0,0,0,0,0,0,0,0,0,0,0,0,0,0,0,0,0,0,0,0,6.37969,0,0,0,0,0,0,0,0,0,0,0,0,0,0
GF21_d82_A7_Stool,0,2.07952,88.11768,0,0,0,0,0,0,0,0,0,0,0,0,0,0,0,0,0,0,0,0,9.80281,0,0,0,0,0,0,0,0,0,0,0,0,0,0
GF21_d83_A4_Stool,0,0.30585,85.95427,0,0,0,0,0,0,0,0,0,0,0,0,0,0,0,0,0,0,0,0,13.73988,0,0,0,0,0,0,0,0,0,0,0,0,0,0
GF21_d83_A5_Stool,0,3.22964,95.96786,0,0.17708,0,0,0,0,0,0,0,0,0,0,0,0,0,0,0,0,0,0,0.62542,0,0,0,0,0,0,0,0,0,0,0,0,0,0
GF21_d83_A8_Stool,0,0.64027,98.82564,0,0,0,0,0,0,0,0,0,0,0,0,0,0,0,0,0,0,0,0,0.53409,0,0,0,0,0,0,0,0,0,0,0,0,0,0
GF21_d84_A7_Stool,0,0.79857,73.15807,0,0,0,0,0,0,0,0,0,0,0,0,0,0,0,0,0,0,0,0,26.04336,0,0,0,0,0,0,0,0,0,0,0,0,0,0
GF21_d85_A1_cwash,0,100,0,0,0,0,0,0,0,0,0,0,0,0,0,0,0,0,0,0,0,0,0,0,0,0,0,0,0,0,0,0,0,0,0,0,0,0
GF21_d85_A3_cwash,0,100,0,0,0,0,0,0,0,0,0,0,0,0,0,0,0,0,0,0,0,0,0,0,0,0,0,0,0,0,0,0,0,0,0,0,0,0
GF21_d85_A4_cwash,0,100,0,0,0,0,0,0,0,0,0,0,0,0,0,0,0,0,0,0,0,0,0,0,0,0,0,0,0,0,0,0,0,0,0,0,0,0
GF21_d85_A5_cwash,0,100,0,0,0,0,0,0,0,0,0,0,0,0,0,0,0,0,0,0,0,0,0,0,0,0,0,0,0,0,0,0,0,0,0,0,0,0
GF21_d85_A6_cwash,0,100,0,0,0,0,0,0,0,0,0,0,0,0,0,0,0,0,0,0,0,0,0,0,0,0,0,0,0,0,0,0,0,0,0,0,0,0
GF21_d85_A7_cwash,0,100,0,0,0,0,0,0,0,0,0,0,0,0,0,0,0,0,0,0,0,0,0,0,0,0,0,0,0,0,0,0,0,0,0,0,0,0
GF21_d85_A8_cwash,0,100,0,0,0,0,0,0,0,0,0,0,0,0,0,0,0,0,0,0,0,0,0,0,0,0,0,0,0,0,0,0,0,0,0,0,0,0
GF21_d91_B1_Stool,0,0.06292,1.87061,0,0,0,0,0,0,0,0,0,0,0,0,0,0,0,0,0,0,0,0,98.06647,0,0,0,0,0,0,0,0,0,0,0,0,0,0
GF21_d91_B2_Stool,0,0.03209,5.69119,0,0,0,0,0,0,0,0,0,0,0,0,0,0,0,0,0,0,0,0,94.27672,0,0,0,0,0,0,0,0,0,0,0,0,0,0
GF21_d93_B2_Stool,0,0.0225,98.9617,0,0,0,0,0,0,0,0,0,0,0,0,0,0,0,0,0,0,0,0,1.0158,0,0,0,0,0,0,0,0,0,0,0,0,0,0
GF21_d93_B4_Stool,0,0,57.44478,0,0,0,0,0,0,0,0,0,0,0,0,0,0,0,0,0,0,0,0,42.55522,0,0,0,0,0,0,0,0,0,0,0,0,0,0
GF21_d93_B7_Stool,0,0.07445,94.25668,0,0,0,0,0,0,0,0,0,0,0,0,0,0,0,0,0,0,0,0,5.66887,0,0,0,0,0,0,0,0,0,0,0,0,0,0
GF21_d93_B8_Stool,0,32.4769,67.5231,0,0,0,0,0,0,0,0,0,0,0,0,0,0,0,0,0,0,0,0,0,0,0,0,0,0,0,0,0,0,0,0,0,0,0
GF21_d93_C1_Stool,0,0,5.64857,0,0,0,0,0,0,0,0,0,0,0,0,0,0,0,0,0,0,0,0,94.35143,0,0,0,0,0,0,0,0,0,0,0,0,0,0
GF21_d93_C10_cwash,0,100,0,0,0,0,0,0,0,0,0,0,0,0,0,0,0,0,0,0,0,0,0,0,0,0,0,0,0,0,0,0,0,0,0,0,0,0
GF21_d93_C2_Stool,0,0,93.84897,0,0,0,0,0,0,0,0,0,0,0,0,0,0,0,0,0,0,0,0,6.15103,0,0,0,0,0,0,0,0,0,0,0,0,0,0
GF21_d93_C3_Stool,0,0.06052,6.38041,0,0,0,0,0,0,0,0,0,0,0,0,0,0,0,0,0,0,0,0,93.55907,0,0,0,0,0,0,0,0,0,0,0,0,0,0
GF21_d93_C4_Stool,0,0.07406,6.69513,0,0,0,0,0,0,0,0,0,0,0,0,0,0,0,0,0,0,0,0,93.23081,0,0,0,0,0,0,0,0,0,0,0,0,0,0
GF21_d93_C9_Stool,0,0,4.64643,0,0,0,0,0,0,0,0,0,0,0,0,0,0,0,0,0,0,0,0,95.35357,0,0,0,0,0,0,0,0,0,0,0,0,0,0
GF21_d94_B2_Stool,0,1.32112,98.63269,0,0,0,0,0,0,0,0,0,0,0,0,0,0,0,0,0,0,0,0,0.04619,0,0,0,0,0,0,0,0,0,0,0,0,0,0
GF21_d95_B1_cwash,0,0.64386,99.35614,0,0,0,0,0,0,0,0,0,0,0,0,0,0,0,0,0,0,0,0,0,0,0,0,0,0,0,0,0,0,0,0,0,0,0
GF21_d95_B2_cwash,0,0,100,0,0,0,0,0,0,0,0,0,0,0,0,0,0,0,0,0,0,0,0,0,0,0,0,0,0,0,0,0,0,0,0,0,0,0
GF21_d95_B3_cwash,0,8.3793,91.6207,0,0,0,0,0,0,0,0,0,0,0,0,0,0,0,0,0,0,0,0,0,0,0,0,0,0,0,0,0,0,0,0,0,0,0
GF21_d95_B4_cwash,0,94.4457,0,0,5.5543,0,0,0,0,0,0,0,0,0,0,0,0,0,0,0,0,0,0,0,0,0,0,0,0,0,0,0,0,0,0,0,0,0
GF21_d95_B6_cwash,0,12.29746,87.70254,0,0,0,0,0,0,0,0,0,0,0,0,0,0,0,0,0,0,0,0,0,0,0,0,0,0,0,0,0,0,0,0,0,0,0
GF21_d95_B7_cwash,0,26.61659,73.38341,0,0,0,0,0,0,0,0,0,0,0,0,0,0,0,0,0,0,0,0,0,0,0,0,0,0,0,0,0,0,0,0,0,0,0
GF21_d95_B9_cwash,0,5.14047,94.85953,0,0,0,0,0,0,0,0,0,0,0,0,0,0,0,0,0,0,0,0,0,0,0,0,0,0,0,0,0,0,0,0,0,0,0
GF21_d95_C1_cwash,0,2.30979,97.69021,0,0,0,0,0,0,0,0,0,0,0,0,0,0,0,0,0,0,0,0,0,0,0,0,0,0,0,0,0,0,0,0,0,0,0
GF21_d95_C2_cwash,0,51.34693,48.65307,0,0,0,0,0,0,0,0,0,0,0,0,0,0,0,0,0,0,0,0,0,0,0,0,0,0,0,0,0,0,0,0,0,0,0
GF21_d95_C3_cwash,0,0,100,0,0,0,0,0,0,0,0,0,0,0,0,0,0,0,0,0,0,0,0,0,0,0,0,0,0,0,0,0,0,0,0,0,0,0
GF21_d95_C4_cwash,0,3.24991,96.75009,0,0,0,0,0,0,0,0,0,0,0,0,0,0,0,0,0,0,0,0,0,0,0,0,0,0,0,0,0,0,0,0,0,0,0
GF21_d95_C5_cwash,0,2.22382,97.77618,0,0,0,0,0,0,0,0,0,0,0,0,0,0,0,0,0,0,0,0,0,0,0,0,0,0,0,0,0,0,0,0,0,0,0
GF21_d95_C8_cwash,0,100,0,0,0,0,0,0,0,0,0,0,0,0,0,0,0,0,0,0,0,0,0,0,0,0,0,0,0,0,0,0,0,0,0,0,0,0
GF21_d95_C9_cwash,0,38.24339,0,0,0,0,0,0,0,0,0,0,0,0,0,0,0,0,0,0,0,0,0,61.75661,0,0,0,0,0,0,0,0,0,0,0,0,0,0
GF23_d0_inoc,53.70568,0,10.91099,0,0,0,0,7.12896,3.78277,2.43906,7.35401,0.30486,8.17863,0,3.5108,0,0,0,0,0,0,0,0.71154,0.08538,0,1.88733,0,0,0,0,0,0,0,0,0,0,0,0
GF23_d10_dama,3.47248,0,8.22753,0,0,0,0,28.24614,11.57605,7.99597,0,3.09104,0.65766,0,8.88794,0,0,0,0,0,0,0,0,0,0,27.84518,0,0,0,0,0,0,0,0,0,0,0,0
GF23_d10_damb,7.57049,0,6.50985,0,0,0,0,25.71526,19.31548,6.60986,0,3.87427,1.30972,0,15.87985,0,0,0,0,0,0,0,0,0,0,13.21522,0,0,0,0,0,0,0,0,0,0,0,0
GF23_d17_dama,3.10847,0,6.98638,0,0,0,0,46.68769,14.53708,8.76672,0,3.98382,1.20929,0,11.78772,0,0,0,0,0,0,0,0,0,0,2.93285,0,0,0,0,0,0,0,0,0,0,0,0
GF23_d17_damb,3.82767,0,5.52823,0,0,0,0,42.07756,18.94611,8.94415,0,3.71675,1.17482,0,14.03772,0,0,0,0,0,0,0,0,0,0,1.74699,0,0,0,0,0,0,0,0,0,0,0,0
GF23_d17_damc,4.35028,0,7.59081,0,0,0,0,37.16389,21.56006,9.62334,0,3.26788,0.78079,0,15.38557,0,0,0,0,0,0,0,0,0,0,0.27739,0,0,0,0,0,0,0,0,0,0,0,0
GF23_d19_dama,4.3,0,4.32707,0,0,0,0,59.98579,7.55259,15.08686,0,2.80462,0.43937,0,5.03338,0,0,0,0,0,0,0,0,0,0,0.47033,0,0,0,0,0,0,0,0,0,0,0,0
GF23_d32_damb,2.3628,0,7.27067,0,0,0,0,41.71106,17.45534,14.73437,0,1.88083,0,0,14.58493,0,0,0,0,0,0,0,0,0,0,0,0,0,0,0,0,0,0,0,0,0,0,0
GF23_d35_c1,100,0,0,0,0,0,0,0,0,0,0,0,0,0,0,0,0,0,0,0,0,0,0,0,0,0,0,0,0,0,0,0,0,0,0,0,0,0
GF23_d36_c1,100,0,0,0,0,0,0,0,0,0,0,0,0,0,0,0,0,0,0,0,0,0,0,0,0,0,0,0,0,0,0,0,0,0,0,0,0,0
GF23_d36_c2,100,0,0,0,0,0,0,0,0,0,0,0,0,0,0,0,0,0,0,0,0,0,0,0,0,0,0,0,0,0,0,0,0,0,0,0,0,0
GF23_d36_c3,100,0,0,0,0,0,0,0,0,0,0,0,0,0,0,0,0,0,0,0,0,0,0,0,0,0,0,0,0,0,0,0,0,0,0,0,0,0
GF23_d36_c4,93.85375,0,0,0,0,0,0,6.14625,0,0,0,0,0,0,0,0,0,0,0,0,0,0,0,0,0,0,0,0,0,0,0,0,0,0,0,0,0,0
GF23_d39_damb,1.59718,0,4.67574,0,0,0,0,53.96227,13.91661,12.51143,0,2.48913,1.56812,0,8.31849,0,0,0,0,0,0,0,0,0,0,0.96102,0,0,0,0,0,0,0,0,0,0,0,0
GF23_d47_dama,13.18747,0,5.00091,0,0,0,0,14.54251,3.1011,2.56214,0,7.38367,0.21676,0,50.32305,0,0,0,0,0,0,0,0,0,0,3.68239,0,0,0,0,0,0,0,0,0,0,0,0
GF23_d47_damb,4.44237,0,4.57542,0,0,0,0,40.12754,23.90876,11.11977,0,2.39421,0.61127,0,11.2789,0,0,0,0,0,0,0,0,0,0,1.54177,0,0,0,0,0,0,0,0,0,0,0,0
GF23_d47_damc,15.73811,0,12.68241,0,0,0,0,8.37576,15.43613,3.48915,0,8.1858,0.98178,0,32.19154,0,0,0,0,0,0,0,0,0,0,2.91932,0,0,0,0,0,0,0,0,0,0,0,0
GF23_d52_a1,100,0,0,0,0,0,0,0,0,0,0,0,0,0,0,0,0,0,0,0,0,0,0,0,0,0,0,0,0,0,0,0,0,0,0,0,0,0
GF23_d52_a2,99.52875,0,0.35407,0,0,0,0,0.02165,0,0.09553,0,0,0,0,0,0,0,0,0,0,0,0,0,0,0,0,0,0,0,0,0,0,0,0,0,0,0,0
GF23_d52_a5,99.01823,0,0.97848,0,0,0,0,0,0,0.00329,0,0,0,0,0,0,0,0,0,0,0,0,0,0,0,0,0,0,0,0,0,0,0,0,0,0,0,0
GF23_d52_a6,99.61556,0,0.09027,0,0,0,0,0,0,0,0,0.29416,0,0,0,0,0,0,0,0,0,0,0,0,0,0,0,0,0,0,0,0,0,0,0,0,0,0
GF23_d52_a8,99.93152,0,0.06848,0,0,0,0,0,0,0,0,0,0,0,0,0,0,0,0,0,0,0,0,0,0,0,0,0,0,0,0,0,0,0,0,0,0,0
GF23_d52_a9,99.38451,0,0.61549,0,0,0,0,0,0,0,0,0,0,0,0,0,0,0,0,0,0,0,0,0,0,0,0,0,0,0,0,0,0,0,0,0,0,0
GF23_d54_damc,3.36524,0,8.90257,0,0,0,0,42.71891,14.57834,19.11974,0,2.58339,1.78358,0,6.94825,0,0,0,0,0,0,0,0,0,0,0,0,0,0,0,0,0,0,0,0,0,0,0
GF23_d56_c2,99.55067,0,0.44933,0,0,0,0,0,0,0,0,0,0,0,0,0,0,0,0,0,0,0,0,0,0,0,0,0,0,0,0,0,0,0,0,0,0,0
GF23_d56_c3,100,0,0,0,0,0,0,0,0,0,0,0,0,0,0,0,0,0,0,0,0,0,0,0,0,0,0,0,0,0,0,0,0,0,0,0,0,0
GF23_d56_c6,99.84385,0,0.15615,0,0,0,0,0,0,0,0,0,0,0,0,0,0,0,0,0,0,0,0,0,0,0,0,0,0,0,0,0,0,0,0,0,0,0
GF23_d57_c2,95.71225,0,1.73839,0,0,0,0,0,0,0,0,2.54936,0,0,0,0,0,0,0,0,0,0,0,0,0,0,0,0,0,0,0,0,0,0,0,0,0,0
GF23_d57_c4,100,0,0,0,0,0,0,0,0,0,0,0,0,0,0,0,0,0,0,0,0,0,0,0,0,0,0,0,0,0,0,0,0,0,0,0,0,0
GF23_d57_c5,100,0,0,0,0,0,0,0,0,0,0,0,0,0,0,0,0,0,0,0,0,0,0,0,0,0,0,0,0,0,0,0,0,0,0,0,0,0
GF23_d58_c3,0,0,58.03759,0,0,0,0,0,15.51286,26.44955,0,0,0,0,0,0,0,0,0,0,0,0,0,0,0,0,0,0,0,0,0,0,0,0,0,0,0,0
GF23_d59_c1,92.85425,0,7.14575,0,0,0,0,0,0,0,0,0,0,0,0,0,0,0,0,0,0,0,0,0,0,0,0,0,0,0,0,0,0,0,0,0,0,0
GF23_d59_c2,0,0,100,0,0,0,0,0,0,0,0,0,0,0,0,0,0,0,0,0,0,0,0,0,0,0,0,0,0,0,0,0,0,0,0,0,0,0
GF23_d59_c4,0,0,95.68116,0,0,0,0,0,4.31884,0,0,0,0,0,0,0,0,0,0,0,0,0,0,0,0,0,0,0,0,0,0,0,0,0,0,0,0,0
GF23_d59_c6,100,0,0,0,0,0,0,0,0,0,0,0,0,0,0,0,0,0,0,0,0,0,0,0,0,0,0,0,0,0,0,0,0,0,0,0,0,0
GF23_d62_dama,3.27659,0,6.63812,0,0,0,0,48.34191,19.40077,14.83734,0,2.91311,0,0,4.17139,0,0,0,0,0,0,0,0,0,0,0.42078,0,0,0,0,0,0,0,0,0,0,0,0
GF23_d62_damb,3.22953,0,4.94494,0,0,0,0,28.72966,28.60667,19.43689,0,3.60603,2.52554,0,7.27917,0,0,0,0,0,0,0,0,0,0,1.64158,0,0,0,0,0,0,0,0,0,0,0,0
GF23_d62_damc,2.44442,0,14.74987,0,0,0,0,27.69457,30.64253,6.8182,0,8.59615,0.27134,0,0,0,0,0,0,0,0,0,0,0,0,8.78291,0,0,0,0,0,0,0,0,0,0,0,0
GF23_d7_damb,3.06266,0,4.90702,0,0,0,0,13.19189,8.09001,4.94303,0,2.96323,0.50051,0,4.84528,0,0,0,0,0,0,0,0,0,0,57.49637,0,0,0,0,0,0,0,0,0,0,0,0
GF23_d7_damc,3.7452,0,3.9336,0,0,0,0,38.11495,13.03129,19.70363,0,5.46748,1.05834,0,1.55351,0,0,0,0,0,0,0,0,0,0,13.392,0,0,0,0,0,0,0,0,0,0,0,0
GF23_d77_damb,4.5536,0,5.17627,0,0,0,0,31.51265,29.46385,12.36186,0,3.278,1.20825,0,10.41414,0,0,0,0,0,0,0,0,0,0,2.03137,0,0,0,0,0,0,0,0,0,0,0,0
GF23_d80_c3,100,0,0,0,0,0,0,0,0,0,0,0,0,0,0,0,0,0,0,0,0,0,0,0,0,0,0,0,0,0,0,0,0,0,0,0,0,0
GF23_d80_c7,100,0,0,0,0,0,0,0,0,0,0,0,0,0,0,0,0,0,0,0,0,0,0,0,0,0,0,0,0,0,0,0,0,0,0,0,0,0
GF23_d84_c1,0,0,100,0,0,0,0,0,0,0,0,0,0,0,0,0,0,0,0,0,0,0,0,0,0,0,0,0,0,0,0,0,0,0,0,0,0,0
GF23_d84_c2,0,0,100,0,0,0,0,0,0,0,0,0,0,0,0,0,0,0,0,0,0,0,0,0,0,0,0,0,0,0,0,0,0,0,0,0,0,0
GF23_d84_c3,0,0,100,0,0,0,0,0,0,0,0,0,0,0,0,0,0,0,0,0,0,0,0,0,0,0,0,0,0,0,0,0,0,0,0,0,0,0
GF23_d84_c4,0,0,100,0,0,0,0,0,0,0,0,0,0,0,0,0,0,0,0,0,0,0,0,0,0,0,0,0,0,0,0,0,0,0,0,0,0,0
GF23_d84_c5,0,0,100,0,0,0,0,0,0,0,0,0,0,0,0,0,0,0,0,0,0,0,0,0,0,0,0,0,0,0,0,0,0,0,0,0,0,0
GF23_d84_c9,0,0,94.6619,0,0,0,0,0,0.49943,4.83868,0,0,0,0,0,0,0,0,0,0,0,0,0,0,0,0,0,0,0,0,0,0,0,0,0,0,0,0
GF23_d89_damb,2.6347,0,7.07797,0,0,0,0,35.85894,25.68731,10.13128,0,3.57221,4.35682,0,9.9542,0,0,0,0,0,0,0,0,0,0,0.72658,0,0,0,0,0,0,0,0,0,0,0,0
GF23_d89_damc,4.11724,0,26.68235,0,0,0,0,16.91103,34.50024,10.81927,0,4.80001,0,0,0,0,0,0,0,0,0,0,0,0,0,2.16986,0,0,0,0,0,0,0,0,0,0,0,0
GF23_damA_32_stool,19.56603,0,6.66451,0,0,0,0,10.89855,5.40589,1.58928,0,8.02356,0.00817,0,46.85998,0,0,0,0,0,0,0,0,0,0,0.98403,0,0,0,0,0,0,0,0,0,0,0,0
GF23_damC_10_stool,2.47665,0,3.85513,0,0,0,0,27.65855,3.70466,20.19753,0,4.55674,0.29257,0,0,0,0,0,0,0,0,0,0,0,0,37.25817,0,0,0,0,0,0,0,0,0,0,0,0
GF23_damC_32_stool,16.25215,0,4.03709,0,0,0,0,9.50382,4.79713,2.37857,0,5.75696,0.11474,0,55.23432,0,0,0,0,0,0,0,0,0,0,1.92523,0,0,0,0,0,0,0,0,0,0,0,0
GF24_A1_36_stool,98.28618,0,1.02098,0,0,0,0,0.60212,0,0.09073,0,0,0,0,0,0,0,0,0,0,0,0,0,0,0,0,0,0,0,0,0,0,0,0,0,0,0,0
GF24_A1_39_cwash,75.44464,0,0,0,0,0,0,18.84996,4.76087,0.94453,0,0,0,0,0,0,0,0,0,0,0,0,0,0,0,0,0,0,0,0,0,0,0,0,0,0,0,0
GF24_A1_d108_cwash,89.28446,10.28024,0,0,0,0,0,0,0.4353,0,0,0,0,0,0,0,0,0,0,0,0,0,0,0,0,0,0,0,0,0,0,0,0,0,0,0,0,0
GF24_A1_d131_cwash,97.3517,2.06486,0,0,0,0,0,0.58344,0,0,0,0,0,0,0,0,0,0,0,0,0,0,0,0,0,0,0,0,0,0,0,0,0,0,0,0,0,0
GF24_A1_d73_stool,98.07763,0,1.66532,0,0,0,0,0,0,0.25705,0,0,0,0,0,0,0,0,0,0,0,0,0,0,0,0,0,0,0,0,0,0,0,0,0,0,0,0
GF24_A1_d74_cwash,91.09251,0.72182,1.27674,0,0,0,0,5.80864,0.3969,0.7034,0,0,0,0,0,0,0,0,0,0,0,0,0,0,0,0,0,0,0,0,0,0,0,0,0,0,0,0
GF24_A10_d131_cwash,88.24783,8.53697,0,0,0,0,0,0.9635,2.08378,0.16791,0,0,0,0,0,0,0,0,0,0,0,0,0,0,0,0,0,0,0,0,0,0,0,0,0,0,0,0
GF24_A2_36_stool,92.2297,0,3.12937,0,0,0,0,2.11395,0,1.63314,0,0.89383,0,0,0,0,0,0,0,0,0,0,0,0,0,0,0,0,0,0,0,0,0,0,0,0,0,0
GF24_A2_39_cwash,35.23547,0,0.40511,0,0,0,0,42.54257,17.22617,4.59068,0,0,0,0,0,0,0,0,0,0,0,0,0,0,0,0,0,0,0,0,0,0,0,0,0,0,0,0
GF24_A2_d108_cwash,76.46441,18.64452,0.87623,0,0,0,0,2.48584,0.97106,0.55795,0,0,0,0,0,0,0,0,0,0,0,0,0,0,0,0,0,0,0,0,0,0,0,0,0,0,0,0
GF24_A2_d131_cwash,95.63788,3.96875,0.39337,0,0,0,0,0,0,0,0,0,0,0,0,0,0,0,0,0,0,0,0,0,0,0,0,0,0,0,0,0,0,0,0,0,0,0
GF24_A2_d73_stool,98.62288,0,1.24658,0,0,0,0,0,0,0.13054,0,0,0,0,0,0,0,0,0,0,0,0,0,0,0,0,0,0,0,0,0,0,0,0,0,0,0,0
GF24_A3_37_stool,99.34045,0,0.65955,0,0,0,0,0,0,0,0,0,0,0,0,0,0,0,0,0,0,0,0,0,0,0,0,0,0,0,0,0,0,0,0,0,0,0
GF24_A3_38_stool,96.27519,0,2.44983,0,0,0,0,0.28434,0,0.91485,0,0,0.07579,0,0,0,0,0,0,0,0,0,0,0,0,0,0,0,0,0,0,0,0,0,0,0,0,0
GF24_A3_39_cwash,57.47634,0,0,0,0,0,0,23.33109,19.11068,0.08189,0,0,0,0,0,0,0,0,0,0,0,0,0,0,0,0,0,0,0,0,0,0,0,0,0,0,0,0
GF24_A3_d108_cwash,85.45194,1.52126,0.28492,0,0,0,0,10.44087,0.93959,1.36142,0,0,0,0,0,0,0,0,0,0,0,0,0,0,0,0,0,0,0,0,0,0,0,0,0,0,0,0
GF24_A3_d131_cwash,91.90315,1.34662,0,0,0,0,0,5.40634,1.34389,0,0,0,0,0,0,0,0,0,0,0,0,0,0,0,0,0,0,0,0,0,0,0,0,0,0,0,0,0
GF24_A4_38_stool,47.81437,0,1.34371,0,0,0,0,39.84593,6.44724,3.90359,0,0.00811,0.63703,0,0,0,0,0,0,0,0,0,0,0,0,0,0,0,0,0,0,0,0,0,0,0,0,0
GF24_A4_39_cwash,19.92799,0,2.58502,0,0,0,0,59.81052,10.21578,7.4607,0,0,0,0,0,0,0,0,0,0,0,0,0,0,0,0,0,0,0,0,0,0,0,0,0,0,0,0
GF24_A4_d108_cwash,86.4956,7.54005,0,0,0,0,0,5.96435,0,0,0,0,0,0,0,0,0,0,0,0,0,0,0,0,0,0,0,0,0,0,0,0,0,0,0,0,0,0
GF24_A4_d131_cwash,91.95874,2.79728,2.44073,0,0,0,0,2.78975,0,0.01349,0,0,0,0,0,0,0,0,0,0,0,0,0,0,0,0,0,0,0,0,0,0,0,0,0,0,0,0
GF24_A4_d74_cwash,86.70327,10.44646,2.14616,0,0,0,0,0.70412,0,0,0,0,0,0,0,0,0,0,0,0,0,0,0,0,0,0,0,0,0,0,0,0,0,0,0,0,0,0
GF24_A5_d108_cwash,88.21968,1.45155,0.28981,0,0,0,0,8.6685,0.85849,0.51196,0,0,0,0,0,0,0,0,0,0,0,0,0,0,0,0,0,0,0,0,0,0,0,0,0,0,0,0
GF24_A5_d131_cwash,85.1713,0.35751,2.14237,0,0,0,0,0,0,0.72201,0,11.6068,0,0,0,0,0,0,0,0,0,0,0,0,0,0,0,0,0,0,0,0,0,0,0,0,0,0
GF24_A5_d74_cwash,85.60749,0.08672,0.30118,0,0,0,0,7.66008,3.65708,1.06605,0,1.6214,0,0,0,0,0,0,0,0,0,0,0,0,0,0,0,0,0,0,0,0,0,0,0,0,0,0
GF24_A6_36_stool,100,0,0,0,0,0,0,0,0,0,0,0,0,0,0,0,0,0,0,0,0,0,0,0,0,0,0,0,0,0,0,0,0,0,0,0,0,0
GF24_A6_39_cwash,32.67839,0,1.36928,0,0,0,0,46.18992,7.09301,12.66939,0,0,0,0,0,0,0,0,0,0,0,0,0,0,0,0,0,0,0,0,0,0,0,0,0,0,0,0
GF24_A6_d108_cwash,98.73138,1.10109,0,0,0,0,0,0.16753,0,0,0,0,0,0,0,0,0,0,0,0,0,0,0,0,0,0,0,0,0,0,0,0,0,0,0,0,0,0
GF24_A6_d131_cwash,85.83034,0.92482,0,0,0,0,0,10.87601,2.36883,0,0,0,0,0,0,0,0,0,0,0,0,0,0,0,0,0,0,0,0,0,0,0,0,0,0,0,0,0
GF24_A6_d74_cwash,96.8885,1.65675,0,0,0,0,0,0,0,0,0,1.45475,0,0,0,0,0,0,0,0,0,0,0,0,0,0,0,0,0,0,0,0,0,0,0,0,0,0
GF24_A7_36_stool,100,0,0,0,0,0,0,0,0,0,0,0,0,0,0,0,0,0,0,0,0,0,0,0,0,0,0,0,0,0,0,0,0,0,0,0,0,0
GF24_A7_37_stool,100,0,0,0,0,0,0,0,0,0,0,0,0,0,0,0,0,0,0,0,0,0,0,0,0,0,0,0,0,0,0,0,0,0,0,0,0,0
GF24_A7_39_cwash,42.20771,0,1.9739,0,0,0,0,35.27437,8.4463,12.09772,0,0,0,0,0,0,0,0,0,0,0,0,0,0,0,0,0,0,0,0,0,0,0,0,0,0,0,0
GF24_A7_d108_cwash,88.38242,1.64576,0.02807,0,0,0,0,1.20289,2.38316,0.12484,0,6.23287,0,0,0,0,0,0,0,0,0,0,0,0,0,0,0,0,0,0,0,0,0,0,0,0,0,0
GF24_A7_d131_cwash,88.38884,10.62517,0,0,0,0,0,0.986,0,0,0,0,0,0,0,0,0,0,0,0,0,0,0,0,0,0,0,0,0,0,0,0,0,0,0,0,0,0
GF24_A7_d74_cwash,97.51367,0.36045,0,0,0,0,0,0,0,0,0,2.12588,0,0,0,0,0,0,0,0,0,0,0,0,0,0,0,0,0,0,0,0,0,0,0,0,0,0
GF24_A8_d108_cwash,92.99341,7.00659,0,0,0,0,0,0,0,0,0,0,0,0,0,0,0,0,0,0,0,0,0,0,0,0,0,0,0,0,0,0,0,0,0,0,0,0
GF24_A8_d131_cwash,90.52903,9.47097,0,0,0,0,0,0,0,0,0,0,0,0,0,0,0,0,0,0,0,0,0,0,0,0,0,0,0,0,0,0,0,0,0,0,0,0
GF24_A9_d108_cwash,96.30511,0.04864,2.19589,0,0,0,0,0.65044,0,0.79992,0,0,0,0,0,0,0,0,0,0,0,0,0,0,0,0,0,0,0,0,0,0,0,0,0,0,0,0
GF24_A9_d131_cwash,98.95977,0.57456,0.41796,0,0,0,0,0.01559,0,0.03211,0,0,0,0,0,0,0,0,0,0,0,0,0,0,0,0,0,0,0,0,0,0,0,0,0,0,0,0
GF24_Adam_d100_stool,29.73491,0,14.36591,0,0,0,0,22.92362,6.96767,2.89595,0,9.51886,2.92344,0,10.66965,0,0,0,0,0,0,0,0,0,0,0,0,0,0,0,0,0,0,0,0,0,0,0
GF24_B1_33_cwash,73.67745,0,0,0,0,0,0,13.34926,12.97329,0,0,0,0,0,0,0,0,0,0,0,0,0,0,0,0,0,0,0,0,0,0,0,0,0,0,0,0,0
GF24_B1_64_cwash,35.40339,0,3.32586,0,0,0,0,27.80806,6.94088,22.3587,0,4.16312,0,0,0,0,0,0,0,0,0,0,0,0,0,0,0,0,0,0,0,0,0,0,0,0,0,0
GF24_B2_33_cwash,67.3625,0,0.10538,0,0,0,0,18.68918,5.50348,2.1883,0,6.15116,0,0,0,0,0,0,0,0,0,0,0,0,0,0,0,0,0,0,0,0,0,0,0,0,0,0
GF24_B2_64_cwash,24.02561,0,3.61477,0,0,0,0,31.74138,11.91985,23.94761,0,4.75078,0,0,0,0,0,0,0,0,0,0,0,0,0,0,0,0,0,0,0,0,0,0,0,0,0,0
GF24_B2_d74_cwash,88.02068,0.32969,2.82407,0,0,0,0,7.16419,0,1.66138,0,0,0,0,0,0,0,0,0,0,0,0,0,0,0,0,0,0,0,0,0,0,0,0,0,0,0,0
GF24_B3_33_cwash,59.39177,0,0.41171,0,0,0,0,18.80378,6.55996,1.69707,0,13.13572,0,0,0,0,0,0,0,0,0,0,0,0,0,0,0,0,0,0,0,0,0,0,0,0,0,0
GF24_B3_64_cwash,22.00313,0,1.5001,0,0,0,0,34.40679,14.98928,24.75597,0,2.34473,0,0,0,0,0,0,0,0,0,0,0,0,0,0,0,0,0,0,0,0,0,0,0,0,0,0
GF24_B3_d74_cwash,98.91517,0,0.477,0,0,0,0,0.21867,0.38916,0,0,0,0,0,0,0,0,0,0,0,0,0,0,0,0,0,0,0,0,0,0,0,0,0,0,0,0,0
GF24_B4_33_cwash,70.36886,0,1.22202,0,0,0,0,17.25512,4.49591,1.06464,0,5.59344,0,0,0,0,0,0,0,0,0,0,0,0,0,0,0,0,0,0,0,0,0,0,0,0,0,0
GF24_B4_d73_stool,99.5613,0,0.4387,0,0,0,0,0,0,0,0,0,0,0,0,0,0,0,0,0,0,0,0,0,0,0,0,0,0,0,0,0,0,0,0,0,0,0
GF24_B4_d74_cwash,93.20183,0.03898,0.5879,0,0,0,0,4.76904,0.86179,0.54045,0,0,0,0,0,0,0,0,0,0,0,0,0,0,0,0,0,0,0,0,0,0,0,0,0,0,0,0
GF24_B5_33_cwash,67.23931,0,0,0,0,0,0,13.89093,18.86976,0,0,0,0,0,0,0,0,0,0,0,0,0,0,0,0,0,0,0,0,0,0,0,0,0,0,0,0,0
GF24_B6_33_cwash,76.43131,0,0.51822,0,0,0,0,3.79947,19.17581,0.07519,0,0,0,0,0,0,0,0,0,0,0,0,0,0,0,0,0,0,0,0,0,0,0,0,0,0,0,0
GF24_B7_33_cwash,58.00116,0,0,0,0,0,0,12.4975,26.54279,0.65417,0,2.30438,0,0,0,0,0,0,0,0,0,0,0,0,0,0,0,0,0,0,0,0,0,0,0,0,0,0
GF24_Bdam_d114_stool,26.48687,0,18.05856,0,0,0,0,36.98817,9.05524,1.59739,0,6.36765,1.44612,0,0,0,0,0,0,0,0,0,0,0,0,0,0,0,0,0,0,0,0,0,0,0,0,0
GF24_C1_37_stool,96.28582,0,1.70999,0,0,0,0,0.57811,0,1.42608,0,0,0,0,0,0,0,0,0,0,0,0,0,0,0,0,0,0,0,0,0,0,0,0,0,0,0,0
GF24_C1_39_cwash,5.60992,0,91.71634,0,0,0,0,0,2.67374,0,0,0,0,0,0,0,0,0,0,0,0,0,0,0,0,0,0,0,0,0,0,0,0,0,0,0,0,0
GF24_C1_d108_cwash,93.72884,6.27116,0,0,0,0,0,0,0,0,0,0,0,0,0,0,0,0,0,0,0,0,0,0,0,0,0,0,0,0,0,0,0,0,0,0,0,0
GF24_C1_d129_cwash,98.23737,1.3381,0.12746,0,0,0,0,0.16442,0.02572,0.10692,0,0,0,0,0,0,0,0,0,0,0,0,0,0,0,0,0,0,0,0,0,0,0,0,0,0,0,0
GF24_C10_d86_cwash,87.1993,0.36899,1.44544,0,0,0,0,8.89789,1.40888,0.67951,0,0,0,0,0,0,0,0,0,0,0,0,0,0,0,0,0,0,0,0,0,0,0,0,0,0,0,0
GF24_C2_39_cwash,5.68121,0,69.26263,0,0,0,0,0,8.57773,16.47843,0,0,0,0,0,0,0,0,0,0,0,0,0,0,0,0,0,0,0,0,0,0,0,0,0,0,0,0
GF24_C2_d108_cwash,84.2684,0.82947,0.86403,0,0,0,0,7.18368,6.40381,0.45061,0,0,0,0,0,0,0,0,0,0,0,0,0,0,0,0,0,0,0,0,0,0,0,0,0,0,0,0
GF24_C2_d129_cwash,95.66632,4.33368,0,0,0,0,0,0,0,0,0,0,0,0,0,0,0,0,0,0,0,0,0,0,0,0,0,0,0,0,0,0,0,0,0,0,0,0
GF24_C2_d86_cwash,91.11717,0.1224,1.8642,0,0,0,0,3.73471,2.08909,1.07243,0,0,0,0,0,0,0,0,0,0,0,0,0,0,0,0,0,0,0,0,0,0,0,0,0,0,0,0
GF24_C3_37_stool,96.63909,0,2.39829,0,0,0,0,0.38191,0,0.58072,0,0,0,0,0,0,0,0,0,0,0,0,0,0,0,0,0,0,0,0,0,0,0,0,0,0,0,0
GF24_C3_38_cwash,9.94085,0,90.05915,0,0,0,0,0,0,0,0,0,0,0,0,0,0,0,0,0,0,0,0,0,0,0,0,0,0,0,0,0,0,0,0,0,0,0
GF24_C3_d108_cwash,99.38236,0.61764,0,0,0,0,0,0,0,0,0,0,0,0,0,0,0,0,0,0,0,0,0,0,0,0,0,0,0,0,0,0,0,0,0,0,0,0
GF24_C3_d129_cwash,91.14841,5.97903,0,0,0,0,0,2.31147,0.40071,0.16038,0,0,0,0,0,0,0,0,0,0,0,0,0,0,0,0,0,0,0,0,0,0,0,0,0,0,0,0
GF24_C3_d85_stool,98.7291,0,0.64769,0,0,0,0,0.04312,0,0.58008,0,0,0,0,0,0,0,0,0,0,0,0,0,0,0,0,0,0,0,0,0,0,0,0,0,0,0,0
GF24_C3_d86_cwash,80.11221,0.87563,4.22075,0,0,0,0,12.59593,0.74238,1.45308,0,0,0,0,0,0,0,0,0,0,0,0,0,0,0,0,0,0,0,0,0,0,0,0,0,0,0,0
GF24_C4_37_stool,88.71129,0,3.39349,0,0,0,0,5.3666,0,2.52862,0,0,0,0,0,0,0,0,0,0,0,0,0,0,0,0,0,0,0,0,0,0,0,0,0,0,0,0
GF24_C4_38_cwash,3.56893,0,80.81278,0,0,0,0,0,3.44199,12.17629,0,0,0,0,0,0,0,0,0,0,0,0,0,0,0,0,0,0,0,0,0,0,0,0,0,0,0,0
GF24_C4_38_stool,28.30576,0,0,0,0,0,0,0,71.69424,0,0,0,0,0,0,0,0,0,0,0,0,0,0,0,0,0,0,0,0,0,0,0,0,0,0,0,0,0
GF24_C4_d108_cwash,90.9051,7.67027,0,0,0,0,0,1.13126,0.29337,0,0,0,0,0,0,0,0,0,0,0,0,0,0,0,0,0,0,0,0,0,0,0,0,0,0,0,0,0
GF24_C4_d129_cwash,93.68476,1.44216,1.1517,0,0,0,0,1.09939,0,0.15415,0,2.46784,0,0,0,0,0,0,0,0,0,0,0,0,0,0,0,0,0,0,0,0,0,0,0,0,0,0
GF24_C4_d86_cwash,88.93862,4.175,5.44855,0,0,0,0,0.38348,0.99128,0.06307,0,0,0,0,0,0,0,0,0,0,0,0,0,0,0,0,0,0,0,0,0,0,0,0,0,0,0,0
GF24_C5_36_stool,99.15305,0,0.84695,0,0,0,0,0,0,0,0,0,0,0,0,0,0,0,0,0,0,0,0,0,0,0,0,0,0,0,0,0,0,0,0,0,0,0
GF24_C5_38_stool,0,0,81.5583,0,0,0,0,0,18.4417,0,0,0,0,0,0,0,0,0,0,0,0,0,0,0,0,0,0,0,0,0,0,0,0,0,0,0,0,0
GF24_C5_d108_cwash,94.0119,5.85184,0.13626,0,0,0,0,0,0,0,0,0,0,0,0,0,0,0,0,0,0,0,0,0,0,0,0,0,0,0,0,0,0,0,0,0,0,0
GF24_C5_d129_cwash,95.28282,0.91308,0.093,0,0,0,0,2.23667,0,0.40503,0,1.06939,0,0,0,0,0,0,0,0,0,0,0,0,0,0,0,0,0,0,0,0,0,0,0,0,0,0
GF24_C5_d85_stool,98.76096,0.04787,0.8457,0,0,0,0,0.22112,0,0.12435,0,0,0,0,0,0,0,0,0,0,0,0,0,0,0,0,0,0,0,0,0,0,0,0,0,0,0,0
GF24_C5_d86_cwash,77.64129,19.05775,0,0,0,0,0,0,3.30096,0,0,0,0,0,0,0,0,0,0,0,0,0,0,0,0,0,0,0,0,0,0,0,0,0,0,0,0,0
GF24_C6_36_stool,93.70801,0,4.17908,0,0,0,0,0.36595,0,1.74696,0,0,0,0,0,0,0,0,0,0,0,0,0,0,0,0,0,0,0,0,0,0,0,0,0,0,0,0
GF24_C6_37_stool,89.26752,0,4.91908,0,0,0,0,4.27455,0,1.53885,0,0,0,0,0,0,0,0,0,0,0,0,0,0,0,0,0,0,0,0,0,0,0,0,0,0,0,0
GF24_C6_38_stool,1.58053,0,97.36824,0,0,0,0,0,1.05123,0,0,0,0,0,0,0,0,0,0,0,0,0,0,0,0,0,0,0,0,0,0,0,0,0,0,0,0,0
GF24_C6_d108_cwash,90.97225,0.34618,0.22189,0,0,0,0,6.45476,0.69186,1.31306,0,0,0,0,0,0,0,0,0,0,0,0,0,0,0,0,0,0,0,0,0,0,0,0,0,0,0,0
GF24_C6_d129_cwash,93.10344,5.43488,0.23983,0,0,0,0,1.22185,0,0,0,0,0,0,0,0,0,0,0,0,0,0,0,0,0,0,0,0,0,0,0,0,0,0,0,0,0,0
GF24_C6_d85_stool,100,0,0,0,0,0,0,0,0,0,0,0,0,0,0,0,0,0,0,0,0,0,0,0,0,0,0,0,0,0,0,0,0,0,0,0,0,0
GF24_C6_d86_cwash,89.02763,0,0.70037,0,0,0,0,5.42031,4.85169,0,0,0,0,0,0,0,0,0,0,0,0,0,0,0,0,0,0,0,0,0,0,0,0,0,0,0,0,0
GF24_C7_d108_cwash,90.21535,9.78465,0,0,0,0,0,0,0,0,0,0,0,0,0,0,0,0,0,0,0,0,0,0,0,0,0,0,0,0,0,0,0,0,0,0,0,0
GF24_C7_d129_cwash,97.34876,1.42329,0,0,0,0,0,0.87242,0,0.35553,0,0,0,0,0,0,0,0,0,0,0,0,0,0,0,0,0,0,0,0,0,0,0,0,0,0,0,0
GF24_C7_d85_stool,97.81491,0,1.21395,0,0,0,0,0.35624,0,0.61491,0,0,0,0,0,0,0,0,0,0,0,0,0,0,0,0,0,0,0,0,0,0,0,0,0,0,0,0
GF24_C7_d86_cwash,85.34742,0.24903,6.75369,0,0,0,0,4.74847,2.51154,0.38985,0,0,0,0,0,0,0,0,0,0,0,0,0,0,0,0,0,0,0,0,0,0,0,0,0,0,0,0
GF24_C8_d108_cwash,98.20558,1.574,0.15403,0,0,0,0,0.0381,0,0.02829,0,0,0,0,0,0,0,0,0,0,0,0,0,0,0,0,0,0,0,0,0,0,0,0,0,0,0,0
GF24_C8_d85_stool,96.9472,0,3.0528,0,0,0,0,0,0,0,0,0,0,0,0,0,0,0,0,0,0,0,0,0,0,0,0,0,0,0,0,0,0,0,0,0,0,0
GF24_C8_d86_cwash,84.25248,0.20345,1.62731,0,0,0,0,8.48524,3.01807,2.08249,0,0.33095,0,0,0,0,0,0,0,0,0,0,0,0,0,0,0,0,0,0,0,0,0,0,0,0,0,0
GF24_C9_d108_cwash,82.08981,5.38156,0.40003,0,0,0,0,4.04313,8.08546,0,0,0,0,0,0,0,0,0,0,0,0,0,0,0,0,0,0,0,0,0,0,0,0,0,0,0,0,0
GF24_C9_d85_stool,97.12639,0,1.66079,0,0,0,0,0.05974,0,1.07031,0,0.08277,0,0,0,0,0,0,0,0,0,0,0,0,0,0,0,0,0,0,0,0,0,0,0,0,0,0
GF24_C9_d86_cwash,77.99924,0.83271,3.74869,0,0,0,0,10.37034,5.87031,1.17872,0,0,0,0,0,0,0,0,0,0,0,0,0,0,0,0,0,0,0,0,0,0,0,0,0,0,0,0
GF24_Cdam_d108_stool,19.65841,0,12.76876,0,0,0,0,27.8988,18.60214,3.36885,0,3.42095,0,0,14.28209,0,0,0,0,0,0,0,0,0,0,0,0,0,0,0,0,0,0,0,0,0,0,0
GF24_damA_18_stool,23.66031,0,17.73209,0,0,0,0,23.54837,6.60057,1.95433,0,2.23089,0.19872,0,24.07472,0,0,0,0,0,0,0,0,0,0,0,0,0,0,0,0,0,0,0,0,0,0,0
GF24_damA_3_stool,39.21411,0,7.59921,0,0,0,0,19.12241,17.96868,7.37651,0,8.71908,0,0,0,0,0,0,0,0,0,0,0,0,0,0,0,0,0,0,0,0,0,0,0,0,0,0
GF24_damA_8_stool,33.08593,0,8.91771,0,0,0,0,13.40349,19.16549,7.6229,0,7.08664,1.32385,0,9.39399,0,0,0,0,0,0,0,0,0,0,0,0,0,0,0,0,0,0,0,0,0,0,0
GF24_damB_3_stool,10.11573,0,2.77366,0,0,0,0,67.51946,4.86025,10.32229,0,4.4086,0,0,0,0,0,0,0,0,0,0,0,0,0,0,0,0,0,0,0,0,0,0,0,0,0,0
GF24_damB_8_stool,23.99803,0,11.09428,0,0,0,0,13.98204,28.20472,0.28971,0,2.7619,0,0,19.66932,0,0,0,0,0,0,0,0,0,0,0,0,0,0,0,0,0,0,0,0,0,0,0
GF24_damC_3_stool,13.33624,0,4.12662,0,0,0,0,54.12389,8.52129,11.29807,0,8.59389,0,0,0,0,0,0,0,0,0,0,0,0,0,0,0,0,0,0,0,0,0,0,0,0,0,0
GF24_damC_30_stool,41.54332,0,3.42561,0,0,0,0,6.90888,6.12858,1.16753,0,1.39748,0.03711,0,39.39149,0,0,0,0,0,0,0,0,0,0,0,0,0,0,0,0,0,0,0,0,0,0,0
GF24_damC_51_stool,15.53538,0,25.71135,0,0,0,0,26.51764,18.95702,8.36784,0,4.91077,0,0,0,0,0,0,0,0,0,0,0,0,0,0,0,0,0,0,0,0,0,0,0,0,0,0
GF24_Inoc_0,70.80956,0,7.01883,0,0,0,0,7.28996,2.21149,3.0071,9.03552,0.2995,0,0,0.04989,0,0,0,0,0,0,0,0.27815,0,0,0,0,0,0,0,0,0,0,0,0,0,0,0
GF26_A1_d101_cwash,99.41658,0.58342,0,0,0,0,0,0,0,0,0,0,0,0,0,0,0,0,0,0,0,0,0,0,0,0,0,0,0,0,0,0,0,0,0,0,0,0
GF26_A1_d65_cwash,0,100,0,0,0,0,0,0,0,0,0,0,0,0,0,0,0,0,0,0,0,0,0,0,0,0,0,0,0,0,0,0,0,0,0,0,0,0
GF26_A2_d101_cwash,99.49702,0.50298,0,0,0,0,0,0,0,0,0,0,0,0,0,0,0,0,0,0,0,0,0,0,0,0,0,0,0,0,0,0,0,0,0,0,0,0
GF26_A2_d149_cwash,100,0,0,0,0,0,0,0,0,0,0,0,0,0,0,0,0,0,0,0,0,0,0,0,0,0,0,0,0,0,0,0,0,0,0,0,0,0
GF26_A3_d101_cwash,99.67376,0.32624,0,0,0,0,0,0,0,0,0,0,0,0,0,0,0,0,0,0,0,0,0,0,0,0,0,0,0,0,0,0,0,0,0,0,0,0
GF26_A3_d149_cwash,100,0,0,0,0,0,0,0,0,0,0,0,0,0,0,0,0,0,0,0,0,0,0,0,0,0,0,0,0,0,0,0,0,0,0,0,0,0
GF26_A4_d101_cwash,99.90338,0.09662,0,0,0,0,0,0,0,0,0,0,0,0,0,0,0,0,0,0,0,0,0,0,0,0,0,0,0,0,0,0,0,0,0,0,0,0
GF26_A4_d146_stool,100,0,0,0,0,0,0,0,0,0,0,0,0,0,0,0,0,0,0,0,0,0,0,0,0,0,0,0,0,0,0,0,0,0,0,0,0,0
GF26_A4_d147_stool,100,0,0,0,0,0,0,0,0,0,0,0,0,0,0,0,0,0,0,0,0,0,0,0,0,0,0,0,0,0,0,0,0,0,0,0,0,0
GF26_A4_d148_stool,100,0,0,0,0,0,0,0,0,0,0,0,0,0,0,0,0,0,0,0,0,0,0,0,0,0,0,0,0,0,0,0,0,0,0,0,0,0
GF26_A4_d65_cwash,0,100,0,0,0,0,0,0,0,0,0,0,0,0,0,0,0,0,0,0,0,0,0,0,0,0,0,0,0,0,0,0,0,0,0,0,0,0
GF26_A5_d101_cwash,99.78987,0.21013,0,0,0,0,0,0,0,0,0,0,0,0,0,0,0,0,0,0,0,0,0,0,0,0,0,0,0,0,0,0,0,0,0,0,0,0
GF26_A7_d65_cwash,0,100,0,0,0,0,0,0,0,0,0,0,0,0,0,0,0,0,0,0,0,0,0,0,0,0,0,0,0,0,0,0,0,0,0,0,0,0
GF26_A9_d149_cwash,98.66572,1.33428,0,0,0,0,0,0,0,0,0,0,0,0,0,0,0,0,0,0,0,0,0,0,0,0,0,0,0,0,0,0,0,0,0,0,0,0
GF26_Adam_d148_stool,99.45252,0,0,0,0,0,0,0,0,0,0,0,0,0,0,0,0,0,0,0,0,0,0,0,0,0,0,0.54748,0,0,0,0,0,0,0,0,0,0
GF26_Adam_d98_stool,97.80874,0.0569,0,0,0,0,0,0,0,0,0,0,0,0,0,0,0,0,0,0,0,0,0,0,0,0,0,2.13436,0,0,0,0,0,0,0,0,0,0
GF26_Bdam_d133_stool,97.72492,0,0,0,0,0,0,0,0,0,0,0,0,0,0,0,0,0,0,0,0,0,0,0,0,0,0,2.27508,0,0,0,0,0,0,0,0,0,0
GF26_Bdam_d85_stool,98.47436,0,0,0,0,0,0,0,0,0,0,0,0,0,0,0,0,0,0,0,0,0,0,0,0,0,0,1.52564,0,0,0,0,0,0,0,0,0,0
GF26_Bdam_d91_stool,97.16895,0,0,0,0,0,0,0,0,0,0,0,0,0,0,0,0,0,0,0,0,0,0,0,0,0,0,2.83105,0,0,0,0,0,0,0,0,0,0
GF26_Cdam_d98_stool,35.0089,0.02174,14.97965,0,0,0,0,28.86729,9.83427,0.84793,0,5.03825,5.40198,0,0,0,0,0,0,0,0,0,0,0,0,0,0,0,0,0,0,0,0,0,0,0,0,0
GF27_A1_211118_cwash,0,45.76479,49.78847,0,4.44674,0,0,0,0,0,0,0,0,0,0,0,0,0,0,0,0,0,0,0,0,0,0,0,0,0,0,0,0,0,0,0,0,0
GF27_A1_d33_cwash,88.81545,2.05392,0.11902,0,0,0,0,5.63622,3.15951,0.21588,0,0,0,0,0,0,0,0,0,0,0,0,0,0,0,0,0,0,0,0,0,0,0,0,0,0,0,0
GF27_A2_211118_cwash,0,21.76018,73.35999,0,0,0,0,0,4.87983,0,0,0,0,0,0,0,0,0,0,0,0,0,0,0,0,0,0,0,0,0,0,0,0,0,0,0,0,0
GF27_A2_d33_cwash,74.93084,8.46391,0,0,0,0,0,3.61181,5.34267,0.09547,0,7.5553,0,0,0,0,0,0,0,0,0,0,0,0,0,0,0,0,0,0,0,0,0,0,0,0,0,0
GF27_A3_211118_cwash,0,2.99761,31.35165,0,0,0,0,0,65.65074,0,0,0,0,0,0,0,0,0,0,0,0,0,0,0,0,0,0,0,0,0,0,0,0,0,0,0,0,0
GF27_A3_d33_cwash,84.82187,2.73302,0,0,0,0,0,8.76833,2.69095,0.98583,0,0,0,0,0,0,0,0,0,0,0,0,0,0,0,0,0,0,0,0,0,0,0,0,0,0,0,0
GF27_A4_211118_cwash,0,7.84994,92.15006,0,0,0,0,0,0,0,0,0,0,0,0,0,0,0,0,0,0,0,0,0,0,0,0,0,0,0,0,0,0,0,0,0,0,0
GF27_A5_211118_cwash,0,4.0458,54.20509,0,0,0,0,0,41.74911,0,0,0,0,0,0,0,0,0,0,0,0,0,0,0,0,0,0,0,0,0,0,0,0,0,0,0,0,0
GF27_A6_211118_cwash,0,8.84936,52.96187,0,0,0,0,0,38.18877,0,0,0,0,0,0,0,0,0,0,0,0,0,0,0,0,0,0,0,0,0,0,0,0,0,0,0,0,0
GF27_A6_d33_cwash,87.89575,3.91934,0,0,0,0,0,5.72157,1.93248,0.21406,0,0.3168,0,0,0,0,0,0,0,0,0,0,0,0,0,0,0,0,0,0,0,0,0,0,0,0,0,0
GF27_A7_211118_cwash,0,7.62362,92.37638,0,0,0,0,0,0,0,0,0,0,0,0,0,0,0,0,0,0,0,0,0,0,0,0,0,0,0,0,0,0,0,0,0,0,0
GF27_A7_d33_cwash,88.83009,3.7894,0,0,0,0,0,4.25563,3.08694,0.03793,0,0,0,0,0,0,0,0,0,0,0,0,0,0,0,0,0,0,0,0,0,0,0,0,0,0,0,0
GF27_A8_211118_cwash,0,0,47.96643,0,0,0,0,0,6.36664,45.66693,0,0,0,0,0,0,0,0,0,0,0,0,0,0,0,0,0,0,0,0,0,0,0,0,0,0,0,0
GF27_A8_d33_cwash,80.90197,7.89298,0,0,0,0,0,5.52246,1.05191,0.14527,0,4.48541,0,0,0,0,0,0,0,0,0,0,0,0,0,0,0,0,0,0,0,0,0,0,0,0,0,0
GF27_GF27_Inoc,38.76834,0,29.34148,0,0,0,0,0.99441,0.39551,0.95278,3.021,0.06071,0,0,0.03931,0,0,0,0,0,0,0,0.12803,26.29843,0,0,0,0,0,0,0,0,0,0,0,0,0,0
GF29_Inoc,82.38285,0,2.6573,0,0,0,0,0.74788,0,0,2.10184,0,1.72797,0,0.06232,0,0,0,0,0,0,0,0.1125,0,0,9.9833,0.1298,0,0,0,0,0,0,0.09424,0,0,0,0
GF4_B1_D35,0,0,81.86896,0,0,0,0,0,0,0,0,0,0,0,0,0,0,0,0,0,0,0,0,0,0,18.13104,0,0,0,0,0,0,0,0,0,0,0,0
GF4_B1_D36,12.40086,0,86.78923,0,0,0,0,0.21018,0,0,0,0,0,0,0,0,0,0,0,0,0,0,0,0,0,0.59973,0,0,0,0,0,0,0,0,0,0,0,0
GF4_B1_d37,0,0,100,0,0,0,0,0,0,0,0,0,0,0,0,0,0,0,0,0,0,0,0,0,0,0,0,0,0,0,0,0,0,0,0,0,0,0
GF4_B2_d35,82.53371,0,16.33196,0,0,0,0,0,0,0,0,0,0,0,0,0,0,0,0,0,0,0,0,0,0,1.13433,0,0,0,0,0,0,0,0,0,0,0,0
GF4_B2_d36,100,0,0,0,0,0,0,0,0,0,0,0,0,0,0,0,0,0,0,0,0,0,0,0,0,0,0,0,0,0,0,0,0,0,0,0,0,0
GF4_B3_d35,0,0,82.63922,0,0,0,0,0,0,2.36874,0,0,0,0,0,0,0,0,0,0,0,0,0,0,0,14.99204,0,0,0,0,0,0,0,0,0,0,0,0
GF4_B3_d36,22.24158,0,72.03416,0,0,0,0,0.39985,0,0.98275,0,0,0,0,0,0,0,0,0,0,0,0,0,0,0,4.34166,0,0,0,0,0,0,0,0,0,0,0,0
GF4_B3_d37,0,0,100,0,0,0,0,0,0,0,0,0,0,0,0,0,0,0,0,0,0,0,0,0,0,0,0,0,0,0,0,0,0,0,0,0,0,0
GF4_B3_d42,5.81978,0,1.56615,0,0,0,0,30.37938,0,8.67697,0,0,0,0,0,0,0,0,0,0,0,0,0,0,0,53.55772,0,0,0,0,0,0,0,0,0,0,0,0
GF4_B3_d43,3.55844,0,2.89738,0,0,0,0,42.26856,0,7.1419,0,0,0,0,0,0,0,0,0,0,0,0,0,0,0,44.13371,0,0,0,0,0,0,0,0,0,0,0,0
GF4_B3_d44,2.71638,0,3.91362,0,0,0,0,14.02068,0,5.69119,0,0,0,0,0,0,0,0,0,0,0,0,0,0,0,73.65812,0,0,0,0,0,0,0,0,0,0,0,0
GF4_B3_d46,7.12841,0,2.97518,0,0,0,0,10.9261,0,1.41003,0,0,0,0,0,0,0,0,0,0,0,0,0,0,0,77.56029,0,0,0,0,0,0,0,0,0,0,0,0
GF4_B3_LI,4.15478,0,4.1241,0,0,0,0,1.42493,0,0.07293,0,0,0,0,0,0,0,0,0,0,0,0,0,0,0,90.22326,0,0,0,0,0,0,0,0,0,0,0,0
GF4_B3_SI,0,0,2.31173,0,0,0,0,0.33651,0,0.70697,0,0,0,0,0,0,0,0,0,0,0,0,0,0,0,96.6448,0,0,0,0,0,0,0,0,0,0,0,0
GF4_B4_d35,0,0,88.48589,0,0,0,0,0.07612,0,0.85417,0,0,0,0,0,0,0,0,0,0,0,0,0,0,0,10.58381,0,0,0,0,0,0,0,0,0,0,0,0
GF4_B4_d38,0,0,100,0,0,0,0,0,0,0,0,0,0,0,0,0,0,0,0,0,0,0,0,0,0,0,0,0,0,0,0,0,0,0,0,0,0,0
GF4_B5_d35,19.43073,0,78.5023,0,0,0,0,0,0,0,0,0,0,0,0,0,0,0,0,0,0,0,0,0,0,2.06697,0,0,0,0,0,0,0,0,0,0,0,0
GF4_Bdam_d10,2.17615,0,2.08586,0,0,0,0,30.29984,0,4.70769,0.34605,0.18312,0.62905,0,4.14679,0,0,0,0,0,0,0,0,0,0,55.42544,0,0,0,0,0,0,0,0,0,0,0,0
GF4_Bsire_d10,4.83269,0,2.83787,0,0,0,0,30.42169,0,4.58916,0,0.10107,1.06507,0,4.19904,0,0,0,0,0,0,0,0,0,0,51.95341,0,0,0,0,0,0,0,0,0,0,0,0
GF4_Bsire_d2,6.26607,0,2.1971,0,0,0,0,19.69664,0,1.61589,0.03943,0.21966,0,0,1.34423,0,0,0,0,0,0,0,0,0,0,68.62099,0,0,0,0,0,0,0,0,0,0,0,0
GF4_C1_d36,96.32831,0,3.67169,0,0,0,0,0,0,0,0,0,0,0,0,0,0,0,0,0,0,0,0,0,0,0,0,0,0,0,0,0,0,0,0,0,0,0
GF4_C1_D37,53.38126,0,15.72958,0,0,0,0,14.32519,0,16.56397,0,0,0,0,0,0,0,0,0,0,0,0,0,0,0,0,0,0,0,0,0,0,0,0,0,0,0,0
GF4_C1_d39,36.76674,0,14.10035,0,0,0,0,40.78271,0,8.24402,0,0,0,0,0,0,0,0,0,0,0,0,0,0,0,0.10618,0,0,0,0,0,0,0,0,0,0,0,0
GF4_C1_d43,23.4555,0,3.47485,0,0,0,0,66.73493,0,6.33472,0,0,0,0,0,0,0,0,0,0,0,0,0,0,0,0,0,0,0,0,0,0,0,0,0,0,0,0
GF4_C1_d46,16.63258,0,0.66459,0,0,0,0,79.19426,0,2.98924,0,0.51932,0,0,0,0,0,0,0,0,0,0,0,0,0,0,0,0,0,0,0,0,0,0,0,0,0,0
GF4_C1_LI,6.70941,0,2.82695,0,0,0,0,1.63925,0,0.54224,28.77426,0.6169,0,0,0,0,0,0,0,0,0,0,0,0,0,58.89099,0,0,0,0,0,0,0,0,0,0,0,0
GF4_C1_SI,7.67123,0,1.31826,0,0,0,0,1.97334,0,0,14.91183,0,0,0,0,0,0,0,0,0,0,0,0,0,0,74.12533,0,0,0,0,0,0,0,0,0,0,0,0
GF4_C2_d35,18.86192,0,81.13808,0,0,0,0,0,0,0,0,0,0,0,0,0,0,0,0,0,0,0,0,0,0,0,0,0,0,0,0,0,0,0,0,0,0,0
GF4_C2_D36,41.2723,0,52.75362,0,0,0,0,5.97408,0,0,0,0,0,0,0,0,0,0,0,0,0,0,0,0,0,0,0,0,0,0,0,0,0,0,0,0,0,0
GF4_C2_d37,54.46114,0,10.43878,0,0,0,0,17.98669,0,16.28257,0,0.83081,0,0,0,0,0,0,0,0,0,0,0,0,0,0,0,0,0,0,0,0,0,0,0,0,0,0
GF4_C2_d38,34.80724,0,6.26229,0,0,0,0,45.30839,0,13.43333,0,0.18875,0,0,0,0,0,0,0,0,0,0,0,0,0,0,0,0,0,0,0,0,0,0,0,0,0,0
GF4_C2_d39,30.05785,0,9.50199,0,0,0,0,53.42903,0,6.49208,0,0.51905,0,0,0,0,0,0,0,0,0,0,0,0,0,0,0,0,0,0,0,0,0,0,0,0,0,0
GF4_C2_d43,9.6408,0,0.68046,0,0,0,0,79.34341,0,7.73972,0,0.87922,0,0,0,0,0,0,0,0,0,0,0,0,0,1.71639,0,0,0,0,0,0,0,0,0,0,0,0
GF4_C2_d45,9.29074,0,0.40793,0,0,0,0,71.51901,0,6.84343,9.01563,0.53302,0,0,0,0,0,0,0,0,0,0,0,0,0,2.39023,0,0,0,0,0,0,0,0,0,0,0,0
GF4_C2_d46,12.46281,0,0.55526,0,0,0,0,59.7117,0,4.30797,6.73634,0.44766,0,0,0,0,0,0,0,0,0,0,0,0,0,15.77826,0,0,0,0,0,0,0,0,0,0,0,0
GF4_C2_LI,0.64339,0,0.16881,0,0,0,0,0.26597,0,0.40571,0.6175,0,0,0,0,0,0,0,0,0,0,0,0,0,0,97.89862,0,0,0,0,0,0,0,0,0,0,0,0
GF4_C2_SI,0,0,0,0,0,0,0,0,0,0,0.20248,0,0,0,0,0,0,0,0,0,0,0,0,0,0,99.79752,0,0,0,0,0,0,0,0,0,0,0,0
GF4_C3_d35,37.25737,0,61.70128,0,0,0,0,0,0,0,0,0,0,0,0,0,0,0,0,0,0,0,0,0,0,1.04135,0,0,0,0,0,0,0,0,0,0,0,0
GF4_C3_d36,70.60499,0,8.08023,0,0,0,0,18.36134,0,2.57581,0,0,0,0,0,0,0,0,0,0,0,0,0,0,0,0.37763,0,0,0,0,0,0,0,0,0,0,0,0
GF4_C3_d38,22.19885,0,4.83015,0,0,0,0,61.93237,0,9.33268,0,1.70596,0,0,0,0,0,0,0,0,0,0,0,0,0,0,0,0,0,0,0,0,0,0,0,0,0,0
GF4_C3_d42,10.42038,0,0.36382,0,0,0,0,77.45906,0,8.85237,0,1.68062,0,0,0,0,0,0,0,0,0,0,0,0,0,1.22375,0,0,0,0,0,0,0,0,0,0,0,0
GF4_C3_d43,9.36748,0,1.36391,0,0,0,0,67.63727,0,6.58824,2.41241,0.9486,0,0,0,0,0,0,0,0,0,0,0,0,0,11.6821,0,0,0,0,0,0,0,0,0,0,0,0
GF4_C3_d44,6.67023,0,1.39174,0,0,0,0,65.08365,0,6.21975,4.81368,0.61044,0,0,0,0,0,0,0,0,0,0,0,0,0,15.21052,0,0,0,0,0,0,0,0,0,0,0,0
GF4_C3_d45,10.64146,0,0.67251,0,0,0,0,63.1708,0,5.29142,0,0.85654,0,0,0,0,0,0,0,0,0,0,0,0,0,19.36727,0,0,0,0,0,0,0,0,0,0,0,0
GF4_C3_d46,11.23581,0,0,0,0,0,0,77.73326,0,5.33156,0,0.54445,0,0,0,0,0,0,0,0,0,0,0,0,0,5.15493,0,0,0,0,0,0,0,0,0,0,0,0
GF4_C3_LI,4.33971,0,1.61196,0,0,0,0,9.55318,0,1.48901,1.52416,0.65983,0,0,0,0,0,0,0,0,0,0,0,0,0,80.82215,0,0,0,0,0,0,0,0,0,0,0,0
GF4_C3_SI,0.29266,0,0.19403,0,0,0,0,0.48374,0,0.17315,0.50529,0,0,0,0,0,0,0,0,0,0,0,0,0,0,98.35113,0,0,0,0,0,0,0,0,0,0,0,0
GF4_C4_d35,16.15025,0,80.5613,0,0,0,0,0,0,0.0279,0,0,0,0,0,0,0,0,0,0,0,0,0,0,0,3.26055,0,0,0,0,0,0,0,0,0,0,0,0
GF4_C4_d36,8.29099,0,89.34576,0,0,0,0,0,0,0.15846,0,0,0.07188,0,0,0,0,0,0,0,0,0,0,0,0,2.13291,0,0,0,0,0,0,0,0,0,0,0,0
GF4_C4_d37,34.51742,0,40.41465,0,0,0,0,10.15021,0,14.91772,0,0,0,0,0,0,0,0,0,0,0,0,0,0,0,0,0,0,0,0,0,0,0,0,0,0,0,0
GF4_C4_D39,13.86006,0,68.57607,0,0,0,0,13.18636,0,3.84964,0,0,0,0,0,0,0,0,0,0,0,0,0,0,0,0.52787,0,0,0,0,0,0,0,0,0,0,0,0
GF4_C5_d43,11.77929,0,0.2774,0,0,0,0,80.44198,0,6.06285,0,1.35793,0,0,0,0,0,0,0,0,0,0,0,0,0,0.08055,0,0,0,0,0,0,0,0,0,0,0,0
GF4_C5_d45,15.62053,0,1.15614,0,0,0,0,65.02844,0,5.50853,0,1.19105,0,0,0,0,0,0,0,0,0,0,0,0,0,11.49531,0,0,0,0,0,0,0,0,0,0,0,0
GF4_C5_d46,10.04146,0,0.05001,0,0,0,0,78.47678,0,4.47639,0,0.16755,0,0,0,0,0,0,0,0,0,0,0,0,0,6.78781,0,0,0,0,0,0,0,0,0,0,0,0
GF4_C5_LI,2.44604,0,1.10183,0,0,0,0,7.2192,0,0.37476,0,0.33333,0,0,0,0,0,0,0,0,0,0,0,0,0,88.52486,0,0,0,0,0,0,0,0,0,0,0,0
GF4_C5_SI,0,0,0,0,0,0,0,0,0,0,0,0,0,0,0,0,0,0,0,0,0,0,0,0,0,100,0,0,0,0,0,0,0,0,0,0,0,0
GF4_Cdam_d16,5.16917,0,3.33942,0,0,0,0,43.62178,0,8.99459,15.23271,0,0.71013,0,1.9514,0,0,0,0,0,0,0,0,0,0,20.98081,0,0,0,0,0,0,0,0,0,0,0,0
GF4_Csire_d16,3.47445,0,2.15001,0,0,0,0,32.20626,0,8.15747,16.48485,0,1.36202,0,1.34259,0,0,0,0,0,0,0,0,0,0,34.82236,0,0,0,0,0,0,0,0,0,0,0,0
GF4_Csire_d2,7.69123,0,3.60291,0,0,0,0,28.01288,0,6.55505,0.15079,0.49626,0.3269,0,3.35851,0,0,0,0,0,0,0,0,0,0,49.80546,0,0,0,0,0,0,0,0,0,0,0,0
GF4_INOC_GF45,6.81963,0,2.9434,0,0,0,0,17.78391,0,1.70067,4.52449,0.44097,1.34031,0,3.83009,0,0,0,0,0,0,0,0,0,0,60.61654,0,0,0,0,0,0,0,0,0,0,0,0
GF5_A_DAM_D0,100,0,0,0,0,0,0,0,0,0,0,0,0,0,0,0,0,0,0,0,0,0,0,0,0,0,0,0,0,0,0,0,0,0,0,0,0,0
GF5_A_DAM_D24,4.99441,0,3.11252,0,0,0,0,20.28318,0,4.99249,6.92479,0.30041,3.16757,0,7.80434,0,0,0,0,0,0,0,0,0,0,48.42028,0,0,0,0,0,0,0,0,0,0,0,0
GF5_A1_COLON_190815,2.33323,0,2.74553,0,0,0,0,12.19333,0,0,14.6959,0.28486,0,0,0,0,0,0,0,0,0,0,0,0,0,67.74715,0,0,0,0,0,0,0,0,0,0,0,0
GF5_A1_D46,89.6048,0,4.66852,0,0,0,0,0.43643,0,0.89574,3.06001,0,0.08495,0,0,0,0,0,0,0,0,0,0,0,0,1.24955,0,0,0,0,0,0,0,0,0,0,0,0
GF5_A1_D47,52.60963,0,3.24733,0,0,0,0,23.71355,0,9.68135,2.15793,2.3818,5.25111,0,0,0,0,0,0,0,0,0,0,0,0,0.95731,0,0,0,0,0,0,0,0,0,0,0,0
GF5_A1_D48,100,0,0,0,0,0,0,0,0,0,0,0,0,0,0,0,0,0,0,0,0,0,0,0,0,0,0,0,0,0,0,0,0,0,0,0,0,0
GF5_A1_D79,89.72633,0,3.37781,0,0,0,0,0,0,0,0,0,0,0,0,0,0,0,0,0,0,0,0,0,0,6.89586,0,0,0,0,0,0,0,0,0,0,0,0
GF5_A1_D80,99.43072,0,0.27618,0,0,0,0,0,0,0,0,0,0,0,0,0,0,0,0,0,0,0,0,0,0,0.29311,0,0,0,0,0,0,0,0,0,0,0,0
GF5_A1_D81,97.81111,0,1.85156,0,0,0,0,0,0,0,0,0,0,0,0,0,0,0,0,0,0,0,0,0,0,0.33733,0,0,0,0,0,0,0,0,0,0,0,0
GF5_A1_D83,0,0,96.7977,0,0,0,0,0,0,3.2023,0,0,0,0,0,0,0,0,0,0,0,0,0,0,0,0,0,0,0,0,0,0,0,0,0,0,0,0
GF5_A1_D88,45.10979,0,1.57841,0,0,0,0,36.9747,0,9.46492,0,0,0,0,0,0,0,0,0,0,0,0,0,0,0,6.87218,0,0,0,0,0,0,0,0,0,0,0,0
GF5_A2_COLON_190628,0,0,0,0,0,0,0,0,0,100,0,0,0,0,0,0,0,0,0,0,0,0,0,0,0,0,0,0,0,0,0,0,0,0,0,0,0,0
GF5_A2_D46,94.37087,0,1.20077,0,0,0,0,0.29548,0,0.71645,2.12698,0,0,0,0,0,0,0,0,0,0,0,0,0,0,1.28945,0,0,0,0,0,0,0,0,0,0,0,0
GF5_A2_D48,7.17711,0,2.38966,0,0,0,0,17.67926,0,2.94402,0,0,0.20685,0,0,0,0,0,0,0,0,0,0,0,0,69.6031,0,0,0,0,0,0,0,0,0,0,0,0
GF5_A2_D79,87.57192,0,0.8851,0,0,0,0,2.47922,0,0,0,0,0,0,0,0,0,0,0,0,0,0,0,0,0,9.06376,0,0,0,0,0,0,0,0,0,0,0,0
GF5_A2_D80,100,0,0,0,0,0,0,0,0,0,0,0,0,0,0,0,0,0,0,0,0,0,0,0,0,0,0,0,0,0,0,0,0,0,0,0,0,0
GF5_A3_COLON_190628,14.44556,0,64.78981,0,0,0,0,18.31069,0,2.45394,0,0,0,0,0,0,0,0,0,0,0,0,0,0,0,0,0,0,0,0,0,0,0,0,0,0,0,0
GF5_A3_D46,88.11358,0,5.11045,0,0,0,0,0,0,0.08347,0,0,0,0,0,0,0,0,0,0,0,0,0,0,0,6.6925,0,0,0,0,0,0,0,0,0,0,0,0
GF5_A4_D46,95.20882,0,3.41918,0,0,0,0,0,0,0,0,0,0,0,0,0,0,0,0,0,0,0,0,0,0,1.372,0,0,0,0,0,0,0,0,0,0,0,0
GF5_A4_D48,0,0,100,0,0,0,0,0,0,0,0,0,0,0,0,0,0,0,0,0,0,0,0,0,0,0,0,0,0,0,0,0,0,0,0,0,0,0
GF5_A5_D46,97.23958,0,1.02289,0,0,0,0,0.02816,0,0.46523,0,0,0,0,0,0,0,0,0,0,0,0,0,0,0,1.24414,0,0,0,0,0,0,0,0,0,0,0,0
GF5_A5_D79,54.69699,0,45.30301,0,0,0,0,0,0,0,0,0,0,0,0,0,0,0,0,0,0,0,0,0,0,0,0,0,0,0,0,0,0,0,0,0,0,0
GF5_A5_D80,0,0,0,0,0,0,0,100,0,0,0,0,0,0,0,0,0,0,0,0,0,0,0,0,0,0,0,0,0,0,0,0,0,0,0,0,0,0
GF5_A6_D81,85.61308,0,12.96479,0,0,0,0,0,0,0,0,0,0,0,0,0,0,0,0,0,0,0,0,0,0,1.42213,0,0,0,0,0,0,0,0,0,0,0,0
GF5_A6_D82,27.8839,0,4.12917,0,0,0,0,53.35723,0,1.14872,0.31367,0.22636,0,0,0,0,0,0,0,0,0,0,0,0,0,12.94094,0,0,0,0,0,0,0,0,0,0,0,0
GF5_A7_COLON_190815,2.55003,0,5.47999,0,0,0,0,2.64183,0,0,4.34345,0.36595,0,0,0,0,0,0,0,0,0,0,0,0,0,84.61875,0,0,0,0,0,0,0,0,0,0,0,0
GF5_A7_D46,91.06258,0,8.03493,0,0,0,0,0,0,0,0,0,0,0,0,0,0,0,0,0,0,0,0,0,0,0.9025,0,0,0,0,0,0,0,0,0,0,0,0
GF5_A7_D79,10.61838,0,68.78224,0,0,0,0,17.10171,0,3.02457,0,0,0,0,0,0,0,0,0,0,0,0,0,0,0,0.47309,0,0,0,0,0,0,0,0,0,0,0,0
GF5_A7_D80,22.30684,0,27.78751,0,0,0,0,29.70858,0,3.08693,0,0,0,0,0,0,0,0,0,0,0,0,0,0,0,17.11014,0,0,0,0,0,0,0,0,0,0,0,0
GF5_A7_D81,5.1879,0,11.39413,0,0,0,0,71.37872,0,0,0,0,0,0,0,0,0,0,0,0,0,0,0,0,0,12.03925,0,0,0,0,0,0,0,0,0,0,0,0
GF5_A7_D82,0,0,0,0,0,0,0,39.99815,0,0,0,0,0,0,0,0,0,0,0,0,0,0,0,0,0,60.00185,0,0,0,0,0,0,0,0,0,0,0,0
GF5_A7_D83,0,0,0,0,0,0,0,86.19761,0,13.80239,0,0,0,0,0,0,0,0,0,0,0,0,0,0,0,0,0,0,0,0,0,0,0,0,0,0,0,0
GF5_A7_D84,4.59724,0,5.65575,0,0,0,0,87.17745,0,1.64746,0,0,0,0,0,0,0,0,0,0,0,0,0,0,0,0.92209,0,0,0,0,0,0,0,0,0,0,0,0
GF5_A7_D87,5.34756,0,2.0601,0,0,0,0,35.04102,0,6.04114,7.74168,0,0,0,0,0,0,0,0,0,0,0,0,0,0,43.7685,0,0,0,0,0,0,0,0,0,0,0,0
GF5_A8_COLON_190815,3.16993,0,7.27836,0,0,0,0,12.73817,0,0.59445,14.55856,0.52765,0,0,0,0,0,0,0,0,0,0,0,0,0,61.13288,0,0,0,0,0,0,0,0,0,0,0,0
GF5_A8_D79,81.90129,0,17.05892,0,0,0,0,0.17161,0,0.5046,0,0,0,0,0,0,0,0,0,0,0,0,0,0,0,0.36358,0,0,0,0,0,0,0,0,0,0,0,0
GF5_A8_D83,0,0,1.14824,0,0,0,0,84.38179,0,14.46998,0,0,0,0,0,0,0,0,0,0,0,0,0,0,0,0,0,0,0,0,0,0,0,0,0,0,0,0
GF5_A8_D87,4.25958,0,1.24724,0,0,0,0,82.31247,0,10.07547,0,0,0,0,0,0,0,0,0,0,0,0,0,0,0,2.10524,0,0,0,0,0,0,0,0,0,0,0,0
GF5_B_COLON_M1,100,0,0,0,0,0,0,0,0,0,0,0,0,0,0,0,0,0,0,0,0,0,0,0,0,0,0,0,0,0,0,0,0,0,0,0,0,0
GF5_B_COLON_M2,80.37862,0,19.62138,0,0,0,0,0,0,0,0,0,0,0,0,0,0,0,0,0,0,0,0,0,0,0,0,0,0,0,0,0,0,0,0,0,0,0
GF5_B_COLON_P1,0,0,0,0,0,0,0,0,0,0,0,0,0,0,0,0,0,0,0,0,0,0,0,0,0,100,0,0,0,0,0,0,0,0,0,0,0,0
GF5_B_DAM_D3,5.44688,0,1.79114,0,0,0,0,40.48939,0,6.53763,0.09383,0.58774,0.62923,0,0.28526,0,0,0,0,0,0,0,0,0,0,44.13889,0,0,0,0,0,0,0,0,0,0,0,0
GF5_B1_COLON_190815,4.79125,0,4.96663,0,0,0,0,70.58901,0,1.41464,12.05166,0,0,0,0,0,0,0,0,0,0,0,0,0,0,6.1868,0,0,0,0,0,0,0,0,0,0,0,0
GF5_B1_D80,97.7295,0,1.58762,0,0,0,0,0.63575,0,0.04714,0,0,0,0,0,0,0,0,0,0,0,0,0,0,0,0,0,0,0,0,0,0,0,0,0,0,0,0
GF5_B1_D82,66.69783,0,8.86903,0,0,0,0,10.69416,0,4.8737,1.22902,0,0,0,0,0,0,0,0,0,0,0,0,0,0,7.63627,0,0,0,0,0,0,0,0,0,0,0,0
GF5_B1_D83,66.84689,0,14.7662,0,0,0,0,4.3479,0,14.03902,0,0,0,0,0,0,0,0,0,0,0,0,0,0,0,0,0,0,0,0,0,0,0,0,0,0,0,0
GF5_B1_D84,63.4533,0,10.55343,0,0,0,0,7.72789,0,18.26538,0,0,0,0,0,0,0,0,0,0,0,0,0,0,0,0,0,0,0,0,0,0,0,0,0,0,0,0
GF5_B2_D79,100,0,0,0,0,0,0,0,0,0,0,0,0,0,0,0,0,0,0,0,0,0,0,0,0,0,0,0,0,0,0,0,0,0,0,0,0,0
GF5_B2_D80,100,0,0,0,0,0,0,0,0,0,0,0,0,0,0,0,0,0,0,0,0,0,0,0,0,0,0,0,0,0,0,0,0,0,0,0,0,0
GF5_B3_COLON_190815,6.71698,0,7.27749,0,0,0,0,75.8864,0,0,0,0.21255,0,0,0,0,0,0,0,0,0,0,0,0,0,9.90658,0,0,0,0,0,0,0,0,0,0,0,0
GF5_B3_D79,97.60101,0,2.27953,0,0,0,0,0,0,0,0,0,0,0,0,0,0,0,0,0,0,0,0,0,0,0.11946,0,0,0,0,0,0,0,0,0,0,0,0
GF5_B3_D81,7.14396,0,3.58245,0,0,0,0,76.66564,0,12.04887,0,0.55908,0,0,0,0,0,0,0,0,0,0,0,0,0,0,0,0,0,0,0,0,0,0,0,0,0,0
GF5_B3_D82,51.33589,0,17.15864,0,0,0,0,10.9504,0,20.55506,0,0,0,0,0,0,0,0,0,0,0,0,0,0,0,0,0,0,0,0,0,0,0,0,0,0,0,0
GF5_B3_D83,66.73203,0,11.21946,0,0,0,0,11.06051,0,10.54121,0,0.4468,0,0,0,0,0,0,0,0,0,0,0,0,0,0,0,0,0,0,0,0,0,0,0,0,0,0
GF5_B4_D79,27.55271,0,41.74849,0,0,0,0,15.85025,0,5.33023,0,8.86763,0,0,0,0,0,0,0,0,0,0,0,0,0,0.42286,0,0,0,0,0,0,0,0.22784,0,0,0,0
GF5_B5_D79,26.6533,0,72.91035,0,0,0,0,0,0,0,0,0,0,0,0,0,0,0,0,0,0,0,0,0,0,0.43635,0,0,0,0,0,0,0,0,0,0,0,0
GF5_B5_D80,37.37289,0,62.62711,0,0,0,0,0,0,0,0,0,0,0,0,0,0,0,0,0,0,0,0,0,0,0,0,0,0,0,0,0,0,0,0,0,0,0
GF5_B6_COLON_190815,6.31416,0,11.25762,0,0,0,0,46.23977,0,0.6912,13.46858,1.46622,0,0,0,0,0,0,0,0,0,0,0,0,0,20.56245,0,0,0,0,0,0,0,0,0,0,0,0
GF5_B6_D79,85.29699,0,12.2472,0,0,0,0,1.2353,0,1.22051,0,0,0,0,0,0,0,0,0,0,0,0,0,0,0,0,0,0,0,0,0,0,0,0,0,0,0,0
GF5_B6_D84,4.90054,0,0.4513,0,0,0,0,92.22558,0,0.90076,0,1.16524,0,0,0,0,0,0,0,0,0,0,0,0,0,0.35657,0,0,0,0,0,0,0,0,0,0,0,0
GF5_B7_COLON_190815,10.28342,0,28.64537,0,0,0,0,39.53515,0,1.58832,5.88034,1.20582,0,0,0,0,0,0,0,0,0,0,0,0,0,12.86159,0,0,0,0,0,0,0,0,0,0,0,0
GF5_B7_D79,2.66724,0,94.79631,0,0,0,0,1.5457,0,0.84457,0,0,0,0,0,0,0,0,0,0,0,0,0,0,0,0.14619,0,0,0,0,0,0,0,0,0,0,0,0
GF5_B7_D80,11.14125,0,11.0072,0,0,0,0,66.74415,0,5.7695,0,5.32199,0,0,0,0,0,0,0,0,0,0,0,0,0,0.01591,0,0,0,0,0,0,0,0,0,0,0,0
GF5_B7_D82,10.81558,0,1.68476,0,0,0,0,78.72592,0,7.82089,0,0.95285,0,0,0,0,0,0,0,0,0,0,0,0,0,0,0,0,0,0,0,0,0,0,0,0,0,0
GF5_C_DAM_D24,3.11275,0,1.15787,0,0,0,0,41.23336,0,8.41787,18.22261,0.17925,0.70322,0,0.07427,0,0,0,0,0,0,0,0,0,0,26.8988,0,0,0,0,0,0,0,0,0,0,0,0
GF5_C_DAM_D3,3.72737,0,1.28179,0,0,0,0,37.09784,0,5.62902,0,0.00768,0.11644,0,0.49972,0,0,0,0,0,0,0,0,0,0,51.64013,0,0,0,0,0,0,0,0,0,0,0,0
GF5_C1_COLON_190628,15.54555,0,0.6502,0,0,0,0,59.96526,0,22.25037,0,0.62119,0,0,0,0,0,0,0,0,0,0,0,0,0,0.96743,0,0,0,0,0,0,0,0,0,0,0,0
GF5_C1_COLON_190815,78.81677,0,0,0,0,0,0,18.66892,0,2.51431,0,0,0,0,0,0,0,0,0,0,0,0,0,0,0,0,0,0,0,0,0,0,0,0,0,0,0,0
GF5_C1_D46,88.94828,0,0.8027,0,0,0,0,5.55807,0,2.13675,2.09992,0.43297,0,0,0,0,0,0,0,0,0,0,0,0,0,0.02131,0,0,0,0,0,0,0,0,0,0,0,0
GF5_C1_D47,66.58489,0,1.96302,0,0,0,0,13.83752,0,3.3989,3.23835,5.66158,5.17986,0,0.13587,0,0,0,0,0,0,0,0,0,0,0,0,0,0,0,0,0,0,0,0,0,0,0
GF5_C1_D48,40.35596,0,2.21057,0,0,0,0,21.42271,0,18.74403,4.4921,2.56173,0.08892,0,0,0,0,0,0,0,0,0,0,0,0,10.12398,0,0,0,0,0,0,0,0,0,0,0,0
GF5_C2_COLON_190815,100,0,0,0,0,0,0,0,0,0,0,0,0,0,0,0,0,0,0,0,0,0,0,0,0,0,0,0,0,0,0,0,0,0,0,0,0,0
GF5_C2_D46,89.19416,0,1.69315,0,0,0,0,3.60071,0,1.132,3.63109,0,0,0,0,0,0,0,0,0,0,0,0,0,0,0.74889,0,0,0,0,0,0,0,0,0,0,0,0
GF5_C3_COLON_190628,21.96676,0,0,0,0,0,0,63.61191,0,14.42133,0,0,0,0,0,0,0,0,0,0,0,0,0,0,0,0,0,0,0,0,0,0,0,0,0,0,0,0
GF5_C3_COLON_190815,100,0,0,0,0,0,0,0,0,0,0,0,0,0,0,0,0,0,0,0,0,0,0,0,0,0,0,0,0,0,0,0,0,0,0,0,0,0
GF5_C3_D46,96.9866,0,1.68984,0,0,0,0,0.01991,0,0,0,0,0,0,0,0,0,0,0,0,0,0,0,0,0,1.30364,0,0,0,0,0,0,0,0,0,0,0,0
GF5_C4_COLON_190628,40.15933,0,7.0066,0,0,0,0,37.59397,0,15.24011,0,0,0,0,0,0,0,0,0,0,0,0,0,0,0,0,0,0,0,0,0,0,0,0,0,0,0,0
GF5_C4_D46,83.58961,0,15.64176,0,0,0,0,0,0,0,0,0,0,0,0,0,0,0,0,0,0,0,0,0,0,0.76863,0,0,0,0,0,0,0,0,0,0,0,0
GF5_C4_D47,93.87355,0,6.12645,0,0,0,0,0,0,0,0,0,0,0,0,0,0,0,0,0,0,0,0,0,0,0,0,0,0,0,0,0,0,0,0,0,0,0
GF5_C5_COLON_190628,28.03501,0,14.01906,0,0,0,0,43.45124,0,14.49469,0,0,0,0,0,0,0,0,0,0,0,0,0,0,0,0,0,0,0,0,0,0,0,0,0,0,0,0
GF5_C5_D47,96.24593,0,1.37569,0,0,0,0,0,0,0,0,0,0,0,0,0,0,0,0,0,0,0,0,0,0,2.37838,0,0,0,0,0,0,0,0,0,0,0,0
GF5_C6_D46,97.54577,0,0.80604,0,0,0,0,0,0,0,0,0,0,0,0,0,0,0,0,0,0,0,0,0,0,1.64819,0,0,0,0,0,0,0,0,0,0,0,0
GF5_COLON_A1,100,0,0,0,0,0,0,0,0,0,0,0,0,0,0,0,0,0,0,0,0,0,0,0,0,0,0,0,0,0,0,0,0,0,0,0,0,0
GF5_COLON_A2,100,0,0,0,0,0,0,0,0,0,0,0,0,0,0,0,0,0,0,0,0,0,0,0,0,0,0,0,0,0,0,0,0,0,0,0,0,0
GF6_A1_COLON_D54,18.71182,0,0.15083,0,0,0,0,67.79281,0,9.18688,0,0,4.15767,0,0,0,0,0,0,0,0,0,0,0,0,0,0,0,0,0,0,0,0,0,0,0,0,0
GF6_A1_COLON_D88,76.96682,0,1.54785,0,0,0,0,14.74457,0,6.74076,0,0,0,0,0,0,0,0,0,0,0,0,0,0,0,0,0,0,0,0,0,0,0,0,0,0,0,0
GF6_A1_D53,78.77588,0,2.17776,0,0,0,0,15.32771,0,2.36339,0,0.10586,0,0,0,0,0,0,0,0,0,0,0,0,0,1.2494,0,0,0,0,0,0,0,0,0,0,0,0
GF6_A1_D87,41.73272,0,58.26728,0,0,0,0,0,0,0,0,0,0,0,0,0,0,0,0,0,0,0,0,0,0,0,0,0,0,0,0,0,0,0,0,0,0,0
GF6_A2_COLON_D105,0.64164,0,0,0,0,0,0,46.57819,0,24.23879,6.70145,0,0,0,0,0,0,0,0,0,0,0,0,0,0,21.83993,0,0,0,0,0,0,0,0,0,0,0,0
GF6_A2_COLON_D54,29.72282,0,0,0,0,0,0,42.1073,0,27.96057,0,0,0,0,0,0,0,0,0,0,0,0,0,0,0,0.20931,0,0,0,0,0,0,0,0,0,0,0,0
GF6_A2_D51,86.31281,0,13.68719,0,0,0,0,0,0,0,0,0,0,0,0,0,0,0,0,0,0,0,0,0,0,0,0,0,0,0,0,0,0,0,0,0,0,0
GF6_A2_D52,100,0,0,0,0,0,0,0,0,0,0,0,0,0,0,0,0,0,0,0,0,0,0,0,0,0,0,0,0,0,0,0,0,0,0,0,0,0
GF6_A2_D87,70.80727,0,3.92079,0,0,0,0,10.96316,0,1.70905,0,0,0,0,0,0,0,0,0,0,0,0,0,0,0,12.59974,0,0,0,0,0,0,0,0,0,0,0,0
GF6_A2_D93,23.66409,0,0.8139,0,0,0,0,60.74201,0,5.98389,5.07249,1.9098,0,0,0,0,0,0,0,0,0,0,0,0,0,1.81383,0,0,0,0,0,0,0,0,0,0,0,0
GF6_A3_COLON_D54,16.87236,0,0,0,0,0,0,74.4501,0,8.67753,0,0,0,0,0,0,0,0,0,0,0,0,0,0,0,0,0,0,0,0,0,0,0,0,0,0,0,0
GF6_A3_COLON_D88,93.91764,0,0,0,0,0,0,1.115,0,4.47014,0.49722,0,0,0,0,0,0,0,0,0,0,0,0,0,0,0,0,0,0,0,0,0,0,0,0,0,0,0
GF6_A3_D51,82.11532,0,5.82206,0,0,0,0,0.14675,0,0,0,0,0,0,0,0,0,0,0,0,0,0,0,0,0,11.91587,0,0,0,0,0,0,0,0,0,0,0,0
GF6_A3_D52,74.44219,0,14.92847,0,0,0,0,5.9022,0,3.91994,0,0,0,0,0,0,0,0,0,0,0,0,0,0,0,0.80719,0,0,0,0,0,0,0,0,0,0,0,0
GF6_A3_D53,64.46915,0,3.46347,0,0,0,0,23.49465,0,3.95213,0,0,2.40551,0,0,0,0,0,0,0,0,0,0,0,0,2.21508,0,0,0,0,0,0,0,0,0,0,0,0
GF6_A3_D87,100,0,0,0,0,0,0,0,0,0,0,0,0,0,0,0,0,0,0,0,0,0,0,0,0,0,0,0,0,0,0,0,0,0,0,0,0,0
GF6_A4_COLON_D105,0.959,0,0,0,0,0,0,49.87827,0.89214,20.40097,5.65256,0,0,0,0,0,0,0,0,0,0,0,0,0,0,22.21706,0,0,0,0,0,0,0,0,0,0,0,0
GF6_A4_COLON_D54,44.39342,0,0,0,0,0,0,42.10729,0,12.85086,0,0,0.64843,0,0,0,0,0,0,0,0,0,0,0,0,0,0,0,0,0,0,0,0,0,0,0,0,0
GF6_A4_D51,71.26042,0,28.73958,0,0,0,0,0,0,0,0,0,0,0,0,0,0,0,0,0,0,0,0,0,0,0,0,0,0,0,0,0,0,0,0,0,0,0
GF6_A4_D53,75.42938,0,7.85671,0,0,0,0,11.52506,0,2.52405,0,0,0.16322,0,0,0,0,0,0,0,0,0,0,0,0,2.50157,0,0,0,0,0,0,0,0,0,0,0,0
GF6_A4_D93,15.43345,0,1.26584,0,0,0,0,76.1031,0,3.52428,0,1.73111,0,0,0,0,0,0,0,0,0,0,0,0,0,1.94222,0,0,0,0,0,0,0,0,0,0,0,0
GF6_A5_COLON_D105,1.5423,0,0,0,0,0,0,40.71845,0,17.1272,12.85455,0,0,0,0,0,0,0,0,0,0,0,0,0,0,27.7575,0,0,0,0,0,0,0,0,0,0,0,0
GF6_A5_D51,83.02469,0,16.97531,0,0,0,0,0,0,0,0,0,0,0,0,0,0,0,0,0,0,0,0,0,0,0,0,0,0,0,0,0,0,0,0,0,0,0
GF6_A5_D87,93.52004,0,0,0,0,0,0,0,0,0,0,0,0,0,0,0,0,0,0,0,0,0,0,0,0,0,0,0,0,0,0,0,0,6.47996,0,0,0,0
GF6_A5_D90,47.57398,0,4.94552,0,0,0,0,9.78289,0,5.04094,0,0,0,0,0,0,0,0,0,0,0,0,0,0,0,32.65667,0,0,0,0,0,0,0,0,0,0,0,0
GF6_A5_D91,44.20969,0,11.98946,0,0,0,0,28.60036,0,7.60575,0,0,0,0,0.07662,0,0,0,0,0,0,0,0,0,0,7.51813,0,0,0,0,0,0,0,0,0,0,0,0
GF6_A6_COLON_D105,1.74764,0,0.08344,0,0,0,0,64.44653,0,12.60894,7.73277,0,0,0,0,0,0,0,0,0,0,0,0,0,0,13.38067,0,0,0,0,0,0,0,0,0,0,0,0
GF6_A6_COLON_D54,15.96755,0,0.1082,0,0,0,0,73.93997,0,9.5619,0,0,0,0,0,0,0,0,0,0,0,0,0,0,0,0.42237,0,0,0,0,0,0,0,0,0,0,0,0
GF6_A6_D53,74.1701,0,12.12825,0,0,0,0,5.23521,0,6.82904,0,0.72429,0,0,0,0,0,0,0,0,0,0,0,0,0,0.91311,0,0,0,0,0,0,0,0,0,0,0,0
GF6_A6_D87,93.49071,0,6.50929,0,0,0,0,0,0,0,0,0,0,0,0,0,0,0,0,0,0,0,0,0,0,0,0,0,0,0,0,0,0,0,0,0,0,0
GF6_A6_D88,89.91839,0,10.08161,0,0,0,0,0,0,0,0,0,0,0,0,0,0,0,0,0,0,0,0,0,0,0,0,0,0,0,0,0,0,0,0,0,0,0
GF6_A6_D91,24.06333,0,13.9797,0,0,0,0,46.125,0,12.5622,0,1.97984,0,0,0.01969,0,0,0,0,0,0,0,0,0,0,1.27025,0,0,0,0,0,0,0,0,0,0,0,0
GF6_A7_D87,100,0,0,0,0,0,0,0,0,0,0,0,0,0,0,0,0,0,0,0,0,0,0,0,0,0,0,0,0,0,0,0,0,0,0,0,0,0
GF6_A8_COLON_D105,1.19521,0,0.90874,0,0,0,0,56.61136,0,23.57621,0.96988,0,0,0,0,0,0,0,0,0,0,0,0,0,0,16.7386,0,0,0,0,0,0,0,0,0,0,0,0
GF6_A8_COLON_D54,6.84698,0,0,0,0,0,0,71.26331,0,21.88971,0,0,0,0,0,0,0,0,0,0,0,0,0,0,0,0,0,0,0,0,0,0,0,0,0,0,0,0
GF6_A8_D51,92.30057,0,5.99787,0,0,0,0,0,0,0,0,0,0,0,0,0,0,0,0,0,0,0,0,0,0,1.70156,0,0,0,0,0,0,0,0,0,0,0,0
GF6_A8_D52,92.35105,0,7.64895,0,0,0,0,0,0,0,0,0,0,0,0,0,0,0,0,0,0,0,0,0,0,0,0,0,0,0,0,0,0,0,0,0,0,0
GF6_A8_D53,30.24762,0,5.11683,0,0,0,0,39.3345,0,14.35868,0,7.28166,0,0,0,0,0,0,0,0,0,0,0,0,0,3.66071,0,0,0,0,0,0,0,0,0,0,0,0
GF6_A8_D89,39.02988,0,3.93474,0,0,0,0,45.06022,0,6.77909,0,4.6839,0,0,0,0,0,0,0,0,0,0,0,0,0,0.51218,0,0,0,0,0,0,0,0,0,0,0,0
GF6_A8_D91,8.60169,0,0,0,0,0,0,58.71365,0,15.90579,2.64095,0.97064,0,0,0,0,0,0,0,0,0,0,0,0,0,13.16728,0,0,0,0,0,0,0,0,0,0,0,0
GF6_A8_D93,18.14352,0,0.84992,0,0,0,0,61.98682,0,2.92771,11.8122,1.45369,0,0,0,0,0,0,0,0,0,0,0,0,0,2.82614,0,0,0,0,0,0,0,0,0,0,0,0
GF6_ADAM_D0,31.16246,0,0,0,0,0,0,8.47252,55.28347,3.23819,0,0,0,0,0,0,0,0,0,0,0,0,0,0,0,0,0,0,0,0,0,0,0,1.84337,0,0,0,0
GF6_ASIRE_D57,3.85936,0,2.19677,0,0,0,0,16.79689,0,5.24269,5.02526,0.43767,5.53985,0,7.55492,0,0,0,0,0,0,0,0,0,0,53.3466,0,0,0,0,0,0,0,0,0,0,0,0
GF6_B_DAM_D22,4.40991,0,4.0977,0,0,0,0,32.91973,0,2.96937,0,0.09859,0,0,0.05371,0,0,0,0,0,0,0,0,0,0,55.45101,0,0,0,0,0,0,0,0,0,0,0,0
GF6_B1_D63,96.77514,0,1.37318,0,0,0,0,0,0,0,0,0,0,0,0,0,0,0,0,0,0,0,0,0,0,1.85168,0,0,0,0,0,0,0,0,0,0,0,0
GF6_B1_D64,95.31826,0,1.95817,0,0,0,0,0.62809,0,0.13374,0,0,0.04584,0,0,0,0,0,0,0,0,0,0,0,0,1.91589,0,0,0,0,0,0,0,0,0,0,0,0
GF6_B1_D66,0,0,0,0,0,0,0,92.42772,0,7.57228,0,0,0,0,0,0,0,0,0,0,0,0,0,0,0,0,0,0,0,0,0,0,0,0,0,0,0,0
GF6_B1_D87,100,0,0,0,0,0,0,0,0,0,0,0,0,0,0,0,0,0,0,0,0,0,0,0,0,0,0,0,0,0,0,0,0,0,0,0,0,0
GF6_B1_D89,6.2158,0,14.01609,0,0,0,0,18.39759,0,3.14346,0,0,0,0,0,0,0,0,0,0,0,0,0,0,0,58.22707,0,0,0,0,0,0,0,0,0,0,0,0
GF6_B1_D91,6.36718,0,17.47679,0,0,0,0,43.81288,0,10.14145,0,0,0,0,0,0,0,0,0,0,0,0,0,0,0,22.20171,0,0,0,0,0,0,0,0,0,0,0,0
GF6_B1_D93,52.89775,0,5.77667,0,0,0,0,27.84558,0,8.19319,0,3.11328,0,0,0,0,0,0,0,0,0,0,0,0,0,2.17353,0,0,0,0,0,0,0,0,0,0,0,0
GF6_B10_D63,98.54032,0,1.18549,0,0,0,0,0,0,0,0,0,0,0,0,0,0,0,0,0,0,0,0,0,0,0.27419,0,0,0,0,0,0,0,0,0,0,0,0
GF6_B10_D64,91.96378,0,4.50205,0,0,0,0,2.18546,0,0.39942,0,0,0.07735,0,0,0,0,0,0,0,0,0,0,0,0,0.87194,0,0,0,0,0,0,0,0,0,0,0,0
GF6_B2_COLON_D105,2.71364,0,1.06454,0,0,0,0,47.38636,0,26.55432,0.09916,0,0,0,0,0,0,0,0,0,0,0,0,0,0,22.18197,0,0,0,0,0,0,0,0,0,0,0,0
GF6_B2_D63,55.57515,0,39.53474,0,0,0,0,3.25704,0,0.77639,0,0,0,0,0,0,0,0,0,0,0,0,0,0,0,0.72208,0,0,0,0,0,0,0,0.13461,0,0,0,0
GF6_B2_D66,78.40132,0,1.86624,0,0,0,0,15.18677,0,4.54567,0,0,0,0,0,0,0,0,0,0,0,0,0,0,0,0,0,0,0,0,0,0,0,0,0,0,0,0
GF6_B2_D87,83.4369,0,10.63204,0,0,0,0,5.56155,0,0.36951,0,0,0,0,0,0,0,0,0,0,0,0,0,0,0,0,0,0,0,0,0,0,0,0,0,0,0,0
GF6_B2_D89,0,0,30.81229,0,0,0,0,0,0,0,0,0,0,0,0,0,0,0,0,0,0,0,0,0,0,69.18771,0,0,0,0,0,0,0,0,0,0,0,0
GF6_B3_COLON_D105,1.93885,0,0.82679,0,0,0,0,47.91118,0,24.42422,0,0,0,0,0,0,0,0,0,0,0,0,0,0,0,24.89896,0,0,0,0,0,0,0,0,0,0,0,0
GF6_B3_D63,94.90952,0,3.86507,0,0,0,0,0,0,0,0,0,0,0,0,0,0,0,0,0,0,0,0,0,0,1.22541,0,0,0,0,0,0,0,0,0,0,0,0
GF6_B3_D66,16.32973,0,3.53474,0,0,0,0,67.14268,0,11.0673,0,0,1.62569,0,0,0,0,0,0,0,0,0,0,0,0,0.29986,0,0,0,0,0,0,0,0,0,0,0,0
GF6_B3_D87,70.74205,0,11.55034,0,0,0,0,14.87298,0,0.74529,0,0,0.55326,0,0,0,0,0,0,0,0,0,0,0,0,1.53608,0,0,0,0,0,0,0,0,0,0,0,0
GF6_B3_D89,100,0,0,0,0,0,0,0,0,0,0,0,0,0,0,0,0,0,0,0,0,0,0,0,0,0,0,0,0,0,0,0,0,0,0,0,0,0
GF6_B3_D91,0,0,11.82573,0,0,0,0,69.08817,0,6.54431,0,0,0,0,0,0,0,0,0,0,0,0,0,0,0,12.54179,0,0,0,0,0,0,0,0,0,0,0,0
GF6_B3_D93,4.27411,0,2.73232,0,0,0,0,42.63441,0,1.9412,0,0,0,0,0,0,0,0,0,0,0,0,0,0,0,48.41796,0,0,0,0,0,0,0,0,0,0,0,0
GF6_B4_COLON_D105,2.54208,0,0.88337,0,0,0,0,42.49702,0,24.36324,0.98963,0,0,0,0,0,0,0,0,0,0,0,0,0,0,28.72467,0,0,0,0,0,0,0,0,0,0,0,0
GF6_B4_D64,91.69195,0,3.892,0,0,0,0,1.90399,0,0.3647,0,0,0,0,0,0,0,0,0,0,0,0,0,0,0,2.14736,0,0,0,0,0,0,0,0,0,0,0,0
GF6_B4_D66,0,0,0,0,0,0,0,100,0,0,0,0,0,0,0,0,0,0,0,0,0,0,0,0,0,0,0,0,0,0,0,0,0,0,0,0,0,0
GF6_B4_D87,73.18462,0,12.38831,0,0,0,0,11.63394,0,1.06973,0,0,0.18406,0,0,0,0,0,0,0,0,0,0,0,0,1.53934,0,0,0,0,0,0,0,0,0,0,0,0
GF6_B4_D89,0,0,59.1325,0,0,0,0,0,0,0,0,0,0,0,0,0,0,0,0,0,0,0,0,0,0,40.8675,0,0,0,0,0,0,0,0,0,0,0,0
GF6_B4_D93,10.36886,0,1.42168,0,0,0,0,56.20303,0,3.67403,0,0,0,0,0,0,0,0,0,0,0,0,0,0,0,28.33239,0,0,0,0,0,0,0,0,0,0,0,0
GF6_B5_COLON_D105,2.89932,0,1.06112,0,0,0,0,46.7356,0,23.59597,0,0,0,0,0,0,0,0,0,0,0,0,0,0,0,25.708,0,0,0,0,0,0,0,0,0,0,0,0
GF6_B5_D66,0,0,0,0,0,0,0,77.26396,0,22.73604,0,0,0,0,0,0,0,0,0,0,0,0,0,0,0,0,0,0,0,0,0,0,0,0,0,0,0,0
GF6_B5_D90,0,0,34.8996,0,0,0,0,0,0,0,0,0,0,0,0,0,0,0,0,0,0,0,0,0,0,56.18828,0,0,0,0,0,0,0,8.91212,0,0,0,0
GF6_B5_D91,0,0,32.1902,0,0,0,0,0,0,0,0,0,0,0,0,0,0,0,0,0,0,0,0,0,0,67.8098,0,0,0,0,0,0,0,0,0,0,0,0
GF6_B6_COLON_D105,3.00936,0,0.91414,0,0,0,0,44.72691,0,25.61531,0,0.19942,0,0,0,0,0,0,0,0,0,0,0,0,0,25.53486,0,0,0,0,0,0,0,0,0,0,0,0
GF6_B6_D63,91.59195,0,7.34992,0,0,0,0,0,0,0,0,0,0,0,0,0,0,0,0,0,0,0,0,0,0,1.05813,0,0,0,0,0,0,0,0,0,0,0,0
GF6_B6_D64,90.47678,0,6.04352,0,0,0,0,1.45719,0,0.52301,0,0,0.13206,0,0,0,0,0,0,0,0,0,0,0,0,1.33957,0,0,0,0,0,0,0,0.02788,0,0,0,0
GF6_B6_D66,9.38723,0,0.63889,0,0,0,0,76.51673,0,13.45714,0,0,0,0,0,0,0,0,0,0,0,0,0,0,0,0,0,0,0,0,0,0,0,0,0,0,0,0
GF6_B6_D87,100,0,0,0,0,0,0,0,0,0,0,0,0,0,0,0,0,0,0,0,0,0,0,0,0,0,0,0,0,0,0,0,0,0,0,0,0,0
GF6_B6_D90,0,0,44.07589,0,0,0,0,0,0,0,0,0,0,0,0,0,0,0,0,0,0,0,0,0,0,55.92411,0,0,0,0,0,0,0,0,0,0,0,0
GF6_B6_D91,0,0,82.13645,0,0,0,0,0,0,0,0,0,0,0,0,0,0,0,0,0,0,0,0,0,0,17.86355,0,0,0,0,0,0,0,0,0,0,0,0
GF6_B6_D93,38.31445,0,21.44608,0,0,0,0,25.32,0,13.9017,0,0,0,0,0,0,0,0,0,0,0,0,0,0,0,1.01776,0,0,0,0,0,0,0,0,0,0,0,0
GF6_B7_COLON_D105,2.79152,0,0.29836,0,0,0,0,62.08368,0,22.4218,0,0,0,0,0,0,0,0,0,0,0,0,0,0,0,12.40464,0,0,0,0,0,0,0,0,0,0,0,0
GF6_B7_D63,81.78272,0,16.88059,0,0,0,0,0,0,0,0,0,0,0,0,0,0,0,0,0,0,0,0,0,0,1.33669,0,0,0,0,0,0,0,0,0,0,0,0
GF6_B7_D66,22.46226,0,1.63209,0,0,0,0,72.23201,0,3.67364,0,0,0,0,0,0,0,0,0,0,0,0,0,0,0,0,0,0,0,0,0,0,0,0,0,0,0,0
GF6_B7_D87,98.96089,0,1.03911,0,0,0,0,0,0,0,0,0,0,0,0,0,0,0,0,0,0,0,0,0,0,0,0,0,0,0,0,0,0,0,0,0,0,0
GF6_B7_D90,0,0,36.89766,0,0,0,0,0,0,0,0,0,0.38536,0,0,0,0,0,0,0,0,0,0,0,0,62.42619,0,0,0,0,0,0,0,0.2908,0,0,0,0
GF6_B7_D91,0,0,0,0,0,0,0,0,0,0,0,0,0,0,0,0,0,0,0,0,0,0,0,0,0,100,0,0,0,0,0,0,0,0,0,0,0,0
GF6_B7_D93,18.13017,0,3.30396,0,0,0,0,70.87102,0,7.69485,0,0,0,0,0,0,0,0,0,0,0,0,0,0,0,0,0,0,0,0,0,0,0,0,0,0,0,0
GF6_B8_COLON_D105,5.40532,0,1.55647,0,0,0,0,61.13897,6.08026,12.19837,1.51131,0.09483,0.42978,0,0.36394,0,0,0,0,0,0,0,0,0,0,11.22074,0,0,0,0,0,0,0,0,0,0,0,0
GF6_B8_D63,94.59574,0,3.79838,0,0,0,0,0.27722,0,0,0,0,0,0,0,0,0,0,0,0,0,0,0,0,0,1.32866,0,0,0,0,0,0,0,0,0,0,0,0
GF6_B8_D66,14.58475,0,6.72359,0,0,0,0,63.30618,0,14.95485,0,0.43062,0,0,0,0,0,0,0,0,0,0,0,0,0,0,0,0,0,0,0,0,0,0,0,0,0,0
GF6_B8_D91,11.46753,0,31.81388,0,0,0,0,43.83914,0,12.23483,0,0,0,0,0,0,0,0,0,0,0,0,0,0,0,0.64463,0,0,0,0,0,0,0,0,0,0,0,0
GF6_B9_D66,7.48158,0,0,0,0,0,0,66.27248,0,26.12831,0,0.11763,0,0,0,0,0,0,0,0,0,0,0,0,0,0,0,0,0,0,0,0,0,0,0,0,0,0
GF6_GFPBS1_COLON,0,0,0,0,0,0,0,0,0,100,0,0,0,0,0,0,0,0,0,0,0,0,0,0,0,0,0,0,0,0,0,0,0,0,0,0,0,0
GF6_GFPBS2_COLON,0,0,0,0,0,0,0,0,0,100,0,0,0,0,0,0,0,0,0,0,0,0,0,0,0,0,0,0,0,0,0,0,0,0,0,0,0,0
GF6_GFPBS3_COLON,0,0,0,0,0,0,0,0,0,100,0,0,0,0,0,0,0,0,0,0,0,0,0,0,0,0,0,0,0,0,0,0,0,0,0,0,0,0
GF6_INOC,7.64092,0,4.35527,0,0,0,0,27.68836,0,2.08204,5.26107,0.49547,3.35487,0,3.37246,0,0,0,0,0,0,0,0,0,0,45.74954,0,0,0,0,0,0,0,0,0,0,0,0
GF6_WATER_H11,9.21464,0,5.65997,0,0,0,0,7.34031,0,0.08532,0,0,0,0,0,0,0,0,0,0,0,0,0,0,0,77.69976,0,0,0,0,0,0,0,0,0,0,0,0
GF7_A1_COLON_D47,9.31484,0,0.64879,0,0,0,0,47.69723,19.60945,8.67163,0,0,3.00251,0,0,0,6.64368,1.68468,1.57537,1.1518,0,0,0,0,0,0,0,0,0,0,0,0,0,0,0,0,0,0
GF7_A3_COLON_D47,21.88013,0,2.08882,0,0,0,0,31.50146,32.19554,12.33405,0,0,0,0,0,0,0,0,0,0,0,0,0,0,0,0,0,0,0,0,0,0,0,0,0,0,0,0
GF7_A4_COLON_D47,6.80734,0,1.37121,0,0,0,0,41.1775,27.15261,13.60378,0,0,9.88756,0,0,0,0,0,0,0,0,0,0,0,0,0,0,0,0,0,0,0,0,0,0,0,0,0
GF7_A5_COLON_D47,3.87467,0,0,0,0,0,0,53.06524,19.35101,22.0139,0,0,1.69518,0,0,0,0,0,0,0,0,0,0,0,0,0,0,0,0,0,0,0,0,0,0,0,0,0
GF7_A6_COLON_D47,7.03936,0,1.31192,0,0,0,0,54.14515,17.84674,16.79217,0,0,2.86466,0,0,0,0,0,0,0,0,0,0,0,0,0,0,0,0,0,0,0,0,0,0,0,0,0
GF7_A7_COLON_D47,17.06225,0,0,0,0,0,0,27.34183,42.93163,12.66429,0,0,0,0,0,0,0,0,0,0,0,0,0,0,0,0,0,0,0,0,0,0,0,0,0,0,0,0
GF7_ADAM_D0,0,0,0,0,0,0,0,0,0,0,0,0,0,0,0,0,0,0,0,0,0,0,0,0,0,0,0,0,0,0,0,0,0,100,0,0,0,0
GF7_ADAM_D5,5.7567,0,1.32836,0,0,0,0,26.10646,0,8.79305,16.14243,0.07254,0.66697,0,0.05416,0,0,0,0,0,0,0,0,0,0,41.07933,0,0,0,0,0,0,0,0,0,0,0,0
GF7_ADAM_D78,5.71965,0,1.53942,0,0,0,0,26.84908,0,3.13781,8.50978,0.72473,3.15543,0,4.41353,0,0,0,0,0,0,0,0,0,0,45.95058,0,0,0,0,0,0,0,0,0,0,0,0
GF7_ASIRE_D36,18.09683,0,3.06225,0,0,0,0,40.76869,16.77449,6.40222,6.75266,2.08675,3.82568,0.42571,1.80472,0,0,0,0,0,0,0,0,0,0,0,0,0,0,0,0,0,0,0,0,0,0,0
GF7_B1_COLON_D47,11.53697,0,2.53792,0,0,0,0,63.45403,9.76863,0.74379,6.10125,0.77226,2.43833,1.40286,1.24397,0,0,0,0,0,0,0,0,0,0,0,0,0,0,0,0,0,0,0,0,0,0,0
GF7_B1_D30,92.80833,0,3.38503,0,0,0,0,2.75989,0.05326,0.99348,0,0,0,0,0,0,0,0,0,0,0,0,0,0,0,0,0,0,0,0,0,0,0,0,0,0,0,0
GF7_B1_D31,73.35794,0,1.90577,0,0,0,0,5.97637,12.70193,1.97688,0,0.10696,3.97414,0,0,0,0,0,0,0,0,0,0,0,0,0,0,0,0,0,0,0,0,0,0,0,0,0
GF7_B1_D32,26.64863,0,1.51046,0,0,0,0,29.6834,28.79431,13.3632,0,0,0,0,0,0,0,0,0,0,0,0,0,0,0,0,0,0,0,0,0,0,0,0,0,0,0,0
GF7_B1_D33,24.13219,0,0.79999,0,0,0,0,27.33132,38.38454,9.35196,0,0,0,0,0,0,0,0,0,0,0,0,0,0,0,0,0,0,0,0,0,0,0,0,0,0,0,0
GF7_B1_D36,24.03805,0,1.74851,0,0,0,0,40.96728,25.96442,7.00699,0,0.27475,0,0,0,0,0,0,0,0,0,0,0,0,0,0,0,0,0,0,0,0,0,0,0,0,0,0
GF7_B2_COLON_D47,10.67325,0,3.17198,0,0,0,0,54.12543,9.8953,5.01041,7.50143,0.83767,4.23189,2.69045,1.86219,0,0,0,0,0,0,0,0,0,0,0,0,0,0,0,0,0,0,0,0,0,0,0
GF7_B2_D30,97.95659,0,0.82848,0,0,0,0,0.43847,0.04643,0.73003,0,0,0,0,0,0,0,0,0,0,0,0,0,0,0,0,0,0,0,0,0,0,0,0,0,0,0,0
GF7_B2_D34,30.11682,0,1.2373,0,0,0,0,27.4102,35.6011,5.63457,0,0,0,0,0,0,0,0,0,0,0,0,0,0,0,0,0,0,0,0,0,0,0,0,0,0,0,0
GF7_B2_D36,36.73992,0,0.86662,0,0,0,0,32.89637,20.98222,8.51487,0,0,0,0,0,0,0,0,0,0,0,0,0,0,0,0,0,0,0,0,0,0,0,0,0,0,0,0
GF7_B3_D30,97.88692,0,1.04946,0,0,0,0,0.49072,0,0.5729,0,0,0,0,0,0,0,0,0,0,0,0,0,0,0,0,0,0,0,0,0,0,0,0,0,0,0,0
GF7_B3_D31,76.90344,0,2.96331,0,0,0,0,17.27881,0.63242,2.22202,0,0,0,0,0,0,0,0,0,0,0,0,0,0,0,0,0,0,0,0,0,0,0,0,0,0,0,0
GF7_B3_D33,24.84376,0,4.7071,0,0,0,0,30.10295,28.67273,11.67345,0,0,0,0,0,0,0,0,0,0,0,0,0,0,0,0,0,0,0,0,0,0,0,0,0,0,0,0
GF7_B3_D36,33.17427,0,4.15868,0,0,0,0,23.09372,32.03328,7.44845,0,0.0916,0,0,0,0,0,0,0,0,0,0,0,0,0,0,0,0,0,0,0,0,0,0,0,0,0,0
GF7_B4_COLON_D47,36.42631,0,3.11124,0,0,0,0,26.08081,19.11383,6.63614,6.1236,0.13073,2.34542,0.03193,0,0,0,0,0,0,0,0,0,0,0,0,0,0,0,0,0,0,0,0,0,0,0,0
GF7_B4_D35,12.66715,0,0.07011,0,0,0,0,20.35296,58.38157,8.52822,0,0,0,0,0,0,0,0,0,0,0,0,0,0,0,0,0,0,0,0,0,0,0,0,0,0,0,0
GF7_B4_D36,30.96998,0,0.79182,0,0,0,0,10.99346,51.66435,5.58039,0,0,0,0,0,0,0,0,0,0,0,0,0,0,0,0,0,0,0,0,0,0,0,0,0,0,0,0
GF7_B5_COLON_D47,15.6982,0,4.16548,0,0,0,0,43.26439,10.60289,6.05009,7.15459,0.58997,4.49762,5.77343,2.20333,0,0,0,0,0,0,0,0,0,0,0,0,0,0,0,0,0,0,0,0,0,0,0
GF7_B5_D30,84.93829,0,3.34235,0,0,0,0,7.85346,1.36911,2.13624,0,0,0.36055,0,0,0,0,0,0,0,0,0,0,0,0,0,0,0,0,0,0,0,0,0,0,0,0,0
GF7_B5_D36,35.36125,0,3.77015,0,0,0,0,17.01446,36.41707,7.28261,0,0.15447,0,0,0,0,0,0,0,0,0,0,0,0,0,0,0,0,0,0,0,0,0,0,0,0,0,0
GF7_B6_COLON_D47,100,0,0,0,0,0,0,0,0,0,0,0,0,0,0,0,0,0,0,0,0,0,0,0,0,0,0,0,0,0,0,0,0,0,0,0,0,0
GF7_B8_COLON_D47,0,0,0,0,0,0,0,0,0,0,0,0,0,0,0,0,0,0,0,0,0,0,0,0,100,0,0,0,0,0,0,0,0,0,0,0,0,0
GF7_BDAM_D1,50.65914,0,3.43427,0,0,0,0,38.63996,2.82021,3.95187,0.49455,0,0,0,0,0,0,0,0,0,0,0,0,0,0,0,0,0,0,0,0,0,0,0,0,0,0,0
GF7_BDAM_D78,18.7093,0,8.88023,0,0,0,0,56.76119,0,3.0712,6.17624,1.46914,0.92277,0,0,0,0,0,0,0,0,0,0,0,0,4.00992,0,0,0,0,0,0,0,0,0,0,0,0
GF7_BSIRE_D12,15.10682,0,3.23542,0,0,0,0,34.83642,22.03933,8.20275,6.38053,0.39302,4.60148,2.52964,2.67459,0,0,0,0,0,0,0,0,0,0,0,0,0,0,0,0,0,0,0,0,0,0,0
GF7_BSIRE_D20,4.64304,0,2.37318,0,0,0,0,47.24787,21.63689,10.19495,5.61468,1.24377,2.95225,2.05388,2.03949,0,0,0,0,0,0,0,0,0,0,0,0,0,0,0,0,0,0,0,0,0,0,0
GF7_BSIRE_D36,3.31145,0,1.13697,0,0,0,0,60.61815,13.02498,12.38047,4.77706,0.83395,2.19772,0.51384,1.20541,0,0,0,0,0,0,0,0,0,0,0,0,0,0,0,0,0,0,0,0,0,0,0
GF7_C1_COLON_D47,8.16922,0,2.55381,0,0,0,0,71.22042,7.36456,3.80111,5.78855,1.10233,0,0,0,0,0,0,0,0,0,0,0,0,0,0,0,0,0,0,0,0,0,0,0,0,0,0
GF7_C1_D30,85.25968,0,2.64286,0,0,0,0,8.33893,1.10739,2.21614,0,0,0.435,0,0,0,0,0,0,0,0,0,0,0,0,0,0,0,0,0,0,0,0,0,0,0,0,0
GF7_C1_D34,0,0,100,0,0,0,0,0,0,0,0,0,0,0,0,0,0,0,0,0,0,0,0,0,0,0,0,0,0,0,0,0,0,0,0,0,0,0
GF7_C1_D36,20.16527,0,0.6761,0,0,0,0,29.11466,43.81937,6.2246,0,0,0,0,0,0,0,0,0,0,0,0,0,0,0,0,0,0,0,0,0,0,0,0,0,0,0,0
GF7_C2_COLON_D47,21.20886,0,4.99452,0,0,0,0,47.37758,17.47126,0.52232,7.83072,0.59474,0,0,0,0,0,0,0,0,0,0,0,0,0,0,0,0,0,0,0,0,0,0,0,0,0,0
GF7_C2_D30,79.61019,0,2.00575,0,0,0,0,1.32419,0.25275,0.40607,0,16.40104,0,0,0,0,0,0,0,0,0,0,0,0,0,0,0,0,0,0,0,0,0,0,0,0,0,0
GF7_C2_D32,0,0,100,0,0,0,0,0,0,0,0,0,0,0,0,0,0,0,0,0,0,0,0,0,0,0,0,0,0,0,0,0,0,0,0,0,0,0
GF7_C2_D33,0,0,99.3843,0,0,0,0,0,0,0,0,0,0,0,0,0,0,0,0,0,0,0,0,0,0,0,0,0,0,0,0,0,0,0.6157,0,0,0,0
GF7_C2_D36,22.32261,0,7.84593,0,0,0,0,37.42467,26.2343,6.1302,0,0.0423,0,0,0,0,0,0,0,0,0,0,0,0,0,0,0,0,0,0,0,0,0,0,0,0,0,0
GF7_C3_COLON_D47,17.95474,0,3.53297,0,0,0,0,48.85424,16.19263,3.58056,7.79211,2.09275,0,0,0,0,0,0,0,0,0,0,0,0,0,0,0,0,0,0,0,0,0,0,0,0,0,0
GF7_C3_D30,99.85691,0,0,0,0,0,0,0,0.14309,0,0,0,0,0,0,0,0,0,0,0,0,0,0,0,0,0,0,0,0,0,0,0,0,0,0,0,0,0
GF7_C3_D31,98.7398,0,1.2602,0,0,0,0,0,0,0,0,0,0,0,0,0,0,0,0,0,0,0,0,0,0,0,0,0,0,0,0,0,0,0,0,0,0,0
GF7_C3_D33,0,0,100,0,0,0,0,0,0,0,0,0,0,0,0,0,0,0,0,0,0,0,0,0,0,0,0,0,0,0,0,0,0,0,0,0,0,0
GF7_C3_D34,0,0,89.02347,0,0,0,0,0,5.13201,5.73106,0,0.11346,0,0,0,0,0,0,0,0,0,0,0,0,0,0,0,0,0,0,0,0,0,0,0,0,0,0
GF7_C4_COLON_D47,12.55398,0,3.27093,0,0,0,0,59.67576,11.97064,3.41758,7.84633,1.26478,0,0,0,0,0,0,0,0,0,0,0,0,0,0,0,0,0,0,0,0,0,0,0,0,0,0
GF7_C4_D31,92.41965,0,1.82193,0,0,0,0,0.05732,0,0.46827,0,5.23284,0,0,0,0,0,0,0,0,0,0,0,0,0,0,0,0,0,0,0,0,0,0,0,0,0,0
GF7_C4_D32,88.16373,0,7.4399,0,0,0,0,0,4.39636,0,0,0,0,0,0,0,0,0,0,0,0,0,0,0,0,0,0,0,0,0,0,0,0,0,0,0,0,0
GF7_CONTAMINANT,0,0,6.31616,0,0,0,0,0.44722,0,1.74343,0,0,0,0,0,0,91.4932,0,0,0,0,0,0,0,0,0,0,0,0,0,0,0,0,0,0,0,0,0
GF7_INOC,82.15489,0,8.22939,0,0,0,0,1.3406,3.34294,0.52694,4.25532,0,0,0,0,0,0,0,0,0,0,0,0.14992,0,0,0,0,0,0,0,0,0,0,0,0,0,0,0
GF7_WATER,100,0,0,0,0,0,0,0,0,0,0,0,0,0,0,0,0,0,0,0,0,0,0,0,0,0,0,0,0,0,0,0,0,0,0,0,0,0
GF8_A1_COLON_D46,11.90436,0,0.78921,0,0,0,0,39.91397,31.85846,10.17762,3.96145,0.35902,0.84779,0,0.16584,0.02228,0,0,0,0,0,0,0,0,0,0,0,0,0,0,0,0,0,0,0,0,0,0
GF8_A1_D30,36.47944,0,2.29167,0,0,0,0,29.07505,16.46566,7.56851,6.59042,0.68928,0.33074,0.22087,0.28834,0,0,0,0,0,0,0,0,0,0,0,0,0,0,0,0,0,0,0,0,0,0,0
GF8_A1_D33,100,0,0,0,0,0,0,0,0,0,0,0,0,0,0,0,0,0,0,0,0,0,0,0,0,0,0,0,0,0,0,0,0,0,0,0,0,0
GF8_A1_D35,54.9373,0,0,0,0,0,0,26.8106,7.90318,7.8887,2.46023,0,0,0,0,0,0,0,0,0,0,0,0,0,0,0,0,0,0,0,0,0,0,0,0,0,0,0
GF8_A2_COLON_D46,11.63449,0,1.31868,0,0,0,0,43.47074,14.56684,18.60729,6.94704,0.35437,1.3721,1.26143,0.36331,0.10369,0,0,0,0,0,0,0,0,0,0,0,0,0,0,0,0,0,0,0,0,0,0
GF8_A2_D30,90.35208,0,3.71126,0,0,0,0,3.87654,0,0.69803,0,0,0,0,0,0,0,0,0,0,0,0,0,0,0,1.3621,0,0,0,0,0,0,0,0,0,0,0,0
GF8_A2_D35,83.44607,0,0,0,0,0,0,2.91936,11.23461,2.39996,0,0,0,0,0,0,0,0,0,0,0,0,0,0,0,0,0,0,0,0,0,0,0,0,0,0,0,0
GF8_A3_D30,81.46577,0,1.98807,0,0,0,0,8.75241,3.41517,3.16052,0.76699,0,0,0,0,0,0,0,0,0,0,0,0,0,0,0.45107,0,0,0,0,0,0,0,0,0,0,0,0
GF8_A4_D30,49.53225,0,0.72641,0,0,0,0,16.62484,0,3.17038,0,0,0,0,0,0,0,0,0,0,0,0,0,0,0,29.94613,0,0,0,0,0,0,0,0,0,0,0,0
GF8_A4_D31,100,0,0,0,0,0,0,0,0,0,0,0,0,0,0,0,0,0,0,0,0,0,0,0,0,0,0,0,0,0,0,0,0,0,0,0,0,0
GF8_A4_D32,95.58967,0,0,0,0,0,0,0,4.41033,0,0,0,0,0,0,0,0,0,0,0,0,0,0,0,0,0,0,0,0,0,0,0,0,0,0,0,0,0
GF8_A4_D33,99.50546,0,0.49454,0,0,0,0,0,0,0,0,0,0,0,0,0,0,0,0,0,0,0,0,0,0,0,0,0,0,0,0,0,0,0,0,0,0,0
GF8_A5_D30,95.92299,0,0,0,0,0,0,0.09688,0,0,0,0,0,0,0,0,0,0,0,0,0,0,0,0,0,3.98013,0,0,0,0,0,0,0,0,0,0,0,0
GF8_A7_D32,23.48016,0,0.02295,0,0,0,0,30.60009,39.70173,6.0082,0.18687,0,0,0,0,0,0,0,0,0,0,0,0,0,0,0,0,0,0,0,0,0,0,0,0,0,0,0
GF8_ADAM_D0,15.28683,0,2.0768,0,0,0,0,50.72124,19.53585,1.54793,5.35109,1.26415,1.87348,0.71535,1.17413,0,0,0,0,0,0,0,0,0,0,0.45315,0,0,0,0,0,0,0,0,0,0,0,0
GF8_B1_COLON_D46,12.68565,0,1.67006,0,0,0,0,45.19133,16.59344,16.28249,5.31262,0.94689,0.59897,0.526,0.19255,0,0,0,0,0,0,0,0,0,0,0,0,0,0,0,0,0,0,0,0,0,0,0
GF8_B1_D31,99.65069,0,0.34931,0,0,0,0,0,0,0,0,0,0,0,0,0,0,0,0,0,0,0,0,0,0,0,0,0,0,0,0,0,0,0,0,0,0,0
GF8_B1_D32,42.85449,0,2.63715,0,0,0,0,26.84927,20.59356,6.69775,0.11823,0,0,0,0,0,0,0,0,0,0,0,0,0,0,0.24956,0,0,0,0,0,0,0,0,0,0,0,0
GF8_B1_D34,21.63118,0,0.32185,0,0,0,0,29.2387,41.82424,5.94493,0.84089,0.09322,0,0,0.105,0,0,0,0,0,0,0,0,0,0,0,0,0,0,0,0,0,0,0,0,0,0,0
GF8_B2_D32,18.60587,0,1.59979,0,0,0,0,31.56291,40.50958,7.26012,0.43967,0,0.02206,0,0,0,0,0,0,0,0,0,0,0,0,0,0,0,0,0,0,0,0,0,0,0,0,0
GF8_B3_D46,58.42488,0,0,0,0,0,0,15.78338,10.50546,9.03691,3.96176,0,0,0,0,0,0,0,0,0,0,0,0,0,0,2.28761,0,0,0,0,0,0,0,0,0,0,0,0
GF8_B4_COLON_D46,10.05913,0,1.01849,0,0,0,0,49.12382,12.64927,19.48411,4.98862,0.13327,0.4254,1.7463,0.37161,0,0,0,0,0,0,0,0,0,0,0,0,0,0,0,0,0,0,0,0,0,0,0
GF8_B4_D30,90.49922,0,3.48619,0,0,0,0,1.7096,2.57547,1.72951,0,0,0,0,0,0,0,0,0,0,0,0,0,0,0,0,0,0,0,0,0,0,0,0,0,0,0,0
GF8_B4_D33,23.74693,0,1.19792,0,0,0,0,30.65823,34.17682,10.2201,0,0,0,0,0,0,0,0,0,0,0,0,0,0,0,0,0,0,0,0,0,0,0,0,0,0,0,0
GF8_B5_COLON_D46,24.26581,0,0.76287,0,0,0,0,42.36075,9.58108,17.57446,3.86904,0.57637,0.50992,0.4639,0.03581,0,0,0,0,0,0,0,0,0,0,0,0,0,0,0,0,0,0,0,0,0,0,0
GF8_B5_D34,14.35269,0,0.80882,0,0,0,0,33.65439,40.80802,6.66828,2.86821,0.22258,0.41504,0,0.20196,0,0,0,0,0,0,0,0,0,0,0,0,0,0,0,0,0,0,0,0,0,0,0
GF8_B5_D35,30.43551,0,0.17001,0,0,0,0,19.60887,41.27537,8.51024,0,0,0,0,0,0,0,0,0,0,0,0,0,0,0,0,0,0,0,0,0,0,0,0,0,0,0,0
GF8_B6_COLON_D46,4.6033,0,0.95033,0,0,0,0,50.9792,11.00274,24.07781,4.78319,1.01474,1.37341,0.76779,0.44749,0,0,0,0,0,0,0,0,0,0,0,0,0,0,0,0,0,0,0,0,0,0,0
GF8_B6_D30,81.42792,0,1.93449,0,0,0,0,9.03161,5.36611,2.21704,0,0,0,0,0,0,0,0,0,0,0,0,0,0,0,0.02283,0,0,0,0,0,0,0,0,0,0,0,0
GF8_B6_D33,22.31239,0,10.27133,0,0,0,0,24.44208,27.15123,15.82297,0,0,0,0,0,0,0,0,0,0,0,0,0,0,0,0,0,0,0,0,0,0,0,0,0,0,0,0
GF8_B6_D34,16.81345,0,1.21737,0,0,0,0,33.54683,39.93983,7.70683,0.67841,0.09003,0.00724,0,0,0,0,0,0,0,0,0,0,0,0,0,0,0,0,0,0,0,0,0,0,0,0,0
GF8_B6_D35,34.51514,0,0.26635,0,0,0,0,19.98248,36.14371,9.04021,0,0.05212,0,0,0,0,0,0,0,0,0,0,0,0,0,0,0,0,0,0,0,0,0,0,0,0,0,0
GF8_B7_D33,47.83949,0,11.50673,0,0,0,0,11.67189,23.90545,5.07645,0,0,0,0,0,0,0,0,0,0,0,0,0,0,0,0,0,0,0,0,0,0,0,0,0,0,0,0
GF8_C1_COLON_D46,10.52712,0,0.79122,0,0,0,0,49.33023,13.16774,20.24452,4.78501,1.15417,0,0,0,0,0,0,0,0,0,0,0,0,0,0,0,0,0,0,0,0,0,0,0,0,0,0
GF8_C1_D31,100,0,0,0,0,0,0,0,0,0,0,0,0,0,0,0,0,0,0,0,0,0,0,0,0,0,0,0,0,0,0,0,0,0,0,0,0,0
GF8_C1_D32,44.31878,0,14.15032,0,0,0,0,16.18227,17.83401,5.71683,1.79779,0,0,0,0,0,0,0,0,0,0,0,0,0,0,0,0,0,0,0,0,0,0,0,0,0,0,0
GF8_C1_D33,43.79481,0,0,0,0,0,0,5.32113,47.33128,3.55279,0,0,0,0,0,0,0,0,0,0,0,0,0,0,0,0,0,0,0,0,0,0,0,0,0,0,0,0
GF8_C1_D34,14.01387,0,3.62958,0,0,0,0,38.57473,27.15041,9.63382,5.4796,0.60817,0.40763,0.21414,0.28804,0,0,0,0,0,0,0,0,0,0,0,0,0,0,0,0,0,0,0,0,0,0,0
GF8_C2_COLON_D46,23.0354,0,0.77471,0,0,0,0,39.9124,12.20022,18.72703,4.83659,0.51365,0,0,0,0,0,0,0,0,0,0,0,0,0,0,0,0,0,0,0,0,0,0,0,0,0,0
GF8_C2_D30,42.67261,0,1.03686,0,0,0,0,30.74626,1.82354,6.02411,0,0,0,0,0,0,0,0,0,0,0,0,0,0,0,17.69662,0,0,0,0,0,0,0,0,0,0,0,0
GF8_C2_D31,100,0,0,0,0,0,0,0,0,0,0,0,0,0,0,0,0,0,0,0,0,0,0,0,0,0,0,0,0,0,0,0,0,0,0,0,0,0
GF8_C3_D30,79.60396,0,2.13814,0,0,0,0,10.57522,5.31976,0.94641,0.80453,0.02551,0.21603,0,0.37046,0,0,0,0,0,0,0,0,0,0,0,0,0,0,0,0,0,0,0,0,0,0,0
GF8_C4_COLON_D46,24.97188,0,1.01128,0,0,0,0,38.19025,13.34817,17.95586,4.12814,0.39441,0,0,0,0,0,0,0,0,0,0,0,0,0,0,0,0,0,0,0,0,0,0,0,0,0,0
GF8_C4_D30,79.86496,0,2.43946,0,0,0,0,10.63418,4.81872,1.02588,0.89244,0,0.17172,0,0.15265,0,0,0,0,0,0,0,0,0,0,0,0,0,0,0,0,0,0,0,0,0,0,0
GF8_C4_D35,14.50204,0,5.53532,0,0,0,0,37.25101,32.7117,9.99993,0,0,0,0,0,0,0,0,0,0,0,0,0,0,0,0,0,0,0,0,0,0,0,0,0,0,0,0
GF8_C5_COLON_D46,25.20044,0,2.3428,0,0,0,0,36.36392,17.8648,13.88914,3.85553,0.48337,0,0,0,0,0,0,0,0,0,0,0,0,0,0,0,0,0,0,0,0,0,0,0,0,0,0
GF8_C5_D30,98.78815,0,0.27877,0,0,0,0,0.81135,0,0.12173,0,0,0,0,0,0,0,0,0,0,0,0,0,0,0,0,0,0,0,0,0,0,0,0,0,0,0,0
GF8_C5_D35,18.85006,0,4.21242,0,0,0,0,38.17266,25.10412,8.58019,4.0071,1.07344,0,0,0,0,0,0,0,0,0,0,0,0,0,0,0,0,0,0,0,0,0,0,0,0,0,0
GF8_C6_COLON_D46,30.50077,0,1.37025,0,0,0,0,29.65441,21.61953,12.05717,4.07365,0.48119,0,0,0.24304,0,0,0,0,0,0,0,0,0,0,0,0,0,0,0,0,0,0,0,0,0,0,0
GF8_C6_D30,98.88733,0,0.71272,0,0,0,0,0.39995,0,0,0,0,0,0,0,0,0,0,0,0,0,0,0,0,0,0,0,0,0,0,0,0,0,0,0,0,0,0
GF8_C6_D32,44.89941,0,55.10059,0,0,0,0,0,0,0,0,0,0,0,0,0,0,0,0,0,0,0,0,0,0,0,0,0,0,0,0,0,0,0,0,0,0,0
GF8_C6_D34,11.46453,0,18.23153,0,0,0,0,32.06875,28.76179,9.4734,0,0,0,0,0,0,0,0,0,0,0,0,0,0,0,0,0,0,0,0,0,0,0,0,0,0,0,0
GF8_C7_COLON_D46,30.80911,0,1.83472,0,0,0,0,30.63032,26.079,4.27007,5.1248,0.64334,0.23909,0,0.36956,0,0,0,0,0,0,0,0,0,0,0,0,0,0,0,0,0,0,0,0,0,0,0
GF8_C7_D30,100,0,0,0,0,0,0,0,0,0,0,0,0,0,0,0,0,0,0,0,0,0,0,0,0,0,0,0,0,0,0,0,0,0,0,0,0,0
GF8_C7_D33,28.47029,0,3.95398,0,0,0,0,29.25297,27.52468,7.31503,3.48304,0,0,0,0,0,0,0,0,0,0,0,0,0,0,0,0,0,0,0,0,0,0,0,0,0,0,0
GF8_C7_D35,25.06576,0,2.36235,0,0,0,0,30.41734,28.61457,7.04273,5.20647,0.87777,0,0,0.41303,0,0,0,0,0,0,0,0,0,0,0,0,0,0,0,0,0,0,0,0,0,0,0
GF8_INOC,14.73738,0,1.78116,0,0,0,0,55.10818,15.05938,2.70468,4.14159,1.29641,2.36205,0.78009,1.08652,0,0,0,0,0,0,0,0,0,0,0.94257,0,0,0,0,0,0,0,0,0,0,0,0
GF9_A_DAM_D0,36.75842,0,1.23108,0,0,0,0,36.33601,15.75726,5.04991,4.1846,0.61606,0.06665,0,0,0,0,0,0,0,0,0,0,0,0,0,0,0,0,0,0,0,0,0,0,0,0,0
GF9_A1_COLON_D33,48.93375,0,17.77745,0,0,0,0,0,0,0,0,33.28879,0,0,0,0,0,0,0,0,0,0,0,0,0,0,0,0,0,0,0,0,0,0,0,0,0,0
GF9_A1_D16,46.02249,0,1.21081,0,0,0,0,30.25602,12.67301,5.51702,3.71605,0.6046,0,0,0,0,0,0,0,0,0,0,0,0,0,0,0,0,0,0,0,0,0,0,0,0,0,0
GF9_A1_D19,32.11705,0,2.04157,0,0,0,0,31.75193,15.27656,13.82392,0,0,0,0,0,0,0,0,0,0,0,0,0,0,0,4.98897,0,0,0,0,0,0,0,0,0,0,0,0
GF9_A1_D20,24.94251,0,4.84791,0,0,0,0,34.8607,26.18842,9.16047,0,0,0,0,0,0,0,0,0,0,0,0,0,0,0,0,0,0,0,0,0,0,0,0,0,0,0,0
GF9_A1_D21,48.6473,0,1.17944,0,0,0,0,17.11024,30.42797,2.63504,0,0,0,0,0,0,0,0,0,0,0,0,0,0,0,0,0,0,0,0,0,0,0,0,0,0,0,0
GF9_A2_COLON_D33,1.63131,0,0,0,0,0,0,50.08089,17.15763,19.46987,11.6603,0,0,0,0,0,0,0,0,0,0,0,0,0,0,0,0,0,0,0,0,0,0,0,0,0,0,0
GF9_A2_D21,36.0721,0,2.7594,0,0,0,0,20.4763,35.08672,4.13552,1.18238,0.17956,0.10801,0,0,0,0,0,0,0,0,0,0,0,0,0,0,0,0,0,0,0,0,0,0,0,0,0
GF9_A3_COLON_D33,11.38667,0,5.29283,0,0,0,0,39.91472,15.14708,21.24293,5.49608,1.2892,0.08641,0.14408,0,0,0,0,0,0,0,0,0,0,0,0,0,0,0,0,0,0,0,0,0,0,0,0
GF9_A3_D18,44.34275,0,1.99392,0,0,0,0,18.62658,26.74584,2.11791,5.15913,0.93808,0,0,0.07579,0,0,0,0,0,0,0,0,0,0,0,0,0,0,0,0,0,0,0,0,0,0,0
GF9_A3_D19,51.14108,0,4.07406,0,0,0,0,8.80491,24.63353,11.34642,0,0,0,0,0,0,0,0,0,0,0,0,0,0,0,0,0,0,0,0,0,0,0,0,0,0,0,0
GF9_A3_D21,36.99146,0,1.34615,0,0,0,0,14.16531,44.24817,2.88447,0.36445,0,0,0,0,0,0,0,0,0,0,0,0,0,0,0,0,0,0,0,0,0,0,0,0,0,0,0
GF9_A4_COLON_D33,19.52652,0,7.10403,0,0,0,0,36.01829,19.23964,10.26564,6.11879,1.57181,0.14006,0.01522,0,0,0,0,0,0,0,0,0,0,0,0,0,0,0,0,0,0,0,0,0,0,0,0
GF9_A4_D16,75.61321,0,0.91545,0,0,0,0,11.36037,6.91216,2.73032,1.7097,0.75879,0,0,0,0,0,0,0,0,0,0,0,0,0,0,0,0,0,0,0,0,0,0,0,0,0,0
GF9_A4_D17,33.34756,0,1.42689,0,0,0,0,33.39227,21.14536,5.10526,4.62946,0.70803,0.127,0,0.11817,0,0,0,0,0,0,0,0,0,0,0,0,0,0,0,0,0,0,0,0,0,0,0
GF9_A4_D18,40.65238,0,2.18968,0,0,0,0,28.17219,18.07399,5.76528,4.47597,0.61802,0,0,0.05248,0,0,0,0,0,0,0,0,0,0,0,0,0,0,0,0,0,0,0,0,0,0,0
GF9_A4_D19,57.13255,0,8.27111,0,0,0,0,22.61518,6.31378,5.66738,0,0,0,0,0,0,0,0,0,0,0,0,0,0,0,0,0,0,0,0,0,0,0,0,0,0,0,0
GF9_A4_D20,30.81726,0,9.30427,0,0,0,0,25.95501,23.23182,10.41666,0,0.27499,0,0,0,0,0,0,0,0,0,0,0,0,0,0,0,0,0,0,0,0,0,0,0,0,0,0
GF9_A5_COLON_D33,16.63864,0,5.03168,0,0,0,0,40.82329,19.76695,11.83851,3.64305,2.02581,0.23207,0,0,0,0,0,0,0,0,0,0,0,0,0,0,0,0,0,0,0,0,0,0,0,0,0
GF9_A5_D18,41.40973,0,1.9272,0,0,0,0,28.66719,17.96245,5.70755,3.7851,0.51204,0,0,0.02874,0,0,0,0,0,0,0,0,0,0,0,0,0,0,0,0,0,0,0,0,0,0,0
GF9_A5_D19,41.5625,0,22.61763,0,0,0,0,15.37673,15.80532,4.63782,0,0,0,0,0,0,0,0,0,0,0,0,0,0,0,0,0,0,0,0,0,0,0,0,0,0,0,0
GF9_A6_COLON_D33,11.72169,0,5.35314,0,0,0,0,43.01388,15.07171,17.70457,3.86563,2.08501,0.42171,0.76264,0,0,0,0,0,0,0,0,0,0,0,0,0,0,0,0,0,0,0,0,0,0,0,0
GF9_A6_D16,39.78949,0,1.43455,0,0,0,0,32.14908,11.98026,7.89028,4.45865,0.94311,0.65596,0.45923,0.23046,0.0089,0,0,0,0,0,0,0,0,0,0,0,0,0,0,0,0,0,0,0,0,0,0
GF9_A6_D21,24.29081,0,1.15269,0,0,0,0,29.7415,39.57432,5.24067,0,0,0,0,0,0,0,0,0,0,0,0,0,0,0,0,0,0,0,0,0,0,0,0,0,0,0,0
GF9_A7_D16,98.20191,0,1.3308,0,0,0,0,0.27176,0,0.19553,0,0,0,0,0,0,0,0,0,0,0,0,0,0,0,0,0,0,0,0,0,0,0,0,0,0,0,0
GF9_A7_D20,34.13754,0,11.34315,0,0,0,0,21.08166,23.41719,9.44681,0.1814,0.39224,0,0,0,0,0,0,0,0,0,0,0,0,0,0,0,0,0,0,0,0,0,0,0,0,0,0
GF9_C1_COLON_D33,7.52409,0,0.54439,0,0,0,0,55.0429,11.84604,17.36596,7.17897,0.47959,0,0,0.01806,0,0,0,0,0,0,0,0,0,0,0,0,0,0,0,0,0,0,0,0,0,0,0
GF9_C1_D16,91.12947,0,1.80216,0,0,0,0,3.70159,0.71948,2.52883,0.11847,0,0,0,0,0,0,0,0,0,0,0,0,0,0,0,0,0,0,0,0,0,0,0,0,0,0,0
GF9_C1_D17,58.99448,0,1.45167,0,0,0,0,21.64257,12.85768,2.98093,1.9065,0.16618,0,0,0,0,0,0,0,0,0,0,0,0,0,0,0,0,0,0,0,0,0,0,0,0,0,0
GF9_C1_D19,19.9857,0,44.7259,0,0,0,0,12.61661,20.30793,2.36386,0,0,0,0,0,0,0,0,0,0,0,0,0,0,0,0,0,0,0,0,0,0,0,0,0,0,0,0
GF9_C1_D21,9.67925,0,7.58516,0,0,0,0,29.36502,47.74847,5.37802,0,0.24408,0,0,0,0,0,0,0,0,0,0,0,0,0,0,0,0,0,0,0,0,0,0,0,0,0,0
GF9_C2_COLON_D33,5.53418,0,0.97762,0,0,0,0,58.07927,12.5975,16.25698,5.86483,0.68961,0,0,0,0,0,0,0,0,0,0,0,0,0,0,0,0,0,0,0,0,0,0,0,0,0,0
GF9_C2_D16,40.573,0,2.00187,0,0,0,0,26.86158,19.82968,5.45877,4.47206,0.71178,0,0,0.09126,0,0,0,0,0,0,0,0,0,0,0,0,0,0,0,0,0,0,0,0,0,0,0
GF9_C2_D18,35.71822,0,2.83171,0,0,0,0,29.4679,19.09403,7.00025,5.32208,0.5658,0,0,0,0,0,0,0,0,0,0,0,0,0,0,0,0,0,0,0,0,0,0,0,0,0,0
GF9_C2_D21,14.09254,0,2.25875,0,0,0,0,42.54182,24.40627,9.82216,6.22433,0.65413,0,0,0,0,0,0,0,0,0,0,0,0,0,0,0,0,0,0,0,0,0,0,0,0,0,0
GF9_C3_D16,31.78993,0,2.055,0,0,0,0,32.60951,21.46056,6.41614,4.6869,0.94734,0,0,0.03462,0,0,0,0,0,0,0,0,0,0,0,0,0,0,0,0,0,0,0,0,0,0,0
GF9_C3_D17,64.62935,0,1.94575,0,0,0,0,15.66282,11.96508,2.67841,2.59429,0.51514,0,0,0.00916,0,0,0,0,0,0,0,0,0,0,0,0,0,0,0,0,0,0,0,0,0,0,0
GF9_C3_D19,9.6051,0,58.18507,0,0,0,0,12.07543,16.25049,3.88391,0,0,0,0,0,0,0,0,0,0,0,0,0,0,0,0,0,0,0,0,0,0,0,0,0,0,0,0
GF9_C3_D20,14.88229,0,36.06277,0,0,0,0,18.04683,22.81828,8.18983,0,0,0,0,0,0,0,0,0,0,0,0,0,0,0,0,0,0,0,0,0,0,0,0,0,0,0,0
GF9_C3_D21,16.90448,0,36.02118,0,0,0,0,13.25849,29.95562,3.86023,0,0,0,0,0,0,0,0,0,0,0,0,0,0,0,0,0,0,0,0,0,0,0,0,0,0,0,0
GF9_C4_COLON_D33,9.18207,0,1.17035,0,0,0,0,45.35287,17.47178,20.42049,5.70618,0.69624,0,0,0,0,0,0,0,0,0,0,0,0,0,0,0,0,0,0,0,0,0,0,0,0,0,0
GF9_C4_D16,18.45366,0,3.21801,0,0,0,0,37.76506,27.13347,7.51608,4.83244,0.97031,0,0,0.11098,0,0,0,0,0,0,0,0,0,0,0,0,0,0,0,0,0,0,0,0,0,0,0
GF9_C4_D17,78.18869,0,0.63913,0,0,0,0,9.22342,8.57375,1.76816,1.60685,0,0,0,0,0,0,0,0,0,0,0,0,0,0,0,0,0,0,0,0,0,0,0,0,0,0,0
GF9_C4_D19,12.61912,0,16.45189,0,0,0,0,34.98792,26.91174,9.02933,0,0,0,0,0,0,0,0,0,0,0,0,0,0,0,0,0,0,0,0,0,0,0,0,0,0,0,0
GF9_C5_COLON_D33,7.72178,0,0.9392,0,0,0,0,55.97177,12.67765,15.13881,6.45039,1.1004,0,0,0,0,0,0,0,0,0,0,0,0,0,0,0,0,0,0,0,0,0,0,0,0,0,0
GF9_C5_D17,73.07152,0,1.38344,0,0,0,0,9.81682,12.09254,1.51225,1.6858,0.28853,0,0,0.14909,0,0,0,0,0,0,0,0,0,0,0,0,0,0,0,0,0,0,0,0,0,0,0
GF9_C5_D18,38.78275,0,0,0,0,0,0,20.99739,32.33119,3.61517,4.27349,0,0,0,0,0,0,0,0,0,0,0,0,0,0,0,0,0,0,0,0,0,0,0,0,0,0,0
GF9_C5_D20,8.45386,0,79.26772,0,0,0,0,2.33891,6.1568,3.78271,0,0,0,0,0,0,0,0,0,0,0,0,0,0,0,0,0,0,0,0,0,0,0,0,0,0,0,0
GF9_C5_D21,22.58451,0,17.41531,0,0,0,0,26.27372,24.64903,6.69785,0.6083,1.77129,0,0,0,0,0,0,0,0,0,0,0,0,0,0,0,0,0,0,0,0,0,0,0,0,0,0
GF9_C6_COLON_D33,7.95742,0,0.72286,0,0,0,0,57.03045,10.73215,15.67524,6.58121,1.30067,0,0,0,0,0,0,0,0,0,0,0,0,0,0,0,0,0,0,0,0,0,0,0,0,0,0
GF9_C6_D16,36.99445,0,1.75346,0,0,0,0,21.58995,29.49039,4.98087,4.81849,0.22684,0,0,0.14556,0,0,0,0,0,0,0,0,0,0,0,0,0,0,0,0,0,0,0,0,0,0,0
GF9_C6_D20,45.87691,0,12.59346,0,0,0,0,14.01824,24.97953,2.53187,0,0,0,0,0,0,0,0,0,0,0,0,0,0,0,0,0,0,0,0,0,0,0,0,0,0,0,0
GF9_C6_D21,21.78489,0,19.73128,0,0,0,0,24.41257,24.32291,7.39367,1.04174,1.31294,0,0,0,0,0,0,0,0,0,0,0,0,0,0,0,0,0,0,0,0,0,0,0,0,0,0
GF9_C7_COLON_D33,5.52354,0,0.97741,0,0,0,0,59.42457,10.35251,18.83577,4.15726,0.72893,0,0,0,0,0,0,0,0,0,0,0,0,0,0,0,0,0,0,0,0,0,0,0,0,0,0
GF9_C7_D16,35.1427,0,1.36911,0,0,0,0,27.91316,25.58898,4.65504,4.30362,0.80729,0,0,0.2201,0,0,0,0,0,0,0,0,0,0,0,0,0,0,0,0,0,0,0,0,0,0,0
GF9_C7_D17,66.00886,0,1.30032,0,0,0,0,16.58223,10.15174,2.9261,2.66851,0.36224,0,0,0,0,0,0,0,0,0,0,0,0,0,0,0,0,0,0,0,0,0,0,0,0,0,0
GF9_INOC,31.89756,0,1.3865,0,0,0,0,39.31708,16.93636,5.05718,3.88223,1.00929,0.25016,0,0.26363,0,0,0,0,0,0,0,0,0,0,0,0,0,0,0,0,0,0,0,0,0,0,0
Gn3_6B_dam_210806,100,0,0,0,0,0,0,0,0,0,0,0,0,0,0,0,0,0,0,0,0,0,0,0,0,0,0,0,0,0,0,0,0,0,0,0,0,0
Gn3_6B_dam_210818,100,0,0,0,0,0,0,0,0,0,0,0,0,0,0,0,0,0,0,0,0,0,0,0,0,0,0,0,0,0,0,0,0,0,0,0,0,0
Gn3_6C_dam,3.49105,0,4.03412,0,0,0,0,59.74592,20.64921,0.76889,0,0.40453,5.98905,0.75941,4.15783,0,0,0,0,0,0,0,0,0,0,0,0,0,0,0,0,0,0,0,0,0,0,0
Gn3_6Cdam_Stool_210816,5.79339,0,9.55139,0,0,0,0,33.20254,34.8881,1.05325,0,0.31584,7.54124,0.56742,7.08683,0,0,0,0,0,0,0,0,0,0,0,0,0,0,0,0,0,0,0,0,0,0,0
Gn3_6Cdam_Stool_211105-1,6.2752,0,3.32839,0,0,0,0,9.36462,29.06784,1.63905,0,0,0.24827,0,0,0,0,0,0,0,0,0,0,0,0,50.07663,0,0,0,0,0,0,0,0,0,0,0,0
Gn3_6Cdam_Stool_211105-2,6.5386,0,3.19191,0,0,0,0,14.07134,26.72932,2.48126,0,0,0.20061,0,0,0,0,0,0,0,0,0,0,0,0,46.78695,0,0,0,0,0,0,0,0,0,0,0,0
Gn3_6Cdam_Stool_211105-3,5.47576,0,3.04077,0,0,0,0,14.63515,32.34761,3.5926,0,0,0.12233,0,0,0,0,0,0,0,0,0,0,0,0,40.78578,0,0,0,0,0,0,0,0,0,0,0,0
Gn3_6D_dam,10.22861,0,5.56005,0,0,0,0,12.91631,56.17476,0.09544,0,1.06261,5.44155,2.15362,6.36704,0,0,0,0,0,0,0,0,0,0,0,0,0,0,0,0,0,0,0,0,0,0,0
Gn3_6Ddam_Stool,9.65467,0,11.55143,0,0,0,0,22.13562,36.87046,0.58585,0,0.69768,8.05361,2.70529,7.74539,0,0,0,0,0,0,0,0,0,0,0,0,0,0,0,0,0,0,0,0,0,0,0
Gn3_6E_dam,5.16403,0,7.79158,0,0,0,0,33.26977,36.67786,0.54069,0,0.41888,7.59878,1.12678,7.41163,0,0,0,0,0,0,0,0,0,0,0,0,0,0,0,0,0,0,0,0,0,0,0
Gn3_6Edam_Stool,5.55138,0,9.27659,0,0,0,0,41.49496,37.30482,0.09103,0,0.20964,3.25365,0.62772,2.1902,0,0,0,0,0,0,0,0,0,0,0,0,0,0,0,0,0,0,0,0,0,0,0
Gn3_6F_dam,3.94687,0,4.16589,0,0,0,0,34.43385,41.75874,1.98718,0,1.57241,6.49781,2.59528,3.04198,0,0,0,0,0,0,0,0,0,0,0,0,0,0,0,0,0,0,0,0,0,0,0
Gn3_7A_dam,0.88884,0,3.58891,0,0,0,0,46.65035,34.23428,1.35135,0,0.5034,3.80595,3.46054,2.68968,0,0,0,0,0,0,0,0,0,0,2.82669,0,0,0,0,0,0,0,0,0,0,0,0
Gn3_7A_dam_210806,0.43311,0,2.38721,0,0,0,0,50.86709,23.26555,3.33789,0,0.4257,5.79233,1.52542,3.82242,0,0,0,0,0,0,0,0,0,0,8.14327,0,0,0,0,0,0,0,0,0,0,0,0
Gn3_7ADam_Stool_210806,1.88255,0,4.85079,0,0,0,0,15.67796,31.16276,0.85784,0,0.47167,4.33731,0.93421,2.06902,0,0,0,0,0,0,0,0,0,0,37.75589,0,0,0,0,0,0,0,0,0,0,0,0
Gn3_7Adam_Stool_210823,0.35821,0,4.35613,0,0,0,0,21.40637,22.65143,1.26357,0,0.32824,6.18814,1.07223,3.31383,0,0,0,0,0,0,0,0,0,0,39.06184,0,0,0,0,0,0,0,0,0,0,0,0
Gn3_7C_dam,4.60153,0,6.87761,0,0,0,0,29.8374,0,1.18425,0.27325,0.74386,0.78841,0,0.45675,0,0,0,0,0,0,0,0,0,0,55.23694,0,0,0,0,0,0,0,0,0,0,0,0
Gn3_7D_dam_210806,3.01481,0,5.47291,0,0,0,0,27.06865,0,2.02774,0.03263,0.45521,0,0,0,0,0,0,0,0,0,0,0,0,0,61.92805,0,0,0,0,0,0,0,0,0,0,0,0
Gn3_7D_dam_210818,7.45835,0,4.91059,0,0,0,0,20.33349,0,2.14387,0,0.9194,0,0,0,0,0,0,0,0,0,0,0,0,0,64.23431,0,0,0,0,0,0,0,0,0,0,0,0
Gn3_7E_dam,4.33158,0,12.28573,0,0,0,0,33.27371,0,3.46939,0,0.95977,0.36399,0,0.16737,0,0,0,0,0,0,0,0,0,0,45.14846,0,0,0,0,0,0,0,0,0,0,0,0
Gn3_7Edam_Stool,2.18452,0,11.55173,0,0,0,0,16.11079,0,0.84668,0,0.56144,2.35416,0,3.27367,0,0,0,0,0,0,0,0,0,0,63.11701,0,0,0,0,0,0,0,0,0,0,0,0
Gn3_7F_dam,7.6246,0,11.89288,0,0,0,0,36.54203,0,0.80779,0,1.50897,1.81396,0,0.16888,0,0,0,0,0,0,0,0,0,0,39.6409,0,0,0,0,0,0,0,0,0,0,0,0
Gn3_7Fdam_Stool,3.64193,0,8.67554,0,0,0,0,31.42434,0,5.30805,0,1.00985,0.58965,0,0.18667,0,0,0,0,0,0,0,0,0,0,49.16397,0,0,0,0,0,0,0,0,0,0,0,0
Gn3_8Ddam_Stool_211105-2,56.58166,0,0,0,0,0,0,0,0,0,0,0,0,0,0,0,0,0,0,0,0,0,2.37767,0,0,36.06718,0,0.78427,0,0,0,0,0,3.58397,0.60524,0,0,0
Gn3_A_Innoc,15.53061,0,5.71807,0,0,0,0,27.23074,26.99102,9.59891,5.28261,1.13158,4.32003,2.06725,2.12917,0,0,0,0,0,0,0,0,0,0,0,0,0,0,0,0,0,0,0,0,0,0,0
Gn3_A1_Cwash,100,0,0,0,0,0,0,0,0,0,0,0,0,0,0,0,0,0,0,0,0,0,0,0,0,0,0,0,0,0,0,0,0,0,0,0,0,0
Gn3_A1_Stool,96.16607,0,3.04447,0,0,0,0,0,0,0.78946,0,0,0,0,0,0,0,0,0,0,0,0,0,0,0,0,0,0,0,0,0,0,0,0,0,0,0,0
Gn3_A2_Cwash,100,0,0,0,0,0,0,0,0,0,0,0,0,0,0,0,0,0,0,0,0,0,0,0,0,0,0,0,0,0,0,0,0,0,0,0,0,0
Gn3_A3_Cwash,100,0,0,0,0,0,0,0,0,0,0,0,0,0,0,0,0,0,0,0,0,0,0,0,0,0,0,0,0,0,0,0,0,0,0,0,0,0
Gn3_A3_Stool_DoL10,98.2859,0,1.7141,0,0,0,0,0,0,0,0,0,0,0,0,0,0,0,0,0,0,0,0,0,0,0,0,0,0,0,0,0,0,0,0,0,0,0
Gn3_A3_Stool_DoL11,97.21938,0,2.78062,0,0,0,0,0,0,0,0,0,0,0,0,0,0,0,0,0,0,0,0,0,0,0,0,0,0,0,0,0,0,0,0,0,0,0
Gn3_A4_Cwash,100,0,0,0,0,0,0,0,0,0,0,0,0,0,0,0,0,0,0,0,0,0,0,0,0,0,0,0,0,0,0,0,0,0,0,0,0,0
Gn3_A5_Cwash,100,0,0,0,0,0,0,0,0,0,0,0,0,0,0,0,0,0,0,0,0,0,0,0,0,0,0,0,0,0,0,0,0,0,0,0,0,0
Gn3_A5_Stool_Dol10,97.92176,0,2.07824,0,0,0,0,0,0,0,0,0,0,0,0,0,0,0,0,0,0,0,0,0,0,0,0,0,0,0,0,0,0,0,0,0,0,0
Gn3_A5_Stool_dol11,94.71664,0,4.74114,0,0,0,0,0.38109,0,0.16112,0,0,0,0,0,0,0,0,0,0,0,0,0,0,0,0,0,0,0,0,0,0,0,0,0,0,0,0
Gn3_A5_Stool_dol12,97.43032,0,2.56968,0,0,0,0,0,0,0,0,0,0,0,0,0,0,0,0,0,0,0,0,0,0,0,0,0,0,0,0,0,0,0,0,0,0,0
Gn3_A6_Cwash,100,0,0,0,0,0,0,0,0,0,0,0,0,0,0,0,0,0,0,0,0,0,0,0,0,0,0,0,0,0,0,0,0,0,0,0,0,0
Gn3_AB_Innoc,9.01392,0,4.86155,0,0,0,0,29.47792,10.70679,6.16737,6.69253,0.02183,2.6109,0.84145,2.93808,0,0,0,0,0,0,0,0,0,0,26.66766,0,0,0,0,0,0,0,0,0,0,0,0
Gn3_AB10_Cwash,0,0,100,0,0,0,0,0,0,0,0,0,0,0,0,0,0,0,0,0,0,0,0,0,0,0,0,0,0,0,0,0,0,0,0,0,0,0
Gn3_AB10_Stool,100,0,0,0,0,0,0,0,0,0,0,0,0,0,0,0,0,0,0,0,0,0,0,0,0,0,0,0,0,0,0,0,0,0,0,0,0,0
Gn3_AB12_Stool,0,0,100,0,0,0,0,0,0,0,0,0,0,0,0,0,0,0,0,0,0,0,0,0,0,0,0,0,0,0,0,0,0,0,0,0,0,0
Gn3_AB6_Cwash,0,0,100,0,0,0,0,0,0,0,0,0,0,0,0,0,0,0,0,0,0,0,0,0,0,0,0,0,0,0,0,0,0,0,0,0,0,0
Gn3_AB6_Stool,50.10092,0,8.88815,0,0,0,0,0,0,0,0,41.01093,0,0,0,0,0,0,0,0,0,0,0,0,0,0,0,0,0,0,0,0,0,0,0,0,0,0
Gn3_AB7_Cwash,100,0,0,0,0,0,0,0,0,0,0,0,0,0,0,0,0,0,0,0,0,0,0,0,0,0,0,0,0,0,0,0,0,0,0,0,0,0
Gn3_AB7_Stool,72.63678,0,3.44766,0,0,0,0,0,0,0,0,23.91557,0,0,0,0,0,0,0,0,0,0,0,0,0,0,0,0,0,0,0,0,0,0,0,0,0,0
Gn3_AB8_Cwash,59.05595,0,0,0,0,0,0,0,0,0,0,40.94405,0,0,0,0,0,0,0,0,0,0,0,0,0,0,0,0,0,0,0,0,0,0,0,0,0,0
Gn3_AB8_Stool,57.64232,0,4.31945,0,0,0,0,9.9813,0,0.41638,0,27.47227,0,0,0,0,0,0,0,0,0,0,0,0,0,0.16827,0,0,0,0,0,0,0,0,0,0,0,0
Gn3_AB9_Stool,26.30443,0,19.13476,0,0,0,0,0.92122,0.40422,0.08928,0,49.03017,0,0,0,0,0,0,0,0,0,0,0,0,0,4.11592,0,0,0,0,0,0,0,0,0,0,0,0
Gn3_B_Innoc,4.74956,0,4.73858,0,0,0,0,19.06539,0,2.52488,12.41689,0.17561,1.83146,0,5.96731,0,0,0,0,0,0,0,0,0,0,48.53032,0,0,0,0,0,0,0,0,0,0,0,0
Gn3_B1_Stool,0,0,100,0,0,0,0,0,0,0,0,0,0,0,0,0,0,0,0,0,0,0,0,0,0,0,0,0,0,0,0,0,0,0,0,0,0,0
Gn3_B10_Cwash,100,0,0,0,0,0,0,0,0,0,0,0,0,0,0,0,0,0,0,0,0,0,0,0,0,0,0,0,0,0,0,0,0,0,0,0,0,0
Gn3_B11_Cwash,67.73913,0,0,0,0,0,0,32.26087,0,0,0,0,0,0,0,0,0,0,0,0,0,0,0,0,0,0,0,0,0,0,0,0,0,0,0,0,0,0
Gn3_B13_Cwash,100,0,0,0,0,0,0,0,0,0,0,0,0,0,0,0,0,0,0,0,0,0,0,0,0,0,0,0,0,0,0,0,0,0,0,0,0,0
Gn3_B13_Stool,97.6856,0,1.00683,0,0,0,0,0,0,0.72941,0,0,0,0,0,0,0,0,0,0,0,0,0,0,0,0.57817,0,0,0,0,0,0,0,0,0,0,0,0
Gn3_B14_Cwash,100,0,0,0,0,0,0,0,0,0,0,0,0,0,0,0,0,0,0,0,0,0,0,0,0,0,0,0,0,0,0,0,0,0,0,0,0,0
Gn3_B14_Stool,97.14943,0,2.78565,0,0,0,0,0,0,0,0,0,0,0,0,0,0,0,0,0,0,0,0,0,0,0.06492,0,0,0,0,0,0,0,0,0,0,0,0
Gn3_B15_Cwash,100,0,0,0,0,0,0,0,0,0,0,0,0,0,0,0,0,0,0,0,0,0,0,0,0,0,0,0,0,0,0,0,0,0,0,0,0,0
Gn3_B15_Stool,96.11993,0,1.54375,0,0,0,0,0,0,2.33632,0,0,0,0,0,0,0,0,0,0,0,0,0,0,0,0,0,0,0,0,0,0,0,0,0,0,0,0
Gn3_B16_Cwash,100,0,0,0,0,0,0,0,0,0,0,0,0,0,0,0,0,0,0,0,0,0,0,0,0,0,0,0,0,0,0,0,0,0,0,0,0,0
Gn3_B2_Stool,0.50707,0,99.16052,0,0,0,0,0,0,0,0,0,0,0,0,0,0,0,0,0,0,0,0,0,0,0.33241,0,0,0,0,0,0,0,0,0,0,0,0
Gn3_B3_Stool,1.1143,0,98.73329,0,0,0,0,0,0,0.04952,0,0,0,0,0,0,0,0,0,0,0,0,0,0,0,0.10289,0,0,0,0,0,0,0,0,0,0,0,0
Gn3_B4_Stool,0,0,100,0,0,0,0,0,0,0,0,0,0,0,0,0,0,0,0,0,0,0,0,0,0,0,0,0,0,0,0,0,0,0,0,0,0,0
Gn3_B5_Stool,2.7951,0,96.26949,0,0,0,0,0,0,0.07507,0,0,0,0,0,0,0,0,0,0,0,0,0,0,0,0.86034,0,0,0,0,0,0,0,0,0,0,0,0
Gn3_B6_Stool,88.14558,0,10.83665,0,0,0,0,0,0,0,0,0,0,0,0,0,0,0,0,0,0,0,0,0,0,1.01777,0,0,0,0,0,0,0,0,0,0,0,0
Gn3_B7_Stool,0,0,100,0,0,0,0,0,0,0,0,0,0,0,0,0,0,0,0,0,0,0,0,0,0,0,0,0,0,0,0,0,0,0,0,0,0,0
Gn3_B9_Cwash,80.76159,0,0,0,0,0,0,19.23841,0,0,0,0,0,0,0,0,0,0,0,0,0,0,0,0,0,0,0,0,0,0,0,0,0,0,0,0,0,0
Gn3_BP7_Cwash,92.40859,0,0,0,0,0,0,7.59141,0,0,0,0,0,0,0,0,0,0,0,0,0,0,0,0,0,0,0,0,0,0,0,0,0,0,0,0,0,0
Gn3_BP8_Cwash,89.19075,0,0,0,0,0,0,10.80925,0,0,0,0,0,0,0,0,0,0,0,0,0,0,0,0,0,0,0,0,0,0,0,0,0,0,0,0,0,0
Gn3_E1_Cwash,0,0,0,0,0,0,0,0,0,0,0,0,0,0,0,0,0,0,0,0,0,0,0,0,0,0,0,0,0,0,0,0,100,0,0,0,0,0
Gn3_E2_Cwash,0,0,0,0,0,0,0,0,0,0,0,0,0,0,0,0,0,0,0,0,0,0,0,0,0,0,0,0,0,0,0,0,100,0,0,0,0,0
Gn3_F1_Stool,60.32317,0,19.30496,0,0,0,0,0,0,0,0,0,0,0,0,0,0,0,0,0,0,0,0,0,0,20.20773,0,0,0,0,0,0,0.16414,0,0,0,0,0
Gn3_F2_Stool,67.26182,0,24.70851,0,0,0,0,0,0,0.07867,0,0,0,0,0,0,0,0,0,0,0,0,0,0,0,6.54219,0,0,0,0,0,0,1.40881,0,0,0,0,0
Gn4_E_Innoc,67.96914,0,3.07713,0,0,0,0,6.56374,0,0,8.13146,0,3.0413,0,0.05349,0,0,0,4.83724,0,0,0,0.25066,0,0,6.02521,0.03836,0,0,0,0,0,0,0.01228,0,0,0,0
Gn4_F_Innoc,63.49064,0,4.65116,0,0,0,0,6.62879,0,0,9.14957,0,3.61704,0,0.0193,0,0,0,4.67847,0,0,0,0.26282,0,0,7.48916,0.01304,0,0,0,0,0,0,0,0,0,0,0
Gn4_G_Innoc,6.5465,0,0,0,0,0,0,0,0,0,0,0,0,0,0,0,0,0,0,0,0,0,0,93.4535,0,0,0,0,0,0,0,0,0,0,0,0,0,0
Gn4_H_Innoc,77.19964,0,6.03998,0,0,0,0,0,0,0,0,0,0.14381,0,0.53684,0,0,0,0,0,0,0,0,12.07156,0,0,0,0.82772,0,0,0,0,0,3.18045,0,0,0,0
Gn4_I_Innoc,0,0,0,0,0,0,0,0,0,0,0,0,0,0,0,0,0,0,0,0,0,0,2.97064,0.13755,0,33.57878,0,0,0,0,0,0,0,0,63.31304,0,0,0
gnoto1_A_inoc,13.17659,0,2.15555,0,0,0,0,49.38212,21.47781,4.02336,4.14021,1.43468,1.69651,0.61555,1.89762,0,0,0,0,0,0,0,0,0,0,0,0,0,0,0,0,0,0,0,0,0,0,0
gnoto1_AM1_d10,80.02208,0,0.23812,0,0,0,0,1.83814,0,1.30774,0,16.59392,0,0,0,0,0,0,0,0,0,0,0,0,0,0,0,0,0,0,0,0,0,0,0,0,0,0
gnoto1_AM1_d20_colon,10.81094,0,7.57413,0,0,0,0,40.93135,32.15158,7.72203,0,0.80997,0,0,0,0,0,0,0,0,0,0,0,0,0,0,0,0,0,0,0,0,0,0,0,0,0,0
gnoto1_AM2_d10,72.81419,0,2.21389,0,0,0,0,11.77939,0.39561,3.02304,0,9.77388,0,0,0,0,0,0,0,0,0,0,0,0,0,0,0,0,0,0,0,0,0,0,0,0,0,0
gnoto1_AM2_d20_colon,15.60099,0,3.5467,0,0,0,0,33.35696,39.50911,6.34553,0,1.64071,0,0,0,0,0,0,0,0,0,0,0,0,0,0,0,0,0,0,0,0,0,0,0,0,0,0
gnoto1_AM3_d10,36.93945,0,3.78593,0,0,0,0,20.72921,0.3225,1.65869,0,36.56423,0,0,0,0,0,0,0,0,0,0,0,0,0,0,0,0,0,0,0,0,0,0,0,0,0,0
gnoto1_AM3_d20_colon,13.94087,0,11.71024,0,0,0,0,44.44766,24.22322,4.79226,0,0.88575,0,0,0,0,0,0,0,0,0,0,0,0,0,0,0,0,0,0,0,0,0,0,0,0,0,0
gnoto1_AM4_d10,81.47366,0,1.13602,0,0,0,0,7.03933,1.80157,1.69071,0,6.85871,0,0,0,0,0,0,0,0,0,0,0,0,0,0,0,0,0,0,0,0,0,0,0,0,0,0
gnoto1_AM4_d20_colon,11.64229,0,5.75981,0,0,0,0,42.3845,32.86842,6.59634,0,0.74863,0,0,0,0,0,0,0,0,0,0,0,0,0,0,0,0,0,0,0,0,0,0,0,0,0,0
gnoto1_AP1_d10,98.10965,0,1.13848,0,0,0,0,0.01749,0,0.73438,0,0,0,0,0,0,0,0,0,0,0,0,0,0,0,0,0,0,0,0,0,0,0,0,0,0,0,0
gnoto1_AP1_d19_colon,18.05411,0,29.43771,0,0,0,0,26.33421,22.57242,3.52192,0,0.07962,0,0,0,0,0,0,0,0,0,0,0,0,0,0,0,0,0,0,0,0,0,0,0,0,0,0
gnoto1_AP2_d10,97.65755,0,1.23535,0,0,0,0,0.80186,0,0.30524,0,0,0,0,0,0,0,0,0,0,0,0,0,0,0,0,0,0,0,0,0,0,0,0,0,0,0,0
gnoto1_AP2_d19_colon,17.29085,0,28.74736,0,0,0,0,27.53452,22.25919,4.16809,0,0,0,0,0,0,0,0,0,0,0,0,0,0,0,0,0,0,0,0,0,0,0,0,0,0,0,0
gnoto1_AP3_d10,88.03108,0,1.58357,0,0,0,0,5.9115,0.30884,1.52333,0,2.64168,0,0,0,0,0,0,0,0,0,0,0,0,0,0,0,0,0,0,0,0,0,0,0,0,0,0
gnoto1_AP3_d20_colon,16.52606,0,15.5292,0,0,0,0,29.83361,30.98364,6.27439,0,0.8531,0,0,0,0,0,0,0,0,0,0,0,0,0,0,0,0,0,0,0,0,0,0,0,0,0,0
gnoto1_AP4_d10,92.88102,0,2.55934,0,0,0,0,3.47484,0.18473,0.90007,0,0,0,0,0,0,0,0,0,0,0,0,0,0,0,0,0,0,0,0,0,0,0,0,0,0,0,0
gnoto1_AP4_d20_colon,9.10746,0,3.23017,0,0,0,0,41.69773,36.56156,7.82243,0,1.58065,0,0,0,0,0,0,0,0,0,0,0,0,0,0,0,0,0,0,0,0,0,0,0,0,0,0
gnoto1_B_inoc,4.80975,0,1.39581,0,0,0,0,26.72549,0,5.90028,3.81844,0.31419,1.03186,0,2.52395,0,0,0,0,0,0,0,0,0,0,53.48024,0,0,0,0,0,0,0,0,0,0,0,0
gnoto1_BA1_d10,14.59103,0,81.98658,0,0,0,0,0.81076,0,1.74548,0,0,0,0,0,0,0,0,0,0,0,0,0,0,0,0.86614,0,0,0,0,0,0,0,0,0,0,0,0
gnoto1_BA1_d20_colon,1.45739,0,3.12993,0,0,0,0,29.75136,0,6.91116,0,0.5553,0,0,0,0,0,0,0,0,0,0,0,0,0,58.19486,0,0,0,0,0,0,0,0,0,0,0,0
gnoto1_BA2_d10,28.06622,0,1.39391,0,0,0,0,0.11094,0,0.57744,0,0,0,0,0,0,0,0,0,0,0,0,0,0,0,69.85149,0,0,0,0,0,0,0,0,0,0,0,0
gnoto1_BA2_d20_colon,1.9241,0,2.94396,0,0,0,0,41.48395,0,10.47756,0,0.40573,0,0,0,0,0,0,0,0,0,0,0,0,0,42.7647,0,0,0,0,0,0,0,0,0,0,0,0
gnoto1_BA3_d10,14.87507,0,2.73923,0,0,0,0,0.03174,0,1.52134,0,0,0,0,0,0,0,0,0,0,0,0,0,0,0,80.83261,0,0,0,0,0,0,0,0,0,0,0,0
gnoto1_BA3_d20_colon,2.64301,0,2.64251,0,0,0,0,25.92709,0,8.01908,0,0.60915,0,0,0,0,0,0,0,0,0,0,0,0,0,60.15915,0,0,0,0,0,0,0,0,0,0,0,0
gnoto1_BA4_d10,91.54154,0,2.89181,0,0,0,0,3.05798,0,1.82379,0,0,0,0,0,0,0,0,0,0,0,0,0,0,0,0.68489,0,0,0,0,0,0,0,0,0,0,0,0
gnoto1_BA4_d20_colon,3.06383,0,3.68556,0,0,0,0,30.71943,0,8.28796,0,0.41579,0,0,0,0,0,0,0,0,0,0,0,0,0,53.82744,0,0,0,0,0,0,0,0,0,0,0,0
gnoto1_BM1_d10,78.72411,0,16.34334,0,0,0,0,0,0,2.62257,0,0,0,0,0,0,0,0,0,0,0,0,0,0,0,2.30998,0,0,0,0,0,0,0,0,0,0,0,0
gnoto1_BM1_d20_colon,4.01849,0,2.39153,0,0,0,0,35.19467,0,7.1803,0,0,0,0,0,0,0,0,0,0,0,0,0,0,0,51.21501,0,0,0,0,0,0,0,0,0,0,0,0
gnoto1_BM2_d10,83.97746,0,11.4325,0,0,0,0,0.5881,0,2.69129,0,0,0,0,0,0,0,0,0,0,0,0,0,0,0,1.31066,0,0,0,0,0,0,0,0,0,0,0,0
gnoto1_BM2_d20_colon,4.07608,0,1.25053,0,0,0,0,37.72709,0,6.66635,0,0,0,0,0,0,0,0,0,0,0,0,0,0,0,50.27995,0,0,0,0,0,0,0,0,0,0,0,0
gnoto1_BM3_d10,54.75356,0,41.50227,0,0,0,0,0.26641,0,1.91173,0,0,0,0,0,0,0,0,0,0,0,0,0,0,0,1.56603,0,0,0,0,0,0,0,0,0,0,0,0
gnoto1_BM3_d20_colon,4.84545,0,2.7126,0,0,0,0,42.31213,0,9.68699,0,0,0,0,0,0,0,0,0,0,0,0,0,0,0,40.44283,0,0,0,0,0,0,0,0,0,0,0,0
gnoto1_BM4_d10,66.00405,0,22.69012,0,0,0,0,0,0,2.50328,0,0,0,0,0,0,0,0,0,0,0,0,0,0,0,8.80256,0,0,0,0,0,0,0,0,0,0,0,0
gnoto1_BM4_d20_colon,1.80834,0,0.55291,0,0,0,0,48.50698,0,9.61718,0,0,0,0,0,0,0,0,0,0,0,0,0,0,0,39.51458,0,0,0,0,0,0,0,0,0,0,0,0
gnoto1_BM5_d10,78.96332,0,11.08766,0,0,0,0,0.77754,0,4.68078,0,0,0,0,0,0,0,0,0,0,0,0,0,0,0,4.49069,0,0,0,0,0,0,0,0,0,0,0,0
gnoto1_BM5_d20_colon,6.89383,0,1.06054,0,0,0,0,63.79924,0,12.49769,0,0,0,0,0,0,0,0,0,0,0,0,0,0,0,15.7487,0,0,0,0,0,0,0,0,0,0,0,0
gnoto1_BP1_d10,84.16515,0,15.62436,0,0,0,0,0,0,0.21049,0,0,0,0,0,0,0,0,0,0,0,0,0,0,0,0,0,0,0,0,0,0,0,0,0,0,0,0
gnoto1_BP1_d20_colon,3.59515,0,4.90437,0,0,0,0,86.08903,0,4.67109,0,0.44504,0,0,0,0,0,0,0,0,0,0,0,0,0,0.29532,0,0,0,0,0,0,0,0,0,0,0,0
gnoto1_BP2_d10,0,0,93.29831,0,0,0,0,0,0,6.70169,0,0,0,0,0,0,0,0,0,0,0,0,0,0,0,0,0,0,0,0,0,0,0,0,0,0,0,0
gnoto1_BP2_d20_colon,4.6283,0,1.05189,0,0,0,0,87.57259,0,5.61002,0,0.33255,0,0,0,0,0,0,0,0,0,0,0,0,0,0.80467,0,0,0,0,0,0,0,0,0,0,0,0
gnoto1_BP3_d10,91.69623,0,6.84667,0,0,0,0,0.02282,0,0.80797,0,0,0,0,0,0,0,0,0,0,0,0,0,0,0,0.6263,0,0,0,0,0,0,0,0,0,0,0,0
gnoto1_BP3_d20_colon,6.73521,0,12.15022,0,0,0,0,70.48322,0,6.48136,0,0.67485,0,0,0,0,0,0,0,0,0,0,0,0,0,3.47515,0,0,0,0,0,0,0,0,0,0,0,0
gnoto1_BP4_d10,7.28777,0,89.78108,0,0,0,0,0.93235,0,1.85985,0,0,0,0,0,0,0,0,0,0,0,0,0,0,0,0.13895,0,0,0,0,0,0,0,0,0,0,0,0
gnoto1_BP4_d20_colon,6.61687,0,2.32346,0,0,0,0,82.67289,0,6.33499,0,0.18152,0,0,0,0,0,0,0,0,0,0,0,0,0,1.87027,0,0,0,0,0,0,0,0,0,0,0,0
gnoto2_BA1_d10,14.46135,0,6.62201,0,0,0,0,0,0,0.51499,0,0,0,0,0,0,0,0,0,0,0,0,0,0,0,78.40164,0,0,0,0,0,0,0,0,0,0,0,0
gnoto2_BA1_d20_colon,22.30451,0,0,0,0,0,0,40.1157,0,4.33126,0,0,0,0,0,0,0,0,0,0,0,0,0,0,0,33.24854,0,0,0,0,0,0,0,0,0,0,0,0
gnoto2_BA2_d10,85.58467,0,14.41533,0,0,0,0,0,0,0,0,0,0,0,0,0,0,0,0,0,0,0,0,0,0,0,0,0,0,0,0,0,0,0,0,0,0,0
gnoto2_BA2_d20_colon,7.12214,0,1.26636,0,0,0,0,24.68001,0,14.05246,0,0,0,0,0,0,0,0,0,0,0,0,0,0,0,52.87903,0,0,0,0,0,0,0,0,0,0,0,0
gnoto2_BA3_d10,9.51341,0,2.87465,0,0,0,0,0.12539,0,0.32952,0,0,0,0,0,0,0,0,0,0,0,0,0,0,0,87.15704,0,0,0,0,0,0,0,0,0,0,0,0
gnoto2_BA3_d20_colon,7.04896,0,0.92539,0,0,0,0,35.37075,0,8.89331,0,0,0,0,0,0,0,0,0,0,0,0,0,0,0,47.76158,0,0,0,0,0,0,0,0,0,0,0,0
gnoto2_BA4_d10,6.84182,0,1.81104,0,0,0,0,0,0,0.45698,0,0,0,0,0,0,0,0,0,0,0,0,0,0,0,90.89016,0,0,0,0,0,0,0,0,0,0,0,0
gnoto2_BA5_d10,61.50105,0,38.49895,0,0,0,0,0,0,0,0,0,0,0,0,0,0,0,0,0,0,0,0,0,0,0,0,0,0,0,0,0,0,0,0,0,0,0
gnoto2_BA5_d20_colon,15.03853,0,4.56905,0,0,0,0,60.33376,0,20.05866,0,0,0,0,0,0,0,0,0,0,0,0,0,0,0,0,0,0,0,0,0,0,0,0,0,0,0,0
gnoto2_BA6_d20_colon,16.32617,0,9.65511,0,0,0,0,55.80518,0,10.62565,0,0,0,0,0,0,0,0,0,0,0,0,0,0,0,7.58789,0,0,0,0,0,0,0,0,0,0,0,0
gnoto2_BA7_d20_colon,2.37084,0,1.63012,0,0,0,0,36.40215,0,10.20114,0,0,0,0,0,0,0,0,0,0,0,0,0,0,0,49.39575,0,0,0,0,0,0,0,0,0,0,0,0
gnoto2_BM1_d10,19.32822,0,2.48443,0,0,0,0,0,0,0.55941,0,0,0,0,0,0,0,0,0,0,0,0,0,0,0,77.62795,0,0,0,0,0,0,0,0,0,0,0,0
gnoto2_BM1_d20_colon,2.55027,0,1.01588,0,0,0,0,45.10055,0,6.51953,0,0,0,0,0,0,0,0,0,0,0,0,0,0,0,44.81376,0,0,0,0,0,0,0,0,0,0,0,0
gnoto2_BM2_d10,7.93067,0,2.48278,0,0,0,0,0.06466,0,0.70804,0,0,0,0,0,0,0,0,0,0,0,0,0,0,0,88.81386,0,0,0,0,0,0,0,0,0,0,0,0
gnoto2_BM2_d20_colon,0,0,0,0,0,0,0,21.99666,0,7.37918,0,0,0,0,1.71781,0,0,0,0,0,0,0,0,0,0,68.90635,0,0,0,0,0,0,0,0,0,0,0,0
gnoto2_BM3_d10,65.9885,0,18.36425,0,0,0,0,0.7902,0,4.52238,0,0,0,0,0,0,0,0,0,0,0,0,0,0,0,10.33467,0,0,0,0,0,0,0,0,0,0,0,0
gnoto2_BM3_d20_colon,6.85361,0,1.60281,0,0,0,0,43.60854,0,8.55538,0,0,0,0,0.08757,0,0,0,0,0,0,0,0,0,0,39.29209,0,0,0,0,0,0,0,0,0,0,0,0
gnoto2_BM4_d10,8.76568,0,2.18515,0,0,0,0,0,0,0.39968,0,0,0,0,0,0,0,0,0,0,0,0,0,0,0,88.6495,0,0,0,0,0,0,0,0,0,0,0,0
gnoto2_BM4_d20_colon,5.47129,0,2.37281,0,0,0,0,38.62979,0,10.70728,0,0,0,0,0,0,0,0,0,0,0,0,0,0,0,42.81883,0,0,0,0,0,0,0,0,0,0,0,0
gnoto2_BM5_d10,57.1466,0,5.6849,0,0,0,0,1.82051,0,4.55782,0,0,0,0,0,0,0,0,0,0,0,0,0,0,0,30.79018,0,0,0,0,0,0,0,0,0,0,0,0
gnoto2_BM5_d20_colon,5.01343,0,1.61223,0,0,0,0,47.90579,0,7.52295,0,0,0,0,0,0,0,0,0,0,0,0,0,0,0,37.94561,0,0,0,0,0,0,0,0,0,0,0,0
gnoto2_BM6_d10,14.4313,0,3.85108,0,0,0,0,0.04549,0,0.95869,0,0,0,0,0,0,0,0,0,0,0,0,0,0,0,80.71344,0,0,0,0,0,0,0,0,0,0,0,0
gnoto2_BM6_d20_colon,7.7262,0,2.3597,0,0,0,0,47.28467,0,7.54104,0,0,0,0,0.02458,0,0,0,0,0,0,0,0,0,0,35.0638,0,0,0,0,0,0,0,0,0,0,0,0
gnoto2_BM7_d10,86.95256,0,13.04744,0,0,0,0,0,0,0,0,0,0,0,0,0,0,0,0,0,0,0,0,0,0,0,0,0,0,0,0,0,0,0,0,0,0,0
gnoto2_BM7_d20_colon,3.30722,0,1.92356,0,0,0,0,42.43927,0,9.47379,0,0,0,0,0,0,0,0,0,0,0,0,0,0,0,42.85616,0,0,0,0,0,0,0,0,0,0,0,0
gnoto2_BP1_d10,8.60979,0,82.97053,0,0,0,0,0.76928,0,1.99846,0,0,0,0,0,0,0,0,0,0,0,0,0,0,0,5.65193,0,0,0,0,0,0,0,0,0,0,0,0
gnoto2_BP1_d20_colon,9.72979,0,0.14948,0,0,0,0,70.62396,0,9.62373,0,0.33812,0,0,0,0,0,0,0,0,0,0,0,0,0,9.53492,0,0,0,0,0,0,0,0,0,0,0,0
gnoto2_BP2_d10,72.10759,0,26.69404,0,0,0,0,0,0,0.38964,0,0,0,0,0,0,0,0,0,0,0,0,0,0,0,0.80874,0,0,0,0,0,0,0,0,0,0,0,0
gnoto2_BP2_d20_colon,15.93837,0,0,0,0,0,0,47.21971,0,10.685,5.70652,0,0,0,0,0,0,0,0,0,0,0,0,0,0,20.45039,0,0,0,0,0,0,0,0,0,0,0,0
gnoto2_BP3_d10,4.93159,0,79.74587,0,0,0,0,0.32493,0,6.06666,0,0,0,0,0,0,0,0,0,0,0,0,0,0,0,8.93095,0,0,0,0,0,0,0,0,0,0,0,0
gnoto2_BP4_d10,67.16155,0,25.58876,0,0,0,0,0.10612,0,1.56822,0,0,0,0,0,0,0,0,0,0,0,0,0,0,0,5.57535,0,0,0,0,0,0,0,0,0,0,0,0
gnoto2_BP4_d20_colon,6.6229,0,0.40689,0,0,0,0,83.57613,0,9.39409,0,0,0,0,0,0,0,0,0,0,0,0,0,0,0,0,0,0,0,0,0,0,0,0,0,0,0,0
gnoto2_BP5_d10,4.90561,0,79.01278,0,0,0,0,0,0,4.81114,0,0,0,0,0,0,0,0,0,0,0,0,0,0,0,11.27047,0,0,0,0,0,0,0,0,0,0,0,0
gnoto2_BP5_d20_colon,8.88227,0,0,0,0,0,0,79.21619,0,9.0244,0,0.03771,0,0,0,0,0,0,0,0,0,0,0,0,0,2.83942,0,0,0,0,0,0,0,0,0,0,0,0
gnoto2_BP6_d10,9.03458,0,88.72117,0,0,0,0,0,0,1.75782,0,0,0,0,0,0,0,0,0,0,0,0,0,0,0,0.48643,0,0,0,0,0,0,0,0,0,0,0,0
gnoto2_BP6_d20_colon,9.13324,0,1.56387,0,0,0,0,77.52573,0,8.19077,0,0.49648,0,0,0,0,0,0,0,0,0,0,0,0,0,3.0899,0,0,0,0,0,0,0,0,0,0,0,0
gnoto2_INOC_microA,13.05456,0,1.92606,0,0,0,0,46.55165,21.98422,6.36773,4.5322,1.35392,1.73248,0.51759,1.97958,0,0,0,0,0,0,0,0,0,0,0,0,0,0,0,0,0,0,0,0,0,0,0
gnoto2_INOC_microB,3.54025,0,1.63499,0,0,0,0,32.54764,0,7.68656,11.58497,0.05256,0.80075,0,4.00871,0,0,0,0,0,0,0,0,0,0,38.14358,0,0,0,0,0,0,0,0,0,0,0,0
GF2_A_dam_d33,0,0,6.54769,0,0,0,0,0,0,0,0,0,0,0,0,0,0,0,0,0,0,0,0,0,0,44.63667,0,0,0,0,0,0,0,0,0,45.25254,0,0
GF2_A_dam_day19,2.37784,0,2.21859,0,0,0,0,48.76703,0,0,1.37431,0.40468,0,0,0,0,0,0,0,0,0,0,0,0,0,15.6948,0,0,0,0,0,0,0,0,0,15.17611,4.83122,0
GF2_A_dam_day29,0,0,50.25277,0,0,0,0,0,0,0,0,0,0,0,0,0,0,0,0,0,0,0,0,0,0,48.24642,0,0,0,0,0,0,0,0,0,0.91928,0,0
GF2_A_day1_dad,9.5123,0,12.19561,0,0,0,0,44.15815,0,0,0,0,0,0,0,0,0,0,0,0,0,0,0,0,0,0,0,0,0,0,0,0,0,0,0,0,33.18845,0
GF2_A_day1_mom,25.7016,0,12.60963,0,0,0,0,35.52951,0,0,0,0.02736,0,0,0,0,0,0,0,0,0,0,0,0,0,0,0,0,0,0,0,0,0,0,0,0,24.33319,0
GF2_A1_d37,10.58455,0,1.7272,0,0,0,0,50.67396,0,0,0,0,0,0,0,0,0,0,0,0,0,0,0,0,0,8.1913,0,0,0,0,0,0,0,0,0,4.00587,14.07851,0
GF2_A1_d39,7.36153,0,0.37977,0,0,0,0,40.17734,0,0,0,0,0,0,0,0,0,0,0,0,0,0,0,0,0,0.07732,0,0,0,0,0,0,0,0,0,0,48.8029,0
GF2_A1_day28,100,0,0,0,0,0,0,0,0,0,0,0,0,0,0,0,0,0,0,0,0,0,0,0,0,0,0,0,0,0,0,0,0,0,0,0,0,0
GF2_A1_day29,95.81306,0,1.46092,0,0,0,0,0.72464,0,0,0,0,0,0,0,0,0,0,0,0,0,0,0,0,0,1.01016,0,0,0,0,0,0,0,0,0,0,0,0
GF2_A1_day30,100,0,0,0,0,0,0,0,0,0,0,0,0,0,0,0,0,0,0,0,0,0,0,0,0,0,0,0,0,0,0,0,0,0,0,0,0,0
GF2_A1_day31,97.76625,0,2.23375,0,0,0,0,0,0,0,0,0,0,0,0,0,0,0,0,0,0,0,0,0,0,0,0,0,0,0,0,0,0,0,0,0,0,0
GF2_A1_day32,89.59356,0,7.36537,0,0,0,0,0,0,0,0,0,0,0,0,0,0,0,0,0,0,0,0,0,0,0.93006,0,0,0,0,0,0,0,0,0,2.11102,0,0
GF2_A1_day41,17.15092,0,0,0,0,0,0,48.56652,0,0,0,0,0,0,0,0,0,0,0,0,0,0,0,0,0,5.11866,0,0,0,0,0,0,0,0,0,0.08093,26.13669,0
GF2_A1_day42,84.31839,0,0,0,0,0,0,11.96725,0,0,0,0,0,0,0,0,0,0,0,0,0,0,0,0,0,3.49705,0,0,0,0,0,0,0,0,0,0.09924,0.10902,0
GF2_A1_day44,87.65342,0,0,0,0,0,0,4.04889,0,0,0,0,0,0,0,0,0,0,0,0,0,0,0,0,0,4.0194,0,0,0,0,0,0,0,0,0,4.27829,0,0
GF2_A2_Colon,52.1439,0,0.24584,0,0,0,0,14.29794,0,0,0,0.08811,0,0,0,0,0,0,0,0,0,0,0,0,0,16.92481,0,0,0,0,0,0,0,0,0,12.61808,0.59653,0
GF2_A2_d36,5.49745,0,0.51309,0,0,0,0,79.80177,0,0,0,0,0,0,0,0,0,0,0,0,0,0,0,0,0,1.44625,0,0,0,0,0,0,0,0,0,7.84604,0.28984,0
GF2_A2_D37,2.42369,0,3.45469,0,0,0,0,49.90323,0,0,0,0,0,0,0,0,0,0,0,0,0,0,0,0,0,0.93074,0,0,0,0,0,0,0,0,0,0.84672,35.56135,0
GF2_A2_d39,6.08237,0,0.74263,0,0,0,0,43.89717,0,0,0,0,0,0,0,0,0,0,0,0,0,0,0,0,0,0.04671,0,0,0,0,0,0,0,0,0,0,46.37376,0
GF2_A2_day28,100,0,0,0,0,0,0,0,0,0,0,0,0,0,0,0,0,0,0,0,0,0,0,0,0,0,0,0,0,0,0,0,0,0,0,0,0,0
GF2_A2_day29,99.4456,0,0.48981,0,0,0,0,0,0,0,0,0,0,0,0,0,0,0,0,0,0,0,0,0,0,0.06459,0,0,0,0,0,0,0,0,0,0,0,0
GF2_A2_day30,90.48616,0,3.2754,0,0,0,0,3.92456,0,0,0,0,0,0,0,0,0,0,0,0,0,0,0,0,0,0.6281,0,0,0,0,0,0,0,0,0,0,0.05765,0
GF2_A2_day31,97.94934,0,2.05066,0,0,0,0,0,0,0,0,0,0,0,0,0,0,0,0,0,0,0,0,0,0,0,0,0,0,0,0,0,0,0,0,0,0,0
GF2_A2_day32,97.15839,0,2.84161,0,0,0,0,0,0,0,0,0,0,0,0,0,0,0,0,0,0,0,0,0,0,0,0,0,0,0,0,0,0,0,0,0,0,0
GF2_A2_day34,6.74754,0,35.42154,0,0,0,0,0,0,0,0,0,0,0,0,0,0,0,0,0,0,0,0,0,0,13.48075,0,0,0,0,0,0,0,0,0,43.95535,0,0
GF2_A2_day41,18.45752,0,0.05561,0,0,0,0,54.6999,0,0,0,0.12555,0,0,0,0,0,0,0,0,0,0,0,0,0,1.43127,0,0,0,0,0,0,0,0,0,1.43374,18.17974,0
GF2_A2_day42,14.93412,0,1.36556,0,0,0,0,51.27172,0,0,0,0.57868,0,0,0,0,0,0,0,0,0,0,0,0,0,10.50497,0,0,0,0,0,0,0,0,0,4.60106,14.58983,0
GF2_A2_day44,16.11236,0,0.85665,0,0,0,0,24.2978,0,0,0,0.19209,0,0,0,0,0,0,0,0,0,0,0,0,0,40.9362,0,0,0,0,0,0,0,0,0,12.00705,5.12139,0
GF2_A25_N713,3.37883,0,1.93782,0,0,0,0,71.84125,0,0,5.13646,0.72687,4.34637,0,4.18581,0,0,0,0,0,0,0,0,0,0,0,0,0,0,0,0,0,0,0,0,0,0,0
GF2_A3_Colon,23.04471,0,0.98156,0,0,0,0,21.72277,0,0,0,0.15941,0,0,0.11337,0,0,0,0,0,0,0,0,0,0,24.76606,0,0,0,0,0,0,0,0,0,24.5727,0.34994,0
GF2_A3_d37,4.71514,0,0.53301,0,0,0,0,62.67737,0,0,0,0,0,0,0,0,0,0,0,0,0,0,0,0,0,11.02884,0,0,0,0,0,0,0,0,0,9.39627,1.95604,0
GF2_A3_d39,6.98066,0,0.11243,0,0,0,0,39.72331,0,0,0,0,0,0,0,0,0,0,0,0,0,0,0,0,0,20.77757,0,0,0,0,0,0,0,0,0,20.7956,5.10924,0
GF2_A3_day28,100,0,0,0,0,0,0,0,0,0,0,0,0,0,0,0,0,0,0,0,0,0,0,0,0,0,0,0,0,0,0,0,0,0,0,0,0,0
GF2_A3_day30,91.65612,0,1.99916,0,0,0,0,3.71368,0,0,0,0,0,0,0,0,0,0,0,0,0,0,0,0,0,1.21235,0,0,0,0,0,0,0,0,0,0,0.04482,0
GF2_A3_day32,89.76836,0,9.70975,0,0,0,0,0,0,0,0,0,0,0,0,0,0,0,0,0,0,0,0,0,0,0.37707,0,0,0,0,0,0,0,0,0,0.14481,0,0
GF2_A3_day41,8.44323,0,0.23081,0,0,0,0,16.76764,0,0,0,0,0,0,0,0,0,0,0,0,0,0,0,0,0,36.94312,0,0,0,0,0,0,0,0,0,32.8043,2.21677,0
GF2_A3_day42,100,0,0,0,0,0,0,0,0,0,0,0,0,0,0,0,0,0,0,0,0,0,0,0,0,0,0,0,0,0,0,0,0,0,0,0,0,0
GF2_A4_Colon,69.15701,0,0,0,0,0,0,21.25493,0,0,0,0,0,0,0,0,0,0,0,0,0,0,0,0,0,3.418,0,0,0,0,0,0,0,0,0,5.30756,0,0
GF2_A4_d36,5.96985,0,0.53731,0,0,0,0,79.78053,0,0,0,0,0,0,0,0,0,0,0,0,0,0,0,0,0,0.7017,0,0,0,0,0,0,0,0,0,7.48881,0.61106,0
GF2_A4_d37,6.66693,0,1.7898,0,0,0,0,62.99098,0,0,0,0,0,0,0,0,0,0,0,0,0,0,0,0,0,0.32294,0,0,0,0,0,0,0,0,0,4.53462,17.4151,0
GF2_A4_D39,11.09602,0,0.03055,0,0,0,0,49.93185,0,0,0,0,0,0,0,0,0,0,0,0,0,0,0,0,0,0.2177,0,0,0,0,0,0,0,0,0,0,32.85655,0
GF2_A4_day28,100,0,0,0,0,0,0,0,0,0,0,0,0,0,0,0,0,0,0,0,0,0,0,0,0,0,0,0,0,0,0,0,0,0,0,0,0,0
GF2_A4_day29,95.77174,0,1.63568,0,0,0,0,0.47763,0,0,0,0,0,0,0,0,0,0,0,0,0,0,0,0,0,0.78325,0,0,0,0,0,0,0,0,0,0,0,0
GF2_A4_day30,96.36316,0,1.4952,0,0,0,0,0,0,0,0,0,0,0,0,0,0,0,0,0,0,0,0,0,0,0.6277,0,0,0,0,0,0,0,0,0,0,0,0
GF2_A4_day31,99.50349,0,0.49651,0,0,0,0,0,0,0,0,0,0,0,0,0,0,0,0,0,0,0,0,0,0,0,0,0,0,0,0,0,0,0,0,0,0,0
GF2_A4_day32,78.67393,0,12.22842,0,0,0,0,0.09376,0,0,0,0,0,0,0,0,0,0,0,0,0,0,0,0,0,5.23681,0,0,0,0,0,0,0,0,0,3.09818,0,0
GF2_A4_day41,6.72054,0,0.22292,0,0,0,0,28.22368,0,0,0,0.23275,0,0,0,0,0,0,0,0,0,0,0,0,0,31.78567,0,0,0,0,0,0,0,0,0,27.56735,3.00447,0
GF2_A4_day42,41.76985,0,0.48804,0,0,0,0,15.19166,0,0,0,0.13992,0,0,0,0,0,0,0,0,0,0,0,0,0,23.61127,0,0,0,0,0,0,0,0,0,15.64616,1.49262,0
GF2_A4_day44,99.49771,0,0,0,0,0,0,0.50229,0,0,0,0,0,0,0,0,0,0,0,0,0,0,0,0,0,0,0,0,0,0,0,0,0,0,0,0,0,0
GF2_A5_Colon,74.84822,0,0.0615,0,0,0,0,5.71732,0,0,0,0,0,0,0.26751,0,0,0,0,0,0,0,0,0,0,7.21546,0,0,0,0,0,0,0,0,0,10.44084,0.09418,0
GF2_A5_d39,7.29147,0,0.27119,0,0,0,0,28.80327,0,0,0,0,0,0,0,0,0,0,0,0,0,0,0,0,0,26.80894,0,0,0,0,0,0,0,0,0,26.12804,5.53871,0
GF2_A5_day28,100,0,0,0,0,0,0,0,0,0,0,0,0,0,0,0,0,0,0,0,0,0,0,0,0,0,0,0,0,0,0,0,0,0,0,0,0,0
GF2_A5_day31,93.51529,0,6.48471,0,0,0,0,0,0,0,0,0,0,0,0,0,0,0,0,0,0,0,0,0,0,0,0,0,0,0,0,0,0,0,0,0,0,0
GF2_A5_day32,88.3127,0,11.6873,0,0,0,0,0,0,0,0,0,0,0,0,0,0,0,0,0,0,0,0,0,0,0,0,0,0,0,0,0,0,0,0,0,0,0
GF2_A5_day42,4.43293,0,0,0,0,0,0,30.52504,0,0,0,0,0,0,0,0,0,0,0,0,0,0,0,0,0,17.71243,0,0,0,0,0,0,0,0,0,42.65047,0.36641,0
GF2_A6_Colon,60.06624,0,0.23557,0,0,0,0,17.77323,0,0,0,0,0,0,0,0,0,0,0,0,0,0,0,0,0,10.96538,0,0,0,0,0,0,0,0,0,9.05248,0,0
GF2_A6_d33,58.96394,0,28.00645,0,0,0,0,0,0,0,0,0,0,0,0,0,0,0,0,0,0,0,0,0,0,1.84768,0,0,0,0,0,0,0,0,0,11.00346,0,0
GF2_A6_d36,6.30418,0,1.19456,0,0,0,0,71.61009,0,0,0,0,0,0,0,0,0,0,0,0,0,0,0,0,0,3.45934,0,0,0,0,0,0,0,0,0,7.38418,1.08249,0
GF2_A6_d37,5.77448,0,1.14538,0,0,0,0,54.23095,0,0,0,0,0,0,0,0,0,0,0,0,0,0,0,0,0,2.42301,0,0,0,0,0,0,0,0,0,0.87062,22.69037,0
GF2_A6_D39,2.86522,0,0,0,0,0,0,67.67703,0,0,0,0,0,0,0,0,0,0,0,0,0,0,0,0,0,0,0,0,0,0,0,0,0,0,0,0,26.22661,0
GF2_A6_day28,99.20245,0,0.74328,0,0,0,0,0,0,0,0,0,0,0,0,0,0,0,0,0,0,0,0,0,0,0.00914,0,0,0,0,0,0,0,0,0,0,0,0
GF2_A6_day29,97.51251,0,1.37629,0,0,0,0,0,0,0,0,0,0,0,0,0,0,0,0,0,0,0,0,0,0,0.98828,0,0,0,0,0,0,0,0,0,0,0,0
GF2_A6_day30,97.48807,0,1.26434,0,0,0,0,0.20891,0,0,0,0,0,0,0,0,0,0,0,0,0,0,0,0,0,0.5549,0,0,0,0,0,0,0,0,0,0,0,0
GF2_A6_day31,88.84626,0,8.77861,0,0,0,0,0,0,0,0,0,0,0,0,0,0,0,0,0,0,0,0,0,0,0.22546,0,0,0,0,0,0,0,0,0,2.14968,0,0
GF2_A6_day32,84.71994,0,10.92731,0,0,0,0,0,0,0,0,0,0,0,0,0,0,0,0,0,0,0,0,0,0,0,0,0,0,0,0,0,0,0,0,4.35275,0,0
GF2_A6_day44,11.60164,0,2.6204,0,0,0,0,23.85396,0,0,0,0.15432,0,0,0.03007,0,0,0,0,0,0,0,0,0,0,32.63162,0,0,0,0,0,0,0,0,0,25.92474,0.77285,0
GF2_B_dam_d33,0.93596,0,0.81772,0,0,0,0,32.471,0,0,8.74974,0.03167,0.11534,0,0,0,0,0,0,0,0,0,0,0,0,40.71484,0,0,0,0,0,0,0,0,0,5.54115,6.32506,0
GF2_B_dam_day19,0.71992,0,0.95291,0,0,0,0,31.9238,0,0,11.35048,0,0.06214,0,0.50219,0,0,0,0,0,0,0,0,0,0,32.67103,0,0,0,0,0,0,0,0,0,8.58366,8.684,0
GF2_B_dam_day37,0.94775,0,0.42786,0,0,0,0,37.4712,0,0,9.08839,0,0.32179,0,0.71601,0,0,0,0,0,0,0,0,0,0,28.72901,0,0,0,0,0,0,0,0,0,8.0983,8.05828,0
GF2_B_day1_dad,7.19062,0,13.39753,0,0,0,0,45.00341,0,0,0,0,0.01138,0,0,0,0,0,0,0,0,0,0,0,0,0,0,0,0,0,0,0,0,0,0,0,34.39706,0
GF2_B_day1_mom,9.31594,0,9.72648,0,0,0,0,30.80134,0,0,0,0,0,0,0,0,0,0,0,0,0,0,0,0,0,0,0,0,0,0,0,0,0,0,0,0,48.23978,0
GF2_B_Sire_day23,0,0,0,0,0,0,0,31.34926,0,0,8.04439,0,2.41249,0,4.72843,0,0,0,0,0,0,0,0,0,0,38.09261,0,0,0,0,0,0,0,0,0,7.93488,3.46681,0
GF2_B1_d34,4.46583,0,0.15304,0,0,0,0,49.84696,0,0,0,0,0,0,0,0,0,0,0,0,0,0,0,0,0,1.0412,0,0,0,0,0,0,0,0,0,32.10185,8.97502,0
GF2_B1_d35,2.09812,0,0,0,0,0,0,45.89495,0,0,0,0,0,0,0,0,0,0,0,0,0,0,0,0,0,5.08534,0,0,0,0,0,0,0,0,0,30.7593,12.62212,0
GF2_B1_day29,50.50899,0,1.58645,0,0,0,0,41.93552,0,0,0.15632,0,0,0,0,0,0,0,0,0,0,0,0,0,0,1.24473,0,0,0,0,0,0,0,0,0,0,2.7224,0
GF2_B1_day32,7.69918,0,0.19394,0,0,0,0,77.27192,0,0,0,0,0.88799,0,0,0,0,0,0,0,0,0,0,0,0,0.27142,0,0,0,0,0,0,0,0,0,6.4125,3.62536,0
GF2_B1_day37,1.06223,0,0.01522,0,0,0,0,34.11155,0,0,0,0,0,0,0,0,0,0,0,0,0,0,0,0,0,34.36442,0,0,0,0,0,0,0,0,0,22.05383,5.92158,0
GF2_B1_day41,5.97365,0,0,0,0,0,0,29.24541,0,0,4.31379,0,0,0,0,0,0,0,0,0,0,0,0,0,0,38.51074,0,0,0,0,0,0,0,0,0,16.53734,2.5692,0
GF2_B1_day44,7.79655,0,0.74275,0,0,0,0,17.13323,0,0,4.27457,0.20192,1.97102,0,1.58583,0,0,0,0,0,0,0,0,0,0,49.66119,0,0,0,0,0,0,0,0,0,14.972,0.91937,0
GF2_B2_d35,4.03727,0,0.0747,0,0,0,0,55.34266,0,0,0,0.03511,0,0,0,0,0,0,0,0,0,0,0,0,0,4.10295,0,0,0,0,0,0,0,0,0,24.2945,9.29617,0
GF2_B2_day27,98.7256,0,0,0,0,0,0,0,0,0,0,0,0,0,0,0,0,0,0,0,0,0,0,0,0,0.43633,0,0,0,0,0,0,0,0,0,0,0,0
GF2_B2_day28,96.20238,0,0.28508,0,0,0,0,1.4928,0,0,0,0,0,0,0,0,0,0,0,0,0,0,0,0,0,0.61122,0,0,0,0,0,0,0,0,0,0,0,0
GF2_B2_day29,52.3351,0,0.46634,0,0,0,0,39.01473,0,0,0,0,1.31203,0,0,0,0,0,0,0,0,0,0,0,0,2.72775,0,0,0,0,0,0,0,0,0,0,2.47415,0
GF2_B2_day30,11.20381,0,1.08223,0,0,0,0,73.78406,0,0,0,0,0.06206,0,0,0,0,0,0,0,0,0,0,0,0,1.48637,0,0,0,0,0,0,0,0,0,1.67397,5.92186,0
GF2_B2_day31,3.20503,0,0.25394,0,0,0,0,85.83069,0,0,0,0,0,0,0,0,0,0,0,0,0,0,0,0,0,0.21286,0,0,0,0,0,0,0,0,0,0.4744,6.93444,0
GF2_B2_day37,1.06437,0,0,0,0,0,0,43.20321,0,0,0,0,0,0,0,0,0,0,0,0,0,0,0,0,0,22.45169,0,0,0,0,0,0,0,0,0,24.34081,5.31975,0
GF2_B2_day41,7.53465,0,0.42331,0,0,0,0,27.37345,0,0,4.32777,0.07274,0.42144,0,0,0,0,0,0,0,0,0,0,0,0,36.82502,0,0,0,0,0,0,0,0,0,18.73094,2.37165,0
GF2_B2_day44,99.02086,0,0,0,0,0,0,0.34959,0,0,0,0,0,0,0,0,0,0,0,0,0,0,0,0,0,0.52495,0,0,0,0,0,0,0,0,0,0.10461,0,0
GF2_B3_d35,4.76033,0,0.03252,0,0,0,0,47.00947,0,0,0,0,0,0,0,0,0,0,0,0,0,0,0,0,0,0.33638,0,0,0,0,0,0,0,0,0,28.20579,15.74282,0
GF2_B3_day27,92.88499,0,1.59287,0,0,0,0,2.06296,0,0,0,0,0,0,0,0,0,0,0,0,0,0,0,0,0,1.88285,0,0,0,0,0,0,0,0,0,0,0,0
GF2_B3_day28,73.86755,0,0.98959,0,0,0,0,21.68945,0,0,0,0,0,0,0,0,0,0,0,0,0,0,0,0,0,1.00977,0,0,0,0,0,0,0,0,0,0,0,0
GF2_B3_day31,3.41669,0,0.19846,0,0,0,0,80.13711,0,0,0,0,0,0,0,0,0,0,0,0,0,0,0,0,0,0.40551,0,0,0,0,0,0,0,0,0,0.04009,12.41191,0
GF2_B3_day37,1.29421,0,0,0,0,0,0,34.43344,0,0,0,0,0,0,0,0,0,0,0,0,0,0,0,0,0,29.93083,0,0,0,0,0,0,0,0,0,26.58328,5.18811,0
GF2_B3_day41,3.83898,0,0.32699,0,0,0,0,28.04035,0,0,3.68736,0,0,0,0,0,0,0,0,0,0,0,0,0,0,40.48954,0,0,0,0,0,0,0,0,0,18.59646,2.41189,0
GF2_B3_day44,91.39104,0,0,0,0,0,0,6.17548,0,0,0.44086,0,0.03042,0,0.20669,0,0,0,0,0,0,0,0,0,0,1.29406,0,0,0,0,0,0,0,0,0,0.46145,0,0
GF2_B4_d35,4.68539,0,0.03298,0,0,0,0,57.42566,0,0,0,0,0,0,0,0,0,0,0,0,0,0,0,0,0,0,0,0,0,0,0,0,0,0,0,19.334,14.39895,0
GF2_B4_day27,94.96269,0,2.92173,0,0,0,0,0.04361,0,0,0,0,0,0,0,0,0,0,0,0,0,0,0,0,0,1.62019,0,0,0,0,0,0,0,0,0,0,0,0
GF2_B4_day28,71.40506,0,11.72769,0,0,0,0,12.11152,0,0,0,0,0,0,0,0,0,0,0,0,0,0,0,0,0,2.88736,0,0,0,0,0,0,0,0,0,0,0,0
GF2_B4_day29,50.64789,0,2.35152,0,0,0,0,38.57002,0,0,0,0,1.18901,0,0,0,0,0,0,0,0,0,0,0,0,2.40299,0,0,0,0,0,0,0,0,0,0.97647,1.18484,0
GF2_B4_day32,9.83185,0,0.58461,0,0,0,0,75.22635,0,0,0,0,0,0,0,0,0,0,0,0,0,0,0,0,0,0.18779,0,0,0,0,0,0,0,0,0,0,10.30961,0
GF2_B4_day37,0.6233,0,0,0,0,0,0,42.55018,0,0,0,0,0,0,0,0,0,0,0,0,0,0,0,0,0,24.05372,0,0,0,0,0,0,0,0,0,22.6012,6.97808,0
GF2_B4_day41,100,0,0,0,0,0,0,0,0,0,0,0,0,0,0,0,0,0,0,0,0,0,0,0,0,0,0,0,0,0,0,0,0,0,0,0,0,0
GF2_B5_d34,5.2999,0,0,0,0,0,0,54.22349,0,0,0,0,0,0,0,0,0,0,0,0,0,0,0,0,0,3.1873,0,0,0,0,0,0,0,0,0,22.5239,11.66558,0
GF2_B5_d35,2.60814,0,0,0,0,0,0,37.17776,0,0,0,0,0,0,0,0,0,0,0,0,0,0,0,0,0,21.08491,0,0,0,0,0,0,0,0,0,24.59287,10.81137,0
GF2_B5_day27,77.16924,0,21.36707,0,0,0,0,0,0,0,0,0,0,0,0,0,0,0,0,0,0,0,0,0,0,1.33197,0,0,0,0,0,0,0,0,0,0,0,0
GF2_B5_day28,72.71609,0,17.11466,0,0,0,0,5.77883,0,0,0.17766,0,0,0,0,0,0,0,0,0,0,0,0,0,0,2.1868,0,0,0,0,0,0,0,0,0,0,0.20936,0
GF2_B5_day29,32.93184,0,7.89286,0,0,0,0,37.93259,0,0,0,0,8.81608,0,1.16864,0,0,0,0,0,0,0,0,0,0,5.76602,0,0,0,0,0,0,0,0,0,1.48975,2.03544,0
GF2_B5_day30,6.84106,0,1.11437,0,0,0,0,76.87907,0,0,0,0,0.03452,0,0,0,0,0,0,0,0,0,0,0,0,0.41309,0,0,0,0,0,0,0,0,0,0.64965,9.1613,0
GF2_B5_day31,3.47312,0,0.0034,0,0,0,0,82.20436,0,0,0,0,0.18221,0,0,0,0,0,0,0,0,0,0,0,0,0.10299,0,0,0,0,0,0,0,0,0,2.02411,6.80064,0
GF2_B5_day37,0.87005,0,0,0,0,0,0,30.2194,0,0,0.74195,0,0,0,0,0,0,0,0,0,0,0,0,0,0,39.4308,0,0,0,0,0,0,0,0,0,20.59623,4.32229,0
GF2_B5_day41,1.56682,0,0.32865,0,0,0,0,24.52523,0,0,3.85343,0.05691,0,0,0,0,0,0,0,0,0,0,0,0,0,36.15491,0,0,0,0,0,0,0,0,0,25.88176,3.41557,0
GF2_colon_A1_day45,78.87917,0,0,0,0,0,0,10.90273,0,0,0,0,0,0,0.02512,0,0,0,0,0,0,0,0,0,0,5.84662,0,0,0,0,0,0,0,0,0,4.16297,0,0
GF2_colon_B1_day44,46.33284,0,0,0,0,0,0,13.9758,0,0,1.78828,0,0.2387,0,0,0,0,0,0,0,0,0,0,0,0,21.72567,0,0,0,0,0,0,0,0,0,12.40167,1.05497,0
GF2_colon_B2_day44,51.40857,0,0,0,0,0,0,13.20495,0,0,5.61216,0,0.9411,0,0.51405,0,0,0,0,0,0,0,0,0,0,16.9082,0,0,0,0,0,0,0,0,0,8.70238,0.56702,0
GF2_colon_B3_day44,31.48849,0,0,0,0,0,0,17.68971,0,0,2.71482,0,1.26845,0,1.41371,0,0,0,0,0,0,0,0,0,0,30.47401,0,0,0,0,0,0,0,0,0,12.03462,0.76286,0
GF2_colon_B5_day44,9.03858,0,1.04302,0,0,0,0,15.97648,0,0,3.70902,0.0331,1.13623,0,0.1533,0,0,0,0,0,0,0,0,0,0,41.51658,0,0,0,0,0,0,0,0,0,19.02816,3.18302,0
GF2_Inoc,3.34493,0,18.05258,0,0,0,0,2.50948,0,0,0.81524,0.03706,53.04013,0,14.96695,0,0,0,0,0,0,0,0.30547,0.24302,0,6.56995,0,0,0,0,0,0,0,0.04203,0,0.05123,0,0.02192
GF3_AB_Sire_day4,1.14135,0,1.24706,0,0,0,0,34.29282,0,0,10.71189,0.1884,0.54134,0,0.80851,0,0,0,0,0,0,0,0,0,0,28.52862,0,0,0,0,0,0,0,0,0,13.21804,2.97959,0
GF3_B_Sire_day19,0.72105,0,0.89794,0,0,0,0,27.01043,0,0,6.39306,0,9.32492,0,5.45548,0,0,0,0,0,0,0,0,0,0,18.97056,0,0,0,0,0,0,0,0,0,21.86777,4.08401,0
GF3_B_Sire_day30,0.7916,0,0.72788,0,0,0,0,34.95787,0,0,4.56036,0,6.31062,0,3.42669,0,0,0,0,0,0,0,0,0,0,16.72779,0,0,0,0,0,0,0,0,0,18.84618,5.64937,0
GF3_C_dam_day19,0.22498,0,0.19484,0,0,0,0,46.92333,0,0,8.04907,0,0.8093,0,2.23821,0,0,0,0,0,0,0,0,0,0,17.85172,0,0,0,0,0,0,0,0,0,10.13831,7.16682,0
GF3_C_dam_day4,1.10869,0,1.75445,0,0,0,0,30.63043,0,0,10.48966,0.2593,0.40642,0,1.63753,0,0,0,0,0,0,0,0,0,0,34.61535,0,0,0,0,0,0,0,0,0,12.08157,2.70419,0
GF3_C_Sire_day19,0.43372,0,0.89793,0,0,0,0,36.77246,0,0,6.49298,0,6.72526,0,4.14733,0,0,0,0,0,0,0,0,0,0,14.16522,0,0,0,0,0,0,0,0,0,19.29869,5.32915,0
GF3_C_Sire_day30,0.64991,0,1.09399,0,0,0,0,33.17178,0,0,3.17997,0,9.21168,0,6.28983,0,0,0,0,0,0,0,0,0,0,11.83087,0,0,0,0,0,0,0,0,0,25.37307,3.52581,0
GF3_C_Sire_day4,1.17026,0,1.16038,0,0,0,0,24.81569,0,0,6.75822,0.16245,1.1642,0,3.30372,0,0,0,0,0,0,0,0,0,0,29.65791,0,0,0,0,0,0,0,0,0,25.27566,1.18581,0
GF3_C1_day30,100,0,0,0,0,0,0,0,0,0,0,0,0,0,0,0,0,0,0,0,0,0,0,0,0,0,0,0,0,0,0,0,0,0,0,0,0,0
GF3_C1_day32,88.39357,0,2.42561,0,0,0,0,6.11074,0,0,0,0,0.24899,0,0,0,0,0,0,0,0,0,0,0,0,1.35792,0,0,0,0,0,0,0,0,0,0,0.22835,0
GF3_C1_day34,0,0,84.34591,0,0,0,0,0,0,0,0,0,0,0,0,0,0,0,0,0,0,0,0,0,0,0,0,0,0,0,0,0,0,0,0,15.65409,0,0
GF3_C2_day30,95.0507,0,1.58722,0,0,0,0,0,0,0,0,0,0,0,0,0,0,0,0,0,0,0,0,0,0,3.36209,0,0,0,0,0,0,0,0,0,0,0,0
GF3_C2_day32,90.45012,0,1.88717,0,0,0,0,3.41706,0,0,0,0,0.6416,0,0,0,0,0,0,0,0,0,0,0,0,1.5591,0,0,0,0,0,0,0,0,0,0,0.29614,0
GF3_C2_day35,0,0,100,0,0,0,0,0,0,0,0,0,0,0,0,0,0,0,0,0,0,0,0,0,0,0,0,0,0,0,0,0,0,0,0,0,0,0
GF3_C2_day38,8.76516,0,0.13942,0,0,0,0,52.15877,0,0,0,0,0,0,0,0,0,0,0,0,0,0,0,0,0,5.56279,0,0,0,0,0,0,0,0,0,16.5906,10.74426,0
GF3_C2_day39,9.45209,0,0.44241,0,0,0,0,40.68707,0,0,0,0,0,0,0,0,0,0,0,0,0,0,0,0,0,13.22194,0,0,0,0,0,0,0,0,0,9.99993,20.43076,0
GF3_C2_day40,6.20092,0,0.46834,0,0,0,0,35.82587,0,0,0,0,0,0,0,0,0,0,0,0,0,0,0,0,0,28.51538,0,0,0,0,0,0,0,0,0,14.57557,10.19191,0
GF3_C2_day41,6.14163,0,0.98436,0,0,0,0,36.91843,0,0,0,0,0,0,0,0,0,0,0,0,0,0,0,0,0,33.93339,0,0,0,0,0,0,0,0,0,14.91372,3.76189,0
GF3_C2_day42,2.44374,0,1.51678,0,0,0,0,36.84592,0,0,0,0,0,0,0,0,0,0,0,0,0,0,0,0,0,28.39984,0,0,0,0,0,0,0,0,0,18.28843,7.5728,0
GF3_C2_day45,1.69449,0,1.44609,0,0,0,0,34.74248,0,0,0,0,0,0,0,0,0,0,0,0,0,0,0,0,0,36.8751,0,0,0,0,0,0,0,0,0,19.28538,2.16009,0
GF3_C3_day30,99.73123,0,0.16487,0,0,0,0,0,0,0,0,0,0,0,0,0,0,0,0,0,0,0,0,0,0,0.1039,0,0,0,0,0,0,0,0,0,0,0,0
GF3_C3_day32,95.36206,0,1.39361,0,0,0,0,1.33902,0,0,0,0,0,0,0,0,0,0,0,0,0,0,0,0,0,1.2627,0,0,0,0,0,0,0,0,0,0,0,0
GF3_C3_day34,0,0,82.25587,0,0,0,0,0,0,0,0,0,0,0,0,0,0,0,0,0,0,0,0,0,0,17.28893,0,0,0,0,0,0,0,0,0,0,0,0
GF3_C3_day35,0,0,55.15871,0,0,0,0,0,0,0,0,0,0,0,0,0,0,0,0,0,0,0,0,0,0,8.25133,0,0,0,0,0,0,0,0,0,36.58997,0,0
GF3_C3_day39,13.49271,0,0.36917,0,0,0,0,43.58694,0,0,0,0,0,0,0,0,0,0,0,0,0,0,0,0,0,10.87839,0,0,0,0,0,0,0,0,0,12.70764,14.29072,0
GF3_C3_day40,9.89422,0,0.17398,0,0,0,0,40.11553,0,0,0,0,0,0,0,0,0,0,0,0,0,0,0,0,0,21.85168,0,0,0,0,0,0,0,0,0,12.09237,11.31287,0
GF3_C3_day41,7.06004,0,0.77467,0,0,0,0,40.66318,0,0,0,0,0,0,0,0,0,0,0,0,0,0,0,0,0,23.52847,0,0,0,0,0,0,0,0,0,14.62183,8.78442,0
GF3_C3_day42,6.81089,0,1.87056,0,0,0,0,34.03163,0,0,0,0,0,0,0,0,0,0,0,0,0,0,0,0,0,28.98471,0,0,0,0,0,0,0,0,0,17.8945,9.94596,0
GF3_C3_day45,2.1221,0,1.34074,0,0,0,0,33.99364,0,0,0,0,0,0,0,0,0,0,0,0,0,0,0,0,0,29.39704,0,0,0,0,0,0,0,0,0,24.06839,7.06969,0
GF3_C4_day30,100,0,0,0,0,0,0,0,0,0,0,0,0,0,0,0,0,0,0,0,0,0,0,0,0,0,0,0,0,0,0,0,0,0,0,0,0,0
GF3_C4_day32,87.66944,0,6.37454,0,0,0,0,2.67294,0,0,0,0,0,0,0,0,0,0,0,0,0,0,0,0,0,2.41722,0,0,0,0,0,0,0,0,0,0,0,0
GF3_C4_day34,0,0,100,0,0,0,0,0,0,0,0,0,0,0,0,0,0,0,0,0,0,0,0,0,0,0,0,0,0,0,0,0,0,0,0,0,0,0
GF3_C4_day38,6.85783,0,0.59111,0,0,0,0,43.37856,0,0,0,0,0,0,0,0,0,0,0,0,0,0,0,0,0,28.42703,0,0,0,0,0,0,0,0,0,10.26008,4.03835,0
GF3_C4_day39,5.93067,0,0.98076,0,0,0,0,45.66349,0,0,0,0,0,0,0,0,0,0,0,0,0,0,0,0,0,16.77408,0,0,0,0,0,0,0,0,0,14.3384,12.34238,0
GF3_C4_day40,5.69523,0,0.30588,0,0,0,0,40.20915,0,0,0,0,0,0,0,0,0,0,0,0,0,0,0,0,0,28.54303,0,0,0,0,0,0,0,0,0,14.27993,6.82868,0
GF3_C4_day41,3.48251,0,1.01458,0,0,0,0,39.62631,0,0,0,0,0,0,0,0,0,0,0,0,0,0,0,0,0,26.63138,0,0,0,0,0,0,0,0,0,19.97766,5.27855,0
GF3_C4_day42,3.5923,0,1.35147,0,0,0,0,38.10706,0,0,0,0,0,0,0,0,0,0,0,0,0,0,0,0,0,28.40479,0,0,0,0,0,0,0,0,0,18.19972,5.20521,0
GF3_C4_day45,1.13618,0,1.68139,0,0,0,0,40.45095,0,0,0,0,0,0,0,0,0,0,0,0,0,0,0,0,0,22.94649,0,0,0,0,0,0,0,0,0,21.96734,9.2229,0
GF3_C5_day30,94.58755,0,2.25387,0,0,0,0,0,0,0,0,0,0,0,0,0,0,0,0,0,0,0,0,0,0,3.15858,0,0,0,0,0,0,0,0,0,0,0,0
GF3_C5_day39,11.13519,0,1.53656,0,0,0,0,41.1192,0,0,0,0,0,0,0,0,0,0,0,0,0,0,0,0,0,33.56195,0,0,0,0,0,0,0,0,0,4.5147,5.37353,0
GF3_C5_day41,6.63572,0,2.22002,0,0,0,0,29.37198,0,0,0,0,0,0,0,0,0,0,0,0,0,0,0,0,0,45.28798,0,0,0,0,0,0,0,0,0,12.4299,3.37468,0
GF3_C5_day42,4.38891,0,3.71795,0,0,0,0,36.00005,0,0,0,0,0,0,0,0,0,0,0,0,0,0,0,0,0,29.89556,0,0,0,0,0,0,0,0,0,19.65203,4.60825,0
GF3_C5_day45,1.21989,0,2.8576,0,0,0,0,26.60788,0,0,0,0,0,0,0,0,0,0,0,0,0,0,0,0,0,40.90052,0,0,0,0,0,0,0,0,0,20.50388,5.85159,0
GF3_C6_day30,75.25653,0,19.60901,0,0,0,0,0.22164,0,0,0,0,0,0,0,0,0,0,0,0,0,0,0,0,0,4.33232,0,0,0,0,0,0,0,0,0,0,0,0
GF3_C6_day35,0,0,88.71523,0,0,0,0,0,0,0,0,0,0,0,0,0,0,0,0,0,0,0,0,0,0,0.16246,0,0,0,0,0,0,0,0,0,11.12231,0,0
GF3_C6_day38,4.78681,0,0.46253,0,0,0,0,29.97002,0,0,0,0,0,0,0,0,0,0,0,0,0,0,0,0,0,48.37412,0,0,0,0,0,0,0,0,0,7.68245,5.16852,0
GF3_C6_day39,5.90811,0,0.51888,0,0,0,0,32.66075,0,0,0,0,0,0,0,0,0,0,0,0,0,0,0,0,0,44.43589,0,0,0,0,0,0,0,0,0,10.2716,2.71383,0
GF3_C6_day41,2.41266,0,0.26105,0,0,0,0,43.4425,0,0,0,0,0,0,0,0,0,0,0,0,0,0,0,0,0,21.79006,0,0,0,0,0,0,0,0,0,19.14309,8.24479,0
GF3_C6_day42,1.6271,0,1.38168,0,0,0,0,34.2663,0,0,0,0,0,0,0,0,0,0,0,0,0,0,0,0,0,32.355,0,0,0,0,0,0,0,0,0,22.44935,6.07394,0
GF3_C6_day45,1.39058,0,2.37734,0,0,0,0,38.73427,0,0,0,0,0,0,0,0,0,0,0,0,0,0,0,0,0,35.38959,0,0,0,0,0,0,0,0,0,16.4336,3.79252,0
GF3_C7_day40,7.42222,0,0.19928,0,0,0,0,44.67284,0,0,0,0,0,0,0,0,0,0,0,0,0,0,0,0,0,18.54645,0,0,0,0,0,0,0,0,0,21.64269,1.60649,0
GF3_C7_day41,4.64773,0,0.35158,0,0,0,0,41.6779,0,0,0,0,0,0,0,0,0,0,0,0,0,0,0,0,0,25.17665,0,0,0,0,0,0,0,0,0,19.06395,4.2647,0
GF3_C7_day42,3.41051,0,0.92,0,0,0,0,36.75356,0,0,0,0,0,0,0.09115,0,0,0,0,0,0,0,0,0,0,34.07373,0,0,0,0,0,0,0,0,0,19.2452,2.81715,0
GF3_C7_day45,0.5119,0,1.26706,0,0,0,0,41.62083,0,0,0,0,0,0,0,0,0,0,0,0,0,0,0,0,0,31.3157,0,0,0,0,0,0,0,0,0,17.19112,5.16265,0
GF3_C8_day30,100,0,0,0,0,0,0,0,0,0,0,0,0,0,0,0,0,0,0,0,0,0,0,0,0,0,0,0,0,0,0,0,0,0,0,0,0,0
GF3_C8_day32,90.18561,0,5.86759,0,0,0,0,2.24394,0,0,0,0,0,0,0,0,0,0,0,0,0,0,0,0,0,0.95603,0,0,0,0,0,0,0,0,0,0,0,0
GF3_C8_day34,70.97168,0,29.02832,0,0,0,0,0,0,0,0,0,0,0,0,0,0,0,0,0,0,0,0,0,0,0,0,0,0,0,0,0,0,0,0,0,0,0
GF3_C8_day39,7.973,0,0.98083,0,0,0,0,42.53525,0,0,0,0,0,0,0,0,0,0,0,0,0,0,0,0,0,7.02985,0,0,0,0,0,0,0,0,0,20.7368,14.73558,0
GF3_C8_day40,8.23539,0,0.72024,0,0,0,0,43.87574,0,0,0,0,0,0,0,0,0,0,0,0,0,0,0,0,0,22.29444,0,0,0,0,0,0,0,0,0,11.71153,6.38657,0
GF3_C8_day41,4.96496,0,1.05785,0,0,0,0,42.21735,0,0,0,0,0,0,0,0,0,0,0,0,0,0,0,0,0,30.87423,0,0,0,0,0,0,0,0,0,9.85247,4.72232,0
GF3_C8_day42,2.35367,0,2.18018,0,0,0,0,36.70665,0,0,0,0,0,0,0,0,0,0,0,0,0,0,0,0,0,32.88972,0,0,0,0,0,0,0,0,0,14.94426,5.68786,0
GF3_C8_day45,2.15324,0,1.6884,0,0,0,0,32.48331,0,0,0,0,0,0,0,0,0,0,0,0,0,0,0,0,0,40.44039,0,0,0,0,0,0,0,0,0,20.30229,1.58931,0
GF3_C9_day30,96.44655,0,1.94096,0,0,0,0,0.06812,0,0,0,0,0,0,0,0,0,0,0,0,0,0,0,0,0,1.19855,0,0,0,0,0,0,0,0,0,0,0,0
GF3_C9_day32,95.04255,0,2.10071,0,0,0,0,1.98894,0,0,0,0,0,0,0,0,0,0,0,0,0,0,0,0,0,0.86781,0,0,0,0,0,0,0,0,0,0,0,0
GF3_C9_day34,0,0,79.76952,0,0,0,0,0,0,0,0,0,0,0,0,0,0,0,0,0,0,0,0,0,0,20.23048,0,0,0,0,0,0,0,0,0,0,0,0
GF3_C9_day38,12.38785,0,0.58936,0,0,0,0,42.26104,0,0,0,0,0,0,0,0,0,0,0,0,0,0,0,0,0,8.03847,0,0,0,0,0,0,0,0,0,17.94065,13.68816,0
GF3_C9_day39,6.54455,0,0.58167,0,0,0,0,35.78133,0,0,0,0,0,0,0,0,0,0,0,0,0,0,0,0,0,30.99721,0,0,0,0,0,0,0,0,0,17.77793,3.6253,0
GF3_C9_day40,5.21485,0,0.5047,0,0,0,0,37.23891,0,0,0,0,0,0,0,0,0,0,0,0,0,0,0,0,0,35.65765,0,0,0,0,0,0,0,0,0,14.81754,4.61695,0
GF3_C9_day41,3.71448,0,0.71142,0,0,0,0,40.98997,0,0,0,0,0,0,0,0,0,0,0,0,0,0,0,0,0,27.49254,0,0,0,0,0,0,0,0,0,15.43132,6.24947,0
GF3_C9_day42,2.40735,0,1.42933,0,0,0,0,29.53358,0,0,0,0,0,0,0,0,0,0,0,0,0,0,0,0,0,45.77508,0,0,0,0,0,0,0,0,0,15.79704,3.74074,0
GF3_C9_day45,2.74005,0,2.30039,0,0,0,0,37.2474,0,0,0,0,0,0,0,0,0,0,0,0,0,0,0,0,0,37.20927,0,0,0,0,0,0,0,0,0,17.2494,0.65857,0
GF3_inoc,1.28671,0,2.30571,0,0,0,0,20.51122,0,0,2.7798,0,3.06155,0,1.07537,0,0,0,0,0,0,0,0,0,0,20.30401,0,0,0,0,0,0,0,0,0,36.22893,10.91776,0