Sample,Klebsiella,Achromobacter,Escherichia,Enterococcus,Pedobacter,Delftia,Paenibacillus,Acinetobacter,Clostridium,Erysipelatoclostridium,Clostridioides,Veillonella,Proteus,Citrobacter,Peptoniphilus,Campylobacter,Varibaculum,Finegoldia,Gemella,Bacteroides,Akkermansia,Lactobacillus,Blautia,Lachnoclostridium,Parasutterella,Proteobacteria_unclassified,Turicimonas,Streptococcus,Staphylococcus,Sphingomonas,Anaerococcus,Bifidobacterium,Morganella,Negativicoccus,Actinomyces,Corynebacterium,Dermabacter,Aeriscardovia,Mycobacteroides,Lachnospiraceae_unclassified,Acutalibacter,Anaerotruncus,Dorea,Enterorhabdus,Oscillibacter,Pseudomonas,Ruthenibacterium,Enterobacter,Cutibacterium,Serratia,Leclercia,Dysgonomonas,Collinsella,Gleimia,Fusobacterium,GGB9832
40_1_1_Stool,100,0,0,0,0,0,0,0,0,0,0,0,0,0,0,0,0,0,0,0,0,0,0,0,0,0,0,0,0,0,0,0,0,0,0,0,0,0,0,0,0,0,0,0,0,0,0,0,0,0,0,0,0,0,0,0
40_1_2_ColonWash,0,100,0,0,0,0,0,0,0,0,0,0,0,0,0,0,0,0,0,0,0,0,0,0,0,0,0,0,0,0,0,0,0,0,0,0,0,0,0,0,0,0,0,0,0,0,0,0,0,0,0,0,0,0,0,0
40_1_2_Stool,27.65293,0.29127,71.48338,0.57241,0,0,0,0,0,0,0,0,0,0,0,0,0,0,0,0,0,0,0,0,0,0,0,0,0,0,0,0,0,0,0,0,0,0,0,0,0,0,0,0,0,0,0,0,0,0,0,0,0,0,0,0
40_10_2_ColonWash,0,100,0,0,0,0,0,0,0,0,0,0,0,0,0,0,0,0,0,0,0,0,0,0,0,0,0,0,0,0,0,0,0,0,0,0,0,0,0,0,0,0,0,0,0,0,0,0,0,0,0,0,0,0,0,0
40_11_2_ColonWash,0,100,0,0,0,0,0,0,0,0,0,0,0,0,0,0,0,0,0,0,0,0,0,0,0,0,0,0,0,0,0,0,0,0,0,0,0,0,0,0,0,0,0,0,0,0,0,0,0,0,0,0,0,0,0,0
40_12_2_ColonWash,0,91.11163,0,0,8.88837,0,0,0,0,0,0,0,0,0,0,0,0,0,0,0,0,0,0,0,0,0,0,0,0,0,0,0,0,0,0,0,0,0,0,0,0,0,0,0,0,0,0,0,0,0,0,0,0,0,0,0
40_13_2_ColonWash,0,100,0,0,0,0,0,0,0,0,0,0,0,0,0,0,0,0,0,0,0,0,0,0,0,0,0,0,0,0,0,0,0,0,0,0,0,0,0,0,0,0,0,0,0,0,0,0,0,0,0,0,0,0,0,0
40_2_1_Stool,100,0,0,0,0,0,0,0,0,0,0,0,0,0,0,0,0,0,0,0,0,0,0,0,0,0,0,0,0,0,0,0,0,0,0,0,0,0,0,0,0,0,0,0,0,0,0,0,0,0,0,0,0,0,0,0
40_2_2_ColonWash,0,100,0,0,0,0,0,0,0,0,0,0,0,0,0,0,0,0,0,0,0,0,0,0,0,0,0,0,0,0,0,0,0,0,0,0,0,0,0,0,0,0,0,0,0,0,0,0,0,0,0,0,0,0,0,0
40_2_2_Stool,47.03727,0,52.72564,0.23709,0,0,0,0,0,0,0,0,0,0,0,0,0,0,0,0,0,0,0,0,0,0,0,0,0,0,0,0,0,0,0,0,0,0,0,0,0,0,0,0,0,0,0,0,0,0,0,0,0,0,0,0
40_3_1_CME,0,100,0,0,0,0,0,0,0,0,0,0,0,0,0,0,0,0,0,0,0,0,0,0,0,0,0,0,0,0,0,0,0,0,0,0,0,0,0,0,0,0,0,0,0,0,0,0,0,0,0,0,0,0,0,0
40_3_1_ColonWash,0,100,0,0,0,0,0,0,0,0,0,0,0,0,0,0,0,0,0,0,0,0,0,0,0,0,0,0,0,0,0,0,0,0,0,0,0,0,0,0,0,0,0,0,0,0,0,0,0,0,0,0,0,0,0,0
40_3_1_Stool,99.70108,0.29892,0,0,0,0,0,0,0,0,0,0,0,0,0,0,0,0,0,0,0,0,0,0,0,0,0,0,0,0,0,0,0,0,0,0,0,0,0,0,0,0,0,0,0,0,0,0,0,0,0,0,0,0,0,0
40_3_2_ColonWash,0,100,0,0,0,0,0,0,0,0,0,0,0,0,0,0,0,0,0,0,0,0,0,0,0,0,0,0,0,0,0,0,0,0,0,0,0,0,0,0,0,0,0,0,0,0,0,0,0,0,0,0,0,0,0,0
40_4_1_ColonWash,0,100,0,0,0,0,0,0,0,0,0,0,0,0,0,0,0,0,0,0,0,0,0,0,0,0,0,0,0,0,0,0,0,0,0,0,0,0,0,0,0,0,0,0,0,0,0,0,0,0,0,0,0,0,0,0
40_4_1_Stool,99.02212,0.97788,0,0,0,0,0,0,0,0,0,0,0,0,0,0,0,0,0,0,0,0,0,0,0,0,0,0,0,0,0,0,0,0,0,0,0,0,0,0,0,0,0,0,0,0,0,0,0,0,0,0,0,0,0,0
40_5_1_CME,0,100,0,0,0,0,0,0,0,0,0,0,0,0,0,0,0,0,0,0,0,0,0,0,0,0,0,0,0,0,0,0,0,0,0,0,0,0,0,0,0,0,0,0,0,0,0,0,0,0,0,0,0,0,0,0
40_5_1_ColonWash,0,100,0,0,0,0,0,0,0,0,0,0,0,0,0,0,0,0,0,0,0,0,0,0,0,0,0,0,0,0,0,0,0,0,0,0,0,0,0,0,0,0,0,0,0,0,0,0,0,0,0,0,0,0,0,0
40_5_1_Stool,100,0,0,0,0,0,0,0,0,0,0,0,0,0,0,0,0,0,0,0,0,0,0,0,0,0,0,0,0,0,0,0,0,0,0,0,0,0,0,0,0,0,0,0,0,0,0,0,0,0,0,0,0,0,0,0
40_5_2_CME,0,100,0,0,0,0,0,0,0,0,0,0,0,0,0,0,0,0,0,0,0,0,0,0,0,0,0,0,0,0,0,0,0,0,0,0,0,0,0,0,0,0,0,0,0,0,0,0,0,0,0,0,0,0,0,0
40_5_2_ColonWash,0,100,0,0,0,0,0,0,0,0,0,0,0,0,0,0,0,0,0,0,0,0,0,0,0,0,0,0,0,0,0,0,0,0,0,0,0,0,0,0,0,0,0,0,0,0,0,0,0,0,0,0,0,0,0,0
40_6_1_CME,76.68186,16.38603,6.93211,0,0,0,0,0,0,0,0,0,0,0,0,0,0,0,0,0,0,0,0,0,0,0,0,0,0,0,0,0,0,0,0,0,0,0,0,0,0,0,0,0,0,0,0,0,0,0,0,0,0,0,0,0
40_6_1_ColonWash,86.02383,7.92295,6.05322,0,0,0,0,0,0,0,0,0,0,0,0,0,0,0,0,0,0,0,0,0,0,0,0,0,0,0,0,0,0,0,0,0,0,0,0,0,0,0,0,0,0,0,0,0,0,0,0,0,0,0,0,0
40_6_1_Stool,99.52041,0.47959,0,0,0,0,0,0,0,0,0,0,0,0,0,0,0,0,0,0,0,0,0,0,0,0,0,0,0,0,0,0,0,0,0,0,0,0,0,0,0,0,0,0,0,0,0,0,0,0,0,0,0,0,0,0
40_6_2_ColonWash,0,100,0,0,0,0,0,0,0,0,0,0,0,0,0,0,0,0,0,0,0,0,0,0,0,0,0,0,0,0,0,0,0,0,0,0,0,0,0,0,0,0,0,0,0,0,0,0,0,0,0,0,0,0,0,0
40_7_1_Stool,98.82517,1.16448,0,0,0,0.01035,0,0,0,0,0,0,0,0,0,0,0,0,0,0,0,0,0,0,0,0,0,0,0,0,0,0,0,0,0,0,0,0,0,0,0,0,0,0,0,0,0,0,0,0,0,0,0,0,0,0
40_7_2_ColonWash,0,100,0,0,0,0,0,0,0,0,0,0,0,0,0,0,0,0,0,0,0,0,0,0,0,0,0,0,0,0,0,0,0,0,0,0,0,0,0,0,0,0,0,0,0,0,0,0,0,0,0,0,0,0,0,0
40_8_1_Stool,99.96307,0.03693,0,0,0,0,0,0,0,0,0,0,0,0,0,0,0,0,0,0,0,0,0,0,0,0,0,0,0,0,0,0,0,0,0,0,0,0,0,0,0,0,0,0,0,0,0,0,0,0,0,0,0,0,0,0
40_8_2_Stool,39.47968,0,60.45443,0.06589,0,0,0,0,0,0,0,0,0,0,0,0,0,0,0,0,0,0,0,0,0,0,0,0,0,0,0,0,0,0,0,0,0,0,0,0,0,0,0,0,0,0,0,0,0,0,0,0,0,0,0,0
40_9_2_ColonWash,0,100,0,0,0,0,0,0,0,0,0,0,0,0,0,0,0,0,0,0,0,0,0,0,0,0,0,0,0,0,0,0,0,0,0,0,0,0,0,0,0,0,0,0,0,0,0,0,0,0,0,0,0,0,0,0
40_9_2_Stool,33.9902,0.61923,65.13288,0.25769,0,0,0,0,0,0,0,0,0,0,0,0,0,0,0,0,0,0,0,0,0,0,0,0,0,0,0,0,0,0,0,0,0,0,0,0,0,0,0,0,0,0,0,0,0,0,0,0,0,0,0,0
41_1_1_Stool,75.13167,0,24.40282,0.46551,0,0,0,0,0,0,0,0,0,0,0,0,0,0,0,0,0,0,0,0,0,0,0,0,0,0,0,0,0,0,0,0,0,0,0,0,0,0,0,0,0,0,0,0,0,0,0,0,0,0,0,0
41_2_1_Stool,0,0,98.55066,1.44934,0,0,0,0,0,0,0,0,0,0,0,0,0,0,0,0,0,0,0,0,0,0,0,0,0,0,0,0,0,0,0,0,0,0,0,0,0,0,0,0,0,0,0,0,0,0,0,0,0,0,0,0
41_3_1_ColonWash,0,100,0,0,0,0,0,0,0,0,0,0,0,0,0,0,0,0,0,0,0,0,0,0,0,0,0,0,0,0,0,0,0,0,0,0,0,0,0,0,0,0,0,0,0,0,0,0,0,0,0,0,0,0,0,0
41_3_1_Stool,0,0.18125,99.11183,0.70692,0,0,0,0,0,0,0,0,0,0,0,0,0,0,0,0,0,0,0,0,0,0,0,0,0,0,0,0,0,0,0,0,0,0,0,0,0,0,0,0,0,0,0,0,0,0,0,0,0,0,0,0
41_4_1_CME,0,94.21269,0,0,2.31632,3.47099,0,0,0,0,0,0,0,0,0,0,0,0,0,0,0,0,0,0,0,0,0,0,0,0,0,0,0,0,0,0,0,0,0,0,0,0,0,0,0,0,0,0,0,0,0,0,0,0,0,0
41_4_1_ColonWash,0,100,0,0,0,0,0,0,0,0,0,0,0,0,0,0,0,0,0,0,0,0,0,0,0,0,0,0,0,0,0,0,0,0,0,0,0,0,0,0,0,0,0,0,0,0,0,0,0,0,0,0,0,0,0,0
41_4_1_Stool,0,0.93292,97.51322,1.55385,0,0,0,0,0,0,0,0,0,0,0,0,0,0,0,0,0,0,0,0,0,0,0,0,0,0,0,0,0,0,0,0,0,0,0,0,0,0,0,0,0,0,0,0,0,0,0,0,0,0,0,0
41_5_1_ColonWash_250uL,0,100,0,0,0,0,0,0,0,0,0,0,0,0,0,0,0,0,0,0,0,0,0,0,0,0,0,0,0,0,0,0,0,0,0,0,0,0,0,0,0,0,0,0,0,0,0,0,0,0,0,0,0,0,0,0
41_5_1_ColonWash_750uL,0,100,0,0,0,0,0,0,0,0,0,0,0,0,0,0,0,0,0,0,0,0,0,0,0,0,0,0,0,0,0,0,0,0,0,0,0,0,0,0,0,0,0,0,0,0,0,0,0,0,0,0,0,0,0,0
41_5_1_Stool,0,0,98.86983,1.13017,0,0,0,0,0,0,0,0,0,0,0,0,0,0,0,0,0,0,0,0,0,0,0,0,0,0,0,0,0,0,0,0,0,0,0,0,0,0,0,0,0,0,0,0,0,0,0,0,0,0,0,0
41_6_1_ColonWash_250uL,0,100,0,0,0,0,0,0,0,0,0,0,0,0,0,0,0,0,0,0,0,0,0,0,0,0,0,0,0,0,0,0,0,0,0,0,0,0,0,0,0,0,0,0,0,0,0,0,0,0,0,0,0,0,0,0
41_6_1_ColonWash_750uL,0,100,0,0,0,0,0,0,0,0,0,0,0,0,0,0,0,0,0,0,0,0,0,0,0,0,0,0,0,0,0,0,0,0,0,0,0,0,0,0,0,0,0,0,0,0,0,0,0,0,0,0,0,0,0,0
41_6_1_Stool,0,0.14382,99.1327,0.72348,0,0,0,0,0,0,0,0,0,0,0,0,0,0,0,0,0,0,0,0,0,0,0,0,0,0,0,0,0,0,0,0,0,0,0,0,0,0,0,0,0,0,0,0,0,0,0,0,0,0,0,0
41_7_1_Stool,0,0,98.27821,1.72179,0,0,0,0,0,0,0,0,0,0,0,0,0,0,0,0,0,0,0,0,0,0,0,0,0,0,0,0,0,0,0,0,0,0,0,0,0,0,0,0,0,0,0,0,0,0,0,0,0,0,0,0
41_8_1_Stool,0.57561,1.54628,95.69059,2.18752,0,0,0,0,0,0,0,0,0,0,0,0,0,0,0,0,0,0,0,0,0,0,0,0,0,0,0,0,0,0,0,0,0,0,0,0,0,0,0,0,0,0,0,0,0,0,0,0,0,0,0,0
42_1_1_Cwash,0,0,0,100,0,0,0,0,0,0,0,0,0,0,0,0,0,0,0,0,0,0,0,0,0,0,0,0,0,0,0,0,0,0,0,0,0,0,0,0,0,0,0,0,0,0,0,0,0,0,0,0,0,0,0,0
42_1_1_Stool,94.7192,0,3.98204,1.29875,0,0,0,0,0,0,0,0,0,0,0,0,0,0,0,0,0,0,0,0,0,0,0,0,0,0,0,0,0,0,0,0,0,0,0,0,0,0,0,0,0,0,0,0,0,0,0,0,0,0,0,0
42_1_2_Stool,47.16329,0,52.58707,0.24964,0,0,0,0,0,0,0,0,0,0,0,0,0,0,0,0,0,0,0,0,0,0,0,0,0,0,0,0,0,0,0,0,0,0,0,0,0,0,0,0,0,0,0,0,0,0,0,0,0,0,0,0
42_10_2_Stool,42.1234,0.03554,57.25192,0.58914,0,0,0,0,0,0,0,0,0,0,0,0,0,0,0,0,0,0,0,0,0,0,0,0,0,0,0,0,0,0,0,0,0,0,0,0,0,0,0,0,0,0,0,0,0,0,0,0,0,0,0,0
42_11_2_Stool,16.56872,0,82.66669,0.76459,0,0,0,0,0,0,0,0,0,0,0,0,0,0,0,0,0,0,0,0,0,0,0,0,0,0,0,0,0,0,0,0,0,0,0,0,0,0,0,0,0,0,0,0,0,0,0,0,0,0,0,0
42_12_2_Stool,19.25059,0,80.38033,0.36909,0,0,0,0,0,0,0,0,0,0,0,0,0,0,0,0,0,0,0,0,0,0,0,0,0,0,0,0,0,0,0,0,0,0,0,0,0,0,0,0,0,0,0,0,0,0,0,0,0,0,0,0
42_2_1_Cwash,31.90037,0,0,68.09963,0,0,0,0,0,0,0,0,0,0,0,0,0,0,0,0,0,0,0,0,0,0,0,0,0,0,0,0,0,0,0,0,0,0,0,0,0,0,0,0,0,0,0,0,0,0,0,0,0,0,0,0
42_2_1_Stool,92.03367,0,7.15013,0.8162,0,0,0,0,0,0,0,0,0,0,0,0,0,0,0,0,0,0,0,0,0,0,0,0,0,0,0,0,0,0,0,0,0,0,0,0,0,0,0,0,0,0,0,0,0,0,0,0,0,0,0,0
42_2_2_Stool,17.31422,0,81.98261,0.70317,0,0,0,0,0,0,0,0,0,0,0,0,0,0,0,0,0,0,0,0,0,0,0,0,0,0,0,0,0,0,0,0,0,0,0,0,0,0,0,0,0,0,0,0,0,0,0,0,0,0,0,0
42_3_1_ColonWash,0,100,0,0,0,0,0,0,0,0,0,0,0,0,0,0,0,0,0,0,0,0,0,0,0,0,0,0,0,0,0,0,0,0,0,0,0,0,0,0,0,0,0,0,0,0,0,0,0,0,0,0,0,0,0,0
42_3_1_Stool,98.46362,0.2462,0,1.29019,0,0,0,0,0,0,0,0,0,0,0,0,0,0,0,0,0,0,0,0,0,0,0,0,0,0,0,0,0,0,0,0,0,0,0,0,0,0,0,0,0,0,0,0,0,0,0,0,0,0,0,0
42_3_2_Stool,21.2761,0,78.3619,0.362,0,0,0,0,0,0,0,0,0,0,0,0,0,0,0,0,0,0,0,0,0,0,0,0,0,0,0,0,0,0,0,0,0,0,0,0,0,0,0,0,0,0,0,0,0,0,0,0,0,0,0,0
42_4_1_Stool,75.53698,0.37553,24.08031,0.00718,0,0,0,0,0,0,0,0,0,0,0,0,0,0,0,0,0,0,0,0,0,0,0,0,0,0,0,0,0,0,0,0,0,0,0,0,0,0,0,0,0,0,0,0,0,0,0,0,0,0,0,0
42_4_2_Stool,14.44046,0,85.30878,0.25076,0,0,0,0,0,0,0,0,0,0,0,0,0,0,0,0,0,0,0,0,0,0,0,0,0,0,0,0,0,0,0,0,0,0,0,0,0,0,0,0,0,0,0,0,0,0,0,0,0,0,0,0
42_5_1_Stool,98.26666,0.10402,0.80674,0.82259,0,0,0,0,0,0,0,0,0,0,0,0,0,0,0,0,0,0,0,0,0,0,0,0,0,0,0,0,0,0,0,0,0,0,0,0,0,0,0,0,0,0,0,0,0,0,0,0,0,0,0,0
42_5_2_Stool,14.03782,0.47033,85.42312,0.06873,0,0,0,0,0,0,0,0,0,0,0,0,0,0,0,0,0,0,0,0,0,0,0,0,0,0,0,0,0,0,0,0,0,0,0,0,0,0,0,0,0,0,0,0,0,0,0,0,0,0,0,0
42_6_1_Stool,96.08724,0.51862,2.23664,1.1575,0,0,0,0,0,0,0,0,0,0,0,0,0,0,0,0,0,0,0,0,0,0,0,0,0,0,0,0,0,0,0,0,0,0,0,0,0,0,0,0,0,0,0,0,0,0,0,0,0,0,0,0
42_6_2_Stool,10.71827,0,88.82889,0.45284,0,0,0,0,0,0,0,0,0,0,0,0,0,0,0,0,0,0,0,0,0,0,0,0,0,0,0,0,0,0,0,0,0,0,0,0,0,0,0,0,0,0,0,0,0,0,0,0,0,0,0,0
42_7_1_Stool,91.41858,0.77919,7.52407,0.25846,0,0.01971,0,0,0,0,0,0,0,0,0,0,0,0,0,0,0,0,0,0,0,0,0,0,0,0,0,0,0,0,0,0,0,0,0,0,0,0,0,0,0,0,0,0,0,0,0,0,0,0,0,0
42_7_2_Stool,24.06753,0,75.22253,0.70994,0,0,0,0,0,0,0,0,0,0,0,0,0,0,0,0,0,0,0,0,0,0,0,0,0,0,0,0,0,0,0,0,0,0,0,0,0,0,0,0,0,0,0,0,0,0,0,0,0,0,0,0
42_8_1_Stool,98.49675,0,0.67893,0.82431,0,0,0,0,0,0,0,0,0,0,0,0,0,0,0,0,0,0,0,0,0,0,0,0,0,0,0,0,0,0,0,0,0,0,0,0,0,0,0,0,0,0,0,0,0,0,0,0,0,0,0,0
42_8_2_Stool,17.80687,0,80.92848,1.26465,0,0,0,0,0,0,0,0,0,0,0,0,0,0,0,0,0,0,0,0,0,0,0,0,0,0,0,0,0,0,0,0,0,0,0,0,0,0,0,0,0,0,0,0,0,0,0,0,0,0,0,0
42_9_2_Stool,24.54005,0,74.0987,1.36124,0,0,0,0,0,0,0,0,0,0,0,0,0,0,0,0,0,0,0,0,0,0,0,0,0,0,0,0,0,0,0,0,0,0,0,0,0,0,0,0,0,0,0,0,0,0,0,0,0,0,0,0
4A_NP_Stool,48.63763,0,11.04331,40.31905,0,0,0,0,0,0,0,0,0,0,0,0,0,0,0,0,0,0,0,0,0,0,0,0,0,0,0,0,0,0,0,0,0,0,0,0,0,0,0,0,0,0,0,0,0,0,0,0,0,0,0,0
4A_RP_Stool,52.98867,0,9.97747,37.03386,0,0,0,0,0,0,0,0,0,0,0,0,0,0,0,0,0,0,0,0,0,0,0,0,0,0,0,0,0,0,0,0,0,0,0,0,0,0,0,0,0,0,0,0,0,0,0,0,0,0,0,0
4Adam_Stool,39.74828,0,22.19614,38.05558,0,0,0,0,0,0,0,0,0,0,0,0,0,0,0,0,0,0,0,0,0,0,0,0,0,0,0,0,0,0,0,0,0,0,0,0,0,0,0,0,0,0,0,0,0,0,0,0,0,0,0,0
4C_NP_Stool,50.22324,0,10.91965,38.85711,0,0,0,0,0,0,0,0,0,0,0,0,0,0,0,0,0,0,0,0,0,0,0,0,0,0,0,0,0,0,0,0,0,0,0,0,0,0,0,0,0,0,0,0,0,0,0,0,0,0,0,0
4C_RP_Stool,42.76405,0,9.58535,47.65059,0,0,0,0,0,0,0,0,0,0,0,0,0,0,0,0,0,0,0,0,0,0,0,0,0,0,0,0,0,0,0,0,0,0,0,0,0,0,0,0,0,0,0,0,0,0,0,0,0,0,0,0
4Cdam_Stool,28.77917,0,30.76477,40.45606,0,0,0,0,0,0,0,0,0,0,0,0,0,0,0,0,0,0,0,0,0,0,0,0,0,0,0,0,0,0,0,0,0,0,0,0,0,0,0,0,0,0,0,0,0,0,0,0,0,0,0,0
4E_NP_Stool,47.43852,0,10.4773,42.08417,0,0,0,0,0,0,0,0,0,0,0,0,0,0,0,0,0,0,0,0,0,0,0,0,0,0,0,0,0,0,0,0,0,0,0,0,0,0,0,0,0,0,0,0,0,0,0,0,0,0,0,0
4E_RP_Stool,46.34031,0,9.56736,44.09233,0,0,0,0,0,0,0,0,0,0,0,0,0,0,0,0,0,0,0,0,0,0,0,0,0,0,0,0,0,0,0,0,0,0,0,0,0,0,0,0,0,0,0,0,0,0,0,0,0,0,0,0
4Edam_Stool,45.27238,0,25.80697,28.92065,0,0,0,0,0,0,0,0,0,0,0,0,0,0,0,0,0,0,0,0,0,0,0,0,0,0,0,0,0,0,0,0,0,0,0,0,0,0,0,0,0,0,0,0,0,0,0,0,0,0,0,0
5A_NP_Stool,52.89787,0,9.43527,37.66685,0,0,0,0,0,0,0,0,0,0,0,0,0,0,0,0,0,0,0,0,0,0,0,0,0,0,0,0,0,0,0,0,0,0,0,0,0,0,0,0,0,0,0,0,0,0,0,0,0,0,0,0
5A_RP_Stool,45.48907,0,7.55556,46.95537,0,0,0,0,0,0,0,0,0,0,0,0,0,0,0,0,0,0,0,0,0,0,0,0,0,0,0,0,0,0,0,0,0,0,0,0,0,0,0,0,0,0,0,0,0,0,0,0,0,0,0,0
5C_NP_Stool,56.80643,0,11.7204,31.47318,0,0,0,0,0,0,0,0,0,0,0,0,0,0,0,0,0,0,0,0,0,0,0,0,0,0,0,0,0,0,0,0,0,0,0,0,0,0,0,0,0,0,0,0,0,0,0,0,0,0,0,0
5C_RP_Stool,55.7703,0,13.98264,30.24706,0,0,0,0,0,0,0,0,0,0,0,0,0,0,0,0,0,0,0,0,0,0,0,0,0,0,0,0,0,0,0,0,0,0,0,0,0,0,0,0,0,0,0,0,0,0,0,0,0,0,0,0
5Cdam_Stool,42.38366,0,31.3005,26.31584,0,0,0,0,0,0,0,0,0,0,0,0,0,0,0,0,0,0,0,0,0,0,0,0,0,0,0,0,0,0,0,0,0,0,0,0,0,0,0,0,0,0,0,0,0,0,0,0,0,0,0,0
5E_NP_Stool,55.74975,0,18.82728,25.42296,0,0,0,0,0,0,0,0,0,0,0,0,0,0,0,0,0,0,0,0,0,0,0,0,0,0,0,0,0,0,0,0,0,0,0,0,0,0,0,0,0,0,0,0,0,0,0,0,0,0,0,0
5E_RP_Stool,43.61691,0,24.98814,31.39496,0,0,0,0,0,0,0,0,0,0,0,0,0,0,0,0,0,0,0,0,0,0,0,0,0,0,0,0,0,0,0,0,0,0,0,0,0,0,0,0,0,0,0,0,0,0,0,0,0,0,0,0
5Edam_Stool,43.03793,0,34.86092,22.10115,0,0,0,0,0,0,0,0,0,0,0,0,0,0,0,0,0,0,0,0,0,0,0,0,0,0,0,0,0,0,0,0,0,0,0,0,0,0,0,0,0,0,0,0,0,0,0,0,0,0,0,0
6A_NP_Stool,100,0,0,0,0,0,0,0,0,0,0,0,0,0,0,0,0,0,0,0,0,0,0,0,0,0,0,0,0,0,0,0,0,0,0,0,0,0,0,0,0,0,0,0,0,0,0,0,0,0,0,0,0,0,0,0
6A_RP_Stool,100,0,0,0,0,0,0,0,0,0,0,0,0,0,0,0,0,0,0,0,0,0,0,0,0,0,0,0,0,0,0,0,0,0,0,0,0,0,0,0,0,0,0,0,0,0,0,0,0,0,0,0,0,0,0,0
6Adam_Stool,100,0,0,0,0,0,0,0,0,0,0,0,0,0,0,0,0,0,0,0,0,0,0,0,0,0,0,0,0,0,0,0,0,0,0,0,0,0,0,0,0,0,0,0,0,0,0,0,0,0,0,0,0,0,0,0
6C_NP_Stool,100,0,0,0,0,0,0,0,0,0,0,0,0,0,0,0,0,0,0,0,0,0,0,0,0,0,0,0,0,0,0,0,0,0,0,0,0,0,0,0,0,0,0,0,0,0,0,0,0,0,0,0,0,0,0,0
6C_RP_Stool,100,0,0,0,0,0,0,0,0,0,0,0,0,0,0,0,0,0,0,0,0,0,0,0,0,0,0,0,0,0,0,0,0,0,0,0,0,0,0,0,0,0,0,0,0,0,0,0,0,0,0,0,0,0,0,0
6Cdam_Stool,100,0,0,0,0,0,0,0,0,0,0,0,0,0,0,0,0,0,0,0,0,0,0,0,0,0,0,0,0,0,0,0,0,0,0,0,0,0,0,0,0,0,0,0,0,0,0,0,0,0,0,0,0,0,0,0
6E_NP_Stool,0,0,100,0,0,0,0,0,0,0,0,0,0,0,0,0,0,0,0,0,0,0,0,0,0,0,0,0,0,0,0,0,0,0,0,0,0,0,0,0,0,0,0,0,0,0,0,0,0,0,0,0,0,0,0,0
6E_RP_Stool,0,0,100,0,0,0,0,0,0,0,0,0,0,0,0,0,0,0,0,0,0,0,0,0,0,0,0,0,0,0,0,0,0,0,0,0,0,0,0,0,0,0,0,0,0,0,0,0,0,0,0,0,0,0,0,0
7A_NP_Stool,0,0,100,0,0,0,0,0,0,0,0,0,0,0,0,0,0,0,0,0,0,0,0,0,0,0,0,0,0,0,0,0,0,0,0,0,0,0,0,0,0,0,0,0,0,0,0,0,0,0,0,0,0,0,0,0
7A_RP_Stool,0,0,100,0,0,0,0,0,0,0,0,0,0,0,0,0,0,0,0,0,0,0,0,0,0,0,0,0,0,0,0,0,0,0,0,0,0,0,0,0,0,0,0,0,0,0,0,0,0,0,0,0,0,0,0,0
7Bdam_Stool,0,0,100,0,0,0,0,0,0,0,0,0,0,0,0,0,0,0,0,0,0,0,0,0,0,0,0,0,0,0,0,0,0,0,0,0,0,0,0,0,0,0,0,0,0,0,0,0,0,0,0,0,0,0,0,0
7C_NP_Stool,31.78031,0,68.21969,0,0,0,0,0,0,0,0,0,0,0,0,0,0,0,0,0,0,0,0,0,0,0,0,0,0,0,0,0,0,0,0,0,0,0,0,0,0,0,0,0,0,0,0,0,0,0,0,0,0,0,0,0
7C_RP_Stool,40.29293,0,59.70707,0,0,0,0,0,0,0,0,0,0,0,0,0,0,0,0,0,0,0,0,0,0,0,0,0,0,0,0,0,0,0,0,0,0,0,0,0,0,0,0,0,0,0,0,0,0,0,0,0,0,0,0,0
7E_NP_Stool,21.88466,0,78.11534,0,0,0,0,0,0,0,0,0,0,0,0,0,0,0,0,0,0,0,0,0,0,0,0,0,0,0,0,0,0,0,0,0,0,0,0,0,0,0,0,0,0,0,0,0,0,0,0,0,0,0,0,0
7E_RP_Stool,34.78509,0,65.21491,0,0,0,0,0,0,0,0,0,0,0,0,0,0,0,0,0,0,0,0,0,0,0,0,0,0,0,0,0,0,0,0,0,0,0,0,0,0,0,0,0,0,0,0,0,0,0,0,0,0,0,0,0
7Edam_Stool,19.91492,0,79.91917,0,0,0,0.16591,0,0,0,0,0,0,0,0,0,0,0,0,0,0,0,0,0,0,0,0,0,0,0,0,0,0,0,0,0,0,0,0,0,0,0,0,0,0,0,0,0,0,0,0,0,0,0,0,0
85_1_1_Stool,88.23828,0,11.29717,0.46455,0,0,0,0,0,0,0,0,0,0,0,0,0,0,0,0,0,0,0,0,0,0,0,0,0,0,0,0,0,0,0,0,0,0,0,0,0,0,0,0,0,0,0,0,0,0,0,0,0,0,0,0
85_1_2_Stool,100,0,0,0,0,0,0,0,0,0,0,0,0,0,0,0,0,0,0,0,0,0,0,0,0,0,0,0,0,0,0,0,0,0,0,0,0,0,0,0,0,0,0,0,0,0,0,0,0,0,0,0,0,0,0,0
85_2_1_Stool,76.87174,0,22.85697,0.27129,0,0,0,0,0,0,0,0,0,0,0,0,0,0,0,0,0,0,0,0,0,0,0,0,0,0,0,0,0,0,0,0,0,0,0,0,0,0,0,0,0,0,0,0,0,0,0,0,0,0,0,0
85_2_2_Stool,100,0,0,0,0,0,0,0,0,0,0,0,0,0,0,0,0,0,0,0,0,0,0,0,0,0,0,0,0,0,0,0,0,0,0,0,0,0,0,0,0,0,0,0,0,0,0,0,0,0,0,0,0,0,0,0
85_3_1_ColonWash,0,100,0,0,0,0,0,0,0,0,0,0,0,0,0,0,0,0,0,0,0,0,0,0,0,0,0,0,0,0,0,0,0,0,0,0,0,0,0,0,0,0,0,0,0,0,0,0,0,0,0,0,0,0,0,0
85_3_1_Stool,34.17146,0,65.19928,0.62927,0,0,0,0,0,0,0,0,0,0,0,0,0,0,0,0,0,0,0,0,0,0,0,0,0,0,0,0,0,0,0,0,0,0,0,0,0,0,0,0,0,0,0,0,0,0,0,0,0,0,0,0
85_3_2_Stool,100,0,0,0,0,0,0,0,0,0,0,0,0,0,0,0,0,0,0,0,0,0,0,0,0,0,0,0,0,0,0,0,0,0,0,0,0,0,0,0,0,0,0,0,0,0,0,0,0,0,0,0,0,0,0,0
85_4_1_CME,0,97.02845,0,0,0,2.97155,0,0,0,0,0,0,0,0,0,0,0,0,0,0,0,0,0,0,0,0,0,0,0,0,0,0,0,0,0,0,0,0,0,0,0,0,0,0,0,0,0,0,0,0,0,0,0,0,0,0
85_4_1_Stool,87.53277,0,12.14739,0.31984,0,0,0,0,0,0,0,0,0,0,0,0,0,0,0,0,0,0,0,0,0,0,0,0,0,0,0,0,0,0,0,0,0,0,0,0,0,0,0,0,0,0,0,0,0,0,0,0,0,0,0,0
85_4_2_Stool,99.30105,0.63307,0,0,0,0.06588,0,0,0,0,0,0,0,0,0,0,0,0,0,0,0,0,0,0,0,0,0,0,0,0,0,0,0,0,0,0,0,0,0,0,0,0,0,0,0,0,0,0,0,0,0,0,0,0,0,0
85_5_1_ColonWash,0,100,0,0,0,0,0,0,0,0,0,0,0,0,0,0,0,0,0,0,0,0,0,0,0,0,0,0,0,0,0,0,0,0,0,0,0,0,0,0,0,0,0,0,0,0,0,0,0,0,0,0,0,0,0,0
85_5_1_Stool,58.73094,0,41.1621,0.10696,0,0,0,0,0,0,0,0,0,0,0,0,0,0,0,0,0,0,0,0,0,0,0,0,0,0,0,0,0,0,0,0,0,0,0,0,0,0,0,0,0,0,0,0,0,0,0,0,0,0,0,0
85_5_2_Stool,99.87224,0.12776,0,0,0,0,0,0,0,0,0,0,0,0,0,0,0,0,0,0,0,0,0,0,0,0,0,0,0,0,0,0,0,0,0,0,0,0,0,0,0,0,0,0,0,0,0,0,0,0,0,0,0,0,0,0
85_6_1_ColonWash,0,100,0,0,0,0,0,0,0,0,0,0,0,0,0,0,0,0,0,0,0,0,0,0,0,0,0,0,0,0,0,0,0,0,0,0,0,0,0,0,0,0,0,0,0,0,0,0,0,0,0,0,0,0,0,0
85_6_1_Stool,74.83699,1.4242,23.64928,0.08953,0,0,0,0,0,0,0,0,0,0,0,0,0,0,0,0,0,0,0,0,0,0,0,0,0,0,0,0,0,0,0,0,0,0,0,0,0,0,0,0,0,0,0,0,0,0,0,0,0,0,0,0
85_6_2_Stool,100,0,0,0,0,0,0,0,0,0,0,0,0,0,0,0,0,0,0,0,0,0,0,0,0,0,0,0,0,0,0,0,0,0,0,0,0,0,0,0,0,0,0,0,0,0,0,0,0,0,0,0,0,0,0,0
85_7_1_Stool,32.84745,0,66.73999,0.41256,0,0,0,0,0,0,0,0,0,0,0,0,0,0,0,0,0,0,0,0,0,0,0,0,0,0,0,0,0,0,0,0,0,0,0,0,0,0,0,0,0,0,0,0,0,0,0,0,0,0,0,0
85_7_2_ColonWash,0,100,0,0,0,0,0,0,0,0,0,0,0,0,0,0,0,0,0,0,0,0,0,0,0,0,0,0,0,0,0,0,0,0,0,0,0,0,0,0,0,0,0,0,0,0,0,0,0,0,0,0,0,0,0,0
85_7_2_Stool,99.89438,0.10562,0,0,0,0,0,0,0,0,0,0,0,0,0,0,0,0,0,0,0,0,0,0,0,0,0,0,0,0,0,0,0,0,0,0,0,0,0,0,0,0,0,0,0,0,0,0,0,0,0,0,0,0,0,0
85_8_1_Stool,56.672,0.00629,42.78739,0.53432,0,0,0,0,0,0,0,0,0,0,0,0,0,0,0,0,0,0,0,0,0,0,0,0,0,0,0,0,0,0,0,0,0,0,0,0,0,0,0,0,0,0,0,0,0,0,0,0,0,0,0,0
87_1_1_Stool,0,0,100,0,0,0,0,0,0,0,0,0,0,0,0,0,0,0,0,0,0,0,0,0,0,0,0,0,0,0,0,0,0,0,0,0,0,0,0,0,0,0,0,0,0,0,0,0,0,0,0,0,0,0,0,0
87_2_1_Stool,0,0,100,0,0,0,0,0,0,0,0,0,0,0,0,0,0,0,0,0,0,0,0,0,0,0,0,0,0,0,0,0,0,0,0,0,0,0,0,0,0,0,0,0,0,0,0,0,0,0,0,0,0,0,0,0
87_3_1_ColonWash,0,100,0,0,0,0,0,0,0,0,0,0,0,0,0,0,0,0,0,0,0,0,0,0,0,0,0,0,0,0,0,0,0,0,0,0,0,0,0,0,0,0,0,0,0,0,0,0,0,0,0,0,0,0,0,0
87_3_1_Stool,0,0.49265,99.50735,0,0,0,0,0,0,0,0,0,0,0,0,0,0,0,0,0,0,0,0,0,0,0,0,0,0,0,0,0,0,0,0,0,0,0,0,0,0,0,0,0,0,0,0,0,0,0,0,0,0,0,0,0
87_4_1_ColonWash,0,100,0,0,0,0,0,0,0,0,0,0,0,0,0,0,0,0,0,0,0,0,0,0,0,0,0,0,0,0,0,0,0,0,0,0,0,0,0,0,0,0,0,0,0,0,0,0,0,0,0,0,0,0,0,0
87_4_1_Stool,0.15797,0,99.84203,0,0,0,0,0,0,0,0,0,0,0,0,0,0,0,0,0,0,0,0,0,0,0,0,0,0,0,0,0,0,0,0,0,0,0,0,0,0,0,0,0,0,0,0,0,0,0,0,0,0,0,0,0
87_5_1_ColonWash,0,100,0,0,0,0,0,0,0,0,0,0,0,0,0,0,0,0,0,0,0,0,0,0,0,0,0,0,0,0,0,0,0,0,0,0,0,0,0,0,0,0,0,0,0,0,0,0,0,0,0,0,0,0,0,0
87_5_1_Stool,0,0,100,0,0,0,0,0,0,0,0,0,0,0,0,0,0,0,0,0,0,0,0,0,0,0,0,0,0,0,0,0,0,0,0,0,0,0,0,0,0,0,0,0,0,0,0,0,0,0,0,0,0,0,0,0
87_6_1_CME,0,90.30724,0,0,2.20022,7.49254,0,0,0,0,0,0,0,0,0,0,0,0,0,0,0,0,0,0,0,0,0,0,0,0,0,0,0,0,0,0,0,0,0,0,0,0,0,0,0,0,0,0,0,0,0,0,0,0,0,0
87_6_1_ColonWash,0,100,0,0,0,0,0,0,0,0,0,0,0,0,0,0,0,0,0,0,0,0,0,0,0,0,0,0,0,0,0,0,0,0,0,0,0,0,0,0,0,0,0,0,0,0,0,0,0,0,0,0,0,0,0,0
87_6_1_Stool,0,0.17803,99.82197,0,0,0,0,0,0,0,0,0,0,0,0,0,0,0,0,0,0,0,0,0,0,0,0,0,0,0,0,0,0,0,0,0,0,0,0,0,0,0,0,0,0,0,0,0,0,0,0,0,0,0,0,0
87_7_1_Stool,0,0.52123,99.47877,0,0,0,0,0,0,0,0,0,0,0,0,0,0,0,0,0,0,0,0,0,0,0,0,0,0,0,0,0,0,0,0,0,0,0,0,0,0,0,0,0,0,0,0,0,0,0,0,0,0,0,0,0
87_8_1_Stool,0,0.0754,99.9246,0,0,0,0,0,0,0,0,0,0,0,0,0,0,0,0,0,0,0,0,0,0,0,0,0,0,0,0,0,0,0,0,0,0,0,0,0,0,0,0,0,0,0,0,0,0,0,0,0,0,0,0,0
8A_NP_Stool,82.23707,0,17.76293,0,0,0,0,0,0,0,0,0,0,0,0,0,0,0,0,0,0,0,0,0,0,0,0,0,0,0,0,0,0,0,0,0,0,0,0,0,0,0,0,0,0,0,0,0,0,0,0,0,0,0,0,0
8A_RP_Stool,80.61832,0,19.38168,0,0,0,0,0,0,0,0,0,0,0,0,0,0,0,0,0,0,0,0,0,0,0,0,0,0,0,0,0,0,0,0,0,0,0,0,0,0,0,0,0,0,0,0,0,0,0,0,0,0,0,0,0
8C_NP_Stool,83.25046,0,16.74954,0,0,0,0,0,0,0,0,0,0,0,0,0,0,0,0,0,0,0,0,0,0,0,0,0,0,0,0,0,0,0,0,0,0,0,0,0,0,0,0,0,0,0,0,0,0,0,0,0,0,0,0,0
8C_RP_Stool,82.39878,0,17.60122,0,0,0,0,0,0,0,0,0,0,0,0,0,0,0,0,0,0,0,0,0,0,0,0,0,0,0,0,0,0,0,0,0,0,0,0,0,0,0,0,0,0,0,0,0,0,0,0,0,0,0,0,0
8Cdam_Stool,52.19806,0,47.80194,0,0,0,0,0,0,0,0,0,0,0,0,0,0,0,0,0,0,0,0,0,0,0,0,0,0,0,0,0,0,0,0,0,0,0,0,0,0,0,0,0,0,0,0,0,0,0,0,0,0,0,0,0
90_1_0_ColonWash_250uL,11.6878,13.42766,72.479,0,0.64641,1.75913,0,0,0,0,0,0,0,0,0,0,0,0,0,0,0,0,0,0,0,0,0,0,0,0,0,0,0,0,0,0,0,0,0,0,0,0,0,0,0,0,0,0,0,0,0,0,0,0,0,0
90_1_0_ColonWash_750uL,10.6974,4.2242,85.0784,0,0,0,0,0,0,0,0,0,0,0,0,0,0,0,0,0,0,0,0,0,0,0,0,0,0,0,0,0,0,0,0,0,0,0,0,0,0,0,0,0,0,0,0,0,0,0,0,0,0,0,0,0
90_1_1_Cwash,100,0,0,0,0,0,0,0,0,0,0,0,0,0,0,0,0,0,0,0,0,0,0,0,0,0,0,0,0,0,0,0,0,0,0,0,0,0,0,0,0,0,0,0,0,0,0,0,0,0,0,0,0,0,0,0
90_1_1_Stool,23.99929,0,76.00071,0,0,0,0,0,0,0,0,0,0,0,0,0,0,0,0,0,0,0,0,0,0,0,0,0,0,0,0,0,0,0,0,0,0,0,0,0,0,0,0,0,0,0,0,0,0,0,0,0,0,0,0,0
90_1_2_Stool,21.923,0,78.077,0,0,0,0,0,0,0,0,0,0,0,0,0,0,0,0,0,0,0,0,0,0,0,0,0,0,0,0,0,0,0,0,0,0,0,0,0,0,0,0,0,0,0,0,0,0,0,0,0,0,0,0,0
90_2_0_ColonWash_250uL,13.53988,3.09418,83.36594,0,0,0,0,0,0,0,0,0,0,0,0,0,0,0,0,0,0,0,0,0,0,0,0,0,0,0,0,0,0,0,0,0,0,0,0,0,0,0,0,0,0,0,0,0,0,0,0,0,0,0,0,0
90_2_0_ColonWash_750uL,6.17836,22.20108,53.54543,0,0.71677,2.41523,0,14.94313,0,0,0,0,0,0,0,0,0,0,0,0,0,0,0,0,0,0,0,0,0,0,0,0,0,0,0,0,0,0,0,0,0,0,0,0,0,0,0,0,0,0,0,0,0,0,0,0
90_2_1_Stool,24.97357,0,75.02643,0,0,0,0,0,0,0,0,0,0,0,0,0,0,0,0,0,0,0,0,0,0,0,0,0,0,0,0,0,0,0,0,0,0,0,0,0,0,0,0,0,0,0,0,0,0,0,0,0,0,0,0,0
90_2_2_Stool,98.47293,0,1.52707,0,0,0,0,0,0,0,0,0,0,0,0,0,0,0,0,0,0,0,0,0,0,0,0,0,0,0,0,0,0,0,0,0,0,0,0,0,0,0,0,0,0,0,0,0,0,0,0,0,0,0,0,0
90_3_1_CME,89.28807,10.71193,0,0,0,0,0,0,0,0,0,0,0,0,0,0,0,0,0,0,0,0,0,0,0,0,0,0,0,0,0,0,0,0,0,0,0,0,0,0,0,0,0,0,0,0,0,0,0,0,0,0,0,0,0,0
90_3_1_ColonWash_250uL,98.25202,1.74798,0,0,0,0,0,0,0,0,0,0,0,0,0,0,0,0,0,0,0,0,0,0,0,0,0,0,0,0,0,0,0,0,0,0,0,0,0,0,0,0,0,0,0,0,0,0,0,0,0,0,0,0,0,0
90_3_1_Stool,22.25214,0,77.74786,0,0,0,0,0,0,0,0,0,0,0,0,0,0,0,0,0,0,0,0,0,0,0,0,0,0,0,0,0,0,0,0,0,0,0,0,0,0,0,0,0,0,0,0,0,0,0,0,0,0,0,0,0
90_3_2_Stool,92.84659,0.03547,7.11795,0,0,0,0,0,0,0,0,0,0,0,0,0,0,0,0,0,0,0,0,0,0,0,0,0,0,0,0,0,0,0,0,0,0,0,0,0,0,0,0,0,0,0,0,0,0,0,0,0,0,0,0,0
90_4_1_Stool,18.85425,0,81.14575,0,0,0,0,0,0,0,0,0,0,0,0,0,0,0,0,0,0,0,0,0,0,0,0,0,0,0,0,0,0,0,0,0,0,0,0,0,0,0,0,0,0,0,0,0,0,0,0,0,0,0,0,0
90_4_2_Stool,34.15602,0,65.84398,0,0,0,0,0,0,0,0,0,0,0,0,0,0,0,0,0,0,0,0,0,0,0,0,0,0,0,0,0,0,0,0,0,0,0,0,0,0,0,0,0,0,0,0,0,0,0,0,0,0,0,0,0
90_5_1_Stool,11.55295,0.02797,88.41908,0,0,0,0,0,0,0,0,0,0,0,0,0,0,0,0,0,0,0,0,0,0,0,0,0,0,0,0,0,0,0,0,0,0,0,0,0,0,0,0,0,0,0,0,0,0,0,0,0,0,0,0,0
90_5_2_Stool,20.44128,0.1563,79.40242,0,0,0,0,0,0,0,0,0,0,0,0,0,0,0,0,0,0,0,0,0,0,0,0,0,0,0,0,0,0,0,0,0,0,0,0,0,0,0,0,0,0,0,0,0,0,0,0,0,0,0,0,0
90_6_2_Stool,94.16867,0.5114,5.31993,0,0,0,0,0,0,0,0,0,0,0,0,0,0,0,0,0,0,0,0,0,0,0,0,0,0,0,0,0,0,0,0,0,0,0,0,0,0,0,0,0,0,0,0,0,0,0,0,0,0,0,0,0
90_Dam_Stool,30.61456,0,69.38544,0,0,0,0,0,0,0,0,0,0,0,0,0,0,0,0,0,0,0,0,0,0,0,0,0,0,0,0,0,0,0,0,0,0,0,0,0,0,0,0,0,0,0,0,0,0,0,0,0,0,0,0,0
91_1_1_Stool,70.94481,0,29.05519,0,0,0,0,0,0,0,0,0,0,0,0,0,0,0,0,0,0,0,0,0,0,0,0,0,0,0,0,0,0,0,0,0,0,0,0,0,0,0,0,0,0,0,0,0,0,0,0,0,0,0,0,0
91_2_1_Stool,37.50148,0,62.49852,0,0,0,0,0,0,0,0,0,0,0,0,0,0,0,0,0,0,0,0,0,0,0,0,0,0,0,0,0,0,0,0,0,0,0,0,0,0,0,0,0,0,0,0,0,0,0,0,0,0,0,0,0
B1,22.15504,0,0.01645,2.32868,0,0,0,0,67.37624,4.02032,3.74039,0.14474,0.13714,0.081,0,0,0,0,0,0,0,0,0,0,0,0,0,0,0,0,0,0,0,0,0,0,0,0,0,0,0,0,0,0,0,0,0,0,0,0,0,0,0,0,0,0
B1-colon,1.49469,0,0,0.09085,0,0,0,0,64.96095,13.83594,10.87534,6.06231,0,0,1.70243,0.59563,0.38186,0,0,0,0,0,0,0,0,0,0,0,0,0,0,0,0,0,0,0,0,0,0,0,0,0,0,0,0,0,0,0,0,0,0,0,0,0,0,0
B1-d31,92.97443,0,0,3.55941,0,0,0,0,1.78602,0,1.28649,0,0.39366,0,0,0,0,0,0,0,0,0,0,0,0,0,0,0,0,0,0,0,0,0,0,0,0,0,0,0,0,0,0,0,0,0,0,0,0,0,0,0,0,0,0,0
b1-d33,74.47348,0,0.38056,6.05101,0,0,0,0,11.27706,0.6068,3.0703,0,3.75844,0,0,0,0,0.38236,0,0,0,0,0,0,0,0,0,0,0,0,0,0,0,0,0,0,0,0,0,0,0,0,0,0,0,0,0,0,0,0,0,0,0,0,0,0
B1-d39,8.61588,0,0.75505,1.64942,0,0,0,0,48.15972,26.3323,8.0975,2.62734,0.90927,1.68274,1.0478,0,0,0,0.12297,0,0,0,0,0,0,0,0,0,0,0,0,0,0,0,0,0,0,0,0,0,0,0,0,0,0,0,0,0,0,0,0,0,0,0,0,0
B1-d40,10.90262,0,1.41095,1.56764,0,0,0,0,44.3966,24.82659,8.88552,3.47227,0.96898,2.40546,1.04469,0,0,0,0.11868,0,0,0,0,0,0,0,0,0,0,0,0,0,0,0,0,0,0,0,0,0,0,0,0,0,0,0,0,0,0,0,0,0,0,0,0,0
B1-d48,4.20876,0,0.04007,1.46147,0,0,0,0,57.6682,17.34769,8.70245,6.09007,0.7257,0.89302,1.10832,1.46598,0.20184,0,0.08642,0,0,0,0,0,0,0,0,0,0,0,0,0,0,0,0,0,0,0,0,0,0,0,0,0,0,0,0,0,0,0,0,0,0,0,0,0
B19,4.27581,0,0.30929,1.45915,0,0,0,0,52.4373,21.42473,9.45234,3.46248,0.63317,0.39206,1.81373,1.62405,2.43851,0.27738,0,0,0,0,0,0,0,0,0,0,0,0,0,0,0,0,0,0,0,0,0,0,0,0,0,0,0,0,0,0,0,0,0,0,0,0,0,0
B2-d29,99.76684,0,0,0.23316,0,0,0,0,0,0,0,0,0,0,0,0,0,0,0,0,0,0,0,0,0,0,0,0,0,0,0,0,0,0,0,0,0,0,0,0,0,0,0,0,0,0,0,0,0,0,0,0,0,0,0,0
b2-d33,67.3999,0,0.95032,1.54524,0,0,0,0,20.59602,4.53197,3.45998,0,0.08691,0.05182,0,0,0,1.37785,0,0,0,0,0,0,0,0,0,0,0,0,0,0,0,0,0,0,0,0,0,0,0,0,0,0,0,0,0,0,0,0,0,0,0,0,0,0
B2-d39,8.30665,0,0.1828,3.12273,0,0,0,0,56.90304,20.18957,8.34278,0.36534,0.96028,1.6268,0,0,0,0,0,0,0,0,0,0,0,0,0,0,0,0,0,0,0,0,0,0,0,0,0,0,0,0,0,0,0,0,0,0,0,0,0,0,0,0,0,0
B3,4.77541,0,0.0767,1.36611,0,0,0,0,72.22489,9.47651,7.0759,1.47522,1.6167,1.91257,0,0,0,0,0,0,0,0,0,0,0,0,0,0,0,0,0,0,0,0,0,0,0,0,0,0,0,0,0,0,0,0,0,0,0,0,0,0,0,0,0,0
B3-d34,38.47379,0,0.79495,2.56496,0,0,0,0,36.25416,14.44297,2.35398,0,0.12973,4.20943,0,0,0,0.77603,0,0,0,0,0,0,0,0,0,0,0,0,0,0,0,0,0,0,0,0,0,0,0,0,0,0,0,0,0,0,0,0,0,0,0,0,0,0
B3-d39,8.65824,0,1.54964,1.96526,0,0,0,0,48.41259,28.55902,8.5714,0.90317,0.50469,0.80907,0.06501,0,0,0,0.00191,0,0,0,0,0,0,0,0,0,0,0,0,0,0,0,0,0,0,0,0,0,0,0,0,0,0,0,0,0,0,0,0,0,0,0,0,0
B3-d40,14.27319,0,1.42713,3.79522,0,0,0,0,49.18513,17.05069,7.99005,2.90252,2.43989,0.88739,0.04723,0,0,0,0.00157,0,0,0,0,0,0,0,0,0,0,0,0,0,0,0,0,0,0,0,0,0,0,0,0,0,0,0,0,0,0,0,0,0,0,0,0,0
B3-d48,2.38656,0,0.03722,1.20745,0,0,0,0,58.26368,20.31298,6.89997,5.85557,0.7994,0.94979,0.77345,1.45711,1.04427,0.01257,0,0,0,0,0,0,0,0,0,0,0,0,0,0,0,0,0,0,0,0,0,0,0,0,0,0,0,0,0,0,0,0,0,0,0,0,0,0
B4-d29,97.02814,0,0,1.09048,0,0,0,0,1.35531,0,0.52607,0,0,0,0,0,0,0,0,0,0,0,0,0,0,0,0,0,0,0,0,0,0,0,0,0,0,0,0,0,0,0,0,0,0,0,0,0,0,0,0,0,0,0,0,0
B4-d34,66.33809,0,0.15776,2.37855,0,0,0,0,23.94357,3.5878,2.77435,0.1092,0.3787,0.14108,0,0,0,0.19089,0,0,0,0,0,0,0,0,0,0,0,0,0,0,0,0,0,0,0,0,0,0,0,0,0,0,0,0,0,0,0,0,0,0,0,0,0,0
B4-d40,15.06778,0,0.32938,2.79956,0,0,0,0,40.82568,24.39993,10.32911,4.27037,0.58055,1.36708,0.02804,0.00252,0,0,0,0,0,0,0,0,0,0,0,0,0,0,0,0,0,0,0,0,0,0,0,0,0,0,0,0,0,0,0,0,0,0,0,0,0,0,0,0
B4-d48,4.73886,0,0.03546,1.50378,0,0,0,0,62.46867,13.95921,7.78282,5.69167,0.90275,1.21694,0.07253,1.62731,0,0,0,0,0,0,0,0,0,0,0,0,0,0,0,0,0,0,0,0,0,0,0,0,0,0,0,0,0,0,0,0,0,0,0,0,0,0,0,0
B5-d29,99.92019,0,0,0.07981,0,0,0,0,0,0,0,0,0,0,0,0,0,0,0,0,0,0,0,0,0,0,0,0,0,0,0,0,0,0,0,0,0,0,0,0,0,0,0,0,0,0,0,0,0,0,0,0,0,0,0,0
b5-d33,82.14489,0,0,5.5417,0,0,0,0,8.8299,0.19784,3.04019,0,0.24548,0,0,0,0,0,0,0,0,0,0,0,0,0,0,0,0,0,0,0,0,0,0,0,0,0,0,0,0,0,0,0,0,0,0,0,0,0,0,0,0,0,0,0
B5-d39,12.13682,0,0.42504,1.69305,0,0,0,0,43.95828,26.53742,8.3774,3.94144,1.01437,1.46822,0.4072,0,0.00433,0.00539,0.03105,0,0,0,0,0,0,0,0,0,0,0,0,0,0,0,0,0,0,0,0,0,0,0,0,0,0,0,0,0,0,0,0,0,0,0,0,0
B5-d40,8.52146,0,0,2.2501,0,0,0,0,56.72546,18.33341,9.74765,1.24048,1.1601,2.02134,0,0,0,0,0,0,0,0,0,0,0,0,0,0,0,0,0,0,0,0,0,0,0,0,0,0,0,0,0,0,0,0,0,0,0,0,0,0,0,0,0,0
B5-d48,3.21815,0,0,1.13386,0,0,0,0,61.52039,13.26462,8.12539,5.3786,0.57914,3.67514,1.35924,1.26579,0.32423,0.01799,0.13746,0,0,0,0,0,0,0,0,0,0,0,0,0,0,0,0,0,0,0,0,0,0,0,0,0,0,0,0,0,0,0,0,0,0,0,0,0
B6-d29,98.96293,0,0.10126,0.93581,0,0,0,0,0,0,0,0,0,0,0,0,0,0,0,0,0,0,0,0,0,0,0,0,0,0,0,0,0,0,0,0,0,0,0,0,0,0,0,0,0,0,0,0,0,0,0,0,0,0,0,0
b6-d33,83.97228,0,0.79866,5.50935,0,0,0,0,6.9501,0.4913,2.16397,0,0.11435,0,0,0,0,0,0,0,0,0,0,0,0,0,0,0,0,0,0,0,0,0,0,0,0,0,0,0,0,0,0,0,0,0,0,0,0,0,0,0,0,0,0,0
B6-d34,55.85981,0,3.19426,3.20839,0,0,0,0,24.94452,9.25291,2.86974,0,0.05507,0,0,0,0,0.61529,0,0,0,0,0,0,0,0,0,0,0,0,0,0,0,0,0,0,0,0,0,0,0,0,0,0,0,0,0,0,0,0,0,0,0,0,0,0
B6-d39,6.95819,0,0.36365,2.37694,0,0,0,0,54.93361,24.60738,8.58325,0.24722,0.85528,1.07449,0,0,0,0,0,0,0,0,0,0,0,0,0,0,0,0,0,0,0,0,0,0,0,0,0,0,0,0,0,0,0,0,0,0,0,0,0,0,0,0,0,0
B6-d40,11.56928,0,0.206,2.57808,0,0,0,0,52.67065,17.52628,8.81944,3.91026,1.07128,1.64875,0,0,0,0,0,0,0,0,0,0,0,0,0,0,0,0,0,0,0,0,0,0,0,0,0,0,0,0,0,0,0,0,0,0,0,0,0,0,0,0,0,0
B6-d48,4.21536,0,0.02166,1.36818,0,0,0,0,58.19296,16.60002,7.24616,6.37887,0.81078,0.84114,1.85922,1.53435,0.79154,0.00053,0.13922,0,0,0,0,0,0,0,0,0,0,0,0,0,0,0,0,0,0,0,0,0,0,0,0,0,0,0,0,0,0,0,0,0,0,0,0,0
B7-d29,99.59761,0,0,0.40239,0,0,0,0,0,0,0,0,0,0,0,0,0,0,0,0,0,0,0,0,0,0,0,0,0,0,0,0,0,0,0,0,0,0,0,0,0,0,0,0,0,0,0,0,0,0,0,0,0,0,0,0
b7-d33,77.81216,0,0,5.27567,0,0,0,0,14.25428,0.54056,2.11734,0,0,0,0,0,0,0,0,0,0,0,0,0,0,0,0,0,0,0,0,0,0,0,0,0,0,0,0,0,0,0,0,0,0,0,0,0,0,0,0,0,0,0,0,0
B7-d40,16.59427,0,0.33192,4.71936,0,0,0,0,36.50636,25.2548,9.64702,4.06799,0.77151,2.10678,0,0,0,0,0,0,0,0,0,0,0,0,0,0,0,0,0,0,0,0,0,0,0,0,0,0,0,0,0,0,0,0,0,0,0,0,0,0,0,0,0,0
B7-d48,2.14904,0,0.03937,1.17204,0,0,0,0,54.88173,19.04269,7.71774,6.16162,0.71429,2.51394,1.95574,1.45257,1.8771,0.32213,0,0,0,0,0,0,0,0,0,0,0,0,0,0,0,0,0,0,0,0,0,0,0,0,0,0,0,0,0,0,0,0,0,0,0,0,0,0
C1,12.68009,0,0,1.257,0,0,0,0,75.98501,6.0592,3.74031,0.14154,0.10282,0.03403,0,0,0,0,0,0,0,0,0,0,0,0,0,0,0,0,0,0,0,0,0,0,0,0,0,0,0,0,0,0,0,0,0,0,0,0,0,0,0,0,0,0
C1-d33,0,0,96.69348,3.19563,0,0,0,0,0,0,0.11089,0,0,0,0,0,0,0,0,0,0,0,0,0,0,0,0,0,0,0,0,0,0,0,0,0,0,0,0,0,0,0,0,0,0,0,0,0,0,0,0,0,0,0,0,0
C1-d44,10.43992,0,3.3823,1.26775,0,0,0,0,57.65121,17.6158,8.60713,0,0.33739,0.69851,0,0,0,0,0,0,0,0,0,0,0,0,0,0,0,0,0,0,0,0,0,0,0,0,0,0,0,0,0,0,0,0,0,0,0,0,0,0,0,0,0,0
C1-d45,3.74931,0,0,0.43969,0,0,0,0,67.75241,9.9528,18.1058,0,0,0,0,0,0,0,0,0,0,0,0,0,0,0,0,0,0,0,0,0,0,0,0,0,0,0,0,0,0,0,0,0,0,0,0,0,0,0,0,0,0,0,0,0
C1-d53,5.3923,0,0.03479,1.46484,0,0,0,0,58.00655,16.9789,9.53333,5.88135,0.82942,1.87853,0,0,0,0,0,0,0,0,0,0,0,0,0,0,0,0,0,0,0,0,0,0,0,0,0,0,0,0,0,0,0,0,0,0,0,0,0,0,0,0,0,0
C19,2.46568,0,0.01245,1.54636,0,0,0,0,66.49619,14.51288,6.22421,3.66717,0.71221,0.74717,1.47542,1.11509,0.91754,0.10762,0,0,0,0,0,0,0,0,0,0,0,0,0,0,0,0,0,0,0,0,0,0,0,0,0,0,0,0,0,0,0,0,0,0,0,0,0,0
C2-colon,3.01667,0,0,0.80869,0,0,0,0,65.17113,15.92951,9.24325,4.34394,0.57164,0.85853,0,0,0.05664,0,0,0,0,0,0,0,0,0,0,0,0,0,0,0,0,0,0,0,0,0,0,0,0,0,0,0,0,0,0,0,0,0,0,0,0,0,0,0
C2-d33,0,0,100,0,0,0,0,0,0,0,0,0,0,0,0,0,0,0,0,0,0,0,0,0,0,0,0,0,0,0,0,0,0,0,0,0,0,0,0,0,0,0,0,0,0,0,0,0,0,0,0,0,0,0,0,0
C2-d37,69.08031,0,0,11.64609,0,0,0,0,11.06001,4.3921,3.82149,0,0,0,0,0,0,0,0,0,0,0,0,0,0,0,0,0,0,0,0,0,0,0,0,0,0,0,0,0,0,0,0,0,0,0,0,0,0,0,0,0,0,0,0,0
C2-d44,7.48869,0,2.36655,1.43903,0,0,0,0,66.08278,13.46237,7.84836,0,0.61562,0.69661,0,0,0,0,0,0,0,0,0,0,0,0,0,0,0,0,0,0,0,0,0,0,0,0,0,0,0,0,0,0,0,0,0,0,0,0,0,0,0,0,0,0
C2-d45,4.99243,0,2.88695,3.23379,0,0,0,0,44.67912,33.57691,9.29811,0,0.63107,0.70162,0,0,0,0,0,0,0,0,0,0,0,0,0,0,0,0,0,0,0,0,0,0,0,0,0,0,0,0,0,0,0,0,0,0,0,0,0,0,0,0,0,0
C2-d49,5.58691,0,1.1757,1.92929,0,0,0,0,58.36206,23.59549,2.96095,2.61558,1.27804,2.49599,0,0,0,0,0,0,0,0,0,0,0,0,0,0,0,0,0,0,0,0,0,0,0,0,0,0,0,0,0,0,0,0,0,0,0,0,0,0,0,0,0,0
C2-d53,5.30553,0,0.0095,1.16338,0,0,0,0,58.11037,16.25061,11.58651,5.69433,0.97241,0.90737,0,0,0,0,0,0,0,0,0,0,0,0,0,0,0,0,0,0,0,0,0,0,0,0,0,0,0,0,0,0,0,0,0,0,0,0,0,0,0,0,0,0
C3,13.14393,0,0.66715,2.04457,0,0,0,0,52.88168,12.8492,11.02796,1.61258,3.14687,2.62607,0,0,0,0,0,0,0,0,0,0,0,0,0,0,0,0,0,0,0,0,0,0,0,0,0,0,0,0,0,0,0,0,0,0,0,0,0,0,0,0,0,0
C3-colon,2.28081,0,0,1.16085,0,0,0,0,63.23505,18.51596,11.57998,3.17716,0.05019,0,0,0,0,0,0,0,0,0,0,0,0,0,0,0,0,0,0,0,0,0,0,0,0,0,0,0,0,0,0,0,0,0,0,0,0,0,0,0,0,0,0,0
C3-d33,0,0,97.0409,2.77912,0,0,0,0,0.04759,0,0.13239,0,0,0,0,0,0,0,0,0,0,0,0,0,0,0,0,0,0,0,0,0,0,0,0,0,0,0,0,0,0,0,0,0,0,0,0,0,0,0,0,0,0,0,0,0
C3-d44,6.10291,0,3.1583,1.1243,0,0,0,0,61.01174,19.78618,8.04556,0,0.34559,0.42541,0,0,0,0,0,0,0,0,0,0,0,0,0,0,0,0,0,0,0,0,0,0,0,0,0,0,0,0,0,0,0,0,0,0,0,0,0,0,0,0,0,0
C3-d45,6.74298,0,4.49212,1.22467,0,0,0,0,58.7867,16.33307,10.86022,0,0.8138,0.74642,0,0,0,0,0,0,0,0,0,0,0,0,0,0,0,0,0,0,0,0,0,0,0,0,0,0,0,0,0,0,0,0,0,0,0,0,0,0,0,0,0,0
C3-d53,3.90004,0,0.0303,1.13475,0,0,0,0,54.66751,20.6894,10.22784,6.45614,0.67973,2.21431,0,0,0,0,0,0,0,0,0,0,0,0,0,0,0,0,0,0,0,0,0,0,0,0,0,0,0,0,0,0,0,0,0,0,0,0,0,0,0,0,0,0
C4-d33,53.83426,0,0,39.26759,0,0,0,0,4.84584,0,0.75141,0,1.3009,0,0,0,0,0,0,0,0,0,0,0,0,0,0,0,0,0,0,0,0,0,0,0,0,0,0,0,0,0,0,0,0,0,0,0,0,0,0,0,0,0,0,0
C4-d44,6.30249,0,2.47806,1.52302,0,0,0,0,65.18005,15.82774,7.80902,0.02869,0.35998,0.49095,0,0,0,0,0,0,0,0,0,0,0,0,0,0,0,0,0,0,0,0,0,0,0,0,0,0,0,0,0,0,0,0,0,0,0,0,0,0,0,0,0,0
C4-d45,2.40464,0,0,0,0,0,0,0,60.78886,30.62652,6.17998,0,0,0,0,0,0,0,0,0,0,0,0,0,0,0,0,0,0,0,0,0,0,0,0,0,0,0,0,0,0,0,0,0,0,0,0,0,0,0,0,0,0,0,0,0
C4-d53,4.23674,0,0.06505,1.27466,0,0,0,0,62.68176,14.67526,8.18151,6.13363,0.64088,2.11051,0,0,0,0,0,0,0,0,0,0,0,0,0,0,0,0,0,0,0,0,0,0,0,0,0,0,0,0,0,0,0,0,0,0,0,0,0,0,0,0,0,0
C5-d34,7.47827,0,7.97528,71.29989,0,0,0,0,7.32267,0.24155,3.67155,0,0,2.01078,0,0,0,0,0,0,0,0,0,0,0,0,0,0,0,0,0,0,0,0,0,0,0,0,0,0,0,0,0,0,0,0,0,0,0,0,0,0,0,0,0,0
C5-d44,3.82863,0,2.75261,1.6703,0,0,0,0,61.51265,19.02976,9.97294,0,0.5427,0.69041,0,0,0,0,0,0,0,0,0,0,0,0,0,0,0,0,0,0,0,0,0,0,0,0,0,0,0,0,0,0,0,0,0,0,0,0,0,0,0,0,0,0
C5-d45,2.90873,0,1.69574,1.57584,0,0,0,0,67.48721,16.02173,9.20928,0,0.68468,0.4168,0,0,0,0,0,0,0,0,0,0,0,0,0,0,0,0,0,0,0,0,0,0,0,0,0,0,0,0,0,0,0,0,0,0,0,0,0,0,0,0,0,0
C5-d53,4.08561,0,0,1.21093,0,0,0,0,59.40133,15.24924,11.74847,5.78406,0.65957,1.86079,0,0,0,0,0,0,0,0,0,0,0,0,0,0,0,0,0,0,0,0,0,0,0,0,0,0,0,0,0,0,0,0,0,0,0,0,0,0,0,0,0,0
C6-d33,0.23223,0,13.22316,86.44359,0,0,0,0,0,0,0.10102,0,0,0,0,0,0,0,0,0,0,0,0,0,0,0,0,0,0,0,0,0,0,0,0,0,0,0,0,0,0,0,0,0,0,0,0,0,0,0,0,0,0,0,0,0
C6-d37,49.83523,0,10.31928,34.09464,0,0,0,0,3.42325,0.98104,1.34655,0,0,0,0,0,0,0,0,0,0,0,0,0,0,0,0,0,0,0,0,0,0,0,0,0,0,0,0,0,0,0,0,0,0,0,0,0,0,0,0,0,0,0,0,0
C6-d44,13.80517,0,6.26119,2.72121,0,0,0,0,41.50618,22.64526,11.73218,0,0.32749,1.00132,0,0,0,0,0,0,0,0,0,0,0,0,0,0,0,0,0,0,0,0,0,0,0,0,0,0,0,0,0,0,0,0,0,0,0,0,0,0,0,0,0,0
C6-d49,0.9066,0,0.34466,1.30648,0,0,0,0,70.41212,15.67005,4.68058,4.08214,0.76769,1.82968,0,0,0,0,0,0,0,0,0,0,0,0,0,0,0,0,0,0,0,0,0,0,0,0,0,0,0,0,0,0,0,0,0,0,0,0,0,0,0,0,0,0
C6-d53,3.97038,0,0.0147,1.14587,0,0,0,0,66.54601,12.22493,8.65374,5.34375,0.6401,1.30246,0.15807,0,0,0,0,0,0,0,0,0,0,0,0,0,0,0,0,0,0,0,0,0,0,0,0,0,0,0,0,0,0,0,0,0,0,0,0,0,0,0,0,0
C7-d33,6.23902,0,33.5333,58.84773,0,0,0,0,0.5973,0,0.78265,0,0,0,0,0,0,0,0,0,0,0,0,0,0,0,0,0,0,0,0,0,0,0,0,0,0,0,0,0,0,0,0,0,0,0,0,0,0,0,0,0,0,0,0,0
C7-d38,62.78046,0,0,16.63315,0,0,0,0,9.25494,9.16195,2.1695,0,0,0,0,0,0,0,0,0,0,0,0,0,0,0,0,0,0,0,0,0,0,0,0,0,0,0,0,0,0,0,0,0,0,0,0,0,0,0,0,0,0,0,0,0
C7-d44,6.66179,0,7.26022,1.52403,0,0,0,0,54.16725,20.0141,8.82766,0,0.62527,0.91967,0,0,0,0,0,0,0,0,0,0,0,0,0,0,0,0,0,0,0,0,0,0,0,0,0,0,0,0,0,0,0,0,0,0,0,0,0,0,0,0,0,0
C7-d45,6.8948,0,1.4728,1.58762,0,0,0,0,61.68002,15.03512,11.6702,0,0.98955,0.6699,0,0,0,0,0,0,0,0,0,0,0,0,0,0,0,0,0,0,0,0,0,0,0,0,0,0,0,0,0,0,0,0,0,0,0,0,0,0,0,0,0,0
C7-d53,7.36798,0,0.0488,1.79079,0,0,0,0,50.95227,19.81234,10.71183,6.03236,0.62424,2.57975,0,0,0.07964,0,0,0,0,0,0,0,0,0,0,0,0,0,0,0,0,0,0,0,0,0,0,0,0,0,0,0,0,0,0,0,0,0,0,0,0,0,0,0
C8-d35,0.21479,0,92.8359,5.67263,0,0,0,0,0.40659,0,0.87009,0,0,0,0,0,0,0,0,0,0,0,0,0,0,0,0,0,0,0,0,0,0,0,0,0,0,0,0,0,0,0,0,0,0,0,0,0,0,0,0,0,0,0,0,0
C8-d38,19.11827,0,0,21.67674,0,0,0,0,35.99393,20.88168,2.32938,0,0,0,0,0,0,0,0,0,0,0,0,0,0,0,0,0,0,0,0,0,0,0,0,0,0,0,0,0,0,0,0,0,0,0,0,0,0,0,0,0,0,0,0,0
C8-d44,7.18376,0,3.93261,4.1065,0,0,0,0,47.71527,25.0592,10.79282,0,0.59816,0.61167,0,0,0,0,0,0,0,0,0,0,0,0,0,0,0,0,0,0,0,0,0,0,0,0,0,0,0,0,0,0,0,0,0,0,0,0,0,0,0,0,0,0
C8-d45,3.2148,0,1.53577,2.49721,0,0,0,0,57.51488,22.60384,11.53931,0,0.64642,0.44776,0,0,0,0,0,0,0,0,0,0,0,0,0,0,0,0,0,0,0,0,0,0,0,0,0,0,0,0,0,0,0,0,0,0,0,0,0,0,0,0,0,0
C8-d53,3.58201,0,0,1.12861,0,0,0,0,61.26181,15.57288,10.47287,5.70629,0.69198,1.58354,0,0,0,0,0,0,0,0,0,0,0,0,0,0,0,0,0,0,0,0,0,0,0,0,0,0,0,0,0,0,0,0,0,0,0,0,0,0,0,0,0,0
CONV_MERO1_COLON,0,0,0,51.80815,0,0,0,0,0,0,16.1756,0,0,0,0,0,0,0,0,32.01625,0,0,0,0,0,0,0,0,0,0,0,0,0,0,0,0,0,0,0,0,0,0,0,0,0,0,0,0,0,0,0,0,0,0,0,0
CONV_MERO1_D0,0,0,0,2.41612,0,0,0,0,0,0,1.04501,0,0,0,0,0,0,0,0,5.81218,43.61721,42.56373,3.74725,0.79849,0,0,0,0,0,0,0,0,0,0,0,0,0,0,0,0,0,0,0,0,0,0,0,0,0,0,0,0,0,0,0,0
CONV_MERO1_D1,0,0,0,0.87379,0,0,0,0,0,0,0.02432,0,0,0,0,0,0,0,0,0.26921,9.79566,88.72675,0.30317,0.0071,0,0,0,0,0,0,0,0,0,0,0,0,0,0,0,0,0,0,0,0,0,0,0,0,0,0,0,0,0,0,0,0
CONV_MERO1_D3,0,0,0,96.75582,0,0,0,0,0,0,3.15861,0,0,0,0,0,0,0,0,0,0,0.08557,0,0,0,0,0,0,0,0,0,0,0,0,0,0,0,0,0,0,0,0,0,0,0,0,0,0,0,0,0,0,0,0,0,0
CONV_MERO2_COLON,0,0,0,43.21215,0,0,0,0,0,0,42.2165,0,0,0,0,0,0,0,0,14.57135,0,0,0,0,0,0,0,0,0,0,0,0,0,0,0,0,0,0,0,0,0,0,0,0,0,0,0,0,0,0,0,0,0,0,0,0
CONV_MERO2_D0,0,0,0.20283,7.37509,0,0,0,0,0,0,0.40536,0,0,0,0,0,0,0,0,10.64572,48.21463,23.11782,7.62333,2.41522,0,0,0,0,0,0,0,0,0,0,0,0,0,0,0,0,0,0,0,0,0,0,0,0,0,0,0,0,0,0,0,0
CONV_MERO2_D3,0,0,0,99.69623,0,0,0,0,0,0,0,0,0,0,0,0,0,0,0,0,0,0,0.30377,0,0,0,0,0,0,0,0,0,0,0,0,0,0,0,0,0,0,0,0,0,0,0,0,0,0,0,0,0,0,0,0,0
CONV_MERO3_COLON,0,0,0,4.56523,0,0,0,0,0,0,1.10355,0,0,0,0,0,0,0,0,94.05712,0,0,0.18804,0.08606,0,0,0,0,0,0,0,0,0,0,0,0,0,0,0,0,0,0,0,0,0,0,0,0,0,0,0,0,0,0,0,0
CONV_MERO3_D1,0,0,0,48.9519,0,0,0,0,0,0,8.08924,0,0,0,0,0,0,0,0,26.41518,0,0.63594,0.04465,15.86309,0,0,0,0,0,0,0,0,0,0,0,0,0,0,0,0,0,0,0,0,0,0,0,0,0,0,0,0,0,0,0,0
CONV_MERO3_D3,0,0,0,4.18388,0,0,0,0,0,0,0.26082,0,0,0,0,0,0,0,0,90.40058,0,0,0.43262,4.7221,0,0,0,0,0,0,0,0,0,0,0,0,0,0,0,0,0,0,0,0,0,0,0,0,0,0,0,0,0,0,0,0
CONV_MERO4_COLON,0,0,0,43.26364,0,0,0,0,0,0,15.38157,0,0,0,0,0,0,0,0,24.16463,0,0,17.00952,0.18064,0,0,0,0,0,0,0,0,0,0,0,0,0,0,0,0,0,0,0,0,0,0,0,0,0,0,0,0,0,0,0,0
CONV_MERO4_D0,0,0,0,0,0,0,0,0,0,0,0.47372,0,0,0,0,0,0,0,0,77.75885,7.97338,9.77129,1.19248,1.77262,1.05766,0,0,0,0,0,0,0,0,0,0,0,0,0,0,0,0,0,0,0,0,0,0,0,0,0,0,0,0,0,0,0
CONV_MERO4_D1,0,0,0,0,0,0,0,0,0,0,4.93612,0,0,0,0,0,0,0,0,0,0,0.35332,0,94.71057,0,0,0,0,0,0,0,0,0,0,0,0,0,0,0,0,0,0,0,0,0,0,0,0,0,0,0,0,0,0,0,0
CONV_MERO4_D3,0,0,0,32.09592,0,0,0,0,0,0,66.2791,0,0,0,0,0,0,0,0,0,0,0.01693,0,1.60805,0,0,0,0,0,0,0,0,0,0,0,0,0,0,0,0,0,0,0,0,0,0,0,0,0,0,0,0,0,0,0,0
CONV_PBS1_COLON,0,0,0,0,0,0,0,0,0,0,2.99553,0,0,0,0,0,0,0,0,33.8989,7.51078,6.98937,20.01142,26.15377,2.44024,0,0,0,0,0,0,0,0,0,0,0,0,0,0,0,0,0,0,0,0,0,0,0,0,0,0,0,0,0,0,0
CONV_PBS1_D0,0,0,0,1.2897,0,0,0,0,0,0,0.77649,0,0,0,0,0,0,0,0,1.34581,74.77864,18.25381,0.79898,2.75657,0,0,0,0,0,0,0,0,0,0,0,0,0,0,0,0,0,0,0,0,0,0,0,0,0,0,0,0,0,0,0,0
CONV_PBS1_D3,0,0,1.64461,0.19156,0,0,0,0,0,0,1.27189,0,0,0,0,0,0,0,0,70.6241,13.09525,3.16441,6.79052,1.64586,1.57181,0,0,0,0,0,0,0,0,0,0,0,0,0,0,0,0,0,0,0,0,0,0,0,0,0,0,0,0,0,0,0
CONV_PBS2_COLON,0,0,0,0,0,0,0,0,0,0,0.88787,0,0,0,0,0,0,0,0,60.23488,6.6942,1.433,0.12151,28.73831,1.89022,0,0,0,0,0,0,0,0,0,0,0,0,0,0,0,0,0,0,0,0,0,0,0,0,0,0,0,0,0,0,0
CONV_PBS2_D1,0,0,1.12966,0,0,0,0,0,0,0,1.08651,0,0,0,0,0,0,0,0,51.79965,21.99303,7.94678,1.83997,10.59525,3.508,0.10116,0,0,0,0,0,0,0,0,0,0,0,0,0,0,0,0,0,0,0,0,0,0,0,0,0,0,0,0,0,0
CONV_PBS2_D3,0,0,0,0,0,0,0,0,0,0,0.03673,0,0,0,0,0,0,0,0,74.31692,12.72496,3.14713,2.62855,4.99334,2.15237,0,0,0,0,0,0,0,0,0,0,0,0,0,0,0,0,0,0,0,0,0,0,0,0,0,0,0,0,0,0,0
CONV_PBS3_COLON,0,0,0,0,0,0,0,0,0,0,0,0,0,0,0,0,0,0,0,47.30147,5.25609,0,0.57373,46.02014,0.84857,0,0,0,0,0,0,0,0,0,0,0,0,0,0,0,0,0,0,0,0,0,0,0,0,0,0,0,0,0,0,0
CONV_PBS3_D1,3.15409,0,2.41236,1.5436,0,0,0,0,27.51881,22.16733,3.11618,0,0,0,2.96715,0,0,1.04291,0,13.9034,11.0466,6.0783,0.8236,3.42503,0.80066,0,0,0,0,0,0,0,0,0,0,0,0,0,0,0,0,0,0,0,0,0,0,0,0,0,0,0,0,0,0,0
CONV_PBS4_COLON,0,0,0,0,0,0,0,0,0,0,0,0,0,0,0,0,0,0,0,54.79447,13.50345,0,0,29.27232,2.42976,0,0,0,0,0,0,0,0,0,0,0,0,0,0,0,0,0,0,0,0,0,0,0,0,0,0,0,0,0,0,0
CONV_PBS4_D0,0,0,0.21468,0,0,0,0,0,0,0,0,0,0,0,0,0,0,0,0,76.86505,14.99767,1.35989,1.18258,4.20886,1.17127,0,0,0,0,0,0,0,0,0,0,0,0,0,0,0,0,0,0,0,0,0,0,0,0,0,0,0,0,0,0,0
CONV_PBS4_D1,0,0,0.27939,0,0,0,0,0,0,0,0,0,0,0,0,0,0,0,0,63.7768,15.74604,0.13255,0.14041,18.01126,1.83929,0.07425,0,0,0,0,0,0,0,0,0,0,0,0,0,0,0,0,0,0,0,0,0,0,0,0,0,0,0,0,0,0
CONV_PBS4_D3,0,0,0.04449,0,0,0,0,0,0,0,0.07061,0,0,0,0,0,0,0,0,75.19666,14.06691,2.78885,2.1256,3.30314,2.28123,0.10446,0.01805,0,0,0,0,0,0,0,0,0,0,0,0,0,0,0,0,0,0,0,0,0,0,0,0,0,0,0,0,0
DJS40_Inoc,0,0,0,100,0,0,0,0,0,0,0,0,0,0,0,0,0,0,0,0,0,0,0,0,0,0,0,0,0,0,0,0,0,0,0,0,0,0,0,0,0,0,0,0,0,0,0,0,0,0,0,0,0,0,0,0
DJS41_Inoc,0.10902,0,0.06268,99.8283,0,0,0,0,0,0,0,0,0,0,0,0,0,0,0,0,0,0,0,0,0,0,0,0,0,0,0,0,0,0,0,0,0,0,0,0,0,0,0,0,0,0,0,0,0,0,0,0,0,0,0,0
DJS42_Inoc,0.07123,0,0,99.92877,0,0,0,0,0,0,0,0,0,0,0,0,0,0,0,0,0,0,0,0,0,0,0,0,0,0,0,0,0,0,0,0,0,0,0,0,0,0,0,0,0,0,0,0,0,0,0,0,0,0,0,0
DJS85_Inoc,100,0,0,0,0,0,0,0,0,0,0,0,0,0,0,0,0,0,0,0,0,0,0,0,0,0,0,0,0,0,0,0,0,0,0,0,0,0,0,0,0,0,0,0,0,0,0,0,0,0,0,0,0,0,0,0
DJS87_Inoc,0,0,100,0,0,0,0,0,0,0,0,0,0,0,0,0,0,0,0,0,0,0,0,0,0,0,0,0,0,0,0,0,0,0,0,0,0,0,0,0,0,0,0,0,0,0,0,0,0,0,0,0,0,0,0,0
DJS90_Inoc,0,0,100,0,0,0,0,0,0,0,0,0,0,0,0,0,0,0,0,0,0,0,0,0,0,0,0,0,0,0,0,0,0,0,0,0,0,0,0,0,0,0,0,0,0,0,0,0,0,0,0,0,0,0,0,0
DJS91_Inoc,51.68557,0,48.31443,0,0,0,0,0,0,0,0,0,0,0,0,0,0,0,0,0,0,0,0,0,0,0,0,0,0,0,0,0,0,0,0,0,0,0,0,0,0,0,0,0,0,0,0,0,0,0,0,0,0,0,0,0
GF1_A10,4.88918,0,0.17744,2.73172,0,0,0,0,50.85604,19.24484,10.17242,2.66641,0.66944,5.35997,1.76684,0,0.37889,1.08681,0,0,0,0,0,0,0,0,0,0,0,0,0,0,0,0,0,0,0,0,0,0,0,0,0,0,0,0,0,0,0,0,0,0,0,0,0,0
GF1_B_mom_d32,4.59832,0,0,3.3564,0,0,0,0,50.65554,20.10749,5.28758,5.29674,0.91839,1.03011,3.62166,2.12565,2.61501,0.38712,0,0,0,0,0,0,0,0,0,0,0,0,0,0,0,0,0,0,0,0,0,0,0,0,0,0,0,0,0,0,0,0,0,0,0,0,0,0
GF1_B10,5.66474,0,0.39441,2.79574,0,0,0,0,43.63559,31.11821,7.46627,4.14865,0.24717,2.71323,0.81955,0.85487,0,0.14158,0,0,0,0,0,0,0,0,0,0,0,0,0,0,0,0,0,0,0,0,0,0,0,0,0,0,0,0,0,0,0,0,0,0,0,0,0,0
GF1_B14,2.16226,0,0,1.83001,0,0,0,0,67.36827,14.19298,8.46168,3.20471,0.8889,0.40571,0.44838,0.86091,0,0.17618,0,0,0,0,0,0,0,0,0,0,0,0,0,0,0,0,0,0,0,0,0,0,0,0,0,0,0,0,0,0,0,0,0,0,0,0,0,0
GF1_B17,5.17247,0,0.01609,2.36627,0,0,0,0,53.27646,19.29567,7.18549,4.77978,1.04269,1.02832,1.97359,1.77103,1.76933,0.32281,0,0,0,0,0,0,0,0,0,0,0,0,0,0,0,0,0,0,0,0,0,0,0,0,0,0,0,0,0,0,0,0,0,0,0,0,0,0
GF1_B25,4.05566,0,0,1.65911,0,0,0,0,56.15216,15.91911,7.90863,4.90961,0.55764,0,3.26113,1.76194,3.11903,0.69598,0,0,0,0,0,0,0,0,0,0,0,0,0,0,0,0,0,0,0,0,0,0,0,0,0,0,0,0,0,0,0,0,0,0,0,0,0,0
GF1_B3_d38,4.78668,0,0.23791,0.67903,0,0,0,0,48.68524,31.03343,10.44965,0,0.55582,1.272,1.5844,0,0.18711,0.52873,0,0,0,0,0,0,0,0,0,0,0,0,0,0,0,0,0,0,0,0,0,0,0,0,0,0,0,0,0,0,0,0,0,0,0,0,0,0
GF1_B5_D38,3.24952,0,3.34596,2.32762,0,0,0,0,48.84945,33.25909,8.39485,0,0.16332,0.41019,0,0,0,0,0,0,0,0,0,0,0,0,0,0,0,0,0,0,0,0,0,0,0,0,0,0,0,0,0,0,0,0,0,0,0,0,0,0,0,0,0,0
GF1_B6_d38,2.06648,0,2.82098,1.76203,0,0,0,0,55.99118,25.98555,10.41022,0,0.18133,0.78223,0,0,0,0,0,0,0,0,0,0,0,0,0,0,0,0,0,0,0,0,0,0,0,0,0,0,0,0,0,0,0,0,0,0,0,0,0,0,0,0,0,0
GF1_B7_D38,1.97168,0,2.37165,2.94926,0,0,0,0,61.59407,21.93516,8.63498,0,0.17692,0.36629,0,0,0,0,0,0,0,0,0,0,0,0,0,0,0,0,0,0,0,0,0,0,0,0,0,0,0,0,0,0,0,0,0,0,0,0,0,0,0,0,0,0
GF1_C_mom_d32,1.92067,0,0.81903,1.89193,0,0,0,0,60.34954,17.44232,6.29668,3.74119,1.1683,0.07098,3.56341,0,2.57628,0.15966,0,0,0,0,0,0,0,0,0,0,0,0,0,0,0,0,0,0,0,0,0,0,0,0,0,0,0,0,0,0,0,0,0,0,0,0,0,0
GF1_C10,7.09518,0,0,2.3865,0,0,0,0,46.05232,21.12827,13.88596,2.81619,0.31227,2.82062,1.33202,1.4866,0.10668,0.57738,0,0,0,0,0,0,0,0,0,0,0,0,0,0,0,0,0,0,0,0,0,0,0,0,0,0,0,0,0,0,0,0,0,0,0,0,0,0
GF1_C14,3.61325,0,0.34075,2.39429,0,0,0,0,51.51186,21.65192,8.94059,4.73888,1.49587,1.19208,1.83133,0.7504,1.44912,0.08965,0,0,0,0,0,0,0,0,0,0,0,0,0,0,0,0,0,0,0,0,0,0,0,0,0,0,0,0,0,0,0,0,0,0,0,0,0,0
GF1_C17,2.74927,0,0.1967,2.00809,0,0,0,0,52.60701,22.00848,11.54865,3.87555,0.86401,0.57762,1.3173,0.54906,1.34234,0.35592,0,0,0,0,0,0,0,0,0,0,0,0,0,0,0,0,0,0,0,0,0,0,0,0,0,0,0,0,0,0,0,0,0,0,0,0,0,0
GF1_C25,2.69368,0,0,1.92148,0,0,0,0,57.89299,19.98492,7.82061,2.81354,0.60839,1.95711,1.551,0.95486,1.51305,0.28838,0,0,0,0,0,0,0,0,0,0,0,0,0,0,0,0,0,0,0,0,0,0,0,0,0,0,0,0,0,0,0,0,0,0,0,0,0,0
GF1_C4_d39,10.13473,0,0,13.23708,0,0,0,0,49.16924,18.18167,9.27728,0,0,0,0,0,0,0,0,0,0,0,0,0,0,0,0,0,0,0,0,0,0,0,0,0,0,0,0,0,0,0,0,0,0,0,0,0,0,0,0,0,0,0,0,0
GF1_C6_d39,13.50917,0,0,19.34285,0,0,0,0,33.90406,28.50523,4.73869,0,0,0,0,0,0,0,0,0,0,0,0,0,0,0,0,0,0,0,0,0,0,0,0,0,0,0,0,0,0,0,0,0,0,0,0,0,0,0,0,0,0,0,0,0
GF1_C7_d39,11.37139,0,0,26.35101,0,0,0,0,24.50385,31.28764,6.48611,0,0,0,0,0,0,0,0,0,0,0,0,0,0,0,0,0,0,0,0,0,0,0,0,0,0,0,0,0,0,0,0,0,0,0,0,0,0,0,0,0,0,0,0,0
GF1_INOC_GF1,55.54802,0,0.14156,8.95423,0,0,0,0,15.11277,4.33475,3.41741,11.46037,0.44602,0.06906,0,0,0.05614,0.03714,0,0,0,0,0,0,0,0,0,0.35091,0.07161,0,0,0,0,0,0,0,0,0,0,0,0,0,0,0,0,0,0,0,0,0,0,0,0,0,0,0
GF10_A_DAM_D0,68.08031,0,0,7.54146,0,0,0,0,8.92969,3.84636,3.97532,7.59296,0,0,0,0,0,0,0,0,0,0,0,0,0,0,0,0.03391,0,0,0,0,0,0,0,0,0,0,0,0,0,0,0,0,0,0,0,0,0,0,0,0,0,0,0,0
GF10_A1_COLON_D35,81.42365,0,0,9.10604,0,0,0,0,1.75522,0.6376,2.93352,4.14397,0,0,0,0,0,0,0,0,0,0,0,0,0,0,0,0,0,0,0,0,0,0,0,0,0,0,0,0,0,0,0,0,0,0,0,0,0,0,0,0,0,0,0,0
GF10_A1_d101,74.42641,0,0.58676,24.66459,0,0,0,0,0,0,0.32224,0,0,0,0,0,0,0,0,0,0,0,0,0,0,0,0,0,0,0,0,0,0,0,0,0,0,0,0,0,0,0,0,0,0,0,0,0,0,0,0,0,0,0,0,0
GF10_A1_d104_colon,0,0,3.15043,0,0,0,0,0,59.48517,30.47976,6.88464,0,0,0,0,0,0,0,0,0,0,0,0,0,0,0,0,0,0,0,0,0,0,0,0,0,0,0,0,0,0,0,0,0,0,0,0,0,0,0,0,0,0,0,0,0
GF10_A1_d127_colon,15.19416,0,1.5152,1.38359,0,0,0,0,40.16174,17.03481,17.03045,5.58121,1.34868,0.75017,0,0,0,0,0,0,0,0,0,0,0,0,0,0,0,0,0,0,0,0,0,0,0,0,0,0,0,0,0,0,0,0,0,0,0,0,0,0,0,0,0,0
GF10_A1_D32,21.96677,0,0,6.90207,0,0,0,0,34.53489,20.07998,8.16035,5.96891,1.53518,0.54584,0.23631,0.0697,0,0,0,0,0,0,0,0,0,0,0,0,0,0,0,0,0,0,0,0,0,0,0,0,0,0,0,0,0,0,0,0,0,0,0,0,0,0,0,0
GF10_A1_D34,90.46194,0,0,5.8081,0,0,0,0,2.90586,0,0.82409,0,0,0,0,0,0,0,0,0,0,0,0,0,0,0,0,0,0,0,0,0,0,0,0,0,0,0,0,0,0,0,0,0,0,0,0,0,0,0,0,0,0,0,0,0
GF10_A1_d77,94.25334,0,0,5.74666,0,0,0,0,0,0,0,0,0,0,0,0,0,0,0,0,0,0,0,0,0,0,0,0,0,0,0,0,0,0,0,0,0,0,0,0,0,0,0,0,0,0,0,0,0,0,0,0,0,0,0,0
GF10_A1_d79,100,0,0,0,0,0,0,0,0,0,0,0,0,0,0,0,0,0,0,0,0,0,0,0,0,0,0,0,0,0,0,0,0,0,0,0,0,0,0,0,0,0,0,0,0,0,0,0,0,0,0,0,0,0,0,0
GF10_A1_d80_colon,70.31825,0,2.54081,14.06572,0,0,0,0,0,0.63293,12.44228,0,0,0,0,0,0,0,0,0,0,0,0,0,0,0,0,0,0,0,0,0,0,0,0,0,0,0,0,0,0,0,0,0,0,0,0,0,0,0,0,0,0,0,0,0
GF10_A2_COLON_D35,0,0,0,100,0,0,0,0,0,0,0,0,0,0,0,0,0,0,0,0,0,0,0,0,0,0,0,0,0,0,0,0,0,0,0,0,0,0,0,0,0,0,0,0,0,0,0,0,0,0,0,0,0,0,0,0
GF10_A2_d101,100,0,0,0,0,0,0,0,0,0,0,0,0,0,0,0,0,0,0,0,0,0,0,0,0,0,0,0,0,0,0,0,0,0,0,0,0,0,0,0,0,0,0,0,0,0,0,0,0,0,0,0,0,0,0,0
GF10_A2_d103,97.80008,0,0,2.04913,0,0,0,0,0,0,0.15079,0,0,0,0,0,0,0,0,0,0,0,0,0,0,0,0,0,0,0,0,0,0,0,0,0,0,0,0,0,0,0,0,0,0,0,0,0,0,0,0,0,0,0,0,0
GF10_A2_d104_colon,91.65125,0,2.97899,4.11575,0,0,0,0,0,0.0691,1.18491,0,0,0,0,0,0,0,0,0,0,0,0,0,0,0,0,0,0,0,0,0,0,0,0,0,0,0,0,0,0,0,0,0,0,0,0,0,0,0,0,0,0,0,0,0
GF10_A2_d127_colon,100,0,0,0,0,0,0,0,0,0,0,0,0,0,0,0,0,0,0,0,0,0,0,0,0,0,0,0,0,0,0,0,0,0,0,0,0,0,0,0,0,0,0,0,0,0,0,0,0,0,0,0,0,0,0,0
GF10_A2_D32,15.23365,0,1.12087,8.59217,0,0,0,0,31.02609,25.76183,7.36683,7.82784,1.77991,0.9568,0.22497,0.10904,0,0,0,0,0,0,0,0,0,0,0,0,0,0,0,0,0,0,0,0,0,0,0,0,0,0,0,0,0,0,0,0,0,0,0,0,0,0,0,0
GF10_A2_D33,93.88484,0,0.09868,2.44982,0,0,0,0,1.96955,0.13743,1.45968,0,0,0,0,0,0,0,0,0,0,0,0,0,0,0,0,0,0,0,0,0,0,0,0,0,0,0,0,0,0,0,0,0,0,0,0,0,0,0,0,0,0,0,0,0
GF10_A2_D34,77.10157,0,0,4.36083,0,0,0,0,10.34823,3.1799,3.16467,1.16145,0.68335,0,0,0,0,0,0,0,0,0,0,0,0,0,0,0,0,0,0,0,0,0,0,0,0,0,0,0,0,0,0,0,0,0,0,0,0,0,0,0,0,0,0,0
GF10_A2_d77,91.34202,0,0,8.65798,0,0,0,0,0,0,0,0,0,0,0,0,0,0,0,0,0,0,0,0,0,0,0,0,0,0,0,0,0,0,0,0,0,0,0,0,0,0,0,0,0,0,0,0,0,0,0,0,0,0,0,0
GF10_A2_d79,100,0,0,0,0,0,0,0,0,0,0,0,0,0,0,0,0,0,0,0,0,0,0,0,0,0,0,0,0,0,0,0,0,0,0,0,0,0,0,0,0,0,0,0,0,0,0,0,0,0,0,0,0,0,0,0
GF10_A3_COLON_D35,0,0,0,100,0,0,0,0,0,0,0,0,0,0,0,0,0,0,0,0,0,0,0,0,0,0,0,0,0,0,0,0,0,0,0,0,0,0,0,0,0,0,0,0,0,0,0,0,0,0,0,0,0,0,0,0
GF10_A3_d104_colon,13.97768,0,0.23283,1.13702,0,0,0,0,31.32691,37.1432,8.4164,4.51583,0.34888,1.43614,1.09863,0,0.35403,0,0.01245,0,0,0,0,0,0,0,0,0,0,0,0,0,0,0,0,0,0,0,0,0,0,0,0,0,0,0,0,0,0,0,0,0,0,0,0,0
GF10_A3_D33,96.61965,0,0,1.85936,0,0,0,0,0,0.64635,0.87464,0,0,0,0,0,0,0,0,0,0,0,0,0,0,0,0,0,0,0,0,0,0,0,0,0,0,0,0,0,0,0,0,0,0,0,0,0,0,0,0,0,0,0,0,0
GF10_A3_D34,83.11604,0,0,4.20296,0,0,0,0,7.1996,2.2589,2.06213,1.16038,0,0,0,0,0,0,0,0,0,0,0,0,0,0,0,0,0,0,0,0,0,0,0,0,0,0,0,0,0,0,0,0,0,0,0,0,0,0,0,0,0,0,0,0
GF10_A3_d79,93.64785,0,0,6.35215,0,0,0,0,0,0,0,0,0,0,0,0,0,0,0,0,0,0,0,0,0,0,0,0,0,0,0,0,0,0,0,0,0,0,0,0,0,0,0,0,0,0,0,0,0,0,0,0,0,0,0,0
GF10_A3_d80_colon,94.80328,0,0,0.44522,0,0,0,0,1.98778,1.01102,1.7527,0,0,0,0,0,0,0,0,0,0,0,0,0,0,0,0,0,0,0,0,0,0,0,0,0,0,0,0,0,0,0,0,0,0,0,0,0,0,0,0,0,0,0,0,0
GF10_A4_d101,96.46504,0,0,2.74942,0,0,0,0,0.68964,0,0.09591,0,0,0,0,0,0,0,0,0,0,0,0,0,0,0,0,0,0,0,0,0,0,0,0,0,0,0,0,0,0,0,0,0,0,0,0,0,0,0,0,0,0,0,0,0
GF10_A4_d104_colon,0,0,3.71776,0,0,0,0,0,67.81901,18.87685,9.58638,0,0,0,0,0,0,0,0,0,0,0,0,0,0,0,0,0,0,0,0,0,0,0,0,0,0,0,0,0,0,0,0,0,0,0,0,0,0,0,0,0,0,0,0,0
GF10_A4_d77,93.17815,0,0,6.82185,0,0,0,0,0,0,0,0,0,0,0,0,0,0,0,0,0,0,0,0,0,0,0,0,0,0,0,0,0,0,0,0,0,0,0,0,0,0,0,0,0,0,0,0,0,0,0,0,0,0,0,0
GF10_A5_d101,98.68413,0,0,1.31587,0,0,0,0,0,0,0,0,0,0,0,0,0,0,0,0,0,0,0,0,0,0,0,0,0,0,0,0,0,0,0,0,0,0,0,0,0,0,0,0,0,0,0,0,0,0,0,0,0,0,0,0
GF10_A5_d104_colon,95.25225,0,0.34014,4.40762,0,0,0,0,0,0,0,0,0,0,0,0,0,0,0,0,0,0,0,0,0,0,0,0,0,0,0,0,0,0,0,0,0,0,0,0,0,0,0,0,0,0,0,0,0,0,0,0,0,0,0,0
GF10_A5_d127_colon,37.18621,0,0,0,0,0,0,0,0,15.54328,0,0,47.27051,0,0,0,0,0,0,0,0,0,0,0,0,0,0,0,0,0,0,0,0,0,0,0,0,0,0,0,0,0,0,0,0,0,0,0,0,0,0,0,0,0,0,0
GF10_A56_d101,96.77465,0,0,2.98674,0,0,0,0,0.01422,0,0.22438,0,0,0,0,0,0,0,0,0,0,0,0,0,0,0,0,0,0,0,0,0,0,0,0,0,0,0,0,0,0,0,0,0,0,0,0,0,0,0,0,0,0,0,0,0
GF10_A6_d102,82.00927,0,0.35076,2.90735,0,0,0,0,10.11819,1.90886,1.25486,0,0,0,0,0,0,0,0,0,0,0,0,1.45071,0,0,0,0,0,0,0,0,0,0,0,0,0,0,0,0,0,0,0,0,0,0,0,0,0,0,0,0,0,0,0,0
GF10_A6_d103,27.61052,0,21.40135,1.6323,0,0,0,0,23.73079,9.63699,10.46926,0,0,0,0,0,0,0,0,0,0,0,0,5.51878,0,0,0,0,0,0,0,0,0,0,0,0,0,0,0,0,0,0,0,0,0,0,0,0,0,0,0,0,0,0,0,0
GF10_A6_d104_colon,2.33837,0,40.54838,0,0,0,0,0,23.93054,16.76044,7.82776,0,0,0,0,0,0,0,0,0,0,0,0,8.59451,0,0,0,0,0,0,0,0,0,0,0,0,0,0,0,0,0,0,0,0,0,0,0,0,0,0,0,0,0,0,0,0
GF10_A7_d103,96.58872,0,2.98369,0.42759,0,0,0,0,0,0,0,0,0,0,0,0,0,0,0,0,0,0,0,0,0,0,0,0,0,0,0,0,0,0,0,0,0,0,0,0,0,0,0,0,0,0,0,0,0,0,0,0,0,0,0,0
GF10_A7_d104_colon,99.39981,0,0.60019,0,0,0,0,0,0,0,0,0,0,0,0,0,0,0,0,0,0,0,0,0,0,0,0,0,0,0,0,0,0,0,0,0,0,0,0,0,0,0,0,0,0,0,0,0,0,0,0,0,0,0,0,0
GF10_A7_d127_colon,60.05763,0,0,0.44265,0,0,0,0,0,0,0,0,39.49972,0,0,0,0,0,0,0,0,0,0,0,0,0,0,0,0,0,0,0,0,0,0,0,0,0,0,0,0,0,0,0,0,0,0,0,0,0,0,0,0,0,0,0
GF10_A8_d102,99.20868,0,0,0.79132,0,0,0,0,0,0,0,0,0,0,0,0,0,0,0,0,0,0,0,0,0,0,0,0,0,0,0,0,0,0,0,0,0,0,0,0,0,0,0,0,0,0,0,0,0,0,0,0,0,0,0,0
GF10_A8_d104_colon,20.04908,0,1.81545,0.90843,0,0,0,0,40.21571,10.92224,18.30269,4.68125,0.55796,1.1123,0.70481,0.64589,0.08418,0,0,0,0,0,0,0,0,0,0,0,0,0,0,0,0,0,0,0,0,0,0,0,0,0,0,0,0,0,0,0,0,0,0,0,0,0,0,0
GF10_Adam_d1,6.18029,0,0,3.39554,0,0,0,0,7.69753,18.67286,16.20144,0,8.91212,1.17649,0,0,0,0,0,0,0,0,0,37.76372,0,0,0,0,0,0,0,0,0,0,0,0,0,0,0,0,0,0,0,0,0,0,0,0,0,0,0,0,0,0,0,0
GF10_Adam_d20,3.21946,0,0,2.4419,0,0,0,0,40.01328,14.40899,7.6007,2.88975,2.75599,1.44375,0,0,5.22338,0.08288,0,0,0,0,0,19.91991,0,0,0,0,0,0,0,0,0,0,0,0,0,0,0,0,0,0,0,0,0,0,0,0,0,0,0,0,0,0,0,0
GF10_C1_COLON_D55,99.30141,0,0,0.69859,0,0,0,0,0,0,0,0,0,0,0,0,0,0,0,0,0,0,0,0,0,0,0,0,0,0,0,0,0,0,0,0,0,0,0,0,0,0,0,0,0,0,0,0,0,0,0,0,0,0,0,0
GF10_C1_d55,0,0,0,0,0,0,0,0,0,0,0,0,0,0,0,0,0,0,0,0,0,0,0,0,0,0,0,0,0,100,0,0,0,0,0,0,0,0,0,0,0,0,0,0,0,0,0,0,0,0,0,0,0,0,0,0
GF10_C1_d77,77.28815,0,0,0.33375,0,0,0,0,22.37811,0,0,0,0,0,0,0,0,0,0,0,0,0,0,0,0,0,0,0,0,0,0,0,0,0,0,0,0,0,0,0,0,0,0,0,0,0,0,0,0,0,0,0,0,0,0,0
GF10_C10_COLON_D55,0,0,100,0,0,0,0,0,0,0,0,0,0,0,0,0,0,0,0,0,0,0,0,0,0,0,0,0,0,0,0,0,0,0,0,0,0,0,0,0,0,0,0,0,0,0,0,0,0,0,0,0,0,0,0,0
GF10_C2_COLON_D35,50.39036,0,0.71548,19.11453,0,0,0,0,1.62405,0.13294,0.1811,0,0,0,0,0,9.37908,4.43307,0,0,0,0,0,0,0,0,0,0,0,0,10.57345,3.45595,0,0,0,0,0,0,0,0,0,0,0,0,0,0,0,0,0,0,0,0,0,0,0,0
GF10_C2_COLON_D55,100,0,0,0,0,0,0,0,0,0,0,0,0,0,0,0,0,0,0,0,0,0,0,0,0,0,0,0,0,0,0,0,0,0,0,0,0,0,0,0,0,0,0,0,0,0,0,0,0,0,0,0,0,0,0,0
GF10_C2_d101,96.85893,0,0,1.81701,0,0,0,0,0.81571,0,0.50835,0,0,0,0,0,0,0,0,0,0,0,0,0,0,0,0,0,0,0,0,0,0,0,0,0,0,0,0,0,0,0,0,0,0,0,0,0,0,0,0,0,0,0,0,0
GF10_C2_d103,65.92274,0,0,0.02098,0,0,0,0,0,22.40885,10.95255,0,0,0,0,0,0,0,0,0,0,0,0,0.69488,0,0,0,0,0,0,0,0,0,0,0,0,0,0,0,0,0,0,0,0,0,0,0,0,0,0,0,0,0,0,0,0
GF10_C2_d104_colon,47.67107,0,0,0,0,0,0,0,0,36.13986,16.18907,0,0,0,0,0,0,0,0,0,0,0,0,0,0,0,0,0,0,0,0,0,0,0,0,0,0,0,0,0,0,0,0,0,0,0,0,0,0,0,0,0,0,0,0,0
GF10_C2_D32,80.58598,0,0,6.88325,0,0,0,0,1.96542,2.71375,0.91296,0,0,0,0,0,2.51985,0.60028,0,0,0,0,0,0,0,0,0,0,0,0,3.51969,0.29881,0,0,0,0,0,0,0,0,0,0,0,0,0,0,0,0,0,0,0,0,0,0,0,0
GF10_C2_D33,95.38841,0,0,2.24202,0,0,0,0,1.87977,0,0.4898,0,0,0,0,0,0,0,0,0,0,0,0,0,0,0,0,0,0,0,0,0,0,0,0,0,0,0,0,0,0,0,0,0,0,0,0,0,0,0,0,0,0,0,0,0
GF10_C2_D34,89.67142,0,0,6.92085,0,0,0,0,1.02488,0.38864,0.12783,1.86638,0,0,0,0,0,0,0,0,0,0,0,0,0,0,0,0,0,0,0,0,0,0,0,0,0,0,0,0,0,0,0,0,0,0,0,0,0,0,0,0,0,0,0,0
GF10_C2_d55,0.21617,0,1.81126,1.40212,0,0,0,0,42.1472,0,21.10246,0.07549,0,2.28117,0,0,0,0,0,0,0,0,0,0,0,0,0,0,0,0,0,30.73702,0.22711,0,0,0,0,0,0,0,0,0,0,0,0,0,0,0,0,0,0,0,0,0,0,0
GF10_C2_d77,37.39165,0,0.10797,1.5488,0,0,0,0,55.26831,0,0.38524,0.71521,4.58283,0,0,0,0,0,0,0,0,0,0,0,0,0,0,0,0,0,0,0,0,0,0,0,0,0,0,0,0,0,0,0,0,0,0,0,0,0,0,0,0,0,0,0
GF10_C2_d80_colon,100,0,0,0,0,0,0,0,0,0,0,0,0,0,0,0,0,0,0,0,0,0,0,0,0,0,0,0,0,0,0,0,0,0,0,0,0,0,0,0,0,0,0,0,0,0,0,0,0,0,0,0,0,0,0,0
GF10_C3_COLON_D35,65.2473,0,1.44554,16.68483,0,0,0,0,0,0,1.83502,0,0,0,0,0,3.85063,2.54986,0,0,0,0,0,0,0,0,0,0,0,0,7.22575,1.16108,0,0,0,0,0,0,0,0,0,0,0,0,0,0,0,0,0,0,0,0,0,0,0,0
GF10_C3_d101,58.31981,0,0.06959,0.98472,0,0,0,0,0.35353,0,0.35531,0,39.91704,0,0,0,0,0,0,0,0,0,0,0,0,0,0,0,0,0,0,0,0,0,0,0,0,0,0,0,0,0,0,0,0,0,0,0,0,0,0,0,0,0,0,0
GF10_C3_D33,99.87258,0,0,0.12742,0,0,0,0,0,0,0,0,0,0,0,0,0,0,0,0,0,0,0,0,0,0,0,0,0,0,0,0,0,0,0,0,0,0,0,0,0,0,0,0,0,0,0,0,0,0,0,0,0,0,0,0
GF10_C3_d55,100,0,0,0,0,0,0,0,0,0,0,0,0,0,0,0,0,0,0,0,0,0,0,0,0,0,0,0,0,0,0,0,0,0,0,0,0,0,0,0,0,0,0,0,0,0,0,0,0,0,0,0,0,0,0,0
GF10_C3_d78,100,0,0,0,0,0,0,0,0,0,0,0,0,0,0,0,0,0,0,0,0,0,0,0,0,0,0,0,0,0,0,0,0,0,0,0,0,0,0,0,0,0,0,0,0,0,0,0,0,0,0,0,0,0,0,0
GF10_C4_COLON_D55,100,0,0,0,0,0,0,0,0,0,0,0,0,0,0,0,0,0,0,0,0,0,0,0,0,0,0,0,0,0,0,0,0,0,0,0,0,0,0,0,0,0,0,0,0,0,0,0,0,0,0,0,0,0,0,0
GF10_C4_d102_colon,100,0,0,0,0,0,0,0,0,0,0,0,0,0,0,0,0,0,0,0,0,0,0,0,0,0,0,0,0,0,0,0,0,0,0,0,0,0,0,0,0,0,0,0,0,0,0,0,0,0,0,0,0,0,0,0
GF10_C4_d55,0.90128,0,1.53002,1.70866,0,0,0,0,38.67691,0,20.06044,0.87668,0,0,0,0,0,0,0,0,0,0,0,0,0,0,0,0,0,0,0.04279,36.084,0.11924,0,0,0,0,0,0,0,0,0,0,0,0,0,0,0,0,0,0,0,0,0,0,0
GF10_C4_d77,39.6182,0,0,4.86103,0,0,0,0,27.63978,0,0.9527,5.13304,21.79525,0,0,0,0,0,0,0,0,0,0,0,0,0,0,0,0,0,0,0,0,0,0,0,0,0,0,0,0,0,0,0,0,0,0,0,0,0,0,0,0,0,0,0
GF10_C4_d80_colon,41.53473,0,0,0,0,0,0,0,0,11.94707,46.43025,0,0,0,0,0,0,0,0,0,0,0,0,0.08795,0,0,0,0,0,0,0,0,0,0,0,0,0,0,0,0,0,0,0,0,0,0,0,0,0,0,0,0,0,0,0,0
GF10_C5_COLON_D55,12.07846,0,19.18934,1.00906,0,0,0,0,0,0,0,0,0,67.72314,0,0,0,0,0,0,0,0,0,0,0,0,0,0,0,0,0,0,0,0,0,0,0,0,0,0,0,0,0,0,0,0,0,0,0,0,0,0,0,0,0,0
GF10_C5_d101,96.84976,0,0.28917,1.49395,0,0,0,0,1.20562,0,0.1615,0,0,0,0,0,0,0,0,0,0,0,0,0,0,0,0,0,0,0,0,0,0,0,0,0,0,0,0,0,0,0,0,0,0,0,0,0,0,0,0,0,0,0,0,0
GF10_C5_d55,0,0,3.00231,1.50035,0,0,0,0,45.65209,0,19.96544,0,0,0,0,0,0,0,0,0,0,0,0,0,0,0,0,0,0,0,0,29.87981,0,0,0,0,0,0,0,0,0,0,0,0,0,0,0,0,0,0,0,0,0,0,0,0
GF10_C5_d77,98.38223,0,0,1.61777,0,0,0,0,0,0,0,0,0,0,0,0,0,0,0,0,0,0,0,0,0,0,0,0,0,0,0,0,0,0,0,0,0,0,0,0,0,0,0,0,0,0,0,0,0,0,0,0,0,0,0,0
GF10_C6_COLON_D55,46.36692,0,34.28,0.72318,0,0,0,0,0,0.79117,0,0,0,17.83873,0,0,0,0,0,0,0,0,0,0,0,0,0,0,0,0,0,0,0,0,0,0,0,0,0,0,0,0,0,0,0,0,0,0,0,0,0,0,0,0,0,0
GF10_C6_d101,99.87219,0,0,0.12781,0,0,0,0,0,0,0,0,0,0,0,0,0,0,0,0,0,0,0,0,0,0,0,0,0,0,0,0,0,0,0,0,0,0,0,0,0,0,0,0,0,0,0,0,0,0,0,0,0,0,0,0
GF10_C6_d55,1.29632,0,2.82605,1.17972,0,0,0,0,40.53566,0,22.20621,0,0,1.36853,0,0,0,0,0,0,0,0,0,0,0,0,0,0,0,0,0,30.27019,0.31731,0,0,0,0,0,0,0,0,0,0,0,0,0,0,0,0,0,0,0,0,0,0,0
GF10_C7_COLON_D55,100,0,0,0,0,0,0,0,0,0,0,0,0,0,0,0,0,0,0,0,0,0,0,0,0,0,0,0,0,0,0,0,0,0,0,0,0,0,0,0,0,0,0,0,0,0,0,0,0,0,0,0,0,0,0,0
GF10_C8_COLON_D55,100,0,0,0,0,0,0,0,0,0,0,0,0,0,0,0,0,0,0,0,0,0,0,0,0,0,0,0,0,0,0,0,0,0,0,0,0,0,0,0,0,0,0,0,0,0,0,0,0,0,0,0,0,0,0,0
GF10_C8_d101,97.48219,0,0.37949,1.36398,0,0,0,0,0.61946,0,0.15488,0,0,0,0,0,0,0,0,0,0,0,0,0,0,0,0,0,0,0,0,0,0,0,0,0,0,0,0,0,0,0,0,0,0,0,0,0,0,0,0,0,0,0,0,0
GF10_C8_d103,2.3161,0,20.33308,30.02357,0,0,0,0,0,22.60431,24.72295,0,0,0,0,0,0,0,0,0,0,0,0,0,0,0,0,0,0,0,0,0,0,0,0,0,0,0,0,0,0,0,0,0,0,0,0,0,0,0,0,0,0,0,0,0
GF10_C8_d55,6.42812,0,0.55084,2.73095,0,0,0,0,50.2251,7.26789,8.62521,1.74869,0.23155,3.05557,0.7529,0.08552,0.35672,0,0,0,0,0,0,0,0,0,0,0,0,0,0,17.91725,0.02368,0,0,0,0,0,0,0,0,0,0,0,0,0,0,0,0,0,0,0,0,0,0,0
GF10_C9_COLON_D55,0,0,92.80029,7.19971,0,0,0,0,0,0,0,0,0,0,0,0,0,0,0,0,0,0,0,0,0,0,0,0,0,0,0,0,0,0,0,0,0,0,0,0,0,0,0,0,0,0,0,0,0,0,0,0,0,0,0,0
GF10_Cdam_d0,0.67313,0,0.26915,0.71078,0,0,0,0,37.35194,0,17.16815,7.12766,0,0,0,0,0,0,0,0,0,0,0,0,0,0,0,0,0,0,0,36.5025,0.19669,0,0,0,0,0,0,0,0,0,0,0,0,0,0,0,0,0,0,0,0,0,0,0
GF10_Cdam_d1,14.91775,0,0.29969,4.04574,0,0,0,0,44.96385,24.87042,6.51831,0,3.5157,0.8036,0,0,0,0,0,0,0,0,0,0.06495,0,0,0,0,0,0,0,0,0,0,0,0,0,0,0,0,0,0,0,0,0,0,0,0,0,0,0,0,0,0,0,0
GF10_Cdam_d20,3.84699,0,0,4.20382,0,0,0,0,42.98639,14.23004,7.02969,0,1.88303,2.16838,0,0,3.83456,0,0,0,0,0,0,19.8171,0,0,0,0,0,0,0,0,0,0,0,0,0,0,0,0,0,0,0,0,0,0,0,0,0,0,0,0,0,0,0,0
GF10_INOC,64.19176,0,0,7.98061,0,0,0,0,10.2886,4.22671,4.67574,8.42551,0.0703,0,0,0,0,0,0,0,0,0,0,0,0,0,0,0.14077,0,0,0,0,0,0,0,0,0,0,0,0,0,0,0,0,0,0,0,0,0,0,0,0,0,0,0,0
GF11_A_DAM_D0,29.55213,0,6.26809,20.90831,0,0,0,0,0.72829,1.41866,0.52698,0,0,6.55833,0,0,9.26366,3.93963,0,0,0,0,0,0,0,0,0,0,0,0,17.10335,3.73258,0,0,0,0,0,0,0,0,0,0,0,0,0,0,0,0,0,0,0,0,0,0,0,0
GF11_A1_COLON_D38,4.90762,0,18.59621,31.35805,0,0,0,0,0.17126,0,0,0.21529,0,10.8594,0,0,11.4148,4.86182,0,0,0,0,0,0,0,0,0,0,0,0,10.79707,6.81848,0,0,0,0,0,0,0,0,0,0,0,0,0,0,0,0,0,0,0,0,0,0,0,0
GF11_A1_D35,2.52303,0,35.24413,12.27589,0,0,0,0,0,0,0,0,0,44.09762,0,0,0.73699,0.04546,0,0,0,0,0,0,0,0,0,0,0,0,1.20358,3.8733,0,0,0,0,0,0,0,0,0,0,0,0,0,0,0,0,0,0,0,0,0,0,0,0
GF11_A1_D37,0.88417,0,11.03738,23.62206,0,0,0,0,1.62185,0,0.90634,0,0,60.162,0,0,0.00754,0,0,0,0,0,0,0,0,0,0,0,0,0,0.04235,1.71629,0,0,0,0,0,0,0,0,0,0,0,0,0,0,0,0,0,0,0,0,0,0,0,0
GF11_A2_COLON_D38,4.63885,0,25.74291,27.48098,0,0,0,0,0,0,0,0,0,19.16224,0,0,5.22326,4.22775,0,0,0,0,0,0,0,0,0,0,0,0,8.89696,4.62706,0,0,0,0,0,0,0,0,0,0,0,0,0,0,0,0,0,0,0,0,0,0,0,0
GF11_A2_D35,0.2144,0,66.48318,25.64749,0,0,0,0,0,0,0.03536,0,0,5.76753,0,0,0,0,0,0,0,0,0,0,0,0,0,0,0,0,0.05126,1.80078,0,0,0,0,0,0,0,0,0,0,0,0,0,0,0,0,0,0,0,0,0,0,0,0
GF11_A2_D36,0,0,75.87948,24.12052,0,0,0,0,0,0,0,0,0,0,0,0,0,0,0,0,0,0,0,0,0,0,0,0,0,0,0,0,0,0,0,0,0,0,0,0,0,0,0,0,0,0,0,0,0,0,0,0,0,0,0,0
GF11_A3_D36,0,0,100,0,0,0,0,0,0,0,0,0,0,0,0,0,0,0,0,0,0,0,0,0,0,0,0,0,0,0,0,0,0,0,0,0,0,0,0,0,0,0,0,0,0,0,0,0,0,0,0,0,0,0,0,0
GF11_A4_COLON_D38,0.82432,0,27.93659,23.42302,0,0,0,0,0.23427,0,0,0,0,21.23196,0,0,8.72893,2.78626,0,0,0,0,0,0,0,0,0,0,0,0,10.96555,3.8691,0,0,0,0,0,0,0,0,0,0,0,0,0,0,0,0,0,0,0,0,0,0,0,0
GF11_A4_D37,0,0,84.76134,4.02981,0,0,0,0,0.28289,0,0,0,0,10.16063,0,0,0,0,0,0,0,0,0,0,0,0,0,0,0,0,0,0.76533,0,0,0,0,0,0,0,0,0,0,0,0,0,0,0,0,0,0,0,0,0,0,0,0
GF11_A5_D35,0,0,1.66026,3.30513,0,0,0,0,0,0,0,0,0,79.52014,0,0,0,0,0,0,0,0,0,0,0,0,0,0,0,0,0,15.51447,0,0,0,0,0,0,0,0,0,0,0,0,0,0,0,0,0,0,0,0,0,0,0,0
GF11_B_dam_d111,0.05293,0,1.41501,2.63994,0,0,0,0,31.21691,0,2.99221,0,0,0.15718,0,0,5.34758,0.98656,0,0,0,0,0,0,0,0,0,0,0,0,1.16675,53.07301,0.26066,0.39513,0.29613,0,0,0,0,0,0,0,0,0,0,0,0,0,0,0,0,0,0,0,0,0
GF11_B_dam_d20,0.32383,0,1.68239,3.17522,0,0,0,0,22.36994,0,0,0,0,0.25886,0,0,6.52373,2.09845,0,0,0,0,0,0,0,0,0,0,0,0,1.33656,61.48453,0,0.34625,0.40024,0,0,0,0,0,0,0,0,0,0,0,0,0,0,0,0,0,0,0,0,0
GF11_B_dam_d7,0,0,3.92277,1.2033,0,0,0,0,14.25798,0,0,0,0,1.39968,0,0,5.32499,0.1951,0,0,0,0,0,0,0,0,0,0,0,0,1.03404,71.92382,0.13936,0.5896,0.00936,0,0,0,0,0,0,0,0,0,0,0,0,0,0,0,0,0,0,0,0,0
GF11_B1_COLON_D38,0,0,29.02163,28.32483,0,0,0,0,0,0,0,0,0,23.48869,0,0,6.28498,1.89397,0,0,0,0,0,0,0,0,0,0,0,0,7.70673,3.27918,0,0,0,0,0,0,0,0,0,0,0,0,0,0,0,0,0,0,0,0,0,0,0,0
GF11_B1_d105_colon,4.83384,0,22.8631,2.47207,0,0,0,0,13.94344,53.12622,2.76134,0,0,0,0,0,0,0,0,0,0,0,0,0,0,0,0,0,0,0,0,0,0,0,0,0,0,0,0,0,0,0,0,0,0,0,0,0,0,0,0,0,0,0,0,0
GF11_B1_D36,2.86039,0,23.81369,29.64617,0,0,0,0,0.62378,0,0,0,0,18.61934,0,0,6.68558,2.69707,0,0,0,0,0,0,0,0,0,0,0,0,11.63361,3.42038,0,0,0,0,0,0,0,0,0,0,0,0,0,0,0,0,0,0,0,0,0,0,0,0
GF11_B1_d71,0,0,0,0,0,0,0,0,0.01545,0,0,0,0,98.23761,0,0,0,0,0,0,0,0,0,0,0,0,0,0,0,0,0,1.74694,0,0,0,0,0,0,0,0,0,0,0,0,0,0,0,0,0,0,0,0,0,0,0,0
GF11_B2_COLON_D38,0,0,64.7955,11.59457,0,0,0,0,0,0,0,0,0,19.67138,0,0,1.33587,0,0,0,0,0,0,0,0,0,0,0,0,0,2.03955,0.56313,0,0,0,0,0,0,0,0,0,0,0,0,0,0,0,0,0,0,0,0,0,0,0,0
GF11_B2_d105_colon,0,0,6.77331,3.43635,0,0,0,0,38.87298,0,8.42197,0,0,0,0,0,0,0,0,0,0,0,0,0,0,0,0,0,0,0,0,40.31561,0,0,2.17978,0,0,0,0,0,0,0,0,0,0,0,0,0,0,0,0,0,0,0,0,0
GF11_B2_D36,5.90098,0,19.29666,23.18796,0,0,0,0,0,0,0,0,0,24.83227,0,0,9.15645,2.07058,0,0,0,0,0,0,0,0,0,0,0,0,11.18752,4.36759,0,0,0,0,0,0,0,0,0,0,0,0,0,0,0,0,0,0,0,0,0,0,0,0
GF11_B2_d71,0.61275,0,0,9.41894,0,0,0,0,0,0,0.21354,0,0,87.74056,0,0,0,0,0,0,0,0,0,0,0,0,0,0,0,0,0,2.01421,0,0,0,0,0,0,0,0,0,0,0,0,0,0,0,0,0,0,0,0,0,0,0,0
GF11_B2_d73,70.48426,0,0,0,0,0,0,0,0,0,0,0,0,29.51574,0,0,0,0,0,0,0,0,0,0,0,0,0,0,0,0,0,0,0,0,0,0,0,0,0,0,0,0,0,0,0,0,0,0,0,0,0,0,0,0,0,0
GF11_B3_COLON_D38,0,0,57.30187,7.6351,0,0,0,0,0,0,0,0,0,35.06303,0,0,0,0,0,0,0,0,0,0,0,0,0,0,0,0,0,0,0,0,0,0,0,0,0,0,0,0,0,0,0,0,0,0,0,0,0,0,0,0,0,0
GF11_B3_d105_colon,0,0,6.56476,1.22637,0,0,0,0,30.65711,0,4.32473,0,0,0,0,0,0,0,0,0,0,0,0,0,0,0,0,0,0,0,0,57.22703,0,0,0,0,0,0,0,0,0,0,0,0,0,0,0,0,0,0,0,0,0,0,0,0
GF11_B3_D35,0,0,95.32235,4.01707,0,0,0,0,0,0,0,0,0,0,0,0,0,0,0,0,0,0,0,0,0,0,0,0,0,0,0,0.66057,0,0,0,0,0,0,0,0,0,0,0,0,0,0,0,0,0,0,0,0,0,0,0,0
GF11_B3_D37,0,0,96.07389,0.52405,0,0,0,0,0,0,0,0,0,3.40206,0,0,0,0,0,0,0,0,0,0,0,0,0,0,0,0,0,0,0,0,0,0,0,0,0,0,0,0,0,0,0,0,0,0,0,0,0,0,0,0,0,0
GF11_B3_d71,0.94608,0,0,1.86076,0,0,0,0,0,0,0,0,0,97.19315,0,0,0,0,0,0,0,0,0,0,0,0,0,0,0,0,0,0,0,0,0,0,0,0,0,0,0,0,0,0,0,0,0,0,0,0,0,0,0,0,0,0
GF11_B4_COLON_D38,0,0,100,0,0,0,0,0,0,0,0,0,0,0,0,0,0,0,0,0,0,0,0,0,0,0,0,0,0,0,0,0,0,0,0,0,0,0,0,0,0,0,0,0,0,0,0,0,0,0,0,0,0,0,0,0
GF11_B4_d105_colon,0.74226,0,3.1299,1.92354,0,0,0,0,14.9814,0,5.38398,0,0,0.20117,0,0,0,0,0,0,0,0,0,0,0,0,0,0,0,0,0,73.63776,0,0,0,0,0,0,0,0,0,0,0,0,0,0,0,0,0,0,0,0,0,0,0,0
GF11_B4_D35,0,0,11.30034,13.79192,0,0,0,0,0,0,0,0,0,72.06089,0,0,0,0,0,0,0,0,0,0,0,0,0,0,0,0,0,2.84686,0,0,0,0,0,0,0,0,0,0,0,0,0,0,0,0,0,0,0,0,0,0,0,0
GF11_B4_D37,0,0,25.60149,2.83339,0,0,0,0,0,0,0,0,0,71.56512,0,0,0,0,0,0,0,0,0,0,0,0,0,0,0,0,0,0,0,0,0,0,0,0,0,0,0,0,0,0,0,0,0,0,0,0,0,0,0,0,0,0
GF11_B4_d72,0,0,0,0,0,0,0,0,0,0,0,0,0,99.81081,0,0,0,0,0,0,0,0,0,0,0,0,0,0,0,0,0,0.18919,0,0,0,0,0,0,0,0,0,0,0,0,0,0,0,0,0,0,0,0,0,0,0,0
GF11_B4_d73,19.69273,0,0,0,0,0,0,0,0,0,0,0,0,80.30727,0,0,0,0,0,0,0,0,0,0,0,0,0,0,0,0,0,0,0,0,0,0,0,0,0,0,0,0,0,0,0,0,0,0,0,0,0,0,0,0,0,0
GF11_B4_d74_colon,100,0,0,0,0,0,0,0,0,0,0,0,0,0,0,0,0,0,0,0,0,0,0,0,0,0,0,0,0,0,0,0,0,0,0,0,0,0,0,0,0,0,0,0,0,0,0,0,0,0,0,0,0,0,0,0
GF11_B5_COLON_D38,0,0,85.33836,0,0,0,0,0,0,0,0,0,0,14.66164,0,0,0,0,0,0,0,0,0,0,0,0,0,0,0,0,0,0,0,0,0,0,0,0,0,0,0,0,0,0,0,0,0,0,0,0,0,0,0,0,0,0
GF11_B5_d105_colon,0,0,4.14903,2.52186,0,0,0,0,56.46414,0,8.8896,0,0,0.96235,0,0,1.02034,0,0,0,0,0,0,0,0,0,0,0,0,0,0,24.07404,0.05866,0,1.85997,0,0,0,0,0,0,0,0,0,0,0,0,0,0,0,0,0,0,0,0,0
GF11_B5_D35,0,0,93.47988,1.19421,0,0,0,0,0,0,0,0,0,5.32591,0,0,0,0,0,0,0,0,0,0,0,0,0,0,0,0,0,0,0,0,0,0,0,0,0,0,0,0,0,0,0,0,0,0,0,0,0,0,0,0,0,0
GF11_B5_D37,0,0,100,0,0,0,0,0,0,0,0,0,0,0,0,0,0,0,0,0,0,0,0,0,0,0,0,0,0,0,0,0,0,0,0,0,0,0,0,0,0,0,0,0,0,0,0,0,0,0,0,0,0,0,0,0
GF11_B5_d71,0,0,0,22.21839,0,0,0,0,0,0,0.02208,0,0,76.95051,0,0,0,0,0,0,0,0,0,0,0,0,0,0,0,0,0,0.80902,0,0,0,0,0,0,0,0,0,0,0,0,0,0,0,0,0,0,0,0,0,0,0,0
GF11_B5_d74_colon,100,0,0,0,0,0,0,0,0,0,0,0,0,0,0,0,0,0,0,0,0,0,0,0,0,0,0,0,0,0,0,0,0,0,0,0,0,0,0,0,0,0,0,0,0,0,0,0,0,0,0,0,0,0,0,0
GF11_B6_d105_colon,0,0,2.94589,1.74762,0,0,0,0,32.26074,0,6.03549,0,0,0.43657,0,0,0.2435,0,0,0,0,0,0,0,0,0,0,0,0,0,0,56.00153,0.01815,0,0.31051,0,0,0,0,0,0,0,0,0,0,0,0,0,0,0,0,0,0,0,0,0
GF11_B6_d71,0,0,73.34129,0.35668,0,0,0,0,0,0,0,0,0,25.87243,0,0,0,0,0,0,0,0,0,0,0,0,0,0,0,0,0,0.4296,0,0,0,0,0,0,0,0,0,0,0,0,0,0,0,0,0,0,0,0,0,0,0,0
GF11_B7_d105_colon,0,0,13.98124,5.63129,0,0,0,0,8.00359,0,1.68149,0,0,2.00162,0,0,0.01298,0,0,0,0,0,0,0,0,0,0,0,0,0,0,66.63134,0.14294,0,1.9135,0,0,0,0,0,0,0,0,0,0,0,0,0,0,0,0,0,0,0,0,0
GF11_B7_d71,0,0,66.40203,5.95436,0,0,0,0,0,0,0,0,0,25.88535,0,0,0,0,0,0,0,0,0,0,0,0,0,0,0,0,0,1.75825,0,0,0,0,0,0,0,0,0,0,0,0,0,0,0,0,0,0,0,0,0,0,0,0
GF11_B7_d73,100,0,0,0,0,0,0,0,0,0,0,0,0,0,0,0,0,0,0,0,0,0,0,0,0,0,0,0,0,0,0,0,0,0,0,0,0,0,0,0,0,0,0,0,0,0,0,0,0,0,0,0,0,0,0,0
GF11_B7_d74_colon,11.8149,0,11.7101,12.47745,0,0,0,0,25.02988,24.99584,12.19408,0.2451,0.50813,1.02454,0,0,0,0,0,0,0,0,0,0,0,0,0,0,0,0,0,0,0,0,0,0,0,0,0,0,0,0,0,0,0,0,0,0,0,0,0,0,0,0,0,0
GF11_B8_d105_colon,0,0,4.30599,1.34003,0,0,0,0,26.32516,0,6.05592,0,0,0.22084,0,0,0.80243,0,0,0,0,0,0,0,0,0,0,0,0,0,0,60.94963,0,0,0,0,0,0,0,0,0,0,0,0,0,0,0,0,0,0,0,0,0,0,0,0
GF11_C1_COLON_D38,0,0,6.98874,0,0,0,0,0,0,0,0,0,0,93.01126,0,0,0,0,0,0,0,0,0,0,0,0,0,0,0,0,0,0,0,0,0,0,0,0,0,0,0,0,0,0,0,0,0,0,0,0,0,0,0,0,0,0
GF11_C1_D36,0,0,13.86699,14.37393,0,0,0,0,0,0,0,0,0,61.5806,0,0,3.55819,0.44575,0,0,0,0,0,0,0,0,0,0,0,0,5.20414,0.97039,0,0,0,0,0,0,0,0,0,0,0,0,0,0,0,0,0,0,0,0,0,0,0,0
GF11_C1_d71,0,0,0,6.26949,0,0,0,0,0,0,0,0,0,92.49122,0,0,0,0,0,0,0,0,0,0,0,0,0,0,0,0,0,1.23929,0,0,0,0,0,0,0,0,0,0,0,0,0,0,0,0,0,0,0,0,0,0,0,0
GF11_C1_d74_colon,7.92226,0,20.13975,41.15151,0,0,0,0,4.1993,21.69726,3.73466,0,0,1.15526,0,0,0,0,0,0,0,0,0,0,0,0,0,0,0,0,0,0,0,0,0,0,0,0,0,0,0,0,0,0,0,0,0,0,0,0,0,0,0,0,0,0
GF11_C2_D37,0,0,94.47195,5.52805,0,0,0,0,0,0,0,0,0,0,0,0,0,0,0,0,0,0,0,0,0,0,0,0,0,0,0,0,0,0,0,0,0,0,0,0,0,0,0,0,0,0,0,0,0,0,0,0,0,0,0,0
GF11_C2_d71,0,0,0,2.49355,0,0,0,0,0,0,0,0,0,96.70592,0,0,0,0,0,0,0,0,0,0,0,0,0,0,0,0,0,0.80053,0,0,0,0,0,0,0,0,0,0,0,0,0,0,0,0,0,0,0,0,0,0,0,0
GF11_C2_d72,0,0,0,3.21062,0,0,0,0,0,0,0,0,0,96.52259,0,0,0,0,0,0,0,0,0,0,0,0,0,0,0,0,0,0.26679,0,0,0,0,0,0,0,0,0,0,0,0,0,0,0,0,0,0,0,0,0,0,0,0
GF11_C2_d74_colon,4.18408,0,4.84617,83.7209,0,0,0,0,0.36642,5.74365,0.89374,0,0,0.24504,0,0,0,0,0,0,0,0,0,0,0,0,0,0,0,0,0,0,0,0,0,0,0,0,0,0,0,0,0,0,0,0,0,0,0,0,0,0,0,0,0,0
GF11_C3_COLON_D38,0,0,100,0,0,0,0,0,0,0,0,0,0,0,0,0,0,0,0,0,0,0,0,0,0,0,0,0,0,0,0,0,0,0,0,0,0,0,0,0,0,0,0,0,0,0,0,0,0,0,0,0,0,0,0,0
GF11_C3_D35,0,0,97.33565,1.35672,0,0,0,0,0,0,0,0,0,0.83274,0,0,0,0,0,0,0,0,0,0,0,0,0,0,0,0,0,0.47489,0,0,0,0,0,0,0,0,0,0,0,0,0,0,0,0,0,0,0,0,0,0,0,0
GF11_C3_D36,0.44035,0,58.41538,11.45507,0,0,0,0,0,0,0,0,0,18.62506,0,0,2.7557,0.86809,0,0,0,0,0,0,0,0,0,0,0,0,5.11068,2.32967,0,0,0,0,0,0,0,0,0,0,0,0,0,0,0,0,0,0,0,0,0,0,0,0
GF11_C3_d71,0,0,0,0,0,0,0,0,0,0,0,0,0,100,0,0,0,0,0,0,0,0,0,0,0,0,0,0,0,0,0,0,0,0,0,0,0,0,0,0,0,0,0,0,0,0,0,0,0,0,0,0,0,0,0,0
GF11_C3_d74_colon,0,0,16.44286,21.15954,0,0,0,0,13.43452,0,32.26317,0,0,3.06569,0,0,0,0,0,0,0,0,0,0,0,0,0,0,0,0,0,0,13.63423,0,0,0,0,0,0,0,0,0,0,0,0,0,0,0,0,0,0,0,0,0,0,0
GF11_C4_COLON_D38,0,0,61.86798,0,0,0,0,0,0,0,0,0,0,38.13202,0,0,0,0,0,0,0,0,0,0,0,0,0,0,0,0,0,0,0,0,0,0,0,0,0,0,0,0,0,0,0,0,0,0,0,0,0,0,0,0,0,0
GF11_C4_D35,0,0,83.54219,12.65621,0,0,0,0,0,0,0,0,0,0.74061,0,0,0,0,0,0,0,0,0,0,0,0,0,0,0,0,0,3.06099,0,0,0,0,0,0,0,0,0,0,0,0,0,0,0,0,0,0,0,0,0,0,0,0
GF11_C4_D36,0,0,64.93938,8.96435,0,0,0,0,0,0,0,0,0,22.39048,0,0,0.28275,0,0,0,0,0,0,0,0,0,0,0,0,0,1.18642,2.23663,0,0,0,0,0,0,0,0,0,0,0,0,0,0,0,0,0,0,0,0,0,0,0,0
GF11_C4_d74_colon,0,0,47.53634,0,0,0,0,0,19.21285,0,31.12336,0,0,0,0,0,0,0,0,0,0,0,0,0,0,0,0,0,0,0,0,0,2.12745,0,0,0,0,0,0,0,0,0,0,0,0,0,0,0,0,0,0,0,0,0,0,0
GF11_C5_D37,0,0,92.46429,7.53571,0,0,0,0,0,0,0,0,0,0,0,0,0,0,0,0,0,0,0,0,0,0,0,0,0,0,0,0,0,0,0,0,0,0,0,0,0,0,0,0,0,0,0,0,0,0,0,0,0,0,0,0
GF11_C5_d71,0,0,0,20.43045,0,0,0,0,0,0,0,0,0,79.56955,0,0,0,0,0,0,0,0,0,0,0,0,0,0,0,0,0,0,0,0,0,0,0,0,0,0,0,0,0,0,0,0,0,0,0,0,0,0,0,0,0,0
GF11_C5_d72,0,0,0,21.75682,0,0,0,0,0,0,0,0,0,77.38586,0,0,0,0,0,0,0,0,0,0,0,0,0,0,0,0,0,0.85732,0,0,0,0,0,0,0,0,0,0,0,0,0,0,0,0,0,0,0,0,0,0,0,0
GF11_C5_d74_colon,14.99302,0,24.26751,3.71313,0,0,0,0,13.58829,37.94387,2.99954,1.85633,0.2775,0.18185,0.17896,0,0,0,0,0,0,0,0,0,0,0,0,0,0,0,0,0,0,0,0,0,0,0,0,0,0,0,0,0,0,0,0,0,0,0,0,0,0,0,0,0
GF11_C6_d71,0,0,0,2.09429,0,0,0,0,1.77669,0,0.65708,0,0,91.50065,0,0,0,0,0,0,0,0,0,0,0,0,0,0,0,0,0,3.97129,0,0,0,0,0,0,0,0,0,0,0,0,0,0,0,0,0,0,0,0,0,0,0,0
GF11_C6_d72,0.17325,0,0,2.26374,0,0,0,0,0,0,0.59243,0,0,95.11381,0,0,0,0,0,0,0,0,0,0,0,0,0,0,0,0,0,1.85678,0,0,0,0,0,0,0,0,0,0,0,0,0,0,0,0,0,0,0,0,0,0,0,0
GF11_C6_d74_colon,0.32284,0,16.17356,6.53349,0,0,0,0,46.1113,0,27.03912,0,0,1.84391,0,0,0,0,0,0,0,0,0,0,0,0,0,0,0,0,0,0,1.97577,0,0,0,0,0,0,0,0,0,0,0,0,0,0,0,0,0,0,0,0,0,0,0
GF11_C7_d71,0,0,0.10491,1.52821,0,0,0,0,0,0,0,0,0,96.38338,0,0,0,0,0,0,0,0,0,0,0,0,0,0,0,0,0,1.9835,0,0,0,0,0,0,0,0,0,0,0,0,0,0,0,0,0,0,0,0,0,0,0,0
GF11_C7_d72_colon,0,0,0,0,0,0,0,0,0,0,0,0,0,97.55676,0,0,0,0,0,0,0,0,0,0,0,0,0,0,0,0,0,2.44324,0,0,0,0,0,0,0,0,0,0,0,0,0,0,0,0,0,0,0,0,0,0,0,0
GF11_INOC,14.40629,0,9.08919,28.97205,0,0,0,0,2.21814,0,0,0,0,4.22588,0,0,10.13899,6.05938,0,0,0,0,0,0,0,0,0,0,0,0,20.55138,4.33869,0,0,0,0,0,0,0,0,0,0,0,0,0,0,0,0,0,0,0,0,0,0,0,0
GF12_A_dam_d21,0,0,0,71.86348,0,0,0,0,0,0,0,0,0,0,0,0,0,0,0,0,0,0,0,0,0,0,0,0,19.1027,0,0,0,0,0,0,9.03382,0,0,0,0,0,0,0,0,0,0,0,0,0,0,0,0,0,0,0,0
GF12_A_Dam_d85,0,0,0,1.11385,0,0,0,0,65.78856,23.15062,9.94698,0,0,0,0,0,0,0,0,0,0,0,0,0,0,0,0,0,0,0,0,0,0,0,0,0,0,0,0,0,0,0,0,0,0,0,0,0,0,0,0,0,0,0,0,0
GF12_A1_d31,0,0,0,1.20815,0,0,0,0,0,0,0,0,0,0,0,0,0,0,0,0,0,0,0,0,0,0,0,0,98.79185,0,0,0,0,0,0,0,0,0,0,0,0,0,0,0,0,0,0,0,0,0,0,0,0,0,0,0
GF12_A1_d76_colon,0,0,0,0.0456,0,0,0,0,66.0145,23.21206,10.72784,0,0,0,0,0,0,0,0,0,0,0,0,0,0,0,0,0,0,0,0,0,0,0,0,0,0,0,0,0,0,0,0,0,0,0,0,0,0,0,0,0,0,0,0,0
GF12_A2_d32,0,0,0,59.44316,0,0,0,0,0,0,0,0,0,0,0,0,0,0,0,0,0,0,0,0,0,0,0,0,40.55684,0,0,0,0,0,0,0,0,0,0,0,0,0,0,0,0,0,0,0,0,0,0,0,0,0,0,0
GF12_A2_d34_colon,92.50334,0,0,5.49987,0,0,0,0,0.8049,0,0,1.19189,0,0,0,0,0,0,0,0,0,0,0,0,0,0,0,0,0,0,0,0,0,0,0,0,0,0,0,0,0,0,0,0,0,0,0,0,0,0,0,0,0,0,0,0
GF12_A2_d76_colon,0,0,0,0.52611,0,0,0,0,67.70046,21.24882,10.52462,0,0,0,0,0,0,0,0,0,0,0,0,0,0,0,0,0,0,0,0,0,0,0,0,0,0,0,0,0,0,0,0,0,0,0,0,0,0,0,0,0,0,0,0,0
GF12_A3_d31,0,0,0,90.69378,0,0,0,0,2.20682,0.74951,0.20231,0,0,0,0,0,0,0,0,0,0,0,0,0,0,0,0,0,6.14758,0,0,0,0,0,0,0,0,0,0,0,0,0,0,0,0,0,0,0,0,0,0,0,0,0,0,0
GF12_A3_d76_colon,0,0,0,0.86874,0,0,0,0,43.82935,43.02776,12.27416,0,0,0,0,0,0,0,0,0,0,0,0,0,0,0,0,0,0,0,0,0,0,0,0,0,0,0,0,0,0,0,0,0,0,0,0,0,0,0,0,0,0,0,0,0
GF12_A4_d31,0,0,0,100,0,0,0,0,0,0,0,0,0,0,0,0,0,0,0,0,0,0,0,0,0,0,0,0,0,0,0,0,0,0,0,0,0,0,0,0,0,0,0,0,0,0,0,0,0,0,0,0,0,0,0,0
GF12_A4_d32,0,0,0,93.84476,0,0,0,0,0,0,0,0,0,0,0,0,0,0,0,0,0,0,0,0,0,0,0,0,6.15524,0,0,0,0,0,0,0,0,0,0,0,0,0,0,0,0,0,0,0,0,0,0,0,0,0,0,0
GF12_A4_d34_colon,0,0,0,0,0,0,0,0,1.28705,0,98.71295,0,0,0,0,0,0,0,0,0,0,0,0,0,0,0,0,0,0,0,0,0,0,0,0,0,0,0,0,0,0,0,0,0,0,0,0,0,0,0,0,0,0,0,0,0
GF12_A4_d76_colon,0,0,0,0,0,0,0,0,27.35287,61.07272,11.57441,0,0,0,0,0,0,0,0,0,0,0,0,0,0,0,0,0,0,0,0,0,0,0,0,0,0,0,0,0,0,0,0,0,0,0,0,0,0,0,0,0,0,0,0,0
GF12_A5_d34_colon,0,0,0,0,0,0,0,0,51.90076,12.42454,35.67469,0,0,0,0,0,0,0,0,0,0,0,0,0,0,0,0,0,0,0,0,0,0,0,0,0,0,0,0,0,0,0,0,0,0,0,0,0,0,0,0,0,0,0,0,0
GF12_A5_d76_colon,0,0,0,0,0,0,0,0,82.6031,12.75046,4.64644,0,0,0,0,0,0,0,0,0,0,0,0,0,0,0,0,0,0,0,0,0,0,0,0,0,0,0,0,0,0,0,0,0,0,0,0,0,0,0,0,0,0,0,0,0
GF12_A6_d76_colon,0,0,0,0.62601,0,0,0,0,74.34499,17.16753,7.86147,0,0,0,0,0,0,0,0,0,0,0,0,0,0,0,0,0,0,0,0,0,0,0,0,0,0,0,0,0,0,0,0,0,0,0,0,0,0,0,0,0,0,0,0,0
GF12_A7_d76_colon,0,0,0,0.53086,0,0,0,0,70.47959,19.01448,9.97507,0,0,0,0,0,0,0,0,0,0,0,0,0,0,0,0,0,0,0,0,0,0,0,0,0,0,0,0,0,0,0,0,0,0,0,0,0,0,0,0,0,0,0,0,0
GF12_A8_d76_colon,0,0,0,0,0,0,0,0,72.68966,20.40681,6.90353,0,0,0,0,0,0,0,0,0,0,0,0,0,0,0,0,0,0,0,0,0,0,0,0,0,0,0,0,0,0,0,0,0,0,0,0,0,0,0,0,0,0,0,0,0
GF12_B1_d79,0,0,0,86.45192,0,0,0,0,0.35812,0,0.88016,0,0,0,0,0,0,0,0,0,0,0,0,0,0,0,0,0,12.30979,0,0,0,0,0,0,0,0,0,0,0,0,0,0,0,0,0,0,0,0,0,0,0,0,0,0,0
GF12_B2_d32,0,0,0,99.94988,0,0,0,0,0,0,0,0,0,0,0,0,0,0,0,0,0,0,0,0,0,0,0,0,0.05012,0,0,0,0,0,0,0,0,0,0,0,0,0,0,0,0,0,0,0,0,0,0,0,0,0,0,0
GF12_B2_d79,0,0,0,0.35482,0,0,0,0,3.2596,0.03945,2.087,0,0,0,0,0,0,0,0,0,0,0,0,0,0,0,0,0,94.25914,0,0,0,0,0,0,0,0,0,0,0,0,0,0,0,0,0,0,0,0,0,0,0,0,0,0,0
GF12_B2_d81,0,0,0,0,0,0,0,0,0,4.17418,0,0,0,0,0,0,0,0,0,0,0,0,0,0,0,0,0,0,95.82582,0,0,0,0,0,0,0,0,0,0,0,0,0,0,0,0,0,0,0,0,0,0,0,0,0,0,0
GF12_B2_d82_colon,0,0,0,28.43125,0,0,0,0,0,0,57.31438,0,0,0,0,0,0,0,0,0,0,0,0,0,0,0,0,0,14.25437,0,0,0,0,0,0,0,0,0,0,0,0,0,0,0,0,0,0,0,0,0,0,0,0,0,0,0
GF12_B3_d31,0,0,0,0.97743,0,0,0,0,0,0,0,0,0,0,0,0,0,0,0,0,0,0,0,0,0,0,0,0,99.02257,0,0,0,0,0,0,0,0,0,0,0,0,0,0,0,0,0,0,0,0,0,0,0,0,0,0,0
GF12_B3_d80,0,0,0,92.92868,0,0,0,0,0.60275,0,1.57956,0,0,0,0,0,0,0,0,0,0,0,0,0,0,0,0,0,4.88901,0,0,0,0,0,0,0,0,0,0,0,0,0,0,0,0,0,0,0,0,0,0,0,0,0,0,0
GF12_B4_d31,0,0,0,97.76713,0,0,0,0,0,0,0,0,0,0,0,0,0,0,0,0,0,0,0,0,0,0,0,0,2.23287,0,0,0,0,0,0,0,0,0,0,0,0,0,0,0,0,0,0,0,0,0,0,0,0,0,0,0
GF12_B4_d79,0,0,0,35.98468,0,0,0,0,0.40556,0,2.34736,0,0,0,0,0,0,0,0,0,0,0,0,0,0,0,0,0,61.2624,0,0,0,0,0,0,0,0,0,0,0,0,0,0,0,0,0,0,0,0,0,0,0,0,0,0,0
GF12_B5_d79,0,0,0,84.08879,0,0,0,0,0.98211,0,2.04559,0,0,0,0,0,0,0,0,0,0,0,0,0,0,0,0,0,12.88351,0,0,0,0,0,0,0,0,0,0,0,0,0,0,0,0,0,0,0,0,0,0,0,0,0,0,0
GF12_C1_d79,0,0,0,99.22994,0,0,0,0,0,0,0.77006,0,0,0,0,0,0,0,0,0,0,0,0,0,0,0,0,0,0,0,0,0,0,0,0,0,0,0,0,0,0,0,0,0,0,0,0,0,0,0,0,0,0,0,0,0
GF12_C1_d82_colon,0,0,0,6.79165,0,0,0,0,42.28878,37.97854,12.94103,0,0,0,0,0,0,0,0,0,0,0,0,0,0,0,0,0,0,0,0,0,0,0,0,0,0,0,0,0,0,0,0,0,0,0,0,0,0,0,0,0,0,0,0,0
GF12_C2_d31,0,0,0,13.87093,0,0,0,0,0,0,0,0,0,0,0,0,0,0,0,0,0,0,0,0,0,0,0,0,86.12907,0,0,0,0,0,0,0,0,0,0,0,0,0,0,0,0,0,0,0,0,0,0,0,0,0,0,0
GF12_C2_d79,0,0,0,98.73622,0,0,0,0,0,0,1.26378,0,0,0,0,0,0,0,0,0,0,0,0,0,0,0,0,0,0,0,0,0,0,0,0,0,0,0,0,0,0,0,0,0,0,0,0,0,0,0,0,0,0,0,0,0
GF12_C3_d31,0,0,0,98.93088,0,0,0,0,0,0,0,0,0,0,0,0,0,0,0,0,0,0,0,0,0,0,0,0,1.06912,0,0,0,0,0,0,0,0,0,0,0,0,0,0,0,0,0,0,0,0,0,0,0,0,0,0,0
GF12_C3_d79,0,0,0,75.96874,0,0,0,0,0,0,0,0,0,0,0,0,0,0,0,0,0,0,0,0,0,0,0,0,24.03126,0,0,0,0,0,0,0,0,0,0,0,0,0,0,0,0,0,0,0,0,0,0,0,0,0,0,0
GF12_C3_d80_colon,0,0,0,100,0,0,0,0,0,0,0,0,0,0,0,0,0,0,0,0,0,0,0,0,0,0,0,0,0,0,0,0,0,0,0,0,0,0,0,0,0,0,0,0,0,0,0,0,0,0,0,0,0,0,0,0
GF12_C4_d31,0,0,0,73.62729,0,0,0,0,0,0,0,0,0,0,0,0,0,0,0,0,0,0,0,0,0,0,0,0,26.37271,0,0,0,0,0,0,0,0,0,0,0,0,0,0,0,0,0,0,0,0,0,0,0,0,0,0,0
GF12_C5_d79,0,0,0,0.06961,0,0,0,0,0.61794,0,0.31486,0,0,0,0,0,0,0,0,0,0,0,0,0,0,0,0,0,98.99758,0,0,0,0,0,0,0,0,0,0,0,0,0,0,0,0,0,0,0,0,0,0,0,0,0,0,0
GF12_Inoc,0,0,0,59.98855,0,0,0,0,0,0,0,0,0,0,0,0,0,0,0,0,0,0,0,0,0,0,0,0,40.01145,0,0,0,0,0,0,0,0,0,0,0,0,0,0,0,0,0,0,0,0,0,0,0,0,0,0,0
GF13_A1_d32,93.58406,0,6.41594,0,0,0,0,0,0,0,0,0,0,0,0,0,0,0,0,0,0,0,0,0,0,0,0,0,0,0,0,0,0,0,0,0,0,0,0,0,0,0,0,0,0,0,0,0,0,0,0,0,0,0,0,0
GF13_A1_d34,100,0,0,0,0,0,0,0,0,0,0,0,0,0,0,0,0,0,0,0,0,0,0,0,0,0,0,0,0,0,0,0,0,0,0,0,0,0,0,0,0,0,0,0,0,0,0,0,0,0,0,0,0,0,0,0
GF13_A1_d65_colon,22.13241,0,13.09953,0,0,0,0,0,18.47174,33.62296,11.54224,0,0,1.13113,0,0,0,0,0,0,0,0,0,0,0,0,0,0,0,0,0,0,0,0,0,0,0,0,0,0,0,0,0,0,0,0,0,0,0,0,0,0,0,0,0,0
GF13_A10_d65_colon,14.9871,0,11.25737,0,0,0,0,0,30.52122,32.91305,8.66352,0,0,1.65775,0,0,0,0,0,0,0,0,0,0,0,0,0,0,0,0,0,0,0,0,0,0,0,0,0,0,0,0,0,0,0,0,0,0,0,0,0,0,0,0,0,0
GF13_A2_d32,71.67407,0,28.32593,0,0,0,0,0,0,0,0,0,0,0,0,0,0,0,0,0,0,0,0,0,0,0,0,0,0,0,0,0,0,0,0,0,0,0,0,0,0,0,0,0,0,0,0,0,0,0,0,0,0,0,0,0
GF13_A2_d65_colon,24.23563,0,11.20233,0,0,0,0,0,17.49567,35.50221,10.73627,0,0,0.82789,0,0,0,0,0,0,0,0,0,0,0,0,0,0,0,0,0,0,0,0,0,0,0,0,0,0,0,0,0,0,0,0,0,0,0,0,0,0,0,0,0,0
GF13_A3_d32,42.51206,0,57.48794,0,0,0,0,0,0,0,0,0,0,0,0,0,0,0,0,0,0,0,0,0,0,0,0,0,0,0,0,0,0,0,0,0,0,0,0,0,0,0,0,0,0,0,0,0,0,0,0,0,0,0,0,0
GF13_A3_d65_colon,15.43172,0,5.72404,0,0,0,0,0,34.63402,31.02587,12.72932,0,0,0.45503,0,0,0,0,0,0,0,0,0,0,0,0,0,0,0,0,0,0,0,0,0,0,0,0,0,0,0,0,0,0,0,0,0,0,0,0,0,0,0,0,0,0
GF13_A4_d32,48.80776,0,51.19224,0,0,0,0,0,0,0,0,0,0,0,0,0,0,0,0,0,0,0,0,0,0,0,0,0,0,0,0,0,0,0,0,0,0,0,0,0,0,0,0,0,0,0,0,0,0,0,0,0,0,0,0,0
GF13_A4_d65_colon,7.52861,0,17.67645,0,0,0,0,0,20.35391,45.71067,8.73035,0,0,0,0,0,0,0,0,0,0,0,0,0,0,0,0,0,0,0,0,0,0,0,0,0,0,0,0,0,0,0,0,0,0,0,0,0,0,0,0,0,0,0,0,0
GF13_A5_d32,51.6184,0,48.3816,0,0,0,0,0,0,0,0,0,0,0,0,0,0,0,0,0,0,0,0,0,0,0,0,0,0,0,0,0,0,0,0,0,0,0,0,0,0,0,0,0,0,0,0,0,0,0,0,0,0,0,0,0
GF13_A5_d65_colon,15.0662,0,7.23267,0,0,0,0,0,34.16631,26.93747,15.19731,0,0,1.40005,0,0,0,0,0,0,0,0,0,0,0,0,0,0,0,0,0,0,0,0,0,0,0,0,0,0,0,0,0,0,0,0,0,0,0,0,0,0,0,0,0,0
GF13_A6_d32,9.13409,0,90.86591,0,0,0,0,0,0,0,0,0,0,0,0,0,0,0,0,0,0,0,0,0,0,0,0,0,0,0,0,0,0,0,0,0,0,0,0,0,0,0,0,0,0,0,0,0,0,0,0,0,0,0,0,0
GF13_A6_d34,5.82706,0,94.17294,0,0,0,0,0,0,0,0,0,0,0,0,0,0,0,0,0,0,0,0,0,0,0,0,0,0,0,0,0,0,0,0,0,0,0,0,0,0,0,0,0,0,0,0,0,0,0,0,0,0,0,0,0
GF13_A6_d65_colon,18.62529,0,12.85583,0,0,0,0,0,28.78325,28.21466,11.09343,0,0,0.42754,0,0,0,0,0,0,0,0,0,0,0,0,0,0,0,0,0,0,0,0,0,0,0,0,0,0,0,0,0,0,0,0,0,0,0,0,0,0,0,0,0,0
GF13_A7_d65_colon,15.82729,0,9.43074,0,0,0,0,0,36.42192,29.60094,8.71911,0,0,0,0,0,0,0,0,0,0,0,0,0,0,0,0,0,0,0,0,0,0,0,0,0,0,0,0,0,0,0,0,0,0,0,0,0,0,0,0,0,0,0,0,0
GF13_A8_d65_colon,16.10083,0,10.04931,0,0,0,0,0,28.8297,37.10935,7.91082,0,0,0,0,0,0,0,0,0,0,0,0,0,0,0,0,0,0,0,0,0,0,0,0,0,0,0,0,0,0,0,0,0,0,0,0,0,0,0,0,0,0,0,0,0
GF13_A9_d65_colon,14.00545,0,7.55066,0,0,0,0,0,31.10729,34.25505,12.59396,0,0,0.48758,0,0,0,0,0,0,0,0,0,0,0,0,0,0,0,0,0,0,0,0,0,0,0,0,0,0,0,0,0,0,0,0,0,0,0,0,0,0,0,0,0,0
GF13_B1_d32,14.11322,0,85.88678,0,0,0,0,0,0,0,0,0,0,0,0,0,0,0,0,0,0,0,0,0,0,0,0,0,0,0,0,0,0,0,0,0,0,0,0,0,0,0,0,0,0,0,0,0,0,0,0,0,0,0,0,0
GF13_B1_d65_colon,100,0,0,0,0,0,0,0,0,0,0,0,0,0,0,0,0,0,0,0,0,0,0,0,0,0,0,0,0,0,0,0,0,0,0,0,0,0,0,0,0,0,0,0,0,0,0,0,0,0,0,0,0,0,0,0
GF13_B2_d32,39.71112,0,60.28888,0,0,0,0,0,0,0,0,0,0,0,0,0,0,0,0,0,0,0,0,0,0,0,0,0,0,0,0,0,0,0,0,0,0,0,0,0,0,0,0,0,0,0,0,0,0,0,0,0,0,0,0,0
GF13_B2_d35_colon,9.59596,0,34.30007,0,0,0,0,0,28.81742,11.93308,15.35346,0,0,0,0,0,0,0,0,0,0,0,0,0,0,0,0,0,0,0,0,0,0,0,0,0,0,0,0,0,0,0,0,0,0,0,0,0,0,0,0,0,0,0,0,0
GF13_B3_d32,19.60667,0,80.39333,0,0,0,0,0,0,0,0,0,0,0,0,0,0,0,0,0,0,0,0,0,0,0,0,0,0,0,0,0,0,0,0,0,0,0,0,0,0,0,0,0,0,0,0,0,0,0,0,0,0,0,0,0
GF13_B3_d34,24.62352,0,70.10159,0,0,0,0,0,3.8673,0,1.40759,0,0,0,0,0,0,0,0,0,0,0,0,0,0,0,0,0,0,0,0,0,0,0,0,0,0,0,0,0,0,0,0,0,0,0,0,0,0,0,0,0,0,0,0,0
GF13_B3_d35_colon,2.77809,0,15.51738,0,0,0,0,0,39.46566,17.74631,24.49256,0,0,0,0,0,0,0,0,0,0,0,0,0,0,0,0,0,0,0,0,0,0,0,0,0,0,0,0,0,0,0,0,0,0,0,0,0,0,0,0,0,0,0,0,0
GF13_B3_d65_colon,100,0,0,0,0,0,0,0,0,0,0,0,0,0,0,0,0,0,0,0,0,0,0,0,0,0,0,0,0,0,0,0,0,0,0,0,0,0,0,0,0,0,0,0,0,0,0,0,0,0,0,0,0,0,0,0
GF13_B4_d32,14.48701,0,85.45056,0,0,0,0,0,0,0,0,0,0,0.06243,0,0,0,0,0,0,0,0,0,0,0,0,0,0,0,0,0,0,0,0,0,0,0,0,0,0,0,0,0,0,0,0,0,0,0,0,0,0,0,0,0,0
GF13_B4_d35_colon,25.68473,0,15.93094,0,0,0,0,0,24.17791,18.37252,15.8339,0,0,0,0,0,0,0,0,0,0,0,0,0,0,0,0,0,0,0,0,0,0,0,0,0,0,0,0,0,0,0,0,0,0,0,0,0,0,0,0,0,0,0,0,0
GF13_B5_d32,20.45412,0,79.54588,0,0,0,0,0,0,0,0,0,0,0,0,0,0,0,0,0,0,0,0,0,0,0,0,0,0,0,0,0,0,0,0,0,0,0,0,0,0,0,0,0,0,0,0,0,0,0,0,0,0,0,0,0
GF13_B5_d35_colon,44.06973,0,21.21947,0,0,0,0,0,11.21551,2.21573,21.27955,0,0,0,0,0,0,0,0,0,0,0,0,0,0,0,0,0,0,0,0,0,0,0,0,0,0,0,0,0,0,0,0,0,0,0,0,0,0,0,0,0,0,0,0,0
GF13_B5_d65_colon,100,0,0,0,0,0,0,0,0,0,0,0,0,0,0,0,0,0,0,0,0,0,0,0,0,0,0,0,0,0,0,0,0,0,0,0,0,0,0,0,0,0,0,0,0,0,0,0,0,0,0,0,0,0,0,0
GF13_B8_d65_colon,0,0,96.20381,0,0,0,0,0,0,0,3.79619,0,0,0,0,0,0,0,0,0,0,0,0,0,0,0,0,0,0,0,0,0,0,0,0,0,0,0,0,0,0,0,0,0,0,0,0,0,0,0,0,0,0,0,0,0
GF13_B9_d65_colon,0,0,100,0,0,0,0,0,0,0,0,0,0,0,0,0,0,0,0,0,0,0,0,0,0,0,0,0,0,0,0,0,0,0,0,0,0,0,0,0,0,0,0,0,0,0,0,0,0,0,0,0,0,0,0,0
GF13_inoc_200118,0.22116,0,21.85085,0,0,0,0,0,0,0,0,0,0,6.01357,0,0,0,0,0,0,0,0,0,0,0,0,0,0,66.7195,0,0,0,0,0,0,0,5.19493,0,0,0,0,0,0,0,0,0,0,0,0,0,0,0,0,0,0,0
GF14_A_d66_stool,1.99791,0,2.3194,7.49888,0,0,0,0,54.31242,17.46406,4.84714,0,3.59906,0,0,0,7.4567,0.50445,0,0,0,0,0,0,0,0,0,0,0,0,0,0,0,0,0,0,0,0,0,0,0,0,0,0,0,0,0,0,0,0,0,0,0,0,0,0
GF14_A_Dam_d21,0.6141,0,0.71898,3.24742,0,0,0,0,50.88421,22.30588,14.93126,0,2.17038,5.12778,0,0,0,0,0,0,0,0,0,0,0,0,0,0,0,0,0,0,0,0,0,0,0,0,0,0,0,0,0,0,0,0,0,0,0,0,0,0,0,0,0,0
GF14_A1_d32,92.98421,0,0.20032,2.71973,0,0,0,0,1.6728,0.76575,1.65719,0,0,0,0,0,0,0,0,0,0,0,0,0,0,0,0,0,0,0,0,0,0,0,0,0,0,0,0,0,0,0,0,0,0,0,0,0,0,0,0,0,0,0,0,0
GF14_A1_d35_colon,100,0,0,0,0,0,0,0,0,0,0,0,0,0,0,0,0,0,0,0,0,0,0,0,0,0,0,0,0,0,0,0,0,0,0,0,0,0,0,0,0,0,0,0,0,0,0,0,0,0,0,0,0,0,0,0
GF14_A1_d94_stool,94.07494,0,0.96361,2.99274,0,0,0,0,1.00582,0,0.68133,0,0.27565,0,0,0,0,0.00591,0,0,0,0,0,0,0,0,0,0,0,0,0,0,0,0,0,0,0,0,0,0,0,0,0,0,0,0,0,0,0,0,0,0,0,0,0,0
GF14_A1_d95_stool,67.84481,0,22.98878,2.80689,0,0,0,0,4.00594,0.4889,1.6277,0,0,0,0,0,0,0.23698,0,0,0,0,0,0,0,0,0,0,0,0,0,0,0,0,0,0,0,0,0,0,0,0,0,0,0,0,0,0,0,0,0,0,0,0,0,0
GF14_a1_d97_colon,100,0,0,0,0,0,0,0,0,0,0,0,0,0,0,0,0,0,0,0,0,0,0,0,0,0,0,0,0,0,0,0,0,0,0,0,0,0,0,0,0,0,0,0,0,0,0,0,0,0,0,0,0,0,0,0
GF14_A2_d32,94.46657,0,0,3.23575,0,0,0,0,0.92994,0,1.36774,0,0,0,0,0,0,0,0,0,0,0,0,0,0,0,0,0,0,0,0,0,0,0,0,0,0,0,0,0,0,0,0,0,0,0,0,0,0,0,0,0,0,0,0,0
GF14_A2_d33,93.91418,0,0,2.88683,0,0,0,0,1.99862,0,1.20038,0,0,0,0,0,0,0,0,0,0,0,0,0,0,0,0,0,0,0,0,0,0,0,0,0,0,0,0,0,0,0,0,0,0,0,0,0,0,0,0,0,0,0,0,0
GF14_A2_d35_colon,100,0,0,0,0,0,0,0,0,0,0,0,0,0,0,0,0,0,0,0,0,0,0,0,0,0,0,0,0,0,0,0,0,0,0,0,0,0,0,0,0,0,0,0,0,0,0,0,0,0,0,0,0,0,0,0
GF14_A2_d94_stool,10.11175,0,89.80331,0.08494,0,0,0,0,0,0,0,0,0,0,0,0,0,0,0,0,0,0,0,0,0,0,0,0,0,0,0,0,0,0,0,0,0,0,0,0,0,0,0,0,0,0,0,0,0,0,0,0,0,0,0,0
GF14_A2_d96_16_stool,100,0,0,0,0,0,0,0,0,0,0,0,0,0,0,0,0,0,0,0,0,0,0,0,0,0,0,0,0,0,0,0,0,0,0,0,0,0,0,0,0,0,0,0,0,0,0,0,0,0,0,0,0,0,0,0
GF14_a2_d97_colon,99.89767,0,0,0,0,0,0,0,0,0,0,0,0,0,0,0,0,0,0,0,0,0,0,0,0,0,0,0,0,0,0,0,0,0,0,0.10233,0,0,0,0,0,0,0,0,0,0,0,0,0,0,0,0,0,0,0,0
GF14_A3_d32,90.7528,0,0.11032,3.46083,0,0,0,0,3.71472,0.28614,1.6752,0,0,0,0,0,0,0,0,0,0,0,0,0,0,0,0,0,0,0,0,0,0,0,0,0,0,0,0,0,0,0,0,0,0,0,0,0,0,0,0,0,0,0,0,0
GF14_A3_d35_colon,100,0,0,0,0,0,0,0,0,0,0,0,0,0,0,0,0,0,0,0,0,0,0,0,0,0,0,0,0,0,0,0,0,0,0,0,0,0,0,0,0,0,0,0,0,0,0,0,0,0,0,0,0,0,0,0
GF14_a3_d97_colon,100,0,0,0,0,0,0,0,0,0,0,0,0,0,0,0,0,0,0,0,0,0,0,0,0,0,0,0,0,0,0,0,0,0,0,0,0,0,0,0,0,0,0,0,0,0,0,0,0,0,0,0,0,0,0,0
GF14_A4_d32,17.0155,0,65.9366,0.65815,0,0,0,0,0,0,0.44768,0,15.94207,0,0,0,0,0,0,0,0,0,0,0,0,0,0,0,0,0,0,0,0,0,0,0,0,0,0,0,0,0,0,0,0,0,0,0,0,0,0,0,0,0,0,0
GF14_A4_d33,0,0,0,0,0,0,0,0,0,0,0,0,0,100,0,0,0,0,0,0,0,0,0,0,0,0,0,0,0,0,0,0,0,0,0,0,0,0,0,0,0,0,0,0,0,0,0,0,0,0,0,0,0,0,0,0
GF14_A4_d34,0,0,0,0,0,0,0,0,0,100,0,0,0,0,0,0,0,0,0,0,0,0,0,0,0,0,0,0,0,0,0,0,0,0,0,0,0,0,0,0,0,0,0,0,0,0,0,0,0,0,0,0,0,0,0,0
GF14_A4_d35_colon,100,0,0,0,0,0,0,0,0,0,0,0,0,0,0,0,0,0,0,0,0,0,0,0,0,0,0,0,0,0,0,0,0,0,0,0,0,0,0,0,0,0,0,0,0,0,0,0,0,0,0,0,0,0,0,0
GF14_A4_d94_stool,7.40446,0,91.86665,0.55803,0,0,0,0,0,0,0.17085,0,0,0,0,0,0,0,0,0,0,0,0,0,0,0,0,0,0,0,0,0,0,0,0,0,0,0,0,0,0,0,0,0,0,0,0,0,0,0,0,0,0,0,0,0
GF14_A4_d95_stool,4.50287,0,92.69201,1.88787,0,0,0,0,0,0,0.91725,0,0,0,0,0,0,0,0,0,0,0,0,0,0,0,0,0,0,0,0,0,0,0,0,0,0,0,0,0,0,0,0,0,0,0,0,0,0,0,0,0,0,0,0,0
GF14_a4_d97_colon,100,0,0,0,0,0,0,0,0,0,0,0,0,0,0,0,0,0,0,0,0,0,0,0,0,0,0,0,0,0,0,0,0,0,0,0,0,0,0,0,0,0,0,0,0,0,0,0,0,0,0,0,0,0,0,0
GF14_A5_d32,23.3015,0,73.70894,2.06992,0,0,0,0,0,0,0.91964,0,0,0,0,0,0,0,0,0,0,0,0,0,0,0,0,0,0,0,0,0,0,0,0,0,0,0,0,0,0,0,0,0,0,0,0,0,0,0,0,0,0,0,0,0
GF14_A5_d35_colon,100,0,0,0,0,0,0,0,0,0,0,0,0,0,0,0,0,0,0,0,0,0,0,0,0,0,0,0,0,0,0,0,0,0,0,0,0,0,0,0,0,0,0,0,0,0,0,0,0,0,0,0,0,0,0,0
GF14_A5_d94_stool,6.28458,0,93.19065,0.46952,0,0,0,0,0,0,0.05525,0,0,0,0,0,0,0,0,0,0,0,0,0,0,0,0,0,0,0,0,0,0,0,0,0,0,0,0,0,0,0,0,0,0,0,0,0,0,0,0,0,0,0,0,0
GF14_A5_d96_16_stool,3.08745,0,90.38569,2.7084,0,0,0,0,2.55127,0,1.26719,0,0,0,0,0,0,0,0,0,0,0,0,0,0,0,0,0,0,0,0,0,0,0,0,0,0,0,0,0,0,0,0,0,0,0,0,0,0,0,0,0,0,0,0,0
GF14_A5_d96_stool,4.03269,0,91.0931,3.71285,0,0,0,0,0.01665,0,1.14471,0,0,0,0,0,0,0,0,0,0,0,0,0,0,0,0,0,0,0,0,0,0,0,0,0,0,0,0,0,0,0,0,0,0,0,0,0,0,0,0,0,0,0,0,0
GF14_a5_d97_colon,79.14582,0,0,0,0,0,0,0,0,0,0,0,0,0,0,0,0,0,0,0,0,0,0,0,0,0,0,0,0,0,0,0,20.85418,0,0,0,0,0,0,0,0,0,0,0,0,0,0,0,0,0,0,0,0,0,0,0
GF14_A6_d34_colon,55.07523,0,42.49067,0,0,0,0,0,0.29983,2.13427,0,0,0,0,0,0,0,0,0,0,0,0,0,0,0,0,0,0,0,0,0,0,0,0,0,0,0,0,0,0,0,0,0,0,0,0,0,0,0,0,0,0,0,0,0,0
GF14_A6_d94_stool,98.67023,0,0.8105,0.20431,0,0,0,0,0,0,0.31496,0,0,0,0,0,0,0,0,0,0,0,0,0,0,0,0,0,0,0,0,0,0,0,0,0,0,0,0,0,0,0,0,0,0,0,0,0,0,0,0,0,0,0,0,0
GF14_A6_d95_stool,90.32203,0,1.26694,5.30356,0,0,0,0,1.18258,0,1.90467,0,0,0,0,0,0,0.02022,0,0,0,0,0,0,0,0,0,0,0,0,0,0,0,0,0,0,0,0,0,0,0,0,0,0,0,0,0,0,0,0,0,0,0,0,0,0
GF14_A6_d96_16_stool,83.95552,0,2.69527,7.27114,0,0,0,0,3.14374,0,2.93432,0,0,0,0,0,0,0,0,0,0,0,0,0,0,0,0,0,0,0,0,0,0,0,0,0,0,0,0,0,0,0,0,0,0,0,0,0,0,0,0,0,0,0,0,0
GF14_a6_d97_colon,100,0,0,0,0,0,0,0,0,0,0,0,0,0,0,0,0,0,0,0,0,0,0,0,0,0,0,0,0,0,0,0,0,0,0,0,0,0,0,0,0,0,0,0,0,0,0,0,0,0,0,0,0,0,0,0
GF14_A7_d32,13.35421,0,84.02281,1.82126,0,0,0,0,0.04273,0,0.75899,0,0,0,0,0,0,0,0,0,0,0,0,0,0,0,0,0,0,0,0,0,0,0,0,0,0,0,0,0,0,0,0,0,0,0,0,0,0,0,0,0,0,0,0,0
GF14_A7_d34,100,0,0,0,0,0,0,0,0,0,0,0,0,0,0,0,0,0,0,0,0,0,0,0,0,0,0,0,0,0,0,0,0,0,0,0,0,0,0,0,0,0,0,0,0,0,0,0,0,0,0,0,0,0,0,0
GF14_A7_d35_colon,100,0,0,0,0,0,0,0,0,0,0,0,0,0,0,0,0,0,0,0,0,0,0,0,0,0,0,0,0,0,0,0,0,0,0,0,0,0,0,0,0,0,0,0,0,0,0,0,0,0,0,0,0,0,0,0
GF14_A7_d94_stool,97.47042,0,0.81988,1.47639,0,0,0,0,0,0,0.23331,0,0,0,0,0,0,0,0,0,0,0,0,0,0,0,0,0,0,0,0,0,0,0,0,0,0,0,0,0,0,0,0,0,0,0,0,0,0,0,0,0,0,0,0,0
GF14_A7_d95_stool,95.99543,0,0,3.49862,0,0,0,0,0,0,0.43687,0,0,0,0,0,0,0.06908,0,0,0,0,0,0,0,0,0,0,0,0,0,0,0,0,0,0,0,0,0,0,0,0,0,0,0,0,0,0,0,0,0,0,0,0,0,0
GF14_a7_d97_colon,100,0,0,0,0,0,0,0,0,0,0,0,0,0,0,0,0,0,0,0,0,0,0,0,0,0,0,0,0,0,0,0,0,0,0,0,0,0,0,0,0,0,0,0,0,0,0,0,0,0,0,0,0,0,0,0
GF14_A8_d94_stool,97.4585,0,0.45838,1.21742,0,0,0,0,0.53312,0,0.33258,0,0,0,0,0,0,0,0,0,0,0,0,0,0,0,0,0,0,0,0,0,0,0,0,0,0,0,0,0,0,0,0,0,0,0,0,0,0,0,0,0,0,0,0,0
GF14_A8_d96_16_stool,82.84414,0,5.29386,5.75819,0,0,0,0,3.78781,0,2.316,0,0,0,0,0,0,0,0,0,0,0,0,0,0,0,0,0,0,0,0,0,0,0,0,0,0,0,0,0,0,0,0,0,0,0,0,0,0,0,0,0,0,0,0,0
GF14_A8_d96_stool,90.62289,0,2.36011,4.85701,0,0,0,0,0.28418,0,1.56016,0,0,0,0,0,0,0.31565,0,0,0,0,0,0,0,0,0,0,0,0,0,0,0,0,0,0,0,0,0,0,0,0,0,0,0,0,0,0,0,0,0,0,0,0,0,0
GF14_a8_d97_colon,100,0,0,0,0,0,0,0,0,0,0,0,0,0,0,0,0,0,0,0,0,0,0,0,0,0,0,0,0,0,0,0,0,0,0,0,0,0,0,0,0,0,0,0,0,0,0,0,0,0,0,0,0,0,0,0
GF14_Adam_d18_stool,4.09415,0,0.22083,6.77855,0,0,0,0,42.8017,26.91145,4.58181,0,3.98759,9.7442,0,0,0,0.87973,0,0,0,0,0,0,0,0,0,0,0,0,0,0,0,0,0,0,0,0,0,0,0,0,0,0,0,0,0,0,0,0,0,0,0,0,0,0
GF14_Adam_d5_stool,8.88237,0,0.38764,5.1,0,0,0,0,61.62178,16.39493,2.22822,0,2.89289,1.82417,0,0,0,0.668,0,0,0,0,0,0,0,0,0,0,0,0,0,0,0,0,0,0,0,0,0,0,0,0,0,0,0,0,0,0,0,0,0,0,0,0,0,0
GF14_Adam_d51_stool,2.3862,0,3.79682,6.03345,0,0,0,0,49.10988,27.62716,4.57454,0,3.28313,3.18882,0,0,0,0,0,0,0,0,0,0,0,0,0,0,0,0,0,0,0,0,0,0,0,0,0,0,0,0,0,0,0,0,0,0,0,0,0,0,0,0,0,0
GF14_Adam_d59_stool,1.77543,0,1.41533,6.21892,0,0,0,0,57.79272,18.08584,5.32832,0,2.87529,6.12747,0,0,0,0.38067,0,0,0,0,0,0,0,0,0,0,0,0,0,0,0,0,0,0,0,0,0,0,0,0,0,0,0,0,0,0,0,0,0,0,0,0,0,0
GF14_Adam_d78_stool,3.41095,0,1.14628,6.5562,0,0,0,0,40.03623,35.02377,6.94034,0,4.35172,2.53451,0,0,0,0,0,0,0,0,0,0,0,0,0,0,0,0,0,0,0,0,0,0,0,0,0,0,0,0,0,0,0,0,0,0,0,0,0,0,0,0,0,0
GF14_Adam_d9_stool,19.65387,0,1.06483,3.52683,0,0,0,0,46.59312,17.95051,4.39667,0,3.62835,3.1823,0,0,0,0.00354,0,0,0,0,0,0,0,0,0,0,0,0,0,0,0,0,0,0,0,0,0,0,0,0,0,0,0,0,0,0,0,0,0,0,0,0,0,0
GF14_B_d66_stool,4.16346,0,1.68081,5.73874,0,0,0,0,40.5898,35.24264,7.63244,0,2.07501,2.8771,0,0,0,0,0,0,0,0,0,0,0,0,0,0,0,0,0,0,0,0,0,0,0,0,0,0,0,0,0,0,0,0,0,0,0,0,0,0,0,0,0,0
GF14_B_d78_stool,1.93202,0,1.77939,4.43228,0,0,0,0,38.89998,39.48616,8.74136,0,2.4339,2.29491,0,0,0,0,0,0,0,0,0,0,0,0,0,0,0,0,0,0,0,0,0,0,0,0,0,0,0,0,0,0,0,0,0,0,0,0,0,0,0,0,0,0
GF14_b1_d95_colon,85.17848,0,0,0,0,0,0,0,0,0,0,0,0,14.82152,0,0,0,0,0,0,0,0,0,0,0,0,0,0,0,0,0,0,0,0,0,0,0,0,0,0,0,0,0,0,0,0,0,0,0,0,0,0,0,0,0,0
GF14_b2_d95_colon,23.28999,0,0.33213,5.94076,0,0,0,0,12.35318,37.69838,11.51013,0,0,8.87543,0,0,0,0,0,0,0,0,0,0,0,0,0,0,0,0,0,0,0,0,0,0,0,0,0,0,0,0,0,0,0,0,0,0,0,0,0,0,0,0,0,0
GF14_b3_d95_colon,30.00992,0,0,0,0,0,0,0,32.47775,8.63203,10.65972,0,0,18.22058,0,0,0,0,0,0,0,0,0,0,0,0,0,0,0,0,0,0,0,0,0,0,0,0,0,0,0,0,0,0,0,0,0,0,0,0,0,0,0,0,0,0
GF14_Bdam_d18_stool,2.47569,0,2.17811,9.03343,0,0,0,0,41.58484,23.43233,9.91037,0,6.96416,3.66272,0,0,0,0.75837,0,0,0,0,0,0,0,0,0,0,0,0,0,0,0,0,0,0,0,0,0,0,0,0,0,0,0,0,0,0,0,0,0,0,0,0,0,0
GF14_Bdam_d5_stool,20.93046,0,2.42968,6.94894,0,0,0,0,29.60438,30.35385,3.17737,0,2.4707,4.08463,0,0,0,0,0,0,0,0,0,0,0,0,0,0,0,0,0,0,0,0,0,0,0,0,0,0,0,0,0,0,0,0,0,0,0,0,0,0,0,0,0,0
GF14_Bdam_d51_stool,8.38361,0,2.79259,7.37848,0,0,0,0,42.74403,28.53039,3.1977,0,1.80524,5.16795,0,0,0,0,0,0,0,0,0,0,0,0,0,0,0,0,0,0,0,0,0,0,0,0,0,0,0,0,0,0,0,0,0,0,0,0,0,0,0,0,0,0
GF14_Bdam_d59_stool,4.29257,0,1.04095,5.20796,0,0,0,0,48.3813,27.14232,9.68139,0,1.09234,3.16117,0,0,0,0,0,0,0,0,0,0,0,0,0,0,0,0,0,0,0,0,0,0,0,0,0,0,0,0,0,0,0,0,0,0,0,0,0,0,0,0,0,0
GF14_Bdam_d9_stool,9.92219,0,2.91095,8.90012,0,0,0,0,50.00452,16.34638,5.56272,0,2.65755,3.68125,0,0,0,0.01433,0,0,0,0,0,0,0,0,0,0,0,0,0,0,0,0,0,0,0,0,0,0,0,0,0,0,0,0,0,0,0,0,0,0,0,0,0,0
GF14_C_d66_stool,6.53152,0,1.64272,7.21346,0,0,0,0,24.62136,39.7526,2.14018,0,3.9221,5.67669,0,0,7.84573,0.65364,0,0,0,0,0,0,0,0,0,0,0,0,0,0,0,0,0,0,0,0,0,0,0,0,0,0,0,0,0,0,0,0,0,0,0,0,0,0
GF14_c_d78_stool,3.40772,0,0.49201,5.29997,0,0,0,0,38.07421,36.15565,5.49967,0,3.00886,3.70727,0,0,4.35464,0,0,0,0,0,0,0,0,0,0,0,0,0,0,0,0,0,0,0,0,0,0,0,0,0,0,0,0,0,0,0,0,0,0,0,0,0,0,0
GF14_c1_d130_colon,98.57025,0,0,0.33654,0,0,0,0,0,0,0.23102,0,0,0.86219,0,0,0,0,0,0,0,0,0,0,0,0,0,0,0,0,0,0,0,0,0,0,0,0,0,0,0,0,0,0,0,0,0,0,0,0,0,0,0,0,0,0
GF14_c2_d130_colon,41.1945,0,55.20435,0.16994,0,0,0,0,0,0,0,0,3.4312,0,0,0,0,0,0,0,0,0,0,0,0,0,0,0,0,0,0,0,0,0,0,0,0,0,0,0,0,0,0,0,0,0,0,0,0,0,0,0,0,0,0,0
GF14_c3_d130_colon,99.96666,0,0,0.03334,0,0,0,0,0,0,0,0,0,0,0,0,0,0,0,0,0,0,0,0,0,0,0,0,0,0,0,0,0,0,0,0,0,0,0,0,0,0,0,0,0,0,0,0,0,0,0,0,0,0,0,0
GF14_Cdam_d18_stool,1.56284,0,0.32296,6.1202,0,0,0,0,32.7715,35.31689,10.31021,0,2.84631,5.14522,0,0,5.58039,0.0235,0,0,0,0,0,0,0,0,0,0,0,0,0,0,0,0,0,0,0,0,0,0,0,0,0,0,0,0,0,0,0,0,0,0,0,0,0,0
GF14_cdam_d5_stool,8.57021,0,1.17537,9.95007,0,0,0,0,44.73751,17.50428,8.31171,0,8.57699,1.15579,0,0,0,0.01807,0,0,0,0,0,0,0,0,0,0,0,0,0,0,0,0,0,0,0,0,0,0,0,0,0,0,0,0,0,0,0,0,0,0,0,0,0,0
GF14_Cdam_d51_stool,3.83708,0,2.16577,6.12291,0,0,0,0,32.40084,42.7824,3.8338,0,2.21572,4.57636,0,0,1.52863,0.5365,0,0,0,0,0,0,0,0,0,0,0,0,0,0,0,0,0,0,0,0,0,0,0,0,0,0,0,0,0,0,0,0,0,0,0,0,0,0
GF14_Cdam_d59_stool,2.85918,0,0,4.19106,0,0,0,0,51.27871,28.73868,4.07586,0,3.8904,1.6078,0,0,3.0847,0.27361,0,0,0,0,0,0,0,0,0,0,0,0,0,0,0,0,0,0,0,0,0,0,0,0,0,0,0,0,0,0,0,0,0,0,0,0,0,0
GF14_Cdam_d9_stool,8.22969,0,1.91459,10.76301,0,0,0,0,37.88167,25.97501,5.58936,0,6.81397,1.69758,0,0,0.31647,0.81865,0,0,0,0,0,0,0,0,0,0,0,0,0,0,0,0,0,0,0,0,0,0,0,0,0,0,0,0,0,0,0,0,0,0,0,0,0,0
GF14_d67_A1_stool,4.77452,0,91.05926,0.18321,0,0,0,0,0,0,0,0,3.98301,0,0,0,0,0,0,0,0,0,0,0,0,0,0,0,0,0,0,0,0,0,0,0,0,0,0,0,0,0,0,0,0,0,0,0,0,0,0,0,0,0,0,0
GF14_d67_A3_stool,98.86303,0,1.13697,0,0,0,0,0,0,0,0,0,0,0,0,0,0,0,0,0,0,0,0,0,0,0,0,0,0,0,0,0,0,0,0,0,0,0,0,0,0,0,0,0,0,0,0,0,0,0,0,0,0,0,0,0
GF14_d67_A4_stool,4.80073,0,94.36448,0,0,0,0,0,0,0,0,0,0.83479,0,0,0,0,0,0,0,0,0,0,0,0,0,0,0,0,0,0,0,0,0,0,0,0,0,0,0,0,0,0,0,0,0,0,0,0,0,0,0,0,0,0,0
GF14_d67_A5_stool,14.33106,0,85.66894,0,0,0,0,0,0,0,0,0,0,0,0,0,0,0,0,0,0,0,0,0,0,0,0,0,0,0,0,0,0,0,0,0,0,0,0,0,0,0,0,0,0,0,0,0,0,0,0,0,0,0,0,0
GF14_d67_A6_stool,14.23577,0,78.06378,0,0,0,0,0,0,0,0,0,7.70045,0,0,0,0,0,0,0,0,0,0,0,0,0,0,0,0,0,0,0,0,0,0,0,0,0,0,0,0,0,0,0,0,0,0,0,0,0,0,0,0,0,0,0
GF14_d67_A7_stool,33.03098,0,24.27893,0,0,0,0,0,0,0,0,0,42.69009,0,0,0,0,0,0,0,0,0,0,0,0,0,0,0,0,0,0,0,0,0,0,0,0,0,0,0,0,0,0,0,0,0,0,0,0,0,0,0,0,0,0,0
GF14_d67_A8_stool,58.22231,0,41.77769,0,0,0,0,0,0,0,0,0,0,0,0,0,0,0,0,0,0,0,0,0,0,0,0,0,0,0,0,0,0,0,0,0,0,0,0,0,0,0,0,0,0,0,0,0,0,0,0,0,0,0,0,0
GF14_d67_A9_stool,4.53572,0,95.46428,0,0,0,0,0,0,0,0,0,0,0,0,0,0,0,0,0,0,0,0,0,0,0,0,0,0,0,0,0,0,0,0,0,0,0,0,0,0,0,0,0,0,0,0,0,0,0,0,0,0,0,0,0
GF14_d68_A1_colon,0,0,100,0,0,0,0,0,0,0,0,0,0,0,0,0,0,0,0,0,0,0,0,0,0,0,0,0,0,0,0,0,0,0,0,0,0,0,0,0,0,0,0,0,0,0,0,0,0,0,0,0,0,0,0,0
GF14_d68_A10_colon,6.96264,0,92.29811,0.58004,0,0,0,0,0,0,0.15921,0,0,0,0,0,0,0,0,0,0,0,0,0,0,0,0,0,0,0,0,0,0,0,0,0,0,0,0,0,0,0,0,0,0,0,0,0,0,0,0,0,0,0,0,0
GF14_d68_A2_colon,39.40446,0,60.59554,0,0,0,0,0,0,0,0,0,0,0,0,0,0,0,0,0,0,0,0,0,0,0,0,0,0,0,0,0,0,0,0,0,0,0,0,0,0,0,0,0,0,0,0,0,0,0,0,0,0,0,0,0
GF14_d68_A3_colon,64.78871,0,35.21129,0,0,0,0,0,0,0,0,0,0,0,0,0,0,0,0,0,0,0,0,0,0,0,0,0,0,0,0,0,0,0,0,0,0,0,0,0,0,0,0,0,0,0,0,0,0,0,0,0,0,0,0,0
GF14_d68_A4_colon,4.01388,0,93.99436,1.28748,0,0,0,0,0,0,0,0,0.70428,0,0,0,0,0,0,0,0,0,0,0,0,0,0,0,0,0,0,0,0,0,0,0,0,0,0,0,0,0,0,0,0,0,0,0,0,0,0,0,0,0,0,0
GF14_d68_A5_colon,6.45167,0,90.44944,0,0,0,0,0,0,0,0,0,3.09889,0,0,0,0,0,0,0,0,0,0,0,0,0,0,0,0,0,0,0,0,0,0,0,0,0,0,0,0,0,0,0,0,0,0,0,0,0,0,0,0,0,0,0
GF14_d68_A6_colon,0,0,100,0,0,0,0,0,0,0,0,0,0,0,0,0,0,0,0,0,0,0,0,0,0,0,0,0,0,0,0,0,0,0,0,0,0,0,0,0,0,0,0,0,0,0,0,0,0,0,0,0,0,0,0,0
GF14_d68_A7_colon,15.2412,0,65.28104,0,0,0,0,0,0,0,0,0,19.47776,0,0,0,0,0,0,0,0,0,0,0,0,0,0,0,0,0,0,0,0,0,0,0,0,0,0,0,0,0,0,0,0,0,0,0,0,0,0,0,0,0,0,0
GF14_d68_A8_colon,0,0,100,0,0,0,0,0,0,0,0,0,0,0,0,0,0,0,0,0,0,0,0,0,0,0,0,0,0,0,0,0,0,0,0,0,0,0,0,0,0,0,0,0,0,0,0,0,0,0,0,0,0,0,0,0
GF14_d68_A9_colon,0,0,100,0,0,0,0,0,0,0,0,0,0,0,0,0,0,0,0,0,0,0,0,0,0,0,0,0,0,0,0,0,0,0,0,0,0,0,0,0,0,0,0,0,0,0,0,0,0,0,0,0,0,0,0,0
GF14_d89_B1_stool,96.01039,0,0,3.04599,0,0,0,0,0,0,0.94362,0,0,0,0,0,0,0,0,0,0,0,0,0,0,0,0,0,0,0,0,0,0,0,0,0,0,0,0,0,0,0,0,0,0,0,0,0,0,0,0,0,0,0,0,0
GF14_d89_B2_stool,96.6307,0,0.93512,1.35039,0,0,0,0,0,0,1.08379,0,0,0,0,0,0,0,0,0,0,0,0,0,0,0,0,0,0,0,0,0,0,0,0,0,0,0,0,0,0,0,0,0,0,0,0,0,0,0,0,0,0,0,0,0
GF14_d89_B3_stool,51.99858,0,0,1.33721,0,0,0,0,0,0,1.18606,0,0,45.47815,0,0,0,0,0,0,0,0,0,0,0,0,0,0,0,0,0,0,0,0,0,0,0,0,0,0,0,0,0,0,0,0,0,0,0,0,0,0,0,0,0,0
GF14_d90_B2_stool,94.62276,0,0.9488,3.39684,0,0,0,0,0,0,1.0316,0,0,0,0,0,0,0,0,0,0,0,0,0,0,0,0,0,0,0,0,0,0,0,0,0,0,0,0,0,0,0,0,0,0,0,0,0,0,0,0,0,0,0,0,0
GF14_d90_B3_stool,62.44165,0,0,2.19814,0,0,0,0,0,0.55081,2.03174,0,0,32.77766,0,0,0,0,0,0,0,0,0,0,0,0,0,0,0,0,0,0,0,0,0,0,0,0,0,0,0,0,0,0,0,0,0,0,0,0,0,0,0,0,0,0
GF14_d91_B2_stool,98.46693,0,0,0.93926,0,0,0,0,0.05535,0,0.53846,0,0,0,0,0,0,0,0,0,0,0,0,0,0,0,0,0,0,0,0,0,0,0,0,0,0,0,0,0,0,0,0,0,0,0,0,0,0,0,0,0,0,0,0,0
GF14_INOC,66.42928,0,0,7.39196,0,0,0,0,5.89817,6.1927,2.27819,11.2748,0.26793,0,0,0,0.07584,0,0,0,0,0,0,0,0,0,0,0.19114,0,0,0,0,0,0,0,0,0,0,0,0,0,0,0,0,0,0,0,0,0,0,0,0,0,0,0,0
GF15_A_Dam_d21,0,0,1.40495,0.81905,0,0,0,0,23.45158,0,2.79447,0,0,0.95554,0,0,5.33072,0.69577,0,0,0,0,0,0,0,0,0,0,0,0,0.36292,61.25992,0,0.26832,2.65676,0,0,0,0,0,0,0,0,0,0,0,0,0,0,0,0,0,0,0,0,0
GF15_a1_d106_stool,66.73085,0,25.7697,4.41948,0,0,0,0,0.31706,0,0.40276,0,0,0,0,0,0,0,0,0,0,0,0,0,0,0,0,0,0,0,0,2.36014,0,0,0,0,0,0,0,0,0,0,0,0,0,0,0,0,0,0,0,0,0,0,0,0
GF15_A1_d108_colon,100,0,0,0,0,0,0,0,0,0,0,0,0,0,0,0,0,0,0,0,0,0,0,0,0,0,0,0,0,0,0,0,0,0,0,0,0,0,0,0,0,0,0,0,0,0,0,0,0,0,0,0,0,0,0,0
GF15_A1_d35_colon,0,0,0,0,0,0,0,0,0,0,0,0,0,100,0,0,0,0,0,0,0,0,0,0,0,0,0,0,0,0,0,0,0,0,0,0,0,0,0,0,0,0,0,0,0,0,0,0,0,0,0,0,0,0,0,0
GF15_A1_d72_stool,85.26291,0,0.15548,4.5672,0,0,0,0,6.74183,0,1.44116,0,0,0,0,0,0,0,0,0,0,0,0,0,0,0,0,0,0,0,0,1.83142,0,0,0,0,0,0,0,0,0,0,0,0,0,0,0,0,0,0,0,0,0,0,0,0
GF15_a2_d105_stool,81.25841,0,0,8.60455,0,0,0,0,0.7381,0,0.344,0,0,0,0,0,0,0,0,0,0,0,0,0,0,0,0,0,0,0,0,9.05494,0,0,0,0,0,0,0,0,0,0,0,0,0,0,0,0,0,0,0,0,0,0,0,0
GF15_a2_d106_stool,65.67087,0,0.99998,13.16808,0,0,0,0,12.23492,0,1.58604,0,0,0.41428,0,0,0,0,0,0,0,0,0,0,0,0,0,0,0,0,0,5.92582,0,0,0,0,0,0,0,0,0,0,0,0,0,0,0,0,0,0,0,0,0,0,0,0
GF15_A2_d108_colon,99.00675,0,0,0,0,0,0,0,0,0,0,0,0,0,0,0,0,0,0,0,0,0,0,0,0,0,0,0,0,0,0,0.99325,0,0,0,0,0,0,0,0,0,0,0,0,0,0,0,0,0,0,0,0,0,0,0,0
GF15_A2_d32,100,0,0,0,0,0,0,0,0,0,0,0,0,0,0,0,0,0,0,0,0,0,0,0,0,0,0,0,0,0,0,0,0,0,0,0,0,0,0,0,0,0,0,0,0,0,0,0,0,0,0,0,0,0,0,0
GF15_a3_d105_stool,84.95119,0,0,3.36545,0,0,0,0,0,0,0,0,0,0,0,0,0,0,0,0,0,0,0,0,0,0,0,0,0,0,0,11.68336,0,0,0,0,0,0,0,0,0,0,0,0,0,0,0,0,0,0,0,0,0,0,0,0
GF15_A3_d108_colon,84.48835,0,0,0,0,0,0,0,0,0,0,0,0,3.36496,0,0,0,0,0,0,0,0,0,0,0,0,0,0,0,0,0,1.71166,10.43503,0,0,0,0,0,0,0,0,0,0,0,0,0,0,0,0,0,0,0,0,0,0,0
GF15_A3_d32,70.15414,0,29.84586,0,0,0,0,0,0,0,0,0,0,0,0,0,0,0,0,0,0,0,0,0,0,0,0,0,0,0,0,0,0,0,0,0,0,0,0,0,0,0,0,0,0,0,0,0,0,0,0,0,0,0,0,0
GF15_A3_d35_colon,0,0,0,0,0,0,0,0,0,0,0,0,0,0,0,0,0,0,0,0,0,0,0,0,0,0,0,0,0,0,0,100,0,0,0,0,0,0,0,0,0,0,0,0,0,0,0,0,0,0,0,0,0,0,0,0
GF15_a4_d105_stool,49.74368,0,48.9709,0.51238,0,0,0,0,0,0,0,0,0,0,0,0,0,0,0,0,0,0,0,0,0,0,0,0,0,0,0,0.77304,0,0,0,0,0,0,0,0,0,0,0,0,0,0,0,0,0,0,0,0,0,0,0,0
GF15_A4_d108_colon,17.61284,0,0,0,0,0,0,0,0,0,0,0,0,0,0,0,0,0,0,0,0,0,0,0,0,0,0,0,0,0,0,1.39055,80.9966,0,0,0,0,0,0,0,0,0,0,0,0,0,0,0,0,0,0,0,0,0,0,0
GF15_A4_d32,0,0,0,3.45339,0,0,0,0,0.68785,0,1.07288,0,0,92.30685,0,0,0,0.00641,0,0,0,0,0,0,0,0,0,0,0,0,0,2.47262,0,0,0,0,0,0,0,0,0,0,0,0,0,0,0,0,0,0,0,0,0,0,0,0
GF15_a5_d105_stool,82.31708,0,0,11.3649,0,0,0,0,3.00856,0,0.86007,0,0,0.32227,0,0,0,0,0,0,0,0,0,0,0,0,0,0,0,0,0,2.12712,0,0,0,0,0,0,0,0,0,0,0,0,0,0,0,0,0,0,0,0,0,0,0,0
GF15_A5_d108_colon,98.21207,0,0,0,0,0,0,0,0,0,0,0,0,0.4478,0,0,0,0,0,0,0,0,0,0,0,0,0,0,0,0,0,1.34013,0,0,0,0,0,0,0,0,0,0,0,0,0,0,0,0,0,0,0,0,0,0,0,0
GF15_A5_d32,0,0,0,0.45719,0,0,0,0,1.39342,0,1.12285,0,0,95.62298,0,0,0,0,0,0,0,0,0,0,0,0,0,0,0,0,0,1.40356,0,0,0,0,0,0,0,0,0,0,0,0,0,0,0,0,0,0,0,0,0,0,0,0
GF15_A5_d35_colon,0,0,0,100,0,0,0,0,0,0,0,0,0,0,0,0,0,0,0,0,0,0,0,0,0,0,0,0,0,0,0,0,0,0,0,0,0,0,0,0,0,0,0,0,0,0,0,0,0,0,0,0,0,0,0,0
GF15_a6_d105_stool,89.64297,0,4.35882,5.05005,0,0,0,0,0,0,0.0524,0,0,0.31842,0,0,0,0,0,0,0,0,0,0,0,0,0,0,0,0,0,0.57734,0,0,0,0,0,0,0,0,0,0,0,0,0,0,0,0,0,0,0,0,0,0,0,0
GF15_A6_d108_colon,81.14179,0,15.99339,0,0,0,0,0,0,0,0,0,0,0,0,0,0,0,0,0,0,0,0,0,0,0,0,0,0,0,0,0,2.86482,0,0,0,0,0,0,0,0,0,0,0,0,0,0,0,0,0,0,0,0,0,0,0
GF15_A6_d32_colon,20.26624,0,79.73376,0,0,0,0,0,0,0,0,0,0,0,0,0,0,0,0,0,0,0,0,0,0,0,0,0,0,0,0,0,0,0,0,0,0,0,0,0,0,0,0,0,0,0,0,0,0,0,0,0,0,0,0,0
GF15_A7_d108_colon,61.29751,0,33.37838,0,0,0,0,0,0,0,0,0,0,0,0,0,0,0,0,0,0,0,0,0,0,0,0,0,0,0,0,5.3241,0,0,0,0,0,0,0,0,0,0,0,0,0,0,0,0,0,0,0,0,0,0,0,0
GF15_a7_d74_colon,0,0,0,0,0,0,0,0,0,0,0,0,0,0,0,0,0,0,0,0,0,0,0,0,0,0,0,0,0,0,0,0,0,0,0,100,0,0,0,0,0,0,0,0,0,0,0,0,0,0,0,0,0,0,0,0
GF15_a8_d105_stool,78.98393,0,6.41652,6.05234,0,0,0,0,6.3485,0,1.29921,0,0,0.41283,0,0,0,0,0,0,0,0,0,0,0,0,0,0,0,0,0,0.48668,0,0,0,0,0,0,0,0,0,0,0,0,0,0,0,0,0,0,0,0,0,0,0,0
GF15_A8_d108_colon,44.71665,0,0,0,0,0,0,0,0,0,0,0,0,0,0,0,0,0,0,0,0,0,0,0,0,0,0,0,0,0,0,1.24545,54.0379,0,0,0,0,0,0,0,0,0,0,0,0,0,0,0,0,0,0,0,0,0,0,0
GF15_a9_d105_stool,30.64277,0,66.71298,1.7087,0,0,0,0,0.29383,0,0.21671,0,0,0,0,0,0,0,0,0,0,0,0,0,0,0,0,0,0,0,0,0.425,0,0,0,0,0,0,0,0,0,0,0,0,0,0,0,0,0,0,0,0,0,0,0,0
GF15_a9_d106_stool,53.34867,0,29.21119,8.86175,0,0,0,0,5.25043,0,1.1406,0,0,0,0,0,0,0,0,0,0,0,0,0,0,0,0,0,0,0,0,2.18737,0,0,0,0,0,0,0,0,0,0,0,0,0,0,0,0,0,0,0,0,0,0,0,0
GF15_A9_d108_colon,98.70839,0,0,0,0,0,0,0,0,0,0,0,0,0,0,0,0,0,0,0,0,0,0,0,0,0,0,0,0,0,0,1.29161,0,0,0,0,0,0,0,0,0,0,0,0,0,0,0,0,0,0,0,0,0,0,0,0
GF15_adam_d11_stool,0,0,2.31675,2.95342,0,0,0,0,8.62372,0,2.05621,0,0,0.41004,0,0,6.54693,0.34061,0,0,0,0,0,0,0,0,0,0,0,0,0.69841,75.43778,0,0,0.61614,0,0,0,0,0,0,0,0,0,0,0,0,0,0,0,0,0,0,0,0,0
GF15_adam_d18_stool,0.08627,0,2.94616,2.66475,0,0,0,0,13.80111,0,2.95245,0,0,0.49697,0,0,6.20623,0.50284,0,0,0,0,0,0,0,0,0,0,0,0,0.38095,68.65905,0.03817,0.67038,0.59467,0,0,0,0,0,0,0,0,0,0,0,0,0,0,0,0,0,0,0,0,0
GF15_Adam_d5_stool,0.05619,0,2.38248,1.77612,0,0,0,0,10.61676,0,1.84964,0,0,0.64543,0,0,7.04157,0.05282,0,0,0,0,0,0,0,0,0,0,0,0,0.87177,73.70994,0.75482,0,0.24247,0,0,0,0,0,0,0,0,0,0,0,0,0,0,0,0,0,0,0,0,0
GF15_b_d5_stool,0,0,0,0,0,0,0,0,0,0,0,0,0,0,0,0,0,0,0,0,0,0,0,0,0,0,0,0,0,0,0,0,0,0,0,100,0,0,0,0,0,0,0,0,0,0,0,0,0,0,0,0,0,0,0,0
GF15_B1_d32,0,0,0,3.31209,0,0,0,0,3.23806,0,1.39478,0,0,89.43693,0,0,0,0,0,0,0,0,0,0,0,0,0,0,0,0,0,2.61814,0,0,0,0,0,0,0,0,0,0,0,0,0,0,0,0,0,0,0,0,0,0,0,0
GF15_B1_d35_colon,73.45002,0,1.15963,0,0,0,0,0,0,0,0,0,0,6.19857,0,0,0,0,0,0,0,0,0,0,0,0,0,0,0,0,0,0,19.19178,0,0,0,0,0,0,0,0,0,0,0,0,0,0,0,0,0,0,0,0,0,0,0
GF15_B1_d94_stool,98.54707,0,0.36365,0.96787,0,0,0,0,0,0,0,0,0,0,0,0,0,0,0,0,0,0,0,0,0,0,0,0,0,0,0,0.12142,0,0,0,0,0,0,0,0,0,0,0,0,0,0,0,0,0,0,0,0,0,0,0,0
GF15_b1_d97_colon,70.65175,0,0,0,0,0,0,0,0,0,0,0,0,20.14412,0,0,0,0,0,0,0,0,0,0,0,0,0,0,0,0,0,0,9.20413,0,0,0,0,0,0,0,0,0,0,0,0,0,0,0,0,0,0,0,0,0,0,0
GF15_b10_d94_stool,100,0,0,0,0,0,0,0,0,0,0,0,0,0,0,0,0,0,0,0,0,0,0,0,0,0,0,0,0,0,0,0,0,0,0,0,0,0,0,0,0,0,0,0,0,0,0,0,0,0,0,0,0,0,0,0
GF15_B10_d97_colon,82.46249,0,0,0,0,0,0,0,0,0,0,0,0,8.89869,0,0,0,0,0,0,0,0,0,0,0,0,0,0,0,0,0,0,8.63882,0,0,0,0,0,0,0,0,0,0,0,0,0,0,0,0,0,0,0,0,0,0,0
GF15_B2_d32,0,0,0,2.10123,0,0,0,0,2.53416,0,1.35143,0,0,91.90997,0,0,0,0,0,0,0,0,0,0,0,0,0,0,0,0,0,2.10322,0,0,0,0,0,0,0,0,0,0,0,0,0,0,0,0,0,0,0,0,0,0,0,0
GF15_B2_d33,0,0,0,2.33712,0,0,0,0,4.00589,0,0.57595,0,0,90.10683,0,0,0,0,0,0,0,0,0,0,0,0,0,0,0,0,0,2.97421,0,0,0,0,0,0,0,0,0,0,0,0,0,0,0,0,0,0,0,0,0,0,0,0
GF15_B2_d35_colon,54.63682,0,2.72045,0,0,0,0,0,0,0,0,0,0,12.69725,0,0,0,0,0,0,0,0,0,0,0,0,0,0,0,0,0,0,29.94548,0,0,0,0,0,0,0,0,0,0,0,0,0,0,0,0,0,0,0,0,0,0,0
GF15_b2_d94_stool,48.98271,0,46.73294,3.97744,0,0,0,0,0,0,0,0,0,0,0,0,0,0,0,0,0,0,0,0,0,0,0,0,0,0,0,0.30691,0,0,0,0,0,0,0,0,0,0,0,0,0,0,0,0,0,0,0,0,0,0,0,0
GF15_b2_d95_stool,36.06475,0,44.39998,16.94407,0,0,0,0,1.09603,0,0.39285,0,0,0,0,0,0,0,0,0,0,0,0,0,0,0,0,0,0,0,0,1.10231,0,0,0,0,0,0,0,0,0,0,0,0,0,0,0,0,0,0,0,0,0,0,0,0
GF15_b2_d97_colon,59.13541,0,21.16904,0,0,0,0,0,0,0,0,0,0,0,0,0,0,0,0,0,0,0,0,0,0,0,0,0,0,0,0,0,19.69555,0,0,0,0,0,0,0,0,0,0,0,0,0,0,0,0,0,0,0,0,0,0,0
GF15_B3_d34,57.44809,0,42.55191,0,0,0,0,0,0,0,0,0,0,0,0,0,0,0,0,0,0,0,0,0,0,0,0,0,0,0,0,0,0,0,0,0,0,0,0,0,0,0,0,0,0,0,0,0,0,0,0,0,0,0,0,0
GF15_B3_d35_colon,35.15592,0,64.27043,0,0,0,0,0,0,0,0,0,0,0.57365,0,0,0,0,0,0,0,0,0,0,0,0,0,0,0,0,0,0,0,0,0,0,0,0,0,0,0,0,0,0,0,0,0,0,0,0,0,0,0,0,0,0
GF15_b3_d94_stool,99.90739,0,0,0.09261,0,0,0,0,0,0,0,0,0,0,0,0,0,0,0,0,0,0,0,0,0,0,0,0,0,0,0,0,0,0,0,0,0,0,0,0,0,0,0,0,0,0,0,0,0,0,0,0,0,0,0,0
GF15_b3_d97_colon,92.16345,0,0,0,0,0,0,0,0,0,0,0,0,0,0,0,0,0,0,0,0,0,0,0,0,0,0,0,0,0,0,0,7.83655,0,0,0,0,0,0,0,0,0,0,0,0,0,0,0,0,0,0,0,0,0,0,0
GF15_b4_d106_stool,76.30047,0,4.01231,8.98246,0,0,0,0,6.28735,0,1.75683,0,0,0.29289,0,0,0,0,0,0,0,0,0,0,0,0,0,0,0,0,0,1.63526,0.73243,0,0,0,0,0,0,0,0,0,0,0,0,0,0,0,0,0,0,0,0,0,0,0
GF15_B4_d32,0,0,0.3099,3.94313,0,0,0,0,1.33209,0,0.82911,0,0,92.37842,0,0,0,0,0,0,0,0,0,0,0,0,0,0,0,0,0,1.20736,0,0,0,0,0,0,0,0,0,0,0,0,0,0,0,0,0,0,0,0,0,0,0,0
GF15_B4_d33,0.06615,0,0.27625,3.66062,0,0,0,0,2.14687,0,0.61914,0,0,91.787,0,0,0,0,0,0,0,0,0,0,0,0,0,0,0,0,0,1.44397,0,0,0,0,0,0,0,0,0,0,0,0,0,0,0,0,0,0,0,0,0,0,0,0
GF15_B4_d34,35.74426,0,8.45848,0,0,0,0,0,0,0,0,0,0,42.85407,0,0,0,0,0,0,0,0,0,0,0,0,0,0,0,0,0,0,12.94319,0,0,0,0,0,0,0,0,0,0,0,0,0,0,0,0,0,0,0,0,0,0,0
GF15_B4_d35_colon,54.83459,0,4.11742,0,0,0,0,0,0,0,0,0,0,7.43906,0,0,0,0,0,0,0,0,0,0,0,0,0,0,0,0,0,0.09888,33.51004,0,0,0,0,0,0,0,0,0,0,0,0,0,0,0,0,0,0,0,0,0,0,0
GF15_b4_d96_stool,91.56092,0,3.44293,0.16208,0,0,0,0,0,0,0.17656,0,0,0,0,0,0,0,0,0,0,0,0,0,0,0,0,0,0,0,0,0,4.65751,0,0,0,0,0,0,0,0,0,0,0,0,0,0,0,0,0,0,0,0,0,0,0
GF15_b4_d97_colon,33.63712,0,0,51.62486,0,0,0,0,0,0,0,0,0,0,0,0,0,0,0,0,0,0,0,0,0,0,0,0,0,0,0,0,14.73802,0,0,0,0,0,0,0,0,0,0,0,0,0,0,0,0,0,0,0,0,0,0,0
GF15_b5_d107_stool,32.66925,0,57.84399,6.31782,0,0,0,0,0.3784,0,1.07375,0,0,0,0,0,0,0,0,0,0,0,0,0,0,0,0,0,0,0,0,1.71679,0,0,0,0,0,0,0,0,0,0,0,0,0,0,0,0,0,0,0,0,0,0,0,0
GF15_B5_d32,46.9897,0,51.15054,0.50869,0,0,0,0,0,0,0,0,0,0,0,0,0,0,0,0,0,0,0,0,0,0,0,0,0,0,0,1.35107,0,0,0,0,0,0,0,0,0,0,0,0,0,0,0,0,0,0,0,0,0,0,0,0
GF15_B5_d35_colon,73.22817,0,0,0,0,0,0,0,0,0,0,0,0,0,0,0,0,0,0,0,0,0,0,0,0,0,0,0,0,0,0,0,26.77183,0,0,0,0,0,0,0,0,0,0,0,0,0,0,0,0,0,0,0,0,0,0,0
GF15_b5_d94_stool,99.79318,0,0,0.06894,0,0,0,0,0,0,0,0,0,0,0,0,0,0,0,0,0,0,0,0,0,0,0,0,0,0,0,0.13788,0,0,0,0,0,0,0,0,0,0,0,0,0,0,0,0,0,0,0,0,0,0,0,0
GF15_b5_d95_stool,89.04004,0,0,4.24791,0,0,0,0,4.58545,0,1.13163,0,0,0,0,0,0,0,0,0,0,0,0,0,0,0,0,0,0,0,0,0.99496,0,0,0,0,0,0,0,0,0,0,0,0,0,0,0,0,0,0,0,0,0,0,0,0
GF15_b5_d97_colon,85.98366,0,0,0,0,0,0,0,0,0,0,0,0,3.28477,0,0,0,0,0,0,0,0,0,0,0,0,0,0,0,0,0,0,10.73157,0,0,0,0,0,0,0,0,0,0,0,0,0,0,0,0,0,0,0,0,0,0,0
GF15_B6_d32,40.03765,0,59.84761,0,0,0,0,0,0,0,0,0,0,0,0,0,0,0,0,0,0,0,0,0,0,0,0,0,0,0,0,0.11474,0,0,0,0,0,0,0,0,0,0,0,0,0,0,0,0,0,0,0,0,0,0,0,0
GF15_B6_d34_colon,45.22416,0,54.77584,0,0,0,0,0,0,0,0,0,0,0,0,0,0,0,0,0,0,0,0,0,0,0,0,0,0,0,0,0,0,0,0,0,0,0,0,0,0,0,0,0,0,0,0,0,0,0,0,0,0,0,0,0
GF15_b6_d94_stool,99.5911,0,0.14917,0.11953,0,0,0,0,0,0,0,0,0,0,0,0,0,0,0,0,0,0,0,0,0,0,0,0,0,0,0,0.1402,0,0,0,0,0,0,0,0,0,0,0,0,0,0,0,0,0,0,0,0,0,0,0,0
GF15_b6_d95_stool,99.09885,0,0,0.76838,0,0,0,0,0,0,0,0,0,0,0,0,0,0,0,0,0,0,0,0,0,0,0,0,0,0,0,0.13277,0,0,0,0,0,0,0,0,0,0,0,0,0,0,0,0,0,0,0,0,0,0,0,0
GF15_b6_d97_colon,71.7009,0,3.73078,0,0,0,0,0,0,0,0,0,0,6.22915,0,0,0,0,0,0,0,0,0,0,0,0,0,0,0,0,0,0,18.33916,0,0,0,0,0,0,0,0,0,0,0,0,0,0,0,0,0,0,0,0,0,0,0
GF15_B7_d32,31.559,0,68.441,0,0,0,0,0,0,0,0,0,0,0,0,0,0,0,0,0,0,0,0,0,0,0,0,0,0,0,0,0,0,0,0,0,0,0,0,0,0,0,0,0,0,0,0,0,0,0,0,0,0,0,0,0
GF15_B7_d35_colon,100,0,0,0,0,0,0,0,0,0,0,0,0,0,0,0,0,0,0,0,0,0,0,0,0,0,0,0,0,0,0,0,0,0,0,0,0,0,0,0,0,0,0,0,0,0,0,0,0,0,0,0,0,0,0,0
GF15_b7_d97_colon,82.13537,0,2.63504,0,0,0,0,0,0,0,0,0,0,10.89262,0,0,0,0,0,0,0,0,0,0,0,0,0,0,0,0,0,0,4.33697,0,0,0,0,0,0,0,0,0,0,0,0,0,0,0,0,0,0,0,0,0,0,0
GF15_b8_d94_stool,97.17247,0,0.33101,0.69763,0,0,0,0,0,0,0,0,0,0,0,0,0,0,0,0,0,0,0,0,0,0,0,0,0,0,0,1.79888,0,0,0,0,0,0,0,0,0,0,0,0,0,0,0,0,0,0,0,0,0,0,0,0
GF15_b8_d97_colon,81.36153,0,0,0,0,0,0,0,0,0,0,0,0,0,0,0,0,0,0,0,0,0,0,0,0,0,0,0,0,0,0,0,18.63847,0,0,0,0,0,0,0,0,0,0,0,0,0,0,0,0,0,0,0,0,0,0,0
GF15_b9_d106_stool,40.3197,0,58.24452,0,0,0,0,0,0,0,0.09641,0,0,0,0,0,0,0,0,0,0,0,0,0,0,0,0,0,0,0,0,1.33937,0,0,0,0,0,0,0,0,0,0,0,0,0,0,0,0,0,0,0,0,0,0,0,0
GF15_b9_d94_stool,95.06339,0,0.6312,3.03297,0,0,0,0,0,0,0,0,0,0,0,0,0,0,0,0,0,0,0,0,0,0,0,0,0,0,0,1.27245,0,0,0,0,0,0,0,0,0,0,0,0,0,0,0,0,0,0,0,0,0,0,0,0
GF15_B9_d97_colon,79.18489,0,0,0,0,0,0,0,0,0,0,0,0,10.61244,0,0,0,0,0,0,0,0,0,0,0,0,0,0,0,0,0,0,10.20267,0,0,0,0,0,0,0,0,0,0,0,0,0,0,0,0,0,0,0,0,0,0,0
GF15_bdam_d18_stool,0,0,2.86792,3.98613,0,0,0,0,20.77603,0,4.08736,0,0,1.02038,0,0,7.73454,0.52792,0,0,0,0,0,0,0,0,0,0,0,0,0,57.58911,0.53098,0.46012,0.41951,0,0,0,0,0,0,0,0,0,0,0,0,0,0,0,0,0,0,0,0,0
GF15_c_d18_stool,0,0,3.00099,4.94038,0,0,0,0,14.25133,0,2.15001,0,0,0.69104,0,0,7.65659,1.33676,0,0,0,0,0,0,0,0,0,0,0,0,0.29806,64.11045,0.10092,0.24183,1.2022,0,0,0.01944,0,0,0,0,0,0,0,0,0,0,0,0,0,0,0,0,0,0
GF15_c1_d105_stool,42.44955,0,55.72215,1.8283,0,0,0,0,0,0,0,0,0,0,0,0,0,0,0,0,0,0,0,0,0,0,0,0,0,0,0,0,0,0,0,0,0,0,0,0,0,0,0,0,0,0,0,0,0,0,0,0,0,0,0,0
GF15_c1_d108_colon,89.74359,0,0.24607,0.20128,0,0,0,0,0,0,0,0,0,0,0,0,0,0,0,0,0,0,0,0,0,0,0,0,0,0,0,0.75489,9.05417,0,0,0,0,0,0,0,0,0,0,0,0,0,0,0,0,0,0,0,0,0,0,0
GF15_C1_d36,0,0,0,42.93361,0,0,0,0,0,0,0,0,0,53.2484,0,0,0,0,0,0,0,0,0,0,0,0,0,0,0,0,0,0.57349,3.24449,0,0,0,0,0,0,0,0,0,0,0,0,0,0,0,0,0,0,0,0,0,0,0
GF15_C1_d37,0,0,0,11.87903,0,0,0,0,0,0,0,0,0,77.06393,0,0,0,0,0,0,0,0,0,0,0,0,0,0,0,0,0,2.13341,8.92363,0,0,0,0,0,0,0,0,0,0,0,0,0,0,0,0,0,0,0,0,0,0,0
GF15_C1_d39_colon,78.37948,0,0,0,0,0,0,0,0,0,0,0,0,21.62052,0,0,0,0,0,0,0,0,0,0,0,0,0,0,0,0,0,0,0,0,0,0,0,0,0,0,0,0,0,0,0,0,0,0,0,0,0,0,0,0,0,0
GF15_c1_d74_colon,100,0,0,0,0,0,0,0,0,0,0,0,0,0,0,0,0,0,0,0,0,0,0,0,0,0,0,0,0,0,0,0,0,0,0,0,0,0,0,0,0,0,0,0,0,0,0,0,0,0,0,0,0,0,0,0
GF15_c2_d105_stool,94.65186,0,0.78102,4.48893,0,0,0,0,0,0,0,0,0,0,0,0,0,0,0,0,0,0,0,0,0,0,0,0,0,0,0,0.0782,0,0,0,0,0,0,0,0,0,0,0,0,0,0,0,0,0,0,0,0,0,0,0,0
GF15_c2_d108_colon,92.54243,0,0.32849,0.1436,0,0,0,0,0,0,0,0,0,0,0,0,0,0,0,0,0,0,0,0,0,0,0,0,0,0,0,1.03642,5.94907,0,0,0,0,0,0,0,0,0,0,0,0,0,0,0,0,0,0,0,0,0,0,0
GF15_C2_d36,0,0,0,9.21021,0,0,0,0,0,0,0,0,0,90.78979,0,0,0,0,0,0,0,0,0,0,0,0,0,0,0,0,0,0,0,0,0,0,0,0,0,0,0,0,0,0,0,0,0,0,0,0,0,0,0,0,0,0
GF15_C2_d37,0,0,0,8.73129,0,0,0,0,0.08891,0,0.33382,0,0,88.7058,0,0,0,0,0,0,0,0,0,0,0,0,0,0,0,0,0,1.27179,0.86838,0,0,0,0,0,0,0,0,0,0,0,0,0,0,0,0,0,0,0,0,0,0,0
GF15_C2_d39_colon,63.97315,0,3.17143,0,0,0,0,0,0,0,0,0,0,31.34331,0,0,0,0,0,0,0,0,0,0,0,0,0,0,0,0,0,0,1.51212,0,0,0,0,0,0,0,0,0,0,0,0,0,0,0,0,0,0,0,0,0,0,0
GF15_c2_d73_16_stool,87.21889,0,12.78111,0,0,0,0,0,0,0,0,0,0,0,0,0,0,0,0,0,0,0,0,0,0,0,0,0,0,0,0,0,0,0,0,0,0,0,0,0,0,0,0,0,0,0,0,0,0,0,0,0,0,0,0,0
GF15_c2_d74_colon,100,0,0,0,0,0,0,0,0,0,0,0,0,0,0,0,0,0,0,0,0,0,0,0,0,0,0,0,0,0,0,0,0,0,0,0,0,0,0,0,0,0,0,0,0,0,0,0,0,0,0,0,0,0,0,0
GF15_c3_d108_colon,91.0777,0,0,0,0,0,0,0,0,0,0,0,0,0,0,0,0,0,0,0,0,0,0,0,0,0,0,0,0,0,0,0.82048,8.10183,0,0,0,0,0,0,0,0,0,0,0,0,0,0,0,0,0,0,0,0,0,0,0
GF15_C3_d36,0,0,0,7.48336,0,0,0,0,0,0,0,0,0,91.88862,0,0,0,0,0,0,0,0,0,0,0,0,0,0,0,0,0,0.62802,0,0,0,0,0,0,0,0,0,0,0,0,0,0,0,0,0,0,0,0,0,0,0,0
GF15_C3_d39_colon,62.26842,0,0.30803,0,0,0,0,0,0,0,0,0,0,34.82034,0,0,0,0,0,0,0,0,0,0,0,0,0,0,0,0,0,0,2.60322,0,0,0,0,0,0,0,0,0,0,0,0,0,0,0,0,0,0,0,0,0,0,0
GF15_c4_d105_stool,84.67287,0,1.52643,9.97681,0,0,0,0,2.64739,0,0.76179,0,0,0,0,0,0,0,0,0,0,0,0,0,0,0,0,0,0,0,0,0.41471,0,0,0,0,0,0,0,0,0,0,0,0,0,0,0,0,0,0,0,0,0,0,0,0
GF15_c4_d108_colon,91.50732,0,0,0.01964,0,0,0,0,0,0,0,0,0,0,0,0,0,0,0,0,0,0,0,0,0,0,0,0,0,0,0,0.8676,7.56501,0,0,0.04043,0,0,0,0,0,0,0,0,0,0,0,0,0,0,0,0,0,0,0,0
GF15_C4_d36,0,0,0,2.46018,0,0,0,0,0,0,0,0,0,96.88458,0,0,0,0,0,0,0,0,0,0,0,0,0,0,0,0,0,0.59226,0.06298,0,0,0,0,0,0,0,0,0,0,0,0,0,0,0,0,0,0,0,0,0,0,0
GF15_C4_d37,0,0,0,2.15759,0,0,0,0,0.14394,0,0.12729,0,0,95.96592,0,0,0,0,0,0,0,0,0,0,0,0,0,0,0,0,0,1.42075,0.18451,0,0,0,0,0,0,0,0,0,0,0,0,0,0,0,0,0,0,0,0,0,0,0
GF15_C4_d38,8.00895,0,2.95743,0,0,0,0,0,0,0,0,0,0,87.24706,0,0,0,0,0,0,0,0,0,0,0,0,0,0,0,0,0,0,1.78657,0,0,0,0,0,0,0,0,0,0,0,0,0,0,0,0,0,0,0,0,0,0,0
GF15_C4_d39_colon,23.85279,0,1.42795,0,0,0,0,0,0,0,0,0,0,69.54938,0,0,0,0,0,0,0,0,0,0,0,0,0,0,0,0,0,0,5.16987,0,0,0,0,0,0,0,0,0,0,0,0,0,0,0,0,0,0,0,0,0,0,0
GF15_c4_d73_stool,85.32658,0,14.06883,0.25995,0,0,0,0,0,0,0,0,0,0.26903,0,0,0,0,0,0,0,0,0,0,0,0,0,0,0,0,0,0.0756,0,0,0,0,0,0,0,0,0,0,0,0,0,0,0,0,0,0,0,0,0,0,0,0
GF15_c4_d74_colon,100,0,0,0,0,0,0,0,0,0,0,0,0,0,0,0,0,0,0,0,0,0,0,0,0,0,0,0,0,0,0,0,0,0,0,0,0,0,0,0,0,0,0,0,0,0,0,0,0,0,0,0,0,0,0,0
GF15_c5_d105_stool,31.16726,0,61.2345,6.16041,0,0,0,0,0,0,0.10842,0,0,0,0,0,0,0,0,0,0,0,0,0,0,0,0,0,0,0,0,1.3294,0,0,0,0,0,0,0,0,0,0,0,0,0,0,0,0,0,0,0,0,0,0,0,0
GF15_c5_d108_colon,84.79011,0,0,0,0,0,0,0,0,0,0,0,0,0,0,0,0,0,0,0,0,0,0,0,0,0,0,0,0,0,0,2.02025,13.18964,0,0,0,0,0,0,0,0,0,0,0,0,0,0,0,0,0,0,0,0,0,0,0
GF15_C5_d36,0,0,0.12481,29.15074,0,0,0,0,0,0,0,0,0,65.07543,0,0,0,0,0,0,0,0,0,0,0,0,0,0,0,0,0,0.10864,5.54038,0,0,0,0,0,0,0,0,0,0,0,0,0,0,0,0,0,0,0,0,0,0,0
GF15_C5_d37,0.50011,0,0,20.72677,0,0,0,0,0,0,0,0,0,67.54357,0,0,0,0,0,0,0,0,0,0,0,0,0,0,0,0,0,0.8768,10.35275,0,0,0,0,0,0,0,0,0,0,0,0,0,0,0,0,0,0,0,0,0,0,0
GF15_C5_d39_colon,55.90455,0,0,0,0,0,0,0,0,0,0,0,0,43.2718,0,0,0,0,0,0,0,0,0,0,0,0,0,0,0,0,0,0,0.82365,0,0,0,0,0,0,0,0,0,0,0,0,0,0,0,0,0,0,0,0,0,0,0
GF15_c5_d71_stool,20.0779,0,0,6.72639,0,0,0,0,0,0,0.04034,0,0,0,0,0,0,0,0,0,0,0,0,0,0,0,0,0,0,0,0,73.13091,0,0,0,0,0,0.02447,0,0,0,0,0,0,0,0,0,0,0,0,0,0,0,0,0,0
GF15_c5_d74_colon,100,0,0,0,0,0,0,0,0,0,0,0,0,0,0,0,0,0,0,0,0,0,0,0,0,0,0,0,0,0,0,0,0,0,0,0,0,0,0,0,0,0,0,0,0,0,0,0,0,0,0,0,0,0,0,0
GF15_c6_d105_stool,94.07303,0,0.39747,5.31141,0,0,0,0,0,0,0.10229,0,0,0,0,0,0,0,0,0,0,0,0,0,0,0,0,0,0,0,0,0.1158,0,0,0,0,0,0,0,0,0,0,0,0,0,0,0,0,0,0,0,0,0,0,0,0
GF15_c6_d108_colon,93.2184,0,0,0,0,0,0,0,0,0,0,0,0,0,0,0,0,0,0,0,0,0,0,0,0,0,0,0,0,0,0,2.58141,4.20019,0,0,0,0,0,0,0,0,0,0,0,0,0,0,0,0,0,0,0,0,0,0,0
GF15_C6_d36,0,0,0,8.03343,0,0,0,0,0,0,0,0,0,90.43445,0,0,0,0,0,0,0,0,0,0,0,0,0,0,0,0,0,0.3967,1.13542,0,0,0,0,0,0,0,0,0,0,0,0,0,0,0,0,0,0,0,0,0,0,0
GF15_C6_d39_colon,30.62426,0,0,0,0,0,0,0,0,0,0,0,0,58.8678,0,0,0,0,0,0,0,0,0,0,0,0,0,0,0,0,0,0,10.50794,0,0,0,0,0,0,0,0,0,0,0,0,0,0,0,0,0,0,0,0,0,0,0
GF15_c6_d71_stool,97.17756,0,0,0.38699,0,0,0,0,0,0,0,0,0,0,0,0,0,0,0,0,0,0,0,0,0,0,0,0,0,0,0,2.43546,0,0,0,0,0,0,0,0,0,0,0,0,0,0,0,0,0,0,0,0,0,0,0,0
GF15_C6_d72_stool,97.34865,0,0.72805,0.74597,0,0,0,0,0,0,0,0,0,0,0,0,0,0,0,0,0,0,0,0,0,0,0,0,0,0,0,1.17734,0,0,0,0,0,0,0,0,0,0,0,0,0,0,0,0,0,0,0,0,0,0,0,0
GF15_c6_d74_colon,95.40397,0,4.59603,0,0,0,0,0,0,0,0,0,0,0,0,0,0,0,0,0,0,0,0,0,0,0,0,0,0,0,0,0,0,0,0,0,0,0,0,0,0,0,0,0,0,0,0,0,0,0,0,0,0,0,0,0
GF15_c7_d105_stool,85.00729,0,13.17365,0.67866,0,0,0,0,0,0,0,0,0,1.14041,0,0,0,0,0,0,0,0,0,0,0,0,0,0,0,0,0,0,0,0,0,0,0,0,0,0,0,0,0,0,0,0,0,0,0,0,0,0,0,0,0,0
GF15_c7_d108_colon,72.30955,0,0,0,0,0,0,0,0,0,0,0,0,0,0,0,0,0,0,0,0,0,0,0,0,0,0,0,0,0,0,1.99122,25.69923,0,0,0,0,0,0,0,0,0,0,0,0,0,0,0,0,0,0,0,0,0,0,0
GF15_c7_d72_stool,96.93496,0,0.22729,0.6453,0,0,0,0,0,0,0,0,0,0.06417,0,0,0,0,0,0,0,0,0,0,0,0,0,0,0,0,0,2.12828,0,0,0,0,0,0,0,0,0,0,0,0,0,0,0,0,0,0,0,0,0,0,0,0
GF15_c7_d74_colon,44.01983,0,55.98017,0,0,0,0,0,0,0,0,0,0,0,0,0,0,0,0,0,0,0,0,0,0,0,0,0,0,0,0,0,0,0,0,0,0,0,0,0,0,0,0,0,0,0,0,0,0,0,0,0,0,0,0,0
GF15_c8_d108_colon,96.05291,0,0,0,0,0,0,0,0,0,0,0,0,0,0,0,0,0,0,0,0,0,0,0,0,0,0,0,0,0,0,0.63461,3.31247,0,0,0,0,0,0,0,0,0,0,0,0,0,0,0,0,0,0,0,0,0,0,0
GF15_c8_d74_colon,81.44946,0,0,0,0,0,0,0,0,0,0,0,0,0,0,0,0,0,0,0,0,0,0,0,0,0,0,0,0,0,0,0,18.55054,0,0,0,0,0,0,0,0,0,0,0,0,0,0,0,0,0,0,0,0,0,0,0
GF15_c9_d108_colon,74.95247,0,0,16.14859,0,0,0,0,0,0,0,0,0,0,0,0,0,0,0,0,0,0,0,0,0,0,0,0,0,0,0,0.24938,8.64956,0,0,0,0,0,0,0,0,0,0,0,0,0,0,0,0,0,0,0,0,0,0,0
GF15_cdam_d11_stool,0,0,2.38473,2.03868,0,0,0,0,12.51901,0,1.80948,0,0,0.44366,0,0,6.81302,0.07872,0,0,0,0,0,0,0,0,0,0,0,0,0.69377,71.43727,0.58223,0.63803,0.5614,0,0,0,0,0,0,0,0,0,0,0,0,0,0,0,0,0,0,0,0,0
GF15_cdam_d23_stool,0.21255,0,0.43226,1.77449,0,0,0,0,10.25448,0,2.6427,0,0,0,0,0,7.3233,0.69063,0,0,0,0,0,0,0,0,0,0,0,0,0.8023,73.54288,0.14184,0.77977,1.40279,0,0,0,0,0,0,0,0,0,0,0,0,0,0,0,0,0,0,0,0,0
GF15_cdam_d5_stool,0.04375,0,4.70988,2.05436,0,0,0,0,10.80691,0,2.76113,0,0,1.97484,0,0,4.33613,0,0,0,0,0,0,0,0,0,0,0,0,0,0.25962,70.97114,1.34358,0.66964,0.06903,0,0,0,0,0,0,0,0,0,0,0,0,0,0,0,0,0,0,0,0,0
GF15_cdam_d59_stool,0.27189,0,3.34189,3.93378,0,0,0,0,37.28474,0,7.13295,0,0,0.94386,0,0,0.13422,0,0,0,0,0,0,0,0,0,0,0,0,0,0,45.77369,0.9386,0,0.24437,0,0,0,0,0,0,0,0,0,0,0,0,0,0,0,0,0,0,0,0,0
GF15_d67_B1_stool,89.87437,0,5.35726,4.45422,0,0,0,0,0,0,0,0,0,0,0,0,0,0,0,0,0,0,0,0,0,0,0,0,0,0,0,0.31414,0,0,0,0,0,0,0,0,0,0,0,0,0,0,0,0,0,0,0,0,0,0,0,0
GF15_d67_B2_stool,98.23413,0,0.94117,0.04833,0,0,0,0,0,0,0,0,0,0.09438,0,0,0,0,0,0,0,0,0,0,0,0,0,0,0,0,0,0.68199,0,0,0,0,0,0,0,0,0,0,0,0,0,0,0,0,0,0,0,0,0,0,0,0
GF15_d67_B3_stool,95.42633,0,0.13811,2.23032,0,0,0,0,0.23715,0,0.17619,0,0,0,0,0,0,0,0,0,0,0,0,0,0,0,0,0,0,0,0,1.7919,0,0,0,0,0,0,0,0,0,0,0,0,0,0,0,0,0,0,0,0,0,0,0,0
GF15_d67_B4_stool,87.96908,0,11.11226,0,0,0,0,0,0,0,0,0,0,0,0,0,0,0,0,0,0,0,0,0,0,0,0,0,0,0,0,0.91866,0,0,0,0,0,0,0,0,0,0,0,0,0,0,0,0,0,0,0,0,0,0,0,0
GF15_d67_B5_stool,36.55267,0,61.08733,0.44385,0,0,0,0,0,0,0.0038,0,0,0,0,0,0,0,0,0,0,0,0,0,0,0,0,0,0,0,0,1.91235,0,0,0,0,0,0,0,0,0,0,0,0,0,0,0,0,0,0,0,0,0,0,0,0
GF15_d67_B6_stool,96.43593,0,3.47163,0,0,0,0,0,0,0,0,0,0,0,0,0,0,0,0,0,0,0,0,0,0,0,0,0,0,0,0,0.09244,0,0,0,0,0,0,0,0,0,0,0,0,0,0,0,0,0,0,0,0,0,0,0,0
GF15_d67_B7_stool,62.07633,0,37.83547,0.0882,0,0,0,0,0,0,0,0,0,0,0,0,0,0,0,0,0,0,0,0,0,0,0,0,0,0,0,0,0,0,0,0,0,0,0,0,0,0,0,0,0,0,0,0,0,0,0,0,0,0,0,0
GF15_d67_B8_stool,80.43522,0,18.98476,0.30087,0,0,0,0,0,0,0.02786,0,0,0,0,0,0,0,0,0,0,0,0,0,0,0,0,0,0,0,0,0.25129,0,0,0,0,0,0,0,0,0,0,0,0,0,0,0,0,0,0,0,0,0,0,0,0
GF15_d68_B1_colon,74.11939,0,20.78888,2.3804,0,0,0,0,2.64581,0,0.06551,0,0,0,0,0,0,0,0,0,0,0,0,0,0,0,0,0,0,0,0,0,0,0,0,0,0,0,0,0,0,0,0,0,0,0,0,0,0,0,0,0,0,0,0,0
GF15_d68_B2_stool,95.15262,0,4.34416,0.05543,0,0,0,0,0,0,0,0,0,0,0,0,0,0,0,0,0,0,0,0,0,0,0,0,0,0,0,0.44779,0,0,0,0,0,0,0,0,0,0,0,0,0,0,0,0,0,0,0,0,0,0,0,0
GF15_d68_B5_colon,42.70317,0,57.29683,0,0,0,0,0,0,0,0,0,0,0,0,0,0,0,0,0,0,0,0,0,0,0,0,0,0,0,0,0,0,0,0,0,0,0,0,0,0,0,0,0,0,0,0,0,0,0,0,0,0,0,0,0
GF15_d68_B8_stool,73.61799,0,24.43014,0.85831,0,0,0,0,0.17669,0,0.51121,0,0,0,0,0,0,0,0,0,0,0,0,0,0,0,0,0,0,0,0,0.40566,0,0,0,0,0,0,0,0,0,0,0,0,0,0,0,0,0,0,0,0,0,0,0,0
GF15_d69_B2_stool,74.08465,0,25.91535,0,0,0,0,0,0,0,0,0,0,0,0,0,0,0,0,0,0,0,0,0,0,0,0,0,0,0,0,0,0,0,0,0,0,0,0,0,0,0,0,0,0,0,0,0,0,0,0,0,0,0,0,0
GF15_d69_B9_stool,85.09728,0,14.68712,0,0,0,0,0,0,0,0,0,0,0.21559,0,0,0,0,0,0,0,0,0,0,0,0,0,0,0,0,0,0,0,0,0,0,0,0,0,0,0,0,0,0,0,0,0,0,0,0,0,0,0,0,0,0
GF15_d70_B2_colon,78.11507,0,12.66992,0,0,0,0,0,0,0,0,0,0,9.21501,0,0,0,0,0,0,0,0,0,0,0,0,0,0,0,0,0,0,0,0,0,0,0,0,0,0,0,0,0,0,0,0,0,0,0,0,0,0,0,0,0,0
GF15_d70_B4_colon,17.65198,0,72.78596,0,0,0,0,0,0,0,0,0,0,7.8049,0,0,0,0,0,0,0,0,0,0,0,0,0,0,0,0,0,0,1.75717,0,0,0,0,0,0,0,0,0,0,0,0,0,0,0,0,0,0,0,0,0,0,0
GF15_d70_B6_colon,52.75666,0,38.30194,0,0,0,0,0,0,0,0,0,0,6.54166,0,0,0,0,0,0,0,0,0,0,0,0,0,0,0,0,0,0,2.39974,0,0,0,0,0,0,0,0,0,0,0,0,0,0,0,0,0,0,0,0,0,0,0
GF15_d70_B7_colon,33.25476,0,61.53868,0,0,0,0,0,0,0,0,0,0,0.82708,0,0,0,0,0,0,0,0,0,0,0,0,0,0,0,0,0,0,4.37948,0,0,0,0,0,0,0,0,0,0,0,0,0,0,0,0,0,0,0,0,0,0,0
GF15_d70_B8_colon,55.91147,0,37.62309,0,0,0,0,0,0,0,0,0,0,6.46544,0,0,0,0,0,0,0,0,0,0,0,0,0,0,0,0,0,0,0,0,0,0,0,0,0,0,0,0,0,0,0,0,0,0,0,0,0,0,0,0,0,0
GF15_d70_B9_colon,68.34845,0,31.65155,0,0,0,0,0,0,0,0,0,0,0,0,0,0,0,0,0,0,0,0,0,0,0,0,0,0,0,0,0,0,0,0,0,0,0,0,0,0,0,0,0,0,0,0,0,0,0,0,0,0,0,0,0
GF15_d71_A1_stool,99.19541,0,0,0.11866,0,0,0,0,0,0,0,0,0,0,0,0,0,0,0,0,0,0,0,0,0,0,0,0,0,0,0,0.68593,0,0,0,0,0,0,0,0,0,0,0,0,0,0,0,0,0,0,0,0,0,0,0,0
GF15_d71_A3_stool,87.59486,0,0,11.51468,0,0,0,0,0,0,0,0,0,0,0,0,0,0,0,0,0,0,0,0,0,0,0,0,0,0,0,0.89046,0,0,0,0,0,0,0,0,0,0,0,0,0,0,0,0,0,0,0,0,0,0,0,0
GF15_d71_A4_stool,100,0,0,0,0,0,0,0,0,0,0,0,0,0,0,0,0,0,0,0,0,0,0,0,0,0,0,0,0,0,0,0,0,0,0,0,0,0,0,0,0,0,0,0,0,0,0,0,0,0,0,0,0,0,0,0
GF15_d71_A5_stool,89.37956,0,10.62044,0,0,0,0,0,0,0,0,0,0,0,0,0,0,0,0,0,0,0,0,0,0,0,0,0,0,0,0,0,0,0,0,0,0,0,0,0,0,0,0,0,0,0,0,0,0,0,0,0,0,0,0,0
GF15_d71_A6_stool,51.40696,0,46.38553,1.37374,0,0,0,0,0,0,0,0,0,0,0,0,0,0,0,0,0,0,0,0,0,0,0,0,0,0,0,0.83377,0,0,0,0,0,0,0,0,0,0,0,0,0,0,0,0,0,0,0,0,0,0,0,0
GF15_d71_A7_stool,93.49753,0,5.06958,0.68107,0,0,0,0,0,0,0.02993,0,0,0,0,0,0,0,0,0,0,0,0,0,0,0,0,0,0,0,0,0.72189,0,0,0,0,0,0,0,0,0,0,0,0,0,0,0,0,0,0,0,0,0,0,0,0
GF15_d71_A8_stool,93.69629,0,0.38505,2.48143,0,0,0,0,0,0,0,0,0,1.12903,0,0,0,0,0,0,0,0,0,0,0,0,0,0,0,0,0,2.3082,0,0,0,0,0,0,0,0,0,0,0,0,0,0,0,0,0,0,0,0,0,0,0,0
GF15_d71_C2_stool,91.02612,0,0,8.23437,0,0,0,0,0,0,0,0,0,0,0,0,0,0,0,0,0,0,0,0,0,0,0,0,0,0,0,0.73952,0,0,0,0,0,0,0,0,0,0,0,0,0,0,0,0,0,0,0,0,0,0,0,0
GF15_d71_C3_stool,82.68131,0,0,16.52142,0,0,0,0,0,0,0.23003,0,0,0,0,0,0,0,0,0,0,0,0,0,0,0,0,0,0,0,0,0.56724,0,0,0,0,0,0,0,0,0,0,0,0,0,0,0,0,0,0,0,0,0,0,0,0
GF15_d71_C4_stool,99.77378,0,0,0,0,0,0,0,0,0,0,0,0,0,0,0,0,0,0,0,0,0,0,0,0,0,0,0,0,0,0,0.22622,0,0,0,0,0,0,0,0,0,0,0,0,0,0,0,0,0,0,0,0,0,0,0,0
GF15_INOC,0,0,2.16499,29.53727,0,0,0,0,1.63877,0,0,0.57167,0,1.48598,0,0,19.2124,5.91805,0,0,0,0,0,0,0,0,0,2.03977,0.20551,0,28.25817,8.9089,0,0.05851,0,0,0,0,0,0,0,0,0,0,0,0,0,0,0,0,0,0,0,0,0,0
GF16_A1_d32,0,0,48.59238,0,0,0,0,0,0,0,0,0,0,0,0,0,0,0,0,0,0,51.40762,0,0,0,0,0,0,0,0,0,0,0,0,0,0,0,0,0,0,0,0,0,0,0,0,0,0,0,0,0,0,0,0,0,0
GF16_A1_d35_colon,0,0,0,0,0,0,0,0,0,0,0,0,0,0,0,0,0,0,0,0,0,0,0,0,0,0,0,0,0,0,0,0,0,0,0,0,0,0,100,0,0,0,0,0,0,0,0,0,0,0,0,0,0,0,0,0
GF16_A2_d32,0,0,0,0,0,0,0,0,0,0,0,0,0,0,0,0,0,0,0,0,0,100,0,0,0,0,0,0,0,0,0,0,0,0,0,0,0,0,0,0,0,0,0,0,0,0,0,0,0,0,0,0,0,0,0,0
GF16_A2_d35_colon,0,0,43.94071,0,0,0,0,0,0,0,0,0,0,0,0,0,0,0,0,0,0,56.05929,0,0,0,0,0,0,0,0,0,0,0,0,0,0,0,0,0,0,0,0,0,0,0,0,0,0,0,0,0,0,0,0,0,0
GF16_A3_d32,0,0,10.89183,0.13897,0,0,0,0,0,0,0,0,0,0,0,0,0,0,0,0,0,88.9692,0,0,0,0,0,0,0,0,0,0,0,0,0,0,0,0,0,0,0,0,0,0,0,0,0,0,0,0,0,0,0,0,0,0
GF16_A3_d34,0,0,15.19859,0,0,0,0,0,0,0,0,0,0,0,0,0,0,0,0,0,0,64.9185,0,0,0,0,0,0,0,0,0,0,0,0,0,0,0,0,0,19.88291,0,0,0,0,0,0,0,0,0,0,0,0,0,0,0,0
GF16_A3_d35_colon,0,0,0,100,0,0,0,0,0,0,0,0,0,0,0,0,0,0,0,0,0,0,0,0,0,0,0,0,0,0,0,0,0,0,0,0,0,0,0,0,0,0,0,0,0,0,0,0,0,0,0,0,0,0,0,0
GF16_a4_d100_stool,0,0,33.57036,2.94721,0,0,0,0,0,0,0,0,0,0,0,0,0,0,0,0,0,58.82974,0,0,0,0,0,0,0,0,0,0,0,0,0,0,0,0,0,4.65269,0,0,0,0,0,0,0,0,0,0,0,0,0,0,0,0
GF16_A4_d32,0,0,41.36695,0,0,0,0,0,0,0,0,0,0,0,0,0,0,0,0,0,0,58.63305,0,0,0,0,0,0,0,0,0,0,0,0,0,0,0,0,0,0,0,0,0,0,0,0,0,0,0,0,0,0,0,0,0,0
GF16_A5_d32,0,0,0,0,0,0,0,0,0,0,0,0,0,0,0,0,0,0,0,0,0,100,0,0,0,0,0,0,0,0,0,0,0,0,0,0,0,0,0,0,0,0,0,0,0,0,0,0,0,0,0,0,0,0,0,0
GF16_A6_d32,0,0,20.53897,0,0,0,0,0,0,0,0,0,0,0,0,0,0,0,0,0,0,79.46103,0,0,0,0,0,0,0,0,0,0,0,0,0,0,0,0,0,0,0,0,0,0,0,0,0,0,0,0,0,0,0,0,0,0
GF16_A6_d33,0,0,12.82756,0.26259,0,0,0,0,0,0,0,0,0,0,0,0,0,0,0,0,0,86.90985,0,0,0,0,0,0,0,0,0,0,0,0,0,0,0,0,0,0,0,0,0,0,0,0,0,0,0,0,0,0,0,0,0,0
GF16_A6_d35_colon,0,0,0,0,0,0,0,0,0,0,0,0,0,0,0,0,0,0,0,0,0,100,0,0,0,0,0,0,0,0,0,0,0,0,0,0,0,0,0,0,0,0,0,0,0,0,0,0,0,0,0,0,0,0,0,0
GF16_A7_d32,0,0,26.98626,1.5768,0,0,0,0,0,0,0,0,0,0,0,0,0,0,0,0,0,71.43693,0,0,0,0,0,0,0,0,0,0,0,0,0,0,0,0,0,0,0,0,0,0,0,0,0,0,0,0,0,0,0,0,0,0
GF16_A7_d34,0,0,3.53153,30.1143,0,0,0,0,0,0,0,0,0,0,0,0,0,0,0,0,0,66.35417,0,0,0,0,0,0,0,0,0,0,0,0,0,0,0,0,0,0,0,0,0,0,0,0,0,0,0,0,0,0,0,0,0,0
GF16_Adam_d21,0,0,0,0,0,0,0,0,2.67101,0,0,0,0,0,0,0,0,0,0,5.53117,0,18.42038,0,0,0,0,0,0,0,0,0,0,0,0,0,0,0,0,0,62.11439,3.87761,3.30882,2.85901,0.88331,0.3343,0,0,0,0,0,0,0,0,0,0,0
GF16_B1_d32,0,0,0,0,0,0,0,0,0,0,0,0,0,0,0,0,0,0,0,0,0,100,0,0,0,0,0,0,0,0,0,0,0,0,0,0,0,0,0,0,0,0,0,0,0,0,0,0,0,0,0,0,0,0,0,0
GF16_B2_d32,0,0,0,0,0,0,0,0,0,0,0,0,0,0,0,0,0,0,0,0,0,100,0,0,0,0,0,0,0,0,0,0,0,0,0,0,0,0,0,0,0,0,0,0,0,0,0,0,0,0,0,0,0,0,0,0
GF16_B2_d34,0.5704,0,6.87047,6.23082,0,0,0,0,18.96446,0,2.85289,0,0,60.27374,0,0,0,0.14211,0,0,0,0,0,0,0,0,0,0,0,0,0,4.09511,0,0,0,0,0,0,0,0,0,0,0,0,0,0,0,0,0,0,0,0,0,0,0,0
GF16_B5_d32,0,0,44.39051,0,0,0,0,0,0,0,0,0,0,0,0,0,0,0,0,0,0,55.60949,0,0,0,0,0,0,0,0,0,0,0,0,0,0,0,0,0,0,0,0,0,0,0,0,0,0,0,0,0,0,0,0,0,0
GF16_B5_d33_colon,0,0,29.27045,0,0,0,0,0,0,0,0,0,0,0,0,0,0,0,0,0,0,70.72955,0,0,0,0,0,0,0,0,0,0,0,0,0,0,0,0,0,0,0,0,0,0,0,0,0,0,0,0,0,0,0,0,0,0
GF16_B6_d32,0,0,17.16373,0.38575,0,0,0,0,0,0,0,0,0,0,0,0,0,0,0,0,0,82.45052,0,0,0,0,0,0,0,0,0,0,0,0,0,0,0,0,0,0,0,0,0,0,0,0,0,0,0,0,0,0,0,0,0,0
GF16_c1_d105_stool,0,0,0.4632,0,0,0,0,0,0,0,0,0,0,0,0,0,0,0,0,0,0,99.5368,0,0,0,0,0,0,0,0,0,0,0,0,0,0,0,0,0,0,0,0,0,0,0,0,0,0,0,0,0,0,0,0,0,0
GF16_C1_d34,0,0,0,0,0,0,0,0,0,0,0,0,0,0,0,0,0,0,0,0,0,0,0,0,0,0,0,0,0,0,0,0,0,0,0,0,0,0,0,99.06012,0,0.93988,0,0,0,0,0,0,0,0,0,0,0,0,0,0
GF16_C1_d35_colon,0,0,1.27653,98.52817,0,0,0,0,0,0,0,0,0,0,0,0,0,0,0,0,0,0,0,0,0,0,0,0,0,0,0,0,0,0,0,0,0,0,0,0.19531,0,0,0,0,0,0,0,0,0,0,0,0,0,0,0,0
GF16_c1_d67_stool,0,0,41.7675,0,0,0,0,0,0,0,0,0,0,0,0,0,0,0,0,0,0,58.2325,0,0,0,0,0,0,0,0,0,0,0,0,0,0,0,0,0,0,0,0,0,0,0,0,0,0,0,0,0,0,0,0,0,0
GF16_c1_d69_stool,0,0,0,0,0,0,0,0,0,0,0,0,0,0,0,0,0,0,0,0,0,95.05831,0,0,0,0,0,0,0,0,0,0.90106,0,0,0,2.70888,0,0,0,0,0,0,0,1.33174,0,0,0,0,0,0,0,0,0,0,0,0
GF16_c10_d105_stool,0,0,0,0,0,0,0,0,0,0,0,0,0,0,0,0,0,0,0,0,0,100,0,0,0,0,0,0,0,0,0,0,0,0,0,0,0,0,0,0,0,0,0,0,0,0,0,0,0,0,0,0,0,0,0,0
GF16_c10_d106_stool,0,0,0,0.18504,0,0,0,0,0,0,0,0,0,0,0,0,0,0,0,0,0,99.81496,0,0,0,0,0,0,0,0,0,0,0,0,0,0,0,0,0,0,0,0,0,0,0,0,0,0,0,0,0,0,0,0,0,0
GF16_c2_d105_stool,0,0,0,0,0,0,0,0,0,0,0,0,0,0,0,0,0,0,0,0,0,100,0,0,0,0,0,0,0,0,0,0,0,0,0,0,0,0,0,0,0,0,0,0,0,0,0,0,0,0,0,0,0,0,0,0
GF16_C2_d32,0,0,5.8537,0.20767,0,0,0,0,0,0,0,0,0,0,0,0,0,0,0,0,0,93.93863,0,0,0,0,0,0,0,0,0,0,0,0,0,0,0,0,0,0,0,0,0,0,0,0,0,0,0,0,0,0,0,0,0,0
GF16_C2_d35_colon,0,0,37.33313,62.66687,0,0,0,0,0,0,0,0,0,0,0,0,0,0,0,0,0,0,0,0,0,0,0,0,0,0,0,0,0,0,0,0,0,0,0,0,0,0,0,0,0,0,0,0,0,0,0,0,0,0,0,0
GF16_c2_d67_stool,0,0,47.60953,0,0,0,0,0,0,0,0,0,0,0,0,0,0,0,0,0.12507,0,52.2654,0,0,0,0,0,0,0,0,0,0,0,0,0,0,0,0,0,0,0,0,0,0,0,0,0,0,0,0,0,0,0,0,0,0
GF16_c2_d68_stool,0,0,34.37544,0.29895,0,0,0,0,0,0,0,0,0,0,0,0,0,0,0,0,0,65.32561,0,0,0,0,0,0,0,0,0,0,0,0,0,0,0,0,0,0,0,0,0,0,0,0,0,0,0,0,0,0,0,0,0,0
GF16_c2_d69_stool,0,0,21.96918,0.08157,0,0,0,0,0,0,0,0,0,0,0,0,0,0,0,1.57038,0,76.37887,0,0,0,0,0,0,0,0,0,0,0,0,0,0,0,0,0,0,0,0,0,0,0,0,0,0,0,0,0,0,0,0,0,0
GF16_c3_d105_stool,0,0,6.11221,0,0,0,0,0,0,0,0,0,0,0,0,0,0,0,0,0.64712,0,93.24067,0,0,0,0,0,0,0,0,0,0,0,0,0,0,0,0,0,0,0,0,0,0,0,0,0,0,0,0,0,0,0,0,0,0
GF16_C3_d32,0,0,29.13137,0.21826,0,0,0,0,0,0,0,0,0,0,0,0,0,0,0,0,0,70.65037,0,0,0,0,0,0,0,0,0,0,0,0,0,0,0,0,0,0,0,0,0,0,0,0,0,0,0,0,0,0,0,0,0,0
GF16_C3_d33,0,0,49.97307,0,0,0,0,0,0,0,0,0,0,0,0,0,0,0,0,0,0,50.02693,0,0,0,0,0,0,0,0,0,0,0,0,0,0,0,0,0,0,0,0,0,0,0,0,0,0,0,0,0,0,0,0,0,0
GF16_C3_d35_colon,0,0,52.32714,47.67286,0,0,0,0,0,0,0,0,0,0,0,0,0,0,0,0,0,0,0,0,0,0,0,0,0,0,0,0,0,0,0,0,0,0,0,0,0,0,0,0,0,0,0,0,0,0,0,0,0,0,0,0
GF16_c3_d67_stool,0,0,69.34372,0,0,0,0,0,0,0,0,0,0,0,0,0,0,0,0,0,0,30.65628,0,0,0,0,0,0,0,0,0,0,0,0,0,0,0,0,0,0,0,0,0,0,0,0,0,0,0,0,0,0,0,0,0,0
GF16_c4_d105_stool,0,0,0,0,0,0,0,0,0,0,0,0,0,0,0,0,0,0,0,0,0,100,0,0,0,0,0,0,0,0,0,0,0,0,0,0,0,0,0,0,0,0,0,0,0,0,0,0,0,0,0,0,0,0,0,0
GF16_C4_d33,0,0,9.9767,0,0,0,0,0,0,0,0,0,0,0,0,0,0,0,0,3.76533,0,84.92995,0,0,0,0,0,0,0,0,0,0,0,0,0,0,0,0,0,1.32803,0,0,0,0,0,0,0,0,0,0,0,0,0,0,0,0
GF16_C4_d34,0,0,0,0,0,0,0,0,0,0,0,0,0,0,0,0,0,0,0,0,0,4.10685,0,0,0,0,0,0,0,0,0,0,0,0,0,0,0,0,0,80.80165,0,15.0915,0,0,0,0,0,0,0,0,0,0,0,0,0,0
GF16_C4_d35_colon,0,0,50.22141,49.43773,0,0,0,0,0,0,0,0,0,0,0,0,0,0,0,0,0,0.34086,0,0,0,0,0,0,0,0,0,0,0,0,0,0,0,0,0,0,0,0,0,0,0,0,0,0,0,0,0,0,0,0,0,0
GF16_c4_d67_stool,0,0,55.5187,0,0,0,0,0,0,0,0,0,0,0,0,0,0,0,0,0,0,44.4813,0,0,0,0,0,0,0,0,0,0,0,0,0,0,0,0,0,0,0,0,0,0,0,0,0,0,0,0,0,0,0,0,0,0
GF16_c4_d69_stool,0,0,51.64967,0,0,0,0,0,0,0,0,0,0,0,0,0,0,0,0,0,0,48.35033,0,0,0,0,0,0,0,0,0,0,0,0,0,0,0,0,0,0,0,0,0,0,0,0,0,0,0,0,0,0,0,0,0,0
GF16_c5_d105_stool,0,0,0,0,0,0,0,0,0,0,0,0,0,0,0,0,0,0,0,0,0,100,0,0,0,0,0,0,0,0,0,0,0,0,0,0,0,0,0,0,0,0,0,0,0,0,0,0,0,0,0,0,0,0,0,0
GF16_C5_d32,0,0,16.58157,0,0,0,0,0,0,0,0,0,0,0,0,0,0,0,0,0,0,83.41843,0,0,0,0,0,0,0,0,0,0,0,0,0,0,0,0,0,0,0,0,0,0,0,0,0,0,0,0,0,0,0,0,0,0
GF16_C5_d35_colon,0,0,46.8492,53.1508,0,0,0,0,0,0,0,0,0,0,0,0,0,0,0,0,0,0,0,0,0,0,0,0,0,0,0,0,0,0,0,0,0,0,0,0,0,0,0,0,0,0,0,0,0,0,0,0,0,0,0,0
GF16_c5_d67_stool,0,0,35.72967,0,0,0,0,0,0,0,0,0,0,0,0,0,0,0,0,0,0,64.27033,0,0,0,0,0,0,0,0,0,0,0,0,0,0,0,0,0,0,0,0,0,0,0,0,0,0,0,0,0,0,0,0,0,0
GF16_c5_d68_stool,0,0,33.2506,0,0,0,0,0,0,0,0,0,0,0,0,0,0,0,0,0,0,66.7494,0,0,0,0,0,0,0,0,0,0,0,0,0,0,0,0,0,0,0,0,0,0,0,0,0,0,0,0,0,0,0,0,0,0
GF16_c6_d105_stool,0,0,2.88226,0,0,0,0,0,0,0,0,0,0,0,0,0,0,0,0,0,0,97.11774,0,0,0,0,0,0,0,0,0,0,0,0,0,0,0,0,0,0,0,0,0,0,0,0,0,0,0,0,0,0,0,0,0,0
GF16_c7_d105_stool,0,0,0,0.02306,0,0,0,0,0,0,0,0,0,0,0,0,0,0,0,0,0,99.97694,0,0,0,0,0,0,0,0,0,0,0,0,0,0,0,0,0,0,0,0,0,0,0,0,0,0,0,0,0,0,0,0,0,0
GF16_inoc_200622,0,0,0,0,0,0,0,0,0.48976,0.00562,0,0,0,0,0,0,0,0,0,12.1128,0,76.52548,0,0,0,0,0,0,0,0,0,1.7771,0,0,0,0,0,0,0,8.1886,0,0.25601,0.35588,0.28876,0,0,0,0,0,0,0,0,0,0,0,0
GF17_a1_d31_stool,5.38901,0,93.41811,0.6928,0,0,0,0,0.24287,0,0.25721,0,0,0,0,0,0,0,0,0,0,0,0,0,0,0,0,0,0,0,0,0,0,0,0,0,0,0,0,0,0,0,0,0,0,0,0,0,0,0,0,0,0,0,0,0
GF17_a2_d31_stool,46.65107,0,49.34152,0.99821,0,0,0,0,2.22322,0,0.78598,0,0,0,0,0,0,0,0,0,0,0,0,0,0,0,0,0,0,0,0,0,0,0,0,0,0,0,0,0,0,0,0,0,0,0,0,0,0,0,0,0,0,0,0,0
GF17_a3_d31_stool,66.58655,0,31.90807,0.3444,0,0,0,0,0.43113,0,0.72986,0,0,0,0,0,0,0,0,0,0,0,0,0,0,0,0,0,0,0,0,0,0,0,0,0,0,0,0,0,0,0,0,0,0,0,0,0,0,0,0,0,0,0,0,0
GF17_a4_d31_stool,15.3911,0,84.47148,0.13742,0,0,0,0,0,0,0,0,0,0,0,0,0,0,0,0,0,0,0,0,0,0,0,0,0,0,0,0,0,0,0,0,0,0,0,0,0,0,0,0,0,0,0,0,0,0,0,0,0,0,0,0
GF17_a5_d31_stool,69.75424,0,29.89562,0.29929,0,0,0,0,0.01863,0,0.03221,0,0,0,0,0,0,0,0,0,0,0,0,0,0,0,0,0,0,0,0,0,0,0,0,0,0,0,0,0,0,0,0,0,0,0,0,0,0,0,0,0,0,0,0,0
GF17_a6_d31_stool,18.98373,0,79.261,0.05218,0,0,0,0,0,0,0,0,0,0,0,0,0,0,0,0,0,0,0,0,0,0,0,0,1.70309,0,0,0,0,0,0,0,0,0,0,0,0,0,0,0,0,0,0,0,0,0,0,0,0,0,0,0
GF17_a7_d31_stool,39.65321,0,60.34679,0,0,0,0,0,0,0,0,0,0,0,0,0,0,0,0,0,0,0,0,0,0,0,0,0,0,0,0,0,0,0,0,0,0,0,0,0,0,0,0,0,0,0,0,0,0,0,0,0,0,0,0,0
GF17_b2_d31_stool,16.7656,0,82.89858,0,0,0,0,0,0,0,0,0,0,0,0,0,0,0,0,0,0,0,0,0,0,0,0,0,0.33582,0,0,0,0,0,0,0,0,0,0,0,0,0,0,0,0,0,0,0,0,0,0,0,0,0,0,0
GF17_b3_d31_stool,10.36917,0,89.63083,0,0,0,0,0,0,0,0,0,0,0,0,0,0,0,0,0,0,0,0,0,0,0,0,0,0,0,0,0,0,0,0,0,0,0,0,0,0,0,0,0,0,0,0,0,0,0,0,0,0,0,0,0
GF17_b6_d31_stool,82.71545,0,17.20237,0,0,0,0,0,0,0,0.08218,0,0,0,0,0,0,0,0,0,0,0,0,0,0,0,0,0,0,0,0,0,0,0,0,0,0,0,0,0,0,0,0,0,0,0,0,0,0,0,0,0,0,0,0,0
GF17_inoc_200903,0.7255,0,55.07845,0,0,0,0,0,0,0,0,0,0,10.43983,0,0,0,0,0,0,0,0,0,0,0,0,0,0,32.4877,0,0,0,0,0,0,0,1.26851,0,0,0,0,0,0,0,0,0,0,0,0,0,0,0,0,0,0,0
GF18_a1_d32_stool,83.2849,0,0,1.12064,0,0,0,0,0.55963,0.05003,0.35721,0,14.62759,0,0,0,0,0,0,0,0,0,0,0,0,0,0,0,0,0,0,0,0,0,0,0,0,0,0,0,0,0,0,0,0,0,0,0,0,0,0,0,0,0,0,0
GF18_a1_d33_stool,44.82786,0,0,0.75258,0,0,0,0,33.06333,9.23303,3.86084,0,8.26237,0,0,0,0,0,0,0,0,0,0,0,0,0,0,0,0,0,0,0,0,0,0,0,0,0,0,0,0,0,0,0,0,0,0,0,0,0,0,0,0,0,0,0
GF18_a1_d35_colon,0,0,0,95.68696,0,0,0,0,0,4.31304,0,0,0,0,0,0,0,0,0,0,0,0,0,0,0,0,0,0,0,0,0,0,0,0,0,0,0,0,0,0,0,0,0,0,0,0,0,0,0,0,0,0,0,0,0,0
GF18_a2_d33_stool,99.89463,0,0,0.10537,0,0,0,0,0,0,0,0,0,0,0,0,0,0,0,0,0,0,0,0,0,0,0,0,0,0,0,0,0,0,0,0,0,0,0,0,0,0,0,0,0,0,0,0,0,0,0,0,0,0,0,0
GF18_a2_d35_colon,0,0,0,9.99751,0,0,0,0,0,0,0,0,0,0,0,0,0,0,0,0,0,0,0,0,0,0,0,0,0,0,0,0,0,0,0,90.00249,0,0,0,0,0,0,0,0,0,0,0,0,0,0,0,0,0,0,0,0
GF18_a2_d54_colon,69.1438,0,0,8.04728,0,0,0,0,4.9243,17.03681,0.84781,0,0,0,0,0,0,0,0,0,0,0,0,0,0,0,0,0,0,0,0,0,0,0,0,0,0,0,0,0,0,0,0,0,0,0,0,0,0,0,0,0,0,0,0,0
GF18_a3_d35_colon,62.8252,0,0,31.4095,0,0,0,0,0,0,0,0,0,0,0,0,0,0,0,0,0,0,0,0,0,0,0,0,0,0,0,0,5.7653,0,0,0,0,0,0,0,0,0,0,0,0,0,0,0,0,0,0,0,0,0,0,0
GF18_a3_d54_colon,74.3342,0,0,2.80997,0,0,0,0,8.26287,13.99392,0.59904,0,0,0,0,0,0,0,0,0,0,0,0,0,0,0,0,0,0,0,0,0,0,0,0,0,0,0,0,0,0,0,0,0,0,0,0,0,0,0,0,0,0,0,0,0
GF18_a4_d32_stool,98.31302,0,0,0.50527,0,0,0,0,0.83823,0,0.34348,0,0,0,0,0,0,0,0,0,0,0,0,0,0,0,0,0,0,0,0,0,0,0,0,0,0,0,0,0,0,0,0,0,0,0,0,0,0,0,0,0,0,0,0,0
GF18_a4_d33_stool,49.1073,0,0,0.87331,0,0,0,0,25.54918,20.73127,3.73894,0,0,0,0,0,0,0,0,0,0,0,0,0,0,0,0,0,0,0,0,0,0,0,0,0,0,0,0,0,0,0,0,0,0,0,0,0,0,0,0,0,0,0,0,0
GF18_a4_d35_colon,0,0,0,99.69597,0,0,0,0,0,0,0.30403,0,0,0,0,0,0,0,0,0,0,0,0,0,0,0,0,0,0,0,0,0,0,0,0,0,0,0,0,0,0,0,0,0,0,0,0,0,0,0,0,0,0,0,0,0
GF18_a4_d54_colon,98.23824,0,0,1.29312,0,0,0,0,0,0,0,0,0,0,0,0,0,0,0,0,0,0,0,0,0,0,0,0,0,0,0,0,0,0,0,0.46864,0,0,0,0,0,0,0,0,0,0,0,0,0,0,0,0,0,0,0,0
GF18_a5_d54_colon,82.48128,0,0,5.0831,0,0,0,0,8.64404,2.95287,0.83871,0,0,0,0,0,0,0,0,0,0,0,0,0,0,0,0,0,0,0,0,0,0,0,0,0,0,0,0,0,0,0,0,0,0,0,0,0,0,0,0,0,0,0,0,0
GF18_adam_d33_stoolsoln,0.05997,0,0,82.66301,0,0,0,0,0.13386,10.79604,6.20848,0,0,0,0,0,0.13864,0,0,0,0,0,0,0,0,0,0,0,0,0,0,0,0,0,0,0,0,0,0,0,0,0,0,0,0,0,0,0,0,0,0,0,0,0,0,0
GF18_b3_d32_stool,99.85053,0,0,0,0,0,0,0,0.08683,0,0.06263,0,0,0,0,0,0,0,0,0,0,0,0,0,0,0,0,0,0,0,0,0,0,0,0,0,0,0,0,0,0,0,0,0,0,0,0,0,0,0,0,0,0,0,0,0
GF18_b3_d33_stool,87.83785,0,0,0.56661,0,0,0,0,6.58196,4.21408,0.7995,0,0,0,0,0,0,0,0,0,0,0,0,0,0,0,0,0,0,0,0,0,0,0,0,0,0,0,0,0,0,0,0,0,0,0,0,0,0,0,0,0,0,0,0,0
GF18_b3_d35_colon,100,0,0,0,0,0,0,0,0,0,0,0,0,0,0,0,0,0,0,0,0,0,0,0,0,0,0,0,0,0,0,0,0,0,0,0,0,0,0,0,0,0,0,0,0,0,0,0,0,0,0,0,0,0,0,0
GF18_b4_d32_stool,98.19181,0,0,0.65696,0,0,0,0,0.71038,0,0.44084,0,0,0,0,0,0,0,0,0,0,0,0,0,0,0,0,0,0,0,0,0,0,0,0,0,0,0,0,0,0,0,0,0,0,0,0,0,0,0,0,0,0,0,0,0
GF18_b4_d35_colon,89.91926,0,9.7478,0,0,0,0,0,0,0.33294,0,0,0,0,0,0,0,0,0,0,0,0,0,0,0,0,0,0,0,0,0,0,0,0,0,0,0,0,0,0,0,0,0,0,0,0,0,0,0,0,0,0,0,0,0,0
GF18_bdam_d33_stoolsoln,89.66466,0,0,0.36124,0,0,0,0,0.26064,6.81325,1.63715,0,0,1.07446,0,0,0,0.18861,0,0,0,0,0,0,0,0,0,0,0,0,0,0,0,0,0,0,0,0,0,0,0,0,0,0,0,0,0,0,0,0,0,0,0,0,0,0
GF18_d0_innoculum,25.92236,0,0,63.63987,0,0,0,0,2.59811,2.15677,1.00998,4.65721,0.00704,0,0,0,0,0,0,0,0,0,0,0,0,0,0,0.00866,0,0,0,0,0,0,0,0,0,0,0,0,0,0,0,0,0,0,0,0,0,0,0,0,0,0,0,0
GF20_d0_inoc,0,0,3.15082,34.77182,0,0,0,0,1.57718,0,0,0.25901,0,1.3836,0,0,13.35631,8.00946,0,0,0,0,0,0,0,0,0,2.47017,0.37415,0,28.40982,6.23767,0,0,0,0,0,0,0,0,0,0,0,0,0,0,0,0,0,0,0,0,0,0,0,0
GF20_d127_a1,23.2892,0,76.7108,0,0,0,0,0,0,0,0,0,0,0,0,0,0,0,0,0,0,0,0,0,0,0,0,0,0,0,0,0,0,0,0,0,0,0,0,0,0,0,0,0,0,0,0,0,0,0,0,0,0,0,0,0
GF20_d127_a2,33.82134,0,66.17866,0,0,0,0,0,0,0,0,0,0,0,0,0,0,0,0,0,0,0,0,0,0,0,0,0,0,0,0,0,0,0,0,0,0,0,0,0,0,0,0,0,0,0,0,0,0,0,0,0,0,0,0,0
GF20_d127_a3,0,0,100,0,0,0,0,0,0,0,0,0,0,0,0,0,0,0,0,0,0,0,0,0,0,0,0,0,0,0,0,0,0,0,0,0,0,0,0,0,0,0,0,0,0,0,0,0,0,0,0,0,0,0,0,0
GF20_d127_a5,0,0,100,0,0,0,0,0,0,0,0,0,0,0,0,0,0,0,0,0,0,0,0,0,0,0,0,0,0,0,0,0,0,0,0,0,0,0,0,0,0,0,0,0,0,0,0,0,0,0,0,0,0,0,0,0
GF20_d127_a6,100,0,0,0,0,0,0,0,0,0,0,0,0,0,0,0,0,0,0,0,0,0,0,0,0,0,0,0,0,0,0,0,0,0,0,0,0,0,0,0,0,0,0,0,0,0,0,0,0,0,0,0,0,0,0,0
GF20_d127_a7,65.68149,0,34.31851,0,0,0,0,0,0,0,0,0,0,0,0,0,0,0,0,0,0,0,0,0,0,0,0,0,0,0,0,0,0,0,0,0,0,0,0,0,0,0,0,0,0,0,0,0,0,0,0,0,0,0,0,0
GF20_d127_a9,15.40776,0,84.59224,0,0,0,0,0,0,0,0,0,0,0,0,0,0,0,0,0,0,0,0,0,0,0,0,0,0,0,0,0,0,0,0,0,0,0,0,0,0,0,0,0,0,0,0,0,0,0,0,0,0,0,0,0
GF20_d140_c8,100,0,0,0,0,0,0,0,0,0,0,0,0,0,0,0,0,0,0,0,0,0,0,0,0,0,0,0,0,0,0,0,0,0,0,0,0,0,0,0,0,0,0,0,0,0,0,0,0,0,0,0,0,0,0,0
GF20_d161_b2,0,0,81.72426,0.13114,0,0,0,0,0,0,0,0,0,18.11345,0,0,0,0,0,0,0,0,0,0,0,0,0,0,0,0,0,0.03116,0,0,0,0,0,0,0,0,0,0,0,0,0,0,0,0,0,0,0,0,0,0,0,0
GF20_d161_b4,0.05157,0,81.69693,0.85692,0,0,0,0,0,0,0.23284,0,0,16.04123,0,0,0,0,0,0,0,0,0,0,0,0,0,0,0,0,0,1.12052,0,0,0,0,0,0,0,0,0,0,0,0,0,0,0,0,0,0,0,0,0,0,0,0
GF20_d161_b6,0,0,91.24548,0,0,0,0,0,0,0,0,0,0,8.70335,0,0,0,0,0,0,0,0,0,0,0,0,0,0,0,0,0,0.05118,0,0,0,0,0,0,0,0,0,0,0,0,0,0,0,0,0,0,0,0,0,0,0,0
GF20_d161_b8,29.27323,0,65.04954,0.36998,0,0,0,0,0,0,0,0,0,5.23956,0,0,0,0,0,0,0,0,0,0,0,0,0,0,0,0,0,0.06769,0,0,0,0,0,0,0,0,0,0,0,0,0,0,0,0,0,0,0,0,0,0,0,0
GF20_d164_b1,12.20106,0,86.14421,1.65474,0,0,0,0,0,0,0,0,0,0,0,0,0,0,0,0,0,0,0,0,0,0,0,0,0,0,0,0,0,0,0,0,0,0,0,0,0,0,0,0,0,0,0,0,0,0,0,0,0,0,0,0
GF20_d164_b2,15.09975,0,29.76541,0,0,0,0,0,0,0,0,0,0,55.13484,0,0,0,0,0,0,0,0,0,0,0,0,0,0,0,0,0,0,0,0,0,0,0,0,0,0,0,0,0,0,0,0,0,0,0,0,0,0,0,0,0,0
GF20_d164_b3,14.07188,0,58.79996,0,0,0,0,0,0,0,0,0,0,24.02049,0,0,0,0,0,0,0,0,0,0,0,0,0,0,0,0,0,0,3.10767,0,0,0,0,0,0,0,0,0,0,0,0,0,0,0,0,0,0,0,0,0,0,0
GF20_d164_b4,24.33189,0,51.771,0,0,0,0,0,0,0,0,0,0,23.89711,0,0,0,0,0,0,0,0,0,0,0,0,0,0,0,0,0,0,0,0,0,0,0,0,0,0,0,0,0,0,0,0,0,0,0,0,0,0,0,0,0,0
GF20_d164_b5,8.5664,0,52.09674,0,0,0,0,0,0,0,0,0,0,33.19742,0,0,0,0,0,0,0,0,0,0,0,0,0,0,0,0,0,0,6.13944,0,0,0,0,0,0,0,0,0,0,0,0,0,0,0,0,0,0,0,0,0,0,0
GF20_d164_b6,7.37476,0,86.66117,0,0,0,0,0,0,0,0,0,0,4.90941,0,0,0,0,0,0,0,0,0,0,0,0,0,0,0,0,0,0,1.05465,0,0,0,0,0,0,0,0,0,0,0,0,0,0,0,0,0,0,0,0,0,0,0
GF20_d164_b7,20.0363,0,32.69005,0,0,0,0,0,0,0,0,0,0,47.27365,0,0,0,0,0,0,0,0,0,0,0,0,0,0,0,0,0,0,0,0,0,0,0,0,0,0,0,0,0,0,0,0,0,0,0,0,0,0,0,0,0,0
GF20_d164_b8,4.32186,0,78.85165,0,0,0,0,0,0,0,0,0,0,13.37678,0,0,0,0,0,0,0,0,0,0,0,0,0,0,0,0,0,0,3.44971,0,0,0,0,0,0,0,0,0,0,0,0,0,0,0,0,0,0,0,0,0,0,0
GF20_d164_b9,0,0,64.8741,0,0,0,0,0,0,0,0,0,0,35.1259,0,0,0,0,0,0,0,0,0,0,0,0,0,0,0,0,0,0,0,0,0,0,0,0,0,0,0,0,0,0,0,0,0,0,0,0,0,0,0,0,0,0
GF20_d167_damb,84.26888,0,1.85109,1.15517,0,0,0,0,0,0,0,0,0,8.22462,0,0,0,0,0,0,0,0,0,0,0,0,0,0,0,0,0,0,4.50025,0,0,0,0,0,0,0,0,0,0,0,0,0,0,0,0,0,0,0,0,0,0,0
GF20_d170_c1,6.00486,0,33.61783,0,0,0,0,0,0,0,0,0,0,60.37731,0,0,0,0,0,0,0,0,0,0,0,0,0,0,0,0,0,0,0,0,0,0,0,0,0,0,0,0,0,0,0,0,0,0,0,0,0,0,0,0,0,0
GF20_d170_c2,4.65436,0,1.37784,0,0,0,0,0,0,0,0,0,0,93.9678,0,0,0,0,0,0,0,0,0,0,0,0,0,0,0,0,0,0,0,0,0,0,0,0,0,0,0,0,0,0,0,0,0,0,0,0,0,0,0,0,0,0
GF20_d170_c5,37.02736,0,0,0,0,0,0,0,0,0,0,0,0,57.63963,0,0,0,0,0,0,0,0,0,0,0,0,0,0,0,0,0,0,5.33301,0,0,0,0,0,0,0,0,0,0,0,0,0,0,0,0,0,0,0,0,0,0,0
GF20_d170_c6,70.95928,0,0,0,0,0,0,0,0,0,0,0,0,7.42839,0,0,0,0,0,0,0,0,0,0,0,0,0,0,0,0,0,0,21.61233,0,0,0,0,0,0,0,0,0,0,0,0,0,0,0,0,0,0,0,0,0,0,0
GF20_d170_c7,0,0,0.61551,0,0,0,0,0,0,0,0,0,0,98.58789,0,0,0,0,0,0,0,0,0,0,0,0,0,0,0,0,0,0,0.7966,0,0,0,0,0,0,0,0,0,0,0,0,0,0,0,0,0,0,0,0,0,0,0
GF20_d170_c8,52.01097,0,0,0,0,0,0,0,0,0,0,0,0,47.98903,0,0,0,0,0,0,0,0,0,0,0,0,0,0,0,0,0,0,0,0,0,0,0,0,0,0,0,0,0,0,0,0,0,0,0,0,0,0,0,0,0,0
GF20_d170_c9,0.40891,0,0,0,0,0,0,0,0,0,0,0,0,99.59109,0,0,0,0,0,0,0,0,0,0,0,0,0,0,0,0,0,0,0,0,0,0,0,0,0,0,0,0,0,0,0,0,0,0,0,0,0,0,0,0,0,0
GF20_d33_a3,0,0,2.21241,90.46654,0,0,0,0,0.01854,0,0.75657,0,0,0,0,0,0,0,0,0,0,0,0,0,0,0,0,0,0,0,0,1.27753,5.26841,0,0,0,0,0,0,0,0,0,0,0,0,0,0,0,0,0,0,0,0,0,0,0
GF20_d33_a4,0,0,0,2.29877,0,0,0,0,0.17187,0,0.67582,0,0,87.81186,0,0,0,0,0,0,0,0,0,0,0,0,0,0,0,0,0,1.38273,7.65896,0,0,0,0,0,0,0,0,0,0,0,0,0,0,0,0,0,0,0,0,0,0,0
GF20_d33_a5,0,0,95.34382,1.5821,0,0,0,0,0.07427,0,0.75216,0,0,0,0,0,0,0,0,0,0,0,0,0,0,0,0,0,0,0,0,1.64774,0.59991,0,0,0,0,0,0,0,0,0,0,0,0,0,0,0,0,0,0,0,0,0,0,0
GF20_d33_b2,0,0,2.51317,13.47497,0,0,0,0,0,0,0,0,0,83.90587,0,0,0,0,0,0,0,0,0,0,0,0,0,0,0,0,0,0.106,0,0,0,0,0,0,0,0,0,0,0,0,0,0,0,0,0,0,0,0,0,0,0,0
GF20_d33_b3,0,0,3.55553,0.52866,0,0,0,0,0,0,0,0,0,95.91581,0,0,0,0,0,0,0,0,0,0,0,0,0,0,0,0,0,0,0,0,0,0,0,0,0,0,0,0,0,0,0,0,0,0,0,0,0,0,0,0,0,0
GF20_d33_b4,0,0,12.60183,7.76074,0,0,0,0,0,0,0.02406,0,0,79.10294,0,0,0,0,0,0,0,0,0,0,0,0,0,0,0,0,0,0.51042,0,0,0,0,0,0,0,0,0,0,0,0,0,0,0,0,0,0,0,0,0,0,0,0
GF20_d34_a2,0,0,75.14568,0,0,0,0,0,0,0,0,0,0,0,0,0,0,0,0,0,0,0,0,0,0,0,0,0,0,0,0,0,24.85432,0,0,0,0,0,0,0,0,0,0,0,0,0,0,0,0,0,0,0,0,0,0,0
GF20_d34_a4,0,0,4.68756,1.79183,0,0,0,0,0.47323,0,0.59757,0,0,61.76498,0,0,0,0,0,0,0,0,0,0,0,0,0,0,0,0,0,1.12183,29.56301,0,0,0,0,0,0,0,0,0,0,0,0,0,0,0,0,0,0,0,0,0,0,0
GF20_d34_b3,0,0,5.63629,0.99942,0,0,0,0,0,0,0.12113,0,0,92.29347,0,0,0,0,0,0,0,0,0,0,0,0,0,0,0,0,0,0.94969,0,0,0,0,0,0,0,0,0,0,0,0,0,0,0,0,0,0,0,0,0,0,0,0
GF20_d35_a2,0,0,99.5915,0,0,0,0,0,0,0,0,0,0,0,0,0,0,0,0,0,0,0,0,0,0,0,0,0,0,0,0,0.2797,0.1288,0,0,0,0,0,0,0,0,0,0,0,0,0,0,0,0,0,0,0,0,0,0,0
GF20_d35_a3,0,0,68.87012,0,0,0,0,0,0,0,0,0,0,6.20198,0,0,0,0,0,0,0,0,0,0,0,0,0,0,0,0,0,0,24.68436,0,0,0,0,0,0,0,0,0,0,0,0,0.24354,0,0,0,0,0,0,0,0,0,0
GF20_d36_a1,2.47504,0,0,0,0,0,0,0,0,0,0,0,0,0,0,0,0,0,0,0,0,0,0,0,0,0,0,0,0,0,0,0,97.52496,0,0,0,0,0,0,0,0,0,0,0,0,0,0,0,0,0,0,0,0,0,0,0
GF20_d36_a2,0.58831,0,52.87116,0,0,0,0,0,0,0,0,0,0,0,0,0,0,0,0,0,0,0,0,0,0,0,0,0,0,0,0,0,46.54053,0,0,0,0,0,0,0,0,0,0,0,0,0,0,0,0,0,0,0,0,0,0,0
GF20_d36_a3,7.721,0,0,0,0,0,0,0,0,0,0,0,0,0,0,0,0,0,0,0,0,0,0,0,0,0,0,0,0,0,0,0,92.279,0,0,0,0,0,0,0,0,0,0,0,0,0,0,0,0,0,0,0,0,0,0,0
GF20_d36_a4,0,0,8.57683,0,0,0,0,0,0,0,0,0,0,0,0,0,0,0,0,0,0,0,0,0,0,0,0,0,0,0,0,0,91.42317,0,0,0,0,0,0,0,0,0,0,0,0,0,0,0,0,0,0,0,0,0,0,0
GF20_d36_a5,25.15903,0,1.88966,0,0,0,0,0,0,0,0,0,0,0,0,0,0,0,0,0,0,0,0,0,0,0,0,0,0,0,0,0,72.95131,0,0,0,0,0,0,0,0,0,0,0,0,0,0,0,0,0,0,0,0,0,0,0
GF20_d36_b5,0,0,45.19637,0,0,0,0,0,0,0,0,0,0,0,0,0,0,0,0,0,0,0,0,0,0,0,0,0,0,0,0,0,54.80363,0,0,0,0,0,0,0,0,0,0,0,0,0,0,0,0,0,0,0,0,0,0,0
GF20_d39_dama,0.8044,0,1.4423,4.03293,0,0,0,0,25.51392,0,7.10677,0,0,1.22473,0,0,0,0,0,0,0,0,0,0,0,0,0,0,0,0,0,58.10052,0.51793,0,1.25348,0,0,0.00303,0,0,0,0,0,0,0,0,0,0,0,0,0,0,0,0,0,0
GF20_d39_damc,0,0,2.07427,3.977,0,0,0,0,30.34606,0,7.48028,0,0,0.05186,0,0,0,0,0,0,0,0,0,0,0,0,0,0,0,0,0,55.57402,0.47627,0,0.02025,0,0,0,0,0,0,0,0,0,0,0,0,0,0,0,0,0,0,0,0,0
GF20_d40_c3,0,0,0,100,0,0,0,0,0,0,0,0,0,0,0,0,0,0,0,0,0,0,0,0,0,0,0,0,0,0,0,0,0,0,0,0,0,0,0,0,0,0,0,0,0,0,0,0,0,0,0,0,0,0,0,0
GF20_d40_c5,0,0,53.97815,4.45957,0,0,0,0,22.29006,0,0,0,0,19.27222,0,0,0,0,0,0,0,0,0,0,0,0,0,0,0,0,0,0,0,0,0,0,0,0,0,0,0,0,0,0,0,0,0,0,0,0,0,0,0,0,0,0
GF20_d40_c6,0,0,0,0,0,0,0,0,0,0,0,0,0,100,0,0,0,0,0,0,0,0,0,0,0,0,0,0,0,0,0,0,0,0,0,0,0,0,0,0,0,0,0,0,0,0,0,0,0,0,0,0,0,0,0,0
GF20_d66_c1,0,0,13.50519,0.60987,0,0,0,0,17.89138,0,2.08096,0,0,0,0,0,0,0,0,0,0,0,0,0,0,0,0,0,0,0,0,0,65.9126,0,0,0,0,0,0,0,0,0,0,0,0,0,0,0,0,0,0,0,0,0,0,0
GF20_d66_c10,0,0,45.77587,3.49855,0,0,0,0,38.99809,0,2.22226,0,0,0,0,0,0,0,0,0,0,0,0,0,0,0,0,0,0,0,0,0,9.50522,0,0,0,0,0,0,0,0,0,0,0,0,0,0,0,0,0,0,0,0,0,0,0
GF20_d66_c2,0,0,12.98289,4.25906,0,0,0,0,10.38498,0,0.58591,0,0,0,0,0,0,0,0,0,0,0,0,0,0,0,0,0,0,0,0,0,71.78715,0,0,0,0,0,0,0,0,0,0,0,0,0,0,0,0,0,0,0,0,0,0,0
GF20_d66_c3,0,0,63.76055,0.8604,0,0,0,0,27.00604,0,1.32755,0,0,0,0,0,0,0,0,0,0,0,0,0,0,0,0,0,0,0,0,0,7.04545,0,0,0,0,0,0,0,0,0,0,0,0,0,0,0,0,0,0,0,0,0,0,0
GF20_d66_c4,0,0,3.23621,15.44422,0,0,0,0,23.73449,0,1.08312,0,0,0,0,0,0,0,0,0,0,0,0,0,0,0,0,0,0,0,0,0,56.50196,0,0,0,0,0,0,0,0,0,0,0,0,0,0,0,0,0,0,0,0,0,0,0
GF20_d66_c5,0,0,71.25267,2.33365,0,0,0,0,12.14273,0,1.14486,0,0,0,0,0,0,0,0,0,0,0,0,0,0,0,0,0,0,0,0,0,13.12608,0,0,0,0,0,0,0,0,0,0,0,0,0,0,0,0,0,0,0,0,0,0,0
GF20_d66_c6,0,0,69.52075,8.41306,0,0,0,0,11.16154,0,1.03483,0,0,0,0,0,0,0,0,0,0,0,0,0,0,0,0,0,0,0,0,0.22339,9.64643,0,0,0,0,0,0,0,0,0,0,0,0,0,0,0,0,0,0,0,0,0,0,0
GF20_d66_c7,0,0,16.1783,6.66006,0,0,0,0,43.12491,0,2.52846,0,0,0,0,0,0,0,0,0,0,0,0,0,0,0,0,0,0,0,0,0,31.50827,0,0,0,0,0,0,0,0,0,0,0,0,0,0,0,0,0,0,0,0,0,0,0
GF20_d66_c8,0,0,8.62587,2.16954,0,0,0,0,19.29282,0,0.82427,0,0,0,0,0,0,0,0,0,0,0,0,0,0,0,0,0,0,0,0,0,69.08749,0,0,0,0,0,0,0,0,0,0,0,0,0,0,0,0,0,0,0,0,0,0,0
GF20_d66_c9,0,0,5.67269,12.21802,0,0,0,0,34.5278,0,1.31831,0,0,0,0,0,0,0,0,0,0,0,0,0,0,0,0,0,0,0,0,0,46.26318,0,0,0,0,0,0,0,0,0,0,0,0,0,0,0,0,0,0,0,0,0,0,0
GF20_d68_b2,0,0,73.04736,0,0,0,0,0,0,0,0,0,0,26.95264,0,0,0,0,0,0,0,0,0,0,0,0,0,0,0,0,0,0,0,0,0,0,0,0,0,0,0,0,0,0,0,0,0,0,0,0,0,0,0,0,0,0
GF20_d68_b3,0,0,73.38294,1.24698,0,0,0,0,0,0,0,0,0,24.28965,0,0,0,0,0,0,0,0,0,0,0,0,0,0,0,0,0,1.08043,0,0,0,0,0,0,0,0,0,0,0,0,0,0,0,0,0,0,0,0,0,0,0,0
GF20_d68_b4,0,0,100,0,0,0,0,0,0,0,0,0,0,0,0,0,0,0,0,0,0,0,0,0,0,0,0,0,0,0,0,0,0,0,0,0,0,0,0,0,0,0,0,0,0,0,0,0,0,0,0,0,0,0,0,0
GF20_d68_b5,14.33369,0,85.66631,0,0,0,0,0,0,0,0,0,0,0,0,0,0,0,0,0,0,0,0,0,0,0,0,0,0,0,0,0,0,0,0,0,0,0,0,0,0,0,0,0,0,0,0,0,0,0,0,0,0,0,0,0
GF20_d68_b6,0,0,100,0,0,0,0,0,0,0,0,0,0,0,0,0,0,0,0,0,0,0,0,0,0,0,0,0,0,0,0,0,0,0,0,0,0,0,0,0,0,0,0,0,0,0,0,0,0,0,0,0,0,0,0,0
GF20_d68_b7,2.60743,0,97.39257,0,0,0,0,0,0,0,0,0,0,0,0,0,0,0,0,0,0,0,0,0,0,0,0,0,0,0,0,0,0,0,0,0,0,0,0,0,0,0,0,0,0,0,0,0,0,0,0,0,0,0,0,0
GF20_d68_b8,2.56356,0,97.43644,0,0,0,0,0,0,0,0,0,0,0,0,0,0,0,0,0,0,0,0,0,0,0,0,0,0,0,0,0,0,0,0,0,0,0,0,0,0,0,0,0,0,0,0,0,0,0,0,0,0,0,0,0
GF20_d75_dama,0,0,2.42185,5.58949,0,0,0,0,27.31527,0,5.58441,0,0,0.086,0,0,0,0,0,0,0,0,0,0,0,0,0,0,0,0,0,58.54598,0.44517,0,0.01182,0,0,0,0,0,0,0,0,0,0,0,0,0,0,0,0,0,0,0,0,0
GF20_d75_damc,12.54799,0,8.62219,10.67831,0,0,0,0,34.65731,0,26.87071,0,0,1.38237,0,0,0,0,0,0,0,0,0,0,0,0,0,0,0,0,0,3.10304,2.13808,0,0,0,0,0,0,0,0,0,0,0,0,0,0,0,0,0,0,0,0,0,0,0
GF20_d81_a1,2.0244,0,33.49954,8.17803,0,0,0,0,12.40979,0,0.40411,0,0,12.00282,0,0,0,0,0,0,0,0,0,0,0,0,0,0,0,0,0,0,31.4813,0,0,0,0,0,0,0,0,0,0,0,0,0,0,0,0,0,0,0,0,0,0,0
GF20_d81_a2,0,0,18.4393,9.84517,0,0,0,0,6.27838,0,0,0,0,0,0,0,0,0,0,0,0,0,0,0,0,0,0,0,0,0,0,0,65.43715,0,0,0,0,0,0,0,0,0,0,0,0,0,0,0,0,0,0,0,0,0,0,0
GF20_d81_a3,0,0,92.69264,0,0,0,0,0,0,0,0,0,0,0,0,0,0,0,0,0,0,0,0,0,0,0,0,0,0,0,0,0,7.30736,0,0,0,0,0,0,0,0,0,0,0,0,0,0,0,0,0,0,0,0,0,0,0
GF20_d81_a4,9.32457,0,30.59613,6.7285,0,0,0,0,3.76697,0,0,0,0,0,0,0,0,0,0,0,0,0,0,0,0,0,0,0,0,0,0,0,49.58383,0,0,0,0,0,0,0,0,0,0,0,0,0,0,0,0,0,0,0,0,0,0,0
GF20_d81_a5,0,0,37.30361,24.10066,0,0,0,0,14.50797,0,3.33245,0,0,0,0,0,0,0,0,0,0,0,0,0,0,0,0,0,0,0,0,0,20.75533,0,0,0,0,0,0,0,0,0,0,0,0,0,0,0,0,0,0,0,0,0,0,0
GF20_d81_a6,0,0,34.69065,7.95975,0,0,0,0,15.377,0,0,0,0,0,0,0,0,0,0,0,0,0,0,0,0,0,0,0,0,0,0,0,41.9726,0,0,0,0,0,0,0,0,0,0,0,0,0,0,0,0,0,0,0,0,0,0,0
GF20_d81_a7,0,0,28.45246,11.50546,0,0,0,0,22.47878,0,1.05483,0,0,0,0,0,0,0,0,0,0,0,0,0,0,0,0,0,0,0,0,0.02664,36.48182,0,0,0,0,0,0,0,0,0,0,0,0,0,0,0,0,0,0,0,0,0,0,0
GF20_d89_b2,6.67898,0,33.83697,9.3845,0,0,0,0,45.26152,0,1.72936,0,0,0,0,0,0,0,0,0,0,0,0,0,0,0,0,0,0,0,0,0,3.10866,0,0,0,0,0,0,0,0,0,0,0,0,0,0,0,0,0,0,0,0,0,0,0
GF20_d89_b3,0,0,100,0,0,0,0,0,0,0,0,0,0,0,0,0,0,0,0,0,0,0,0,0,0,0,0,0,0,0,0,0,0,0,0,0,0,0,0,0,0,0,0,0,0,0,0,0,0,0,0,0,0,0,0,0
GF20_d89_b5,0,0,0,100,0,0,0,0,0,0,0,0,0,0,0,0,0,0,0,0,0,0,0,0,0,0,0,0,0,0,0,0,0,0,0,0,0,0,0,0,0,0,0,0,0,0,0,0,0,0,0,0,0,0,0,0
GF20_d89_b6,98.62792,0,0,0,0,0,0,0,1.37208,0,0,0,0,0,0,0,0,0,0,0,0,0,0,0,0,0,0,0,0,0,0,0,0,0,0,0,0,0,0,0,0,0,0,0,0,0,0,0,0,0,0,0,0,0,0,0
GF21_B3_d91_stool,0,0.18335,0,15.41695,0,0,0,0,0,0,0,0,0,0,0,0,0,0,0,0,0,0,0,0,0,0,0,0,84.3997,0,0,0,0,0,0,0,0,0,0,0,0,0,0,0,0,0,0,0,0,0,0,0,0,0,0,0
GF21_B4_d91_stool,0,4.10638,0,95.89362,0,0,0,0,0,0,0,0,0,0,0,0,0,0,0,0,0,0,0,0,0,0,0,0,0,0,0,0,0,0,0,0,0,0,0,0,0,0,0,0,0,0,0,0,0,0,0,0,0,0,0,0
GF21_B6_d93_stool,0,0,0,3.94279,0,0,0,0,0,0,0,0,0,0,0,0,0,0,0,0,0,0,0,0,0,0,0,0,96.05721,0,0,0,0,0,0,0,0,0,0,0,0,0,0,0,0,0,0,0,0,0,0,0,0,0,0,0
GF21_B7_d94_stool,0,0,0,100,0,0,0,0,0,0,0,0,0,0,0,0,0,0,0,0,0,0,0,0,0,0,0,0,0,0,0,0,0,0,0,0,0,0,0,0,0,0,0,0,0,0,0,0,0,0,0,0,0,0,0,0
GF21_B9_d93_stool,0,0,0,5.52115,0,0,0,0,0,0,0,0,0,0,0,0,0,0,0,0,0,0,0,0,0,0,0,0,94.47885,0,0,0,0,0,0,0,0,0,0,0,0,0,0,0,0,0,0,0,0,0,0,0,0,0,0,0
GF21_C1_d116_stool,0,0,0,0,0,0,0,0,0,0,0,0,0,0,0,0,0,0,0,0,0,0,0,0,0,0,0,0,100,0,0,0,0,0,0,0,0,0,0,0,0,0,0,0,0,0,0,0,0,0,0,0,0,0,0,0
GF21_C1_d91_stool,0,0.1868,0,98.2256,0,0,0,0,0,0,0,0,0,0,0,0,0,0,0,0,0,0,0,0,0,0,0,0,1.5876,0,0,0,0,0,0,0,0,0,0,0,0,0,0,0,0,0,0,0,0,0,0,0,0,0,0,0
GF21_C2_d115_stool,0,100,0,0,0,0,0,0,0,0,0,0,0,0,0,0,0,0,0,0,0,0,0,0,0,0,0,0,0,0,0,0,0,0,0,0,0,0,0,0,0,0,0,0,0,0,0,0,0,0,0,0,0,0,0,0
GF21_C2_d118_cwash,0,97.54296,0,0,0,0,0,0,0,0,0,0,0,0,0,0,0,0,0,0,0,0,0,0,0,0,0,0,0,0,0,0,0,0,0,0,0,0,0,0,0,0,0,0,0,0,2.45704,0,0,0,0,0,0,0,0,0
GF21_C2_d91_stool,0,0.01674,0,17.02576,0,0,0,0,0,0,0,0,0,0,0,0,0,0,0,0,0,0,0,0,0,0,0,0,82.95751,0,0,0,0,0,0,0,0,0,0,0,0,0,0,0,0,0,0,0,0,0,0,0,0,0,0,0
GF21_C3_d116_stool,0,0,0,100,0,0,0,0,0,0,0,0,0,0,0,0,0,0,0,0,0,0,0,0,0,0,0,0,0,0,0,0,0,0,0,0,0,0,0,0,0,0,0,0,0,0,0,0,0,0,0,0,0,0,0,0
GF21_C3_d117_stool,0,22.23395,0,0,0,0,0,0,0,0,0,0,0,0,0,0,0,0,0,0,0,0,0,0,0,0,0,0,77.76605,0,0,0,0,0,0,0,0,0,0,0,0,0,0,0,0,0,0,0,0,0,0,0,0,0,0,0
GF21_C3_d118_cwash,0,100,0,0,0,0,0,0,0,0,0,0,0,0,0,0,0,0,0,0,0,0,0,0,0,0,0,0,0,0,0,0,0,0,0,0,0,0,0,0,0,0,0,0,0,0,0,0,0,0,0,0,0,0,0,0
GF21_C3_d91_stool,0,0,0,2.3361,0,0,0,0,0,0,0,0,0,0,0,0,0,0,0,0,0,0,0,0,0,0,0,0,97.6639,0,0,0,0,0,0,0,0,0,0,0,0,0,0,0,0,0,0,0,0,0,0,0,0,0,0,0
GF21_C4_d118_cwash,0,0,0,0,0,0,0,0,0,0,0,0,0,0,0,0,0,0,0,0,0,0,0,0,0,0,0,0,100,0,0,0,0,0,0,0,0,0,0,0,0,0,0,0,0,0,0,0,0,0,0,0,0,0,0,0
GF21_C5_d117_stool,0,0,0,25.45545,0,0,0,0,0,0,0,0,0,0,0,0,0,0,0,0,0,0,0,0,0,0,0,0,74.54455,0,0,0,0,0,0,0,0,0,0,0,0,0,0,0,0,0,0,0,0,0,0,0,0,0,0,0
GF21_C5_d93_stool,0,1.42256,0,98.57744,0,0,0,0,0,0,0,0,0,0,0,0,0,0,0,0,0,0,0,0,0,0,0,0,0,0,0,0,0,0,0,0,0,0,0,0,0,0,0,0,0,0,0,0,0,0,0,0,0,0,0,0
GF21_C7_d115_stool,0,0,0,2.62446,0,0,0,0,0,0,0,0,0,0,0,0,0,0,0,0,0,0,0,0,0,0,0,0,97.37554,0,0,0,0,0,0,0,0,0,0,0,0,0,0,0,0,0,0,0,0,0,0,0,0,0,0,0
GF21_C7_d118_cwash,0,100,0,0,0,0,0,0,0,0,0,0,0,0,0,0,0,0,0,0,0,0,0,0,0,0,0,0,0,0,0,0,0,0,0,0,0,0,0,0,0,0,0,0,0,0,0,0,0,0,0,0,0,0,0,0
GF21_C8_d115_stool,0,0,0,0.13894,0,0,0,0,0,0,0,0,0,0,0,0,0,0,0,0,0,0,0,0,0,0,0,0,99.86106,0,0,0,0,0,0,0,0,0,0,0,0,0,0,0,0,0,0,0,0,0,0,0,0,0,0,0
GF21_C9_d94_stool,0,0,0,0,0,0,0,0,0,0,0,0,0,0,0,0,0,0,0,0,0,0,0,0,0,0,0,0,100,0,0,0,0,0,0,0,0,0,0,0,0,0,0,0,0,0,0,0,0,0,0,0,0,0,0,0
GF21_Cdam_d113_stool,0,0.09116,0,81.27365,0,0,0,0,0,0,0,0,0,0,0,0,0,0,0,0,0,0,0,0,0,0,0,0,10.43267,0,0,0,0,0,0,8.20252,0,0,0,0,0,0,0,0,0,0,0,0,0,0,0,0,0,0,0,0
GF21_d0_Adam_Stool,0,95.13805,0,0,0,4.86195,0,0,0,0,0,0,0,0,0,0,0,0,0,0,0,0,0,0,0,0,0,0,0,0,0,0,0,0,0,0,0,0,0,0,0,0,0,0,0,0,0,0,0,0,0,0,0,0,0,0
GF21_d0_INOC_INOC,0,0.26321,0,63.10216,0,0,0,0,0,0,0,0,0,0,0,0,0,0,0,0,0,0,0,0,0,0,0,0,36.63463,0,0,0,0,0,0,0,0,0,0,0,0,0,0,0,0,0,0,0,0,0,0,0,0,0,0,0
GF21_d1_Bdam_Stool,0,0.61383,0,96.86142,0,0,0,0,0,0,0,0,0,0,0,0,0,0,0,0,0,0,0,0,0,0,0,0,2.52475,0,0,0,0,0,0,0,0,0,0,0,0,0,0,0,0,0,0,0,0,0,0,0,0,0,0,0
GF21_d115_C1_Stool,0,0.03747,0,0.73115,0,0,0,0,0,0,0,0,0,0,0,0,0,0,0,0,0,0,0,0,0,0,0,0,99.23138,0,0,0,0,0,0,0,0,0,0,0,0,0,0,0,0,0,0,0,0,0,0,0,0,0,0,0
GF21_d115_C3_Stool,0,0,0,1.27646,0,0,0,0,0,0,0,0,0,0,0,0,0,0,0,0,0,0,0,0,0,0,0,0,98.72354,0,0,0,0,0,0,0,0,0,0,0,0,0,0,0,0,0,0,0,0,0,0,0,0,0,0,0
GF21_d115_C5_Stool,0,5.62121,0,6.15095,0,0.47608,0,0,0,0,0,0,0,0,0,0,0,0,0,0,0,0,0,0,0,0,0,0,87.75177,0,0,0,0,0,0,0,0,0,0,0,0,0,0,0,0,0,0,0,0,0,0,0,0,0,0,0
GF21_d35_A1_cwash,0,95.0472,0,0,0,3.22713,0,0,0,0,0,0,0,0,0,0,0,0,0,0,0,0,0,0,0,0,0,0,1.72567,0,0,0,0,0,0,0,0,0,0,0,0,0,0,0,0,0,0,0,0,0,0,0,0,0,0,0
GF21_d35_A2_cwash,0,95.93974,0,0,0,4.06026,0,0,0,0,0,0,0,0,0,0,0,0,0,0,0,0,0,0,0,0,0,0,0,0,0,0,0,0,0,0,0,0,0,0,0,0,0,0,0,0,0,0,0,0,0,0,0,0,0,0
GF21_d35_A3_cwash,0,100,0,0,0,0,0,0,0,0,0,0,0,0,0,0,0,0,0,0,0,0,0,0,0,0,0,0,0,0,0,0,0,0,0,0,0,0,0,0,0,0,0,0,0,0,0,0,0,0,0,0,0,0,0,0
GF21_d35_A4_cwash,0,95.65374,0,0,0,4.34626,0,0,0,0,0,0,0,0,0,0,0,0,0,0,0,0,0,0,0,0,0,0,0,0,0,0,0,0,0,0,0,0,0,0,0,0,0,0,0,0,0,0,0,0,0,0,0,0,0,0
GF21_d35_A5_cwash,0,93.1137,0,0,0,6.8863,0,0,0,0,0,0,0,0,0,0,0,0,0,0,0,0,0,0,0,0,0,0,0,0,0,0,0,0,0,0,0,0,0,0,0,0,0,0,0,0,0,0,0,0,0,0,0,0,0,0
GF21_d35_A6_cwash,0,94.97732,0,0,0,5.02268,0,0,0,0,0,0,0,0,0,0,0,0,0,0,0,0,0,0,0,0,0,0,0,0,0,0,0,0,0,0,0,0,0,0,0,0,0,0,0,0,0,0,0,0,0,0,0,0,0,0
GF21_d35_A7_cwash,0,79.49894,0,15.16312,0,5.33794,0,0,0,0,0,0,0,0,0,0,0,0,0,0,0,0,0,0,0,0,0,0,0,0,0,0,0,0,0,0,0,0,0,0,0,0,0,0,0,0,0,0,0,0,0,0,0,0,0,0
GF21_d35_B1_cwash,0,52.74155,0,47.25845,0,0,0,0,0,0,0,0,0,0,0,0,0,0,0,0,0,0,0,0,0,0,0,0,0,0,0,0,0,0,0,0,0,0,0,0,0,0,0,0,0,0,0,0,0,0,0,0,0,0,0,0
GF21_d35_B2_cwash,0,93.1141,0,0,0,6.8859,0,0,0,0,0,0,0,0,0,0,0,0,0,0,0,0,0,0,0,0,0,0,0,0,0,0,0,0,0,0,0,0,0,0,0,0,0,0,0,0,0,0,0,0,0,0,0,0,0,0
GF21_d35_B3_cwash,0,66.9711,0,33.0289,0,0,0,0,0,0,0,0,0,0,0,0,0,0,0,0,0,0,0,0,0,0,0,0,0,0,0,0,0,0,0,0,0,0,0,0,0,0,0,0,0,0,0,0,0,0,0,0,0,0,0,0
GF21_d35_B4_cwash,0,86.27285,0,11.43075,0,2.2964,0,0,0,0,0,0,0,0,0,0,0,0,0,0,0,0,0,0,0,0,0,0,0,0,0,0,0,0,0,0,0,0,0,0,0,0,0,0,0,0,0,0,0,0,0,0,0,0,0,0
GF21_d35_B5_cwash,0,88.18435,0,0,0,9.4729,0,0,0,0,0,0,0,0,0,0,0,0,0,0,0,0,0,0,0,0,0,0,2.34275,0,0,0,0,0,0,0,0,0,0,0,0,0,0,0,0,0,0,0,0,0,0,0,0,0,0,0
GF21_d35_B6_cwash,0,92.49553,0,0,0,6.5086,0,0,0,0,0,0,0,0,0,0,0,0,0,0,0,0,0,0,0,0,0,0,0.99587,0,0,0,0,0,0,0,0,0,0,0,0,0,0,0,0,0,0,0,0,0,0,0,0,0,0,0
GF21_d35_B7_cwash,0,63.76474,0,30.79831,0,5.43695,0,0,0,0,0,0,0,0,0,0,0,0,0,0,0,0,0,0,0,0,0,0,0,0,0,0,0,0,0,0,0,0,0,0,0,0,0,0,0,0,0,0,0,0,0,0,0,0,0,0
GF21_d35_B8_cwash,0,85.77664,0,3.15832,0,3.95022,0,0,0,0,0,0,0,0,0,0,0,0,0,0,0,0,0,0,0,0,0,0,7.11483,0,0,0,0,0,0,0,0,0,0,0,0,0,0,0,0,0,0,0,0,0,0,0,0,0,0,0
GF21_d36_Bdam_Stool,0,0.05992,0,76.81229,0,0,0,0,0,0,0,0,0,0,0,0,0,0,0,0,0,0,0,0,0,0,0,0,18.8015,0,0,0,0,0,0,4.3263,0,0,0,0,0,0,0,0,0,0,0,0,0,0,0,0,0,0,0,0
GF21_d58_A1_cwash,0,91.01855,0,3.85505,0,5.1264,0,0,0,0,0,0,0,0,0,0,0,0,0,0,0,0,0,0,0,0,0,0,0,0,0,0,0,0,0,0,0,0,0,0,0,0,0,0,0,0,0,0,0,0,0,0,0,0,0,0
GF21_d58_A10_cwash,0,96.10359,0,0,0,3.89641,0,0,0,0,0,0,0,0,0,0,0,0,0,0,0,0,0,0,0,0,0,0,0,0,0,0,0,0,0,0,0,0,0,0,0,0,0,0,0,0,0,0,0,0,0,0,0,0,0,0
GF21_d58_A2_cwash,0,88.59937,0,0,0,11.40063,0,0,0,0,0,0,0,0,0,0,0,0,0,0,0,0,0,0,0,0,0,0,0,0,0,0,0,0,0,0,0,0,0,0,0,0,0,0,0,0,0,0,0,0,0,0,0,0,0,0
GF21_d58_A3_cwash,0,88.88747,0,0,0,10.64536,0,0,0,0,0,0,0,0,0,0,0,0,0,0,0,0,0,0,0,0,0,0,0.46717,0,0,0,0,0,0,0,0,0,0,0,0,0,0,0,0,0,0,0,0,0,0,0,0,0,0,0
GF21_d58_A4_cwash,0,87.95024,0,6.73991,0,5.30985,0,0,0,0,0,0,0,0,0,0,0,0,0,0,0,0,0,0,0,0,0,0,0,0,0,0,0,0,0,0,0,0,0,0,0,0,0,0,0,0,0,0,0,0,0,0,0,0,0,0
GF21_d58_A5_cwash,0,87.3075,0,0,0,12.6925,0,0,0,0,0,0,0,0,0,0,0,0,0,0,0,0,0,0,0,0,0,0,0,0,0,0,0,0,0,0,0,0,0,0,0,0,0,0,0,0,0,0,0,0,0,0,0,0,0,0
GF21_d58_A6_cwash,0,93.51539,0,0,0,6.48461,0,0,0,0,0,0,0,0,0,0,0,0,0,0,0,0,0,0,0,0,0,0,0,0,0,0,0,0,0,0,0,0,0,0,0,0,0,0,0,0,0,0,0,0,0,0,0,0,0,0
GF21_d58_A7_cwash,0,99.19702,0,0,0,0.80298,0,0,0,0,0,0,0,0,0,0,0,0,0,0,0,0,0,0,0,0,0,0,0,0,0,0,0,0,0,0,0,0,0,0,0,0,0,0,0,0,0,0,0,0,0,0,0,0,0,0
GF21_d58_A8_cwash,0,36.15243,0,63.84757,0,0,0,0,0,0,0,0,0,0,0,0,0,0,0,0,0,0,0,0,0,0,0,0,0,0,0,0,0,0,0,0,0,0,0,0,0,0,0,0,0,0,0,0,0,0,0,0,0,0,0,0
GF21_d58_A9_cwash,0,93.51818,0,0,0,4.59455,0,0,0,0,0,0,0,0,0,0,0,0,0,0,0,0,0,0,0,0,0,0,1.88727,0,0,0,0,0,0,0,0,0,0,0,0,0,0,0,0,0,0,0,0,0,0,0,0,0,0,0
GF21_d58_B1_cwash,0,49.76443,0,50.23557,0,0,0,0,0,0,0,0,0,0,0,0,0,0,0,0,0,0,0,0,0,0,0,0,0,0,0,0,0,0,0,0,0,0,0,0,0,0,0,0,0,0,0,0,0,0,0,0,0,0,0,0
GF21_d58_B2_cwash,0,87.7905,0,0,0,7.45393,0,0,0,0,0,0,0,0,0,0,0,0,0,0,0,0,0,0,0,0,0,0,4.75557,0,0,0,0,0,0,0,0,0,0,0,0,0,0,0,0,0,0,0,0,0,0,0,0,0,0,0
GF21_d58_B3_cwash,0,89.36646,0,0,0,10.63354,0,0,0,0,0,0,0,0,0,0,0,0,0,0,0,0,0,0,0,0,0,0,0,0,0,0,0,0,0,0,0,0,0,0,0,0,0,0,0,0,0,0,0,0,0,0,0,0,0,0
GF21_d58_B4_cwash,0,66.18172,0,33.81828,0,0,0,0,0,0,0,0,0,0,0,0,0,0,0,0,0,0,0,0,0,0,0,0,0,0,0,0,0,0,0,0,0,0,0,0,0,0,0,0,0,0,0,0,0,0,0,0,0,0,0,0
GF21_d58_B5_cwash,0,32.18682,0,0,0,0,0,0,0,0,0,0,0,0,0,0,0,0,0,0,0,0,0,0,0,0,0,0,67.81318,0,0,0,0,0,0,0,0,0,0,0,0,0,0,0,0,0,0,0,0,0,0,0,0,0,0,0
GF21_d58_B6_cwash,0,90.29974,0,0,0,9.70026,0,0,0,0,0,0,0,0,0,0,0,0,0,0,0,0,0,0,0,0,0,0,0,0,0,0,0,0,0,0,0,0,0,0,0,0,0,0,0,0,0,0,0,0,0,0,0,0,0,0
GF21_d58_B7_cwash,0,15.49694,0,84.50306,0,0,0,0,0,0,0,0,0,0,0,0,0,0,0,0,0,0,0,0,0,0,0,0,0,0,0,0,0,0,0,0,0,0,0,0,0,0,0,0,0,0,0,0,0,0,0,0,0,0,0,0
GF21_d58_B8_cwash,0,49.12506,0,49.75951,0,0,0,0,0,0,0,0,0,0,0,0,0,0,0,0,0,0,0,0,0,0,0,0,1.11543,0,0,0,0,0,0,0,0,0,0,0,0,0,0,0,0,0,0,0,0,0,0,0,0,0,0,0
GF21_d58_B9_cwash,0,34.56194,0,64.73226,0,0.70581,0,0,0,0,0,0,0,0,0,0,0,0,0,0,0,0,0,0,0,0,0,0,0,0,0,0,0,0,0,0,0,0,0,0,0,0,0,0,0,0,0,0,0,0,0,0,0,0,0,0
GF21_d62_Bdam_Stool,0,0.01849,0,59.14708,0,0,0,0,0,0,0,0,0,0,0,0,0,0,0,0,0,0,0,0,0,0,0,0,35.95822,0,0,0,0,0,0,4.87622,0,0,0,0,0,0,0,0,0,0,0,0,0,0,0,0,0,0,0,0
GF21_d66_C1_cwash,0,80.89885,0,16.49722,0,2.60393,0,0,0,0,0,0,0,0,0,0,0,0,0,0,0,0,0,0,0,0,0,0,0,0,0,0,0,0,0,0,0,0,0,0,0,0,0,0,0,0,0,0,0,0,0,0,0,0,0,0
GF21_d66_C2_cwash,0,100,0,0,0,0,0,0,0,0,0,0,0,0,0,0,0,0,0,0,0,0,0,0,0,0,0,0,0,0,0,0,0,0,0,0,0,0,0,0,0,0,0,0,0,0,0,0,0,0,0,0,0,0,0,0
GF21_d66_C3_cwash,0,84.14037,0,8.75682,0,7.10281,0,0,0,0,0,0,0,0,0,0,0,0,0,0,0,0,0,0,0,0,0,0,0,0,0,0,0,0,0,0,0,0,0,0,0,0,0,0,0,0,0,0,0,0,0,0,0,0,0,0
GF21_d66_C4_cwash,0,92.76501,0,3.19684,0,4.03815,0,0,0,0,0,0,0,0,0,0,0,0,0,0,0,0,0,0,0,0,0,0,0,0,0,0,0,0,0,0,0,0,0,0,0,0,0,0,0,0,0,0,0,0,0,0,0,0,0,0
GF21_d66_C5_cwash,0,91.45025,0,0,0,8.54975,0,0,0,0,0,0,0,0,0,0,0,0,0,0,0,0,0,0,0,0,0,0,0,0,0,0,0,0,0,0,0,0,0,0,0,0,0,0,0,0,0,0,0,0,0,0,0,0,0,0
GF21_d66_C6_cwash,0,91.60947,0,4.35001,0,4.04052,0,0,0,0,0,0,0,0,0,0,0,0,0,0,0,0,0,0,0,0,0,0,0,0,0,0,0,0,0,0,0,0,0,0,0,0,0,0,0,0,0,0,0,0,0,0,0,0,0,0
GF21_d66_C7_cwash,0,91.43758,0,3.82174,0,4.74068,0,0,0,0,0,0,0,0,0,0,0,0,0,0,0,0,0,0,0,0,0,0,0,0,0,0,0,0,0,0,0,0,0,0,0,0,0,0,0,0,0,0,0,0,0,0,0,0,0,0
GF21_d82_A10_Stool,0,3.51365,0,45.64736,0,0,0,0,0,0,0,0,0,0,0,0,0,0,0,0,0,0,0,0,0,0,0,0,50.839,0,0,0,0,0,0,0,0,0,0,0,0,0,0,0,0,0,0,0,0,0,0,0,0,0,0,0
GF21_d82_A2_Stool,0,0,0,93.62031,0,0,0,0,0,0,0,0,0,0,0,0,0,0,0,0,0,0,0,0,0,0,0,0,6.37969,0,0,0,0,0,0,0,0,0,0,0,0,0,0,0,0,0,0,0,0,0,0,0,0,0,0,0
GF21_d82_A7_Stool,0,2.07952,0,88.11768,0,0,0,0,0,0,0,0,0,0,0,0,0,0,0,0,0,0,0,0,0,0,0,0,9.80281,0,0,0,0,0,0,0,0,0,0,0,0,0,0,0,0,0,0,0,0,0,0,0,0,0,0,0
GF21_d83_A4_Stool,0,0.30585,0,85.95427,0,0,0,0,0,0,0,0,0,0,0,0,0,0,0,0,0,0,0,0,0,0,0,0,13.73988,0,0,0,0,0,0,0,0,0,0,0,0,0,0,0,0,0,0,0,0,0,0,0,0,0,0,0
GF21_d83_A5_Stool,0,3.22964,0,95.96786,0,0.17708,0,0,0,0,0,0,0,0,0,0,0,0,0,0,0,0,0,0,0,0,0,0,0.62542,0,0,0,0,0,0,0,0,0,0,0,0,0,0,0,0,0,0,0,0,0,0,0,0,0,0,0
GF21_d83_A8_Stool,0,0.64027,0,98.82564,0,0,0,0,0,0,0,0,0,0,0,0,0,0,0,0,0,0,0,0,0,0,0,0,0.53409,0,0,0,0,0,0,0,0,0,0,0,0,0,0,0,0,0,0,0,0,0,0,0,0,0,0,0
GF21_d84_A7_Stool,0,0.79857,0,73.15807,0,0,0,0,0,0,0,0,0,0,0,0,0,0,0,0,0,0,0,0,0,0,0,0,26.04336,0,0,0,0,0,0,0,0,0,0,0,0,0,0,0,0,0,0,0,0,0,0,0,0,0,0,0
GF21_d85_A1_cwash,0,100,0,0,0,0,0,0,0,0,0,0,0,0,0,0,0,0,0,0,0,0,0,0,0,0,0,0,0,0,0,0,0,0,0,0,0,0,0,0,0,0,0,0,0,0,0,0,0,0,0,0,0,0,0,0
GF21_d85_A3_cwash,0,100,0,0,0,0,0,0,0,0,0,0,0,0,0,0,0,0,0,0,0,0,0,0,0,0,0,0,0,0,0,0,0,0,0,0,0,0,0,0,0,0,0,0,0,0,0,0,0,0,0,0,0,0,0,0
GF21_d85_A4_cwash,0,100,0,0,0,0,0,0,0,0,0,0,0,0,0,0,0,0,0,0,0,0,0,0,0,0,0,0,0,0,0,0,0,0,0,0,0,0,0,0,0,0,0,0,0,0,0,0,0,0,0,0,0,0,0,0
GF21_d85_A5_cwash,0,100,0,0,0,0,0,0,0,0,0,0,0,0,0,0,0,0,0,0,0,0,0,0,0,0,0,0,0,0,0,0,0,0,0,0,0,0,0,0,0,0,0,0,0,0,0,0,0,0,0,0,0,0,0,0
GF21_d85_A6_cwash,0,100,0,0,0,0,0,0,0,0,0,0,0,0,0,0,0,0,0,0,0,0,0,0,0,0,0,0,0,0,0,0,0,0,0,0,0,0,0,0,0,0,0,0,0,0,0,0,0,0,0,0,0,0,0,0
GF21_d85_A7_cwash,0,100,0,0,0,0,0,0,0,0,0,0,0,0,0,0,0,0,0,0,0,0,0,0,0,0,0,0,0,0,0,0,0,0,0,0,0,0,0,0,0,0,0,0,0,0,0,0,0,0,0,0,0,0,0,0
GF21_d85_A8_cwash,0,100,0,0,0,0,0,0,0,0,0,0,0,0,0,0,0,0,0,0,0,0,0,0,0,0,0,0,0,0,0,0,0,0,0,0,0,0,0,0,0,0,0,0,0,0,0,0,0,0,0,0,0,0,0,0
GF21_d91_B1_Stool,0,0.06292,0,1.87061,0,0,0,0,0,0,0,0,0,0,0,0,0,0,0,0,0,0,0,0,0,0,0,0,98.06647,0,0,0,0,0,0,0,0,0,0,0,0,0,0,0,0,0,0,0,0,0,0,0,0,0,0,0
GF21_d91_B2_Stool,0,0.03209,0,5.69119,0,0,0,0,0,0,0,0,0,0,0,0,0,0,0,0,0,0,0,0,0,0,0,0,94.27672,0,0,0,0,0,0,0,0,0,0,0,0,0,0,0,0,0,0,0,0,0,0,0,0,0,0,0
GF21_d93_B2_Stool,0,0.0225,0,98.9617,0,0,0,0,0,0,0,0,0,0,0,0,0,0,0,0,0,0,0,0,0,0,0,0,1.0158,0,0,0,0,0,0,0,0,0,0,0,0,0,0,0,0,0,0,0,0,0,0,0,0,0,0,0
GF21_d93_B4_Stool,0,0,0,57.44478,0,0,0,0,0,0,0,0,0,0,0,0,0,0,0,0,0,0,0,0,0,0,0,0,42.55522,0,0,0,0,0,0,0,0,0,0,0,0,0,0,0,0,0,0,0,0,0,0,0,0,0,0,0
GF21_d93_B7_Stool,0,0.07445,0,94.25668,0,0,0,0,0,0,0,0,0,0,0,0,0,0,0,0,0,0,0,0,0,0,0,0,5.66887,0,0,0,0,0,0,0,0,0,0,0,0,0,0,0,0,0,0,0,0,0,0,0,0,0,0,0
GF21_d93_B8_Stool,0,32.4769,0,67.5231,0,0,0,0,0,0,0,0,0,0,0,0,0,0,0,0,0,0,0,0,0,0,0,0,0,0,0,0,0,0,0,0,0,0,0,0,0,0,0,0,0,0,0,0,0,0,0,0,0,0,0,0
GF21_d93_C1_Stool,0,0,0,5.64857,0,0,0,0,0,0,0,0,0,0,0,0,0,0,0,0,0,0,0,0,0,0,0,0,94.35143,0,0,0,0,0,0,0,0,0,0,0,0,0,0,0,0,0,0,0,0,0,0,0,0,0,0,0
GF21_d93_C10_cwash,0,100,0,0,0,0,0,0,0,0,0,0,0,0,0,0,0,0,0,0,0,0,0,0,0,0,0,0,0,0,0,0,0,0,0,0,0,0,0,0,0,0,0,0,0,0,0,0,0,0,0,0,0,0,0,0
GF21_d93_C2_Stool,0,0,0,93.84897,0,0,0,0,0,0,0,0,0,0,0,0,0,0,0,0,0,0,0,0,0,0,0,0,6.15103,0,0,0,0,0,0,0,0,0,0,0,0,0,0,0,0,0,0,0,0,0,0,0,0,0,0,0
GF21_d93_C3_Stool,0,0.06052,0,6.38041,0,0,0,0,0,0,0,0,0,0,0,0,0,0,0,0,0,0,0,0,0,0,0,0,93.55907,0,0,0,0,0,0,0,0,0,0,0,0,0,0,0,0,0,0,0,0,0,0,0,0,0,0,0
GF21_d93_C4_Stool,0,0.07406,0,6.69513,0,0,0,0,0,0,0,0,0,0,0,0,0,0,0,0,0,0,0,0,0,0,0,0,93.23081,0,0,0,0,0,0,0,0,0,0,0,0,0,0,0,0,0,0,0,0,0,0,0,0,0,0,0
GF21_d93_C9_Stool,0,0,0,4.64643,0,0,0,0,0,0,0,0,0,0,0,0,0,0,0,0,0,0,0,0,0,0,0,0,95.35357,0,0,0,0,0,0,0,0,0,0,0,0,0,0,0,0,0,0,0,0,0,0,0,0,0,0,0
GF21_d94_B2_Stool,0,1.32112,0,98.63269,0,0,0,0,0,0,0,0,0,0,0,0,0,0,0,0,0,0,0,0,0,0,0,0,0.04619,0,0,0,0,0,0,0,0,0,0,0,0,0,0,0,0,0,0,0,0,0,0,0,0,0,0,0
GF21_d95_B1_cwash,0,0.64386,0,99.35614,0,0,0,0,0,0,0,0,0,0,0,0,0,0,0,0,0,0,0,0,0,0,0,0,0,0,0,0,0,0,0,0,0,0,0,0,0,0,0,0,0,0,0,0,0,0,0,0,0,0,0,0
GF21_d95_B2_cwash,0,0,0,100,0,0,0,0,0,0,0,0,0,0,0,0,0,0,0,0,0,0,0,0,0,0,0,0,0,0,0,0,0,0,0,0,0,0,0,0,0,0,0,0,0,0,0,0,0,0,0,0,0,0,0,0
GF21_d95_B3_cwash,0,8.3793,0,91.6207,0,0,0,0,0,0,0,0,0,0,0,0,0,0,0,0,0,0,0,0,0,0,0,0,0,0,0,0,0,0,0,0,0,0,0,0,0,0,0,0,0,0,0,0,0,0,0,0,0,0,0,0
GF21_d95_B4_cwash,0,94.4457,0,0,0,5.5543,0,0,0,0,0,0,0,0,0,0,0,0,0,0,0,0,0,0,0,0,0,0,0,0,0,0,0,0,0,0,0,0,0,0,0,0,0,0,0,0,0,0,0,0,0,0,0,0,0,0
GF21_d95_B6_cwash,0,12.29746,0,87.70254,0,0,0,0,0,0,0,0,0,0,0,0,0,0,0,0,0,0,0,0,0,0,0,0,0,0,0,0,0,0,0,0,0,0,0,0,0,0,0,0,0,0,0,0,0,0,0,0,0,0,0,0
GF21_d95_B7_cwash,0,26.61659,0,73.38341,0,0,0,0,0,0,0,0,0,0,0,0,0,0,0,0,0,0,0,0,0,0,0,0,0,0,0,0,0,0,0,0,0,0,0,0,0,0,0,0,0,0,0,0,0,0,0,0,0,0,0,0
GF21_d95_B9_cwash,0,5.14047,0,94.85953,0,0,0,0,0,0,0,0,0,0,0,0,0,0,0,0,0,0,0,0,0,0,0,0,0,0,0,0,0,0,0,0,0,0,0,0,0,0,0,0,0,0,0,0,0,0,0,0,0,0,0,0
GF21_d95_C1_cwash,0,2.30979,0,97.69021,0,0,0,0,0,0,0,0,0,0,0,0,0,0,0,0,0,0,0,0,0,0,0,0,0,0,0,0,0,0,0,0,0,0,0,0,0,0,0,0,0,0,0,0,0,0,0,0,0,0,0,0
GF21_d95_C2_cwash,0,51.34693,0,48.65307,0,0,0,0,0,0,0,0,0,0,0,0,0,0,0,0,0,0,0,0,0,0,0,0,0,0,0,0,0,0,0,0,0,0,0,0,0,0,0,0,0,0,0,0,0,0,0,0,0,0,0,0
GF21_d95_C3_cwash,0,0,0,100,0,0,0,0,0,0,0,0,0,0,0,0,0,0,0,0,0,0,0,0,0,0,0,0,0,0,0,0,0,0,0,0,0,0,0,0,0,0,0,0,0,0,0,0,0,0,0,0,0,0,0,0
GF21_d95_C4_cwash,0,3.24991,0,96.75009,0,0,0,0,0,0,0,0,0,0,0,0,0,0,0,0,0,0,0,0,0,0,0,0,0,0,0,0,0,0,0,0,0,0,0,0,0,0,0,0,0,0,0,0,0,0,0,0,0,0,0,0
GF21_d95_C5_cwash,0,2.22382,0,97.77618,0,0,0,0,0,0,0,0,0,0,0,0,0,0,0,0,0,0,0,0,0,0,0,0,0,0,0,0,0,0,0,0,0,0,0,0,0,0,0,0,0,0,0,0,0,0,0,0,0,0,0,0
GF21_d95_C8_cwash,0,100,0,0,0,0,0,0,0,0,0,0,0,0,0,0,0,0,0,0,0,0,0,0,0,0,0,0,0,0,0,0,0,0,0,0,0,0,0,0,0,0,0,0,0,0,0,0,0,0,0,0,0,0,0,0
GF21_d95_C9_cwash,0,38.24339,0,0,0,0,0,0,0,0,0,0,0,0,0,0,0,0,0,0,0,0,0,0,0,0,0,0,61.75661,0,0,0,0,0,0,0,0,0,0,0,0,0,0,0,0,0,0,0,0,0,0,0,0,0,0,0
GF23_d0_inoc,51.77336,0,1.50865,10.91099,0,0,0,0,7.12896,3.78277,2.43906,7.35401,0.30486,0.42367,0,0,3.5108,1.58788,0,0,0,0,0,0,0,0,0,0.71154,0.08538,0,6.59075,1.88733,0,0,0,0,0,0,0,0,0,0,0,0,0,0,0,0,0,0,0,0,0,0,0,0
GF23_d10_dama,0.37983,0,2.61039,8.22753,0,0,0,0,28.24614,11.57605,7.99597,0,1.52988,0.48226,0,0,8.88794,0.58061,0,0,0,0,0,0,0,0,0,0,0,0,0.07704,27.84518,1.56115,0,0,0,0,0,0,0,0,0,0,0,0,0,0,0,0,0,0,0,0,0,0,0
GF23_d10_damb,0.28209,0,6.11262,6.50985,0,0,0,0,25.71526,19.31548,6.60986,0,1.71091,1.17578,0,0,15.87985,0.81354,0,0,0,0,0,0,0,0,0,0,0,0,0.49617,13.21522,2.16337,0,0,0,0,0,0,0,0,0,0,0,0,0,0,0,0,0,0,0,0,0,0,0
GF23_d17_dama,0.22828,0,1.89865,6.98638,0,0,0,0,46.68769,14.53708,8.76672,0,1.6753,0.98153,0,0,11.78772,1.06062,0,0,0,0,0,0,0,0,0,0,0,0,0.14867,2.93285,2.30852,0,0,0,0,0,0,0,0,0,0,0,0,0,0,0,0,0,0,0,0,0,0,0
GF23_d17_damb,0.27165,0,2.73134,5.52823,0,0,0,0,42.07756,18.94611,8.94415,0,1.74138,0.82469,0,0,14.03772,1.03979,0,0,0,0,0,0,0,0,0,0,0,0,0.13503,1.74699,1.97537,0,0,0,0,0,0,0,0,0,0,0,0,0,0,0,0,0,0,0,0,0,0,0
GF23_d17_damc,0.10019,0,3.25073,7.59081,0,0,0,0,37.16389,21.56006,9.62334,0,1.42943,0.99936,0,0,15.38557,0.58056,0,0,0,0,0,0,0,0,0,0,0,0,0.20023,0.27739,1.83845,0,0,0,0,0,0,0,0,0,0,0,0,0,0,0,0,0,0,0,0,0,0,0
GF23_d19_dama,0.06516,0,3.78747,4.32707,0,0,0,0,59.98579,7.55259,15.08686,0,1.90364,0.44737,0,0,5.03338,0.37881,0,0,0,0,0,0,0,0,0,0,0,0,0.06055,0.47033,0.90098,0,0,0,0,0,0,0,0,0,0,0,0,0,0,0,0,0,0,0,0,0,0,0
GF23_d32_damb,0,0,2.3628,7.27067,0,0,0,0,41.71106,17.45534,14.73437,0,0.75821,0,0,0,14.58493,0,0,0,0,0,0,0,0,0,0,0,0,0,0,0,1.12261,0,0,0,0,0,0,0,0,0,0,0,0,0,0,0,0,0,0,0,0,0,0,0
GF23_d35_c1,99.1755,0,0.8245,0,0,0,0,0,0,0,0,0,0,0,0,0,0,0,0,0,0,0,0,0,0,0,0,0,0,0,0,0,0,0,0,0,0,0,0,0,0,0,0,0,0,0,0,0,0,0,0,0,0,0,0,0
GF23_d36_c1,100,0,0,0,0,0,0,0,0,0,0,0,0,0,0,0,0,0,0,0,0,0,0,0,0,0,0,0,0,0,0,0,0,0,0,0,0,0,0,0,0,0,0,0,0,0,0,0,0,0,0,0,0,0,0,0
GF23_d36_c2,100,0,0,0,0,0,0,0,0,0,0,0,0,0,0,0,0,0,0,0,0,0,0,0,0,0,0,0,0,0,0,0,0,0,0,0,0,0,0,0,0,0,0,0,0,0,0,0,0,0,0,0,0,0,0,0
GF23_d36_c3,100,0,0,0,0,0,0,0,0,0,0,0,0,0,0,0,0,0,0,0,0,0,0,0,0,0,0,0,0,0,0,0,0,0,0,0,0,0,0,0,0,0,0,0,0,0,0,0,0,0,0,0,0,0,0,0
GF23_d36_c4,86.42483,0,7.42892,0,0,0,0,0,6.14625,0,0,0,0,0,0,0,0,0,0,0,0,0,0,0,0,0,0,0,0,0,0,0,0,0,0,0,0,0,0,0,0,0,0,0,0,0,0,0,0,0,0,0,0,0,0,0
GF23_d39_damb,0.06653,0,0.87736,4.67574,0,0,0,0,53.96227,13.91661,12.51143,0,1.39106,0.65329,0,0,8.25027,0.87253,0,0,0,0,0,0,0,0,0,0,0,0,0.69559,0.96102,1.09807,0,0.06822,0,0,0,0,0,0,0,0,0,0,0,0,0,0,0,0,0,0,0,0,0
GF23_d47_dama,1.12291,0,9.84813,5.00091,0,0,0,0,14.54251,3.1011,2.56214,0,0.85861,2.21644,0,0,50.32305,0.21676,0,0,0,0,0,0,0,0,0,0,0,0,0,3.68239,6.52505,0,0,0,0,0,0,0,0,0,0,0,0,0,0,0,0,0,0,0,0,0,0,0
GF23_d47_damb,0.184,0,3.30608,4.57542,0,0,0,0,40.12754,23.90876,11.11977,0,1.13835,0.95229,0,0,10.90074,0.51167,0,0,0,0,0,0,0,0,0,0,0,0,0.0996,1.54177,1.25586,0,0.37816,0,0,0,0,0,0,0,0,0,0,0,0,0,0,0,0,0,0,0,0,0
GF23_d47_damc,1.02867,0,11.33379,12.68241,0,0,0,0,8.37576,15.43613,3.48915,0,2.92759,3.37564,0,0,32.19154,0.84491,0,0,0,0,0,0,0,0,0,0,0,0,0.13687,2.91932,5.25822,0,0,0,0,0,0,0,0,0,0,0,0,0,0,0,0,0,0,0,0,0,0,0
GF23_d52_a1,72.77727,0,27.22273,0,0,0,0,0,0,0,0,0,0,0,0,0,0,0,0,0,0,0,0,0,0,0,0,0,0,0,0,0,0,0,0,0,0,0,0,0,0,0,0,0,0,0,0,0,0,0,0,0,0,0,0,0
GF23_d52_a2,91.16593,0,1.98808,0.35407,0,0,0,0,0.02165,0,0.09553,0,0,6.37475,0,0,0,0,0,0,0,0,0,0,0,0,0,0,0,0,0,0,0,0,0,0,0,0,0,0,0,0,0,0,0,0,0,0,0,0,0,0,0,0,0,0
GF23_d52_a5,86.57752,0,12.12819,0.97848,0,0,0,0,0,0,0.00329,0,0,0.31252,0,0,0,0,0,0,0,0,0,0,0,0,0,0,0,0,0,0,0,0,0,0,0,0,0,0,0,0,0,0,0,0,0,0,0,0,0,0,0,0,0,0
GF23_d52_a6,94.3887,0,3.72419,0.09027,0,0,0,0,0,0,0,0,0.29416,1.50268,0,0,0,0,0,0,0,0,0,0,0,0,0,0,0,0,0,0,0,0,0,0,0,0,0,0,0,0,0,0,0,0,0,0,0,0,0,0,0,0,0,0
GF23_d52_a8,96.34455,0,3.58697,0.06848,0,0,0,0,0,0,0,0,0,0,0,0,0,0,0,0,0,0,0,0,0,0,0,0,0,0,0,0,0,0,0,0,0,0,0,0,0,0,0,0,0,0,0,0,0,0,0,0,0,0,0,0
GF23_d52_a9,99.38451,0,0,0.61549,0,0,0,0,0,0,0,0,0,0,0,0,0,0,0,0,0,0,0,0,0,0,0,0,0,0,0,0,0,0,0,0,0,0,0,0,0,0,0,0,0,0,0,0,0,0,0,0,0,0,0,0
GF23_d54_damc,0,0,2.43223,8.90257,0,0,0,0,42.71891,14.57834,19.11974,0,1.75315,0.93301,0,0,6.94825,0.57458,0,0,0,0,0,0,0,0,0,0,0,0,1.20899,0,0.83024,0,0,0,0,0,0,0,0,0,0,0,0,0,0,0,0,0,0,0,0,0,0,0
GF23_d56_c2,86.89282,0,12.65785,0.44933,0,0,0,0,0,0,0,0,0,0,0,0,0,0,0,0,0,0,0,0,0,0,0,0,0,0,0,0,0,0,0,0,0,0,0,0,0,0,0,0,0,0,0,0,0,0,0,0,0,0,0,0
GF23_d56_c3,15.80443,0,84.19557,0,0,0,0,0,0,0,0,0,0,0,0,0,0,0,0,0,0,0,0,0,0,0,0,0,0,0,0,0,0,0,0,0,0,0,0,0,0,0,0,0,0,0,0,0,0,0,0,0,0,0,0,0
GF23_d56_c6,99.58123,0,0.26262,0.15615,0,0,0,0,0,0,0,0,0,0,0,0,0,0,0,0,0,0,0,0,0,0,0,0,0,0,0,0,0,0,0,0,0,0,0,0,0,0,0,0,0,0,0,0,0,0,0,0,0,0,0,0
GF23_d57_c2,95.01233,0,0.69992,1.73839,0,0,0,0,0,0,0,0,2.54936,0,0,0,0,0,0,0,0,0,0,0,0,0,0,0,0,0,0,0,0,0,0,0,0,0,0,0,0,0,0,0,0,0,0,0,0,0,0,0,0,0,0,0
GF23_d57_c4,9.87576,0,90.12424,0,0,0,0,0,0,0,0,0,0,0,0,0,0,0,0,0,0,0,0,0,0,0,0,0,0,0,0,0,0,0,0,0,0,0,0,0,0,0,0,0,0,0,0,0,0,0,0,0,0,0,0,0
GF23_d57_c5,0,0,100,0,0,0,0,0,0,0,0,0,0,0,0,0,0,0,0,0,0,0,0,0,0,0,0,0,0,0,0,0,0,0,0,0,0,0,0,0,0,0,0,0,0,0,0,0,0,0,0,0,0,0,0,0
GF23_d58_c3,0,0,0,58.03759,0,0,0,0,0,15.51286,26.44955,0,0,0,0,0,0,0,0,0,0,0,0,0,0,0,0,0,0,0,0,0,0,0,0,0,0,0,0,0,0,0,0,0,0,0,0,0,0,0,0,0,0,0,0,0
GF23_d59_c1,8.00071,0,84.85354,7.14575,0,0,0,0,0,0,0,0,0,0,0,0,0,0,0,0,0,0,0,0,0,0,0,0,0,0,0,0,0,0,0,0,0,0,0,0,0,0,0,0,0,0,0,0,0,0,0,0,0,0,0,0
GF23_d59_c2,0,0,0,100,0,0,0,0,0,0,0,0,0,0,0,0,0,0,0,0,0,0,0,0,0,0,0,0,0,0,0,0,0,0,0,0,0,0,0,0,0,0,0,0,0,0,0,0,0,0,0,0,0,0,0,0
GF23_d59_c4,0,0,0,95.68116,0,0,0,0,0,4.31884,0,0,0,0,0,0,0,0,0,0,0,0,0,0,0,0,0,0,0,0,0,0,0,0,0,0,0,0,0,0,0,0,0,0,0,0,0,0,0,0,0,0,0,0,0,0
GF23_d59_c6,100,0,0,0,0,0,0,0,0,0,0,0,0,0,0,0,0,0,0,0,0,0,0,0,0,0,0,0,0,0,0,0,0,0,0,0,0,0,0,0,0,0,0,0,0,0,0,0,0,0,0,0,0,0,0,0
GF23_d62_dama,0.16406,0,2.04653,6.63812,0,0,0,0,48.34191,19.40077,14.83734,0,1.64843,1.06599,0,0,4.17139,0,0,0,0,0,0,0,0,0,0,0,0,0,0,0.42078,1.26469,0,0,0,0,0,0,0,0,0,0,0,0,0,0,0,0,0,0,0,0,0,0,0
GF23_d62_damb,0.02652,0,2.32844,4.94494,0,0,0,0,28.72966,28.60667,19.43689,0,2.30304,0.87458,0,0,6.98644,1.80061,0,0,0,0,0,0,0,0,0,0,0,0,0.72493,1.64158,1.30299,0,0.29272,0,0,0,0,0,0,0,0,0,0,0,0,0,0,0,0,0,0,0,0,0
GF23_d62_damc,0.28225,0,1.56932,14.74987,0,0,0,0,27.69457,30.64253,6.8182,0,6.64798,0.59285,0,0,0,0,0,0,0,0,0,0,0,0,0,0,0,0,0.27134,8.78291,1.94817,0,0,0,0,0,0,0,0,0,0,0,0,0,0,0,0,0,0,0,0,0,0,0
GF23_d7_damb,0.21447,0,1.54585,4.90702,0,0,0,0,13.19189,8.09001,4.94303,0,1.68912,1.30234,0,0,4.84528,0.33871,0,0,0,0,0,0,0,0,0,0,0,0,0.1618,57.49383,1.27411,0,0,0,0,0.00254,0,0,0,0,0,0,0,0,0,0,0,0,0,0,0,0,0,0
GF23_d7_damc,0.16266,0,2.11278,3.9336,0,0,0,0,38.11495,13.03129,19.70363,0,3.71517,1.46976,0,0,1.55351,0.46104,0,0,0,0,0,0,0,0,0,0,0,0,0.5973,13.392,1.75231,0,0,0,0,0,0,0,0,0,0,0,0,0,0,0,0,0,0,0,0,0,0,0
GF23_d77_damb,1.3193,0,2.64646,5.17627,0,0,0,0,31.51265,29.46385,12.36186,0,2.04934,0.58784,0,0,10.16785,0.94202,0,0,0,0,0,0,0,0,0,0,0,0,0.26623,2.03137,1.22866,0,0.24628,0,0,0,0,0,0,0,0,0,0,0,0,0,0,0,0,0,0,0,0,0
GF23_d80_c3,100,0,0,0,0,0,0,0,0,0,0,0,0,0,0,0,0,0,0,0,0,0,0,0,0,0,0,0,0,0,0,0,0,0,0,0,0,0,0,0,0,0,0,0,0,0,0,0,0,0,0,0,0,0,0,0
GF23_d80_c7,69.08506,0,30.91494,0,0,0,0,0,0,0,0,0,0,0,0,0,0,0,0,0,0,0,0,0,0,0,0,0,0,0,0,0,0,0,0,0,0,0,0,0,0,0,0,0,0,0,0,0,0,0,0,0,0,0,0,0
GF23_d84_c1,0,0,0,100,0,0,0,0,0,0,0,0,0,0,0,0,0,0,0,0,0,0,0,0,0,0,0,0,0,0,0,0,0,0,0,0,0,0,0,0,0,0,0,0,0,0,0,0,0,0,0,0,0,0,0,0
GF23_d84_c2,0,0,0,100,0,0,0,0,0,0,0,0,0,0,0,0,0,0,0,0,0,0,0,0,0,0,0,0,0,0,0,0,0,0,0,0,0,0,0,0,0,0,0,0,0,0,0,0,0,0,0,0,0,0,0,0
GF23_d84_c3,0,0,0,100,0,0,0,0,0,0,0,0,0,0,0,0,0,0,0,0,0,0,0,0,0,0,0,0,0,0,0,0,0,0,0,0,0,0,0,0,0,0,0,0,0,0,0,0,0,0,0,0,0,0,0,0
GF23_d84_c4,0,0,0,100,0,0,0,0,0,0,0,0,0,0,0,0,0,0,0,0,0,0,0,0,0,0,0,0,0,0,0,0,0,0,0,0,0,0,0,0,0,0,0,0,0,0,0,0,0,0,0,0,0,0,0,0
GF23_d84_c5,0,0,0,100,0,0,0,0,0,0,0,0,0,0,0,0,0,0,0,0,0,0,0,0,0,0,0,0,0,0,0,0,0,0,0,0,0,0,0,0,0,0,0,0,0,0,0,0,0,0,0,0,0,0,0,0
GF23_d84_c9,0,0,0,94.6619,0,0,0,0,0,0.49943,4.83868,0,0,0,0,0,0,0,0,0,0,0,0,0,0,0,0,0,0,0,0,0,0,0,0,0,0,0,0,0,0,0,0,0,0,0,0,0,0,0,0,0,0,0,0,0
GF23_d89_damb,0.11216,0,1.93805,7.07797,0,0,0,0,35.85894,25.68731,10.13128,0,2.36548,0.5845,0,0,9.9237,2.38005,0,0,0,0,0,0,0,0,0,0,0,0,1.97677,0.72658,1.20673,0,0.03049,0,0,0,0,0,0,0,0,0,0,0,0,0,0,0,0,0,0,0,0,0
GF23_d89_damc,0.68336,0,3.01695,26.68235,0,0,0,0,16.91103,34.50024,10.81927,0,2.67108,0.41693,0,0,0,0,0,0,0,0,0,0,0,0,0,0,0,0,0,2.16986,2.12892,0,0,0,0,0,0,0,0,0,0,0,0,0,0,0,0,0,0,0,0,0,0,0
GF23_damA_32_stool,1.83607,0,13.29059,6.66451,0,0,0,0,10.89855,5.40589,1.58928,0,1.18115,4.43937,0,0,46.85998,0.00817,0,0,0,0,0,0,0,0,0,0,0,0,0,0.98403,6.84241,0,0,0,0,0,0,0,0,0,0,0,0,0,0,0,0,0,0,0,0,0,0,0
GF23_damC_10_stool,0.17245,0,1.88358,3.85513,0,0,0,0,27.65855,3.70466,20.19753,0,2.92418,0.42063,0,0,0,0.21733,0,0,0,0,0,0,0,0,0,0,0,0,0.07523,37.25817,1.63256,0,0,0,0,0,0,0,0,0,0,0,0,0,0,0,0,0,0,0,0,0,0,0
GF23_damC_32_stool,2.79875,0,10.33187,4.03709,0,0,0,0,9.50382,4.79713,2.37857,0,0.6647,3.12153,0,0,55.23432,0.11474,0,0,0,0,0,0,0,0,0,0,0,0,0,1.92523,5.09226,0,0,0,0,0,0,0,0,0,0,0,0,0,0,0,0,0,0,0,0,0,0,0
GF24_A1_36_stool,97.85598,0,0.4302,1.02098,0,0,0,0,0.60212,0,0.09073,0,0,0,0,0,0,0,0,0,0,0,0,0,0,0,0,0,0,0,0,0,0,0,0,0,0,0,0,0,0,0,0,0,0,0,0,0,0,0,0,0,0,0,0,0
GF24_A1_39_cwash,47.62522,0,27.81943,0,0,0,0,0,18.84996,4.76087,0.94453,0,0,0,0,0,0,0,0,0,0,0,0,0,0,0,0,0,0,0,0,0,0,0,0,0,0,0,0,0,0,0,0,0,0,0,0,0,0,0,0,0,0,0,0,0
GF24_A1_d108_cwash,89.28446,10.28024,0,0,0,0,0,0,0,0.4353,0,0,0,0,0,0,0,0,0,0,0,0,0,0,0,0,0,0,0,0,0,0,0,0,0,0,0,0,0,0,0,0,0,0,0,0,0,0,0,0,0,0,0,0,0,0
GF24_A1_d131_cwash,97.3517,2.06486,0,0,0,0,0,0,0.58344,0,0,0,0,0,0,0,0,0,0,0,0,0,0,0,0,0,0,0,0,0,0,0,0,0,0,0,0,0,0,0,0,0,0,0,0,0,0,0,0,0,0,0,0,0,0,0
GF24_A1_d73_stool,98.07763,0,0,1.66532,0,0,0,0,0,0,0.25705,0,0,0,0,0,0,0,0,0,0,0,0,0,0,0,0,0,0,0,0,0,0,0,0,0,0,0,0,0,0,0,0,0,0,0,0,0,0,0,0,0,0,0,0,0
GF24_A1_d74_cwash,90.19115,0.72182,0.90137,1.27674,0,0,0,0,5.80864,0.3969,0.7034,0,0,0,0,0,0,0,0,0,0,0,0,0,0,0,0,0,0,0,0,0,0,0,0,0,0,0,0,0,0,0,0,0,0,0,0,0,0,0,0,0,0,0,0,0
GF24_A10_d131_cwash,88.24783,8.53697,0,0,0,0,0,0,0.9635,2.08378,0.16791,0,0,0,0,0,0,0,0,0,0,0,0,0,0,0,0,0,0,0,0,0,0,0,0,0,0,0,0,0,0,0,0,0,0,0,0,0,0,0,0,0,0,0,0,0
GF24_A2_36_stool,92.04611,0,0.18359,3.12937,0,0,0,0,2.11395,0,1.63314,0,0.89383,0,0,0,0,0,0,0,0,0,0,0,0,0,0,0,0,0,0,0,0,0,0,0,0,0,0,0,0,0,0,0,0,0,0,0,0,0,0,0,0,0,0,0
GF24_A2_39_cwash,29.25719,0,5.97828,0.40511,0,0,0,0,42.54257,17.22617,4.59068,0,0,0,0,0,0,0,0,0,0,0,0,0,0,0,0,0,0,0,0,0,0,0,0,0,0,0,0,0,0,0,0,0,0,0,0,0,0,0,0,0,0,0,0,0
GF24_A2_d108_cwash,76.46441,18.64452,0,0.87623,0,0,0,0,2.48584,0.97106,0.55795,0,0,0,0,0,0,0,0,0,0,0,0,0,0,0,0,0,0,0,0,0,0,0,0,0,0,0,0,0,0,0,0,0,0,0,0,0,0,0,0,0,0,0,0,0
GF24_A2_d131_cwash,95.63788,3.96875,0,0.39337,0,0,0,0,0,0,0,0,0,0,0,0,0,0,0,0,0,0,0,0,0,0,0,0,0,0,0,0,0,0,0,0,0,0,0,0,0,0,0,0,0,0,0,0,0,0,0,0,0,0,0,0
GF24_A2_d73_stool,98.62288,0,0,1.24658,0,0,0,0,0,0,0.13054,0,0,0,0,0,0,0,0,0,0,0,0,0,0,0,0,0,0,0,0,0,0,0,0,0,0,0,0,0,0,0,0,0,0,0,0,0,0,0,0,0,0,0,0,0
GF24_A3_37_stool,99.11388,0,0.22657,0.65955,0,0,0,0,0,0,0,0,0,0,0,0,0,0,0,0,0,0,0,0,0,0,0,0,0,0,0,0,0,0,0,0,0,0,0,0,0,0,0,0,0,0,0,0,0,0,0,0,0,0,0,0
GF24_A3_38_stool,72.74686,0,23.52833,2.44983,0,0,0,0,0.28434,0,0.91485,0,0,0,0,0,0,0.07579,0,0,0,0,0,0,0,0,0,0,0,0,0,0,0,0,0,0,0,0,0,0,0,0,0,0,0,0,0,0,0,0,0,0,0,0,0,0
GF24_A3_39_cwash,6.51023,0,50.96611,0,0,0,0,0,23.33109,19.11068,0.08189,0,0,0,0,0,0,0,0,0,0,0,0,0,0,0,0,0,0,0,0,0,0,0,0,0,0,0,0,0,0,0,0,0,0,0,0,0,0,0,0,0,0,0,0,0
GF24_A3_d108_cwash,85.45194,1.52126,0,0.28492,0,0,0,0,10.44087,0.93959,1.36142,0,0,0,0,0,0,0,0,0,0,0,0,0,0,0,0,0,0,0,0,0,0,0,0,0,0,0,0,0,0,0,0,0,0,0,0,0,0,0,0,0,0,0,0,0
GF24_A3_d131_cwash,91.90315,1.34662,0,0,0,0,0,0,5.40634,1.34389,0,0,0,0,0,0,0,0,0,0,0,0,0,0,0,0,0,0,0,0,0,0,0,0,0,0,0,0,0,0,0,0,0,0,0,0,0,0,0,0,0,0,0,0,0,0
GF24_A4_38_stool,45.51146,0,2.30292,1.34371,0,0,0,0,39.84593,6.44724,3.90359,0,0.00811,0,0,0,0,0.63703,0,0,0,0,0,0,0,0,0,0,0,0,0,0,0,0,0,0,0,0,0,0,0,0,0,0,0,0,0,0,0,0,0,0,0,0,0,0
GF24_A4_39_cwash,9.30895,0,10.61904,2.58502,0,0,0,0,59.81052,10.21578,7.4607,0,0,0,0,0,0,0,0,0,0,0,0,0,0,0,0,0,0,0,0,0,0,0,0,0,0,0,0,0,0,0,0,0,0,0,0,0,0,0,0,0,0,0,0,0
GF24_A4_d108_cwash,86.4956,7.54005,0,0,0,0,0,0,5.96435,0,0,0,0,0,0,0,0,0,0,0,0,0,0,0,0,0,0,0,0,0,0,0,0,0,0,0,0,0,0,0,0,0,0,0,0,0,0,0,0,0,0,0,0,0,0,0
GF24_A4_d131_cwash,91.95874,2.79728,0,2.44073,0,0,0,0,2.78975,0,0.01349,0,0,0,0,0,0,0,0,0,0,0,0,0,0,0,0,0,0,0,0,0,0,0,0,0,0,0,0,0,0,0,0,0,0,0,0,0,0,0,0,0,0,0,0,0
GF24_A4_d74_cwash,86.70327,10.44646,0,2.14616,0,0,0,0,0.70412,0,0,0,0,0,0,0,0,0,0,0,0,0,0,0,0,0,0,0,0,0,0,0,0,0,0,0,0,0,0,0,0,0,0,0,0,0,0,0,0,0,0,0,0,0,0,0
GF24_A5_d108_cwash,88.21968,1.45155,0,0.28981,0,0,0,0,8.6685,0.85849,0.51196,0,0,0,0,0,0,0,0,0,0,0,0,0,0,0,0,0,0,0,0,0,0,0,0,0,0,0,0,0,0,0,0,0,0,0,0,0,0,0,0,0,0,0,0,0
GF24_A5_d131_cwash,85.1713,0.35751,0,2.14237,0,0,0,0,0,0,0.72201,0,11.6068,0,0,0,0,0,0,0,0,0,0,0,0,0,0,0,0,0,0,0,0,0,0,0,0,0,0,0,0,0,0,0,0,0,0,0,0,0,0,0,0,0,0,0
GF24_A5_d74_cwash,85.60749,0.08672,0,0.30118,0,0,0,0,7.66008,3.65708,1.06605,0,1.6214,0,0,0,0,0,0,0,0,0,0,0,0,0,0,0,0,0,0,0,0,0,0,0,0,0,0,0,0,0,0,0,0,0,0,0,0,0,0,0,0,0,0,0
GF24_A6_36_stool,100,0,0,0,0,0,0,0,0,0,0,0,0,0,0,0,0,0,0,0,0,0,0,0,0,0,0,0,0,0,0,0,0,0,0,0,0,0,0,0,0,0,0,0,0,0,0,0,0,0,0,0,0,0,0,0
GF24_A6_39_cwash,0,0,32.67839,1.36928,0,0,0,0,46.18992,7.09301,12.66939,0,0,0,0,0,0,0,0,0,0,0,0,0,0,0,0,0,0,0,0,0,0,0,0,0,0,0,0,0,0,0,0,0,0,0,0,0,0,0,0,0,0,0,0,0
GF24_A6_d108_cwash,98.73138,1.10109,0,0,0,0,0,0,0.16753,0,0,0,0,0,0,0,0,0,0,0,0,0,0,0,0,0,0,0,0,0,0,0,0,0,0,0,0,0,0,0,0,0,0,0,0,0,0,0,0,0,0,0,0,0,0,0
GF24_A6_d131_cwash,85.83034,0.92482,0,0,0,0,0,0,10.87601,2.36883,0,0,0,0,0,0,0,0,0,0,0,0,0,0,0,0,0,0,0,0,0,0,0,0,0,0,0,0,0,0,0,0,0,0,0,0,0,0,0,0,0,0,0,0,0,0
GF24_A6_d74_cwash,60.70789,1.65675,36.18061,0,0,0,0,0,0,0,0,0,1.45475,0,0,0,0,0,0,0,0,0,0,0,0,0,0,0,0,0,0,0,0,0,0,0,0,0,0,0,0,0,0,0,0,0,0,0,0,0,0,0,0,0,0,0
GF24_A7_36_stool,100,0,0,0,0,0,0,0,0,0,0,0,0,0,0,0,0,0,0,0,0,0,0,0,0,0,0,0,0,0,0,0,0,0,0,0,0,0,0,0,0,0,0,0,0,0,0,0,0,0,0,0,0,0,0,0
GF24_A7_37_stool,100,0,0,0,0,0,0,0,0,0,0,0,0,0,0,0,0,0,0,0,0,0,0,0,0,0,0,0,0,0,0,0,0,0,0,0,0,0,0,0,0,0,0,0,0,0,0,0,0,0,0,0,0,0,0,0
GF24_A7_39_cwash,37.34688,0,4.86083,1.9739,0,0,0,0,35.27437,8.4463,12.09772,0,0,0,0,0,0,0,0,0,0,0,0,0,0,0,0,0,0,0,0,0,0,0,0,0,0,0,0,0,0,0,0,0,0,0,0,0,0,0,0,0,0,0,0,0
GF24_A7_d108_cwash,88.38242,1.64576,0,0.02807,0,0,0,0,1.20289,2.38316,0.12484,0,6.23287,0,0,0,0,0,0,0,0,0,0,0,0,0,0,0,0,0,0,0,0,0,0,0,0,0,0,0,0,0,0,0,0,0,0,0,0,0,0,0,0,0,0,0
GF24_A7_d131_cwash,88.38884,10.62517,0,0,0,0,0,0,0.986,0,0,0,0,0,0,0,0,0,0,0,0,0,0,0,0,0,0,0,0,0,0,0,0,0,0,0,0,0,0,0,0,0,0,0,0,0,0,0,0,0,0,0,0,0,0,0
GF24_A7_d74_cwash,36.89165,0.36045,60.62201,0,0,0,0,0,0,0,0,0,2.12588,0,0,0,0,0,0,0,0,0,0,0,0,0,0,0,0,0,0,0,0,0,0,0,0,0,0,0,0,0,0,0,0,0,0,0,0,0,0,0,0,0,0,0
GF24_A8_d108_cwash,92.99341,7.00659,0,0,0,0,0,0,0,0,0,0,0,0,0,0,0,0,0,0,0,0,0,0,0,0,0,0,0,0,0,0,0,0,0,0,0,0,0,0,0,0,0,0,0,0,0,0,0,0,0,0,0,0,0,0
GF24_A8_d131_cwash,90.52903,9.47097,0,0,0,0,0,0,0,0,0,0,0,0,0,0,0,0,0,0,0,0,0,0,0,0,0,0,0,0,0,0,0,0,0,0,0,0,0,0,0,0,0,0,0,0,0,0,0,0,0,0,0,0,0,0
GF24_A9_d108_cwash,96.30511,0.04864,0,2.19589,0,0,0,0,0.65044,0,0.79992,0,0,0,0,0,0,0,0,0,0,0,0,0,0,0,0,0,0,0,0,0,0,0,0,0,0,0,0,0,0,0,0,0,0,0,0,0,0,0,0,0,0,0,0,0
GF24_A9_d131_cwash,98.95977,0.57456,0,0.41796,0,0,0,0,0.01559,0,0.03211,0,0,0,0,0,0,0,0,0,0,0,0,0,0,0,0,0,0,0,0,0,0,0,0,0,0,0,0,0,0,0,0,0,0,0,0,0,0,0,0,0,0,0,0,0
GF24_Adam_d100_stool,21.00122,0,8.11377,14.36591,0,0,0,0,22.92362,6.96767,2.89595,0,9.51886,0.61991,0,0,10.66965,2.92344,0,0,0,0,0,0,0,0,0,0,0,0,0,0,0,0,0,0,0,0,0,0,0,0,0,0,0,0,0,0,0,0,0,0,0,0,0,0
GF24_B1_33_cwash,56.32132,0,17.35613,0,0,0,0,0,13.34926,12.97329,0,0,0,0,0,0,0,0,0,0,0,0,0,0,0,0,0,0,0,0,0,0,0,0,0,0,0,0,0,0,0,0,0,0,0,0,0,0,0,0,0,0,0,0,0,0
GF24_B1_64_cwash,17.89396,0,7.53504,3.32586,0,0,0,0,27.80806,6.94088,22.3587,0,4.16312,9.97438,0,0,0,0,0,0,0,0,0,0,0,0,0,0,0,0,0,0,0,0,0,0,0,0,0,0,0,0,0,0,0,0,0,0,0,0,0,0,0,0,0,0
GF24_B2_33_cwash,67.3625,0,0,0.10538,0,0,0,0,18.68918,5.50348,2.1883,0,6.15116,0,0,0,0,0,0,0,0,0,0,0,0,0,0,0,0,0,0,0,0,0,0,0,0,0,0,0,0,0,0,0,0,0,0,0,0,0,0,0,0,0,0,0
GF24_B2_64_cwash,12.28017,0,4.49026,3.61477,0,0,0,0,31.74138,11.91985,23.94761,0,4.75078,5.86667,0,0,0,0,0,0,0,0,0,0,0,0,0,0,0,0,0,0,0,0,0,0,0,0,0,0,0,0,0,0,0,0,0,1.38851,0,0,0,0,0,0,0,0
GF24_B2_d74_cwash,87.40753,0.32969,0.61315,2.82407,0,0,0,0,7.16419,0,1.66138,0,0,0,0,0,0,0,0,0,0,0,0,0,0,0,0,0,0,0,0,0,0,0,0,0,0,0,0,0,0,0,0,0,0,0,0,0,0,0,0,0,0,0,0,0
GF24_B3_33_cwash,59.39177,0,0,0.41171,0,0,0,0,18.80378,6.55996,1.69707,0,13.13572,0,0,0,0,0,0,0,0,0,0,0,0,0,0,0,0,0,0,0,0,0,0,0,0,0,0,0,0,0,0,0,0,0,0,0,0,0,0,0,0,0,0,0
GF24_B3_64_cwash,13.35005,0,4.46656,1.5001,0,0,0,0,34.40679,14.98928,24.75597,0,2.34473,4.12557,0,0,0,0,0,0,0,0,0,0,0,0,0,0,0,0,0,0,0,0,0,0,0,0,0,0,0,0,0,0,0,0,0,0.06096,0,0,0,0,0,0,0,0
GF24_B3_d74_cwash,98.12886,0,0.78631,0.477,0,0,0,0,0.21867,0.38916,0,0,0,0,0,0,0,0,0,0,0,0,0,0,0,0,0,0,0,0,0,0,0,0,0,0,0,0,0,0,0,0,0,0,0,0,0,0,0,0,0,0,0,0,0,0
GF24_B4_33_cwash,70.36886,0,0,1.22202,0,0,0,0,17.25512,4.49591,1.06464,0,5.59344,0,0,0,0,0,0,0,0,0,0,0,0,0,0,0,0,0,0,0,0,0,0,0,0,0,0,0,0,0,0,0,0,0,0,0,0,0,0,0,0,0,0,0
GF24_B4_d73_stool,99.5613,0,0,0.4387,0,0,0,0,0,0,0,0,0,0,0,0,0,0,0,0,0,0,0,0,0,0,0,0,0,0,0,0,0,0,0,0,0,0,0,0,0,0,0,0,0,0,0,0,0,0,0,0,0,0,0,0
GF24_B4_d74_cwash,92.29248,0.03898,0.90935,0.5879,0,0,0,0,4.76904,0.86179,0.54045,0,0,0,0,0,0,0,0,0,0,0,0,0,0,0,0,0,0,0,0,0,0,0,0,0,0,0,0,0,0,0,0,0,0,0,0,0,0,0,0,0,0,0,0,0
GF24_B5_33_cwash,66.64117,0,0.59813,0,0,0,0,0,13.89093,18.86976,0,0,0,0,0,0,0,0,0,0,0,0,0,0,0,0,0,0,0,0,0,0,0,0,0,0,0,0,0,0,0,0,0,0,0,0,0,0,0,0,0,0,0,0,0,0
GF24_B6_33_cwash,76.43131,0,0,0.51822,0,0,0,0,3.79947,19.17581,0.07519,0,0,0,0,0,0,0,0,0,0,0,0,0,0,0,0,0,0,0,0,0,0,0,0,0,0,0,0,0,0,0,0,0,0,0,0,0,0,0,0,0,0,0,0,0
GF24_B7_33_cwash,57.53876,0,0.46241,0,0,0,0,0,12.4975,26.54279,0.65417,0,2.30438,0,0,0,0,0,0,0,0,0,0,0,0,0,0,0,0,0,0,0,0,0,0,0,0,0,0,0,0,0,0,0,0,0,0,0,0,0,0,0,0,0,0,0
GF24_Bdam_d114_stool,17.14066,0,4.91304,18.05856,0,0,0,0,36.98817,9.05524,1.59739,0,6.36765,4.43316,0,0,0,1.44612,0,0,0,0,0,0,0,0,0,0,0,0,0,0,0,0,0,0,0,0,0,0,0,0,0,0,0,0,0,0,0,0,0,0,0,0,0,0
GF24_C1_37_stool,53.57652,0,42.7093,1.70999,0,0,0,0,0.57811,0,1.42608,0,0,0,0,0,0,0,0,0,0,0,0,0,0,0,0,0,0,0,0,0,0,0,0,0,0,0,0,0,0,0,0,0,0,0,0,0,0,0,0,0,0,0,0,0
GF24_C1_39_cwash,0,0,5.60992,91.71634,0,0,0,0,0,2.67374,0,0,0,0,0,0,0,0,0,0,0,0,0,0,0,0,0,0,0,0,0,0,0,0,0,0,0,0,0,0,0,0,0,0,0,0,0,0,0,0,0,0,0,0,0,0
GF24_C1_d108_cwash,93.72884,6.27116,0,0,0,0,0,0,0,0,0,0,0,0,0,0,0,0,0,0,0,0,0,0,0,0,0,0,0,0,0,0,0,0,0,0,0,0,0,0,0,0,0,0,0,0,0,0,0,0,0,0,0,0,0,0
GF24_C1_d129_cwash,42.98334,1.3381,55.25404,0.12746,0,0,0,0,0.16442,0.02572,0.10692,0,0,0,0,0,0,0,0,0,0,0,0,0,0,0,0,0,0,0,0,0,0,0,0,0,0,0,0,0,0,0,0,0,0,0,0,0,0,0,0,0,0,0,0,0
GF24_C10_d86_cwash,86.3548,0.36899,0.8445,1.44544,0,0,0,0,8.89789,1.40888,0.67951,0,0,0,0,0,0,0,0,0,0,0,0,0,0,0,0,0,0,0,0,0,0,0,0,0,0,0,0,0,0,0,0,0,0,0,0,0,0,0,0,0,0,0,0,0
GF24_C2_39_cwash,0,0,5.68121,69.26263,0,0,0,0,0,8.57773,16.47843,0,0,0,0,0,0,0,0,0,0,0,0,0,0,0,0,0,0,0,0,0,0,0,0,0,0,0,0,0,0,0,0,0,0,0,0,0,0,0,0,0,0,0,0,0
GF24_C2_d108_cwash,84.2684,0.82947,0,0.86403,0,0,0,0,7.18368,6.40381,0.45061,0,0,0,0,0,0,0,0,0,0,0,0,0,0,0,0,0,0,0,0,0,0,0,0,0,0,0,0,0,0,0,0,0,0,0,0,0,0,0,0,0,0,0,0,0
GF24_C2_d129_cwash,95.66632,4.33368,0,0,0,0,0,0,0,0,0,0,0,0,0,0,0,0,0,0,0,0,0,0,0,0,0,0,0,0,0,0,0,0,0,0,0,0,0,0,0,0,0,0,0,0,0,0,0,0,0,0,0,0,0,0
GF24_C2_d86_cwash,12.74188,0.1224,78.37529,1.8642,0,0,0,0,3.73471,2.08909,1.07243,0,0,0,0,0,0,0,0,0,0,0,0,0,0,0,0,0,0,0,0,0,0,0,0,0,0,0,0,0,0,0,0,0,0,0,0,0,0,0,0,0,0,0,0,0
GF24_C3_37_stool,96.63909,0,0,2.39829,0,0,0,0,0.38191,0,0.58072,0,0,0,0,0,0,0,0,0,0,0,0,0,0,0,0,0,0,0,0,0,0,0,0,0,0,0,0,0,0,0,0,0,0,0,0,0,0,0,0,0,0,0,0,0
GF24_C3_38_cwash,0,0,9.94085,90.05915,0,0,0,0,0,0,0,0,0,0,0,0,0,0,0,0,0,0,0,0,0,0,0,0,0,0,0,0,0,0,0,0,0,0,0,0,0,0,0,0,0,0,0,0,0,0,0,0,0,0,0,0
GF24_C3_d108_cwash,99.38236,0.61764,0,0,0,0,0,0,0,0,0,0,0,0,0,0,0,0,0,0,0,0,0,0,0,0,0,0,0,0,0,0,0,0,0,0,0,0,0,0,0,0,0,0,0,0,0,0,0,0,0,0,0,0,0,0
GF24_C3_d129_cwash,91.14841,5.97903,0,0,0,0,0,0,2.31147,0.40071,0.16038,0,0,0,0,0,0,0,0,0,0,0,0,0,0,0,0,0,0,0,0,0,0,0,0,0,0,0,0,0,0,0,0,0,0,0,0,0,0,0,0,0,0,0,0,0
GF24_C3_d85_stool,98.05919,0,0.66991,0.64769,0,0,0,0,0.04312,0,0.58008,0,0,0,0,0,0,0,0,0,0,0,0,0,0,0,0,0,0,0,0,0,0,0,0,0,0,0,0,0,0,0,0,0,0,0,0,0,0,0,0,0,0,0,0,0
GF24_C3_d86_cwash,80.11221,0.87563,0,4.22075,0,0,0,0,12.59593,0.74238,1.45308,0,0,0,0,0,0,0,0,0,0,0,0,0,0,0,0,0,0,0,0,0,0,0,0,0,0,0,0,0,0,0,0,0,0,0,0,0,0,0,0,0,0,0,0,0
GF24_C4_37_stool,88.61381,0,0.09748,3.39349,0,0,0,0,5.3666,0,2.52862,0,0,0,0,0,0,0,0,0,0,0,0,0,0,0,0,0,0,0,0,0,0,0,0,0,0,0,0,0,0,0,0,0,0,0,0,0,0,0,0,0,0,0,0,0
GF24_C4_38_cwash,0,0,3.56893,80.81278,0,0,0,0,0,3.44199,12.17629,0,0,0,0,0,0,0,0,0,0,0,0,0,0,0,0,0,0,0,0,0,0,0,0,0,0,0,0,0,0,0,0,0,0,0,0,0,0,0,0,0,0,0,0,0
GF24_C4_38_stool,0,0,28.30576,0,0,0,0,0,0,71.69424,0,0,0,0,0,0,0,0,0,0,0,0,0,0,0,0,0,0,0,0,0,0,0,0,0,0,0,0,0,0,0,0,0,0,0,0,0,0,0,0,0,0,0,0,0,0
GF24_C4_d108_cwash,90.9051,7.67027,0,0,0,0,0,0,1.13126,0.29337,0,0,0,0,0,0,0,0,0,0,0,0,0,0,0,0,0,0,0,0,0,0,0,0,0,0,0,0,0,0,0,0,0,0,0,0,0,0,0,0,0,0,0,0,0,0
GF24_C4_d129_cwash,15.48283,1.44216,78.20194,1.1517,0,0,0,0,1.09939,0,0.15415,0,2.46784,0,0,0,0,0,0,0,0,0,0,0,0,0,0,0,0,0,0,0,0,0,0,0,0,0,0,0,0,0,0,0,0,0,0,0,0,0,0,0,0,0,0,0
GF24_C4_d86_cwash,88.93862,4.175,0,5.44855,0,0,0,0,0.38348,0.99128,0.06307,0,0,0,0,0,0,0,0,0,0,0,0,0,0,0,0,0,0,0,0,0,0,0,0,0,0,0,0,0,0,0,0,0,0,0,0,0,0,0,0,0,0,0,0,0
GF24_C5_36_stool,19.02566,0,80.12739,0.84695,0,0,0,0,0,0,0,0,0,0,0,0,0,0,0,0,0,0,0,0,0,0,0,0,0,0,0,0,0,0,0,0,0,0,0,0,0,0,0,0,0,0,0,0,0,0,0,0,0,0,0,0
GF24_C5_38_stool,0,0,0,81.5583,0,0,0,0,0,18.4417,0,0,0,0,0,0,0,0,0,0,0,0,0,0,0,0,0,0,0,0,0,0,0,0,0,0,0,0,0,0,0,0,0,0,0,0,0,0,0,0,0,0,0,0,0,0
GF24_C5_d108_cwash,94.0119,5.85184,0,0.13626,0,0,0,0,0,0,0,0,0,0,0,0,0,0,0,0,0,0,0,0,0,0,0,0,0,0,0,0,0,0,0,0,0,0,0,0,0,0,0,0,0,0,0,0,0,0,0,0,0,0,0,0
GF24_C5_d129_cwash,95.28282,0.91308,0,0.093,0,0,0,0,2.23667,0,0.40503,0,1.06939,0,0,0,0,0,0,0,0,0,0,0,0,0,0,0,0,0,0,0,0,0,0,0,0,0,0,0,0,0,0,0,0,0,0,0,0,0,0,0,0,0,0,0
GF24_C5_d85_stool,98.76096,0.04787,0,0.8457,0,0,0,0,0.22112,0,0.12435,0,0,0,0,0,0,0,0,0,0,0,0,0,0,0,0,0,0,0,0,0,0,0,0,0,0,0,0,0,0,0,0,0,0,0,0,0,0,0,0,0,0,0,0,0
GF24_C5_d86_cwash,77.64129,19.05775,0,0,0,0,0,0,0,3.30096,0,0,0,0,0,0,0,0,0,0,0,0,0,0,0,0,0,0,0,0,0,0,0,0,0,0,0,0,0,0,0,0,0,0,0,0,0,0,0,0,0,0,0,0,0,0
GF24_C6_36_stool,92.37649,0,1.33152,4.17908,0,0,0,0,0.36595,0,1.74696,0,0,0,0,0,0,0,0,0,0,0,0,0,0,0,0,0,0,0,0,0,0,0,0,0,0,0,0,0,0,0,0,0,0,0,0,0,0,0,0,0,0,0,0,0
GF24_C6_37_stool,89.05772,0,0.2098,4.91908,0,0,0,0,4.27455,0,1.53885,0,0,0,0,0,0,0,0,0,0,0,0,0,0,0,0,0,0,0,0,0,0,0,0,0,0,0,0,0,0,0,0,0,0,0,0,0,0,0,0,0,0,0,0,0
GF24_C6_38_stool,0,0,1.58053,97.36824,0,0,0,0,0,1.05123,0,0,0,0,0,0,0,0,0,0,0,0,0,0,0,0,0,0,0,0,0,0,0,0,0,0,0,0,0,0,0,0,0,0,0,0,0,0,0,0,0,0,0,0,0,0
GF24_C6_d108_cwash,90.97225,0.34618,0,0.22189,0,0,0,0,6.45476,0.69186,1.31306,0,0,0,0,0,0,0,0,0,0,0,0,0,0,0,0,0,0,0,0,0,0,0,0,0,0,0,0,0,0,0,0,0,0,0,0,0,0,0,0,0,0,0,0,0
GF24_C6_d129_cwash,41.50815,5.43488,51.59529,0.23983,0,0,0,0,1.22185,0,0,0,0,0,0,0,0,0,0,0,0,0,0,0,0,0,0,0,0,0,0,0,0,0,0,0,0,0,0,0,0,0,0,0,0,0,0,0,0,0,0,0,0,0,0,0
GF24_C6_d85_stool,100,0,0,0,0,0,0,0,0,0,0,0,0,0,0,0,0,0,0,0,0,0,0,0,0,0,0,0,0,0,0,0,0,0,0,0,0,0,0,0,0,0,0,0,0,0,0,0,0,0,0,0,0,0,0,0
GF24_C6_d86_cwash,89.02763,0,0,0.70037,0,0,0,0,5.42031,4.85169,0,0,0,0,0,0,0,0,0,0,0,0,0,0,0,0,0,0,0,0,0,0,0,0,0,0,0,0,0,0,0,0,0,0,0,0,0,0,0,0,0,0,0,0,0,0
GF24_C7_d108_cwash,90.21535,9.78465,0,0,0,0,0,0,0,0,0,0,0,0,0,0,0,0,0,0,0,0,0,0,0,0,0,0,0,0,0,0,0,0,0,0,0,0,0,0,0,0,0,0,0,0,0,0,0,0,0,0,0,0,0,0
GF24_C7_d129_cwash,51.73422,1.42329,45.61454,0,0,0,0,0,0.87242,0,0.35553,0,0,0,0,0,0,0,0,0,0,0,0,0,0,0,0,0,0,0,0,0,0,0,0,0,0,0,0,0,0,0,0,0,0,0,0,0,0,0,0,0,0,0,0,0
GF24_C7_d85_stool,97.43088,0,0.38402,1.21395,0,0,0,0,0.35624,0,0.61491,0,0,0,0,0,0,0,0,0,0,0,0,0,0,0,0,0,0,0,0,0,0,0,0,0,0,0,0,0,0,0,0,0,0,0,0,0,0,0,0,0,0,0,0,0
GF24_C7_d86_cwash,85.34742,0.24903,0,6.75369,0,0,0,0,4.74847,2.51154,0.38985,0,0,0,0,0,0,0,0,0,0,0,0,0,0,0,0,0,0,0,0,0,0,0,0,0,0,0,0,0,0,0,0,0,0,0,0,0,0,0,0,0,0,0,0,0
GF24_C8_d108_cwash,98.20558,1.574,0,0.15403,0,0,0,0,0.0381,0,0.02829,0,0,0,0,0,0,0,0,0,0,0,0,0,0,0,0,0,0,0,0,0,0,0,0,0,0,0,0,0,0,0,0,0,0,0,0,0,0,0,0,0,0,0,0,0
GF24_C8_d85_stool,96.9472,0,0,3.0528,0,0,0,0,0,0,0,0,0,0,0,0,0,0,0,0,0,0,0,0,0,0,0,0,0,0,0,0,0,0,0,0,0,0,0,0,0,0,0,0,0,0,0,0,0,0,0,0,0,0,0,0
GF24_C8_d86_cwash,82.46523,0.20345,1.78725,1.62731,0,0,0,0,8.48524,3.01807,2.08249,0,0.33095,0,0,0,0,0,0,0,0,0,0,0,0,0,0,0,0,0,0,0,0,0,0,0,0,0,0,0,0,0,0,0,0,0,0,0,0,0,0,0,0,0,0,0
GF24_C9_d108_cwash,82.08981,5.38156,0,0.40003,0,0,0,0,4.04313,8.08546,0,0,0,0,0,0,0,0,0,0,0,0,0,0,0,0,0,0,0,0,0,0,0,0,0,0,0,0,0,0,0,0,0,0,0,0,0,0,0,0,0,0,0,0,0,0
GF24_C9_d85_stool,97.12639,0,0,1.66079,0,0,0,0,0.05974,0,1.07031,0,0.08277,0,0,0,0,0,0,0,0,0,0,0,0,0,0,0,0,0,0,0,0,0,0,0,0,0,0,0,0,0,0,0,0,0,0,0,0,0,0,0,0,0,0,0
GF24_C9_d86_cwash,76.2642,0.83271,1.73504,3.74869,0,0,0,0,10.37034,5.87031,1.17872,0,0,0,0,0,0,0,0,0,0,0,0,0,0,0,0,0,0,0,0,0,0,0,0,0,0,0,0,0,0,0,0,0,0,0,0,0,0,0,0,0,0,0,0,0
GF24_Cdam_d108_stool,8.11312,0,7.61672,12.76876,0,0,0,0,27.8988,18.60214,3.36885,0,3.42095,3.92857,0,0,14.28209,0,0,0,0,0,0,0,0,0,0,0,0,0,0,0,0,0,0,0,0,0,0,0,0,0,0,0,0,0,0,0,0,0,0,0,0,0,0,0
GF24_damA_18_stool,9.41886,0,6.59684,17.73209,0,0,0,0,23.54837,6.60057,1.95433,0,2.23089,7.6446,0,0,24.07472,0.19872,0,0,0,0,0,0,0,0,0,0,0,0,0,0,0,0,0,0,0,0,0,0,0,0,0,0,0,0,0,0,0,0,0,0,0,0,0,0
GF24_damA_3_stool,32.52298,0,3.79768,7.59921,0,0,0,0,19.12241,17.96868,7.37651,0,8.71908,2.89345,0,0,0,0,0,0,0,0,0,0,0,0,0,0,0,0,0,0,0,0,0,0,0,0,0,0,0,0,0,0,0,0,0,0,0,0,0,0,0,0,0,0
GF24_damA_8_stool,19.73848,0,7.79834,8.91771,0,0,0,0,13.40349,19.16549,7.6229,0,7.08664,5.54911,0,0,9.39399,1.32385,0,0,0,0,0,0,0,0,0,0,0,0,0,0,0,0,0,0,0,0,0,0,0,0,0,0,0,0,0,0,0,0,0,0,0,0,0,0
GF24_damB_3_stool,7.99883,0,0.71875,2.77366,0,0,0,0,67.51946,4.86025,10.32229,0,4.4086,1.38798,0,0,0,0,0,0,0,0,0,0,0,0,0,0,0,0,0,0,0,0,0,0,0,0,0,0,0,0,0,0,0,0,0,0.01017,0,0,0,0,0,0,0,0
GF24_damB_8_stool,13.26953,0,5.76233,11.09428,0,0,0,0,13.98204,28.20472,0.28971,0,2.7619,4.96616,0,0,19.66932,0,0,0,0,0,0,0,0,0,0,0,0,0,0,0,0,0,0,0,0,0,0,0,0,0,0,0,0,0,0,0,0,0,0,0,0,0,0,0
GF24_damC_3_stool,11.95573,0,0.70718,4.12662,0,0,0,0,54.12389,8.52129,11.29807,0,8.59389,0.67333,0,0,0,0,0,0,0,0,0,0,0,0,0,0,0,0,0,0,0,0,0,0,0,0,0,0,0,0,0,0,0,0,0,0,0,0,0,0,0,0,0,0
GF24_damC_30_stool,23.83581,0,9.07969,3.42561,0,0,0,0,6.90888,6.12858,1.16753,0,1.39748,8.38378,0,0,39.39149,0.03711,0,0,0,0,0,0,0,0,0,0,0,0,0,0,0,0,0,0,0,0,0,0,0,0,0,0,0,0,0,0.24403,0,0,0,0,0,0,0,0
GF24_damC_51_stool,9.10569,0,6.15013,25.71135,0,0,0,0,26.51764,18.95702,8.36784,0,4.91077,0,0,0,0,0,0,0,0,0,0,0,0,0,0,0,0,0,0,0,0,0,0,0,0,0,0,0,0,0,0,0,0,0,0,0.27956,0,0,0,0,0,0,0,0
GF24_Inoc_0,70.62258,0,0.13668,7.01883,0,0,0,0,7.28996,2.21149,3.0071,9.03552,0.2995,0.0503,0,0,0.04989,0,0,0,0,0,0,0,0,0,0,0.27815,0,0,0,0,0,0,0,0,0,0,0,0,0,0,0,0,0,0,0,0,0,0,0,0,0,0,0,0
GF26_A1_d101_cwash,97.84361,0.58342,1.57297,0,0,0,0,0,0,0,0,0,0,0,0,0,0,0,0,0,0,0,0,0,0,0,0,0,0,0,0,0,0,0,0,0,0,0,0,0,0,0,0,0,0,0,0,0,0,0,0,0,0,0,0,0
GF26_A1_d65_cwash,0,100,0,0,0,0,0,0,0,0,0,0,0,0,0,0,0,0,0,0,0,0,0,0,0,0,0,0,0,0,0,0,0,0,0,0,0,0,0,0,0,0,0,0,0,0,0,0,0,0,0,0,0,0,0,0
GF26_A2_d101_cwash,40.54448,0.50298,58.95254,0,0,0,0,0,0,0,0,0,0,0,0,0,0,0,0,0,0,0,0,0,0,0,0,0,0,0,0,0,0,0,0,0,0,0,0,0,0,0,0,0,0,0,0,0,0,0,0,0,0,0,0,0
GF26_A2_d149_cwash,100,0,0,0,0,0,0,0,0,0,0,0,0,0,0,0,0,0,0,0,0,0,0,0,0,0,0,0,0,0,0,0,0,0,0,0,0,0,0,0,0,0,0,0,0,0,0,0,0,0,0,0,0,0,0,0
GF26_A3_d101_cwash,99.16568,0.32624,0.50808,0,0,0,0,0,0,0,0,0,0,0,0,0,0,0,0,0,0,0,0,0,0,0,0,0,0,0,0,0,0,0,0,0,0,0,0,0,0,0,0,0,0,0,0,0,0,0,0,0,0,0,0,0
GF26_A3_d149_cwash,1.13987,0,0,0,0,0,0,0,0,0,0,0,0,98.86013,0,0,0,0,0,0,0,0,0,0,0,0,0,0,0,0,0,0,0,0,0,0,0,0,0,0,0,0,0,0,0,0,0,0,0,0,0,0,0,0,0,0
GF26_A4_d101_cwash,99.72921,0.09662,0.17417,0,0,0,0,0,0,0,0,0,0,0,0,0,0,0,0,0,0,0,0,0,0,0,0,0,0,0,0,0,0,0,0,0,0,0,0,0,0,0,0,0,0,0,0,0,0,0,0,0,0,0,0,0
GF26_A4_d146_stool,95.37337,0,4.62663,0,0,0,0,0,0,0,0,0,0,0,0,0,0,0,0,0,0,0,0,0,0,0,0,0,0,0,0,0,0,0,0,0,0,0,0,0,0,0,0,0,0,0,0,0,0,0,0,0,0,0,0,0
GF26_A4_d147_stool,95.80413,0,4.19587,0,0,0,0,0,0,0,0,0,0,0,0,0,0,0,0,0,0,0,0,0,0,0,0,0,0,0,0,0,0,0,0,0,0,0,0,0,0,0,0,0,0,0,0,0,0,0,0,0,0,0,0,0
GF26_A4_d148_stool,99.2269,0,0.7731,0,0,0,0,0,0,0,0,0,0,0,0,0,0,0,0,0,0,0,0,0,0,0,0,0,0,0,0,0,0,0,0,0,0,0,0,0,0,0,0,0,0,0,0,0,0,0,0,0,0,0,0,0
GF26_A4_d65_cwash,0,100,0,0,0,0,0,0,0,0,0,0,0,0,0,0,0,0,0,0,0,0,0,0,0,0,0,0,0,0,0,0,0,0,0,0,0,0,0,0,0,0,0,0,0,0,0,0,0,0,0,0,0,0,0,0
GF26_A5_d101_cwash,99.56823,0.21013,0.22163,0,0,0,0,0,0,0,0,0,0,0,0,0,0,0,0,0,0,0,0,0,0,0,0,0,0,0,0,0,0,0,0,0,0,0,0,0,0,0,0,0,0,0,0,0,0,0,0,0,0,0,0,0
GF26_A7_d65_cwash,0,100,0,0,0,0,0,0,0,0,0,0,0,0,0,0,0,0,0,0,0,0,0,0,0,0,0,0,0,0,0,0,0,0,0,0,0,0,0,0,0,0,0,0,0,0,0,0,0,0,0,0,0,0,0,0
GF26_A9_d149_cwash,54.15955,1.33428,0,0,0,0,0,0,0,0,0,0,0,44.50616,0,0,0,0,0,0,0,0,0,0,0,0,0,0,0,0,0,0,0,0,0,0,0,0,0,0,0,0,0,0,0,0,0,0,0,0,0,0,0,0,0,0
GF26_Adam_d148_stool,90.92128,0,6.80516,0,0,0,0,0,0,0,0,0,0,1.72608,0,0,0,0,0,0,0,0,0,0,0,0,0,0,0,0,0,0,0,0,0,0,0.54748,0,0,0,0,0,0,0,0,0,0,0,0,0,0,0,0,0,0,0
GF26_Adam_d98_stool,58.43409,0.0569,36.39138,0,0,0,0,0,0,0,0,0,0,2.98327,0,0,0,0,0,0,0,0,0,0,0,0,0,0,0,0,0,0,0,0,0,0,2.13436,0,0,0,0,0,0,0,0,0,0,0,0,0,0,0,0,0,0,0
GF26_Bdam_d133_stool,67.64404,0,24.9951,0,0,0,0,0,0,0,0,0,0,5.08578,0,0,0,0,0,0,0,0,0,0,0,0,0,0,0,0,0,0,0,0,0,0,2.27508,0,0,0,0,0,0,0,0,0,0,0,0,0,0,0,0,0,0,0
GF26_Bdam_d85_stool,85.31254,0,9.39585,0,0,0,0,0,0,0,0,0,0,3.76597,0,0,0,0,0,0,0,0,0,0,0,0,0,0,0,0,0,0,0,0,0,0,1.52564,0,0,0,0,0,0,0,0,0,0,0,0,0,0,0,0,0,0,0
GF26_Bdam_d91_stool,75.9137,0,16.39283,0,0,0,0,0,0,0,0,0,0,4.86243,0,0,0,0,0,0,0,0,0,0,0,0,0,0,0,0,0,0,0,0,0,0,2.83105,0,0,0,0,0,0,0,0,0,0,0,0,0,0,0,0,0,0,0
GF26_Cdam_d98_stool,29.85195,0.02174,2.94427,14.97965,0,0,0,0,28.86729,9.83427,0.84793,0,5.03825,2.16953,0,0,0,5.40198,0,0,0,0,0,0,0,0,0,0,0,0,0,0,0,0,0,0,0,0,0,0,0,0,0,0,0,0,0,0.04314,0,0,0,0,0,0,0,0
GF27_A1_211118_cwash,0,45.76479,0,49.78847,0,4.44674,0,0,0,0,0,0,0,0,0,0,0,0,0,0,0,0,0,0,0,0,0,0,0,0,0,0,0,0,0,0,0,0,0,0,0,0,0,0,0,0,0,0,0,0,0,0,0,0,0,0
GF27_A1_d33_cwash,88.81545,2.05392,0,0.11902,0,0,0,0,5.63622,3.15951,0.21588,0,0,0,0,0,0,0,0,0,0,0,0,0,0,0,0,0,0,0,0,0,0,0,0,0,0,0,0,0,0,0,0,0,0,0,0,0,0,0,0,0,0,0,0,0
GF27_A2_211118_cwash,0,21.76018,0,73.35999,0,0,0,0,0,4.87983,0,0,0,0,0,0,0,0,0,0,0,0,0,0,0,0,0,0,0,0,0,0,0,0,0,0,0,0,0,0,0,0,0,0,0,0,0,0,0,0,0,0,0,0,0,0
GF27_A2_d33_cwash,74.93084,8.46391,0,0,0,0,0,0,3.61181,5.34267,0.09547,0,7.5553,0,0,0,0,0,0,0,0,0,0,0,0,0,0,0,0,0,0,0,0,0,0,0,0,0,0,0,0,0,0,0,0,0,0,0,0,0,0,0,0,0,0,0
GF27_A3_211118_cwash,0,2.99761,0,31.35165,0,0,0,0,0,65.65074,0,0,0,0,0,0,0,0,0,0,0,0,0,0,0,0,0,0,0,0,0,0,0,0,0,0,0,0,0,0,0,0,0,0,0,0,0,0,0,0,0,0,0,0,0,0
GF27_A3_d33_cwash,84.82187,2.73302,0,0,0,0,0,0,8.76833,2.69095,0.98583,0,0,0,0,0,0,0,0,0,0,0,0,0,0,0,0,0,0,0,0,0,0,0,0,0,0,0,0,0,0,0,0,0,0,0,0,0,0,0,0,0,0,0,0,0
GF27_A4_211118_cwash,0,7.84994,0,92.15006,0,0,0,0,0,0,0,0,0,0,0,0,0,0,0,0,0,0,0,0,0,0,0,0,0,0,0,0,0,0,0,0,0,0,0,0,0,0,0,0,0,0,0,0,0,0,0,0,0,0,0,0
GF27_A5_211118_cwash,0,4.0458,0,54.20509,0,0,0,0,0,41.74911,0,0,0,0,0,0,0,0,0,0,0,0,0,0,0,0,0,0,0,0,0,0,0,0,0,0,0,0,0,0,0,0,0,0,0,0,0,0,0,0,0,0,0,0,0,0
GF27_A6_211118_cwash,0,8.84936,0,52.96187,0,0,0,0,0,38.18877,0,0,0,0,0,0,0,0,0,0,0,0,0,0,0,0,0,0,0,0,0,0,0,0,0,0,0,0,0,0,0,0,0,0,0,0,0,0,0,0,0,0,0,0,0,0
GF27_A6_d33_cwash,87.89575,3.91934,0,0,0,0,0,0,5.72157,1.93248,0.21406,0,0.3168,0,0,0,0,0,0,0,0,0,0,0,0,0,0,0,0,0,0,0,0,0,0,0,0,0,0,0,0,0,0,0,0,0,0,0,0,0,0,0,0,0,0,0
GF27_A7_211118_cwash,0,7.62362,0,92.37638,0,0,0,0,0,0,0,0,0,0,0,0,0,0,0,0,0,0,0,0,0,0,0,0,0,0,0,0,0,0,0,0,0,0,0,0,0,0,0,0,0,0,0,0,0,0,0,0,0,0,0,0
GF27_A7_d33_cwash,88.83009,3.7894,0,0,0,0,0,0,4.25563,3.08694,0.03793,0,0,0,0,0,0,0,0,0,0,0,0,0,0,0,0,0,0,0,0,0,0,0,0,0,0,0,0,0,0,0,0,0,0,0,0,0,0,0,0,0,0,0,0,0
GF27_A8_211118_cwash,0,0,0,47.96643,0,0,0,0,0,6.36664,45.66693,0,0,0,0,0,0,0,0,0,0,0,0,0,0,0,0,0,0,0,0,0,0,0,0,0,0,0,0,0,0,0,0,0,0,0,0,0,0,0,0,0,0,0,0,0
GF27_A8_d33_cwash,80.35659,7.89298,0.54539,0,0,0,0,0,5.52246,1.05191,0.14527,0,4.48541,0,0,0,0,0,0,0,0,0,0,0,0,0,0,0,0,0,0,0,0,0,0,0,0,0,0,0,0,0,0,0,0,0,0,0,0,0,0,0,0,0,0,0
GF27_GF27_Inoc,38.76834,0,0,29.34148,0,0,0,0,0.99441,0.39551,0.95278,3.021,0.06071,0,0,0,0.03931,0,0,0,0,0,0,0,0,0,0,0.12803,26.29843,0,0,0,0,0,0,0,0,0,0,0,0,0,0,0,0,0,0,0,0,0,0,0,0,0,0,0
GF29_Inoc,48.90371,0,33.47914,2.6573,0,0,0,0,0.74788,0,0,2.10184,0,0,0,0,0,1.72797,0,0,0,0,0,0,0,0,0,0.1125,0,0,0,9.9833,0,0,0.06232,0.1298,0,0,0,0,0,0,0,0,0,0,0,0,0.09424,0,0,0,0,0,0,0
GF4_B1_D35,0,0,0,81.86896,0,0,0,0,0,0,0,0,0,0,0,0,0,0,0,0,0,0,0,0,0,0,0,0,0,0,0,18.13104,0,0,0,0,0,0,0,0,0,0,0,0,0,0,0,0,0,0,0,0,0,0,0,0
GF4_B1_D36,0,0,12.40086,86.78923,0,0,0,0,0.21018,0,0,0,0,0,0,0,0,0,0,0,0,0,0,0,0,0,0,0,0,0,0,0.59973,0,0,0,0,0,0,0,0,0,0,0,0,0,0,0,0,0,0,0,0,0,0,0,0
GF4_B1_d37,0,0,0,100,0,0,0,0,0,0,0,0,0,0,0,0,0,0,0,0,0,0,0,0,0,0,0,0,0,0,0,0,0,0,0,0,0,0,0,0,0,0,0,0,0,0,0,0,0,0,0,0,0,0,0,0
GF4_B2_d35,0,0,81.58055,16.33196,0,0,0,0,0,0,0,0,0,0.95316,0,0,0,0,0,0,0,0,0,0,0,0,0,0,0,0,0,1.13433,0,0,0,0,0,0,0,0,0,0,0,0,0,0,0,0,0,0,0,0,0,0,0,0
GF4_B2_d36,0,0,83.42915,0,0,0,0,0,0,0,0,0,0,16.57085,0,0,0,0,0,0,0,0,0,0,0,0,0,0,0,0,0,0,0,0,0,0,0,0,0,0,0,0,0,0,0,0,0,0,0,0,0,0,0,0,0,0
GF4_B3_d35,0,0,0,82.63922,0,0,0,0,0,0,2.36874,0,0,0,0,0,0,0,0,0,0,0,0,0,0,0,0,0,0,0,0,14.99204,0,0,0,0,0,0,0,0,0,0,0,0,0,0,0,0,0,0,0,0,0,0,0,0
GF4_B3_d36,0,0,22.24158,72.03416,0,0,0,0,0.39985,0,0.98275,0,0,0,0,0,0,0,0,0,0,0,0,0,0,0,0,0,0,0,0,4.34166,0,0,0,0,0,0,0,0,0,0,0,0,0,0,0,0,0,0,0,0,0,0,0,0
GF4_B3_d37,0,0,0,100,0,0,0,0,0,0,0,0,0,0,0,0,0,0,0,0,0,0,0,0,0,0,0,0,0,0,0,0,0,0,0,0,0,0,0,0,0,0,0,0,0,0,0,0,0,0,0,0,0,0,0,0
GF4_B3_d42,0,0,3.23242,1.56615,0,0,0,0,30.37938,0,8.67697,0,0,2.58735,0,0,0,0,0,0,0,0,0,0,0,0,0,0,0,0,0,53.55772,0,0,0,0,0,0,0,0,0,0,0,0,0,0,0,0,0,0,0,0,0,0,0,0
GF4_B3_d43,0,0,1.96713,2.89738,0,0,0,0,42.26856,0,7.1419,0,0,1.59131,0,0,0,0,0,0,0,0,0,0,0,0,0,0,0,0,0,44.13371,0,0,0,0,0,0,0,0,0,0,0,0,0,0,0,0,0,0,0,0,0,0,0,0
GF4_B3_d44,0,0,1.55443,3.91362,0,0,0,0,14.02068,0,5.69119,0,0,1.16196,0,0,0,0,0,0,0,0,0,0,0,0,0,0,0,0,0,73.65812,0,0,0,0,0,0,0,0,0,0,0,0,0,0,0,0,0,0,0,0,0,0,0,0
GF4_B3_d46,0,0,4.3282,2.97518,0,0,0,0,10.9261,0,1.41003,0,0,2.8002,0,0,0,0,0,0,0,0,0,0,0,0,0,0,0,0,0,77.56029,0,0,0,0,0,0,0,0,0,0,0,0,0,0,0,0,0,0,0,0,0,0,0,0
GF4_B3_LI,1.07746,0,0,4.1241,0,0,0,0,1.42493,0,0.07293,0,0,3.07732,0,0,0,0,0,0,0,0,0,0,0,0,0,0,0,0,0,90.212,0,0,0,0,0,0.01127,0,0,0,0,0,0,0,0,0,0,0,0,0,0,0,0,0,0
GF4_B3_SI,0,0,0,2.31173,0,0,0,0,0.33651,0,0.70697,0,0,0,0,0,0,0,0,0,0,0,0,0,0,0,0,0,0,0,0,96.62819,0,0,0,0,0,0.01661,0,0,0,0,0,0,0,0,0,0,0,0,0,0,0,0,0,0
GF4_B4_d35,0,0,0,88.48589,0,0,0,0,0.07612,0,0.85417,0,0,0,0,0,0,0,0,0,0,0,0,0,0,0,0,0,0,0,0,10.58381,0,0,0,0,0,0,0,0,0,0,0,0,0,0,0,0,0,0,0,0,0,0,0,0
GF4_B4_d38,0,0,0,100,0,0,0,0,0,0,0,0,0,0,0,0,0,0,0,0,0,0,0,0,0,0,0,0,0,0,0,0,0,0,0,0,0,0,0,0,0,0,0,0,0,0,0,0,0,0,0,0,0,0,0,0
GF4_B5_d35,0,0,19.43073,78.5023,0,0,0,0,0,0,0,0,0,0,0,0,0,0,0,0,0,0,0,0,0,0,0,0,0,0,0,2.06697,0,0,0,0,0,0,0,0,0,0,0,0,0,0,0,0,0,0,0,0,0,0,0,0
GF4_Bdam_d10,0,0,1.48406,2.08586,0,0,0,0,30.29984,0,4.70769,0,0,0.69209,0,0,4.14679,0.51058,0,0,0,0,0,0,0,0,0,0,0,0,0.11847,55.42544,0.18312,0.34605,0,0,0,0,0,0,0,0,0,0,0,0,0,0,0,0,0,0,0,0,0,0
GF4_Bsire_d10,0,0,1.89672,2.83787,0,0,0,0,30.42169,0,4.58916,0,0,2.93596,0,0,4.1803,1.05023,0,0,0,0,0,0,0,0,0,0,0,0,0.01484,51.95341,0.10107,0,0.01875,0,0,0,0,0,0,0,0,0,0,0,0,0,0,0,0,0,0,0,0,0
GF4_Bsire_d2,0.41737,0,2.0874,2.1971,0,0,0,0,19.69664,0,1.61589,0,0,3.76131,0,0,1.34423,0,0,0,0,0,0,0,0,0,0,0,0,0,0,68.62099,0.21966,0.03943,0,0,0,0,0,0,0,0,0,0,0,0,0,0,0,0,0,0,0,0,0,0
GF4_C1_d36,0,0,96.32831,3.67169,0,0,0,0,0,0,0,0,0,0,0,0,0,0,0,0,0,0,0,0,0,0,0,0,0,0,0,0,0,0,0,0,0,0,0,0,0,0,0,0,0,0,0,0,0,0,0,0,0,0,0,0
GF4_C1_D37,0,0,30.81675,15.72958,0,0,0,0,14.32519,0,16.56397,0,0,22.56451,0,0,0,0,0,0,0,0,0,0,0,0,0,0,0,0,0,0,0,0,0,0,0,0,0,0,0,0,0,0,0,0,0,0,0,0,0,0,0,0,0,0
GF4_C1_d39,1.28272,0,7.13597,14.10035,0,0,0,0,40.78271,0,8.24402,0,0,28.34805,0,0,0,0,0,0,0,0,0,0,0,0,0,0,0,0,0,0.10618,0,0,0,0,0,0,0,0,0,0,0,0,0,0,0,0,0,0,0,0,0,0,0,0
GF4_C1_d43,1.26153,0,5.04954,3.47485,0,0,0,0,66.73493,0,6.33472,0,0,17.14443,0,0,0,0,0,0,0,0,0,0,0,0,0,0,0,0,0,0,0,0,0,0,0,0,0,0,0,0,0,0,0,0,0,0,0,0,0,0,0,0,0,0
GF4_C1_d46,5.85893,0,10.27407,0.66459,0,0,0,0,79.19426,0,2.98924,0,0,0.49958,0,0,0,0,0,0,0,0,0,0,0,0,0,0,0,0,0,0,0.51932,0,0,0,0,0,0,0,0,0,0,0,0,0,0,0,0,0,0,0,0,0,0,0
GF4_C1_LI,1.61057,0,5.09885,2.82695,0,0,0,0,1.63925,0,0.54224,28.77426,0,0,0,0,0,0,0,0,0,0,0,0,0,0,0,0,0,0,0,58.89099,0.6169,0,0,0,0,0,0,0,0,0,0,0,0,0,0,0,0,0,0,0,0,0,0,0
GF4_C1_SI,1.35953,0,6.31171,1.31826,0,0,0,0,1.97334,0,0,14.91183,0,0,0,0,0,0,0,0,0,0,0,0,0,0,0,0,0,0,0,74.12533,0,0,0,0,0,0,0,0,0,0,0,0,0,0,0,0,0,0,0,0,0,0,0,0
GF4_C2_d35,0,0,18.86192,81.13808,0,0,0,0,0,0,0,0,0,0,0,0,0,0,0,0,0,0,0,0,0,0,0,0,0,0,0,0,0,0,0,0,0,0,0,0,0,0,0,0,0,0,0,0,0,0,0,0,0,0,0,0
GF4_C2_D36,12.94187,0,10.93315,52.75362,0,0,0,0,5.97408,0,0,0,0,17.39727,0,0,0,0,0,0,0,0,0,0,0,0,0,0,0,0,0,0,0,0,0,0,0,0,0,0,0,0,0,0,0,0,0,0,0,0,0,0,0,0,0,0
GF4_C2_d37,28.83724,0,10.5288,10.43878,0,0,0,0,17.98669,0,16.28257,0,0,15.0951,0,0,0,0,0,0,0,0,0,0,0,0,0,0,0,0,0,0,0.83081,0,0,0,0,0,0,0,0,0,0,0,0,0,0,0,0,0,0,0,0,0,0,0
GF4_C2_d38,10.15802,0,17.11554,6.26229,0,0,0,0,45.30839,0,13.43333,0,0,7.53368,0,0,0,0,0,0,0,0,0,0,0,0,0,0,0,0,0,0,0.18875,0,0,0,0,0,0,0,0,0,0,0,0,0,0,0,0,0,0,0,0,0,0,0
GF4_C2_d39,15.61112,0,7.41974,9.50199,0,0,0,0,53.42903,0,6.49208,0,0,7.02699,0,0,0,0,0,0,0,0,0,0,0,0,0,0,0,0,0,0,0.51905,0,0,0,0,0,0,0,0,0,0,0,0,0,0,0,0,0,0,0,0,0,0,0
GF4_C2_d43,2.3379,0,6.79104,0.68046,0,0,0,0,79.34341,0,7.73972,0,0,0.51186,0,0,0,0,0,0,0,0,0,0,0,0,0,0,0,0,0,1.71639,0.87922,0,0,0,0,0,0,0,0,0,0,0,0,0,0,0,0,0,0,0,0,0,0,0
GF4_C2_d45,3.70206,0,5.47814,0.40793,0,0,0,0,71.51901,0,6.84343,9.01563,0,0.11053,0,0,0,0,0,0,0,0,0,0,0,0,0,0,0,0,0,2.39023,0.53302,0,0,0,0,0,0,0,0,0,0,0,0,0,0,0,0,0,0,0,0,0,0,0
GF4_C2_d46,5.29939,0,6.93302,0.55526,0,0,0,0,59.7117,0,4.30797,6.73634,0,0.23041,0,0,0,0,0,0,0,0,0,0,0,0,0,0,0,0,0,15.77826,0.44766,0,0,0,0,0,0,0,0,0,0,0,0,0,0,0,0,0,0,0,0,0,0,0
GF4_C2_LI,0,0,0.64339,0.16881,0,0,0,0,0.26597,0,0.40571,0.6175,0,0,0,0,0,0,0,0,0,0,0,0,0,0,0,0,0,0,0,97.89862,0,0,0,0,0,0,0,0,0,0,0,0,0,0,0,0,0,0,0,0,0,0,0,0
GF4_C2_SI,0,0,0,0,0,0,0,0,0,0,0,0.20248,0,0,0,0,0,0,0,0,0,0,0,0,0,0,0,0,0,0,0,99.79752,0,0,0,0,0,0,0,0,0,0,0,0,0,0,0,0,0,0,0,0,0,0,0,0
GF4_C3_d35,0,0,34.2312,61.70128,0,0,0,0,0,0,0,0,0,3.02617,0,0,0,0,0,0,0,0,0,0,0,0,0,0,0,0,0,1.04135,0,0,0,0,0,0,0,0,0,0,0,0,0,0,0,0,0,0,0,0,0,0,0,0
GF4_C3_d36,0,0,70.60499,8.08023,0,0,0,0,18.36134,0,2.57581,0,0,0,0,0,0,0,0,0,0,0,0,0,0,0,0,0,0,0,0,0.37763,0,0,0,0,0,0,0,0,0,0,0,0,0,0,0,0,0,0,0,0,0,0,0,0
GF4_C3_d38,11.44642,0,10.75243,4.83015,0,0,0,0,61.93237,0,9.33268,0,0,0,0,0,0,0,0,0,0,0,0,0,0,0,0,0,0,0,0,0,1.70596,0,0,0,0,0,0,0,0,0,0,0,0,0,0,0,0,0,0,0,0,0,0,0
GF4_C3_d42,2.28069,0,8.13969,0.36382,0,0,0,0,77.45906,0,8.85237,0,0,0,0,0,0,0,0,0,0,0,0,0,0,0,0,0,0,0,0,1.22375,1.68062,0,0,0,0,0,0,0,0,0,0,0,0,0,0,0,0,0,0,0,0,0,0,0
GF4_C3_d43,1.5636,0,7.80388,1.36391,0,0,0,0,67.63727,0,6.58824,2.41241,0,0,0,0,0,0,0,0,0,0,0,0,0,0,0,0,0,0,0,11.6821,0.9486,0,0,0,0,0,0,0,0,0,0,0,0,0,0,0,0,0,0,0,0,0,0,0
GF4_C3_d44,2.61039,0,3.92503,1.39174,0,0,0,0,65.08365,0,6.21975,4.81368,0,0.13481,0,0,0,0,0,0,0,0,0,0,0,0,0,0,0,0,0,15.21052,0.61044,0,0,0,0,0,0,0,0,0,0,0,0,0,0,0,0,0,0,0,0,0,0,0
GF4_C3_d45,5.99813,0,3.76753,0.67251,0,0,0,0,63.1708,0,5.29142,0,0,0.87581,0,0,0,0,0,0,0,0,0,0,0,0,0,0,0,0,0,19.36727,0.85654,0,0,0,0,0,0,0,0,0,0,0,0,0,0,0,0,0,0,0,0,0,0,0
GF4_C3_d46,3.82449,0,7.14016,0,0,0,0,0,77.73326,0,5.33156,0,0,0.27116,0,0,0,0,0,0,0,0,0,0,0,0,0,0,0,0,0,5.15493,0.54445,0,0,0,0,0,0,0,0,0,0,0,0,0,0,0,0,0,0,0,0,0,0,0
GF4_C3_LI,1.77927,0,2.56045,1.61196,0,0,0,0,9.55318,0,1.48901,1.52416,0,0,0,0,0,0,0,0,0,0,0,0,0,0,0,0,0,0,0,80.82215,0.65983,0,0,0,0,0,0,0,0,0,0,0,0,0,0,0,0,0,0,0,0,0,0,0
GF4_C3_SI,0,0,0.29266,0.19403,0,0,0,0,0.48374,0,0.17315,0.50529,0,0,0,0,0,0,0,0,0,0,0,0,0,0,0,0,0,0,0,98.35113,0,0,0,0,0,0,0,0,0,0,0,0,0,0,0,0,0,0,0,0,0,0,0,0
GF4_C4_d35,0,0,10.7182,80.5613,0,0,0,0,0,0,0.0279,0,0,5.43205,0,0,0,0,0,0,0,0,0,0,0,0,0,0,0,0,0,3.26055,0,0,0,0,0,0,0,0,0,0,0,0,0,0,0,0,0,0,0,0,0,0,0,0
GF4_C4_d36,0.25594,0,8.03505,89.34576,0,0,0,0,0,0,0.15846,0,0,0,0,0,0,0.07188,0,0,0,0,0,0,0,0,0,0,0,0,0,2.13291,0,0,0,0,0,0,0,0,0,0,0,0,0,0,0,0,0,0,0,0,0,0,0,0
GF4_C4_d37,22.03941,0,5.26475,40.41465,0,0,0,0,10.15021,0,14.91772,0,0,7.21326,0,0,0,0,0,0,0,0,0,0,0,0,0,0,0,0,0,0,0,0,0,0,0,0,0,0,0,0,0,0,0,0,0,0,0,0,0,0,0,0,0,0
GF4_C4_D39,2.77302,0,2.9756,68.57607,0,0,0,0,13.18636,0,3.84964,0,0,8.11144,0,0,0,0,0,0,0,0,0,0,0,0,0,0,0,0,0,0.52787,0,0,0,0,0,0,0,0,0,0,0,0,0,0,0,0,0,0,0,0,0,0,0,0
GF4_C5_d43,1.63764,0,9.65449,0.2774,0,0,0,0,80.44198,0,6.06285,0,0,0.48716,0,0,0,0,0,0,0,0,0,0,0,0,0,0,0,0,0,0.08055,1.35793,0,0,0,0,0,0,0,0,0,0,0,0,0,0,0,0,0,0,0,0,0,0,0
GF4_C5_d45,5.47731,0,9.8906,1.15614,0,0,0,0,65.02844,0,5.50853,0,0,0.25262,0,0,0,0,0,0,0,0,0,0,0,0,0,0,0,0,0,11.49531,1.19105,0,0,0,0,0,0,0,0,0,0,0,0,0,0,0,0,0,0,0,0,0,0,0
GF4_C5_d46,3.41179,0,6.39266,0.05001,0,0,0,0,78.47678,0,4.47639,0,0,0.23701,0,0,0,0,0,0,0,0,0,0,0,0,0,0,0,0,0,6.78781,0.16755,0,0,0,0,0,0,0,0,0,0,0,0,0,0,0,0,0,0,0,0,0,0,0
GF4_C5_LI,0.61844,0,1.8276,1.10183,0,0,0,0,7.2192,0,0.37476,0,0,0,0,0,0,0,0,0,0,0,0,0,0,0,0,0,0,0,0,88.52486,0.33333,0,0,0,0,0,0,0,0,0,0,0,0,0,0,0,0,0,0,0,0,0,0,0
GF4_C5_SI,0,0,0,0,0,0,0,0,0,0,0,0,0,0,0,0,0,0,0,0,0,0,0,0,0,0,0,0,0,0,0,100,0,0,0,0,0,0,0,0,0,0,0,0,0,0,0,0,0,0,0,0,0,0,0,0
GF4_Cdam_d16,0.17018,0,1.30309,3.33942,0,0,0,0,43.62178,0,8.99459,15.23271,0,3.6959,0,0,1.9514,0.65507,0,0,0,0,0,0,0,0,0,0,0,0,0.05506,20.98081,0,0,0,0,0,0,0,0,0,0,0,0,0,0,0,0,0,0,0,0,0,0,0,0
GF4_Csire_d16,0,0,2.00949,2.15001,0,0,0,0,32.20626,0,8.15747,16.48485,0,1.46496,0,0,1.34259,0.65955,0,0,0,0,0,0,0,0,0,0,0,0,0.70246,34.82236,0,0,0,0,0,0,0,0,0,0,0,0,0,0,0,0,0,0,0,0,0,0,0,0
GF4_Csire_d2,0,0,4.86234,3.60291,0,0,0,0,28.01288,0,6.55505,0,0,2.82889,0,0,3.27806,0.25444,0,0,0,0,0,0,0,0,0,0,0,0,0.07246,49.80546,0.49626,0.15079,0.08045,0,0,0,0,0,0,0,0,0,0,0,0,0,0,0,0,0,0,0,0,0
GF4_INOC_GF45,0.70615,0,2.41058,2.9434,0,0,0,0,17.78391,0,1.70067,4.19919,0,3.7029,0,0,3.52725,0.92406,0,0,0,0,0,0,0,0,0,0,0,0,0.41625,60.61654,0.44097,0.32529,0.30285,0,0,0,0,0,0,0,0,0,0,0,0,0,0,0,0,0,0,0,0,0
GF5_A_DAM_D0,27.36787,0,72.63213,0,0,0,0,0,0,0,0,0,0,0,0,0,0,0,0,0,0,0,0,0,0,0,0,0,0,0,0,0,0,0,0,0,0,0,0,0,0,0,0,0,0,0,0,0,0,0,0,0,0,0,0,0
GF5_A_DAM_D24,0.12272,0,1.63133,3.11252,0,0,0,0,20.28318,0,4.99249,6.90884,0,3.24037,0,0,7.53009,2.1869,0,0,0,0,0,0,0,0,0,0,0,0,0.98067,48.42028,0.30041,0.01595,0.27425,0,0,0,0,0,0,0,0,0,0,0,0,0,0,0,0,0,0,0,0,0
GF5_A1_COLON_190815,1.18994,0,1.01559,2.74553,0,0,0,0,12.19333,0,0,14.6959,0,0.1277,0,0,0,0,0,0,0,0,0,0,0,0,0,0,0,0,0,67.74715,0.28486,0,0,0,0,0,0,0,0,0,0,0,0,0,0,0,0,0,0,0,0,0,0,0
GF5_A1_D46,41.19065,0,46.70212,4.66852,0,0,0,0,0.43643,0,0.89574,3.06001,0,1.71203,0,0,0,0.08495,0,0,0,0,0,0,0,0,0,0,0,0,0,1.24955,0,0,0,0,0,0,0,0,0,0,0,0,0,0,0,0,0,0,0,0,0,0,0,0
GF5_A1_D47,25.0503,0,23.75838,3.24733,0,0,0,0,23.71355,0,9.68135,2.15793,0,3.80095,0,0,0,5.25111,0,0,0,0,0,0,0,0,0,0,0,0,0,0.95731,2.3818,0,0,0,0,0,0,0,0,0,0,0,0,0,0,0,0,0,0,0,0,0,0,0
GF5_A1_D48,100,0,0,0,0,0,0,0,0,0,0,0,0,0,0,0,0,0,0,0,0,0,0,0,0,0,0,0,0,0,0,0,0,0,0,0,0,0,0,0,0,0,0,0,0,0,0,0,0,0,0,0,0,0,0,0
GF5_A1_D79,0,0,89.72633,3.37781,0,0,0,0,0,0,0,0,0,0,0,0,0,0,0,0,0,0,0,0,0,0,0,0,0,0,0,6.89586,0,0,0,0,0,0,0,0,0,0,0,0,0,0,0,0,0,0,0,0,0,0,0,0
GF5_A1_D80,0,0,99.43072,0.27618,0,0,0,0,0,0,0,0,0,0,0,0,0,0,0,0,0,0,0,0,0,0,0,0,0,0,0,0.29311,0,0,0,0,0,0,0,0,0,0,0,0,0,0,0,0,0,0,0,0,0,0,0,0
GF5_A1_D81,0,0,94.42195,1.85156,0,0,0,0,0,0,0,0,0,3.38916,0,0,0,0,0,0,0,0,0,0,0,0,0,0,0,0,0,0.33733,0,0,0,0,0,0,0,0,0,0,0,0,0,0,0,0,0,0,0,0,0,0,0,0
GF5_A1_D83,0,0,0,96.7977,0,0,0,0,0,0,3.2023,0,0,0,0,0,0,0,0,0,0,0,0,0,0,0,0,0,0,0,0,0,0,0,0,0,0,0,0,0,0,0,0,0,0,0,0,0,0,0,0,0,0,0,0,0
GF5_A1_D88,0,0,45.10979,1.57841,0,0,0,0,36.9747,0,9.46492,0,0,0,0,0,0,0,0,0,0,0,0,0,0,0,0,0,0,0,0,6.87218,0,0,0,0,0,0,0,0,0,0,0,0,0,0,0,0,0,0,0,0,0,0,0,0
GF5_A2_COLON_190628,0,0,0,0,0,0,0,0,0,0,100,0,0,0,0,0,0,0,0,0,0,0,0,0,0,0,0,0,0,0,0,0,0,0,0,0,0,0,0,0,0,0,0,0,0,0,0,0,0,0,0,0,0,0,0,0
GF5_A2_D46,41.18266,0,53.18821,1.20077,0,0,0,0,0.29548,0,0.71645,2.12698,0,0,0,0,0,0,0,0,0,0,0,0,0,0,0,0,0,0,0,1.28945,0,0,0,0,0,0,0,0,0,0,0,0,0,0,0,0,0,0,0,0,0,0,0,0
GF5_A2_D48,0,0,5.6353,2.38966,0,0,0,0,17.67926,0,2.94402,0,0,1.54181,0,0,0,0.20685,0,0,0,0,0,0,0,0,0,0,0,0,0,69.6031,0,0,0,0,0,0,0,0,0,0,0,0,0,0,0,0,0,0,0,0,0,0,0,0
GF5_A2_D79,0,0,87.57192,0.8851,0,0,0,0,2.47922,0,0,0,0,0,0,0,0,0,0,0,0,0,0,0,0,0,0,0,0,0,0,9.06376,0,0,0,0,0,0,0,0,0,0,0,0,0,0,0,0,0,0,0,0,0,0,0,0
GF5_A2_D80,0,0,100,0,0,0,0,0,0,0,0,0,0,0,0,0,0,0,0,0,0,0,0,0,0,0,0,0,0,0,0,0,0,0,0,0,0,0,0,0,0,0,0,0,0,0,0,0,0,0,0,0,0,0,0,0
GF5_A3_COLON_190628,0,0,7.63102,64.78981,0,0,0,0,18.31069,0,2.45394,0,0,6.81453,0,0,0,0,0,0,0,0,0,0,0,0,0,0,0,0,0,0,0,0,0,0,0,0,0,0,0,0,0,0,0,0,0,0,0,0,0,0,0,0,0,0
GF5_A3_D46,5.08805,0,0,5.11045,0,0,0,0,0,0,0.08347,0,0,83.02553,0,0,0,0,0,0,0,0,0,0,0,0,0,0,0,0,0,6.6925,0,0,0,0,0,0,0,0,0,0,0,0,0,0,0,0,0,0,0,0,0,0,0,0
GF5_A4_D46,8.65112,0,4.81825,3.41918,0,0,0,0,0,0,0,0,0,81.73946,0,0,0,0,0,0,0,0,0,0,0,0,0,0,0,0,0,1.372,0,0,0,0,0,0,0,0,0,0,0,0,0,0,0,0,0,0,0,0,0,0,0,0
GF5_A4_D48,0,0,0,100,0,0,0,0,0,0,0,0,0,0,0,0,0,0,0,0,0,0,0,0,0,0,0,0,0,0,0,0,0,0,0,0,0,0,0,0,0,0,0,0,0,0,0,0,0,0,0,0,0,0,0,0
GF5_A5_D46,8.15592,0,0.75937,1.02289,0,0,0,0,0.02816,0,0.46523,0,0,88.32429,0,0,0,0,0,0,0,0,0,0,0,0,0,0,0,0,0,1.24414,0,0,0,0,0,0,0,0,0,0,0,0,0,0,0,0,0,0,0,0,0,0,0,0
GF5_A5_D79,0,0,54.69699,45.30301,0,0,0,0,0,0,0,0,0,0,0,0,0,0,0,0,0,0,0,0,0,0,0,0,0,0,0,0,0,0,0,0,0,0,0,0,0,0,0,0,0,0,0,0,0,0,0,0,0,0,0,0
GF5_A5_D80,0,0,0,0,0,0,0,0,100,0,0,0,0,0,0,0,0,0,0,0,0,0,0,0,0,0,0,0,0,0,0,0,0,0,0,0,0,0,0,0,0,0,0,0,0,0,0,0,0,0,0,0,0,0,0,0
GF5_A6_D81,0,0,85.61308,12.96479,0,0,0,0,0,0,0,0,0,0,0,0,0,0,0,0,0,0,0,0,0,0,0,0,0,0,0,1.42213,0,0,0,0,0,0,0,0,0,0,0,0,0,0,0,0,0,0,0,0,0,0,0,0
GF5_A6_D82,15.9168,0,11.96711,4.12917,0,0,0,0,53.35723,0,1.14872,0.31367,0,0,0,0,0,0,0,0,0,0,0,0,0,0,0,0,0,0,0,12.94094,0.22636,0,0,0,0,0,0,0,0,0,0,0,0,0,0,0,0,0,0,0,0,0,0,0
GF5_A7_COLON_190815,0.42928,0,1.30356,5.47999,0,0,0,0,2.64183,0,0,4.34345,0,0.81719,0,0,0,0,0,0,0,0,0,0,0,0,0,0,0,0,0,84.59781,0.36595,0,0,0,0,0.02094,0,0,0,0,0,0,0,0,0,0,0,0,0,0,0,0,0,0
GF5_A7_D46,5.4147,0,0,8.03493,0,0,0,0,0,0,0,0,0,85.64787,0,0,0,0,0,0,0,0,0,0,0,0,0,0,0,0,0,0.9025,0,0,0,0,0,0,0,0,0,0,0,0,0,0,0,0,0,0,0,0,0,0,0,0
GF5_A7_D79,0.18845,0,3.71651,68.78224,0,0,0,0,17.10171,0,3.02457,0,0,6.71343,0,0,0,0,0,0,0,0,0,0,0,0,0,0,0,0,0,0.47309,0,0,0,0,0,0,0,0,0,0,0,0,0,0,0,0,0,0,0,0,0,0,0,0
GF5_A7_D80,0,0,22.30684,27.78751,0,0,0,0,29.70858,0,3.08693,0,0,0,0,0,0,0,0,0,0,0,0,0,0,0,0,0,0,0,0,17.11014,0,0,0,0,0,0,0,0,0,0,0,0,0,0,0,0,0,0,0,0,0,0,0,0
GF5_A7_D81,0,0,1.12954,11.39413,0,0,0,0,71.37872,0,0,0,0,4.05836,0,0,0,0,0,0,0,0,0,0,0,0,0,0,0,0,0,12.03925,0,0,0,0,0,0,0,0,0,0,0,0,0,0,0,0,0,0,0,0,0,0,0,0
GF5_A7_D82,0,0,0,0,0,0,0,0,39.99815,0,0,0,0,0,0,0,0,0,0,0,0,0,0,0,0,0,0,0,0,0,0,60.00185,0,0,0,0,0,0,0,0,0,0,0,0,0,0,0,0,0,0,0,0,0,0,0,0
GF5_A7_D83,0,0,0,0,0,0,0,0,86.19761,0,13.80239,0,0,0,0,0,0,0,0,0,0,0,0,0,0,0,0,0,0,0,0,0,0,0,0,0,0,0,0,0,0,0,0,0,0,0,0,0,0,0,0,0,0,0,0,0
GF5_A7_D84,2.19198,0,1.06815,5.65575,0,0,0,0,87.17745,0,1.64746,0,0,1.33711,0,0,0,0,0,0,0,0,0,0,0,0,0,0,0,0,0,0.92209,0,0,0,0,0,0,0,0,0,0,0,0,0,0,0,0,0,0,0,0,0,0,0,0
GF5_A7_D87,1.48353,0,1.40031,2.0601,0,0,0,0,35.04102,0,6.04114,7.74168,0,2.46371,0,0,0,0,0,0,0,0,0,0,0,0,0,0,0,0,0,43.7685,0,0,0,0,0,0,0,0,0,0,0,0,0,0,0,0,0,0,0,0,0,0,0,0
GF5_A8_COLON_190815,0.22223,0,2.21744,7.27836,0,0,0,0,12.73817,0,0.59445,14.55856,0,0.73027,0,0,0,0,0,0,0,0,0,0,0,0,0,0,0,0,0,61.13288,0.52765,0,0,0,0,0,0,0,0,0,0,0,0,0,0,0,0,0,0,0,0,0,0,0
GF5_A8_D79,0,0,0,17.05892,0,0,0,0,0.17161,0,0.5046,0,0,81.90129,0,0,0,0,0,0,0,0,0,0,0,0,0,0,0,0,0,0.36358,0,0,0,0,0,0,0,0,0,0,0,0,0,0,0,0,0,0,0,0,0,0,0,0
GF5_A8_D83,0,0,0,1.14824,0,0,0,0,84.38179,0,14.46998,0,0,0,0,0,0,0,0,0,0,0,0,0,0,0,0,0,0,0,0,0,0,0,0,0,0,0,0,0,0,0,0,0,0,0,0,0,0,0,0,0,0,0,0,0
GF5_A8_D87,0.99929,0,2.39401,1.24724,0,0,0,0,82.31247,0,10.07547,0,0,0.86629,0,0,0,0,0,0,0,0,0,0,0,0,0,0,0,0,0,2.10524,0,0,0,0,0,0,0,0,0,0,0,0,0,0,0,0,0,0,0,0,0,0,0,0
GF5_B_COLON_M1,0,0,100,0,0,0,0,0,0,0,0,0,0,0,0,0,0,0,0,0,0,0,0,0,0,0,0,0,0,0,0,0,0,0,0,0,0,0,0,0,0,0,0,0,0,0,0,0,0,0,0,0,0,0,0,0
GF5_B_COLON_M2,80.37862,0,0,19.62138,0,0,0,0,0,0,0,0,0,0,0,0,0,0,0,0,0,0,0,0,0,0,0,0,0,0,0,0,0,0,0,0,0,0,0,0,0,0,0,0,0,0,0,0,0,0,0,0,0,0,0,0
GF5_B_COLON_P1,0,0,0,0,0,0,0,0,0,0,0,0,0,0,0,0,0,0,0,0,0,0,0,0,0,0,0,0,0,0,0,100,0,0,0,0,0,0,0,0,0,0,0,0,0,0,0,0,0,0,0,0,0,0,0,0
GF5_B_DAM_D3,0,0,2.4184,1.79114,0,0,0,0,40.48939,0,6.53763,0,0,3.02848,0,0,0.28526,0.62923,0,0,0,0,0,0,0,0,0,0,0,0,0,44.13889,0.58774,0.09383,0,0,0,0,0,0,0,0,0,0,0,0,0,0,0,0,0,0,0,0,0,0
GF5_B1_COLON_190815,1.5794,0,2.07491,4.96663,0,0,0,0,70.58901,0,1.41464,12.05166,0,1.13694,0,0,0,0,0,0,0,0,0,0,0,0,0,0,0,0,0,6.1868,0,0,0,0,0,0,0,0,0,0,0,0,0,0,0,0,0,0,0,0,0,0,0,0
GF5_B1_D80,0,0,50.58963,1.58762,0,0,0,0,0.63575,0,0.04714,0,0,47.13987,0,0,0,0,0,0,0,0,0,0,0,0,0,0,0,0,0,0,0,0,0,0,0,0,0,0,0,0,0,0,0,0,0,0,0,0,0,0,0,0,0,0
GF5_B1_D82,0,0,43.51279,8.86903,0,0,0,0,10.69416,0,4.8737,1.22902,0,23.18504,0,0,0,0,0,0,0,0,0,0,0,0,0,0,0,0,0,7.63627,0,0,0,0,0,0,0,0,0,0,0,0,0,0,0,0,0,0,0,0,0,0,0,0
GF5_B1_D83,0,0,42.60103,14.7662,0,0,0,0,4.3479,0,14.03902,0,0,24.24585,0,0,0,0,0,0,0,0,0,0,0,0,0,0,0,0,0,0,0,0,0,0,0,0,0,0,0,0,0,0,0,0,0,0,0,0,0,0,0,0,0,0
GF5_B1_D84,0,0,46.97654,10.55343,0,0,0,0,7.72789,0,18.26538,0,0,16.47676,0,0,0,0,0,0,0,0,0,0,0,0,0,0,0,0,0,0,0,0,0,0,0,0,0,0,0,0,0,0,0,0,0,0,0,0,0,0,0,0,0,0
GF5_B2_D79,0,0,100,0,0,0,0,0,0,0,0,0,0,0,0,0,0,0,0,0,0,0,0,0,0,0,0,0,0,0,0,0,0,0,0,0,0,0,0,0,0,0,0,0,0,0,0,0,0,0,0,0,0,0,0,0
GF5_B2_D80,0,0,100,0,0,0,0,0,0,0,0,0,0,0,0,0,0,0,0,0,0,0,0,0,0,0,0,0,0,0,0,0,0,0,0,0,0,0,0,0,0,0,0,0,0,0,0,0,0,0,0,0,0,0,0,0
GF5_B3_COLON_190815,1.5894,0,3.80561,7.27749,0,0,0,0,75.8864,0,0,0,0,1.32197,0,0,0,0,0,0,0,0,0,0,0,0,0,0,0,0,0,9.90658,0.21255,0,0,0,0,0,0,0,0,0,0,0,0,0,0,0,0,0,0,0,0,0,0,0
GF5_B3_D79,0,0,89.21966,2.27953,0,0,0,0,0,0,0,0,0,8.38134,0,0,0,0,0,0,0,0,0,0,0,0,0,0,0,0,0,0.11946,0,0,0,0,0,0,0,0,0,0,0,0,0,0,0,0,0,0,0,0,0,0,0,0
GF5_B3_D81,3.20803,0,3.93592,3.58245,0,0,0,0,76.66564,0,12.04887,0,0,0,0,0,0,0,0,0,0,0,0,0,0,0,0,0,0,0,0,0,0.55908,0,0,0,0,0,0,0,0,0,0,0,0,0,0,0,0,0,0,0,0,0,0,0
GF5_B3_D82,0,0,45.21322,17.15864,0,0,0,0,10.9504,0,20.55506,0,0,6.12267,0,0,0,0,0,0,0,0,0,0,0,0,0,0,0,0,0,0,0,0,0,0,0,0,0,0,0,0,0,0,0,0,0,0,0,0,0,0,0,0,0,0
GF5_B3_D83,0,0,62.52007,11.21946,0,0,0,0,11.06051,0,10.54121,0,0,4.21196,0,0,0,0,0,0,0,0,0,0,0,0,0,0,0,0,0,0,0.4468,0,0,0,0,0,0,0,0,0,0,0,0,0,0,0,0,0,0,0,0,0,0,0
GF5_B4_D79,0,0,24.37387,41.74849,0,0,0,0,15.85025,0,5.33023,0,0,3.17884,0,0,0,0,0,0,0,0,0,0,0,0,0,0,0,0,0,0.42286,8.86763,0,0,0,0,0,0,0,0,0,0,0,0,0,0,0,0.22784,0,0,0,0,0,0,0
GF5_B5_D79,0,0,26.6533,72.91035,0,0,0,0,0,0,0,0,0,0,0,0,0,0,0,0,0,0,0,0,0,0,0,0,0,0,0,0.43635,0,0,0,0,0,0,0,0,0,0,0,0,0,0,0,0,0,0,0,0,0,0,0,0
GF5_B5_D80,0,0,37.37289,62.62711,0,0,0,0,0,0,0,0,0,0,0,0,0,0,0,0,0,0,0,0,0,0,0,0,0,0,0,0,0,0,0,0,0,0,0,0,0,0,0,0,0,0,0,0,0,0,0,0,0,0,0,0
GF5_B6_COLON_190815,1.10678,0,4.8934,11.25762,0,0,0,0,46.23977,0,0.6912,13.46858,0,0.31398,0,0,0,0,0,0,0,0,0,0,0,0,0,0,0,0,0,20.56245,1.46622,0,0,0,0,0,0,0,0,0,0,0,0,0,0,0,0,0,0,0,0,0,0,0
GF5_B6_D79,0,0,85.29699,12.2472,0,0,0,0,1.2353,0,1.22051,0,0,0,0,0,0,0,0,0,0,0,0,0,0,0,0,0,0,0,0,0,0,0,0,0,0,0,0,0,0,0,0,0,0,0,0,0,0,0,0,0,0,0,0,0
GF5_B6_D84,0.56397,0,4.08853,0.4513,0,0,0,0,92.22558,0,0.90076,0,0,0.24805,0,0,0,0,0,0,0,0,0,0,0,0,0,0,0,0,0,0.35657,1.16524,0,0,0,0,0,0,0,0,0,0,0,0,0,0,0,0,0,0,0,0,0,0,0
GF5_B7_COLON_190815,0,0,9.16769,28.64537,0,0,0,0,39.53515,0,1.58832,5.88034,0,1.11573,0,0,0,0,0,0,0,0,0,0,0,0,0,0,0,0,0,12.86159,1.20582,0,0,0,0,0,0,0,0,0,0,0,0,0,0,0,0,0,0,0,0,0,0,0
GF5_B7_D79,0,0,0.23647,94.79631,0,0,0,0,1.5457,0,0.84457,0,0,2.43077,0,0,0,0,0,0,0,0,0,0,0,0,0,0,0,0,0,0.14619,0,0,0,0,0,0,0,0,0,0,0,0,0,0,0,0,0,0,0,0,0,0,0,0
GF5_B7_D80,0,0,11.14125,11.0072,0,0,0,0,66.74415,0,5.7695,0,0,0,0,0,0,0,0,0,0,0,0,0,0,0,0,0,0,0,0,0.01591,5.32199,0,0,0,0,0,0,0,0,0,0,0,0,0,0,0,0,0,0,0,0,0,0,0
GF5_B7_D82,0,0,10.81558,1.68476,0,0,0,0,78.72592,0,7.82089,0,0,0,0,0,0,0,0,0,0,0,0,0,0,0,0,0,0,0,0,0,0.95285,0,0,0,0,0,0,0,0,0,0,0,0,0,0,0,0,0,0,0,0,0,0,0
GF5_C_DAM_D24,1.10297,0,0.98747,1.15787,0,0,0,0,41.23336,0,8.41787,18.22261,0,1.0223,0,0,0,0.70322,0,0,0,0,0,0,0,0,0,0,0,0,0,26.8988,0.17925,0,0.07427,0,0,0,0,0,0,0,0,0,0,0,0,0,0,0,0,0,0,0,0,0
GF5_C_DAM_D3,0,0,1.87192,1.28179,0,0,0,0,37.09784,0,5.62902,0,0,1.85545,0,0,0.49972,0.11644,0,0,0,0,0,0,0,0,0,0,0,0,0,51.64013,0.00768,0,0,0,0,0,0,0,0,0,0,0,0,0,0,0,0,0,0,0,0,0,0,0
GF5_C1_COLON_190628,0,0,15.54555,0.6502,0,0,0,0,59.96526,0,22.25037,0,0,0,0,0,0,0,0,0,0,0,0,0,0,0,0,0,0,0,0,0.96743,0.62119,0,0,0,0,0,0,0,0,0,0,0,0,0,0,0,0,0,0,0,0,0,0,0
GF5_C1_COLON_190815,78.81677,0,0,0,0,0,0,0,18.66892,0,2.51431,0,0,0,0,0,0,0,0,0,0,0,0,0,0,0,0,0,0,0,0,0,0,0,0,0,0,0,0,0,0,0,0,0,0,0,0,0,0,0,0,0,0,0,0,0
GF5_C1_D46,44.33099,0,44.61729,0.8027,0,0,0,0,5.55807,0,2.13675,2.09992,0,0,0,0,0,0,0,0,0,0,0,0,0,0,0,0,0,0,0,0.02131,0.43297,0,0,0,0,0,0,0,0,0,0,0,0,0,0,0,0,0,0,0,0,0,0,0
GF5_C1_D47,29.24086,0,37.34403,1.96302,0,0,0,0,13.83752,0,3.3989,3.23835,0,0,0,0,0,5.17986,0,0,0,0,0,0,0,0,0,0,0,0,0,0,5.66158,0,0.13587,0,0,0,0,0,0,0,0,0,0,0,0,0,0,0,0,0,0,0,0,0
GF5_C1_D48,5.71524,0,34.64072,2.21057,0,0,0,0,21.42271,0,18.74403,4.4921,0,0,0,0,0,0.08892,0,0,0,0,0,0,0,0,0,0,0,0,0,10.12398,2.56173,0,0,0,0,0,0,0,0,0,0,0,0,0,0,0,0,0,0,0,0,0,0,0
GF5_C2_COLON_190815,100,0,0,0,0,0,0,0,0,0,0,0,0,0,0,0,0,0,0,0,0,0,0,0,0,0,0,0,0,0,0,0,0,0,0,0,0,0,0,0,0,0,0,0,0,0,0,0,0,0,0,0,0,0,0,0
GF5_C2_D46,35.62776,0,53.5664,1.69315,0,0,0,0,3.60071,0,1.132,3.63109,0,0,0,0,0,0,0,0,0,0,0,0,0,0,0,0,0,0,0,0.74889,0,0,0,0,0,0,0,0,0,0,0,0,0,0,0,0,0,0,0,0,0,0,0,0
GF5_C3_COLON_190628,11.7255,0,10.24126,0,0,0,0,0,63.61191,0,14.42133,0,0,0,0,0,0,0,0,0,0,0,0,0,0,0,0,0,0,0,0,0,0,0,0,0,0,0,0,0,0,0,0,0,0,0,0,0,0,0,0,0,0,0,0,0
GF5_C3_COLON_190815,100,0,0,0,0,0,0,0,0,0,0,0,0,0,0,0,0,0,0,0,0,0,0,0,0,0,0,0,0,0,0,0,0,0,0,0,0,0,0,0,0,0,0,0,0,0,0,0,0,0,0,0,0,0,0,0
GF5_C3_D46,3.86471,0,59.71328,1.68984,0,0,0,0,0.01991,0,0,0,0,33.40862,0,0,0,0,0,0,0,0,0,0,0,0,0,0,0,0,0,1.30364,0,0,0,0,0,0,0,0,0,0,0,0,0,0,0,0,0,0,0,0,0,0,0,0
GF5_C4_COLON_190628,16.26269,0,15.64403,7.0066,0,0,0,0,37.59397,0,15.24011,0,0,8.25261,0,0,0,0,0,0,0,0,0,0,0,0,0,0,0,0,0,0,0,0,0,0,0,0,0,0,0,0,0,0,0,0,0,0,0,0,0,0,0,0,0,0
GF5_C4_D46,36.3625,0,0,15.64176,0,0,0,0,0,0,0,0,0,47.22711,0,0,0,0,0,0,0,0,0,0,0,0,0,0,0,0,0,0.76863,0,0,0,0,0,0,0,0,0,0,0,0,0,0,0,0,0,0,0,0,0,0,0,0
GF5_C4_D47,34.08029,0,0,6.12645,0,0,0,0,0,0,0,0,0,59.79326,0,0,0,0,0,0,0,0,0,0,0,0,0,0,0,0,0,0,0,0,0,0,0,0,0,0,0,0,0,0,0,0,0,0,0,0,0,0,0,0,0,0
GF5_C5_COLON_190628,0,0,23.54394,14.01906,0,0,0,0,43.45124,0,14.49469,0,0,4.49107,0,0,0,0,0,0,0,0,0,0,0,0,0,0,0,0,0,0,0,0,0,0,0,0,0,0,0,0,0,0,0,0,0,0,0,0,0,0,0,0,0,0
GF5_C5_D47,6.73689,0,0,1.37569,0,0,0,0,0,0,0,0,0,89.50904,0,0,0,0,0,0,0,0,0,0,0,0,0,0,0,0,0,2.37838,0,0,0,0,0,0,0,0,0,0,0,0,0,0,0,0,0,0,0,0,0,0,0,0
GF5_C6_D46,0.18516,0,87.83207,0.80604,0,0,0,0,0,0,0,0,0,9.52854,0,0,0,0,0,0,0,0,0,0,0,0,0,0,0,0,0,1.64819,0,0,0,0,0,0,0,0,0,0,0,0,0,0,0,0,0,0,0,0,0,0,0,0
GF5_COLON_A1,45.60873,0,54.39127,0,0,0,0,0,0,0,0,0,0,0,0,0,0,0,0,0,0,0,0,0,0,0,0,0,0,0,0,0,0,0,0,0,0,0,0,0,0,0,0,0,0,0,0,0,0,0,0,0,0,0,0,0
GF5_COLON_A2,26.24108,0,73.75892,0,0,0,0,0,0,0,0,0,0,0,0,0,0,0,0,0,0,0,0,0,0,0,0,0,0,0,0,0,0,0,0,0,0,0,0,0,0,0,0,0,0,0,0,0,0,0,0,0,0,0,0,0
GF6_A1_COLON_D54,18.71182,0,0,0.15083,0,0,0,0,67.79281,0,9.18688,0,0,0,0,0,0,4.15767,0,0,0,0,0,0,0,0,0,0,0,0,0,0,0,0,0,0,0,0,0,0,0,0,0,0,0,0,0,0,0,0,0,0,0,0,0,0
GF6_A1_COLON_D88,70.17089,0,3.71436,1.54785,0,0,0,0,14.74457,0,6.74076,0,0,3.08157,0,0,0,0,0,0,0,0,0,0,0,0,0,0,0,0,0,0,0,0,0,0,0,0,0,0,0,0,0,0,0,0,0,0,0,0,0,0,0,0,0,0
GF6_A1_D53,70.06003,0,4.93778,2.17776,0,0,0,0,15.32771,0,2.36339,0,0,3.77807,0,0,0,0,0,0,0,0,0,0,0,0,0,0,0,0,0,1.2494,0.10586,0,0,0,0,0,0,0,0,0,0,0,0,0,0,0,0,0,0,0,0,0,0,0
GF6_A1_D87,41.73272,0,0,58.26728,0,0,0,0,0,0,0,0,0,0,0,0,0,0,0,0,0,0,0,0,0,0,0,0,0,0,0,0,0,0,0,0,0,0,0,0,0,0,0,0,0,0,0,0,0,0,0,0,0,0,0,0
GF6_A2_COLON_D105,0,0,0.64164,0,0,0,0,0,46.57819,0,24.23879,6.70145,0,0,0,0,0,0,0,0,0,0,0,0,0,0,0,0,0,0,0,21.83993,0,0,0,0,0,0,0,0,0,0,0,0,0,0,0,0,0,0,0,0,0,0,0,0
GF6_A2_COLON_D54,10.74517,0,11.67287,0,0,0,0,0,42.1073,0,27.96057,0,0,7.30478,0,0,0,0,0,0,0,0,0,0,0,0,0,0,0,0,0,0.20931,0,0,0,0,0,0,0,0,0,0,0,0,0,0,0,0,0,0,0,0,0,0,0,0
GF6_A2_D51,84.11346,0,0,13.68719,0,0,0,0,0,0,0,0,0,2.19935,0,0,0,0,0,0,0,0,0,0,0,0,0,0,0,0,0,0,0,0,0,0,0,0,0,0,0,0,0,0,0,0,0,0,0,0,0,0,0,0,0,0
GF6_A2_D52,36.23731,0,63.76269,0,0,0,0,0,0,0,0,0,0,0,0,0,0,0,0,0,0,0,0,0,0,0,0,0,0,0,0,0,0,0,0,0,0,0,0,0,0,0,0,0,0,0,0,0,0,0,0,0,0,0,0,0
GF6_A2_D87,3.02525,0,9.42683,3.92079,0,0,0,0,10.96316,0,1.70905,0,0,58.35519,0,0,0,0,0,0,0,0,0,0,0,0,0,0,0,0,0,12.59974,0,0,0,0,0,0,0,0,0,0,0,0,0,0,0,0,0,0,0,0,0,0,0,0
GF6_A2_D93,0,0,23.66409,0.8139,0,0,0,0,60.74201,0,5.98389,5.07249,0,0,0,0,0,0,0,0,0,0,0,0,0,0,0,0,0,0,0,1.81383,1.9098,0,0,0,0,0,0,0,0,0,0,0,0,0,0,0,0,0,0,0,0,0,0,0
GF6_A3_COLON_D54,0,0,16.87236,0,0,0,0,0,74.4501,0,8.67753,0,0,0,0,0,0,0,0,0,0,0,0,0,0,0,0,0,0,0,0,0,0,0,0,0,0,0,0,0,0,0,0,0,0,0,0,0,0,0,0,0,0,0,0,0
GF6_A3_COLON_D88,76.11976,0,17.79787,0,0,0,0,0,1.115,0,4.47014,0.49722,0,0,0,0,0,0,0,0,0,0,0,0,0,0,0,0,0,0,0,0,0,0,0,0,0,0,0,0,0,0,0,0,0,0,0,0,0,0,0,0,0,0,0,0
GF6_A3_D51,80.31842,0,0,5.82206,0,0,0,0,0.14675,0,0,0,0,1.79691,0,0,0,0,0,0,0,0,0,0,0,0,0,0,0,0,0,11.91587,0,0,0,0,0,0,0,0,0,0,0,0,0,0,0,0,0,0,0,0,0,0,0,0
GF6_A3_D52,73.28844,0,0,14.92847,0,0,0,0,5.9022,0,3.91994,0,0,1.15375,0,0,0,0,0,0,0,0,0,0,0,0,0,0,0,0,0,0.80719,0,0,0,0,0,0,0,0,0,0,0,0,0,0,0,0,0,0,0,0,0,0,0,0
GF6_A3_D53,60.63709,0,2.22851,3.46347,0,0,0,0,23.49465,0,3.95213,0,0,1.60355,0,0,0,2.40551,0,0,0,0,0,0,0,0,0,0,0,0,0,2.21508,0,0,0,0,0,0,0,0,0,0,0,0,0,0,0,0,0,0,0,0,0,0,0,0
GF6_A3_D87,81.27246,0,18.72754,0,0,0,0,0,0,0,0,0,0,0,0,0,0,0,0,0,0,0,0,0,0,0,0,0,0,0,0,0,0,0,0,0,0,0,0,0,0,0,0,0,0,0,0,0,0,0,0,0,0,0,0,0
GF6_A4_COLON_D105,0,0,0.959,0,0,0,0,0,49.87827,0.89214,20.40097,5.65256,0,0,0,0,0,0,0,0,0,0,0,0,0,0,0,0,0,0,0,22.21706,0,0,0,0,0,0,0,0,0,0,0,0,0,0,0,0,0,0,0,0,0,0,0,0
GF6_A4_COLON_D54,0,0,44.39342,0,0,0,0,0,42.10729,0,12.85086,0,0,0,0,0,0,0.64843,0,0,0,0,0,0,0,0,0,0,0,0,0,0,0,0,0,0,0,0,0,0,0,0,0,0,0,0,0,0,0,0,0,0,0,0,0,0
GF6_A4_D51,70.21353,0,0,28.73958,0,0,0,0,0,0,0,0,0,1.04689,0,0,0,0,0,0,0,0,0,0,0,0,0,0,0,0,0,0,0,0,0,0,0,0,0,0,0,0,0,0,0,0,0,0,0,0,0,0,0,0,0,0
GF6_A4_D53,30.03217,0,45.39721,7.85671,0,0,0,0,11.52506,0,2.52405,0,0,0,0,0,0,0.16322,0,0,0,0,0,0,0,0,0,0,0,0,0,2.50157,0,0,0,0,0,0,0,0,0,0,0,0,0,0,0,0,0,0,0,0,0,0,0,0
GF6_A4_D93,1.27716,0,13.91464,1.26584,0,0,0,0,76.1031,0,3.52428,0,0,0.24165,0,0,0,0,0,0,0,0,0,0,0,0,0,0,0,0,0,1.94222,1.73111,0,0,0,0,0,0,0,0,0,0,0,0,0,0,0,0,0,0,0,0,0,0,0
GF6_A5_COLON_D105,0,0,1.05462,0,0,0,0,0,40.71845,0,17.1272,12.85455,0,0.48768,0,0,0,0,0,0,0,0,0,0,0,0,0,0,0,0,0,27.7575,0,0,0,0,0,0,0,0,0,0,0,0,0,0,0,0,0,0,0,0,0,0,0,0
GF6_A5_D51,70.99427,0,0,16.97531,0,0,0,0,0,0,0,0,0,12.03042,0,0,0,0,0,0,0,0,0,0,0,0,0,0,0,0,0,0,0,0,0,0,0,0,0,0,0,0,0,0,0,0,0,0,0,0,0,0,0,0,0,0
GF6_A5_D87,87.04283,0,0,0,0,0,0,0,0,0,0,0,0,6.47721,0,0,0,0,0,0,0,0,0,0,0,0,0,0,0,0,0,0,0,0,0,0,0,0,0,0,0,0,0,0,0,0,0,0,6.47996,0,0,0,0,0,0,0
GF6_A5_D90,33.76617,0,2.21976,4.94552,0,0,0,0,9.78289,0,5.04094,0,0,11.58805,0,0,0,0,0,0,0,0,0,0,0,0,0,0,0,0,0,32.65667,0,0,0,0,0,0,0,0,0,0,0,0,0,0,0,0,0,0,0,0,0,0,0,0
GF6_A5_D91,23.09676,0,4.87252,11.98946,0,0,0,0,28.60036,0,7.60575,0,0,16.24041,0,0,0.07662,0,0,0,0,0,0,0,0,0,0,0,0,0,0,7.51813,0,0,0,0,0,0,0,0,0,0,0,0,0,0,0,0,0,0,0,0,0,0,0,0
GF6_A6_COLON_D105,0,0,1.74764,0.08344,0,0,0,0,64.44653,0,12.60894,7.73277,0,0,0,0,0,0,0,0,0,0,0,0,0,0,0,0,0,0,0,13.38067,0,0,0,0,0,0,0,0,0,0,0,0,0,0,0,0,0,0,0,0,0,0,0,0
GF6_A6_COLON_D54,6.60068,0,5.04672,0.1082,0,0,0,0,73.93997,0,9.5619,0,0,4.32015,0,0,0,0,0,0,0,0,0,0,0,0,0,0,0,0,0,0.42237,0,0,0,0,0,0,0,0,0,0,0,0,0,0,0,0,0,0,0,0,0,0,0,0
GF6_A6_D53,42.54718,0,2.17907,12.12825,0,0,0,0,5.23521,0,6.82904,0,0,29.44384,0,0,0,0,0,0,0,0,0,0,0,0,0,0,0,0,0,0.91311,0.72429,0,0,0,0,0,0,0,0,0,0,0,0,0,0,0,0,0,0,0,0,0,0,0
GF6_A6_D87,84.1257,0,9.36501,6.50929,0,0,0,0,0,0,0,0,0,0,0,0,0,0,0,0,0,0,0,0,0,0,0,0,0,0,0,0,0,0,0,0,0,0,0,0,0,0,0,0,0,0,0,0,0,0,0,0,0,0,0,0
GF6_A6_D88,89.91839,0,0,10.08161,0,0,0,0,0,0,0,0,0,0,0,0,0,0,0,0,0,0,0,0,0,0,0,0,0,0,0,0,0,0,0,0,0,0,0,0,0,0,0,0,0,0,0,0,0,0,0,0,0,0,0,0
GF6_A6_D91,3.94974,0,11.67438,13.9797,0,0,0,0,46.125,0,12.5622,0,0,8.43922,0,0,0.01969,0,0,0,0,0,0,0,0,0,0,0,0,0,0,1.27025,1.97984,0,0,0,0,0,0,0,0,0,0,0,0,0,0,0,0,0,0,0,0,0,0,0
GF6_A7_D87,66.25198,0,33.74802,0,0,0,0,0,0,0,0,0,0,0,0,0,0,0,0,0,0,0,0,0,0,0,0,0,0,0,0,0,0,0,0,0,0,0,0,0,0,0,0,0,0,0,0,0,0,0,0,0,0,0,0,0
GF6_A8_COLON_D105,0,0,1.19521,0.90874,0,0,0,0,56.61136,0,23.57621,0.96988,0,0,0,0,0,0,0,0,0,0,0,0,0,0,0,0,0,0,0,16.7386,0,0,0,0,0,0,0,0,0,0,0,0,0,0,0,0,0,0,0,0,0,0,0,0
GF6_A8_COLON_D54,0,0,6.84698,0,0,0,0,0,71.26331,0,21.88971,0,0,0,0,0,0,0,0,0,0,0,0,0,0,0,0,0,0,0,0,0,0,0,0,0,0,0,0,0,0,0,0,0,0,0,0,0,0,0,0,0,0,0,0,0
GF6_A8_D51,12.40735,0,79.89322,5.99787,0,0,0,0,0,0,0,0,0,0,0,0,0,0,0,0,0,0,0,0,0,0,0,0,0,0,0,1.70156,0,0,0,0,0,0,0,0,0,0,0,0,0,0,0,0,0,0,0,0,0,0,0,0
GF6_A8_D52,21.81012,0,70.54093,7.64895,0,0,0,0,0,0,0,0,0,0,0,0,0,0,0,0,0,0,0,0,0,0,0,0,0,0,0,0,0,0,0,0,0,0,0,0,0,0,0,0,0,0,0,0,0,0,0,0,0,0,0,0
GF6_A8_D53,23.51399,0,6.73363,5.11683,0,0,0,0,39.3345,0,14.35868,0,0,0,0,0,0,0,0,0,0,0,0,0,0,0,0,0,0,0,0,3.66071,7.28166,0,0,0,0,0,0,0,0,0,0,0,0,0,0,0,0,0,0,0,0,0,0,0
GF6_A8_D89,8.73933,0,14.13335,3.93474,0,0,0,0,45.06022,0,6.77909,0,0,16.1572,0,0,0,0,0,0,0,0,0,0,0,0,0,0,0,0,0,0.51218,4.6839,0,0,0,0,0,0,0,0,0,0,0,0,0,0,0,0,0,0,0,0,0,0,0
GF6_A8_D91,0.51776,0,7.75896,0,0,0,0,0,58.71365,0,15.90579,2.64095,0,0.32497,0,0,0,0,0,0,0,0,0,0,0,0,0,0,0,0,0,13.16728,0.97064,0,0,0,0,0,0,0,0,0,0,0,0,0,0,0,0,0,0,0,0,0,0,0
GF6_A8_D93,6.79305,0,10.60411,0.84992,0,0,0,0,61.98682,0,2.92771,11.8122,0,0.74636,0,0,0,0,0,0,0,0,0,0,0,0,0,0,0,0,0,2.82614,1.45369,0,0,0,0,0,0,0,0,0,0,0,0,0,0,0,0,0,0,0,0,0,0,0
GF6_ADAM_D0,10.15768,0,21.00478,0,0,0,0,0,8.47252,55.28347,3.23819,0,0,0,0,0,0,0,0,0,0,0,0,0,0,0,0,0,0,0,0,0,0,0,0,0,0,0,0,0,0,0,0,0,0,0,0,0,1.84337,0,0,0,0,0,0,0
GF6_ASIRE_D57,0.06065,0,1.33885,2.19677,0,0,0,0,16.79689,0,5.24269,4.83316,0,2.45985,0,0,7.12791,3.77904,0,0,0,0,0,0,0,0,0,0,0,0,1.76081,53.3466,0.43767,0.1921,0.42701,0,0,0,0,0,0,0,0,0,0,0,0,0,0,0,0,0,0,0,0,0
GF6_B_DAM_D22,0.04826,0,0.7613,4.0977,0,0,0,0,32.91973,0,2.96937,0,0,3.60035,0,0,0,0,0,0,0,0,0,0,0,0,0,0,0,0,0,55.45101,0.09859,0,0.05371,0,0,0,0,0,0,0,0,0,0,0,0,0,0,0,0,0,0,0,0,0
GF6_B1_D63,48.04798,0,0,1.37318,0,0,0,0,0,0,0,0,0,48.72716,0,0,0,0,0,0,0,0,0,0,0,0,0,0,0,0,0,1.85168,0,0,0,0,0,0,0,0,0,0,0,0,0,0,0,0,0,0,0,0,0,0,0,0
GF6_B1_D64,7.48369,0,0,1.95817,0,0,0,0,0.62809,0,0.13374,0,0,87.83457,0,0,0,0.04584,0,0,0,0,0,0,0,0,0,0,0,0,0,1.91589,0,0,0,0,0,0,0,0,0,0,0,0,0,0,0,0,0,0,0,0,0,0,0,0
GF6_B1_D66,0,0,0,0,0,0,0,0,92.42772,0,7.57228,0,0,0,0,0,0,0,0,0,0,0,0,0,0,0,0,0,0,0,0,0,0,0,0,0,0,0,0,0,0,0,0,0,0,0,0,0,0,0,0,0,0,0,0,0
GF6_B1_D87,10.65328,0,89.34672,0,0,0,0,0,0,0,0,0,0,0,0,0,0,0,0,0,0,0,0,0,0,0,0,0,0,0,0,0,0,0,0,0,0,0,0,0,0,0,0,0,0,0,0,0,0,0,0,0,0,0,0,0
GF6_B1_D89,5.22419,0,0.44559,14.01609,0,0,0,0,18.39759,0,3.14346,0,0,0.54602,0,0,0,0,0,0,0,0,0,0,0,0,0,0,0,0,0,58.22707,0,0,0,0,0,0,0,0,0,0,0,0,0,0,0,0,0,0,0,0,0,0,0,0
GF6_B1_D91,4.87932,0,0.74017,17.47679,0,0,0,0,43.81288,0,10.14145,0,0,0.74769,0,0,0,0,0,0,0,0,0,0,0,0,0,0,0,0,0,22.20171,0,0,0,0,0,0,0,0,0,0,0,0,0,0,0,0,0,0,0,0,0,0,0,0
GF6_B1_D93,0.18163,0,44.82869,5.77667,0,0,0,0,27.84558,0,8.19319,0,0,7.88743,0,0,0,0,0,0,0,0,0,0,0,0,0,0,0,0,0,2.17353,3.11328,0,0,0,0,0,0,0,0,0,0,0,0,0,0,0,0,0,0,0,0,0,0,0
GF6_B10_D63,1.54511,0,0,1.18549,0,0,0,0,0,0,0,0,0,96.99522,0,0,0,0,0,0,0,0,0,0,0,0,0,0,0,0,0,0.27419,0,0,0,0,0,0,0,0,0,0,0,0,0,0,0,0,0,0,0,0,0,0,0,0
GF6_B10_D64,0,0,0,4.50205,0,0,0,0,2.18546,0,0.39942,0,0,91.96378,0,0,0,0.07735,0,0,0,0,0,0,0,0,0,0,0,0,0,0.87194,0,0,0,0,0,0,0,0,0,0,0,0,0,0,0,0,0,0,0,0,0,0,0,0
GF6_B2_COLON_D105,0,0,1.945,1.06454,0,0,0,0,47.38636,0,26.55432,0.09916,0,0.76864,0,0,0,0,0,0,0,0,0,0,0,0,0,0,0,0,0,22.18197,0,0,0,0,0,0,0,0,0,0,0,0,0,0,0,0,0,0,0,0,0,0,0,0
GF6_B2_D63,3.77301,0,0,39.53474,0,0,0,0,3.25704,0,0.77639,0,0,51.80214,0,0,0,0,0,0,0,0,0,0,0,0,0,0,0,0,0,0.72208,0,0,0,0,0,0,0,0,0,0,0,0,0,0,0,0,0.13461,0,0,0,0,0,0,0
GF6_B2_D66,1.21514,0,12.94015,1.86624,0,0,0,0,15.18677,0,4.54567,0,0,64.24603,0,0,0,0,0,0,0,0,0,0,0,0,0,0,0,0,0,0,0,0,0,0,0,0,0,0,0,0,0,0,0,0,0,0,0,0,0,0,0,0,0,0
GF6_B2_D87,0,0,15.79214,10.63204,0,0,0,0,5.56155,0,0.36951,0,0,67.64475,0,0,0,0,0,0,0,0,0,0,0,0,0,0,0,0,0,0,0,0,0,0,0,0,0,0,0,0,0,0,0,0,0,0,0,0,0,0,0,0,0,0
GF6_B2_D89,0,0,0,30.81229,0,0,0,0,0,0,0,0,0,0,0,0,0,0,0,0,0,0,0,0,0,0,0,0,0,0,0,69.18771,0,0,0,0,0,0,0,0,0,0,0,0,0,0,0,0,0,0,0,0,0,0,0,0
GF6_B3_COLON_D105,1.00127,0,0.47144,0.82679,0,0,0,0,47.91118,0,24.42422,0,0,0.46613,0,0,0,0,0,0,0,0,0,0,0,0,0,0,0,0,0,24.89896,0,0,0,0,0,0,0,0,0,0,0,0,0,0,0,0,0,0,0,0,0,0,0,0
GF6_B3_D63,0,0,0,3.86507,0,0,0,0,0,0,0,0,0,94.90952,0,0,0,0,0,0,0,0,0,0,0,0,0,0,0,0,0,1.22541,0,0,0,0,0,0,0,0,0,0,0,0,0,0,0,0,0,0,0,0,0,0,0,0
GF6_B3_D66,0.55677,0,1.15696,3.53474,0,0,0,0,67.14268,0,11.0673,0,0,14.616,0,0,0,1.62569,0,0,0,0,0,0,0,0,0,0,0,0,0,0.29986,0,0,0,0,0,0,0,0,0,0,0,0,0,0,0,0,0,0,0,0,0,0,0,0
GF6_B3_D87,1.01932,0,3.28211,11.55034,0,0,0,0,14.87298,0,0.74529,0,0,66.44062,0,0,0,0.55326,0,0,0,0,0,0,0,0,0,0,0,0,0,1.53608,0,0,0,0,0,0,0,0,0,0,0,0,0,0,0,0,0,0,0,0,0,0,0,0
GF6_B3_D89,0,0,0,0,0,0,0,0,0,0,0,0,0,100,0,0,0,0,0,0,0,0,0,0,0,0,0,0,0,0,0,0,0,0,0,0,0,0,0,0,0,0,0,0,0,0,0,0,0,0,0,0,0,0,0,0
GF6_B3_D91,0,0,0,11.82573,0,0,0,0,69.08817,0,6.54431,0,0,0,0,0,0,0,0,0,0,0,0,0,0,0,0,0,0,0,0,12.54179,0,0,0,0,0,0,0,0,0,0,0,0,0,0,0,0,0,0,0,0,0,0,0,0
GF6_B3_D93,0.30883,0,1.75097,2.73232,0,0,0,0,42.63441,0,1.9412,0,0,2.21432,0,0,0,0,0,0,0,0,0,0,0,0,0,0,0,0,0,48.41796,0,0,0,0,0,0,0,0,0,0,0,0,0,0,0,0,0,0,0,0,0,0,0,0
GF6_B4_COLON_D105,0,0,2.54208,0.88337,0,0,0,0,42.49702,0,24.36324,0.98963,0,0,0,0,0,0,0,0,0,0,0,0,0,0,0,0,0,0,0,28.72467,0,0,0,0,0,0,0,0,0,0,0,0,0,0,0,0,0,0,0,0,0,0,0,0
GF6_B4_D64,0.25334,0,0,3.892,0,0,0,0,1.90399,0,0.3647,0,0,91.43861,0,0,0,0,0,0,0,0,0,0,0,0,0,0,0,0,0,2.14736,0,0,0,0,0,0,0,0,0,0,0,0,0,0,0,0,0,0,0,0,0,0,0,0
GF6_B4_D66,0,0,0,0,0,0,0,0,100,0,0,0,0,0,0,0,0,0,0,0,0,0,0,0,0,0,0,0,0,0,0,0,0,0,0,0,0,0,0,0,0,0,0,0,0,0,0,0,0,0,0,0,0,0,0,0
GF6_B4_D87,0.29962,0,4.98294,12.38831,0,0,0,0,11.63394,0,1.06973,0,0,67.90207,0,0,0,0.18406,0,0,0,0,0,0,0,0,0,0,0,0,0,1.53934,0,0,0,0,0,0,0,0,0,0,0,0,0,0,0,0,0,0,0,0,0,0,0,0
GF6_B4_D89,0,0,0,59.1325,0,0,0,0,0,0,0,0,0,0,0,0,0,0,0,0,0,0,0,0,0,0,0,0,0,0,0,40.8675,0,0,0,0,0,0,0,0,0,0,0,0,0,0,0,0,0,0,0,0,0,0,0,0
GF6_B4_D93,2.81295,0,6.561,1.42168,0,0,0,0,56.20303,0,3.67403,0,0,0.99491,0,0,0,0,0,0,0,0,0,0,0,0,0,0,0,0,0,28.33239,0,0,0,0,0,0,0,0,0,0,0,0,0,0,0,0,0,0,0,0,0,0,0,0
GF6_B5_COLON_D105,0,0,2.44121,1.06112,0,0,0,0,46.7356,0,23.59597,0,0,0.45811,0,0,0,0,0,0,0,0,0,0,0,0,0,0,0,0,0,25.708,0,0,0,0,0,0,0,0,0,0,0,0,0,0,0,0,0,0,0,0,0,0,0,0
GF6_B5_D66,0,0,0,0,0,0,0,0,77.26396,0,22.73604,0,0,0,0,0,0,0,0,0,0,0,0,0,0,0,0,0,0,0,0,0,0,0,0,0,0,0,0,0,0,0,0,0,0,0,0,0,0,0,0,0,0,0,0,0
GF6_B5_D90,0,0,0,34.8996,0,0,0,0,0,0,0,0,0,0,0,0,0,0,0,0,0,0,0,0,0,0,0,0,0,0,0,56.18828,0,0,0,0,0,0,0,0,0,0,0,0,0,0,0,0,8.91212,0,0,0,0,0,0,0
GF6_B5_D91,0,0,0,32.1902,0,0,0,0,0,0,0,0,0,0,0,0,0,0,0,0,0,0,0,0,0,0,0,0,0,0,0,67.8098,0,0,0,0,0,0,0,0,0,0,0,0,0,0,0,0,0,0,0,0,0,0,0,0
GF6_B6_COLON_D105,0.45401,0,1.22046,0.91414,0,0,0,0,44.72691,0,25.61531,0,0,1.33489,0,0,0,0,0,0,0,0,0,0,0,0,0,0,0,0,0,25.53486,0.19942,0,0,0,0,0,0,0,0,0,0,0,0,0,0,0,0,0,0,0,0,0,0,0
GF6_B6_D63,0.26542,0,0,7.34992,0,0,0,0,0,0,0,0,0,91.32653,0,0,0,0,0,0,0,0,0,0,0,0,0,0,0,0,0,1.05813,0,0,0,0,0,0,0,0,0,0,0,0,0,0,0,0,0,0,0,0,0,0,0,0
GF6_B6_D64,0.24214,0,0,6.04352,0,0,0,0,1.45719,0,0.52301,0,0,90.23464,0,0,0,0.13206,0,0,0,0,0,0,0,0,0,0,0,0,0,1.33957,0,0,0,0,0,0,0,0,0,0,0,0,0,0,0,0,0.02788,0,0,0,0,0,0,0
GF6_B6_D66,2.58673,0,2.18787,0.63889,0,0,0,0,76.51673,0,13.45714,0,0,4.61263,0,0,0,0,0,0,0,0,0,0,0,0,0,0,0,0,0,0,0,0,0,0,0,0,0,0,0,0,0,0,0,0,0,0,0,0,0,0,0,0,0,0
GF6_B6_D87,49.56117,0,44.05087,0,0,0,0,0,0,0,0,0,0,6.38795,0,0,0,0,0,0,0,0,0,0,0,0,0,0,0,0,0,0,0,0,0,0,0,0,0,0,0,0,0,0,0,0,0,0,0,0,0,0,0,0,0,0
GF6_B6_D90,0,0,0,44.07589,0,0,0,0,0,0,0,0,0,0,0,0,0,0,0,0,0,0,0,0,0,0,0,0,0,0,0,55.92411,0,0,0,0,0,0,0,0,0,0,0,0,0,0,0,0,0,0,0,0,0,0,0,0
GF6_B6_D91,0,0,0,82.13645,0,0,0,0,0,0,0,0,0,0,0,0,0,0,0,0,0,0,0,0,0,0,0,0,0,0,0,17.86355,0,0,0,0,0,0,0,0,0,0,0,0,0,0,0,0,0,0,0,0,0,0,0,0
GF6_B6_D93,2.53954,0,35.77491,21.44608,0,0,0,0,25.32,0,13.9017,0,0,0,0,0,0,0,0,0,0,0,0,0,0,0,0,0,0,0,0,1.01776,0,0,0,0,0,0,0,0,0,0,0,0,0,0,0,0,0,0,0,0,0,0,0,0
GF6_B7_COLON_D105,0.93942,0,0,0.29836,0,0,0,0,62.08368,0,22.4218,0,0,1.8521,0,0,0,0,0,0,0,0,0,0,0,0,0,0,0,0,0,12.40464,0,0,0,0,0,0,0,0,0,0,0,0,0,0,0,0,0,0,0,0,0,0,0,0
GF6_B7_D63,0,0,0.20322,16.88059,0,0,0,0,0,0,0,0,0,81.57951,0,0,0,0,0,0,0,0,0,0,0,0,0,0,0,0,0,1.33669,0,0,0,0,0,0,0,0,0,0,0,0,0,0,0,0,0,0,0,0,0,0,0,0
GF6_B7_D66,0,0,0,1.63209,0,0,0,0,72.23201,0,3.67364,0,0,22.46226,0,0,0,0,0,0,0,0,0,0,0,0,0,0,0,0,0,0,0,0,0,0,0,0,0,0,0,0,0,0,0,0,0,0,0,0,0,0,0,0,0,0
GF6_B7_D87,76.76282,0,22.19807,1.03911,0,0,0,0,0,0,0,0,0,0,0,0,0,0,0,0,0,0,0,0,0,0,0,0,0,0,0,0,0,0,0,0,0,0,0,0,0,0,0,0,0,0,0,0,0,0,0,0,0,0,0,0
GF6_B7_D90,0,0,0,36.89766,0,0,0,0,0,0,0,0,0,0,0,0,0,0.38536,0,0,0,0,0,0,0,0,0,0,0,0,0,62.42619,0,0,0,0,0,0,0,0,0,0,0,0,0,0,0,0,0.2908,0,0,0,0,0,0,0
GF6_B7_D91,0,0,0,0,0,0,0,0,0,0,0,0,0,0,0,0,0,0,0,0,0,0,0,0,0,0,0,0,0,0,0,100,0,0,0,0,0,0,0,0,0,0,0,0,0,0,0,0,0,0,0,0,0,0,0,0
GF6_B7_D93,0,0,18.13017,3.30396,0,0,0,0,70.87102,0,7.69485,0,0,0,0,0,0,0,0,0,0,0,0,0,0,0,0,0,0,0,0,0,0,0,0,0,0,0,0,0,0,0,0,0,0,0,0,0,0,0,0,0,0,0,0,0
GF6_B8_COLON_D105,3.8885,0,0.28801,1.55647,0,0,0,0,61.13897,6.08026,12.19837,1.51131,0.09483,1.22881,0.42978,0,0.36394,0,0,0,0,0,0,0,0,0,0,0,0,0,0,11.22074,0,0,0,0,0,0,0,0,0,0,0,0,0,0,0,0,0,0,0,0,0,0,0,0
GF6_B8_D63,0.24857,0,63.63809,3.79838,0,0,0,0,0.27722,0,0,0,0,30.70909,0,0,0,0,0,0,0,0,0,0,0,0,0,0,0,0,0,1.32866,0,0,0,0,0,0,0,0,0,0,0,0,0,0,0,0,0,0,0,0,0,0,0,0
GF6_B8_D66,8.17208,0,2.12899,6.72359,0,0,0,0,63.30618,0,14.95485,0,0,4.28368,0,0,0,0,0,0,0,0,0,0,0,0,0,0,0,0,0,0,0.43062,0,0,0,0,0,0,0,0,0,0,0,0,0,0,0,0,0,0,0,0,0,0,0
GF6_B8_D91,11.46753,0,0,31.81388,0,0,0,0,43.83914,0,12.23483,0,0,0,0,0,0,0,0,0,0,0,0,0,0,0,0,0,0,0,0,0.64463,0,0,0,0,0,0,0,0,0,0,0,0,0,0,0,0,0,0,0,0,0,0,0,0
GF6_B9_D66,2.95851,0,4.52307,0,0,0,0,0,66.27248,0,26.12831,0,0,0,0,0,0,0,0,0,0,0,0,0,0,0,0,0,0,0,0,0,0.11763,0,0,0,0,0,0,0,0,0,0,0,0,0,0,0,0,0,0,0,0,0,0,0
GF6_GFPBS1_COLON,0,0,0,0,0,0,0,0,0,0,100,0,0,0,0,0,0,0,0,0,0,0,0,0,0,0,0,0,0,0,0,0,0,0,0,0,0,0,0,0,0,0,0,0,0,0,0,0,0,0,0,0,0,0,0,0
GF6_GFPBS2_COLON,0,0,0,0,0,0,0,0,0,0,100,0,0,0,0,0,0,0,0,0,0,0,0,0,0,0,0,0,0,0,0,0,0,0,0,0,0,0,0,0,0,0,0,0,0,0,0,0,0,0,0,0,0,0,0,0
GF6_GFPBS3_COLON,0,0,0,0,0,0,0,0,0,0,100,0,0,0,0,0,0,0,0,0,0,0,0,0,0,0,0,0,0,0,0,0,0,0,0,0,0,0,0,0,0,0,0,0,0,0,0,0,0,0,0,0,0,0,0,0
GF6_INOC,0.43965,0,2.61253,4.35527,0,0,0,0,27.68836,0,2.08204,4.96919,0,4.58874,0,0,3.13947,1.94812,0,0,0,0,0,0,0,0,0,0,0,0,1.40675,45.74954,0.49547,0.29188,0.23299,0,0,0,0,0,0,0,0,0,0,0,0,0,0,0,0,0,0,0,0,0
GF6_WATER_H11,0,0,2.87006,5.65997,0,0,0,0,7.34031,0,0.08532,0,0,6.34458,0,0,0,0,0,0,0,0,0,0,0,0,0,0,0,0,0,77.69976,0,0,0,0,0,0,0,0,0,0,0,0,0,0,0,0,0,0,0,0,0,0,0,0
GF7_A1_COLON_D47,6.8327,0,2.48214,0.64879,0,0,0,0,47.69723,19.60945,8.67163,0,0,0,2.42183,0,0,0.58068,0,6.64368,1.68468,1.57537,0.12939,1.02241,0,0,0,0,0,0,0,0,0,0,0,0,0,0,0,0,0,0,0,0,0,0,0,0,0,0,0,0,0,0,0,0
GF7_A3_COLON_D47,6.46628,0,15.21626,2.08882,0,0,0,0,31.50146,32.19554,12.33405,0,0,0.19759,0,0,0,0,0,0,0,0,0,0,0,0,0,0,0,0,0,0,0,0,0,0,0,0,0,0,0,0,0,0,0,0,0,0,0,0,0,0,0,0,0,0
GF7_A4_COLON_D47,2.45912,0,4.34822,1.37121,0,0,0,0,41.1775,27.15261,13.60378,0,0,0,5.84364,0,0,4.04392,0,0,0,0,0,0,0,0,0,0,0,0,0,0,0,0,0,0,0,0,0,0,0,0,0,0,0,0,0,0,0,0,0,0,0,0,0,0
GF7_A5_COLON_D47,0,0,3.87467,0,0,0,0,0,53.06524,19.35101,22.0139,0,0,0,1.09684,0,0,0.59834,0,0,0,0,0,0,0,0,0,0,0,0,0,0,0,0,0,0,0,0,0,0,0,0,0,0,0,0,0,0,0,0,0,0,0,0,0,0
GF7_A6_COLON_D47,2.01591,0,3.86483,1.31192,0,0,0,0,54.14515,17.84674,16.79217,0,0,1.15862,0.78643,0,0,2.07822,0,0,0,0,0,0,0,0,0,0,0,0,0,0,0,0,0,0,0,0,0,0,0,0,0,0,0,0,0,0,0,0,0,0,0,0,0,0
GF7_A7_COLON_D47,9.19726,0,7.86499,0,0,0,0,0,27.34183,42.93163,12.66429,0,0,0,0,0,0,0,0,0,0,0,0,0,0,0,0,0,0,0,0,0,0,0,0,0,0,0,0,0,0,0,0,0,0,0,0,0,0,0,0,0,0,0,0,0
GF7_ADAM_D0,0,0,0,0,0,0,0,0,0,0,0,0,0,0,0,0,0,0,0,0,0,0,0,0,0,0,0,0,0,0,0,0,0,0,0,0,0,0,0,0,0,0,0,0,0,0,0,0,100,0,0,0,0,0,0,0
GF7_ADAM_D5,2.286,0,0.60373,1.32836,0,0,0,0,26.10646,0,8.79305,16.09577,0,2.86697,0,0,0,0.66697,0,0,0,0,0,0,0,0,0,0,0,0,0,41.07933,0.07254,0.04666,0.05416,0,0,0,0,0,0,0,0,0,0,0,0,0,0,0,0,0,0,0,0,0
GF7_ADAM_D78,0,0,1.84524,1.53942,0,0,0,0,26.84908,0,3.13781,8.50978,0,3.87442,0,0,4.30023,2.69859,0,0,0,0,0,0,0,0,0,0,0,0,0.45684,45.95058,0.72473,0,0.1133,0,0,0,0,0,0,0,0,0,0,0,0,0,0,0,0,0,0,0,0,0
GF7_ASIRE_D36,16.49631,0,0.84201,3.06225,0,0,0,0,40.76869,16.77449,6.40222,6.75266,2.08675,0.75851,3.20064,0.42571,1.80472,0.62504,0,0,0,0,0,0,0,0,0,0,0,0,0,0,0,0,0,0,0,0,0,0,0,0,0,0,0,0,0,0,0,0,0,0,0,0,0,0
GF7_B1_COLON_D47,10.03,0,0,2.53792,0,0,0,0,63.45403,9.76863,0.74379,6.10125,0.77226,1.50697,1.96584,1.40286,1.24397,0.47249,0,0,0,0,0,0,0,0,0,0,0,0,0,0,0,0,0,0,0,0,0,0,0,0,0,0,0,0,0,0,0,0,0,0,0,0,0,0
GF7_B1_D30,91.9709,0,0.83743,3.38503,0,0,0,0,2.75989,0.05326,0.99348,0,0,0,0,0,0,0,0,0,0,0,0,0,0,0,0,0,0,0,0,0,0,0,0,0,0,0,0,0,0,0,0,0,0,0,0,0,0,0,0,0,0,0,0,0
GF7_B1_D31,62.24258,0,11.11536,1.90577,0,0,0,0,5.97637,12.70193,1.97688,0,0.10696,0,0,0,0,3.97414,0,0,0,0,0,0,0,0,0,0,0,0,0,0,0,0,0,0,0,0,0,0,0,0,0,0,0,0,0,0,0,0,0,0,0,0,0,0
GF7_B1_D32,21.08154,0,5.56709,1.51046,0,0,0,0,29.6834,28.79431,13.3632,0,0,0,0,0,0,0,0,0,0,0,0,0,0,0,0,0,0,0,0,0,0,0,0,0,0,0,0,0,0,0,0,0,0,0,0,0,0,0,0,0,0,0,0,0
GF7_B1_D33,9.85449,0,14.2777,0.79999,0,0,0,0,27.33132,38.38454,9.35196,0,0,0,0,0,0,0,0,0,0,0,0,0,0,0,0,0,0,0,0,0,0,0,0,0,0,0,0,0,0,0,0,0,0,0,0,0,0,0,0,0,0,0,0,0
GF7_B1_D36,1.57824,0,22.45982,1.74851,0,0,0,0,40.96728,25.96442,7.00699,0,0.27475,0,0,0,0,0,0,0,0,0,0,0,0,0,0,0,0,0,0,0,0,0,0,0,0,0,0,0,0,0,0,0,0,0,0,0,0,0,0,0,0,0,0,0
GF7_B2_COLON_D47,9.38133,0,0.40408,3.17198,0,0,0,0,54.12543,9.8953,5.01041,7.50143,0.83767,0.88784,4.09848,2.69045,1.86219,0.13341,0,0,0,0,0,0,0,0,0,0,0,0,0,0,0,0,0,0,0,0,0,0,0,0,0,0,0,0,0,0,0,0,0,0,0,0,0,0
GF7_B2_D30,97.95659,0,0,0.82848,0,0,0,0,0.43847,0.04643,0.73003,0,0,0,0,0,0,0,0,0,0,0,0,0,0,0,0,0,0,0,0,0,0,0,0,0,0,0,0,0,0,0,0,0,0,0,0,0,0,0,0,0,0,0,0,0
GF7_B2_D34,9.24332,0,20.8735,1.2373,0,0,0,0,27.4102,35.6011,5.63457,0,0,0,0,0,0,0,0,0,0,0,0,0,0,0,0,0,0,0,0,0,0,0,0,0,0,0,0,0,0,0,0,0,0,0,0,0,0,0,0,0,0,0,0,0
GF7_B2_D36,1.46937,0,35.27055,0.86662,0,0,0,0,32.89637,20.98222,8.51487,0,0,0,0,0,0,0,0,0,0,0,0,0,0,0,0,0,0,0,0,0,0,0,0,0,0,0,0,0,0,0,0,0,0,0,0,0,0,0,0,0,0,0,0,0
GF7_B3_D30,97.88692,0,0,1.04946,0,0,0,0,0.49072,0,0.5729,0,0,0,0,0,0,0,0,0,0,0,0,0,0,0,0,0,0,0,0,0,0,0,0,0,0,0,0,0,0,0,0,0,0,0,0,0,0,0,0,0,0,0,0,0
GF7_B3_D31,76.59935,0,0.3041,2.96331,0,0,0,0,17.27881,0.63242,2.22202,0,0,0,0,0,0,0,0,0,0,0,0,0,0,0,0,0,0,0,0,0,0,0,0,0,0,0,0,0,0,0,0,0,0,0,0,0,0,0,0,0,0,0,0,0
GF7_B3_D33,20.97924,0,3.86452,4.7071,0,0,0,0,30.10295,28.67273,11.67345,0,0,0,0,0,0,0,0,0,0,0,0,0,0,0,0,0,0,0,0,0,0,0,0,0,0,0,0,0,0,0,0,0,0,0,0,0,0,0,0,0,0,0,0,0
GF7_B3_D36,0.43636,0,30.75035,4.15868,0,0,0,0,23.09372,32.03328,7.44845,0,0.0916,1.98755,0,0,0,0,0,0,0,0,0,0,0,0,0,0,0,0,0,0,0,0,0,0,0,0,0,0,0,0,0,0,0,0,0,0,0,0,0,0,0,0,0,0
GF7_B4_COLON_D47,32.96152,0,0,3.11124,0,0,0,0,26.08081,19.11383,6.63614,6.1236,0.13073,3.46479,2.34542,0.03193,0,0,0,0,0,0,0,0,0,0,0,0,0,0,0,0,0,0,0,0,0,0,0,0,0,0,0,0,0,0,0,0,0,0,0,0,0,0,0,0
GF7_B4_D35,11.41893,0,1.24821,0.07011,0,0,0,0,20.35296,58.38157,8.52822,0,0,0,0,0,0,0,0,0,0,0,0,0,0,0,0,0,0,0,0,0,0,0,0,0,0,0,0,0,0,0,0,0,0,0,0,0,0,0,0,0,0,0,0,0
GF7_B4_D36,4.23416,0,26.34762,0.79182,0,0,0,0,10.99346,51.66435,5.58039,0,0,0.38819,0,0,0,0,0,0,0,0,0,0,0,0,0,0,0,0,0,0,0,0,0,0,0,0,0,0,0,0,0,0,0,0,0,0,0,0,0,0,0,0,0,0
GF7_B5_COLON_D47,14.482,0,0.18287,4.16548,0,0,0,0,43.26439,10.60289,6.05009,7.15459,0.58997,1.03333,4.1475,5.77343,2.20333,0.35012,0,0,0,0,0,0,0,0,0,0,0,0,0,0,0,0,0,0,0,0,0,0,0,0,0,0,0,0,0,0,0,0,0,0,0,0,0,0
GF7_B5_D30,84.53784,0,0.40044,3.34235,0,0,0,0,7.85346,1.36911,2.13624,0,0,0,0,0,0,0.36055,0,0,0,0,0,0,0,0,0,0,0,0,0,0,0,0,0,0,0,0,0,0,0,0,0,0,0,0,0,0,0,0,0,0,0,0,0,0
GF7_B5_D36,0.99581,0,32.63748,3.77015,0,0,0,0,17.01446,36.41707,7.28261,0,0.15447,1.72795,0,0,0,0,0,0,0,0,0,0,0,0,0,0,0,0,0,0,0,0,0,0,0,0,0,0,0,0,0,0,0,0,0,0,0,0,0,0,0,0,0,0
GF7_B6_COLON_D47,100,0,0,0,0,0,0,0,0,0,0,0,0,0,0,0,0,0,0,0,0,0,0,0,0,0,0,0,0,0,0,0,0,0,0,0,0,0,0,0,0,0,0,0,0,0,0,0,0,0,0,0,0,0,0,0
GF7_B8_COLON_D47,0,0,0,0,0,0,0,0,0,0,0,0,0,0,0,0,0,0,0,0,0,0,0,0,0,0,0,0,0,100,0,0,0,0,0,0,0,0,0,0,0,0,0,0,0,0,0,0,0,0,0,0,0,0,0,0
GF7_BDAM_D1,50.65914,0,0,3.43427,0,0,0,0,38.63996,2.82021,3.95187,0.49455,0,0,0,0,0,0,0,0,0,0,0,0,0,0,0,0,0,0,0,0,0,0,0,0,0,0,0,0,0,0,0,0,0,0,0,0,0,0,0,0,0,0,0,0
GF7_BDAM_D78,0,0,14.73001,8.88023,0,0,0,0,56.76119,0,3.0712,6.17624,0,3.9793,0,0,0,0.92277,0,0,0,0,0,0,0,0,0,0,0,0,0,4.00992,1.46914,0,0,0,0,0,0,0,0,0,0,0,0,0,0,0,0,0,0,0,0,0,0,0
GF7_BSIRE_D12,9.92654,0,0,3.23542,0,0,0,0,34.83642,22.03933,8.20275,6.38053,0.39302,5.18028,3.0174,2.52964,2.67459,1.58408,0,0,0,0,0,0,0,0,0,0,0,0,0,0,0,0,0,0,0,0,0,0,0,0,0,0,0,0,0,0,0,0,0,0,0,0,0,0
GF7_BSIRE_D20,3.37989,0,0.38543,2.37318,0,0,0,0,47.24787,21.63689,10.19495,5.61468,1.24377,0.87773,2.19083,2.05388,2.03949,0.76143,0,0,0,0,0,0,0,0,0,0,0,0,0,0,0,0,0,0,0,0,0,0,0,0,0,0,0,0,0,0,0,0,0,0,0,0,0,0
GF7_BSIRE_D36,1.66135,0,0.82728,1.13697,0,0,0,0,60.61815,13.02498,12.38047,4.77706,0.83395,0.82282,1.56399,0.51384,1.20541,0.63373,0,0,0,0,0,0,0,0,0,0,0,0,0,0,0,0,0,0,0,0,0,0,0,0,0,0,0,0,0,0,0,0,0,0,0,0,0,0
GF7_C1_COLON_D47,3.894,0,0.16707,2.55381,0,0,0,0,71.22042,7.36456,3.80111,5.78855,1.10233,4.10815,0,0,0,0,0,0,0,0,0,0,0,0,0,0,0,0,0,0,0,0,0,0,0,0,0,0,0,0,0,0,0,0,0,0,0,0,0,0,0,0,0,0
GF7_C1_D30,85.07169,0,0.18799,2.64286,0,0,0,0,8.33893,1.10739,2.21614,0,0,0,0,0,0,0.435,0,0,0,0,0,0,0,0,0,0,0,0,0,0,0,0,0,0,0,0,0,0,0,0,0,0,0,0,0,0,0,0,0,0,0,0,0,0
GF7_C1_D34,0,0,0,100,0,0,0,0,0,0,0,0,0,0,0,0,0,0,0,0,0,0,0,0,0,0,0,0,0,0,0,0,0,0,0,0,0,0,0,0,0,0,0,0,0,0,0,0,0,0,0,0,0,0,0,0
GF7_C1_D36,3.29876,0,16.86651,0.6761,0,0,0,0,29.11466,43.81937,6.2246,0,0,0,0,0,0,0,0,0,0,0,0,0,0,0,0,0,0,0,0,0,0,0,0,0,0,0,0,0,0,0,0,0,0,0,0,0,0,0,0,0,0,0,0,0
GF7_C2_COLON_D47,13.18987,0,0.06292,4.99452,0,0,0,0,47.37758,17.47126,0.52232,7.83072,0.59474,7.95606,0,0,0,0,0,0,0,0,0,0,0,0,0,0,0,0,0,0,0,0,0,0,0,0,0,0,0,0,0,0,0,0,0,0,0,0,0,0,0,0,0,0
GF7_C2_D30,77.66969,0,1.9405,2.00575,0,0,0,0,1.32419,0.25275,0.40607,0,16.40104,0,0,0,0,0,0,0,0,0,0,0,0,0,0,0,0,0,0,0,0,0,0,0,0,0,0,0,0,0,0,0,0,0,0,0,0,0,0,0,0,0,0,0
GF7_C2_D32,0,0,0,100,0,0,0,0,0,0,0,0,0,0,0,0,0,0,0,0,0,0,0,0,0,0,0,0,0,0,0,0,0,0,0,0,0,0,0,0,0,0,0,0,0,0,0,0,0,0,0,0,0,0,0,0
GF7_C2_D33,0,0,0,99.3843,0,0,0,0,0,0,0,0,0,0,0,0,0,0,0,0,0,0,0,0,0,0,0,0,0,0,0,0,0,0,0,0,0,0,0,0,0,0,0,0,0,0,0,0,0.6157,0,0,0,0,0,0,0
GF7_C2_D36,1.74477,0,20.57783,7.84593,0,0,0,0,37.42467,26.2343,6.1302,0,0.0423,0,0,0,0,0,0,0,0,0,0,0,0,0,0,0,0,0,0,0,0,0,0,0,0,0,0,0,0,0,0,0,0,0,0,0,0,0,0,0,0,0,0,0
GF7_C3_COLON_D47,8.92356,0,0.63113,3.53297,0,0,0,0,48.85424,16.19263,3.58056,7.79211,2.09275,8.40005,0,0,0,0,0,0,0,0,0,0,0,0,0,0,0,0,0,0,0,0,0,0,0,0,0,0,0,0,0,0,0,0,0,0,0,0,0,0,0,0,0,0
GF7_C3_D30,99.76565,0,0.09126,0,0,0,0,0,0,0.14309,0,0,0,0,0,0,0,0,0,0,0,0,0,0,0,0,0,0,0,0,0,0,0,0,0,0,0,0,0,0,0,0,0,0,0,0,0,0,0,0,0,0,0,0,0,0
GF7_C3_D31,98.0749,0,0.6649,1.2602,0,0,0,0,0,0,0,0,0,0,0,0,0,0,0,0,0,0,0,0,0,0,0,0,0,0,0,0,0,0,0,0,0,0,0,0,0,0,0,0,0,0,0,0,0,0,0,0,0,0,0,0
GF7_C3_D33,0,0,0,100,0,0,0,0,0,0,0,0,0,0,0,0,0,0,0,0,0,0,0,0,0,0,0,0,0,0,0,0,0,0,0,0,0,0,0,0,0,0,0,0,0,0,0,0,0,0,0,0,0,0,0,0
GF7_C3_D34,0,0,0,89.02347,0,0,0,0,0,5.13201,5.73106,0,0.11346,0,0,0,0,0,0,0,0,0,0,0,0,0,0,0,0,0,0,0,0,0,0,0,0,0,0,0,0,0,0,0,0,0,0,0,0,0,0,0,0,0,0,0
GF7_C4_COLON_D47,7.5369,0,0.43326,3.27093,0,0,0,0,59.67576,11.97064,3.41758,7.84633,1.26478,4.58383,0,0,0,0,0,0,0,0,0,0,0,0,0,0,0,0,0,0,0,0,0,0,0,0,0,0,0,0,0,0,0,0,0,0,0,0,0,0,0,0,0,0
GF7_C4_D31,92.41965,0,0,1.82193,0,0,0,0,0.05732,0,0.46827,0,5.23284,0,0,0,0,0,0,0,0,0,0,0,0,0,0,0,0,0,0,0,0,0,0,0,0,0,0,0,0,0,0,0,0,0,0,0,0,0,0,0,0,0,0,0
GF7_C4_D32,88.16373,0,0,7.4399,0,0,0,0,0,4.39636,0,0,0,0,0,0,0,0,0,0,0,0,0,0,0,0,0,0,0,0,0,0,0,0,0,0,0,0,0,0,0,0,0,0,0,0,0,0,0,0,0,0,0,0,0,0
GF7_CONTAMINANT,0,0,0,6.31616,0,0,0,0,0.44722,0,1.74343,0,0,0,0,0,0,0,0,91.4932,0,0,0,0,0,0,0,0,0,0,0,0,0,0,0,0,0,0,0,0,0,0,0,0,0,0,0,0,0,0,0,0,0,0,0,0
GF7_INOC,82.15489,0,0,8.22939,0,0,0,0,1.3406,3.34294,0.52694,4.25532,0,0,0,0,0,0,0,0,0,0,0,0,0,0,0,0.14992,0,0,0,0,0,0,0,0,0,0,0,0,0,0,0,0,0,0,0,0,0,0,0,0,0,0,0,0
GF7_WATER,100,0,0,0,0,0,0,0,0,0,0,0,0,0,0,0,0,0,0,0,0,0,0,0,0,0,0,0,0,0,0,0,0,0,0,0,0,0,0,0,0,0,0,0,0,0,0,0,0,0,0,0,0,0,0,0
GF8_A1_COLON_D46,10.7135,0,0.24058,0.78921,0,0,0,0,39.91397,31.85846,10.17762,3.96145,0.35902,0.95029,0.84779,0,0.16584,0,0.02228,0,0,0,0,0,0,0,0,0,0,0,0,0,0,0,0,0,0,0,0,0,0,0,0,0,0,0,0,0,0,0,0,0,0,0,0,0
GF8_A1_D30,35.36489,0,1.11455,2.29167,0,0,0,0,29.07505,16.46566,7.56851,6.59042,0.68928,0,0.33074,0.22087,0.28834,0,0,0,0,0,0,0,0,0,0,0,0,0,0,0,0,0,0,0,0,0,0,0,0,0,0,0,0,0,0,0,0,0,0,0,0,0,0,0
GF8_A1_D33,100,0,0,0,0,0,0,0,0,0,0,0,0,0,0,0,0,0,0,0,0,0,0,0,0,0,0,0,0,0,0,0,0,0,0,0,0,0,0,0,0,0,0,0,0,0,0,0,0,0,0,0,0,0,0,0
GF8_A1_D35,19.43092,0,35.50637,0,0,0,0,0,26.8106,7.90318,7.8887,2.46023,0,0,0,0,0,0,0,0,0,0,0,0,0,0,0,0,0,0,0,0,0,0,0,0,0,0,0,0,0,0,0,0,0,0,0,0,0,0,0,0,0,0,0,0
GF8_A2_COLON_D46,10.78122,0,0.85327,1.31868,0,0,0,0,43.47074,14.56684,18.60729,6.94704,0.35437,0,1.3721,1.26143,0.36331,0,0.10369,0,0,0,0,0,0,0,0,0,0,0,0,0,0,0,0,0,0,0,0,0,0,0,0,0,0,0,0,0,0,0,0,0,0,0,0,0
GF8_A2_D30,88.80641,0,0,3.71126,0,0,0,0,3.87654,0,0.69803,0,0,1.54567,0,0,0,0,0,0,0,0,0,0,0,0,0,0,0,0,0,1.3621,0,0,0,0,0,0,0,0,0,0,0,0,0,0,0,0,0,0,0,0,0,0,0,0
GF8_A2_D35,39.46907,0,22.70973,0,0,0,0,0,2.91936,11.23461,2.39996,0,0,21.26726,0,0,0,0,0,0,0,0,0,0,0,0,0,0,0,0,0,0,0,0,0,0,0,0,0,0,0,0,0,0,0,0,0,0,0,0,0,0,0,0,0,0
GF8_A3_D30,81.46577,0,0,1.98807,0,0,0,0,8.75241,3.41517,3.16052,0.76699,0,0,0,0,0,0,0,0,0,0,0,0,0,0,0,0,0,0,0,0.45107,0,0,0,0,0,0,0,0,0,0,0,0,0,0,0,0,0,0,0,0,0,0,0,0
GF8_A4_D30,49.07373,0,0.45852,0.72641,0,0,0,0,16.62484,0,3.17038,0,0,0,0,0,0,0,0,0,0,0,0,0,0,0,0,0,0,0,0,29.94613,0,0,0,0,0,0,0,0,0,0,0,0,0,0,0,0,0,0,0,0,0,0,0,0
GF8_A4_D31,100,0,0,0,0,0,0,0,0,0,0,0,0,0,0,0,0,0,0,0,0,0,0,0,0,0,0,0,0,0,0,0,0,0,0,0,0,0,0,0,0,0,0,0,0,0,0,0,0,0,0,0,0,0,0,0
GF8_A4_D32,95.58967,0,0,0,0,0,0,0,0,4.41033,0,0,0,0,0,0,0,0,0,0,0,0,0,0,0,0,0,0,0,0,0,0,0,0,0,0,0,0,0,0,0,0,0,0,0,0,0,0,0,0,0,0,0,0,0,0
GF8_A4_D33,99.50546,0,0,0.49454,0,0,0,0,0,0,0,0,0,0,0,0,0,0,0,0,0,0,0,0,0,0,0,0,0,0,0,0,0,0,0,0,0,0,0,0,0,0,0,0,0,0,0,0,0,0,0,0,0,0,0,0
GF8_A5_D30,95.92299,0,0,0,0,0,0,0,0.09688,0,0,0,0,0,0,0,0,0,0,0,0,0,0,0,0,0,0,0,0,0,0,3.98013,0,0,0,0,0,0,0,0,0,0,0,0,0,0,0,0,0,0,0,0,0,0,0,0
GF8_A7_D32,20.22809,0,2.40373,0.02295,0,0,0,0,30.60009,39.70173,6.0082,0.18687,0,0.84834,0,0,0,0,0,0,0,0,0,0,0,0,0,0,0,0,0,0,0,0,0,0,0,0,0,0,0,0,0,0,0,0,0,0,0,0,0,0,0,0,0,0
GF8_ADAM_D0,12.41156,0,0.81657,2.0768,0,0,0,0,50.72124,19.53585,1.54793,5.35109,1.26415,2.0587,1.54492,0.71535,1.17413,0.32856,0,0,0,0,0,0,0,0,0,0,0,0,0,0.45315,0,0,0,0,0,0,0,0,0,0,0,0,0,0,0,0,0,0,0,0,0,0,0,0
GF8_B1_COLON_D46,12.29241,0,0.28828,1.67006,0,0,0,0,45.19133,16.59344,16.28249,5.31262,0.94689,0.10496,0.59897,0.526,0.19255,0,0,0,0,0,0,0,0,0,0,0,0,0,0,0,0,0,0,0,0,0,0,0,0,0,0,0,0,0,0,0,0,0,0,0,0,0,0,0
GF8_B1_D31,99.65069,0,0,0.34931,0,0,0,0,0,0,0,0,0,0,0,0,0,0,0,0,0,0,0,0,0,0,0,0,0,0,0,0,0,0,0,0,0,0,0,0,0,0,0,0,0,0,0,0,0,0,0,0,0,0,0,0
GF8_B1_D32,42.60237,0,0,2.63715,0,0,0,0,26.84927,20.59356,6.69775,0.11823,0,0.25213,0,0,0,0,0,0,0,0,0,0,0,0,0,0,0,0,0,0.24956,0,0,0,0,0,0,0,0,0,0,0,0,0,0,0,0,0,0,0,0,0,0,0,0
GF8_B1_D34,16.45257,0,3.52359,0.32185,0,0,0,0,29.2387,41.82424,5.94493,0.84089,0.09322,1.65501,0,0,0.105,0,0,0,0,0,0,0,0,0,0,0,0,0,0,0,0,0,0,0,0,0,0,0,0,0,0,0,0,0,0,0,0,0,0,0,0,0,0,0
GF8_B2_D32,15.16379,0,2.34956,1.59979,0,0,0,0,31.56291,40.50958,7.26012,0.43967,0,1.09253,0.02206,0,0,0,0,0,0,0,0,0,0,0,0,0,0,0,0,0,0,0,0,0,0,0,0,0,0,0,0,0,0,0,0,0,0,0,0,0,0,0,0,0
GF8_B3_D46,58.42488,0,0,0,0,0,0,0,15.78338,10.50546,9.03691,3.96176,0,0,0,0,0,0,0,0,0,0,0,0,0,0,0,0,0,0,0,2.28761,0,0,0,0,0,0,0,0,0,0,0,0,0,0,0,0,0,0,0,0,0,0,0,0
GF8_B4_COLON_D46,9.11261,0,0.09253,1.01849,0,0,0,0,49.12382,12.64927,19.48411,4.98862,0.13327,0.85399,0.4254,1.7463,0.37161,0,0,0,0,0,0,0,0,0,0,0,0,0,0,0,0,0,0,0,0,0,0,0,0,0,0,0,0,0,0,0,0,0,0,0,0,0,0,0
GF8_B4_D30,89.19379,0,0.86756,3.48619,0,0,0,0,1.7096,2.57547,1.72951,0,0,0.43787,0,0,0,0,0,0,0,0,0,0,0,0,0,0,0,0,0,0,0,0,0,0,0,0,0,0,0,0,0,0,0,0,0,0,0,0,0,0,0,0,0,0
GF8_B4_D33,17.59477,0,0,1.19792,0,0,0,0,30.65823,34.17682,10.2201,0,0,6.15216,0,0,0,0,0,0,0,0,0,0,0,0,0,0,0,0,0,0,0,0,0,0,0,0,0,0,0,0,0,0,0,0,0,0,0,0,0,0,0,0,0,0
GF8_B5_COLON_D46,21.67906,0,1.74256,0.76287,0,0,0,0,42.36075,9.58108,17.57446,3.86904,0.57637,0.84418,0.50992,0.4639,0.03581,0,0,0,0,0,0,0,0,0,0,0,0,0,0,0,0,0,0,0,0,0,0,0,0,0,0,0,0,0,0,0,0,0,0,0,0,0,0,0
GF8_B5_D34,12.54694,0,0.36197,0.80882,0,0,0,0,33.65439,40.80802,6.66828,2.86821,0.22258,1.44378,0.41504,0,0.20196,0,0,0,0,0,0,0,0,0,0,0,0,0,0,0,0,0,0,0,0,0,0,0,0,0,0,0,0,0,0,0,0,0,0,0,0,0,0,0
GF8_B5_D35,23.01478,0,5.84896,0.17001,0,0,0,0,19.60887,41.27537,8.51024,0,0,1.57178,0,0,0,0,0,0,0,0,0,0,0,0,0,0,0,0,0,0,0,0,0,0,0,0,0,0,0,0,0,0,0,0,0,0,0,0,0,0,0,0,0,0
GF8_B6_COLON_D46,3.89895,0,0.17765,0.95033,0,0,0,0,50.9792,11.00274,24.07781,4.78319,1.01474,0.52671,0.99482,0.76779,0.44749,0.37859,0,0,0,0,0,0,0,0,0,0,0,0,0,0,0,0,0,0,0,0,0,0,0,0,0,0,0,0,0,0,0,0,0,0,0,0,0,0
GF8_B6_D30,81.42792,0,0,1.93449,0,0,0,0,9.03161,5.36611,2.21704,0,0,0,0,0,0,0,0,0,0,0,0,0,0,0,0,0,0,0,0,0.02283,0,0,0,0,0,0,0,0,0,0,0,0,0,0,0,0,0,0,0,0,0,0,0,0
GF8_B6_D33,16.33363,0,2.89647,10.27133,0,0,0,0,24.44208,27.15123,15.82297,0,0,3.08229,0,0,0,0,0,0,0,0,0,0,0,0,0,0,0,0,0,0,0,0,0,0,0,0,0,0,0,0,0,0,0,0,0,0,0,0,0,0,0,0,0,0
GF8_B6_D34,12.7206,0,1.8634,1.21737,0,0,0,0,33.54683,39.93983,7.70683,0.67841,0.09003,2.22945,0.00724,0,0,0,0,0,0,0,0,0,0,0,0,0,0,0,0,0,0,0,0,0,0,0,0,0,0,0,0,0,0,0,0,0,0,0,0,0,0,0,0,0
GF8_B6_D35,12.43157,0,20.89506,0.26635,0,0,0,0,19.98248,36.14371,9.04021,0,0.05212,1.18851,0,0,0,0,0,0,0,0,0,0,0,0,0,0,0,0,0,0,0,0,0,0,0,0,0,0,0,0,0,0,0,0,0,0,0,0,0,0,0,0,0,0
GF8_B7_D33,39.5899,0,7.66683,11.50673,0,0,0,0,11.67189,23.90545,5.07645,0,0,0.58276,0,0,0,0,0,0,0,0,0,0,0,0,0,0,0,0,0,0,0,0,0,0,0,0,0,0,0,0,0,0,0,0,0,0,0,0,0,0,0,0,0,0
GF8_C1_COLON_D46,10.01354,0,0,0.79122,0,0,0,0,49.33023,13.16774,20.24452,4.78501,1.15417,0.51358,0,0,0,0,0,0,0,0,0,0,0,0,0,0,0,0,0,0,0,0,0,0,0,0,0,0,0,0,0,0,0,0,0,0,0,0,0,0,0,0,0,0
GF8_C1_D31,100,0,0,0,0,0,0,0,0,0,0,0,0,0,0,0,0,0,0,0,0,0,0,0,0,0,0,0,0,0,0,0,0,0,0,0,0,0,0,0,0,0,0,0,0,0,0,0,0,0,0,0,0,0,0,0
GF8_C1_D32,44.31878,0,0,14.15032,0,0,0,0,16.18227,17.83401,5.71683,1.79779,0,0,0,0,0,0,0,0,0,0,0,0,0,0,0,0,0,0,0,0,0,0,0,0,0,0,0,0,0,0,0,0,0,0,0,0,0,0,0,0,0,0,0,0
GF8_C1_D33,43.79481,0,0,0,0,0,0,0,5.32113,47.33128,3.55279,0,0,0,0,0,0,0,0,0,0,0,0,0,0,0,0,0,0,0,0,0,0,0,0,0,0,0,0,0,0,0,0,0,0,0,0,0,0,0,0,0,0,0,0,0
GF8_C1_D34,12.21039,0,0.97426,3.62958,0,0,0,0,38.57473,27.15041,9.63382,5.4796,0.60817,0.82922,0.40763,0.21414,0.28804,0,0,0,0,0,0,0,0,0,0,0,0,0,0,0,0,0,0,0,0,0,0,0,0,0,0,0,0,0,0,0,0,0,0,0,0,0,0,0
GF8_C2_COLON_D46,19.32122,0,2.4069,0.77471,0,0,0,0,39.9124,12.20022,18.72703,4.83659,0.51365,1.30727,0,0,0,0,0,0,0,0,0,0,0,0,0,0,0,0,0,0,0,0,0,0,0,0,0,0,0,0,0,0,0,0,0,0,0,0,0,0,0,0,0,0
GF8_C2_D30,41.29238,0,0,1.03686,0,0,0,0,30.74626,1.82354,6.02411,0,0,1.38023,0,0,0,0,0,0,0,0,0,0,0,0,0,0,0,0,0,17.69662,0,0,0,0,0,0,0,0,0,0,0,0,0,0,0,0,0,0,0,0,0,0,0,0
GF8_C2_D31,100,0,0,0,0,0,0,0,0,0,0,0,0,0,0,0,0,0,0,0,0,0,0,0,0,0,0,0,0,0,0,0,0,0,0,0,0,0,0,0,0,0,0,0,0,0,0,0,0,0,0,0,0,0,0,0
GF8_C3_D30,79.60396,0,0,2.13814,0,0,0,0,10.57522,5.31976,0.94641,0.80453,0.02551,0,0.21603,0,0.37046,0,0,0,0,0,0,0,0,0,0,0,0,0,0,0,0,0,0,0,0,0,0,0,0,0,0,0,0,0,0,0,0,0,0,0,0,0,0,0
GF8_C4_COLON_D46,21.04717,0,2.84173,1.01128,0,0,0,0,38.19025,13.34817,17.95586,4.12814,0.39441,1.08299,0,0,0,0,0,0,0,0,0,0,0,0,0,0,0,0,0,0,0,0,0,0,0,0,0,0,0,0,0,0,0,0,0,0,0,0,0,0,0,0,0,0
GF8_C4_D30,78.04484,0,0.34614,2.43946,0,0,0,0,10.63418,4.81872,1.02588,0.89244,0,1.47398,0.17172,0,0.15265,0,0,0,0,0,0,0,0,0,0,0,0,0,0,0,0,0,0,0,0,0,0,0,0,0,0,0,0,0,0,0,0,0,0,0,0,0,0,0
GF8_C4_D35,13.63163,0,0.87041,5.53532,0,0,0,0,37.25101,32.7117,9.99993,0,0,0,0,0,0,0,0,0,0,0,0,0,0,0,0,0,0,0,0,0,0,0,0,0,0,0,0,0,0,0,0,0,0,0,0,0,0,0,0,0,0,0,0,0
GF8_C5_COLON_D46,19.99264,0,4.94204,2.3428,0,0,0,0,36.36392,17.8648,13.88914,3.85553,0.48337,0.26576,0,0,0,0,0,0,0,0,0,0,0,0,0,0,0,0,0,0,0,0,0,0,0,0,0,0,0,0,0,0,0,0,0,0,0,0,0,0,0,0,0,0
GF8_C5_D30,98.78815,0,0,0.27877,0,0,0,0,0.81135,0,0.12173,0,0,0,0,0,0,0,0,0,0,0,0,0,0,0,0,0,0,0,0,0,0,0,0,0,0,0,0,0,0,0,0,0,0,0,0,0,0,0,0,0,0,0,0,0
GF8_C5_D35,14.99368,0,2.54095,4.21242,0,0,0,0,38.17266,25.10412,8.58019,4.0071,1.07344,1.31544,0,0,0,0,0,0,0,0,0,0,0,0,0,0,0,0,0,0,0,0,0,0,0,0,0,0,0,0,0,0,0,0,0,0,0,0,0,0,0,0,0,0
GF8_C6_COLON_D46,25.68643,0,2.75067,1.37025,0,0,0,0,29.65441,21.61953,12.05717,4.07365,0.48119,2.06367,0,0,0.24304,0,0,0,0,0,0,0,0,0,0,0,0,0,0,0,0,0,0,0,0,0,0,0,0,0,0,0,0,0,0,0,0,0,0,0,0,0,0,0
GF8_C6_D30,98.88733,0,0,0.71272,0,0,0,0,0.39995,0,0,0,0,0,0,0,0,0,0,0,0,0,0,0,0,0,0,0,0,0,0,0,0,0,0,0,0,0,0,0,0,0,0,0,0,0,0,0,0,0,0,0,0,0,0,0
GF8_C6_D32,44.89941,0,0,55.10059,0,0,0,0,0,0,0,0,0,0,0,0,0,0,0,0,0,0,0,0,0,0,0,0,0,0,0,0,0,0,0,0,0,0,0,0,0,0,0,0,0,0,0,0,0,0,0,0,0,0,0,0
GF8_C6_D34,11.46453,0,0,18.23153,0,0,0,0,32.06875,28.76179,9.4734,0,0,0,0,0,0,0,0,0,0,0,0,0,0,0,0,0,0,0,0,0,0,0,0,0,0,0,0,0,0,0,0,0,0,0,0,0,0,0,0,0,0,0,0,0
GF8_C7_COLON_D46,27.19864,0,2.07534,1.83472,0,0,0,0,30.63032,26.079,4.27007,5.1248,0.64334,1.53513,0.23909,0,0.36956,0,0,0,0,0,0,0,0,0,0,0,0,0,0,0,0,0,0,0,0,0,0,0,0,0,0,0,0,0,0,0,0,0,0,0,0,0,0,0
GF8_C7_D30,100,0,0,0,0,0,0,0,0,0,0,0,0,0,0,0,0,0,0,0,0,0,0,0,0,0,0,0,0,0,0,0,0,0,0,0,0,0,0,0,0,0,0,0,0,0,0,0,0,0,0,0,0,0,0,0
GF8_C7_D33,26.27965,0,2.19064,3.95398,0,0,0,0,29.25297,27.52468,7.31503,3.48304,0,0,0,0,0,0,0,0,0,0,0,0,0,0,0,0,0,0,0,0,0,0,0,0,0,0,0,0,0,0,0,0,0,0,0,0,0,0,0,0,0,0,0,0
GF8_C7_D35,19.67782,0,3.70272,2.36235,0,0,0,0,30.41734,28.61457,7.04273,5.20647,0.87777,1.68521,0,0,0.41303,0,0,0,0,0,0,0,0,0,0,0,0,0,0,0,0,0,0,0,0,0,0,0,0,0,0,0,0,0,0,0,0,0,0,0,0,0,0,0
GF8_INOC,13.01398,0,0,1.78116,0,0,0,0,55.10818,15.05938,2.70468,4.14159,1.29641,1.7234,1.88001,0.78009,1.08652,0.48204,0,0,0,0,0,0,0,0,0,0,0,0,0,0.94257,0,0,0,0,0,0,0,0,0,0,0,0,0,0,0,0,0,0,0,0,0,0,0,0
GF9_A_DAM_D0,30.93928,0,3.66274,1.23108,0,0,0,0,36.33601,15.75726,5.04991,4.1846,0.61606,2.1564,0.06665,0,0,0,0,0,0,0,0,0,0,0,0,0,0,0,0,0,0,0,0,0,0,0,0,0,0,0,0,0,0,0,0,0,0,0,0,0,0,0,0,0
GF9_A1_COLON_D33,48.93375,0,0,17.77745,0,0,0,0,0,0,0,0,33.28879,0,0,0,0,0,0,0,0,0,0,0,0,0,0,0,0,0,0,0,0,0,0,0,0,0,0,0,0,0,0,0,0,0,0,0,0,0,0,0,0,0,0,0
GF9_A1_D16,41.14781,0,4.87468,1.21081,0,0,0,0,30.25602,12.67301,5.51702,3.71605,0.6046,0,0,0,0,0,0,0,0,0,0,0,0,0,0,0,0,0,0,0,0,0,0,0,0,0,0,0,0,0,0,0,0,0,0,0,0,0,0,0,0,0,0,0
GF9_A1_D19,9.88041,0,22.23664,2.04157,0,0,0,0,31.75193,15.27656,13.82392,0,0,0,0,0,0,0,0,0,0,0,0,0,0,0,0,0,0,0,0,4.98897,0,0,0,0,0,0,0,0,0,0,0,0,0,0,0,0,0,0,0,0,0,0,0,0
GF9_A1_D20,13.13226,0,11.62413,4.84791,0,0,0,0,34.8607,26.18842,9.16047,0,0,0.18612,0,0,0,0,0,0,0,0,0,0,0,0,0,0,0,0,0,0,0,0,0,0,0,0,0,0,0,0,0,0,0,0,0,0,0,0,0,0,0,0,0,0
GF9_A1_D21,27.81565,0,20.83166,1.17944,0,0,0,0,17.11024,30.42797,2.63504,0,0,0,0,0,0,0,0,0,0,0,0,0,0,0,0,0,0,0,0,0,0,0,0,0,0,0,0,0,0,0,0,0,0,0,0,0,0,0,0,0,0,0,0,0
GF9_A2_COLON_D33,1.63131,0,0,0,0,0,0,0,50.08089,17.15763,19.46987,11.6603,0,0,0,0,0,0,0,0,0,0,0,0,0,0,0,0,0,0,0,0,0,0,0,0,0,0,0,0,0,0,0,0,0,0,0,0,0,0,0,0,0,0,0,0
GF9_A2_D21,14.33924,0,21.73286,2.7594,0,0,0,0,20.4763,35.08672,4.13552,1.18238,0.17956,0,0.10801,0,0,0,0,0,0,0,0,0,0,0,0,0,0,0,0,0,0,0,0,0,0,0,0,0,0,0,0,0,0,0,0,0,0,0,0,0,0,0,0,0
GF9_A3_COLON_D33,10.1193,0,0.81459,5.29283,0,0,0,0,39.91472,15.14708,21.24293,5.49608,1.2892,0.45278,0.08641,0.14408,0,0,0,0,0,0,0,0,0,0,0,0,0,0,0,0,0,0,0,0,0,0,0,0,0,0,0,0,0,0,0,0,0,0,0,0,0,0,0,0
GF9_A3_D18,41.87757,0,1.78041,1.99392,0,0,0,0,18.62658,26.74584,2.11791,5.15913,0.93808,0.68477,0,0,0.07579,0,0,0,0,0,0,0,0,0,0,0,0,0,0,0,0,0,0,0,0,0,0,0,0,0,0,0,0,0,0,0,0,0,0,0,0,0,0,0
GF9_A3_D19,36.7653,0,13.62727,4.07406,0,0,0,0,8.80491,24.63353,11.34642,0,0,0.74851,0,0,0,0,0,0,0,0,0,0,0,0,0,0,0,0,0,0,0,0,0,0,0,0,0,0,0,0,0,0,0,0,0,0,0,0,0,0,0,0,0,0
GF9_A3_D21,12.80612,0,24.18534,1.34615,0,0,0,0,14.16531,44.24817,2.88447,0.36445,0,0,0,0,0,0,0,0,0,0,0,0,0,0,0,0,0,0,0,0,0,0,0,0,0,0,0,0,0,0,0,0,0,0,0,0,0,0,0,0,0,0,0,0
GF9_A4_COLON_D33,16.91118,0,0.88084,7.10403,0,0,0,0,36.01829,19.23964,10.26564,6.11879,1.57181,1.73451,0.14006,0.01522,0,0,0,0,0,0,0,0,0,0,0,0,0,0,0,0,0,0,0,0,0,0,0,0,0,0,0,0,0,0,0,0,0,0,0,0,0,0,0,0
GF9_A4_D16,67.9292,0,7.684,0.91545,0,0,0,0,11.36037,6.91216,2.73032,1.7097,0.75879,0,0,0,0,0,0,0,0,0,0,0,0,0,0,0,0,0,0,0,0,0,0,0,0,0,0,0,0,0,0,0,0,0,0,0,0,0,0,0,0,0,0,0
GF9_A4_D17,30.28364,0,1.45639,1.42689,0,0,0,0,33.39227,21.14536,5.10526,4.62946,0.70803,1.60752,0.127,0,0.11817,0,0,0,0,0,0,0,0,0,0,0,0,0,0,0,0,0,0,0,0,0,0,0,0,0,0,0,0,0,0,0,0,0,0,0,0,0,0,0
GF9_A4_D18,37.37993,0,1.58877,2.18968,0,0,0,0,28.17219,18.07399,5.76528,4.47597,0.61802,1.68368,0,0,0.05248,0,0,0,0,0,0,0,0,0,0,0,0,0,0,0,0,0,0,0,0,0,0,0,0,0,0,0,0,0,0,0,0,0,0,0,0,0,0,0
GF9_A4_D19,43.96866,0,13.16388,8.27111,0,0,0,0,22.61518,6.31378,5.66738,0,0,0,0,0,0,0,0,0,0,0,0,0,0,0,0,0,0,0,0,0,0,0,0,0,0,0,0,0,0,0,0,0,0,0,0,0,0,0,0,0,0,0,0,0
GF9_A4_D20,20.21014,0,10.03772,9.30427,0,0,0,0,25.95501,23.23182,10.41666,0,0.27499,0.5694,0,0,0,0,0,0,0,0,0,0,0,0,0,0,0,0,0,0,0,0,0,0,0,0,0,0,0,0,0,0,0,0,0,0,0,0,0,0,0,0,0,0
GF9_A5_COLON_D33,14.1809,0,2.45774,5.03168,0,0,0,0,40.82329,19.76695,11.83851,3.64305,2.02581,0,0.23207,0,0,0,0,0,0,0,0,0,0,0,0,0,0,0,0,0,0,0,0,0,0,0,0,0,0,0,0,0,0,0,0,0,0,0,0,0,0,0,0,0
GF9_A5_D18,35.95986,0,4.18075,1.9272,0,0,0,0,28.66719,17.96245,5.70755,3.7851,0.51204,1.26912,0,0,0.02874,0,0,0,0,0,0,0,0,0,0,0,0,0,0,0,0,0,0,0,0,0,0,0,0,0,0,0,0,0,0,0,0,0,0,0,0,0,0,0
GF9_A5_D19,18.22406,0,23.33844,22.61763,0,0,0,0,15.37673,15.80532,4.63782,0,0,0,0,0,0,0,0,0,0,0,0,0,0,0,0,0,0,0,0,0,0,0,0,0,0,0,0,0,0,0,0,0,0,0,0,0,0,0,0,0,0,0,0,0
GF9_A6_COLON_D33,11.26646,0,0.45524,5.35314,0,0,0,0,43.01388,15.07171,17.70457,3.86563,2.08501,0,0.42171,0.76264,0,0,0,0,0,0,0,0,0,0,0,0,0,0,0,0,0,0,0,0,0,0,0,0,0,0,0,0,0,0,0,0,0,0,0,0,0,0,0,0
GF9_A6_D16,35.30519,0,2.87285,1.43455,0,0,0,0,32.14908,11.98026,7.89028,4.45865,0.94311,1.61146,0.62632,0.45923,0.23046,0.02965,0.0089,0,0,0,0,0,0,0,0,0,0,0,0,0,0,0,0,0,0,0,0,0,0,0,0,0,0,0,0,0,0,0,0,0,0,0,0,0
GF9_A6_D21,0.9964,0,23.29441,1.15269,0,0,0,0,29.7415,39.57432,5.24067,0,0,0,0,0,0,0,0,0,0,0,0,0,0,0,0,0,0,0,0,0,0,0,0,0,0,0,0,0,0,0,0,0,0,0,0,0,0,0,0,0,0,0,0,0
GF9_A7_D16,98.20191,0,0,1.3308,0,0,0,0,0.27176,0,0.19553,0,0,0,0,0,0,0,0,0,0,0,0,0,0,0,0,0,0,0,0,0,0,0,0,0,0,0,0,0,0,0,0,0,0,0,0,0,0,0,0,0,0,0,0,0
GF9_A7_D20,13.77619,0,18.91509,11.34315,0,0,0,0,21.08166,23.41719,9.44681,0.1814,0.39224,1.44627,0,0,0,0,0,0,0,0,0,0,0,0,0,0,0,0,0,0,0,0,0,0,0,0,0,0,0,0,0,0,0,0,0,0,0,0,0,0,0,0,0,0
GF9_C1_COLON_D33,5.9009,0,0.4164,0.54439,0,0,0,0,55.0429,11.84604,17.36596,7.17897,0.47959,1.20679,0,0,0.01806,0,0,0,0,0,0,0,0,0,0,0,0,0,0,0,0,0,0,0,0,0,0,0,0,0,0,0,0,0,0,0,0,0,0,0,0,0,0,0
GF9_C1_D16,90.78751,0,0,1.80216,0,0,0,0,3.70159,0.71948,2.52883,0.11847,0,0.34196,0,0,0,0,0,0,0,0,0,0,0,0,0,0,0,0,0,0,0,0,0,0,0,0,0,0,0,0,0,0,0,0,0,0,0,0,0,0,0,0,0,0
GF9_C1_D17,55.02018,0,3.17909,1.45167,0,0,0,0,21.64257,12.85768,2.98093,1.9065,0.16618,0.79521,0,0,0,0,0,0,0,0,0,0,0,0,0,0,0,0,0,0,0,0,0,0,0,0,0,0,0,0,0,0,0,0,0,0,0,0,0,0,0,0,0,0
GF9_C1_D19,0.89852,0,19.08718,44.7259,0,0,0,0,12.61661,20.30793,2.36386,0,0,0,0,0,0,0,0,0,0,0,0,0,0,0,0,0,0,0,0,0,0,0,0,0,0,0,0,0,0,0,0,0,0,0,0,0,0,0,0,0,0,0,0,0
GF9_C1_D21,5.96058,0,3.31873,7.58516,0,0,0,0,29.36502,47.74847,5.37802,0,0.24408,0.39994,0,0,0,0,0,0,0,0,0,0,0,0,0,0,0,0,0,0,0,0,0,0,0,0,0,0,0,0,0,0,0,0,0,0,0,0,0,0,0,0,0,0
GF9_C2_COLON_D33,4.69847,0,0.54976,0.97762,0,0,0,0,58.07927,12.5975,16.25698,5.86483,0.68961,0.28595,0,0,0,0,0,0,0,0,0,0,0,0,0,0,0,0,0,0,0,0,0,0,0,0,0,0,0,0,0,0,0,0,0,0,0,0,0,0,0,0,0,0
GF9_C2_D16,35.19063,0,4.28143,2.00187,0,0,0,0,26.86158,19.82968,5.45877,4.47206,0.71178,1.10094,0,0,0.09126,0,0,0,0,0,0,0,0,0,0,0,0,0,0,0,0,0,0,0,0,0,0,0,0,0,0,0,0,0,0,0,0,0,0,0,0,0,0,0
GF9_C2_D18,30.77462,0,4.15736,2.83171,0,0,0,0,29.4679,19.09403,7.00025,5.32208,0.5658,0.78623,0,0,0,0,0,0,0,0,0,0,0,0,0,0,0,0,0,0,0,0,0,0,0,0,0,0,0,0,0,0,0,0,0,0,0,0,0,0,0,0,0,0
GF9_C2_D21,6.46377,0,6.63788,2.25875,0,0,0,0,42.54182,24.40627,9.82216,6.22433,0.65413,0.99089,0,0,0,0,0,0,0,0,0,0,0,0,0,0,0,0,0,0,0,0,0,0,0,0,0,0,0,0,0,0,0,0,0,0,0,0,0,0,0,0,0,0
GF9_C3_D16,28.80788,0,1.98144,2.055,0,0,0,0,32.60951,21.46056,6.41614,4.6869,0.94734,1.00061,0,0,0.03462,0,0,0,0,0,0,0,0,0,0,0,0,0,0,0,0,0,0,0,0,0,0,0,0,0,0,0,0,0,0,0,0,0,0,0,0,0,0,0
GF9_C3_D17,54.06721,0,10.56214,1.94575,0,0,0,0,15.66282,11.96508,2.67841,2.59429,0.51514,0,0,0,0.00916,0,0,0,0,0,0,0,0,0,0,0,0,0,0,0,0,0,0,0,0,0,0,0,0,0,0,0,0,0,0,0,0,0,0,0,0,0,0,0
GF9_C3_D19,1.06743,0,8.53767,58.18507,0,0,0,0,12.07543,16.25049,3.88391,0,0,0,0,0,0,0,0,0,0,0,0,0,0,0,0,0,0,0,0,0,0,0,0,0,0,0,0,0,0,0,0,0,0,0,0,0,0,0,0,0,0,0,0,0
GF9_C3_D20,8.56478,0,5.13238,36.06277,0,0,0,0,18.04683,22.81828,8.18983,0,0,1.18512,0,0,0,0,0,0,0,0,0,0,0,0,0,0,0,0,0,0,0,0,0,0,0,0,0,0,0,0,0,0,0,0,0,0,0,0,0,0,0,0,0,0
GF9_C3_D21,15.99045,0,0.91404,36.02118,0,0,0,0,13.25849,29.95562,3.86023,0,0,0,0,0,0,0,0,0,0,0,0,0,0,0,0,0,0,0,0,0,0,0,0,0,0,0,0,0,0,0,0,0,0,0,0,0,0,0,0,0,0,0,0,0
GF9_C4_COLON_D33,5.65091,0,2.81042,1.17035,0,0,0,0,45.35287,17.47178,20.42049,5.70618,0.69624,0.72073,0,0,0,0,0,0,0,0,0,0,0,0,0,0,0,0,0,0,0,0,0,0,0,0,0,0,0,0,0,0,0,0,0,0,0,0,0,0,0,0,0,0
GF9_C4_D16,14.01047,0,2.85434,3.21801,0,0,0,0,37.76506,27.13347,7.51608,4.83244,0.97031,1.58884,0,0,0.11098,0,0,0,0,0,0,0,0,0,0,0,0,0,0,0,0,0,0,0,0,0,0,0,0,0,0,0,0,0,0,0,0,0,0,0,0,0,0,0
GF9_C4_D17,62.63086,0,15.35827,0.63913,0,0,0,0,9.22342,8.57375,1.76816,1.60685,0,0.19956,0,0,0,0,0,0,0,0,0,0,0,0,0,0,0,0,0,0,0,0,0,0,0,0,0,0,0,0,0,0,0,0,0,0,0,0,0,0,0,0,0,0
GF9_C4_D19,7.49318,0,5.12594,16.45189,0,0,0,0,34.98792,26.91174,9.02933,0,0,0,0,0,0,0,0,0,0,0,0,0,0,0,0,0,0,0,0,0,0,0,0,0,0,0,0,0,0,0,0,0,0,0,0,0,0,0,0,0,0,0,0,0
GF9_C5_COLON_D33,5.38402,0,0.40506,0.9392,0,0,0,0,55.97177,12.67765,15.13881,6.45039,1.1004,1.9327,0,0,0,0,0,0,0,0,0,0,0,0,0,0,0,0,0,0,0,0,0,0,0,0,0,0,0,0,0,0,0,0,0,0,0,0,0,0,0,0,0,0
GF9_C5_D17,63.63766,0,9.23573,1.38344,0,0,0,0,9.81682,12.09254,1.51225,1.6858,0.28853,0.19813,0,0,0.14909,0,0,0,0,0,0,0,0,0,0,0,0,0,0,0,0,0,0,0,0,0,0,0,0,0,0,0,0,0,0,0,0,0,0,0,0,0,0,0
GF9_C5_D18,38.78275,0,0,0,0,0,0,0,20.99739,32.33119,3.61517,4.27349,0,0,0,0,0,0,0,0,0,0,0,0,0,0,0,0,0,0,0,0,0,0,0,0,0,0,0,0,0,0,0,0,0,0,0,0,0,0,0,0,0,0,0,0
GF9_C5_D20,3.90243,0,4.55143,79.26772,0,0,0,0,2.33891,6.1568,3.78271,0,0,0,0,0,0,0,0,0,0,0,0,0,0,0,0,0,0,0,0,0,0,0,0,0,0,0,0,0,0,0,0,0,0,0,0,0,0,0,0,0,0,0,0,0
GF9_C5_D21,11.49568,0,10.93748,17.41531,0,0,0,0,26.27372,24.64903,6.69785,0.6083,1.77129,0.15136,0,0,0,0,0,0,0,0,0,0,0,0,0,0,0,0,0,0,0,0,0,0,0,0,0,0,0,0,0,0,0,0,0,0,0,0,0,0,0,0,0,0
GF9_C6_COLON_D33,5.37002,0,0.10241,0.72286,0,0,0,0,57.03045,10.73215,15.67524,6.58121,1.30067,2.48499,0,0,0,0,0,0,0,0,0,0,0,0,0,0,0,0,0,0,0,0,0,0,0,0,0,0,0,0,0,0,0,0,0,0,0,0,0,0,0,0,0,0
GF9_C6_D16,33.76645,0,0.74899,1.75346,0,0,0,0,21.58995,29.49039,4.98087,4.81849,0.22684,2.47901,0,0,0.14556,0,0,0,0,0,0,0,0,0,0,0,0,0,0,0,0,0,0,0,0,0,0,0,0,0,0,0,0,0,0,0,0,0,0,0,0,0,0,0
GF9_C6_D20,24.00343,0,21.87348,12.59346,0,0,0,0,14.01824,24.97953,2.53187,0,0,0,0,0,0,0,0,0,0,0,0,0,0,0,0,0,0,0,0,0,0,0,0,0,0,0,0,0,0,0,0,0,0,0,0,0,0,0,0,0,0,0,0,0
GF9_C6_D21,13.06942,0,8.37771,19.73128,0,0,0,0,24.41257,24.32291,7.39367,1.04174,1.31294,0.33775,0,0,0,0,0,0,0,0,0,0,0,0,0,0,0,0,0,0,0,0,0,0,0,0,0,0,0,0,0,0,0,0,0,0,0,0,0,0,0,0,0,0
GF9_C7_COLON_D33,4.79176,0,0.40552,0.97741,0,0,0,0,59.42457,10.35251,18.83577,4.15726,0.72893,0.32626,0,0,0,0,0,0,0,0,0,0,0,0,0,0,0,0,0,0,0,0,0,0,0,0,0,0,0,0,0,0,0,0,0,0,0,0,0,0,0,0,0,0
GF9_C7_D16,32.27525,0,0.74347,1.36911,0,0,0,0,27.91316,25.58898,4.65504,4.30362,0.80729,2.12398,0,0,0.2201,0,0,0,0,0,0,0,0,0,0,0,0,0,0,0,0,0,0,0,0,0,0,0,0,0,0,0,0,0,0,0,0,0,0,0,0,0,0,0
GF9_C7_D17,60.76547,0,5.24339,1.30032,0,0,0,0,16.58223,10.15174,2.9261,2.66851,0.36224,0,0,0,0,0,0,0,0,0,0,0,0,0,0,0,0,0,0,0,0,0,0,0,0,0,0,0,0,0,0,0,0,0,0,0,0,0,0,0,0,0,0,0
GF9_INOC,28.88937,0,1.47799,1.3865,0,0,0,0,39.31708,16.93636,5.05718,3.88223,1.00929,1.53021,0.25016,0,0.26363,0,0,0,0,0,0,0,0,0,0,0,0,0,0,0,0,0,0,0,0,0,0,0,0,0,0,0,0,0,0,0,0,0,0,0,0,0,0,0
Gn3_6B_dam_210806,0,0,100,0,0,0,0,0,0,0,0,0,0,0,0,0,0,0,0,0,0,0,0,0,0,0,0,0,0,0,0,0,0,0,0,0,0,0,0,0,0,0,0,0,0,0,0,0,0,0,0,0,0,0,0,0
Gn3_6B_dam_210818,0,0,100,0,0,0,0,0,0,0,0,0,0,0,0,0,0,0,0,0,0,0,0,0,0,0,0,0,0,0,0,0,0,0,0,0,0,0,0,0,0,0,0,0,0,0,0,0,0,0,0,0,0,0,0,0
Gn3_6C_dam,3.22197,0,0,4.03412,0,0,0,0,59.74592,20.64921,0.76889,0,0.40453,0.26908,5.21828,0.75941,4.15783,0.77078,0,0,0,0,0,0,0,0,0,0,0,0,0,0,0,0,0,0,0,0,0,0,0,0,0,0,0,0,0,0,0,0,0,0,0,0,0,0
Gn3_6Cdam_Stool_210816,4.69768,0,0.63642,9.55139,0,0,0,0,33.20254,34.8881,1.05325,0,0.31584,0.45928,6.42262,0.56742,7.08683,1.11863,0,0,0,0,0,0,0,0,0,0,0,0,0,0,0,0,0,0,0,0,0,0,0,0,0,0,0,0,0,0,0,0,0,0,0,0,0,0
Gn3_6Cdam_Stool_211105-1,0.09598,0,5.35561,3.32839,0,0,0,0,9.36462,29.06784,1.63905,0,0,0.8236,0,0,0,0.24827,0,0,0,0,0,0,0,0,0,0,0,0,0,50.07663,0,0,0,0,0,0,0,0,0,0,0,0,0,0,0,0,0,0,0,0,0,0,0,0
Gn3_6Cdam_Stool_211105-2,0.07121,0,5.03213,3.19191,0,0,0,0,14.07134,26.72932,2.48126,0,0,1.43527,0,0,0,0.20061,0,0,0,0,0,0,0,0,0,0,0,0,0,46.78695,0,0,0,0,0,0,0,0,0,0,0,0,0,0,0,0,0,0,0,0,0,0,0,0
Gn3_6Cdam_Stool_211105-3,0,0,4.33916,3.04077,0,0,0,0,14.63515,32.34761,3.5926,0,0,1.1366,0,0,0,0.12233,0,0,0,0,0,0,0,0,0,0,0,0,0,40.78578,0,0,0,0,0,0,0,0,0,0,0,0,0,0,0,0,0,0,0,0,0,0,0,0
Gn3_6D_dam,7.92656,0,0.9046,5.56005,0,0,0,0,12.91631,56.17476,0.09544,0,1.06261,1.39744,3.97651,2.15362,6.36704,1.46504,0,0,0,0,0,0,0,0,0,0,0,0,0,0,0,0,0,0,0,0,0,0,0,0,0,0,0,0,0,0,0,0,0,0,0,0,0,0
Gn3_6Ddam_Stool,8.08426,0,0,11.55143,0,0,0,0,22.13562,36.87046,0.58585,0,0.69768,1.57041,5.29149,2.70529,7.74539,2.76212,0,0,0,0,0,0,0,0,0,0,0,0,0,0,0,0,0,0,0,0,0,0,0,0,0,0,0,0,0,0,0,0,0,0,0,0,0,0
Gn3_6E_dam,3.67039,0,0,7.79158,0,0,0,0,33.26977,36.67786,0.54069,0,0.41888,1.49363,6.42446,1.12678,7.41163,1.17433,0,0,0,0,0,0,0,0,0,0,0,0,0,0,0,0,0,0,0,0,0,0,0,0,0,0,0,0,0,0,0,0,0,0,0,0,0,0
Gn3_6Edam_Stool,4.82277,0,0.05899,9.27659,0,0,0,0,41.49496,37.30482,0.09103,0,0.20964,0.66963,1.88657,0.62772,2.1902,1.36708,0,0,0,0,0,0,0,0,0,0,0,0,0,0,0,0,0,0,0,0,0,0,0,0,0,0,0,0,0,0,0,0,0,0,0,0,0,0
Gn3_6F_dam,2.97973,0,0,4.16589,0,0,0,0,34.43385,41.75874,1.98718,0,1.57241,0.96714,4.2875,2.59528,3.04198,2.21031,0,0,0,0,0,0,0,0,0,0,0,0,0,0,0,0,0,0,0,0,0,0,0,0,0,0,0,0,0,0,0,0,0,0,0,0,0,0
Gn3_7A_dam,0,0,0.22382,3.58891,0,0,0,0,46.65035,34.23428,1.35135,0,0.5034,0.66501,3.53896,3.46054,2.68968,0.26699,0,0,0,0,0,0,0,0,0,0,0,0,0,2.82669,0,0,0,0,0,0,0,0,0,0,0,0,0,0,0,0,0,0,0,0,0,0,0,0
Gn3_7A_dam_210806,0.2324,0,0.11537,2.38721,0,0,0,0,50.86709,23.26555,3.33789,0,0.4257,0.08534,5.36421,1.52542,3.82242,0.42812,0,0,0,0,0,0,0,0,0,0,0,0,0,8.14327,0,0,0,0,0,0,0,0,0,0,0,0,0,0,0,0,0,0,0,0,0,0,0,0
Gn3_7ADam_Stool_210806,0.95426,0,0.28704,4.85079,0,0,0,0,15.67796,31.16276,0.85784,0,0.47167,0.64125,4.18237,0.93421,2.06902,0.15495,0,0,0,0,0,0,0,0,0,0,0,0,0,37.75589,0,0,0,0,0,0,0,0,0,0,0,0,0,0,0,0,0,0,0,0,0,0,0,0
Gn3_7Adam_Stool_210823,0.1295,0,0.22871,4.35613,0,0,0,0,21.40637,22.65143,1.26357,0,0.32824,0,5.70965,1.07223,3.31383,0.47849,0,0,0,0,0,0,0,0,0,0,0,0,0,39.06184,0,0,0,0,0,0,0,0,0,0,0,0,0,0,0,0,0,0,0,0,0,0,0,0
Gn3_7C_dam,1.75559,0,1.32661,6.87761,0,0,0,0,29.8374,0,1.18425,0,0,1.51933,0,0,0,0.78841,0,0,0,0,0,0,0,0,0,0,0,0,0,55.23694,0.74386,0.27325,0.45675,0,0,0,0,0,0,0,0,0,0,0,0,0,0,0,0,0,0,0,0,0
Gn3_7D_dam_210806,1.10351,0,1.71544,5.47291,0,0,0,0,27.06865,0,2.02774,0,0,0.19586,0,0,0,0,0,0,0,0,0,0,0,0,0,0,0,0,0,61.92805,0.45521,0.03263,0,0,0,0,0,0,0,0,0,0,0,0,0,0,0,0,0,0,0,0,0,0
Gn3_7D_dam_210818,2.4455,0,3.58467,4.91059,0,0,0,0,20.33349,0,2.14387,0,0,1.42817,0,0,0,0,0,0,0,0,0,0,0,0,0,0,0,0,0,64.23431,0.9194,0,0,0,0,0,0,0,0,0,0,0,0,0,0,0,0,0,0,0,0,0,0,0
Gn3_7E_dam,1.33642,0,2.45869,12.28573,0,0,0,0,33.27371,0,3.46939,0,0,0.53647,0,0,0.16737,0,0,0,0,0,0,0,0,0,0,0,0,0,0.36399,45.14846,0.95977,0,0,0,0,0,0,0,0,0,0,0,0,0,0,0,0,0,0,0,0,0,0,0
Gn3_7Edam_Stool,0.60877,0,1.18018,11.55173,0,0,0,0,16.11079,0,0.84668,0,0,0.39558,0,0,3.1135,1.17803,0,0,0,0,0,0,0,0,0,0,0,0,1.17612,63.11701,0.56144,0,0.16017,0,0,0,0,0,0,0,0,0,0,0,0,0,0,0,0,0,0,0,0,0
Gn3_7F_dam,3.95928,0,2.76579,11.89288,0,0,0,0,36.54203,0,0.80779,0,0,0.89953,0,0,0,1.38657,0,0,0,0,0,0,0,0,0,0,0,0,0.42739,39.6409,1.50897,0,0.16888,0,0,0,0,0,0,0,0,0,0,0,0,0,0,0,0,0,0,0,0,0
Gn3_7Fdam_Stool,0.45083,0,2.56779,8.67554,0,0,0,0,31.42434,0,5.30805,0,0,0.62331,0,0,0.16778,0.29628,0,0,0,0,0,0,0,0,0,0,0,0,0.29337,49.16397,1.00985,0,0.01889,0,0,0,0,0,0,0,0,0,0,0,0,0,0,0,0,0,0,0,0,0
Gn3_8Ddam_Stool_211105-2,54.90608,0,0,0,0,0,0,0,0,0,0,0,0,0,0,0,0,0,0,0,0,0,0,0,0,0,0,2.37767,0,0,0,36.06146,0,0,0,0,0.78427,0.00572,0,0,0,0,0,0,0,0,0,1.67558,3.58397,0.60524,0,0,0,0,0,0
Gn3_A_Innoc,10.89169,0,0.2996,5.71807,0,0,0,0,27.23074,26.99102,9.59891,5.28261,1.13158,4.33931,3.21967,2.06725,2.12917,1.10036,0,0,0,0,0,0,0,0,0,0,0,0,0,0,0,0,0,0,0,0,0,0,0,0,0,0,0,0,0,0,0,0,0,0,0,0,0,0
Gn3_A1_Cwash,100,0,0,0,0,0,0,0,0,0,0,0,0,0,0,0,0,0,0,0,0,0,0,0,0,0,0,0,0,0,0,0,0,0,0,0,0,0,0,0,0,0,0,0,0,0,0,0,0,0,0,0,0,0,0,0
Gn3_A1_Stool,62.35437,0,33.8117,3.04447,0,0,0,0,0,0,0.78946,0,0,0,0,0,0,0,0,0,0,0,0,0,0,0,0,0,0,0,0,0,0,0,0,0,0,0,0,0,0,0,0,0,0,0,0,0,0,0,0,0,0,0,0,0
Gn3_A2_Cwash,100,0,0,0,0,0,0,0,0,0,0,0,0,0,0,0,0,0,0,0,0,0,0,0,0,0,0,0,0,0,0,0,0,0,0,0,0,0,0,0,0,0,0,0,0,0,0,0,0,0,0,0,0,0,0,0
Gn3_A3_Cwash,100,0,0,0,0,0,0,0,0,0,0,0,0,0,0,0,0,0,0,0,0,0,0,0,0,0,0,0,0,0,0,0,0,0,0,0,0,0,0,0,0,0,0,0,0,0,0,0,0,0,0,0,0,0,0,0
Gn3_A3_Stool_DoL10,95.93136,0,2.35455,1.7141,0,0,0,0,0,0,0,0,0,0,0,0,0,0,0,0,0,0,0,0,0,0,0,0,0,0,0,0,0,0,0,0,0,0,0,0,0,0,0,0,0,0,0,0,0,0,0,0,0,0,0,0
Gn3_A3_Stool_DoL11,83.46304,0,13.75634,2.78062,0,0,0,0,0,0,0,0,0,0,0,0,0,0,0,0,0,0,0,0,0,0,0,0,0,0,0,0,0,0,0,0,0,0,0,0,0,0,0,0,0,0,0,0,0,0,0,0,0,0,0,0
Gn3_A4_Cwash,32.93247,0,67.06753,0,0,0,0,0,0,0,0,0,0,0,0,0,0,0,0,0,0,0,0,0,0,0,0,0,0,0,0,0,0,0,0,0,0,0,0,0,0,0,0,0,0,0,0,0,0,0,0,0,0,0,0,0
Gn3_A5_Cwash,100,0,0,0,0,0,0,0,0,0,0,0,0,0,0,0,0,0,0,0,0,0,0,0,0,0,0,0,0,0,0,0,0,0,0,0,0,0,0,0,0,0,0,0,0,0,0,0,0,0,0,0,0,0,0,0
Gn3_A5_Stool_Dol10,90.62538,0,7.29638,2.07824,0,0,0,0,0,0,0,0,0,0,0,0,0,0,0,0,0,0,0,0,0,0,0,0,0,0,0,0,0,0,0,0,0,0,0,0,0,0,0,0,0,0,0,0,0,0,0,0,0,0,0,0
Gn3_A5_Stool_dol11,64.40056,0,30.31608,4.74114,0,0,0,0,0.38109,0,0.16112,0,0,0,0,0,0,0,0,0,0,0,0,0,0,0,0,0,0,0,0,0,0,0,0,0,0,0,0,0,0,0,0,0,0,0,0,0,0,0,0,0,0,0,0,0
Gn3_A5_Stool_dol12,82.91662,0,14.5137,2.56968,0,0,0,0,0,0,0,0,0,0,0,0,0,0,0,0,0,0,0,0,0,0,0,0,0,0,0,0,0,0,0,0,0,0,0,0,0,0,0,0,0,0,0,0,0,0,0,0,0,0,0,0
Gn3_A6_Cwash,100,0,0,0,0,0,0,0,0,0,0,0,0,0,0,0,0,0,0,0,0,0,0,0,0,0,0,0,0,0,0,0,0,0,0,0,0,0,0,0,0,0,0,0,0,0,0,0,0,0,0,0,0,0,0,0
Gn3_AB_Innoc,5.19065,0,1.06234,4.86155,0,0,0,0,29.47792,10.70679,6.16737,6.69253,0.02183,2.76093,1.18978,0.84145,2.83835,1.42112,0,0,0,0,0,0,0,0,0,0,0,0,0,26.66766,0,0,0.09973,0,0,0,0,0,0,0,0,0,0,0,0,0,0,0,0,0,0,0,0,0
Gn3_AB10_Cwash,0,0,0,100,0,0,0,0,0,0,0,0,0,0,0,0,0,0,0,0,0,0,0,0,0,0,0,0,0,0,0,0,0,0,0,0,0,0,0,0,0,0,0,0,0,0,0,0,0,0,0,0,0,0,0,0
Gn3_AB10_Stool,100,0,0,0,0,0,0,0,0,0,0,0,0,0,0,0,0,0,0,0,0,0,0,0,0,0,0,0,0,0,0,0,0,0,0,0,0,0,0,0,0,0,0,0,0,0,0,0,0,0,0,0,0,0,0,0
Gn3_AB12_Stool,0,0,0,100,0,0,0,0,0,0,0,0,0,0,0,0,0,0,0,0,0,0,0,0,0,0,0,0,0,0,0,0,0,0,0,0,0,0,0,0,0,0,0,0,0,0,0,0,0,0,0,0,0,0,0,0
Gn3_AB6_Cwash,0,0,0,100,0,0,0,0,0,0,0,0,0,0,0,0,0,0,0,0,0,0,0,0,0,0,0,0,0,0,0,0,0,0,0,0,0,0,0,0,0,0,0,0,0,0,0,0,0,0,0,0,0,0,0,0
Gn3_AB6_Stool,8.25498,0,41.84593,8.88815,0,0,0,0,0,0,0,0,41.01093,0,0,0,0,0,0,0,0,0,0,0,0,0,0,0,0,0,0,0,0,0,0,0,0,0,0,0,0,0,0,0,0,0,0,0,0,0,0,0,0,0,0,0
Gn3_AB7_Cwash,0,0,100,0,0,0,0,0,0,0,0,0,0,0,0,0,0,0,0,0,0,0,0,0,0,0,0,0,0,0,0,0,0,0,0,0,0,0,0,0,0,0,0,0,0,0,0,0,0,0,0,0,0,0,0,0
Gn3_AB7_Stool,4.56992,0,68.06685,3.44766,0,0,0,0,0,0,0,0,23.91557,0,0,0,0,0,0,0,0,0,0,0,0,0,0,0,0,0,0,0,0,0,0,0,0,0,0,0,0,0,0,0,0,0,0,0,0,0,0,0,0,0,0,0
Gn3_AB8_Cwash,18.74076,0,40.31519,0,0,0,0,0,0,0,0,0,40.94405,0,0,0,0,0,0,0,0,0,0,0,0,0,0,0,0,0,0,0,0,0,0,0,0,0,0,0,0,0,0,0,0,0,0,0,0,0,0,0,0,0,0,0
Gn3_AB8_Stool,9.50737,0,48.13495,4.31945,0,0,0,0,9.9813,0,0.41638,0,27.47227,0,0,0,0,0,0,0,0,0,0,0,0,0,0,0,0,0,0,0.16827,0,0,0,0,0,0,0,0,0,0,0,0,0,0,0,0,0,0,0,0,0,0,0,0
Gn3_AB9_Stool,26.30443,0,0,19.13476,0,0,0,0,0.92122,0.40422,0.08928,0,49.03017,0,0,0,0,0,0,0,0,0,0,0,0,0,0,0,0,0,0,4.11592,0,0,0,0,0,0,0,0,0,0,0,0,0,0,0,0,0,0,0,0,0,0,0,0
Gn3_B_Innoc,0.37158,0,2.74643,4.73858,0,0,0,0,19.06539,0,2.52488,12.36733,0,1.63155,0,0,5.55052,1.42507,0,0,0,0,0,0,0,0,0,0,0,0,0.40639,48.52677,0.17561,0.04956,0.41679,0,0,0.00355,0,0,0,0,0,0,0,0,0,0,0,0,0,0,0,0,0,0
Gn3_B1_Stool,0,0,0,100,0,0,0,0,0,0,0,0,0,0,0,0,0,0,0,0,0,0,0,0,0,0,0,0,0,0,0,0,0,0,0,0,0,0,0,0,0,0,0,0,0,0,0,0,0,0,0,0,0,0,0,0
Gn3_B10_Cwash,0,0,100,0,0,0,0,0,0,0,0,0,0,0,0,0,0,0,0,0,0,0,0,0,0,0,0,0,0,0,0,0,0,0,0,0,0,0,0,0,0,0,0,0,0,0,0,0,0,0,0,0,0,0,0,0
Gn3_B11_Cwash,0,0,67.73913,0,0,0,0,0,32.26087,0,0,0,0,0,0,0,0,0,0,0,0,0,0,0,0,0,0,0,0,0,0,0,0,0,0,0,0,0,0,0,0,0,0,0,0,0,0,0,0,0,0,0,0,0,0,0
Gn3_B13_Cwash,44.20131,0,55.79869,0,0,0,0,0,0,0,0,0,0,0,0,0,0,0,0,0,0,0,0,0,0,0,0,0,0,0,0,0,0,0,0,0,0,0,0,0,0,0,0,0,0,0,0,0,0,0,0,0,0,0,0,0
Gn3_B13_Stool,16.88856,0,80.79704,1.00683,0,0,0,0,0,0,0.72941,0,0,0,0,0,0,0,0,0,0,0,0,0,0,0,0,0,0,0,0,0.57817,0,0,0,0,0,0,0,0,0,0,0,0,0,0,0,0,0,0,0,0,0,0,0,0
Gn3_B14_Cwash,3.69645,0,96.30355,0,0,0,0,0,0,0,0,0,0,0,0,0,0,0,0,0,0,0,0,0,0,0,0,0,0,0,0,0,0,0,0,0,0,0,0,0,0,0,0,0,0,0,0,0,0,0,0,0,0,0,0,0
Gn3_B14_Stool,3.63191,0,93.51752,2.78565,0,0,0,0,0,0,0,0,0,0,0,0,0,0,0,0,0,0,0,0,0,0,0,0,0,0,0,0.06492,0,0,0,0,0,0,0,0,0,0,0,0,0,0,0,0,0,0,0,0,0,0,0,0
Gn3_B15_Cwash,29.69494,0,70.30506,0,0,0,0,0,0,0,0,0,0,0,0,0,0,0,0,0,0,0,0,0,0,0,0,0,0,0,0,0,0,0,0,0,0,0,0,0,0,0,0,0,0,0,0,0,0,0,0,0,0,0,0,0
Gn3_B15_Stool,12.74947,0,81.54307,1.54375,0,0,0,0,0,0,2.33632,0,0,1.8274,0,0,0,0,0,0,0,0,0,0,0,0,0,0,0,0,0,0,0,0,0,0,0,0,0,0,0,0,0,0,0,0,0,0,0,0,0,0,0,0,0,0
Gn3_B16_Cwash,8.89775,0,91.10225,0,0,0,0,0,0,0,0,0,0,0,0,0,0,0,0,0,0,0,0,0,0,0,0,0,0,0,0,0,0,0,0,0,0,0,0,0,0,0,0,0,0,0,0,0,0,0,0,0,0,0,0,0
Gn3_B2_Stool,0.50707,0,0,99.16052,0,0,0,0,0,0,0,0,0,0,0,0,0,0,0,0,0,0,0,0,0,0,0,0,0,0,0,0.33241,0,0,0,0,0,0,0,0,0,0,0,0,0,0,0,0,0,0,0,0,0,0,0,0
Gn3_B3_Stool,0.71292,0,0.40138,98.73329,0,0,0,0,0,0,0.04952,0,0,0,0,0,0,0,0,0,0,0,0,0,0,0,0,0,0,0,0,0.10289,0,0,0,0,0,0,0,0,0,0,0,0,0,0,0,0,0,0,0,0,0,0,0,0
Gn3_B4_Stool,0,0,0,100,0,0,0,0,0,0,0,0,0,0,0,0,0,0,0,0,0,0,0,0,0,0,0,0,0,0,0,0,0,0,0,0,0,0,0,0,0,0,0,0,0,0,0,0,0,0,0,0,0,0,0,0
Gn3_B5_Stool,0.39199,0,1.98769,96.26949,0,0,0,0,0,0,0.07507,0,0,0.41543,0,0,0,0,0,0,0,0,0,0,0,0,0,0,0,0,0,0.86034,0,0,0,0,0,0,0,0,0,0,0,0,0,0,0,0,0,0,0,0,0,0,0,0
Gn3_B6_Stool,88.14558,0,0,10.83665,0,0,0,0,0,0,0,0,0,0,0,0,0,0,0,0,0,0,0,0,0,0,0,0,0,0,0,1.01777,0,0,0,0,0,0,0,0,0,0,0,0,0,0,0,0,0,0,0,0,0,0,0,0
Gn3_B7_Stool,0,0,0,100,0,0,0,0,0,0,0,0,0,0,0,0,0,0,0,0,0,0,0,0,0,0,0,0,0,0,0,0,0,0,0,0,0,0,0,0,0,0,0,0,0,0,0,0,0,0,0,0,0,0,0,0
Gn3_B9_Cwash,0,0,80.76159,0,0,0,0,0,19.23841,0,0,0,0,0,0,0,0,0,0,0,0,0,0,0,0,0,0,0,0,0,0,0,0,0,0,0,0,0,0,0,0,0,0,0,0,0,0,0,0,0,0,0,0,0,0,0
Gn3_BP7_Cwash,0,0,92.40859,0,0,0,0,0,7.59141,0,0,0,0,0,0,0,0,0,0,0,0,0,0,0,0,0,0,0,0,0,0,0,0,0,0,0,0,0,0,0,0,0,0,0,0,0,0,0,0,0,0,0,0,0,0,0
Gn3_BP8_Cwash,6.98653,0,82.20422,0,0,0,0,0,10.80925,0,0,0,0,0,0,0,0,0,0,0,0,0,0,0,0,0,0,0,0,0,0,0,0,0,0,0,0,0,0,0,0,0,0,0,0,0,0,0,0,0,0,0,0,0,0,0
Gn3_E1_Cwash,0,0,0,0,0,0,0,0,0,0,0,0,0,0,0,0,0,0,0,0,0,0,0,0,0,0,0,0,0,0,0,0,0,0,0,0,0,0,0,0,0,0,0,0,0,100,0,0,0,0,0,0,0,0,0,0
Gn3_E2_Cwash,0,0,0,0,0,0,0,0,0,0,0,0,0,0,0,0,0,0,0,0,0,0,0,0,0,0,0,0,0,0,0,0,0,0,0,0,0,0,0,0,0,0,0,0,0,100,0,0,0,0,0,0,0,0,0,0
Gn3_F1_Stool,3.89071,0,56.43246,19.30496,0,0,0,0,0,0,0,0,0,0,0,0,0,0,0,0,0,0,0,0,0,0,0,0,0,0,0,20.20773,0,0,0,0,0,0,0,0,0,0,0,0,0,0.16414,0,0,0,0,0,0,0,0,0,0
Gn3_F2_Stool,0.5555,0,66.70632,24.70851,0,0,0,0,0,0,0.07867,0,0,0,0,0,0,0,0,0,0,0,0,0,0,0,0,0,0,0,0,6.54219,0,0,0,0,0,0,0,0,0,0,0,0,0,1.40881,0,0,0,0,0,0,0,0,0,0
Gn4_E_Innoc,40.18147,0,27.69095,3.07713,0,0,0,0,6.56374,0,0,8.13146,0,0.04692,0,0,0,3.0413,0,0,0,4.83724,0,0,0,0,0,0.25066,0,0,0,6.02521,0,0,0.05349,0.03836,0,0,0,0,0,0,0,0,0,0,0,0.04979,0.01228,0,0,0,0,0,0,0
Gn4_F_Innoc,40.86689,0,22.62375,4.65116,0,0,0,0,6.62879,0,0,9.14957,0,0,0,0,0,3.61704,0,0,0,4.67847,0,0,0,0,0,0.26282,0,0,0,7.48916,0,0,0.0193,0.01304,0,0,0,0,0,0,0,0,0,0,0,0,0,0,0,0,0,0,0,0
Gn4_G_Innoc,0,0,6.5465,0,0,0,0,0,0,0,0,0,0,0,0,0,0,0,0,0,0,0,0,0,0,0,0,0,93.4535,0,0,0,0,0,0,0,0,0,0,0,0,0,0,0,0,0,0,0,0,0,0,0,0,0,0,0
Gn4_H_Innoc,0,0,0,6.03998,0,0,0,0,0,0,0,0,0,67.77981,0,0,0,0,0,0,0,0,0,0,0,0,0,0,12.07156,0,0.14381,0,0,0,0.53684,0,0.82772,0,0,0,0,0,0,0,0,0,0,0,3.18045,0,9.41983,0,0,0,0,0
Gn4_I_Innoc,0,0,0,0,0,0,0,0,0,0,0,0,0,0,0,0,0,0,0,0,0,0,0,0,0,0,0,2.97064,0.13755,0,0,33.57878,0,0,0,0,0,0,0,0,0,0,0,0,0,0,0,0,0,63.31304,0,0,0,0,0,0
gnoto1_A_inoc,10.91737,0,0.19147,2.15555,0,0,0,0,49.38212,21.47781,4.02336,4.14021,1.43468,2.06775,1.47396,0.61555,1.89762,0.22255,0,0,0,0,0,0,0,0,0,0,0,0,0,0,0,0,0,0,0,0,0,0,0,0,0,0,0,0,0,0,0,0,0,0,0,0,0,0
gnoto1_AM1_d10,76.10408,0,0,0.23812,0,0,0,0,1.83814,0,1.30774,0,16.59392,3.918,0,0,0,0,0,0,0,0,0,0,0,0,0,0,0,0,0,0,0,0,0,0,0,0,0,0,0,0,0,0,0,0,0,0,0,0,0,0,0,0,0,0
gnoto1_AM1_d20_colon,5.511,0,3.81357,7.57413,0,0,0,0,40.93135,32.15158,7.72203,0,0.80997,1.48637,0,0,0,0,0,0,0,0,0,0,0,0,0,0,0,0,0,0,0,0,0,0,0,0,0,0,0,0,0,0,0,0,0,0,0,0,0,0,0,0,0,0
gnoto1_AM2_d10,70.71699,0,0.10938,2.21389,0,0,0,0,11.77939,0.39561,3.02304,0,9.77388,1.98783,0,0,0,0,0,0,0,0,0,0,0,0,0,0,0,0,0,0,0,0,0,0,0,0,0,0,0,0,0,0,0,0,0,0,0,0,0,0,0,0,0,0
gnoto1_AM2_d20_colon,8.07558,0,3.88041,3.5467,0,0,0,0,33.35696,39.50911,6.34553,0,1.64071,3.645,0,0,0,0,0,0,0,0,0,0,0,0,0,0,0,0,0,0,0,0,0,0,0,0,0,0,0,0,0,0,0,0,0,0,0,0,0,0,0,0,0,0
gnoto1_AM3_d10,36.10949,0,0,3.78593,0,0,0,0,20.72921,0.3225,1.65869,0,36.56423,0.82995,0,0,0,0,0,0,0,0,0,0,0,0,0,0,0,0,0,0,0,0,0,0,0,0,0,0,0,0,0,0,0,0,0,0,0,0,0,0,0,0,0,0
gnoto1_AM3_d20_colon,8.98865,0,4.07954,11.71024,0,0,0,0,44.44766,24.22322,4.79226,0,0.88575,0.87268,0,0,0,0,0,0,0,0,0,0,0,0,0,0,0,0,0,0,0,0,0,0,0,0,0,0,0,0,0,0,0,0,0,0,0,0,0,0,0,0,0,0
gnoto1_AM4_d10,79.6951,0,0,1.13602,0,0,0,0,7.03933,1.80157,1.69071,0,6.85871,1.77856,0,0,0,0,0,0,0,0,0,0,0,0,0,0,0,0,0,0,0,0,0,0,0,0,0,0,0,0,0,0,0,0,0,0,0,0,0,0,0,0,0,0
gnoto1_AM4_d20_colon,7.21276,0,3.5034,5.75981,0,0,0,0,42.3845,32.86842,6.59634,0,0.74863,0.92614,0,0,0,0,0,0,0,0,0,0,0,0,0,0,0,0,0,0,0,0,0,0,0,0,0,0,0,0,0,0,0,0,0,0,0,0,0,0,0,0,0,0
gnoto1_AP1_d10,89.03343,0,9.07621,1.13848,0,0,0,0,0.01749,0,0.73438,0,0,0,0,0,0,0,0,0,0,0,0,0,0,0,0,0,0,0,0,0,0,0,0,0,0,0,0,0,0,0,0,0,0,0,0,0,0,0,0,0,0,0,0,0
gnoto1_AP1_d19_colon,6.34236,0,11.71175,29.43771,0,0,0,0,26.33421,22.57242,3.52192,0,0.07962,0,0,0,0,0,0,0,0,0,0,0,0,0,0,0,0,0,0,0,0,0,0,0,0,0,0,0,0,0,0,0,0,0,0,0,0,0,0,0,0,0,0,0
gnoto1_AP2_d10,97.34535,0,0,1.23535,0,0,0,0,0.80186,0,0.30524,0,0,0.3122,0,0,0,0,0,0,0,0,0,0,0,0,0,0,0,0,0,0,0,0,0,0,0,0,0,0,0,0,0,0,0,0,0,0,0,0,0,0,0,0,0,0
gnoto1_AP2_d19_colon,9.69977,0,7.59108,28.74736,0,0,0,0,27.53452,22.25919,4.16809,0,0,0,0,0,0,0,0,0,0,0,0,0,0,0,0,0,0,0,0,0,0,0,0,0,0,0,0,0,0,0,0,0,0,0,0,0,0,0,0,0,0,0,0,0
gnoto1_AP3_d10,84.23917,0,0,1.58357,0,0,0,0,5.9115,0.30884,1.52333,0,2.64168,3.79191,0,0,0,0,0,0,0,0,0,0,0,0,0,0,0,0,0,0,0,0,0,0,0,0,0,0,0,0,0,0,0,0,0,0,0,0,0,0,0,0,0,0
gnoto1_AP3_d20_colon,9.4934,0,4.89864,15.5292,0,0,0,0,29.83361,30.98364,6.27439,0,0.8531,2.13401,0,0,0,0,0,0,0,0,0,0,0,0,0,0,0,0,0,0,0,0,0,0,0,0,0,0,0,0,0,0,0,0,0,0,0,0,0,0,0,0,0,0
gnoto1_AP4_d10,92.70777,0,0.17326,2.55934,0,0,0,0,3.47484,0.18473,0.90007,0,0,0,0,0,0,0,0,0,0,0,0,0,0,0,0,0,0,0,0,0,0,0,0,0,0,0,0,0,0,0,0,0,0,0,0,0,0,0,0,0,0,0,0,0
gnoto1_AP4_d20_colon,6.09209,0,2.70965,3.23017,0,0,0,0,41.69773,36.56156,7.82243,0,1.58065,0.30572,0,0,0,0,0,0,0,0,0,0,0,0,0,0,0,0,0,0,0,0,0,0,0,0,0,0,0,0,0,0,0,0,0,0,0,0,0,0,0,0,0,0
gnoto1_B_inoc,0.15466,0,1.46039,1.39581,0,0,0,0,26.72549,0,5.90028,3.77903,0,3.1947,0,0,2.31508,0.53943,0,0,0,0,0,0,0,0,0,0,0,0,0.49242,53.48024,0.31419,0.03941,0.20887,0,0,0,0,0,0,0,0,0,0,0,0,0,0,0,0,0,0,0,0,0
gnoto1_BA1_d10,0,0,14.59103,81.98658,0,0,0,0,0.81076,0,1.74548,0,0,0,0,0,0,0,0,0,0,0,0,0,0,0,0,0,0,0,0,0.86614,0,0,0,0,0,0,0,0,0,0,0,0,0,0,0,0,0,0,0,0,0,0,0,0
gnoto1_BA1_d20_colon,0.97786,0,0.35315,3.12993,0,0,0,0,29.75136,0,6.91116,0,0,0.12637,0,0,0,0,0,0,0,0,0,0,0,0,0,0,0,0,0,58.19486,0.5553,0,0,0,0,0,0,0,0,0,0,0,0,0,0,0,0,0,0,0,0,0,0,0
gnoto1_BA2_d10,0,0,28.06622,1.39391,0,0,0,0,0.11094,0,0.57744,0,0,0,0,0,0,0,0,0,0,0,0,0,0,0,0,0,0,0,0,69.85149,0,0,0,0,0,0,0,0,0,0,0,0,0,0,0,0,0,0,0,0,0,0,0,0
gnoto1_BA2_d20_colon,0.9477,0,0.77338,2.94396,0,0,0,0,41.48395,0,10.47756,0,0,0.20302,0,0,0,0,0,0,0,0,0,0,0,0,0,0,0,0,0,42.7647,0.40573,0,0,0,0,0,0,0,0,0,0,0,0,0,0,0,0,0,0,0,0,0,0,0
gnoto1_BA3_d10,1.16285,0,13.71222,2.73923,0,0,0,0,0.03174,0,1.52134,0,0,0,0,0,0,0,0,0,0,0,0,0,0,0,0,0,0,0,0,80.83261,0,0,0,0,0,0,0,0,0,0,0,0,0,0,0,0,0,0,0,0,0,0,0,0
gnoto1_BA3_d20_colon,0.86203,0,1.46459,2.64251,0,0,0,0,25.92709,0,8.01908,0,0,0.31639,0,0,0,0,0,0,0,0,0,0,0,0,0,0,0,0,0,60.15915,0.60915,0,0,0,0,0,0,0,0,0,0,0,0,0,0,0,0,0,0,0,0,0,0,0
gnoto1_BA4_d10,91.54154,0,0,2.89181,0,0,0,0,3.05798,0,1.82379,0,0,0,0,0,0,0,0,0,0,0,0,0,0,0,0,0,0,0,0,0.68489,0,0,0,0,0,0,0,0,0,0,0,0,0,0,0,0,0,0,0,0,0,0,0,0
gnoto1_BA4_d20_colon,1.10225,0,1.79611,3.68556,0,0,0,0,30.71943,0,8.28796,0,0,0.16547,0,0,0,0,0,0,0,0,0,0,0,0,0,0,0,0,0,53.82744,0.41579,0,0,0,0,0,0,0,0,0,0,0,0,0,0,0,0,0,0,0,0,0,0,0
gnoto1_BM1_d10,57.36602,0,21.35809,16.34334,0,0,0,0,0,0,2.62257,0,0,0,0,0,0,0,0,0,0,0,0,0,0,0,0,0,0,0,0,2.30998,0,0,0,0,0,0,0,0,0,0,0,0,0,0,0,0,0,0,0,0,0,0,0,0
gnoto1_BM1_d20_colon,1.69863,0,1.64458,2.39153,0,0,0,0,35.19467,0,7.1803,0,0,0.67528,0,0,0,0,0,0,0,0,0,0,0,0,0,0,0,0,0,51.21501,0,0,0,0,0,0,0,0,0,0,0,0,0,0,0,0,0,0,0,0,0,0,0,0
gnoto1_BM2_d10,81.71507,0,2.26239,11.4325,0,0,0,0,0.5881,0,2.69129,0,0,0,0,0,0,0,0,0,0,0,0,0,0,0,0,0,0,0,0,1.31066,0,0,0,0,0,0,0,0,0,0,0,0,0,0,0,0,0,0,0,0,0,0,0,0
gnoto1_BM2_d20_colon,1.35073,0,0.95061,1.25053,0,0,0,0,37.72709,0,6.66635,0,0,1.77474,0,0,0,0,0,0,0,0,0,0,0,0,0,0,0,0,0,50.27995,0,0,0,0,0,0,0,0,0,0,0,0,0,0,0,0,0,0,0,0,0,0,0,0
gnoto1_BM3_d10,54.1304,0,0.13823,41.50227,0,0,0,0,0.26641,0,1.91173,0,0,0.48494,0,0,0,0,0,0,0,0,0,0,0,0,0,0,0,0,0,1.56603,0,0,0,0,0,0,0,0,0,0,0,0,0,0,0,0,0,0,0,0,0,0,0,0
gnoto1_BM3_d20_colon,1.01243,0,1.41408,2.7126,0,0,0,0,42.31213,0,9.68699,0,0,2.41895,0,0,0,0,0,0,0,0,0,0,0,0,0,0,0,0,0,40.44283,0,0,0,0,0,0,0,0,0,0,0,0,0,0,0,0,0,0,0,0,0,0,0,0
gnoto1_BM4_d10,16.54241,0,49.46164,22.69012,0,0,0,0,0,0,2.50328,0,0,0,0,0,0,0,0,0,0,0,0,0,0,0,0,0,0,0,0,8.80256,0,0,0,0,0,0,0,0,0,0,0,0,0,0,0,0,0,0,0,0,0,0,0,0
gnoto1_BM4_d20_colon,0.3219,0,1.25614,0.55291,0,0,0,0,48.50698,0,9.61718,0,0,0.23029,0,0,0,0,0,0,0,0,0,0,0,0,0,0,0,0,0,39.51458,0,0,0,0,0,0,0,0,0,0,0,0,0,0,0,0,0,0,0,0,0,0,0,0
gnoto1_BM5_d10,38.46364,0,40.49968,11.08766,0,0,0,0,0.77754,0,4.68078,0,0,0,0,0,0,0,0,0,0,0,0,0,0,0,0,0,0,0,0,4.49069,0,0,0,0,0,0,0,0,0,0,0,0,0,0,0,0,0,0,0,0,0,0,0,0
gnoto1_BM5_d20_colon,3.14993,0,3.7439,1.06054,0,0,0,0,63.79924,0,12.49769,0,0,0,0,0,0,0,0,0,0,0,0,0,0,0,0,0,0,0,0,15.7487,0,0,0,0,0,0,0,0,0,0,0,0,0,0,0,0,0,0,0,0,0,0,0,0
gnoto1_BP1_d10,84.16515,0,0,15.62436,0,0,0,0,0,0,0.21049,0,0,0,0,0,0,0,0,0,0,0,0,0,0,0,0,0,0,0,0,0,0,0,0,0,0,0,0,0,0,0,0,0,0,0,0,0,0,0,0,0,0,0,0,0
gnoto1_BP1_d20_colon,0.2007,0,2.0883,4.90437,0,0,0,0,86.08903,0,4.67109,0,0,1.30615,0,0,0,0,0,0,0,0,0,0,0,0,0,0,0,0,0,0.29532,0.44504,0,0,0,0,0,0,0,0,0,0,0,0,0,0,0,0,0,0,0,0,0,0,0
gnoto1_BP2_d10,0,0,0,93.29831,0,0,0,0,0,0,6.70169,0,0,0,0,0,0,0,0,0,0,0,0,0,0,0,0,0,0,0,0,0,0,0,0,0,0,0,0,0,0,0,0,0,0,0,0,0,0,0,0,0,0,0,0,0
gnoto1_BP2_d20_colon,0.57131,0,3.24506,1.05189,0,0,0,0,87.57259,0,5.61002,0,0,0.81193,0,0,0,0,0,0,0,0,0,0,0,0,0,0,0,0,0,0.80467,0.33255,0,0,0,0,0,0,0,0,0,0,0,0,0,0,0,0,0,0,0,0,0,0,0
gnoto1_BP3_d10,84.13322,0,7.56301,6.84667,0,0,0,0,0.02282,0,0.80797,0,0,0,0,0,0,0,0,0,0,0,0,0,0,0,0,0,0,0,0,0.6263,0,0,0,0,0,0,0,0,0,0,0,0,0,0,0,0,0,0,0,0,0,0,0,0
gnoto1_BP3_d20_colon,0,0,4.58898,12.15022,0,0,0,0,70.48322,0,6.48136,0,0,2.14623,0,0,0,0,0,0,0,0,0,0,0,0,0,0,0,0,0,3.47515,0.67485,0,0,0,0,0,0,0,0,0,0,0,0,0,0,0,0,0,0,0,0,0,0,0
gnoto1_BP4_d10,0.19699,0,7.09078,89.78108,0,0,0,0,0.93235,0,1.85985,0,0,0,0,0,0,0,0,0,0,0,0,0,0,0,0,0,0,0,0,0.13895,0,0,0,0,0,0,0,0,0,0,0,0,0,0,0,0,0,0,0,0,0,0,0,0
gnoto1_BP4_d20_colon,0,0,5.10028,2.32346,0,0,0,0,82.67289,0,6.33499,0,0,1.51659,0,0,0,0,0,0,0,0,0,0,0,0,0,0,0,0,0,1.87027,0.18152,0,0,0,0,0,0,0,0,0,0,0,0,0,0,0,0,0,0,0,0,0,0,0
gnoto2_BA1_d10,0.38602,0,14.07533,6.62201,0,0,0,0,0,0,0.51499,0,0,0,0,0,0,0,0,0,0,0,0,0,0,0,0,0,0,0,0,78.40164,0,0,0,0,0,0,0,0,0,0,0,0,0,0,0,0,0,0,0,0,0,0,0,0
gnoto2_BA1_d20_colon,0,0,22.30451,0,0,0,0,0,40.1157,0,4.33126,0,0,0,0,0,0,0,0,0,0,0,0,0,0,0,0,0,0,0,0,33.24854,0,0,0,0,0,0,0,0,0,0,0,0,0,0,0,0,0,0,0,0,0,0,0,0
gnoto2_BA2_d10,0,0,85.58467,14.41533,0,0,0,0,0,0,0,0,0,0,0,0,0,0,0,0,0,0,0,0,0,0,0,0,0,0,0,0,0,0,0,0,0,0,0,0,0,0,0,0,0,0,0,0,0,0,0,0,0,0,0,0
gnoto2_BA2_d20_colon,1.34679,0,3.45897,1.26636,0,0,0,0,24.68001,0,14.05246,0,0,2.31638,0,0,0,0,0,0,0,0,0,0,0,0,0,0,0,0,0,52.87903,0,0,0,0,0,0,0,0,0,0,0,0,0,0,0,0,0,0,0,0,0,0,0,0
gnoto2_BA3_d10,0,0,9.51341,2.87465,0,0,0,0,0.12539,0,0.32952,0,0,0,0,0,0,0,0,0,0,0,0,0,0,0,0,0,0,0,0,87.14499,0,0,0,0,0,0.01205,0,0,0,0,0,0,0,0,0,0,0,0,0,0,0,0,0,0
gnoto2_BA3_d20_colon,3.20387,0,2.82413,0.92539,0,0,0,0,35.37075,0,8.89331,0,0,1.02097,0,0,0,0,0,0,0,0,0,0,0,0,0,0,0,0,0,47.76158,0,0,0,0,0,0,0,0,0,0,0,0,0,0,0,0,0,0,0,0,0,0,0,0
gnoto2_BA4_d10,0.10168,0,6.74014,1.81104,0,0,0,0,0,0,0.45698,0,0,0,0,0,0,0,0,0,0,0,0,0,0,0,0,0,0,0,0,90.88314,0,0,0,0,0,0.00701,0,0,0,0,0,0,0,0,0,0,0,0,0,0,0,0,0,0
gnoto2_BA5_d10,16.8576,0,44.64346,38.49895,0,0,0,0,0,0,0,0,0,0,0,0,0,0,0,0,0,0,0,0,0,0,0,0,0,0,0,0,0,0,0,0,0,0,0,0,0,0,0,0,0,0,0,0,0,0,0,0,0,0,0,0
gnoto2_BA5_d20_colon,2.33383,0,12.7047,4.56905,0,0,0,0,60.33376,0,20.05866,0,0,0,0,0,0,0,0,0,0,0,0,0,0,0,0,0,0,0,0,0,0,0,0,0,0,0,0,0,0,0,0,0,0,0,0,0,0,0,0,0,0,0,0,0
gnoto2_BA6_d20_colon,7.45007,0,5.70929,9.65511,0,0,0,0,55.80518,0,10.62565,0,0,3.16681,0,0,0,0,0,0,0,0,0,0,0,0,0,0,0,0,0,7.58789,0,0,0,0,0,0,0,0,0,0,0,0,0,0,0,0,0,0,0,0,0,0,0,0
gnoto2_BA7_d20_colon,0.88213,0,1.48871,1.63012,0,0,0,0,36.40215,0,10.20114,0,0,0,0,0,0,0,0,0,0,0,0,0,0,0,0,0,0,0,0,49.39575,0,0,0,0,0,0,0,0,0,0,0,0,0,0,0,0,0,0,0,0,0,0,0,0
gnoto2_BM1_d10,0.05842,0,19.2698,2.48443,0,0,0,0,0,0,0.55941,0,0,0,0,0,0,0,0,0,0,0,0,0,0,0,0,0,0,0,0,77.6208,0,0,0,0,0,0.00714,0,0,0,0,0,0,0,0,0,0,0,0,0,0,0,0,0,0
gnoto2_BM1_d20_colon,0.9804,0,0.654,1.01588,0,0,0,0,45.10055,0,6.51953,0,0,0.91587,0,0,0,0,0,0,0,0,0,0,0,0,0,0,0,0,0,44.81376,0,0,0,0,0,0,0,0,0,0,0,0,0,0,0,0,0,0,0,0,0,0,0,0
gnoto2_BM2_d10,0.43202,0,7.49865,2.48278,0,0,0,0,0.06466,0,0.70804,0,0,0,0,0,0,0,0,0,0,0,0,0,0,0,0,0,0,0,0,88.81386,0,0,0,0,0,0,0,0,0,0,0,0,0,0,0,0,0,0,0,0,0,0,0,0
gnoto2_BM2_d20_colon,0,0,0,0,0,0,0,0,21.99666,0,7.37918,0,0,0,0,0,0,0,0,0,0,0,0,0,0,0,0,0,0,0,0,68.90635,0,0,1.71781,0,0,0,0,0,0,0,0,0,0,0,0,0,0,0,0,0,0,0,0,0
gnoto2_BM3_d10,27.6557,0,38.3328,18.36425,0,0,0,0,0.7902,0,4.52238,0,0,0,0,0,0,0,0,0,0,0,0,0,0,0,0,0,0,0,0,10.33467,0,0,0,0,0,0,0,0,0,0,0,0,0,0,0,0,0,0,0,0,0,0,0,0
gnoto2_BM3_d20_colon,2.21137,0,0.96305,1.60281,0,0,0,0,43.60854,0,8.55538,0,0,3.67919,0,0,0,0,0,0,0,0,0,0,0,0,0,0,0,0,0,39.29209,0,0,0.08757,0,0,0,0,0,0,0,0,0,0,0,0,0,0,0,0,0,0,0,0,0
gnoto2_BM4_d10,0,0,8.76568,2.18515,0,0,0,0,0,0,0.39968,0,0,0,0,0,0,0,0,0,0,0,0,0,0,0,0,0,0,0,0,88.6495,0,0,0,0,0,0,0,0,0,0,0,0,0,0,0,0,0,0,0,0,0,0,0,0
gnoto2_BM4_d20_colon,1.08927,0,1.97068,2.37281,0,0,0,0,38.62979,0,10.70728,0,0,2.41134,0,0,0,0,0,0,0,0,0,0,0,0,0,0,0,0,0,42.81883,0,0,0,0,0,0,0,0,0,0,0,0,0,0,0,0,0,0,0,0,0,0,0,0
gnoto2_BM5_d10,4.30075,0,52.84585,5.6849,0,0,0,0,1.82051,0,4.55782,0,0,0,0,0,0,0,0,0,0,0,0,0,0,0,0,0,0,0,0,30.79018,0,0,0,0,0,0,0,0,0,0,0,0,0,0,0,0,0,0,0,0,0,0,0,0
gnoto2_BM5_d20_colon,1.36319,0,1.21376,1.61223,0,0,0,0,47.90579,0,7.52295,0,0,2.43648,0,0,0,0,0,0,0,0,0,0,0,0,0,0,0,0,0,37.94561,0,0,0,0,0,0,0,0,0,0,0,0,0,0,0,0,0,0,0,0,0,0,0,0
gnoto2_BM6_d10,0.28514,0,14.14616,3.85108,0,0,0,0,0.04549,0,0.95869,0,0,0,0,0,0,0,0,0,0,0,0,0,0,0,0,0,0,0,0,80.70732,0,0,0,0,0,0.00612,0,0,0,0,0,0,0,0,0,0,0,0,0,0,0,0,0,0
gnoto2_BM6_d20_colon,1.4781,0,3.66548,2.3597,0,0,0,0,47.28467,0,7.54104,0,0,2.58262,0,0,0,0,0,0,0,0,0,0,0,0,0,0,0,0,0,35.0638,0,0,0.02458,0,0,0,0,0,0,0,0,0,0,0,0,0,0,0,0,0,0,0,0,0
gnoto2_BM7_d10,49.56153,0,37.39103,13.04744,0,0,0,0,0,0,0,0,0,0,0,0,0,0,0,0,0,0,0,0,0,0,0,0,0,0,0,0,0,0,0,0,0,0,0,0,0,0,0,0,0,0,0,0,0,0,0,0,0,0,0,0
gnoto2_BM7_d20_colon,1.47252,0,0.3033,1.92356,0,0,0,0,42.43927,0,9.47379,0,0,1.53141,0,0,0,0,0,0,0,0,0,0,0,0,0,0,0,0,0,42.85616,0,0,0,0,0,0,0,0,0,0,0,0,0,0,0,0,0,0,0,0,0,0,0,0
gnoto2_BP1_d10,0.64709,0,7.96271,82.97053,0,0,0,0,0.76928,0,1.99846,0,0,0,0,0,0,0,0,0,0,0,0,0,0,0,0,0,0,0,0,5.65193,0,0,0,0,0,0,0,0,0,0,0,0,0,0,0,0,0,0,0,0,0,0,0,0
gnoto2_BP1_d20_colon,3.53152,0,6.19827,0.14948,0,0,0,0,70.62396,0,9.62373,0,0,0,0,0,0,0,0,0,0,0,0,0,0,0,0,0,0,0,0,9.53492,0.33812,0,0,0,0,0,0,0,0,0,0,0,0,0,0,0,0,0,0,0,0,0,0,0
gnoto2_BP2_d10,0,0,72.10759,26.69404,0,0,0,0,0,0,0.38964,0,0,0,0,0,0,0,0,0,0,0,0,0,0,0,0,0,0,0,0,0.80874,0,0,0,0,0,0,0,0,0,0,0,0,0,0,0,0,0,0,0,0,0,0,0,0
gnoto2_BP2_d20_colon,0,0,15.93837,0,0,0,0,0,47.21971,0,10.685,5.70652,0,0,0,0,0,0,0,0,0,0,0,0,0,0,0,0,0,0,0,20.45039,0,0,0,0,0,0,0,0,0,0,0,0,0,0,0,0,0,0,0,0,0,0,0,0
gnoto2_BP3_d10,3.21329,0,1.7183,79.74587,0,0,0,0,0.32493,0,6.06666,0,0,0,0,0,0,0,0,0,0,0,0,0,0,0,0,0,0,0,0,8.93095,0,0,0,0,0,0,0,0,0,0,0,0,0,0,0,0,0,0,0,0,0,0,0,0
gnoto2_BP4_d10,0.43256,0,45.23545,25.58876,0,0,0,0,0.10612,0,1.56822,0,0,21.49354,0,0,0,0,0,0,0,0,0,0,0,0,0,0,0,0,0,5.57535,0,0,0,0,0,0,0,0,0,0,0,0,0,0,0,0,0,0,0,0,0,0,0,0
gnoto2_BP4_d20_colon,1.63394,0,4.98896,0.40689,0,0,0,0,83.57613,0,9.39409,0,0,0,0,0,0,0,0,0,0,0,0,0,0,0,0,0,0,0,0,0,0,0,0,0,0,0,0,0,0,0,0,0,0,0,0,0,0,0,0,0,0,0,0,0
gnoto2_BP5_d10,1.05065,0,3.85496,79.01278,0,0,0,0,0,0,4.81114,0,0,0,0,0,0,0,0,0,0,0,0,0,0,0,0,0,0,0,0,11.27047,0,0,0,0,0,0,0,0,0,0,0,0,0,0,0,0,0,0,0,0,0,0,0,0
gnoto2_BP5_d20_colon,1.77802,0,7.10425,0,0,0,0,0,79.21619,0,9.0244,0,0,0,0,0,0,0,0,0,0,0,0,0,0,0,0,0,0,0,0,2.83942,0.03771,0,0,0,0,0,0,0,0,0,0,0,0,0,0,0,0,0,0,0,0,0,0,0
gnoto2_BP6_d10,1.1321,0,7.90248,88.72117,0,0,0,0,0,0,1.75782,0,0,0,0,0,0,0,0,0,0,0,0,0,0,0,0,0,0,0,0,0.48643,0,0,0,0,0,0,0,0,0,0,0,0,0,0,0,0,0,0,0,0,0,0,0,0
gnoto2_BP6_d20_colon,2.51581,0,6.61743,1.56387,0,0,0,0,77.52573,0,8.19077,0,0,0,0,0,0,0,0,0,0,0,0,0,0,0,0,0,0,0,0,3.0899,0.49648,0,0,0,0,0,0,0,0,0,0,0,0,0,0,0,0,0,0,0,0,0,0,0
gnoto2_INOC_microA,11.21409,0,0.4838,1.92606,0,0,0,0,46.55165,21.98422,6.36773,4.5322,1.35392,1.35668,1.36421,0.51759,1.97958,0.36827,0,0,0,0,0,0,0,0,0,0,0,0,0,0,0,0,0,0,0,0,0,0,0,0,0,0,0,0,0,0,0,0,0,0,0,0,0,0
gnoto2_INOC_microB,0,0,3.17118,1.63499,0,0,0,0,32.54764,0,7.68656,11.58497,0,0.36907,0,0,3.76546,0.65076,0,0,0,0,0,0,0,0,0,0,0,0,0.14999,38.14358,0.05256,0,0.24324,0,0,0,0,0,0,0,0,0,0,0,0,0,0,0,0,0,0,0,0,0
GF2_A_dam_d33,0,0,0,6.54769,0,0,0,0,0,0,3.5631,0,0,0,0,0,0,0,0,0,0,0,0,0,0,0,0,0,0,0,0,44.63667,0,0,0,0,0,0,0,0,0,0,0,0,0,0,0,0,0,0,0,45.25254,0,0,0,0
GF2_A_dam_day19,0.52169,0,1.58364,2.21859,0,0,0,0,48.76703,0,9.15543,0,0,0.27251,0,0,0,0,0,0,0,0,0,0,0,0,0,0,0,0,0,15.6948,0.40468,1.37431,0,0,0,0,0,0,0,0,0,0,0,0,0,0,0,0,0,15.17611,4.83122,0,0,0
GF2_A_dam_day29,0,0,0,50.25277,0,0,0,0,0,0,0.58153,0,0,0,0,0,0,0,0,0,0,0,0,0,0,0,0,0,0,0,0,48.24642,0,0,0,0,0,0,0,0,0,0,0,0,0,0,0,0,0,0,0,0.91928,0,0,0,0
GF2_A_day1_dad,0,0,8.69469,12.19561,0,0,0,0,44.15815,0,0.94548,0,0,0.81761,0,0,0,0,0,0,0,0,0,0,0,0,0,0,0,0,0,0,0,0,0,0,0,0,0,0,0,0,0,0,0,0,0,0,0,0,0,0,33.18845,0,0,0
GF2_A_day1_mom,0.01999,0,23.3848,12.60963,0,0,0,0,35.52951,0,1.79871,0,0,2.29681,0,0,0,0,0,0,0,0,0,0,0,0,0,0,0,0,0,0,0.02736,0,0,0,0,0,0,0,0,0,0,0,0,0,0,0,0,0,0,0,24.33319,0,0,0
GF2_A1_d37,0,0,9.13892,1.7272,0,0,0,0,50.67396,0,10.7386,0,0,1.44564,0,0,0,0,0,0,0,0,0,0,0,0,0,0,0,0,0,8.1913,0,0,0,0,0,0,0,0,0,0,0,0,0,0,0,0,0,0,0,4.00587,14.07851,0,0,0
GF2_A1_d39,0.56177,0,3.20354,0.37977,0,0,0,0,40.17734,0,3.20113,0,0,3.59622,0,0,0,0,0,0,0,0,0,0,0,0,0,0,0,0,0,0.07732,0,0,0,0,0,0,0,0,0,0,0,0,0,0,0,0,0,0,0,0,48.8029,0,0,0
GF2_A1_day28,0,0,89.76057,0,0,0,0,0,0,0,0,0,0,10.23943,0,0,0,0,0,0,0,0,0,0,0,0,0,0,0,0,0,0,0,0,0,0,0,0,0,0,0,0,0,0,0,0,0,0,0,0,0,0,0,0,0,0
GF2_A1_day29,0,0,82.18318,1.46092,0,0,0,0,0.72464,0,0.99123,0,0,13.62988,0,0,0,0,0,0,0,0,0,0,0,0,0,0,0,0,0,1.01016,0,0,0,0,0,0,0,0,0,0,0,0,0,0,0,0,0,0,0,0,0,0,0,0
GF2_A1_day30,0,0,84.9591,0,0,0,0,0,0,0,0,0,0,15.0409,0,0,0,0,0,0,0,0,0,0,0,0,0,0,0,0,0,0,0,0,0,0,0,0,0,0,0,0,0,0,0,0,0,0,0,0,0,0,0,0,0,0
GF2_A1_day31,0,0,83.83685,2.23375,0,0,0,0,0,0,0,0,0,13.9294,0,0,0,0,0,0,0,0,0,0,0,0,0,0,0,0,0,0,0,0,0,0,0,0,0,0,0,0,0,0,0,0,0,0,0,0,0,0,0,0,0,0
GF2_A1_day32,0,0,76.11951,7.36537,0,0,0,0,0,0,0,0,0,13.47405,0,0,0,0,0,0,0,0,0,0,0,0,0,0,0,0,0,0.93006,0,0,0,0,0,0,0,0,0,0,0,0,0,0,0,0,0,0,0,2.11102,0,0,0,0
GF2_A1_day41,0.89595,0,1.46835,0,0,0,0,0,48.56652,0,2.94628,0,0,14.78662,0,0,0,0,0,0,0,0,0,0,0,0,0,0,0,0,0,5.11866,0,0,0,0,0,0,0,0,0,0,0,0,0,0,0,0,0,0,0,0.08093,26.13669,0,0,0
GF2_A1_day42,0,0,0.02882,0,0,0,0,0,11.96725,0,0.00906,0,0,84.28957,0,0,0,0,0,0,0,0,0,0,0,0,0,0,0,0,0,3.49705,0,0,0,0,0,0,0,0,0,0,0,0,0,0,0,0,0,0,0,0.09924,0.10902,0,0,0
GF2_A1_day44,0,0,0.06795,0,0,0,0,0,4.04889,0,0,0,0,87.58547,0,0,0,0,0,0,0,0,0,0,0,0,0,0,0,0,0,4.0194,0,0,0,0,0,0,0,0,0,0,0,0,0,0,0,0,0,0,0,4.27829,0,0,0,0
GF2_A2_Colon,0.02308,0,0.98703,0.24584,0,0,0,0,14.29794,0,3.08479,0,0,51.13379,0,0,0,0,0,0,0,0,0,0,0,0,0,0,0,0,0,16.92481,0.08811,0,0,0,0,0,0,0,0,0,0,0,0,0,0,0,0,0,0,12.61808,0.59653,0,0,0
GF2_A2_d36,0,0,5.01675,0.51309,0,0,0,0,79.80177,0,4.60557,0,0,0.4807,0,0,0,0,0,0,0,0,0,0,0,0,0,0,0,0,0,1.44625,0,0,0,0,0,0,0,0,0,0,0,0,0,0,0,0,0,0,0,7.84604,0.28984,0,0,0
GF2_A2_D37,0,0,2.42369,3.45469,0,0,0,0,49.90323,0,6.87959,0,0,0,0,0,0,0,0,0,0,0,0,0,0,0,0,0,0,0,0,0.93074,0,0,0,0,0,0,0,0,0,0,0,0,0,0,0,0,0,0,0,0.84672,35.56135,0,0,0
GF2_A2_d39,1.53653,0,2.03609,0.74263,0,0,0,0,43.89717,0,2.85737,0,0,2.50975,0,0,0,0,0,0,0,0,0,0,0,0,0,0,0,0,0,0.04671,0,0,0,0,0,0,0,0,0,0,0,0,0,0,0,0,0,0,0,0,46.37376,0,0,0
GF2_A2_day28,0,0,88.77536,0,0,0,0,0,0,0,0,0,0,11.22464,0,0,0,0,0,0,0,0,0,0,0,0,0,0,0,0,0,0,0,0,0,0,0,0,0,0,0,0,0,0,0,0,0,0,0,0,0,0,0,0,0,0
GF2_A2_day29,0,0,84.60121,0.48981,0,0,0,0,0,0,0,0,0,14.84439,0,0,0,0,0,0,0,0,0,0,0,0,0,0,0,0,0,0.06459,0,0,0,0,0,0,0,0,0,0,0,0,0,0,0,0,0,0,0,0,0,0,0,0
GF2_A2_day30,0,0,65.22154,3.2754,0,0,0,0,3.92456,0,1.62813,0,0,25.26462,0,0,0,0,0,0,0,0,0,0,0,0,0,0,0,0,0,0.6281,0,0,0,0,0,0,0,0,0,0,0,0,0,0,0,0,0,0,0,0,0.05765,0,0,0
GF2_A2_day31,0,0,66.37419,2.05066,0,0,0,0,0,0,0,0,0,31.57514,0,0,0,0,0,0,0,0,0,0,0,0,0,0,0,0,0,0,0,0,0,0,0,0,0,0,0,0,0,0,0,0,0,0,0,0,0,0,0,0,0,0
GF2_A2_day32,0,0,78.32072,2.84161,0,0,0,0,0,0,0,0,0,18.83767,0,0,0,0,0,0,0,0,0,0,0,0,0,0,0,0,0,0,0,0,0,0,0,0,0,0,0,0,0,0,0,0,0,0,0,0,0,0,0,0,0,0
GF2_A2_day34,0,0,0,35.42154,0,0,0,0,0,0,0.39482,0,0,6.74754,0,0,0,0,0,0,0,0,0,0,0,0,0,0,0,0,0,13.48075,0,0,0,0,0,0,0,0,0,0,0,0,0,0,0,0,0,0,0,43.95535,0,0,0,0
GF2_A2_day41,1.25076,0,1.78403,0.05561,0,0,0,0,54.6999,0,5.61668,0,0,15.42272,0,0,0,0,0,0,0,0,0,0,0,0,0,0,0,0,0,1.43127,0.12555,0,0,0,0,0,0,0,0,0,0,0,0,0,0,0,0,0,0,1.43374,18.17974,0,0,0
GF2_A2_day42,1.91192,0,2.08719,1.36556,0,0,0,0,51.27172,0,2.15406,0,0,10.93502,0,0,0,0,0,0,0,0,0,0,0,0,0,0,0,0,0,10.50497,0.57868,0,0,0,0,0,0,0,0,0,0,0,0,0,0,0,0,0,0,4.60106,14.58983,0,0,0
GF2_A2_day44,0.47367,0,1.12329,0.85665,0,0,0,0,24.2978,0,0.47646,0,0,14.5154,0,0,0,0,0,0,0,0,0,0,0,0,0,0,0,0,0,40.9362,0.19209,0,0,0,0,0,0,0,0,0,0,0,0,0,0,0,0,0,0,12.00705,5.12139,0,0,0
GF2_A25_N713,3.03344,0,0,1.93782,0,0,0,0,71.84125,0,8.44659,5.13646,0.72687,0.34539,3.5561,0,4.18581,0.79028,0,0,0,0,0,0,0,0,0,0,0,0,0,0,0,0,0,0,0,0,0,0,0,0,0,0,0,0,0,0,0,0,0,0,0,0,0,0
GF2_A3_Colon,0.8641,0,0.86212,0.98156,0,0,0,0,21.72277,0,4.28947,0,0,21.31849,0,0,0,0,0,0,0,0,0,0,0,0,0,0,0,0,0,24.76606,0.15941,0,0,0,0,0,0,0,0,0,0,0,0,0,0,0,0,0,0,24.5727,0.34994,0.11337,0,0
GF2_A3_d37,0,0,4.46613,0.53301,0,0,0,0,62.67737,0,9.69333,0,0,0.24901,0,0,0,0,0,0,0,0,0,0,0,0,0,0,0,0,0,11.02884,0,0,0,0,0,0,0,0,0,0,0,0,0,0,0,0,0,0,0,9.39627,1.95604,0,0,0
GF2_A3_d39,0.21277,0,3.19789,0.11243,0,0,0,0,39.72331,0,6.5012,0,0,3.57,0,0,0,0,0,0,0,0,0,0,0,0,0,0,0,0,0,20.77757,0,0,0,0,0,0,0,0,0,0,0,0,0,0,0,0,0,0,0,20.7956,5.10924,0,0,0
GF2_A3_day28,0,0,100,0,0,0,0,0,0,0,0,0,0,0,0,0,0,0,0,0,0,0,0,0,0,0,0,0,0,0,0,0,0,0,0,0,0,0,0,0,0,0,0,0,0,0,0,0,0,0,0,0,0,0,0,0
GF2_A3_day30,0,0,71.71228,1.99916,0,0,0,0,3.71368,0,1.37387,0,0,19.94384,0,0,0,0,0,0,0,0,0,0,0,0,0,0,0,0,0,1.21235,0,0,0,0,0,0,0,0,0,0,0,0,0,0,0,0,0,0,0,0,0.04482,0,0,0
GF2_A3_day32,0,0,79.56077,9.70975,0,0,0,0,0,0,0,0,0,10.20759,0,0,0,0,0,0,0,0,0,0,0,0,0,0,0,0,0,0.37707,0,0,0,0,0,0,0,0,0,0,0,0,0,0,0,0,0,0,0,0.14481,0,0,0,0
GF2_A3_day41,0.72215,0,1.48811,0.23081,0,0,0,0,16.76764,0,2.59414,0,0,6.23296,0,0,0,0,0,0,0,0,0,0,0,0,0,0,0,0,0,36.94312,0,0,0,0,0,0,0,0,0,0,0,0,0,0,0,0,0,0,0,32.8043,2.21677,0,0,0
GF2_A3_day42,0,0,0,0,0,0,0,0,0,0,0,0,0,100,0,0,0,0,0,0,0,0,0,0,0,0,0,0,0,0,0,0,0,0,0,0,0,0,0,0,0,0,0,0,0,0,0,0,0,0,0,0,0,0,0,0
GF2_A4_Colon,0,0,0,0,0,0,0,0,21.25493,0,0.8625,0,0,69.15701,0,0,0,0,0,0,0,0,0,0,0,0,0,0,0,0,0,3.418,0,0,0,0,0,0,0,0,0,0,0,0,0,0,0,0,0,0,0,5.30756,0,0,0,0
GF2_A4_d36,0,0,5.30424,0.53731,0,0,0,0,79.78053,0,4.91074,0,0,0.6656,0,0,0,0,0,0,0,0,0,0,0,0,0,0,0,0,0,0.7017,0,0,0,0,0,0,0,0,0,0,0,0,0,0,0,0,0,0,0,7.48881,0.61106,0,0,0
GF2_A4_d37,0.18779,0,6.04856,1.7898,0,0,0,0,62.99098,0,6.27962,0,0,0.43059,0,0,0,0,0,0,0,0,0,0,0,0,0,0,0,0,0,0.32294,0,0,0,0,0,0,0,0,0,0,0,0,0,0,0,0,0,0,0,4.53462,17.4151,0,0,0
GF2_A4_D39,1.87237,0,3.55276,0.03055,0,0,0,0,49.93185,0,5.86733,0,0,5.67089,0,0,0,0,0,0,0,0,0,0,0,0,0,0,0,0,0,0.2177,0,0,0,0,0,0,0,0,0,0,0,0,0,0,0,0,0,0,0,0,32.85655,0,0,0
GF2_A4_day28,0,0,78.06725,0,0,0,0,0,0,0,0,0,0,21.93275,0,0,0,0,0,0,0,0,0,0,0,0,0,0,0,0,0,0,0,0,0,0,0,0,0,0,0,0,0,0,0,0,0,0,0,0,0,0,0,0,0,0
GF2_A4_day29,0,0,67.2926,1.63568,0,0,0,0,0.47763,0,1.3317,0,0,28.47914,0,0,0,0,0,0,0,0,0,0,0,0,0,0,0,0,0,0.78325,0,0,0,0,0,0,0,0,0,0,0,0,0,0,0,0,0,0,0,0,0,0,0,0
GF2_A4_day30,0,0,61.90847,1.4952,0,0,0,0,0,0,1.51394,0,0,34.45468,0,0,0,0,0,0,0,0,0,0,0,0,0,0,0,0,0,0.6277,0,0,0,0,0,0,0,0,0,0,0,0,0,0,0,0,0,0,0,0,0,0,0,0
GF2_A4_day31,0,0,79.48531,0.49651,0,0,0,0,0,0,0,0,0,20.01818,0,0,0,0,0,0,0,0,0,0,0,0,0,0,0,0,0,0,0,0,0,0,0,0,0,0,0,0,0,0,0,0,0,0,0,0,0,0,0,0,0,0
GF2_A4_day32,0,0,52.15075,12.22842,0,0,0,0,0.09376,0,0.66889,0,0,26.52319,0,0,0,0,0,0,0,0,0,0,0,0,0,0,0,0,0,5.23681,0,0,0,0,0,0,0,0,0,0,0,0,0,0,0,0,0,0,0,3.09818,0,0,0,0
GF2_A4_day41,1.53029,0,2.46622,0.22292,0,0,0,0,28.22368,0,2.24263,0,0,2.72403,0,0,0,0,0,0,0,0,0,0,0,0,0,0,0,0,0,31.78567,0.23275,0,0,0,0,0,0,0,0,0,0,0,0,0,0,0,0,0,0,27.56735,3.00447,0,0,0
GF2_A4_day42,0.74349,0,0.96427,0.48804,0,0,0,0,15.19166,0,1.66048,0,0,40.06209,0,0,0,0,0,0,0,0,0,0,0,0,0,0,0,0,0,23.61127,0.13992,0,0,0,0,0,0,0,0,0,0,0,0,0,0,0,0,0,0,15.64616,1.49262,0,0,0
GF2_A4_day44,0,0,0,0,0,0,0,0,0.50229,0,0,0,0,99.49771,0,0,0,0,0,0,0,0,0,0,0,0,0,0,0,0,0,0,0,0,0,0,0,0,0,0,0,0,0,0,0,0,0,0,0,0,0,0,0,0,0,0
GF2_A5_Colon,0,0,0.07243,0.0615,0,0,0,0,5.71732,0,1.35497,0,0,74.77579,0,0,0,0,0,0,0,0,0,0,0,0,0,0,0,0,0,7.21546,0,0,0,0,0,0,0,0,0,0,0,0,0,0,0,0,0,0,0,10.44084,0.09418,0.26751,0,0
GF2_A5_d39,0.42145,0,1.63048,0.27119,0,0,0,0,28.80327,0,5.15838,0,0,5.23954,0,0,0,0,0,0,0,0,0,0,0,0,0,0,0,0,0,26.80894,0,0,0,0,0,0,0,0,0,0,0,0,0,0,0,0,0,0,0,26.12804,5.53871,0,0,0
GF2_A5_day28,0,0,100,0,0,0,0,0,0,0,0,0,0,0,0,0,0,0,0,0,0,0,0,0,0,0,0,0,0,0,0,0,0,0,0,0,0,0,0,0,0,0,0,0,0,0,0,0,0,0,0,0,0,0,0,0
GF2_A5_day31,0,0,67.61136,6.48471,0,0,0,0,0,0,0,0,0,25.90393,0,0,0,0,0,0,0,0,0,0,0,0,0,0,0,0,0,0,0,0,0,0,0,0,0,0,0,0,0,0,0,0,0,0,0,0,0,0,0,0,0,0
GF2_A5_day32,0,0,71.90868,11.6873,0,0,0,0,0,0,0,0,0,16.40402,0,0,0,0,0,0,0,0,0,0,0,0,0,0,0,0,0,0,0,0,0,0,0,0,0,0,0,0,0,0,0,0,0,0,0,0,0,0,0,0,0,0
GF2_A5_day42,0,0,0,0,0,0,0,0,30.52504,0,4.31273,0,0,4.43293,0,0,0,0,0,0,0,0,0,0,0,0,0,0,0,0,0,17.71243,0,0,0,0,0,0,0,0,0,0,0,0,0,0,0,0,0,0,0,42.65047,0.36641,0,0,0
GF2_A6_Colon,0,0,0,0.23557,0,0,0,0,17.77323,0,1.90709,0,0,60.06624,0,0,0,0,0,0,0,0,0,0,0,0,0,0,0,0,0,10.96538,0,0,0,0,0,0,0,0,0,0,0,0,0,0,0,0,0,0,0,9.05248,0,0,0,0
GF2_A6_d33,0,0,34.47226,28.00645,0,0,0,0,0,0,0.17846,0,0,24.49168,0,0,0,0,0,0,0,0,0,0,0,0,0,0,0,0,0,1.84768,0,0,0,0,0,0,0,0,0,0,0,0,0,0,0,0,0,0,0,11.00346,0,0,0,0
GF2_A6_d36,0,0,5.46251,1.19456,0,0,0,0,71.61009,0,8.96516,0,0,0.84167,0,0,0,0,0,0,0,0,0,0,0,0,0,0,0,0,0,3.45934,0,0,0,0,0,0,0,0,0,0,0,0,0,0,0,0,0,0,0,7.38418,1.08249,0,0,0
GF2_A6_d37,0,0,5.52095,1.14538,0,0,0,0,54.23095,0,12.86519,0,0,0.25353,0,0,0,0,0,0,0,0,0,0,0,0,0,0,0,0,0,2.42301,0,0,0,0,0,0,0,0,0,0,0,0,0,0,0,0,0,0,0,0.87062,22.69037,0,0,0
GF2_A6_D39,0.30337,0,1.75247,0,0,0,0,0,67.67703,0,3.23113,0,0,0.80937,0,0,0,0,0,0,0,0,0,0,0,0,0,0,0,0,0,0,0,0,0,0,0,0,0,0,0,0,0,0,0,0,0,0,0,0,0,0,26.22661,0,0,0
GF2_A6_day28,0,0,85.85905,0.74328,0,0,0,0,0,0,0.04513,0,0,13.3434,0,0,0,0,0,0,0,0,0,0,0,0,0,0,0,0,0,0.00914,0,0,0,0,0,0,0,0,0,0,0,0,0,0,0,0,0,0,0,0,0,0,0,0
GF2_A6_day29,0.38469,0,84.43064,1.37629,0,0,0,0,0,0,0.12292,0,0,12.69717,0,0,0,0,0,0,0,0,0,0,0,0,0,0,0,0,0,0.98828,0,0,0,0,0,0,0,0,0,0,0,0,0,0,0,0,0,0,0,0,0,0,0,0
GF2_A6_day30,0,0,74.55479,1.26434,0,0,0,0,0.20891,0,0.48378,0,0,22.93328,0,0,0,0,0,0,0,0,0,0,0,0,0,0,0,0,0,0.5549,0,0,0,0,0,0,0,0,0,0,0,0,0,0,0,0,0,0,0,0,0,0,0,0
GF2_A6_day31,0,0,63.90758,8.77861,0,0,0,0,0,0,0,0,0,24.93868,0,0,0,0,0,0,0,0,0,0,0,0,0,0,0,0,0,0.22546,0,0,0,0,0,0,0,0,0,0,0,0,0,0,0,0,0,0,0,2.14968,0,0,0,0
GF2_A6_day32,0,0,56.35431,10.92731,0,0,0,0,0,0,0,0,0,28.36563,0,0,0,0,0,0,0,0,0,0,0,0,0,0,0,0,0,0,0,0,0,0,0,0,0,0,0,0,0,0,0,0,0,0,0,0,0,4.35275,0,0,0,0
GF2_A6_day44,1.01915,0,1.21733,2.6204,0,0,0,0,23.85396,0,2.4104,0,0,9.36516,0,0,0,0,0,0,0,0,0,0,0,0,0,0,0,0,0,32.63162,0.15432,0,0,0,0,0,0,0,0,0,0,0,0,0,0,0,0,0,0,25.92474,0.77285,0.03007,0,0
GF2_B_dam_d33,0.17664,0,0.6655,0.81772,0,0,0,0,32.471,0,4.29752,8.74974,0,0.09382,0,0,0,0.11534,0,0,0,0,0,0,0,0,0,0,0,0,0,40.71484,0.03167,0,0,0,0,0,0,0,0,0,0,0,0,0,0,0,0,0,0,5.54115,6.32506,0,0,0
GF2_B_dam_day19,0.02021,0,0.65594,0.95291,0,0,0,0,31.9238,0,4.54987,11.35048,0,0.04376,0,0,0.50219,0.06214,0,0,0,0,0,0,0,0,0,0,0,0,0,32.67103,0,0,0,0,0,0,0,0,0,0,0,0,0,0,0,0,0,0,0,8.58366,8.684,0,0,0
GF2_B_dam_day37,0.28524,0,0.66251,0.42786,0,0,0,0,37.4712,0,6.1414,9.08839,0,0,0,0,0.71601,0.32179,0,0,0,0,0,0,0,0,0,0,0,0,0,28.72901,0,0,0,0,0,0,0,0,0,0,0,0,0,0,0,0,0,0,0,8.0983,8.05828,0,0,0
GF2_B_day1_dad,0,0,6.76247,13.39753,0,0,0,0,45.00341,0,0,0,0,0.42815,0,0,0,0,0,0,0,0,0,0,0,0,0,0,0,0,0.01138,0,0,0,0,0,0,0,0,0,0,0,0,0,0,0,0,0,0,0,0,0,34.39706,0,0,0
GF2_B_day1_mom,0,0,8.46508,9.72648,0,0,0,0,30.80134,0,1.91646,0,0,0.85086,0,0,0,0,0,0,0,0,0,0,0,0,0,0,0,0,0,0,0,0,0,0,0,0,0,0,0,0,0,0,0,0,0,0,0,0,0,0,48.23978,0,0,0
GF2_B_Sire_day23,0,0,0,0,0,0,0,0,31.34926,0,3.97112,8.04439,0,0,1.24659,0,3.91743,1.1659,0,0,0,0,0,0,0,0,0,0,0,0,0,38.09261,0,0,0,0,0,0,0,0,0,0,0,0,0,0,0,0,0,0,0,7.93488,3.46681,0.811,0,0
GF2_B1_d34,1.69899,0,2.67043,0.15304,0,0,0,0,49.84696,0,3.4161,0,0,0.0964,0,0,0,0,0,0,0,0,0,0,0,0,0,0,0,0,0,1.0412,0,0,0,0,0,0,0,0,0,0,0,0,0,0,0,0,0,0,0,32.10185,8.97502,0,0,0
GF2_B1_d35,0.84079,0,1.25733,0,0,0,0,0,45.89495,0,3.54017,0,0,0,0,0,0,0,0,0,0,0,0,0,0,0,0,0,0,0,0,5.08534,0,0,0,0,0,0,0,0,0,0,0,0,0,0,0,0,0,0,0,30.7593,12.62212,0,0,0
GF2_B1_day29,0.06792,0,42.32997,1.58645,0,0,0,0,41.93552,0,1.8456,0.15632,0,8.1111,0,0,0,0,0,0,0,0,0,0,0,0,0,0,0,0,0,1.24473,0,0,0,0,0,0,0,0,0,0,0,0,0,0,0,0,0,0,0,0,2.7224,0,0,0
GF2_B1_day32,1.47344,0,6.02669,0.19394,0,0,0,0,77.27192,0,3.63769,0,0,0.19906,0,0,0,0.88799,0,0,0,0,0,0,0,0,0,0,0,0,0,0.27142,0,0,0,0,0,0,0,0,0,0,0,0,0,0,0,0,0,0,0,6.4125,3.62536,0,0,0
GF2_B1_day37,0.24973,0,0.8125,0.01522,0,0,0,0,34.11155,0,2.47118,0,0,0,0,0,0,0,0,0,0,0,0,0,0,0,0,0,0,0,0,34.36442,0,0,0,0,0,0,0,0,0,0,0,0,0,0,0,0,0,0,0,22.05383,5.92158,0,0,0
GF2_B1_day41,0.28165,0,0.57453,0,0,0,0,0,29.24541,0,2.84986,4.31379,0,5.11747,0,0,0,0,0,0,0,0,0,0,0,0,0,0,0,0,0,38.51074,0,0,0,0,0,0,0,0,0,0,0,0,0,0,0,0,0,0,0,16.53734,2.5692,0,0,0
GF2_B1_day44,0.60461,0,0.96054,0.74275,0,0,0,0,17.13323,0,0.74157,4.06901,0,6.2314,0,0,1.02181,1.97102,0,0,0,0,0,0,0,0,0,0,0,0,0,49.66119,0.20192,0.20556,0,0,0,0,0,0,0,0,0,0,0,0,0,0,0,0,0,14.972,0.91937,0.56401,0,0
GF2_B2_d35,1.90038,0,2.08945,0.0747,0,0,0,0,55.34266,0,2.81663,0,0,0.04744,0,0,0,0,0,0,0,0,0,0,0,0,0,0,0,0,0,4.10295,0.03511,0,0,0,0,0,0,0,0,0,0,0,0,0,0,0,0,0,0,24.2945,9.29617,0,0,0
GF2_B2_day27,0,0,85.78087,0,0,0,0,0,0,0,0.83807,0,0,12.94473,0,0,0,0,0,0,0,0,0,0,0,0,0,0,0,0,0,0.43633,0,0,0,0,0,0,0,0,0,0,0,0,0,0,0,0,0,0,0,0,0,0,0,0
GF2_B2_day28,0,0,81.22675,0.28508,0,0,0,0,1.4928,0,1.40852,0,0,14.97562,0,0,0,0,0,0,0,0,0,0,0,0,0,0,0,0,0,0.61122,0,0,0,0,0,0,0,0,0,0,0,0,0,0,0,0,0,0,0,0,0,0,0,0
GF2_B2_day29,0,0,37.13167,0.46634,0,0,0,0,39.01473,0,1.66989,0,0,15.20343,0,0,0,1.31203,0,0,0,0,0,0,0,0,0,0,0,0,0,2.72775,0,0,0,0,0,0,0,0,0,0,0,0,0,0,0,0,0,0,0,0,2.47415,0,0,0
GF2_B2_day30,1.15369,0,7.88141,1.08223,0,0,0,0,73.78406,0,4.78563,0,0,2.16871,0,0,0,0.06206,0,0,0,0,0,0,0,0,0,0,0,0,0,1.48637,0,0,0,0,0,0,0,0,0,0,0,0,0,0,0,0,0,0,0,1.67397,5.92186,0,0,0
GF2_B2_day31,0.46873,0,2.46749,0.25394,0,0,0,0,85.83069,0,3.08864,0,0,0.26881,0,0,0,0,0,0,0,0,0,0,0,0,0,0,0,0,0,0.21286,0,0,0,0,0,0,0,0,0,0,0,0,0,0,0,0,0,0,0,0.4744,6.93444,0,0,0
GF2_B2_day37,0.42985,0,0.63452,0,0,0,0,0,43.20321,0,3.62016,0,0,0,0,0,0,0,0,0,0,0,0,0,0,0,0,0,0,0,0,22.45169,0,0,0,0,0,0,0,0,0,0,0,0,0,0,0,0,0,0,0,24.34081,5.31975,0,0,0
GF2_B2_day41,0.58946,0,1.19211,0.42331,0,0,0,0,27.37345,0,1.91903,4.2134,0,5.75307,0,0,0,0.42144,0,0,0,0,0,0,0,0,0,0,0,0,0,36.82502,0.07274,0.11437,0,0,0,0,0,0,0,0,0,0,0,0,0,0,0,0,0,18.73094,2.37165,0,0,0
GF2_B2_day44,0,0,0,0,0,0,0,0,0.34959,0,0,0,0,99.02086,0,0,0,0,0,0,0,0,0,0,0,0,0,0,0,0,0,0.52495,0,0,0,0,0,0,0,0,0,0,0,0,0,0,0,0,0,0,0,0.10461,0,0,0,0
GF2_B3_d35,2.77299,0,1.98734,0.03252,0,0,0,0,47.00947,0,3.9127,0,0,0,0,0,0,0,0,0,0,0,0,0,0,0,0,0,0,0,0,0.33638,0,0,0,0,0,0,0,0,0,0,0,0,0,0,0,0,0,0,0,28.20579,15.74282,0,0,0
GF2_B3_day27,0,0,85.3034,1.59287,0,0,0,0,2.06296,0,1.57634,0,0,7.58158,0,0,0,0,0,0,0,0,0,0,0,0,0,0,0,0,0,1.88285,0,0,0,0,0,0,0,0,0,0,0,0,0,0,0,0,0,0,0,0,0,0,0,0
GF2_B3_day28,0,0,66.44427,0.98959,0,0,0,0,21.68945,0,2.44363,0,0,7.42328,0,0,0,0,0,0,0,0,0,0,0,0,0,0,0,0,0,1.00977,0,0,0,0,0,0,0,0,0,0,0,0,0,0,0,0,0,0,0,0,0,0,0,0
GF2_B3_day31,0.49787,0,2.53361,0.19846,0,0,0,0,80.13711,0,3.39025,0,0,0.38521,0,0,0,0,0,0,0,0,0,0,0,0,0,0,0,0,0,0.40551,0,0,0,0,0,0,0,0,0,0,0,0,0,0,0,0,0,0,0,0.04009,12.41191,0,0,0
GF2_B3_day37,0.85922,0,0.43499,0,0,0,0,0,34.43344,0,2.57014,0,0,0,0,0,0,0,0,0,0,0,0,0,0,0,0,0,0,0,0,29.93083,0,0,0,0,0,0,0,0,0,0,0,0,0,0,0,0,0,0,0,26.58328,5.18811,0,0,0
GF2_B3_day41,0.21303,0,0.94514,0.32699,0,0,0,0,28.04035,0,2.60842,3.68736,0,2.68081,0,0,0,0,0,0,0,0,0,0,0,0,0,0,0,0,0,40.48954,0,0,0,0,0,0,0,0,0,0,0,0,0,0,0,0,0,0,0,18.59646,2.41189,0,0,0
GF2_B3_day44,0,0,0,0,0,0,0,0,6.17548,0,0,0.44086,0,91.39104,0,0,0.10634,0.03042,0,0,0,0,0,0,0,0,0,0,0,0,0,1.29406,0,0,0,0,0,0,0,0,0,0,0,0,0,0,0,0,0,0,0,0.46145,0,0.10035,0,0
GF2_B4_d35,3.39686,0,1.28854,0.03298,0,0,0,0,57.42566,0,4.12301,0,0,0,0,0,0,0,0,0,0,0,0,0,0,0,0,0,0,0,0,0,0,0,0,0,0,0,0,0,0,0,0,0,0,0,0,0,0,0,0,19.334,14.39895,0,0,0
GF2_B4_day27,0,0,90.48082,2.92173,0,0,0,0,0.04361,0,0.45178,0,0,4.48187,0,0,0,0,0,0,0,0,0,0,0,0,0,0,0,0,0,1.62019,0,0,0,0,0,0,0,0,0,0,0,0,0,0,0,0,0,0,0,0,0,0,0,0
GF2_B4_day28,0,0,62.52566,11.72769,0,0,0,0,12.11152,0,1.86838,0,0,8.8794,0,0,0,0,0,0,0,0,0,0,0,0,0,0,0,0,0,2.88736,0,0,0,0,0,0,0,0,0,0,0,0,0,0,0,0,0,0,0,0,0,0,0,0
GF2_B4_day29,0,0,44.01718,2.35152,0,0,0,0,38.57002,0,2.67726,0,0,6.63071,0,0,0,1.18901,0,0,0,0,0,0,0,0,0,0,0,0,0,2.40299,0,0,0,0,0,0,0,0,0,0,0,0,0,0,0,0,0,0,0,0.97647,1.18484,0,0,0
GF2_B4_day32,2.77797,0,6.30586,0.58461,0,0,0,0,75.22635,0,3.8598,0,0,0.74802,0,0,0,0,0,0,0,0,0,0,0,0,0,0,0,0,0,0.18779,0,0,0,0,0,0,0,0,0,0,0,0,0,0,0,0,0,0,0,0,10.30961,0,0,0
GF2_B4_day37,0.33626,0,0.28705,0,0,0,0,0,42.55018,0,3.19351,0,0,0,0,0,0,0,0,0,0,0,0,0,0,0,0,0,0,0,0,24.05372,0,0,0,0,0,0,0,0,0,0,0,0,0,0,0,0,0,0,0,22.6012,6.97808,0,0,0
GF2_B4_day41,0,0,0,0,0,0,0,0,0,0,0,0,0,100,0,0,0,0,0,0,0,0,0,0,0,0,0,0,0,0,0,0,0,0,0,0,0,0,0,0,0,0,0,0,0,0,0,0,0,0,0,0,0,0,0,0
GF2_B5_d34,2.08869,0,3.01029,0,0,0,0,0,54.22349,0,3.09983,0,0,0.20092,0,0,0,0,0,0,0,0,0,0,0,0,0,0,0,0,0,3.1873,0,0,0,0,0,0,0,0,0,0,0,0,0,0,0,0,0,0,0,22.5239,11.66558,0,0,0
GF2_B5_d35,1.20628,0,1.3502,0,0,0,0,0,37.17776,0,3.72495,0,0,0.05165,0,0,0,0,0,0,0,0,0,0,0,0,0,0,0,0,0,21.08491,0,0,0,0,0,0,0,0,0,0,0,0,0,0,0,0,0,0,0,24.59287,10.81137,0,0,0
GF2_B5_day27,0,0,70.75765,21.36707,0,0,0,0,0,0,0.13173,0,0,6.41159,0,0,0,0,0,0,0,0,0,0,0,0,0,0,0,0,0,1.33197,0,0,0,0,0,0,0,0,0,0,0,0,0,0,0,0,0,0,0,0,0,0,0,0
GF2_B5_day28,0,0,65.42536,17.11466,0,0,0,0,5.77883,0,1.81661,0.17766,0,7.29073,0,0,0,0,0,0,0,0,0,0,0,0,0,0,0,0,0,2.1868,0,0,0,0,0,0,0,0,0,0,0,0,0,0,0,0,0,0,0,0,0.20936,0,0,0
GF2_B5_day29,0,0,28.22871,7.89286,0,0,0,0,37.93259,0,1.96678,0,0,4.70313,0,0,0.31416,8.81608,0,0,0,0,0,0,0,0,0,0,0,0,0,5.76602,0,0,0,0,0,0,0,0,0,0,0,0,0,0,0,0,0,0,0,1.48975,2.03544,0.85449,0,0
GF2_B5_day30,0.74671,0,4.48763,1.11437,0,0,0,0,76.87907,0,4.90693,0,0,1.60671,0,0,0,0.03452,0,0,0,0,0,0,0,0,0,0,0,0,0,0.41309,0,0,0,0,0,0,0,0,0,0,0,0,0,0,0,0,0,0,0,0.64965,9.1613,0,0,0
GF2_B5_day31,0.65504,0,2.52433,0.0034,0,0,0,0,82.20436,0,5.20918,0,0,0.29374,0,0,0,0.18221,0,0,0,0,0,0,0,0,0,0,0,0,0,0.10299,0,0,0,0,0,0,0,0,0,0,0,0,0,0,0,0,0,0,0,2.02411,6.80064,0,0,0
GF2_B5_day37,0.24059,0,0.62946,0,0,0,0,0,30.2194,0,3.81927,0.74195,0,0,0,0,0,0,0,0,0,0,0,0,0,0,0,0,0,0,0,39.4308,0,0,0,0,0,0,0,0,0,0,0,0,0,0,0,0,0,0,0,20.59623,4.32229,0,0,0
GF2_B5_day41,0.52538,0,0.9028,0.32865,0,0,0,0,24.52523,0,4.21672,3.85343,0,0.13864,0,0,0,0,0,0,0,0,0,0,0,0,0,0,0,0,0,36.15491,0.05691,0,0,0,0,0,0,0,0,0,0,0,0,0,0,0,0,0,0,25.88176,3.41557,0,0,0
GF2_colon_A1_day45,0,0,0,0,0,0,0,0,10.90273,0,0.18338,0,0,78.87917,0,0,0,0,0,0,0,0,0,0,0,0,0,0,0,0,0,5.84662,0,0,0,0,0,0,0,0,0,0,0,0,0,0,0,0,0,0,0,4.16297,0,0.02512,0,0
GF2_colon_B1_day44,0,0,0.17982,0,0,0,0,0,13.9758,0,2.48207,1.78828,0,46.15302,0,0,0,0.2387,0,0,0,0,0,0,0,0,0,0,0,0,0,21.72567,0,0,0,0,0,0,0,0,0,0,0,0,0,0,0,0,0,0,0,12.40167,1.05497,0,0,0
GF2_colon_B2_day44,0.19503,0,0.23302,0,0,0,0,0,13.20495,0,2.14157,5.61216,0,50.98052,0,0,0.1528,0.9411,0,0,0,0,0,0,0,0,0,0,0,0,0,16.9082,0,0,0,0,0,0,0,0,0,0,0,0,0,0,0,0,0,0,0,8.70238,0.56702,0.36125,0,0
GF2_colon_B3_day44,0,0,0.46446,0,0,0,0,0,17.68971,0,2.15333,2.71482,0,31.02403,0,0,1.10172,1.26845,0,0,0,0,0,0,0,0,0,0,0,0,0,30.47401,0,0,0,0,0,0,0,0,0,0,0,0,0,0,0,0,0,0,0,12.03462,0.76286,0.31199,0,0
GF2_colon_B5_day44,0.38158,0,0.85632,1.04302,0,0,0,0,15.97648,0,5.1825,3.70902,0,7.80068,0,0,0.12785,1.13623,0,0,0,0,0,0,0,0,0,0,0,0,0,41.51658,0.0331,0,0,0,0,0,0,0,0,0,0,0,0,0,0,0,0,0,0,19.02816,3.18302,0.02544,0,0
GF2_Inoc,0.00179,0,2.27149,18.05258,0,0,0,0,2.50948,0,0,0.55082,0,1.07165,4.82498,0,14.8524,9.83975,0,0,0,0,0,0,0,0,0,0.30547,0.24302,0,38.3754,6.56995,0.03706,0.26442,0,0,0,0,0,0,0,0,0,0,0,0,0,0,0.04203,0,0,0.05123,0,0.09834,0.02192,0.01621
GF3_AB_Sire_day4,0.11657,0,0.94781,1.24706,0,0,0,0,34.29282,0,6.34239,10.71189,0,0.07697,0,0,0.80851,0.54134,0,0,0,0,0,0,0,0,0,0,0,0,0,28.52862,0.1884,0,0,0,0,0,0,0,0,0,0,0,0,0,0,0,0,0,0,13.21804,2.97959,0,0,0
GF3_B_Sire_day19,0,0,0.57863,0.89794,0,0,0,0,27.01043,0,5.27477,6.29644,0,0.14243,5.17487,0,4.38295,2.96386,0,0,0,0,0,0,0,0,0,0,0,0,1.18618,18.97056,0,0.09662,0,0,0,0,0,0,0,0,0,0,0,0,0,0,0,0,0,21.86777,4.08401,1.07253,0,0
GF3_B_Sire_day30,0.00315,0,0.56859,0.72788,0,0,0,0,34.95787,0,8.00165,4.43733,0,0.21987,2.5934,0,3.08803,2.52407,0,0,0,0,0,0,0,0,0,0,0,0,1.19315,16.72779,0,0.12303,0,0,0,0,0,0,0,0,0,0,0,0,0,0,0,0,0,18.84618,5.64937,0.33866,0,0
GF3_C_dam_day19,0,0,0.22498,0.19484,0,0,0,0,46.92333,0,6.40343,8.04907,0,0,0,0,2.23821,0.78002,0,0,0,0,0,0,0,0,0,0,0,0,0.02928,17.85172,0,0,0,0,0,0,0,0,0,0,0,0,0,0,0,0,0,0,0,10.13831,7.16682,0,0,0
GF3_C_dam_day4,0,0,1.04407,1.75445,0,0,0,0,30.63043,0,4.31241,10.37543,0,0.06462,0,0,1.63753,0.35843,0,0,0,0,0,0,0,0,0,0,0,0,0.04799,34.61535,0.2593,0.11423,0,0,0,0,0,0,0,0,0,0,0,0,0,0,0,0,0,12.08157,2.70419,0,0,0
GF3_C_Sire_day19,0,0,0.43372,0.89793,0,0,0,0,36.77246,0,5.73725,6.49298,0,0,3.74988,0,3.53459,2.48771,0,0,0,0,0,0,0,0,0,0,0,0,0.48767,14.16522,0,0,0,0,0,0,0,0,0,0,0,0,0,0,0,0,0,0,0,19.29869,5.32915,0.61275,0,0
GF3_C_Sire_day30,0,0,0.49359,1.09399,0,0,0,0,33.17178,0,5.67309,2.91475,0,0.15631,4.32291,0,5.21953,3.45655,0,0,0,0,0,0,0,0,0,0,0,0,1.43222,11.83087,0,0.26523,0,0,0,0,0,0,0,0,0,0,0,0,0,0,0,0,0,25.37307,3.52581,1.07031,0,0
GF3_C_Sire_day4,0,0,1.04481,1.16038,0,0,0,0,24.81569,0,5.34569,6.53252,0,0.12545,0,0,3.22342,1.04649,0,0,0,0,0,0,0,0,0,0,0,0,0.11772,29.65791,0.16245,0.2257,0,0,0,0,0,0,0,0,0,0,0,0,0,0,0,0,0,25.27566,1.18581,0.0803,0,0
GF3_C1_day30,0,0,81.59653,0,0,0,0,0,0,0,0,0,0,18.40347,0,0,0,0,0,0,0,0,0,0,0,0,0,0,0,0,0,0,0,0,0,0,0,0,0,0,0,0,0,0,0,0,0,0,0,0,0,0,0,0,0,0
GF3_C1_day32,2.40419,0,62.1889,2.42561,0,0,0,0,6.11074,0,1.23482,0,0,23.80048,0,0,0,0.24899,0,0,0,0,0,0,0,0,0,0,0,0,0,1.35792,0,0,0,0,0,0,0,0,0,0,0,0,0,0,0,0,0,0,0,0,0.22835,0,0,0
GF3_C1_day34,0,0,0,84.34591,0,0,0,0,0,0,0,0,0,0,0,0,0,0,0,0,0,0,0,0,0,0,0,0,0,0,0,0,0,0,0,0,0,0,0,0,0,0,0,0,0,0,0,0,0,0,0,15.65409,0,0,0,0
GF3_C2_day30,7.3358,0,85.43928,1.58722,0,0,0,0,0,0,0,0,0,2.27562,0,0,0,0,0,0,0,0,0,0,0,0,0,0,0,0,0,3.36209,0,0,0,0,0,0,0,0,0,0,0,0,0,0,0,0,0,0,0,0,0,0,0,0
GF3_C2_day32,24.17077,0,59.26456,1.88717,0,0,0,0,3.41706,0,1.74882,0,0,7.01479,0,0,0,0.6416,0,0,0,0,0,0,0,0,0,0,0,0,0,1.5591,0,0,0,0,0,0,0,0,0,0,0,0,0,0,0,0,0,0,0,0,0.29614,0,0,0
GF3_C2_day35,0,0,0,100,0,0,0,0,0,0,0,0,0,0,0,0,0,0,0,0,0,0,0,0,0,0,0,0,0,0,0,0,0,0,0,0,0,0,0,0,0,0,0,0,0,0,0,0,0,0,0,0,0,0,0,0
GF3_C2_day38,2.33553,0,6.16298,0.13942,0,0,0,0,52.15877,0,6.03899,0,0,0.26665,0,0,0,0,0,0,0,0,0,0,0,0,0,0,0,0,0,5.56279,0,0,0,0,0,0,0,0,0,0,0,0,0,0,0,0,0,0,0,16.5906,10.74426,0,0,0
GF3_C2_day39,4.03399,0,4.99274,0.44241,0,0,0,0,40.68707,0,5.7658,0,0,0.42537,0,0,0,0,0,0,0,0,0,0,0,0,0,0,0,0,0,13.22194,0,0,0,0,0,0,0,0,0,0,0,0,0,0,0,0,0,0,0,9.99993,20.43076,0,0,0
GF3_C2_day40,2.45102,0,3.34678,0.46834,0,0,0,0,35.82587,0,4.222,0,0,0.40312,0,0,0,0,0,0,0,0,0,0,0,0,0,0,0,0,0,28.51538,0,0,0,0,0,0,0,0,0,0,0,0,0,0,0,0,0,0,0,14.57557,10.19191,0,0,0
GF3_C2_day41,2.31773,0,3.78174,0.98436,0,0,0,0,36.91843,0,3.34658,0,0,0.04217,0,0,0,0,0,0,0,0,0,0,0,0,0,0,0,0,0,33.93339,0,0,0,0,0,0,0,0,0,0,0,0,0,0,0,0,0,0,0,14.91372,3.76189,0,0,0
GF3_C2_day42,1.55108,0,0.66274,1.51678,0,0,0,0,36.84592,0,4.93249,0,0,0.22993,0,0,0,0,0,0,0,0,0,0,0,0,0,0,0,0,0,28.39984,0,0,0,0,0,0,0,0,0,0,0,0,0,0,0,0,0,0,0,18.28843,7.5728,0,0,0
GF3_C2_day45,0.31395,0,1.24115,1.44609,0,0,0,0,34.74248,0,3.79636,0,0,0.1394,0,0,0,0,0,0,0,0,0,0,0,0,0,0,0,0,0,36.8751,0,0,0,0,0,0,0,0,0,0,0,0,0,0,0,0,0,0,0,19.28538,2.16009,0,0,0
GF3_C3_day30,0,0,74.44004,0.16487,0,0,0,0,0,0,0,0,0,25.29119,0,0,0,0,0,0,0,0,0,0,0,0,0,0,0,0,0,0.1039,0,0,0,0,0,0,0,0,0,0,0,0,0,0,0,0,0,0,0,0,0,0,0,0
GF3_C3_day32,9.87467,0,55.81478,1.39361,0,0,0,0,1.33902,0,0.64261,0,0,29.67261,0,0,0,0,0,0,0,0,0,0,0,0,0,0,0,0,0,1.2627,0,0,0,0,0,0,0,0,0,0,0,0,0,0,0,0,0,0,0,0,0,0,0,0
GF3_C3_day34,0,0,0,82.25587,0,0,0,0,0,0,0.4552,0,0,0,0,0,0,0,0,0,0,0,0,0,0,0,0,0,0,0,0,17.28893,0,0,0,0,0,0,0,0,0,0,0,0,0,0,0,0,0,0,0,0,0,0,0,0
GF3_C3_day35,0,0,0,55.15871,0,0,0,0,0,0,0,0,0,0,0,0,0,0,0,0,0,0,0,0,0,0,0,0,0,0,0,8.25133,0,0,0,0,0,0,0,0,0,0,0,0,0,0,0,0,0,0,0,36.58997,0,0,0,0
GF3_C3_day39,5.10319,0,8.19332,0.36917,0,0,0,0,43.58694,0,4.67442,0,0,0.19621,0,0,0,0,0,0,0,0,0,0,0,0,0,0,0,0,0,10.87839,0,0,0,0,0,0,0,0,0,0,0,0,0,0,0,0,0,0,0,12.70764,14.29072,0,0,0
GF3_C3_day40,5.10615,0,4.29558,0.17398,0,0,0,0,40.11553,0,4.55934,0,0,0.4925,0,0,0,0,0,0,0,0,0,0,0,0,0,0,0,0,0,21.85168,0,0,0,0,0,0,0,0,0,0,0,0,0,0,0,0,0,0,0,12.09237,11.31287,0,0,0
GF3_C3_day41,5.46611,0,1.56099,0.77467,0,0,0,0,40.66318,0,4.56739,0,0,0.03295,0,0,0,0,0,0,0,0,0,0,0,0,0,0,0,0,0,23.52847,0,0,0,0,0,0,0,0,0,0,0,0,0,0,0,0,0,0,0,14.62183,8.78442,0,0,0
GF3_C3_day42,4.23669,0,2.37365,1.87056,0,0,0,0,34.03163,0,0.46175,0,0,0.20055,0,0,0,0,0,0,0,0,0,0,0,0,0,0,0,0,0,28.98471,0,0,0,0,0,0,0,0,0,0,0,0,0,0,0,0,0,0,0,17.8945,9.94596,0,0,0
GF3_C3_day45,0.09463,0,1.80178,1.34074,0,0,0,0,33.99364,0,2.0084,0,0,0.22568,0,0,0,0,0,0,0,0,0,0,0,0,0,0,0,0,0,29.39704,0,0,0,0,0,0,0,0,0,0,0,0,0,0,0,0,0,0,0,24.06839,7.06969,0,0,0
GF3_C4_day30,0,0,80.92795,0,0,0,0,0,0,0,0,0,0,19.07205,0,0,0,0,0,0,0,0,0,0,0,0,0,0,0,0,0,0,0,0,0,0,0,0,0,0,0,0,0,0,0,0,0,0,0,0,0,0,0,0,0,0
GF3_C4_day32,1.81948,0,69.7463,6.37454,0,0,0,0,2.67294,0,0.86586,0,0,16.10367,0,0,0,0,0,0,0,0,0,0,0,0,0,0,0,0,0,2.41722,0,0,0,0,0,0,0,0,0,0,0,0,0,0,0,0,0,0,0,0,0,0,0,0
GF3_C4_day34,0,0,0,100,0,0,0,0,0,0,0,0,0,0,0,0,0,0,0,0,0,0,0,0,0,0,0,0,0,0,0,0,0,0,0,0,0,0,0,0,0,0,0,0,0,0,0,0,0,0,0,0,0,0,0,0
GF3_C4_day38,1.86236,0,4.92275,0.59111,0,0,0,0,43.37856,0,6.44704,0,0,0.07273,0,0,0,0,0,0,0,0,0,0,0,0,0,0,0,0,0,28.42703,0,0,0,0,0,0,0,0,0,0,0,0,0,0,0,0,0,0,0,10.26008,4.03835,0,0,0
GF3_C4_day39,2.46849,0,3.44161,0.98076,0,0,0,0,45.66349,0,3.97022,0,0,0.02057,0,0,0,0,0,0,0,0,0,0,0,0,0,0,0,0,0,16.77408,0,0,0,0,0,0,0,0,0,0,0,0,0,0,0,0,0,0,0,14.3384,12.34238,0,0,0
GF3_C4_day40,2.28335,0,3.27549,0.30588,0,0,0,0,40.20915,0,4.1381,0,0,0.13639,0,0,0,0,0,0,0,0,0,0,0,0,0,0,0,0,0,28.54303,0,0,0,0,0,0,0,0,0,0,0,0,0,0,0,0,0,0,0,14.27993,6.82868,0,0,0
GF3_C4_day41,1.7146,0,1.74062,1.01458,0,0,0,0,39.62631,0,3.989,0,0,0.02729,0,0,0,0,0,0,0,0,0,0,0,0,0,0,0,0,0,26.63138,0,0,0,0,0,0,0,0,0,0,0,0,0,0,0,0,0,0,0,19.97766,5.27855,0,0,0
GF3_C4_day42,1.27821,0,2.29685,1.35147,0,0,0,0,38.10706,0,5.13945,0,0,0.01725,0,0,0,0,0,0,0,0,0,0,0,0,0,0,0,0,0,28.40479,0,0,0,0,0,0,0,0,0,0,0,0,0,0,0,0,0,0,0,18.19972,5.20521,0,0,0
GF3_C4_day45,0,0,1.02321,1.68139,0,0,0,0,40.45095,0,2.59476,0,0,0.11297,0,0,0,0,0,0,0,0,0,0,0,0,0,0,0,0,0,22.94649,0,0,0,0,0,0,0,0,0,0,0,0,0,0,0,0,0,0,0,21.96734,9.2229,0,0,0
GF3_C5_day30,0,0,69.89234,2.25387,0,0,0,0,0,0,0,0,0,24.69522,0,0,0,0,0,0,0,0,0,0,0,0,0,0,0,0,0,3.15858,0,0,0,0,0,0,0,0,0,0,0,0,0,0,0,0,0,0,0,0,0,0,0,0
GF3_C5_day39,2.69571,0,8.43948,1.53656,0,0,0,0,41.1192,0,2.75886,0,0,0,0,0,0,0,0,0,0,0,0,0,0,0,0,0,0,0,0,33.56195,0,0,0,0,0,0,0,0,0,0,0,0,0,0,0,0,0,0,0,4.5147,5.37353,0,0,0
GF3_C5_day41,1.74271,0,4.41633,2.22002,0,0,0,0,29.37198,0,0.67971,0,0,0.47667,0,0,0,0,0,0,0,0,0,0,0,0,0,0,0,0,0,45.28798,0,0,0,0,0,0,0,0,0,0,0,0,0,0,0,0,0,0,0,12.4299,3.37468,0,0,0
GF3_C5_day42,1.20534,0,2.14535,3.71795,0,0,0,0,36.00005,0,1.73725,0,0,1.03822,0,0,0,0,0,0,0,0,0,0,0,0,0,0,0,0,0,29.89556,0,0,0,0,0,0,0,0,0,0,0,0,0,0,0,0,0,0,0,19.65203,4.60825,0,0,0
GF3_C5_day45,0,0,1.18085,2.8576,0,0,0,0,26.60788,0,2.05863,0,0,0.03904,0,0,0,0,0,0,0,0,0,0,0,0,0,0,0,0,0,40.90052,0,0,0,0,0,0,0,0,0,0,0,0,0,0,0,0,0,0,0,20.50388,5.85159,0,0,0
GF3_C6_day30,8.05589,0,54.18129,19.60901,0,0,0,0,0.22164,0,0.5805,0,0,13.01936,0,0,0,0,0,0,0,0,0,0,0,0,0,0,0,0,0,4.33232,0,0,0,0,0,0,0,0,0,0,0,0,0,0,0,0,0,0,0,0,0,0,0,0
GF3_C6_day35,0,0,0,88.71523,0,0,0,0,0,0,0,0,0,0,0,0,0,0,0,0,0,0,0,0,0,0,0,0,0,0,0,0.16246,0,0,0,0,0,0,0,0,0,0,0,0,0,0,0,0,0,0,0,11.12231,0,0,0,0
GF3_C6_day38,1.0724,0,3.67588,0.46253,0,0,0,0,29.97002,0,3.55555,0,0,0.03853,0,0,0,0,0,0,0,0,0,0,0,0,0,0,0,0,0,48.37412,0,0,0,0,0,0,0,0,0,0,0,0,0,0,0,0,0,0,0,7.68245,5.16852,0,0,0
GF3_C6_day39,1.86613,0,3.84129,0.51888,0,0,0,0,32.66075,0,3.49094,0,0,0.20069,0,0,0,0,0,0,0,0,0,0,0,0,0,0,0,0,0,44.43589,0,0,0,0,0,0,0,0,0,0,0,0,0,0,0,0,0,0,0,10.2716,2.71383,0,0,0
GF3_C6_day41,0.63938,0,1.76002,0.26105,0,0,0,0,43.4425,0,4.70585,0,0,0.01326,0,0,0,0,0,0,0,0,0,0,0,0,0,0,0,0,0,21.79006,0,0,0,0,0,0,0,0,0,0,0,0,0,0,0,0,0,0,0,19.14309,8.24479,0,0,0
GF3_C6_day42,0.95948,0,0.61634,1.38168,0,0,0,0,34.2663,0,1.84664,0,0,0.05128,0,0,0,0,0,0,0,0,0,0,0,0,0,0,0,0,0,32.355,0,0,0,0,0,0,0,0,0,0,0,0,0,0,0,0,0,0,0,22.44935,6.07394,0,0,0
GF3_C6_day45,0.20014,0,1.01669,2.37734,0,0,0,0,38.73427,0,1.8821,0,0,0.17374,0,0,0,0,0,0,0,0,0,0,0,0,0,0,0,0,0,35.38959,0,0,0,0,0,0,0,0,0,0,0,0,0,0,0,0,0,0,0,16.4336,3.79252,0,0,0
GF3_C7_day40,2.03755,0,5.38466,0.19928,0,0,0,0,44.67284,0,5.91003,0,0,0,0,0,0,0,0,0,0,0,0,0,0,0,0,0,0,0,0,18.54645,0,0,0,0,0,0,0,0,0,0,0,0,0,0,0,0,0,0,0,21.64269,1.60649,0,0,0
GF3_C7_day41,1.89502,0,2.66406,0.35158,0,0,0,0,41.6779,0,4.81749,0,0,0.08864,0,0,0,0,0,0,0,0,0,0,0,0,0,0,0,0,0,25.17665,0,0,0,0,0,0,0,0,0,0,0,0,0,0,0,0,0,0,0,19.06395,4.2647,0,0,0
GF3_C7_day42,1.13645,0,2.21857,0.92,0,0,0,0,36.75356,0,2.68871,0,0,0.05549,0,0,0,0,0,0,0,0,0,0,0,0,0,0,0,0,0,34.07373,0,0,0,0,0,0,0,0,0,0,0,0,0,0,0,0,0,0,0,19.2452,2.81715,0.09115,0,0
GF3_C7_day45,0.10883,0,0.40307,1.26706,0,0,0,0,41.62083,0,2.93074,0,0,0,0,0,0,0,0,0,0,0,0,0,0,0,0,0,0,0,0,31.3157,0,0,0,0,0,0,0,0,0,0,0,0,0,0,0,0,0,0,0,17.19112,5.16265,0,0,0
GF3_C8_day30,0,0,100,0,0,0,0,0,0,0,0,0,0,0,0,0,0,0,0,0,0,0,0,0,0,0,0,0,0,0,0,0,0,0,0,0,0,0,0,0,0,0,0,0,0,0,0,0,0,0,0,0,0,0,0,0
GF3_C8_day32,1.99339,0,73.7557,5.86759,0,0,0,0,2.24394,0,0.74683,0,0,14.43652,0,0,0,0,0,0,0,0,0,0,0,0,0,0,0,0,0,0.95603,0,0,0,0,0,0,0,0,0,0,0,0,0,0,0,0,0,0,0,0,0,0,0,0
GF3_C8_day34,13.41344,0,39.45016,29.02832,0,0,0,0,0,0,0,0,0,18.10809,0,0,0,0,0,0,0,0,0,0,0,0,0,0,0,0,0,0,0,0,0,0,0,0,0,0,0,0,0,0,0,0,0,0,0,0,0,0,0,0,0,0
GF3_C8_day39,2.6069,0,5.26872,0.98083,0,0,0,0,42.53525,0,6.0087,0,0,0.09738,0,0,0,0,0,0,0,0,0,0,0,0,0,0,0,0,0,7.02985,0,0,0,0,0,0,0,0,0,0,0,0,0,0,0,0,0,0,0,20.7368,14.73558,0,0,0
GF3_C8_day40,2.77121,0,5.24606,0.72024,0,0,0,0,43.87574,0,6.77609,0,0,0.21812,0,0,0,0,0,0,0,0,0,0,0,0,0,0,0,0,0,22.29444,0,0,0,0,0,0,0,0,0,0,0,0,0,0,0,0,0,0,0,11.71153,6.38657,0,0,0
GF3_C8_day41,1.41299,0,3.23062,1.05785,0,0,0,0,42.21735,0,6.31082,0,0,0.32135,0,0,0,0,0,0,0,0,0,0,0,0,0,0,0,0,0,30.87423,0,0,0,0,0,0,0,0,0,0,0,0,0,0,0,0,0,0,0,9.85247,4.72232,0,0,0
GF3_C8_day42,1.08083,0,1.27284,2.18018,0,0,0,0,36.70665,0,5.23766,0,0,0,0,0,0,0,0,0,0,0,0,0,0,0,0,0,0,0,0,32.88972,0,0,0,0,0,0,0,0,0,0,0,0,0,0,0,0,0,0,0,14.94426,5.68786,0,0,0
GF3_C8_day45,0,0,1.90623,1.6884,0,0,0,0,32.48331,0,1.34306,0,0,0.247,0,0,0,0,0,0,0,0,0,0,0,0,0,0,0,0,0,40.44039,0,0,0,0,0,0,0,0,0,0,0,0,0,0,0,0,0,0,0,20.30229,1.58931,0,0,0
GF3_C9_day30,0.2312,0,85.42705,1.94096,0,0,0,0,0.06812,0,0.34583,0,0,10.7883,0,0,0,0,0,0,0,0,0,0,0,0,0,0,0,0,0,1.19855,0,0,0,0,0,0,0,0,0,0,0,0,0,0,0,0,0,0,0,0,0,0,0,0
GF3_C9_day32,0.51415,0,82.71366,2.10071,0,0,0,0,1.98894,0,0,0,0,11.81473,0,0,0,0,0,0,0,0,0,0,0,0,0,0,0,0,0,0.86781,0,0,0,0,0,0,0,0,0,0,0,0,0,0,0,0,0,0,0,0,0,0,0,0
GF3_C9_day34,0,0,0,79.76952,0,0,0,0,0,0,0,0,0,0,0,0,0,0,0,0,0,0,0,0,0,0,0,0,0,0,0,20.23048,0,0,0,0,0,0,0,0,0,0,0,0,0,0,0,0,0,0,0,0,0,0,0,0
GF3_C9_day38,2.1553,0,9.60966,0.58936,0,0,0,0,42.26104,0,5.09447,0,0,0.62289,0,0,0,0,0,0,0,0,0,0,0,0,0,0,0,0,0,8.03847,0,0,0,0,0,0,0,0,0,0,0,0,0,0,0,0,0,0,0,17.94065,13.68816,0,0,0
GF3_C9_day39,1.65511,0,4.53182,0.58167,0,0,0,0,35.78133,0,4.69202,0,0,0.35762,0,0,0,0,0,0,0,0,0,0,0,0,0,0,0,0,0,30.99721,0,0,0,0,0,0,0,0,0,0,0,0,0,0,0,0,0,0,0,17.77793,3.6253,0,0,0
GF3_C9_day40,1.20723,0,3.33993,0.5047,0,0,0,0,37.23891,0,1.9494,0,0,0.66769,0,0,0,0,0,0,0,0,0,0,0,0,0,0,0,0,0,35.65765,0,0,0,0,0,0,0,0,0,0,0,0,0,0,0,0,0,0,0,14.81754,4.61695,0,0,0
GF3_C9_day41,0.75483,0,2.44986,0.71142,0,0,0,0,40.98997,0,5.41078,0,0,0.50979,0,0,0,0,0,0,0,0,0,0,0,0,0,0,0,0,0,27.49254,0,0,0,0,0,0,0,0,0,0,0,0,0,0,0,0,0,0,0,15.43132,6.24947,0,0,0
GF3_C9_day42,0.80344,0,1.60391,1.42933,0,0,0,0,29.53358,0,1.31689,0,0,0,0,0,0,0,0,0,0,0,0,0,0,0,0,0,0,0,0,45.77508,0,0,0,0,0,0,0,0,0,0,0,0,0,0,0,0,0,0,0,15.79704,3.74074,0,0,0
GF3_C9_day45,0.40198,0,2.14176,2.30039,0,0,0,0,37.2474,0,2.59492,0,0,0.19631,0,0,0,0,0,0,0,0,0,0,0,0,0,0,0,0,0,37.20927,0,0,0,0,0,0,0,0,0,0,0,0,0,0,0,0,0,0,0,17.2494,0.65857,0,0,0
GF3_inoc,0,0,1.28671,2.30571,0,0,0,0,20.51122,0,1.52893,2.7798,0,0,1.08229,0,1.07537,1.92791,0,0,0,0,0,0,0,0,0,0,0,0,0.05135,20.30401,0,0,0,0,0,0,0,0,0,0,0,0,0,0,0,0,0,0,0,36.22893,10.91776,0,0,0