"","Sample","present.(gelE)","present.(fsrC)","present.(ace)","present.(sprE)","present.(fsrA)","present.(cpsE)","present.(cpsG)","present.(efaA)","present.(cpsA/uppS)","present.(cpsB/cdsA)","present.(GBAA_RS25985)","present.(bopD)","present.(EF0818)","present.(ebpA)","present.(ebpC)","present.(ebpB)","present.(srtC)","present.(cylI)","present.(EF3023)","present.(EF_RS14505)","present.(ecbA/fss3)","present.(fsrB)","present.(EF_RS01960)","present.(cpsJ)","present.(cpsC)","present.(cpsI)","present.(cpsF)","present.(cpsK)","present.(cpsH)","present.(fss1)","present.(EF0485)","present.(esp)","present.(EFME1162_RS23495)","present.(cylM)","present.(cylB)","present.(cylA)","present.(cylR1)","present.(cylL)","present.(cylR2)","present.(cylS)","present.(JJD26997_RS09925*)","present.(fss2)","present.(cpsD)","present.(EF0149)","present.(bee3)","present.(srt1)","present.(srt2)","present.(bee2)","present.(wcaJ)","present.(gndA)","present.(bee1)","present.(prgB/asc10)","present.(agn43)","present.(STU_RS16255)","present.(KPK_RS28635)","present.(asa1)","present.(cdiA)","present.(mrkF)","present.(ybtE)","present.(ybtQ)","present.(clbH)","present.(irp2)","present.(neuA)","present.(neuC)","present.(neuB)","present.(neuD)","present.(tcpC)","present.(icmF)","present.(mrkC)","present.(upaH)","present.(tssF)","present.(clbC)","present.(fliI)","present.(hek)","present.(tia)","present.(Z_RS14145)","present.(espL4)","present.(fes)","present.(clpV)","present.(clbB)","present.(upaG/ehaG)"
"1","SRR17713575_CLEAN_REPAIRED_minContig2500_bin.1","1","1","1","1","1","1","1","1","1","1","1","1","1","1","1","1","1","0","0","0","0","0","0","0","0","0","0","0","0","0","0","0","0","0","0","0","0","0","0","0","0","0","0","0","0","0","0","0","0","0","0","0","0","0","0","0","0","0","0","0","0","0","0","0","0","0","0","0","0","0","0","0","0","0","0","0","0","0","0","0","0"
"38","SRR17713576_CLEAN_REPAIRED_minContig2500_bin.7","1","1","0","1","0","0","0","1","1","1","1","1","1","1","1","1","1","1","1","1","1","0","0","0","0","0","0","0","0","0","0","0","0","0","0","0","0","0","0","0","0","0","0","0","0","0","0","0","0","0","0","0","0","0","0","0","0","0","0","0","0","0","0","0","0","0","0","0","0","0","0","0","0","0","0","0","0","0","0","0","0"
"78","SRR17713577_CLEAN_REPAIRED_minContig2500_bin.10","1","1","0","1","0","0","0","1","1","1","1","1","1","1","1","1","1","1","1","1","1","0","0","0","0","0","0","0","0","0","0","0","0","0","0","0","0","0","0","0","0","0","0","0","0","0","0","0","0","0","0","0","0","0","0","0","0","0","0","0","0","0","0","0","0","0","0","0","0","0","0","0","0","0","0","0","0","0","0","0","0"
"114","SRR17713584_CLEAN_REPAIRED_minContig2500_bin.6","1","1","0","0","1","0","0","1","1","1","1","1","1","1","1","1","1","0","0","1","0","1","1","0","0","0","0","0","0","0","0","0","0","0","0","0","0","0","0","0","0","0","0","0","0","0","0","0","0","0","0","0","0","0","0","0","0","0","0","0","0","0","0","0","0","0","0","0","0","0","0","0","0","0","0","0","0","0","0","0","0"
"149","SRR17713586_CLEAN_REPAIRED_minContig2500_bin.4","1","1","0","0","1","0","0","1","1","1","1","1","1","1","1","1","1","0","0","1","0","1","1","0","0","0","0","0","0","0","0","0","0","0","0","0","0","0","0","0","0","0","0","0","0","0","0","0","0","0","0","0","0","0","0","0","0","0","0","0","0","0","0","0","0","0","0","0","0","0","0","0","0","0","0","0","0","0","0","0","0"
"184","SRR17713587_CLEAN_REPAIRED_minContig2500_bin.3","1","1","0","0","1","0","0","1","1","1","1","1","1","1","1","1","1","0","0","1","0","1","1","0","0","0","0","0","0","0","0","0","0","0","0","0","0","0","0","0","0","0","0","0","0","0","0","0","0","0","0","0","0","0","0","0","0","0","0","0","0","0","0","0","0","0","0","0","0","0","0","0","0","0","0","0","0","0","0","0","0"
"219","SRR17713588_CLEAN_REPAIRED_minContig2500_bin.1","1","1","0","0","1","0","0","1","1","1","1","1","1","1","1","1","1","0","0","1","0","1","1","0","0","0","0","0","0","0","0","0","0","0","0","0","0","0","0","0","0","0","0","0","0","0","0","0","0","0","0","0","0","0","0","0","0","0","0","0","0","0","0","0","0","0","0","0","0","0","0","0","0","0","0","0","0","0","0","0","0"
"254","SRR17713589_CLEAN_REPAIRED_minContig2500_bin.4","1","1","0","0","1","0","0","1","1","1","1","1","1","1","1","1","1","0","0","1","0","1","1","0","0","0","0","0","0","0","0","0","0","0","0","0","0","0","0","0","0","0","0","0","0","0","0","0","0","0","0","0","0","0","0","0","0","0","0","0","0","0","0","0","0","0","0","0","0","0","0","0","0","0","0","0","0","0","0","0","0"
"289","SRR17713590_CLEAN_REPAIRED_minContig2500_bin.1","1","1","0","0","1","0","0","1","1","1","1","1","1","1","1","1","1","0","0","1","0","1","1","0","0","0","0","0","0","0","0","0","0","0","0","0","0","0","0","0","0","0","0","0","0","0","0","0","0","0","0","0","0","0","0","0","0","0","0","0","0","0","0","0","0","0","0","0","0","0","0","0","0","0","0","0","0","0","0","0","0"
"324","SRR17713593_CLEAN_REPAIRED_minContig2500_bin.6","1","1","0","0","1","0","0","1","1","1","1","1","1","1","1","1","1","0","0","1","0","1","1","0","0","0","0","0","0","0","0","0","0","0","0","0","0","0","0","0","0","0","0","0","0","0","0","0","0","0","0","0","0","0","0","0","0","0","0","0","0","0","0","0","0","0","0","0","0","0","0","0","0","0","0","0","0","0","0","0","0"
"359","SRR17713594_CLEAN_REPAIRED_minContig2500_bin.4","1","1","0","0","1","0","0","1","1","1","1","1","1","1","1","1","1","0","0","1","0","1","1","0","0","0","0","0","0","0","0","0","0","0","0","0","0","0","0","0","0","0","0","0","0","0","0","0","0","0","0","0","0","0","0","0","0","0","0","0","0","0","0","0","0","0","0","0","0","0","0","0","0","0","0","0","0","0","0","0","0"
"394","SRR17713595_CLEAN_REPAIRED_minContig2500_bin.4","0","0","0","0","0","0","0","1","1","1","1","1","1","1","1","1","1","0","0","1","0","0","1","0","0","0","0","0","0","0","0","0","0","0","0","0","0","0","0","0","0","0","0","0","0","0","0","0","0","0","0","0","0","0","0","0","0","0","0","0","0","0","0","0","0","0","0","0","0","0","0","0","0","0","0","0","0","0","0","0","0"
"421","SRR17713597_CLEAN_REPAIRED_minContig2500_bin.4","1","1","0","0","1","0","0","1","1","1","1","1","1","1","1","1","1","0","0","1","0","1","1","0","0","0","0","0","0","0","0","0","0","0","0","0","0","0","0","0","0","0","0","0","0","0","0","0","0","0","0","0","0","0","0","0","0","0","0","0","0","0","0","0","0","0","0","0","0","0","0","0","0","0","0","0","0","0","0","0","0"
"456","SRR17713598_CLEAN_REPAIRED_minContig2500_bin.2","1","1","0","0","1","0","0","1","1","1","1","1","1","1","1","1","1","0","0","1","0","1","1","0","0","0","0","0","0","0","0","0","0","0","0","0","0","0","0","0","0","0","0","0","0","0","0","0","0","0","0","0","0","0","0","0","0","0","0","0","0","0","0","0","0","0","0","0","0","0","0","0","0","0","0","0","0","0","0","0","0"
"491","SRR17713612_CLEAN_REPAIRED_minContig2500_bin.1","1","1","1","1","1","1","1","1","1","1","1","1","1","1","1","1","1","0","0","0","0","0","0","0","0","0","0","0","0","0","0","0","0","0","0","0","0","0","0","0","0","0","0","0","0","0","0","0","0","0","0","0","0","0","0","0","0","0","0","0","0","0","0","0","0","0","0","0","0","0","0","0","0","0","0","0","0","0","0","0","0"
"527","SRR17713616_CLEAN_REPAIRED_minContig2500_bin.2","1","1","0","1","1","1","1","1","1","1","1","1","1","1","1","1","1","0","0","0","0","0","0","0","0","0","0","0","0","0","0","0","0","0","0","0","0","0","0","0","0","0","0","0","0","0","0","0","0","0","0","0","0","0","0","0","0","0","0","0","0","0","0","0","0","0","0","0","0","0","0","0","0","0","0","0","0","0","0","0","0"
"563","SRR17713618_CLEAN_REPAIRED_minContig2500_bin.5","1","1","1","1","1","1","1","1","1","1","1","1","1","1","1","1","1","0","0","0","0","0","0","0","0","0","0","0","0","0","0","0","0","0","0","0","0","0","0","0","0","0","0","0","0","0","0","0","0","0","0","0","0","0","0","0","0","0","0","0","0","0","0","0","0","0","0","0","0","0","0","0","0","0","0","0","0","0","0","0","0"
"600","SRR17721947_CLEAN_REPAIRED_minContig2500_bin.8","0","0","0","0","0","1","1","1","1","1","1","1","0","1","1","1","1","0","1","0","0","0","0","1","1","1","1","1","1","1","1","0","0","0","0","0","0","0","0","0","0","0","0","0","0","0","0","0","0","0","0","0","0","0","0","0","0","0","0","0","0","0","0","0","0","0","0","0","0","0","0","0","0","0","0","0","0","0","0","0","0"
"636","SRR17721948_CLEAN_REPAIRED_minContig2500_bin.1","0","1","0","0","1","0","0","1","1","1","1","1","1","1","1","1","1","0","0","1","0","1","0","0","0","0","0","0","0","0","0","0","0","0","0","0","0","0","0","0","0","0","0","0","0","0","0","0","0","0","0","0","0","0","0","0","0","0","0","0","0","0","0","0","0","0","0","0","0","0","0","0","0","0","0","0","0","0","0","0","0"
"671","SRR17721949_CLEAN_REPAIRED_minContig2500_bin.7","0","0","0","0","0","1","1","1","1","1","1","1","0","1","1","1","1","0","1","0","0","0","0","1","1","1","1","1","1","1","1","0","0","0","0","0","0","0","0","0","0","0","0","0","0","0","0","0","0","0","0","0","0","0","0","0","0","0","0","0","0","0","0","0","0","0","0","0","0","0","0","0","0","0","0","0","0","0","0","0","0"
"707","SRR17721950_CLEAN_REPAIRED_minContig2500_bin.2","0","0","0","0","0","1","1","1","1","1","1","1","0","1","1","1","1","1","1","0","0","0","0","1","1","1","1","1","1","1","1","0","0","0","0","0","0","0","0","0","0","0","0","0","0","0","0","0","0","0","0","0","0","0","0","0","0","0","0","0","0","0","0","0","0","0","0","0","0","0","0","0","0","0","0","0","0","0","0","0","0"
"744","SRR17721951_CLEAN_REPAIRED_minContig2500_bin.2","0","0","0","0","0","1","1","1","1","1","1","1","0","1","1","1","1","1","1","0","0","0","0","1","1","1","1","1","1","1","1","1","1","1","1","1","1","1","1","1","0","0","0","0","0","0","0","0","0","0","0","0","0","0","0","0","0","0","0","0","0","0","0","0","0","0","0","0","0","0","0","0","0","0","0","0","0","0","0","0","0"
"809","SRR17721963_CLEAN_REPAIRED_minContig2500_bin.4","1","0","0","1","1","0","0","1","1","1","1","1","1","1","1","1","1","0","0","1","0","1","0","0","0","0","0","0","0","0","0","0","0","0","0","0","0","0","0","0","1","0","0","0","0","0","0","0","0","0","0","0","0","0","0","0","0","0","0","0","0","0","0","0","0","0","0","0","0","0","0","0","0","0","0","0","0","0","0","0","0"
"842","SRR17721964_CLEAN_REPAIRED_minContig2500_bin.1","1","0","0","1","1","0","0","1","1","1","1","1","1","1","1","1","1","0","0","1","0","1","0","0","0","0","0","0","0","0","0","0","0","0","0","0","0","0","0","0","1","0","0","0","0","0","0","0","0","0","0","0","0","0","0","0","0","0","0","0","0","0","0","0","0","0","0","0","0","0","0","0","0","0","0","0","0","0","0","0","0"
"875","SRR17721965_CLEAN_REPAIRED_minContig2500_bin.2","1","0","0","1","1","0","0","1","1","1","1","1","1","1","1","1","1","0","0","1","0","1","0","0","0","0","0","0","0","0","0","0","0","0","0","0","0","0","0","0","1","0","0","0","0","0","0","0","0","0","0","0","0","0","0","0","0","0","0","0","0","0","0","0","0","0","0","0","0","0","0","0","0","0","0","0","0","0","0","0","0"
"908","SRR17721966_CLEAN_REPAIRED_minContig2500_bin.2","1","0","0","1","1","0","0","1","1","1","1","1","1","1","1","1","1","0","0","1","0","1","0","0","0","0","0","0","0","0","0","0","0","0","0","0","0","0","0","0","1","0","0","0","0","0","0","0","0","0","0","0","0","0","0","0","0","0","0","0","0","0","0","0","0","0","0","0","0","0","0","0","0","0","0","0","0","0","0","0","0"
"941","SRR17721967_CLEAN_REPAIRED_minContig2500_bin.3","1","0","0","1","1","0","0","1","1","1","1","1","1","1","1","1","1","0","0","1","0","1","0","0","0","0","0","0","0","0","0","0","0","0","0","0","0","0","0","0","1","0","0","0","0","0","0","0","0","0","0","0","0","0","0","0","0","0","0","0","0","0","0","0","0","0","0","0","0","0","0","0","0","0","0","0","0","0","0","0","0"
"974","SRR17721968_CLEAN_REPAIRED_minContig2500_bin.5","1","0","0","1","1","0","0","1","1","1","1","1","1","1","1","1","1","0","0","1","0","1","0","0","0","0","0","0","0","0","0","0","0","0","0","0","0","0","0","0","1","0","0","0","0","0","0","0","0","0","0","0","0","0","0","0","0","0","0","0","0","0","0","0","0","0","0","0","0","0","0","0","0","0","0","0","0","0","0","0","0"
"1007","SRR17721969_CLEAN_REPAIRED_minContig2500_bin.3","1","0","0","1","1","0","0","1","1","1","1","1","1","1","1","1","1","0","0","1","0","1","0","0","0","0","0","0","0","0","0","0","0","0","0","0","0","0","0","0","1","0","0","0","0","0","0","0","0","0","0","0","0","0","0","0","0","0","0","0","0","0","0","0","0","0","0","0","0","0","0","0","0","0","0","0","0","0","0","0","0"
"1040","SRR17721971_CLEAN_REPAIRED_minContig2500_bin.3","1","0","0","1","1","0","0","1","1","1","1","1","1","1","1","1","1","0","0","1","0","1","0","0","0","0","0","0","0","0","0","0","0","0","0","0","0","0","0","0","1","0","0","0","0","0","0","0","0","0","0","0","0","0","0","0","0","0","0","0","0","0","0","0","0","0","0","0","0","0","0","0","0","0","0","0","0","0","0","0","0"
"1073","SRR17721972_CLEAN_REPAIRED_minContig2500_bin.2","1","1","0","0","1","0","0","1","1","1","1","1","1","1","1","1","1","0","0","1","0","1","1","0","0","0","0","0","0","0","0","0","0","0","0","0","0","0","0","0","0","0","0","0","0","0","0","0","0","0","0","0","0","0","0","0","0","0","0","0","0","0","0","0","0","0","0","0","0","0","0","0","0","0","0","0","0","0","0","0","0"
"1106","SRR17721974_CLEAN_REPAIRED_minContig2500_bin.1","1","0","0","1","1","0","0","1","1","1","1","1","1","1","1","1","1","0","0","1","0","1","0","0","0","0","0","0","0","0","0","0","0","0","0","0","0","0","0","0","1","0","0","0","0","0","0","0","0","0","0","0","0","0","0","0","0","0","0","0","0","0","0","0","0","0","0","0","0","0","0","0","0","0","0","0","0","0","0","0","0"
"1139","SRR17721975_CLEAN_REPAIRED_minContig2500_bin.1","0","0","0","0","0","0","0","0","1","1","0","0","0","0","0","0","0","0","0","1","0","0","0","0","0","0","0","0","0","0","0","0","0","0","0","0","0","0","0","0","0","0","0","0","0","0","0","0","0","0","0","0","0","0","0","0","0","0","0","0","0","0","0","0","0","0","0","0","0","0","0","0","0","0","0","0","0","0","0","0","0"
"1144","SRR17721976_CLEAN_REPAIRED_minContig2500_bin.6","1","0","0","1","1","0","0","1","1","1","1","1","1","1","1","1","1","0","0","1","0","1","0","0","0","0","0","0","0","0","0","0","0","0","0","0","0","0","0","0","1","0","0","0","0","0","0","0","0","0","0","0","0","0","0","0","0","0","0","0","0","0","0","0","0","0","0","0","0","0","0","0","0","0","0","0","0","0","0","0","0"
"1177","SRR17721977_CLEAN_REPAIRED_minContig2500_bin.1","1","0","0","1","1","0","0","1","1","1","1","1","1","1","1","1","1","0","0","1","0","1","0","0","0","0","0","0","0","0","0","0","0","0","0","0","0","0","0","0","1","0","0","0","0","0","0","0","0","0","0","0","0","0","0","0","0","0","0","0","0","0","0","0","0","0","0","0","0","0","0","0","0","0","0","0","0","0","0","0","0"
"1210","SRR17721978_CLEAN_REPAIRED_minContig2500_bin.1","1","0","0","1","1","0","0","1","1","1","1","1","1","1","1","1","1","0","0","1","0","1","0","0","0","0","0","0","0","0","0","0","0","0","0","0","0","0","0","0","1","0","0","0","0","0","0","0","0","0","0","0","0","0","0","0","0","0","0","0","0","0","0","0","0","0","0","0","0","0","0","0","0","0","0","0","0","0","0","0","0"
"1243","SRR17721979_CLEAN_REPAIRED_minContig2500_bin.4","1","0","0","1","1","0","0","1","1","1","1","1","1","1","1","1","1","0","0","1","0","1","0","0","0","0","0","0","0","0","0","0","0","0","0","0","0","0","0","0","1","0","0","0","0","0","0","0","0","0","0","0","0","0","0","0","0","0","0","0","0","0","0","0","0","0","0","0","0","0","0","0","0","0","0","0","0","0","0","0","0"
"1276","SRR17721983_CLEAN_REPAIRED_minContig2500_bin.1","1","0","1","1","0","0","0","1","1","1","1","1","1","1","1","1","1","0","0","0","0","1","0","0","0","0","0","0","0","0","0","0","0","0","0","0","0","0","0","0","0","0","0","0","0","0","0","0","0","0","0","0","0","0","0","0","0","0","0","0","0","0","0","0","0","0","0","0","0","0","0","0","0","0","0","0","0","0","0","0","0"
"1310","SRR17721984_CLEAN_REPAIRED_minContig2500_bin.1","1","1","0","0","1","0","0","1","1","1","1","1","1","1","1","1","1","0","0","1","0","1","1","0","0","0","0","0","0","0","0","0","0","0","0","0","0","0","0","0","0","0","0","0","0","0","0","0","0","0","0","0","0","0","0","0","0","0","0","0","0","0","0","0","0","0","0","0","0","0","0","0","0","0","0","0","0","0","0","0","0"
"1343","SRR17721985_CLEAN_REPAIRED_minContig2500_bin.3","1","0","0","1","1","0","0","1","1","1","1","1","1","1","1","1","1","0","0","1","0","1","0","0","0","0","0","0","0","0","0","0","0","0","0","0","0","0","0","0","1","0","0","0","0","0","0","0","0","0","0","0","0","0","0","0","0","0","0","0","0","0","0","0","0","0","0","0","0","0","0","0","0","0","0","0","0","0","0","0","0"
"1377","SRR17721986_CLEAN_REPAIRED_minContig2500_bin.3","1","0","0","1","1","0","0","1","1","1","1","1","1","1","1","1","1","0","0","1","0","1","0","0","0","0","0","0","0","0","0","0","0","0","0","0","0","0","0","0","1","0","0","0","0","0","0","0","0","0","0","0","0","0","0","0","0","0","0","0","0","0","0","0","0","0","0","0","0","0","0","0","0","0","0","0","0","0","0","0","0"
"1410","SRR17721991_CLEAN_REPAIRED_minContig2500_bin.1","1","0","0","1","1","0","0","1","1","1","1","1","1","1","1","1","1","0","0","1","0","1","0","0","0","0","0","0","0","0","0","0","0","0","0","0","0","0","0","0","1","0","0","0","0","0","0","0","0","0","0","0","0","0","0","0","0","0","0","0","0","0","0","0","0","0","0","0","0","0","0","0","0","0","0","0","0","0","0","0","0"
"1443","SRR17721996_CLEAN_REPAIRED_minContig2500_bin.2","0","0","1","0","0","0","0","1","1","1","1","1","1","1","1","1","1","0","1","1","0","0","0","0","0","0","0","0","0","0","0","0","0","0","0","0","0","0","0","0","0","0","0","0","0","0","0","0","0","0","0","0","0","0","0","0","0","0","0","0","0","0","0","0","0","0","0","0","0","0","0","0","0","0","0","0","0","0","0","0","0"
"1476","SRR17721997_CLEAN_REPAIRED_minContig2500_bin.2","0","0","1","0","0","0","0","1","1","1","1","1","1","1","1","1","1","0","1","1","0","0","0","0","0","0","0","0","0","0","0","0","0","0","0","0","0","0","0","0","0","0","0","0","0","0","0","0","0","0","0","0","0","0","0","0","0","0","0","0","0","0","0","0","0","0","0","0","0","0","0","0","0","0","0","0","0","0","0","0","0"
"1509","SRR17721998_CLEAN_REPAIRED_minContig2500_bin.2","0","0","1","0","0","0","0","1","1","1","1","1","1","1","1","1","1","0","1","1","0","0","0","0","0","0","0","0","0","0","0","0","0","0","0","0","0","0","0","0","0","0","0","0","0","0","0","0","0","0","0","0","0","0","0","0","0","0","0","0","0","0","0","0","0","0","0","0","0","0","0","0","0","0","0","0","0","0","0","0","0"
"1541","SRR17722000_CLEAN_REPAIRED_minContig2500_bin.2","0","0","1","0","0","0","0","1","1","1","1","1","1","1","1","1","1","0","1","1","0","0","0","0","0","0","0","0","0","0","0","0","0","0","0","0","0","0","0","0","0","0","0","0","0","0","0","0","0","0","0","0","0","0","0","0","0","0","0","0","0","0","0","0","0","0","0","0","0","0","0","0","0","0","0","0","0","0","0","0","0"
"1579","SRR17722001_CLEAN_REPAIRED_minContig2500_bin.1","0","0","1","0","0","0","0","1","1","1","1","1","1","1","1","1","1","0","1","1","0","0","0","0","0","0","0","0","0","0","0","0","0","0","0","0","0","0","0","0","0","0","0","0","0","0","0","0","0","0","0","0","0","0","0","0","0","0","0","0","0","0","0","0","0","0","0","0","0","0","0","0","0","0","0","0","0","0","0","0","0"
"1615","SRR17722002_CLEAN_REPAIRED_minContig2500_bin.1","0","0","1","0","0","0","0","1","1","1","1","1","1","1","1","1","1","0","1","1","0","0","0","0","0","0","0","0","0","0","0","0","0","0","0","0","0","0","0","0","0","0","0","0","0","0","0","0","0","0","0","0","0","0","0","0","0","0","0","0","0","0","0","0","0","0","0","0","0","0","0","0","0","0","0","0","0","0","0","0","0"
"1648","SRR17722003_CLEAN_REPAIRED_minContig2500_bin.1","0","0","1","0","0","0","0","1","1","1","1","1","1","1","1","1","1","0","1","1","0","0","0","0","0","0","0","0","0","0","0","0","0","0","0","0","0","0","0","0","0","0","0","0","0","0","0","0","0","0","0","0","0","0","0","0","0","0","0","0","0","0","0","0","0","0","0","0","0","0","0","0","0","0","0","0","0","0","0","0","0"
"1683","SRR17722004_CLEAN_REPAIRED_minContig2500_bin.2","0","0","1","0","0","0","0","1","1","1","1","1","1","1","1","1","1","0","1","1","0","0","0","0","0","0","0","0","0","0","0","0","0","0","0","0","0","0","0","0","0","0","0","0","0","0","0","0","0","0","0","0","0","0","0","0","0","0","0","0","0","0","0","0","0","0","0","0","0","0","0","0","0","0","0","0","0","0","0","0","0"
"1718","SRR17722024_CLEAN_REPAIRED_minContig2500_bin.1","1","1","0","1","1","0","0","1","1","1","1","1","1","1","1","1","1","0","1","1","0","1","0","0","0","0","0","0","0","0","0","0","0","0","0","0","0","0","0","0","0","0","0","0","0","0","0","0","0","0","0","0","0","0","0","0","0","0","0","0","0","0","0","0","0","0","0","0","0","0","0","0","0","0","0","0","0","0","0","0","0"
"1761","SRR17722025_CLEAN_REPAIRED_minContig2500_bin.2","1","1","0","1","1","0","0","1","1","1","1","1","1","1","1","1","1","0","1","1","0","1","0","0","0","0","0","0","0","0","0","0","0","0","0","0","0","0","0","0","0","0","0","0","0","0","0","0","0","0","0","0","0","0","0","0","0","0","0","0","0","0","0","0","0","0","0","0","0","0","0","0","0","0","0","0","0","0","0","0","0"
"1808","SRR17722026_CLEAN_REPAIRED_minContig2500_bin.2","1","1","0","1","1","0","0","1","1","1","1","1","1","1","1","1","1","0","1","1","0","1","0","0","0","0","0","0","0","0","0","0","0","0","0","0","0","0","0","0","0","0","0","0","0","0","0","0","0","0","0","0","0","0","0","0","0","0","0","0","0","0","0","0","0","0","0","0","0","0","0","0","0","0","0","0","0","0","0","0","0"
"1851","SRR17722034_CLEAN_REPAIRED_minContig2500_bin.4","1","1","0","0","1","0","1","1","1","1","1","1","1","1","1","1","1","0","0","1","0","1","0","0","0","0","0","0","0","0","0","0","0","0","0","0","0","0","0","0","0","0","0","0","0","0","0","0","0","0","0","0","0","0","0","0","0","0","0","0","0","0","0","0","0","0","0","0","0","0","0","0","0","0","0","0","0","0","0","0","0"
"1881","SRR17722035_CLEAN_REPAIRED_minContig2500_bin.3","1","1","0","0","1","0","1","1","1","1","1","1","1","1","1","1","1","0","0","1","0","1","0","0","0","0","0","0","0","0","0","0","0","0","0","0","0","0","0","0","0","0","0","0","0","0","0","0","0","0","0","0","0","0","0","0","0","0","0","0","0","0","0","0","0","0","0","0","0","0","0","0","0","0","0","0","0","0","0","0","0"
"1911","SRR17722037_CLEAN_REPAIRED_minContig2500_bin.7","1","1","0","0","1","0","1","1","1","1","1","1","1","1","1","1","1","0","0","1","0","1","0","0","0","0","0","0","0","0","0","0","0","0","0","0","0","0","0","0","0","0","0","0","0","0","0","0","0","0","0","0","0","0","0","0","0","0","0","0","0","0","0","0","0","0","0","0","0","0","0","0","0","0","0","0","0","0","0","0","0"
"1941","SRR17722038_CLEAN_REPAIRED_minContig2500_bin.9","1","1","0","1","0","0","0","1","1","1","1","1","0","1","1","1","0","0","0","0","0","0","0","0","0","0","0","0","0","0","0","0","0","0","0","0","0","0","0","0","0","0","0","0","0","0","0","0","0","0","0","0","0","0","0","0","0","0","0","0","0","0","0","0","0","0","0","0","0","0","0","0","0","0","0","0","0","0","0","0","0"
"1964","SRR17722039_CLEAN_REPAIRED_minContig2500_bin.6","1","1","0","0","1","0","1","1","1","1","1","1","1","0","0","0","0","0","0","1","0","1","0","0","0","0","0","0","0","0","0","0","0","0","0","0","0","0","0","0","0","0","0","0","0","0","0","0","0","0","0","0","0","0","0","0","0","0","0","0","0","0","0","0","0","0","0","0","0","0","0","0","0","0","0","0","0","0","0","0","0"
"1985","SRR17722040_CLEAN_REPAIRED_minContig2500_bin.3","1","0","0","1","0","0","0","1","1","1","1","1","1","1","1","1","1","0","1","1","0","0","0","0","0","0","0","0","0","0","0","0","0","0","0","0","0","0","0","0","0","0","0","0","0","0","0","0","0","0","0","0","0","0","0","0","0","0","0","0","0","0","0","0","0","0","0","0","0","0","0","0","0","0","0","0","0","0","0","0","0"
"2025","SRR17722041_CLEAN_REPAIRED_minContig2500_bin.2","0","0","0","0","0","0","0","1","1","1","1","1","0","1","1","1","1","0","0","0","1","0","0","0","0","0","0","0","0","0","0","0","0","0","0","0","0","0","0","0","0","0","0","0","0","0","0","0","0","0","0","0","0","0","0","0","0","0","0","0","0","0","0","0","0","0","0","0","0","0","0","0","0","0","0","0","0","0","0","0","0"
"2048","SRR17722042_CLEAN_REPAIRED_minContig2500_bin.5","0","0","0","0","0","0","0","1","1","1","1","1","0","1","1","1","1","0","0","0","1","0","0","0","0","0","0","0","0","0","0","0","0","0","0","0","0","0","0","0","0","0","0","0","0","0","0","0","0","0","0","0","0","0","0","0","0","0","0","0","0","0","0","0","0","0","0","0","0","0","0","0","0","0","0","0","0","0","0","0","0"
"2071","SRR17722044_CLEAN_REPAIRED_minContig2500_bin.8","0","0","0","0","0","0","0","1","1","1","1","1","0","1","1","1","1","0","0","0","1","0","0","0","0","0","0","0","0","0","0","0","0","0","0","0","0","0","0","0","0","0","0","0","0","0","0","0","0","0","0","0","0","0","0","0","0","0","0","0","0","0","0","0","0","0","0","0","0","0","0","0","0","0","0","0","0","0","0","0","0"
"2094","SRR17722045_CLEAN_REPAIRED_minContig2500_bin.3","0","0","0","0","0","0","0","1","1","1","1","1","0","1","1","1","1","0","0","0","1","0","0","0","0","0","0","0","0","0","0","0","0","0","0","0","0","0","0","0","0","0","0","0","0","0","0","0","0","0","0","0","0","0","0","0","0","0","0","0","0","0","0","0","0","0","0","0","0","0","0","0","0","0","0","0","0","0","0","0","0"
"2117","SRR17722046_CLEAN_REPAIRED_minContig2500_bin.4","1","1","1","1","0","0","0","1","1","1","1","1","0","1","1","1","0","0","0","0","1","0","0","0","0","0","0","0","0","0","0","0","0","0","0","0","0","0","0","0","0","0","0","0","0","0","0","0","0","0","0","0","0","0","0","0","0","0","0","0","0","0","0","0","0","0","0","0","0","0","0","0","0","0","0","0","0","0","0","0","0"
"2145","SRR17722048_CLEAN_REPAIRED_minContig2500_bin.6","1","1","0","0","0","0","0","1","1","1","1","1","0","1","1","1","0","0","0","0","0","0","0","0","0","0","0","0","0","1","0","0","0","0","0","0","0","0","0","0","0","0","0","0","0","0","0","0","0","0","0","0","0","0","0","0","0","0","0","0","0","0","0","0","0","0","0","0","0","0","0","0","0","0","0","0","0","0","0","0","0"
"2167","SRR17722049_CLEAN_REPAIRED_minContig2500_bin.5","1","1","0","0","1","0","1","1","1","1","1","1","1","1","1","1","1","0","0","1","0","1","0","0","0","0","0","0","0","0","0","0","0","0","0","0","0","0","0","0","0","0","0","0","0","0","0","0","0","0","0","0","0","0","0","0","0","0","0","0","0","0","0","0","0","0","0","0","0","0","0","0","0","0","0","0","0","0","0","0","0"
"2197","SRR17722051_CLEAN_REPAIRED_minContig2500_bin.4","1","1","0","0","0","0","1","0","1","1","1","1","1","1","1","1","0","0","0","1","0","0","0","1","0","0","0","0","0","0","0","0","0","0","0","0","0","0","0","0","0","1","0","0","0","0","0","0","0","0","0","0","0","0","0","0","0","0","0","0","0","0","0","0","0","0","0","0","0","0","0","0","0","0","0","0","0","0","0","0","0"
"2223","SRR17722052_CLEAN_REPAIRED_minContig2500_bin.7","1","1","0","0","1","0","1","1","1","0","1","1","0","1","1","1","1","0","0","1","0","1","1","0","0","0","0","0","0","0","0","0","0","0","0","0","0","0","0","0","0","1","0","0","0","0","0","0","0","0","0","0","0","0","0","0","0","0","0","0","0","0","0","0","0","0","0","0","0","0","0","0","0","0","0","0","0","0","0","0","0"
"2254","SRR17722056_CLEAN_REPAIRED_minContig2500_bin.4","1","1","0","1","1","1","1","1","1","1","1","1","1","1","1","1","1","0","0","0","0","1","0","1","0","0","0","1","1","0","0","0","0","0","0","0","0","0","0","0","0","0","1","0","0","0","0","0","0","0","0","0","0","0","0","0","0","0","0","0","0","0","0","0","0","0","0","0","0","0","0","0","0","0","0","0","0","0","0","0","0"
"2295","SRR17722057_CLEAN_REPAIRED_minContig2500_bin.2","1","1","0","1","1","1","1","1","1","1","1","1","1","1","1","1","1","0","0","0","0","1","0","1","0","0","0","1","1","0","0","0","0","0","0","0","0","0","0","0","0","0","1","0","0","0","0","0","0","0","0","0","0","0","0","0","0","0","0","0","0","0","0","0","0","0","0","0","0","0","0","0","0","0","0","0","0","0","0","0","0"
"2336","SRR17722059_CLEAN_REPAIRED_minContig2500_bin.1","1","1","0","1","0","0","0","1","0","0","1","1","0","1","1","1","1","0","1","0","1","0","0","0","0","0","0","0","0","1","0","0","0","0","0","0","0","0","0","0","0","0","0","0","0","0","0","0","0","0","0","0","0","0","0","0","0","0","0","0","0","0","0","0","0","0","0","0","0","0","0","0","0","0","0","0","0","0","0","0","0"
"2368","SRR17722061_CLEAN_REPAIRED_minContig2500_bin.1","1","1","1","1","1","0","0","1","1","1","1","1","1","1","1","1","1","0","1","1","0","1","0","0","0","0","0","0","0","0","0","0","0","0","0","0","0","0","0","0","0","0","0","0","0","0","0","0","0","0","0","0","0","0","0","0","0","0","0","0","0","0","0","0","0","0","0","0","0","0","0","0","0","0","0","0","0","0","0","0","0"
"2413","SRR17722064_CLEAN_REPAIRED_minContig2500_bin.2","1","1","1","1","1","0","0","1","1","1","1","1","1","1","1","1","1","0","1","1","0","1","0","0","0","0","0","0","0","0","0","0","0","0","0","0","0","0","0","0","0","0","0","0","0","0","0","0","0","0","0","0","0","0","0","0","0","0","0","0","0","0","0","0","0","0","0","0","0","0","0","0","0","0","0","0","0","0","0","0","0"
"2460","SRR17722065_CLEAN_REPAIRED_minContig2500_bin.4","1","1","1","1","1","0","0","1","1","1","1","1","1","1","1","1","1","0","1","1","0","1","0","0","0","0","0","0","0","0","0","0","0","0","0","0","0","0","0","0","0","0","0","0","0","0","0","0","0","0","0","0","0","0","0","0","0","0","0","0","0","0","0","0","0","0","0","0","0","0","0","0","0","0","0","0","0","0","0","0","0"
"2505","SRR17722067_CLEAN_REPAIRED_minContig2500_bin.2","1","1","1","1","1","0","0","1","1","1","1","1","1","1","1","1","1","0","1","1","0","1","0","0","0","0","0","0","0","0","0","0","0","0","0","0","0","0","0","0","0","0","0","0","0","0","0","0","0","0","0","0","0","0","0","0","0","0","0","0","0","0","0","0","0","0","0","0","0","0","0","0","0","0","0","0","0","0","0","0","0"
"2547","SRR17722070_CLEAN_REPAIRED_minContig2500_bin.1","0","0","0","0","0","0","0","1","1","1","1","1","0","1","1","1","1","0","1","0","1","0","0","0","0","0","0","0","0","1","1","0","0","0","0","0","0","0","0","0","0","0","0","1","0","0","0","0","0","0","0","0","0","0","0","0","0","0","0","0","0","0","0","0","0","0","0","0","0","0","0","0","0","0","0","0","0","0","0","0","0"
"2577","SRR17722071_CLEAN_REPAIRED_minContig2500_bin.4","1","1","0","0","1","0","0","1","1","1","1","1","1","1","1","1","1","0","1","0","0","1","0","0","0","0","0","0","0","1","0","0","0","0","0","0","0","0","0","0","0","0","0","0","0","0","0","0","0","0","0","0","0","0","0","0","0","0","0","0","0","0","0","0","0","0","0","0","0","0","0","0","0","0","0","0","0","0","0","0","0"
"2621","SRR17722072_CLEAN_REPAIRED_minContig2500_bin.5","1","1","0","0","1","0","0","1","1","1","1","1","1","1","1","1","1","0","1","0","0","1","0","0","0","0","0","0","0","1","0","0","0","0","0","0","0","0","0","0","0","0","0","0","0","0","0","0","0","0","0","0","0","0","0","0","0","0","0","0","0","0","0","0","0","0","0","0","0","0","0","0","0","0","0","0","0","0","0","0","0"
"2662","SRR17722073_CLEAN_REPAIRED_minContig2500_bin.3","1","1","0","0","1","0","0","1","1","1","1","1","1","1","1","1","1","0","0","0","0","1","0","0","0","0","0","0","0","1","0","0","0","0","0","0","0","0","0","0","0","0","0","0","0","0","0","0","0","0","0","0","0","0","0","0","0","0","0","0","0","0","0","0","0","0","0","0","0","0","0","0","0","0","0","0","0","0","0","0","0"
"2700","SRR17722074_CLEAN_REPAIRED_minContig2500_bin.1","1","1","0","0","1","0","0","1","1","1","1","1","1","1","1","1","1","0","0","0","0","1","0","0","0","0","0","0","0","1","0","0","0","0","0","0","0","0","0","0","0","0","0","0","0","0","0","0","0","0","0","0","0","0","0","0","0","0","0","0","0","0","0","0","0","0","0","0","0","0","0","0","0","0","0","0","0","0","0","0","0"
"2738","SRR17722075_CLEAN_REPAIRED_minContig2500_bin.1","1","1","0","0","1","0","0","1","1","1","1","1","1","1","1","1","1","0","1","0","0","1","0","0","0","0","0","0","0","1","0","0","0","0","0","0","0","0","0","0","0","0","0","0","0","0","0","0","0","0","0","0","0","0","0","0","0","0","0","0","0","0","0","0","0","0","0","0","0","0","0","0","0","0","0","0","0","0","0","0","0"
"2778","SRR17722078_CLEAN_REPAIRED_minContig2500_bin.1","1","1","0","0","1","0","0","1","1","1","1","1","1","1","1","1","1","0","1","0","0","1","0","0","0","0","0","0","0","1","0","0","0","0","0","0","0","0","0","0","0","0","0","0","0","0","0","0","0","0","0","0","0","0","0","0","0","0","0","0","0","0","0","0","0","0","0","0","0","0","0","0","0","0","0","0","0","0","0","0","0"
"2819","SRR17722079_CLEAN_REPAIRED_minContig2500_bin.4","1","1","0","0","1","0","0","1","1","1","1","1","1","0","0","0","0","0","1","0","0","1","0","0","0","0","0","0","0","1","0","0","0","0","0","0","0","0","0","0","0","0","0","0","0","0","0","0","0","0","0","0","0","0","0","0","0","0","0","0","0","0","0","0","0","0","0","0","0","0","0","0","0","0","0","0","0","0","0","0","0"
"2849","SRR17722081_CLEAN_REPAIRED_minContig2500_bin.3","0","0","0","0","0","0","0","1","1","1","1","1","0","1","1","1","1","0","1","0","1","0","0","0","0","0","0","0","0","1","1","0","0","0","0","0","0","0","0","0","0","0","0","1","0","0","0","0","0","0","0","0","0","0","0","0","0","0","0","0","0","0","0","0","0","0","0","0","0","0","0","0","0","0","0","0","0","0","0","0","0"
"2877","SRR17722082_CLEAN_REPAIRED_minContig2500_bin.10","1","0","0","0","0","0","0","1","0","0","1","1","1","0","0","0","0","0","0","1","0","0","0","0","0","0","0","0","0","0","0","0","0","0","0","0","0","0","0","0","0","1","0","0","1","1","1","1","0","0","0","0","0","0","0","0","0","0","0","0","0","0","0","0","0","0","0","0","0","0","0","0","0","0","0","0","0","0","0","0","0"
"2894","SRR17722083_CLEAN_REPAIRED_minContig2500_bin.3","1","1","0","0","1","0","0","1","1","1","1","1","1","1","1","1","0","0","0","1","0","1","1","0","0","0","0","0","0","0","0","0","0","0","0","0","0","0","0","0","0","0","0","0","0","0","0","0","0","0","0","0","0","0","0","0","0","0","0","0","0","0","0","0","0","0","0","0","0","0","0","0","0","0","0","0","0","0","0","0","0"
"2927","SRR17722085_CLEAN_REPAIRED_minContig2500_bin.1","1","1","0","0","1","0","0","0","1","0","1","1","1","1","1","1","1","0","0","1","0","1","1","0","0","0","0","0","0","0","0","0","0","0","0","0","0","0","0","0","0","0","0","0","0","0","0","0","0","0","0","0","0","0","0","0","0","0","0","0","0","0","0","0","0","0","0","0","0","0","0","0","0","0","0","0","0","0","0","0","0"
"2956","SRR17722088_CLEAN_REPAIRED_minContig2500_bin.2","1","0","0","1","1","0","0","1","1","1","1","1","1","1","1","1","1","0","0","1","0","1","0","0","0","0","0","0","0","0","0","0","0","0","0","0","0","0","0","0","1","0","0","0","0","0","0","0","0","0","0","0","0","0","0","0","0","0","0","0","0","0","0","0","0","0","0","0","0","0","0","0","0","0","0","0","0","0","0","0","0"
"2989","SRR17722089_CLEAN_REPAIRED_minContig2500_bin.9","1","0","0","1","1","0","0","1","1","1","1","1","1","1","1","1","1","0","0","1","0","1","0","0","0","0","0","0","0","0","0","0","0","0","0","0","0","0","0","0","1","0","0","0","0","0","0","0","0","0","0","0","0","0","0","0","0","0","0","0","0","0","0","0","0","0","0","0","0","0","0","0","0","0","0","0","0","0","0","0","0"
"3022","SRR17722090_CLEAN_REPAIRED_minContig2500_bin.4","1","0","0","1","1","0","0","1","1","1","1","1","1","1","1","1","1","0","0","1","0","1","0","0","0","0","0","0","0","0","0","0","0","0","0","0","0","0","0","0","1","0","0","0","0","0","0","0","0","0","0","0","0","0","0","0","0","0","0","0","0","0","0","0","0","0","0","0","0","0","0","0","0","0","0","0","0","0","0","0","0"
"3055","SRR17722091_CLEAN_REPAIRED_minContig2500_bin.3","1","0","0","1","1","0","0","1","1","1","1","1","1","1","1","1","1","0","0","1","0","1","0","0","0","0","0","0","0","0","0","0","0","0","0","0","0","0","0","0","1","0","0","0","0","0","0","0","0","0","0","0","0","0","0","0","0","0","0","0","0","0","0","0","0","0","0","0","0","0","0","0","0","0","0","0","0","0","0","0","0"
"3088","SRR17722092_CLEAN_REPAIRED_minContig2500_bin.2","1","0","0","1","1","0","0","1","1","1","1","1","1","1","1","1","1","0","0","1","0","1","0","0","0","0","0","0","0","0","0","0","0","0","0","0","0","0","0","0","1","0","0","0","0","0","0","0","0","0","0","0","0","0","0","0","0","0","0","0","0","0","0","0","0","0","0","0","0","0","0","0","0","0","0","0","0","0","0","0","0"
"3121","SRR17722093_CLEAN_REPAIRED_minContig2500_bin.1","0","0","0","0","0","0","0","1","1","1","1","1","0","1","1","1","1","0","1","0","1","0","0","0","0","0","0","0","0","1","1","0","0","0","0","0","0","0","0","0","0","0","0","0","0","0","0","0","0","0","0","0","0","0","0","0","0","0","0","0","0","0","0","0","0","0","0","0","0","0","0","0","0","0","0","0","0","0","0","0","0"
"3148","SRR17722094_CLEAN_REPAIRED_minContig2500_bin.3","1","0","0","1","1","0","0","1","1","1","1","1","1","1","1","1","1","0","0","1","0","1","0","0","0","0","0","0","0","0","0","0","0","0","0","0","0","0","0","0","1","0","0","0","0","0","0","0","0","0","0","0","0","0","0","0","0","0","0","0","0","0","0","0","0","0","0","0","0","0","0","0","0","0","0","0","0","0","0","0","0"
"3181","SRR17722099_CLEAN_REPAIRED_minContig2500_bin.7","1","1","1","0","0","0","1","1","1","1","1","1","0","1","1","1","1","0","1","0","0","0","1","1","1","0","0","1","0","0","0","1","0","0","0","0","0","0","0","0","0","0","0","0","0","0","0","0","0","0","0","0","0","0","0","0","0","0","0","0","0","0","0","0","0","0","0","0","0","0","0","0","0","0","0","0","0","0","0","0","0"
"3229","SRR17722100_CLEAN_REPAIRED_minContig2500_bin.5","1","1","0","1","0","0","1","1","1","1","1","1","0","1","1","1","1","0","1","0","1","0","0","0","1","0","0","1","0","0","0","0","0","0","0","0","0","0","0","0","0","0","0","0","0","0","0","0","0","0","0","0","0","0","0","0","0","0","0","0","0","0","0","0","0","0","0","0","0","0","0","0","0","0","0","0","0","0","0","0","0"
"3265","SRR17722102_CLEAN_REPAIRED_minContig2500_bin.8","1","1","0","1","0","0","1","1","1","1","1","1","0","1","1","1","1","0","1","1","1","0","0","0","1","0","0","1","0","0","0","0","0","0","0","0","0","0","0","0","0","0","0","0","0","0","0","0","0","0","0","0","0","0","0","0","0","0","0","0","0","0","0","0","0","0","0","0","0","0","0","0","0","0","0","0","0","0","0","0","0"
"3306","SRR17722103_CLEAN_REPAIRED_minContig2500_bin.7","1","1","0","1","0","0","1","1","1","1","1","1","0","1","1","1","1","0","1","0","1","0","1","0","1","0","0","1","0","0","0","1","0","0","0","0","0","0","0","0","0","0","0","0","0","0","0","0","0","0","0","0","0","0","0","0","0","0","0","0","0","0","0","0","0","0","0","0","0","0","0","0","0","0","0","0","0","0","0","0","0"
"3351","SRR17722104_CLEAN_REPAIRED_minContig2500_bin.2","0","0","0","0","0","0","0","1","1","1","1","1","0","1","1","1","1","0","1","0","1","0","0","0","0","0","0","0","0","1","1","0","0","0","0","0","0","0","0","0","0","0","0","1","0","0","0","0","0","0","0","0","0","0","0","0","0","0","0","0","0","0","0","0","0","0","0","0","0","0","0","0","0","0","0","0","0","0","0","0","0"
"3381","SRR17722111_CLEAN_REPAIRED_minContig2500_bin.6","1","1","0","1","0","0","1","1","1","1","1","1","0","0","0","0","0","0","1","0","1","0","0","0","1","0","0","1","0","0","0","0","0","0","0","0","0","0","0","0","0","0","0","0","0","0","0","0","0","0","0","0","0","0","0","0","0","0","0","0","0","0","0","0","0","0","0","0","0","0","0","0","0","0","0","0","0","0","0","0","0"
"3405","SRR17722112_CLEAN_REPAIRED_minContig2500_bin.4","1","1","0","1","0","0","1","1","1","1","1","1","0","1","1","1","1","0","1","0","1","0","0","0","1","0","0","1","0","0","0","0","0","0","0","0","0","0","0","0","0","0","0","0","0","0","0","0","0","0","0","0","0","0","0","0","0","0","0","0","0","0","0","0","0","0","0","0","0","0","0","0","0","0","0","0","0","0","0","0","0"
"3440","SRR17722114_CLEAN_REPAIRED_minContig2500_bin.2","0","0","0","0","0","0","1","1","1","1","1","1","0","1","1","1","1","0","1","0","1","0","0","0","1","0","0","1","0","0","0","0","0","0","0","0","0","0","0","0","0","0","0","0","0","0","0","0","0","0","0","0","0","0","0","0","0","0","0","0","0","0","0","0","0","0","0","0","0","0","0","0","0","0","0","0","0","0","0","0","0"
"3469","SRR17722116_CLEAN_REPAIRED_minContig2500_bin.5","1","1","0","1","0","0","1","1","1","1","1","1","0","0","0","0","0","0","1","0","1","0","0","0","1","0","0","1","0","0","0","0","0","0","0","0","0","0","0","0","0","0","0","0","0","0","0","0","0","0","0","0","0","0","0","0","0","0","0","0","0","0","0","0","0","0","0","0","0","0","0","0","0","0","0","0","0","0","0","0","0"
"3492","SRR17722117_CLEAN_REPAIRED_minContig2500_bin.3","1","1","0","1","0","0","1","1","1","1","1","1","0","1","1","1","1","0","1","0","1","0","0","0","1","0","0","1","0","0","0","0","0","0","0","0","0","0","0","0","0","0","0","0","0","0","0","0","0","0","0","0","0","0","0","0","0","0","0","0","0","0","0","0","0","0","0","0","0","0","0","0","0","0","0","0","0","0","0","0","0"
"3527","SRR17722130_CLEAN_REPAIRED_minContig2500_bin.3","1","0","0","1","1","0","0","1","1","1","1","1","1","1","1","1","1","0","1","0","0","1","0","0","0","0","0","0","0","0","0","0","0","0","1","0","1","1","0","1","0","1","0","0","0","0","0","0","0","0","0","0","0","0","0","0","0","0","0","0","0","0","0","0","0","0","0","0","0","0","0","0","0","0","0","0","0","0","0","0","0"
"3569","SRR17722141_CLEAN_REPAIRED_minContig2500_bin.3","1","0","0","1","1","0","0","1","1","1","1","1","1","1","1","1","1","0","0","0","0","1","0","0","0","0","0","0","0","0","0","0","0","0","0","0","0","0","0","0","0","1","0","0","0","0","0","0","0","0","0","0","0","0","0","0","0","0","0","0","0","0","0","0","0","0","0","0","0","0","0","0","0","0","0","0","0","0","0","0","0"
"3605","SRR17722147_CLEAN_REPAIRED_minContig2500_bin.2","0","0","0","0","0","1","1","1","1","1","1","1","0","1","1","1","1","0","1","0","0","0","0","1","1","1","1","0","1","1","1","0","0","0","0","0","0","0","0","0","0","0","0","0","0","0","0","0","0","0","0","0","0","0","0","0","0","0","0","0","0","0","0","0","0","0","0","0","0","0","0","0","0","0","0","0","0","0","0","0","0"
"3643","SRR17722148_CLEAN_REPAIRED_minContig2500_bin.6","0","0","0","0","0","1","1","1","0","1","1","1","0","1","1","1","1","0","1","0","0","0","0","1","1","1","1","0","1","1","1","0","0","0","0","0","0","0","0","0","0","0","0","0","0","0","0","0","0","0","0","0","0","0","0","0","0","0","0","0","0","0","0","0","0","0","0","0","0","0","0","0","0","0","0","0","0","0","0","0","0"
"3677","SRR17722149_CLEAN_REPAIRED_minContig2500_bin.2","0","0","0","0","0","1","1","1","0","1","1","1","0","0","1","1","1","0","1","0","0","0","0","1","1","1","1","0","1","1","0","0","0","0","0","0","0","0","0","0","0","0","0","0","0","0","0","0","0","0","0","0","0","0","0","0","0","0","0","0","0","0","0","0","0","0","0","0","0","0","0","0","0","0","0","0","0","0","0","0","0"
"3704","SRR17722152_CLEAN_REPAIRED_minContig2500_bin.4","1","0","0","1","1","0","0","1","1","1","1","1","1","1","1","1","1","0","0","0","0","1","0","0","0","0","0","0","0","0","0","0","0","0","0","0","0","0","0","0","0","1","0","0","0","0","0","0","0","0","0","0","0","0","0","0","0","0","0","0","0","0","0","0","0","0","0","0","0","0","0","0","0","0","0","0","0","0","0","0","0"
"3740","SRR17722153_CLEAN_REPAIRED_minContig2500_bin.4","0","0","0","0","0","1","1","1","1","1","1","1","0","1","1","1","1","1","1","0","0","0","0","1","1","1","1","0","1","1","1","0","0","0","0","0","0","0","0","0","0","0","0","0","0","0","0","0","0","0","0","0","0","0","0","0","0","0","0","0","0","0","0","0","0","0","0","0","0","0","0","0","0","0","0","0","0","0","0","0","0"
"3776","SRR17722155_CLEAN_REPAIRED_minContig2500_bin.2","1","1","0","1","0","0","0","1","1","1","1","1","0","1","1","1","1","0","1","0","1","0","0","0","0","0","0","0","0","1","0","0","0","0","0","0","0","0","0","0","0","0","0","1","0","0","0","0","0","0","0","0","0","0","0","0","0","0","0","0","0","0","0","0","0","0","0","0","0","0","0","0","0","0","0","0","0","0","0","0","0"
"3811","SRR17722156_CLEAN_REPAIRED_minContig2500_bin.3","1","1","0","1","0","0","0","1","1","1","1","1","0","1","1","1","1","0","1","0","1","0","0","0","0","0","0","0","0","1","0","0","0","0","0","0","0","0","0","0","0","0","0","1","0","0","0","0","0","0","0","0","0","0","0","0","0","0","0","0","0","0","0","0","0","0","0","0","0","0","0","0","0","0","0","0","0","0","0","0","0"
"3846","SRR17722157_CLEAN_REPAIRED_minContig2500_bin.5","1","1","0","1","0","0","0","1","1","1","1","1","0","1","1","1","1","0","1","0","1","0","0","0","0","0","0","0","0","1","1","0","0","0","0","0","0","0","0","0","0","0","0","1","0","0","0","0","0","0","0","0","0","0","0","0","0","0","0","0","0","0","0","0","0","0","0","0","0","0","0","0","0","0","0","0","0","0","0","0","0"
"3885","SRR17722159_CLEAN_REPAIRED_minContig2500_bin.6","1","1","0","0","1","0","0","1","1","1","1","1","1","1","1","1","1","0","0","1","0","1","1","0","0","0","0","0","0","0","0","0","0","0","0","0","0","0","0","0","0","0","0","0","0","0","0","0","0","0","0","0","0","0","0","0","0","0","0","0","0","0","0","0","0","0","0","0","0","0","0","0","0","0","0","0","0","0","0","0","0"
"3919","SRR17722160_CLEAN_REPAIRED_minContig2500_bin.4","1","1","0","1","0","0","0","1","1","1","1","1","0","1","1","1","1","0","1","0","1","0","0","0","0","0","0","0","0","1","1","0","0","0","0","0","0","0","0","0","0","0","0","0","0","0","0","0","0","0","0","0","0","0","0","0","0","0","0","0","0","0","0","0","0","0","0","0","0","0","0","0","0","0","0","0","0","0","0","0","0"
"3957","SRR17722161_CLEAN_REPAIRED_minContig2500_bin.3","1","1","0","1","0","0","0","1","1","1","1","1","0","1","1","1","1","0","1","0","1","0","0","0","0","0","0","0","0","1","0","1","0","1","1","1","1","1","1","1","0","0","0","1","0","0","0","0","0","0","0","0","0","0","0","0","0","0","0","0","0","0","0","0","0","0","0","0","0","0","0","0","0","0","0","0","0","0","0","0","0"
"4015","SRR17722162_CLEAN_REPAIRED_minContig2500_bin.5","1","1","0","1","0","0","0","1","1","1","1","1","0","1","1","1","1","0","1","0","1","0","0","0","0","0","0","0","0","1","1","0","0","0","0","0","0","0","0","0","0","0","0","0","0","0","0","0","0","0","0","0","0","0","0","0","0","0","0","0","0","0","0","0","0","0","0","0","0","0","0","0","0","0","0","0","0","0","0","0","0"
"4053","SRR17722163_CLEAN_REPAIRED_minContig2500_bin.1","1","1","0","1","0","0","0","1","1","1","1","1","0","1","1","1","1","0","1","0","1","0","0","0","0","0","0","0","0","1","1","0","0","0","0","0","0","0","0","0","0","0","0","1","0","0","0","0","0","0","0","0","0","0","0","0","0","0","0","0","0","0","0","0","0","0","0","0","0","0","0","0","0","0","0","0","0","0","0","0","0"
"4089","SRR17722164_CLEAN_REPAIRED_minContig2500_bin.1","1","1","0","1","0","0","0","1","1","1","1","1","0","1","1","1","1","0","1","0","1","0","0","0","0","0","0","0","0","1","0","0","0","0","0","0","0","0","0","0","0","0","0","1","0","0","0","0","0","0","0","0","0","0","0","0","0","0","0","0","0","0","0","0","0","0","0","0","0","0","0","0","0","0","0","0","0","0","0","0","0"
"4129","SRR17722165_CLEAN_REPAIRED_minContig2500_bin.3","1","1","0","1","0","0","0","0","1","1","1","1","0","1","1","1","1","0","1","0","1","0","0","0","0","0","0","0","0","1","1","0","0","0","0","0","0","0","0","0","0","0","0","1","0","0","0","0","0","0","0","0","0","0","0","0","0","0","0","0","0","0","0","0","0","0","0","0","0","0","0","0","0","0","0","0","0","0","0","0","0"
"4162","SRR17722169_CLEAN_REPAIRED_minContig2500_bin.2","0","1","0","1","0","0","0","1","1","1","1","1","0","1","1","1","1","0","1","0","1","0","0","0","0","0","0","0","0","1","1","1","0","1","1","1","1","1","1","1","0","1","0","1","0","0","0","0","0","0","0","0","0","0","0","0","0","0","0","0","0","0","0","0","0","0","0","0","0","0","0","0","0","0","0","0","0","0","0","0","0"
"4223","SRR17722171_CLEAN_REPAIRED_minContig2500_bin.4","1","1","0","1","0","0","0","1","1","1","1","1","0","1","1","1","1","0","1","0","1","0","0","0","0","0","0","0","0","1","1","0","0","0","0","0","0","0","0","0","0","0","0","0","0","0","0","0","0","0","0","0","0","0","0","0","0","0","0","0","0","0","0","0","0","0","0","0","0","0","0","0","0","0","0","0","0","0","0","0","0"
"4262","SRR17722172_CLEAN_REPAIRED_minContig2500_bin.2","1","1","0","1","0","0","0","1","1","1","1","1","0","1","1","1","1","0","1","0","1","0","0","0","0","0","0","0","0","1","0","1","0","1","1","1","1","1","1","1","0","0","0","1","0","0","0","0","0","0","0","0","0","0","0","0","0","0","0","0","0","0","0","0","0","0","0","0","0","0","0","0","0","0","0","0","0","0","0","0","0"
"4323","SRR17722177_CLEAN_REPAIRED_minContig2500_bin.4","0","1","0","0","0","0","0","1","0","0","0","0","1","1","0","0","0","0","0","1","1","0","1","0","0","0","0","0","0","0","0","0","0","0","0","0","0","0","0","0","0","0","0","0","0","0","0","0","0","0","0","0","0","0","0","0","0","0","0","0","0","0","0","0","0","0","0","0","0","0","0","0","0","0","0","0","0","0","0","0","0"
"4338","SRR17722220_CLEAN_REPAIRED_minContig2500_bin.4","0","0","0","0","0","1","1","1","1","1","1","1","0","1","1","1","1","1","1","0","0","0","0","1","1","1","1","1","1","1","1","0","0","0","0","0","0","0","0","0","0","0","0","0","0","0","0","0","0","0","0","0","0","0","0","0","0","0","0","0","0","0","0","0","0","0","0","0","0","0","0","0","0","0","0","0","0","0","0","0","0"
"4375","SRR17722221_CLEAN_REPAIRED_minContig2500_bin.1","0","0","0","0","0","1","1","1","1","1","1","1","0","1","1","1","1","0","1","0","0","0","0","1","1","1","1","1","1","1","1","0","0","0","0","0","0","0","0","0","0","0","0","0","0","0","0","0","0","0","0","0","0","0","0","0","0","0","0","0","0","0","0","0","0","0","0","0","0","0","0","0","0","0","0","0","0","0","0","0","0"
"4415","SRR17722222_CLEAN_REPAIRED_minContig2500_bin.1","0","0","0","0","0","1","1","1","1","1","1","1","0","1","1","1","1","1","1","0","0","0","0","1","1","1","1","1","1","1","1","0","0","0","0","0","0","0","0","0","0","0","0","0","0","0","0","0","0","0","0","0","0","0","0","0","0","0","0","0","0","0","0","0","0","0","0","0","0","0","0","0","0","0","0","0","0","0","0","0","0"
"4454","SRR17722238_CLEAN_REPAIRED_minContig2500_bin.1","0","1","0","0","1","0","0","1","1","1","1","1","1","1","1","1","1","0","0","1","0","1","0","0","0","0","0","0","0","0","0","0","0","0","0","0","0","0","0","0","0","0","0","0","0","0","0","0","0","0","0","0","0","0","0","0","0","0","0","0","0","0","0","0","0","0","0","0","0","0","0","0","0","0","0","0","0","0","0","0","0"
"4489","SRR17722239_CLEAN_REPAIRED_minContig2500_bin.3","0","1","0","0","1","0","0","1","1","1","1","1","1","1","1","1","1","0","0","1","0","1","0","0","0","0","0","0","0","0","0","0","0","0","0","0","0","0","0","0","0","0","0","0","0","0","0","0","0","0","0","0","0","0","0","0","0","0","0","0","0","0","0","0","0","0","0","0","0","0","0","0","0","0","0","0","0","0","0","0","0"
"4524","SRR17722240_CLEAN_REPAIRED_minContig2500_bin.4","0","1","0","0","1","0","0","1","1","1","1","1","1","1","1","1","1","0","0","1","0","1","0","0","0","0","0","0","0","0","0","0","0","0","0","0","0","0","0","0","0","0","0","0","0","0","0","0","0","0","0","0","0","0","0","0","0","0","0","0","0","0","0","0","0","0","0","0","0","0","0","0","0","0","0","0","0","0","0","0","0"
"4559","SRR17722242_CLEAN_REPAIRED_minContig2500_bin.4","0","1","0","0","1","0","0","1","1","1","1","1","1","1","1","1","1","0","0","1","0","1","0","0","0","0","0","0","0","0","0","0","0","0","0","0","0","0","0","0","0","0","0","0","0","0","0","0","0","0","0","0","0","0","0","0","0","0","0","0","0","0","0","0","0","0","0","0","0","0","0","0","0","0","0","0","0","0","0","0","0"
"4594","SRR17722243_CLEAN_REPAIRED_minContig2500_bin.3","0","1","0","0","1","0","0","1","1","1","1","1","1","1","1","1","1","0","0","1","0","1","0","0","0","0","0","0","0","0","0","0","0","0","0","0","0","0","0","0","0","0","0","0","0","0","0","0","0","0","0","0","0","0","0","0","0","0","0","0","0","0","0","0","0","0","0","0","0","0","0","0","0","0","0","0","0","0","0","0","0"
"4629","SRR17722244_CLEAN_REPAIRED_minContig2500_bin.2","0","1","0","0","1","0","0","1","1","1","1","1","1","1","1","1","1","0","0","1","0","1","0","0","0","0","0","0","0","0","0","0","0","0","0","0","0","0","0","0","0","0","0","0","0","0","0","0","0","0","0","0","0","0","0","0","0","0","0","0","0","0","0","0","0","0","0","0","0","0","0","0","0","0","0","0","0","0","0","0","0"
"4664","SRR17722250_CLEAN_REPAIRED_minContig2500_bin.1","1","1","0","1","0","0","0","1","1","1","1","1","0","1","1","1","1","0","0","0","1","0","0","0","0","0","0","0","0","0","0","0","0","0","0","0","0","0","0","0","0","0","0","0","0","0","0","0","0","0","0","0","0","0","0","0","0","0","0","0","0","0","0","0","0","0","0","0","0","0","0","0","0","0","0","0","0","0","0","0","0"
"4693","SRR17722251_CLEAN_REPAIRED_minContig2500_bin.3","1","1","0","1","0","0","0","1","1","1","1","1","0","1","1","1","1","0","0","0","1","0","0","0","0","0","0","0","0","0","0","0","0","0","0","0","0","0","0","0","0","0","0","0","0","0","0","0","0","0","0","0","0","0","0","0","0","0","0","0","0","0","0","0","0","0","0","0","0","0","0","0","0","0","0","0","0","0","0","0","0"
"4724","SRR17722252_CLEAN_REPAIRED_minContig2500_bin.4","1","1","0","1","0","0","0","1","1","1","1","1","0","1","1","1","1","0","0","0","0","0","0","0","0","0","0","0","0","1","0","0","0","0","0","0","0","0","0","0","0","0","0","0","0","0","0","0","0","0","0","0","0","0","0","0","0","0","0","0","0","0","0","0","0","0","0","0","0","0","0","0","0","0","0","0","0","0","0","0","0"
"4755","SRR17722254_CLEAN_REPAIRED_minContig2500_bin.2","1","1","0","1","0","0","0","1","0","1","1","0","0","1","0","0","0","0","0","0","0","0","0","0","0","0","0","0","0","0","0","0","0","0","0","0","0","0","0","0","0","0","0","0","0","0","0","0","0","0","0","0","0","0","0","0","0","0","0","0","0","0","0","0","0","0","0","0","0","0","0","0","0","0","0","0","0","0","0","0","0"
"4771","SRR17722256_CLEAN_REPAIRED_minContig2500_bin.2","1","1","0","1","0","0","0","1","0","1","0","1","0","1","1","1","1","0","0","0","1","0","0","0","0","0","0","0","0","1","0","0","0","0","0","0","0","0","0","0","0","0","0","0","0","0","0","0","0","0","0","0","0","0","0","0","0","0","0","0","0","0","0","0","0","0","0","0","0","0","0","0","0","0","0","0","0","0","0","0","0"
"4806","SRR17722258_CLEAN_REPAIRED_minContig2500_bin.2","0","0","0","0","0","0","0","1","1","1","1","1","1","0","0","0","0","0","0","1","0","0","1","0","0","0","0","0","0","0","0","0","0","0","0","0","0","0","0","0","0","0","0","0","0","0","0","0","0","0","0","0","0","0","0","0","0","0","0","0","0","0","0","0","0","0","0","0","0","0","0","0","0","0","0","0","0","0","0","0","0"
"4823","SRR17722260_CLEAN_REPAIRED_minContig2500_bin.3","1","1","0","0","1","0","0","1","1","1","1","1","1","1","1","1","1","0","0","1","0","1","1","0","0","0","0","0","0","0","0","0","0","0","0","0","0","0","0","0","0","0","0","0","0","0","0","0","0","0","0","0","0","0","0","0","0","0","0","0","0","0","0","0","0","0","0","0","0","0","0","0","0","0","0","0","0","0","0","0","0"
"4858","SRR17722261_CLEAN_REPAIRED_minContig2500_bin.3","1","1","0","0","1","0","0","1","1","1","1","1","1","1","1","1","1","0","0","1","0","1","1","0","0","0","0","0","0","0","0","0","0","0","0","0","0","0","0","0","0","0","0","0","0","0","0","0","0","0","0","0","0","0","0","0","0","0","0","0","0","0","0","0","0","0","0","0","0","0","0","0","0","0","0","0","0","0","0","0","0"
"4893","SRR17722265_CLEAN_REPAIRED_minContig2500_bin.2","1","1","0","0","1","0","0","1","1","1","1","1","1","1","1","1","1","0","0","1","0","1","1","0","0","0","0","0","0","0","0","0","0","0","0","0","0","0","0","0","0","0","0","0","0","0","0","0","0","0","0","0","0","0","0","0","0","0","0","0","0","0","0","0","0","0","0","0","0","0","0","0","0","0","0","0","0","0","0","0","0"
"4928","SRR17722266_CLEAN_REPAIRED_minContig2500_bin.1","1","1","1","0","1","0","0","1","1","1","1","1","1","1","1","1","1","0","0","1","0","1","1","0","0","0","0","0","0","0","0","0","0","0","0","0","0","0","0","0","0","0","0","0","0","0","0","0","0","0","0","0","0","0","0","0","0","0","0","0","0","0","0","0","0","0","0","0","0","0","0","0","0","0","0","0","0","0","0","0","0"
"4966","SRR17722267_CLEAN_REPAIRED_minContig2500_bin.1","1","1","0","0","1","0","0","1","1","1","1","1","1","1","1","1","1","0","0","1","0","1","1","0","0","0","0","0","0","0","0","0","0","0","0","0","0","0","0","0","0","0","0","0","0","0","0","0","0","0","0","0","0","0","0","0","0","0","0","0","0","0","0","0","0","0","0","0","0","0","0","0","0","0","0","0","0","0","0","0","0"
"5001","SRR17722268_CLEAN_REPAIRED_minContig2500_bin.1","1","1","0","0","1","0","0","1","1","1","1","1","1","1","1","1","1","0","0","1","0","1","1","0","0","0","0","0","0","0","0","0","0","0","0","0","0","0","0","0","0","0","0","0","0","0","0","0","0","0","0","0","0","0","0","0","0","0","0","0","0","0","0","0","0","0","0","0","0","0","0","0","0","0","0","0","0","0","0","0","0"
"5036","SRR17722269_CLEAN_REPAIRED_minContig2500_bin.2","1","1","0","0","1","0","0","1","1","1","1","1","1","1","1","1","1","0","0","1","0","1","1","0","0","0","0","0","0","0","0","0","0","0","0","0","0","0","0","0","0","0","0","0","0","0","0","0","0","0","0","0","0","0","0","0","0","0","0","0","0","0","0","0","0","0","0","0","0","0","0","0","0","0","0","0","0","0","0","0","0"
"5069","SRR17722270_CLEAN_REPAIRED_minContig2500_bin.1","1","1","0","0","1","0","0","1","1","1","1","1","1","1","1","1","1","0","0","1","0","1","1","0","0","0","0","0","0","0","0","0","0","0","0","0","0","0","0","0","0","0","0","0","0","0","0","0","0","0","0","0","0","0","0","0","0","0","0","0","0","0","0","0","0","0","0","0","0","0","0","0","0","0","0","0","0","0","0","0","0"
"5104","SRR17722271_CLEAN_REPAIRED_minContig2500_bin.2","1","1","0","0","1","0","0","1","1","1","1","1","1","1","1","1","1","0","0","1","0","1","1","0","0","0","0","0","0","0","0","0","0","0","0","0","0","0","0","0","0","0","0","0","0","0","0","0","0","0","0","0","0","0","0","0","0","0","0","0","0","0","0","0","0","0","0","0","0","0","0","0","0","0","0","0","0","0","0","0","0"
"5139","SRR17722272_CLEAN_REPAIRED_minContig2500_bin.2","1","1","0","1","1","0","1","1","1","1","1","1","1","1","1","1","1","0","1","1","0","1","0","1","1","1","1","1","1","0","0","0","0","0","0","0","0","0","0","0","0","1","0","0","0","0","0","0","0","0","0","0","0","0","0","0","0","0","0","0","0","0","0","0","0","0","0","0","0","0","0","0","0","0","0","0","0","0","0","0","0"
"5191","SRR17722273_CLEAN_REPAIRED_minContig2500_bin.3","1","1","0","0","1","0","0","1","1","1","1","1","1","1","1","1","1","0","0","1","0","1","1","0","0","0","0","0","0","0","0","0","0","0","0","0","0","0","0","0","0","0","0","0","0","0","0","0","0","0","0","0","0","0","0","0","0","0","0","0","0","0","0","0","0","0","0","0","0","0","0","0","0","0","0","0","0","0","0","0","0"
"5226","SRR17722277_CLEAN_REPAIRED_minContig2500_bin.1","1","1","1","1","1","0","0","1","1","1","1","1","1","1","1","1","1","0","1","1","0","1","0","0","0","0","0","0","0","0","0","0","0","0","0","0","0","0","0","0","0","1","0","0","0","0","0","0","0","0","0","0","0","0","0","0","0","0","0","0","0","0","0","0","0","0","0","0","0","0","0","0","0","0","0","0","0","0","0","0","0"
"5268","SRR17722280_CLEAN_REPAIRED_minContig2500_bin.2","1","1","0","0","1","0","0","1","1","1","1","1","1","1","1","1","1","0","0","1","0","1","1","0","0","0","0","0","0","0","0","0","0","0","0","0","0","0","0","0","0","0","0","0","0","0","0","0","0","0","0","0","0","0","0","0","0","0","0","0","0","0","0","0","0","0","0","0","0","0","0","0","0","0","0","0","0","0","0","0","0"
"5301","SRR17722282_CLEAN_REPAIRED_minContig2500_bin.4","1","1","0","0","1","0","0","1","1","1","1","1","1","1","1","1","1","0","0","1","0","1","1","0","0","0","0","0","0","0","0","0","0","0","0","0","0","0","0","0","0","0","0","0","0","0","0","0","0","0","0","0","0","0","0","0","0","0","0","0","0","0","0","0","0","0","0","0","0","0","0","0","0","0","0","0","0","0","0","0","0"
"5336","SRR17722293_CLEAN_REPAIRED_minContig2500_bin.1","1","1","0","1","1","0","0","1","1","1","1","1","1","1","1","1","1","0","0","0","0","1","0","0","0","0","0","0","0","0","0","0","0","0","0","0","0","0","0","0","0","0","0","0","0","0","0","0","0","0","0","0","0","0","0","0","0","0","0","0","0","0","0","0","0","0","0","0","0","0","0","0","0","0","0","0","0","0","0","0","0"
"5372","SRR17722295_CLEAN_REPAIRED_minContig2500_bin.1","1","1","0","1","1","0","0","1","1","1","1","1","1","1","1","1","1","0","0","0","0","1","0","0","0","0","0","0","0","0","0","0","0","0","0","0","0","0","0","0","0","0","0","0","0","0","0","0","0","0","0","0","0","0","0","0","0","0","0","0","0","0","0","0","0","0","0","0","0","0","0","0","0","0","0","0","0","0","0","0","0"
"5408","SRR17722296_CLEAN_REPAIRED_minContig2500_bin.3","1","1","0","1","1","0","0","1","1","1","1","1","1","0","0","0","0","0","0","0","0","1","0","0","0","0","0","0","0","0","0","0","0","0","0","0","0","0","0","0","0","0","0","0","0","0","0","0","0","0","0","0","0","0","0","0","0","0","0","0","0","0","0","0","0","0","0","0","0","0","0","0","0","0","0","0","0","0","0","0","0"
"5432","SRR17722297_CLEAN_REPAIRED_minContig2500_bin.1","1","1","0","1","1","0","0","1","1","1","1","1","1","1","1","1","1","0","0","0","0","1","0","0","0","0","0","0","0","0","0","0","0","0","0","0","0","0","0","0","0","0","0","0","0","0","0","0","0","0","0","0","0","0","0","0","0","0","0","0","0","0","0","0","0","0","0","0","0","0","0","0","0","0","0","0","0","0","0","0","0"
"5468","SRR17722299_CLEAN_REPAIRED_minContig2500_bin.3","1","1","0","1","1","0","0","1","1","1","1","1","1","1","1","1","1","0","1","0","0","1","0","0","0","0","0","0","0","0","0","0","0","0","0","0","0","0","0","0","0","0","0","0","0","0","0","0","0","0","0","0","0","0","0","0","0","0","0","0","0","0","0","0","0","0","0","0","0","0","0","0","0","0","0","0","0","0","0","0","0"
"5506","SRR17722300_CLEAN_REPAIRED_minContig2500_bin.1","1","1","0","1","1","0","0","1","1","1","1","1","1","1","1","1","1","0","0","0","0","1","0","0","0","0","0","0","0","0","0","0","0","0","0","0","0","0","0","0","0","0","0","0","0","0","0","0","0","0","0","0","0","0","0","0","0","0","0","0","0","0","0","0","0","0","0","0","0","0","0","0","0","0","0","0","0","0","0","0","0"
"5542","SRR17722301_CLEAN_REPAIRED_minContig2500_bin.2","1","1","0","1","1","0","0","1","1","1","1","1","1","1","1","1","1","0","0","0","0","1","0","0","0","0","0","0","0","0","0","0","0","0","0","0","0","0","0","0","0","0","0","0","0","0","0","0","0","0","0","0","0","0","0","0","0","0","0","0","0","0","0","0","0","0","0","0","0","0","0","0","0","0","0","0","0","0","0","0","0"
"5578","SRR17722302_CLEAN_REPAIRED_minContig2500_bin.4","0","0","0","0","0","0","0","1","1","1","1","1","1","0","0","0","0","0","0","0","0","0","0","0","0","0","0","0","0","0","0","0","0","0","0","0","0","0","0","0","0","0","0","0","0","0","0","0","0","0","0","0","0","0","0","0","0","0","0","0","0","0","0","0","0","0","0","0","0","0","0","0","0","0","0","0","0","0","0","0","0"
"5593","SRR17722303_CLEAN_REPAIRED_minContig2500_bin.3","1","1","0","1","1","0","0","1","1","1","1","1","1","1","1","1","1","0","0","0","0","1","0","0","0","0","0","0","0","0","0","0","0","0","0","0","0","0","0","0","0","0","0","0","0","0","0","0","0","0","0","0","0","0","0","0","0","0","0","0","0","0","0","0","0","0","0","0","0","0","0","0","0","0","0","0","0","0","0","0","0"
"5629","SRR17722304_CLEAN_REPAIRED_minContig2500_bin.1","1","1","0","1","1","0","0","1","1","1","1","1","1","1","1","1","1","0","1","0","0","1","0","0","0","0","0","0","0","0","0","0","0","0","0","0","0","0","0","0","0","0","0","0","0","0","0","0","0","0","0","0","0","0","0","0","0","0","0","0","0","0","0","0","0","0","0","0","0","0","0","0","0","0","0","0","0","0","0","0","0"
"5667","SRR17722306_CLEAN_REPAIRED_minContig2500_bin.4","1","1","0","1","1","0","0","1","1","1","1","1","1","1","1","1","1","0","0","0","0","1","0","0","0","0","0","0","0","0","0","0","0","0","0","0","0","0","0","0","0","0","0","0","0","0","0","0","0","0","0","0","0","0","0","0","0","0","0","0","0","0","0","0","0","0","0","0","0","0","0","0","0","0","0","0","0","0","0","0","0"
"5703","SRR17722307_CLEAN_REPAIRED_minContig2500_bin.1","1","1","0","1","1","0","0","1","1","1","1","1","1","1","1","1","1","0","0","0","0","1","0","0","0","0","0","0","0","0","0","0","0","0","0","0","0","0","0","0","0","0","0","0","0","0","0","0","0","0","0","0","0","0","0","0","0","0","0","0","0","0","0","0","0","0","0","0","0","0","0","0","0","0","0","0","0","0","0","0","0"
"5739","SRR17722308_CLEAN_REPAIRED_minContig2500_bin.1","1","1","0","1","1","0","0","1","1","1","1","1","1","1","1","1","1","0","0","0","0","1","0","0","0","0","0","0","0","0","0","0","0","0","0","0","0","0","0","0","0","0","0","0","0","0","0","0","0","0","0","0","0","0","0","0","0","0","0","0","0","0","0","0","0","0","0","0","0","0","0","0","0","0","0","0","0","0","0","0","0"
"5775","SRR17722311_CLEAN_REPAIRED_minContig2500_bin.3","1","1","1","1","1","0","0","1","1","1","1","1","1","1","1","1","1","0","1","1","0","1","0","0","0","0","0","0","0","0","0","0","0","0","0","0","0","0","0","0","0","0","0","0","0","0","0","0","0","0","0","0","0","0","0","0","0","0","0","0","0","0","0","0","0","0","0","0","0","0","0","0","0","0","0","0","0","0","0","0","0"
"5818","SRR17722312_CLEAN_REPAIRED_minContig2500_bin.8","1","1","1","1","1","0","0","1","1","1","1","1","1","1","1","1","1","0","1","1","0","1","0","0","0","0","0","0","0","0","0","0","0","0","0","0","0","0","0","0","0","0","0","0","0","0","0","0","0","0","0","0","0","0","0","0","0","0","0","0","0","0","0","0","0","0","0","0","0","0","0","0","0","0","0","0","0","0","0","0","0"
"5861","SRR17722313_CLEAN_REPAIRED_minContig2500_bin.6","1","1","1","1","1","0","0","1","1","1","1","1","1","1","1","1","1","0","1","1","0","1","0","0","0","0","0","0","0","0","0","0","0","0","0","0","0","0","0","0","0","0","0","0","0","0","0","0","0","0","0","0","0","0","0","0","0","0","0","0","0","0","0","0","0","0","0","0","0","0","0","0","0","0","0","0","0","0","0","0","0"
"5904","SRR17722314_CLEAN_REPAIRED_minContig2500_bin.3","1","1","1","1","1","0","0","1","1","1","1","1","1","1","1","1","1","0","1","1","0","1","0","0","0","0","0","0","0","0","0","0","0","0","0","0","0","0","0","0","0","0","0","0","0","0","0","0","0","0","0","0","0","0","0","0","0","0","0","0","0","0","0","0","0","0","0","0","0","0","0","0","0","0","0","0","0","0","0","0","0"
"5947","SRR17722315_CLEAN_REPAIRED_minContig2500_bin.4","1","1","1","1","1","0","0","1","1","1","1","1","1","1","1","1","1","0","1","1","0","1","1","0","0","0","0","0","0","0","0","0","0","0","0","0","0","0","0","0","0","0","0","0","0","0","0","0","0","0","0","0","0","0","0","0","0","0","0","0","0","0","0","0","0","0","0","0","0","0","0","0","0","0","0","0","0","0","0","0","0"
"5992","SRR17722320_CLEAN_REPAIRED_minContig2500_bin.1","1","1","1","1","1","0","0","1","1","1","1","1","1","1","1","1","1","0","1","1","0","1","0","0","0","0","0","0","0","0","0","0","0","0","0","0","0","0","0","0","0","0","0","0","0","0","0","0","0","0","0","0","0","0","0","0","0","0","0","0","0","0","0","0","0","0","0","0","0","0","0","0","0","0","0","0","0","0","0","0","0"
"6035","SRR17722321_CLEAN_REPAIRED_minContig2500_bin.7","1","1","1","1","1","0","0","1","1","1","1","1","1","1","1","1","1","0","1","1","0","1","0","0","0","0","0","0","0","0","0","0","0","0","0","0","0","0","0","0","0","0","0","0","0","0","0","0","0","0","0","0","0","0","0","0","0","0","0","0","0","0","0","0","0","0","0","0","0","0","0","0","0","0","0","0","0","0","0","0","0"
"6080","SRR17722322_CLEAN_REPAIRED_minContig2500_bin.3","1","1","1","1","1","0","0","1","1","1","1","1","1","1","1","1","1","0","1","1","0","1","0","0","0","0","0","0","0","0","0","0","0","0","0","0","0","0","0","0","0","0","0","0","0","0","0","0","0","0","0","0","0","0","0","0","0","0","0","0","0","0","0","0","0","0","0","0","0","0","0","0","0","0","0","0","0","0","0","0","0"
"6123","SRR17722323_CLEAN_REPAIRED_minContig2500_bin.1","1","1","1","1","1","0","0","1","1","1","1","1","1","1","1","1","1","0","1","1","0","1","0","0","0","0","0","0","0","0","0","0","0","0","0","0","0","0","0","0","0","0","0","0","0","0","0","0","0","0","0","0","0","0","0","0","0","0","0","0","0","0","0","0","0","0","0","0","0","0","0","0","0","0","0","0","0","0","0","0","0"
"6166","SRR17722324_CLEAN_REPAIRED_minContig2500_bin.6","1","1","1","1","1","0","0","1","1","1","1","1","1","1","1","1","1","0","1","1","0","1","0","0","0","0","0","0","0","0","0","0","0","0","0","0","0","0","0","0","0","0","0","0","0","0","0","0","0","0","0","0","0","0","0","0","0","0","0","0","0","0","0","0","0","0","0","0","0","0","0","0","0","0","0","0","0","0","0","0","0"
"6208","SRR17722325_CLEAN_REPAIRED_minContig2500_bin.4","1","1","1","1","1","0","0","1","1","1","1","1","1","1","1","1","1","0","1","1","0","1","0","0","0","0","0","0","0","0","0","0","0","0","0","0","0","0","0","0","0","0","0","0","0","0","0","0","0","0","0","0","0","0","0","0","0","0","0","0","0","0","0","0","0","0","0","0","0","0","0","0","0","0","0","0","0","0","0","0","0"
"6251","SRR17722326_CLEAN_REPAIRED_minContig2500_bin.1","1","1","1","1","1","0","0","1","1","1","1","1","1","1","1","1","1","0","1","1","0","1","0","0","0","0","0","0","0","0","0","0","0","0","0","0","0","0","0","0","0","0","0","0","0","0","0","0","0","0","0","0","0","0","0","0","0","0","0","0","0","0","0","0","0","0","0","0","0","0","0","0","0","0","0","0","0","0","0","0","0"
"6296","SRR17722328_CLEAN_REPAIRED_minContig2500_bin.2","1","1","1","1","1","0","0","1","1","1","1","1","1","1","1","1","1","0","1","1","0","1","0","0","0","0","0","0","0","0","0","0","0","0","0","0","0","0","0","0","0","0","0","0","0","0","0","0","0","0","0","0","0","0","0","0","0","0","0","0","0","0","0","0","0","0","0","0","0","0","0","0","0","0","0","0","0","0","0","0","0"
"6339","SRR17722331_CLEAN_REPAIRED_minContig2500_bin.2","0","0","0","0","0","0","0","1","1","1","1","1","1","1","1","1","1","0","1","1","1","0","0","0","0","0","0","0","0","0","0","0","0","0","0","0","0","0","0","0","0","0","0","0","0","0","0","0","0","0","0","0","0","0","0","0","0","0","0","0","0","0","0","0","0","0","0","0","0","0","0","0","0","0","0","0","0","0","0","0","0"
"6370","SRR17722332_CLEAN_REPAIRED_minContig2500_bin.2","1","1","0","1","0","0","0","1","1","1","1","1","1","1","1","1","1","0","1","1","1","0","0","0","0","0","0","0","0","0","0","0","0","0","0","0","0","0","0","0","0","1","0","0","0","0","0","0","0","0","0","0","0","0","0","0","0","0","0","0","0","0","0","0","0","0","0","0","0","0","0","0","0","0","0","0","0","0","0","0","0"
"6408","SRR17722333_CLEAN_REPAIRED_minContig2500_bin.1","1","1","0","1","0","0","0","1","1","1","1","1","1","1","1","1","1","0","1","1","1","0","0","0","0","0","0","0","0","0","0","0","0","0","0","0","0","0","0","0","0","0","0","0","0","0","0","0","0","0","0","0","0","0","0","0","0","0","0","0","0","0","0","0","0","0","0","0","0","0","0","0","0","0","0","0","0","0","0","0","0"
"6447","SRR17722343_CLEAN_REPAIRED_minContig2500_bin.2","0","0","1","0","0","0","0","1","1","1","1","1","1","1","1","1","1","0","1","1","0","0","0","0","0","0","0","0","0","0","0","0","0","0","0","0","0","0","0","0","0","0","0","0","0","0","0","0","0","0","0","0","0","0","0","0","0","0","0","0","0","0","0","0","0","0","0","0","0","0","0","0","0","0","0","0","0","0","0","0","0"
"6479","SRR17722344_CLEAN_REPAIRED_minContig2500_bin.1","0","0","1","0","0","0","0","1","1","1","1","1","1","1","1","1","1","0","1","1","0","0","0","0","0","0","0","0","0","0","0","0","0","0","0","0","0","0","0","0","0","0","0","0","0","0","0","0","0","0","0","0","0","0","0","0","0","0","0","0","0","0","0","0","0","0","0","0","0","0","0","0","0","0","0","0","0","0","0","0","0"
"6512","SRR17722345_CLEAN_REPAIRED_minContig2500_bin.2","0","0","1","0","0","0","0","1","1","1","1","1","1","1","1","1","1","0","1","1","0","0","0","0","0","0","0","0","0","0","0","0","0","0","0","0","0","0","0","0","0","0","0","0","0","0","0","0","0","0","0","0","0","0","0","0","0","0","0","0","0","0","0","0","0","0","0","0","0","0","0","0","0","0","0","0","0","0","0","0","0"
"6545","SRR17722346_CLEAN_REPAIRED_minContig2500_bin.3","1","1","1","1","1","0","0","1","1","1","1","1","1","1","1","1","1","0","1","1","0","1","0","0","0","0","0","0","0","0","0","0","0","0","0","0","0","0","0","0","0","1","0","1","0","0","0","0","0","0","0","0","0","0","0","0","0","0","0","0","0","0","0","0","0","0","0","0","0","0","0","0","0","0","0","0","0","0","0","0","0"
"6595","SRR17722347_CLEAN_REPAIRED_minContig2500_bin.2","1","1","1","1","1","0","0","1","1","1","1","1","1","1","1","1","1","0","1","1","0","1","0","0","0","0","0","0","0","0","0","0","0","0","0","0","0","0","0","0","0","1","0","1","0","0","0","0","0","0","0","0","0","0","0","0","0","0","0","0","0","0","0","0","0","0","0","0","0","0","0","0","0","0","0","0","0","0","0","0","0"
"6646","SRR17722348_CLEAN_REPAIRED_minContig2500_bin.1","1","1","0","1","1","0","0","1","1","1","1","1","1","1","1","1","1","0","1","1","0","1","0","0","0","0","0","0","0","0","0","0","0","0","0","0","0","0","0","0","0","0","0","1","0","0","0","0","0","0","0","0","0","0","0","0","0","0","0","0","0","0","0","0","0","0","0","0","0","0","0","0","0","0","0","0","0","0","0","0","0"
"6685","SRR17722349_CLEAN_REPAIRED_minContig2500_bin.5","1","1","0","1","0","0","0","1","1","1","1","1","1","1","1","1","1","0","1","1","1","0","0","0","0","0","0","0","0","0","0","0","0","0","0","0","0","0","0","0","1","0","0","0","0","0","0","0","0","0","0","0","0","0","0","0","0","0","0","0","0","0","0","0","0","0","0","0","0","0","0","0","0","0","0","0","0","0","0","0","0"
"6725","SRR17722354_CLEAN_REPAIRED_minContig2500_bin.8","0","0","0","0","0","0","0","1","0","0","1","0","0","0","0","0","0","0","0","1","0","1","0","0","0","0","0","0","0","0","0","0","0","0","0","0","0","0","0","0","0","0","0","0","1","0","0","1","0","0","0","0","0","0","0","0","0","0","0","0","0","0","0","0","0","0","0","0","0","0","0","0","0","0","0","0","0","0","0","0","0"
"6733","SRR17722357_CLEAN_REPAIRED_minContig2500_bin.3","1","0","0","1","0","0","0","1","1","1","1","1","1","1","1","1","1","0","1","1","0","0","0","0","0","0","0","0","0","0","0","0","0","0","0","0","0","0","0","0","0","0","0","0","0","0","0","0","0","0","0","0","0","0","0","0","0","0","0","0","0","0","0","0","0","0","0","0","0","0","0","0","0","0","0","0","0","0","0","0","0"
"6775","SRR17722360_CLEAN_REPAIRED_minContig2500_bin.3","1","0","0","1","0","0","0","1","1","1","1","1","1","1","1","1","1","0","1","1","0","0","0","0","0","0","0","0","0","0","0","0","0","0","0","0","0","0","0","0","0","0","0","0","0","0","0","0","0","0","0","0","0","0","0","0","0","0","0","0","0","0","0","0","0","0","0","0","0","0","0","0","0","0","0","0","0","0","0","0","0"
"6816","SRR17722361_CLEAN_REPAIRED_minContig2500_bin.1","1","0","1","1","0","0","0","1","1","1","1","1","1","1","1","1","1","0","1","1","0","0","0","0","0","0","0","0","0","0","0","0","0","0","0","0","0","0","0","0","0","0","0","0","0","0","0","0","0","0","0","0","0","0","0","0","0","0","0","0","0","0","0","0","0","0","0","0","0","0","0","0","0","0","0","0","0","0","0","0","0"
"6860","SRR17722362_CLEAN_REPAIRED_minContig2500_bin.3","1","0","0","1","0","0","0","1","1","1","1","1","1","1","1","1","1","0","1","1","0","0","0","0","0","0","0","0","0","0","0","0","0","0","0","0","0","0","0","0","0","0","0","0","0","0","0","0","0","0","0","0","0","0","0","0","0","0","0","0","0","0","0","0","0","0","0","0","0","0","0","0","0","0","0","0","0","0","0","0","0"
"6901","SRR17722364_CLEAN_REPAIRED_minContig2500_bin.2","1","0","0","1","0","0","0","1","1","1","1","1","1","1","1","1","1","0","1","1","0","0","0","0","0","0","0","0","0","0","0","0","0","0","0","0","0","0","0","0","0","1","0","0","0","0","0","0","0","0","0","0","0","0","0","0","0","0","0","0","0","0","0","0","0","0","0","0","0","0","0","0","0","0","0","0","0","0","0","0","0"
"6936","SRR17722367_CLEAN_REPAIRED_minContig2500_bin.7","1","0","1","0","0","0","0","1","1","1","1","1","1","1","1","1","1","0","0","1","0","0","0","0","0","0","0","0","0","0","0","0","0","0","0","0","0","0","0","0","0","1","0","0","0","0","0","0","0","0","0","0","0","0","0","0","0","0","0","0","0","0","0","0","0","0","0","0","0","0","0","0","0","0","0","0","0","0","0","0","0"
"6967","SRR17722368_CLEAN_REPAIRED_minContig2500_bin.5","1","0","0","1","0","0","0","1","1","1","1","1","1","1","1","1","1","0","1","1","0","0","0","0","0","0","0","0","0","0","0","0","0","0","0","0","0","0","0","0","0","0","0","0","0","0","0","0","0","0","0","0","0","0","0","0","0","0","0","0","0","0","0","0","0","0","0","0","0","0","0","0","0","0","0","0","0","0","0","0","0"
"7004","SRR17722369_CLEAN_REPAIRED_minContig2500_bin.2","1","0","1","1","0","0","0","1","1","1","1","1","1","1","1","1","1","0","0","1","0","0","0","0","0","0","0","0","0","0","0","0","0","0","0","0","0","0","0","0","0","1","0","0","0","0","0","0","0","0","0","0","0","0","0","0","0","0","0","0","0","0","0","0","0","0","0","0","0","0","0","0","0","0","0","0","0","0","0","0","0"
"7040","SRR17722370_CLEAN_REPAIRED_minContig2500_bin.1","1","0","0","1","0","0","0","1","1","1","1","1","1","1","1","1","0","0","1","0","0","0","0","0","0","0","0","0","0","0","0","0","0","0","0","0","0","0","0","0","0","0","0","0","0","0","0","0","0","0","0","0","0","0","0","0","0","0","0","0","0","0","0","0","0","0","0","0","0","0","0","0","0","0","0","0","0","0","0","0","0"
"7073","SRR17722371_CLEAN_REPAIRED_minContig2500_bin.4","1","0","1","1","0","0","0","1","1","1","1","1","1","1","1","1","1","0","1","1","0","0","0","0","0","0","0","0","0","0","0","0","0","0","0","0","0","0","0","0","0","0","0","0","0","0","0","0","0","0","0","0","0","0","0","0","0","0","0","0","0","0","0","0","0","0","0","0","0","0","0","0","0","0","0","0","0","0","0","0","0"
"7112","SRR17722372_CLEAN_REPAIRED_minContig2500_bin.2","1","0","1","1","0","0","0","1","1","1","1","1","1","1","1","1","1","0","1","1","0","0","0","0","0","0","0","0","0","0","0","0","0","0","0","0","0","0","0","0","0","0","0","0","0","0","0","0","0","0","0","0","0","0","0","0","0","0","0","0","0","0","0","0","0","0","0","0","0","0","0","0","0","0","0","0","0","0","0","0","0"
"7152","SRR17722373_CLEAN_REPAIRED_minContig2500_bin.4","1","0","0","1","0","0","0","1","1","1","1","1","1","1","1","1","1","0","1","1","0","0","0","0","0","0","0","0","0","0","0","0","0","0","0","0","0","0","0","0","0","0","0","0","0","0","0","0","0","0","0","0","0","0","0","0","0","0","0","0","0","0","0","0","0","0","0","0","0","0","0","0","0","0","0","0","0","0","0","0","0"
"7193","SRR17722374_CLEAN_REPAIRED_minContig2500_bin.2","1","0","0","1","0","0","0","1","1","1","1","1","1","1","1","1","1","0","1","1","0","0","0","0","0","0","0","0","0","0","0","0","0","0","0","0","0","0","0","0","0","0","0","0","0","0","0","0","0","0","0","0","0","0","0","0","0","0","0","0","0","0","0","0","0","0","0","0","0","0","0","0","0","0","0","0","0","0","0","0","0"
"7229","SRR17722375_CLEAN_REPAIRED_minContig2500_bin.4","1","0","0","1","0","0","0","1","1","1","1","1","1","1","0","0","0","0","1","1","0","0","1","0","0","0","0","0","0","0","0","0","0","0","0","0","0","0","0","0","0","0","0","0","0","0","0","0","0","0","0","0","0","0","0","0","0","0","0","0","0","0","0","0","0","0","0","0","0","0","0","0","0","0","0","0","0","0","0","0","0"
"7255","SRR17722378_CLEAN_REPAIRED_minContig2500_bin.3","1","1","0","1","0","0","1","1","1","1","1","1","0","1","1","1","1","0","1","0","1","0","0","0","1","0","0","1","0","0","0","0","0","0","0","0","0","0","0","0","0","0","0","0","0","0","0","0","0","0","0","0","0","0","0","0","0","0","0","0","0","0","0","0","0","0","0","0","0","0","0","0","0","0","0","0","0","0","0","0","0"
"7291","SRR17722382_CLEAN_REPAIRED_minContig2500_bin.2","1","1","0","1","0","0","1","1","1","1","1","1","0","1","1","1","1","0","1","0","1","0","0","0","1","0","0","1","0","0","0","0","0","0","0","0","0","0","0","0","0","0","0","0","0","0","0","0","0","0","0","0","0","0","0","0","0","0","0","0","0","0","0","0","0","0","0","0","0","0","0","0","0","0","0","0","0","0","0","0","0"
"7327","SRR17722383_CLEAN_REPAIRED_minContig2500_bin.1","1","0","0","1","1","0","0","1","1","1","1","1","1","1","1","1","1","0","0","0","0","1","0","0","0","0","0","0","0","0","0","0","0","0","0","0","0","0","0","0","0","1","0","0","0","0","0","0","0","0","0","0","0","0","0","0","0","0","0","0","0","0","0","0","0","0","0","0","0","0","0","0","0","0","0","0","0","0","0","0","0"
"7363","SRR17722384_CLEAN_REPAIRED_minContig2500_bin.4","0","0","0","0","0","0","0","1","0","0","1","0","1","1","1","0","1","0","0","1","0","0","1","0","0","0","0","0","0","0","0","0","0","0","0","0","0","0","0","0","0","0","0","0","1","1","0","1","0","0","0","0","0","0","0","0","0","0","0","0","0","0","0","0","0","0","0","0","0","0","0","0","0","0","0","0","0","0","0","0","0"
"7381","SRR17722391_CLEAN_REPAIRED_minContig2500_bin.6","0","0","0","0","0","0","1","0","1","1","1","1","0","1","1","1","1","0","1","0","1","0","0","0","1","0","0","1","0","0","0","0","0","0","0","0","0","0","0","0","0","0","0","0","0","0","0","0","0","0","0","0","0","0","0","0","0","0","0","0","0","0","0","0","0","0","0","0","0","0","0","0","0","0","0","0","0","0","0","0","0"
"7405","SRR17722392_CLEAN_REPAIRED_minContig2500_bin.3","1","1","0","1","0","1","1","1","1","1","1","1","0","1","1","1","1","0","1","0","1","0","0","0","1","0","0","1","0","0","0","0","0","0","0","0","0","0","0","0","0","0","0","0","0","0","0","0","0","0","0","0","0","0","0","0","0","0","0","0","0","0","0","0","0","0","0","0","0","0","0","0","0","0","0","0","0","0","0","0","0"
"7445","SRR17722398_CLEAN_REPAIRED_minContig2500_bin.2","1","1","0","1","0","0","1","1","1","1","1","1","0","1","1","1","1","0","1","0","1","0","0","0","1","0","0","1","0","0","0","0","0","0","0","0","0","0","0","0","0","0","0","0","0","0","0","0","0","0","0","0","0","0","0","0","0","0","0","0","0","0","0","0","0","0","0","0","0","0","0","0","0","0","0","0","0","0","0","0","0"
"7481","SRR17722402_CLEAN_REPAIRED_minContig2500_bin.6","1","1","0","1","0","0","1","1","1","1","1","1","0","0","1","0","1","0","1","0","1","0","0","1","1","0","0","1","0","0","0","0","0","0","0","0","0","0","0","0","0","0","0","0","0","0","0","0","0","0","0","0","0","0","0","0","0","0","0","0","0","0","0","0","0","0","0","0","0","0","0","0","0","0","0","0","0","0","0","0","0"
"7511","SRR17722403_CLEAN_REPAIRED_minContig2500_bin.4","1","1","1","1","0","0","1","1","1","1","1","1","0","1","1","1","1","0","1","0","0","0","0","0","1","0","0","1","0","0","0","0","0","0","0","0","0","0","0","0","0","0","0","0","0","0","0","0","0","0","0","0","0","0","0","0","0","0","0","0","0","0","0","0","0","0","0","0","0","0","0","0","0","0","0","0","0","0","0","0","0"
"7551","SRR17722406_CLEAN_REPAIRED_minContig2500_bin.1","1","0","0","1","1","0","0","1","1","1","1","1","1","1","0","1","0","0","0","0","0","1","0","0","0","0","0","0","0","0","0","0","0","0","0","0","0","0","0","0","0","1","0","0","0","0","0","0","0","0","0","0","0","0","0","0","0","0","0","0","0","0","0","0","0","0","0","0","0","0","0","0","0","0","0","0","0","0","0","0","0"
"7582","SRR17722410_CLEAN_REPAIRED_minContig2500_bin.5","1","0","0","1","1","0","0","1","1","1","1","1","1","1","1","1","1","0","0","0","0","1","0","0","0","0","0","0","0","0","0","0","0","0","0","0","0","0","0","0","0","1","0","0","0","0","0","0","0","0","0","0","0","0","0","0","0","0","0","0","0","0","0","0","0","0","0","0","0","0","0","0","0","0","0","0","0","0","0","0","0"
"7618","SRR17722413_CLEAN_REPAIRED_minContig2500_bin.2","1","1","0","1","0","1","1","1","1","1","1","1","0","1","1","1","1","0","1","0","1","0","0","0","1","0","0","1","0","0","0","0","0","0","0","0","0","0","0","0","0","0","0","0","0","0","0","0","0","0","0","0","0","0","0","0","0","0","0","0","0","0","0","0","0","0","0","0","0","0","0","0","0","0","0","0","0","0","0","0","0"
"7654","SRR17722414_CLEAN_REPAIRED_minContig2500_bin.5","1","1","0","1","0","0","0","1","1","1","1","1","0","1","1","1","1","0","0","0","1","0","0","0","0","0","0","0","0","0","0","0","0","0","0","0","0","0","0","0","0","0","0","0","0","0","0","0","0","0","0","0","0","0","0","0","0","0","0","0","0","0","0","0","0","0","0","0","0","0","0","0","0","0","0","0","0","0","0","0","0"
"7683","SRR17722415_CLEAN_REPAIRED_minContig2500_bin.6","1","1","0","1","0","0","0","1","1","1","1","1","0","1","1","1","1","0","0","0","1","0","0","0","0","0","0","0","0","0","0","0","0","0","0","0","0","0","0","0","0","1","0","0","0","0","0","0","0","0","0","0","0","0","0","0","0","0","0","0","0","0","0","0","0","0","0","0","0","0","0","0","0","0","0","0","0","0","0","0","0"
"7713","SRR17722417_CLEAN_REPAIRED_minContig2500_bin.2","1","1","1","1","0","0","0","1","1","1","1","1","0","1","1","1","1","0","1","0","0","0","1","0","0","0","0","0","0","0","0","0","0","0","0","0","0","0","0","0","0","0","0","0","0","0","0","0","0","0","0","0","0","0","0","0","0","0","0","0","0","0","0","0","0","0","0","0","0","0","0","0","0","0","0","0","0","0","0","0","0"
"7745","SRR17722418_CLEAN_REPAIRED_minContig2500_bin.4","1","1","0","1","0","0","0","1","1","1","1","1","0","1","1","1","1","0","0","0","1","0","0","0","0","0","0","0","0","0","0","0","0","0","0","0","0","0","0","0","0","0","0","0","0","0","0","0","0","0","0","0","0","0","0","0","0","0","0","0","0","0","0","0","0","0","0","0","0","0","0","0","0","0","0","0","0","0","0","0","0"
"7778","SRR17722419_CLEAN_REPAIRED_minContig2500_bin.6","1","1","0","1","0","0","0","1","0","1","1","1","0","1","1","1","1","0","0","0","1","0","0","0","0","0","0","0","0","0","0","0","0","0","0","0","0","0","0","0","0","0","0","0","0","0","0","0","0","0","0","0","0","0","0","0","0","0","0","0","0","0","0","0","0","0","0","0","0","0","0","0","0","0","0","0","0","0","0","0","0"
"7808","SRR17722420_CLEAN_REPAIRED_minContig2500_bin.4","1","1","0","1","0","0","0","0","1","1","0","0","0","1","1","1","0","0","0","0","1","0","0","0","0","0","0","0","0","1","0","0","0","0","0","0","0","0","0","0","0","0","0","0","0","0","0","0","0","0","0","0","0","0","0","0","0","0","0","0","0","0","0","0","0","0","0","0","0","0","0","0","0","0","0","0","0","0","0","0","0"
"7832","SRR17722422_CLEAN_REPAIRED_minContig2500_bin.2","1","1","0","1","0","0","0","1","1","1","1","0","0","1","1","1","1","0","0","1","1","0","0","0","0","0","0","0","0","0","0","0","0","0","0","0","0","0","0","0","0","0","0","0","0","0","0","0","0","0","0","0","0","0","0","0","0","0","0","0","0","0","0","0","0","0","0","0","0","0","0","0","0","0","0","0","0","0","0","0","0"
"7863","SRR17722426_CLEAN_REPAIRED_minContig2500_bin.5","1","1","1","1","0","0","0","1","1","1","1","1","1","1","1","1","1","0","0","0","0","0","0","0","0","0","0","0","0","1","0","0","0","0","0","0","0","0","0","0","0","0","0","0","0","0","0","0","0","0","0","0","0","0","0","0","0","0","0","0","0","0","0","0","0","0","0","0","0","0","0","0","0","0","0","0","0","0","0","0","0"
"7899","SRR17722428_CLEAN_REPAIRED_minContig2500_bin.10","1","1","0","1","0","0","0","1","1","1","1","1","0","1","1","1","1","0","0","0","1","0","0","0","0","0","0","0","0","0","0","0","0","0","0","0","0","0","0","0","0","0","0","0","0","0","0","0","0","0","0","0","0","0","0","0","0","0","0","0","0","0","0","0","0","0","0","0","0","0","0","0","0","0","0","0","0","0","0","0","0"
"7928","SRR17722429_CLEAN_REPAIRED_minContig2500_bin.5","1","1","0","1","0","0","0","1","1","1","1","1","0","1","1","1","1","0","0","0","0","0","0","0","0","0","0","0","0","0","0","0","0","0","0","0","0","0","0","0","0","0","0","0","0","0","0","0","0","0","0","0","0","0","0","0","0","0","0","0","0","0","0","0","0","0","0","0","0","0","0","0","0","0","0","0","0","0","0","0","0"
"7955","SRR17722430_CLEAN_REPAIRED_minContig2500_bin.3","0","0","0","1","0","0","0","1","1","1","1","1","0","1","1","1","1","0","0","0","1","0","0","0","0","0","0","0","0","0","0","0","0","0","0","0","0","0","0","0","0","0","0","0","0","0","0","0","0","0","0","0","0","0","0","0","0","0","0","0","0","0","0","0","0","0","0","0","0","0","0","0","0","0","0","0","0","0","0","0","0"
"7982","SRR17722431_CLEAN_REPAIRED_minContig2500_bin.12","1","1","0","1","0","0","0","1","1","1","1","1","0","1","1","1","1","0","0","0","1","0","0","0","0","0","0","0","0","0","0","0","0","0","0","0","0","0","0","0","0","0","0","0","0","0","0","0","0","0","0","0","0","0","0","0","0","0","0","0","0","0","0","0","0","0","0","0","0","0","0","0","0","0","0","0","0","0","0","0","0"
"8011","SRR17722433_CLEAN_REPAIRED_minContig2500_bin.8","1","1","0","1","0","0","0","1","1","1","1","1","0","1","1","1","1","0","0","0","1","0","0","0","0","0","0","0","0","0","0","0","0","0","0","0","0","0","0","0","0","0","0","0","0","0","0","0","0","0","0","0","0","0","0","0","0","0","0","0","0","0","0","0","0","0","0","0","0","0","0","0","0","0","0","0","0","0","0","0","0"
"8040","SRR17722434_CLEAN_REPAIRED_minContig2500_bin.17","0","0","0","0","0","0","0","1","1","1","1","1","0","0","0","0","0","0","0","0","0","0","0","0","0","0","0","0","0","0","0","0","0","0","0","0","0","0","0","0","0","0","0","0","0","0","0","0","0","0","0","0","0","0","0","0","0","0","0","0","0","0","0","0","0","0","0","0","0","0","0","0","0","0","0","0","0","0","0","0","0"
"8052","SRR17722435_CLEAN_REPAIRED_minContig2500_bin.4","1","1","0","1","0","0","0","1","1","1","1","1","0","1","1","1","1","0","0","0","1","0","0","0","0","0","0","0","0","0","0","0","0","0","0","0","0","0","0","0","0","0","0","0","0","0","0","0","0","0","0","0","0","0","0","0","0","0","0","0","0","0","0","0","0","0","0","0","0","0","0","0","0","0","0","0","0","0","0","0","0"
"8081","SRR17722437_CLEAN_REPAIRED_minContig2500_bin.3","1","1","0","1","0","0","0","1","1","1","1","1","0","1","1","1","1","0","0","0","1","0","0","0","0","0","0","0","0","0","0","0","0","0","0","0","0","0","0","0","0","0","0","0","0","0","0","0","0","0","0","0","0","0","0","0","0","0","0","0","0","0","0","0","0","0","0","0","0","0","0","0","0","0","0","0","0","0","0","0","0"
"8110","SRR17722438_CLEAN_REPAIRED_minContig2500_bin.3","1","1","1","1","1","1","1","1","1","1","1","1","1","1","1","1","1","0","1","0","0","1","0","1","1","1","1","0","0","0","0","0","0","0","0","0","0","0","0","0","0","0","0","0","0","0","0","0","0","0","0","0","0","0","0","0","0","0","0","0","0","0","0","0","0","0","0","0","0","0","0","0","0","0","0","0","0","0","0","0","0"
"8156","SRR17722439_CLEAN_REPAIRED_minContig2500_bin.2","1","1","0","1","0","0","0","1","1","1","1","1","0","1","1","1","1","0","0","0","1","0","0","0","0","0","0","0","0","0","0","0","0","0","0","0","0","0","0","0","0","0","0","0","0","0","0","0","0","0","0","0","0","0","0","0","0","0","0","0","0","0","0","0","0","0","0","0","0","0","0","0","0","0","0","0","0","0","0","0","0"
"8185","SRR17722440_CLEAN_REPAIRED_minContig2500_bin.1","1","1","0","1","0","0","0","1","1","1","1","1","0","1","1","1","1","0","0","0","1","0","0","0","0","0","0","0","0","0","0","0","0","0","0","0","0","0","0","0","0","0","0","0","0","0","0","0","0","0","0","0","0","0","0","0","0","0","0","0","0","0","0","0","0","0","0","0","0","0","0","0","0","0","0","0","0","0","0","0","0"
"8214","SRR17722441_CLEAN_REPAIRED_minContig2500_bin.3","1","1","0","1","0","0","0","1","1","1","1","1","0","1","1","1","1","0","0","0","0","0","0","0","0","0","0","0","0","1","0","0","0","0","0","0","0","0","0","0","0","0","0","0","0","0","0","0","0","0","0","0","0","0","0","0","0","0","0","0","0","0","0","0","0","0","0","0","0","0","0","0","0","0","0","0","0","0","0","0","0"
"8243","SRR17722452_CLEAN_REPAIRED_minContig2500_bin.1","1","1","1","1","1","0","0","1","1","1","1","1","1","1","1","1","1","0","1","1","0","1","0","0","0","0","0","0","0","0","0","0","0","0","0","0","0","0","0","0","0","0","0","0","0","0","0","0","0","0","0","0","0","0","0","0","0","0","0","0","0","0","0","0","0","0","0","0","0","0","0","0","0","0","0","0","0","0","0","0","0"
"8286","SRR17722453_CLEAN_REPAIRED_minContig2500_bin.1","1","1","1","1","1","0","0","1","1","1","1","1","1","1","1","1","1","0","1","1","0","1","0","0","0","0","0","0","0","0","0","0","0","0","0","0","0","0","0","0","0","0","0","0","0","0","0","0","0","0","0","0","0","0","0","0","0","0","0","0","0","0","0","0","0","0","0","0","0","0","0","0","0","0","0","0","0","0","0","0","0"
"8331","SRR17722454_CLEAN_REPAIRED_minContig2500_bin.1","1","1","1","1","1","0","0","1","1","1","1","1","1","1","1","1","1","0","1","1","0","1","0","0","0","0","0","0","0","0","0","0","0","0","0","0","0","0","0","0","0","0","0","0","0","0","0","0","0","0","0","0","0","0","0","0","0","0","0","0","0","0","0","0","0","0","0","0","0","0","0","0","0","0","0","0","0","0","0","0","0"
"8374","SRR17722456_CLEAN_REPAIRED_minContig2500_bin.3","1","1","1","1","1","1","1","1","1","1","1","1","1","1","1","1","1","0","1","0","0","1","0","1","1","1","1","1","1","0","0","0","0","0","0","0","0","0","0","0","0","0","1","0","0","0","0","0","0","0","0","0","0","0","0","0","0","0","0","0","0","0","0","0","0","0","0","0","0","0","0","0","0","0","0","0","0","0","0","0","0"
"8427","SRR17722457_CLEAN_REPAIRED_minContig2500_bin.3","1","1","1","1","1","1","1","1","1","1","1","1","0","1","1","1","1","0","1","0","0","1","0","1","1","1","1","1","1","0","0","0","0","0","0","0","0","0","0","0","0","0","1","0","0","0","0","0","0","0","0","0","0","0","0","0","0","0","0","0","0","0","0","0","0","0","0","0","0","0","0","0","0","0","0","0","0","0","0","0","0"
"8475","SRR17722459_CLEAN_REPAIRED_minContig2500_bin.6","1","1","1","1","1","0","0","1","1","1","1","1","1","1","1","1","1","0","1","1","0","1","0","0","0","0","0","0","0","0","0","0","0","0","0","0","0","0","0","0","0","0","0","0","0","0","0","0","0","0","0","0","0","0","0","0","0","0","0","0","0","0","0","0","0","0","0","0","0","0","0","0","0","0","0","0","0","0","0","0","0"
"8518","SRR17722460_CLEAN_REPAIRED_minContig2500_bin.6","1","1","1","1","1","0","0","1","1","1","1","1","1","1","1","1","1","0","0","0","0","1","0","0","0","0","0","0","0","0","0","0","0","0","0","0","0","0","0","0","0","0","0","0","0","0","0","0","0","0","0","0","0","0","0","0","0","0","0","0","0","0","0","0","0","0","0","0","0","0","0","0","0","0","0","0","0","0","0","0","0"
"8558","SRR17722461_CLEAN_REPAIRED_minContig2500_bin.5","1","1","1","1","1","0","0","1","1","1","1","1","1","1","1","1","1","0","1","1","0","1","0","0","0","0","0","0","0","0","0","0","0","0","0","0","0","0","0","0","0","0","0","0","0","0","0","0","0","0","0","0","0","0","0","0","0","0","0","0","0","0","0","0","0","0","0","0","0","0","0","0","0","0","0","0","0","0","0","0","0"
"8603","SRR17722462_CLEAN_REPAIRED_minContig2500_bin.1","1","1","1","1","1","0","0","1","1","1","1","1","1","1","1","1","1","0","0","0","0","1","0","0","0","0","0","0","0","0","0","0","0","0","0","0","0","0","0","0","0","0","0","0","0","0","0","0","0","0","0","0","0","0","0","0","0","0","0","0","0","0","0","0","0","0","0","0","0","0","0","0","0","0","0","0","0","0","0","0","0"
"8643","SRR17722463_CLEAN_REPAIRED_minContig2500_bin.1","1","1","0","1","0","0","0","1","1","1","1","1","0","1","1","1","1","0","1","0","1","0","0","0","0","0","0","0","0","1","1","0","0","0","0","0","0","0","0","0","0","0","0","0","0","0","0","0","0","0","0","0","0","0","0","0","0","0","0","0","0","0","0","0","0","0","0","0","0","0","0","0","0","0","0","0","0","0","0","0","0"
"8676","SRR17722464_CLEAN_REPAIRED_minContig2500_bin.2","1","1","0","1","0","0","0","1","1","1","1","1","0","1","1","1","1","0","1","0","1","0","0","0","0","0","0","0","0","1","0","0","0","0","0","0","0","0","0","0","0","0","0","1","0","0","0","0","0","0","0","0","0","0","0","0","0","0","0","0","0","0","0","0","0","0","0","0","0","0","0","0","0","0","0","0","0","0","0","0","0"
"8711","SRR17722465_CLEAN_REPAIRED_minContig2500_bin.2","0","0","0","0","0","0","0","1","1","1","1","1","0","1","1","1","1","0","1","0","1","0","0","0","0","0","0","0","0","1","1","0","0","0","0","0","0","0","0","0","0","0","0","0","0","0","0","0","0","0","0","0","0","0","0","0","0","0","0","0","0","0","0","0","0","0","0","0","0","0","0","0","0","0","0","0","0","0","0","0","0"
"8743","SRR17722467_CLEAN_REPAIRED_minContig2500_bin.1","0","0","0","0","0","0","0","1","1","1","1","1","0","1","1","1","1","0","1","0","1","0","0","0","0","0","0","0","0","1","0","0","0","0","0","0","0","0","0","0","0","0","0","0","0","0","0","0","0","0","0","0","0","0","0","0","0","0","0","0","0","0","0","0","0","0","0","0","0","0","0","0","0","0","0","0","0","0","0","0","0"
"8773","SRR17722468_CLEAN_REPAIRED_minContig2500_bin.2","0","0","0","0","0","0","0","1","1","1","1","1","0","1","1","1","1","0","1","0","1","0","0","0","0","0","0","0","0","1","1","0","0","0","0","0","0","0","0","0","0","0","0","1","0","0","0","0","0","0","0","0","0","0","0","0","0","0","0","0","0","0","0","0","0","0","0","0","0","0","0","0","0","0","0","0","0","0","0","0","0"
"8805","SRR17722469_CLEAN_REPAIRED_minContig2500_bin.1","0","0","0","0","0","0","0","1","1","1","1","1","0","1","1","1","1","0","1","0","1","0","0","0","0","0","0","0","0","1","1","0","0","0","0","0","0","0","0","0","0","0","0","0","0","0","0","0","0","0","0","0","0","0","0","0","0","0","0","0","0","0","0","0","0","0","0","0","0","0","0","0","0","0","0","0","0","0","0","0","0"
"8835","SRR17722471_CLEAN_REPAIRED_minContig2500_bin.3","0","0","0","0","0","0","0","1","1","1","1","1","0","1","1","1","1","0","1","0","1","0","0","0","0","0","0","0","0","1","1","0","0","0","0","0","0","0","0","0","0","0","0","1","0","0","0","0","0","0","0","0","0","0","0","0","0","0","0","0","0","0","0","0","0","0","0","0","0","0","0","0","0","0","0","0","0","0","0","0","0"
"8868","SRR17722472_CLEAN_REPAIRED_minContig2500_bin.1","1","1","0","1","0","0","0","1","1","1","1","1","0","1","1","1","1","0","1","0","1","0","0","0","0","0","0","0","0","1","1","0","0","0","0","0","0","0","0","0","0","0","0","0","0","0","0","0","0","0","0","0","0","0","0","0","0","0","0","0","0","0","0","0","0","0","0","0","0","0","0","0","0","0","0","0","0","0","0","0","0"
"8906","SRR17722473_CLEAN_REPAIRED_minContig2500_bin.1","0","0","0","0","0","0","0","1","1","1","1","1","0","1","1","1","1","0","1","0","1","0","0","0","0","0","0","0","0","1","1","0","0","0","0","0","0","0","0","0","0","0","0","1","0","0","0","0","0","0","0","0","0","0","0","0","0","0","0","0","0","0","0","0","0","0","0","0","0","0","0","0","0","0","0","0","0","0","0","0","0"
"8939","SRR17722480_CLEAN_REPAIRED_minContig2500_bin.3","1","1","0","1","0","0","0","1","1","1","1","1","0","1","1","1","1","0","0","0","1","0","0","0","0","0","0","0","0","0","0","0","0","0","0","0","0","0","0","0","0","0","0","0","0","0","0","0","0","0","0","0","0","0","0","0","0","0","0","0","0","0","0","0","0","0","0","0","0","0","0","0","0","0","0","0","0","0","0","0","0"
"8968","SRR17722482_CLEAN_REPAIRED_minContig2500_bin.2","1","1","0","1","0","0","0","1","1","1","1","1","0","1","1","1","1","0","0","0","1","0","0","0","0","0","0","0","0","0","0","0","0","0","0","0","0","0","0","0","0","0","0","0","0","0","0","0","0","0","0","0","0","0","0","0","0","0","0","0","0","0","0","0","0","0","0","0","0","0","0","0","0","0","0","0","0","0","0","0","0"
"8997","SRR17722483_CLEAN_REPAIRED_minContig2500_bin.3","1","1","0","1","0","0","0","1","1","1","1","1","0","1","1","1","1","0","0","0","1","0","0","0","0","0","0","0","0","0","0","0","0","0","0","0","0","0","0","0","0","0","0","0","0","0","0","0","0","0","0","0","0","0","0","0","0","0","0","0","0","0","0","0","0","0","0","0","0","0","0","0","0","0","0","0","0","0","0","0","0"
"9026","SRR17722484_CLEAN_REPAIRED_minContig2500_bin.1","1","1","0","1","0","0","0","1","1","1","1","1","0","1","1","1","1","0","0","0","1","0","0","0","0","0","0","0","0","0","0","0","0","0","0","0","0","0","0","0","0","0","0","0","0","0","0","0","0","0","0","0","0","0","0","0","0","0","0","0","0","0","0","0","0","0","0","0","0","0","0","0","0","0","0","0","0","0","0","0","0"
"9055","SRR17722485_CLEAN_REPAIRED_minContig2500_bin.1","1","1","0","1","0","0","0","1","1","1","1","1","0","1","1","1","1","0","0","0","1","0","0","0","0","0","0","0","0","0","0","0","0","0","0","0","0","0","0","0","0","0","0","0","0","0","0","0","0","0","0","0","0","0","0","0","0","0","0","0","0","0","0","0","0","0","0","0","0","0","0","0","0","0","0","0","0","0","0","0","0"
"9084","SRR17722486_CLEAN_REPAIRED_minContig2500_bin.1","1","1","0","1","0","0","0","1","1","1","1","1","0","1","1","1","1","0","0","0","1","0","0","0","0","0","0","0","0","0","0","0","0","0","0","0","0","0","0","0","0","0","0","0","0","0","0","0","0","0","0","0","0","0","0","0","0","0","0","0","0","0","0","0","0","0","0","0","0","0","0","0","0","0","0","0","0","0","0","0","0"
"9113","SRR17722487_CLEAN_REPAIRED_minContig2500_bin.3","1","1","0","1","0","0","0","1","1","1","1","1","0","1","1","1","1","0","0","0","1","0","0","0","0","0","0","0","0","0","0","0","0","0","0","0","0","0","0","0","0","0","0","0","0","0","0","0","0","0","0","0","0","0","0","0","0","0","0","0","0","0","0","0","0","0","0","0","0","0","0","0","0","0","0","0","0","0","0","0","0"
"9142","SRR17722488_CLEAN_REPAIRED_minContig2500_bin.2","1","1","0","1","0","0","0","1","1","1","1","1","0","1","1","1","1","0","0","0","1","0","0","0","0","0","0","0","0","0","0","0","0","0","0","0","0","0","0","0","0","0","0","0","0","0","0","0","0","0","0","0","0","0","0","0","0","0","0","0","0","0","0","0","0","0","0","0","0","0","0","0","0","0","0","0","0","0","0","0","0"
"9171","SRR17722489_CLEAN_REPAIRED_minContig2500_bin.3","1","1","0","1","0","0","0","1","1","1","1","1","0","1","1","1","1","0","0","0","1","0","0","0","0","0","0","0","0","0","0","0","0","0","0","0","0","0","0","0","0","0","0","0","0","0","0","0","0","0","0","0","0","0","0","0","0","0","0","0","0","0","0","0","0","0","0","0","0","0","0","0","0","0","0","0","0","0","0","0","0"
"9200","SRR17722490_CLEAN_REPAIRED_minContig2500_bin.5","1","1","0","1","0","0","0","1","1","1","1","1","0","1","1","1","1","0","0","0","1","0","0","0","0","0","0","0","0","0","0","0","0","0","0","0","0","0","0","0","0","0","0","0","0","0","0","0","0","0","0","0","0","0","0","0","0","0","0","0","0","0","0","0","0","0","0","0","0","0","0","0","0","0","0","0","0","0","0","0","0"
"9229","SRR17722491_CLEAN_REPAIRED_minContig2500_bin.3","1","1","0","1","0","0","0","1","1","1","1","1","0","1","1","1","1","0","0","0","1","0","0","0","0","0","0","0","0","0","0","0","0","0","0","0","0","0","0","0","0","0","0","0","0","0","0","0","0","0","0","0","0","0","0","0","0","0","0","0","0","0","0","0","0","0","0","0","0","0","0","0","0","0","0","0","0","0","0","0","0"
"9258","SRR17722493_CLEAN_REPAIRED_minContig2500_bin.1","1","1","0","0","1","0","0","1","1","1","1","1","1","1","1","1","1","0","0","1","0","1","1","0","0","0","0","0","0","0","0","0","0","0","0","0","0","0","0","0","0","0","0","0","0","0","0","0","0","0","0","0","0","0","0","0","0","0","0","0","0","0","0","0","0","0","0","0","0","0","0","0","0","0","0","0","0","0","0","0","0"
"9292","SRR17722494_CLEAN_REPAIRED_minContig2500_bin.3","1","1","0","1","0","0","0","1","1","1","1","1","0","1","1","1","1","0","0","0","1","0","0","0","0","0","0","0","0","0","0","0","0","0","0","0","0","0","0","0","0","0","0","0","0","0","0","0","0","0","0","0","0","0","0","0","0","0","0","0","0","0","0","0","0","0","0","0","0","0","0","0","0","0","0","0","0","0","0","0","0"
"9321","SRR17722495_CLEAN_REPAIRED_minContig2500_bin.2","1","1","0","1","0","0","0","1","1","1","1","1","0","1","1","1","1","0","0","0","1","0","0","0","0","0","0","0","0","0","0","0","0","0","0","0","0","0","0","0","0","0","0","0","0","0","0","0","0","0","0","0","0","0","0","0","0","0","0","0","0","0","0","0","0","0","0","0","0","0","0","0","0","0","0","0","0","0","0","0","0"
"9350","SRR17722496_CLEAN_REPAIRED_minContig2500_bin.2","1","1","0","1","0","0","0","1","1","1","1","1","0","1","1","1","1","0","0","0","1","0","0","0","0","0","0","0","0","0","0","0","0","0","0","0","0","0","0","0","0","0","0","0","0","0","0","0","0","0","0","0","0","0","0","0","0","0","0","0","0","0","0","0","0","0","0","0","0","0","0","0","0","0","0","0","0","0","0","0","0"
"9379","SRR17722497_CLEAN_REPAIRED_minContig2500_bin.1","1","1","0","1","0","0","0","1","1","1","1","1","0","1","1","1","1","0","0","0","1","0","0","0","0","0","0","0","0","0","0","0","0","0","0","0","0","0","0","0","0","0","0","0","0","0","0","0","0","0","0","0","0","0","0","0","0","0","0","0","0","0","0","0","0","0","0","0","0","0","0","0","0","0","0","0","0","0","0","0","0"
"9408","SRR17722507_CLEAN_REPAIRED_minContig2500_bin.4","1","1","0","1","1","0","0","1","1","1","1","0","1","1","1","1","0","0","0","0","0","1","0","0","0","0","0","0","0","0","0","0","0","0","0","0","0","0","0","0","0","0","0","0","0","0","0","0","0","0","0","0","0","0","0","0","0","0","0","0","0","0","0","0","0","0","0","0","0","0","0","0","0","0","0","0","0","0","0","0","0"
"9436","SRR17722508_CLEAN_REPAIRED_minContig2500_bin.1","1","1","0","1","1","0","0","1","1","1","1","0","1","1","1","1","0","0","0","0","0","1","0","0","0","0","0","0","0","0","0","0","0","0","0","0","0","0","0","0","0","0","0","0","0","0","0","0","0","0","0","0","0","0","0","0","0","0","0","0","0","0","0","0","0","0","0","0","0","0","0","0","0","0","0","0","0","0","0","0","0"
"9464","SRR17722510_CLEAN_REPAIRED_minContig2500_bin.4","1","1","0","1","1","0","0","1","1","1","1","0","1","1","1","1","1","0","1","0","0","1","0","0","0","0","0","0","0","0","0","0","0","0","0","0","0","0","0","0","0","0","0","0","0","0","0","0","0","0","0","0","0","0","0","0","0","0","0","0","0","0","0","0","0","0","0","0","0","0","0","0","0","0","0","0","0","0","0","0","0"
"9497","SRR17722511_CLEAN_REPAIRED_minContig2500_bin.7","1","1","0","1","1","0","0","1","0","0","1","0","1","1","1","1","0","0","0","0","0","1","0","0","0","0","0","0","0","0","0","0","0","0","0","0","0","0","0","0","0","0","0","0","0","0","0","0","0","0","0","0","0","0","0","0","0","0","0","0","0","0","0","0","0","0","0","0","0","0","0","0","0","0","0","0","0","0","0","0","0"
"9520","SRR17722517_CLEAN_REPAIRED_minContig2500_bin.2","0","0","0","0","0","1","1","1","1","1","1","1","0","0","0","0","0","0","1","0","0","0","0","1","1","1","1","1","1","1","1","0","0","0","0","0","0","0","0","0","0","0","0","0","0","0","0","0","0","0","0","0","0","0","0","0","0","0","0","0","0","0","0","0","0","0","0","0","0","0","0","0","0","0","0","0","0","0","0","0","0"
"9544","SRR17722519_CLEAN_REPAIRED_minContig2500_bin.1","0","0","0","0","0","1","1","1","1","1","1","1","0","1","1","1","1","0","1","0","0","0","0","1","1","1","1","1","1","1","1","0","0","0","0","0","0","0","0","0","0","0","0","0","0","0","0","0","0","0","0","0","0","0","0","0","0","0","0","0","0","0","0","0","0","0","0","0","0","0","0","0","0","0","0","0","0","0","0","0","0"
"9583","SRR17722521_CLEAN_REPAIRED_minContig2500_bin.4","0","0","0","0","0","1","1","1","1","1","1","1","0","0","0","0","0","1","1","0","0","0","0","1","1","1","1","1","1","1","1","0","0","0","0","0","0","0","0","0","0","0","0","0","0","0","0","0","0","0","0","0","0","0","0","0","0","0","0","0","0","0","0","0","0","0","0","0","0","0","0","0","0","0","0","0","0","0","0","0","0"
"9611","SRR17722522_CLEAN_REPAIRED_minContig2500_bin.2","0","0","0","0","0","1","1","1","1","1","1","1","0","1","1","1","1","1","1","0","0","0","0","1","1","1","1","1","1","1","1","1","0","0","0","0","0","0","0","0","0","0","0","0","0","0","0","0","0","0","0","0","0","0","0","0","0","0","0","0","0","0","0","0","0","0","0","0","0","0","0","0","0","0","0","0","0","0","0","0","0"
"9661","SRR17722523_CLEAN_REPAIRED_minContig2500_bin.4","0","0","0","0","0","1","1","1","1","1","1","1","0","1","1","1","1","0","1","0","0","0","0","1","1","1","1","1","1","1","1","0","0","0","0","0","0","0","0","0","0","0","0","0","0","0","0","0","0","0","0","0","0","0","0","0","0","0","0","0","0","0","0","0","0","0","0","0","0","0","0","0","0","0","0","0","0","0","0","0","0"
"9700","SRR17722524_CLEAN_REPAIRED_minContig2500_bin.8","0","0","0","0","0","1","1","1","1","1","1","1","0","1","1","1","1","1","1","0","0","0","0","1","1","1","1","1","1","1","1","0","0","0","0","0","0","0","0","0","0","0","0","0","0","0","0","0","0","0","0","0","0","0","0","0","0","0","0","0","0","0","0","0","0","0","0","0","0","0","0","0","0","0","0","0","0","0","0","0","0"
"9737","SRR17722525_CLEAN_REPAIRED_minContig2500_bin.7","0","0","0","0","0","1","1","1","1","1","1","1","0","1","1","1","1","0","1","0","0","0","0","1","1","1","1","1","1","1","1","0","0","0","0","0","0","0","0","0","0","0","0","0","0","0","0","0","0","0","0","0","0","0","0","0","0","0","0","0","0","0","0","0","0","0","0","0","0","0","0","0","0","0","0","0","0","0","0","0","0"
"9773","SRR17722526_CLEAN_REPAIRED_minContig2500_bin.2","0","0","0","0","0","1","1","1","1","1","1","1","0","1","1","1","1","0","1","0","0","0","0","1","1","1","1","1","1","1","1","0","0","0","0","0","0","0","0","0","0","0","0","0","0","0","0","0","0","0","0","0","0","0","0","0","0","0","0","0","0","0","0","0","0","0","0","0","0","0","0","0","0","0","0","0","0","0","0","0","0"
"9809","SRR17722528_CLEAN_REPAIRED_minContig2500_bin.7","0","0","0","0","0","1","1","1","1","1","1","1","0","1","1","1","1","1","1","0","0","0","0","1","1","1","1","1","1","1","1","0","0","0","0","0","0","0","0","0","0","0","0","0","0","0","0","0","0","0","0","0","0","0","0","0","0","0","0","0","0","0","0","0","0","0","0","0","0","0","0","0","0","0","0","0","0","0","0","0","0"
"9849","SRR17722529_CLEAN_REPAIRED_minContig2500_bin.2","0","0","0","0","0","1","1","1","1","1","1","1","0","1","1","1","1","1","1","0","0","0","0","1","1","1","1","1","1","1","1","1","0","0","0","0","0","0","0","0","0","0","0","0","0","0","0","0","0","0","0","0","0","0","0","0","0","0","0","0","0","0","0","0","0","0","0","0","0","0","0","0","0","0","0","0","0","0","0","0","0"
"9901","SRR17722530_CLEAN_REPAIRED_minContig2500_bin.6","0","0","0","0","0","1","1","1","1","1","1","1","0","1","1","1","1","1","1","0","0","0","0","1","1","1","1","1","1","1","1","1","0","0","0","0","0","0","0","0","0","0","0","0","0","0","0","0","0","0","0","0","0","0","0","0","0","0","0","0","0","0","0","0","0","0","0","0","0","0","0","0","0","0","0","0","0","0","0","0","0"
"9953","SRR17722531_CLEAN_REPAIRED_minContig2500_bin.5","0","0","0","0","0","1","1","1","1","1","1","1","0","1","1","1","1","1","1","0","0","0","0","1","1","1","1","1","1","1","1","0","0","0","0","0","0","0","0","0","0","0","0","0","0","0","0","0","0","0","0","0","0","0","0","0","0","0","0","0","0","0","0","0","0","0","0","0","0","0","0","0","0","0","0","0","0","0","0","0","0"
"9990","SRR17722532_CLEAN_REPAIRED_minContig2500_bin.3","0","0","0","0","0","1","1","1","1","1","1","1","0","1","1","1","1","0","1","0","0","0","0","1","1","1","1","1","1","1","1","0","0","0","0","0","0","0","0","0","0","0","0","0","0","0","0","0","0","0","0","0","0","0","0","0","0","0","0","0","0","0","0","0","0","0","0","0","0","0","0","0","0","0","0","0","0","0","0","0","0"
"10026","SRR17722533_CLEAN_REPAIRED_minContig2500_bin.1","0","0","0","0","0","1","1","1","1","1","1","1","0","1","1","1","1","1","1","0","0","0","0","1","1","1","1","1","1","1","1","1","0","0","0","0","0","0","0","0","0","0","0","0","0","0","0","0","0","0","0","0","0","0","0","0","0","0","0","0","0","0","0","0","0","0","0","0","0","0","0","0","0","0","0","0","0","0","0","0","0"
"10078","SRR17722534_CLEAN_REPAIRED_minContig2500_bin.1","0","0","0","0","0","1","1","1","1","1","1","1","0","1","1","1","1","1","1","0","0","0","0","1","1","1","1","1","1","1","1","1","0","0","0","0","0","0","0","0","0","0","0","0","0","0","0","0","0","0","0","0","0","0","0","0","0","0","0","0","0","0","0","0","0","0","0","0","0","0","0","0","0","0","0","0","0","0","0","0","0"
"10130","SRR17722535_CLEAN_REPAIRED_minContig2500_bin.4","0","0","0","0","0","1","1","1","1","1","1","1","0","1","1","1","1","0","1","0","0","0","0","1","1","1","1","1","1","1","1","0","0","0","0","0","0","0","0","0","0","0","0","0","0","0","0","0","0","0","0","0","0","0","0","0","0","0","0","0","0","0","0","0","0","0","0","0","0","0","0","0","0","0","0","0","0","0","0","0","0"
"10166","SRR17722536_CLEAN_REPAIRED_minContig2500_bin.2","0","0","0","0","0","1","1","1","1","1","1","1","0","1","1","1","1","1","1","0","0","0","0","1","1","1","1","1","1","1","1","0","0","0","0","0","0","0","0","0","0","0","0","0","0","0","0","0","0","0","0","0","0","0","0","0","0","0","0","0","0","0","0","0","0","0","0","0","0","0","0","0","0","0","0","0","0","0","0","0","0"
"10205","SRR17722537_CLEAN_REPAIRED_minContig2500_bin.3","0","0","0","0","0","1","1","1","1","1","1","1","0","1","1","1","1","0","1","0","0","0","0","1","1","1","1","1","1","1","1","0","0","0","0","0","0","0","0","0","0","0","0","0","0","0","0","0","0","0","0","0","0","0","0","0","0","0","0","0","0","0","0","0","0","0","0","0","0","0","0","0","0","0","0","0","0","0","0","0","0"
"10241","SRR17722540_CLEAN_REPAIRED_minContig2500_bin.4","0","0","0","0","0","1","1","1","1","1","1","1","0","1","1","1","1","1","1","0","0","0","0","1","1","1","1","1","1","1","1","0","0","0","0","0","0","0","0","0","0","0","0","0","0","0","0","0","0","0","0","0","0","0","0","0","0","0","0","0","0","0","0","0","0","0","0","0","0","0","0","0","0","0","0","0","0","0","0","0","0"
"10280","SRR17722541_CLEAN_REPAIRED_minContig2500_bin.1","0","0","0","0","0","1","1","1","1","1","1","1","0","1","1","1","1","1","0","0","0","0","0","1","1","1","1","1","1","0","1","0","0","0","0","0","0","0","0","0","0","0","0","0","0","0","0","0","0","0","0","0","0","0","0","0","0","0","0","0","0","0","0","0","0","0","0","0","0","0","0","0","0","0","0","0","0","0","0","0","0"
"10313","SRR17722544_CLEAN_REPAIRED_minContig2500_bin.4","1","1","0","1","0","0","0","1","1","1","1","1","0","1","1","1","1","0","0","0","1","0","0","0","0","0","0","0","0","0","0","0","0","0","0","0","0","0","0","0","0","0","0","0","0","0","0","0","0","0","0","0","0","0","0","0","0","0","0","0","0","0","0","0","0","0","0","0","0","0","0","0","0","0","0","0","0","0","0","0","0"
"10342","SRR17722548_CLEAN_REPAIRED_minContig2500_bin.2","1","1","0","1","0","0","0","1","1","1","1","1","0","1","1","1","1","0","0","0","1","0","0","0","0","0","0","0","0","0","0","0","0","0","0","0","0","0","0","0","0","0","0","0","0","0","0","0","0","0","0","0","0","0","0","0","0","0","0","0","0","0","0","0","0","0","0","0","0","0","0","0","0","0","0","0","0","0","0","0","0"
"10371","SRR17722549_CLEAN_REPAIRED_minContig2500_bin.7","1","1","0","1","1","0","0","1","1","1","1","1","1","1","1","1","1","0","1","1","0","1","0","0","0","0","0","0","0","0","0","0","0","0","0","0","0","0","0","0","0","0","0","0","0","0","0","0","0","0","0","0","0","0","0","0","0","0","0","0","0","0","0","0","0","0","0","0","0","0","0","0","0","0","0","0","0","0","0","0","0"
"10411","SRR17722550_CLEAN_REPAIRED_minContig2500_bin.1","1","1","1","1","0","0","0","1","1","1","1","0","0","0","1","0","1","0","0","0","0","0","0","0","0","0","0","0","0","1","0","0","0","0","0","0","0","0","0","0","0","0","0","0","0","0","0","0","0","0","0","0","0","0","0","0","0","0","0","0","0","0","0","0","0","0","0","0","0","0","0","0","0","0","0","0","0","0","0","0","0"
"10440","SRR17722554_CLEAN_REPAIRED_minContig2500_bin.5","1","1","0","0","1","0","0","1","1","1","1","1","1","1","1","1","1","0","0","1","0","1","1","0","0","0","0","0","0","0","0","0","0","0","0","0","0","0","0","0","0","0","0","0","0","0","0","0","0","0","0","0","0","0","0","0","0","0","0","0","0","0","0","0","0","0","0","0","0","0","0","0","0","0","0","0","0","0","0","0","0"
"10475","SRR17722558_CLEAN_REPAIRED_minContig2500_bin.1","1","1","0","1","0","0","0","1","1","1","1","1","0","1","1","1","1","0","0","0","1","0","0","0","0","0","0","0","0","0","0","0","0","0","0","0","0","0","0","0","0","0","0","0","0","0","0","0","0","0","0","0","0","0","0","0","0","0","0","0","0","0","0","0","0","0","0","0","0","0","0","0","0","0","0","0","0","0","0","0","0"
"10504","SRR17722560_CLEAN_REPAIRED_minContig2500_bin.1","1","1","0","1","1","0","0","1","1","1","1","1","1","1","1","1","1","0","0","1","0","1","1","0","0","0","0","0","0","0","0","0","0","0","0","0","0","0","0","0","0","0","0","0","0","0","0","0","0","0","0","0","0","0","0","0","0","0","0","0","0","0","0","0","0","0","0","0","0","0","0","0","0","0","0","0","0","0","0","0","0"
"10541","SRR17722561_CLEAN_REPAIRED_minContig2500_bin.1","1","1","0","0","1","0","0","1","1","1","1","1","1","1","0","1","1","0","0","1","0","1","1","0","0","0","0","0","0","0","0","0","0","0","0","0","0","0","0","0","0","0","0","0","0","0","0","0","0","0","0","0","0","0","0","0","0","0","0","0","0","0","0","0","0","0","0","0","0","0","0","0","0","0","0","0","0","0","0","0","0"
"10574","SRR17722563_CLEAN_REPAIRED_minContig2500_bin.1","1","1","0","0","1","0","0","1","1","1","1","1","1","1","1","1","1","0","0","1","0","1","1","0","0","0","0","0","0","0","0","0","0","0","0","0","0","0","0","0","0","0","0","0","0","0","0","0","0","0","0","0","0","0","0","0","0","0","0","0","0","0","0","0","0","0","0","0","0","0","0","0","0","0","0","0","0","0","0","0","0"
"10609","SRR17722574_CLEAN_REPAIRED_minContig2500_bin.4","1","1","0","0","1","0","0","1","1","1","1","1","1","1","1","1","1","0","0","1","0","1","1","0","0","0","0","0","0","0","0","0","0","0","0","0","0","0","0","0","0","0","0","0","0","0","0","0","0","0","0","0","0","0","0","0","0","0","0","0","0","0","0","0","0","0","0","0","0","0","0","0","0","0","0","0","0","0","0","0","0"
"10644","SRR17722595_CLEAN_REPAIRED_minContig2500_bin.1","1","1","0","1","1","0","0","1","1","1","1","1","1","1","1","1","1","0","0","1","0","1","0","0","0","0","0","0","0","1","0","0","0","0","0","0","0","0","0","0","0","0","0","0","0","0","0","0","0","0","0","0","0","0","0","0","0","0","0","0","0","0","0","0","0","0","0","0","0","0","0","0","0","0","0","0","0","0","0","0","0"
"10685","SRR17722596_CLEAN_REPAIRED_minContig2500_bin.2","1","1","0","1","1","0","0","1","1","1","1","1","1","1","1","1","1","0","0","1","0","1","0","0","0","0","0","0","0","1","0","0","0","0","0","0","0","0","0","0","0","0","0","0","0","0","0","0","0","0","0","0","0","0","0","0","0","0","0","0","0","0","0","0","0","0","0","0","0","0","0","0","0","0","0","0","0","0","0","0","0"
"10726","SRR17722597_CLEAN_REPAIRED_minContig2500_bin.5","1","1","0","1","1","0","0","1","1","1","1","1","1","1","1","1","1","0","0","1","0","1","0","0","0","0","0","0","0","1","0","0","0","0","0","0","0","0","0","0","0","0","0","0","0","0","0","0","0","0","0","0","0","0","0","0","0","0","0","0","0","0","0","0","0","0","0","0","0","0","0","0","0","0","0","0","0","0","0","0","0"
"10767","SRR17722598_CLEAN_REPAIRED_minContig2500_bin.6","1","1","0","1","1","0","0","1","1","1","1","1","1","1","1","1","1","0","1","1","0","1","0","0","0","0","0","0","0","1","0","0","0","0","0","0","0","0","0","0","0","0","0","0","0","0","0","0","0","0","0","0","0","0","0","0","0","0","0","0","0","0","0","0","0","0","0","0","0","0","0","0","0","0","0","0","0","0","0","0","0"
"10811","SRR17722599_CLEAN_REPAIRED_minContig2500_bin.5","1","1","0","1","1","0","0","0","1","1","0","1","1","1","1","1","1","0","1","1","0","1","0","0","0","0","0","0","0","1","0","0","0","0","0","0","0","0","0","0","0","0","0","0","0","0","0","0","0","0","0","0","0","0","0","0","0","0","0","0","0","0","0","0","0","0","0","0","0","0","0","0","0","0","0","0","0","0","0","0","0"
"10851","SRR17722600_CLEAN_REPAIRED_minContig2500_bin.4","1","1","0","1","1","0","0","1","1","1","1","1","1","1","1","1","1","0","1","1","0","1","0","0","0","0","0","0","0","1","0","0","0","0","0","0","0","0","0","0","0","0","0","0","0","0","0","0","0","0","0","0","0","0","0","0","0","0","0","0","0","0","0","0","0","0","0","0","0","0","0","0","0","0","0","0","0","0","0","0","0"
"10898","SRR17722601_CLEAN_REPAIRED_minContig2500_bin.2","1","1","0","0","1","0","0","0","1","1","0","1","1","1","1","1","1","0","1","1","0","1","0","0","0","0","0","0","0","1","0","0","0","0","0","0","0","0","0","0","0","0","0","0","0","0","0","0","0","0","0","0","0","0","0","0","0","0","0","0","0","0","0","0","0","0","0","0","0","0","0","0","0","0","0","0","0","0","0","0","0"
"10936","SRR17722603_CLEAN_REPAIRED_minContig2500_bin.6","1","1","0","1","1","0","0","1","1","1","1","1","1","1","1","1","1","0","1","1","0","1","0","0","0","0","0","0","0","1","0","0","0","0","0","0","0","0","0","0","0","0","0","0","0","0","0","0","0","0","0","0","0","0","0","0","0","0","0","0","0","0","0","0","0","0","0","0","0","0","0","0","0","0","0","0","0","0","0","0","0"
"10980","SRR17722605_CLEAN_REPAIRED_minContig2500_bin.4","1","1","0","1","1","0","0","0","1","1","0","1","1","1","1","1","1","0","1","1","0","1","0","0","0","0","0","0","0","1","0","0","0","0","0","0","0","0","0","0","0","0","0","0","0","0","0","0","0","0","0","0","0","0","0","0","0","0","0","0","0","0","0","0","0","0","0","0","0","0","0","0","0","0","0","0","0","0","0","0","0"
"11020","SRR17722606_CLEAN_REPAIRED_minContig2500_bin.3","1","1","0","1","1","0","0","1","1","1","1","1","1","0","0","0","0","0","1","1","0","1","0","0","0","0","0","0","0","1","0","0","0","0","0","0","0","0","0","0","0","0","0","0","0","0","0","0","0","0","0","0","0","0","0","0","0","0","0","0","0","0","0","0","0","0","0","0","0","0","0","0","0","0","0","0","0","0","0","0","0"
"11051","SRR17722607_CLEAN_REPAIRED_minContig2500_bin.2","1","1","0","1","1","1","1","1","1","1","1","1","1","1","1","1","1","0","0","0","0","1","0","1","0","0","0","1","1","0","0","0","0","0","0","0","0","0","0","0","0","0","1","0","0","0","0","0","0","0","0","0","0","0","0","0","0","0","0","0","0","0","0","0","0","0","0","0","0","0","0","0","0","0","0","0","0","0","0","0","0"
"11092","SRR17722608_CLEAN_REPAIRED_minContig2500_bin.3","1","1","0","1","1","1","1","1","1","1","1","1","1","1","1","1","1","0","0","0","0","1","0","1","0","0","0","1","1","0","0","0","0","0","0","0","0","0","0","0","0","0","1","0","0","0","0","0","0","0","0","0","0","0","0","0","0","0","0","0","0","0","0","0","0","0","0","0","0","0","0","0","0","0","0","0","0","0","0","0","0"
"11133","SRR17722609_CLEAN_REPAIRED_minContig2500_bin.4","1","1","0","1","1","1","1","1","1","1","1","1","1","1","1","1","1","0","0","0","0","1","0","1","0","0","0","1","1","0","0","0","0","0","0","0","0","0","0","0","0","0","1","0","0","0","0","0","0","0","0","0","0","0","0","0","0","0","0","0","0","0","0","0","0","0","0","0","0","0","0","0","0","0","0","0","0","0","0","0","0"
"11174","SRR17722610_CLEAN_REPAIRED_minContig2500_bin.3","1","1","0","1","1","1","1","1","1","1","1","1","1","1","1","1","1","0","0","0","0","1","0","1","0","0","0","1","1","0","0","0","0","0","0","0","0","0","0","0","0","0","1","0","0","0","0","0","0","0","0","0","0","0","0","0","0","0","0","0","0","0","0","0","0","0","0","0","0","0","0","0","0","0","0","0","0","0","0","0","0"
"11215","SRR17722611_CLEAN_REPAIRED_minContig2500_bin.1","1","1","0","1","1","1","1","1","1","1","1","1","1","1","1","1","1","0","0","0","0","1","0","1","0","0","0","1","1","0","0","0","0","0","0","0","0","0","0","0","0","0","1","0","0","0","0","0","0","0","0","0","0","0","0","0","0","0","0","0","0","0","0","0","0","0","0","0","0","0","0","0","0","0","0","0","0","0","0","0","0"
"11256","SRR17722612_CLEAN_REPAIRED_minContig2500_bin.2","1","1","0","1","1","1","1","1","1","1","1","1","1","1","1","1","1","0","0","0","0","1","0","1","0","0","0","1","1","0","0","0","0","0","0","0","0","0","0","0","0","0","1","0","0","0","0","0","0","0","0","0","0","0","0","0","0","0","0","0","0","0","0","0","0","0","0","0","0","0","0","0","0","0","0","0","0","0","0","0","0"
"11297","SRR17722614_CLEAN_REPAIRED_minContig2500_bin.2","1","1","0","1","0","0","0","1","1","1","1","1","0","1","1","1","1","0","1","0","1","0","1","0","0","0","0","0","0","0","0","1","0","0","0","0","0","0","0","0","0","0","0","0","0","0","0","0","0","0","0","0","0","0","0","0","0","0","0","0","0","0","0","0","0","0","0","0","0","0","0","0","0","0","0","0","0","0","0","0","0"
"11345","SRR17722615_CLEAN_REPAIRED_minContig2500_bin.1","1","1","0","1","0","0","0","1","1","1","1","1","0","1","1","1","1","0","1","0","0","0","0","0","0","0","0","0","0","1","0","0","0","0","0","0","0","0","0","0","0","0","0","0","0","0","0","0","0","0","0","0","0","0","0","0","0","0","0","0","0","0","0","0","0","0","0","0","0","0","0","0","0","0","0","0","0","0","0","0","0"
"11381","SRR17722616_CLEAN_REPAIRED_minContig2500_bin.2","1","1","0","1","0","0","0","1","1","1","1","1","0","1","1","1","1","0","1","0","0","0","1","0","0","0","0","0","0","0","0","0","0","0","0","0","0","0","0","0","0","1","0","0","0","0","0","0","0","0","0","0","0","0","0","0","0","0","0","0","0","0","0","0","0","0","0","0","0","0","0","0","0","0","0","0","0","0","0","0","0"
"11423","SRR17722618_CLEAN_REPAIRED_minContig2500_bin.5","1","1","0","1","0","0","0","1","1","1","1","1","0","1","1","1","1","0","1","0","1","0","1","0","0","0","0","0","0","0","0","0","0","0","0","0","0","0","0","0","0","0","0","0","0","0","0","0","0","0","0","0","0","0","0","0","0","0","0","0","0","0","0","0","0","0","0","0","0","0","0","0","0","0","0","0","0","0","0","0","0"
"11461","SRR17722619_CLEAN_REPAIRED_minContig2500_bin.5","1","1","0","1","0","0","0","1","1","1","1","1","0","1","1","1","1","0","1","0","0","0","1","0","0","0","0","0","0","0","0","1","0","0","0","0","0","0","0","0","0","0","0","0","0","0","0","0","0","0","0","0","0","0","0","0","0","0","0","0","0","0","0","0","0","0","0","0","0","0","0","0","0","0","0","0","0","0","0","0","0"
"11511","SRR17722620_CLEAN_REPAIRED_minContig2500_bin.2","1","1","0","1","0","0","0","1","1","1","1","1","0","1","1","1","1","0","1","0","0","0","1","0","0","0","0","0","0","1","0","0","0","0","0","0","0","0","0","0","0","1","0","0","0","0","0","0","0","0","0","0","0","0","0","0","0","0","0","0","0","0","0","0","0","0","0","0","0","0","0","0","0","0","0","0","0","0","0","0","0"
"11548","SRR17722621_CLEAN_REPAIRED_minContig2500_bin.1","1","1","0","1","1","0","0","1","1","1","1","1","1","1","1","1","1","0","1","0","1","1","0","0","0","0","0","0","0","0","0","0","0","0","0","0","0","0","0","0","0","0","0","0","0","0","0","0","0","0","0","0","0","0","0","0","0","0","0","0","0","0","0","0","0","0","0","0","0","0","0","0","0","0","0","0","0","0","0","0","0"
"11591","SRR17722623_CLEAN_REPAIRED_minContig2500_bin.4","1","1","0","1","0","0","0","1","1","1","1","1","0","1","1","1","1","0","1","0","0","0","1","0","0","0","0","0","0","0","0","0","0","0","0","0","0","0","0","0","0","0","0","0","0","0","0","0","0","0","0","0","0","0","0","0","0","0","0","0","0","0","0","0","0","0","0","0","0","0","0","0","0","0","0","0","0","0","0","0","0"
"11628","SRR17722624_CLEAN_REPAIRED_minContig2500_bin.5","1","1","0","1","0","0","0","1","1","1","1","1","0","1","1","1","1","0","1","0","1","0","1","0","0","0","0","0","0","0","0","0","0","0","0","0","0","0","0","0","0","0","0","0","0","0","0","0","0","0","0","0","0","0","0","0","0","0","0","0","0","0","0","0","0","0","0","0","0","0","0","0","0","0","0","0","0","0","0","0","0"
"11667","SRR17722625_CLEAN_REPAIRED_minContig2500_bin.2","1","1","0","1","0","0","0","1","1","1","1","1","0","1","1","1","1","0","1","0","1","0","1","0","0","0","0","0","0","0","0","0","0","0","0","0","0","0","0","0","0","0","0","0","0","0","0","0","0","0","0","0","0","0","0","0","0","0","0","0","0","0","0","0","0","0","0","0","0","0","0","0","0","0","0","0","0","0","0","0","0"
"11701","SRR17722626_CLEAN_REPAIRED_minContig2500_bin.1","1","1","0","1","0","0","0","1","1","1","1","1","0","1","1","1","1","0","1","0","1","0","1","0","0","0","0","0","0","0","0","0","0","0","0","0","0","0","0","0","0","0","0","0","0","0","0","0","0","0","0","0","0","0","0","0","0","0","0","0","0","0","0","0","0","0","0","0","0","0","0","0","0","0","0","0","0","0","0","0","0"
"11740","SRR17722627_CLEAN_REPAIRED_minContig2500_bin.1","1","1","0","1","0","0","0","1","1","1","1","1","0","1","1","1","1","0","1","0","0","0","0","0","0","0","0","0","0","0","0","0","0","0","0","0","0","0","0","0","0","0","0","0","0","0","0","0","0","0","0","0","0","0","0","0","0","0","0","0","0","0","0","0","0","0","0","0","0","0","0","0","0","0","0","0","0","0","0","0","0"
"11776","SRR17722628_CLEAN_REPAIRED_minContig2500_bin.1","1","1","0","1","0","0","0","1","1","1","1","1","0","1","1","1","1","0","1","0","1","0","0","0","0","0","0","0","0","1","1","1","1","1","1","1","1","1","1","1","0","0","0","1","0","0","0","0","0","0","0","0","0","0","0","0","0","0","0","0","0","0","0","0","0","0","0","0","0","0","0","0","0","0","0","0","0","0","0","0","0"
"11846","SRR17722629_CLEAN_REPAIRED_minContig2500_bin.1","1","1","0","1","0","0","0","1","1","1","1","1","0","1","1","1","1","0","1","0","1","0","1","0","0","0","0","0","0","0","0","0","0","0","0","0","0","0","0","0","0","0","0","0","0","0","0","0","0","0","0","0","0","0","0","0","0","0","0","0","0","0","0","0","0","0","0","0","0","0","0","0","0","0","0","0","0","0","0","0","0"
"11887","SRR17722630_CLEAN_REPAIRED_minContig2500_bin.2","1","1","0","1","0","0","0","1","1","1","1","1","0","1","1","1","1","1","1","0","1","0","1","0","0","0","0","0","0","0","0","0","0","1","1","1","0","1","1","1","0","0","0","0","0","0","0","0","0","0","0","0","0","0","0","0","0","0","0","0","0","0","0","0","0","0","0","0","0","0","0","0","0","0","0","0","0","0","0","0","0"
"11934","SRR17722631_CLEAN_REPAIRED_minContig2500_bin.3","1","1","0","1","0","0","0","1","1","1","1","1","0","1","1","1","1","0","1","0","1","0","1","0","0","0","0","0","0","0","0","0","0","0","0","0","0","0","0","0","0","0","0","0","0","0","0","0","0","0","0","0","0","0","0","0","0","0","0","0","0","0","0","0","0","0","0","0","0","0","0","0","0","0","0","0","0","0","0","0","0"
"11967","SRR17722632_CLEAN_REPAIRED_minContig2500_bin.3","1","1","0","1","1","0","0","1","1","1","1","1","1","1","1","1","1","0","1","0","1","1","0","0","0","0","0","0","0","0","0","0","0","0","0","0","0","0","0","0","0","0","0","0","0","0","0","0","0","0","0","0","0","0","0","0","0","0","0","0","0","0","0","0","0","0","0","0","0","0","0","0","0","0","0","0","0","0","0","0","0"
"12010","SRR17722633_CLEAN_REPAIRED_minContig2500_bin.1","1","1","0","0","0","0","0","1","1","1","1","1","0","1","1","1","1","0","0","0","1","0","0","0","0","0","0","0","0","0","0","0","0","0","0","0","0","0","0","0","0","0","0","1","0","0","0","0","0","0","0","0","0","0","0","0","0","0","0","0","0","0","0","0","0","0","0","0","0","0","0","0","0","0","0","0","0","0","0","0","0"
"12038","SRR17722634_CLEAN_REPAIRED_minContig2500_bin.1","1","1","0","1","0","0","0","1","1","1","1","1","0","1","1","1","1","0","1","1","0","0","0","0","0","0","0","0","0","0","0","0","0","0","0","0","0","0","0","0","0","0","0","1","0","0","0","0","0","0","0","0","0","0","0","0","0","0","0","0","0","0","0","0","0","0","0","0","0","0","0","0","0","0","0","0","0","0","0","0","0"
"12075","SRR17722635_CLEAN_REPAIRED_minContig2500_bin.4","1","1","0","0","0","0","0","1","1","1","1","1","1","1","1","1","1","0","1","1","1","0","0","0","0","0","0","0","0","0","1","0","0","0","0","0","0","0","0","0","0","0","0","1","0","0","0","0","0","0","0","0","0","0","0","0","0","0","0","0","0","0","0","0","0","0","0","0","0","0","0","0","0","0","0","0","0","0","0","0","0"
"12111","SRR17722638_CLEAN_REPAIRED_minContig2500_bin.16","1","1","0","1","0","0","0","1","1","1","1","1","0","1","1","1","1","0","0","0","1","0","0","0","0","0","0","0","0","0","0","0","0","0","0","0","0","0","0","0","0","0","0","0","0","0","0","0","0","0","0","0","0","0","0","0","0","0","0","0","0","0","0","0","0","0","0","0","0","0","0","0","0","0","0","0","0","0","0","0","0"
"12140","SRR17722639_CLEAN_REPAIRED_minContig2500_bin.4","1","1","0","1","0","0","0","1","1","1","1","1","0","1","1","1","1","0","0","0","1","0","0","0","0","0","0","0","0","0","0","0","0","0","0","0","0","0","0","0","0","0","0","0","0","0","0","0","0","0","0","0","0","0","0","0","0","0","0","0","0","0","0","0","0","0","0","0","0","0","0","0","0","0","0","0","0","0","0","0","0"
"12168","SRR17722640_CLEAN_REPAIRED_minContig2500_bin.3","1","1","0","1","0","0","0","1","1","1","1","1","0","1","1","1","1","0","0","0","1","0","0","0","0","0","0","0","0","0","0","0","0","0","0","0","0","0","0","0","0","0","0","0","0","0","0","0","0","0","0","0","0","0","0","0","0","0","0","0","0","0","0","0","0","0","0","0","0","0","0","0","0","0","0","0","0","0","0","0","0"
"12197","SRR17722641_CLEAN_REPAIRED_minContig2500_bin.6","1","1","0","1","0","0","0","1","1","1","1","1","0","1","1","1","1","0","0","0","1","0","0","0","0","0","0","0","0","0","0","0","0","0","0","0","0","0","0","0","0","0","0","0","0","0","0","0","0","0","0","0","0","0","0","0","0","0","0","0","0","0","0","0","0","0","0","0","0","0","0","0","0","0","0","0","0","0","0","0","0"
"12226","SRR17722642_CLEAN_REPAIRED_minContig2500_bin.1","1","0","0","1","1","0","0","1","1","1","1","1","1","1","1","1","1","0","0","0","0","1","0","0","0","0","0","0","0","0","0","0","0","0","1","0","1","1","0","1","0","1","0","0","0","0","0","0","0","0","0","0","0","0","0","0","0","0","0","0","0","0","0","0","0","0","0","0","0","0","0","0","0","0","0","0","0","0","0","0","0"
"12266","SRR17722643_CLEAN_REPAIRED_minContig2500_bin.1","1","1","0","1","0","0","0","1","1","1","1","1","0","1","1","1","1","0","0","0","1","0","0","0","0","0","0","0","0","0","0","0","0","0","0","0","0","0","0","0","0","0","0","0","0","0","0","0","0","0","0","0","0","0","0","0","0","0","0","0","0","0","0","0","0","0","0","0","0","0","0","0","0","0","0","0","0","0","0","0","0"
"12295","SRR17722644_CLEAN_REPAIRED_minContig2500_bin.2","1","1","0","1","0","0","0","1","1","1","1","1","0","1","1","1","1","0","0","0","1","0","0","0","0","0","0","0","0","0","0","0","0","0","0","0","0","0","0","0","0","0","0","0","0","0","0","0","0","0","0","0","0","0","0","0","0","0","0","0","0","0","0","0","0","0","0","0","0","0","0","0","0","0","0","0","0","0","0","0","0"
"12324","SRR17722645_CLEAN_REPAIRED_minContig2500_bin.3","1","1","0","1","0","0","0","1","1","1","1","1","0","1","1","1","1","0","0","0","1","0","0","0","0","0","0","0","0","0","0","0","0","0","0","0","0","0","0","0","0","0","0","0","0","0","0","0","0","0","0","0","0","0","0","0","0","0","0","0","0","0","0","0","0","0","0","0","0","0","0","0","0","0","0","0","0","0","0","0","0"
"12353","SRR17722646_CLEAN_REPAIRED_minContig2500_bin.4","1","1","0","1","0","0","0","1","1","1","1","1","0","1","1","1","1","0","0","0","1","0","0","0","0","0","0","0","0","0","0","0","0","0","0","0","0","0","0","0","0","0","0","0","0","0","0","0","0","0","0","0","0","0","0","0","0","0","0","0","0","0","0","0","0","0","0","0","0","0","0","0","0","0","0","0","0","0","0","0","0"
"12382","SRR17722647_CLEAN_REPAIRED_minContig2500_bin.3","1","1","0","1","0","0","0","1","1","1","1","1","0","1","1","1","1","0","0","0","1","0","0","0","0","0","0","0","0","0","0","0","0","0","0","0","0","0","0","0","0","0","0","0","0","0","0","0","0","0","0","0","0","0","0","0","0","0","0","0","0","0","0","0","0","0","0","0","0","0","0","0","0","0","0","0","0","0","0","0","0"
"12411","SRR17722648_CLEAN_REPAIRED_minContig2500_bin.1","1","1","0","1","0","0","0","1","1","1","1","1","0","1","1","1","1","0","0","0","1","0","0","0","0","0","0","0","0","0","0","0","0","0","0","0","0","0","0","0","0","0","0","0","0","0","0","0","0","0","0","0","0","0","0","0","0","0","0","0","0","0","0","0","0","0","0","0","0","0","0","0","0","0","0","0","0","0","0","0","0"
"12440","SRR17722649_CLEAN_REPAIRED_minContig2500_bin.1","1","1","0","1","0","0","0","1","1","1","1","1","0","1","1","1","1","0","0","0","1","0","0","0","0","0","0","0","0","0","0","0","0","0","0","0","0","0","0","0","0","0","0","0","0","0","0","0","0","0","0","0","0","0","0","0","0","0","0","0","0","0","0","0","0","0","0","0","0","0","0","0","0","0","0","0","0","0","0","0","0"
"12469","SRR17722650_CLEAN_REPAIRED_minContig2500_bin.1","1","1","0","1","0","0","0","1","1","1","1","1","0","1","1","1","1","0","0","0","1","0","0","0","0","0","0","0","0","0","0","0","0","0","0","0","0","0","0","0","0","0","0","0","0","0","0","0","0","0","0","0","0","0","0","0","0","0","0","0","0","0","0","0","0","0","0","0","0","0","0","0","0","0","0","0","0","0","0","0","0"
"12498","SRR17722651_CLEAN_REPAIRED_minContig2500_bin.1","1","1","0","1","0","0","0","1","1","1","1","1","0","1","1","1","1","0","0","0","1","0","0","0","0","0","0","0","0","0","0","0","0","0","0","0","0","0","0","0","0","0","0","0","0","0","0","0","0","0","0","0","0","0","0","0","0","0","0","0","0","0","0","0","0","0","0","0","0","0","0","0","0","0","0","0","0","0","0","0","0"
"12527","SRR17722652_CLEAN_REPAIRED_minContig2500_bin.1","1","0","0","1","1","0","0","1","1","1","1","1","1","1","1","1","1","0","1","0","0","1","0","0","0","0","0","0","0","0","0","0","0","0","1","0","1","1","0","1","0","1","0","0","0","0","0","0","0","0","0","0","0","0","0","0","0","0","0","0","0","0","0","0","0","0","0","0","0","0","0","0","0","0","0","0","0","0","0","0","0"
"12569","SRR17722653_CLEAN_REPAIRED_minContig2500_bin.1","1","1","0","1","0","0","0","1","1","1","1","1","0","1","1","1","1","0","0","0","1","0","0","0","0","0","0","0","0","0","0","0","0","0","0","0","0","0","0","0","0","0","0","0","0","0","0","0","0","0","0","0","0","0","0","0","0","0","0","0","0","0","0","0","0","0","0","0","0","0","0","0","0","0","0","0","0","0","0","0","0"
"12598","SRR17722654_CLEAN_REPAIRED_minContig2500_bin.3","1","1","0","1","0","0","0","1","1","1","1","1","0","1","1","1","1","0","0","0","1","0","0","0","0","0","0","0","0","0","0","0","0","0","0","0","0","0","0","0","0","0","0","0","0","0","0","0","0","0","0","0","0","0","0","0","0","0","0","0","0","0","0","0","0","0","0","0","0","0","0","0","0","0","0","0","0","0","0","0","0"
"12627","SRR17722655_CLEAN_REPAIRED_minContig2500_bin.2","1","1","0","1","0","0","0","1","1","1","1","1","0","1","1","1","1","0","0","0","1","0","0","0","0","0","0","0","0","0","0","0","0","0","0","0","0","0","0","0","0","0","0","0","0","0","0","0","0","0","0","0","0","0","0","0","0","0","0","0","0","0","0","0","0","0","0","0","0","0","0","0","0","0","0","0","0","0","0","0","0"
"12656","SRR17722656_CLEAN_REPAIRED_minContig2500_bin.1","0","0","0","0","0","0","0","1","1","1","1","1","0","1","1","1","1","0","0","0","1","0","0","0","0","0","0","0","0","0","0","0","0","0","0","0","0","0","0","0","0","0","0","0","0","0","0","0","0","0","0","0","0","0","0","0","0","0","0","0","0","0","0","0","0","0","0","0","0","0","0","0","0","0","0","0","0","0","0","0","0"
"12679","SRR17722659_CLEAN_REPAIRED_minContig2500_bin.3","1","1","0","1","0","0","0","1","1","1","1","1","0","1","1","1","1","0","0","0","1","0","0","0","0","0","0","0","0","0","0","0","0","0","0","0","0","0","0","0","0","0","0","0","0","0","0","0","0","0","0","0","0","0","0","0","0","0","0","0","0","0","0","0","0","0","0","0","0","0","0","0","0","0","0","0","0","0","0","0","0"
"12708","SRR17722660_CLEAN_REPAIRED_minContig2500_bin.2","0","0","0","0","0","0","0","1","1","1","1","1","0","1","1","1","1","0","0","0","1","0","0","0","0","0","0","0","0","0","0","0","0","0","0","0","0","0","0","0","0","0","0","0","0","0","0","0","0","0","0","0","0","0","0","0","0","0","0","0","0","0","0","0","0","0","0","0","0","0","0","0","0","0","0","0","0","0","0","0","0"
"12731","SRR17722661_CLEAN_REPAIRED_minContig2500_bin.1","1","1","1","1","1","0","0","1","1","1","0","1","1","1","1","1","1","0","1","1","0","1","0","0","0","0","0","0","0","0","0","1","0","0","0","0","0","0","0","0","0","1","0","0","0","0","0","0","0","0","0","0","0","0","0","0","0","0","0","0","0","0","0","0","0","0","0","0","0","0","0","0","0","0","0","0","0","0","0","0","0"
"12795","SRR17722663_CLEAN_REPAIRED_minContig2500_bin.1","1","0","0","1","1","0","0","1","1","1","1","1","1","1","1","1","1","0","0","0","0","1","0","0","0","0","0","0","0","0","0","0","0","0","1","0","1","1","0","1","0","1","0","0","0","0","0","0","0","0","0","0","0","0","0","0","0","0","0","0","0","0","0","0","0","0","0","0","0","0","0","0","0","0","0","0","0","0","0","0","0"
"12835","SRR17722665_CLEAN_REPAIRED_minContig2500_bin.4","1","1","1","1","1","0","0","1","1","1","1","1","1","1","1","1","1","0","1","1","0","1","0","0","0","0","0","0","0","0","0","0","0","0","0","0","0","0","0","0","0","0","0","0","0","0","0","0","0","0","0","0","0","0","0","0","0","0","0","0","0","0","0","0","0","0","0","0","0","0","0","0","0","0","0","0","0","0","0","0","0"
"12880","SRR17722666_CLEAN_REPAIRED_minContig2500_bin.1","1","1","1","1","1","0","0","1","1","1","1","1","1","1","1","1","1","0","1","1","0","1","0","0","0","0","0","0","0","0","0","1","0","0","0","0","0","0","0","0","0","0","0","0","0","0","0","0","0","0","0","0","0","0","0","0","0","0","0","0","0","0","0","0","0","0","0","0","0","0","0","0","0","0","0","0","0","0","0","0","0"
"12941","SRR17722667_CLEAN_REPAIRED_minContig2500_bin.6","1","1","1","1","1","0","0","1","1","1","1","1","1","1","1","1","1","0","1","1","0","1","0","0","0","0","0","0","0","0","0","0","0","0","0","0","0","0","0","0","0","0","0","0","0","0","0","0","0","0","0","0","0","0","0","0","0","0","0","0","0","0","0","0","0","0","0","0","0","0","0","0","0","0","0","0","0","0","0","0","0"
"12984","SRR17722668_CLEAN_REPAIRED_minContig2500_bin.1","1","1","1","1","1","0","0","1","1","1","1","1","1","1","1","1","1","0","1","1","0","1","0","0","0","0","0","0","0","0","0","0","0","0","0","0","0","0","0","0","0","0","0","0","0","0","0","0","0","0","0","0","0","0","0","0","0","0","0","0","0","0","0","0","0","0","0","0","0","0","0","0","0","0","0","0","0","0","0","0","0"
"13030","SRR17722669_CLEAN_REPAIRED_minContig2500_bin.1","1","1","1","1","1","0","0","1","1","1","1","1","1","1","1","1","1","0","1","1","0","1","0","0","0","0","0","0","0","0","0","0","0","0","0","0","0","0","0","0","0","0","0","0","0","0","0","0","0","0","0","0","0","0","0","0","0","0","0","0","0","0","0","0","0","0","0","0","0","0","0","0","0","0","0","0","0","0","0","0","0"
"13075","SRR17722673_CLEAN_REPAIRED_minContig2500_bin.5","0","0","0","0","0","1","1","1","1","1","1","1","0","1","1","1","1","0","1","0","0","0","0","1","1","1","1","0","1","1","1","0","0","0","0","0","0","0","0","0","0","0","0","0","0","0","0","0","0","0","0","0","0","0","0","0","0","0","0","0","0","0","0","0","0","0","0","0","0","0","0","0","0","0","0","0","0","0","0","0","0"
"13112","SRR17722675_CLEAN_REPAIRED_minContig2500_bin.1","0","0","0","0","0","1","1","1","1","1","1","1","0","1","1","1","1","0","1","0","0","0","0","1","1","1","1","0","1","1","1","0","0","0","0","0","0","0","0","0","0","0","0","0","0","0","0","0","0","0","0","0","0","0","0","0","0","0","0","0","0","0","0","0","0","0","0","0","0","0","0","0","0","0","0","0","0","0","0","0","0"
"13146","SRR17722676_CLEAN_REPAIRED_minContig2500_bin.7","0","0","0","0","0","1","1","1","1","1","1","1","0","1","1","1","1","0","1","0","0","0","0","1","1","1","1","0","1","1","1","0","0","0","0","0","0","0","0","0","0","0","0","0","0","0","0","0","0","0","0","0","0","0","0","0","0","0","0","0","0","0","0","0","0","0","0","0","0","0","0","0","0","0","0","0","0","0","0","0","0"
"13181","SRR17722677_CLEAN_REPAIRED_minContig2500_bin.2","0","0","0","0","0","1","1","1","1","1","1","1","0","1","1","1","1","0","1","0","0","0","0","1","1","1","1","0","1","1","1","0","0","0","0","0","0","0","0","0","0","0","0","0","0","0","0","0","0","0","0","0","0","0","0","0","0","0","0","0","0","0","0","0","0","0","0","0","0","0","0","0","0","0","0","0","0","0","0","0","0"
"13218","SRR17722678_CLEAN_REPAIRED_minContig2500_bin.2","1","0","0","1","1","0","0","1","1","1","1","1","1","1","1","1","1","0","0","0","0","1","0","0","0","0","0","0","0","0","0","0","0","0","1","0","1","1","0","1","0","1","0","0","0","0","0","0","0","0","0","0","0","0","0","0","0","0","0","0","0","0","0","0","0","0","0","0","0","0","0","0","0","0","0","0","0","0","0","0","0"
"13258","SRR17722679_CLEAN_REPAIRED_minContig2500_bin.7","0","0","0","0","0","1","1","1","1","1","1","0","0","1","1","1","1","1","1","0","0","0","0","1","1","1","1","0","1","1","1","0","0","0","0","0","0","0","0","0","0","0","0","0","0","0","0","0","0","0","0","0","0","0","0","0","0","0","0","0","0","0","0","0","0","0","0","0","0","0","0","0","0","0","0","0","0","0","0","0","0"
"13299","SRR17722680_CLEAN_REPAIRED_minContig2500_bin.7","0","0","0","0","0","1","1","1","1","1","1","1","0","1","1","1","1","1","1","0","0","0","0","1","1","1","1","0","1","1","1","0","0","0","0","0","0","0","0","0","0","0","0","0","0","0","0","0","0","0","0","0","0","0","0","0","0","0","0","0","0","0","0","0","0","0","0","0","0","0","0","0","0","0","0","0","0","0","0","0","0"
"13336","SRR17722681_CLEAN_REPAIRED_minContig2500_bin.1","1","1","0","0","1","0","0","1","1","1","1","1","1","1","1","1","1","0","0","1","0","1","1","0","0","0","0","0","0","0","0","0","0","0","0","0","0","0","0","0","0","0","0","0","0","0","0","0","0","0","0","0","0","0","0","0","0","0","0","0","0","0","0","0","0","0","0","0","0","0","0","0","0","0","0","0","0","0","0","0","0"
"13371","SRR17722684_CLEAN_REPAIRED_minContig2500_bin.7","1","1","0","0","1","0","0","1","1","1","1","1","1","1","1","1","1","0","0","1","0","1","1","0","0","0","0","0","0","0","0","0","0","0","0","0","0","0","0","0","0","0","0","0","0","0","0","0","0","0","0","0","0","0","0","0","0","0","0","0","0","0","0","0","0","0","0","0","0","0","0","0","0","0","0","0","0","0","0","0","0"
"13406","SRR17722685_CLEAN_REPAIRED_minContig2500_bin.5","1","1","0","0","1","0","0","1","1","1","1","1","1","1","1","1","1","0","0","1","0","1","1","0","0","0","0","0","0","0","0","0","0","0","0","0","0","0","0","0","0","0","0","0","0","0","0","0","0","0","0","0","0","0","0","0","0","0","0","0","0","0","0","0","0","0","0","0","0","0","0","0","0","0","0","0","0","0","0","0","0"
"13441","SRR17722686_CLEAN_REPAIRED_minContig2500_bin.3","1","1","0","0","1","0","0","1","1","1","1","1","1","1","1","0","1","0","0","1","0","1","0","0","0","0","0","0","0","0","0","0","0","0","0","0","0","0","0","0","0","1","0","0","0","0","0","0","0","0","0","0","0","0","0","0","0","0","0","0","0","0","0","0","0","0","0","0","0","0","0","0","0","0","0","0","0","0","0","0","0"
"13477","SRR17722688_CLEAN_REPAIRED_minContig2500_bin.6","1","1","0","0","1","0","0","1","1","1","1","1","1","1","1","1","1","0","0","1","0","1","1","0","0","0","0","0","0","0","0","0","0","0","0","0","0","0","0","0","0","0","0","0","0","0","0","0","0","0","0","0","0","0","0","0","0","0","0","0","0","0","0","0","0","0","0","0","0","0","0","0","0","0","0","0","0","0","0","0","0"
"13512","SRR17722689_CLEAN_REPAIRED_minContig2500_bin.2","1","0","0","1","1","0","0","1","1","1","1","1","1","1","1","1","1","0","0","0","0","1","0","0","0","0","0","0","0","0","0","0","0","0","1","0","1","1","0","1","0","1","0","0","0","0","0","0","0","0","0","0","0","0","0","0","0","0","0","0","0","0","0","0","0","0","0","0","0","0","0","0","0","0","0","0","0","0","0","0","0"
"13552","SRR17722690_CLEAN_REPAIRED_minContig2500_bin.5","1","1","0","0","1","0","0","1","1","1","1","1","1","1","1","1","1","0","0","1","0","1","1","0","0","0","0","0","0","0","0","0","0","0","0","0","0","0","0","0","0","0","0","0","0","0","0","0","0","0","0","0","0","0","0","0","0","0","0","0","0","0","0","0","0","0","0","0","0","0","0","0","0","0","0","0","0","0","0","0","0"
"13587","SRR17722691_CLEAN_REPAIRED_minContig2500_bin.4","1","1","0","0","1","0","0","1","1","1","1","1","1","1","1","1","1","0","0","1","0","1","1","0","0","0","0","0","0","0","0","0","0","0","0","0","0","0","0","0","0","0","0","0","0","0","0","0","0","0","0","0","0","0","0","0","0","0","0","0","0","0","0","0","0","0","0","0","0","0","0","0","0","0","0","0","0","0","0","0","0"
"13622","SRR17722692_CLEAN_REPAIRED_minContig2500_bin.3","1","1","0","0","1","0","0","1","1","1","1","1","1","1","1","1","1","0","0","1","0","1","1","0","0","0","0","0","0","0","0","0","0","0","0","0","0","0","0","0","0","0","0","0","0","0","0","0","0","0","0","0","0","0","0","0","0","0","0","0","0","0","0","0","0","0","0","0","0","0","0","0","0","0","0","0","0","0","0","0","0"
"13657","SRR17722693_CLEAN_REPAIRED_minContig2500_bin.10","1","1","0","0","1","0","0","1","1","1","1","1","1","1","1","1","1","0","0","1","0","1","1","0","0","0","0","0","0","0","0","0","0","0","0","0","0","0","0","0","0","0","0","0","0","0","0","0","0","0","0","0","0","0","0","0","0","0","0","0","0","0","0","0","0","0","0","0","0","0","0","0","0","0","0","0","0","0","0","0","0"
"13692","SRR17722694_CLEAN_REPAIRED_minContig2500_bin.4","1","1","0","0","1","0","0","1","1","1","1","1","1","1","1","1","1","0","0","1","0","1","1","0","0","0","0","0","0","0","0","0","0","0","0","0","0","0","0","0","0","0","0","0","0","0","0","0","0","0","0","0","0","0","0","0","0","0","0","0","0","0","0","0","0","0","0","0","0","0","0","0","0","0","0","0","0","0","0","0","0"
"13727","SRR17722695_CLEAN_REPAIRED_minContig2500_bin.5","1","1","0","0","1","0","0","1","1","1","1","1","1","1","1","1","1","0","0","1","0","1","0","0","0","0","0","0","0","0","0","0","0","0","0","0","0","0","0","0","0","0","0","0","0","0","0","0","0","0","0","0","0","0","0","0","0","0","0","0","0","0","0","0","0","0","0","0","0","0","0","0","0","0","0","0","0","0","0","0","0"
"13761","SRR17722696_CLEAN_REPAIRED_minContig2500_bin.6","1","1","0","0","1","0","0","1","1","1","1","1","1","1","1","1","1","0","0","1","0","1","1","0","0","0","0","0","0","0","0","0","0","0","0","0","0","0","0","0","0","0","0","0","0","0","0","0","0","0","0","0","0","0","0","0","0","0","0","0","0","0","0","0","0","0","0","0","0","0","0","0","0","0","0","0","0","0","0","0","0"
"13796","SRR17722697_CLEAN_REPAIRED_minContig2500_bin.1","1","1","0","0","1","0","0","1","1","1","1","1","1","1","1","1","1","0","0","1","0","1","1","0","0","0","0","0","0","0","0","0","0","0","0","0","0","0","0","0","0","0","0","0","0","0","0","0","0","0","0","0","0","0","0","0","0","0","0","0","0","0","0","0","0","0","0","0","0","0","0","0","0","0","0","0","0","0","0","0","0"
"13831","SRR17722698_CLEAN_REPAIRED_minContig2500_bin.4","1","1","0","0","1","0","0","0","0","0","0","1","1","1","1","1","1","0","0","0","0","1","0","0","0","0","0","0","0","0","0","0","0","0","0","0","0","0","0","0","0","0","0","0","0","0","0","0","0","0","0","0","0","0","0","0","0","0","0","0","0","0","0","0","0","0","0","0","0","0","0","0","0","0","0","0","0","0","0","0","0"
"13854","SRR17722699_CLEAN_REPAIRED_minContig2500_bin.6","1","1","0","0","1","0","0","1","1","1","1","1","1","1","1","1","1","0","0","1","0","1","1","0","0","0","0","0","0","0","0","0","0","0","0","0","0","0","0","0","0","0","0","0","0","0","0","0","0","0","0","0","0","0","0","0","0","0","0","0","0","0","0","0","0","0","0","0","0","0","0","0","0","0","0","0","0","0","0","0","0"
"13889","SRR17722700_CLEAN_REPAIRED_minContig2500_bin.1","1","0","0","1","1","0","0","1","1","1","1","1","1","1","1","1","1","0","0","0","0","1","0","0","0","0","0","0","0","0","0","0","0","0","0","0","0","0","0","0","0","1","0","0","0","0","0","0","0","0","0","0","0","0","0","0","0","0","0","0","0","0","0","0","0","0","0","0","0","0","0","0","0","0","0","0","0","0","0","0","0"
"13925","SRR17722701_CLEAN_REPAIRED_minContig2500_bin.3","1","1","0","0","1","0","0","1","1","1","1","1","1","1","1","1","1","0","0","1","0","1","1","0","0","0","0","0","0","0","0","0","0","0","0","0","0","0","0","0","0","0","0","0","0","0","0","0","0","0","0","0","0","0","0","0","0","0","0","0","0","0","0","0","0","0","0","0","0","0","0","0","0","0","0","0","0","0","0","0","0"
"13960","SRR17722703_CLEAN_REPAIRED_minContig2500_bin.6","1","1","0","1","1","1","1","1","0","1","1","1","1","1","1","1","1","0","0","1","0","1","0","1","0","1","0","1","0","0","0","0","0","0","0","0","0","0","0","0","0","0","1","0","0","0","0","0","0","0","0","0","0","0","0","0","0","0","0","0","0","0","0","0","0","0","0","0","0","0","0","0","0","0","0","0","0","0","0","0","0"
"14004","SRR17722704_CLEAN_REPAIRED_minContig2500_bin.1","1","1","0","1","1","1","1","1","1","1","1","0","0","1","1","0","1","0","1","0","0","1","0","1","0","1","0","1","0","0","0","0","0","0","0","0","0","0","0","0","0","1","1","0","0","0","0","0","0","0","0","0","0","0","0","0","0","0","0","0","0","0","0","0","0","0","0","0","0","0","0","0","0","0","0","0","0","0","0","0","0"
"14042","SRR17722708_CLEAN_REPAIRED_minContig2500_bin.1","0","0","0","0","1","1","0","1","1","1","1","0","1","1","1","1","1","0","1","0","0","1","0","0","0","0","0","1","0","0","0","0","0","0","0","0","0","0","0","0","0","0","1","0","0","0","0","0","0","0","0","0","0","0","0","0","0","0","0","0","0","0","0","0","0","0","0","0","0","0","0","0","0","0","0","0","0","0","0","0","0"
"14076","SRR17722710_CLEAN_REPAIRED_minContig2500_bin.10","0","1","1","1","1","1","1","1","1","1","1","1","1","1","1","1","1","0","0","0","0","1","0","1","0","1","0","0","0","0","0","0","0","0","0","0","0","0","0","0","0","0","1","0","0","0","0","0","0","0","0","0","0","0","0","0","0","0","0","0","0","0","0","0","0","0","0","0","0","0","0","0","0","0","0","0","0","0","0","0","0"
"14119","SRR17722711_CLEAN_REPAIRED_minContig2500_bin.11","1","1","1","1","1","0","0","0","1","1","1","1","1","1","1","1","1","0","1","1","0","1","0","0","0","0","0","0","0","0","0","0","0","0","0","0","0","0","0","0","0","0","0","0","0","0","0","0","0","0","0","0","0","0","0","0","0","0","0","0","0","0","0","0","0","0","0","0","0","0","0","0","0","0","0","0","0","0","0","0","0"
"14162","SRR17722714_CLEAN_REPAIRED_minContig2500_bin.3","1","1","0","1","1","1","1","1","1","1","1","1","1","1","1","1","1","0","0","0","0","1","0","1","0","1","0","1","0","0","0","0","0","0","0","0","0","0","0","0","0","0","1","0","0","0","0","0","0","0","0","0","0","0","0","0","0","0","0","0","0","0","0","0","0","0","0","0","0","0","0","0","0","0","0","0","0","0","0","0","0"
"14207","SRR17722715_CLEAN_REPAIRED_minContig2500_bin.6","0","1","0","1","1","1","1","1","1","1","1","1","1","1","1","1","1","0","1","1","0","1","0","1","0","1","0","1","0","0","0","0","0","0","0","0","0","0","0","0","0","1","1","0","0","0","0","0","0","0","0","0","0","0","0","0","0","0","0","0","0","0","0","0","0","0","0","0","0","0","0","0","0","0","0","0","0","0","0","0","0"
"14252","SRR17722716_CLEAN_REPAIRED_minContig2500_bin.6","0","1","0","1","1","1","1","1","1","1","1","1","1","1","1","1","1","0","1","0","0","1","0","1","0","1","0","1","0","0","0","0","0","0","0","0","0","0","0","0","0","0","1","0","0","0","0","0","0","0","0","0","0","0","0","0","0","0","0","0","0","0","0","0","0","0","0","0","0","0","0","0","0","0","0","0","0","0","0","0","0"
"14297","SRR17722719_CLEAN_REPAIRED_minContig2500_bin.2","1","1","0","1","1","1","1","1","1","1","1","1","1","1","1","1","1","0","0","0","0","1","0","1","0","1","0","1","0","1","0","0","0","0","0","0","0","0","0","0","0","0","1","0","0","0","0","0","0","0","0","0","0","0","0","0","0","0","0","0","0","0","0","0","0","0","0","0","0","0","0","0","0","0","0","0","0","0","0","0","0"
"14346","SRR17722720_CLEAN_REPAIRED_minContig2500_bin.6","1","1","0","1","1","1","1","1","1","1","1","1","1","1","1","1","1","0","1","0","0","1","0","1","0","1","0","1","0","0","0","0","0","0","0","0","0","0","0","0","0","0","1","0","0","0","0","0","0","0","0","0","0","0","0","0","0","0","0","0","0","0","0","0","0","0","0","0","0","0","0","0","0","0","0","0","0","0","0","0","0"
"14393","SRR17722721_CLEAN_REPAIRED_minContig2500_bin.7","1","1","0","1","1","1","1","1","1","1","1","1","1","1","1","1","1","0","0","0","0","1","0","1","0","1","0","1","0","0","0","0","0","0","0","0","0","0","0","0","0","0","1","0","0","0","0","0","0","0","0","0","0","0","0","0","0","0","0","0","0","0","0","0","0","0","0","0","0","0","0","0","0","0","0","0","0","0","0","0","0"
"14438","SRR17722722_CLEAN_REPAIRED_minContig2500_bin.7","1","1","0","1","1","1","1","1","1","1","1","1","1","1","1","1","1","0","1","0","0","1","0","1","0","1","0","1","0","0","0","0","0","0","0","0","0","0","0","0","0","0","1","0","0","0","0","0","0","0","0","0","0","0","0","0","0","0","0","0","0","0","0","0","0","0","0","0","0","0","0","0","0","0","0","0","0","0","0","0","0"
"14484","SRR17722723_CLEAN_REPAIRED_minContig2500_bin.1","0","0","0","0","0","1","1","1","1","1","1","1","0","1","1","1","1","0","1","0","0","0","0","1","1","1","1","1","1","1","1","0","0","0","0","0","0","0","0","0","0","0","0","0","0","0","0","0","0","0","0","0","0","0","0","0","0","0","0","0","0","0","0","0","0","0","0","0","0","0","0","0","0","0","0","0","0","0","0","0","0"
"14525","SRR17722724_CLEAN_REPAIRED_minContig2500_bin.8","0","0","0","0","0","1","1","1","1","1","1","1","0","1","1","1","1","0","1","0","0","0","0","1","1","1","1","1","1","1","1","0","0","0","0","0","0","0","0","0","0","0","0","0","0","0","0","0","0","0","0","0","0","0","0","0","0","0","0","0","0","0","0","0","0","0","0","0","0","0","0","0","0","0","0","0","0","0","0","0","0"
"14561","SRR17722725_CLEAN_REPAIRED_minContig2500_bin.7","0","0","0","0","0","1","1","1","1","1","1","1","0","1","1","1","1","1","1","0","0","0","0","1","1","1","1","1","1","1","1","1","0","0","0","0","0","0","0","0","0","0","0","0","0","0","0","0","0","0","0","0","0","0","0","0","0","0","0","0","0","0","0","0","0","0","0","0","0","0","0","0","0","0","0","0","0","0","0","0","0"
"14613","SRR17722726_CLEAN_REPAIRED_minContig2500_bin.5","0","0","0","0","0","1","1","1","1","1","1","1","0","1","1","1","1","0","1","0","0","0","0","1","1","1","1","1","1","1","1","1","1","0","0","0","0","0","0","0","0","0","0","0","0","0","0","0","0","0","0","0","0","0","0","0","0","0","0","0","0","0","0","0","0","0","0","0","0","0","0","0","0","0","0","0","0","0","0","0","0"
"14670","SRR17722727_CLEAN_REPAIRED_minContig2500_bin.4","0","0","0","0","0","1","1","1","1","1","1","1","0","1","1","1","1","0","1","0","0","0","0","1","1","1","1","1","1","1","1","0","0","0","0","0","0","0","0","0","0","0","0","0","0","0","0","0","0","0","0","0","0","0","0","0","0","0","0","0","0","0","0","0","0","0","0","0","0","0","0","0","0","0","0","0","0","0","0","0","0"
"14706","SRR17722728_CLEAN_REPAIRED_minContig2500_bin.3","0","0","0","0","0","1","1","1","1","1","1","1","0","1","1","1","1","0","1","0","0","0","0","1","1","1","1","1","1","1","1","0","0","0","0","0","0","0","0","0","0","0","0","0","0","0","0","0","0","0","0","0","0","0","0","0","0","0","0","0","0","0","0","0","0","0","0","0","0","0","0","0","0","0","0","0","0","0","0","0","0"
"14742","SRR17722731_CLEAN_REPAIRED_minContig2500_bin.1","0","0","0","0","0","1","1","1","1","1","1","1","0","1","1","1","1","1","1","0","0","0","0","1","1","1","1","1","1","1","1","0","0","0","0","0","0","0","0","0","0","0","0","0","0","0","0","0","0","0","0","0","0","0","0","0","0","0","0","0","0","0","0","0","0","0","0","0","0","0","0","0","0","0","0","0","0","0","0","0","0"
"14779","SRR17722732_CLEAN_REPAIRED_minContig2500_bin.2","0","0","0","0","0","1","1","1","1","1","1","1","0","1","1","1","1","1","1","0","0","0","0","1","1","1","1","1","1","1","1","0","0","0","0","0","0","0","0","0","0","0","0","0","0","0","0","0","0","0","0","0","0","0","0","0","0","0","0","0","0","0","0","0","0","0","0","0","0","0","0","0","0","0","0","0","0","0","0","0","0"
"14819","SRR17722733_CLEAN_REPAIRED_minContig2500_bin.10","0","0","0","0","0","1","1","1","1","1","1","1","0","1","1","1","1","1","1","0","0","0","0","1","1","1","1","1","1","1","1","0","0","0","0","0","0","0","0","0","0","0","0","0","0","0","0","0","0","0","0","0","0","0","0","0","0","0","0","0","0","0","0","0","0","0","0","0","0","0","0","0","0","0","0","0","0","0","0","0","0"
"14854","SRR17722741_CLEAN_REPAIRED_minContig2500_bin.6","1","1","0","0","1","0","0","0","1","1","1","1","1","1","1","0","1","0","0","1","0","1","1","0","0","0","0","0","0","0","0","0","0","0","0","0","0","0","0","0","0","1","0","0","0","0","0","0","0","0","0","0","0","0","0","0","0","0","0","0","0","0","0","0","0","0","0","0","0","0","0","0","0","0","0","0","0","0","0","0","0"
"14881","SRR17722743_CLEAN_REPAIRED_minContig2500_bin.11","1","1","0","0","1","0","0","1","1","1","1","1","1","1","1","1","1","1","0","1","0","1","1","0","0","0","0","0","0","0","0","0","0","0","0","0","0","0","0","0","0","1","0","0","0","0","0","0","0","0","0","0","0","0","0","0","0","0","0","0","0","0","0","0","0","0","0","0","0","0","0","0","0","0","0","0","0","0","0","0","0"
"14916","SRR17722744_CLEAN_REPAIRED_minContig2500_bin.1","1","1","0","0","1","0","0","1","1","1","1","1","1","1","1","1","1","0","0","1","0","1","1","0","0","0","0","0","0","0","0","0","0","0","0","0","0","0","0","0","0","0","0","0","0","0","0","0","0","0","0","0","0","0","0","0","0","0","0","0","0","0","0","0","0","0","0","0","0","0","0","0","0","0","0","0","0","0","0","0","0"
"14947","SRR17722746_CLEAN_REPAIRED_minContig2500_bin.1","1","1","0","0","1","0","0","1","1","1","1","1","1","1","1","1","1","1","0","1","0","1","1","0","0","0","0","0","0","0","0","0","0","0","0","0","0","0","0","0","0","1","0","0","0","0","0","0","0","0","0","0","0","0","0","0","0","0","0","0","0","0","0","0","0","0","0","0","0","0","0","0","0","0","0","0","0","0","0","0","0"
"14980","SRR17722748_CLEAN_REPAIRED_minContig2500_bin.2","1","1","0","1","0","0","0","1","1","1","1","1","1","1","1","1","1","0","1","1","1","0","0","0","0","0","0","0","0","0","0","0","0","0","0","0","0","0","0","0","0","0","0","0","0","0","0","0","0","0","0","0","0","0","0","0","0","0","0","0","0","0","0","0","0","0","0","0","0","0","0","0","0","0","0","0","0","0","0","0","0"
"15025","SRR17722749_CLEAN_REPAIRED_minContig2500_bin.1","1","1","0","1","0","0","0","1","1","1","1","1","1","1","1","1","1","0","1","1","1","0","0","0","0","0","0","0","0","0","0","0","0","0","0","0","0","0","0","0","0","0","0","0","0","0","0","0","0","0","0","0","0","0","0","0","0","0","0","0","0","0","0","0","0","0","0","0","0","0","0","0","0","0","0","0","0","0","0","0","0"
"15065","SRR17722750_CLEAN_REPAIRED_minContig2500_bin.1","1","1","0","1","0","0","0","1","1","1","1","1","1","1","1","1","1","0","1","1","1","0","0","0","0","0","0","0","0","0","0","0","0","0","0","0","0","0","0","0","0","0","0","0","0","0","0","0","0","0","0","0","0","0","0","0","0","0","0","0","0","0","0","0","0","0","0","0","0","0","0","0","0","0","0","0","0","0","0","0","0"
"15106","SRR17722752_CLEAN_REPAIRED_minContig2500_bin.2","1","1","0","1","0","0","0","1","1","1","1","1","1","1","1","1","1","0","1","1","1","0","0","0","0","0","0","0","0","0","0","0","0","0","0","0","0","0","0","0","0","0","0","0","0","0","0","0","0","0","0","0","0","0","0","0","0","0","0","0","0","0","0","0","0","0","0","0","0","0","0","0","0","0","0","0","0","0","0","0","0"
"15146","SRR17722753_CLEAN_REPAIRED_minContig2500_bin.4","0","0","0","0","0","0","0","1","1","1","1","1","1","0","0","0","0","0","1","1","0","0","0","0","0","0","0","0","0","0","0","0","0","0","0","0","0","0","0","0","0","0","0","0","0","0","0","0","0","0","0","0","0","0","0","0","0","0","0","0","0","0","0","0","0","0","0","0","0","0","0","0","0","0","0","0","0","0","0","0","0"
"15162","SRR17722755_CLEAN_REPAIRED_minContig2500_bin.4","1","1","0","1","0","0","0","1","1","1","1","1","1","1","1","1","1","0","1","1","1","0","0","0","0","0","0","0","0","0","0","0","0","0","0","0","0","0","0","0","0","0","0","0","0","0","0","0","0","0","0","0","0","0","0","0","0","0","0","0","0","0","0","0","0","0","0","0","0","0","0","0","0","0","0","0","0","0","0","0","0"
"15196","SRR17722757_CLEAN_REPAIRED_minContig2500_bin.4","1","1","0","1","0","0","0","1","1","1","1","1","1","1","1","1","1","0","1","1","1","0","0","0","0","0","0","0","0","0","0","0","0","0","0","0","0","0","0","0","0","0","0","0","0","0","0","0","0","0","0","0","0","0","0","0","0","0","0","0","0","0","0","0","0","0","0","0","0","0","0","0","0","0","0","0","0","0","0","0","0"
"15231","SRR17722758_CLEAN_REPAIRED_minContig2500_bin.5","1","1","0","1","0","0","0","1","1","1","1","1","1","1","1","1","1","0","1","1","1","0","0","0","0","0","0","0","0","0","0","0","0","0","0","0","0","0","0","0","0","0","0","0","0","0","0","0","0","0","0","0","0","0","0","0","0","0","0","0","0","0","0","0","0","0","0","0","0","0","0","0","0","0","0","0","0","0","0","0","0"
"15276","SRR17722759_CLEAN_REPAIRED_minContig2500_bin.1","1","1","0","1","0","0","0","1","1","1","1","1","1","1","1","1","1","0","1","1","1","0","0","0","0","0","0","0","0","0","0","0","0","0","0","0","0","0","0","0","0","0","0","0","0","0","0","0","0","0","0","0","0","0","0","0","0","0","0","0","0","0","0","0","0","0","0","0","0","0","0","0","0","0","0","0","0","0","0","0","0"
"15311","SRR17722760_CLEAN_REPAIRED_minContig2500_bin.5","1","1","0","1","0","0","0","1","1","1","1","1","1","1","1","1","1","0","1","1","1","0","0","0","0","0","0","0","0","0","0","0","0","0","0","0","0","0","0","0","0","0","0","0","0","0","0","0","0","0","0","0","0","0","0","0","0","0","0","0","0","0","0","0","0","0","0","0","0","0","0","0","0","0","0","0","0","0","0","0","0"
"15345","SRR17722761_CLEAN_REPAIRED_minContig2500_bin.4","1","1","0","1","0","0","0","1","0","1","1","1","0","1","1","1","1","0","0","0","1","0","0","0","0","0","0","0","0","1","0","0","0","0","0","0","0","0","0","0","0","0","0","0","0","0","0","0","0","0","0","0","0","0","0","0","0","0","0","0","0","0","0","0","0","0","0","0","0","0","0","0","0","0","0","0","0","0","0","0","0"
"15374","SRR17722764_CLEAN_REPAIRED_minContig2500_bin.2","1","1","0","1","0","0","0","1","1","1","1","1","0","1","1","1","1","0","0","0","1","0","0","0","0","0","0","0","0","0","0","0","0","0","0","0","0","0","0","0","0","0","0","0","0","0","0","0","0","0","0","0","0","0","0","0","0","0","0","0","0","0","0","0","0","0","0","0","0","0","0","0","0","0","0","0","0","0","0","0","0"
"15403","SRR17722765_CLEAN_REPAIRED_minContig2500_bin.2","1","1","0","1","0","0","0","1","1","1","1","1","0","1","1","1","1","0","0","0","1","0","0","0","0","0","0","0","0","0","0","0","0","0","0","0","0","0","0","0","0","0","0","0","0","0","0","0","0","0","0","0","0","0","0","0","0","0","0","0","0","0","0","0","0","0","0","0","0","0","0","0","0","0","0","0","0","0","0","0","0"
"15432","SRR17722766_CLEAN_REPAIRED_minContig2500_bin.1","1","1","0","1","0","0","0","1","1","1","1","1","0","1","1","1","1","0","0","0","1","0","0","0","0","0","0","0","0","0","0","0","0","0","0","0","0","0","0","0","0","0","0","0","0","0","0","0","0","0","0","0","0","0","0","0","0","0","0","0","0","0","0","0","0","0","0","0","0","0","0","0","0","0","0","0","0","0","0","0","0"
"15461","SRR17722767_CLEAN_REPAIRED_minContig2500_bin.4","1","1","0","1","0","0","0","1","1","1","1","1","0","1","1","1","1","0","0","0","1","0","0","0","0","0","0","0","0","0","0","0","0","0","0","0","0","0","0","0","0","0","0","0","0","0","0","0","0","0","0","0","0","0","0","0","0","0","0","0","0","0","0","0","0","0","0","0","0","0","0","0","0","0","0","0","0","0","0","0","0"
"15490","SRR17722768_CLEAN_REPAIRED_minContig2500_bin.3","1","1","0","1","0","0","0","1","1","1","1","1","0","1","1","1","1","0","0","0","1","0","0","0","0","0","0","0","0","0","0","0","0","0","0","0","0","0","0","0","0","0","0","0","0","0","0","0","0","0","0","0","0","0","0","0","0","0","0","0","0","0","0","0","0","0","0","0","0","0","0","0","0","0","0","0","0","0","0","0","0"
"15519","SRR17722771_CLEAN_REPAIRED_minContig2500_bin.2","1","1","0","1","0","0","0","1","1","1","1","1","0","1","1","1","1","0","0","0","1","0","0","0","0","0","0","0","0","0","0","0","0","0","0","0","0","0","0","0","0","0","0","0","0","0","0","0","0","0","0","0","0","0","0","0","0","0","0","0","0","0","0","0","0","0","0","0","0","0","0","0","0","0","0","0","0","0","0","0","0"
"15548","SRR17722772_CLEAN_REPAIRED_minContig2500_bin.4","1","1","0","1","0","0","0","1","1","1","1","1","0","1","1","1","1","0","0","0","1","0","0","0","0","0","0","0","0","0","0","0","0","0","0","0","0","0","0","0","0","1","0","0","0","0","0","0","0","0","0","0","0","0","0","0","0","0","0","0","0","0","0","0","0","0","0","0","0","0","0","0","0","0","0","0","0","0","0","0","0"
"15581","SRR17722774_CLEAN_REPAIRED_minContig2500_bin.1","1","1","0","1","0","0","0","0","1","1","1","1","0","1","1","1","1","0","0","0","1","0","0","0","0","0","0","0","0","1","0","0","0","0","0","0","0","0","0","0","0","0","0","0","0","0","0","0","0","0","0","0","0","0","0","0","0","0","0","0","0","0","0","0","0","0","0","0","0","0","0","0","0","0","0","0","0","0","0","0","0"
"15611","SRR17722775_CLEAN_REPAIRED_minContig2500_bin.2","1","1","0","1","0","0","0","1","1","1","1","1","0","1","1","0","1","0","0","0","1","0","0","0","0","0","0","0","0","0","0","0","0","0","0","0","0","0","0","0","0","1","0","0","0","0","0","0","0","0","0","0","0","0","0","0","0","0","0","0","0","0","0","0","0","0","0","0","0","0","0","0","0","0","0","0","0","0","0","0","0"
"15642","SRR17722777_CLEAN_REPAIRED_minContig2500_bin.4","1","1","0","1","0","0","0","1","1","1","1","1","0","1","1","1","1","0","0","0","1","0","0","0","0","0","0","0","0","0","0","0","0","0","0","0","0","0","0","0","0","0","0","0","0","0","0","0","0","0","0","0","0","0","0","0","0","0","0","0","0","0","0","0","0","0","0","0","0","0","0","0","0","0","0","0","0","0","0","0","0"
"15675","SRR17722778_CLEAN_REPAIRED_minContig2500_bin.3","1","1","0","1","0","0","0","1","1","1","1","1","0","1","1","1","1","0","0","0","1","0","0","0","0","0","0","0","0","0","0","0","0","0","0","0","0","0","0","0","0","0","0","0","0","0","0","0","0","0","0","0","0","0","0","0","0","0","0","0","0","0","0","0","0","0","0","0","0","0","0","0","0","0","0","0","0","0","0","0","0"
"15704","SRR17722779_CLEAN_REPAIRED_minContig2500_bin.8","1","1","0","1","0","0","0","1","1","1","1","1","0","1","1","1","1","0","0","0","1","0","0","0","0","0","0","0","0","1","0","0","0","0","0","0","0","0","0","0","0","0","0","0","0","0","0","0","0","0","0","0","0","0","0","0","0","0","0","0","0","0","0","0","0","0","0","0","0","0","0","0","0","0","0","0","0","0","0","0","0"
"15740","SRR17722780_CLEAN_REPAIRED_minContig2500_bin.8","0","0","0","0","0","0","0","1","1","1","1","0","0","1","1","1","1","0","0","0","1","0","0","0","0","0","0","0","0","1","0","0","0","0","0","0","0","0","0","0","0","0","0","0","0","0","0","0","0","0","0","0","0","0","0","0","0","0","0","0","0","0","0","0","0","0","0","0","0","0","0","0","0","0","0","0","0","0","0","0","0"
"15764","SRR17722790_CLEAN_REPAIRED_minContig2500_bin.1","1","1","0","1","0","0","0","0","1","1","1","1","0","1","1","1","0","0","0","0","0","0","0","0","0","0","0","0","0","1","0","0","0","0","0","0","0","0","0","0","0","1","0","0","0","0","0","0","0","0","0","0","0","0","0","0","0","0","0","0","0","0","0","0","0","0","0","0","0","0","0","0","0","0","0","0","0","0","0","0","0"
"15791","SRR17722791_CLEAN_REPAIRED_minContig2500_bin.3","1","1","0","1","0","0","0","1","1","1","1","1","0","1","1","1","1","0","0","0","1","0","0","0","0","0","0","0","0","0","0","0","0","0","0","0","0","0","0","0","0","0","0","0","0","0","0","0","0","0","0","0","0","0","0","0","0","0","0","0","0","0","0","0","0","0","0","0","0","0","0","0","0","0","0","0","0","0","0","0","0"
"15820","SRR17722792_CLEAN_REPAIRED_minContig2500_bin.1","1","1","0","1","0","0","0","1","1","1","1","1","0","1","1","1","1","0","0","0","1","0","0","0","0","0","0","0","0","0","0","0","0","0","0","0","0","0","0","0","0","0","0","0","0","0","0","0","0","0","0","0","0","0","0","0","0","0","0","0","0","0","0","0","0","0","0","0","0","0","0","0","0","0","0","0","0","0","0","0","0"
"15849","SRR17722795_CLEAN_REPAIRED_minContig2500_bin.1","1","1","0","0","1","0","0","1","1","1","1","1","1","1","1","1","1","0","0","1","0","1","1","0","0","0","0","0","0","0","0","0","0","0","0","0","0","0","0","0","0","0","0","0","0","0","0","0","0","0","0","0","0","0","0","0","0","0","0","0","0","0","0","0","0","0","0","0","0","0","0","0","0","0","0","0","0","0","0","0","0"
"15882","SRR17722797_CLEAN_REPAIRED_minContig2500_bin.2","1","1","0","1","0","0","0","1","1","1","1","1","0","1","1","1","1","0","0","0","1","0","0","0","0","0","0","0","0","0","0","0","0","0","0","0","0","0","0","0","0","0","0","0","0","0","0","0","0","0","0","0","0","0","0","0","0","0","0","0","0","0","0","0","0","0","0","0","0","0","0","0","0","0","0","0","0","0","0","0","0"
"15911","SRR17722798_CLEAN_REPAIRED_minContig2500_bin.1","1","1","0","1","1","0","0","1","1","1","1","1","1","1","1","1","1","0","0","1","0","1","0","0","0","0","0","0","0","1","0","0","0","0","0","0","0","0","0","0","0","0","0","0","0","0","0","0","0","0","0","0","0","0","0","0","0","0","0","0","0","0","0","0","0","0","0","0","0","0","0","0","0","0","0","0","0","0","0","0","0"
"15952","SRR17722799_CLEAN_REPAIRED_minContig2500_bin.2","1","1","0","1","1","0","0","1","1","1","1","1","1","1","1","1","1","0","1","1","0","1","0","0","0","0","0","0","0","1","0","0","0","0","0","0","0","0","0","0","0","0","0","0","0","0","0","0","0","0","0","0","0","0","0","0","0","0","0","0","0","0","0","0","0","0","0","0","0","0","0","0","0","0","0","0","0","0","0","0","0"
"15996","SRR17722804_CLEAN_REPAIRED_minContig2500_bin.3","1","0","0","1","1","0","0","1","1","1","1","1","1","1","1","1","1","1","0","0","0","1","0","0","0","0","0","0","0","0","0","0","0","0","0","0","0","0","0","0","0","1","0","0","0","0","0","0","0","0","0","0","0","0","0","0","0","0","0","0","0","0","0","0","0","0","0","0","0","0","0","0","0","0","0","0","0","0","0","0","0"
"16033","SRR17722806_CLEAN_REPAIRED_minContig2500_bin.2","1","1","0","1","1","0","0","1","1","1","1","1","1","1","1","1","1","0","1","1","0","1","0","0","0","0","0","0","0","1","0","0","0","0","0","0","0","0","0","0","0","1","0","0","0","0","0","0","0","0","0","0","0","0","0","0","0","0","0","0","0","0","0","0","0","0","0","0","0","0","0","0","0","0","0","0","0","0","0","0","0"
"16077","SRR17722808_CLEAN_REPAIRED_minContig2500_bin.3","1","1","0","1","0","1","1","1","1","1","1","1","0","1","1","1","1","0","1","0","1","0","0","0","1","0","0","1","0","0","0","0","0","0","0","0","0","0","0","0","0","0","0","0","0","0","0","0","0","0","0","0","0","0","0","0","0","0","0","0","0","0","0","0","0","0","0","0","0","0","0","0","0","0","0","0","0","0","0","0","0"
"16113","SRR17722809_CLEAN_REPAIRED_minContig2500_bin.5","0","0","0","0","0","1","1","1","1","1","1","1","0","1","1","1","1","0","1","0","1","0","0","0","1","0","0","1","0","0","0","0","0","0","0","0","0","0","0","0","0","0","0","0","0","0","0","0","0","0","0","0","0","0","0","0","0","0","0","0","0","0","0","0","0","0","0","0","0","0","0","0","0","0","0","0","0","0","0","0","0"
"16143","SRR17722810_CLEAN_REPAIRED_minContig2500_bin.2","1","1","0","1","0","1","1","1","1","1","1","1","0","1","1","1","1","0","1","0","1","0","0","0","1","0","0","1","0","0","0","0","0","0","0","0","0","0","0","0","0","0","0","0","0","0","0","0","0","0","0","0","0","0","0","0","0","0","0","0","0","0","0","0","0","0","0","0","0","0","0","0","0","0","0","0","0","0","0","0","0"
"16180","SRR17722811_CLEAN_REPAIRED_minContig2500_bin.2","1","1","0","1","0","1","1","1","1","1","1","1","0","1","1","1","1","0","1","0","1","0","0","0","1","0","0","1","0","0","0","0","0","0","0","0","0","0","0","0","0","1","0","0","0","0","0","0","0","0","0","0","0","0","0","0","0","0","0","0","0","0","0","0","0","0","0","0","0","0","0","0","0","0","0","0","0","0","0","0","0"
"16217","SRR17722812_CLEAN_REPAIRED_minContig2500_bin.1","1","1","0","1","0","1","1","1","1","1","1","1","0","1","1","1","1","0","1","0","1","0","0","0","1","0","0","1","0","0","0","0","0","0","0","0","0","0","0","0","0","0","0","0","0","0","0","0","0","0","0","0","0","0","0","0","0","0","0","0","0","0","0","0","0","0","0","0","0","0","0","0","0","0","0","0","0","0","0","0","0"
"16253","SRR17722813_CLEAN_REPAIRED_minContig2500_bin.1","1","1","0","1","0","1","1","1","1","1","1","1","0","1","1","1","1","0","1","0","1","0","0","0","1","0","0","1","0","0","0","0","0","0","0","0","0","0","0","0","0","0","0","0","0","0","0","0","0","0","0","0","0","0","0","0","0","0","0","0","0","0","0","0","0","0","0","0","0","0","0","0","0","0","0","0","0","0","0","0","0"
"16289","SRR17722814_CLEAN_REPAIRED_minContig2500_bin.4","1","1","0","1","0","1","1","1","1","1","1","1","0","1","1","1","1","0","1","0","1","0","0","0","1","0","0","1","0","0","0","0","0","0","0","0","0","0","0","0","0","0","0","0","0","0","0","0","0","0","0","0","0","0","0","0","0","0","0","0","0","0","0","0","0","0","0","0","0","0","0","0","0","0","0","0","0","0","0","0","0"
"16326","SRR17722815_CLEAN_REPAIRED_minContig2500_bin.3","1","0","0","1","1","0","0","1","1","1","1","1","1","1","1","1","1","0","0","0","0","1","0","0","0","0","0","0","0","0","0","0","0","0","0","0","0","0","0","0","0","1","0","0","0","0","0","0","0","0","0","0","0","0","0","0","0","0","0","0","0","0","0","0","0","0","0","0","0","0","0","0","0","0","0","0","0","0","0","0","0"
"16362","SRR17722817_CLEAN_REPAIRED_minContig2500_bin.1","1","1","0","1","0","1","1","0","1","1","0","1","0","1","1","1","1","0","1","0","1","0","0","0","1","0","0","1","0","0","0","0","0","0","0","0","0","0","0","0","0","0","0","0","0","0","0","0","0","0","0","0","0","0","0","0","0","0","0","0","0","0","0","0","0","0","0","0","0","0","0","0","0","0","0","0","0","0","0","0","0"
"16394","SRR17722818_CLEAN_REPAIRED_minContig2500_bin.1","0","0","0","0","0","1","1","1","1","1","1","0","0","0","0","0","0","0","1","0","0","0","0","0","1","0","0","1","0","0","0","0","0","0","0","0","0","0","0","0","0","0","0","0","0","0","0","0","0","0","0","0","0","0","0","0","0","0","0","0","0","0","0","0","0","0","0","0","0","0","0","0","0","0","0","0","0","0","0","0","0"
"16410","SRR17722819_CLEAN_REPAIRED_minContig2500_bin.6","1","1","0","1","0","1","1","1","1","1","1","1","0","1","1","1","1","0","1","0","1","0","0","0","1","0","0","1","0","0","0","0","0","0","0","0","0","0","0","0","0","0","0","0","0","0","0","0","0","0","0","0","0","0","0","0","0","0","0","0","0","0","0","0","0","0","0","0","0","0","0","0","0","0","0","0","0","0","0","0","0"
"16447","SRR17722820_CLEAN_REPAIRED_minContig2500_bin.2","1","1","0","1","0","1","1","1","1","1","1","1","0","1","1","1","1","0","1","0","1","0","0","0","1","0","0","1","0","0","0","0","0","0","0","0","0","0","0","0","0","0","0","0","0","0","0","0","0","0","0","0","0","0","0","0","0","0","0","0","0","0","0","0","0","0","0","0","0","0","0","0","0","0","0","0","0","0","0","0","0"
"16483","SRR17722821_CLEAN_REPAIRED_minContig2500_bin.7","1","1","0","1","0","1","1","1","1","1","1","1","0","1","1","1","1","0","1","0","1","0","0","0","1","0","0","1","0","0","0","0","0","0","0","0","0","0","0","0","0","0","0","0","0","0","0","0","0","0","0","0","0","0","0","0","0","0","0","0","0","0","0","0","0","0","0","0","0","0","0","0","0","0","0","0","0","0","0","0","0"
"16519","SRR17722822_CLEAN_REPAIRED_minContig2500_bin.1","1","1","0","1","1","0","0","1","1","1","1","1","1","1","1","1","1","0","1","1","0","1","0","0","0","0","0","0","0","0","0","0","0","0","0","0","0","0","0","0","0","0","0","1","0","0","0","0","0","0","0","0","0","0","0","0","0","0","0","0","0","0","0","0","0","0","0","0","0","0","0","0","0","0","0","0","0","0","0","0","0"
"16556","SRR17722829_CLEAN_REPAIRED_minContig2500_bin.2","1","1","0","1","1","0","0","1","1","1","1","1","1","1","1","1","1","0","1","1","0","1","0","0","0","0","0","0","0","0","0","0","0","0","0","0","0","0","0","0","0","0","0","1","0","0","0","0","0","0","0","0","0","0","0","0","0","0","0","0","0","0","0","0","0","0","0","0","0","0","0","0","0","0","0","0","0","0","0","0","0"
"16600","SRR17722830_CLEAN_REPAIRED_minContig2500_bin.1","1","1","1","1","1","0","0","1","1","1","1","1","1","1","1","1","1","0","1","1","0","1","0","0","0","0","0","0","0","0","0","1","0","0","0","0","0","0","0","0","0","0","0","0","0","0","0","0","0","0","0","0","0","0","0","0","0","0","0","0","0","0","0","0","0","0","0","0","0","0","0","0","0","0","0","0","0","0","0","0","0"
"16660","SRR17722831_CLEAN_REPAIRED_minContig2500_bin.1","1","1","1","1","1","0","0","1","1","1","1","1","1","1","1","1","1","0","1","1","0","1","0","0","0","0","0","0","0","0","0","0","0","0","0","0","0","0","0","0","0","0","0","0","0","0","0","0","0","0","0","0","0","0","0","0","0","0","0","0","0","0","0","0","0","0","0","0","0","0","0","0","0","0","0","0","0","0","0","0","0"
"16705","SRR17722832_CLEAN_REPAIRED_minContig2500_bin.2","1","1","1","1","1","0","0","1","1","1","1","1","1","1","1","1","1","0","1","1","0","1","0","0","0","0","0","0","0","0","0","0","0","0","0","0","0","0","0","0","0","0","0","0","0","0","0","0","0","0","0","0","0","0","0","0","0","0","0","0","0","0","0","0","0","0","0","0","0","0","0","0","0","0","0","0","0","0","0","0","0"
"16750","SRR17722833_CLEAN_REPAIRED_minContig2500_bin.1","1","1","1","1","1","0","0","1","1","1","1","1","1","1","1","1","1","0","1","1","0","1","0","0","0","0","0","0","0","0","0","0","0","0","0","0","0","0","0","0","0","0","0","0","0","0","0","0","0","0","0","0","0","0","0","0","0","0","0","0","0","0","0","0","0","0","0","0","0","0","0","0","0","0","0","0","0","0","0","0","0"
"16793","SRR17722834_CLEAN_REPAIRED_minContig2500_bin.1","1","0","0","1","1","0","0","1","1","1","1","1","1","1","1","1","1","0","0","0","0","1","0","0","0","0","0","0","0","0","0","0","0","0","1","0","1","1","0","1","0","1","0","0","0","0","0","0","0","0","0","0","0","0","0","0","0","0","0","0","0","0","0","0","0","0","0","0","0","0","0","0","0","0","0","0","0","0","0","0","0"
"16833","SRR17722835_CLEAN_REPAIRED_minContig2500_bin.1","1","1","1","1","1","0","0","1","1","1","1","1","1","1","1","1","1","0","1","1","0","1","0","0","0","0","0","0","0","0","0","0","0","0","0","0","0","0","0","0","0","0","0","0","0","0","0","0","0","0","0","0","0","0","0","0","0","0","0","0","0","0","0","0","0","0","0","0","0","0","0","0","0","0","0","0","0","0","0","0","0"
"16875","SRR17722836_CLEAN_REPAIRED_minContig2500_bin.1","1","1","1","1","1","0","0","1","1","1","1","1","1","1","1","1","1","0","1","1","0","1","0","0","0","0","0","0","0","0","0","0","0","0","0","0","0","0","0","0","0","0","0","0","0","0","0","0","0","0","0","0","0","0","0","0","0","0","0","0","0","0","0","0","0","0","0","0","0","0","0","0","0","0","0","0","0","0","0","0","0"
"16917","SRR17722837_CLEAN_REPAIRED_minContig2500_bin.2","1","1","1","1","1","0","0","1","1","1","1","1","1","1","1","1","1","0","1","1","0","1","0","0","0","0","0","0","0","0","0","0","0","0","0","0","0","0","0","0","0","0","0","0","0","0","0","0","0","0","0","0","0","0","0","0","0","0","0","0","0","0","0","0","0","0","0","0","0","0","0","0","0","0","0","0","0","0","0","0","0"
"16960","SRR17722838_CLEAN_REPAIRED_minContig2500_bin.2","1","1","1","1","1","0","0","1","1","1","1","1","1","1","1","1","1","0","1","1","0","1","0","0","0","0","0","0","0","0","0","0","0","0","0","0","0","0","0","0","0","0","0","0","0","0","0","0","0","0","0","0","0","0","0","0","0","0","0","0","0","0","0","0","0","0","0","0","0","0","0","0","0","0","0","0","0","0","0","0","0"
"17002","SRR17722839_CLEAN_REPAIRED_minContig2500_bin.2","1","1","1","1","1","0","0","1","1","1","1","1","1","1","1","1","1","0","1","1","0","1","0","0","0","0","0","0","0","0","0","0","0","0","0","0","0","0","0","0","0","0","0","0","0","0","0","0","0","0","0","0","0","0","0","0","0","0","0","0","0","0","0","0","0","0","0","0","0","0","0","0","0","0","0","0","0","0","0","0","0"
"17049","SRR17722840_CLEAN_REPAIRED_minContig2500_bin.1","1","1","1","1","1","0","0","1","1","1","1","1","1","1","1","1","1","0","1","1","0","1","0","0","0","0","0","0","0","0","0","0","0","0","0","0","0","0","0","0","0","0","0","0","0","0","0","0","0","0","0","0","0","0","0","0","0","0","0","0","0","0","0","0","0","0","0","0","0","0","0","0","0","0","0","0","0","0","0","0","0"
"17092","SRR17722841_CLEAN_REPAIRED_minContig2500_bin.1","1","1","1","1","1","0","0","1","1","1","1","1","1","1","1","1","1","0","1","1","0","1","0","0","0","0","0","0","0","0","0","1","0","0","0","0","0","0","0","0","0","0","0","0","0","0","0","0","0","0","0","0","0","0","0","0","0","0","0","0","0","0","0","0","0","0","0","0","0","0","0","0","0","0","0","0","0","0","0","0","0"
"17152","SRR17722842_CLEAN_REPAIRED_minContig2500_bin.1","1","1","1","1","1","0","0","1","1","1","1","1","1","1","1","1","1","0","1","1","0","1","0","0","0","0","0","0","0","0","0","0","0","0","0","0","0","0","0","0","0","0","0","0","0","0","0","0","0","0","0","0","0","0","0","0","0","0","0","0","0","0","0","0","0","0","0","0","0","0","0","0","0","0","0","0","0","0","0","0","0"
"17197","SRR17722843_CLEAN_REPAIRED_minContig2500_bin.2","1","1","1","1","1","0","0","1","1","1","1","1","1","1","1","1","1","0","1","1","0","1","0","0","0","0","0","0","0","0","0","0","0","0","0","0","0","0","0","0","0","0","0","0","0","0","0","0","0","0","0","0","0","0","0","0","0","0","0","0","0","0","0","0","0","0","0","0","0","0","0","0","0","0","0","0","0","0","0","0","0"
"17239","SRR17722844_CLEAN_REPAIRED_minContig2500_bin.1","1","1","1","1","1","0","0","1","1","1","1","1","1","1","1","1","1","0","1","1","0","1","0","0","0","0","0","0","0","0","0","0","0","0","0","0","0","0","0","0","0","0","0","0","0","0","0","0","0","0","0","0","0","0","0","0","0","0","0","0","0","0","0","0","0","0","0","0","0","0","0","0","0","0","0","0","0","0","0","0","0"
"17282","SRR17722845_CLEAN_REPAIRED_minContig2500_bin.2","1","0","0","1","1","0","0","1","1","1","1","1","1","1","1","1","1","0","0","0","0","1","0","0","0","0","0","0","0","0","0","0","0","0","1","0","1","1","0","1","0","1","0","0","0","0","0","0","0","0","0","0","0","0","0","0","0","0","0","0","0","0","0","0","0","0","0","0","0","0","0","0","0","0","0","0","0","0","0","0","0"
"17322","SRR17722846_CLEAN_REPAIRED_minContig2500_bin.1","1","1","1","1","1","0","0","1","1","1","1","1","1","1","1","1","1","0","1","1","0","1","0","0","0","0","0","0","0","0","0","0","0","0","0","0","0","0","0","0","0","0","0","0","0","0","0","0","0","0","0","0","0","0","0","0","0","0","0","0","0","0","0","0","0","0","0","0","0","0","0","0","0","0","0","0","0","0","0","0","0"
"17364","SRR17722848_CLEAN_REPAIRED_minContig2500_bin.1","1","1","1","1","1","0","0","1","1","1","1","1","1","1","1","1","1","0","1","1","0","1","0","0","0","0","0","0","0","0","0","0","0","0","0","0","0","0","0","0","0","0","0","0","0","0","0","0","0","0","0","0","0","0","0","0","0","0","0","0","0","0","0","0","0","0","0","0","0","0","0","0","0","0","0","0","0","0","0","0","0"
"17409","SRR17722849_CLEAN_REPAIRED_minContig2500_bin.4","1","1","1","1","1","0","0","1","1","1","1","1","1","1","1","1","1","0","1","1","0","1","0","0","0","0","0","0","0","0","0","0","0","0","0","0","0","0","0","0","0","0","0","0","0","0","0","0","0","0","0","0","0","0","0","0","0","0","0","0","0","0","0","0","0","0","0","0","0","0","0","0","0","0","0","0","0","0","0","0","0"
"17455","SRR17722850_CLEAN_REPAIRED_minContig2500_bin.2","1","1","1","1","1","0","0","1","1","1","1","1","1","1","1","1","1","0","1","1","0","1","0","0","0","0","0","0","0","0","0","1","0","0","0","0","0","0","0","0","0","0","0","0","0","0","0","0","0","0","0","0","0","0","0","0","0","0","0","0","0","0","0","0","0","0","0","0","0","0","0","0","0","0","0","0","0","0","0","0","0"
"17516","SRR17722851_CLEAN_REPAIRED_minContig2500_bin.4","1","1","1","1","1","0","0","1","1","1","1","1","1","1","1","1","1","0","1","1","0","1","0","0","0","0","0","0","0","0","0","0","0","0","0","0","0","0","0","0","0","0","0","0","0","0","0","0","0","0","0","0","0","0","0","0","0","0","0","0","0","0","0","0","0","0","0","0","0","0","0","0","0","0","0","0","0","0","0","0","0"
"17559","SRR17722852_CLEAN_REPAIRED_minContig2500_bin.1","1","1","1","1","1","0","0","1","1","1","1","1","1","1","1","1","1","0","1","1","0","1","0","0","0","0","0","0","0","0","0","1","0","0","0","0","0","0","0","0","0","0","0","0","0","0","0","0","0","0","0","0","0","0","0","0","0","0","0","0","0","0","0","0","0","0","0","0","0","0","0","0","0","0","0","0","0","0","0","0","0"
"17616","SRR17722853_CLEAN_REPAIRED_minContig2500_bin.2","1","1","1","1","1","0","0","1","1","1","1","1","1","1","1","1","1","0","1","1","0","1","0","0","0","0","0","0","0","0","0","0","0","0","0","0","0","0","0","0","0","0","0","0","0","0","0","0","0","0","0","0","0","0","0","0","0","0","0","0","0","0","0","0","0","0","0","0","0","0","0","0","0","0","0","0","0","0","0","0","0"
"17664","SRR17722854_CLEAN_REPAIRED_minContig2500_bin.4","1","1","0","1","0","1","1","0","1","1","1","1","0","1","1","0","1","0","1","0","1","0","0","0","1","0","0","1","0","0","0","0","0","0","0","0","0","0","0","0","0","0","0","0","0","0","0","0","0","0","0","0","0","0","0","0","0","0","0","0","0","0","0","0","0","0","0","0","0","0","0","0","0","0","0","0","0","0","0","0","0"
"17694","SRR17722855_CLEAN_REPAIRED_minContig2500_bin.1","0","0","0","0","0","0","1","0","0","1","1","0","0","1","1","1","1","0","1","0","1","0","0","0","1","0","0","1","0","0","0","0","0","0","0","0","0","0","0","0","0","0","1","0","0","0","0","0","0","0","0","0","0","0","0","0","0","0","0","0","0","0","0","0","0","0","0","0","0","0","0","0","0","0","0","0","0","0","0","0","0"
"17718","SRR17722857_CLEAN_REPAIRED_minContig2500_bin.2","1","1","0","1","0","0","1","1","1","1","1","1","0","1","1","1","1","0","1","0","1","0","0","0","1","0","0","1","0","0","0","0","0","0","0","0","0","0","0","0","0","0","0","0","0","0","0","0","0","0","0","0","0","0","0","0","0","0","0","0","0","0","0","0","0","0","0","0","0","0","0","0","0","0","0","0","0","0","0","0","0"
"17754","SRR17722861_CLEAN_REPAIRED_minContig2500_bin.3","1","1","0","1","0","0","1","1","1","1","1","1","0","1","1","1","1","0","1","0","1","0","0","0","1","0","0","1","0","0","0","0","0","0","0","0","0","0","0","0","0","0","0","0","0","0","0","0","0","0","0","0","0","0","0","0","0","0","0","0","0","0","0","0","0","0","0","0","0","0","0","0","0","0","0","0","0","0","0","0","0"
"17789","SRR17722862_CLEAN_REPAIRED_minContig2500_bin.2","1","1","0","0","1","0","0","1","1","1","1","1","1","1","1","1","1","0","0","1","0","1","1","0","0","0","0","0","0","0","0","0","0","0","0","0","0","0","0","0","0","0","0","0","0","0","0","0","0","0","0","0","0","0","0","0","0","0","0","0","0","0","0","0","0","0","0","0","0","0","0","0","0","0","0","0","0","0","0","0","0"
"17824","SRR17722863_CLEAN_REPAIRED_minContig2500_bin.5","1","1","0","0","1","0","0","1","1","1","1","1","1","1","1","1","1","0","0","1","0","1","1","0","0","0","0","0","0","0","0","0","0","0","0","0","0","0","0","0","0","1","0","0","0","0","0","0","0","0","0","0","0","0","0","0","0","0","0","0","0","0","0","0","0","0","0","0","0","0","0","0","0","0","0","0","0","0","0","0","0"
"17860","SRR17722864_CLEAN_REPAIRED_minContig2500_bin.6","1","1","0","0","1","0","0","1","1","1","1","1","1","1","1","1","1","0","0","1","0","1","1","0","0","0","0","0","0","0","0","0","0","0","0","0","0","0","0","0","0","0","0","0","0","0","0","0","0","0","0","0","0","0","0","0","0","0","0","0","0","0","0","0","0","0","0","0","0","0","0","0","0","0","0","0","0","0","0","0","0"
"17895","SRR17722867_CLEAN_REPAIRED_minContig2500_bin.3","1","1","0","0","1","0","0","1","1","1","1","1","1","1","1","1","1","0","0","1","0","1","0","0","0","0","0","0","0","0","0","0","0","0","0","0","0","0","0","0","0","1","0","0","0","0","0","0","0","0","0","0","0","0","0","0","0","0","0","0","0","0","0","0","0","0","0","0","0","0","0","0","0","0","0","0","0","0","0","0","0"
"17930","SRR17722871_CLEAN_REPAIRED_minContig2500_bin.1","1","0","0","1","1","0","0","1","1","1","1","1","1","1","1","1","1","0","0","0","0","1","0","0","0","0","0","0","0","0","0","0","0","0","1","0","1","1","0","1","0","1","0","0","0","0","0","0","0","0","0","0","0","0","0","0","0","0","0","0","0","0","0","0","0","0","0","0","0","0","0","0","0","0","0","0","0","0","0","0","0"
"17970","SRR17722874_CLEAN_REPAIRED_minContig2500_bin.5","1","1","0","1","0","0","0","1","1","1","1","1","0","1","1","1","1","0","1","0","1","0","0","0","0","0","0","0","0","1","1","0","0","0","0","0","0","0","0","0","0","0","0","1","0","0","0","0","0","0","0","0","0","0","0","0","0","0","0","0","0","0","0","0","0","0","0","0","0","0","0","0","0","0","0","0","0","0","0","0","0"
"18009","SRR17722876_CLEAN_REPAIRED_minContig2500_bin.5","0","0","0","0","0","0","0","1","1","1","1","1","0","1","1","1","1","0","1","0","1","0","0","0","0","0","0","0","0","1","0","0","0","0","0","0","0","0","0","0","0","0","0","0","0","0","0","0","0","0","0","0","0","0","0","0","0","0","0","0","0","0","0","0","0","0","0","0","0","0","0","0","0","0","0","0","0","0","0","0","0"
"18040","SRR17722877_CLEAN_REPAIRED_minContig2500_bin.1","0","0","0","0","0","0","0","1","1","1","1","1","0","1","1","1","1","0","1","0","1","0","0","0","0","0","0","0","0","1","1","0","0","0","0","0","0","0","0","0","0","0","0","0","0","0","0","0","0","0","0","0","0","0","0","0","0","0","0","0","0","0","0","0","0","0","0","0","0","0","0","0","0","0","0","0","0","0","0","0","0"
"18072","SRR17722878_CLEAN_REPAIRED_minContig2500_bin.2","0","0","0","0","0","0","0","1","1","1","1","1","0","1","1","1","1","0","1","0","1","0","0","0","0","0","0","0","0","1","1","0","0","0","0","0","0","0","0","0","0","0","0","1","0","0","0","0","0","0","0","0","0","0","0","0","0","0","0","0","0","0","0","0","0","0","0","0","0","0","0","0","0","0","0","0","0","0","0","0","0"
"18105","SRR17722879_CLEAN_REPAIRED_minContig2500_bin.1","0","0","0","0","0","0","0","1","1","1","1","1","0","1","1","1","1","0","1","0","1","0","0","0","0","0","0","0","0","1","0","0","0","0","0","0","0","0","0","0","0","0","0","0","0","0","0","0","0","0","0","0","0","0","0","0","0","0","0","0","0","0","0","0","0","0","0","0","0","0","0","0","0","0","0","0","0","0","0","0","0"
"18136","SRR17722880_CLEAN_REPAIRED_minContig2500_bin.5","0","0","0","0","0","0","0","1","1","1","1","1","0","1","1","1","1","0","1","0","1","0","0","0","0","0","0","0","0","1","1","0","0","0","0","0","0","0","0","0","0","0","0","1","0","0","0","0","0","0","0","0","0","0","0","0","0","0","0","0","0","0","0","0","0","0","0","0","0","0","0","0","0","0","0","0","0","0","0","0","0"
"18169","SRR17722882_CLEAN_REPAIRED_minContig2500_bin.1","1","0","0","1","1","0","0","1","1","1","1","1","1","1","1","1","1","0","0","0","0","1","0","0","0","0","0","0","0","0","0","0","0","0","1","0","1","1","0","1","0","1","0","0","0","0","0","0","0","0","0","0","0","0","0","0","0","0","0","0","0","0","0","0","0","0","0","0","0","0","0","0","0","0","0","0","0","0","0","0","0"
"18209","SRR17722888_CLEAN_REPAIRED_minContig2500_bin.3","1","1","0","1","0","1","1","1","1","1","1","1","0","1","1","1","1","0","1","0","1","0","0","0","1","0","0","1","0","0","0","0","0","0","0","0","0","0","0","0","0","0","0","0","0","0","0","0","0","0","0","0","0","0","0","0","0","0","0","0","0","0","0","0","0","0","0","0","0","0","0","0","0","0","0","0","0","0","0","0","0"
"18245","SRR17722889_CLEAN_REPAIRED_minContig2500_bin.4","1","1","0","1","0","1","1","1","1","1","1","1","0","1","1","1","1","0","1","0","1","0","0","0","1","0","0","1","0","0","0","0","0","0","0","0","0","0","0","0","0","0","0","0","0","0","0","0","0","0","0","0","0","0","0","0","0","0","0","0","0","0","0","0","0","0","0","0","0","0","0","0","0","0","0","0","0","0","0","0","0"
"18281","SRR17722890_CLEAN_REPAIRED_minContig2500_bin.3","1","1","0","1","0","1","1","0","1","1","1","1","0","1","1","1","1","0","1","0","0","0","0","0","1","0","0","1","0","0","0","0","0","0","0","0","0","0","0","0","0","0","0","0","0","0","0","0","0","0","0","0","0","0","0","0","0","0","0","0","0","0","0","0","0","0","0","0","0","0","0","0","0","0","0","0","0","0","0","0","0"
"18314","SRR17722894_CLEAN_REPAIRED_minContig2500_bin.13","1","1","0","1","0","0","0","1","1","1","1","1","0","1","1","1","1","0","0","0","1","0","0","0","0","0","0","0","0","0","0","0","0","0","0","0","0","0","0","0","0","0","0","0","0","0","0","0","0","0","0","0","0","0","0","0","0","0","0","0","0","0","0","0","0","0","0","0","0","0","0","0","0","0","0","0","0","0","0","0","0"
"18343","SRR17722896_CLEAN_REPAIRED_minContig2500_bin.9","1","1","0","1","0","0","0","1","1","1","1","1","0","1","1","1","1","0","0","0","1","0","0","0","0","0","0","0","0","0","0","0","0","0","0","0","0","0","0","0","0","0","0","0","0","0","0","0","0","0","0","0","0","0","0","0","0","0","0","0","0","0","0","0","0","0","0","0","0","0","0","0","0","0","0","0","0","0","0","0","0"
"18372","SRR17722898_CLEAN_REPAIRED_minContig2500_bin.2","1","1","0","1","0","0","0","1","1","1","1","1","0","1","1","1","1","0","0","0","1","0","0","0","0","0","0","0","0","0","0","0","0","0","0","0","0","0","0","0","0","0","0","0","0","0","0","0","0","0","0","0","0","0","0","0","0","0","0","0","0","0","0","0","0","0","0","0","0","0","0","0","0","0","0","0","0","0","0","0","0"
"18401","SRR17722899_CLEAN_REPAIRED_minContig2500_bin.7","1","1","0","1","0","0","0","1","1","1","1","1","0","1","1","1","1","0","0","0","1","0","0","0","0","0","0","0","0","0","0","0","0","0","0","0","0","0","0","0","0","0","0","0","0","0","0","0","0","0","0","0","0","0","0","0","0","0","0","0","0","0","0","0","0","0","0","0","0","0","0","0","0","0","0","0","0","0","0","0","0"
"18430","SRR17722900_CLEAN_REPAIRED_minContig2500_bin.6","1","1","0","1","0","0","0","1","1","1","1","1","0","1","1","1","1","0","0","0","1","0","0","0","0","0","0","0","0","0","0","0","0","0","0","0","0","0","0","0","0","0","0","0","0","0","0","0","0","0","0","0","0","0","0","0","0","0","0","0","0","0","0","0","0","0","0","0","0","0","0","0","0","0","0","0","0","0","0","0","0"
"18459","SRR17722901_CLEAN_REPAIRED_minContig2500_bin.3","0","0","0","0","0","1","1","0","1","1","0","1","1","0","0","0","0","0","1","0","0","0","0","1","1","1","1","0","0","0","0","0","0","0","0","0","0","0","0","0","0","0","0","0","0","0","0","0","0","0","0","0","0","0","0","0","0","0","0","0","0","0","0","0","0","0","0","0","0","0","0","0","0","0","0","0","0","0","0","0","0"
"18479","SRR17722903_CLEAN_REPAIRED_minContig2500_bin.1","1","1","0","1","0","0","0","1","1","1","1","1","0","1","1","1","1","0","0","0","1","0","0","0","0","0","0","0","0","0","0","0","0","0","0","0","0","0","0","0","0","0","0","0","0","0","0","0","0","0","0","0","0","0","0","0","0","0","0","0","0","0","0","0","0","0","0","0","0","0","0","0","0","0","0","0","0","0","0","0","0"
"18508","SRR17722904_CLEAN_REPAIRED_minContig2500_bin.4","1","1","0","1","0","0","0","1","1","1","1","1","0","1","1","1","1","0","0","0","1","0","0","0","0","0","0","0","0","0","0","0","0","0","0","0","0","0","0","0","0","0","0","0","0","0","0","0","0","0","0","0","0","0","0","0","0","0","0","0","0","0","0","0","0","0","0","0","0","0","0","0","0","0","0","0","0","0","0","0","0"
"18537","SRR17722905_CLEAN_REPAIRED_minContig2500_bin.5","1","1","0","1","0","0","0","1","1","1","1","1","0","1","1","1","1","0","0","0","1","0","0","0","0","0","0","0","0","0","0","0","0","0","0","0","0","0","0","0","0","0","0","0","0","0","0","0","0","0","0","0","0","0","0","0","0","0","0","0","0","0","0","0","0","0","0","0","0","0","0","0","0","0","0","0","0","0","0","0","0"
"18566","SRR17722907_CLEAN_REPAIRED_minContig2500_bin.2","1","1","0","1","0","0","0","1","1","1","1","1","0","1","1","1","1","0","0","0","1","0","0","0","0","0","0","0","0","0","0","0","0","0","0","0","0","0","0","0","0","0","0","0","0","0","0","0","0","0","0","0","0","0","0","0","0","0","0","0","0","0","0","0","0","0","0","0","0","0","0","0","0","0","0","0","0","0","0","0","0"
"18595","SRR17722908_CLEAN_REPAIRED_minContig2500_bin.1","1","1","0","1","0","0","0","1","1","1","1","1","0","1","1","1","1","0","0","0","1","0","0","0","0","0","0","0","0","0","0","0","0","0","0","0","0","0","0","0","0","0","0","0","0","0","0","0","0","0","0","0","0","0","0","0","0","0","0","0","0","0","0","0","0","0","0","0","0","0","0","0","0","0","0","0","0","0","0","0","0"
"18624","SRR17722909_CLEAN_REPAIRED_minContig2500_bin.4","1","1","0","1","0","0","0","1","1","1","1","1","0","1","1","1","1","0","0","0","1","0","0","0","0","0","0","0","0","0","0","0","0","0","0","0","0","0","0","0","0","0","0","0","0","0","0","0","0","0","0","0","0","0","0","0","0","0","0","0","0","0","0","0","0","0","0","0","0","0","0","0","0","0","0","0","0","0","0","0","0"
"18653","SRR17722910_CLEAN_REPAIRED_minContig2500_bin.5","1","1","0","1","0","0","0","1","1","1","1","1","0","1","1","1","1","0","0","0","1","0","0","0","0","0","0","0","0","0","0","0","0","0","0","0","0","0","0","0","0","0","0","0","0","0","0","0","0","0","0","0","0","0","0","0","0","0","0","0","0","0","0","0","0","0","0","0","0","0","0","0","0","0","0","0","0","0","0","0","0"
"18682","SRR17722911_CLEAN_REPAIRED_minContig2500_bin.4","1","1","0","1","0","0","0","1","1","1","1","1","0","1","1","1","1","0","0","0","1","0","0","0","0","0","0","0","0","1","0","0","0","0","0","0","0","0","0","0","0","0","0","0","0","0","0","0","0","0","0","0","0","0","0","0","0","0","0","0","0","0","0","0","0","0","0","0","0","0","0","0","0","0","0","0","0","0","0","0","0"
"18717","SRR17722912_CLEAN_REPAIRED_minContig2500_bin.2","1","1","0","1","0","0","0","1","1","1","1","1","0","1","1","1","1","0","0","0","1","0","0","0","0","0","0","0","0","0","0","0","0","0","0","0","0","0","0","0","0","0","0","0","0","0","0","0","0","0","0","0","0","0","0","0","0","0","0","0","0","0","0","0","0","0","0","0","0","0","0","0","0","0","0","0","0","0","0","0","0"
"18746","SRR17722913_CLEAN_REPAIRED_minContig2500_bin.2","1","1","1","1","1","1","1","1","1","1","1","1","1","1","1","1","1","0","1","0","0","1","0","1","1","1","1","0","0","0","0","0","0","0","0","0","0","0","0","0","0","0","0","0","0","0","0","0","0","0","0","0","0","0","0","0","0","0","0","0","0","0","0","0","0","0","0","0","0","0","0","0","0","0","0","0","0","0","0","0","0"
"18790","SRR17722914_CLEAN_REPAIRED_minContig2500_bin.5","1","1","0","1","0","0","0","1","1","1","1","1","0","1","1","1","1","0","0","0","1","0","0","0","0","0","0","0","0","0","0","0","0","0","0","0","0","0","0","0","0","0","0","0","0","0","0","0","0","0","0","0","0","0","0","0","0","0","0","0","0","0","0","0","0","0","0","0","0","0","0","0","0","0","0","0","0","0","0","0","0"
"18819","SRR17722915_CLEAN_REPAIRED_minContig2500_bin.6","1","1","1","1","0","0","0","1","1","1","1","1","0","1","1","1","1","0","0","0","0","0","0","0","0","0","0","0","0","1","0","0","0","0","0","0","0","0","0","0","0","0","0","0","0","0","0","0","0","0","0","0","0","0","0","0","0","0","0","0","0","0","0","0","0","0","0","0","0","0","0","0","0","0","0","0","0","0","0","0","0"
"18847","SRR17722916_CLEAN_REPAIRED_minContig2500_bin.7","1","1","0","1","0","0","0","1","1","1","1","1","0","1","1","1","1","0","0","0","0","0","0","0","0","0","0","0","0","1","0","0","0","0","0","0","0","0","0","0","0","0","0","0","0","0","0","0","0","0","0","0","0","0","0","0","0","0","0","0","0","0","0","0","0","0","0","0","0","0","0","0","0","0","0","0","0","0","0","0","0"
"18876","SRR17722918_CLEAN_REPAIRED_minContig2500_bin.1","1","1","0","1","0","0","0","1","1","1","1","1","0","1","1","1","1","0","0","0","1","0","0","0","0","0","0","0","0","0","0","0","0","0","0","0","0","0","0","0","0","0","0","0","0","0","0","0","0","0","0","0","0","0","0","0","0","0","0","0","0","0","0","0","0","0","0","0","0","0","0","0","0","0","0","0","0","0","0","0","0"
"18908","SRR17722919_CLEAN_REPAIRED_minContig2500_bin.2","1","1","1","1","0","0","0","1","1","1","1","1","0","1","1","1","1","0","0","0","0","0","0","0","0","0","0","0","0","1","0","0","0","0","0","0","0","0","0","0","0","0","0","0","0","0","0","0","0","0","0","0","0","0","0","0","0","0","0","0","0","0","0","0","0","0","0","0","0","0","0","0","0","0","0","0","0","0","0","0","0"
"18941","SRR17722920_CLEAN_REPAIRED_minContig2500_bin.2","1","1","0","1","0","0","0","1","1","1","1","1","0","1","1","1","1","0","0","0","1","0","0","0","0","0","0","0","0","0","0","0","0","0","0","0","0","0","0","0","0","0","0","0","0","0","0","0","0","0","0","0","0","0","0","0","0","0","0","0","0","0","0","0","0","0","0","0","0","0","0","0","0","0","0","0","0","0","0","0","0"
"18970","SRR17722922_CLEAN_REPAIRED_minContig2500_bin.9","1","1","0","1","0","0","0","1","1","1","1","1","0","1","1","1","1","0","0","0","1","0","0","0","0","0","0","0","0","0","0","0","0","0","0","0","0","0","0","0","0","0","0","0","0","0","0","0","0","0","0","0","0","0","0","0","0","0","0","0","0","0","0","0","0","0","0","0","0","0","0","0","0","0","0","0","0","0","0","0","0"
"18999","SRR17722923_CLEAN_REPAIRED_minContig2500_bin.3","1","1","1","1","0","0","0","1","1","1","1","1","0","1","1","1","1","0","0","0","1","0","0","0","0","0","0","0","0","1","0","0","0","0","0","0","0","0","0","0","0","0","0","0","0","0","0","0","0","0","0","0","0","0","0","0","0","0","0","0","0","0","0","0","0","0","0","0","0","0","0","0","0","0","0","0","0","0","0","0","0"
"19031","SRR17722924_CLEAN_REPAIRED_minContig2500_bin.2","1","1","0","1","0","0","0","1","1","1","1","1","0","1","1","1","1","0","0","0","1","0","0","0","0","0","0","0","0","0","0","0","0","0","0","0","0","0","0","0","0","0","0","0","0","0","0","0","0","0","0","0","0","0","0","0","0","0","0","0","0","0","0","0","0","0","0","0","0","0","0","0","0","0","0","0","0","0","0","0","0"
"19060","SRR17722926_CLEAN_REPAIRED_minContig2500_bin.13","0","0","0","0","0","1","1","1","1","1","1","1","0","1","1","1","1","0","1","0","0","0","0","1","1","1","1","1","1","1","1","0","0","0","0","0","0","0","0","0","0","0","0","0","0","0","0","0","0","0","0","0","0","0","0","0","0","0","0","0","0","0","0","0","0","0","0","0","0","0","0","0","0","0","0","0","0","0","0","0","0"
"19096","SRR17722930_CLEAN_REPAIRED_minContig2500_bin.3","0","0","0","0","0","1","1","1","1","1","1","1","0","1","1","1","1","1","1","0","0","0","0","1","1","1","1","1","1","1","1","1","1","0","0","0","0","0","0","0","0","0","0","0","0","0","0","0","0","0","0","0","0","0","0","0","0","0","0","0","0","0","0","0","0","0","0","0","0","0","0","0","0","0","0","0","0","0","0","0","0"
"19147","SRR17722931_CLEAN_REPAIRED_minContig2500_bin.2","0","0","0","0","0","1","1","1","1","1","1","1","0","1","1","1","1","0","1","0","0","0","1","1","1","1","1","1","1","1","1","0","0","0","0","0","0","0","0","0","0","0","0","0","0","0","0","0","0","0","0","0","0","0","0","0","0","0","0","0","0","0","0","0","0","0","0","0","0","0","0","0","0","0","0","0","0","0","0","0","0"
"19183","SRR17722933_CLEAN_REPAIRED_minContig2500_bin.4","0","0","0","0","0","1","1","1","1","1","1","1","0","1","1","1","1","1","1","0","0","0","0","1","1","1","1","1","1","1","1","0","0","0","0","0","0","0","0","0","0","0","0","0","0","0","0","0","0","0","0","0","0","0","0","0","0","0","0","0","0","0","0","0","0","0","0","0","0","0","0","0","0","0","0","0","0","0","0","0","0"
"19218","SRR17722934_CLEAN_REPAIRED_minContig2500_bin.4","0","0","0","0","0","1","1","1","1","1","1","1","0","1","1","1","1","1","1","0","0","0","0","1","1","1","1","1","1","1","1","0","0","0","0","0","0","0","0","0","0","0","0","0","0","0","0","0","0","0","0","0","0","0","0","0","0","0","0","0","0","0","0","0","0","0","0","0","0","0","0","0","0","0","0","0","0","0","0","0","0"
"19254","SRR17722935_CLEAN_REPAIRED_minContig2500_bin.2","0","0","0","0","0","1","1","1","1","1","1","1","0","1","1","1","1","1","1","0","0","0","0","1","1","1","1","1","1","1","1","0","0","0","0","0","0","0","0","0","0","0","0","0","0","0","0","0","0","0","0","0","0","0","0","0","0","0","0","0","0","0","0","0","0","0","0","0","0","0","0","0","0","0","0","0","0","0","0","0","0"
"19291","SRR17722936_CLEAN_REPAIRED_minContig2500_bin.2","0","0","0","0","0","1","1","1","1","1","1","1","0","0","0","0","0","1","1","0","0","0","0","1","1","1","1","1","1","1","1","0","0","0","0","0","0","0","0","0","0","0","0","0","0","0","0","0","0","0","0","0","0","0","0","0","0","0","0","0","0","0","0","0","0","0","0","0","0","0","0","0","0","0","0","0","0","0","0","0","0"
"19315","SRR17722937_CLEAN_REPAIRED_minContig2500_bin.2","0","0","0","0","0","1","1","1","1","1","1","1","0","1","1","1","1","1","1","0","0","0","0","1","1","1","1","1","1","1","1","1","1","0","0","0","0","0","0","0","0","0","0","0","0","0","0","0","0","0","0","0","0","0","0","0","0","0","0","0","0","0","0","0","0","0","0","0","0","0","0","0","0","0","0","0","0","0","0","0","0"
"19373","SRR17722938_CLEAN_REPAIRED_minContig2500_bin.3","0","0","0","0","0","1","1","1","1","1","1","1","0","1","1","1","1","1","1","0","0","0","0","1","1","1","1","1","1","1","1","0","0","0","0","0","0","0","0","0","0","0","0","0","0","0","0","0","0","0","0","0","0","0","0","0","0","0","0","0","0","0","0","0","0","0","0","0","0","0","0","0","0","0","0","0","0","0","0","0","0"
"19410","SRR17722939_CLEAN_REPAIRED_minContig2500_bin.6","0","0","0","0","0","1","1","1","1","1","1","1","0","0","0","0","0","1","1","0","0","0","0","1","1","1","1","1","1","1","1","0","0","0","0","0","0","0","0","0","0","0","0","0","0","0","0","0","0","0","0","0","0","0","0","0","0","0","0","0","0","0","0","0","0","0","0","0","0","0","0","0","0","0","0","0","0","0","0","0","0"
"19435","SRR17722940_CLEAN_REPAIRED_minContig2500_bin.8","0","0","0","0","0","1","1","1","1","1","1","1","0","1","1","1","1","0","1","0","0","0","0","1","1","1","1","1","1","1","1","0","0","0","0","0","0","0","0","0","0","0","0","0","0","0","0","0","0","0","0","0","0","0","0","0","0","0","0","0","0","0","0","0","0","0","0","0","0","0","0","0","0","0","0","0","0","0","0","0","0"
"19471","SRR17722941_CLEAN_REPAIRED_minContig2500_bin.8","0","0","0","0","0","1","1","1","1","1","1","1","0","1","1","1","1","0","1","0","0","0","0","1","1","1","1","1","1","1","1","0","0","0","0","0","0","0","0","0","0","0","0","0","0","0","0","0","0","0","0","0","0","0","0","0","0","0","0","0","0","0","0","0","0","0","0","0","0","0","0","0","0","0","0","0","0","0","0","0","0"
"19509","SRR17722942_CLEAN_REPAIRED_minContig2500_bin.5","0","0","0","0","0","1","1","1","1","1","1","1","0","1","1","1","1","1","1","0","0","0","0","1","1","1","1","1","1","1","1","0","0","0","0","0","0","0","0","0","0","0","0","0","0","0","0","0","0","0","0","0","0","0","0","0","0","0","0","0","0","0","0","0","0","0","0","0","0","0","0","0","0","0","0","0","0","0","0","0","0"
"19546","SRR17722944_CLEAN_REPAIRED_minContig2500_bin.2","0","0","0","0","0","1","1","1","1","1","1","1","0","1","1","1","1","0","1","0","0","0","0","1","1","1","1","1","1","1","1","0","0","0","0","0","0","0","0","0","0","0","0","0","0","0","0","0","0","0","0","0","0","0","0","0","0","0","0","0","0","0","0","0","0","0","0","0","0","0","0","0","0","0","0","0","0","0","0","0","0"
"19585","SRR17722945_CLEAN_REPAIRED_minContig2500_bin.4","0","0","0","0","0","1","1","1","1","1","1","1","0","1","1","1","1","1","1","0","0","0","0","1","1","1","1","1","1","1","1","1","1","0","0","0","0","0","0","0","0","0","0","0","0","0","0","0","0","0","0","0","0","0","0","0","0","0","0","0","0","0","0","0","0","0","0","0","0","0","0","0","0","0","0","0","0","0","0","0","0"
"19642","SRR17779764_CLEAN_REPAIRED_minContig2500_bin.1","0","0","0","0","0","1","1","1","1","1","1","1","0","1","1","1","1","0","1","1","1","0","0","1","1","1","1","0","1","0","0","0","0","0","0","0","0","0","0","0","0","0","1","0","0","0","0","0","0","0","0","0","0","0","0","0","0","0","0","0","0","0","0","0","0","0","0","0","0","0","0","0","0","0","0","0","0","0","0","0","0"
"19681","SRR17779765_CLEAN_REPAIRED_minContig2500_bin.3","0","0","0","0","0","1","1","1","1","1","1","1","0","1","1","1","1","0","1","1","1","0","0","1","1","1","1","0","1","0","0","0","0","0","0","0","0","0","0","0","0","0","1","0","0","0","0","0","0","0","0","0","0","0","0","0","0","0","0","0","0","0","0","0","0","0","0","0","0","0","0","0","0","0","0","0","0","0","0","0","0"
"19720","SRR17779766_CLEAN_REPAIRED_minContig2500_bin.3","0","0","0","0","0","1","1","1","1","1","1","1","0","1","1","1","1","0","1","1","1","0","0","1","1","1","1","0","1","0","0","0","0","0","0","0","0","0","0","0","0","0","1","0","0","0","0","0","0","0","0","0","0","0","0","0","0","0","0","0","0","0","0","0","0","0","0","0","0","0","0","0","0","0","0","0","0","0","0","0","0"
"19760","SRR17779767_CLEAN_REPAIRED_minContig2500_bin.2","0","0","0","0","0","1","1","1","1","1","1","1","0","1","1","1","1","0","1","1","1","0","0","1","1","1","1","0","1","0","0","0","0","0","0","0","0","0","0","0","0","0","1","0","0","0","0","0","0","0","0","0","0","0","0","0","0","0","0","0","0","0","0","0","0","0","0","0","0","0","0","0","0","0","0","0","0","0","0","0","0"
"19798","SRR17779768_CLEAN_REPAIRED_minContig2500_bin.2","0","0","0","0","0","1","1","1","1","1","1","1","0","1","1","1","1","0","1","1","1","0","0","1","1","1","1","0","1","0","0","0","0","0","0","0","0","0","0","0","0","0","1","0","0","0","0","0","0","0","0","0","0","0","0","0","0","0","0","0","0","0","0","0","0","0","0","0","0","0","0","0","0","0","0","0","0","0","0","0","0"
"19836","SRR17779769_CLEAN_REPAIRED_minContig2500_bin.3","0","0","0","0","0","1","1","1","1","1","1","1","0","1","1","1","1","0","1","1","1","0","0","1","1","1","1","0","1","0","0","0","0","0","0","0","0","0","0","0","0","0","1","0","0","0","0","0","0","0","0","0","0","0","0","0","0","0","0","0","0","0","0","0","0","0","0","0","0","0","0","0","0","0","0","0","0","0","0","0","0"
"19874","SRR17779770_CLEAN_REPAIRED_minContig2500_bin.3","0","0","0","0","0","1","1","1","1","1","1","1","0","1","1","1","1","0","1","1","1","0","0","1","1","1","1","0","1","0","0","0","0","0","0","0","0","0","0","0","0","0","1","0","0","0","0","0","0","0","0","0","0","0","0","0","0","0","0","0","0","0","0","0","0","0","0","0","0","0","0","0","0","0","0","0","0","0","0","0","0"
"19912","SRR17779771_CLEAN_REPAIRED_minContig2500_bin.2","0","0","0","0","0","1","1","1","1","1","1","1","0","1","1","1","1","0","1","1","1","0","0","1","1","1","1","0","1","0","0","0","0","0","0","0","0","0","0","0","0","0","1","0","0","0","0","0","0","0","0","0","0","0","0","0","0","0","0","0","0","0","0","0","0","0","0","0","0","0","0","0","0","0","0","0","0","0","0","0","0"
"19951","SRR17779772_CLEAN_REPAIRED_minContig2500_bin.1","0","0","0","0","0","1","1","1","1","1","1","1","0","1","1","1","1","0","1","1","1","0","0","1","1","1","1","0","1","0","0","0","0","0","0","0","0","0","0","0","0","0","1","0","0","0","0","0","0","0","0","0","0","0","0","0","0","0","0","0","0","0","0","0","0","0","0","0","0","0","0","0","0","0","0","0","0","0","0","0","0"
"19988","SRR17779793_CLEAN_REPAIRED_minContig2500_bin.2","1","0","0","1","1","0","0","1","1","1","1","1","1","1","1","1","1","0","0","1","0","1","0","0","0","0","0","0","0","0","0","0","0","0","0","0","0","0","0","0","1","0","0","0","0","0","0","0","0","0","0","0","0","0","0","0","0","0","0","0","0","0","0","0","0","0","0","0","0","0","0","0","0","0","0","0","0","0","0","0","0"
"20021","SRR17779794_CLEAN_REPAIRED_minContig2500_bin.3","1","0","0","1","1","0","0","1","1","1","1","1","1","1","1","1","1","0","0","1","0","1","0","0","0","0","0","0","0","0","0","0","0","0","0","0","0","0","0","0","1","0","0","0","0","0","0","0","0","0","0","0","0","0","0","0","0","0","0","0","0","0","0","0","0","0","0","0","0","0","0","0","0","0","0","0","0","0","0","0","0"
"20054","SRR17779795_CLEAN_REPAIRED_minContig2500_bin.1","1","0","0","1","1","0","0","1","1","1","1","1","1","1","1","1","1","0","0","1","0","1","0","0","0","0","0","0","0","0","0","0","0","0","0","0","0","0","0","0","1","0","0","0","0","0","0","0","0","0","0","0","0","0","0","0","0","0","0","0","0","0","0","0","0","0","0","0","0","0","0","0","0","0","0","0","0","0","0","0","0"
"20087","SRR17779796_CLEAN_REPAIRED_minContig2500_bin.2","1","0","0","1","1","0","0","1","1","1","1","1","0","1","1","1","1","0","0","1","0","1","0","0","0","0","0","0","0","0","0","0","0","0","0","0","0","0","0","0","1","0","0","0","0","0","0","0","0","0","0","0","0","0","0","0","0","0","0","0","0","0","0","0","0","0","0","0","0","0","0","0","0","0","0","0","0","0","0","0","0"
"20117","SRR17779797_CLEAN_REPAIRED_minContig2500_bin.1","1","0","0","1","1","0","0","1","1","1","1","1","1","1","1","1","1","0","0","1","0","1","0","0","0","0","0","0","0","0","0","0","0","0","0","0","0","0","0","0","1","0","0","0","0","0","0","0","0","0","0","0","0","0","0","0","0","0","0","0","0","0","0","0","0","0","0","0","0","0","0","0","0","0","0","0","0","0","0","0","0"
"20150","SRR17779798_CLEAN_REPAIRED_minContig2500_bin.3","1","0","0","1","1","0","0","1","1","1","1","1","1","1","1","1","1","0","0","1","0","1","0","0","0","0","0","0","0","0","0","0","0","0","0","0","0","0","0","0","1","0","0","0","0","0","0","0","0","0","0","0","0","0","0","0","0","0","0","0","0","0","0","0","0","0","0","0","0","0","0","0","0","0","0","0","0","0","0","0","0"
"20183","SRR17779799_CLEAN_REPAIRED_minContig2500_bin.1","1","0","0","1","1","0","0","1","1","1","1","1","1","1","1","1","1","0","0","1","0","1","0","0","0","0","0","0","0","0","0","0","0","0","0","0","0","0","0","0","1","0","0","0","0","0","0","0","0","0","0","0","0","0","0","0","0","0","0","0","0","0","0","0","0","0","0","0","0","0","0","0","0","0","0","0","0","0","0","0","0"
"20216","SRR17779801_CLEAN_REPAIRED_minContig2500_bin.2","1","0","0","1","1","0","0","1","1","1","1","1","1","1","1","1","1","0","0","1","0","1","0","0","0","0","0","0","0","0","0","0","0","0","0","0","0","0","0","0","1","0","0","0","0","0","0","0","0","0","0","0","0","0","0","0","0","0","0","0","0","0","0","0","0","0","0","0","0","0","0","0","0","0","0","0","0","0","0","0","0"
"20249","SRR17779802_CLEAN_REPAIRED_minContig2500_bin.1","1","0","0","1","1","0","0","1","1","1","1","1","1","1","1","1","1","0","0","1","0","1","0","0","0","0","0","0","0","0","0","0","0","0","0","0","0","0","0","0","1","0","0","0","0","0","0","0","0","0","0","0","0","0","0","0","0","0","0","0","0","0","0","0","0","0","0","0","0","0","0","0","0","0","0","0","0","0","0","0","0"
"20282","SRR17779803_CLEAN_REPAIRED_minContig2500_bin.1","1","0","0","1","1","0","0","1","1","1","1","1","1","1","1","1","1","0","0","1","0","1","0","0","0","0","0","0","0","0","0","0","0","0","0","0","0","0","0","0","1","0","0","0","0","0","0","0","0","0","0","0","0","0","0","0","0","0","0","0","0","0","0","0","0","0","0","0","0","0","0","0","0","0","0","0","0","0","0","0","0"
"20315","SRR17779804_CLEAN_REPAIRED_minContig2500_bin.2","1","0","0","1","1","0","0","1","1","1","1","1","1","1","1","1","1","0","0","1","0","1","0","0","0","0","0","0","0","0","0","0","0","0","0","0","0","0","0","0","1","0","0","0","0","0","0","0","0","0","0","0","0","0","0","0","0","0","0","0","0","0","0","0","0","0","0","0","0","0","0","0","0","0","0","0","0","0","0","0","0"
"20348","SRR17779805_CLEAN_REPAIRED_minContig2500_bin.4","1","1","0","0","1","0","0","1","1","1","1","1","0","1","1","1","1","0","0","1","0","1","1","0","0","0","0","0","0","0","1","0","0","0","0","0","0","0","0","0","0","1","0","0","0","0","0","0","0","0","0","0","0","0","0","0","0","0","0","0","0","0","0","0","0","0","0","0","0","0","0","0","0","0","0","0","0","0","0","0","0"
"20383","SRR17779806_CLEAN_REPAIRED_minContig2500_bin.7","1","1","0","1","0","0","0","1","1","1","1","1","0","1","1","1","0","0","1","0","0","0","0","0","0","0","0","0","0","0","1","0","0","0","0","0","0","0","0","0","0","0","0","1","0","0","0","0","0","0","0","0","0","0","0","0","0","0","0","0","0","0","0","0","0","0","0","0","0","0","0","0","0","0","0","0","0","0","0","0","0"
"20414","SRR17779807_CLEAN_REPAIRED_minContig2500_bin.1","1","1","0","0","1","0","0","1","1","1","1","1","1","1","1","1","1","0","0","1","0","1","1","0","0","0","0","0","0","0","0","0","0","0","0","0","0","0","0","0","0","0","0","0","0","0","0","0","0","0","0","0","0","0","0","0","0","0","0","0","0","0","0","0","0","0","0","0","0","0","0","0","0","0","0","0","0","0","0","0","0"
"20447","SRR17779808_CLEAN_REPAIRED_minContig2500_bin.3","1","1","0","0","1","0","0","1","1","1","1","1","1","1","1","1","1","0","0","1","0","1","1","0","0","0","0","0","0","0","0","0","0","0","0","0","0","0","0","0","0","0","0","0","0","0","0","0","0","0","0","0","0","0","0","0","0","0","0","0","0","0","0","0","0","0","0","0","0","0","0","0","0","0","0","0","0","0","0","0","0"
"20483","SRR17779810_CLEAN_REPAIRED_minContig2500_bin.2","1","1","0","0","1","0","0","1","1","1","1","1","1","1","1","1","1","0","0","1","0","1","1","0","0","0","0","0","0","0","0","0","0","0","0","0","0","0","0","0","0","0","0","0","0","0","0","0","0","0","0","0","0","0","0","0","0","0","0","0","0","0","0","0","0","0","0","0","0","0","0","0","0","0","0","0","0","0","0","0","0"
"20519","SRR17779811_CLEAN_REPAIRED_minContig2500_bin.4","1","1","0","0","1","0","0","1","1","1","1","1","1","1","1","1","1","0","0","1","0","1","1","0","0","0","0","0","0","0","0","0","0","0","0","0","0","0","0","0","0","0","0","0","0","0","0","0","0","0","0","0","0","0","0","0","0","0","0","0","0","0","0","0","0","0","0","0","0","0","0","0","0","0","0","0","0","0","0","0","0"
"20555","SRR17779812_CLEAN_REPAIRED_minContig2500_bin.5","1","1","0","1","0","0","0","1","1","1","1","1","0","1","1","1","1","0","1","1","0","0","0","0","0","0","0","0","0","1","1","1","0","1","1","1","1","1","1","1","0","0","0","1","0","0","0","0","0","0","0","0","0","0","0","0","0","0","0","0","0","0","0","0","0","0","0","0","0","0","0","0","0","0","0","0","0","0","0","0","0"
"20619","SRR17779813_CLEAN_REPAIRED_minContig2500_bin.3","1","1","0","0","1","0","0","1","1","1","1","1","1","1","1","1","1","0","0","1","0","1","0","0","0","0","0","0","0","0","0","0","0","0","0","0","0","0","0","0","0","0","0","0","0","0","0","0","0","0","0","0","0","0","0","0","0","0","0","0","0","0","0","0","0","0","0","0","0","0","0","0","0","0","0","0","0","0","0","0","0"
"20654","SRR17779814_CLEAN_REPAIRED_minContig2500_bin.5","1","1","0","0","1","0","0","1","1","1","1","1","1","1","1","1","1","0","0","1","0","1","0","0","0","0","0","0","0","0","0","0","0","0","0","0","0","0","0","0","0","0","0","0","0","0","0","0","0","0","0","0","0","0","0","0","0","0","0","0","0","0","0","0","0","0","0","0","0","0","0","0","0","0","0","0","0","0","0","0","0"
"20690","SRR17779815_CLEAN_REPAIRED_minContig2500_bin.4","1","1","0","0","1","0","0","1","1","1","1","1","1","1","1","1","1","0","0","1","0","1","0","0","0","0","0","0","0","0","0","0","0","0","0","0","0","0","0","0","0","0","0","0","0","0","0","0","0","0","0","0","0","0","0","0","0","0","0","0","0","0","0","0","0","0","0","0","0","0","0","0","0","0","0","0","0","0","0","0","0"
"20723","SRR17779816_CLEAN_REPAIRED_minContig2500_bin.3","1","1","0","0","1","0","0","1","1","1","1","1","1","1","1","1","1","0","0","1","0","1","1","0","0","0","0","0","0","0","0","0","0","0","0","0","0","0","0","0","0","0","0","0","0","0","0","0","0","0","0","0","0","0","0","0","0","0","0","0","0","0","0","0","0","0","0","0","0","0","0","0","0","0","0","0","0","0","0","0","0"
"20759","SRR17779817_CLEAN_REPAIRED_minContig2500_bin.5","0","0","0","0","0","0","0","1","1","1","1","0","1","0","0","0","0","0","0","1","0","0","1","0","0","0","0","0","0","0","0","0","0","0","0","0","0","0","0","0","0","0","0","0","0","0","0","0","0","0","0","0","0","0","0","0","0","0","0","0","0","0","0","0","0","0","0","0","0","0","0","0","0","0","0","0","0","0","0","0","0"
"20774","SRR17779818_CLEAN_REPAIRED_minContig2500_bin.3","1","1","0","0","1","0","0","1","1","1","1","1","1","1","1","1","1","0","0","1","0","1","1","0","0","0","0","0","0","0","1","0","0","0","0","0","0","0","0","0","0","0","0","0","0","0","0","0","0","0","0","0","0","0","0","0","0","0","0","0","0","0","0","0","0","0","0","0","0","0","0","0","0","0","0","0","0","0","0","0","0"
"20813","SRR17779819_CLEAN_REPAIRED_minContig2500_bin.2","1","1","0","0","1","0","0","1","1","1","1","1","1","1","1","1","1","0","0","1","0","1","1","0","0","0","0","0","0","0","0","0","0","0","0","0","0","0","0","0","0","0","0","0","0","0","0","0","0","0","0","0","0","0","0","0","0","0","0","0","0","0","0","0","0","0","0","0","0","0","0","0","0","0","0","0","0","0","0","0","0"
"20849","SRR17779820_CLEAN_REPAIRED_minContig2500_bin.8","1","1","0","1","1","0","0","0","0","0","1","0","1","1","0","0","1","0","0","1","0","1","1","0","0","0","0","0","0","0","0","0","0","0","0","0","0","0","0","0","0","0","0","0","0","0","0","0","0","0","0","0","0","0","0","0","0","0","0","0","0","0","0","0","0","0","0","0","0","0","0","0","0","0","0","0","0","0","0","0","0"
"20873","SRR17779821_CLEAN_REPAIRED_minContig2500_bin.3","1","1","0","1","0","0","0","1","1","1","0","1","1","1","1","1","1","0","0","1","0","0","0","0","0","0","0","0","0","0","0","0","0","0","0","0","0","0","0","0","0","0","0","0","0","0","0","0","0","0","0","0","0","0","0","0","0","0","0","0","0","0","0","0","0","0","0","0","0","0","0","0","0","0","0","0","0","0","0","0","0"
"20907","SRR17779824_CLEAN_REPAIRED_minContig2500_bin.5","1","1","0","0","0","0","0","1","1","1","1","0","0","1","1","0","1","0","0","1","0","0","0","0","0","0","0","0","0","0","1","0","0","0","0","0","0","0","0","0","0","0","0","0","0","0","0","0","0","0","0","0","0","0","0","0","0","0","0","0","0","0","0","0","0","0","0","0","0","0","0","0","0","0","0","0","0","0","0","0","0"
"20933","SRR17779825_CLEAN_REPAIRED_minContig2500_bin.4","1","1","0","0","1","0","0","1","1","1","1","1","1","1","1","1","1","0","0","1","0","1","1","0","0","0","0","0","0","0","0","0","0","0","0","0","0","0","0","0","0","0","0","0","0","0","0","0","0","0","0","0","0","0","0","0","0","0","0","0","0","0","0","0","0","0","0","0","0","0","0","0","0","0","0","0","0","0","0","0","0"
"20969","SRR17779826_CLEAN_REPAIRED_minContig2500_bin.4","1","1","1","1","1","1","1","1","1","1","1","1","1","1","1","1","1","0","1","1","1","1","1","1","1","1","1","1","1","1","0","0","0","0","0","0","0","0","0","0","0","1","1","0","0","0","0","0","0","0","0","0","0","0","0","0","0","0","0","0","0","0","0","0","0","0","0","0","0","0","0","0","0","0","0","0","0","0","0","0","0"
"21031","SRR17779827_CLEAN_REPAIRED_minContig2500_bin.2","1","1","1","1","1","1","1","1","1","1","1","1","1","1","1","1","1","0","1","1","1","1","1","1","1","1","1","1","1","1","0","0","0","0","0","0","0","0","0","0","0","1","1","0","0","0","0","0","0","0","0","0","0","0","0","0","0","0","0","0","0","0","0","0","0","0","0","0","0","0","0","0","0","0","0","0","0","0","0","0","0"
"21092","SRR17779828_CLEAN_REPAIRED_minContig2500_bin.1","1","1","1","1","1","1","1","1","1","1","1","1","1","1","1","1","1","0","1","1","1","1","1","1","1","1","1","1","1","1","0","0","0","0","0","0","0","0","0","0","0","1","1","0","0","0","0","0","0","0","0","0","0","0","0","0","0","0","0","0","0","0","0","0","0","0","0","0","0","0","0","0","0","0","0","0","0","0","0","0","0"
"21154","SRR17779829_CLEAN_REPAIRED_minContig2500_bin.1","1","1","1","1","1","1","1","1","1","1","1","1","1","1","1","1","1","0","1","1","1","1","1","1","1","1","1","1","1","1","0","0","0","0","0","0","0","0","0","0","0","1","1","0","0","0","0","0","0","0","0","0","0","0","0","0","0","0","0","0","0","0","0","0","0","0","0","0","0","0","0","0","0","0","0","0","0","0","0","0","0"
"21215","SRR17779830_CLEAN_REPAIRED_minContig2500_bin.3","1","1","1","1","1","1","1","1","1","1","1","1","1","1","1","1","1","0","1","1","1","1","1","1","1","1","1","1","1","1","0","0","0","0","0","0","0","0","0","0","0","1","1","0","0","0","0","0","0","0","0","0","0","0","0","0","0","0","0","0","0","0","0","0","0","0","0","0","0","0","0","0","0","0","0","0","0","0","0","0","0"
"21275","SRR17779832_CLEAN_REPAIRED_minContig2500_bin.2","1","1","1","1","1","1","1","1","1","1","1","1","1","1","1","1","1","1","1","1","1","1","1","1","1","1","1","1","1","1","0","0","0","1","1","1","0","1","1","1","0","1","1","0","0","0","0","0","0","0","0","0","0","0","0","0","0","0","0","0","0","0","0","0","0","0","0","0","0","0","0","0","0","0","0","0","0","0","0","0","0"
"21344","SRR17779833_CLEAN_REPAIRED_minContig2500_bin.10","1","1","1","1","1","1","1","1","1","1","1","1","1","1","1","1","1","0","1","1","1","1","1","1","1","1","1","1","1","1","0","0","0","0","0","0","0","0","0","0","0","1","1","0","0","0","0","0","0","0","0","0","0","0","0","0","0","0","0","0","0","0","0","0","0","0","0","0","0","0","0","0","0","0","0","0","0","0","0","0","0"
"21406","SRR17779834_CLEAN_REPAIRED_minContig2500_bin.11","1","1","1","1","1","1","1","1","1","1","1","1","1","1","1","1","1","0","1","1","1","1","1","1","1","1","1","1","1","1","0","0","0","0","0","0","0","0","0","0","0","1","1","0","0","0","0","0","0","0","0","0","0","0","0","0","0","0","0","0","0","0","0","0","0","0","0","0","0","0","0","0","0","0","0","0","0","0","0","0","0"
"21467","SRR17779836_CLEAN_REPAIRED_minContig2500_bin.4","1","1","1","1","1","1","1","1","1","1","1","1","1","1","1","1","1","0","1","1","1","1","1","1","1","1","1","1","1","1","0","0","0","0","0","0","0","0","0","0","0","1","1","0","0","0","0","0","0","0","0","0","0","0","0","0","0","0","0","0","0","0","0","0","0","0","0","0","0","0","0","0","0","0","0","0","0","0","0","0","0"
"21528","SRR17779839_CLEAN_REPAIRED_minContig2500_bin.8","1","1","0","0","1","0","0","1","1","1","1","1","1","1","1","1","1","0","0","1","0","1","1","0","0","0","0","0","0","0","0","0","0","0","0","0","0","0","0","0","0","0","0","0","0","0","0","0","0","0","0","0","0","0","0","0","0","0","0","0","0","0","0","0","0","0","0","0","0","0","0","0","0","0","0","0","0","0","0","0","0"
"21562","SRR17779840_CLEAN_REPAIRED_minContig2500_bin.6","1","1","1","0","1","0","0","1","1","1","1","1","1","1","1","1","1","0","0","1","0","1","0","0","0","0","0","0","0","0","0","0","0","0","0","0","0","0","0","0","0","1","0","0","0","0","0","0","0","0","0","0","0","0","0","0","0","0","0","0","0","0","0","0","0","0","0","0","0","0","0","0","0","0","0","0","0","0","0","0","0"
"21599","SRR17779845_CLEAN_REPAIRED_minContig2500_bin.10","1","1","0","0","1","0","0","1","1","1","1","1","1","1","1","1","1","0","0","1","0","1","1","0","0","0","0","0","0","0","0","0","0","0","0","0","0","0","0","0","0","0","0","0","0","0","0","0","0","0","0","0","0","0","0","0","0","0","0","0","0","0","0","0","0","0","0","0","0","0","0","0","0","0","0","0","0","0","0","0","0"
"21635","SRR17779846_CLEAN_REPAIRED_minContig2500_bin.8","1","1","1","1","1","0","0","1","1","1","1","1","1","1","1","1","1","0","1","1","0","1","0","0","0","0","0","0","0","1","0","0","0","0","0","0","0","0","0","0","0","1","0","0","0","0","0","0","0","0","0","0","0","0","0","0","0","0","0","0","0","0","0","0","0","0","0","0","0","0","0","0","0","0","0","0","0","0","0","0","0"
"21676","SRR17779847_CLEAN_REPAIRED_minContig2500_bin.3","1","1","0","0","1","0","0","1","1","1","1","1","1","1","1","1","1","0","0","1","0","1","1","0","0","0","0","0","0","0","0","0","0","0","0","0","0","0","0","0","0","0","0","0","0","0","0","0","0","0","0","0","0","0","0","0","0","0","0","0","0","0","0","0","0","0","0","0","0","0","0","0","0","0","0","0","0","0","0","0","0"
"21710","SRR17779848_CLEAN_REPAIRED_minContig2500_bin.2","1","1","0","0","1","0","0","1","1","1","1","1","1","1","1","1","1","0","0","1","0","1","1","0","0","0","0","0","0","0","0","0","0","0","0","0","0","0","0","0","0","0","0","0","0","0","0","0","0","0","0","0","0","0","0","0","0","0","0","0","0","0","0","0","0","0","0","0","0","0","0","0","0","0","0","0","0","0","0","0","0"
"21744","SRR17779849_CLEAN_REPAIRED_minContig2500_bin.2","1","0","0","1","1","0","0","1","1","1","1","1","1","1","1","1","1","0","0","0","0","1","0","0","0","0","0","0","0","0","0","0","0","0","0","0","0","0","0","0","0","1","0","0","0","0","0","0","0","0","0","0","0","0","0","0","0","0","0","0","0","0","0","0","0","0","0","0","0","0","0","0","0","0","0","0","0","0","0","0","0"
"21780","SRR17779850_CLEAN_REPAIRED_minContig2500_bin.3","1","0","0","1","1","0","0","1","1","1","1","1","1","1","1","1","1","0","0","0","0","1","0","0","0","0","0","0","0","0","0","0","0","0","0","0","0","0","0","0","0","1","0","0","0","0","0","0","0","0","0","0","0","0","0","0","0","0","0","0","0","0","0","0","0","0","0","0","0","0","0","0","0","0","0","0","0","0","0","0","0"
"21816","SRR17779851_CLEAN_REPAIRED_minContig2500_bin.2","1","0","0","1","1","0","0","1","1","1","1","1","1","1","1","1","1","0","0","0","0","1","0","0","0","0","0","0","0","0","0","0","0","0","0","0","0","0","0","0","0","1","0","0","0","0","0","0","0","0","0","0","0","0","0","0","0","0","0","0","0","0","0","0","0","0","0","0","0","0","0","0","0","0","0","0","0","0","0","0","0"
"21852","SRR17779858_CLEAN_REPAIRED_minContig2500_bin.3","1","1","0","0","1","0","0","0","0","1","1","1","1","1","1","1","1","0","0","1","0","1","0","0","0","0","0","0","0","0","0","0","0","0","0","0","0","0","0","0","0","1","0","0","0","0","0","0","0","0","0","0","0","0","0","0","0","0","0","0","0","0","0","0","0","0","0","0","0","0","0","0","0","0","0","0","0","0","0","0","0"
"21885","SRR17779859_CLEAN_REPAIRED_minContig2500_bin.1","1","1","0","0","1","0","0","1","1","1","1","1","1","1","1","1","1","0","0","1","0","1","1","0","0","0","0","0","0","0","0","0","0","0","0","0","0","0","0","0","0","0","0","0","0","0","0","0","0","0","0","0","0","0","0","0","0","0","0","0","0","0","0","0","0","0","0","0","0","0","0","0","0","0","0","0","0","0","0","0","0"
"21920","SRR17779860_CLEAN_REPAIRED_minContig2500_bin.3","1","1","0","0","1","0","0","1","1","1","1","1","1","1","1","1","1","0","0","1","0","1","1","0","0","0","0","0","0","0","0","0","0","0","0","0","0","0","0","0","0","0","0","0","0","0","0","0","0","0","0","0","0","0","0","0","0","0","0","0","0","0","0","0","0","0","0","0","0","0","0","0","0","0","0","0","0","0","0","0","0"
"21955","SRR17779861_CLEAN_REPAIRED_minContig2500_bin.1","1","1","0","0","1","0","0","1","1","1","1","1","1","1","1","1","1","0","0","1","0","1","1","0","0","0","0","0","0","0","0","0","0","0","0","0","0","0","0","0","0","0","0","0","0","0","0","0","0","0","0","0","0","0","0","0","0","0","0","0","0","0","0","0","0","0","0","0","0","0","0","0","0","0","0","0","0","0","0","0","0"
"21990","SRR17779862_CLEAN_REPAIRED_minContig2500_bin.2","1","1","0","0","1","0","0","1","1","1","1","1","1","1","1","1","1","0","0","1","0","1","1","0","0","0","0","0","0","0","0","0","0","0","0","0","0","0","0","0","0","0","0","0","0","0","0","0","0","0","0","0","0","0","0","0","0","0","0","0","0","0","0","0","0","0","0","0","0","0","0","0","0","0","0","0","0","0","0","0","0"
"22025","SRR17779863_CLEAN_REPAIRED_minContig2500_bin.2","1","1","0","0","1","0","0","1","1","1","1","1","1","1","1","1","1","0","0","1","0","1","1","0","0","0","0","0","0","0","0","0","0","0","0","0","0","0","0","0","0","0","0","0","0","0","0","0","0","0","0","0","0","0","0","0","0","0","0","0","0","0","0","0","0","0","0","0","0","0","0","0","0","0","0","0","0","0","0","0","0"
"22060","SRR17779865_CLEAN_REPAIRED_minContig2500_bin.3","1","1","0","0","1","0","0","1","1","1","1","1","1","0","1","1","1","0","0","1","0","1","1","0","0","0","0","0","0","0","0","0","0","0","0","0","0","0","0","0","0","1","0","0","0","0","0","0","0","0","0","0","0","0","0","0","0","0","0","0","0","0","0","0","0","0","0","0","0","0","0","0","0","0","0","0","0","0","0","0","0"
"22093","SRR17779866_CLEAN_REPAIRED_minContig2500_bin.3","1","1","0","0","1","0","0","1","0","1","1","1","1","1","1","0","1","0","0","0","0","1","1","0","0","0","0","0","0","0","0","0","0","0","0","0","0","0","0","0","0","0","0","0","0","0","0","0","0","0","0","0","0","0","0","0","0","0","0","0","0","0","0","0","0","0","0","0","0","0","0","0","0","0","0","0","0","0","0","0","0"
"22125","SRR17779868_CLEAN_REPAIRED_minContig2500_bin.2","1","1","0","0","1","0","0","1","1","1","1","1","1","1","1","1","1","0","0","1","0","1","1","0","0","0","0","0","0","0","0","0","0","0","0","0","0","0","0","0","0","0","0","0","0","0","0","0","0","0","0","0","0","0","0","0","0","0","0","0","0","0","0","0","0","0","0","0","0","0","0","0","0","0","0","0","0","0","0","0","0"
"22160","SRR17779870_CLEAN_REPAIRED_minContig2500_bin.4","1","1","0","1","0","0","0","1","1","1","1","1","1","1","1","1","1","1","1","1","1","0","0","0","0","0","0","0","0","0","0","0","0","0","0","0","0","0","0","0","0","0","0","0","0","0","0","0","0","0","0","0","0","0","0","0","0","0","0","0","0","0","0","0","0","0","0","0","0","0","0","0","0","0","0","0","0","0","0","0","0"
"22196","SRR17779871_CLEAN_REPAIRED_minContig2500_bin.5","1","1","0","1","0","0","0","1","1","1","1","1","1","1","1","1","1","0","1","1","1","0","0","0","0","0","0","0","0","0","0","0","0","0","0","0","0","0","0","0","0","0","0","0","0","0","0","0","0","0","0","0","0","0","0","0","0","0","0","0","0","0","0","0","0","0","0","0","0","0","0","0","0","0","0","0","0","0","0","0","0"
"22233","SRR17779872_CLEAN_REPAIRED_minContig2500_bin.1","1","1","0","1","0","0","0","1","1","1","1","1","1","1","1","1","1","1","1","1","1","0","0","0","0","0","0","0","0","0","0","0","0","0","0","0","0","0","0","0","0","0","0","0","0","0","0","0","0","0","0","0","0","0","0","0","0","0","0","0","0","0","0","0","0","0","0","0","0","0","0","0","0","0","0","0","0","0","0","0","0"
"22273","SRR17779876_CLEAN_REPAIRED_minContig2500_bin.8","0","1","0","1","1","1","1","1","1","1","1","0","0","1","1","1","1","0","1","1","0","1","0","1","0","1","1","0","0","1","0","0","0","0","0","0","0","0","0","0","0","0","0","0","0","0","0","0","0","0","0","0","0","0","0","0","0","0","0","0","0","0","0","0","0","0","0","0","0","0","0","0","0","0","0","0","0","0","0","0","0"
"22313","SRR17779881_CLEAN_REPAIRED_minContig2500_bin.5","1","1","0","1","0","0","0","1","1","1","1","1","1","1","1","1","1","0","0","0","1","0","0","0","0","0","0","0","0","0","0","0","0","0","0","0","0","0","0","0","0","0","0","0","0","0","0","0","0","0","0","0","0","0","0","0","0","0","0","0","0","0","0","0","0","0","0","0","0","0","0","0","0","0","0","0","0","0","0","0","0"
"22345","SRR17779883_CLEAN_REPAIRED_minContig2500_bin.2","1","1","0","1","0","0","0","1","1","1","1","1","1","1","1","1","1","1","1","1","1","0","0","0","0","0","0","0","0","0","0","0","0","0","0","0","0","0","0","0","0","0","0","0","0","0","0","0","0","0","0","0","0","0","0","0","0","0","0","0","0","0","0","0","0","0","0","0","0","0","0","0","0","0","0","0","0","0","0","0","0"
"22381","SRR17779884_CLEAN_REPAIRED_minContig2500_bin.3","0","1","0","1","0","0","0","1","1","1","1","1","1","1","1","1","1","1","1","1","1","0","0","0","0","0","0","0","0","0","0","0","0","0","0","0","0","0","0","0","0","0","0","0","0","0","0","0","0","0","0","0","0","0","0","0","0","0","0","0","0","0","0","0","0","0","0","0","0","0","0","0","0","0","0","0","0","0","0","0","0"
"22421","SRR17779885_CLEAN_REPAIRED_minContig2500_bin.3","1","1","0","1","0","0","0","1","1","1","1","1","1","1","1","1","1","1","1","1","1","0","0","0","0","0","0","0","0","0","0","0","0","0","0","0","0","0","0","0","0","0","0","0","0","0","0","0","0","0","0","0","0","0","0","0","0","0","0","0","0","0","0","0","0","0","0","0","0","0","0","0","0","0","0","0","0","0","0","0","0"
"22457","SRR17779886_CLEAN_REPAIRED_minContig2500_bin.2","1","1","1","1","0","0","0","1","1","1","1","1","1","1","1","1","1","1","1","0","1","0","0","0","0","0","0","0","0","1","0","0","0","0","0","0","0","0","0","0","0","0","0","0","0","0","0","0","0","0","0","0","0","0","0","0","0","0","0","0","0","0","0","0","0","0","0","0","0","0","0","0","0","0","0","0","0","0","0","0","0"
"22496","SRR17779887_CLEAN_REPAIRED_minContig2500_bin.2","0","0","0","0","1","1","1","0","1","1","0","1","0","1","1","1","1","0","1","1","0","1","0","1","0","1","1","0","0","1","0","0","0","0","0","0","0","0","0","0","0","0","0","0","0","0","0","0","0","0","0","0","0","0","0","0","0","0","0","0","0","0","0","0","0","0","0","0","0","0","0","0","0","0","0","0","0","0","0","0","0"
"22535","SRR17779889_CLEAN_REPAIRED_minContig2500_bin.1","1","1","0","1","0","0","0","1","1","1","1","1","1","1","1","1","1","0","1","1","1","0","0","0","0","0","0","0","0","0","0","0","0","0","0","0","0","0","0","0","0","0","0","0","0","0","0","0","0","0","0","0","0","0","0","0","0","0","0","0","0","0","0","0","0","0","0","0","0","0","0","0","0","0","0","0","0","0","0","0","0"
"22572","SRR17779890_CLEAN_REPAIRED_minContig2500_bin.4","1","1","0","1","0","0","0","1","1","1","1","1","1","1","1","1","1","0","1","1","1","0","0","0","0","0","0","0","0","0","0","0","0","0","0","0","0","0","0","0","0","0","0","0","0","0","0","0","0","0","0","0","0","0","0","0","0","0","0","0","0","0","0","0","0","0","0","0","0","0","0","0","0","0","0","0","0","0","0","0","0"
"22611","SRR17779891_CLEAN_REPAIRED_minContig2500_bin.1","1","1","0","1","0","0","0","1","1","1","1","1","1","1","1","1","1","1","1","1","1","0","0","0","0","0","0","0","0","0","0","0","0","0","0","0","0","0","0","0","0","0","0","0","0","0","0","0","0","0","0","0","0","0","0","0","0","0","0","0","0","0","0","0","0","0","0","0","0","0","0","0","0","0","0","0","0","0","0","0","0"
"22646","SRR17779892_CLEAN_REPAIRED_minContig2500_bin.3","1","1","1","1","1","0","0","1","1","1","1","1","1","1","1","1","1","0","1","1","0","1","0","0","0","0","0","0","0","0","0","0","0","0","0","0","0","0","0","0","0","0","0","0","0","0","0","0","0","0","0","0","0","0","0","0","0","0","0","0","0","0","0","0","0","0","0","0","0","0","0","0","0","0","0","0","0","0","0","0","0"
"22689","SRR17779893_CLEAN_REPAIRED_minContig2500_bin.2","1","1","1","1","1","0","0","1","1","1","1","1","1","1","1","1","1","0","1","1","0","1","0","0","0","0","0","0","0","0","0","0","0","0","0","0","0","0","0","0","0","0","0","0","0","0","0","0","0","0","0","0","0","0","0","0","0","0","0","0","0","0","0","0","0","0","0","0","0","0","0","0","0","0","0","0","0","0","0","0","0"
"22734","SRR17779894_CLEAN_REPAIRED_minContig2500_bin.2","1","1","1","1","1","0","0","1","1","1","1","1","1","1","1","1","1","0","1","1","0","1","0","0","0","0","0","0","0","0","0","0","0","0","0","0","0","0","0","0","0","0","0","0","0","0","0","0","0","0","0","0","0","0","0","0","0","0","0","0","0","0","0","0","0","0","0","0","0","0","0","0","0","0","0","0","0","0","0","0","0"
"22779","SRR17779895_CLEAN_REPAIRED_minContig2500_bin.1","1","1","1","1","1","0","0","1","1","1","1","1","1","1","1","1","1","0","1","1","0","1","0","0","0","0","0","0","0","1","0","1","0","0","0","0","0","0","0","0","0","0","0","0","0","0","0","0","0","0","0","0","0","0","0","0","0","0","0","0","0","0","0","0","0","0","0","0","0","0","0","0","0","0","0","0","0","0","0","0","0"
"22838","SRR17779896_CLEAN_REPAIRED_minContig2500_bin.2","1","1","1","1","1","0","0","1","1","1","1","1","1","1","1","1","1","0","1","1","0","1","0","0","0","0","0","0","0","0","0","0","0","0","0","0","0","0","0","0","0","0","0","0","0","0","0","0","0","0","0","0","0","0","0","0","0","0","0","0","0","0","0","0","0","0","0","0","0","0","0","0","0","0","0","0","0","0","0","0","0"
"22881","SRR17779897_CLEAN_REPAIRED_minContig2500_bin.4","1","1","0","1","0","0","0","1","1","1","1","1","0","1","1","1","1","0","0","0","1","0","0","0","0","0","0","0","0","0","0","0","0","0","0","0","0","0","0","0","0","0","0","0","0","0","0","0","1","0","0","0","0","0","0","0","0","0","0","0","0","0","0","0","0","0","0","0","0","0","0","0","0","0","0","0","0","0","0","0","0"
"22911","SRR17779898_CLEAN_REPAIRED_minContig2500_bin.2","1","1","1","1","1","0","0","1","1","1","1","1","1","1","1","1","1","0","1","1","0","1","0","0","0","0","0","0","0","0","0","0","0","0","0","0","0","0","0","0","0","0","0","0","0","0","0","0","0","0","0","0","0","0","0","0","0","0","0","0","0","0","0","0","0","0","0","0","0","0","0","0","0","0","0","0","0","0","0","0","0"
"22954","SRR17779900_CLEAN_REPAIRED_minContig2500_bin.4","1","1","0","1","0","0","0","1","1","1","1","1","0","1","1","1","1","0","0","0","1","0","0","0","0","0","0","0","0","0","0","0","0","0","0","0","0","0","0","0","0","0","0","0","0","0","0","0","0","0","0","0","0","0","0","0","0","0","0","0","0","0","0","0","0","0","0","0","0","0","0","0","0","0","0","0","0","0","0","0","0"
"22983","SRR17779901_CLEAN_REPAIRED_minContig2500_bin.5","1","1","1","1","0","1","1","1","1","1","1","1","1","1","1","1","1","0","0","1","0","1","0","0","0","0","0","1","0","0","0","0","0","0","0","0","0","0","0","0","0","0","1","0","0","0","0","0","0","0","0","0","0","0","0","0","0","0","0","0","0","0","0","0","0","0","0","0","0","0","0","0","0","0","0","0","0","0","0","0","0"
"23023","SRR17779904_CLEAN_REPAIRED_minContig2500_bin.3","1","1","1","1","0","1","1","1","1","1","1","1","1","1","1","1","1","0","0","1","0","1","0","0","0","0","0","1","0","0","0","0","0","0","0","0","0","0","0","0","0","0","1","0","0","0","0","0","0","0","0","0","0","0","0","0","0","0","0","0","0","0","0","0","0","0","0","0","0","0","0","0","0","0","0","0","0","0","0","0","0"
"23062","SRR17779905_CLEAN_REPAIRED_minContig2500_bin.1","1","1","1","1","0","1","1","1","1","1","1","1","1","1","1","1","1","0","0","1","0","1","0","0","0","0","0","1","0","0","0","0","0","0","0","0","0","0","0","0","0","0","1","0","0","0","0","0","0","0","0","0","0","0","0","0","0","0","0","0","0","0","0","0","0","0","0","0","0","0","0","0","0","0","0","0","0","0","0","0","0"
"23101","SRR17779906_CLEAN_REPAIRED_minContig2500_bin.1","1","1","1","1","0","1","1","1","1","1","1","1","1","1","1","1","1","0","0","1","0","1","0","0","0","0","0","1","0","0","0","0","0","0","0","0","0","0","0","0","0","0","1","0","0","0","0","0","0","0","0","0","0","0","0","0","0","0","0","0","0","0","0","0","0","0","0","0","0","0","0","0","0","0","0","0","0","0","0","0","0"
"23140","SRR17779907_CLEAN_REPAIRED_minContig2500_bin.1","1","1","1","1","0","1","1","1","1","1","1","1","1","1","1","1","1","0","0","1","0","1","0","0","0","0","0","1","0","0","0","0","0","0","0","0","0","0","0","0","0","0","1","0","0","0","0","0","0","0","0","0","0","0","0","0","0","0","0","0","0","0","0","0","0","0","0","0","0","0","0","0","0","0","0","0","0","0","0","0","0"
"23178","SRR17779908_CLEAN_REPAIRED_minContig2500_bin.5","1","1","1","1","0","1","1","1","1","1","1","1","1","1","1","1","1","0","0","1","0","1","0","0","0","0","0","1","0","0","0","0","0","0","0","0","0","0","0","0","0","0","1","0","0","0","0","0","0","0","0","0","0","0","0","0","0","0","0","0","0","0","0","0","0","0","0","0","0","0","0","0","0","0","0","0","0","0","0","0","0"
"23217","SRR17779909_CLEAN_REPAIRED_minContig2500_bin.8","1","1","1","1","0","1","1","1","1","1","1","1","1","1","1","1","1","0","0","1","0","1","0","0","0","0","0","1","0","0","0","0","0","0","0","0","0","0","0","0","0","0","1","0","0","0","0","0","0","0","0","0","0","0","0","0","0","0","0","0","0","0","0","0","0","0","0","0","0","0","0","0","0","0","0","0","0","0","0","0","0"
"23256","SRR17779910_CLEAN_REPAIRED_minContig2500_bin.2","1","1","1","1","0","1","1","1","1","1","1","1","1","1","1","1","1","0","0","1","0","1","0","0","0","0","0","1","0","0","0","0","0","0","0","0","0","0","0","0","0","0","1","0","0","0","0","0","0","0","0","0","0","0","0","0","0","0","0","0","0","0","0","0","0","0","0","0","0","0","0","0","0","0","0","0","0","0","0","0","0"
"23296","SRR17779911_CLEAN_REPAIRED_minContig2500_bin.1","1","1","0","1","1","0","1","1","1","1","1","1","0","1","1","1","1","0","1","1","0","1","0","1","0","1","0","1","1","0","0","0","0","0","0","0","0","0","0","0","0","0","0","0","0","0","0","0","0","0","0","0","0","0","0","0","0","0","0","0","0","0","0","0","0","0","0","0","0","0","0","0","0","0","0","0","0","0","0","0","0"
"23333","SRR17779914_CLEAN_REPAIRED_minContig2500_bin.3","0","1","0","0","0","0","0","0","0","0","0","1","0","1","1","1","1","0","1","0","0","0","0","0","0","0","0","0","0","1","1","1","0","1","1","1","0","1","0","1","0","0","0","1","0","0","0","0","0","0","0","0","0","0","0","0","0","0","0","0","0","0","0","0","0","0","0","0","0","0","0","0","0","0","0","0","0","0","0","0","0"
"23382","SRR17779920_CLEAN_REPAIRED_minContig2500_bin.2","0","0","0","0","0","0","0","0","0","0","0","1","0","1","0","1","0","0","0","1","0","0","1","0","0","0","0","0","0","1","0","0","0","0","0","0","0","0","0","0","0","0","0","0","0","0","0","0","0","0","0","0","0","0","0","0","0","0","0","0","0","0","0","0","0","0","0","0","0","0","0","0","0","0","0","0","0","0","0","0","0"
"23394","SRR17779922_CLEAN_REPAIRED_minContig2500_bin.4","0","1","0","1","1","0","1","0","1","0","1","1","0","0","1","0","1","0","1","1","0","1","0","1","0","1","0","1","0","1","0","0","0","0","0","0","0","0","0","0","0","1","0","0","0","0","0","0","0","0","0","0","0","0","0","0","0","0","0","0","0","0","0","0","0","0","0","0","0","0","0","0","0","0","0","0","0","0","0","0","0"
"23421","SRR17779925_CLEAN_REPAIRED_minContig2500_bin.4","1","1","0","1","0","0","0","1","1","1","1","1","0","1","1","1","1","0","1","0","1","0","0","0","0","0","0","0","0","1","1","0","0","0","0","0","0","0","0","0","0","0","0","1","0","0","0","0","0","0","0","0","0","0","0","0","0","0","0","0","0","0","0","0","0","0","0","0","0","0","0","0","0","0","0","0","0","0","0","0","0"
"23460","SRR17779926_CLEAN_REPAIRED_minContig2500_bin.1","1","1","0","0","1","0","1","1","1","1","1","1","0","1","0","1","0","0","1","1","0","1","1","1","0","1","0","1","1","0","0","0","0","0","0","0","0","0","0","0","0","0","0","0","0","0","0","0","0","0","0","0","0","0","0","0","0","0","0","0","0","0","0","0","0","0","0","0","0","0","0","0","0","0","0","0","0","0","0","0","0"
"23496","SRR17779929_CLEAN_REPAIRED_minContig2500_bin.1","1","0","0","1","1","0","0","1","1","1","1","1","1","1","1","1","1","0","0","0","0","1","0","0","0","0","0","0","0","0","0","0","0","0","0","0","0","0","0","0","0","1","0","0","0","0","0","0","0","0","0","0","0","0","0","0","0","0","0","0","0","0","0","0","0","0","0","0","0","0","0","0","0","0","0","0","0","0","0","0","0"
"23530","SRR17779930_CLEAN_REPAIRED_minContig2500_bin.4","1","0","0","1","1","0","0","1","1","1","1","1","1","1","1","1","1","0","0","0","0","1","0","0","0","0","0","0","0","0","0","0","0","0","0","0","0","0","0","0","0","1","0","0","0","0","0","0","0","0","0","0","0","0","0","0","0","0","0","0","0","0","0","0","0","0","0","0","0","0","0","0","0","0","0","0","0","0","0","0","0"
"23564","SRR17779931_CLEAN_REPAIRED_minContig2500_bin.4","1","0","0","1","1","0","0","1","1","1","1","1","1","1","1","1","1","0","0","0","0","1","0","0","0","0","0","0","0","0","0","0","0","0","1","0","1","1","0","1","0","1","0","0","0","0","0","0","0","0","0","0","0","0","0","0","0","0","0","0","0","0","0","0","0","0","0","0","0","0","0","0","0","0","0","0","0","0","0","0","0"
"23602","SRR17779932_CLEAN_REPAIRED_minContig2500_bin.5","1","0","0","1","1","0","0","1","1","1","1","1","1","1","1","1","1","0","0","0","0","1","0","0","0","0","0","0","0","0","0","0","0","0","1","0","1","1","0","1","0","1","0","0","0","0","0","0","0","0","0","0","0","0","0","0","0","0","0","0","0","0","0","0","0","0","0","0","0","0","0","0","0","0","0","0","0","0","0","0","0"
"23640","SRR17779934_CLEAN_REPAIRED_minContig2500_bin.2","1","1","1","1","1","0","0","1","1","1","1","1","1","1","1","1","1","1","1","1","0","1","0","0","0","0","0","0","0","0","0","1","0","1","1","1","0","1","1","1","0","1","0","0","0","0","0","0","0","0","0","0","0","0","0","0","0","0","0","0","0","0","0","0","0","0","0","0","0","0","0","0","0","0","0","0","0","0","0","0","0"
"23706","SRR17779935_CLEAN_REPAIRED_minContig2500_bin.1","0","0","0","0","0","0","0","1","1","1","1","1","0","0","0","0","0","0","0","0","0","0","0","0","0","0","0","0","0","0","0","0","0","0","0","0","0","0","0","0","0","0","0","0","0","0","0","0","0","0","0","0","0","0","0","0","0","0","0","0","0","0","0","0","0","0","0","0","0","0","0","0","0","0","0","0","0","0","0","0","0"
"23718","SRR17779937_CLEAN_REPAIRED_minContig2500_bin.1","0","0","0","0","0","0","0","0","1","1","0","1","0","1","1","1","1","1","0","0","0","0","0","0","0","0","0","0","0","1","0","0","0","1","1","1","0","1","1","1","0","0","0","0","0","0","0","0","0","0","0","0","0","0","0","0","0","0","0","0","0","0","0","0","0","0","0","0","0","0","0","0","0","0","0","0","0","0","0","0","0"
"23752","SRR17779939_CLEAN_REPAIRED_minContig2500_bin.1","1","1","0","1","0","0","0","1","1","1","1","0","0","1","1","1","1","0","0","1","0","0","0","0","0","0","0","0","0","1","0","0","0","0","0","0","0","0","0","0","0","1","0","0","0","0","0","0","0","0","0","0","0","0","0","0","0","0","0","0","0","0","0","0","0","0","0","0","0","0","0","0","0","0","0","0","0","0","0","0","0"
"23786","SRR17779940_CLEAN_REPAIRED_minContig2500_bin.1","1","1","0","1","0","0","0","1","1","1","1","1","0","1","1","1","1","0","1","0","1","0","0","0","0","0","0","0","0","1","1","0","0","0","0","0","0","0","0","0","0","0","0","1","0","0","0","0","0","0","0","0","0","0","0","0","0","0","0","0","0","0","0","0","0","0","0","0","0","0","0","0","0","0","0","0","0","0","0","0","0"
"23825","SRR17779941_CLEAN_REPAIRED_minContig2500_bin.1","1","1","1","1","1","0","0","1","1","1","1","1","1","1","1","1","1","0","1","1","0","1","0","0","0","0","0","0","0","1","0","0","0","0","0","0","0","0","0","0","0","1","0","0","0","0","0","0","0","0","0","0","0","0","0","0","0","0","0","0","0","0","0","0","0","0","0","0","0","0","0","0","0","0","0","0","0","0","0","0","0"
"23872","SRR17779942_CLEAN_REPAIRED_minContig2500_bin.3","1","1","1","1","1","0","0","1","1","1","1","1","1","1","1","1","1","0","1","1","0","1","0","0","0","0","0","0","0","0","0","0","0","0","0","0","0","0","0","0","0","0","0","0","0","0","0","0","0","0","0","0","0","0","0","0","0","0","0","0","0","0","0","0","0","0","0","0","0","0","0","0","0","0","0","0","0","0","0","0","0"
"23922","SRR17779943_CLEAN_REPAIRED_minContig2500_bin.3","1","1","0","1","0","0","0","1","1","1","1","1","0","1","1","1","1","0","0","0","0","0","0","0","0","0","0","0","0","0","0","0","0","0","0","0","0","0","0","0","0","0","0","0","0","0","0","0","0","0","0","0","0","0","0","0","0","0","0","0","0","0","0","0","0","0","0","0","0","0","0","0","0","0","0","0","0","0","0","0","0"
"23950","SRR17779944_CLEAN_REPAIRED_minContig2500_bin.3","1","1","0","1","0","0","0","1","1","1","1","1","0","1","1","1","1","0","1","0","1","0","0","0","0","0","0","0","0","0","0","0","0","0","0","0","0","0","0","0","0","1","0","0","0","0","0","0","0","0","0","0","0","0","0","0","0","0","0","0","0","0","0","0","0","0","0","0","0","0","0","0","0","0","0","0","0","0","0","0","0"
"23982","SRR17779945_CLEAN_REPAIRED_minContig2500_bin.2","1","1","0","0","0","0","0","1","1","1","1","1","0","1","1","1","1","0","0","0","0","0","0","0","0","0","0","0","0","1","0","0","0","0","0","0","0","0","0","0","0","1","0","0","0","0","0","0","0","0","0","0","0","0","0","0","0","0","0","0","0","0","0","0","0","0","0","0","0","0","0","0","0","0","0","0","0","0","0","0","0"
"24011","SRR17779946_CLEAN_REPAIRED_minContig2500_bin.1","1","1","1","1","1","0","0","1","1","1","1","1","1","1","1","0","1","0","0","1","1","1","0","0","0","0","0","0","0","0","0","0","0","0","0","0","0","0","0","0","0","0","0","0","0","0","0","0","0","0","0","0","0","0","0","0","0","0","0","0","0","0","0","0","0","0","0","0","0","0","0","0","0","0","0","0","0","0","0","0","0"
"24050","SRR17779947_CLEAN_REPAIRED_minContig2500_bin.3","1","1","0","1","0","0","0","1","1","1","1","1","0","1","1","1","1","0","0","0","1","0","0","0","0","0","0","0","0","0","0","0","0","0","0","0","0","0","0","0","0","0","0","0","0","0","0","0","0","0","0","0","0","0","0","0","0","0","0","0","0","0","0","0","0","0","0","0","0","0","0","0","0","0","0","0","0","0","0","0","0"
"24079","SRR17779951_CLEAN_REPAIRED_minContig2500_bin.1","1","1","0","1","0","0","0","1","1","1","1","1","0","1","1","1","1","0","1","0","1","0","0","0","0","0","0","0","0","1","0","0","0","0","0","0","0","0","0","0","0","0","0","1","0","0","0","0","0","0","0","0","0","0","0","0","0","0","0","0","0","0","0","0","0","0","0","0","0","0","0","0","0","0","0","0","0","0","0","0","0"
"24117","SRR17779958_CLEAN_REPAIRED_minContig2500_bin.3","1","1","1","1","0","0","0","0","1","1","1","1","0","1","1","0","1","0","1","0","1","0","0","0","0","0","0","0","0","1","0","1","0","0","0","0","0","0","0","0","0","1","0","0","0","0","0","0","0","1","0","0","0","0","0","0","0","0","0","0","0","0","0","0","0","0","0","0","0","0","0","0","0","0","0","0","0","0","0","0","0"
"24162","SRR17779962_CLEAN_REPAIRED_minContig2500_bin.3","1","1","0","1","0","0","0","1","1","1","1","1","0","1","1","1","1","0","1","0","1","0","0","0","0","0","0","0","0","1","1","0","0","0","0","0","0","0","0","0","0","0","0","1","0","0","0","0","1","0","0","0","0","0","0","0","0","0","0","0","0","0","0","0","0","0","0","0","0","0","0","0","0","0","0","0","0","0","0","0","0"
"24202","SRR17779965_CLEAN_REPAIRED_minContig2500_bin.4","0","0","0","0","0","1","1","1","1","1","1","1","0","1","1","1","1","0","1","1","1","0","0","1","1","1","1","0","1","0","0","0","0","0","0","0","0","0","0","0","0","0","1","0","0","0","0","0","0","0","0","0","0","0","0","0","0","0","0","0","0","0","0","0","0","0","0","0","0","0","0","0","0","0","0","0","0","0","0","0","0"
"24240","SRR17779966_CLEAN_REPAIRED_minContig2500_bin.1","1","1","0","1","0","0","0","1","1","1","1","1","0","1","1","1","1","0","1","0","1","0","0","0","0","0","0","0","0","1","1","1","1","1","1","1","1","1","1","1","0","0","0","1","0","0","0","0","0","0","0","0","0","0","0","0","0","0","0","0","0","0","0","0","0","0","0","0","0","0","0","0","0","0","0","0","0","0","0","0","0"
"24307","SRR17779967_CLEAN_REPAIRED_minContig2500_bin.1","0","0","0","0","0","1","1","1","1","1","1","1","0","1","1","1","1","0","1","1","1","0","0","1","1","1","1","0","1","0","0","0","0","0","0","0","0","0","0","0","0","0","1","0","0","0","0","0","0","0","0","0","0","0","0","0","0","0","0","0","0","0","0","0","0","0","0","0","0","0","0","0","0","0","0","0","0","0","0","0","0"
"24346","SRR17779968_CLEAN_REPAIRED_minContig2500_bin.3","0","0","0","0","0","1","1","1","1","1","1","1","0","1","1","1","1","0","1","1","1","0","0","1","1","1","1","0","1","0","0","0","0","0","0","0","0","0","0","0","0","0","1","0","0","0","0","0","0","0","0","0","0","0","0","0","0","0","0","0","0","0","0","0","0","0","0","0","0","0","0","0","0","0","0","0","0","0","0","0","0"
"24386","SRR17779969_CLEAN_REPAIRED_minContig2500_bin.2","0","0","0","0","0","1","1","1","1","1","1","1","0","1","1","1","1","0","1","1","1","0","0","1","1","1","1","0","1","0","0","0","0","0","0","0","0","0","0","0","0","0","1","0","0","0","0","0","0","0","0","0","0","0","0","0","0","0","0","0","0","0","0","0","0","0","0","0","0","0","0","0","0","0","0","0","0","0","0","0","0"
"24425","SRR17779970_CLEAN_REPAIRED_minContig2500_bin.5","0","0","0","0","0","1","1","1","1","1","1","1","0","1","1","1","1","0","1","1","1","0","0","1","1","1","1","0","1","0","0","0","0","0","0","0","0","0","0","0","0","0","1","0","0","0","0","0","0","0","0","0","0","0","0","0","0","0","0","0","0","0","0","0","0","0","0","0","0","0","0","0","0","0","0","0","0","0","0","0","0"
"24464","SRR17779971_CLEAN_REPAIRED_minContig2500_bin.1","0","0","0","0","0","1","1","1","1","1","1","1","0","1","1","1","1","0","1","1","1","0","0","1","1","1","1","0","1","0","0","0","0","0","0","0","0","0","0","0","0","0","1","0","0","0","0","0","0","0","0","0","0","0","0","0","0","0","0","0","0","0","0","0","0","0","0","0","0","0","0","0","0","0","0","0","0","0","0","0","0"
"24502","SRR17779972_CLEAN_REPAIRED_minContig2500_bin.3","0","0","0","0","0","1","1","1","1","1","1","1","0","1","1","1","1","0","1","1","1","0","0","1","1","1","1","0","1","0","0","0","0","0","0","0","0","0","0","0","0","0","1","0","0","0","0","0","0","0","0","0","0","0","0","0","0","0","0","0","0","0","0","0","0","0","0","0","0","0","0","0","0","0","0","0","0","0","0","0","0"
"24539","SRR17779973_CLEAN_REPAIRED_minContig2500_bin.2","0","0","0","0","0","1","1","1","1","1","1","1","0","1","1","1","1","0","1","1","1","0","0","1","1","1","1","0","1","0","0","0","0","0","0","0","0","0","0","0","0","0","1","0","0","0","0","0","0","0","0","0","0","0","0","0","0","0","0","0","0","0","0","0","0","0","0","0","0","0","0","0","0","0","0","0","0","0","0","0","0"
"24578","SRR17779974_CLEAN_REPAIRED_minContig2500_bin.1","0","0","0","0","0","1","1","1","1","1","1","1","0","1","1","1","1","0","1","1","1","0","0","1","1","1","1","0","1","0","0","0","0","0","0","0","0","0","0","0","0","0","1","0","0","0","0","0","0","0","0","0","0","0","0","0","0","0","0","0","0","0","0","0","0","0","0","0","0","0","0","0","0","0","0","0","0","0","0","0","0"
"24617","SRR17779975_CLEAN_REPAIRED_minContig2500_bin.1","0","0","0","0","0","1","1","1","1","1","1","1","0","1","1","1","1","0","1","1","1","0","0","1","1","1","1","0","1","0","0","0","0","0","0","0","0","0","0","0","0","0","1","0","0","0","0","0","0","0","0","0","0","0","0","0","0","0","0","0","0","0","0","0","0","0","0","0","0","0","0","0","0","0","0","0","0","0","0","0","0"
"24655","SRR17779976_CLEAN_REPAIRED_minContig2500_bin.5","0","0","0","0","0","1","1","1","1","1","1","1","0","1","1","1","1","0","1","1","1","0","0","1","1","1","1","0","1","0","0","0","0","0","0","0","0","0","0","0","0","0","1","0","0","0","0","0","0","0","0","0","0","0","0","0","0","0","0","0","0","0","0","0","0","0","0","0","0","0","0","0","0","0","0","0","0","0","0","0","0"
"24694","SRR17779977_CLEAN_REPAIRED_minContig2500_bin.3","1","1","0","1","0","0","0","1","1","1","1","1","0","1","1","1","1","0","1","0","1","0","0","0","0","0","0","0","0","1","1","1","0","1","1","1","1","1","1","1","0","0","0","1","0","0","0","0","0","0","0","0","0","0","0","0","0","0","0","0","0","0","0","0","0","0","0","0","0","0","0","0","0","0","0","0","0","0","0","0","0"
"24755","SRR17779978_CLEAN_REPAIRED_minContig2500_bin.2","0","0","0","0","0","1","1","1","1","1","1","1","0","1","1","1","1","0","1","1","1","0","0","1","1","1","1","0","1","0","0","0","0","0","0","0","0","0","0","0","0","0","1","0","0","0","0","0","0","0","0","0","0","0","0","0","0","0","0","0","0","0","0","0","0","0","0","0","0","0","0","0","0","0","0","0","0","0","0","0","0"
"24794","SRR17779979_CLEAN_REPAIRED_minContig2500_bin.1","0","0","0","0","0","1","1","1","1","1","1","1","0","1","1","1","1","0","1","1","1","0","0","1","1","1","1","0","1","0","0","0","0","0","0","0","0","0","0","0","0","0","1","0","0","0","0","0","0","0","0","0","0","0","0","0","0","0","0","0","0","0","0","0","0","0","0","0","0","0","0","0","0","0","0","0","0","0","0","0","0"
"24833","SRR17779981_CLEAN_REPAIRED_minContig2500_bin.5","1","0","0","1","1","0","0","1","1","1","1","1","1","1","1","1","1","0","0","1","0","1","0","0","0","0","0","0","0","0","0","0","0","0","0","0","0","0","0","0","1","0","0","0","0","0","0","0","0","0","0","0","0","0","0","0","0","0","0","0","0","0","0","0","0","0","0","0","0","0","0","0","0","0","0","0","0","0","0","0","0"
"24864","SRR17779983_CLEAN_REPAIRED_minContig2500_bin.3","1","0","0","1","1","0","0","1","1","1","1","1","1","1","1","1","1","0","0","1","0","1","0","0","0","0","0","0","0","1","0","0","0","0","0","0","0","0","0","0","0","0","0","0","0","0","0","0","0","0","0","0","0","0","0","0","0","0","0","0","0","0","0","0","0","0","0","0","0","0","0","0","0","0","0","0","0","0","0","0","0"
"24897","SRR17779985_CLEAN_REPAIRED_minContig2500_bin.4","1","0","0","1","1","0","0","1","1","1","1","1","1","1","1","1","1","0","0","1","0","1","0","0","0","0","0","0","0","0","0","0","0","0","0","0","0","0","0","0","1","0","0","0","0","0","0","0","0","0","0","0","0","0","0","0","0","0","0","0","0","0","0","0","0","0","0","0","0","0","0","0","0","0","0","0","0","0","0","0","0"
"24930","SRR17779986_CLEAN_REPAIRED_minContig2500_bin.1","1","0","0","1","1","0","0","1","1","1","1","1","1","1","1","1","1","0","0","1","0","1","0","0","0","0","0","0","0","0","0","0","0","0","0","0","0","0","0","0","1","0","0","0","0","0","0","0","0","0","0","0","0","0","0","0","0","0","0","0","0","0","0","0","0","0","0","0","0","0","0","0","0","0","0","0","0","0","0","0","0"
"24963","SRR17779987_CLEAN_REPAIRED_minContig2500_bin.3","1","0","0","1","1","0","0","1","1","1","1","1","1","1","1","1","1","0","0","1","0","1","0","0","0","0","0","0","0","0","0","0","0","0","0","0","0","0","0","0","1","0","0","0","0","0","0","0","0","0","0","0","0","0","0","0","0","0","0","0","0","0","0","0","0","0","0","0","0","0","0","0","0","0","0","0","0","0","0","0","0"
"24996","SRR17779988_CLEAN_REPAIRED_minContig2500_bin.6","1","1","0","1","0","0","0","1","1","1","1","1","0","1","1","1","1","0","1","0","1","0","0","0","0","0","0","0","0","1","1","0","0","0","0","0","0","0","0","0","0","0","0","1","0","0","0","0","0","0","0","0","0","0","0","0","0","0","0","0","0","0","0","0","0","0","0","0","0","0","0","0","0","0","0","0","0","0","0","0","0"
"25035","SRR17779989_CLEAN_REPAIRED_minContig2500_bin.3","1","0","0","1","1","0","0","1","1","1","1","1","1","1","1","1","1","0","0","1","0","1","0","0","0","0","0","0","0","0","0","0","0","0","0","0","0","0","0","0","1","0","0","0","0","0","0","0","0","0","0","0","0","0","0","0","0","0","0","0","0","0","0","0","0","0","0","0","0","0","0","0","0","0","0","0","0","0","0","0","0"
"25068","SRR17779990_CLEAN_REPAIRED_minContig2500_bin.2","1","0","0","1","1","0","0","1","1","1","1","1","1","1","1","1","1","0","0","1","0","1","0","0","0","0","0","0","0","0","0","0","0","0","0","0","0","0","0","0","1","0","0","0","0","0","0","0","0","0","0","0","0","0","0","0","0","0","0","0","0","0","0","0","0","0","0","0","0","0","0","0","0","0","0","0","0","0","0","0","0"
"25101","SRR17779993_CLEAN_REPAIRED_minContig2500_bin.5","1","0","0","1","1","0","0","1","1","1","1","1","1","1","1","1","1","0","0","1","0","1","0","0","0","0","0","0","0","0","0","0","0","0","0","0","0","0","0","0","1","0","0","0","0","0","0","0","0","0","0","0","0","0","0","0","0","0","0","0","0","0","0","0","0","0","0","0","0","0","0","0","0","0","0","0","0","0","0","0","0"
"25134","SRR17779994_CLEAN_REPAIRED_minContig2500_bin.1","1","0","1","1","1","0","0","1","1","1","1","1","1","1","1","1","1","0","0","1","0","1","0","0","0","0","0","0","0","0","0","0","0","0","0","0","0","0","0","0","1","0","0","0","0","0","0","0","0","0","0","0","0","0","0","0","0","0","0","0","0","0","0","0","0","0","0","0","0","0","0","0","0","0","0","0","0","0","0","0","0"
"25167","SRR17779997_CLEAN_REPAIRED_minContig2500_bin.2","1","0","0","1","1","0","0","1","1","1","1","1","1","1","1","1","1","0","0","1","0","1","0","0","0","0","0","0","0","0","0","0","0","0","0","0","0","0","0","0","1","0","0","0","0","0","0","0","0","0","0","0","0","0","0","0","0","0","0","0","0","0","0","0","0","0","0","0","0","0","0","0","0","0","0","0","0","0","0","0","0"
"25200","SRR17779998_CLEAN_REPAIRED_minContig2500_bin.1","1","0","0","1","1","0","0","1","1","1","1","1","1","1","1","1","1","0","0","1","0","1","0","0","0","0","0","0","0","0","0","0","0","0","0","0","0","0","0","0","1","0","0","0","0","0","0","0","0","0","0","0","0","0","0","0","0","0","0","0","0","0","0","0","0","0","0","0","0","0","0","0","0","0","0","0","0","0","0","0","0"
"25233","SRR17779999_CLEAN_REPAIRED_minContig2500_bin.1","1","0","0","1","1","0","0","1","1","1","1","1","1","1","1","1","1","0","0","1","0","1","0","0","0","0","0","0","0","0","0","0","0","0","0","0","0","0","0","0","1","0","0","0","0","0","0","0","0","0","0","0","0","0","0","0","0","0","0","0","0","0","0","0","0","0","0","0","0","0","0","0","0","0","0","0","0","0","0","0","0"
"25271","SRR17780031_CLEAN_REPAIRED_minContig2500_bin.4","1","1","0","1","0","0","0","1","1","1","1","1","0","1","1","1","1","0","1","0","1","0","1","0","0","0","0","0","0","0","0","0","0","0","0","0","0","0","0","0","0","0","0","0","0","0","0","0","0","0","0","0","0","0","0","0","0","0","0","0","0","0","0","0","0","0","0","0","0","0","0","0","0","0","0","0","0","0","0","0","0"
"25306","SRR17780032_CLEAN_REPAIRED_minContig2500_bin.1","1","1","0","1","0","0","0","1","1","1","1","1","0","1","1","1","1","0","1","0","1","0","1","0","0","0","0","0","0","0","0","0","0","0","0","0","0","0","0","0","0","0","0","0","0","0","0","0","0","0","0","0","0","0","0","0","0","0","0","0","0","0","0","0","0","0","0","0","0","0","0","0","0","0","0","0","0","0","0","0","0"
"25341","SRR17780033_CLEAN_REPAIRED_minContig2500_bin.2","1","1","0","1","0","0","0","1","1","1","1","1","0","1","1","1","1","0","1","0","1","0","1","0","0","0","0","0","0","0","0","0","0","0","0","0","0","0","0","0","0","0","0","0","0","0","0","0","0","0","0","0","0","0","0","0","0","0","0","0","0","0","0","0","0","0","0","0","0","0","0","0","0","0","0","0","0","0","0","0","0"
"25374","SRR17780034_CLEAN_REPAIRED_minContig2500_bin.2","1","1","0","1","0","0","0","1","1","1","1","1","0","1","1","1","1","0","1","0","1","0","1","0","0","0","0","0","0","0","0","0","0","0","0","0","0","0","0","0","0","0","0","0","0","0","0","0","0","0","0","0","0","0","0","0","0","0","0","0","0","0","0","0","0","0","0","0","0","0","0","0","0","0","0","0","0","0","0","0","0"
"25409","SRR17780035_CLEAN_REPAIRED_minContig2500_bin.1","1","1","0","1","0","0","0","1","1","1","1","1","1","1","1","1","1","1","1","0","1","0","0","0","0","0","0","0","0","0","0","0","0","0","0","0","0","0","0","0","0","0","0","0","0","0","0","0","0","0","0","0","0","0","0","0","0","0","0","0","0","0","0","0","0","0","0","0","0","0","0","0","0","0","0","0","0","0","0","0","0"
"25444","SRR17780045_CLEAN_REPAIRED_minContig2500_bin.3","1","1","0","1","0","0","0","1","1","1","1","1","1","1","1","1","1","1","0","1","1","0","0","0","0","0","0","0","0","0","0","0","0","0","0","0","0","0","0","0","0","0","0","0","0","0","0","0","0","0","0","0","0","0","0","0","0","0","0","0","0","0","0","0","0","0","0","0","0","0","0","0","0","0","0","0","0","0","0","0","0"
"25478","SRR17780061_CLEAN_REPAIRED_minContig2500_bin.2","1","1","1","1","1","1","1","1","1","1","1","1","1","1","1","1","1","0","1","1","1","1","1","1","1","1","1","1","1","1","0","0","0","0","0","0","0","0","0","0","0","1","1","0","0","0","0","0","0","0","0","0","0","0","0","0","0","0","0","0","0","0","0","0","0","0","0","0","0","0","0","0","0","0","0","0","0","0","0","0","0"
"25536","SRR17780062_CLEAN_REPAIRED_minContig2500_bin.5","1","1","0","1","0","0","0","1","1","1","1","1","0","1","1","1","1","0","1","0","1","0","0","0","0","0","0","0","0","1","1","0","0","0","0","0","0","0","0","0","0","0","0","1","0","0","0","0","0","0","0","0","0","0","0","0","0","0","0","0","0","0","0","0","0","0","0","0","0","0","0","0","0","0","0","0","0","0","0","0","0"
"25575","SRR17780063_CLEAN_REPAIRED_minContig2500_bin.1","1","1","1","1","1","1","1","1","1","1","1","1","1","1","1","1","1","0","1","0","1","1","1","1","1","1","1","1","1","1","0","0","0","0","0","0","0","0","0","0","0","1","1","0","0","0","0","0","0","0","0","0","0","0","0","0","0","0","0","0","0","0","0","0","0","0","0","0","0","0","0","0","0","0","0","0","0","0","0","0","0"
"25630","SRR17780064_CLEAN_REPAIRED_minContig2500_bin.2","1","1","1","1","1","1","1","1","1","1","1","1","1","1","1","1","1","0","1","0","1","1","1","1","1","1","1","1","1","1","0","0","0","0","0","0","0","0","0","0","0","1","1","0","0","0","0","0","0","0","0","0","0","0","0","0","0","0","0","0","0","0","0","0","0","0","0","0","0","0","0","0","0","0","0","0","0","0","0","0","0"
"25686","SRR17780065_CLEAN_REPAIRED_minContig2500_bin.1","1","1","1","1","1","1","1","1","1","1","1","1","1","1","1","1","1","0","1","1","1","1","1","1","1","1","1","1","1","1","0","0","0","0","0","0","0","0","0","0","0","1","1","0","0","0","0","0","0","0","0","0","0","0","0","0","0","0","0","0","0","0","0","0","0","0","0","0","0","0","0","0","0","0","0","0","0","0","0","0","0"
"25748","SRR17780066_CLEAN_REPAIRED_minContig2500_bin.4","1","1","0","0","1","0","0","1","1","1","1","1","1","1","1","1","1","0","0","1","0","1","1","0","0","0","0","0","0","0","0","0","0","0","0","0","0","0","0","0","0","0","0","0","0","0","0","0","0","0","0","0","0","0","0","0","0","0","0","0","0","0","0","0","0","0","0","0","0","0","0","0","0","0","0","0","0","0","0","0","0"
"25783","SRR17780067_CLEAN_REPAIRED_minContig2500_bin.4","1","1","1","1","1","1","1","1","1","1","1","1","1","1","1","1","1","0","1","1","1","1","1","1","1","1","1","1","1","1","0","0","0","0","0","0","0","0","0","0","0","1","1","0","0","0","0","0","0","0","0","0","0","0","0","0","0","0","0","0","0","0","0","0","0","0","0","0","0","0","0","0","0","0","0","0","0","0","0","0","0"
"25845","SRR17780068_CLEAN_REPAIRED_minContig2500_bin.4","1","1","1","1","1","1","1","1","1","1","1","1","1","1","1","1","1","0","1","1","1","1","1","1","1","1","1","1","1","1","0","0","0","0","0","0","0","0","0","0","0","1","1","0","0","0","0","0","0","0","0","0","0","0","0","0","0","0","0","0","0","0","0","0","0","0","0","0","0","0","0","0","0","0","0","0","0","0","0","0","0"
"25903","SRR17780069_CLEAN_REPAIRED_minContig2500_bin.1","1","1","1","1","1","1","1","1","1","1","1","1","1","1","1","1","1","0","1","1","1","1","1","1","1","1","1","1","1","1","0","0","0","0","0","0","0","0","0","0","0","1","1","0","0","0","0","0","0","0","0","0","0","0","0","0","0","0","0","0","0","0","0","0","0","0","0","0","0","0","0","0","0","0","0","0","0","0","0","0","0"
"25964","SRR17780070_CLEAN_REPAIRED_minContig2500_bin.4","1","1","1","1","1","1","1","1","1","1","1","1","1","1","1","1","1","1","1","1","1","1","1","1","1","1","1","1","1","1","0","0","0","1","1","1","0","1","1","1","0","1","1","0","0","0","0","0","0","0","0","0","0","0","0","0","0","0","0","0","0","0","0","0","0","0","0","0","0","0","0","0","0","0","0","0","0","0","0","0","0"
"26035","SRR17780073_CLEAN_REPAIRED_minContig2500_bin.4","1","1","1","1","1","1","1","1","1","1","1","1","1","1","1","1","1","1","1","1","1","1","1","1","1","1","1","1","1","1","0","0","0","1","1","1","0","1","1","1","0","1","1","0","0","0","0","0","0","0","0","0","0","0","0","0","0","0","0","0","0","0","0","0","0","0","0","0","0","0","0","0","0","0","0","0","0","0","0","0","0"
"26105","SRR17780074_CLEAN_REPAIRED_minContig2500_bin.4","1","1","1","1","1","1","1","1","1","1","1","1","1","1","1","1","1","0","1","1","1","1","1","1","1","1","1","1","1","1","0","0","0","0","0","0","0","0","0","0","0","1","1","0","0","0","0","0","0","0","0","0","0","0","0","0","0","0","0","0","0","0","0","0","0","0","0","0","0","0","0","0","0","0","0","0","0","0","0","0","0"
"26166","SRR17780075_CLEAN_REPAIRED_minContig2500_bin.1","1","1","1","1","1","1","1","1","1","1","1","1","1","1","1","1","1","1","1","1","1","1","1","1","1","1","1","1","1","1","0","0","0","1","1","1","0","1","1","1","0","1","1","0","0","0","0","0","0","0","0","0","0","0","0","0","0","0","0","0","0","0","0","0","0","0","0","0","0","0","0","0","0","0","0","0","0","0","0","0","0"
"26237","SRR17780076_CLEAN_REPAIRED_minContig2500_bin.1","1","1","1","1","1","1","1","0","1","1","0","0","1","1","1","1","1","1","1","1","1","1","1","1","1","1","1","1","1","1","0","0","0","1","1","1","0","1","1","1","0","1","1","0","0","0","0","0","0","0","0","0","0","0","0","0","0","0","0","0","0","0","0","0","0","0","0","0","0","0","0","0","0","0","0","0","0","0","0","0","0"
"26305","SRR17780077_CLEAN_REPAIRED_minContig2500_bin.7","1","1","0","0","1","0","0","1","1","1","1","1","1","0","1","1","1","0","0","1","0","1","1","0","0","0","0","0","0","0","0","0","0","0","0","0","0","0","0","0","0","0","0","0","0","0","0","0","0","0","0","0","0","0","0","0","0","0","0","0","0","0","0","0","0","0","0","0","0","0","0","0","0","0","0","0","0","0","0","0","0"
"26337","SRR17780101_CLEAN_REPAIRED_minContig2500_bin.7","0","0","0","0","0","0","0","1","1","1","1","1","0","1","1","1","1","0","1","1","0","0","0","0","0","0","0","0","0","0","0","0","0","0","0","0","0","0","0","0","0","0","0","0","0","0","0","0","0","0","0","0","0","0","0","0","0","0","0","0","0","0","0","0","0","0","0","0","0","0","0","0","0","0","0","0","0","0","0","0","0"
"26368","SRR17780114_CLEAN_REPAIRED_minContig2500_bin.5","1","1","0","0","1","0","0","1","1","1","1","1","1","1","1","1","1","0","0","1","0","1","1","0","0","0","0","0","0","0","0","0","0","0","0","0","0","0","0","0","0","0","0","0","0","0","0","0","0","0","0","0","0","0","0","0","0","0","0","0","0","0","0","0","0","0","0","0","0","0","0","0","0","0","0","0","0","0","0","0","0"
"26402","SRR17780115_CLEAN_REPAIRED_minContig2500_bin.6","1","1","0","0","1","0","0","1","1","1","1","1","1","1","1","1","1","0","0","1","0","1","1","0","0","0","0","0","0","0","0","0","0","0","0","0","0","0","0","0","0","0","0","0","0","0","0","0","0","0","0","0","0","0","0","0","0","0","0","0","0","0","0","0","0","0","0","0","0","0","0","0","0","0","0","0","0","0","0","0","0"
"26436","SRR17780129_CLEAN_REPAIRED_minContig2500_bin.6","1","1","0","1","0","0","0","1","1","1","1","1","0","1","1","1","1","0","1","1","1","0","0","0","0","0","0","0","0","0","0","1","0","0","0","0","0","0","0","0","0","0","0","0","0","0","0","0","0","0","0","0","0","0","0","0","0","0","0","0","0","0","0","0","0","0","0","0","0","0","0","0","0","0","0","0","0","0","0","0","0"
"26484","SRR17780130_CLEAN_REPAIRED_minContig2500_bin.5","1","1","0","1","0","0","0","1","1","1","1","1","0","1","1","1","1","0","1","1","1","0","0","0","0","0","0","0","0","0","0","1","0","0","0","0","0","0","0","0","0","0","0","0","0","0","0","0","0","0","0","0","0","0","0","0","0","0","0","0","0","0","0","0","0","0","0","0","0","0","0","0","0","0","0","0","0","0","0","0","0"
"26533","SRR17780134_CLEAN_REPAIRED_minContig2500_bin.3","1","1","1","1","1","1","1","1","1","1","1","1","1","1","1","1","1","0","0","1","0","1","0","1","1","1","1","1","1","0","0","0","0","0","0","0","0","0","0","0","0","1","1","0","0","0","0","0","0","0","0","0","0","0","0","0","0","0","0","0","0","0","0","0","0","0","0","0","0","0","0","0","0","0","0","0","0","0","0","0","0"
"26586","SRR17780147_CLEAN_REPAIRED_minContig2500_bin.1","1","1","1","1","1","1","1","1","1","1","1","0","1","1","1","1","1","0","1","1","1","1","1","1","1","1","1","1","1","1","0","0","0","0","0","0","0","0","0","0","0","1","0","0","0","0","0","0","0","0","0","0","0","0","0","0","0","0","0","0","0","0","0","0","0","0","0","0","0","0","0","0","0","0","0","0","0","0","0","0","0"
"26638","SRR17780152_CLEAN_REPAIRED_minContig2500_bin.1","1","1","0","0","1","0","0","1","1","1","1","1","1","1","1","1","1","0","0","1","0","1","1","0","0","0","0","0","0","0","0","0","0","0","0","0","0","0","0","0","0","0","0","0","0","0","0","0","0","0","0","0","0","0","0","0","0","0","0","0","0","0","0","0","0","0","0","0","0","0","0","0","0","0","0","0","0","0","0","0","0"
"26673","SRR17780186_CLEAN_REPAIRED_minContig2500_bin.4","0","0","0","0","0","0","0","1","1","1","1","1","0","1","1","1","1","0","1","1","0","0","0","0","0","0","0","0","0","0","0","0","0","0","0","0","0","0","0","0","0","0","0","0","0","0","0","0","0","0","0","0","0","0","0","0","0","0","0","0","0","0","0","0","0","0","0","0","0","0","0","0","0","0","0","0","0","0","0","0","0"
"26706","SRR17780188_CLEAN_REPAIRED_minContig2500_bin.2","0","0","0","0","0","0","0","1","1","1","1","1","0","1","1","1","1","0","1","1","0","0","0","0","0","0","0","0","0","0","0","0","0","0","0","0","0","0","0","0","0","0","0","0","0","0","0","0","0","0","0","0","0","0","0","0","0","0","0","0","0","0","0","0","0","0","0","0","0","0","0","0","0","0","0","0","0","0","0","0","0"
"26737","SRR17780190_CLEAN_REPAIRED_minContig2500_bin.6","0","0","0","0","0","0","0","1","1","1","1","1","0","1","1","1","1","0","1","1","0","0","0","0","0","0","0","0","0","0","0","0","0","0","0","0","0","0","0","0","0","0","0","0","0","0","0","0","0","0","0","0","0","0","0","0","0","0","0","0","0","0","0","0","0","0","0","0","0","0","0","0","0","0","0","0","0","0","0","0","0"
"26767","SRR17780191_CLEAN_REPAIRED_minContig2500_bin.5","0","0","0","0","0","0","0","1","1","1","1","1","0","1","1","1","1","0","1","1","0","0","0","0","0","0","0","0","0","0","0","0","0","0","0","0","0","0","0","0","0","0","0","0","1","1","1","1","0","0","1","0","0","0","0","0","0","0","0","0","0","0","0","0","0","0","0","0","0","0","0","0","0","0","0","0","0","0","0","0","0"
"26802","SRR17780192_CLEAN_REPAIRED_minContig2500_bin.1","0","0","0","0","0","0","0","0","1","1","1","1","0","1","1","1","1","0","1","0","0","0","0","0","0","0","0","0","0","0","0","0","0","0","0","0","0","0","0","0","0","0","0","0","0","0","0","0","0","0","0","0","0","0","0","0","0","0","0","0","0","0","0","0","0","0","0","0","0","0","0","0","0","0","0","0","0","0","0","0","0"
"26825","SRR17780194_CLEAN_REPAIRED_minContig2500_bin.4","0","0","0","0","0","0","0","1","1","1","1","1","0","1","1","1","0","0","1","1","0","0","0","0","0","0","0","0","0","0","0","0","0","0","0","0","0","0","0","0","0","0","0","0","0","0","0","0","0","0","0","1","0","0","0","0","0","0","0","0","0","0","0","0","0","0","0","0","0","0","0","0","0","0","0","0","0","0","0","0","0"
"26854","SRR17780195_CLEAN_REPAIRED_minContig2500_bin.4","0","0","0","0","0","0","0","1","1","1","1","1","0","1","1","1","1","0","1","1","0","0","0","0","0","0","0","0","0","0","0","0","0","0","0","0","0","0","0","0","0","0","0","0","0","0","0","0","0","0","0","0","0","0","0","0","0","0","0","0","0","0","0","0","0","0","0","0","0","0","0","0","0","0","0","0","0","0","0","0","0"
"26886","SRR17780217_CLEAN_REPAIRED_minContig2500_bin.2","1","1","0","1","1","0","0","1","1","1","1","1","1","1","1","1","1","0","1","0","0","1","0","0","0","0","0","0","0","0","0","0","0","0","0","0","0","0","0","0","0","0","0","0","0","0","0","0","0","0","0","0","0","0","0","0","0","0","0","0","0","0","0","0","0","0","0","0","0","0","0","0","0","0","0","0","0","0","0","0","0"
"26924","SRR17780225_CLEAN_REPAIRED_minContig2500_bin.2","1","0","0","0","1","0","0","1","1","1","1","1","1","1","1","1","1","0","0","1","0","1","1","0","0","0","0","0","0","0","0","0","0","0","0","0","0","0","0","0","0","0","0","0","0","0","0","0","0","0","0","0","0","0","0","0","0","0","0","0","0","0","0","0","0","0","0","0","0","0","0","0","0","0","0","0","0","0","0","0","0"
"26960","SRR17780232_CLEAN_REPAIRED_minContig2500_bin.5","0","1","0","1","0","0","0","0","1","1","0","1","0","0","1","0","1","0","1","0","1","0","0","0","0","0","0","0","0","1","0","1","0","1","1","1","1","1","1","1","0","0","0","1","0","0","0","0","0","0","0","0","0","0","0","0","0","0","0","0","0","0","0","0","0","0","0","0","0","0","0","0","0","0","0","0","0","0","0","0","0"
"27007","SRR17780233_CLEAN_REPAIRED_minContig2500_bin.4","1","1","0","1","0","0","0","1","1","1","1","1","0","1","1","1","1","0","1","0","0","0","0","0","0","0","0","0","0","1","1","1","1","1","1","1","1","1","1","1","0","0","0","1","0","0","0","0","0","0","0","0","0","0","0","0","0","0","0","0","0","0","0","0","0","0","0","0","0","0","0","0","0","0","0","0","0","0","0","0","0"
"27067","SRR17780234_CLEAN_REPAIRED_minContig2500_bin.3","0","0","0","0","0","0","0","1","1","1","1","1","0","1","1","1","1","0","1","0","1","0","0","0","0","0","0","0","0","1","1","0","0","0","0","0","0","0","0","0","0","0","0","0","0","0","0","0","0","0","0","0","0","0","0","0","0","0","0","0","0","0","0","0","0","0","0","0","0","0","0","0","0","0","0","0","0","0","0","0","0"
"27098","SRR17780236_CLEAN_REPAIRED_minContig2500_bin.1","0","0","0","0","0","0","0","1","1","1","1","1","0","1","1","1","1","0","1","0","1","0","0","0","0","0","0","0","0","1","1","0","0","0","0","0","0","0","0","0","0","0","0","0","0","0","0","0","0","0","0","0","0","0","0","0","0","0","0","0","0","0","0","0","0","0","0","0","0","0","0","0","0","0","0","0","0","0","0","0","0"
"27129","SRR17780237_CLEAN_REPAIRED_minContig2500_bin.4","0","0","0","0","0","0","0","1","1","1","1","1","0","1","1","1","1","0","1","0","1","0","0","0","0","0","0","0","0","1","1","0","0","0","0","0","0","0","0","0","0","0","0","0","0","0","0","0","0","0","0","0","0","0","0","0","0","0","0","0","0","0","0","0","0","0","0","0","0","0","0","0","0","0","0","0","0","0","0","0","0"
"27160","SRR17780239_CLEAN_REPAIRED_minContig2500_bin.2","1","1","0","1","0","0","0","1","1","1","1","1","0","0","0","0","0","0","1","0","1","0","0","0","0","0","0","0","0","1","0","0","0","0","0","0","0","0","0","0","0","0","0","1","0","0","0","0","0","0","0","0","0","0","0","0","0","0","0","0","0","0","0","0","0","0","0","0","0","0","0","0","0","0","0","0","0","0","0","0","0"
"27185","SRR17780240_CLEAN_REPAIRED_minContig2500_bin.2","1","1","0","1","0","0","0","1","1","1","1","1","0","0","0","0","0","0","1","0","1","0","0","0","0","0","0","0","0","1","0","0","0","0","0","0","0","0","0","0","0","0","0","1","0","0","0","0","0","0","0","0","0","0","0","0","0","0","0","0","0","0","0","0","0","0","0","0","0","0","0","0","0","0","0","0","0","0","0","0","0"
"27210","SRR17780241_CLEAN_REPAIRED_minContig2500_bin.1","1","1","1","1","1","0","0","1","1","1","1","1","1","1","1","1","1","0","1","1","0","1","0","0","0","0","0","0","0","0","0","0","0","0","0","0","0","0","0","0","0","0","0","0","0","0","0","0","0","0","0","0","0","0","0","0","0","0","0","0","0","0","0","0","0","0","0","0","0","0","0","0","0","0","0","0","0","0","0","0","0"
"27255","SRR17780242_CLEAN_REPAIRED_minContig2500_bin.3","1","1","1","1","1","0","0","1","1","1","1","1","1","1","1","1","1","0","1","1","0","1","0","0","0","0","0","0","0","0","0","0","0","0","0","0","0","0","0","0","0","0","0","0","0","0","0","0","0","0","0","0","0","0","0","0","0","0","0","0","0","0","0","0","0","0","0","0","0","0","0","0","0","0","0","0","0","0","0","0","0"
"27298","SRR17780243_CLEAN_REPAIRED_minContig2500_bin.3","1","1","1","1","1","0","0","1","1","1","1","1","1","1","1","1","1","0","1","1","0","1","0","0","0","0","0","0","0","0","0","0","0","0","0","0","0","0","0","0","0","0","0","0","0","0","0","0","0","0","0","0","0","0","0","0","0","0","0","0","0","0","0","0","0","0","0","0","0","0","0","0","0","0","0","0","0","0","0","0","0"
"27341","SRR17780244_CLEAN_REPAIRED_minContig2500_bin.2","1","1","0","1","1","0","0","1","1","1","1","1","1","1","1","1","1","0","1","0","0","1","0","0","0","0","0","0","0","1","0","0","0","0","0","0","0","0","0","0","0","0","0","0","0","0","0","0","0","0","0","0","0","0","0","0","0","0","0","0","0","0","0","0","0","0","0","0","0","0","0","0","0","0","0","0","0","0","0","0","0"
"27383","SRR17780245_CLEAN_REPAIRED_minContig2500_bin.2","1","1","0","1","1","0","0","1","1","1","1","1","1","1","1","1","1","0","1","0","0","1","0","0","0","0","0","0","0","1","0","0","0","0","0","0","0","0","0","0","0","1","0","0","0","0","0","0","0","0","0","0","0","0","0","0","0","0","0","0","0","0","0","0","0","0","0","0","0","0","0","0","0","0","0","0","0","0","0","0","0"
"27429","SRR17780246_CLEAN_REPAIRED_minContig2500_bin.3","1","1","0","1","1","0","1","1","1","1","1","1","0","1","1","1","1","0","1","1","0","1","1","0","1","1","0","0","0","1","1","1","0","0","0","0","0","0","0","0","0","0","0","0","0","0","0","0","0","0","0","0","0","0","0","0","0","0","0","0","0","0","0","0","0","0","0","0","0","0","0","0","0","0","0","0","0","0","0","0","0"
"27491","SRR17780248_CLEAN_REPAIRED_minContig2500_bin.6","1","1","1","1","1","0","0","1","1","1","1","1","1","1","1","1","1","0","1","0","0","1","1","0","0","0","0","0","0","0","0","0","0","0","0","0","0","0","0","0","0","0","0","0","0","0","0","0","0","0","0","0","0","0","0","0","0","0","0","0","0","0","0","0","0","0","0","0","0","0","0","0","0","0","0","0","0","0","0","0","0"
"27537","SRR17780261_CLEAN_REPAIRED_minContig2500_bin.1","1","1","1","1","0","0","0","1","1","1","1","1","1","1","1","0","1","1","1","1","1","0","0","0","0","0","0","0","0","1","0","0","0","0","0","0","0","0","0","0","0","0","0","0","0","0","0","0","0","0","0","0","0","0","0","0","0","0","0","0","0","0","0","0","0","0","0","0","0","0","0","0","0","0","0","0","0","0","0","0","0"
"27573","SRR17780267_CLEAN_REPAIRED_minContig2500_bin.2","1","1","0","1","0","0","0","1","1","1","1","1","1","1","1","1","1","0","1","1","1","0","0","0","0","0","0","0","0","0","0","0","0","0","0","0","0","0","0","0","0","0","0","0","0","0","0","0","0","0","0","0","0","0","0","0","0","0","0","0","0","0","0","0","0","0","0","0","0","0","0","0","0","0","0","0","0","0","0","0","0"
"27612","SRR17780268_CLEAN_REPAIRED_minContig2500_bin.6","1","1","0","1","0","0","0","1","1","1","1","1","1","1","1","1","1","1","1","1","1","0","0","0","0","0","0","0","0","0","0","0","0","0","0","0","0","0","0","0","0","0","0","0","0","0","0","0","0","0","0","0","0","0","0","0","0","0","0","0","0","0","0","0","0","0","0","0","0","0","0","0","0","0","0","0","0","0","0","0","0"
"27653","SRR17780270_CLEAN_REPAIRED_minContig2500_bin.1","1","1","0","1","0","0","0","1","1","1","1","1","1","1","1","1","1","1","1","1","1","0","0","0","0","0","0","0","0","0","0","0","0","0","0","0","0","0","0","0","0","0","0","0","0","0","0","0","0","0","0","0","0","0","0","0","0","0","0","0","0","0","0","0","0","0","0","0","0","0","0","0","0","0","0","0","0","0","0","0","0"
"27689","SRR17780271_CLEAN_REPAIRED_minContig2500_bin.5","1","1","0","1","0","0","0","1","1","1","1","1","1","1","1","1","1","1","1","1","1","0","0","0","0","0","0","0","0","0","0","0","0","0","0","0","0","0","0","0","0","0","0","0","0","0","0","0","0","0","0","0","0","0","0","0","0","0","0","0","0","0","0","0","0","0","0","0","0","0","0","0","0","0","0","0","0","0","0","0","0"
"27729","SRR17780272_CLEAN_REPAIRED_minContig2500_bin.3","1","1","0","1","0","0","0","1","1","1","1","1","1","1","1","1","1","1","1","1","1","0","0","0","0","0","0","0","0","0","0","0","0","0","0","0","0","0","0","0","0","0","0","0","0","0","0","0","0","0","0","0","0","0","0","0","0","0","0","0","0","0","0","0","0","0","0","0","0","0","0","0","0","0","0","0","0","0","0","0","0"
"27769","SRR17780274_CLEAN_REPAIRED_minContig2500_bin.2","1","1","1","1","1","0","0","1","1","1","1","1","1","1","1","1","1","0","1","1","0","1","0","0","0","0","0","0","0","0","0","1","0","0","0","0","0","0","0","0","0","0","0","0","0","0","0","0","0","0","0","0","0","0","0","0","0","0","0","0","0","0","0","0","0","0","0","0","0","0","0","0","0","0","0","0","0","0","0","0","0"
"27829","SRR17780275_CLEAN_REPAIRED_minContig2500_bin.3","1","1","1","1","1","0","0","1","1","1","1","1","1","1","1","1","1","0","1","1","0","1","0","0","0","0","0","0","0","0","0","0","0","0","0","0","0","0","0","0","0","0","0","0","0","0","0","0","0","0","0","0","0","0","0","0","0","0","0","0","0","0","0","0","0","0","0","0","0","0","0","0","0","0","0","0","0","0","0","0","0"
"27876","SRR17780276_CLEAN_REPAIRED_minContig2500_bin.5","1","1","1","1","1","0","0","1","1","1","1","1","1","1","1","1","1","0","1","1","0","1","0","0","0","0","0","0","0","0","0","0","0","0","0","0","0","0","0","0","0","0","0","0","0","0","0","0","0","0","0","0","0","0","0","0","0","0","0","0","0","0","0","0","0","0","0","0","0","0","0","0","0","0","0","0","0","0","0","0","0"
"27919","SRR17780277_CLEAN_REPAIRED_minContig2500_bin.3","1","1","1","1","1","0","0","1","1","1","1","1","1","1","1","1","1","0","1","1","0","1","0","0","0","0","0","0","0","0","0","0","0","0","0","0","0","0","0","0","0","0","0","0","0","0","0","0","0","0","0","0","0","0","0","0","0","0","0","0","0","0","0","0","0","0","0","0","0","0","0","0","0","0","0","0","0","0","0","0","0"
"27967","SRR17780278_CLEAN_REPAIRED_minContig2500_bin.1","1","1","1","1","1","0","0","1","1","1","1","1","1","1","1","1","1","0","1","1","0","1","0","0","0","0","0","0","0","0","0","0","0","0","0","0","0","0","0","0","0","0","0","0","0","0","0","0","0","0","0","0","0","0","0","0","0","0","0","0","0","0","0","0","0","0","0","0","0","0","0","0","0","0","0","0","0","0","0","0","0"
"28014","SRR17780279_CLEAN_REPAIRED_minContig2500_bin.2","1","1","1","1","1","0","0","1","1","1","1","1","1","1","1","1","1","0","1","1","0","1","0","0","0","0","0","0","0","0","0","0","0","0","0","0","0","0","0","0","0","0","0","0","0","0","0","0","0","0","0","0","0","0","0","0","0","0","0","0","0","0","0","0","0","0","0","0","0","0","0","0","0","0","0","0","0","0","0","0","0"
"28058","SRR17780280_CLEAN_REPAIRED_minContig2500_bin.5","1","1","0","1","1","0","0","1","1","1","1","1","1","1","1","1","1","0","1","1","0","1","0","0","0","0","0","0","0","0","0","0","0","0","0","0","0","0","0","0","0","0","0","0","0","0","0","0","0","0","0","0","0","0","0","0","0","0","0","0","0","0","0","0","0","0","0","0","0","0","0","0","0","0","0","0","0","0","0","0","0"
"28101","SRR17780281_CLEAN_REPAIRED_minContig2500_bin.1","1","1","1","1","1","0","0","1","1","1","1","1","1","1","1","1","1","0","1","1","0","1","0","0","0","0","0","0","0","0","0","0","0","0","0","0","0","0","0","0","0","0","0","0","0","0","0","0","0","0","0","0","0","0","0","0","0","0","0","0","0","0","0","0","0","0","0","0","0","0","0","0","0","0","0","0","0","0","0","0","0"
"28146","SRR17780282_CLEAN_REPAIRED_minContig2500_bin.4","1","1","1","1","1","0","0","1","1","1","1","1","1","1","1","1","1","0","1","1","0","1","0","0","0","0","0","0","0","0","0","0","0","0","0","0","0","0","0","0","0","0","0","0","0","0","0","0","0","0","0","0","0","0","0","0","0","0","0","0","0","0","0","0","0","0","0","0","0","0","0","0","0","0","0","0","0","0","0","0","0"
"28192","SRR17780283_CLEAN_REPAIRED_minContig2500_bin.3","1","1","1","1","1","0","0","1","1","1","1","1","1","1","1","1","1","0","1","1","0","1","0","0","0","0","0","0","0","0","0","0","0","0","0","0","0","0","0","0","0","0","0","0","0","0","0","0","0","0","0","0","0","0","0","0","0","0","0","0","0","0","0","0","0","0","0","0","0","0","0","0","0","0","0","0","0","0","0","0","0"
"28235","SRR17780285_CLEAN_REPAIRED_minContig2500_bin.3","1","1","1","1","1","0","0","1","1","1","1","1","1","1","1","1","1","0","1","1","0","1","0","0","0","0","0","0","0","0","0","0","0","0","0","0","0","0","0","0","0","0","0","0","0","0","0","0","0","0","0","0","0","0","0","0","0","0","0","0","0","0","0","0","0","0","0","0","0","0","0","0","0","0","0","0","0","0","0","0","0"
"28278","SRR17780286_CLEAN_REPAIRED_minContig2500_bin.3","1","1","1","1","1","0","0","1","1","1","1","1","1","1","1","1","1","0","1","1","0","1","0","0","0","0","0","0","0","0","0","0","0","0","0","0","0","0","0","0","0","0","0","0","0","0","0","0","0","0","0","0","0","0","0","0","0","0","0","0","0","0","0","0","0","0","0","0","0","0","0","0","0","0","0","0","0","0","0","0","0"
"28320","SRR17780287_CLEAN_REPAIRED_minContig2500_bin.4","1","1","1","1","1","0","0","1","1","1","1","1","1","1","1","1","1","0","1","1","0","1","0","0","0","0","0","0","0","0","0","0","0","0","0","0","0","0","0","0","0","0","0","0","0","0","0","0","0","0","0","0","0","0","0","0","0","0","0","0","0","0","0","0","0","0","0","0","0","0","0","0","0","0","0","0","0","0","0","0","0"
"28365","SRR17780288_CLEAN_REPAIRED_minContig2500_bin.5","1","1","1","1","1","0","0","1","1","1","1","1","1","1","1","1","1","0","1","1","0","1","0","0","0","0","0","0","0","0","0","0","0","0","0","0","0","0","0","0","0","0","0","0","0","0","0","0","0","0","0","0","0","0","0","0","0","0","0","0","0","0","0","0","0","0","0","0","0","0","0","0","0","0","0","0","0","0","0","0","0"
"28410","SRR17780289_CLEAN_REPAIRED_minContig2500_bin.3","1","1","1","1","1","0","0","1","1","1","1","1","1","1","1","1","1","0","1","1","0","1","0","0","0","0","0","0","0","0","0","0","0","0","0","0","0","0","0","0","0","0","0","0","0","0","0","0","0","0","0","0","0","0","0","0","0","0","0","0","0","0","0","0","0","0","0","0","0","0","0","0","0","0","0","0","0","0","0","0","0"
"28453","SRR17780290_CLEAN_REPAIRED_minContig2500_bin.2","1","1","1","1","1","0","0","1","1","1","1","1","1","1","1","1","1","0","1","1","0","1","0","0","0","0","0","0","0","0","0","0","0","0","0","0","0","0","0","0","0","0","0","0","0","0","0","0","0","0","0","0","0","0","0","0","0","0","0","0","0","0","0","0","0","0","0","0","0","0","0","0","0","0","0","0","0","0","0","0","0"
"28496","SRR17780291_CLEAN_REPAIRED_minContig2500_bin.1","1","1","1","1","1","0","0","1","1","1","1","1","1","1","1","1","1","0","1","1","0","1","0","0","0","0","0","0","0","0","0","0","0","0","0","0","0","0","0","0","0","0","0","0","0","0","0","0","0","0","0","0","0","0","0","0","0","0","0","0","0","0","0","0","0","0","0","0","0","0","0","0","0","0","0","0","0","0","0","0","0"
"28538","SRR17780293_CLEAN_REPAIRED_minContig2500_bin.1","1","1","1","1","1","0","0","1","1","1","1","1","1","1","1","1","1","0","1","1","0","1","0","0","0","0","0","0","0","0","0","0","0","0","0","0","0","0","0","0","0","0","0","0","0","0","0","0","0","0","0","0","0","0","0","0","0","0","0","0","0","0","0","0","0","0","0","0","0","0","0","0","0","0","0","0","0","0","0","0","0"
"28581","SRR17780294_CLEAN_REPAIRED_minContig2500_bin.2","1","1","1","1","1","0","0","1","1","1","1","1","1","1","1","1","1","0","1","1","0","1","0","0","0","0","0","0","0","0","0","0","0","0","0","0","0","0","0","0","0","0","0","0","0","0","0","0","0","0","0","0","0","0","0","0","0","0","0","0","0","0","0","0","0","0","0","0","0","0","0","0","0","0","0","0","0","0","0","0","0"
"28624","SRR17780297_CLEAN_REPAIRED_minContig2500_bin.1","1","1","0","0","1","0","0","1","1","1","1","1","1","1","1","1","1","0","0","1","0","1","1","0","0","0","0","0","0","0","0","0","0","0","0","0","0","0","0","0","0","0","0","0","0","0","0","0","0","0","0","0","0","0","0","0","0","0","0","0","0","0","0","0","0","0","0","0","0","0","0","0","0","0","0","0","0","0","0","0","0"
"28659","SRR17780299_CLEAN_REPAIRED_minContig2500_bin.2","1","1","0","0","1","0","0","1","1","1","1","1","1","1","1","1","1","0","0","1","0","1","1","0","0","0","0","0","0","0","0","0","0","0","0","0","0","0","0","0","0","0","0","0","0","0","0","0","0","0","0","0","0","0","0","0","0","0","0","0","0","0","0","0","0","0","0","0","0","0","0","0","0","0","0","0","0","0","0","0","0"
"28697","SRR17780302_CLEAN_REPAIRED_minContig2500_bin.7","1","1","1","1","0","1","1","1","1","1","1","1","1","1","1","1","1","0","0","1","0","1","0","0","0","0","0","1","0","0","0","0","0","0","0","0","0","0","0","0","0","0","1","0","0","0","0","0","0","0","0","0","0","0","0","0","0","0","0","0","0","0","0","0","0","0","0","0","0","0","0","0","0","0","0","0","0","0","0","0","0"
"28737","SRR17780303_CLEAN_REPAIRED_minContig2500_bin.6","1","1","1","1","0","1","1","1","1","1","1","1","1","1","1","1","1","0","0","1","0","1","0","0","0","0","0","1","0","0","0","0","0","0","0","0","0","0","0","0","0","0","1","0","0","0","0","0","0","0","0","0","0","0","0","0","0","0","0","0","0","0","0","0","0","0","0","0","0","0","0","0","0","0","0","0","0","0","0","0","0"
"28776","SRR17780304_CLEAN_REPAIRED_minContig2500_bin.6","1","1","1","1","0","1","1","1","1","1","1","1","1","1","1","1","1","0","0","1","0","1","0","0","0","0","0","1","0","0","0","0","0","0","0","0","0","0","0","0","0","0","1","0","0","0","0","0","0","0","0","0","0","0","0","0","0","0","0","0","0","0","0","0","0","0","0","0","0","0","0","0","0","0","0","0","0","0","0","0","0"
"28815","SRR17780307_CLEAN_REPAIRED_minContig2500_bin.1","1","1","1","1","1","0","0","1","1","1","1","1","1","1","1","1","1","0","1","1","0","1","0","0","0","0","0","0","0","0","0","0","0","0","0","0","0","0","0","0","0","0","0","0","0","0","0","0","0","0","0","0","0","0","0","0","0","0","0","0","0","0","0","0","0","0","0","0","0","0","0","0","0","0","0","0","0","0","0","0","0"
"28860","SRR17780308_CLEAN_REPAIRED_minContig2500_bin.1","1","1","1","1","1","0","0","1","1","1","1","1","1","1","1","1","1","0","1","1","0","1","0","0","0","0","0","0","0","0","0","0","0","0","0","0","0","0","0","0","0","0","0","0","0","0","0","0","0","0","0","0","0","0","0","0","0","0","0","0","0","0","0","0","0","0","0","0","0","0","0","0","0","0","0","0","0","0","0","0","0"
"28903","SRR17780309_CLEAN_REPAIRED_minContig2500_bin.4","1","1","1","1","1","0","0","1","1","1","1","1","1","1","1","1","1","0","1","1","0","1","0","0","0","0","0","0","0","0","0","0","0","0","0","0","0","0","0","0","0","0","0","0","0","0","0","0","0","0","0","0","0","0","0","0","0","0","0","0","0","0","0","0","0","0","0","0","0","0","0","0","0","0","0","0","0","0","0","0","0"
"28949","SRR17780310_CLEAN_REPAIRED_minContig2500_bin.3","1","1","0","1","0","0","0","1","1","1","1","1","0","1","1","1","1","0","1","0","1","0","0","0","0","0","0","0","0","1","1","0","0","0","0","0","0","0","0","0","0","0","0","1","0","0","0","0","0","0","0","0","0","0","0","0","0","0","0","0","0","0","0","0","0","0","0","0","0","0","0","0","0","0","0","0","0","0","0","0","0"
"28988","SRR17780312_CLEAN_REPAIRED_minContig2500_bin.2","1","1","1","1","1","0","0","1","1","1","1","1","1","1","1","1","1","0","1","1","0","1","0","0","0","0","0","0","0","0","0","1","0","0","0","0","0","0","0","0","0","0","0","0","0","0","0","0","0","0","0","0","0","0","0","0","0","0","0","0","0","0","0","0","0","0","0","0","0","0","0","0","0","0","0","0","0","0","0","0","0"
"29041","SRR17780313_CLEAN_REPAIRED_minContig2500_bin.2","1","1","1","1","1","0","0","1","1","1","1","1","1","1","1","1","1","0","1","1","0","1","0","0","0","0","0","0","0","0","0","0","0","0","0","0","0","0","0","0","0","0","0","0","0","0","0","0","0","0","0","0","0","0","0","0","0","0","0","0","0","0","0","0","0","0","0","0","0","0","0","0","0","0","0","0","0","0","0","0","0"
"29085","SRR17780317_CLEAN_REPAIRED_minContig2500_bin.2","1","1","0","1","1","1","1","1","1","1","1","1","1","1","1","1","1","0","1","1","0","1","0","0","1","1","0","0","1","0","0","0","0","0","0","0","0","0","0","0","0","0","1","0","0","0","0","0","0","0","0","0","0","0","0","0","0","0","0","0","0","0","0","0","0","0","0","0","0","0","0","0","0","0","0","0","0","0","0","0","0"
"29129","SRR17780320_CLEAN_REPAIRED_minContig2500_bin.4","1","1","0","1","1","1","1","1","1","1","1","1","1","1","1","1","1","0","1","1","0","1","0","0","1","1","0","0","1","0","0","0","0","0","0","0","0","0","0","0","0","0","1","0","0","0","0","0","0","0","0","0","0","0","0","0","0","0","0","0","0","0","0","0","0","0","0","0","0","0","0","0","0","0","0","0","0","0","0","0","0"
"29172","SRR17780321_CLEAN_REPAIRED_minContig2500_bin.3","1","1","0","1","0","0","0","1","1","1","1","1","0","1","1","1","1","0","1","0","1","0","0","0","0","0","0","0","0","1","1","0","0","0","0","0","0","0","0","0","0","0","0","1","0","0","0","0","0","0","0","0","0","0","0","0","0","0","0","0","0","0","0","0","0","0","0","0","0","0","0","0","0","0","0","0","0","0","0","0","0"
"29211","SRR17780323_CLEAN_REPAIRED_minContig2500_bin.1","1","1","0","1","1","1","1","1","1","1","1","1","1","1","1","1","1","0","1","1","0","1","0","0","1","1","0","0","1","0","0","0","0","0","0","0","0","0","0","0","0","0","1","0","0","0","0","0","0","0","0","0","0","0","0","0","0","0","0","0","0","0","0","0","0","0","0","0","0","0","0","0","0","0","0","0","0","0","0","0","0"
"29255","SRR17780324_CLEAN_REPAIRED_minContig2500_bin.4","1","1","0","1","1","1","1","1","1","1","1","1","1","1","1","1","1","0","1","1","0","1","0","0","1","1","0","0","1","0","0","0","0","0","0","0","0","0","0","0","0","0","1","0","0","0","0","0","0","0","0","0","0","0","0","0","0","0","0","0","0","0","0","0","0","0","0","0","0","0","0","0","0","0","0","0","0","0","0","0","0"
"29299","SRR17780325_CLEAN_REPAIRED_minContig2500_bin.2","1","1","0","1","1","1","1","1","1","1","1","1","1","1","1","1","1","0","1","1","0","1","0","0","1","1","0","0","1","0","0","0","0","0","0","0","0","0","0","0","0","0","1","0","0","0","0","0","0","0","0","0","0","0","0","0","0","0","0","0","0","0","0","0","0","0","0","0","0","0","0","0","0","0","0","0","0","0","0","0","0"
"29340","SRR17780326_CLEAN_REPAIRED_minContig2500_bin.2","1","1","0","1","1","1","1","1","1","1","1","1","1","1","1","1","1","0","1","1","0","1","0","0","1","1","0","0","1","0","0","0","0","0","0","0","0","0","0","0","0","0","1","0","0","0","0","0","0","0","0","0","0","0","0","0","0","0","0","0","0","0","0","0","0","0","0","0","0","0","0","0","0","0","0","0","0","0","0","0","0"
"29384","SRR17780327_CLEAN_REPAIRED_minContig2500_bin.1","1","1","0","1","1","1","1","1","1","1","1","1","1","1","1","1","1","0","1","1","0","1","0","0","1","1","0","0","1","0","0","0","0","0","0","0","0","0","0","0","0","0","1","0","0","0","0","0","0","0","0","0","0","0","0","0","0","0","0","0","0","0","0","0","0","0","0","0","0","0","0","0","0","0","0","0","0","0","0","0","0"
"29428","SRR17780328_CLEAN_REPAIRED_minContig2500_bin.1","1","1","0","1","1","1","1","1","1","1","1","1","1","1","1","1","1","0","1","1","0","1","0","0","1","1","0","0","1","0","0","0","0","0","0","0","0","0","0","0","0","0","1","0","0","0","0","0","0","0","0","0","0","0","0","0","0","0","0","0","0","0","0","0","0","0","0","0","0","0","0","0","0","0","0","0","0","0","0","0","0"
"29470","SRR17780329_CLEAN_REPAIRED_minContig2500_bin.5","1","1","0","1","1","1","1","1","1","1","1","1","1","1","1","1","1","0","1","1","0","1","0","0","1","1","0","0","1","0","0","0","0","0","0","0","0","0","0","0","0","0","1","0","0","0","0","0","0","0","0","0","0","0","0","0","0","0","0","0","0","0","0","0","0","0","0","0","0","0","0","0","0","0","0","0","0","0","0","0","0"
"29513","SRR17780331_CLEAN_REPAIRED_minContig2500_bin.1","1","1","0","1","1","1","1","1","1","1","1","1","1","1","1","1","1","0","1","1","0","1","0","0","1","1","0","0","1","0","0","0","0","0","0","0","0","0","0","0","0","0","1","0","0","0","0","0","0","0","0","0","0","0","0","0","0","0","0","0","0","0","0","0","0","0","0","0","0","0","0","0","0","0","0","0","0","0","0","0","0"
"29561","SRR17780332_CLEAN_REPAIRED_minContig2500_bin.3","1","1","0","1","1","1","1","1","1","1","1","1","1","1","1","1","1","0","1","1","0","1","0","0","1","1","0","0","1","0","0","0","0","0","0","0","0","0","0","0","0","0","1","0","0","0","0","0","0","0","0","0","0","0","0","0","0","0","0","0","0","0","0","0","0","0","0","0","0","0","0","0","0","0","0","0","0","0","0","0","0"
"29603","SRR17780333_CLEAN_REPAIRED_minContig2500_bin.2","1","1","0","1","0","0","0","1","1","1","1","1","0","1","1","1","1","0","1","0","1","0","0","0","0","0","0","0","0","1","1","0","0","0","0","0","0","0","0","0","0","0","0","1","0","0","0","0","0","0","0","0","0","0","0","0","0","0","0","0","0","0","0","0","0","0","0","0","0","0","0","0","0","0","0","0","0","0","0","0","0"
"29643","SRR17780335_CLEAN_REPAIRED_minContig2500_bin.1","0","0","0","0","0","1","1","1","1","1","1","1","0","1","1","1","1","1","1","0","0","0","0","1","1","1","1","0","1","1","1","1","0","0","0","0","0","0","0","0","0","0","0","0","0","0","0","0","0","0","0","0","0","0","0","0","0","0","0","0","0","0","0","0","0","0","0","0","0","0","0","0","0","0","0","0","0","0","0","0","0"
"29683","SRR17780338_CLEAN_REPAIRED_minContig2500_bin.5","1","1","1","1","1","0","0","1","1","1","1","1","1","1","1","1","1","0","1","1","0","1","0","0","0","0","0","0","0","0","0","0","0","0","0","0","0","0","0","0","0","0","0","0","0","0","0","0","0","0","0","0","0","0","0","0","0","0","0","0","0","0","0","0","0","0","0","0","0","0","0","0","0","0","0","0","0","0","0","0","0"
"29734","SRR17780343_CLEAN_REPAIRED_minContig2500_bin.2","1","1","1","1","1","0","0","1","1","1","1","1","1","1","1","1","1","0","1","1","0","1","0","0","0","0","0","0","0","0","0","0","0","0","0","0","0","0","0","0","0","0","0","0","0","0","0","0","0","0","0","0","0","0","0","0","0","0","0","0","0","0","0","0","0","0","0","0","0","0","0","0","0","0","0","0","0","0","0","0","0"
"29784","SRR17780344_CLEAN_REPAIRED_minContig2500_bin.2","1","1","1","1","1","0","0","1","1","1","1","1","1","1","1","1","1","0","1","1","0","1","0","0","0","0","0","0","0","0","0","0","0","0","0","0","0","0","0","0","0","0","0","0","0","0","0","0","0","0","0","0","0","0","0","0","0","0","0","0","0","0","0","0","0","0","0","0","0","0","0","0","0","0","0","0","0","0","0","0","0"
"29831","SRR17780345_CLEAN_REPAIRED_minContig2500_bin.1","1","1","1","1","1","0","0","1","1","1","1","1","1","1","1","1","1","0","1","1","0","1","0","0","0","0","0","0","0","0","0","0","0","0","0","0","0","0","0","0","0","0","0","0","0","0","0","0","0","0","0","0","0","0","0","0","0","0","0","0","0","0","0","0","0","0","0","0","0","0","0","0","0","0","0","0","0","0","0","0","0"
"29879","SRR17780346_CLEAN_REPAIRED_minContig2500_bin.1","0","0","0","0","0","1","1","1","1","1","1","1","0","1","1","1","1","0","1","1","1","0","0","1","1","1","1","0","1","0","0","0","0","0","0","0","0","0","0","0","0","0","1","0","0","0","0","0","0","0","0","0","0","0","0","0","0","0","0","0","0","0","0","0","0","0","0","0","0","0","0","0","0","0","0","0","0","0","0","0","0"
"29917","SRR17780347_CLEAN_REPAIRED_minContig2500_bin.1","0","0","0","0","0","1","1","1","1","1","1","1","0","1","1","1","1","0","1","1","1","0","0","1","1","1","1","0","1","0","0","0","0","0","0","0","0","0","0","0","0","0","1","0","0","0","0","0","0","0","0","0","0","0","0","0","0","0","0","0","0","0","0","0","0","0","0","0","0","0","0","0","0","0","0","0","0","0","0","0","0"
"29956","SRR17780348_CLEAN_REPAIRED_minContig2500_bin.3","1","1","0","1","0","0","0","1","1","1","1","1","0","1","1","1","1","0","1","0","1","0","0","0","0","0","0","0","0","1","0","1","0","1","1","1","1","1","1","1","0","0","0","1","0","0","0","0","0","0","0","0","0","0","0","0","0","0","0","0","0","0","0","0","0","0","0","0","0","0","0","0","0","0","0","0","0","0","0","0","0"
"30017","SRR17780349_CLEAN_REPAIRED_minContig2500_bin.4","0","0","0","0","0","1","1","1","1","1","1","1","0","1","1","1","1","0","1","1","1","0","0","1","1","1","1","0","1","0","0","0","0","0","0","0","0","0","0","0","0","0","1","0","0","0","0","0","0","0","0","0","0","0","0","0","0","0","0","0","0","0","0","0","0","0","0","0","0","0","0","0","0","0","0","0","0","0","0","0","0"
"30056","SRR17780350_CLEAN_REPAIRED_minContig2500_bin.2","0","0","0","0","0","1","1","1","1","1","1","1","0","1","1","1","1","0","1","1","1","0","0","1","1","1","1","0","1","0","0","0","0","0","0","0","0","0","0","0","0","0","1","0","0","0","0","0","0","0","0","0","0","0","0","0","0","0","0","0","0","0","0","0","0","0","0","0","0","0","0","0","0","0","0","0","0","0","0","0","0"
"30096","SRR17780351_CLEAN_REPAIRED_minContig2500_bin.4","0","0","0","0","0","1","1","1","1","1","1","1","0","1","1","1","1","0","1","1","1","0","0","1","1","1","1","0","1","0","0","0","0","0","0","0","0","0","0","0","0","0","1","0","0","0","0","0","0","0","0","0","0","0","0","0","0","0","0","0","0","0","0","0","0","0","0","0","0","0","0","0","0","0","0","0","0","0","0","0","0"
"30135","SRR17780352_CLEAN_REPAIRED_minContig2500_bin.3","0","0","0","0","0","1","1","1","1","1","1","1","0","1","1","1","1","0","1","1","1","0","0","1","1","1","1","0","1","0","0","0","0","0","0","0","0","0","0","0","0","0","1","0","0","0","0","0","0","0","0","0","0","0","0","0","0","0","0","0","0","0","0","0","0","0","0","0","0","0","0","0","0","0","0","0","0","0","0","0","0"
"30175","SRR17780353_CLEAN_REPAIRED_minContig2500_bin.5","0","0","0","0","0","1","1","1","1","1","1","1","0","1","1","1","1","0","1","1","1","0","0","1","1","1","1","0","1","0","0","0","0","0","0","0","0","0","0","0","0","0","1","0","0","0","0","0","0","0","0","0","0","0","0","0","0","0","0","0","0","0","0","0","0","0","0","0","0","0","0","0","0","0","0","0","0","0","0","0","0"
"30213","SRR17780354_CLEAN_REPAIRED_minContig2500_bin.1","0","0","0","0","0","1","1","1","1","1","1","1","0","1","1","1","1","0","1","1","1","0","0","1","1","1","1","0","1","0","0","0","0","0","0","0","0","0","0","0","0","0","1","0","0","0","0","0","0","0","0","0","0","0","0","0","0","0","0","0","0","0","0","0","0","0","0","0","0","0","0","0","0","0","0","0","0","0","0","0","0"
"30252","SRR17780355_CLEAN_REPAIRED_minContig2500_bin.3","0","0","0","0","0","1","1","1","1","1","1","1","0","1","1","1","1","0","1","1","1","0","0","1","1","1","1","0","1","0","0","0","0","0","0","0","0","0","0","0","0","0","1","0","0","0","0","0","0","0","0","0","0","0","0","0","0","0","0","0","0","0","0","0","0","0","0","0","0","0","0","0","0","0","0","0","0","0","0","0","0"
"30291","SRR17780356_CLEAN_REPAIRED_minContig2500_bin.2","0","0","0","0","0","1","1","1","1","1","1","1","0","1","1","1","1","0","1","1","1","0","0","1","1","1","1","0","1","0","0","0","0","0","0","0","0","0","0","0","0","0","1","0","0","0","0","0","0","0","0","0","0","0","0","0","0","0","0","0","0","0","0","0","0","0","0","0","0","0","0","0","0","0","0","0","0","0","0","0","0"
"30331","SRR17780357_CLEAN_REPAIRED_minContig2500_bin.4","0","0","0","0","0","1","1","1","1","1","1","1","0","1","1","1","1","0","1","1","1","0","0","1","1","1","1","0","1","0","0","0","0","0","0","0","0","0","0","0","0","0","1","0","0","0","0","0","0","0","0","0","0","0","0","0","0","0","0","0","0","0","0","0","0","0","0","0","0","0","0","0","0","0","0","0","0","0","0","0","0"
"30370","SRR17780358_CLEAN_REPAIRED_minContig2500_bin.3","0","0","0","0","0","1","1","1","1","1","1","1","0","1","1","1","1","0","1","1","1","0","0","1","1","1","1","0","1","0","0","0","0","0","0","0","0","0","0","0","0","0","1","0","0","0","0","0","0","0","0","0","0","0","0","0","0","0","0","0","0","0","0","0","0","0","0","0","0","0","0","0","0","0","0","0","0","0","0","0","0"
"30408","SRR17780361_CLEAN_REPAIRED_minContig2500_bin.10","1","1","0","1","0","0","0","1","1","1","1","1","1","1","1","1","1","1","1","1","1","0","0","0","0","0","0","0","0","0","0","0","0","0","0","0","0","0","0","0","0","0","0","0","0","0","0","0","0","0","0","0","0","0","0","0","0","0","0","0","0","0","0","0","0","0","0","0","0","0","0","0","0","0","0","0","0","0","0","0","0"
"30446","SRR17780363_CLEAN_REPAIRED_minContig2500_bin.16","1","1","0","1","0","0","0","1","1","1","1","1","1","1","1","1","1","1","1","1","1","0","0","0","0","0","0","0","0","1","0","0","0","0","0","0","0","0","0","0","0","0","0","0","0","0","0","0","0","0","0","0","0","0","0","0","0","0","0","0","0","0","0","0","0","0","0","0","0","0","0","0","0","0","0","0","0","0","0","0","0"
"30490","SRR17780364_CLEAN_REPAIRED_minContig2500_bin.8","1","1","0","1","0","0","0","1","1","1","1","1","1","1","1","1","1","1","1","1","1","0","0","0","0","0","0","0","0","0","0","0","0","0","0","0","0","0","0","0","0","0","0","0","0","0","0","0","0","0","0","0","0","0","0","0","0","0","0","0","0","0","0","0","0","0","0","0","0","0","0","0","0","0","0","0","0","0","0","0","0"
"30530","SRR17780365_CLEAN_REPAIRED_minContig2500_bin.1","1","1","0","1","0","0","0","1","1","1","1","1","1","1","1","1","1","1","1","1","1","0","0","0","0","0","0","0","0","0","0","0","0","0","0","0","0","0","0","0","0","0","0","0","0","0","0","0","0","0","0","0","0","0","0","0","0","0","0","0","0","0","0","0","0","0","0","0","0","0","0","0","0","0","0","0","0","0","0","0","0"
"30565","SRR17780369_CLEAN_REPAIRED_minContig2500_bin.4","1","1","0","1","0","0","0","1","1","1","1","1","0","1","1","1","1","0","1","0","1","0","1","0","0","0","0","0","0","1","0","1","0","1","1","1","1","1","1","1","0","0","0","0","0","0","0","0","0","0","0","0","1","0","0","0","0","0","0","0","0","0","0","0","0","0","0","0","0","0","0","0","0","0","0","0","0","0","0","0","0"
"30633","SRR17780371_CLEAN_REPAIRED_minContig2500_bin.7","1","1","0","1","0","0","0","1","1","1","1","1","1","1","1","1","1","1","1","1","1","0","0","0","0","0","0","0","0","0","0","0","0","0","0","0","0","0","0","0","0","0","0","0","0","0","0","0","0","0","0","0","0","0","0","0","0","0","0","0","0","0","0","0","0","0","0","0","0","0","0","0","0","0","0","0","0","0","0","0","0"
"30673","SRR17780373_CLEAN_REPAIRED_minContig2500_bin.5","1","1","0","1","0","0","0","1","1","1","1","1","1","1","1","1","1","1","1","1","1","0","0","0","0","0","0","0","0","0","0","0","0","0","0","0","0","0","0","0","0","0","0","0","0","0","0","0","0","0","0","0","0","0","0","0","0","0","0","0","0","0","0","0","0","0","0","0","0","0","0","0","0","0","0","0","0","0","0","0","0"
"30713","SRR17780375_CLEAN_REPAIRED_minContig2500_bin.3","1","1","0","1","0","0","0","1","1","1","1","1","1","1","1","1","1","1","1","1","1","0","0","0","0","0","0","0","0","0","0","0","0","0","0","0","0","0","0","0","0","0","0","0","0","0","0","0","0","0","0","0","0","0","0","0","0","0","0","0","0","0","0","0","0","0","0","0","0","0","0","0","0","0","0","0","0","0","0","0","0"
"30749","SRR17780376_CLEAN_REPAIRED_minContig2500_bin.7","1","1","1","1","0","0","0","1","1","1","1","1","1","1","1","1","1","1","1","1","1","0","0","0","0","0","0","0","0","0","0","0","0","0","0","0","0","0","0","0","0","0","0","0","0","0","0","0","0","0","0","0","0","0","0","0","0","0","0","0","0","0","0","0","0","0","0","0","0","0","0","0","0","0","0","0","0","0","0","0","0"
"30786","SRR17780380_CLEAN_REPAIRED_minContig2500_bin.4","1","1","0","1","0","0","0","1","1","1","1","1","0","1","1","1","1","0","1","0","1","0","0","0","0","0","0","0","0","1","1","1","0","1","1","1","1","1","1","1","0","0","0","1","0","0","0","0","0","0","0","0","0","0","0","0","0","0","0","0","0","0","0","0","0","0","0","0","0","0","0","0","0","0","0","0","0","0","0","0","0"
"30849","SRR17780391_CLEAN_REPAIRED_minContig2500_bin.1","1","1","0","0","1","0","0","1","1","1","1","0","1","1","1","0","1","0","0","1","0","1","0","0","0","0","0","0","0","0","0","0","0","0","0","0","0","0","0","0","0","0","0","0","0","0","0","0","0","0","0","0","0","0","0","0","0","0","0","0","0","0","0","0","0","0","0","0","0","0","0","0","0","0","0","0","0","0","0","0","0"
"30884","SRR17780392_CLEAN_REPAIRED_minContig2500_bin.5","1","1","0","0","1","0","0","1","1","1","1","1","1","1","1","1","1","0","0","1","0","1","1","0","0","0","0","0","0","0","0","0","0","0","0","0","0","0","0","0","0","0","0","0","0","0","0","0","0","0","0","0","0","0","0","0","0","0","0","0","0","0","0","0","0","0","0","0","0","0","0","0","0","0","0","0","0","0","0","0","0"
"30919","SRR17780395_CLEAN_REPAIRED_minContig2500_bin.5","0","0","0","0","0","0","0","1","1","1","1","1","0","0","0","0","0","0","1","0","0","0","0","0","0","0","0","0","0","1","1","0","0","0","0","0","0","0","0","0","0","0","0","1","0","0","0","0","0","0","0","0","0","0","0","0","0","0","0","0","0","0","0","0","0","0","0","0","0","0","0","0","0","0","0","0","0","0","0","0","0"
"30938","SRR17780403_CLEAN_REPAIRED_minContig2500_bin.3","1","1","0","1","1","0","0","1","1","1","1","1","1","1","1","1","1","0","1","1","0","1","0","0","0","0","0","0","0","1","0","0","0","0","0","0","0","0","0","0","0","0","0","0","0","0","0","0","0","0","0","0","0","0","0","0","0","0","0","0","0","0","0","0","0","0","0","0","0","0","0","0","0","0","0","0","0","0","0","0","0"
"30986","SRR17780404_CLEAN_REPAIRED_minContig2500_bin.3","1","1","0","1","1","0","0","1","1","1","1","1","1","1","1","1","1","0","1","1","0","1","0","0","0","0","0","0","0","1","0","0","0","0","0","0","0","0","0","0","0","0","0","0","0","0","0","0","0","0","0","0","0","0","0","0","0","0","0","0","0","0","0","0","0","0","0","0","0","0","0","0","0","0","0","0","0","0","0","0","0"
"31034","SRR17780406_CLEAN_REPAIRED_minContig2500_bin.2","1","1","0","1","0","0","0","1","1","1","1","1","0","1","1","1","1","0","1","0","1","0","0","0","0","0","0","0","0","1","1","0","0","0","0","0","0","0","0","0","0","0","0","0","0","0","0","0","0","0","0","0","0","0","0","0","0","0","0","0","0","0","0","0","0","0","0","0","0","0","0","0","0","0","0","0","0","0","0","0","0"
"31072","SRR17780408_CLEAN_REPAIRED_minContig2500_bin.5","1","1","0","1","1","0","0","0","1","1","0","1","1","1","1","1","1","0","1","1","0","1","0","0","0","0","0","0","0","1","0","0","0","0","0","0","0","0","0","0","0","0","0","0","0","0","0","0","0","0","0","0","0","0","0","0","0","0","0","0","0","0","0","0","0","0","0","0","0","0","0","0","0","0","0","0","0","0","0","0","0"
"31113","SRR17780410_CLEAN_REPAIRED_minContig2500_bin.2","1","1","0","1","0","0","0","1","1","1","1","1","0","1","1","1","1","0","1","0","1","0","0","0","0","0","0","0","0","1","1","0","0","0","0","0","0","0","0","0","0","0","0","0","0","0","0","0","0","0","0","0","0","0","0","0","0","0","0","0","0","0","0","0","0","0","0","0","0","0","0","0","0","0","0","0","0","0","0","0","0"
"31146","SRR17780411_CLEAN_REPAIRED_minContig2500_bin.1","1","1","0","1","0","0","0","1","1","1","1","1","0","1","1","1","1","0","1","0","1","0","0","0","0","0","0","0","0","1","1","0","0","0","0","0","0","0","0","0","0","0","0","0","0","0","0","0","0","0","0","0","0","0","0","0","0","0","0","0","0","0","0","0","0","0","0","0","0","0","0","0","0","0","0","0","0","0","0","0","0"
"31179","SRR17780414_CLEAN_REPAIRED_minContig2500_bin.1","1","1","0","1","0","0","0","1","1","1","1","1","0","1","1","1","1","0","1","0","1","0","0","0","0","0","0","0","0","1","1","0","0","0","0","0","0","0","0","0","0","0","0","0","0","0","0","0","0","0","0","0","0","0","0","0","0","0","0","0","0","0","0","0","0","0","0","0","0","0","0","0","0","0","0","0","0","0","0","0","0"
"31212","SRR17780417_CLEAN_REPAIRED_minContig2500_bin.1","1","1","0","1","0","0","0","1","1","1","1","1","0","1","1","1","1","0","1","0","1","0","0","0","0","0","0","0","0","1","1","0","0","0","0","0","0","0","0","0","0","0","0","1","0","0","0","0","0","0","0","0","0","0","0","0","0","0","0","0","0","0","0","0","0","0","0","0","0","0","0","0","0","0","0","0","0","0","0","0","0"
"31251","SRR17780421_CLEAN_REPAIRED_minContig2500_bin.1","1","1","0","1","0","0","0","1","1","1","1","1","0","1","1","1","1","0","1","0","1","0","0","0","0","0","0","0","0","1","1","0","0","0","0","0","0","0","0","0","0","0","0","1","0","0","0","0","0","0","0","0","0","0","0","0","0","0","0","0","0","0","0","0","0","0","0","0","0","0","0","0","0","0","0","0","0","0","0","0","0"
"31287","SRR17780422_CLEAN_REPAIRED_minContig2500_bin.1","1","1","0","1","0","0","0","1","1","1","1","1","0","1","1","1","1","0","1","1","1","0","1","0","0","0","0","0","0","0","0","0","0","0","0","0","0","0","0","0","0","0","0","0","0","0","0","0","0","0","0","0","0","0","0","0","0","0","0","0","0","0","0","0","0","0","0","0","0","0","0","0","0","0","0","0","0","0","0","0","0"
"31324","SRR17780423_CLEAN_REPAIRED_minContig2500_bin.1","1","1","0","1","0","0","0","1","1","1","1","1","0","1","1","1","1","0","1","1","1","0","1","0","0","0","0","0","0","0","0","0","0","0","0","0","0","0","0","0","0","0","0","0","0","0","0","0","0","0","0","0","0","0","0","0","0","0","0","0","0","0","0","0","0","0","0","0","0","0","0","0","0","0","0","0","0","0","0","0","0"
"31362","SRR17780424_CLEAN_REPAIRED_minContig2500_bin.1","1","1","0","1","0","0","0","1","1","1","1","1","0","1","1","1","1","0","1","1","1","0","1","0","0","0","0","0","0","0","0","0","0","0","0","0","0","0","0","0","0","0","0","0","0","0","0","0","0","0","0","0","0","0","0","0","0","0","0","0","0","0","0","0","0","0","0","0","0","0","0","0","0","0","0","0","0","0","0","0","0"
"31400","SRR17780425_CLEAN_REPAIRED_minContig2500_bin.1","1","1","0","1","0","0","0","1","1","1","1","1","0","1","1","1","1","0","1","1","1","0","1","0","0","0","0","0","0","0","0","0","0","0","0","0","0","0","0","0","0","0","0","0","0","0","0","0","0","0","0","0","0","0","0","0","0","0","0","0","0","0","0","0","0","0","0","0","0","0","0","0","0","0","0","0","0","0","0","0","0"
"31438","SRR17780426_CLEAN_REPAIRED_minContig2500_bin.3","1","1","0","1","0","0","0","1","1","1","1","1","0","1","1","1","1","0","1","1","1","0","1","0","0","0","0","0","0","0","0","0","0","0","0","0","0","0","0","0","0","0","0","0","0","0","0","0","0","0","0","0","0","0","0","0","0","0","0","0","0","0","0","0","0","0","0","0","0","0","0","0","0","0","0","0","0","0","0","0","0"
"31476","SRR17780427_CLEAN_REPAIRED_minContig2500_bin.2","1","1","0","0","1","0","0","1","1","1","1","1","1","1","1","1","1","0","0","1","0","1","1","0","0","0","0","0","0","0","0","0","0","0","0","0","0","0","0","0","0","0","0","0","0","0","0","0","0","0","0","0","0","0","0","0","0","0","0","0","0","0","0","0","0","0","0","0","0","0","0","0","0","0","0","0","0","0","0","0","0"
"31511","SRR17780431_CLEAN_REPAIRED_minContig2500_bin.2","1","1","0","1","0","0","0","1","1","1","1","1","0","1","1","1","1","0","1","1","1","0","1","0","0","0","0","0","0","0","0","0","0","0","0","0","0","0","0","0","0","0","0","0","0","0","0","0","0","0","0","0","0","0","0","0","0","0","0","0","0","0","0","0","0","0","0","0","0","0","0","0","0","0","0","0","0","0","0","0","0"
"31549","SRR17780432_CLEAN_REPAIRED_minContig2500_bin.2","1","1","0","1","0","0","0","1","1","1","1","1","0","1","1","1","1","0","1","0","1","0","0","0","0","0","0","0","0","1","1","0","0","0","0","0","0","0","0","0","0","0","0","1","0","0","0","0","0","0","0","0","0","0","0","0","0","0","0","0","0","0","0","0","0","0","0","0","0","0","0","0","0","0","0","0","0","0","0","0","0"
"31588","SRR17780433_CLEAN_REPAIRED_minContig2500_bin.3","1","1","0","1","0","0","0","1","1","1","1","1","0","1","1","1","1","0","1","1","0","0","1","0","0","0","0","0","0","0","0","0","0","0","0","0","0","0","0","0","0","0","0","0","0","0","0","0","0","0","0","0","0","0","0","0","0","0","0","0","0","0","0","0","0","0","0","0","0","0","0","0","0","0","0","0","0","0","0","0","0"
"31624","SRR17780434_CLEAN_REPAIRED_minContig2500_bin.4","1","1","0","1","0","0","0","1","1","1","1","1","0","1","1","1","1","0","1","1","1","0","1","0","0","0","0","0","0","0","0","0","0","0","0","0","0","0","0","0","0","0","0","0","0","0","0","0","0","0","0","0","0","0","0","0","0","0","0","0","0","0","0","0","0","0","0","0","0","0","0","0","0","0","0","0","0","0","0","0","0"
"31662","SRR17780435_CLEAN_REPAIRED_minContig2500_bin.9","1","1","0","1","0","0","0","1","1","1","1","1","0","1","1","1","1","0","1","1","1","0","1","0","0","0","0","0","0","0","0","0","0","0","0","0","0","0","0","0","0","0","0","0","0","0","0","0","0","0","0","0","0","0","0","0","0","0","0","0","0","0","0","0","0","0","0","0","0","0","0","0","0","0","0","0","0","0","0","0","0"
"31699","SRR17780436_CLEAN_REPAIRED_minContig2500_bin.1","1","1","0","1","0","0","0","1","1","1","1","1","0","1","1","1","1","0","1","1","1","0","1","0","0","0","0","0","0","0","0","0","0","0","0","0","0","0","0","0","0","0","0","0","0","0","0","0","0","0","0","0","0","0","0","0","0","0","0","0","0","0","0","0","0","0","0","0","0","0","0","0","0","0","0","0","0","0","0","0","0"
"31736","SRR17780437_CLEAN_REPAIRED_minContig2500_bin.2","1","1","0","1","0","0","0","1","1","1","1","1","0","1","1","1","1","0","1","1","1","0","1","0","0","0","0","0","0","0","0","0","0","0","0","0","0","0","0","0","0","0","0","0","0","0","0","0","0","0","0","0","0","0","0","0","0","0","0","0","0","0","0","0","0","0","0","0","0","0","0","0","0","0","0","0","0","0","0","0","0"
"31774","SRR17780438_CLEAN_REPAIRED_minContig2500_bin.1","1","1","0","1","0","0","0","1","1","1","1","1","0","1","1","1","1","0","1","1","0","0","1","0","0","0","0","0","0","0","0","0","0","0","0","0","0","0","0","0","0","0","0","0","0","0","0","0","0","0","0","0","0","0","0","0","0","0","0","0","0","0","0","0","0","0","0","0","0","0","0","0","0","0","0","0","0","0","0","0","0"
"31810","SRR17780439_CLEAN_REPAIRED_minContig2500_bin.3","1","1","0","1","0","0","0","1","1","1","1","1","0","1","1","1","1","0","1","1","0","0","1","0","0","0","0","0","0","0","0","0","0","0","0","0","0","0","0","0","0","0","0","0","0","0","0","0","0","0","0","0","0","0","0","0","0","0","0","0","0","0","0","0","0","0","0","0","0","0","0","0","0","0","0","0","0","0","0","0","0"
"31851","SRR17780440_CLEAN_REPAIRED_minContig2500_bin.1","1","1","0","1","0","0","0","1","1","1","1","1","0","1","1","1","1","0","1","1","1","0","1","0","0","0","0","0","0","0","0","0","0","0","0","0","0","0","0","0","0","0","0","0","0","0","0","0","0","0","0","0","0","0","0","0","0","0","0","0","0","0","0","0","0","0","0","0","0","0","0","0","0","0","0","0","0","0","0","0","0"
"31889","SRR17780441_CLEAN_REPAIRED_minContig2500_bin.2","1","1","0","1","0","0","0","1","1","1","1","1","0","1","1","1","1","0","0","0","1","0","0","0","0","0","0","0","0","0","0","0","0","0","0","0","0","0","0","0","0","0","0","0","0","0","0","0","0","0","0","0","0","0","0","0","0","0","0","0","0","0","0","0","0","0","0","0","0","0","0","0","0","0","0","0","0","0","0","0","0"
"31918","SRR17780442_CLEAN_REPAIRED_minContig2500_bin.5","0","0","0","0","0","0","0","1","1","1","1","1","0","1","1","1","1","0","0","0","1","0","0","0","0","0","0","0","0","0","0","0","0","0","0","0","0","0","0","0","0","0","0","0","0","0","0","0","0","0","0","0","0","0","0","0","0","0","0","0","0","0","0","0","0","0","0","0","0","0","0","0","0","0","0","0","0","0","0","0","0"
"31941","SRR17780444_CLEAN_REPAIRED_minContig2500_bin.7","0","0","0","0","0","0","0","1","1","1","1","1","0","1","1","1","1","0","0","0","1","0","0","0","0","0","0","0","0","0","0","1","0","0","0","0","0","0","0","0","0","0","0","0","0","0","0","0","0","0","0","0","0","0","0","0","0","0","0","0","0","0","0","0","0","0","0","0","0","0","0","0","0","0","0","0","0","0","0","0","0"
"31980","SRR17780445_CLEAN_REPAIRED_minContig2500_bin.1","0","0","0","0","0","0","0","1","1","1","1","1","0","1","1","1","1","0","0","0","1","0","0","0","0","0","0","0","0","0","0","0","0","0","0","0","0","0","0","0","0","0","0","0","0","0","0","0","0","0","0","0","0","0","0","0","0","0","0","0","0","0","0","0","0","0","0","0","0","0","0","0","0","0","0","0","0","0","0","0","0"
"32003","SRR17780446_CLEAN_REPAIRED_minContig2500_bin.1","0","0","0","0","0","0","0","1","1","1","1","1","0","1","1","1","1","0","0","0","1","0","0","0","0","0","0","0","0","0","0","0","0","0","0","0","0","0","0","0","0","0","0","0","0","0","0","0","0","0","0","0","0","0","0","0","0","0","0","0","0","0","0","0","0","0","0","0","0","0","0","0","0","0","0","0","0","0","0","0","0"
"32026","SRR17780447_CLEAN_REPAIRED_minContig2500_bin.1","0","0","0","0","0","0","0","1","1","1","1","1","0","1","1","1","1","0","0","0","1","0","0","0","0","0","0","0","0","0","0","0","0","0","0","0","0","0","0","0","0","0","0","0","0","0","0","0","0","0","0","0","0","0","0","0","0","0","0","0","0","0","0","0","0","0","0","0","0","0","0","0","0","0","0","0","0","0","0","0","0"
"32049","SRR17780448_CLEAN_REPAIRED_minContig2500_bin.1","0","0","0","0","0","0","0","1","1","1","1","1","0","1","1","1","1","0","0","0","1","0","0","0","0","0","0","0","0","0","0","0","0","0","0","0","0","0","0","0","0","0","0","0","0","0","0","0","0","0","0","0","0","0","0","0","0","0","0","0","0","0","0","0","0","0","0","0","0","0","0","0","0","0","0","0","0","0","0","0","0"
"32072","SRR17780449_CLEAN_REPAIRED_minContig2500_bin.1","0","0","0","0","0","0","0","1","1","1","1","1","0","1","1","1","1","0","0","0","1","0","0","0","0","0","0","0","0","0","0","0","0","0","0","0","0","0","0","0","0","0","0","0","0","0","0","0","0","0","0","0","0","0","0","0","0","0","0","0","0","0","0","0","0","0","0","0","0","0","0","0","0","0","0","0","0","0","0","0","0"
"32095","SRR17780450_CLEAN_REPAIRED_minContig2500_bin.7","1","1","0","1","0","0","0","1","1","1","1","1","0","1","1","1","1","0","0","0","1","0","0","0","0","0","0","0","0","0","0","0","0","0","0","0","0","0","0","0","0","0","0","0","0","0","0","0","0","0","0","0","0","0","0","0","0","0","0","0","0","0","0","0","0","0","0","0","0","0","0","0","0","0","0","0","0","0","0","0","0"
"32124","SRR17780472_CLEAN_REPAIRED_minContig2500_bin.4","1","1","1","1","1","0","0","1","1","1","1","1","1","1","1","1","1","0","1","1","0","1","0","0","0","0","0","0","0","0","0","0","0","0","0","0","0","0","0","0","0","0","0","0","0","0","0","0","0","0","0","0","0","0","0","0","0","0","0","0","0","0","0","0","0","0","0","0","0","0","0","0","0","0","0","0","0","0","0","0","0"
"32169","SRR17780473_CLEAN_REPAIRED_minContig2500_bin.3","1","1","1","1","1","0","0","1","1","1","1","1","1","1","1","1","1","0","1","1","0","1","0","0","0","0","0","0","0","0","0","0","0","0","0","0","0","0","0","0","0","0","0","0","0","0","0","0","0","0","0","0","0","0","0","0","0","0","0","0","0","0","0","0","0","0","0","0","0","0","0","0","0","0","0","0","0","0","0","0","0"
"32212","SRR17780474_CLEAN_REPAIRED_minContig2500_bin.3","1","1","1","1","1","0","0","1","1","1","1","1","1","1","1","1","1","0","1","1","0","1","0","0","0","0","0","0","0","0","0","0","0","0","0","0","0","0","0","0","0","0","0","0","0","0","0","0","0","0","0","0","0","0","0","0","0","0","0","0","0","0","0","0","0","0","0","0","0","0","0","0","0","0","0","0","0","0","0","0","0"
"32255","SRR17780475_CLEAN_REPAIRED_minContig2500_bin.2","1","1","1","1","1","0","0","1","1","1","1","1","1","1","1","1","1","0","1","1","0","1","0","0","0","0","0","0","0","0","0","0","0","0","0","0","0","0","0","0","0","0","0","0","0","0","0","0","0","0","0","0","0","0","0","0","0","0","0","0","0","0","0","0","0","0","0","0","0","0","0","0","0","0","0","0","0","0","0","0","0"
"32297","SRR17780476_CLEAN_REPAIRED_minContig2500_bin.2","1","1","1","1","1","0","0","1","1","1","1","1","1","1","1","1","1","0","1","1","0","1","0","0","0","0","0","0","0","0","0","0","0","0","0","0","0","0","0","0","0","0","0","0","0","0","0","0","0","0","0","0","0","0","0","0","0","0","0","0","0","0","0","0","0","0","0","0","0","0","0","0","0","0","0","0","0","0","0","0","0"
"32339","SRR17780477_CLEAN_REPAIRED_minContig2500_bin.1","1","1","1","1","1","0","0","1","1","1","1","1","1","1","1","1","1","0","1","1","0","1","0","0","0","0","0","0","0","0","0","0","0","0","0","0","0","0","0","0","0","0","0","0","0","0","0","0","0","0","0","0","0","0","0","0","0","0","0","0","0","0","0","0","0","0","0","0","0","0","0","0","0","0","0","0","0","0","0","0","0"
"32384","SRR17780479_CLEAN_REPAIRED_minContig2500_bin.3","1","1","1","1","1","0","0","1","1","1","1","1","1","1","1","1","1","0","1","1","0","1","0","0","0","0","0","0","0","0","0","0","0","0","0","0","0","0","0","0","0","0","0","0","0","0","0","0","0","0","0","0","0","0","0","0","0","0","0","0","0","0","0","0","0","0","0","0","0","0","0","0","0","0","0","0","0","0","0","0","0"
"32430","SRR17780480_CLEAN_REPAIRED_minContig2500_bin.3","1","1","1","1","1","0","0","1","1","1","1","1","1","1","1","1","1","0","1","1","0","1","0","0","0","0","0","0","0","0","0","0","0","0","0","0","0","0","0","0","0","0","0","0","0","0","0","0","0","0","0","0","0","0","0","0","0","0","0","0","0","0","0","0","0","0","0","0","0","0","0","0","0","0","0","0","0","0","0","0","0"
"32475","SRR17780481_CLEAN_REPAIRED_minContig2500_bin.2","1","1","1","1","1","0","0","1","1","1","1","1","1","1","1","1","1","0","1","1","0","1","0","0","0","0","0","0","0","0","0","0","0","0","0","0","0","0","0","0","0","0","0","0","0","0","0","0","0","0","0","0","0","0","0","0","0","0","0","0","0","0","0","0","0","0","0","0","0","0","0","0","0","0","0","0","0","0","0","0","0"
"32518","SRR17780482_CLEAN_REPAIRED_minContig2500_bin.5","1","1","1","1","1","0","0","1","1","1","1","1","1","1","1","1","1","0","1","1","0","1","0","0","0","0","0","0","0","0","0","0","0","0","0","0","0","0","0","0","0","0","0","0","0","0","0","0","0","0","0","0","0","0","0","0","0","0","0","0","0","0","0","0","0","0","0","0","0","0","0","0","0","0","0","0","0","0","0","0","0"
"32561","SRR17780483_CLEAN_REPAIRED_minContig2500_bin.4","1","1","1","1","1","0","0","1","1","1","1","1","1","1","1","1","1","0","1","1","0","1","0","0","0","0","0","0","0","0","0","0","0","0","0","0","0","0","0","0","0","0","0","0","0","0","0","0","0","0","0","0","0","0","0","0","0","0","0","0","0","0","0","0","0","0","0","0","0","0","0","0","0","0","0","0","0","0","0","0","0"
"32604","SRR17780484_CLEAN_REPAIRED_minContig2500_bin.2","1","1","1","1","1","0","0","1","1","1","1","1","1","1","1","1","1","0","1","1","0","1","0","0","0","0","0","0","0","0","0","0","0","0","0","0","0","0","0","0","0","0","0","0","0","0","0","0","0","0","0","0","0","0","0","0","0","0","0","0","0","0","0","0","0","0","0","0","0","0","0","0","0","0","0","0","0","0","0","0","0"
"32649","SRR17780490_CLEAN_REPAIRED_minContig2500_bin.2","1","1","1","1","1","0","0","1","1","1","1","1","1","1","1","1","1","0","1","1","0","1","0","0","0","0","0","0","0","0","0","0","0","0","0","0","0","0","0","0","0","0","0","0","0","0","0","0","0","0","0","0","0","0","0","0","0","0","0","0","0","0","0","0","0","0","0","0","0","0","0","0","0","0","0","0","0","0","0","0","0"
"32697","SRR17780502_CLEAN_REPAIRED_minContig2500_bin.4","1","1","1","1","1","0","0","1","1","1","1","1","1","1","1","1","1","0","1","1","0","1","0","0","0","0","0","0","0","0","0","0","0","0","0","0","0","0","0","0","0","0","0","0","0","0","0","0","0","0","0","0","0","0","0","0","0","0","0","0","0","0","0","0","0","0","0","0","0","0","0","0","0","0","0","0","0","0","0","0","0"
"32740","SRR17780503_CLEAN_REPAIRED_minContig2500_bin.1","1","1","1","1","1","0","0","1","1","1","1","1","1","1","1","1","1","0","1","1","0","1","0","0","0","0","0","0","0","0","0","0","0","0","0","0","0","0","0","0","0","0","0","0","0","0","0","0","0","0","0","0","0","0","0","0","0","0","0","0","0","0","0","0","0","0","0","0","0","0","0","0","0","0","0","0","0","0","0","0","0"
"32785","SRR17780504_CLEAN_REPAIRED_minContig2500_bin.5","0","1","0","1","1","1","1","1","1","1","1","1","0","1","1","1","1","0","1","1","0","1","0","1","0","1","1","0","0","0","0","0","0","0","0","0","0","0","0","0","0","0","0","0","0","0","0","0","0","0","0","0","0","0","0","0","0","0","0","0","0","0","0","0","0","0","0","0","0","0","0","0","0","0","0","0","0","0","0","0","0"
"32826","SRR17780505_CLEAN_REPAIRED_minContig2500_bin.2","1","1","1","1","1","0","0","1","1","1","1","1","1","1","1","1","1","0","1","1","0","1","0","0","0","0","0","0","0","0","0","0","0","0","0","0","0","0","0","0","0","0","0","0","0","0","0","0","0","0","0","0","0","0","0","0","0","0","0","0","0","0","0","0","0","0","0","0","0","0","0","0","0","0","0","0","0","0","0","0","0"
"32874","SRR17780506_CLEAN_REPAIRED_minContig2500_bin.3","1","1","1","1","1","0","0","1","1","1","1","1","1","1","1","1","1","0","1","1","0","1","0","0","0","0","0","0","0","0","0","0","0","0","0","0","0","0","0","0","0","0","0","0","0","0","0","0","0","0","0","0","0","0","0","0","0","0","0","0","0","0","0","0","0","0","0","0","0","0","0","0","0","0","0","0","0","0","0","0","0"
"32917","SRR17780507_CLEAN_REPAIRED_minContig2500_bin.5","1","1","1","1","1","0","0","1","1","1","1","1","1","1","1","1","1","0","1","1","0","1","0","0","0","0","0","0","0","0","0","0","0","0","0","0","0","0","0","0","0","0","0","0","0","0","0","0","0","0","0","0","0","0","0","0","0","0","0","0","0","0","0","0","0","0","0","0","0","0","0","0","0","0","0","0","0","0","0","0","0"
"32965","SRR17780508_CLEAN_REPAIRED_minContig2500_bin.5","1","1","1","1","1","0","0","1","1","1","1","1","1","1","1","1","1","0","1","1","0","1","0","0","0","0","0","0","0","0","0","0","0","0","0","0","0","0","0","0","0","0","0","0","0","0","0","0","0","0","0","0","0","0","0","0","0","0","0","0","0","0","0","0","0","0","0","0","0","0","0","0","0","0","0","0","0","0","0","0","0"
"33007","SRR17780509_CLEAN_REPAIRED_minContig2500_bin.6","1","1","1","1","1","0","0","1","1","1","1","1","1","1","1","1","1","0","1","1","0","1","0","0","0","0","0","0","0","0","0","0","0","0","0","0","0","0","0","0","0","0","0","0","0","0","0","0","0","0","0","0","0","0","0","0","0","0","0","0","0","0","0","0","0","0","0","0","0","0","0","0","0","0","0","0","0","0","0","0","0"
"33050","SRR17780510_CLEAN_REPAIRED_minContig2500_bin.5","1","1","1","1","1","0","0","1","1","1","1","1","1","1","1","1","1","0","1","1","0","1","0","0","0","0","0","0","0","0","0","0","0","0","0","0","0","0","0","0","0","0","0","0","0","0","0","0","0","0","0","0","0","0","0","0","0","0","0","0","0","0","0","0","0","0","0","0","0","0","0","0","0","0","0","0","0","0","0","0","0"
"33096","SRR17780511_CLEAN_REPAIRED_minContig2500_bin.1","1","1","1","1","1","0","0","1","1","1","1","1","1","1","1","1","1","0","1","1","0","1","0","0","0","0","0","0","0","0","0","0","0","0","0","0","0","0","0","0","0","0","0","0","0","0","0","0","0","0","0","0","0","0","0","0","0","0","0","0","0","0","0","0","0","0","0","0","0","0","0","0","0","0","0","0","0","0","0","0","0"
"33139","SRR17780512_CLEAN_REPAIRED_minContig2500_bin.1","1","1","1","1","1","0","0","1","1","1","1","1","1","1","1","1","1","0","1","1","0","1","0","0","0","0","0","0","0","0","0","0","0","0","0","0","0","0","0","0","0","0","0","0","0","0","0","0","0","0","0","0","0","0","0","0","0","0","0","0","0","0","0","0","0","0","0","0","0","0","0","0","0","0","0","0","0","0","0","0","0"
"33190","SRR17780513_CLEAN_REPAIRED_minContig2500_bin.3","1","1","1","1","1","0","0","1","1","1","1","1","1","1","1","1","1","0","1","1","0","1","0","0","0","0","0","0","0","0","0","0","0","0","0","0","0","0","0","0","0","0","0","0","0","0","0","0","0","0","0","0","0","0","0","0","0","0","0","0","0","0","0","0","0","0","0","0","0","0","0","0","0","0","0","0","0","0","0","0","0"
"33240","SRR17780514_CLEAN_REPAIRED_minContig2500_bin.4","1","1","1","1","1","0","0","1","1","1","1","1","1","1","1","1","1","0","1","1","0","1","0","0","0","0","0","0","0","0","0","0","0","0","0","0","0","0","0","0","0","0","0","0","0","0","0","0","0","0","0","0","0","0","0","0","0","0","0","0","0","0","0","0","0","0","0","0","0","0","0","0","0","0","0","0","0","0","0","0","0"
"33285","SRR17780516_CLEAN_REPAIRED_minContig2500_bin.8","0","1","0","1","0","0","0","1","0","1","1","1","0","1","0","0","0","1","1","0","1","0","0","0","0","0","0","0","0","1","0","0","0","0","0","0","0","0","0","0","0","1","0","0","0","0","0","0","0","0","0","0","0","0","0","0","0","0","0","0","0","0","0","0","0","0","0","0","0","0","0","0","0","0","0","0","0","0","0","0","0"
"33305","SRR17780519_CLEAN_REPAIRED_minContig2500_bin.3","1","1","0","1","0","0","0","1","1","1","1","1","0","1","1","1","1","0","0","0","1","0","0","0","0","0","0","0","0","1","1","0","0","0","0","0","0","0","0","0","0","0","0","1","0","0","0","0","0","0","0","0","0","0","0","0","0","0","0","0","0","0","0","0","0","0","0","0","0","0","0","0","0","0","0","0","0","0","0","0","0"
"33338","SRR17780522_CLEAN_REPAIRED_minContig2500_bin.6","1","1","0","1","0","0","0","1","1","1","1","1","1","1","1","1","1","1","1","1","1","0","0","0","0","0","0","0","0","0","0","0","0","0","0","0","0","0","0","0","0","0","0","0","0","0","0","0","0","0","0","0","0","0","0","0","0","0","0","0","0","0","0","0","0","0","0","0","0","0","0","0","0","0","0","0","0","0","0","0","0"
"33373","SRR17780524_CLEAN_REPAIRED_minContig2500_bin.6","1","1","0","1","0","0","0","1","1","1","1","1","1","1","1","1","1","0","1","1","1","0","0","0","0","0","0","0","0","0","0","0","0","0","0","0","0","0","0","0","0","0","0","0","0","0","0","0","0","0","0","0","0","0","0","0","0","0","0","0","0","0","0","0","0","0","0","0","0","0","0","0","0","0","0","0","0","0","0","0","0"
"33408","SRR17780525_CLEAN_REPAIRED_minContig2500_bin.1","1","1","1","1","0","0","0","0","1","1","0","1","1","1","0","1","1","1","1","0","0","0","1","0","0","0","0","0","0","1","0","0","0","0","0","0","0","0","0","0","0","0","0","0","0","0","0","0","0","0","0","0","0","0","0","0","0","0","0","0","0","0","0","0","0","0","0","0","0","0","0","0","0","0","0","0","0","0","0","0","0"
"33444","SRR17780526_CLEAN_REPAIRED_minContig2500_bin.4","1","1","0","1","0","0","0","1","1","1","1","1","1","1","1","1","1","0","1","1","1","0","0","0","0","0","0","0","0","0","0","0","0","0","0","0","0","0","0","0","0","0","0","0","0","0","0","0","0","0","0","0","0","0","0","0","0","0","0","0","0","0","0","0","0","0","0","0","0","0","0","0","0","0","0","0","0","0","0","0","0"
"33478","SRR17780536_CLEAN_REPAIRED_minContig2500_bin.2","1","1","1","1","1","0","0","1","1","1","1","1","1","1","1","1","1","0","1","1","0","1","0","0","0","0","0","0","0","0","0","0","0","0","0","0","0","0","0","0","0","0","0","0","0","0","0","0","0","0","0","0","0","0","0","0","0","0","0","0","0","0","0","0","0","0","0","0","0","0","0","0","0","0","0","0","0","0","0","0","0"
"33522","SRR17780537_CLEAN_REPAIRED_minContig2500_bin.1","1","1","1","1","1","0","0","1","1","1","1","1","1","1","1","1","1","0","1","1","0","1","0","0","0","0","0","0","0","0","0","0","0","0","0","0","0","0","0","0","0","0","0","0","0","0","0","0","0","0","0","0","0","0","0","0","0","0","0","0","0","0","0","0","0","0","0","0","0","0","0","0","0","0","0","0","0","0","0","0","0"
"33565","SRR17780538_CLEAN_REPAIRED_minContig2500_bin.1","1","1","1","1","1","0","0","1","1","1","1","1","1","1","1","1","1","0","1","1","0","1","0","0","0","0","0","0","0","0","0","0","0","0","0","0","0","0","0","0","0","0","0","0","0","0","0","0","0","0","0","0","0","0","0","0","0","0","0","0","0","0","0","0","0","0","0","0","0","0","0","0","0","0","0","0","0","0","0","0","0"
"33607","SRR17780539_CLEAN_REPAIRED_minContig2500_bin.2","1","1","1","1","1","0","0","1","1","1","1","1","1","1","1","1","1","0","1","1","0","1","0","0","0","0","0","0","0","0","0","0","0","0","0","0","0","0","0","0","0","0","0","0","0","0","0","0","0","0","0","0","0","0","0","0","0","0","0","0","0","0","0","0","0","0","0","0","0","0","0","0","0","0","0","0","0","0","0","0","0"
"33650","SRR17780541_CLEAN_REPAIRED_minContig2500_bin.3","1","1","0","1","0","0","0","1","1","1","1","1","0","1","1","1","1","0","1","0","1","0","0","0","0","0","0","0","0","1","1","0","0","0","0","0","0","0","0","0","0","0","0","1","0","0","0","0","0","0","0","0","0","0","0","0","0","0","0","0","0","0","0","0","0","0","0","0","0","0","0","0","0","0","0","0","0","0","0","0","0"
"33684","SRR17780542_CLEAN_REPAIRED_minContig2500_bin.1","1","1","1","1","1","0","0","1","1","1","1","1","1","1","1","1","1","0","1","1","0","1","0","0","0","0","0","0","0","0","0","0","0","0","0","0","0","0","0","0","0","0","0","0","0","0","0","0","0","0","0","0","0","0","0","0","0","0","0","0","0","0","0","0","0","0","0","0","0","0","0","0","0","0","0","0","0","0","0","0","0"
"33726","SRR17780543_CLEAN_REPAIRED_minContig2500_bin.2","1","1","1","1","1","0","0","1","1","1","1","1","1","1","1","1","1","0","1","1","0","1","0","0","0","0","0","0","0","0","0","0","0","0","0","0","0","0","0","0","0","0","0","0","0","0","0","0","0","0","0","0","0","0","0","0","0","0","0","0","0","0","0","0","0","0","0","0","0","0","0","0","0","0","0","0","0","0","0","0","0"
"33769","SRR17780544_CLEAN_REPAIRED_minContig2500_bin.1","1","1","1","1","1","0","0","1","1","1","1","1","1","1","1","1","1","0","1","1","0","1","0","0","0","0","0","0","0","0","0","0","0","0","0","0","0","0","0","0","0","0","0","0","0","0","0","0","0","0","0","0","0","0","0","0","0","0","0","0","0","0","0","0","0","0","0","0","0","0","0","0","0","0","0","0","0","0","0","0","0"
"33813","SRR17780545_CLEAN_REPAIRED_minContig2500_bin.3","1","1","1","1","1","0","0","1","1","1","1","1","1","1","1","1","1","0","1","1","0","1","0","0","0","0","0","0","0","0","0","0","0","0","0","0","0","0","0","0","0","0","0","0","0","0","0","0","0","0","0","0","0","0","0","0","0","0","0","0","0","0","0","0","0","0","0","0","0","0","0","0","0","0","0","0","0","0","0","0","0"
"33858","SRR17780547_CLEAN_REPAIRED_minContig2500_bin.1","1","1","0","1","0","0","0","1","1","1","1","1","0","1","1","1","1","0","1","0","1","0","0","0","0","0","0","0","0","1","0","0","0","0","0","0","0","0","0","0","0","0","0","0","0","0","0","0","0","0","0","0","0","0","0","0","0","0","0","0","0","0","0","0","0","0","0","0","0","0","0","0","0","0","0","0","0","0","0","0","0"
"33890","SRR17780548_CLEAN_REPAIRED_minContig2500_bin.8","1","1","0","1","0","0","0","1","1","1","1","1","0","1","1","1","1","0","1","0","1","0","0","0","0","0","0","0","0","1","1","0","0","0","0","0","0","0","0","0","0","0","0","0","0","0","0","0","0","0","0","0","0","0","0","0","0","0","0","0","0","0","0","0","0","0","0","0","0","0","0","0","0","0","0","0","0","0","0","0","0"
"33923","SRR17780549_CLEAN_REPAIRED_minContig2500_bin.2","1","1","0","1","0","0","0","1","1","1","1","1","0","1","1","1","1","0","1","0","1","0","0","0","0","0","0","0","0","1","1","0","0","0","0","0","0","0","0","0","0","0","0","0","0","0","0","0","0","0","0","0","0","0","0","0","0","0","0","0","0","0","0","0","0","0","0","0","0","0","0","0","0","0","0","0","0","0","0","0","0"
"33956","SRR17780550_CLEAN_REPAIRED_minContig2500_bin.2","1","1","0","1","0","0","0","1","1","1","1","1","0","1","1","1","1","0","1","0","1","0","0","0","0","0","0","0","0","1","1","0","0","0","0","0","0","0","0","0","0","0","0","0","0","0","0","0","0","0","0","0","0","0","0","0","0","0","0","0","0","0","0","0","0","0","0","0","0","0","0","0","0","0","0","0","0","0","0","0","0"
"33989","SRR17780552_CLEAN_REPAIRED_minContig2500_bin.4","1","1","0","1","0","1","1","1","1","1","1","1","0","1","1","1","1","0","1","0","1","0","0","0","1","0","0","1","0","0","0","0","0","0","0","0","0","0","0","0","0","0","0","0","0","0","0","0","0","0","0","0","0","0","0","0","0","0","0","0","0","0","0","0","0","0","0","0","0","0","0","0","0","0","0","0","0","0","0","0","0"
"34026","SRR17780553_CLEAN_REPAIRED_minContig2500_bin.1","1","1","0","1","0","1","1","1","1","1","1","1","0","1","1","1","1","0","1","0","0","0","0","0","1","0","0","1","0","0","0","0","0","0","0","0","0","0","0","0","0","0","0","0","0","0","0","0","0","0","0","0","0","0","0","0","0","0","0","0","0","0","0","0","0","0","0","0","0","0","0","0","0","0","0","0","0","0","0","0","0"
"34062","SRR17780554_CLEAN_REPAIRED_minContig2500_bin.11","1","1","0","1","0","0","0","1","1","1","1","1","0","1","1","1","1","0","1","0","0","0","0","0","0","0","0","0","0","0","0","1","0","0","0","0","0","0","0","0","0","0","0","0","0","0","0","0","0","0","0","0","0","0","0","0","0","0","0","0","0","0","0","0","0","0","0","0","0","0","0","0","0","0","0","0","0","0","0","0","0"
"34100","SRR17780555_CLEAN_REPAIRED_minContig2500_bin.10","1","1","1","1","0","0","0","1","1","1","1","1","0","1","1","1","1","0","1","0","0","0","0","0","0","0","0","0","0","0","0","0","0","0","0","0","0","0","0","0","0","0","0","0","0","0","0","0","0","0","0","0","0","0","0","0","0","0","0","0","0","0","0","0","0","0","0","0","0","0","0","0","0","0","0","0","0","0","0","0","0"
"34134","SRR17780557_CLEAN_REPAIRED_minContig2500_bin.1","1","1","0","0","1","0","0","1","1","1","1","1","1","1","1","1","1","0","0","1","0","1","0","0","0","0","0","0","0","0","0","0","0","0","0","0","0","0","0","0","0","1","0","0","0","0","0","0","0","0","0","0","0","0","0","0","0","0","0","0","0","0","0","0","0","0","0","0","0","0","0","0","0","0","0","0","0","0","0","0","0"
"34173","SRR17780558_CLEAN_REPAIRED_minContig2500_bin.1","1","1","0","0","1","0","0","1","1","1","1","1","1","1","1","1","1","0","0","1","0","1","1","0","0","0","0","0","0","0","0","0","0","0","0","0","0","0","0","0","0","0","0","0","0","0","0","0","0","0","0","0","0","0","0","0","0","0","0","0","0","0","0","0","0","0","0","0","0","0","0","0","0","0","0","0","0","0","0","0","0"
"34208","SRR17780559_CLEAN_REPAIRED_minContig2500_bin.4","1","1","0","1","0","1","1","1","1","1","1","1","0","1","1","1","1","0","1","0","0","0","0","0","1","0","0","1","0","0","0","0","0","0","0","0","0","0","0","0","0","0","0","0","0","0","0","0","0","0","0","0","0","0","0","0","0","0","0","0","0","0","0","0","0","0","0","0","0","0","0","0","0","0","0","0","0","0","0","0","0"
"34243","SRR17780560_CLEAN_REPAIRED_minContig2500_bin.6","1","1","0","1","0","1","1","1","1","1","1","1","0","1","1","1","1","0","1","0","0","0","0","0","1","0","0","1","0","0","0","0","0","0","0","0","0","0","0","0","0","0","0","0","0","0","0","0","0","0","0","0","0","0","0","0","0","0","0","0","0","0","0","0","0","0","0","0","0","0","0","0","0","0","0","0","0","0","0","0","0"
"34281","SRR17780561_CLEAN_REPAIRED_minContig2500_bin.9","1","1","0","0","1","0","0","1","1","1","1","1","1","1","1","1","1","0","0","1","0","1","1","0","0","0","0","0","0","0","0","0","0","0","0","0","0","0","0","0","0","0","0","0","0","0","0","0","0","0","0","0","0","0","0","0","0","0","0","0","0","0","0","0","0","0","0","0","0","0","0","0","0","0","0","0","0","0","0","0","0"
"34316","SRR17780565_CLEAN_REPAIRED_minContig2500_bin.9","0","1","0","0","1","0","0","1","1","1","1","1","1","1","1","1","1","0","0","1","0","1","1","0","0","0","0","0","0","0","0","0","0","0","0","0","0","0","0","0","0","0","0","0","0","0","0","0","0","0","0","0","0","0","0","0","0","0","0","0","0","0","0","0","0","0","0","0","0","0","0","0","0","0","0","0","0","0","0","0","0"
"34349","SRR17780566_CLEAN_REPAIRED_minContig2500_bin.8","1","1","0","0","1","0","0","1","1","1","1","1","0","1","0","1","1","1","0","0","0","1","1","0","0","0","0","0","0","0","0","0","0","1","1","1","0","1","1","1","0","0","0","0","0","0","0","0","0","0","0","0","0","0","0","0","0","0","0","0","0","0","0","0","0","0","0","0","0","0","0","0","0","0","0","0","0","0","0","0","0"
"34389","SRR17780567_CLEAN_REPAIRED_minContig2500_bin.2","1","1","0","1","0","0","0","1","1","1","1","1","0","1","1","1","1","0","1","0","1","0","0","0","0","0","0","0","0","1","1","0","0","0","0","0","0","0","0","0","0","0","0","1","0","0","0","0","0","0","0","0","0","0","0","0","0","0","0","0","0","0","0","0","0","0","0","0","0","0","0","0","0","0","0","0","0","0","0","0","0"
"34428","SRR17780568_CLEAN_REPAIRED_minContig2500_bin.4","1","1","0","1","1","0","0","1","1","1","1","1","1","1","0","0","1","0","0","1","0","1","1","0","0","0","0","0","0","0","0","0","0","0","0","0","0","0","0","0","0","1","0","0","0","0","0","0","0","0","0","0","0","0","0","0","0","0","0","0","0","0","0","0","0","0","0","0","0","0","0","0","0","0","0","0","0","0","0","0","0"
"34464","SRR17780572_CLEAN_REPAIRED_minContig2500_bin.5","1","1","0","0","1","0","0","1","1","1","1","1","1","1","1","1","0","0","0","1","0","1","1","0","0","0","0","0","0","0","0","0","0","0","0","0","0","0","0","0","0","0","0","0","0","0","0","0","0","0","0","0","0","0","0","0","0","0","0","0","0","0","0","0","0","0","0","0","0","0","0","0","0","0","0","0","0","0","0","0","0"
"34496","SRR17780573_CLEAN_REPAIRED_minContig2500_bin.3","1","1","0","0","1","0","0","1","1","1","1","1","1","0","0","0","0","0","0","1","0","1","1","0","0","0","0","0","0","0","0","0","0","0","0","0","0","0","0","0","0","0","0","0","0","0","0","0","0","0","0","0","0","0","0","0","0","0","0","0","0","0","0","0","0","0","0","0","0","0","0","0","0","0","0","0","0","0","0","0","0"
"34522","SRR17780574_CLEAN_REPAIRED_minContig2500_bin.5","1","1","0","0","1","0","0","1","1","1","1","1","1","1","1","1","1","0","0","1","0","1","1","0","0","0","0","0","0","0","0","0","0","0","0","0","0","0","0","0","0","0","0","0","0","0","0","0","0","0","0","0","0","0","0","0","0","0","0","0","0","0","0","0","0","0","0","0","0","0","0","0","0","0","0","0","0","0","0","0","0"
"34557","SRR17780575_CLEAN_REPAIRED_minContig2500_bin.2","1","1","1","1","1","0","0","1","1","1","1","1","1","1","1","1","1","0","1","1","0","1","0","0","0","0","0","0","0","0","0","0","0","0","0","0","0","0","0","0","0","0","0","0","0","0","0","0","0","0","0","0","0","0","0","0","0","0","0","0","0","0","0","0","0","0","0","0","0","0","0","0","0","0","0","0","0","0","0","0","0"
"34607","SRR17780576_CLEAN_REPAIRED_minContig2500_bin.2","1","1","1","1","1","0","0","1","1","1","1","1","1","1","1","1","1","0","1","1","0","1","0","0","0","0","0","0","0","0","0","0","0","0","0","0","0","0","0","0","0","0","0","0","0","0","0","0","0","0","0","0","0","0","0","0","0","0","0","0","0","0","0","0","0","0","0","0","0","0","0","0","0","0","0","0","0","0","0","0","0"
"34657","SRR17780577_CLEAN_REPAIRED_minContig2500_bin.2","1","1","1","1","1","0","0","1","1","1","1","1","1","1","1","1","1","0","1","1","0","1","0","0","0","0","0","0","0","0","0","0","0","0","0","0","0","0","0","0","0","0","0","0","0","0","0","0","0","0","0","0","0","0","0","0","0","0","0","0","0","0","0","0","0","0","0","0","0","0","0","0","0","0","0","0","0","0","0","0","0"
"34703","SRR17780578_CLEAN_REPAIRED_minContig2500_bin.4","1","1","0","1","0","0","0","1","1","1","1","1","0","1","1","1","1","0","1","0","1","0","0","0","0","0","0","0","0","1","1","0","0","0","0","0","0","0","0","0","0","0","0","1","0","0","0","0","0","0","0","0","0","0","0","0","0","0","0","0","0","0","0","0","0","0","0","0","0","0","0","0","0","0","0","0","0","0","0","0","0"
"34738","SRR17780579_CLEAN_REPAIRED_minContig2500_bin.1","1","1","0","1","0","0","0","1","1","1","1","1","0","1","1","1","1","0","0","0","1","0","0","0","0","0","0","0","0","0","0","0","0","0","0","0","0","0","0","0","0","0","0","0","0","0","0","0","0","0","0","0","0","0","0","0","0","0","0","0","0","0","0","0","0","0","0","0","0","0","0","0","0","0","0","0","0","0","0","0","0"
"34767","SRR17780580_CLEAN_REPAIRED_minContig2500_bin.1","1","1","0","1","0","0","0","1","1","1","1","1","0","1","1","1","1","0","0","0","1","0","0","0","0","0","0","0","0","0","0","1","0","0","0","0","0","0","0","0","0","0","0","0","0","0","0","0","0","0","0","0","0","0","0","0","0","0","0","0","0","0","0","0","0","0","0","0","0","0","0","0","0","0","0","0","0","0","0","0","0"
"34804","SRR17780595_CLEAN_REPAIRED_minContig2500_bin.4","1","1","1","1","0","0","0","1","1","1","1","1","0","1","1","1","1","0","1","0","1","0","0","0","0","0","0","0","0","1","0","1","0","1","1","1","1","1","1","1","0","0","0","1","0","0","0","0","0","0","0","0","0","0","0","0","0","0","0","0","0","0","0","0","0","0","0","0","0","0","0","0","0","0","0","0","0","0","0","0","0"
"34858","SRR17780597_CLEAN_REPAIRED_minContig2500_bin.1","1","1","0","1","0","0","0","1","1","1","1","1","0","1","1","1","1","0","1","0","1","0","0","0","0","0","0","0","0","1","1","0","0","0","0","0","0","0","0","0","0","0","0","1","0","0","0","0","0","0","0","0","0","0","0","0","0","0","0","0","0","0","0","0","0","0","0","0","0","0","0","0","0","0","0","0","0","0","0","0","0"
"34897","SRR17780612_CLEAN_REPAIRED_minContig2500_bin.1","0","0","0","0","0","1","0","0","1","1","0","1","0","0","0","0","0","0","1","1","0","0","0","0","1","0","1","0","0","1","0","0","0","0","0","0","0","0","0","0","0","0","0","0","0","0","0","0","0","0","0","0","0","0","0","0","0","0","0","0","0","0","0","0","0","0","0","0","0","0","0","0","0","0","0","0","0","0","0","0","0"
"34912","SRR17780615_CLEAN_REPAIRED_minContig2500_bin.1","0","0","0","0","0","1","1","1","1","1","1","1","0","1","1","1","1","1","1","0","0","0","0","1","1","1","1","1","1","1","1","0","0","0","0","0","0","0","0","0","0","0","0","0","0","0","0","0","0","0","0","0","0","0","0","0","0","0","0","0","0","0","0","0","0","0","0","0","0","0","0","0","0","0","0","0","0","0","0","0","0"
"34949","SRR17780616_CLEAN_REPAIRED_minContig2500_bin.7","0","0","0","0","0","1","1","0","1","1","1","1","0","1","0","0","0","0","1","0","0","0","0","1","1","1","1","1","1","1","0","0","0","0","0","0","0","0","0","0","0","0","0","0","0","0","0","0","0","0","0","0","0","0","0","0","0","0","0","0","0","0","0","0","0","0","0","0","0","0","0","0","0","0","0","0","0","0","0","0","0"
"34974","SRR17780618_CLEAN_REPAIRED_minContig2500_bin.8","0","0","0","0","0","1","1","0","1","1","0","1","0","1","1","1","1","1","1","0","0","0","0","1","1","1","1","1","1","1","0","0","0","1","1","1","0","1","1","1","0","0","0","0","0","0","0","0","0","0","0","0","0","0","0","0","0","0","0","0","0","0","0","0","0","0","0","0","0","0","0","0","0","0","0","0","0","0","0","0","0"
"35019","SRR17780619_CLEAN_REPAIRED_minContig2500_bin.4","0","0","0","0","0","1","1","1","1","1","1","1","0","1","1","1","1","1","1","0","0","0","0","1","1","1","1","1","1","1","1","0","0","0","0","0","0","0","0","0","0","0","0","0","0","0","0","0","0","0","0","0","0","0","0","0","0","0","0","0","0","0","0","0","0","0","0","0","0","0","0","0","0","0","0","0","0","0","0","0","0"
"35056","SRR17780620_CLEAN_REPAIRED_minContig2500_bin.1","0","0","0","0","0","1","1","1","1","1","1","1","0","1","1","1","1","1","1","0","0","0","0","1","1","1","1","1","1","1","1","0","0","0","0","0","0","0","0","0","0","0","0","0","0","0","0","0","0","0","0","0","0","0","0","0","0","0","0","0","0","0","0","0","0","0","0","0","0","0","0","0","0","0","0","0","0","0","0","0","0"
"35096","SRR17780621_CLEAN_REPAIRED_minContig2500_bin.5","0","0","0","0","0","1","1","1","1","1","1","1","0","1","1","1","1","0","1","0","0","0","0","1","1","1","1","1","1","1","1","0","0","0","0","0","0","0","0","0","0","0","0","0","0","0","0","0","0","0","0","0","0","0","0","0","0","0","0","0","0","0","0","0","0","0","0","0","0","0","0","0","0","0","0","0","0","0","0","0","0"
"35133","SRR17780622_CLEAN_REPAIRED_minContig2500_bin.1","0","0","0","0","0","1","1","1","1","1","1","1","0","1","1","1","1","0","1","0","0","0","0","1","1","1","1","1","1","1","1","0","0","0","0","0","0","0","0","0","0","0","0","0","0","0","0","0","0","0","0","0","0","0","0","0","0","0","0","0","0","0","0","0","0","0","0","0","0","0","0","0","0","0","0","0","0","0","0","0","0"
"35172","SRR17780623_CLEAN_REPAIRED_minContig2500_bin.4","0","0","0","0","0","1","1","1","1","1","1","1","0","1","1","1","1","1","1","0","0","0","0","1","1","1","1","1","1","1","1","0","0","0","0","0","0","0","0","0","0","0","0","0","0","0","0","0","0","0","0","0","0","0","0","0","0","0","0","0","0","0","0","0","0","0","0","0","0","0","0","0","0","0","0","0","0","0","0","0","0"
"35207","SRR17780625_CLEAN_REPAIRED_minContig2500_bin.2","0","0","0","0","0","1","1","1","1","1","1","1","0","1","1","1","1","0","1","0","0","0","0","1","1","1","1","1","1","1","1","0","0","0","0","0","0","0","0","0","0","0","0","0","0","0","0","0","0","0","0","0","0","0","0","0","0","0","0","0","0","0","0","0","0","0","0","0","0","0","0","0","0","0","0","0","0","0","0","0","0"
"35246","SRR17780626_CLEAN_REPAIRED_minContig2500_bin.4","0","0","0","0","0","1","1","1","1","1","1","1","0","1","1","1","1","1","1","0","0","0","0","1","1","1","1","1","1","1","1","0","0","0","0","0","0","0","0","0","0","0","0","0","0","0","0","0","0","0","0","0","0","0","0","0","0","0","0","0","0","0","0","0","0","0","0","0","0","0","0","0","0","0","0","0","0","0","0","0","0"
"35283","SRR17780639_CLEAN_REPAIRED_minContig2500_bin.4","1","1","0","0","1","0","0","1","1","1","1","1","1","1","1","1","1","0","0","1","0","1","1","0","0","0","0","0","0","0","0","0","0","0","0","0","0","0","0","0","0","0","0","0","0","0","0","0","0","0","0","0","0","0","0","0","0","0","0","0","0","0","0","0","0","0","0","0","0","0","0","0","0","0","0","0","0","0","0","0","0"
"35317","SRR17780642_CLEAN_REPAIRED_minContig2500_bin.3","1","1","0","0","1","0","0","1","1","1","1","1","1","1","1","1","1","0","0","1","0","1","1","0","0","0","0","0","0","0","0","0","0","0","0","0","0","0","0","0","0","0","0","0","0","0","0","0","0","0","0","0","0","0","0","0","0","0","0","0","0","0","0","0","0","0","0","0","0","0","0","0","0","0","0","0","0","0","0","0","0"
"35351","SRR17780643_CLEAN_REPAIRED_minContig2500_bin.10","1","1","1","1","1","1","1","1","1","1","1","1","1","1","1","1","1","0","1","1","1","1","1","1","1","1","1","1","1","1","0","0","0","0","0","0","0","0","0","0","0","1","1","0","0","0","0","0","0","0","0","0","0","0","0","0","0","0","0","0","0","0","0","0","0","0","0","0","0","0","0","0","0","0","0","0","0","0","0","0","0"
"35411","SRR17780644_CLEAN_REPAIRED_minContig2500_bin.11","1","1","1","1","1","1","1","1","1","1","1","1","1","1","1","1","1","0","1","1","1","1","1","1","1","1","1","1","1","1","0","0","0","0","0","0","0","0","0","0","0","1","1","0","0","0","0","0","0","0","0","0","0","0","0","0","0","0","0","0","0","0","0","0","0","0","0","0","0","0","0","0","0","0","0","0","0","0","0","0","0"
"35473","SRR17780645_CLEAN_REPAIRED_minContig2500_bin.13","1","1","1","1","1","1","1","1","1","1","1","1","1","1","1","1","1","0","1","1","1","1","1","1","1","1","1","1","1","1","0","0","0","0","0","0","0","0","0","0","0","1","1","0","0","0","0","0","0","0","0","0","0","0","0","0","0","0","0","0","0","0","0","0","0","0","0","0","0","0","0","0","0","0","0","0","0","0","0","0","0"
"35535","SRR17780646_CLEAN_REPAIRED_minContig2500_bin.5","1","1","1","1","1","1","1","1","1","1","1","1","1","1","1","1","1","0","1","1","1","1","1","1","1","1","1","1","1","1","0","0","0","0","0","0","0","0","0","0","0","1","1","0","0","0","0","0","0","0","0","0","0","0","0","0","0","0","0","0","0","0","0","0","0","0","0","0","0","0","0","0","0","0","0","0","0","0","0","0","0"
"35596","SRR17780647_CLEAN_REPAIRED_minContig2500_bin.2","1","1","1","1","1","1","1","1","1","1","1","1","1","1","1","1","1","0","1","1","1","1","1","1","1","1","1","1","1","1","0","0","0","0","0","0","0","0","0","0","0","1","1","0","0","0","0","0","0","0","0","0","0","0","0","0","0","0","0","0","0","0","0","0","0","0","0","0","0","0","0","0","0","0","0","0","0","0","0","0","0"
"35656","SRR17780648_CLEAN_REPAIRED_minContig2500_bin.4","1","1","0","0","1","0","0","1","1","1","1","1","1","1","1","1","1","0","0","1","0","1","1","0","0","0","0","0","0","0","0","0","0","0","0","0","0","0","0","0","0","0","0","0","0","0","0","0","0","0","0","0","0","0","0","0","0","0","0","0","0","0","0","0","0","0","0","0","0","0","0","0","0","0","0","0","0","0","0","0","0"
"35695","SRR17780650_CLEAN_REPAIRED_minContig2500_bin.2","1","1","1","1","1","1","1","1","1","1","1","1","1","1","1","1","1","0","1","1","1","1","1","1","1","1","1","1","1","1","0","0","0","0","0","0","0","0","0","0","0","1","1","0","0","0","0","0","0","0","0","0","0","0","0","0","0","0","0","0","0","0","0","0","0","0","0","0","0","0","0","0","0","0","0","0","0","0","0","0","0"
"35757","SRR17780651_CLEAN_REPAIRED_minContig2500_bin.2","1","1","1","1","1","1","1","1","1","1","1","1","1","1","1","1","1","1","1","1","1","1","1","1","1","1","1","1","1","1","0","0","0","1","1","1","0","1","1","1","0","1","1","0","0","0","0","0","0","0","0","0","0","0","0","0","0","0","0","0","0","0","0","0","0","0","0","0","0","0","0","0","0","0","0","0","0","0","0","0","0"
"35823","SRR17780652_CLEAN_REPAIRED_minContig2500_bin.1","1","1","1","1","1","1","1","1","1","1","1","1","1","1","1","1","1","0","1","1","1","1","1","1","1","1","1","1","1","1","0","0","0","0","0","0","0","0","0","0","0","1","1","0","0","0","0","0","0","0","0","0","0","0","0","0","0","0","0","0","0","0","0","0","0","0","0","0","0","0","0","0","0","0","0","0","0","0","0","0","0"
"35884","SRR17780653_CLEAN_REPAIRED_minContig2500_bin.3","1","1","1","1","1","1","1","1","1","1","1","1","1","1","1","1","1","0","1","1","1","1","1","1","1","1","1","1","1","1","0","0","0","0","0","0","0","0","0","0","0","1","1","0","0","0","0","0","0","0","0","0","0","0","0","0","0","0","0","0","0","0","0","0","0","0","0","0","0","0","0","0","0","0","0","0","0","0","0","0","0"
"35945","SRR17780655_CLEAN_REPAIRED_minContig2500_bin.2","1","1","1","1","1","1","1","1","1","1","1","1","1","1","1","1","1","1","1","1","1","1","1","1","1","1","1","1","1","1","0","0","0","1","1","1","0","1","1","1","0","1","1","0","0","0","0","0","0","0","0","0","0","0","0","0","0","0","0","0","0","0","0","0","0","0","0","0","0","0","0","0","0","0","0","0","0","0","0","0","0"
"36016","SRR17780657_CLEAN_REPAIRED_minContig2500_bin.1","0","0","0","0","0","1","1","1","1","1","1","1","0","1","1","1","1","1","1","0","0","0","0","1","1","1","1","1","1","1","1","0","0","0","0","0","0","0","0","0","0","0","0","0","0","0","0","0","0","0","0","0","0","0","0","0","0","0","0","0","0","0","0","0","0","0","0","0","0","0","0","0","0","0","0","0","0","0","0","0","0"
"36051","SRR17780658_CLEAN_REPAIRED_minContig2500_bin.1","1","1","0","1","0","0","0","1","1","1","1","1","0","1","1","1","1","0","1","0","1","0","1","0","0","0","0","0","0","0","1","1","0","1","1","1","1","1","1","1","0","1","0","1","0","0","0","0","0","0","0","0","0","0","0","0","0","0","0","0","0","0","0","0","0","0","0","0","0","0","0","0","0","0","0","0","0","0","0","0","0"
"36118","SRR17780659_CLEAN_REPAIRED_minContig2500_bin.3","0","0","0","0","0","1","1","1","1","1","1","1","0","1","1","1","1","1","1","0","0","0","0","1","1","1","1","1","1","1","1","0","0","0","0","0","0","0","0","0","0","0","0","0","0","0","0","0","0","0","0","0","0","0","0","0","0","0","0","0","0","0","0","0","0","0","0","0","0","0","0","0","0","0","0","0","0","0","0","0","0"
"36156","SRR17780660_CLEAN_REPAIRED_minContig2500_bin.3","0","0","0","0","0","1","1","1","1","1","1","1","0","1","1","1","1","1","1","0","0","0","0","1","1","1","1","1","1","1","1","0","0","0","0","0","0","0","0","0","0","0","0","0","0","0","0","0","0","0","0","0","0","0","0","0","0","0","0","0","0","0","0","0","0","0","0","0","0","0","0","0","0","0","0","0","0","0","0","0","0"
"36191","SRR17780664_CLEAN_REPAIRED_minContig2500_bin.6","0","0","0","0","0","0","0","1","1","1","1","1","0","1","1","1","1","0","1","0","1","0","0","0","0","0","0","0","0","1","1","0","0","0","0","0","0","0","0","0","0","0","0","1","0","0","0","0","0","0","0","0","0","0","0","0","0","0","0","0","0","0","0","0","0","0","0","0","0","0","0","0","0","0","0","0","0","0","0","0","0"
"36223","SRR17780665_CLEAN_REPAIRED_minContig2500_bin.2","1","1","0","1","0","0","0","1","1","1","1","1","0","1","1","1","1","0","1","0","1","0","0","0","0","0","0","0","0","1","1","1","1","1","1","1","1","1","1","1","0","0","0","0","0","0","0","0","0","0","0","0","0","0","0","0","0","0","0","0","0","0","0","0","0","0","0","0","0","0","0","0","0","0","0","0","0","0","0","0","0"
"36289","SRR17780667_CLEAN_REPAIRED_minContig2500_bin.4","0","0","0","0","0","0","0","1","1","1","1","1","0","1","1","1","1","0","1","0","1","0","0","0","0","0","0","0","0","1","1","0","0","0","0","0","0","0","0","0","0","0","0","1","0","0","0","0","0","0","0","0","0","0","0","0","0","0","0","0","0","0","0","0","0","0","0","0","0","0","0","0","0","0","0","0","0","0","0","0","0"
"36322","SRR17780668_CLEAN_REPAIRED_minContig2500_bin.3","0","0","0","0","0","0","0","1","1","1","1","1","0","1","1","1","1","0","1","0","1","0","0","0","0","0","0","0","0","1","1","0","0","0","0","0","0","0","0","0","0","0","0","1","0","0","0","0","0","0","0","0","0","0","0","0","0","0","0","0","0","0","0","0","0","0","0","0","0","0","0","0","0","0","0","0","0","0","0","0","0"
"36354","SRR17780672_CLEAN_REPAIRED_minContig2500_bin.2","1","1","0","1","1","0","0","1","1","1","1","1","1","1","1","1","1","0","1","0","0","1","0","0","0","0","0","0","0","0","0","0","0","0","0","0","0","0","0","0","0","0","0","0","1","1","1","1","0","0","1","0","0","0","0","0","0","0","0","0","0","0","0","0","0","0","0","0","0","0","0","0","0","0","0","0","0","0","0","0","0"
"36405","SRR17780673_CLEAN_REPAIRED_minContig2500_bin.3","1","1","0","0","1","0","0","1","1","1","1","1","1","1","1","1","1","0","0","1","0","1","1","0","0","0","0","0","0","0","0","0","0","0","0","0","0","0","0","0","0","0","0","0","0","0","0","0","0","0","0","0","0","0","0","0","0","0","0","0","0","0","0","0","0","0","0","0","0","0","0","0","0","0","0","0","0","0","0","0","0"
"36443","SRR17780674_CLEAN_REPAIRED_minContig2500_bin.1","1","1","0","1","1","0","0","1","1","1","1","1","1","1","1","1","1","0","1","0","0","1","0","0","0","0","0","0","0","0","0","0","0","0","0","0","0","0","0","0","0","1","0","0","1","1","1","1","0","0","1","0","0","0","0","0","0","0","0","0","0","0","0","0","0","0","0","0","0","0","0","0","0","0","0","0","0","0","0","0","0"
"36495","SRR17780676_CLEAN_REPAIRED_minContig2500_bin.5","1","1","0","1","0","0","0","1","1","1","1","1","0","1","1","1","1","0","1","0","1","0","0","0","0","0","0","0","0","1","1","0","0","0","0","0","0","0","0","0","0","0","0","1","0","0","0","0","0","0","0","0","0","0","0","0","0","0","0","0","0","0","0","0","0","0","0","0","0","0","0","0","0","0","0","0","0","0","0","0","0"
"36534","SRR17780680_CLEAN_REPAIRED_minContig2500_bin.4","1","0","0","1","0","0","0","1","1","1","1","1","1","1","1","1","1","0","1","1","0","0","0","0","0","0","0","0","0","0","0","0","0","0","0","0","0","0","0","0","0","0","0","0","0","0","0","0","0","0","0","0","0","0","0","0","0","0","0","0","0","0","0","0","0","0","0","0","0","0","0","0","0","0","0","0","0","0","0","0","0"
"36575","SRR17780681_CLEAN_REPAIRED_minContig2500_bin.5","1","0","1","1","0","0","0","1","1","1","1","1","1","1","1","1","0","0","0","1","0","0","0","0","0","0","0","0","0","0","0","0","0","0","0","0","0","0","0","0","0","1","0","0","0","0","0","0","0","0","0","0","0","0","0","0","0","0","0","0","0","0","0","0","0","0","0","0","0","0","0","0","0","0","0","0","0","0","0","0","0"
"36608","SRR17780682_CLEAN_REPAIRED_minContig2500_bin.3","1","0","1","1","0","0","0","1","1","1","1","1","1","1","1","1","0","0","0","1","0","0","0","0","0","0","0","0","0","0","0","0","0","0","0","0","0","0","0","0","0","0","0","0","0","0","0","0","0","0","0","0","0","0","0","0","0","0","0","0","0","0","0","0","0","0","0","0","0","0","0","0","0","0","0","0","0","0","0","0","0"
"36639","SRR17780683_CLEAN_REPAIRED_minContig2500_bin.2","1","0","0","1","0","0","0","1","1","1","1","1","1","1","1","1","1","0","1","1","0","0","0","0","0","0","0","0","0","0","0","0","0","0","0","0","0","0","0","0","0","0","0","0","0","0","0","0","0","0","0","0","0","0","0","0","0","0","0","0","0","0","0","0","0","0","0","0","0","0","0","0","0","0","0","0","0","0","0","0","0"
"36680","SRR17780686_CLEAN_REPAIRED_minContig2500_bin.1","1","0","0","1","0","0","0","1","1","1","1","1","1","1","1","1","1","0","0","1","0","0","0","0","0","0","0","0","0","0","0","0","0","0","0","0","0","0","0","0","0","0","0","0","0","0","0","0","0","0","0","0","0","0","0","0","0","0","0","0","0","0","0","0","0","0","0","0","0","0","0","0","0","0","0","0","0","0","0","0","0"
"36713","SRR17780687_CLEAN_REPAIRED_minContig2500_bin.4","1","0","0","1","0","0","0","1","1","1","1","1","0","1","1","1","1","0","1","0","0","0","0","0","0","0","0","0","0","0","0","0","0","0","0","0","0","0","0","0","0","0","0","0","0","0","0","0","0","0","0","0","0","0","0","0","0","0","0","0","0","0","0","0","0","0","0","0","0","0","0","0","0","0","0","0","0","0","0","0","0"
"36745","SRR17780689_CLEAN_REPAIRED_minContig2500_bin.3","1","0","0","1","0","0","0","1","1","1","1","1","1","1","1","1","1","0","1","1","0","0","0","0","0","0","0","0","0","0","0","0","0","0","0","0","0","0","0","0","0","0","0","0","0","0","0","0","0","0","0","0","0","0","0","0","0","0","0","0","0","0","0","0","0","0","0","0","0","0","0","0","0","0","0","0","0","0","0","0","0"
"36786","SRR17780690_CLEAN_REPAIRED_minContig2500_bin.5","1","0","0","1","0","0","0","1","1","1","1","1","1","1","1","1","1","0","1","1","0","0","0","0","0","0","0","0","0","0","0","0","0","0","0","0","0","0","0","0","0","0","0","0","0","0","0","0","0","0","0","0","0","0","0","0","0","0","0","0","0","0","0","0","0","0","0","0","0","0","0","0","0","0","0","0","0","0","0","0","0"
"36822","SRR17780691_CLEAN_REPAIRED_minContig2500_bin.2","1","0","0","1","0","0","0","1","1","1","1","1","1","1","1","1","1","0","1","1","0","0","0","0","0","0","0","0","0","0","0","0","0","0","0","0","0","0","0","0","0","0","0","0","0","0","0","0","0","0","0","0","0","0","0","0","0","0","0","0","0","0","0","0","0","0","0","0","0","0","0","0","0","0","0","0","0","0","0","0","0"
"36861","SRR17780693_CLEAN_REPAIRED_minContig2500_bin.7","1","0","1","1","0","0","0","1","1","1","1","1","1","1","1","1","0","0","1","1","0","0","0","0","0","0","0","0","0","0","0","0","0","0","0","0","0","0","0","0","0","1","0","0","0","0","0","0","0","0","0","0","0","0","0","0","0","0","0","0","0","0","0","0","0","0","0","0","0","0","0","0","0","0","0","0","0","0","0","0","0"
"36897","SRR17780705_CLEAN_REPAIRED_minContig2500_bin.2","0","1","0","1","1","0","0","0","1","1","1","0","1","1","0","0","1","0","1","0","0","1","1","0","0","0","0","0","0","0","0","0","0","0","0","0","0","0","0","0","0","0","0","0","0","0","0","0","0","0","0","0","0","0","0","0","0","0","0","0","0","0","0","0","0","0","0","0","0","0","0","0","0","0","0","0","0","0","0","0","0"
"36922","SRR17780706_CLEAN_REPAIRED_minContig2500_bin.3","1","0","0","1","1","0","0","0","1","1","1","1","1","0","1","0","1","0","0","0","0","1","0","0","0","0","0","0","0","0","0","0","0","0","0","0","0","0","0","0","0","0","0","0","0","0","0","0","0","0","0","0","0","0","0","0","0","0","0","0","0","0","0","0","0","0","0","0","0","0","0","0","0","0","0","0","0","0","0","0","0"
"36947","SRR17780707_CLEAN_REPAIRED_minContig2500_bin.1","1","1","0","1","1","0","0","1","1","1","1","1","1","1","1","1","1","0","0","0","0","1","0","0","0","0","0","0","0","0","0","0","0","0","0","0","0","0","0","0","0","0","0","0","0","0","0","0","0","0","0","0","0","0","0","0","0","0","0","0","0","0","0","0","0","0","0","0","0","0","0","0","0","0","0","0","0","0","0","0","0"
"36986","SRR17780711_CLEAN_REPAIRED_minContig2500_bin.4","1","1","0","1","1","0","0","1","1","1","1","1","1","1","1","1","1","0","0","0","0","1","0","0","0","0","0","0","0","0","0","0","0","0","0","0","0","0","0","0","0","0","0","0","0","0","0","0","0","0","0","0","0","0","0","0","0","0","0","0","0","0","0","0","0","0","0","0","0","0","0","0","0","0","0","0","0","0","0","0","0"
"37022","SRR17780717_CLEAN_REPAIRED_minContig2500_bin.1","1","1","0","1","1","0","0","0","0","1","0","1","1","0","1","0","1","0","0","0","0","1","1","0","0","0","0","0","0","0","0","0","0","0","0","0","0","0","0","0","0","0","0","0","0","0","0","0","0","0","0","0","0","0","0","0","0","0","0","0","0","0","0","0","0","0","0","0","0","0","0","0","0","0","0","0","0","0","0","0","0"
"37046","SRR17780718_CLEAN_REPAIRED_minContig2500_bin.3","0","0","0","0","0","0","0","1","1","1","1","1","0","1","1","1","1","0","1","1","0","0","0","0","0","0","0","0","0","0","0","0","0","0","0","0","0","0","0","0","0","0","0","0","0","0","0","0","0","0","0","0","0","0","0","0","0","0","0","0","0","0","0","0","0","0","0","0","0","0","0","0","0","0","0","0","0","0","0","0","0"
"37076","SRR17780719_CLEAN_REPAIRED_minContig2500_bin.5","1","1","0","1","1","0","0","1","1","1","1","1","1","1","1","1","1","0","0","0","0","1","0","0","0","0","0","0","0","0","0","0","0","0","0","0","0","0","0","0","0","0","0","0","0","0","0","0","0","0","0","0","0","0","0","0","0","0","0","0","0","0","0","0","0","0","0","0","0","0","0","0","0","0","0","0","0","0","0","0","0"
"37112","SRR17780721_CLEAN_REPAIRED_minContig2500_bin.1","1","1","0","1","1","0","0","1","1","1","1","1","1","1","1","1","1","0","0","0","0","1","0","0","0","0","0","0","0","0","0","0","0","0","0","0","0","0","0","0","0","0","0","0","0","0","0","0","0","0","0","0","0","0","0","0","0","0","0","0","0","0","0","0","0","0","0","0","0","0","0","0","0","0","0","0","0","0","0","0","0"
"37148","SRR17780723_CLEAN_REPAIRED_minContig2500_bin.1","1","1","0","1","1","0","0","1","1","1","1","1","1","1","1","1","1","0","0","0","0","1","0","0","0","0","0","0","0","0","0","0","0","0","0","0","0","0","0","0","0","0","0","0","0","0","0","0","0","0","0","0","0","0","0","0","0","0","0","0","0","0","0","0","0","0","0","0","0","0","0","0","0","0","0","0","0","0","0","0","0"
"37184","SRR17780725_CLEAN_REPAIRED_minContig2500_bin.2","1","1","0","1","1","0","0","1","1","1","1","1","1","1","1","1","1","0","0","0","0","1","0","0","0","0","0","0","0","0","0","0","0","0","0","0","0","0","0","0","0","0","0","0","0","0","0","0","0","0","0","0","0","0","0","0","0","0","0","0","0","0","0","0","0","0","0","0","0","0","0","0","0","0","0","0","0","0","0","0","0"
"37220","SRR17780726_CLEAN_REPAIRED_minContig2500_bin.1","1","1","0","1","1","0","0","1","1","1","1","1","1","1","1","1","1","0","0","0","0","1","0","0","0","0","0","0","0","0","0","0","0","0","0","0","0","0","0","0","0","0","0","0","0","0","0","0","0","0","0","0","0","0","0","0","0","0","0","0","0","0","0","0","0","0","0","0","0","0","0","0","0","0","0","0","0","0","0","0","0"
"37256","SRR17780728_CLEAN_REPAIRED_minContig2500_bin.4","1","1","0","1","0","0","0","1","1","1","1","1","0","1","1","1","1","0","0","0","1","0","0","0","0","0","0","0","0","0","0","0","0","0","0","0","0","0","0","0","0","0","0","0","0","0","0","0","1","0","0","0","0","0","0","0","0","0","0","0","0","0","0","0","0","0","0","0","0","0","0","0","0","0","0","0","0","0","0","0","0"
"37286","SRR17780729_CLEAN_REPAIRED_minContig2500_bin.3","1","1","0","1","0","0","0","1","1","1","1","1","0","1","1","1","1","0","0","0","1","0","0","0","0","0","0","0","0","0","0","0","0","0","0","0","0","0","0","0","0","0","0","0","0","0","0","0","0","0","0","0","0","0","0","0","0","0","0","0","0","0","0","0","0","0","0","0","0","0","0","0","0","0","0","0","0","0","0","0","0"
"37315","SRR17780730_CLEAN_REPAIRED_minContig2500_bin.5","1","1","0","1","0","0","0","1","1","1","1","1","0","1","1","1","1","0","0","0","1","0","0","0","0","0","0","0","0","0","0","0","0","0","0","0","0","0","0","0","0","0","0","0","0","0","0","0","0","0","0","0","0","0","0","0","0","0","0","0","0","0","0","0","0","0","0","0","0","0","0","0","0","0","0","0","0","0","0","0","0"
"37344","SRR17780731_CLEAN_REPAIRED_minContig2500_bin.1","1","1","0","1","0","0","0","1","1","1","1","1","0","1","1","1","1","0","0","0","1","0","0","0","0","0","0","0","0","0","0","0","0","0","0","0","0","0","0","0","0","0","0","0","0","0","0","0","0","0","0","0","0","0","0","0","0","0","0","0","0","0","0","0","0","0","0","0","0","0","0","0","0","0","0","0","0","0","0","0","0"
"37373","SRR17780732_CLEAN_REPAIRED_minContig2500_bin.2","1","1","0","1","0","0","0","1","1","1","1","1","0","1","1","1","1","0","0","0","1","0","0","0","0","0","0","0","0","0","0","0","0","0","0","0","0","0","0","0","0","0","0","0","0","0","0","0","1","0","0","0","0","0","0","0","0","0","0","0","0","0","0","0","0","0","0","0","0","0","0","0","0","0","0","0","0","0","0","0","0"
"37403","SRR17780733_CLEAN_REPAIRED_minContig2500_bin.3","1","1","0","1","0","0","0","1","1","1","1","1","0","1","1","1","1","0","0","0","1","0","0","0","0","0","0","0","0","0","0","0","0","0","0","0","0","0","0","0","0","0","0","0","0","0","0","0","0","0","0","0","0","0","0","0","0","0","0","0","0","0","0","0","0","0","0","0","0","0","0","0","0","0","0","0","0","0","0","0","0"
"37432","SRR17780734_CLEAN_REPAIRED_minContig2500_bin.3","1","1","0","1","0","0","0","1","1","1","1","1","0","1","1","1","1","0","0","0","1","0","0","0","0","0","0","0","0","0","0","0","0","0","0","0","0","0","0","0","0","0","0","0","0","0","0","0","1","0","0","0","0","0","0","0","0","0","0","0","0","0","0","0","0","0","0","0","0","0","0","0","0","0","0","0","0","0","0","0","0"
"37462","SRR17780735_CLEAN_REPAIRED_minContig2500_bin.1","1","1","0","1","0","0","0","1","1","1","1","1","0","1","1","1","1","0","0","0","1","0","0","0","0","0","0","0","0","0","0","0","0","0","0","0","0","0","0","0","0","0","0","0","0","0","0","0","0","0","0","0","0","0","0","0","0","0","0","0","0","0","0","0","0","0","0","0","0","0","0","0","0","0","0","0","0","0","0","0","0"
"37491","SRR17780736_CLEAN_REPAIRED_minContig2500_bin.1","1","1","0","1","0","0","0","1","1","1","1","1","0","1","1","1","1","0","0","0","1","0","0","0","0","0","0","0","0","0","0","0","0","0","0","0","0","0","0","0","0","0","0","0","0","0","0","0","0","0","0","0","0","0","0","0","0","0","0","0","0","0","0","0","0","0","0","0","0","0","0","0","0","0","0","0","0","0","0","0","0"
"37520","SRR17780737_CLEAN_REPAIRED_minContig2500_bin.1","1","1","0","0","1","0","0","1","1","1","1","1","1","1","1","1","1","0","0","1","0","1","1","0","0","0","0","0","0","0","0","0","0","0","0","0","0","0","0","0","0","0","0","0","0","0","0","0","0","0","0","0","0","0","0","0","0","0","0","0","0","0","0","0","0","0","0","0","0","0","0","0","0","0","0","0","0","0","0","0","0"
"37555","SRR17780739_CLEAN_REPAIRED_minContig2500_bin.2","1","1","0","1","0","0","0","1","1","1","1","1","0","1","1","1","1","0","0","0","1","0","0","0","0","0","0","0","0","0","0","0","0","0","0","0","0","0","0","0","0","0","0","0","0","0","0","0","0","0","0","0","0","0","0","0","0","0","0","0","0","0","0","0","0","0","0","0","0","0","0","0","0","0","0","0","0","0","0","0","0"
"37584","SRR17780740_CLEAN_REPAIRED_minContig2500_bin.2","0","0","0","0","0","1","1","1","1","1","1","1","1","0","1","1","0","0","1","0","0","0","0","1","1","1","1","1","1","1","0","0","0","0","0","0","0","0","0","0","0","0","1","0","0","0","0","0","0","0","0","0","0","0","0","0","0","0","0","0","0","0","0","0","0","0","0","0","0","0","0","0","0","0","0","0","0","0","0","0","0"
"37629","SRR17780750_CLEAN_REPAIRED_minContig2500_bin.1","1","1","1","1","1","0","0","1","1","1","1","1","1","1","1","1","1","0","1","1","0","1","0","0","0","0","0","0","0","0","0","1","0","0","0","0","0","0","0","0","0","0","0","0","0","0","0","0","0","0","0","0","0","0","0","0","0","0","0","0","0","0","0","0","0","0","0","0","0","0","0","0","0","0","0","0","0","0","0","0","0"
"37681","SRR17780754_CLEAN_REPAIRED_minContig2500_bin.3","1","1","1","1","1","0","0","1","1","1","1","1","1","1","1","1","1","0","1","1","0","1","0","0","0","0","0","0","0","0","0","0","0","0","0","0","0","0","0","0","0","0","0","0","0","0","0","0","0","0","0","0","0","0","0","0","0","0","0","0","0","0","0","0","0","0","0","0","0","0","0","0","0","0","0","0","0","0","0","0","0"
"37726","SRR17780755_CLEAN_REPAIRED_minContig2500_bin.3","1","1","1","1","1","0","0","1","1","1","1","1","1","1","1","1","1","0","1","1","0","1","0","0","0","0","0","0","0","0","0","0","0","0","0","0","0","0","0","0","0","0","0","0","0","0","0","0","0","0","0","0","0","0","0","0","0","0","0","0","0","0","0","0","0","0","0","0","0","0","0","0","0","0","0","0","0","0","0","0","0"
"37771","SRR17780756_CLEAN_REPAIRED_minContig2500_bin.3","1","1","1","1","1","0","0","1","1","1","1","1","1","1","1","1","1","0","1","1","0","1","0","0","0","0","0","0","0","0","0","0","0","0","0","0","0","0","0","0","0","0","0","0","0","0","0","0","0","0","0","0","0","0","0","0","0","0","0","0","0","0","0","0","0","0","0","0","0","0","0","0","0","0","0","0","0","0","0","0","0"
"37816","SRR17780758_CLEAN_REPAIRED_minContig2500_bin.3","1","1","1","1","1","0","0","1","1","1","1","1","1","1","1","1","1","0","1","1","0","1","0","0","0","0","0","0","0","0","0","0","0","0","0","0","0","0","0","0","0","0","0","0","0","0","0","0","0","0","0","0","0","0","0","0","0","0","0","0","0","0","0","0","0","0","0","0","0","0","0","0","0","0","0","0","0","0","0","0","0"
"37864","SRR21700978_CLEAN_REPAIRED_minContig2500_bin.1","1","1","0","1","0","0","0","1","1","1","1","1","0","1","1","1","1","0","1","0","1","0","0","0","0","0","0","0","0","1","1","0","0","0","0","0","0","0","0","0","0","0","0","0","0","0","0","0","0","0","0","0","0","0","0","0","0","0","0","0","0","0","0","0","0","0","0","0","0","0","0","0","0","0","0","0","0","0","0","0","0"
"37901","SRR21700980_CLEAN_REPAIRED_minContig2500_bin.2","0","0","0","0","0","1","1","0","1","1","0","1","1","0","0","0","0","0","1","0","0","0","0","1","1","1","1","0","0","0","0","0","0","0","0","0","0","0","0","0","0","0","0","0","0","0","0","0","0","0","0","0","0","0","0","0","0","0","0","0","0","0","0","0","0","0","0","0","0","0","0","0","0","0","0","0","0","0","0","0","0"
"37921","SRR21700981_CLEAN_REPAIRED_minContig2500_bin.6","1","1","1","1","1","1","1","1","1","1","1","1","1","1","1","1","1","0","1","0","0","1","0","1","1","1","1","0","0","0","0","0","0","0","0","0","0","0","0","0","0","0","0","0","0","0","0","0","0","0","0","0","0","0","0","0","0","0","0","0","0","0","0","0","0","0","0","0","0","0","0","0","0","0","0","0","0","0","0","0","0"
"37967","SRR21700982_CLEAN_REPAIRED_minContig2500_bin.4","1","1","1","1","1","1","1","1","1","1","1","1","1","1","1","1","1","0","1","0","0","1","0","1","1","1","1","0","0","0","0","0","0","0","0","0","0","0","0","0","0","0","0","0","0","0","0","0","0","0","0","0","0","0","0","0","0","0","0","0","0","0","0","0","0","0","0","0","0","0","0","0","0","0","0","0","0","0","0","0","0"
"38013","SRR21700983_CLEAN_REPAIRED_minContig2500_bin.2","1","1","1","1","1","1","1","1","1","1","1","1","1","1","1","1","1","0","1","0","0","1","0","1","1","1","1","0","0","0","0","0","0","0","0","0","0","0","0","0","0","0","0","0","0","0","0","0","0","0","0","0","0","0","0","0","0","0","0","0","0","0","0","0","0","0","0","0","0","0","0","0","0","0","0","0","0","0","0","0","0"
"38059","SRR21700984_CLEAN_REPAIRED_minContig2500_bin.2","1","0","0","1","1","1","1","1","1","1","1","1","1","1","1","1","1","0","1","0","0","0","0","1","1","1","1","0","0","0","0","0","0","0","0","0","0","0","0","0","0","0","0","0","0","0","0","0","0","0","0","0","0","0","0","0","0","0","0","0","0","0","0","0","0","0","0","0","0","0","0","0","0","0","0","0","0","0","0","0","0"
"38101","SRR21700986_CLEAN_REPAIRED_minContig2500_bin.3","1","1","1","1","1","1","1","1","1","1","1","1","1","1","1","1","1","0","1","0","0","1","0","1","1","1","1","0","0","0","0","0","0","0","0","0","0","0","0","0","0","0","0","0","0","0","0","0","0","0","0","0","0","0","0","0","0","0","0","0","0","0","0","0","0","0","0","0","0","0","0","0","0","0","0","0","0","0","0","0","0"
"38147","SRR21700987_CLEAN_REPAIRED_minContig2500_bin.1","1","1","1","1","1","1","1","1","1","1","1","1","1","1","1","1","1","0","1","0","0","1","0","1","1","1","1","0","0","0","0","0","0","0","0","0","0","0","0","0","0","0","0","0","0","0","0","0","0","0","0","0","0","0","0","0","0","0","0","0","0","0","0","0","0","0","0","0","0","0","0","0","0","0","0","0","0","0","0","0","0"
"38191","SRR21700988_CLEAN_REPAIRED_minContig2500_bin.1","1","1","0","1","0","0","0","1","1","1","1","1","0","1","1","1","1","0","0","0","1","0","0","0","0","0","0","0","0","0","0","0","0","0","0","0","0","0","0","0","0","0","0","0","0","0","0","0","0","0","0","0","0","0","0","0","0","0","0","0","0","0","0","0","0","0","0","0","0","0","0","0","0","0","0","0","0","0","0","0","0"
"38220","SRR21700990_CLEAN_REPAIRED_minContig2500_bin.3","1","1","0","1","0","0","0","1","1","1","1","1","0","1","1","1","1","0","0","0","1","0","0","0","0","0","0","0","0","0","0","0","0","0","0","0","0","0","0","0","0","0","0","0","0","0","0","0","0","0","0","0","0","0","0","0","0","0","0","0","0","0","0","0","0","0","0","0","0","0","0","0","0","0","0","0","0","0","0","0","0"
"38249","SRR21700991_CLEAN_REPAIRED_minContig2500_bin.1","1","1","1","1","0","0","0","1","1","1","1","1","0","1","1","1","1","0","0","0","0","0","0","0","0","0","0","0","0","1","0","0","0","0","0","0","0","0","0","0","0","1","0","0","0","0","0","0","0","0","0","0","0","0","0","0","0","0","0","0","0","0","0","0","0","0","0","0","0","0","0","0","0","0","0","0","0","0","0","0","0"
"38284","SRR21700992_CLEAN_REPAIRED_minContig2500_bin.7","0","0","0","0","0","0","0","1","1","1","1","1","0","1","1","1","1","0","0","0","0","0","1","0","0","0","0","0","0","0","0","0","0","0","0","0","0","0","0","0","0","0","0","0","0","0","0","0","0","0","0","0","0","0","0","0","0","0","0","0","0","0","0","0","0","0","0","0","0","0","0","0","0","0","0","0","0","0","0","0","0"
"38307","SRR21700993_CLEAN_REPAIRED_minContig2500_bin.1","1","1","0","0","1","0","0","1","1","1","1","1","1","1","1","1","1","0","0","1","0","1","1","0","0","0","0","0","0","0","0","0","0","0","0","0","0","0","0","0","0","0","0","0","0","0","0","0","0","0","0","0","0","0","0","0","0","0","0","0","0","0","0","0","0","0","0","0","0","0","0","0","0","0","0","0","0","0","0","0","0"
"38342","SRR21700994_CLEAN_REPAIRED_minContig2500_bin.3","1","1","0","0","1","0","0","1","1","1","1","1","1","1","1","1","1","0","0","1","0","1","1","0","0","0","0","0","0","0","0","0","0","0","0","0","0","0","0","0","0","0","0","0","0","0","0","0","0","0","0","0","0","0","0","0","0","0","0","0","0","0","0","0","0","0","0","0","0","0","0","0","0","0","0","0","0","0","0","0","0"
"38377","SRR21700995_CLEAN_REPAIRED_minContig2500_bin.3","1","1","0","0","1","0","0","1","1","1","1","1","1","1","1","1","1","0","0","1","0","1","1","0","0","0","0","0","0","0","0","0","0","0","0","0","0","0","0","0","0","0","0","0","0","0","0","0","0","0","0","0","0","0","0","0","0","0","0","0","0","0","0","0","0","0","0","0","0","0","0","0","0","0","0","0","0","0","0","0","0"
"38412","SRR21700996_CLEAN_REPAIRED_minContig2500_bin.1","1","1","0","0","1","0","0","1","1","1","1","1","1","1","1","1","1","0","0","1","0","1","1","0","0","0","0","0","0","0","0","0","0","0","0","0","0","0","0","0","0","0","0","0","0","0","0","0","0","0","0","0","0","0","0","0","0","0","0","0","0","0","0","0","0","0","0","0","0","0","0","0","0","0","0","0","0","0","0","0","0"
"38447","SRR21700998_CLEAN_REPAIRED_minContig2500_bin.4","0","0","0","0","0","0","0","1","1","1","1","1","1","1","1","1","1","0","0","1","0","0","1","0","0","0","0","0","0","0","0","0","0","0","0","0","0","0","0","0","0","0","0","0","0","0","0","0","0","0","0","0","0","0","0","0","0","0","0","0","0","0","0","0","0","0","0","0","0","0","0","0","0","0","0","0","0","0","0","0","0"
"38474","SRR21700999_CLEAN_REPAIRED_minContig2500_bin.3","1","1","0","0","1","0","0","1","1","1","1","1","1","1","1","1","1","0","0","1","0","1","1","0","0","0","0","0","0","0","0","0","0","0","0","0","0","0","0","0","0","0","0","0","0","0","0","0","0","0","0","0","0","0","0","0","0","0","0","0","0","0","0","0","0","0","0","0","0","0","0","0","0","0","0","0","0","0","0","0","0"
"38509","SRR21701000_CLEAN_REPAIRED_minContig2500_bin.1","0","0","0","0","0","0","0","1","1","1","1","1","1","1","1","1","1","0","0","1","0","0","1","0","0","0","0","0","0","0","0","0","0","0","0","0","0","0","0","0","0","0","0","0","0","0","0","0","0","0","0","0","0","0","0","0","0","0","0","0","0","0","0","0","0","0","0","0","0","0","0","0","0","0","0","0","0","0","0","0","0"
"38536","SRR21701002_CLEAN_REPAIRED_minContig2500_bin.4","0","0","0","0","0","0","0","0","1","1","0","1","1","0","0","0","0","0","0","1","0","0","1","0","0","0","0","0","0","0","0","0","0","0","0","0","0","0","0","0","0","0","0","0","0","0","0","0","0","0","0","0","0","0","0","0","0","0","0","0","0","0","0","0","0","0","0","0","0","0","0","0","0","0","0","0","0","0","0","0","0"
"38550","SRR21701005_CLEAN_REPAIRED_minContig2500_bin.2","1","1","0","0","1","0","0","1","1","1","1","1","1","1","1","1","1","0","0","1","0","1","1","0","0","0","0","0","0","0","0","0","0","0","0","0","0","0","0","0","0","0","0","0","0","0","0","0","0","0","0","0","0","0","0","0","0","0","0","0","0","0","0","0","0","0","0","0","0","0","0","0","0","0","0","0","0","0","0","0","0"
"38585","SRR21701006_CLEAN_REPAIRED_minContig2500_bin.3","1","1","0","0","1","0","0","1","1","1","1","1","1","1","1","1","1","0","0","1","0","1","1","0","0","0","0","0","0","0","0","0","0","0","0","0","0","0","0","0","0","0","0","0","0","0","0","0","0","0","0","0","0","0","0","0","0","0","0","0","0","0","0","0","0","0","0","0","0","0","0","0","0","0","0","0","0","0","0","0","0"
"38620","SRR21701008_CLEAN_REPAIRED_minContig2500_bin.2","0","0","0","0","0","0","0","1","1","1","1","1","0","1","1","1","1","0","1","1","0","0","0","0","0","0","0","0","0","0","0","0","0","0","0","0","0","0","0","0","0","0","0","0","0","1","0","0","0","0","0","0","0","0","0","0","0","0","0","0","0","0","0","0","0","0","0","0","0","0","0","0","0","0","0","0","0","0","0","0","0"
"38652","SRR21701010_CLEAN_REPAIRED_minContig2500_bin.2","0","0","0","0","0","0","0","1","1","1","1","1","0","1","1","1","1","0","1","1","0","0","0","0","0","0","0","0","0","0","0","0","0","0","0","0","0","0","0","0","0","0","0","0","0","1","0","0","0","0","0","0","0","0","0","0","0","0","0","0","0","0","0","0","0","0","0","0","0","0","0","0","0","0","0","0","0","0","0","0","0"
"38684","SRR21701011_CLEAN_REPAIRED_minContig2500_bin.6","0","0","0","0","0","0","0","1","1","1","1","1","0","1","1","1","1","0","1","1","0","0","0","0","0","0","0","0","0","0","0","0","0","0","0","0","0","0","0","0","0","0","0","0","0","1","0","0","0","0","0","0","0","0","0","0","0","0","0","0","0","0","0","0","0","0","0","0","0","0","0","0","0","0","0","0","0","0","0","0","0"
"38716","SRR21701013_CLEAN_REPAIRED_minContig2500_bin.3","0","0","1","0","0","0","0","1","0","0","1","1","0","1","1","1","1","0","1","0","0","0","0","0","0","0","0","0","0","0","0","0","0","0","0","0","0","0","0","0","0","0","0","0","0","0","0","0","0","0","0","0","0","0","0","0","0","0","0","0","0","0","0","0","0","0","0","0","0","0","0","0","0","0","0","0","0","0","0","0","0"
"38740","SRR21701014_CLEAN_REPAIRED_minContig2500_bin.2","1","1","1","1","1","0","0","1","1","1","1","1","1","1","1","1","1","0","1","1","0","1","0","0","0","0","0","0","0","0","0","1","0","0","0","0","0","0","0","0","0","0","0","0","0","0","0","0","0","0","0","0","0","0","0","0","0","0","0","0","0","0","0","0","0","0","0","0","0","0","0","0","0","0","0","0","0","0","0","0","0"
"38791","SRR21701020_CLEAN_REPAIRED_minContig2500_bin.5","0","0","0","0","0","1","1","1","1","1","1","1","0","0","0","0","0","0","1","0","0","0","0","1","1","1","1","1","1","1","1","0","0","0","0","0","0","0","0","0","0","0","0","0","0","0","0","0","0","0","0","0","0","0","0","0","0","0","0","0","0","0","0","0","0","0","0","0","0","0","0","0","0","0","0","0","0","0","0","0","0"
"38813","SRR21701021_CLEAN_REPAIRED_minContig2500_bin.1","0","0","0","0","0","1","1","1","1","1","1","1","0","1","1","1","1","0","1","0","0","0","0","1","1","1","1","1","1","1","1","0","0","0","0","0","0","0","0","0","0","0","0","0","0","0","0","0","0","0","0","0","0","0","0","0","0","0","0","0","0","0","0","0","0","0","0","0","0","0","0","0","0","0","0","0","0","0","0","0","0"
"38847","SRR21701026_CLEAN_REPAIRED_minContig2500_bin.3","1","1","0","1","0","0","0","1","1","1","1","1","0","1","1","1","1","0","0","0","1","0","0","0","0","0","0","0","0","0","0","0","0","0","0","0","0","0","0","0","0","0","0","0","0","0","0","0","0","0","0","0","0","0","0","0","0","0","0","0","0","0","0","0","0","0","0","0","0","0","0","0","0","0","0","0","0","0","0","0","0"
"38876","SRR21701027_CLEAN_REPAIRED_minContig2500_bin.2","1","1","0","1","0","0","0","1","1","1","1","1","0","1","1","1","1","0","0","0","1","0","0","0","0","0","0","0","0","0","0","0","0","0","0","0","0","0","0","0","0","0","0","0","0","0","0","0","0","0","0","0","0","0","0","0","0","0","0","0","0","0","0","0","0","0","0","0","0","0","0","0","0","0","0","0","0","0","0","0","0"
"38905","SRR21701028_CLEAN_REPAIRED_minContig2500_bin.2","1","1","0","1","0","0","0","1","1","1","1","1","0","1","1","1","1","0","0","0","1","0","0","0","0","0","0","0","0","0","0","0","0","0","0","0","0","0","0","0","0","0","0","0","0","0","0","0","0","0","0","0","0","0","0","0","0","0","0","0","0","0","0","0","0","0","0","0","0","0","0","0","0","0","0","0","0","0","0","0","0"
"38934","SRR21701029_CLEAN_REPAIRED_minContig2500_bin.7","1","1","0","1","0","0","0","1","1","1","1","1","0","1","1","1","1","0","0","0","1","0","0","0","0","0","0","0","0","0","0","0","0","0","0","0","0","0","0","0","0","0","0","0","0","0","0","0","0","0","0","0","0","0","0","0","0","0","0","0","0","0","0","0","0","0","0","0","0","0","0","0","0","0","0","0","0","0","0","0","0"
"38963","SRR21701030_CLEAN_REPAIRED_minContig2500_bin.3","1","1","0","1","0","0","0","1","1","1","1","1","0","1","1","1","1","0","0","0","1","0","0","0","0","0","0","0","0","0","0","0","0","0","0","0","0","0","0","0","0","0","0","0","0","0","0","0","0","0","0","0","0","0","0","0","0","0","0","0","0","0","0","0","0","0","0","0","0","0","0","0","0","0","0","0","0","0","0","0","0"
"38992","SRR21701037_CLEAN_REPAIRED_minContig2500_bin.1","1","1","1","1","1","1","1","1","1","1","1","1","1","1","1","1","1","1","0","0","0","0","0","0","0","0","0","0","0","0","0","0","0","1","1","0","1","1","1","1","0","0","0","0","0","0","0","0","0","0","0","0","0","0","0","0","0","0","0","0","0","0","0","0","0","0","0","0","0","0","0","0","0","0","0","0","0","0","0","0","0"
"39040","SRR21701038_CLEAN_REPAIRED_minContig2500_bin.3","1","1","1","1","1","0","0","1","1","1","1","1","1","1","1","1","1","0","1","1","0","1","0","0","0","0","0","0","0","0","0","0","0","0","0","0","0","0","0","0","0","0","0","0","0","0","0","0","0","0","0","0","0","0","0","0","0","0","0","0","0","0","0","0","0","0","0","0","0","0","0","0","0","0","0","0","0","0","0","0","0"
"39082","SRR21701039_CLEAN_REPAIRED_minContig2500_bin.1","0","0","1","0","0","0","0","1","1","1","1","1","0","1","1","1","1","0","1","1","0","0","0","0","0","0","0","0","0","1","0","0","0","0","0","0","0","0","0","0","0","1","0","0","0","0","0","0","0","0","0","0","0","0","0","0","0","0","0","0","0","0","0","0","0","0","0","0","0","0","0","0","0","0","0","0","0","0","0","0","0"
"39120","SRR21701041_CLEAN_REPAIRED_minContig2500_bin.2","0","0","0","0","0","1","1","1","1","1","0","1","0","1","1","1","1","0","0","0","0","0","0","1","1","1","1","1","1","1","0","0","0","1","1","1","1","1","1","1","0","0","0","0","0","0","0","0","0","0","0","0","0","1","0","0","0","0","0","0","0","0","0","0","0","0","0","0","0","0","0","0","0","0","0","0","0","0","0","0","0"
"39163","SRR21701043_CLEAN_REPAIRED_minContig2500_bin.5","1","1","0","1","1","0","0","1","1","1","1","1","1","1","1","1","1","0","1","0","0","1","0","0","0","0","0","0","0","0","0","0","0","0","0","0","0","0","0","0","0","0","0","0","0","0","0","0","0","0","0","0","0","0","0","0","0","0","0","0","0","0","0","0","0","0","0","0","0","0","0","0","0","0","0","0","0","0","0","0","0"
"39202","SRR21701044_CLEAN_REPAIRED_minContig2500_bin.1","1","1","1","1","1","1","1","1","1","1","1","1","1","1","1","1","1","0","0","0","0","0","0","0","0","0","0","0","0","0","0","0","0","0","0","0","0","0","0","0","0","1","0","0","0","0","0","0","0","0","0","0","0","0","0","0","0","0","0","0","0","0","0","0","0","0","0","0","0","0","0","0","0","0","0","0","0","0","0","0","0"
"39241","SRR21701045_CLEAN_REPAIRED_minContig2500_bin.2","0","0","0","0","0","0","0","1","1","1","1","1","1","0","0","0","0","0","1","0","0","0","0","0","0","0","0","0","0","0","0","0","0","0","0","0","0","0","0","0","0","0","0","0","0","0","0","0","0","0","0","0","0","0","0","0","0","0","0","0","0","0","0","0","0","0","0","0","0","0","0","0","0","0","0","0","0","0","0","0","0"
"39259","SRR21701046_CLEAN_REPAIRED_minContig2500_bin.3","1","1","1","1","1","0","0","1","1","1","1","1","1","1","1","1","1","0","1","1","0","1","0","0","0","0","0","0","0","0","0","1","0","0","0","0","0","0","0","0","0","0","0","0","0","0","0","0","0","0","0","0","0","0","0","0","0","0","0","0","0","0","0","0","0","0","0","0","0","0","0","0","0","0","0","0","0","0","0","0","0"
"39312","SRR21701047_CLEAN_REPAIRED_minContig2500_bin.2","1","1","1","1","1","0","0","1","1","1","1","1","1","1","1","1","1","0","1","1","0","1","0","0","0","0","0","0","0","0","0","1","0","0","0","0","0","0","0","0","0","0","0","0","0","0","0","0","0","0","0","0","0","0","0","0","0","0","0","0","0","0","0","0","0","0","0","0","0","0","0","0","0","0","0","0","0","0","0","0","0"
"39363","SRR21701048_CLEAN_REPAIRED_minContig2500_bin.3","1","1","1","1","1","0","0","1","1","1","1","1","1","1","1","1","1","0","1","1","0","1","0","0","0","0","0","0","0","0","0","1","0","0","0","0","0","0","0","0","0","0","0","0","0","0","0","0","0","0","0","0","0","0","0","0","0","0","0","0","0","0","0","0","0","0","0","0","0","0","0","0","0","0","0","0","0","0","0","0","0"
"39416","SRR21701049_CLEAN_REPAIRED_minContig2500_bin.2","1","1","1","1","1","0","0","1","1","1","1","1","1","1","1","1","1","0","1","1","0","1","0","0","0","0","0","0","0","0","0","1","0","0","0","0","0","0","0","0","0","0","0","0","0","0","0","0","0","0","0","0","0","0","0","0","0","0","0","0","0","0","0","0","0","0","0","0","0","0","0","0","0","0","0","0","0","0","0","0","0"
"39467","SRR21701050_CLEAN_REPAIRED_minContig2500_bin.2","0","1","0","0","1","0","0","1","1","1","0","0","1","1","1","0","1","0","1","0","0","1","0","0","0","0","0","0","0","0","0","1","0","0","0","0","0","0","0","0","0","0","0","0","0","0","0","0","0","0","0","0","0","0","0","0","0","0","0","0","0","0","0","0","0","0","0","0","0","0","0","0","0","0","0","0","0","0","0","0","0"
"39514","SRR21701052_CLEAN_REPAIRED_minContig2500_bin.2","1","1","1","1","1","0","0","1","1","1","1","1","1","1","1","1","0","0","1","1","0","1","0","0","0","0","0","0","0","0","0","1","0","0","0","0","0","0","0","0","0","0","0","0","0","0","0","0","0","0","0","0","0","0","0","0","0","0","0","0","0","0","0","0","0","0","0","0","0","0","0","0","0","0","0","0","0","0","0","0","0"
"39568","SRR21701053_CLEAN_REPAIRED_minContig2500_bin.2","1","1","0","1","1","0","0","0","1","1","1","1","0","1","1","1","0","0","1","0","0","1","0","0","0","0","0","0","0","0","0","0","0","0","0","0","0","0","0","0","0","0","0","0","0","0","0","0","0","0","0","0","0","0","0","0","0","0","0","0","0","0","0","0","0","0","0","0","0","0","0","0","0","0","0","0","0","0","0","0","0"
"39598","SRR21701054_CLEAN_REPAIRED_minContig2500_bin.2","1","1","0","0","1","0","0","0","0","1","1","1","1","1","1","1","1","0","0","0","0","1","1","0","0","0","0","0","0","0","0","0","0","0","0","0","0","0","0","0","0","1","0","0","0","0","0","0","0","0","0","0","0","0","0","0","0","0","0","0","0","0","0","0","0","0","0","0","0","0","0","0","0","0","0","0","0","0","0","0","0"
"39623","SRR21701055_CLEAN_REPAIRED_minContig2500_bin.2","0","0","0","0","0","0","0","1","1","1","1","1","0","1","1","1","1","0","1","0","1","0","0","0","0","0","0","0","0","1","0","0","0","0","0","0","0","0","0","0","0","0","0","0","0","0","0","0","0","0","0","0","0","0","0","0","0","0","0","0","0","0","0","0","0","0","0","0","0","0","0","0","0","0","0","0","0","0","0","0","0"
"39657","SRR21701056_CLEAN_REPAIRED_minContig2500_bin.7","1","1","0","0","1","0","0","1","1","1","1","1","1","1","1","1","1","0","0","1","0","1","1","0","0","0","0","0","0","0","0","0","0","0","0","0","0","0","0","0","0","0","0","0","0","0","0","0","0","0","0","0","0","0","0","0","0","0","0","0","0","0","0","0","0","0","0","0","0","0","0","0","0","0","0","0","0","0","0","0","0"
"39692","SRR21701057_CLEAN_REPAIRED_minContig2500_bin.3","1","1","0","0","1","0","0","1","1","1","1","1","1","1","1","1","1","0","0","1","0","1","1","0","0","0","0","0","0","0","0","0","0","0","0","0","0","0","0","0","0","0","0","0","0","0","0","0","0","0","0","0","0","0","0","0","0","0","0","0","0","0","0","0","0","0","0","0","0","0","0","0","0","0","0","0","0","0","0","0","0"
"39727","SRR21701058_CLEAN_REPAIRED_minContig2500_bin.1","1","1","0","0","1","0","0","1","1","1","1","1","1","1","1","1","1","0","0","1","0","1","1","0","0","0","0","0","0","0","0","0","0","0","0","0","0","0","0","0","0","0","0","0","0","0","0","0","0","0","0","0","0","0","0","0","0","0","0","0","0","0","0","0","0","0","0","0","0","0","0","0","0","0","0","0","0","0","0","0","0"
"39762","SRR21701059_CLEAN_REPAIRED_minContig2500_bin.5","1","1","0","0","1","0","0","1","1","1","1","1","1","1","1","1","1","0","0","1","0","1","1","0","0","0","0","0","0","0","0","0","0","0","0","0","0","0","0","0","0","0","0","0","0","0","0","0","0","0","0","0","0","0","0","0","0","0","0","0","0","0","0","0","0","0","0","0","0","0","0","0","0","0","0","0","0","0","0","0","0"
"39797","SRR21701060_CLEAN_REPAIRED_minContig2500_bin.2","1","1","0","0","1","0","0","1","1","1","1","1","1","1","1","1","1","0","0","1","0","1","1","0","0","0","0","0","0","0","0","0","0","0","0","0","0","0","0","0","0","0","0","0","0","0","0","0","0","0","0","0","0","0","0","0","0","0","0","0","0","0","0","0","0","0","0","0","0","0","0","0","0","0","0","0","0","0","0","0","0"
"39832","SRR21701061_CLEAN_REPAIRED_minContig2500_bin.6","1","1","0","0","1","0","0","1","1","1","1","1","1","1","1","1","1","0","0","1","0","1","1","0","0","0","0","0","0","0","0","0","0","0","0","0","0","0","0","0","0","0","0","0","0","0","0","0","0","0","0","0","0","0","0","0","0","0","0","0","0","0","0","0","0","0","0","0","0","0","0","0","0","0","0","0","0","0","0","0","0"
"39867","SRR21701063_CLEAN_REPAIRED_minContig2500_bin.2","1","1","1","1","1","1","1","1","1","1","1","1","1","1","1","1","1","0","1","1","1","1","1","1","1","1","1","1","1","1","0","0","0","0","0","0","0","0","0","0","0","1","1","0","0","0","0","0","0","0","0","0","0","0","0","0","0","0","0","0","0","0","0","0","0","0","0","0","0","0","0","0","0","0","0","0","0","0","0","0","0"
"39931","SRR21701064_CLEAN_REPAIRED_minContig2500_bin.3","1","1","0","1","1","1","1","1","1","1","1","0","1","1","0","1","0","0","1","1","0","1","1","1","1","1","1","1","1","1","0","0","0","0","0","0","0","0","0","0","0","1","1","0","0","0","0","0","0","0","0","0","0","0","0","0","0","0","0","0","0","0","0","0","0","0","0","0","0","0","0","0","0","0","0","0","0","0","0","0","0"
"39976","SRR21701065_CLEAN_REPAIRED_minContig2500_bin.3","0","0","0","0","0","1","0","1","0","0","1","0","1","1","0","0","0","0","1","0","0","0","0","1","1","0","1","1","0","1","0","0","0","0","0","0","0","0","0","0","0","1","1","0","0","0","0","0","0","0","0","0","0","0","0","0","0","0","0","0","0","0","0","0","0","0","0","0","0","0","0","0","0","0","0","0","0","0","0","0","0"
"39999","SRR21701067_CLEAN_REPAIRED_minContig2500_bin.6","1","1","1","1","1","1","1","1","1","1","1","1","1","1","1","1","1","0","1","1","1","1","1","1","1","1","1","1","1","1","0","0","0","0","0","0","0","0","0","0","0","1","1","0","0","0","0","0","0","0","0","0","0","0","0","0","0","0","0","0","0","0","0","0","0","0","0","0","0","0","0","0","0","0","0","0","0","0","0","0","0"
"40060","SRR21701073_CLEAN_REPAIRED_minContig2500_bin.4","1","1","0","1","0","1","1","1","1","1","1","1","0","1","1","1","1","0","1","0","1","0","0","0","1","0","0","1","0","0","0","0","0","0","0","0","0","0","0","0","0","0","0","0","0","0","0","0","0","0","0","0","0","0","0","0","0","0","0","0","0","0","0","0","0","0","0","0","0","0","0","0","0","0","0","0","0","0","0","0","0"
"40096","SRR21701074_CLEAN_REPAIRED_minContig2500_bin.5","1","1","0","1","0","1","1","1","1","1","1","1","0","1","1","1","1","0","1","0","1","0","0","0","1","0","0","1","0","0","0","0","0","0","0","0","0","0","0","0","0","0","0","0","0","0","0","0","0","0","0","0","0","0","0","0","0","0","0","0","0","0","0","0","0","0","0","0","0","0","0","0","0","0","0","0","0","0","0","0","0"
"40133","SRR21701075_CLEAN_REPAIRED_minContig2500_bin.3","1","1","0","1","0","1","1","1","1","1","1","1","0","1","1","1","1","0","1","0","1","0","0","0","1","0","0","1","0","0","0","1","0","0","0","0","0","0","0","0","0","0","0","0","0","0","0","0","0","0","0","0","0","0","0","0","0","0","0","0","0","0","0","0","0","0","0","0","0","0","0","0","0","0","0","0","0","0","0","0","0"
"40183","SRR21701076_CLEAN_REPAIRED_minContig2500_bin.5","1","1","0","1","0","1","1","1","1","1","1","1","0","1","1","1","1","0","1","0","1","0","0","0","1","0","0","1","0","0","0","0","0","0","0","0","0","0","0","0","0","0","0","0","0","0","0","0","0","0","0","0","0","0","0","0","0","0","0","0","0","0","0","0","0","0","0","0","0","0","0","0","0","0","0","0","0","0","0","0","0"
"40220","SRR21701078_CLEAN_REPAIRED_minContig2500_bin.3","1","1","0","1","0","1","1","1","1","1","1","1","0","1","1","1","1","0","1","0","1","0","0","0","1","0","0","1","0","0","0","1","0","0","0","0","0","0","0","0","0","0","0","0","0","0","0","0","0","0","0","0","0","0","0","0","0","0","0","0","0","0","0","0","0","0","0","0","0","0","0","0","0","0","0","0","0","0","0","0","0"
"40264","SRR21701086_CLEAN_REPAIRED_minContig2500_bin.1","1","1","0","1","0","0","0","1","1","1","1","1","0","1","1","1","1","0","0","0","1","0","0","0","0","0","0","0","0","0","0","0","0","0","0","0","0","0","0","0","0","0","0","0","0","0","0","0","0","0","0","0","0","0","0","0","0","0","0","0","0","0","0","0","0","0","0","0","0","0","0","0","0","0","0","0","0","0","0","0","0"
"40293","SRR21701101_CLEAN_REPAIRED_minContig2500_bin.1","1","1","0","1","0","0","0","1","1","1","1","1","0","1","1","1","1","0","1","0","1","0","1","0","0","0","0","0","0","0","0","0","0","0","0","0","0","0","0","0","0","0","0","0","0","0","0","0","0","0","0","0","0","0","0","0","0","0","0","0","0","0","0","0","0","0","0","0","0","0","0","0","0","0","0","0","0","0","0","0","0"
"40326","SRR21701102_CLEAN_REPAIRED_minContig2500_bin.3","1","1","0","1","0","0","0","1","1","1","1","1","0","1","1","1","1","0","1","0","1","0","1","0","0","0","0","0","0","0","0","1","0","0","0","0","0","0","0","0","0","0","0","0","0","0","0","0","0","0","0","0","0","0","0","0","0","0","0","0","0","0","0","0","0","0","0","0","0","0","0","0","0","0","0","0","0","0","0","0","0"
"40372","SRR21701103_CLEAN_REPAIRED_minContig2500_bin.2","1","1","0","1","0","0","0","1","1","1","1","1","0","1","1","1","1","0","1","0","1","0","1","0","0","0","0","0","0","0","0","0","0","0","0","0","0","0","0","0","0","0","0","0","0","0","0","0","0","0","0","0","0","0","0","0","0","0","0","0","0","0","0","0","0","0","0","0","0","0","0","0","0","0","0","0","0","0","0","0","0"
"40405","SRR21701104_CLEAN_REPAIRED_minContig2500_bin.4","1","1","0","0","1","0","0","1","1","1","1","1","1","1","1","1","1","0","0","1","0","1","1","0","0","0","0","0","0","0","0","0","0","0","0","0","0","0","0","0","0","0","0","0","0","0","0","0","0","0","0","0","0","0","0","0","0","0","0","0","0","0","0","0","0","0","0","0","0","0","0","0","0","0","0","0","0","0","0","0","0"
"40439","SRR21701105_CLEAN_REPAIRED_minContig2500_bin.2","0","0","0","0","0","0","0","0","1","1","0","1","1","0","0","0","0","0","1","0","0","0","0","0","0","0","0","0","0","0","0","0","0","0","0","0","0","0","0","0","0","0","0","0","0","0","0","0","0","0","0","0","0","0","0","0","0","0","0","0","0","0","0","0","0","0","0","0","0","0","0","0","0","0","0","0","0","0","0","0","0"
"40456","SRR21701106_CLEAN_REPAIRED_minContig2500_bin.3","1","1","0","1","0","0","0","1","1","1","1","1","0","1","1","1","1","0","1","0","1","0","1","0","0","0","0","0","0","0","0","0","0","0","0","0","0","0","0","0","0","0","0","0","0","0","0","0","0","0","0","0","0","0","0","0","0","0","0","0","0","0","0","0","0","0","0","0","0","0","0","0","0","0","0","0","0","0","0","0","0"
"40489","SRR21701107_CLEAN_REPAIRED_minContig2500_bin.4","1","1","0","1","0","0","0","1","1","1","1","1","0","1","1","1","1","0","1","0","1","0","1","0","0","0","0","0","0","0","0","0","0","0","0","0","0","0","0","0","0","0","0","0","0","0","0","0","0","0","0","0","0","0","0","0","0","0","0","0","0","0","0","0","0","0","0","0","0","0","0","0","0","0","0","0","0","0","0","0","0"
"40523","SRR21701109_CLEAN_REPAIRED_minContig2500_bin.1","0","0","0","0","0","1","1","1","1","1","1","1","0","1","1","1","1","1","1","0","0","0","0","1","1","1","1","0","1","1","1","0","0","0","0","0","0","0","0","0","0","0","0","0","0","0","0","0","0","0","0","0","0","0","0","0","0","0","0","0","0","0","0","0","0","0","0","0","0","0","0","0","0","0","0","0","0","0","0","0","0"
"40559","SRR21701111_CLEAN_REPAIRED_minContig2500_bin.2","0","0","0","0","0","1","1","1","1","1","1","1","0","1","1","1","1","0","1","0","0","0","0","1","1","1","1","0","1","1","1","0","0","0","0","0","0","0","0","0","0","0","0","0","0","0","0","0","0","0","0","0","0","0","0","0","0","0","0","0","0","0","0","0","0","0","0","0","0","0","0","0","0","0","0","0","0","0","0","0","0"
"40597","SRR21701113_CLEAN_REPAIRED_minContig2500_bin.3","0","0","0","0","0","1","1","1","1","1","1","1","0","1","1","1","1","0","0","0","0","0","0","1","1","1","1","0","1","0","1","0","0","0","0","0","0","0","0","0","0","0","0","0","0","0","0","0","0","0","0","0","0","0","0","0","0","0","0","0","0","0","0","0","0","0","0","0","0","0","0","0","0","0","0","0","0","0","0","0","0"
"40628","SRR21701114_CLEAN_REPAIRED_minContig2500_bin.2","0","0","0","0","0","1","1","1","1","1","1","1","0","1","1","1","1","1","1","0","0","0","0","1","1","1","1","0","1","1","1","0","0","0","0","0","0","0","0","0","0","0","0","0","0","0","0","0","0","0","0","0","0","0","0","0","0","0","0","0","0","0","0","0","0","0","0","0","0","0","0","0","0","0","0","0","0","0","0","0","0"
"40667","SRR21701117_CLEAN_REPAIRED_minContig2500_bin.1","0","0","0","0","0","1","1","1","1","1","1","1","0","1","1","1","1","0","1","0","0","0","0","1","1","1","1","0","1","1","0","0","0","0","0","0","0","0","0","0","0","0","0","0","0","0","0","0","0","0","0","0","0","0","0","0","0","0","0","0","0","0","0","0","0","0","0","0","0","0","0","0","0","0","0","0","0","0","0","0","0"
"40701","SRR21701118_CLEAN_REPAIRED_minContig2500_bin.2","1","1","0","1","0","0","0","1","1","1","1","1","0","1","1","1","1","0","1","0","1","0","0","0","0","0","0","0","0","1","1","0","0","0","0","0","0","0","0","0","0","0","0","0","0","0","0","0","0","0","0","0","0","0","0","0","0","0","0","0","0","0","0","0","0","0","0","0","0","0","0","0","0","0","0","0","0","0","0","0","0"
"40738","SRR21701119_CLEAN_REPAIRED_minContig2500_bin.6","1","1","0","1","0","0","0","1","1","1","1","1","0","1","1","1","1","0","1","0","1","0","0","0","0","0","0","0","0","1","1","0","0","0","0","0","0","0","0","0","0","0","0","0","0","0","0","0","0","0","0","0","0","0","0","0","0","0","0","0","0","0","0","0","0","0","0","0","0","0","0","0","0","0","0","0","0","0","0","0","0"
"40776","SRR21701120_CLEAN_REPAIRED_minContig2500_bin.5","1","1","0","1","0","0","0","1","1","1","1","1","0","1","1","1","1","0","1","0","1","0","0","0","0","0","0","0","0","1","1","0","0","0","0","0","0","0","0","0","0","0","0","0","0","0","0","0","0","0","0","0","0","0","0","0","0","0","0","0","0","0","0","0","0","0","0","0","0","0","0","0","0","0","0","0","0","0","0","0","0"
"40809","SRR21701123_CLEAN_REPAIRED_minContig2500_bin.1","1","0","0","1","1","0","0","1","1","0","1","1","1","1","1","1","0","0","0","1","0","1","0","0","0","0","0","0","0","0","0","0","0","0","0","0","0","0","0","0","1","0","0","0","0","0","0","0","0","0","0","0","0","0","1","0","0","0","0","0","0","0","0","0","0","0","0","0","0","0","0","0","0","0","0","0","0","0","0","0","0"
"40838","SRR21701124_CLEAN_REPAIRED_minContig2500_bin.2","1","0","0","1","1","0","0","1","1","1","1","1","1","1","1","1","1","0","0","1","0","1","0","0","0","0","0","0","0","0","0","0","0","0","0","0","0","0","0","0","1","0","0","0","0","0","0","0","0","0","0","0","0","0","0","0","0","0","0","0","0","0","0","0","0","0","0","0","0","0","0","0","0","0","0","0","0","0","0","0","0"
"40871","SRR21701125_CLEAN_REPAIRED_minContig2500_bin.3","1","0","0","1","1","0","0","1","1","1","1","1","1","1","1","1","1","0","0","1","0","1","0","0","0","0","0","0","0","0","0","0","0","0","0","0","0","0","0","0","1","0","0","0","0","0","0","0","0","0","0","0","0","0","0","0","0","0","0","0","0","0","0","0","0","0","0","0","0","0","0","0","0","0","0","0","0","0","0","0","0"
"40904","SRR21701126_CLEAN_REPAIRED_minContig2500_bin.1","1","0","0","1","1","0","0","1","1","1","1","1","1","1","1","1","1","0","0","1","0","1","0","0","0","0","0","0","0","0","0","0","0","0","0","0","0","0","0","0","1","0","0","0","0","0","0","0","0","0","0","0","0","0","0","0","0","0","0","0","0","0","0","0","0","0","0","0","0","0","0","0","0","0","0","0","0","0","0","0","0"
"40937","SRR21701127_CLEAN_REPAIRED_minContig2500_bin.2","1","0","0","1","1","0","0","1","1","1","1","1","1","1","1","1","1","0","0","1","0","1","0","0","0","0","0","0","0","0","0","0","0","0","0","0","0","0","0","0","1","0","0","0","0","0","0","0","0","0","0","0","0","0","0","0","0","0","0","0","0","0","0","0","0","0","0","0","0","0","0","0","0","0","0","0","0","0","0","0","0"
"40970","SRR21701129_CLEAN_REPAIRED_minContig2500_bin.1","1","0","0","1","1","0","0","1","1","1","1","1","1","1","1","1","1","0","0","1","0","1","0","0","0","0","0","0","0","0","0","0","0","0","0","0","0","0","0","0","1","0","0","0","0","0","0","0","0","0","0","0","0","0","0","0","0","0","0","0","0","0","0","0","0","0","0","0","0","0","0","0","0","0","0","0","0","0","0","0","0"
"41003","SRR21701131_CLEAN_REPAIRED_minContig2500_bin.7","0","0","0","0","0","1","1","1","1","1","1","1","0","1","1","1","1","0","1","0","0","0","0","1","1","1","1","0","1","1","0","0","0","0","0","0","0","0","0","0","0","0","0","0","0","0","0","0","0","0","0","0","0","0","0","0","0","0","0","0","0","0","0","0","0","0","0","0","0","0","0","0","0","0","0","0","0","0","0","0","0"
"41037","SRR21701132_CLEAN_REPAIRED_minContig2500_bin.3","0","0","0","0","0","1","1","1","1","1","1","1","0","1","1","1","1","0","1","0","0","0","0","1","1","1","1","0","1","1","1","0","0","0","0","0","0","0","0","0","0","0","0","0","0","0","0","0","0","0","0","0","0","0","0","0","0","0","0","0","0","0","0","0","0","0","0","0","0","0","0","0","0","0","0","0","0","0","0","0","0"
"41074","SRR21701133_CLEAN_REPAIRED_minContig2500_bin.6","0","0","0","0","0","1","1","1","1","1","1","1","0","1","1","1","1","0","1","0","0","0","0","1","1","1","1","0","1","1","1","1","0","1","1","1","1","1","1","1","0","0","0","0","0","0","0","0","0","0","0","0","0","0","0","0","0","0","0","0","0","0","0","0","0","0","0","0","0","0","0","0","0","0","0","0","0","0","0","0","0"
"41121","SRR21701134_CLEAN_REPAIRED_minContig2500_bin.5","0","0","0","0","0","1","1","1","1","1","1","1","0","1","1","1","1","1","1","0","0","0","0","1","1","1","1","0","1","1","1","1","0","1","1","1","1","1","1","1","0","0","0","0","0","0","0","0","0","0","0","0","0","0","0","0","0","0","0","0","0","0","0","0","0","0","0","0","0","0","0","0","0","0","0","0","0","0","0","0","0"
"41167","SRR21701135_CLEAN_REPAIRED_minContig2500_bin.1","0","0","0","0","0","1","1","1","1","1","1","1","0","1","1","1","1","1","1","0","0","0","0","1","1","1","1","0","1","1","1","0","0","0","0","0","0","0","0","0","0","0","0","0","0","0","0","0","0","0","0","0","0","0","0","0","0","0","0","0","0","0","0","0","0","0","0","0","0","0","0","0","0","0","0","0","0","0","0","0","0"
"41201","SRR21701136_CLEAN_REPAIRED_minContig2500_bin.4","0","0","0","0","0","1","1","1","1","1","1","1","0","1","1","1","1","1","1","0","0","0","0","1","1","1","1","0","1","1","1","0","0","0","0","0","0","0","0","0","0","0","0","0","0","0","0","0","0","0","0","0","0","0","0","0","0","0","0","0","0","0","0","0","0","0","0","0","0","0","0","0","0","0","0","0","0","0","0","0","0"
"41241","SRR21701137_CLEAN_REPAIRED_minContig2500_bin.8","1","1","1","1","1","0","0","1","1","1","1","1","1","1","1","1","1","0","1","1","0","1","0","0","0","0","0","0","0","0","0","0","0","0","0","0","0","0","0","0","0","0","0","0","0","0","0","0","0","0","0","0","0","0","0","0","0","0","0","0","0","0","0","0","0","0","0","0","0","0","0","0","0","0","0","0","0","0","0","0","0"
"41286","SRR21701138_CLEAN_REPAIRED_minContig2500_bin.2","1","1","1","1","1","0","0","1","1","1","1","1","1","0","0","0","0","0","1","1","0","1","0","0","0","0","0","0","0","0","0","0","0","0","0","0","0","0","0","0","0","0","0","0","0","0","0","0","0","0","0","0","0","0","0","0","0","0","0","0","0","0","0","0","0","0","0","0","0","0","0","0","0","0","0","0","0","0","0","0","0"
"41319","SRR21701139_CLEAN_REPAIRED_minContig2500_bin.2","1","1","1","1","1","0","0","1","1","1","1","1","1","1","1","1","1","0","1","0","0","1","0","0","0","0","0","0","0","0","0","0","0","0","0","0","0","0","0","0","0","0","0","0","0","0","0","0","0","0","0","0","0","0","0","0","0","0","0","0","0","0","0","0","0","0","0","0","0","0","0","0","0","0","0","0","0","0","0","0","0"
"41363","SRR21701140_CLEAN_REPAIRED_minContig2500_bin.4","1","0","1","1","1","0","0","1","1","1","1","1","1","1","1","1","1","0","1","1","0","1","0","0","0","0","0","0","0","0","0","0","0","0","0","0","0","0","0","0","0","0","0","0","0","0","0","0","0","0","0","0","0","0","0","0","0","0","0","0","0","0","0","0","0","0","0","0","0","0","0","0","0","0","0","0","0","0","0","0","0"
"41402","SRR21701142_CLEAN_REPAIRED_minContig2500_bin.2","1","1","0","1","1","1","1","1","1","1","1","1","1","1","1","1","1","0","1","1","0","1","0","0","1","1","0","0","1","0","0","0","0","0","0","0","0","0","0","0","0","0","1","0","0","0","0","0","0","0","0","0","0","0","0","0","0","0","0","0","0","0","0","0","0","0","0","0","0","0","0","0","0","0","0","0","0","0","0","0","0"
"41443","SRR21701146_CLEAN_REPAIRED_minContig2500_bin.1","1","0","0","1","0","0","0","1","1","1","1","1","1","1","1","1","1","0","0","1","0","0","0","0","0","0","0","0","0","0","0","0","0","0","0","0","0","0","0","0","0","0","0","0","0","0","0","0","0","0","0","0","0","0","0","0","0","0","0","0","0","0","0","0","0","0","0","0","0","0","0","0","0","0","0","0","0","0","0","0","0"
"41476","SRR21701150_CLEAN_REPAIRED_minContig2500_bin.2","1","0","0","1","1","0","0","1","1","1","1","1","1","1","1","1","1","0","0","1","0","1","0","0","0","0","0","0","0","0","0","0","0","0","0","0","0","0","0","0","1","0","0","0","0","0","0","0","0","0","0","0","0","0","0","0","0","0","0","0","0","0","0","0","0","0","0","0","0","0","0","0","0","0","0","0","0","0","0","0","0"
"41509","SRR21701153_CLEAN_REPAIRED_minContig2500_bin.2","1","1","0","1","1","0","0","1","1","1","1","1","1","0","0","0","0","0","1","0","0","1","0","0","0","0","0","0","0","0","0","0","0","0","0","0","0","0","0","0","0","0","0","0","0","0","0","0","0","0","0","0","0","0","0","0","0","0","0","0","0","0","0","0","0","0","0","0","0","0","0","0","0","0","0","0","0","0","0","0","0"
"41535","SRR21701156_CLEAN_REPAIRED_minContig2500_bin.2","1","1","0","1","0","0","0","1","1","1","1","1","1","1","1","1","1","0","0","1","0","0","0","0","0","0","0","0","0","0","0","0","0","0","0","0","0","0","0","0","1","0","0","0","0","0","0","0","0","0","0","0","0","0","0","0","0","0","0","0","0","0","0","0","0","0","0","0","0","0","0","0","0","0","0","0","0","0","0","0","0"
"41569","SRR21701160_CLEAN_REPAIRED_minContig2500_bin.4","1","0","0","1","1","0","0","1","1","1","1","1","1","1","1","1","1","0","0","1","0","1","0","0","0","0","0","0","0","0","0","0","0","0","0","0","0","0","0","0","1","0","0","0","0","0","0","0","0","0","0","0","0","0","0","0","0","0","0","0","0","0","0","0","0","0","0","0","0","0","0","0","0","0","0","0","0","0","0","0","0"
"41602","SRR21701161_CLEAN_REPAIRED_minContig2500_bin.2","1","0","0","1","1","0","0","1","1","1","1","1","1","1","1","1","1","0","0","1","0","1","0","0","0","0","0","0","0","0","0","0","0","0","0","0","0","0","0","0","1","0","0","0","0","0","0","0","0","0","0","0","0","0","0","0","0","0","0","0","0","0","0","0","0","0","0","0","0","0","0","0","0","0","0","0","0","0","0","0","0"
"41635","SRR21701163_CLEAN_REPAIRED_minContig2500_bin.2","1","1","1","1","1","0","0","1","1","1","1","1","1","1","1","1","1","0","0","1","0","1","0","0","0","0","0","0","0","0","0","0","0","0","0","0","0","0","0","0","0","0","0","0","0","0","0","0","0","0","0","0","0","0","0","0","0","0","0","0","0","0","0","0","0","0","0","0","0","0","0","0","0","0","0","0","0","0","0","0","0"
"41678","SRR21701164_CLEAN_REPAIRED_minContig2500_bin.1","1","1","0","1","1","0","0","1","1","1","1","1","1","0","0","0","0","0","1","0","0","1","0","0","0","0","0","0","0","0","0","0","0","0","0","0","0","0","0","0","0","0","0","0","0","0","0","0","0","0","0","0","0","0","0","0","0","0","0","0","0","0","0","0","0","0","0","0","0","0","0","0","0","0","0","0","0","0","0","0","0"
"41706","SRR21701165_CLEAN_REPAIRED_minContig2500_bin.6","1","0","0","1","1","0","0","1","1","1","1","1","1","1","1","1","1","0","0","1","0","1","0","0","0","0","0","0","0","0","0","0","0","0","0","0","0","0","0","0","1","0","0","0","0","0","0","0","0","0","0","0","0","0","0","0","0","0","0","0","0","0","0","0","0","0","0","0","0","0","0","0","0","0","0","0","0","0","0","0","0"
"41739","SRR21701166_CLEAN_REPAIRED_minContig2500_bin.1","0","1","0","1","1","1","1","1","1","1","1","1","0","1","1","1","1","0","1","1","0","1","0","1","0","1","1","0","0","0","0","0","0","0","0","0","0","0","0","0","0","0","1","0","0","0","0","0","0","0","0","0","0","0","0","0","0","0","0","0","0","0","0","0","0","0","0","0","0","0","0","0","0","0","0","0","0","0","0","0","0"
"41784","SRR21701167_CLEAN_REPAIRED_minContig2500_bin.3","0","1","0","1","1","1","1","1","1","1","1","1","0","1","1","1","1","0","1","1","0","1","0","1","0","1","1","0","0","0","0","0","0","0","0","0","0","0","0","0","0","0","1","0","0","0","0","0","0","0","0","0","0","0","0","0","0","0","0","0","0","0","0","0","0","0","0","0","0","0","0","0","0","0","0","0","0","0","0","0","0"
"41824","SRR21701168_CLEAN_REPAIRED_minContig2500_bin.1","0","1","0","1","1","1","1","1","1","1","1","1","0","1","1","1","1","0","0","1","0","1","0","1","0","1","1","0","0","0","0","0","0","0","0","0","0","0","0","0","0","0","1","0","0","0","0","0","0","0","0","0","0","0","0","0","0","0","0","0","0","0","0","0","0","0","0","0","0","0","0","0","0","0","0","0","0","0","0","0","0"
"41863","SRR21701169_CLEAN_REPAIRED_minContig2500_bin.2","0","1","0","1","1","1","1","1","1","1","1","1","0","1","1","1","1","0","1","1","0","1","0","1","0","1","1","0","0","0","0","0","0","0","0","0","0","0","0","0","0","0","1","0","0","0","0","0","0","0","0","0","0","0","0","0","0","0","0","0","0","0","0","0","0","0","0","0","0","0","0","0","0","0","0","0","0","0","0","0","0"
"41906","SRR21701171_CLEAN_REPAIRED_minContig2500_bin.6","0","0","0","0","0","0","0","0","1","1","0","1","1","1","1","1","1","0","0","1","0","0","0","0","0","0","0","0","0","0","0","0","0","0","0","0","0","0","0","0","0","0","0","0","0","0","0","0","0","0","0","0","0","0","0","0","0","0","0","0","0","0","0","0","0","0","0","0","0","0","0","0","0","0","0","0","0","0","0","0","0"
"41931","SRR21701172_CLEAN_REPAIRED_minContig2500_bin.1","1","0","0","1","0","0","0","1","1","1","1","1","1","1","1","1","1","0","1","1","0","0","0","0","0","0","0","0","0","0","0","0","0","0","0","0","0","0","0","0","0","0","0","0","0","0","0","0","0","0","0","0","0","0","0","0","0","0","0","0","0","0","0","0","0","0","0","0","0","0","0","0","0","0","0","0","0","0","0","0","0"
"41967","SRR21701173_CLEAN_REPAIRED_minContig2500_bin.2","1","0","1","1","0","0","0","1","1","1","1","1","1","1","1","1","1","0","1","1","0","0","0","0","0","0","0","0","0","0","0","0","0","0","0","0","0","0","0","0","0","0","0","0","0","0","0","0","0","0","0","0","0","0","0","0","0","0","0","0","0","0","0","0","0","0","0","0","0","0","0","0","0","0","0","0","0","0","0","0","0"
"42007","SRR21701176_CLEAN_REPAIRED_minContig2500_bin.1","1","0","0","1","0","0","0","1","1","1","1","1","1","1","1","1","1","0","1","1","0","0","0","0","0","0","0","0","0","0","0","0","0","0","0","0","0","0","0","0","0","0","0","0","0","0","0","0","0","0","0","0","0","0","0","0","0","0","0","0","0","0","0","0","0","0","0","0","0","0","0","0","0","0","0","0","0","0","0","0","0"
"42048","SRR21701177_CLEAN_REPAIRED_minContig2500_bin.3","1","0","0","1","0","0","0","1","1","1","1","1","1","1","1","1","1","0","1","1","0","0","0","0","0","0","0","0","0","0","0","0","0","0","0","0","0","0","0","0","0","0","0","0","0","0","0","0","0","0","0","0","0","0","0","0","0","0","0","0","0","0","0","0","0","0","0","0","0","0","0","0","0","0","0","0","0","0","0","0","0"
"42088","SRR21701183_CLEAN_REPAIRED_minContig2500_bin.1","1","1","1","1","1","0","0","1","1","1","1","1","1","1","1","1","1","0","1","1","0","1","0","0","0","0","0","0","0","0","0","1","0","0","0","0","0","0","0","0","0","0","0","0","0","0","0","0","0","0","0","0","0","0","0","0","0","0","0","0","0","0","0","0","0","0","0","0","0","0","0","0","0","0","0","0","0","0","0","0","0"
"42138","SRR21701184_CLEAN_REPAIRED_minContig2500_bin.2","1","1","1","1","1","0","0","1","1","1","1","1","1","1","1","1","1","0","1","1","0","1","0","0","0","0","0","0","0","0","0","1","0","0","0","0","0","0","0","0","0","0","0","0","0","0","0","0","0","0","0","0","0","0","0","0","0","0","0","0","0","0","0","0","0","0","0","0","0","0","0","0","0","0","0","0","0","0","0","0","0"
"42194","SRR21701185_CLEAN_REPAIRED_minContig2500_bin.2","1","1","1","1","1","0","0","1","1","1","1","1","1","1","1","1","1","0","1","1","0","1","0","0","0","0","0","0","0","0","0","0","0","0","0","0","0","0","0","0","0","0","0","0","0","0","0","0","0","0","0","0","0","0","0","0","0","0","0","0","0","0","0","0","0","0","0","0","0","0","0","0","0","0","0","0","0","0","0","0","0"
"42237","SRR21701186_CLEAN_REPAIRED_minContig2500_bin.1","1","1","1","1","1","0","0","1","1","1","1","1","1","1","1","1","1","0","1","1","0","1","0","0","0","0","0","0","0","0","0","0","0","0","0","0","0","0","0","0","0","0","0","0","0","0","0","0","0","0","0","0","0","0","0","0","0","0","0","0","0","0","0","0","0","0","0","0","0","0","0","0","0","0","0","0","0","0","0","0","0"
"42280","SRR21701188_CLEAN_REPAIRED_minContig2500_bin.4","1","1","1","1","1","0","0","1","1","1","1","1","1","1","1","1","1","0","0","0","0","1","0","0","0","0","0","0","0","0","0","0","0","0","0","0","0","0","0","0","0","0","0","0","0","0","0","0","0","0","0","0","0","0","0","0","0","0","0","0","0","0","0","0","0","0","0","0","0","0","0","0","0","0","0","0","0","0","0","0","0"
"42320","SRR21701189_CLEAN_REPAIRED_minContig2500_bin.1","1","1","1","1","1","0","0","1","1","1","1","1","1","1","1","1","1","0","1","1","0","1","0","0","0","0","0","0","0","0","0","0","0","0","0","0","0","0","0","0","0","0","0","0","0","0","0","0","0","0","0","0","0","0","0","0","0","0","0","0","0","0","0","0","0","0","0","0","0","0","0","0","0","0","0","0","0","0","0","0","0"
"42363","SRR21701190_CLEAN_REPAIRED_minContig2500_bin.4","1","1","1","1","1","0","0","1","1","1","1","1","1","1","1","1","1","0","1","1","0","1","0","0","0","0","0","0","0","0","0","0","0","0","0","0","0","0","0","0","0","1","0","0","0","0","0","0","0","0","0","0","0","0","0","0","0","0","0","0","0","0","0","0","0","0","0","0","0","0","0","0","0","0","0","0","0","0","0","0","0"
"42407","SRR21701191_CLEAN_REPAIRED_minContig2500_bin.3","0","0","0","0","0","1","1","1","1","1","1","1","0","1","1","1","1","0","1","0","0","0","0","1","1","1","1","1","1","1","0","1","0","0","0","0","0","0","0","0","0","0","0","0","0","0","0","0","0","0","0","0","0","0","0","0","0","0","0","0","0","0","0","0","0","0","0","0","0","0","0","0","0","0","0","0","0","0","0","0","0"
"42463","SRR21701194_CLEAN_REPAIRED_minContig2500_bin.4","1","1","0","0","1","0","0","1","1","1","1","1","1","1","1","1","1","0","1","1","0","1","0","0","0","0","1","0","0","0","1","0","0","0","0","0","0","0","0","0","0","0","0","0","0","0","0","0","0","0","0","0","0","0","0","1","0","0","0","0","0","0","0","0","0","0","0","0","0","0","0","0","0","0","0","0","0","0","0","0","0"
"42501","SRR21701196_CLEAN_REPAIRED_minContig2500_bin.2","0","0","0","0","0","1","0","1","1","1","1","1","0","0","1","1","1","1","1","0","0","0","0","1","1","1","0","1","1","1","0","1","0","1","1","0","0","0","0","0","0","0","0","0","0","0","0","0","0","0","0","0","0","0","0","0","0","0","0","0","0","0","0","0","0","0","0","0","0","0","0","0","0","0","0","0","0","0","0","0","0"
"42537","SRR21701199_CLEAN_REPAIRED_minContig2500_bin.3","1","1","1","1","1","1","1","1","1","1","1","1","0","1","1","1","1","0","0","0","0","0","0","0","0","0","0","0","0","0","0","0","0","0","0","0","0","0","0","0","0","0","0","0","0","0","0","0","0","0","0","0","0","0","0","0","0","0","0","0","0","0","0","0","0","0","0","0","0","0","0","0","0","0","0","0","0","0","0","0","0"
"42573","SRR21701200_CLEAN_REPAIRED_minContig2500_bin.2","0","0","1","0","0","1","1","1","1","1","1","1","1","1","1","1","1","0","0","0","0","0","0","0","0","0","0","0","0","0","0","0","0","0","0","0","0","0","0","0","0","1","0","0","0","0","0","0","0","0","0","0","0","0","0","0","0","0","0","0","0","0","0","0","0","0","0","0","0","0","0","0","0","0","0","0","0","0","0","0","0"
"42607","SRR21701201_CLEAN_REPAIRED_minContig2500_bin.3","1","1","1","1","1","0","0","1","1","1","1","1","1","1","1","1","1","0","1","1","0","1","0","0","0","0","0","0","0","0","0","1","0","0","0","0","0","0","0","0","0","0","0","0","0","0","0","0","0","0","0","0","0","0","0","0","0","0","0","0","0","0","0","0","0","0","0","0","0","0","0","0","0","0","0","0","0","0","0","0","0"
"42655","SRR21701202_CLEAN_REPAIRED_minContig2500_bin.5","0","0","0","0","0","0","0","0","1","1","0","1","0","0","0","0","0","0","1","1","0","0","1","0","0","0","0","0","0","1","0","0","0","0","0","0","0","0","0","0","0","1","0","0","0","0","0","0","0","0","0","0","0","0","0","0","0","0","0","0","0","0","0","0","0","0","0","0","0","0","0","0","0","0","0","0","0","0","0","0","0"
"42673","SRR21701203_CLEAN_REPAIRED_minContig2500_bin.3","0","0","0","0","0","1","1","1","0","0","1","0","0","1","1","1","1","0","1","0","0","0","0","0","0","0","1","0","0","1","0","0","0","0","0","0","0","0","0","0","0","0","0","0","0","0","0","0","0","0","0","0","0","0","0","0","0","0","0","0","0","0","0","0","0","0","0","0","0","0","0","0","0","0","0","0","0","0","0","0","0"
"42704","SRR21701204_CLEAN_REPAIRED_minContig2500_bin.1","1","1","0","1","0","0","0","1","1","1","1","1","0","1","1","1","1","0","1","0","1","0","0","0","0","0","0","0","0","1","1","0","0","0","0","0","0","0","0","0","0","0","0","0","0","0","0","0","0","0","0","0","0","0","0","0","0","0","0","0","0","0","0","0","0","0","0","0","0","0","0","0","0","0","0","0","0","0","0","0","0"
"42737","SRR21701205_CLEAN_REPAIRED_minContig2500_bin.2","1","1","0","1","1","0","0","1","1","1","1","1","1","1","1","1","1","0","1","0","0","1","0","0","0","0","0","0","0","0","0","0","0","0","0","0","0","0","0","0","0","1","0","0","0","0","0","0","0","0","0","0","0","0","0","0","0","0","0","0","0","0","0","0","0","0","0","0","0","0","0","0","0","0","0","0","0","0","0","0","0"
"42776","SRR21701206_CLEAN_REPAIRED_minContig2500_bin.1","1","1","1","1","1","1","1","1","1","1","1","1","1","1","1","1","1","0","0","0","0","0","0","0","0","0","0","0","0","0","0","0","0","0","0","0","0","0","0","0","0","0","0","0","0","0","0","0","0","0","0","0","0","0","0","0","0","0","0","0","0","0","0","0","0","0","0","0","0","0","0","0","0","0","0","0","0","0","0","0","0"
"42813","SRR21701211_CLEAN_REPAIRED_minContig2500_bin.6","1","1","1","1","1","0","0","1","1","1","1","1","1","1","1","1","1","0","1","1","0","1","0","0","0","0","0","0","0","0","0","0","0","0","0","0","0","0","0","0","0","1","0","0","0","0","0","0","0","0","0","0","0","0","0","0","0","0","0","0","0","0","0","0","0","0","0","0","0","0","0","0","0","0","0","0","0","0","0","0","0"
"42859","SRR21701214_CLEAN_REPAIRED_minContig2500_bin.1","1","1","0","0","1","0","0","1","1","1","1","1","1","1","1","1","1","0","1","1","0","1","0","0","0","0","1","0","0","0","0","0","0","0","0","0","0","0","0","0","0","0","0","0","0","0","0","0","0","0","0","0","0","0","0","0","0","0","0","0","0","0","0","0","0","0","0","0","0","0","0","0","0","0","0","0","0","0","0","0","0"
"42897","SRR21701215_CLEAN_REPAIRED_minContig2500_bin.1","1","1","0","0","1","0","0","1","1","1","1","1","1","1","1","1","1","0","1","1","0","1","0","0","0","0","1","0","0","0","0","0","0","0","0","0","0","0","0","0","0","0","0","0","0","0","0","0","0","0","0","0","0","0","0","0","0","0","0","0","0","0","0","0","0","0","0","0","0","0","0","0","0","0","0","0","0","0","0","0","0"
"42935","SRR21701216_CLEAN_REPAIRED_minContig2500_bin.1","1","1","0","0","1","0","0","1","1","1","1","1","1","1","1","1","1","0","1","1","0","1","0","0","0","0","1","0","0","0","0","0","0","0","0","0","0","0","0","0","0","0","0","0","0","0","0","0","0","0","0","0","0","0","0","0","0","0","0","0","0","0","0","0","0","0","0","0","0","0","0","0","0","0","0","0","0","0","0","0","0"
"42973","SRR21701218_CLEAN_REPAIRED_minContig2500_bin.1","1","1","0","1","1","0","0","1","1","1","1","1","1","1","1","1","1","0","1","0","0","1","0","0","0","0","0","0","0","0","0","0","0","0","0","0","0","0","0","0","0","0","0","0","0","0","0","0","0","0","0","0","0","0","0","0","0","0","0","0","0","0","0","0","0","0","0","0","0","0","0","0","0","0","0","0","0","0","0","0","0"
"43011","SRR21701219_CLEAN_REPAIRED_minContig2500_bin.1","1","1","0","0","1","0","0","1","1","1","1","1","1","1","1","1","1","0","1","1","0","1","0","0","0","0","1","0","0","0","0","0","0","0","0","0","0","0","0","0","0","0","0","0","0","0","0","0","0","0","0","0","0","0","0","0","0","0","0","0","0","0","0","0","0","0","0","0","0","0","0","0","0","0","0","0","0","0","0","0","0"
"43049","SRR21701220_CLEAN_REPAIRED_minContig2500_bin.1","1","1","0","0","0","0","1","0","0","0","1","0","1","1","1","1","1","0","1","1","0","1","1","1","0","0","0","0","0","0","0","0","0","0","0","0","0","0","0","0","0","0","0","0","0","0","0","0","0","0","0","0","0","0","0","0","0","0","0","0","0","0","0","0","0","0","0","0","0","0","0","0","0","0","0","0","0","0","0","0","0"
"43078","SRR21701222_CLEAN_REPAIRED_minContig2500_bin.8","0","0","0","0","0","0","0","1","1","1","1","1","1","1","1","1","1","0","1","1","0","0","0","0","0","0","1","0","0","0","0","0","0","0","0","0","0","0","0","0","0","0","0","0","0","0","0","0","0","0","0","0","0","0","0","0","0","0","0","0","0","0","0","0","0","0","0","0","0","0","0","0","0","0","0","0","0","0","0","0","0"
"43108","SRR21701224_CLEAN_REPAIRED_minContig2500_bin.4","1","1","0","0","1","0","0","1","1","1","1","1","1","1","1","1","1","0","1","1","0","1","0","0","0","0","1","0","0","0","0","0","0","0","0","0","0","0","0","0","0","0","0","0","0","0","0","0","0","0","0","0","0","0","0","0","0","0","0","0","0","0","0","0","0","0","0","0","0","0","0","0","0","0","0","0","0","0","0","0","0"
"43150","SRR21701225_CLEAN_REPAIRED_minContig2500_bin.2","1","1","0","0","1","0","0","1","1","1","1","1","1","1","1","1","1","0","1","1","0","1","0","0","0","0","1","0","0","0","0","0","0","0","0","0","0","0","0","0","0","0","0","0","0","0","0","0","0","0","0","0","0","0","0","0","0","0","0","0","0","0","0","0","0","0","0","0","0","0","0","0","0","0","0","0","0","0","0","0","0"
"43189","SRR21701226_CLEAN_REPAIRED_minContig2500_bin.3","1","1","0","0","1","0","0","1","1","1","1","1","1","1","1","1","1","0","1","1","0","1","0","0","0","0","1","0","0","0","0","0","0","0","0","0","0","0","0","0","0","0","0","0","0","0","0","0","0","0","0","0","0","0","0","0","0","0","0","0","0","0","0","0","0","0","0","0","0","0","0","0","0","0","0","0","0","0","0","0","0"
"43231","SRR21701227_CLEAN_REPAIRED_minContig2500_bin.5","1","1","0","0","1","0","0","1","1","1","1","1","1","1","1","1","1","0","1","1","0","1","0","0","0","0","1","0","0","0","0","0","0","0","0","0","0","0","0","0","0","0","0","0","0","0","0","0","0","0","0","0","0","0","0","0","0","0","0","0","0","0","0","0","0","0","0","0","0","0","0","0","0","0","0","0","0","0","0","0","0"
"43269","SRR21701228_CLEAN_REPAIRED_minContig2500_bin.4","1","1","0","0","1","0","0","1","1","1","1","1","1","1","1","1","1","0","1","1","0","1","0","0","0","0","1","0","0","0","0","0","0","0","0","0","0","0","0","0","0","0","0","0","0","0","0","0","0","0","0","0","0","0","0","0","0","0","0","0","0","0","0","0","0","0","0","0","0","0","0","0","0","0","0","0","0","0","0","0","0"
"43307","SRR21701229_CLEAN_REPAIRED_minContig2500_bin.2","1","1","0","1","0","0","0","1","1","1","1","1","0","1","1","1","1","0","1","0","1","0","0","0","0","0","0","0","0","1","1","0","0","0","0","0","0","0","0","0","0","0","0","1","0","0","0","0","0","0","0","0","0","0","0","0","0","0","0","0","0","0","0","0","0","0","0","0","0","0","0","0","0","0","0","0","0","0","0","0","0"
"43346","SRR21701230_CLEAN_REPAIRED_minContig2500_bin.5","1","1","0","0","1","0","0","1","1","1","1","1","1","1","1","1","1","0","1","1","0","1","0","0","0","0","1","0","0","0","0","0","0","0","0","0","0","0","0","0","0","0","0","0","0","0","0","0","0","0","0","0","0","0","0","0","0","0","0","0","0","0","0","0","0","0","0","0","0","0","0","0","0","0","0","0","0","0","0","0","0"
"43384","SRR21701232_CLEAN_REPAIRED_minContig2500_bin.4","0","0","0","0","0","0","1","0","1","0","0","1","1","0","1","1","1","0","1","1","0","0","0","0","0","0","0","0","0","0","0","0","0","0","0","0","0","0","0","0","0","0","0","0","0","0","0","0","0","0","0","0","0","0","0","0","0","0","0","0","0","0","0","0","0","0","0","0","0","0","0","0","0","0","0","0","0","0","0","0","0"
"43400","SRR21701237_CLEAN_REPAIRED_minContig2500_bin.11","1","0","1","1","1","0","0","1","1","1","1","1","1","1","1","1","1","0","1","1","0","1","0","0","0","0","0","0","0","0","0","0","0","0","0","0","0","0","0","0","0","1","0","0","0","0","0","0","0","0","0","0","0","0","0","0","0","0","0","0","0","0","0","0","0","0","0","0","0","0","0","0","0","0","0","0","0","0","0","0","0"
"43443","SRR21701238_CLEAN_REPAIRED_minContig2500_bin.3","1","1","0","1","1","0","0","1","1","1","1","1","1","1","1","1","1","0","1","1","0","1","0","0","0","0","0","0","0","0","0","0","0","0","0","0","0","0","0","0","0","0","0","0","0","0","0","0","0","0","0","0","0","0","0","0","0","0","0","0","0","0","0","0","0","0","0","0","0","0","0","0","0","0","0","0","0","0","0","0","0"
"43480","SRR21701239_CLEAN_REPAIRED_minContig2500_bin.2","1","1","0","1","1","0","0","1","1","1","1","1","1","1","1","1","1","0","1","1","0","1","0","0","0","0","0","0","0","0","0","0","0","0","0","0","0","0","0","0","0","0","0","0","0","0","0","0","0","0","0","0","0","0","0","0","0","0","0","0","0","0","0","0","0","0","0","0","0","0","0","0","0","0","0","0","0","0","0","0","0"
"43517","SRR21701240_CLEAN_REPAIRED_minContig2500_bin.1","1","1","0","1","0","0","0","1","1","1","1","1","0","1","1","1","1","0","1","0","1","0","0","0","0","0","0","0","0","1","1","1","1","1","1","1","1","1","1","1","0","0","0","1","0","0","0","0","0","0","0","0","0","0","0","0","0","0","0","0","0","0","0","0","0","0","0","0","0","0","0","0","0","0","0","0","0","0","0","0","0"
"43581","SRR21701241_CLEAN_REPAIRED_minContig2500_bin.3","1","1","0","1","1","0","0","1","1","1","1","1","1","1","1","1","1","0","1","1","0","1","0","0","0","0","0","0","0","0","0","0","0","0","0","0","0","0","0","0","0","0","0","0","0","0","0","0","0","0","0","0","0","0","0","0","0","0","0","0","0","0","0","0","0","0","0","0","0","0","0","0","0","0","0","0","0","0","0","0","0"
"43627","SRR21701242_CLEAN_REPAIRED_minContig2500_bin.5","1","1","0","1","1","0","0","1","1","1","1","1","1","1","1","1","1","0","1","1","0","1","0","0","0","0","0","0","0","0","0","0","0","0","0","0","0","0","0","0","0","0","0","0","0","0","0","0","0","0","0","0","0","0","0","0","0","0","0","0","0","0","0","0","0","0","0","0","0","0","0","0","0","0","0","0","0","0","0","0","0"
"43669","SRR21701243_CLEAN_REPAIRED_minContig2500_bin.1","1","1","1","1","1","0","0","1","1","1","1","1","1","1","1","1","1","0","1","1","0","1","0","0","0","0","0","0","0","0","0","0","0","0","0","0","0","0","0","0","0","0","0","0","0","0","0","0","0","0","0","0","0","0","0","0","0","0","0","0","0","0","0","0","0","0","0","0","0","0","0","0","0","0","0","0","0","0","0","0","0"
"43711","SRR21701247_CLEAN_REPAIRED_minContig2500_bin.3","0","0","0","0","0","1","1","1","1","1","1","1","0","1","1","1","1","0","1","0","0","0","0","1","1","1","1","0","1","1","1","0","0","0","0","0","0","0","0","0","0","0","0","0","0","0","0","0","0","0","0","0","0","0","0","0","0","0","0","0","0","0","0","0","0","0","0","0","0","0","0","0","0","0","0","0","0","0","0","0","0"
"43749","SRR21701248_CLEAN_REPAIRED_minContig2500_bin.1","0","0","0","0","0","0","0","1","1","1","1","1","0","1","1","1","1","0","1","1","0","0","0","0","0","0","0","0","0","0","0","0","0","0","0","0","0","0","0","0","0","0","0","0","0","0","0","0","0","0","0","0","0","0","0","0","0","0","0","0","0","0","0","0","0","0","0","0","0","0","0","0","0","0","0","0","0","0","0","0","0"
"43779","SRR21701249_CLEAN_REPAIRED_minContig2500_bin.5","0","0","0","0","0","0","0","1","1","1","1","1","0","1","1","1","1","0","1","1","0","0","0","0","0","0","0","0","0","0","0","0","0","0","0","0","0","0","0","0","0","0","0","0","0","0","0","0","0","0","0","0","0","0","0","0","0","0","0","0","0","0","0","0","0","0","0","0","0","0","0","0","0","0","0","0","0","0","0","0","0"
"43809","SRR21701250_CLEAN_REPAIRED_minContig2500_bin.2","0","0","0","0","0","0","0","1","1","1","1","1","0","1","1","1","1","0","1","1","0","0","0","0","0","0","0","0","0","0","0","0","0","0","0","0","0","0","0","0","0","0","0","0","0","0","0","0","0","0","0","0","0","0","0","0","0","0","0","0","0","0","0","0","0","0","0","0","0","0","0","0","0","0","0","0","0","0","0","0","0"
"43839","SRR21701251_CLEAN_REPAIRED_minContig2500_bin.2","0","0","0","0","0","0","0","1","1","1","1","1","0","1","1","1","1","0","1","1","0","0","0","0","0","0","0","0","0","0","0","0","0","0","0","0","0","0","0","0","0","0","0","0","0","0","0","0","0","0","0","0","0","0","0","0","0","0","0","0","0","0","0","0","0","0","0","0","0","0","0","0","0","0","0","0","0","0","0","0","0"
"43873","SRR21701255_CLEAN_REPAIRED_minContig2500_bin.4","0","0","0","0","0","0","0","0","1","1","0","1","1","0","0","0","0","0","1","0","0","0","0","0","0","0","0","0","0","0","0","0","0","0","0","0","0","0","0","0","0","0","0","0","0","0","0","0","0","0","0","0","0","0","0","0","0","0","0","0","0","0","0","0","0","0","0","0","0","0","0","0","0","0","0","0","0","0","0","0","0"
"43887","SRR21701256_CLEAN_REPAIRED_minContig2500_bin.1","0","0","0","0","0","1","1","1","1","1","1","1","0","1","1","1","1","1","1","0","0","0","0","1","1","1","1","1","1","1","1","0","0","0","0","0","0","0","0","0","0","0","0","0","0","0","0","0","0","0","0","0","0","0","0","0","0","0","0","0","0","0","0","0","0","0","0","0","0","0","0","0","0","0","0","0","0","0","0","0","0"
"43924","SRR21701257_CLEAN_REPAIRED_minContig2500_bin.4","0","0","0","0","0","1","1","1","1","1","1","1","0","1","1","1","1","0","1","0","0","0","0","1","1","1","1","1","1","1","1","0","0","0","0","0","0","0","0","0","0","0","0","0","0","0","0","0","0","0","0","0","0","0","0","0","0","0","0","0","0","0","0","0","0","0","0","0","0","0","0","0","0","0","0","0","0","0","0","0","0"
"43960","SRR21701259_CLEAN_REPAIRED_minContig2500_bin.1","0","0","0","0","0","1","1","1","1","1","1","1","0","1","1","1","1","1","1","0","0","0","0","1","1","1","1","1","1","1","1","0","0","0","0","0","0","0","0","0","0","0","0","0","0","0","0","0","0","0","0","0","0","0","0","0","0","0","0","0","0","0","0","0","0","0","0","0","0","0","0","0","0","0","0","0","0","0","0","0","0"
"43997","SRR21701260_CLEAN_REPAIRED_minContig2500_bin.3","0","0","0","0","0","1","1","1","1","1","0","1","0","1","1","1","1","1","1","0","0","0","1","1","1","1","1","1","1","1","1","1","1","1","1","1","1","1","1","1","0","0","0","0","0","0","0","0","0","0","0","0","0","0","0","0","0","0","0","0","0","0","0","0","0","0","0","0","0","0","0","0","0","0","0","0","0","0","0","0","0"
"44068","SRR21701261_CLEAN_REPAIRED_minContig2500_bin.1","1","1","1","1","1","0","0","1","1","1","1","1","1","1","1","1","1","0","1","1","0","1","0","0","0","0","0","0","0","0","0","0","0","0","0","0","0","0","0","0","0","0","0","0","0","0","0","0","0","0","0","0","0","0","0","0","0","0","0","0","0","0","0","0","0","0","0","0","0","0","0","0","0","0","0","0","0","0","0","0","0"
"44112","SRR21701262_CLEAN_REPAIRED_minContig2500_bin.1","1","1","1","1","1","0","0","1","1","1","1","1","1","1","1","1","1","0","1","1","0","1","0","0","0","0","0","0","0","0","0","1","0","0","0","0","0","0","0","0","0","0","0","0","0","0","0","0","0","0","0","0","0","0","0","0","0","0","0","0","0","0","0","0","0","0","0","0","0","0","0","0","0","0","0","0","0","0","0","0","0"
"44166","SRR21701271_CLEAN_REPAIRED_minContig2500_bin.1","1","1","1","1","1","0","0","1","1","1","1","1","1","1","1","1","1","0","1","1","0","1","0","0","0","0","0","0","0","0","0","1","0","0","0","0","0","0","0","0","0","0","0","0","0","0","0","0","0","0","0","0","0","0","0","0","0","0","0","0","0","0","0","0","0","0","0","0","0","0","0","0","0","0","0","0","0","0","0","0","0"
"44224","SRR21701272_CLEAN_REPAIRED_minContig2500_bin.1","1","1","1","1","1","0","0","1","1","1","1","1","1","1","1","1","1","0","1","1","0","1","0","0","0","0","0","0","0","0","0","0","0","0","0","0","0","0","0","0","0","0","0","0","0","0","0","0","0","0","0","0","0","0","0","0","0","0","0","0","0","0","0","0","0","0","0","0","0","0","0","0","0","0","0","0","0","0","0","0","0"
"44266","SRR21701273_CLEAN_REPAIRED_minContig2500_bin.1","1","1","1","1","1","0","0","1","1","1","1","1","1","1","1","1","1","0","1","1","0","1","0","0","0","0","0","0","0","0","0","1","0","0","0","0","0","0","0","0","0","0","0","0","0","0","0","0","0","0","0","0","0","0","0","0","0","0","0","0","0","0","0","0","0","0","0","0","0","0","0","0","0","0","0","0","0","0","0","0","0"
"44317","SRR21701275_CLEAN_REPAIRED_minContig2500_bin.11","1","1","0","1","0","0","0","1","1","1","1","1","0","1","1","1","1","0","1","0","1","0","0","0","0","0","0","0","0","0","0","0","0","0","0","0","0","0","0","0","0","0","0","0","0","0","0","0","0","0","0","0","0","0","0","0","0","0","0","0","0","0","0","0","0","0","0","0","0","0","0","0","0","0","0","0","0","0","0","0","0"
"44348","SRR21701276_CLEAN_REPAIRED_minContig2500_bin.1","1","1","0","1","0","0","0","1","1","1","1","1","0","1","1","1","1","0","1","0","1","0","0","0","0","0","0","0","0","1","0","1","1","1","1","1","1","1","1","1","0","0","0","0","0","0","0","0","0","0","0","0","0","0","0","0","0","0","0","0","0","0","0","0","0","0","0","0","0","0","0","0","0","0","0","0","0","0","0","0","0"
"44408","SRR21701278_CLEAN_REPAIRED_minContig2500_bin.1","1","1","0","1","1","0","0","1","1","1","1","1","1","1","1","1","1","0","1","0","0","1","0","0","0","0","0","0","0","0","0","0","0","0","0","0","0","0","0","0","0","0","0","0","0","0","0","0","0","0","0","0","0","0","0","0","0","0","0","0","0","0","0","0","0","0","0","0","0","0","0","0","0","0","0","0","0","0","0","0","0"
"44446","SRR21701282_CLEAN_REPAIRED_minContig2500_bin.2","0","0","0","0","0","1","1","1","1","1","1","1","0","1","1","1","1","1","1","0","0","0","0","1","1","1","1","0","1","1","1","1","0","0","0","0","0","0","0","0","0","0","0","0","0","0","0","0","0","0","0","0","0","0","0","0","0","0","0","0","0","0","0","0","0","0","0","0","0","0","0","0","0","0","0","0","0","0","0","0","0"
"44484","SRR21701283_CLEAN_REPAIRED_minContig2500_bin.2","0","0","0","0","0","1","1","1","1","1","1","1","0","1","1","1","1","0","1","0","0","0","0","1","1","1","1","0","1","1","1","0","0","0","0","0","0","0","0","0","0","0","0","0","0","0","0","0","0","0","0","0","0","0","0","0","0","0","0","0","0","0","0","0","0","0","0","0","0","0","0","0","0","0","0","0","0","0","0","0","0"
"44523","SRR21701289_CLEAN_REPAIRED_minContig2500_bin.5","1","1","0","1","1","1","1","1","1","1","1","1","0","1","1","1","1","1","1","0","0","1","0","1","1","1","1","1","1","1","1","0","0","0","0","0","0","0","0","0","0","1","0","0","0","0","0","0","0","0","0","0","0","0","0","0","0","0","0","0","0","0","0","0","0","0","0","0","0","0","0","0","0","0","0","0","0","0","0","0","0"
"44574","SRR21701291_CLEAN_REPAIRED_minContig2500_bin.1","1","1","0","0","1","0","0","1","1","1","1","1","1","1","1","1","1","0","0","0","0","1","1","0","0","0","0","0","0","0","0","0","0","0","0","0","0","0","0","0","0","0","0","0","0","0","0","0","0","0","0","1","0","0","0","0","0","0","0","0","0","0","0","0","0","0","0","0","0","0","0","0","0","0","0","0","0","0","0","0","0"
"44611","SRR21701292_CLEAN_REPAIRED_minContig2500_bin.2","1","0","0","1","0","0","0","1","1","1","1","1","0","1","1","1","1","0","1","0","0","0","0","0","0","0","0","0","0","0","0","0","0","0","0","0","0","0","0","0","0","0","0","0","0","0","0","0","0","0","0","0","0","0","0","0","0","0","0","0","0","0","0","0","0","0","0","0","0","0","0","0","0","0","0","0","0","0","0","0","0"
"44643","SRR21701293_CLEAN_REPAIRED_minContig2500_bin.2","1","0","0","1","0","0","0","1","1","1","1","1","0","1","1","1","1","0","1","0","0","0","0","0","0","0","0","0","0","0","0","0","0","0","0","0","0","0","0","0","0","0","0","0","0","0","0","0","0","0","0","0","0","0","0","0","0","0","0","0","0","0","0","0","0","0","0","0","0","0","0","0","0","0","0","0","0","0","0","0","0"
"44673","SRR21701300_CLEAN_REPAIRED_minContig2500_bin.7","1","1","0","1","1","0","0","1","1","1","1","1","1","1","1","1","1","0","1","0","0","1","0","0","0","0","0","0","0","0","0","0","0","0","0","0","0","0","0","0","0","0","0","0","0","0","0","0","0","0","0","0","0","0","0","0","0","0","0","0","0","0","0","0","0","0","0","0","0","0","0","0","0","0","0","0","0","0","0","0","0"
"44711","SRR21701301_CLEAN_REPAIRED_minContig2500_bin.7","1","1","0","1","0","0","0","1","1","1","1","1","0","1","1","1","1","0","0","0","1","0","0","0","0","0","0","0","0","0","0","0","0","0","0","0","0","0","0","0","0","0","0","0","0","0","0","0","0","0","0","0","0","0","0","0","0","0","0","0","0","0","0","0","0","0","0","0","0","0","0","0","0","0","0","0","0","0","0","0","0"
"44740","SRR21701304_CLEAN_REPAIRED_minContig2500_bin.4","1","1","0","1","0","0","0","1","1","1","1","1","0","1","1","1","1","0","0","0","1","0","0","0","0","0","0","0","0","0","0","0","0","0","0","0","0","0","0","0","0","0","0","0","0","0","0","0","0","0","0","0","0","0","0","0","0","0","0","0","0","0","0","0","0","0","0","0","0","0","0","0","0","0","0","0","0","0","0","0","0"
"44769","SRR21701305_CLEAN_REPAIRED_minContig2500_bin.4","1","1","0","1","0","0","0","1","1","1","1","1","0","1","1","1","1","0","0","0","1","0","0","0","0","0","0","0","0","0","0","0","0","0","0","0","0","0","0","0","0","0","0","0","0","0","0","0","0","0","0","0","0","0","0","0","0","0","0","0","0","0","0","0","0","0","0","0","0","0","0","0","0","0","0","0","0","0","0","0","0"
"44798","SRR21701306_CLEAN_REPAIRED_minContig2500_bin.5","0","0","0","0","0","0","0","1","1","1","1","1","0","1","1","1","1","0","0","0","1","0","0","0","0","0","0","0","0","0","0","0","0","0","0","0","0","0","0","0","0","0","0","0","0","0","0","0","0","0","0","0","0","0","0","0","0","0","0","0","0","0","0","0","0","0","0","0","0","0","0","0","0","0","0","0","0","0","0","0","0"
"44821","SRR21701308_CLEAN_REPAIRED_minContig2500_bin.2","1","1","0","0","1","0","0","1","1","1","1","1","1","1","1","1","1","0","0","1","0","1","1","0","0","0","0","0","0","0","0","0","0","0","0","0","0","0","0","0","0","0","0","0","0","0","0","0","0","0","0","0","0","0","0","0","0","0","0","0","0","0","0","0","0","0","0","0","0","0","0","0","0","0","0","0","0","0","0","0","0"
"44856","SRR21701309_CLEAN_REPAIRED_minContig2500_bin.3","1","1","0","0","1","0","0","1","1","1","1","1","1","1","1","1","1","0","0","1","0","1","1","0","0","0","0","0","0","0","0","0","0","0","0","0","0","0","0","0","0","0","0","0","0","0","0","0","0","0","0","0","0","0","0","0","0","0","0","0","0","0","0","0","0","0","0","0","0","0","0","0","0","0","0","0","0","0","0","0","0"
"44891","SRR21701310_CLEAN_REPAIRED_minContig2500_bin.1","1","1","0","0","1","0","0","1","1","1","1","1","1","1","1","1","1","0","0","1","0","1","1","0","0","0","0","0","0","0","0","0","0","0","0","0","0","0","0","0","0","0","0","0","0","0","0","0","0","0","0","0","0","0","0","0","0","0","0","0","0","0","0","0","0","0","0","0","0","0","0","0","0","0","0","0","0","0","0","0","0"
"44926","SRR21701311_CLEAN_REPAIRED_minContig2500_bin.1","1","1","0","1","1","0","0","1","1","1","1","1","1","0","0","0","0","0","1","0","0","1","0","0","0","0","0","0","0","0","0","0","0","0","0","0","0","0","0","0","0","0","0","0","0","0","0","0","0","0","0","0","0","0","0","0","0","0","0","0","0","0","0","0","0","0","0","0","0","0","0","0","0","0","0","0","0","0","0","0","0"
"44953","SRR21701312_CLEAN_REPAIRED_minContig2500_bin.1","1","1","0","1","1","0","0","1","1","1","1","1","1","1","1","1","1","0","1","0","0","1","0","0","0","0","0","0","0","0","0","0","0","0","0","0","0","0","0","0","0","0","0","0","0","0","0","0","0","0","0","0","0","0","0","0","0","0","0","0","0","0","0","0","0","0","0","0","0","0","0","0","0","0","0","0","0","0","0","0","0"
"44991","SRR21701313_CLEAN_REPAIRED_minContig2500_bin.7","1","1","0","1","1","0","0","1","1","1","1","1","1","1","1","1","1","0","1","0","0","1","0","0","0","0","0","0","0","0","0","0","0","0","0","0","0","0","0","0","0","0","0","0","0","0","0","0","0","0","0","0","0","0","0","0","0","0","0","0","0","0","0","0","0","0","0","0","0","0","0","0","0","0","0","0","0","0","0","0","0"
"45033","SRR21701318_CLEAN_REPAIRED_minContig2500_bin.1","1","1","1","1","1","0","0","1","1","1","1","1","1","1","1","1","1","0","1","1","0","1","0","0","0","0","0","0","0","0","0","0","0","0","0","0","0","0","0","0","0","0","0","0","0","0","0","0","0","0","0","0","0","0","0","0","0","0","0","0","0","0","0","0","0","0","0","0","0","0","0","0","0","0","0","0","0","0","0","0","0"
"45075","SRR21701319_CLEAN_REPAIRED_minContig2500_bin.1","1","1","1","1","1","0","0","1","1","1","1","1","1","1","1","1","1","0","1","1","0","1","0","0","0","0","0","0","0","0","0","0","0","0","0","0","0","0","0","0","0","0","0","0","0","0","0","0","0","0","0","0","0","0","0","0","0","0","0","0","0","0","0","0","0","0","0","0","0","0","0","0","0","0","0","0","0","0","0","0","0"
"45120","SRR21701320_CLEAN_REPAIRED_minContig2500_bin.2","1","1","1","1","1","0","0","1","1","1","1","1","1","1","1","1","1","0","1","1","0","1","0","0","0","0","0","0","0","0","0","0","0","0","0","0","0","0","0","0","0","0","0","0","0","0","0","0","0","0","0","0","0","0","0","0","0","0","0","0","0","0","0","0","0","0","0","0","0","0","0","0","0","0","0","0","0","0","0","0","0"
"45165","SRR21701321_CLEAN_REPAIRED_minContig2500_bin.2","1","1","1","1","1","0","0","1","1","1","1","1","1","1","1","1","1","0","1","1","0","1","0","0","0","0","0","0","0","0","0","0","0","0","0","0","0","0","0","0","0","0","0","0","0","0","0","0","0","0","0","0","0","0","0","0","0","0","0","0","0","0","0","0","0","0","0","0","0","0","0","0","0","0","0","0","0","0","0","0","0"
"45210","SRR21701322_CLEAN_REPAIRED_minContig2500_bin.2","1","1","1","1","1","0","0","1","1","1","1","1","1","1","1","1","1","0","1","1","0","1","0","0","0","0","0","0","0","0","0","0","0","0","0","0","0","0","0","0","0","0","0","0","0","0","0","0","0","0","0","0","0","0","0","0","0","0","0","0","0","0","0","0","0","0","0","0","0","0","0","0","0","0","0","0","0","0","0","0","0"
"45252","SRR21701324_CLEAN_REPAIRED_minContig2500_bin.13","1","1","0","1","0","0","0","1","1","1","1","1","0","1","1","1","1","0","0","0","1","0","0","0","0","0","0","0","0","0","0","0","0","0","0","0","0","0","0","0","0","0","0","0","0","0","0","0","0","0","0","0","0","0","0","0","0","0","0","0","0","0","0","0","0","0","0","0","0","0","0","0","0","0","0","0","0","0","0","0","0"
"45281","SRR21701327_CLEAN_REPAIRED_minContig2500_bin.2","1","1","0","1","0","0","0","1","1","1","1","1","0","1","1","1","1","0","1","0","1","0","0","0","0","0","0","0","0","1","0","0","0","0","0","0","0","0","0","0","0","0","0","0","0","0","0","0","0","0","0","0","0","0","0","0","0","0","0","0","0","0","0","0","0","0","0","0","0","0","0","0","0","0","0","0","0","0","0","0","0"
"45313","SRR21701329_CLEAN_REPAIRED_minContig2500_bin.2","1","1","0","1","0","0","0","1","1","1","1","1","0","1","1","1","1","0","0","0","1","0","0","0","0","0","0","0","0","0","0","0","0","0","0","0","0","0","0","0","0","0","0","0","0","0","0","0","0","0","0","0","0","0","0","0","0","0","0","0","0","0","0","0","0","0","0","0","0","0","0","0","0","0","0","0","0","0","0","0","0"
"45342","SRR21701330_CLEAN_REPAIRED_minContig2500_bin.12","1","1","0","1","0","0","0","1","1","1","1","1","0","1","1","1","1","0","0","0","1","0","0","0","0","0","0","0","0","0","0","0","0","0","0","0","0","0","0","0","0","0","0","0","0","0","0","0","0","0","0","0","0","0","0","0","0","0","0","0","0","0","0","0","0","0","0","0","0","0","0","0","0","0","0","0","0","0","0","0","0"
"45371","SRR21701331_CLEAN_REPAIRED_minContig2500_bin.7","1","1","0","1","0","0","0","1","1","1","1","1","0","1","1","1","1","0","0","0","1","0","0","0","0","0","0","0","0","0","0","0","0","0","0","0","0","0","0","0","0","0","0","0","0","0","0","0","0","0","0","0","0","0","0","0","0","0","0","0","0","0","0","0","0","0","0","0","0","0","0","0","0","0","0","0","0","0","0","0","0"
"45400","SRR21701332_CLEAN_REPAIRED_minContig2500_bin.2","1","1","0","1","0","0","0","1","1","1","1","1","0","1","1","1","1","0","0","0","1","0","0","0","0","0","0","0","0","0","0","0","0","0","0","0","0","0","0","0","0","0","0","0","0","0","0","0","0","0","0","0","0","0","0","0","0","0","0","0","0","0","0","0","0","0","0","0","0","0","0","0","0","0","0","0","0","0","0","0","0"
"45429","SRR21701333_CLEAN_REPAIRED_minContig2500_bin.10","1","1","0","1","0","0","0","1","1","1","1","1","0","1","1","1","1","0","0","0","1","0","0","0","0","0","0","0","0","0","0","0","0","0","0","0","0","0","0","0","0","0","0","0","0","0","0","0","0","0","0","0","0","0","0","0","0","0","0","0","0","0","0","0","0","0","0","0","0","0","0","0","0","0","0","0","0","0","0","0","0"
"45458","SRR21701334_CLEAN_REPAIRED_minContig2500_bin.4","1","1","0","1","0","0","0","1","1","1","1","1","0","1","1","1","1","0","0","0","1","0","0","0","0","0","0","0","0","0","0","0","0","0","0","0","0","0","0","0","0","0","0","0","0","0","0","0","0","0","0","0","0","0","0","0","0","0","0","0","0","0","0","0","0","0","0","0","0","0","0","0","0","0","0","0","0","0","0","0","0"
"45487","SRR21701335_CLEAN_REPAIRED_minContig2500_bin.8","1","1","0","1","0","0","0","1","1","1","1","1","0","1","1","1","1","0","0","0","1","0","0","0","0","0","0","0","0","0","0","0","0","0","0","0","0","0","0","0","0","0","0","0","0","0","0","0","0","0","0","0","0","0","0","0","0","0","0","0","0","0","0","0","0","0","0","0","0","0","0","0","0","0","0","0","0","0","0","0","0"
"45516","SRR21701339_CLEAN_REPAIRED_minContig2500_bin.3","0","0","0","0","0","1","1","1","1","1","1","1","0","1","1","1","1","0","1","0","0","0","0","1","1","1","1","1","1","1","1","0","0","0","0","0","0","0","0","0","0","0","0","0","0","0","0","0","0","0","0","0","0","0","0","0","0","0","0","0","0","0","0","0","0","0","0","0","0","0","0","0","0","0","0","0","0","0","0","0","0"
"45552","SRR21701340_CLEAN_REPAIRED_minContig2500_bin.2","0","0","0","0","0","1","1","1","1","1","1","1","0","1","1","1","1","0","1","0","0","0","0","1","1","1","1","1","1","1","1","0","0","0","0","0","0","0","0","0","0","0","0","0","0","0","0","0","0","0","0","0","0","0","0","0","0","0","0","0","0","0","0","0","0","0","0","0","0","0","0","0","0","0","0","0","0","0","0","0","0"
"45585","SRR21701345_CLEAN_REPAIRED_minContig2500_bin.1","1","1","0","0","1","0","0","1","1","1","1","1","1","1","1","1","1","0","1","1","0","1","0","0","0","0","1","0","0","0","0","0","0","0","0","0","0","0","0","0","0","0","0","0","0","0","0","0","0","0","0","0","0","0","0","0","0","0","0","0","0","0","0","0","0","0","0","0","0","0","0","0","0","0","0","0","0","0","0","0","0"
"45627","SRR21701346_CLEAN_REPAIRED_minContig2500_bin.1","1","1","1","1","1","0","0","1","0","0","1","1","0","1","1","1","0","0","1","1","0","1","0","0","0","0","0","0","0","1","0","0","0","0","0","0","0","0","0","0","0","0","0","0","0","0","0","0","0","0","0","0","0","0","0","0","0","0","0","0","0","0","0","0","0","0","0","0","0","0","0","0","0","0","0","0","0","0","0","0","0"
"45658","SRR21701347_CLEAN_REPAIRED_minContig2500_bin.8","0","0","0","0","0","0","0","1","1","1","1","1","0","0","0","0","0","0","0","0","0","0","0","0","0","0","0","0","0","0","0","0","0","0","0","0","0","0","0","0","0","0","0","0","0","0","0","0","0","0","0","0","0","0","0","0","0","0","0","0","0","0","0","0","0","0","0","0","0","0","0","0","0","0","0","0","0","0","0","0","0"
"45670","SRR21701348_CLEAN_REPAIRED_minContig2500_bin.7","1","1","0","1","0","0","0","1","1","1","1","1","0","1","1","1","0","0","0","0","0","0","0","0","0","0","0","0","0","0","0","0","0","0","0","0","0","0","0","0","0","0","0","0","0","0","0","0","0","0","0","0","0","0","0","0","0","0","0","0","0","0","0","0","0","0","0","0","0","0","0","0","0","0","0","0","0","0","0","0","0"
"45695","SRR21701349_CLEAN_REPAIRED_minContig2500_bin.4","1","1","0","1","0","0","0","1","1","1","1","1","0","1","1","1","0","0","0","0","0","0","0","0","0","0","0","0","0","0","0","0","0","0","0","0","0","0","0","0","0","0","0","0","0","0","0","0","0","0","0","0","0","0","0","0","0","0","0","0","0","0","0","0","0","0","0","0","0","0","0","0","0","0","0","0","0","0","0","0","0"
"45720","SRR21701351_CLEAN_REPAIRED_minContig2500_bin.3","1","1","0","1","0","0","0","1","1","1","1","1","0","1","1","1","1","0","1","0","1","0","0","0","0","0","0","0","0","1","1","1","1","1","1","1","1","1","1","1","0","0","0","0","0","0","0","0","0","0","0","0","0","0","0","0","0","0","0","0","0","0","0","0","0","0","0","0","0","0","0","0","0","0","0","0","0","0","0","0","0"
"45786","SRR21701361_CLEAN_REPAIRED_minContig2500_bin.4","0","0","1","0","0","0","0","0","1","1","0","1","0","1","1","1","1","0","1","1","0","0","0","0","0","0","0","0","0","0","0","0","0","0","0","0","0","0","0","0","0","0","0","0","0","0","0","0","0","0","0","0","0","0","0","0","0","0","0","0","0","0","0","0","0","0","0","0","0","0","0","0","0","0","0","0","0","0","0","0","0"
"45812","SRR21701362_CLEAN_REPAIRED_minContig2500_bin.1","1","1","0","1","0","0","0","1","1","1","1","1","0","1","1","1","1","0","1","0","1","0","0","0","0","0","0","0","0","1","1","1","1","1","1","1","1","1","1","1","0","0","0","1","0","0","0","0","0","0","0","0","0","0","0","0","0","0","0","0","0","0","0","0","0","0","0","0","0","0","0","0","0","0","0","0","0","0","0","0","0"
"45876","SRR21701363_CLEAN_REPAIRED_minContig2500_bin.1","1","1","0","1","0","0","0","1","1","1","1","1","0","1","1","1","1","0","1","0","0","0","1","0","0","0","0","0","0","0","0","0","0","0","0","0","0","0","0","0","0","0","0","0","0","0","0","0","0","0","0","0","0","0","0","0","0","0","0","0","0","0","0","0","0","0","0","0","0","0","0","0","0","0","0","0","0","0","0","0","0"
"45909","SRR21701364_CLEAN_REPAIRED_minContig2500_bin.2","1","1","0","1","0","0","0","1","1","1","1","1","0","1","1","1","1","0","1","0","0","0","1","0","0","0","0","0","0","0","0","0","0","0","0","0","0","0","0","0","0","0","0","0","0","0","0","0","0","0","0","0","0","0","0","0","0","0","0","0","0","0","0","0","0","0","0","0","0","0","0","0","0","0","0","0","0","0","0","0","0"
"45947","SRR21701365_CLEAN_REPAIRED_minContig2500_bin.3","1","1","0","1","0","0","0","1","1","1","1","1","0","1","1","1","1","0","1","0","1","0","1","0","0","0","0","0","0","0","0","0","0","0","0","0","0","0","0","0","0","0","0","0","0","0","0","0","0","0","0","0","0","0","0","0","0","0","0","0","0","0","0","0","0","0","0","0","0","0","0","0","0","0","0","0","0","0","0","0","0"
"45988","SRR21701366_CLEAN_REPAIRED_minContig2500_bin.2","1","1","0","1","0","0","0","1","1","1","1","1","0","1","1","1","1","0","1","0","1","0","1","0","0","0","0","0","0","0","0","0","0","0","0","0","0","0","0","0","0","0","0","0","0","0","0","0","0","0","0","0","0","0","0","0","0","0","0","0","0","0","0","0","0","0","0","0","0","0","0","0","0","0","0","0","0","0","0","0","0"
"46021","SRR21701367_CLEAN_REPAIRED_minContig2500_bin.8","1","1","0","1","0","0","0","1","1","1","1","1","0","1","1","1","1","0","1","0","0","0","1","0","0","0","0","0","0","0","0","0","0","0","0","0","0","0","0","0","0","0","0","0","0","0","0","0","0","0","0","0","0","0","0","0","0","0","0","0","0","0","0","0","0","0","0","0","0","0","0","0","0","0","0","0","0","0","0","0","0"
"46059","SRR21701368_CLEAN_REPAIRED_minContig2500_bin.1","1","1","0","1","0","0","0","1","1","1","1","1","0","1","1","1","1","0","1","0","1","0","1","0","0","0","0","0","0","0","0","1","0","0","0","0","0","0","0","0","0","0","0","0","0","0","0","0","0","0","0","0","0","0","0","0","0","0","0","0","0","0","0","0","0","0","0","0","0","0","0","0","0","0","0","0","0","0","0","0","0"
"46108","SRR21701373_CLEAN_REPAIRED_minContig2500_bin.4","1","1","0","1","0","0","0","1","1","1","1","1","0","1","1","1","1","0","1","0","1","0","0","0","0","0","0","0","0","1","1","1","1","1","1","1","1","1","1","1","0","0","0","1","0","0","0","0","0","0","0","0","0","0","0","0","0","0","0","0","0","0","0","0","0","0","0","0","0","0","0","0","0","0","0","0","0","0","0","0","0"
"46175","SRR21701387_CLEAN_REPAIRED_minContig2500_bin.10","1","1","1","1","1","0","0","1","1","1","1","1","1","1","1","1","1","0","1","1","0","1","0","0","0","0","0","0","0","0","0","0","0","0","0","0","0","0","0","0","0","0","0","0","0","0","0","0","0","0","0","0","0","0","0","0","0","0","0","0","0","0","0","0","0","0","0","0","0","0","0","0","0","0","0","0","0","0","0","0","0"
"46217","SRR21701389_CLEAN_REPAIRED_minContig2500_bin.7","1","1","1","1","1","0","0","1","1","1","1","1","1","1","1","1","1","0","1","1","0","1","0","0","0","0","0","0","0","0","0","0","0","0","0","0","0","0","0","0","0","0","0","0","0","0","0","0","0","0","0","0","0","0","0","0","0","0","0","0","0","0","0","0","0","0","0","0","0","0","0","0","0","0","0","0","0","0","0","0","0"
"46260","SRR21701390_CLEAN_REPAIRED_minContig2500_bin.5","1","1","1","1","1","0","0","1","1","1","1","1","1","1","1","1","1","0","1","1","0","1","0","0","0","0","0","0","0","0","0","0","0","0","0","0","0","0","0","0","0","0","0","0","0","0","0","0","0","0","0","0","0","0","0","0","0","0","0","0","0","0","0","0","0","0","0","0","0","0","0","0","0","0","0","0","0","0","0","0","0"
"46305","SRR21701391_CLEAN_REPAIRED_minContig2500_bin.3","1","1","1","1","1","0","0","1","1","1","1","1","1","1","1","1","1","0","1","1","0","1","0","0","0","0","0","0","0","0","0","0","0","0","0","0","0","0","0","0","0","0","0","0","0","0","0","0","0","0","0","0","0","0","0","0","0","0","0","0","0","0","0","0","0","0","0","0","0","0","0","0","0","0","0","0","0","0","0","0","0"
"46350","SRR21701392_CLEAN_REPAIRED_minContig2500_bin.5","1","1","1","1","0","0","0","1","1","1","1","1","1","1","1","1","1","0","1","1","0","0","0","0","0","0","0","0","0","0","0","0","0","0","0","0","0","0","0","0","0","0","0","0","0","0","0","0","0","0","0","0","0","0","0","0","0","0","0","0","0","0","0","0","0","0","0","0","0","0","0","0","0","0","0","0","0","0","0","0","0"
"46393","SRR21701393_CLEAN_REPAIRED_minContig2500_bin.4","1","1","1","1","1","0","0","1","1","1","1","1","1","1","1","1","1","0","1","1","0","1","0","0","0","0","0","0","0","0","0","0","0","0","0","0","0","0","0","0","0","0","0","0","0","0","0","0","0","0","0","0","0","0","0","0","0","0","0","0","0","0","0","0","0","0","0","0","0","0","0","0","0","0","0","0","0","0","0","0","0"
"46435","SRR21701394_CLEAN_REPAIRED_minContig2500_bin.2","1","1","0","1","1","0","0","1","1","1","1","1","1","1","1","1","1","0","1","0","0","1","0","0","0","0","0","0","0","1","0","0","0","0","0","0","0","0","0","0","0","0","0","0","0","0","0","0","0","0","0","0","0","0","0","0","0","0","0","0","0","0","0","0","0","0","0","0","0","0","0","0","0","0","0","0","0","0","0","0","0"
"46482","SRR21701395_CLEAN_REPAIRED_minContig2500_bin.4","1","1","0","1","1","0","0","1","1","1","0","0","1","1","1","1","1","0","0","0","0","1","0","0","0","0","0","0","0","1","0","0","0","0","0","0","0","0","0","0","0","1","0","0","0","0","0","0","0","0","0","0","0","0","0","0","0","0","0","0","0","0","0","0","0","0","0","0","0","0","0","0","0","0","0","0","0","0","0","0","0"
"46522","SRR21701396_CLEAN_REPAIRED_minContig2500_bin.2","1","1","0","1","1","0","1","1","1","1","1","1","1","1","1","1","1","0","0","0","0","1","0","0","0","0","0","0","0","1","0","0","0","0","0","0","0","0","0","0","0","0","0","0","0","0","0","0","0","0","0","0","0","0","0","0","0","0","0","0","0","0","0","0","0","0","0","0","0","0","0","0","0","0","0","0","0","0","0","0","0"
"46567","SRR21701398_CLEAN_REPAIRED_minContig2500_bin.1","0","0","1","1","0","0","0","0","0","1","1","1","1","1","1","1","0","0","0","0","0","0","0","0","0","0","0","0","0","1","0","0","0","0","0","0","0","0","0","0","0","0","0","0","0","0","0","0","0","0","0","0","0","0","0","0","0","0","0","0","0","0","0","0","0","0","0","0","0","0","0","0","0","0","0","0","0","0","0","0","0"
"46587","SRR21701399_CLEAN_REPAIRED_minContig2500_bin.7","1","1","0","1","1","0","0","1","1","1","1","1","1","1","1","1","1","0","1","0","0","1","0","0","0","0","0","0","0","1","0","0","0","0","0","0","0","0","0","0","0","0","0","0","0","0","0","0","0","0","0","0","0","0","0","0","0","0","0","0","0","0","0","0","0","0","0","0","0","0","0","0","0","0","0","0","0","0","0","0","0"
"46634","SRR21701400_CLEAN_REPAIRED_minContig2500_bin.4","1","1","0","1","1","0","0","1","1","1","1","1","1","1","1","1","1","0","1","0","0","1","0","0","0","0","0","0","0","1","0","0","0","0","0","0","0","0","0","0","0","0","0","0","0","0","0","0","0","0","0","0","0","0","0","0","0","0","0","0","0","0","0","0","0","0","0","0","0","0","0","0","0","0","0","0","0","0","0","0","0"
"46677","SRR21701401_CLEAN_REPAIRED_minContig2500_bin.3","1","1","0","1","1","0","1","1","1","1","1","1","1","1","1","1","1","0","1","0","0","1","0","0","0","0","0","1","0","1","0","0","0","0","0","0","0","0","0","0","0","0","0","0","0","0","0","0","0","0","0","0","0","0","0","0","0","0","0","0","0","0","0","0","0","0","0","0","0","0","0","0","0","0","0","0","0","0","0","0","0"
"46720","SRR21701406_CLEAN_REPAIRED_minContig2500_bin.1","1","1","0","1","1","0","0","1","1","1","1","1","1","1","1","1","1","0","0","0","0","1","0","0","0","0","0","0","0","1","0","0","0","0","0","0","0","0","0","0","0","0","0","0","0","0","0","0","0","0","0","0","0","0","0","0","0","0","0","0","0","0","0","0","0","0","0","0","0","0","0","0","0","0","0","0","0","0","0","0","0"
"46761","SRR21701419_CLEAN_REPAIRED_minContig2500_bin.4","1","1","0","0","1","0","0","1","1","1","1","1","1","1","1","1","1","0","0","1","0","1","1","0","0","0","0","0","0","0","0","0","0","0","0","0","0","0","0","0","0","0","0","0","0","0","0","0","0","0","0","0","0","0","0","0","0","0","0","0","0","0","0","0","0","0","0","0","0","0","0","0","0","0","0","0","0","0","0","0","0"
"46797","SRR21701420_CLEAN_REPAIRED_minContig2500_bin.4","1","1","0","0","1","0","0","1","1","1","1","1","1","1","1","1","1","0","0","1","0","1","1","0","0","0","0","0","0","0","0","0","0","0","0","0","0","0","0","0","0","0","0","0","0","0","0","0","0","0","0","0","0","0","0","0","0","0","0","0","0","0","0","0","0","0","0","0","0","0","0","0","0","0","0","0","0","0","0","0","0"
"46832","SRR21701421_CLEAN_REPAIRED_minContig2500_bin.4","1","1","0","0","0","0","0","1","1","1","1","1","1","1","1","1","0","0","0","1","0","1","0","0","0","0","0","0","0","0","0","0","0","0","0","0","0","0","0","0","0","1","0","0","0","0","0","0","0","0","0","0","0","0","0","0","0","0","0","0","0","0","0","0","0","0","0","0","0","0","0","0","0","0","0","0","0","0","0","0","0"
"46864","SRR3131694_CLEAN_REPAIRED_minContig2500_bin.2","1","1","1","1","1","0","0","1","1","1","1","1","1","1","1","1","1","0","1","1","0","1","0","0","0","0","0","0","0","0","0","1","0","0","0","0","0","0","0","0","0","0","0","0","0","0","0","0","0","0","0","0","0","0","0","0","0","0","0","0","0","0","0","0","0","0","0","0","0","0","0","0","0","0","0","0","0","0","0","0","0"
"46913","SRR3131704_CLEAN_REPAIRED_minContig2500_bin.1","0","0","0","0","0","1","1","1","1","1","1","1","0","1","1","1","1","0","1","0","0","0","0","1","1","1","1","1","1","1","1","0","0","0","0","0","0","0","0","0","0","0","0","0","0","0","0","0","0","0","0","0","0","0","0","0","0","0","0","0","0","0","0","0","0","0","0","0","0","0","0","0","0","0","0","0","0","0","0","0","0"
"46949","SRR3131710_CLEAN_REPAIRED_minContig2500_bin.7","0","0","0","0","0","1","1","1","1","1","1","1","0","1","1","1","1","0","1","0","0","0","0","1","1","1","1","0","1","1","0","0","0","0","0","0","0","0","0","0","0","0","0","0","0","0","0","0","0","0","0","0","0","0","0","0","0","0","0","0","0","0","0","0","0","0","0","0","0","0","0","0","0","0","0","0","0","0","0","0","0"
"46986","SRR3131714_CLEAN_REPAIRED_minContig2500_bin.5","1","1","1","1","1","1","1","1","1","1","1","1","1","1","1","1","1","0","0","0","0","1","0","1","1","1","1","0","0","0","0","0","0","0","0","0","0","0","0","0","0","0","0","0","0","0","0","0","0","0","0","0","0","0","0","0","0","0","0","0","0","0","0","0","0","0","0","0","0","0","0","0","0","0","0","0","0","0","0","0","0"
"47028","SRR3131716_CLEAN_REPAIRED_minContig2500_bin.3","0","0","1","0","0","0","0","1","1","1","1","1","1","1","1","1","1","0","1","1","0","0","1","0","0","0","0","0","0","0","0","0","0","0","0","0","0","0","0","0","0","0","0","0","0","0","0","0","0","0","0","0","0","0","0","0","0","0","0","0","0","0","0","0","0","0","0","0","0","0","0","0","0","0","0","0","0","0","0","0","0"
"47072","SRR3131718_CLEAN_REPAIRED_minContig2500_bin.3","1","1","0","1","0","0","0","1","0","0","1","1","0","1","1","1","1","0","1","0","0","0","0","0","0","0","0","0","0","1","0","0","0","0","0","0","0","0","0","0","0","1","0","0","0","0","0","0","0","0","0","0","0","0","0","0","0","0","0","0","0","0","0","0","0","0","0","0","0","0","0","0","0","0","0","0","0","0","0","0","0"
"47100","SRR3131726_CLEAN_REPAIRED_minContig2500_bin.2","1","1","0","1","0","0","0","1","1","1","1","1","1","1","1","1","1","0","0","1","0","0","0","0","0","0","0","0","0","0","0","0","0","0","0","0","0","0","0","0","1","0","0","0","0","0","0","0","0","0","0","0","0","0","0","0","0","0","0","0","0","0","0","0","0","0","0","0","0","0","0","0","0","0","0","0","0","0","0","0","0"
"47132","SRR3131728_CLEAN_REPAIRED_minContig2500_bin.2","1","1","1","1","1","0","0","1","1","1","1","1","1","1","1","1","1","0","1","1","0","1","0","0","0","0","0","0","0","0","0","0","0","0","0","0","0","0","0","0","0","0","0","0","0","0","0","0","0","0","0","0","0","0","0","0","0","0","0","0","0","0","0","0","0","0","0","0","0","0","0","0","0","0","0","0","0","0","0","0","0"
"47179","SRR3131730_CLEAN_REPAIRED_minContig2500_bin.3","1","1","0","1","0","1","1","1","1","1","1","1","0","1","1","1","1","0","1","0","1","0","0","0","1","0","0","1","0","0","0","0","0","0","0","0","0","0","0","0","0","0","0","0","0","0","0","0","0","0","0","0","0","0","0","0","0","0","0","0","0","0","0","0","0","0","0","0","0","0","0","0","0","0","0","0","0","0","0","0","0"
"47215","SRR3131734_CLEAN_REPAIRED_minContig2500_bin.5","0","0","0","0","0","1","1","1","1","0","1","1","0","1","1","1","1","0","1","1","1","0","0","1","1","1","1","0","1","0","0","0","0","0","0","0","0","0","0","0","0","1","1","0","0","0","0","0","0","0","0","0","0","0","0","0","0","0","0","0","0","0","0","0","0","0","0","0","0","0","0","0","0","0","0","0","0","0","0","0","0"
"47261","SRR3131738_CLEAN_REPAIRED_minContig2500_bin.2","1","1","0","1","0","0","0","1","1","1","1","1","0","1","1","1","1","0","1","0","0","0","0","0","0","0","0","0","0","1","0","0","0","0","0","0","0","0","0","0","0","0","0","0","0","0","0","0","0","0","0","0","0","0","0","0","0","0","0","0","0","0","0","0","0","0","0","0","0","0","0","0","0","0","0","0","0","0","0","0","0"
"47292","SRR3131744_CLEAN_REPAIRED_minContig2500_bin.5","1","0","1","1","0","0","0","1","0","0","1","0","1","1","1","1","0","0","1","0","0","0","0","0","0","0","0","0","0","0","0","0","0","0","0","0","0","0","0","0","0","0","0","0","0","0","0","0","0","0","0","0","0","0","0","0","0","0","0","0","0","0","0","0","0","0","0","0","0","0","0","0","0","0","0","0","0","0","0","0","0"
"47312","SRR3131746_CLEAN_REPAIRED_minContig2500_bin.8","1","1","1","1","1","0","0","1","1","1","1","1","1","1","1","1","1","0","0","0","0","1","0","0","0","0","0","0","0","0","0","0","0","0","0","0","0","0","0","0","0","0","0","0","0","0","0","0","0","0","0","0","0","0","0","0","0","0","0","0","0","0","0","0","0","0","0","0","0","0","0","0","0","0","0","0","0","0","0","0","0"
"47351","SRR3131758_CLEAN_REPAIRED_minContig2500_bin.5","1","1","1","1","1","0","0","1","1","1","0","1","0","1","1","1","1","0","1","1","0","1","0","0","0","0","0","0","0","0","0","0","0","0","0","0","0","0","0","0","0","0","0","0","0","0","0","0","0","0","0","0","0","0","0","0","1","0","0","0","0","0","0","0","0","0","0","0","0","0","0","0","0","0","0","0","0","0","0","0","0"
"47390","SRR3131762_CLEAN_REPAIRED_minContig2500_bin.3","1","1","0","1","1","1","1","1","1","1","1","1","1","1","1","1","1","0","0","0","0","1","0","1","0","0","0","1","1","0","0","0","0","0","0","0","0","0","0","0","0","0","1","0","0","0","0","0","0","0","0","0","0","0","0","0","0","0","0","0","0","0","0","0","0","0","0","0","0","0","0","0","0","0","0","0","0","0","0","0","0"
"47431","SRR3131764_CLEAN_REPAIRED_minContig2500_bin.1","1","1","1","1","0","0","0","1","1","1","1","1","1","1","1","1","1","1","1","1","1","0","0","0","0","0","0","0","0","0","0","0","0","0","0","0","0","0","0","0","0","0","0","0","0","0","0","0","0","0","0","0","0","0","0","0","0","0","0","0","0","0","0","0","0","0","0","0","0","0","0","0","0","0","0","0","0","0","0","0","0"
"47476","SRR3131768_CLEAN_REPAIRED_minContig2500_bin.5","1","1","0","1","1","0","0","1","1","1","1","1","1","1","1","1","1","0","1","0","0","1","1","0","0","0","0","0","0","0","0","0","0","0","0","0","0","0","0","0","0","0","0","0","0","0","0","0","1","0","0","0","0","0","0","0","0","0","0","0","0","0","0","0","0","0","0","0","0","0","0","0","0","0","0","0","0","0","0","0","0"
"47516","SRR3131770_CLEAN_REPAIRED_minContig2500_bin.5","1","1","0","1","0","0","0","1","1","1","1","1","0","1","1","1","1","0","1","0","0","0","0","0","0","0","0","0","0","0","0","0","0","0","0","0","0","0","0","0","0","0","0","0","0","0","0","0","0","0","0","0","0","0","0","0","0","1","0","0","0","0","0","0","0","0","0","0","0","0","0","0","0","0","0","0","0","0","0","0","0"
"47550","SRR3131774_CLEAN_REPAIRED_minContig2500_bin.1","1","1","0","1","0","0","0","1","1","1","1","1","0","1","1","1","1","0","0","0","1","0","0","0","0","0","0","0","0","0","0","0","0","0","0","0","0","0","0","0","0","0","0","0","0","0","0","0","0","0","0","0","0","0","0","0","0","0","0","0","0","0","0","0","0","0","0","0","0","0","0","0","0","0","0","0","0","0","0","0","0"
"47579","SRR3131782_CLEAN_REPAIRED_minContig2500_bin.9","1","1","0","1","0","0","0","1","1","1","1","1","0","1","1","1","1","0","1","0","0","0","0","0","0","0","0","0","0","1","0","0","0","0","0","0","0","0","0","0","0","0","0","1","0","0","0","0","0","0","0","0","0","0","0","0","0","0","0","0","0","0","0","0","0","0","0","0","0","0","0","0","0","0","0","0","0","0","0","0","0"
"47613","SRR3131788_CLEAN_REPAIRED_minContig2500_bin.3","0","0","0","0","0","1","1","1","1","1","1","1","0","1","1","1","1","0","1","0","0","0","0","1","1","1","1","1","1","1","1","0","0","0","0","0","0","0","0","0","0","0","0","0","0","0","0","0","0","0","0","0","0","0","0","0","0","0","0","0","0","0","0","0","0","0","0","0","0","0","0","0","0","0","0","0","0","0","0","0","0"
"47652","SRR3131790_CLEAN_REPAIRED_minContig2500_bin.4","1","1","1","1","0","0","1","1","0","0","1","1","1","1","1","1","1","0","1","0","0","0","0","1","1","1","0","1","1","0","0","0","0","0","0","0","0","0","0","0","0","0","1","0","0","0","0","0","0","0","0","0","0","0","0","0","0","0","0","0","0","0","0","0","0","0","0","0","0","0","0","0","0","0","0","0","0","0","0","0","0"
"47693","SRR3131792_CLEAN_REPAIRED_minContig2500_bin.1","1","0","0","1","0","0","0","1","1","1","1","0","1","1","1","1","1","0","1","0","1","0","0","0","0","0","0","0","0","0","0","0","0","0","0","0","0","0","0","0","0","0","0","0","0","0","0","0","0","0","0","0","0","0","0","0","0","0","0","0","0","0","0","0","0","0","0","0","0","0","0","0","0","0","0","0","0","0","0","0","0"
"47727","SRR3131802_CLEAN_REPAIRED_minContig2500_bin.5","0","0","0","0","0","0","0","1","1","1","1","1","0","1","1","1","1","0","1","1","0","0","0","0","0","0","0","0","0","0","0","0","0","0","0","0","0","0","0","0","0","0","0","0","0","0","0","0","0","0","0","0","0","0","0","0","0","0","0","0","0","0","0","0","0","0","0","0","0","0","0","0","0","0","0","0","0","0","0","0","0"
"47756","SRR3131806_CLEAN_REPAIRED_minContig2500_bin.6","1","1","0","1","0","0","0","1","0","0","0","1","1","1","1","1","1","0","1","0","0","0","0","0","0","0","0","0","0","0","0","0","0","0","0","0","0","0","0","0","0","0","0","0","0","0","0","0","0","0","0","0","0","0","0","0","0","0","0","0","0","0","0","0","0","0","0","0","0","0","0","0","0","0","0","0","0","0","0","0","0"
"47782","SRR3131812_CLEAN_REPAIRED_minContig2500_bin.2","1","1","0","1","0","0","0","1","1","1","1","1","1","1","1","1","1","0","1","1","0","0","0","0","0","0","0","0","0","0","0","0","0","0","0","0","0","0","0","0","0","0","0","0","0","0","0","0","0","0","0","0","0","0","0","0","0","0","0","0","0","0","0","0","0","0","0","0","0","0","0","0","0","0","0","0","0","0","0","0","0"
"47815","SRR3131816_CLEAN_REPAIRED_minContig2500_bin.4","1","0","0","1","0","0","0","1","0","0","0","1","0","0","1","1","0","0","0","0","0","0","0","0","0","0","0","0","0","0","0","0","0","0","0","0","0","0","0","0","0","0","0","0","0","0","0","0","0","0","0","0","0","0","0","0","0","0","0","0","0","0","0","0","0","0","0","0","0","0","0","0","0","0","0","0","0","0","0","0","0"
"47827","SRR3131818_CLEAN_REPAIRED_minContig2500_bin.4","0","0","0","0","0","1","1","1","1","1","1","1","0","1","1","1","1","0","1","0","0","0","0","1","1","1","1","1","1","1","1","0","0","0","0","0","0","0","0","0","0","0","0","0","0","0","0","0","0","0","0","0","0","0","0","0","0","0","0","0","0","0","0","0","0","0","0","0","0","0","0","0","0","0","0","0","0","0","0","0","0"
"47865","SRR3131820_CLEAN_REPAIRED_minContig2500_bin.4","1","1","0","1","0","0","0","1","1","1","1","1","1","0","0","0","0","0","1","1","1","0","0","0","0","0","0","0","0","0","0","0","0","0","0","0","0","0","0","0","1","0","0","0","0","0","0","0","0","0","0","0","0","0","0","0","0","0","0","0","0","0","0","0","0","0","0","0","0","0","0","0","0","0","0","0","0","0","0","0","0"
"47895","SRR3131822_CLEAN_REPAIRED_minContig2500_bin.1","1","1","1","1","1","1","1","1","1","1","1","1","1","1","1","1","1","0","1","0","0","1","0","1","1","1","1","0","0","0","0","0","0","0","0","0","0","0","0","0","0","0","0","0","0","0","0","0","0","0","0","0","0","0","0","0","0","0","0","0","0","0","0","0","0","0","0","0","0","0","0","0","0","0","0","0","0","0","0","0","0"
"47939","SRR3131824_CLEAN_REPAIRED_minContig2500_bin.1","1","1","0","1","1","1","1","1","1","1","1","1","1","1","1","1","1","0","0","0","0","1","0","1","0","0","0","1","1","0","0","0","0","0","0","0","0","0","0","0","0","0","1","0","0","0","0","0","0","0","0","0","0","0","0","0","0","0","0","0","0","0","0","0","0","0","0","0","0","0","0","0","0","0","0","0","0","0","0","0","0"
"47980","SRR3131832_CLEAN_REPAIRED_minContig2500_bin.2","1","1","1","1","0","0","0","1","1","1","1","1","1","1","1","1","1","0","1","1","0","0","0","0","0","0","0","0","0","0","0","0","0","0","0","0","0","0","0","0","0","0","0","0","0","0","0","0","0","0","0","0","0","0","0","0","0","0","0","0","0","0","0","0","0","0","0","0","0","0","0","0","0","0","0","0","0","0","0","0","0"
"48017","SRR3131836_CLEAN_REPAIRED_minContig2500_bin.7","1","1","0","1","1","0","1","1","1","1","1","1","1","1","1","1","1","0","0","0","0","1","0","1","1","1","0","1","1","0","0","0","0","0","0","0","0","0","0","0","0","0","0","0","0","0","0","0","0","0","0","0","0","0","0","0","0","0","0","0","0","0","0","0","0","0","0","0","0","0","0","0","0","0","0","0","0","0","0","0","0"
"48059","SRR3131842_CLEAN_REPAIRED_minContig2500_bin.2","1","1","0","1","0","0","0","1","0","1","1","1","1","1","0","1","0","0","1","0","0","0","0","0","0","0","0","0","0","0","0","0","0","0","0","0","0","0","0","0","0","0","0","0","0","0","0","0","0","0","0","0","0","0","0","0","0","0","1","1","0","0","0","0","0","0","0","0","0","0","0","0","0","0","0","0","0","0","0","0","0"
"48096","SRR3131854_CLEAN_REPAIRED_minContig2500_bin.4","1","1","1","0","0","0","0","1","1","1","1","1","1","1","1","1","1","0","1","1","0","0","0","0","0","0","0","0","0","1","0","0","0","0","0","0","0","0","0","0","0","0","0","0","0","0","0","0","0","0","0","0","0","0","0","0","0","0","0","0","0","0","0","0","0","0","0","0","0","0","0","0","0","0","0","0","0","0","0","0","0"
"48136","SRR3131860_CLEAN_REPAIRED_minContig2500_bin.5","1","0","0","1","0","0","0","1","1","1","1","1","1","1","1","1","1","0","1","1","1","0","0","0","0","0","0","0","0","0","0","0","0","1","0","0","0","1","1","1","0","0","0","0","0","0","0","0","0","0","0","0","0","0","0","1","0","0","0","0","1","0","0","0","0","0","0","0","0","0","0","0","0","0","0","0","0","0","0","0","0"
"48178","SRR3131862_CLEAN_REPAIRED_minContig2500_bin.3","1","1","0","1","0","0","0","1","1","1","1","1","0","1","1","1","1","0","1","0","1","0","0","0","0","0","0","0","0","1","0","0","0","0","0","0","0","0","0","0","0","0","0","0","0","0","0","0","0","0","0","0","0","0","0","0","0","0","0","0","0","0","0","0","0","0","0","0","0","0","0","0","0","0","0","0","0","0","0","0","0"
"48210","SRR3131864_CLEAN_REPAIRED_minContig2500_bin.1","1","1","1","1","1","0","0","1","1","1","1","1","1","1","1","1","1","0","1","1","0","1","0","0","0","0","0","0","0","0","0","0","0","0","0","0","0","0","0","0","0","0","0","0","0","0","0","0","0","0","0","0","0","0","0","0","0","0","0","0","0","0","0","0","0","0","0","0","0","0","0","0","0","0","0","0","0","0","0","0","0"
"48251","SRR3131866_CLEAN_REPAIRED_minContig2500_bin.3","1","1","0","1","0","0","0","1","1","1","1","1","0","1","1","1","1","0","0","0","1","0","0","0","0","0","0","0","0","0","0","0","0","0","0","0","0","0","0","0","0","0","0","0","0","0","0","0","0","0","0","0","0","0","0","0","0","0","0","0","0","0","0","0","0","0","0","0","0","0","0","0","0","0","0","0","0","0","0","0","0"
"48280","SRR3131868_CLEAN_REPAIRED_minContig2500_bin.4","0","0","0","0","0","1","1","1","1","1","1","1","0","1","1","1","1","0","1","0","0","0","0","1","1","1","1","1","1","1","0","0","0","0","0","0","0","0","0","0","0","0","0","0","0","0","0","0","0","0","0","0","0","0","0","0","0","0","0","0","0","0","0","0","0","0","0","0","0","0","0","0","0","0","0","0","0","0","0","0","0"
"48313","SRR3131872_CLEAN_REPAIRED_minContig2500_bin.3","0","0","0","0","0","0","0","1","1","1","1","1","0","1","1","1","1","0","1","0","0","0","0","0","0","0","0","0","0","1","1","0","0","0","0","0","0","0","0","0","0","0","0","0","0","0","0","0","0","0","0","0","0","0","0","0","0","0","0","0","0","0","0","0","0","0","0","0","0","0","0","0","0","0","0","0","0","0","0","0","0"
"48339","SRR3131878_CLEAN_REPAIRED_minContig2500_bin.4","1","1","0","1","0","0","0","1","1","1","1","1","0","1","1","1","1","0","0","0","1","0","0","0","0","0","0","0","0","0","0","0","0","0","0","0","0","0","0","0","0","0","0","0","0","0","0","0","0","0","0","0","0","0","0","0","0","0","0","0","0","0","0","0","0","0","0","0","0","0","0","0","0","0","0","0","0","0","0","0","0"
"48368","SRR3131886_CLEAN_REPAIRED_minContig2500_bin.5","1","0","0","1","0","0","0","0","1","1","1","1","1","1","1","1","1","0","1","1","0","0","0","0","0","0","0","0","0","0","0","0","0","0","0","0","0","0","0","0","0","0","0","0","0","0","0","0","0","0","0","0","0","0","0","0","0","0","0","0","0","0","0","0","0","0","0","0","0","0","0","0","0","0","0","0","0","0","0","0","0"
"48401","SRR3131890_CLEAN_REPAIRED_minContig2500_bin.1","1","1","1","1","0","0","0","1","1","1","1","1","1","1","1","1","1","0","1","1","0","0","0","0","0","0","0","0","0","0","0","0","0","0","0","0","0","0","0","0","0","0","0","0","0","0","0","0","0","0","0","0","0","0","0","0","0","0","0","0","0","0","0","0","0","0","0","0","0","0","0","0","0","0","0","0","0","0","0","0","0"
"48442","SRR3131896_CLEAN_REPAIRED_minContig2500_bin.4","1","1","0","1","1","0","1","1","1","1","1","1","1","1","1","1","1","0","0","0","0","1","0","1","0","1","0","1","1","0","0","0","0","0","0","0","0","0","0","0","0","0","0","0","0","0","0","0","0","0","0","0","0","0","0","0","0","0","0","0","0","0","0","0","0","0","0","0","0","0","0","0","0","0","0","0","0","0","0","0","0"
"48483","SRR3131899_CLEAN_REPAIRED_minContig2500_bin.1","1","1","1","1","1","1","1","1","1","1","1","1","1","1","1","1","1","0","1","0","0","1","0","1","1","1","1","0","0","0","0","0","0","0","0","0","0","0","0","0","0","0","0","0","0","0","0","0","0","0","0","0","0","0","0","0","0","0","0","0","0","0","0","0","0","0","0","0","0","0","0","0","0","0","0","0","0","0","0","0","0"
"48527","SRR3131907_CLEAN_REPAIRED_minContig2500_bin.3","1","1","0","1","0","0","0","1","1","1","1","1","0","1","1","1","1","0","0","0","0","0","0","0","0","0","0","0","0","0","0","0","0","0","0","0","0","0","0","0","0","0","0","0","0","0","0","0","0","0","0","0","0","0","0","0","0","0","0","0","0","0","0","0","0","0","0","0","0","0","0","0","0","0","0","0","0","0","0","0","0"
"48557","SRR3131913_CLEAN_REPAIRED_minContig2500_bin.9","0","0","0","0","0","1","1","1","1","1","1","1","0","1","1","1","1","0","1","0","0","0","0","1","1","1","1","1","1","1","1","0","0","0","0","0","0","0","0","0","0","0","0","0","0","0","0","0","0","0","0","0","0","0","0","0","0","0","0","0","0","0","0","0","0","0","0","0","0","0","0","0","0","0","0","0","0","0","0","0","0"
"48591","SRR3131915_CLEAN_REPAIRED_minContig2500_bin.2","1","1","1","1","1","1","1","1","1","1","1","1","1","1","1","1","1","0","1","0","0","1","0","1","1","1","1","0","0","0","0","0","0","0","0","0","0","0","0","0","0","0","0","0","0","0","0","0","0","0","0","0","0","0","0","0","0","0","0","0","0","0","0","0","0","0","0","0","0","0","0","0","0","0","0","0","0","0","0","0","0"
"48637","SRR3131921_CLEAN_REPAIRED_minContig2500_bin.1","1","1","1","1","1","0","0","1","1","1","1","1","1","1","1","1","1","0","0","0","0","1","0","0","0","0","0","0","0","0","0","0","0","0","0","0","0","0","0","0","0","0","0","0","0","0","0","0","0","0","0","0","0","0","0","0","0","0","0","0","0","0","0","0","0","0","0","0","0","0","0","0","0","0","0","0","0","0","0","0","0"
"48677","SRR3131923_CLEAN_REPAIRED_minContig2500_bin.2","1","1","1","1","0","0","0","1","1","1","1","1","1","1","1","1","1","0","1","1","0","0","0","0","0","0","0","0","0","0","0","0","0","0","0","0","0","0","0","0","0","0","0","0","0","0","0","0","0","0","0","0","0","0","0","0","0","0","0","0","0","0","0","0","0","0","0","0","0","0","0","0","0","0","0","0","0","0","0","0","0"
"48714","SRR3131931_CLEAN_REPAIRED_minContig2500_bin.1","0","0","0","0","0","0","0","1","1","1","1","1","0","1","1","1","1","0","1","0","0","0","0","1","1","1","0","0","1","1","1","0","0","0","0","0","0","0","0","0","0","0","0","0","0","0","0","0","0","0","0","0","0","0","0","0","0","0","0","0","0","1","0","0","0","0","0","0","0","0","0","0","0","0","0","0","0","0","0","0","0"
"48771","SRR3131933_CLEAN_REPAIRED_minContig2500_bin.2","1","1","0","1","0","1","1","1","1","1","1","1","0","1","1","1","1","0","1","0","1","0","0","0","1","0","0","1","0","0","0","0","0","0","0","0","0","0","0","0","0","0","0","0","0","0","0","0","0","0","0","0","0","0","0","0","0","0","0","0","0","0","0","0","0","0","0","0","0","0","0","0","0","0","0","0","0","0","0","0","0"
"48807","SRR3131935_CLEAN_REPAIRED_minContig2500_bin.2","1","0","0","1","0","0","0","1","1","1","1","1","1","1","1","1","1","0","1","1","0","0","0","0","0","0","0","0","0","0","0","0","0","1","0","0","1","1","1","1","0","0","0","0","0","0","0","0","0","0","0","0","0","0","0","0","0","0","0","0","0","0","0","0","0","0","0","0","0","0","0","0","0","0","0","0","0","0","0","0","0"
"48851","SRR3131937_CLEAN_REPAIRED_minContig2500_bin.11","1","1","0","1","0","0","0","1","0","0","1","1","0","1","1","1","1","0","1","0","0","0","0","0","0","0","0","0","0","0","0","0","0","0","0","0","0","0","0","0","0","0","0","0","0","0","0","0","0","0","0","0","0","0","0","0","0","0","0","0","0","0","0","0","0","0","0","0","0","0","0","0","0","0","0","0","0","0","0","0","0"
"48878","SRR3131945_CLEAN_REPAIRED_minContig2500_bin.4","1","0","0","1","0","0","1","1","1","1","1","1","0","1","1","1","1","1","1","0","1","0","0","0","1","0","0","1","0","0","0","0","0","0","0","0","0","0","0","0","0","0","0","0","0","0","0","0","0","0","0","0","0","0","0","0","0","0","0","0","0","0","1","1","1","1","1","0","0","0","0","0","0","0","0","0","0","0","0","0","0"
"48919","SRR3131947_CLEAN_REPAIRED_minContig2500_bin.2","1","1","1","1","0","0","0","0","1","1","1","1","0","1","1","1","1","0","1","0","0","1","0","0","0","0","0","0","0","0","0","0","0","0","0","0","0","0","0","0","0","0","0","0","0","0","0","0","0","0","0","0","0","0","0","0","0","0","0","0","0","0","0","0","0","0","0","0","0","0","0","0","0","0","0","0","0","0","0","0","0"
"48959","SRR3131967_CLEAN_REPAIRED_minContig2500_bin.2","1","1","1","1","0","0","0","1","1","1","1","1","1","1","1","1","1","1","1","0","1","0","0","0","0","0","0","0","0","0","0","0","0","0","0","0","0","0","0","0","0","0","0","0","0","0","0","0","0","0","0","0","0","0","0","0","0","0","0","0","0","0","0","0","0","0","0","0","0","0","0","0","0","0","0","0","0","0","0","0","0"
"48996","SRR3131975_CLEAN_REPAIRED_minContig2500_bin.2","0","0","0","0","0","0","0","1","1","0","0","1","0","0","1","1","1","0","0","0","1","0","0","0","0","0","0","0","0","0","0","0","0","0","0","0","0","0","0","0","0","0","0","0","0","0","0","0","0","0","0","0","0","0","0","0","0","0","0","0","0","0","0","0","0","0","0","0","0","0","0","0","0","0","0","0","0","0","0","0","0"
"49014","SRR3131993_CLEAN_REPAIRED_minContig2500_bin.4","1","1","0","1","0","0","0","1","1","1","1","1","1","1","1","1","1","0","1","1","1","0","0","0","0","0","0","0","0","0","0","0","0","0","0","0","0","0","0","0","1","0","0","0","0","0","0","0","0","0","0","0","0","0","0","0","0","0","0","0","0","0","0","0","0","0","0","0","0","0","0","0","0","0","0","0","0","0","0","0","0"
"49050","SRR3131995_CLEAN_REPAIRED_minContig2500_bin.1","1","1","0","1","1","1","1","1","1","1","1","1","1","1","1","1","1","0","1","1","0","1","0","0","1","1","0","0","1","0","0","0","0","0","0","0","0","0","0","0","0","0","1","0","0","0","0","0","0","0","0","0","0","0","0","0","0","0","0","0","0","0","0","0","0","0","0","0","0","0","0","0","0","0","0","0","0","0","0","0","0"
"49091","SRR3131997_CLEAN_REPAIRED_minContig2500_bin.2","1","1","0","0","0","0","0","1","1","1","1","0","1","1","1","1","1","0","0","1","0","1","1","0","0","0","0","0","0","0","0","0","0","0","0","0","0","0","0","0","0","0","0","0","0","0","0","0","0","0","0","0","0","0","0","0","0","0","0","0","0","0","0","0","0","0","0","0","0","0","0","0","0","0","0","0","0","0","0","0","0"
"49132","SRR3131999_CLEAN_REPAIRED_minContig2500_bin.5","1","1","0","1","0","0","0","1","1","1","1","1","1","1","1","1","1","0","1","1","1","0","0","0","0","0","0","0","0","0","0","0","0","0","0","0","0","0","0","0","1","0","0","0","0","0","0","0","0","0","0","0","0","0","0","0","0","0","0","0","0","0","0","0","0","0","0","0","0","0","0","0","0","0","0","0","0","0","0","0","0"
"49168","SRR3132005_CLEAN_REPAIRED_minContig2500_bin.8","0","0","0","0","0","1","1","1","1","1","1","1","0","1","1","1","1","0","1","0","0","0","0","1","1","1","1","1","1","1","0","0","0","0","0","0","1","1","1","1","0","0","0","0","0","0","0","0","0","0","0","0","0","0","0","0","0","0","0","0","0","0","0","0","0","0","0","0","0","0","0","0","0","0","0","0","0","0","0","0","0"
"49207","SRR3132021_CLEAN_REPAIRED_minContig2500_bin.2","1","1","1","1","1","0","0","1","1","1","1","1","1","1","1","1","1","0","1","1","0","1","0","0","0","0","0","0","0","0","0","0","0","0","0","0","0","0","0","0","0","0","0","0","0","0","0","0","0","0","0","0","0","0","0","0","0","0","0","0","0","0","0","0","0","0","0","0","0","0","0","0","0","0","0","0","0","0","0","0","0"
"49257","SRR3132025_CLEAN_REPAIRED_minContig2500_bin.6","1","1","1","1","0","0","0","1","1","1","1","1","1","1","1","1","1","0","1","1","0","0","0","0","0","0","0","0","0","0","0","0","0","0","0","0","0","0","0","0","0","0","0","0","0","0","0","0","0","0","0","0","0","0","0","0","0","0","0","0","0","0","0","0","0","0","0","0","0","0","0","0","0","0","0","0","0","0","0","0","0"
"49294","SRR3132029_CLEAN_REPAIRED_minContig2500_bin.7","1","1","0","1","1","0","0","1","1","1","1","1","1","1","1","1","1","0","1","0","1","1","0","0","0","0","0","0","0","0","0","0","0","0","0","0","0","0","0","0","0","0","0","0","0","0","0","0","0","0","0","0","0","0","0","0","0","0","0","0","0","0","0","0","0","0","0","0","0","0","0","0","0","0","0","0","0","0","0","0","0"
"49334","SRR3132031_CLEAN_REPAIRED_minContig2500_bin.1","1","1","0","1","1","0","0","1","1","1","1","1","1","1","1","1","1","0","1","0","0","1","0","0","1","0","0","0","0","0","0","0","0","0","0","0","0","0","0","0","0","1","0","0","0","0","0","0","0","0","0","0","0","0","0","0","0","0","0","0","0","0","0","0","0","0","0","0","0","0","0","0","0","0","0","0","0","0","0","0","0"
"49376","SRR3132039_CLEAN_REPAIRED_minContig2500_bin.1","1","1","0","1","0","0","0","1","1","1","1","1","1","1","1","1","1","0","1","1","1","0","0","0","0","0","0","0","0","0","0","0","0","0","0","0","0","0","0","0","1","0","0","0","0","0","0","0","0","0","0","0","0","0","0","0","0","0","0","0","0","0","0","0","0","0","0","0","0","0","0","0","0","0","0","0","0","0","0","0","0"
"49413","SRR3132049_CLEAN_REPAIRED_minContig2500_bin.2","0","0","0","0","0","0","0","1","0","1","1","1","1","1","1","1","1","0","1","1","1","0","0","0","0","0","0","0","0","0","0","0","0","0","0","0","0","0","0","0","0","0","0","0","0","0","0","0","0","0","0","0","0","0","0","0","0","0","0","0","0","0","0","0","0","0","0","0","0","0","0","0","0","0","0","0","0","0","0","0","0"
"49437","SRR3132057_CLEAN_REPAIRED_minContig2500_bin.2","1","0","0","0","0","0","0","1","1","1","1","1","1","1","1","1","1","0","1","1","0","0","0","0","0","0","0","0","0","0","1","0","0","0","0","0","0","0","0","0","0","0","0","0","0","0","0","0","0","0","0","0","0","0","0","1","0","0","0","0","0","0","0","0","0","0","0","1","0","0","0","0","0","0","0","0","0","0","0","0","0"
"49469","SRR3132061_CLEAN_REPAIRED_minContig2500_bin.4","1","1","0","1","0","0","0","1","1","1","1","1","0","1","1","1","1","0","0","0","1","0","0","0","0","0","0","0","0","0","0","0","0","0","0","0","0","0","0","0","0","0","0","0","0","0","0","0","0","0","0","0","0","0","0","0","0","0","0","0","0","0","0","0","0","0","0","0","0","0","0","0","0","0","0","0","0","0","0","0","0"
"49498","SRR3132063_CLEAN_REPAIRED_minContig2500_bin.1","1","1","1","0","1","0","0","1","1","1","1","1","1","1","1","1","1","0","0","1","0","1","1","0","0","0","0","0","0","0","0","0","0","0","0","0","0","0","0","0","0","0","0","0","0","0","0","0","0","0","0","0","0","0","0","0","0","0","0","0","0","0","0","0","0","0","0","0","0","0","0","0","0","0","0","0","0","0","0","0","0"
"49534","SRR3132067_CLEAN_REPAIRED_minContig2500_bin.2","1","1","0","1","0","0","0","1","1","1","1","1","1","1","1","1","1","0","1","1","1","0","0","0","0","0","0","0","0","0","0","0","0","0","0","0","0","0","0","0","0","0","0","0","0","0","0","0","0","0","0","0","0","0","0","0","0","0","0","0","0","0","0","0","0","0","0","0","0","0","0","0","0","0","0","0","0","0","0","0","0"
"49568","SRR3132071_CLEAN_REPAIRED_minContig2500_bin.6","1","1","1","1","1","0","0","1","1","1","1","1","1","1","1","1","1","0","1","1","0","1","0","0","0","0","0","0","0","0","0","0","0","0","0","0","0","0","0","0","0","0","0","0","0","0","0","0","0","0","0","0","0","0","0","0","0","0","0","0","0","0","0","0","0","0","0","0","0","0","0","0","0","0","0","0","0","0","0","0","0"
"49610","SRR3132075_CLEAN_REPAIRED_minContig2500_bin.2","1","1","0","1","0","0","0","1","1","1","1","1","1","1","1","1","1","0","0","0","0","1","0","0","0","0","0","0","0","1","0","0","0","0","0","0","0","0","0","0","0","0","0","0","0","0","0","0","0","0","0","0","0","0","0","0","0","0","0","0","0","0","0","0","0","0","0","0","0","0","0","0","0","0","0","0","0","0","0","0","0"
"49648","SRR3132077_CLEAN_REPAIRED_minContig2500_bin.1","1","1","1","1","1","0","0","1","1","1","1","1","1","1","1","1","1","0","0","0","0","1","0","0","0","0","0","0","0","0","0","0","0","0","0","0","0","0","0","0","0","0","0","0","0","0","0","0","0","0","0","0","0","0","0","0","0","0","0","0","0","0","0","0","0","0","0","0","0","0","0","0","0","0","0","0","0","0","0","0","0"
"49687","SRR3132079_CLEAN_REPAIRED_minContig2500_bin.3","1","1","1","1","0","0","0","1","1","1","1","1","0","1","1","1","1","0","1","0","0","0","0","0","0","0","0","0","0","1","0","0","0","0","0","0","0","0","0","0","0","0","0","0","0","0","0","0","0","0","0","0","0","0","0","0","0","0","0","0","0","0","0","0","0","0","0","0","0","0","0","0","0","0","0","0","0","0","0","0","0"
"49720","SRR3132081_CLEAN_REPAIRED_minContig2500_bin.1","0","0","0","0","0","1","1","1","1","1","1","1","0","1","1","1","1","0","1","0","0","0","0","1","1","1","1","0","1","1","1","0","0","0","0","0","0","0","0","0","0","0","0","0","0","0","0","0","0","0","0","0","0","0","0","0","0","0","0","0","0","0","0","0","0","0","0","0","0","0","0","0","0","0","0","0","0","0","0","0","0"
"49757","SRR3132085_CLEAN_REPAIRED_minContig2500_bin.6","1","1","0","1","0","0","0","1","1","1","1","1","0","1","1","1","1","0","1","0","1","0","0","0","0","0","0","0","0","1","0","0","0","0","0","0","0","0","0","0","0","0","0","0","0","0","0","0","0","0","0","0","0","0","0","0","0","0","0","0","0","0","0","0","0","0","0","0","0","0","0","0","0","0","0","0","0","0","0","0","0"
"49792","SRR3132087_CLEAN_REPAIRED_minContig2500_bin.2","1","1","0","1","1","0","1","1","1","1","1","1","1","1","1","1","1","0","0","0","0","0","0","1","1","1","0","1","1","0","0","0","0","0","0","0","0","0","0","0","0","0","1","0","0","0","0","0","0","0","0","0","0","0","0","0","0","0","0","0","0","0","0","0","0","0","0","0","1","0","0","0","0","0","0","0","0","0","0","0","0"
"49839","SRR3132095_CLEAN_REPAIRED_minContig2500_bin.6","1","0","0","1","0","0","0","1","1","1","1","1","1","1","1","1","1","0","0","1","0","0","0","0","0","0","0","0","0","0","0","0","0","0","0","0","0","0","0","0","0","0","0","0","0","0","0","0","0","0","0","0","0","0","0","0","0","0","0","0","0","0","0","0","0","0","0","0","0","0","0","0","0","0","0","0","0","0","0","0","0"
"49872","SRR3132103_CLEAN_REPAIRED_minContig2500_bin.3","0","0","0","0","0","0","0","1","1","1","1","1","0","1","1","1","0","0","1","1","0","0","0","1","0","1","0","0","0","0","0","0","0","0","0","0","0","0","0","0","0","0","0","0","0","0","0","0","0","0","0","0","0","0","0","0","0","0","0","0","0","0","0","0","0","0","0","0","0","0","0","0","0","0","0","0","0","0","0","0","0"
"49901","SRR3132105_CLEAN_REPAIRED_minContig2500_bin.2","1","1","0","1","0","0","0","1","1","1","1","1","1","1","1","1","1","0","1","1","1","0","0","0","0","0","0","0","0","0","0","0","0","0","0","0","0","0","0","0","0","0","0","0","0","0","0","0","0","0","0","0","0","0","0","0","0","0","0","0","0","0","0","0","0","0","0","0","0","0","0","0","0","0","0","0","0","0","0","0","0"
"49936","SRR3132143_CLEAN_REPAIRED_minContig2500_bin.5","1","1","1","1","0","0","0","1","1","1","1","1","1","1","1","1","1","0","1","1","0","0","0","0","0","0","0","0","0","0","0","0","0","0","0","0","0","0","0","0","0","0","0","0","0","0","0","0","0","0","0","0","0","0","0","0","0","0","0","0","0","0","0","0","0","0","0","0","0","0","0","0","0","0","0","0","0","0","0","0","0"
"49975","SRR3132147_CLEAN_REPAIRED_minContig2500_bin.2","1","1","0","1","0","0","0","1","1","1","1","1","1","1","1","1","1","0","0","1","0","0","0","0","0","0","0","0","0","1","0","0","0","0","0","0","0","0","0","0","0","1","0","0","0","0","0","0","0","0","0","0","0","0","0","0","0","0","0","0","0","0","0","0","0","0","0","0","0","0","0","0","0","0","0","0","0","0","0","0","0"
"50010","SRR3132161_CLEAN_REPAIRED_minContig2500_bin.1","0","0","0","0","0","0","0","0","1","1","0","1","0","1","1","1","1","0","0","0","0","0","0","0","0","0","0","0","0","0","0","0","0","0","0","0","0","0","0","0","0","0","0","0","0","0","0","0","0","0","0","0","0","0","0","0","0","0","0","0","0","0","0","0","0","0","0","0","0","0","0","0","0","0","0","0","0","0","0","0","0"
"50030","SRR3132167_CLEAN_REPAIRED_minContig2500_bin.5","0","1","0","1","0","0","0","1","0","0","1","1","1","1","1","1","0","0","1","1","1","0","0","0","0","0","0","0","0","0","0","0","0","0","0","0","0","0","0","0","0","0","0","0","0","0","0","0","0","0","0","0","0","0","0","0","0","0","0","0","0","0","0","0","0","0","0","0","0","0","0","0","0","0","0","0","0","0","0","0","0"
"50062","SRR3132171_CLEAN_REPAIRED_minContig2500_bin.1","1","1","0","1","0","0","0","0","1","1","1","0","0","1","1","1","0","0","0","0","1","0","0","0","0","0","0","0","0","1","0","0","0","0","0","0","0","0","0","0","0","0","0","0","0","0","0","0","0","0","0","0","0","0","0","0","0","0","0","0","0","0","0","0","0","0","0","0","0","0","0","0","0","0","0","0","0","0","0","0","0"
"50084","SRR3132177_CLEAN_REPAIRED_minContig2500_bin.4","1","1","1","1","0","0","0","1","1","1","1","1","1","1","1","1","1","1","1","1","1","0","0","0","0","0","0","0","0","0","0","0","0","0","0","0","0","0","0","0","0","0","0","0","0","0","0","0","0","0","0","0","0","0","0","0","0","0","0","0","0","0","0","0","0","0","0","0","0","0","0","0","0","0","0","0","0","0","0","0","0"
"50127","SRR3132179_CLEAN_REPAIRED_minContig2500_bin.2","1","0","0","1","0","0","0","1","1","1","1","1","1","1","1","1","1","0","1","1","0","0","0","0","0","0","0","0","0","0","0","0","0","0","0","0","0","0","0","0","0","0","0","0","0","0","0","0","0","0","0","0","0","0","0","0","0","0","0","0","0","0","0","0","0","0","0","0","0","0","0","0","0","0","0","0","0","0","0","0","0"
"50171","SRR3132183_CLEAN_REPAIRED_minContig2500_bin.2","0","0","0","0","0","0","0","1","1","1","1","1","1","1","1","1","1","0","1","0","0","0","0","1","0","1","0","1","0","0","0","0","0","0","0","0","0","0","0","0","0","0","0","0","0","0","0","0","0","0","0","0","0","0","0","0","0","0","0","0","0","0","0","0","0","0","0","0","0","0","0","0","0","0","0","0","0","0","0","0","0"
"50204","SRR3132187_CLEAN_REPAIRED_minContig2500_bin.3","0","0","0","0","0","0","0","1","1","1","1","1","0","1","1","1","1","0","1","1","0","0","0","0","0","0","0","0","0","0","0","0","0","0","0","0","0","0","0","0","0","0","0","0","0","0","0","0","0","0","0","0","0","0","0","0","0","0","0","0","0","0","0","0","0","0","0","0","0","0","0","0","0","0","0","0","0","0","0","0","0"
"50239","SRR3132189_CLEAN_REPAIRED_minContig2500_bin.2","1","1","1","1","1","0","0","1","1","1","1","1","1","1","1","1","1","0","1","1","0","1","0","0","0","0","0","0","0","0","0","0","0","0","0","0","0","0","0","0","0","0","0","0","0","0","0","0","0","0","0","0","0","0","0","0","0","0","0","0","0","0","0","0","0","0","0","0","0","0","0","0","0","0","0","0","0","0","0","0","0"
"50280","SRR3132195_CLEAN_REPAIRED_minContig2500_bin.3","1","1","1","1","1","0","0","1","1","1","1","1","1","1","1","1","1","0","1","1","0","1","0","0","0","0","0","0","0","0","0","0","0","0","0","0","0","0","0","0","0","0","0","0","0","0","0","0","0","0","0","0","0","0","0","0","0","0","0","0","0","0","0","0","0","0","0","0","0","0","0","0","0","0","0","0","0","0","0","0","0"
"50321","SRR3132199_CLEAN_REPAIRED_minContig2500_bin.2","1","1","1","1","1","1","1","1","1","1","1","1","1","1","1","1","1","0","1","0","0","1","0","1","1","1","1","0","0","0","0","0","0","0","0","0","0","0","0","0","0","0","0","0","0","0","0","0","0","0","0","0","0","0","0","0","0","0","0","0","0","0","0","0","0","0","0","0","0","0","0","0","0","0","0","0","0","0","0","0","0"
"50365","SRR3132201_CLEAN_REPAIRED_minContig2500_bin.2","1","1","0","1","0","0","0","1","0","0","1","1","1","1","1","1","1","0","1","1","0","0","0","0","0","0","0","0","0","1","0","0","0","0","0","0","0","0","0","0","0","0","0","0","0","0","0","0","0","0","0","0","0","0","0","0","0","0","0","0","0","0","0","0","0","0","0","0","0","1","1","1","1","0","0","0","0","0","0","0","0"
"50413","SRR3132211_CLEAN_REPAIRED_minContig2500_bin.1","0","0","0","0","0","1","1","1","1","1","1","1","0","1","1","1","1","0","1","0","0","0","0","1","1","1","1","1","1","1","0","0","0","0","0","0","1","0","1","0","0","0","0","0","0","0","0","0","0","0","0","0","0","0","0","0","0","0","0","0","0","0","0","0","0","0","0","0","0","0","0","0","0","1","1","0","0","0","0","0","0"
"50464","SRR3132213_CLEAN_REPAIRED_minContig2500_bin.1","0","0","0","0","0","0","0","1","0","0","1","1","0","1","1","1","1","0","1","0","0","0","0","0","0","0","0","0","0","1","1","0","0","0","0","0","0","0","0","0","0","0","0","0","0","0","0","0","0","0","0","0","0","0","0","0","0","0","0","0","0","0","0","0","0","0","0","0","0","0","0","0","0","0","0","0","0","0","0","0","0"
"50488","SRR3132215_CLEAN_REPAIRED_minContig2500_bin.2","1","1","0","1","1","0","1","1","1","1","1","1","1","1","1","1","1","0","1","0","0","1","0","1","0","1","0","1","1","0","0","0","0","0","0","0","0","0","0","0","0","0","0","0","0","0","0","0","0","0","0","0","0","0","0","0","0","0","0","0","0","0","0","0","0","0","0","0","0","0","0","0","0","0","0","0","0","0","0","0","0"
"50534","SRR3132225_CLEAN_REPAIRED_minContig2500_bin.3","1","0","0","1","0","0","0","1","1","1","1","1","1","1","1","1","1","0","0","0","0","1","0","0","0","0","0","0","0","0","0","0","0","0","0","0","0","0","0","0","0","0","0","0","0","0","0","0","0","0","0","0","0","0","0","0","0","0","0","0","0","0","0","0","0","0","0","0","0","0","0","0","0","0","0","0","0","0","0","0","0"
"50572","SRR3132233_CLEAN_REPAIRED_minContig2500_bin.1","1","1","0","1","1","0","0","1","1","1","1","1","1","1","1","1","1","0","1","0","0","1","0","0","0","0","0","0","0","1","0","0","0","0","0","0","0","0","0","0","0","0","0","0","0","0","0","0","0","0","0","0","0","0","0","0","0","0","0","0","0","0","0","0","0","0","0","0","0","0","0","0","0","0","0","0","0","0","0","0","0"
"50614","SRR3132237_CLEAN_REPAIRED_minContig2500_bin.2","1","1","0","1","1","1","1","1","1","1","1","1","1","1","1","1","1","0","0","0","0","1","0","1","0","0","0","1","1","0","0","0","0","0","0","0","0","0","0","0","0","0","1","0","0","0","0","0","0","0","0","0","0","0","0","0","0","0","0","0","0","0","0","0","0","0","0","0","0","0","0","0","0","0","0","0","0","0","0","0","0"
"50655","SRR3132243_CLEAN_REPAIRED_minContig2500_bin.2","1","1","0","1","0","0","0","1","1","1","1","1","0","1","1","1","1","0","1","0","1","0","0","0","0","0","0","0","0","1","0","0","0","0","0","0","0","0","0","0","0","0","0","0","0","0","0","0","0","0","0","0","0","0","0","0","0","0","0","0","0","0","0","0","0","0","0","0","0","0","0","0","0","0","0","0","0","0","0","0","0"
"50687","SRR3132249_CLEAN_REPAIRED_minContig2500_bin.1","1","1","1","1","1","0","0","1","1","1","1","1","1","1","1","1","1","0","1","1","0","1","0","0","0","0","0","0","0","0","0","0","0","0","0","0","0","0","0","0","0","0","0","0","0","0","0","0","0","0","0","0","0","0","0","0","0","0","0","0","0","0","0","0","0","0","0","0","0","0","0","0","0","0","0","0","0","0","0","0","0"
"50729","SRR3132265_CLEAN_REPAIRED_minContig2500_bin.4","1","1","0","1","0","0","1","1","1","1","1","1","0","1","1","1","1","1","1","0","1","0","0","0","1","0","0","1","0","0","0","0","0","0","1","1","0","0","0","0","0","0","0","0","0","0","0","0","0","0","0","0","0","0","0","0","0","0","0","0","0","0","0","0","0","0","0","0","0","0","0","0","0","0","0","0","0","0","0","0","0"
"50768","SRR3132269_CLEAN_REPAIRED_minContig2500_bin.4","0","0","0","0","0","1","1","1","1","1","1","1","0","1","1","1","1","1","0","0","0","0","0","1","1","1","1","0","1","0","1","0","0","0","0","0","0","0","0","0","0","1","0","0","0","0","0","0","0","0","0","0","0","0","0","0","0","0","0","0","0","0","0","0","0","0","0","0","0","0","0","0","0","0","0","0","0","0","0","0","0"
"50801","SRR3132277_CLEAN_REPAIRED_minContig2500_bin.3","1","1","1","1","1","0","0","1","1","1","1","1","1","1","1","1","1","0","1","1","0","1","0","0","0","0","0","0","0","0","0","0","0","0","0","0","0","0","0","0","0","0","0","0","0","0","0","0","0","0","0","0","0","0","0","0","0","0","0","0","0","0","0","0","0","0","0","0","0","0","0","0","0","0","0","0","0","0","0","0","0"
"50842","SRR3132285_CLEAN_REPAIRED_minContig2500_bin.4","1","1","0","1","0","1","0","1","0","0","1","0","1","1","1","1","0","0","0","0","0","0","0","0","0","0","0","0","0","1","0","0","0","0","0","0","0","0","0","0","0","0","0","0","0","0","0","0","0","0","0","0","0","0","0","0","0","0","0","0","0","0","0","0","0","0","0","0","0","0","0","0","0","0","0","0","0","0","0","0","0"
"50865","SRR3132291_CLEAN_REPAIRED_minContig2500_bin.2","1","1","0","1","0","0","0","1","1","1","1","1","0","1","1","1","1","0","0","0","1","0","0","0","0","0","0","0","0","0","0","0","0","0","0","0","0","0","0","0","0","0","0","0","0","0","0","0","0","0","0","0","0","0","0","0","0","0","0","0","0","0","0","0","0","0","0","0","0","0","0","0","0","0","0","1","0","0","0","0","0"
"50895","SRR3132293_CLEAN_REPAIRED_minContig2500_bin.2","1","1","0","1","1","0","0","1","1","1","1","1","1","1","1","1","1","0","0","0","0","1","0","0","0","0","0","0","0","1","0","0","0","0","0","0","0","0","0","0","0","0","0","0","0","0","0","0","0","0","0","0","0","0","0","0","0","0","0","0","0","0","0","0","0","0","0","0","0","0","0","0","0","0","0","0","0","0","0","0","0"
"50934","SRR3132295_CLEAN_REPAIRED_minContig2500_bin.1","1","1","1","1","1","0","0","1","1","1","1","1","1","1","1","1","1","0","1","1","0","1","0","0","0","0","0","0","0","0","0","0","0","0","0","0","0","0","0","0","0","0","0","0","0","0","0","0","0","0","0","0","0","0","0","0","0","0","0","0","0","0","0","0","0","0","0","0","0","0","0","0","0","0","0","0","0","0","0","0","0"
"50975","SRR3132309_CLEAN_REPAIRED_minContig2500_bin.2","1","1","1","1","1","0","0","1","1","1","1","1","1","1","1","1","1","0","1","1","0","1","0","0","0","0","0","0","0","0","0","0","0","0","0","0","0","0","0","0","0","0","0","0","0","0","0","0","0","0","0","0","0","0","0","0","0","0","0","0","0","0","0","0","0","0","0","0","0","0","0","0","0","0","0","0","0","0","0","0","0"
"51016","SRR3132311_CLEAN_REPAIRED_minContig2500_bin.6","0","0","0","1","0","1","1","0","1","1","0","0","0","1","1","1","1","0","1","0","1","0","0","0","1","0","0","0","0","0","0","0","0","0","0","0","0","0","0","0","0","0","0","0","0","0","0","0","0","0","0","0","0","0","0","0","0","0","0","0","0","0","0","0","0","0","0","0","0","0","0","0","0","0","0","0","0","0","0","0","0"
"51043","SRR3132321_CLEAN_REPAIRED_minContig2500_bin.3","1","1","0","1","1","0","0","1","1","1","1","1","1","1","1","1","1","0","0","0","0","1","0","0","0","0","0","0","0","1","0","0","0","0","0","0","0","0","0","0","0","0","0","0","0","0","0","0","0","0","0","0","0","0","0","0","0","0","0","0","0","0","0","0","0","0","0","0","0","0","0","0","0","0","0","0","0","0","0","0","0"
"51082","SRR3132327_CLEAN_REPAIRED_minContig2500_bin.2","0","0","0","0","0","0","0","1","1","1","1","1","1","1","1","1","1","0","1","1","0","0","0","0","0","0","0","0","0","1","0","0","0","0","0","0","0","0","0","0","0","0","0","0","0","0","0","0","0","0","0","0","0","0","0","0","0","0","0","0","0","0","0","0","0","0","0","0","0","0","0","0","0","0","0","0","0","0","0","0","0"
"51117","SRR3132331_CLEAN_REPAIRED_minContig2500_bin.7","1","1","1","1","1","0","0","1","1","1","1","1","1","1","1","1","1","0","1","1","0","1","0","0","0","0","0","0","0","0","0","0","0","0","0","0","0","0","0","0","0","0","0","0","0","0","0","0","0","0","0","0","0","0","0","0","0","0","0","0","0","0","0","0","0","0","0","0","0","0","0","0","0","0","0","0","0","0","0","0","0"
"51158","SRR3132335_CLEAN_REPAIRED_minContig2500_bin.2","1","1","1","1","1","0","0","1","1","1","1","1","1","1","1","1","1","0","1","1","0","1","0","0","0","0","0","0","0","0","0","0","0","0","0","0","0","0","0","0","0","0","0","0","0","0","0","0","0","0","0","0","0","0","0","0","0","0","0","0","0","0","0","0","0","0","0","0","0","0","0","0","0","0","0","0","0","0","0","0","0"
"51199","SRR3132339_CLEAN_REPAIRED_minContig2500_bin.8","1","1","0","1","0","0","0","1","1","1","1","1","1","1","1","1","1","0","1","1","1","0","0","0","0","0","0","0","0","0","0","0","0","0","0","0","0","0","0","0","0","0","0","0","0","0","0","0","0","0","0","0","0","0","0","0","0","0","0","0","0","0","0","0","0","0","0","0","0","0","0","0","0","0","0","0","0","0","0","0","0"
"51233","SRR3132343_CLEAN_REPAIRED_minContig2500_bin.4","1","1","0","1","0","0","0","1","1","1","1","1","0","1","1","1","1","0","0","0","1","0","0","0","0","0","0","0","0","1","0","0","0","0","0","0","0","0","0","0","0","0","0","0","0","0","0","0","0","0","0","0","0","0","0","0","0","0","0","0","0","0","0","0","0","0","0","0","0","0","0","0","0","0","0","0","0","0","0","0","0"
"51263","SRR3132347_CLEAN_REPAIRED_minContig2500_bin.7","1","1","1","1","1","1","1","1","1","1","1","1","1","1","1","1","1","0","1","0","0","1","0","1","1","1","1","0","0","0","0","0","0","0","0","0","0","0","0","0","0","0","0","0","0","0","0","0","0","0","0","0","0","0","0","0","0","0","0","0","0","0","0","0","0","0","0","0","0","0","0","0","0","0","0","0","0","0","0","0","0"
"51307","SRR3132349_CLEAN_REPAIRED_minContig2500_bin.4","0","0","0","0","0","0","0","1","0","0","1","1","1","1","1","1","0","0","1","1","0","0","0","0","0","0","0","0","0","0","0","0","0","0","0","0","0","0","0","0","0","0","0","0","0","0","0","0","0","0","0","0","0","0","0","0","0","0","0","0","0","0","0","0","0","0","0","0","0","0","0","0","0","0","0","0","0","0","0","0","0"
"51331","SRR3132361_CLEAN_REPAIRED_minContig2500_bin.3","1","1","1","1","1","0","0","1","1","1","1","1","1","1","1","1","1","0","1","1","0","1","0","0","0","0","0","0","0","0","0","0","0","0","0","0","0","0","0","0","0","0","0","0","0","0","0","0","0","0","0","0","0","0","0","0","0","0","0","0","0","0","0","0","0","0","0","0","0","0","0","0","0","0","0","0","0","0","0","0","0"
"51376","SRR3132363_CLEAN_REPAIRED_minContig2500_bin.3","1","1","0","1","1","0","0","1","1","1","1","1","1","1","1","1","1","0","1","0","0","0","0","0","0","0","0","0","0","1","0","0","0","0","0","0","0","0","0","0","0","0","0","0","0","0","0","0","0","0","0","0","0","0","0","0","0","0","0","0","0","0","0","0","0","0","0","0","0","0","0","0","0","0","0","0","1","0","0","0","0"
"51418","SRR3132367_CLEAN_REPAIRED_minContig2500_bin.6","1","1","0","1","0","0","0","1","1","1","1","1","0","1","1","1","1","0","1","0","0","0","0","0","0","0","0","0","0","1","0","0","0","0","0","0","0","0","0","0","0","0","0","0","0","0","0","0","0","0","0","0","0","0","0","0","0","0","0","0","0","0","0","0","0","0","0","0","0","0","0","0","0","0","0","0","0","0","0","0","0"
"51451","SRR3132369_CLEAN_REPAIRED_minContig2500_bin.2","1","1","0","1","0","0","0","0","0","0","0","1","0","1","1","1","1","0","1","0","1","0","0","0","0","0","0","0","0","0","0","0","0","0","0","0","0","0","0","0","0","0","0","0","0","0","0","0","0","0","0","0","0","0","0","0","0","0","0","0","0","0","0","0","0","0","0","0","0","0","0","0","0","0","0","0","0","0","0","0","0"
"51478","SRR3132373_CLEAN_REPAIRED_minContig2500_bin.3","1","1","1","1","1","0","0","1","1","1","1","1","1","1","1","1","1","0","0","0","0","1","0","0","0","0","0","0","0","0","0","0","0","0","0","0","0","0","0","0","0","0","0","0","0","0","0","0","0","0","0","0","0","0","0","0","0","0","0","0","0","0","0","0","0","0","0","0","0","0","0","0","0","0","0","0","0","0","0","0","0"
"51517","SRR3132379_CLEAN_REPAIRED_minContig2500_bin.3","1","0","0","1","1","0","0","1","1","1","1","1","1","1","1","1","1","0","0","1","0","1","0","0","0","0","0","0","0","0","0","0","0","0","0","0","0","0","0","0","1","0","0","0","0","0","0","0","0","0","0","0","0","0","0","0","0","0","0","0","0","0","0","0","0","0","0","0","0","0","0","0","0","0","0","0","0","0","0","0","0"
"51550","SRR3132385_CLEAN_REPAIRED_minContig2500_bin.2","1","1","1","1","1","1","1","1","1","1","1","1","1","1","1","1","1","0","1","0","0","1","0","1","1","1","1","0","0","0","0","0","0","0","0","0","0","0","0","0","0","0","0","0","0","0","0","0","0","0","0","0","0","0","0","0","0","0","0","0","0","0","0","0","0","0","0","0","0","0","0","0","0","0","0","0","0","0","0","0","0"
"51595","SRR3132389_CLEAN_REPAIRED_minContig2500_bin.1","0","0","0","0","0","0","0","0","0","0","1","0","0","0","1","1","0","0","0","0","0","0","0","0","0","0","0","0","0","0","0","0","0","0","0","0","0","0","0","0","0","0","0","0","0","0","0","0","0","0","0","0","0","0","0","0","0","0","0","0","0","0","0","0","0","0","0","0","0","0","0","0","0","0","0","0","0","1","1","0","0"
"51612","SRR3132399_CLEAN_REPAIRED_minContig2500_bin.2","1","1","1","1","1","1","1","1","1","1","1","1","1","1","1","1","1","0","1","0","0","1","0","1","1","1","1","0","0","0","0","0","0","0","0","0","0","0","0","0","0","0","0","0","0","0","0","0","0","0","0","0","0","0","0","0","0","0","0","0","0","0","0","0","0","0","0","0","0","0","0","0","0","0","0","0","0","0","0","0","0"
"51656","SRR3132403_CLEAN_REPAIRED_minContig2500_bin.3","1","1","0","1","1","0","1","1","1","1","1","1","1","1","1","1","1","0","0","0","0","1","0","1","0","1","0","1","1","0","0","0","0","0","0","0","0","0","0","0","0","0","0","0","0","0","0","0","0","0","0","0","0","0","0","0","0","0","0","0","0","0","0","0","0","0","0","0","0","0","0","0","0","0","0","0","0","0","0","0","0"
"51697","SRR3132407_CLEAN_REPAIRED_minContig2500_bin.1","1","0","0","1","0","0","0","1","1","0","1","1","0","1","1","1","1","0","1","1","0","0","0","0","0","0","0","0","0","0","0","0","0","0","0","0","0","0","0","0","0","0","0","0","0","0","0","0","0","0","0","0","0","0","0","0","0","0","0","0","0","0","0","0","0","0","0","0","0","0","0","0","0","0","0","0","0","0","0","0","0"
"51730","SRR3132409_CLEAN_REPAIRED_minContig2500_bin.1","1","0","0","1","0","0","0","1","1","1","1","1","1","1","1","1","1","0","0","0","0","0","0","1","0","0","0","1","0","0","0","0","0","0","0","0","0","0","0","0","0","0","1","0","0","0","0","0","0","0","0","0","0","0","0","0","0","0","0","0","1","0","0","0","0","0","0","0","0","0","0","0","0","0","0","0","0","0","0","1","0"
"51765","SRR3132411_CLEAN_REPAIRED_minContig2500_bin.3","0","0","0","0","0","0","0","0","1","1","0","1","1","0","0","0","0","0","1","1","0","0","0","0","0","0","0","0","0","0","0","0","0","0","0","0","0","0","0","0","0","0","0","0","0","0","0","0","0","0","0","0","0","0","0","0","0","0","0","0","0","0","0","0","0","0","0","0","0","0","0","0","0","0","0","0","0","0","0","0","0"
"51780","SRR3132417_CLEAN_REPAIRED_minContig2500_bin.2","1","1","0","1","0","0","0","1","1","1","1","1","0","1","1","1","1","0","1","0","1","0","0","0","0","0","0","0","0","1","1","0","0","0","0","0","0","0","0","0","0","0","0","0","0","0","0","0","0","0","0","0","0","0","0","0","0","0","0","0","0","0","0","0","0","0","0","0","0","0","0","0","0","0","0","0","0","0","0","0","0"
"51815","SRR3132419_CLEAN_REPAIRED_minContig2500_bin.1","1","1","0","1","0","0","0","1","1","1","1","1","1","1","1","1","1","1","1","1","1","0","0","0","0","0","0","0","0","0","0","0","0","0","0","0","0","0","0","0","0","0","0","0","0","0","0","0","0","0","0","0","0","0","0","0","0","0","0","0","0","0","0","0","0","0","0","0","0","0","0","0","0","0","0","0","0","0","0","0","0"
"51849","SRR3132421_CLEAN_REPAIRED_minContig2500_bin.5","0","0","0","0","0","0","0","1","1","1","1","1","0","1","1","1","1","0","1","0","0","0","0","0","1","0","0","0","0","1","0","0","0","0","0","0","0","0","0","0","0","0","0","0","0","0","0","0","0","0","0","0","0","0","0","0","0","0","0","0","0","0","0","0","0","0","0","0","0","0","0","0","0","0","0","0","0","0","0","0","1"
"51884","SRR3132425_CLEAN_REPAIRED_minContig2500_bin.5","1","0","0","1","0","0","0","1","1","1","1","0","0","1","0","1","1","0","1","0","0","0","0","0","0","0","0","0","0","0","0","0","0","0","0","0","0","0","0","0","0","0","0","0","0","0","0","0","0","0","0","0","0","0","0","0","0","0","0","0","0","0","0","0","0","0","0","0","0","0","0","0","0","0","0","0","0","0","0","0","0"
"51907","SRR3132429_CLEAN_REPAIRED_minContig2500_bin.3","1","1","1","1","1","0","0","1","1","1","1","1","1","1","1","1","1","0","1","1","0","1","0","0","0","0","0","0","0","0","0","0","0","0","0","0","0","0","0","0","0","0","0","0","0","0","0","0","0","0","0","0","0","0","0","0","0","0","0","0","0","0","0","0","0","0","0","0","0","0","0","0","0","0","0","0","0","0","0","0","0"
"51948","SRR3132433_CLEAN_REPAIRED_minContig2500_bin.2","1","1","0","1","1","0","0","1","1","1","1","1","1","1","1","1","1","0","1","1","0","1","0","0","0","0","0","0","0","0","0","0","0","0","0","0","0","0","0","0","0","0","0","0","0","0","0","0","0","0","0","0","0","0","0","0","0","0","0","0","0","0","0","0","0","0","0","0","0","0","0","0","0","0","0","0","0","0","0","0","0"
"51989","SRR3132437_CLEAN_REPAIRED_minContig2500_bin.1","0","0","0","0","0","1","1","1","1","1","1","1","0","1","1","1","1","0","1","0","0","0","0","1","1","1","1","0","1","1","1","0","0","0","0","0","0","0","0","0","0","0","0","0","0","0","0","0","0","0","0","0","0","0","0","0","0","0","0","0","0","0","0","0","0","0","0","0","0","0","0","0","0","0","0","0","0","0","0","0","0"
"52027","SRR3132439_CLEAN_REPAIRED_minContig2500_bin.2","1","0","0","1","1","0","0","1","1","1","1","1","1","1","1","1","1","0","0","1","0","1","0","0","0","0","0","0","0","0","0","0","0","0","0","0","0","0","0","0","1","0","0","0","0","0","0","0","0","0","0","0","0","0","0","0","0","0","0","0","0","0","0","0","0","0","0","0","0","0","0","0","0","0","0","0","0","0","0","0","0"
"52060","SRR3132461_CLEAN_REPAIRED_minContig2500_bin.2","0","0","0","0","0","0","0","1","1","1","1","1","0","1","1","1","1","0","1","0","0","0","0","0","0","0","0","0","0","1","0","0","0","0","0","0","0","0","0","0","0","0","0","0","0","0","0","0","0","0","0","0","0","0","0","0","0","0","0","0","0","0","0","0","0","0","0","0","0","0","0","0","0","0","0","0","0","0","0","0","0"
"52085","SRR3132467_CLEAN_REPAIRED_minContig2500_bin.7","1","1","1","1","1","0","0","1","1","1","1","1","1","1","1","1","1","0","1","1","0","1","0","0","0","0","0","0","0","0","0","0","0","0","0","0","0","0","0","0","0","0","0","0","0","0","0","0","0","0","0","0","0","0","0","0","0","0","0","0","0","0","0","0","0","0","0","0","0","0","0","0","0","0","0","0","0","0","0","0","0"
"52126","SRR3132469_CLEAN_REPAIRED_minContig2500_bin.3","1","1","0","1","0","0","0","1","1","1","1","1","0","1","1","1","1","0","1","0","0","0","0","0","0","0","0","0","0","1","1","0","0","0","0","0","0","0","0","0","0","0","0","0","0","0","0","0","0","0","0","0","0","0","0","0","0","0","0","0","0","0","0","0","0","0","0","0","0","0","0","0","0","0","0","0","0","0","0","0","0"
"52160","SRR3132471_CLEAN_REPAIRED_minContig2500_bin.5","1","1","0","1","0","0","0","1","1","1","1","1","0","1","1","1","1","0","0","0","1","0","0","0","0","0","0","0","0","0","0","0","0","0","0","0","0","0","0","0","0","0","0","0","0","0","0","0","0","0","0","0","0","0","0","0","0","0","0","0","0","0","0","0","0","0","0","0","0","0","0","0","0","0","0","0","0","0","0","0","0"
"52189","SRR3132477_CLEAN_REPAIRED_minContig2500_bin.5","0","0","0","1","0","0","0","1","0","0","1","1","1","1","1","1","0","0","0","0","0","0","0","0","0","0","0","0","0","0","0","0","0","0","0","0","0","0","0","0","0","0","0","0","0","0","0","0","0","0","0","0","0","0","0","0","0","0","0","0","0","0","0","0","0","0","0","0","0","0","0","0","0","0","0","0","0","0","0","0","0"
"52207","SRR3132481_CLEAN_REPAIRED_minContig2500_bin.1","1","1","0","1","1","0","1","1","1","1","1","1","1","1","1","1","1","0","0","0","0","1","0","1","0","1","0","1","1","0","0","0","0","0","0","0","0","0","0","0","0","0","0","0","0","0","0","0","0","0","0","0","0","0","0","0","0","0","0","0","0","0","0","0","0","0","0","0","0","0","0","0","0","0","0","0","0","0","0","0","0"
"52248","SRR3132487_CLEAN_REPAIRED_minContig2500_bin.4","1","1","0","1","0","0","0","1","1","1","1","1","0","1","1","1","1","0","0","0","1","0","0","0","0","0","0","0","0","0","0","0","0","0","0","0","0","0","0","0","0","0","0","0","0","0","0","0","0","0","0","0","0","0","0","0","0","0","0","0","0","0","0","0","0","0","0","0","0","0","0","0","0","0","0","0","0","0","0","0","0"
"52279","SRR9865433_CLEAN_REPAIRED_minContig2500_bin.4","0","0","0","0","0","0","1","1","1","1","1","1","0","1","1","1","1","0","1","0","0","0","0","1","0","1","0","0","1","0","0","0","0","0","0","0","0","0","0","0","0","0","0","0","0","0","0","0","0","0","0","0","0","0","0","0","0","0","0","0","0","0","0","0","0","0","0","0","0","0","0","0","0","0","0","0","0","0","0","0","0"
"52307","SRR9865451_CLEAN_REPAIRED_minContig2500_bin.1","1","1","1","1","1","0","0","1","1","1","1","1","1","1","1","1","1","0","1","1","0","1","0","0","0","0","0","0","0","0","0","0","0","0","0","0","0","0","0","0","0","0","0","0","0","0","0","0","0","0","0","0","0","0","0","0","0","0","0","0","0","0","0","0","0","0","0","0","0","0","0","0","0","0","0","0","0","0","0","0","0"
"52352","SRR9865452_CLEAN_REPAIRED_minContig2500_bin.4","1","1","1","1","1","0","0","1","1","1","1","1","1","1","1","1","1","0","1","1","0","1","0","0","0","0","0","0","0","0","0","0","0","0","0","0","0","0","0","0","0","0","0","0","0","0","0","0","0","0","0","0","0","0","0","0","0","0","0","0","0","0","0","0","0","0","0","0","0","0","0","0","0","0","0","0","0","0","0","0","0"
"52397","SRR9865454_CLEAN_REPAIRED_minContig2500_bin.4","1","0","1","1","1","0","0","1","1","1","1","1","1","1","1","1","1","0","0","1","0","1","0","0","0","0","0","0","0","0","0","0","0","0","0","0","0","0","0","0","1","0","0","0","0","0","0","0","0","0","0","0","0","0","0","0","0","0","0","0","0","0","0","0","0","0","0","0","0","0","0","0","0","0","0","0","0","0","0","0","0"
"52437","SRR9865480_CLEAN_REPAIRED_minContig2500_bin.2","0","1","1","1","1","1","1","1","1","1","1","1","0","1","1","1","1","0","1","1","0","1","0","1","0","1","1","0","0","0","0","0","0","0","0","0","0","0","0","0","0","0","1","0","0","0","0","0","0","0","0","0","0","0","0","0","0","0","0","0","0","0","0","0","0","0","0","0","0","0","0","0","0","0","0","0","0","0","0","0","0"
"52489","SRR9865485_CLEAN_REPAIRED_minContig2500_bin.2","1","0","0","1","1","0","0","1","1","1","1","1","1","1","1","1","1","0","0","1","0","1","0","0","0","0","0","0","0","0","0","0","0","0","0","0","0","0","0","0","0","0","0","0","0","0","0","0","0","0","0","0","0","0","0","0","0","0","0","0","0","0","0","0","0","0","0","0","0","0","0","0","0","0","0","0","0","0","0","0","0"
"52521","SRR9865493_CLEAN_REPAIRED_minContig2500_bin.1","0","1","1","1","1","1","1","1","1","1","1","1","0","1","1","1","1","0","1","1","0","1","0","1","0","1","1","0","0","0","0","0","0","0","0","0","0","0","0","0","0","0","1","0","0","0","0","0","0","0","0","0","0","0","0","0","0","0","0","0","0","0","0","0","0","0","0","0","0","0","0","0","0","0","0","0","0","0","0","0","0"
"52567","SRR9865494_CLEAN_REPAIRED_minContig2500_bin.2","0","1","1","1","1","1","1","1","1","1","1","1","0","1","1","1","1","0","1","1","0","1","0","1","0","1","1","0","0","0","0","0","0","0","0","0","0","0","0","0","0","0","1","0","0","0","0","0","0","0","0","0","0","0","0","0","0","0","0","0","0","0","0","0","0","0","0","0","0","0","0","0","0","0","0","0","0","0","0","0","0"
"52608","SRR9865496_CLEAN_REPAIRED_minContig2500_bin.2","0","1","1","1","1","1","1","1","1","1","1","1","0","1","1","1","1","0","0","1","0","1","0","1","0","1","1","0","0","0","0","0","0","0","0","0","0","0","0","0","0","0","1","0","0","0","0","0","0","0","0","0","0","0","0","0","0","0","0","0","0","0","0","0","0","0","0","0","0","0","0","0","0","0","0","0","0","0","0","0","0"
"52648","SRR9865498_CLEAN_REPAIRED_minContig2500_bin.1","1","1","1","1","1","0","0","1","1","1","1","1","1","1","1","1","1","1","1","1","0","1","0","0","0","0","0","0","0","0","0","0","0","1","1","0","1","1","1","1","0","0","0","0","0","0","0","0","0","0","0","0","0","0","0","0","0","0","0","0","0","0","0","0","0","0","0","0","0","0","0","0","0","0","0","0","0","0","0","0","0"
"52706","SRR9865499_CLEAN_REPAIRED_minContig2500_bin.3","1","1","1","1","1","0","0","1","1","1","1","1","1","0","0","0","0","0","1","1","0","1","0","0","0","0","0","0","0","0","0","0","0","0","0","0","0","0","0","0","0","0","0","0","0","0","0","0","0","0","0","0","0","0","0","0","0","0","0","0","0","0","0","0","0","0","0","0","0","0","0","0","0","0","0","0","0","0","0","0","0"
"52737","SRR9865528_CLEAN_REPAIRED_minContig2500_bin.12","1","1","0","1","0","0","0","1","1","1","1","1","0","1","1","1","1","0","0","0","0","0","0","0","0","0","0","0","0","0","0","0","0","0","0","0","0","0","0","0","0","1","0","0","0","0","0","0","0","0","0","0","0","0","0","0","0","0","0","0","0","0","0","0","0","0","0","0","0","0","0","0","0","0","0","0","0","0","0","0","0"
"52768","SRR9865530_CLEAN_REPAIRED_minContig2500_bin.2","0","0","0","0","0","0","0","1","1","1","1","1","1","1","1","1","1","0","1","0","0","0","0","0","0","0","0","0","0","0","0","0","0","0","0","0","0","0","0","0","0","0","0","0","0","0","0","0","0","0","0","0","0","0","0","0","0","0","0","0","0","0","0","0","0","0","0","0","0","0","0","0","0","0","0","0","0","0","0","0","0"
"52798","SRR9865535_CLEAN_REPAIRED_minContig2500_bin.1","1","1","0","0","1","0","0","1","1","1","1","1","1","1","1","1","1","0","0","1","0","1","1","0","0","0","0","0","0","0","0","0","0","0","0","0","0","0","0","0","0","0","0","0","0","0","0","0","0","0","0","0","0","0","0","0","0","0","0","0","0","0","0","0","0","0","0","0","0","0","0","0","0","0","0","0","0","0","0","0","0"
"52833","SRR9865548_CLEAN_REPAIRED_minContig2500_bin.4","1","0","0","1","0","0","0","1","1","1","1","1","0","1","1","1","1","0","0","0","1","0","0","0","0","0","0","0","0","0","0","0","0","0","0","0","0","0","0","0","0","0","0","0","0","0","0","0","0","0","0","0","0","0","0","0","0","0","0","0","0","0","0","0","0","0","0","0","0","0","0","0","0","0","0","0","0","0","0","0","0"
"52863","SRR9865551_CLEAN_REPAIRED_minContig2500_bin.1","1","1","0","1","0","0","0","1","1","1","0","0","0","1","0","1","0","0","1","1","0","0","0","0","0","0","0","0","0","0","0","0","0","0","0","0","0","0","0","0","0","0","0","0","0","0","0","0","0","0","0","0","0","0","0","0","0","0","0","0","0","0","0","0","0","0","0","0","0","0","0","0","0","0","0","0","0","0","0","0","0"
"52886","SRR9865553_CLEAN_REPAIRED_minContig2500_bin.1","1","1","0","1","1","0","0","1","1","1","1","1","1","1","1","1","1","1","1","1","0","1","0","0","0","0","0","0","0","1","0","0","0","0","0","0","0","0","0","0","0","0","0","0","0","0","0","0","0","0","0","0","0","0","0","0","0","0","0","0","0","0","0","0","0","0","0","0","0","0","0","0","0","0","0","0","0","0","0","0","0"
"52934","SRR9865604_CLEAN_REPAIRED_minContig2500_bin.2","1","1","1","1","1","0","0","1","1","1","1","1","1","1","1","1","1","1","1","1","0","1","0","0","0","0","0","0","0","1","0","0","0","1","1","0","1","1","1","1","0","0","0","0","0","0","0","0","0","0","0","0","0","0","0","0","0","0","0","0","0","0","0","0","0","0","0","0","0","0","0","0","0","0","0","0","0","0","0","0","0"
"52985","SRR9865624_CLEAN_REPAIRED_minContig2500_bin.10","1","1","0","1","1","0","0","1","1","1","1","1","1","1","1","1","1","0","1","1","0","1","0","0","0","0","0","0","0","0","0","0","0","0","0","0","0","0","0","0","0","0","0","0","0","0","0","0","0","0","0","0","0","0","0","0","0","0","0","0","0","0","0","0","0","0","0","0","0","0","0","0","0","0","0","0","0","0","0","0","0"
"53028","SRR9865652_CLEAN_REPAIRED_minContig2500_bin.2","1","0","0","1","1","0","0","1","1","1","1","1","1","1","1","1","1","0","0","1","0","1","0","0","0","0","0","0","0","0","0","0","0","0","0","0","0","0","0","0","1","0","0","0","0","0","0","0","0","0","0","0","0","0","0","0","0","0","0","0","0","0","0","0","0","0","0","0","0","0","0","0","0","0","0","0","0","0","0","0","0"
"53061","SRR9865659_CLEAN_REPAIRED_minContig2500_bin.4","1","1","1","1","1","0","0","1","1","1","1","1","1","1","1","1","1","0","1","1","0","1","0","0","0","0","0","0","0","0","0","0","0","0","0","0","0","0","0","0","0","0","0","0","0","0","0","0","0","0","0","0","0","0","0","0","0","0","0","0","0","0","0","0","0","0","0","0","0","0","0","0","0","0","0","0","0","0","0","0","0"
"53107","SRR9865660_CLEAN_REPAIRED_minContig2500_bin.7","1","1","1","1","1","0","0","1","1","1","1","1","1","1","1","1","1","0","1","1","0","1","0","0","0","0","0","0","0","0","0","0","0","0","0","0","0","0","0","0","0","0","0","1","0","0","0","0","0","0","0","0","0","0","0","0","0","0","0","0","0","0","0","0","0","0","0","0","0","0","0","0","0","0","0","0","0","0","0","0","0"
"53152","SRR9865664_CLEAN_REPAIRED_minContig2500_bin.2","1","1","1","1","1","0","0","1","1","1","1","1","1","1","1","1","1","0","1","1","0","1","0","0","0","0","0","0","0","0","0","0","0","0","0","0","0","0","0","0","0","0","0","0","0","0","0","0","0","0","0","0","0","0","0","0","0","0","0","0","0","0","0","0","0","0","0","0","0","0","0","0","0","0","0","0","0","0","0","0","0"
"53197","SRR9865669_CLEAN_REPAIRED_minContig2500_bin.1","1","1","0","0","1","0","0","1","1","1","1","1","1","1","1","1","1","0","1","1","0","1","0","0","0","0","1","0","0","0","0","0","0","0","0","0","0","0","0","0","0","0","0","0","0","0","0","0","0","0","0","0","0","0","0","0","0","0","0","0","0","0","0","0","0","0","0","0","0","0","0","0","0","0","0","0","0","0","0","0","0"
"53239","SRR9865670_CLEAN_REPAIRED_minContig2500_bin.2","1","1","0","0","1","0","0","1","1","1","1","1","1","1","1","1","1","0","1","1","0","1","0","0","0","0","1","0","0","0","0","0","0","0","0","0","0","0","0","0","0","0","0","0","0","0","0","0","0","0","0","0","0","0","0","0","0","0","0","0","0","0","0","0","0","0","0","0","0","0","0","0","0","0","0","0","0","0","0","0","0"
"53277","SRR9865672_CLEAN_REPAIRED_minContig2500_bin.2","1","1","0","1","0","1","1","0","1","1","0","1","0","1","1","1","1","0","1","0","0","0","0","0","1","0","0","1","0","1","0","0","0","0","0","0","0","0","0","0","0","0","0","0","0","0","0","0","0","0","0","0","0","0","0","0","0","0","0","0","0","0","0","0","0","0","0","0","0","0","0","0","0","0","0","0","0","0","0","0","0"
"53310","SRR9865674_CLEAN_REPAIRED_minContig2500_bin.3","1","1","0","1","0","0","0","1","1","1","1","1","1","1","1","1","1","0","1","1","1","0","0","0","0","0","0","0","0","0","0","0","0","0","0","0","0","0","0","0","0","1","0","0","0","0","0","0","0","0","0","0","0","0","0","0","0","0","0","0","0","0","0","0","0","0","0","0","0","0","0","0","0","0","0","0","0","0","0","0","0"
"53355","SRR9865688_CLEAN_REPAIRED_minContig2500_bin.3","1","1","0","0","1","0","0","1","1","1","1","1","1","1","1","1","1","0","0","1","0","1","1","0","0","0","0","0","0","0","0","0","0","0","0","0","0","0","0","0","0","0","0","0","0","0","0","0","0","0","0","0","0","0","0","0","0","0","0","0","0","0","0","0","0","0","0","0","0","0","0","0","0","0","0","0","0","0","0","0","0"
"53390","SRR9865697_CLEAN_REPAIRED_minContig2500_bin.4","1","1","1","1","1","0","0","1","1","1","1","1","1","1","1","1","0","0","1","1","0","1","0","0","0","0","0","0","0","0","0","0","0","0","0","0","0","0","0","0","0","0","0","0","0","0","0","0","0","0","0","0","0","0","0","0","0","0","0","0","0","0","0","0","0","0","0","0","0","0","0","0","0","0","0","0","0","0","0","0","0"
"53430","SRR9865699_CLEAN_REPAIRED_minContig2500_bin.5","1","1","0","1","1","0","0","1","1","1","1","1","1","1","1","1","1","0","0","1","0","1","0","0","0","0","0","0","0","1","0","0","0","0","0","0","0","0","0","0","0","0","0","1","0","0","0","0","0","0","0","0","0","0","0","0","0","0","0","0","0","0","0","0","0","0","0","0","0","0","0","0","0","0","0","0","0","0","0","0","0"
"53478","SRR9865701_CLEAN_REPAIRED_minContig2500_bin.5","1","1","0","1","1","0","0","1","1","1","1","1","1","1","1","1","1","0","0","1","0","1","1","0","0","0","0","0","0","0","0","0","0","1","0","0","0","1","1","1","0","1","0","0","0","0","0","0","0","0","0","0","0","0","0","0","0","0","0","0","0","0","0","0","0","0","0","0","0","0","0","0","0","0","0","0","0","0","0","0","0"
"53519","SRR9865708_CLEAN_REPAIRED_minContig2500_bin.5","1","1","1","1","1","0","0","1","1","1","1","1","1","1","1","0","1","0","1","1","0","1","0","0","0","0","0","0","0","0","0","0","0","0","0","0","0","0","0","0","0","1","0","0","0","0","0","0","0","0","0","0","0","0","0","0","0","0","0","0","0","0","0","0","0","0","0","0","0","0","0","0","0","0","0","0","0","0","0","0","0"
"53569","SRR9865709_CLEAN_REPAIRED_minContig2500_bin.1","1","1","1","1","0","0","0","1","1","1","1","1","1","1","1","1","1","0","1","1","0","0","0","0","0","0","0","0","0","0","0","0","0","0","0","0","0","0","0","0","0","1","0","0","0","0","0","0","0","0","0","0","0","0","0","0","0","0","0","0","0","0","0","0","0","0","0","0","0","0","0","0","0","0","0","0","0","0","0","0","0"
"53610","SRR9865724_CLEAN_REPAIRED_minContig2500_bin.4","0","0","0","0","0","1","1","1","1","1","1","1","0","1","1","1","1","0","1","0","0","0","0","1","1","1","1","1","1","1","0","0","0","0","0","0","0","0","0","0","0","0","0","0","0","0","0","0","0","0","0","0","0","0","0","0","0","0","0","0","0","0","0","0","0","0","0","0","0","0","0","0","0","0","0","0","0","0","0","0","0"
"53648","SRR9865737_CLEAN_REPAIRED_minContig2500_bin.2","1","1","0","1","1","0","0","1","1","1","1","1","1","1","1","1","1","0","0","0","0","1","0","0","0","0","0","0","0","0","0","0","0","0","0","0","0","0","0","0","0","0","0","0","0","0","0","0","0","0","0","0","0","0","0","0","0","0","0","0","0","0","0","0","0","0","0","0","0","0","0","0","0","0","0","0","0","0","0","0","0"
"53684","SRR9865738_CLEAN_REPAIRED_minContig2500_bin.1","1","1","1","1","1","0","0","1","1","1","1","1","1","1","1","1","1","0","1","1","0","1","0","0","0","0","0","0","0","0","0","0","0","0","0","0","0","0","0","0","0","1","0","0","0","0","0","0","0","0","0","0","0","0","0","0","0","0","0","0","0","0","0","0","0","0","0","0","0","0","0","0","0","0","0","0","0","0","0","0","0"
"53734","SRR9865742_CLEAN_REPAIRED_minContig2500_bin.1","1","0","1","1","1","0","0","1","1","1","1","1","1","1","1","1","1","0","0","0","0","1","0","0","0","0","0","0","0","0","0","0","0","0","1","0","1","1","0","1","0","1","0","0","0","0","0","0","0","0","0","0","0","0","0","0","0","0","0","0","0","0","0","0","0","0","0","0","0","0","0","0","0","0","0","0","0","0","0","0","0"
"53773","SRR9865747_CLEAN_REPAIRED_minContig2500_bin.1","1","1","0","1","1","0","0","1","1","1","1","1","1","1","1","1","1","0","0","0","0","1","0","0","0","0","0","0","0","0","0","0","0","0","0","0","0","0","0","0","0","0","0","0","0","0","0","0","0","0","0","0","0","0","0","0","0","0","0","0","0","0","0","0","0","0","0","0","0","0","0","0","0","0","0","0","0","0","0","0","0"
"53809","SRR9865748_CLEAN_REPAIRED_minContig2500_bin.2","1","1","0","1","1","0","0","1","1","1","1","1","1","1","1","1","1","0","1","0","0","1","0","0","0","0","0","0","0","0","0","0","0","0","0","0","0","0","0","0","0","0","0","0","0","0","0","0","0","0","0","0","0","0","0","0","0","0","0","0","0","0","0","0","0","0","0","0","0","0","0","0","0","0","0","0","0","0","0","0","0"
"53847","SRR9865755_CLEAN_REPAIRED_minContig2500_bin.5","1","1","1","1","1","0","0","1","1","1","1","1","1","0","0","0","0","0","1","1","0","1","0","0","0","0","0","0","0","0","0","0","0","0","0","0","0","0","0","0","0","0","0","0","0","0","0","0","0","0","0","0","0","0","0","0","0","0","0","0","0","0","0","0","0","0","0","0","0","0","0","0","0","0","0","0","0","0","0","0","0"
"53877","SRR9865756_CLEAN_REPAIRED_minContig2500_bin.1","1","1","1","1","0","0","0","1","1","1","1","1","1","1","1","1","1","0","1","1","0","0","0","0","0","0","0","0","0","0","0","0","0","0","0","0","0","0","0","0","0","1","0","0","0","0","0","0","0","0","0","0","0","0","0","0","0","0","0","0","0","0","0","0","0","0","0","0","0","0","0","0","0","0","0","0","0","0","0","0","0"
"53919","SRR9865757_CLEAN_REPAIRED_minContig2500_bin.4","0","1","0","1","0","0","0","1","1","1","0","1","1","1","1","1","1","0","1","0","1","0","0","0","0","0","0","0","0","0","0","1","0","0","0","0","0","0","0","0","0","1","0","0","0","0","0","0","0","0","0","0","0","0","0","0","0","0","0","0","0","0","0","0","0","0","0","0","0","0","0","0","0","0","0","0","0","0","0","0","0"
"53961","SRR9865760_CLEAN_REPAIRED_minContig2500_bin.3","0","0","0","0","0","1","1","1","1","1","1","1","0","1","1","1","1","0","1","0","0","0","0","1","1","1","1","0","1","1","1","0","0","0","0","0","0","0","0","0","0","0","0","0","0","0","0","0","0","0","0","0","0","0","0","0","0","0","0","0","0","0","0","0","0","0","0","0","0","0","0","0","0","0","0","0","0","0","0","0","0"
"53998","SRR9865761_CLEAN_REPAIRED_minContig2500_bin.2","0","0","0","0","0","1","1","1","1","1","1","1","0","1","1","1","1","0","1","0","0","0","0","1","1","1","1","0","1","0","1","0","0","0","0","0","0","0","0","0","0","0","0","0","0","0","0","0","0","0","0","0","0","0","0","0","0","0","0","0","0","0","0","0","0","0","0","0","0","0","0","0","0","0","0","0","0","0","0","0","0"
"54032","SRR9865765_CLEAN_REPAIRED_minContig2500_bin.3","0","0","0","0","0","1","1","1","1","1","1","1","0","1","1","1","1","1","1","0","0","0","0","1","1","1","1","0","1","1","1","0","0","0","0","0","0","0","0","0","0","0","0","0","0","0","0","0","0","0","0","0","0","0","0","0","0","0","0","0","0","0","0","0","0","0","0","0","0","0","0","0","0","0","0","0","0","0","0","0","0"
"54066","SRR9865791_CLEAN_REPAIRED_minContig2500_bin.1","1","1","1","1","1","0","0","1","1","1","1","1","1","1","1","1","1","0","1","0","0","1","0","0","0","0","0","0","0","1","0","0","0","0","0","0","0","0","0","0","0","0","0","0","0","0","0","0","0","0","0","0","0","0","0","0","0","0","0","0","0","0","0","0","0","0","0","0","0","0","0","0","0","0","0","0","0","0","0","0","0"
"54108","SRR9865800_CLEAN_REPAIRED_minContig2500_bin.1","0","0","0","0","0","0","0","0","1","1","0","0","1","0","0","0","0","0","0","1","0","0","1","0","0","0","0","0","0","0","0","0","0","0","0","0","0","0","0","0","0","0","0","0","0","0","0","0","0","0","0","0","0","0","0","0","0","0","0","0","0","0","0","0","0","0","0","0","0","0","0","0","0","0","0","0","0","0","0","0","0"
"54119","SRR9865831_CLEAN_REPAIRED_minContig2500_bin.3","1","1","0","0","0","1","1","1","0","1","1","1","0","1","1","1","1","0","1","0","1","0","0","0","1","0","0","1","0","0","0","0","0","0","0","0","0","0","0","0","0","0","0","0","0","0","0","0","0","0","0","0","0","0","0","0","0","0","0","0","0","0","0","0","0","0","0","0","0","0","0","0","0","0","0","0","0","0","0","0","0"
"54159","SRR9865834_CLEAN_REPAIRED_minContig2500_bin.4","1","1","0","1","1","0","0","1","1","1","1","1","1","1","1","1","1","0","1","1","0","1","0","0","0","0","0","0","0","0","0","0","0","0","0","0","0","0","0","0","0","0","0","0","0","0","0","0","0","0","0","0","0","0","0","0","0","0","0","0","0","0","0","0","0","0","0","0","0","0","0","0","0","0","0","0","0","0","0","0","0"
"54201","SRR9865838_CLEAN_REPAIRED_minContig2500_bin.1","1","1","0","1","0","0","0","1","1","1","1","1","1","1","1","1","1","1","1","1","1","0","0","0","0","0","0","0","0","0","0","0","0","0","0","0","0","0","0","0","0","0","0","0","0","0","0","0","0","0","0","0","0","0","0","0","0","0","0","0","0","0","0","0","0","0","0","0","0","0","0","0","0","0","0","0","0","0","0","0","0"
"54243","SRR9865839_CLEAN_REPAIRED_minContig2500_bin.3","1","1","0","1","0","0","0","1","1","1","1","1","1","1","1","1","1","1","1","1","1","0","1","0","0","0","0","0","0","0","0","0","0","0","0","0","0","0","0","0","0","0","0","0","0","0","0","0","0","0","0","0","0","0","0","0","0","0","0","0","0","0","0","0","0","0","0","0","0","0","0","0","0","0","0","0","0","0","0","0","0"
