"","Sample","Patient_ID","Microbiota","DNA_concentration","Experiment","Plate","Well_nextera","Adapter_plate","AdapterN","AdapterS","Tissue","Mouse","Sex","Survived","DEAD_DOL","Collection","Date.of.Extraction","Antibiotic","DOL","Antibiotic_day","Abx_relative","Abx_relativeinfxn","Infection","DPI","Adult","Notes","Total_Preprocessed_Reads","Total_Postprocessed_Reads","retainedreads","Resequence_DNA_concentration","Reseq_total_preprocessed_reads","Reseq_total_postprocessed_reads","Reseq_retainedreads","original_preprocessed_reads","original_postprocessed_reads","Resequence_Nextera","Resequence_nextera_plate","AdapterN2","AdapterS3"
"25","GF20_d40_c5","40.01 (11/14/09)","B","0.528","GF20","","C02","3","AM-F0243","AM-R0243","colon","c5","F","yes",NA,"40","","meropenem/probenecid","10","0","after1xmeropro","after1xmeropro",NA,NA,"no","",5554436,59917,"1.078723384","",NA,NA,NA,NA,NA,"",NA,"",""
"27","GF20_d66_c6","40.01 (11/14/09)","B","0.117","GF20","","H05","2","","","colon","c6","M","yes",NA,"66","","meropenem/probenecid","10","0","after1xmeropro","after1xmeropro",NA,NA,"no","",1802971,680378,"37.7364916","",NA,NA,NA,NA,NA,"",NA,"",""
"28","GF20_d66_c7","40.01 (11/14/09)","B","0.416","GF20","","H04","2","","","colon","c7","M","yes",NA,"66","","meropenem/probenecid","10","0","after1xmeropro","after1xmeropro",NA,NA,"no","",3214139,221180,"6.881469656","",NA,NA,NA,NA,NA,"",NA,"",""
"29","GF20_d66_c8","40.01 (11/14/09)","B","0.562","GF20","","H03","2","","","colon","c8","F","yes",NA,"66","","meropenem/probenecid","10","0","after1xmeropro","after1xmeropro",NA,NA,"no","",3065658,233296,"7.609981283","",NA,NA,NA,NA,NA,"",NA,"",""
"30","GF20_d66_c9","40.01 (11/14/09)","B","1.196","GF20","","H02","2","","","colon","c9","M","yes",NA,"66","","meropenem/probenecid","10","0","after1xmeropro","after1xmeropro",NA,NA,"no","",2092281,172506,"8.244877242","",NA,NA,NA,NA,NA,"",NA,"",""
"32","GF20_d68_b6","40.01 (11/14/09)","B","0.575","GF20","","A07","3","AM-F0224","AM-R0224","colon","b6","M","yes",NA,"68","","meropenem/probenecid","10","0","after1xmeropro","after1xmeropro",NA,NA,"no","",22824,81089,"355.2795303","",NA,NA,NA,NA,NA,"",NA,"",""
"33","GF20_d68_b7","40.01 (11/14/09)","B","1.006","GF20","","A08","3","AM-F0225","AM-R0225","colon","b7","F","yes",NA,"68","","meropenem/probenecid","10","0","after1xmeropro","after1xmeropro",NA,NA,"no","",626831,52918,"8.442147884","",NA,NA,NA,NA,NA,"",NA,"",""
"35","GF20_d81_a5","40.01 (11/14/09)","B","0.928","GF20","","B04","3","AM-F0233","AM-R0233","colon","a5","M","yes",NA,"81","","meropenem/probenecid","10","0","after1xmeropro","after1xmeropro",NA,NA,"no","",3655190,223150,"6.105017797","",NA,NA,NA,NA,NA,"",NA,"",""
"36","GF20_d81_a6","40.01 (11/14/09)","B","0.856","GF20","","B05","3","AM-F0234","AM-R0234","colon","a6","F","yes",NA,"81","","meropenem/probenecid","10","0","after1xmeropro","after1xmeropro",NA,NA,"no","",204882,85721,"41.83920501","",NA,NA,NA,NA,NA,"",NA,"",""
"37","GF20_d81_a7","40.01 (11/14/09)","B","1.178","GF20","","B06","3","AM-F0235","AM-R0235","colon","a7","M","yes",NA,"81","","meropenem/probenecid","10","0","after1xmeropro","after1xmeropro",NA,NA,"no","",3659004,582946,"15.93182188","",NA,NA,NA,NA,NA,"",NA,"",""
"67","GF20_d81_a1","40.01 (11/14/09)","B","0.642","GF20","","A12","3","AM-F0229","AM-R0229","colon","a1","M","yes",NA,"81","","PBS","10","0","after1xPBS","after1xPBS",NA,NA,"no","",1857834,75252,"4.050523351","",NA,NA,NA,NA,NA,"",NA,"",""
"68","GF20_d81_a2","40.01 (11/14/09)","B","1.1","GF20","","B01","3","AM-F0230","AM-R0230","colon","a2","F","yes",NA,"81","","PBS","10","0","after1xPBS","after1xPBS",NA,NA,"no","",873482,80134,"9.174087159","",NA,NA,NA,NA,NA,"",NA,"",""
"94","GF20_d81_a3","40.01 (11/14/09)","B","1.043","GF20","","B02","3","AM-F0231","AM-R0231","colon","a3","F","yes",NA,"81","","probenecid","10","0","after1xpro","after1xpro",NA,NA,"no","",5532545,193219,"3.492407201","",NA,NA,NA,NA,NA,"",NA,"",""
"95","GF20_d81_a4","40.01 (11/14/09)","B","1.012","GF20","","B03","3","AM-F0232","AM-R0232","colon","a4","M","yes",NA,"81","","probenecid","10","0","after1xpro","after1xpro",NA,NA,"no","",385612,162876,"42.23831209","",NA,NA,NA,NA,NA,"",NA,"",""
"118","GF20_d66_c1","40.01 (11/14/09)","B","1.355","GF20","","H10","2","","","colon","c1","M","yes",NA,"66","","vancomycin/probenecid","10","0","after1xvancpro","after1xvancpro",NA,NA,"no","",15200104,2265292,"14.90313487","",NA,NA,NA,NA,NA,"",NA,"",""
"119","GF20_d66_c10","40.01 (11/14/09)","B","0.942","GF20","","H01","2","","","colon","c10","M","yes",NA,"66","","vancomycin/probenecid","10","0","after1xvancpro","after1xvancpro",NA,NA,"no","",2983418,335235,"11.23660848","",NA,NA,NA,NA,NA,"",NA,"",""
"120","GF20_d66_c2","40.01 (11/14/09)","B","0.331","GF20","","H09","2","","","colon","c2","F","yes",NA,"66","","vancomycin/probenecid","10","0","after1xvancpro","after1xvancpro",NA,NA,"no","",1730878,175891,"10.16195249","",NA,NA,NA,NA,NA,"",NA,"",""
"121","GF20_d66_c3","40.01 (11/14/09)","B","1.101","GF20","","H08","2","","","colon","c3","F","yes",NA,"66","","vancomycin/probenecid","10","0","after1xvancpro","after1xvancpro",NA,NA,"no","",3394713,310300,"9.140684352","",NA,NA,NA,NA,NA,"",NA,"",""
"122","GF20_d66_c4","40.01 (11/14/09)","B","0.838","GF20","","H07","2","","","colon","c4","M","yes",NA,"66","","vancomycin/probenecid","10","0","after1xvancpro","after1xvancpro",NA,NA,"no","",2039376,191539,"9.392039526","",NA,NA,NA,NA,NA,"",NA,"",""
"123","GF20_d66_c5","40.01 (11/14/09)","B","0.159","GF20","","H06","2","","","colon","c5","F","yes",NA,"66","","vancomycin/probenecid","10","0","after1xvancpro","after1xvancpro",NA,NA,"no","",2772528,294416,"10.61904515","",NA,NA,NA,NA,NA,"",NA,"",""
"125","GF20_d68_b3","40.01 (11/14/09)","B","0.809","GF20","","A04","3","AM-F0221","AM-R0221","colon","b3","F","yes",NA,"68","","vancomycin/probenecid","10","0","after1xvancpro","after1xvancpro",NA,NA,"no","",227207,318543,"140.1994657","",NA,NA,NA,NA,NA,"",NA,"",""
"126","GF20_d68_b4","40.01 (11/14/09)","B","0.31","GF20","","A05","3","AM-F0222","AM-R0222","colon","b4","F","yes",NA,"68","","vancomycin/probenecid","10","0","after1xvancpro","after1xvancpro",NA,NA,"no","",5351,53547,"1000.69146","",NA,NA,NA,NA,NA,"",NA,"",""
"256","gnoto1_BA1_d20_colon","40.01 (11/14/09)","B","16.9","gnoto1","3","F7","7","AM-F0648","AM-R0668","colon","BA1","F","yes",NA,"20","","ampicillin","20",NA,"afteramp","afterampafter","E. coli","7","no","",1748426,1147422,"65.62599733","",NA,NA,NA,NA,NA,"",NA,"",""
"257","gnoto1_BA2_d20_colon","40.01 (11/14/09)","B","5.71","gnoto1","3","F8","7","AM-F0640","AM-R0669","colon","BA2","M","yes",NA,"20","","ampicillin","20",NA,"afteramp","afterampafter","E. coli","7","no","",3814821,1271162,"33.3216683","",NA,NA,NA,NA,NA,"",NA,"",""
"258","gnoto1_BA3_d20_colon","40.01 (11/14/09)","B","13.3","gnoto1","3","F9","7","AM-F0641","AM-R0670","colon","BA3","M","yes",NA,"20","","ampicillin","20",NA,"afteramp","afterampafter","E. coli","7","no","",2265458,1584728,"69.95177134","",NA,NA,NA,NA,NA,"",NA,"",""
"259","gnoto1_BA4_d20_colon","40.01 (11/14/09)","B","10.2","gnoto1","3","F10","7","AM-F0642","AM-R0671","colon","BA4","M","yes",NA,"20","","ampicillin","20",NA,"afteramp","afterampafter","E. coli","7","no","",1577282,839754,"53.24057461","",NA,NA,NA,NA,NA,"",NA,"",""
"260","gnoto2_BA1_d20_colon","40.01 (11/14/09)","B","27.1","gnoto2","4","A11","8","AM-F0694","AM-R0708","colon","BA1","F","yes",NA,"20","","ampicillin","20",NA,"afteramp","afterampafter","E. coli","7","no","",1341640,112342,"8.3734832","",NA,NA,NA,NA,NA,"",NA,"",""
"261","gnoto2_BA2_d20_colon","40.01 (11/14/09)","B","41.9","gnoto2","4","A12","8","AM-F0711","AM-R0709","colon","BA2","M","yes",NA,"20","","ampicillin","20",NA,"afteramp","afterampafter","E. coli","7","no","",992405,381853,"38.47753689","",NA,NA,NA,NA,NA,"",NA,"",""
"262","gnoto2_BA3_d20_colon","40.01 (11/14/09)","B","38.4","gnoto2","4","B1","8","AM-F0713","AM-R0710","colon","BA3","M","yes",NA,"20","","ampicillin","20",NA,"afteramp","afterampafter","E. coli","7","no","",1198378,370176,"30.88975265","",NA,NA,NA,NA,NA,"",NA,"",""
"263","gnoto2_BA5_d20_colon","40.01 (11/14/09)","B","18.2","gnoto2","4","B2","8","AM-F0679","AM-R0711","colon","BA5","F","yes",NA,"20","","ampicillin","20",NA,"afteramp","afterampafter","E. coli","7","no","",864850,284960,"32.94906631","",NA,NA,NA,NA,NA,"",NA,"",""
"264","gnoto2_BA6_d20_colon","40.01 (11/14/09)","B","11.1","gnoto2","4","B3","8","AM-F0697","AM-R0712","colon","BA6","F","yes",NA,"20","","ampicillin","20",NA,"afteramp","afterampafter","E. coli","7","no","",1211843,172101,"14.20159212","",NA,NA,NA,NA,NA,"",NA,"",""
"265","gnoto2_BA7_d20_colon","40.01 (11/14/09)","B","11.4","gnoto2","4","B4","8","AM-F0680","AM-R0713","colon","BA7","F","yes",NA,"20","","ampicillin","20",NA,"afteramp","afterampafter","E. coli","7","no","",1185448,312609,"26.37053671","",NA,NA,NA,NA,NA,"",NA,"",""
"275","GF11_B5_d74_colon","40.01 (11/14/09)","B","3.92","GF11","2","A7","6","AM-F0493","AM-R0512","colon","B_2_5","M","yes",NA,"74","","ampicillin/gentamicin/probenecid","13","3","afterampgent","afterampgent",NA,NA,"no","",1226002,103076,"8.407490363","",NA,NA,NA,NA,NA,"",NA,"",""
"276","GF11_B7_d74_colon","40.01 (11/14/09)","B","1.22","GF11","2","A8","6","AM-F0514","AM-R0513","colon","B_2_7","M","yes",NA,"74","","ampicillin/gentamicin/probenecid","13","3","afterampgent","afterampgent",NA,NA,"no","",398429,829142,"208.1028238","4.6",NA,NA,NA,NA,NA,"B01",1,"AM-F0038","AM-R0038"
"393","GF2_A2_day34","40.01 (11/14/09)","B","2.99","GF2","GF2/3 1","H9","5","N706","S621","stool","A2",NA,"yes",NA,"34","","meropenem","16",NA,"aftermero","aftermero","C. rodentium","0","no","",1292079,345188,"26.71570392","",NA,NA,NA,NA,NA,"",NA,"",""
"394","GF2_A6_d33","40.01 (11/14/09)","B","6.39","GF2","GF2/3 1","H8","5","N703","S620","stool","A6",NA,"yes",NA,"33","","meropenem","15","5","aftermero","aftermero","C. rodentium","-1","no","",1393887,318329,"22.83750404","",NA,NA,NA,NA,NA,"",NA,"",""
"408","GF20_d36_b5","40.01 (11/14/09)","B","6.019","GF20","","C10","3","AM-F0251","AM-R0251","colon","b5","M","yes",NA,"36","","meropenem/probenecid","13","3","aftermero","aftermero",NA,NA,"no","",3058381,84989,"2.778888569","",NA,NA,NA,NA,NA,"",NA,"",""
"455","GF4_B3_d38","40.01 (11/14/09)","B","1.768","GF4","GF4_DNA","C2","5","N713","S514","stool","B3","F","yes",NA,"38","","meropenem/probenecid","13","3","aftermero","aftermero","E. coli","-1","no","",1810188,1308420,"72.28089016","",NA,NA,NA,NA,NA,"",NA,"",""
"456","GF4_B4_d38","40.01 (11/14/09)","B","1.138","GF4","GF4_DNA","C3","5","N710","S615","stool","B4",NA,"no","15","38","","meropenem/probenecid","13","3","aftermero","aftermero","E. coli","-1","no","",1568208,1124619,"71.71363748","",NA,NA,NA,NA,NA,"",NA,"",""
"457","GF5_A1_COLON_190628","40.01 (11/14/09)","B","10.121","GF5","GF5","C10","9","N820","S534","colon","A_1_1","M","yes",NA,"49","","meropenem/probenecid","13","3","aftermero","aftermero",NA,NA,"no","",860505,86452,"10.04665865","",NA,NA,NA,NA,NA,"",NA,"",""
"459","GF5_A1_D83","40.01 (11/14/09)","B","0.051","GF5","GF5","G3","9","N820","S527","stool","A_3_1","F","yes",NA,"83","","meropenem/probenecid","14",NA,"aftermero","aftermero","E. coli","0","no","",1109699,901177,"81.20913869","",NA,NA,NA,NA,NA,"",NA,"",""
"460","GF5_A2_COLON_190628","40.01 (11/14/09)","B","1.335","GF5","GF5","C11","9","N819","S535","colon","A_1_2","M","yes",NA,"49","","meropenem/probenecid","13","3","aftermero","aftermero",NA,NA,"no","",2830660,60975,"2.154091272","",NA,NA,NA,NA,NA,"",NA,"",""
"461","GF5_A3_COLON_190628","40.01 (11/14/09)","B","3.28","GF5","GF5","C12","9","N818","S536","colon","A_1_3","M","yes",NA,"49","","meropenem/probenecid","13","3","aftermero","aftermero",NA,NA,"no","",2295079,128237,"5.58747651","",NA,NA,NA,NA,NA,"",NA,"",""
"464","GF5_A6_D82","40.01 (11/14/09)","B","LOW","GF5","GF5","F10","9","N821","S534","stool","A_3_6",NA,"yes",NA,"82","","meropenem/probenecid","13","3","aftermero","aftermero","E. coli","-1","no","",2680160,274196,"10.23058325","",NA,NA,NA,NA,NA,"",NA,"",""
"466","GF5_A7_D82","40.01 (11/14/09)","B","2.43","GF5","GF5","F11","9","N821","S535","stool","A_3_7","F","yes",NA,"82","","meropenem/probenecid","13","3","aftermero","aftermero","E. coli","-1","no","",2700641,1760947,"65.20477916","",NA,NA,NA,NA,NA,"",NA,"",""
"467","GF5_A7_D83","40.01 (11/14/09)","B","2.57","GF5","GF5","G4","9","N823","S528","stool","A_3_7","F","yes",NA,"83","","meropenem/probenecid","14",NA,"aftermero","aftermero","E. coli","0","no","",976705,901985,"92.34978832","",NA,NA,NA,NA,NA,"",NA,"",""
"468","GF5_A8_D83","40.01 (11/14/09)","B","3.991","GF5","GF5","G5","9","N819","S529","stool","A_3_8","F","yes",NA,"83","","meropenem/probenecid","14",NA,"aftermero","aftermero","E. coli","0","no","",1450146,1314307,"90.63273629","",NA,NA,NA,NA,NA,"",NA,"",""
"473","GF6_B1_D91","40.01 (11/14/09)","B","0.869","GF6","GF6","F12","1","N701","S512","stool","B_3_1","M","yes",NA,"91","","meropenem/probenecid","14",NA,"aftermero","aftermero","E. coli","0","no","",3886432,1453520,"37.39985673","",NA,NA,NA,NA,NA,"",NA,"",""
"474","GF6_B3_D91","40.01 (11/14/09)","B","6.846","GF6","GF6","G2","1","N705","S502","stool","B_3_3","M","yes",NA,"91","","meropenem/probenecid","14",NA,"aftermero","aftermero","E. coli","0","no","",2389912,1059920,"44.34975012","",NA,NA,NA,NA,NA,"",NA,"",""
"476","GF6_B5_D90","40.01 (11/14/09)","B","0.624","GF6","GF6","F6","1","N704","S506","stool","B_3_5","F","yes",NA,"90","","meropenem/probenecid","13","3","aftermero","aftermero","E. coli","-1","no","",1671106,551460,"32.99970199","",NA,NA,NA,NA,NA,"",NA,"",""
"477","GF6_B5_D91","40.01 (11/14/09)","B","0.762","GF6","GF6","G1","1","N705","S501","stool","B_3_5","F","yes",NA,"91","","meropenem/probenecid","14",NA,"aftermero","aftermero","E. coli","0","no","",5107866,1738648,"34.03863766","",NA,NA,NA,NA,NA,"",NA,"",""
"478","GF6_B6_D90","40.01 (11/14/09)","B","2.856","GF6","GF6","F8","1","N704","S508","stool","B_3_6","M","yes",NA,"90","","meropenem/probenecid","13","3","aftermero","aftermero","E. coli","-1","no","",2368334,500962,"21.15250636","",NA,NA,NA,NA,NA,"",NA,"",""
"479","GF6_B6_D91","40.01 (11/14/09)","B","2.321","GF6","GF6","G3","1","N705","S503","stool","B_3_6","M","yes",NA,"91","","meropenem/probenecid","14",NA,"aftermero","aftermero","E. coli","0","no","",2042556,361013,"17.67457049","",NA,NA,NA,NA,NA,"",NA,"",""
"480","GF6_B7_D90","40.01 (11/14/09)","B","0.829","GF6","GF6","F7","1","N704","S507","stool","B_3_7","F","yes",NA,"90","","meropenem/probenecid","13","3","aftermero","aftermero","E. coli","-1","no","",3678668,1397663,"37.9937249","",NA,NA,NA,NA,NA,"",NA,"",""
"481","GF6_B7_D91","40.01 (11/14/09)","B","1.09","GF6","GF6","G4","1","N707","S504","stool","B_3_7","F","yes",NA,"91","","meropenem/probenecid","14",NA,"aftermero","aftermero","E. coli","0","no","",1809998,219488,"12.12642224","",NA,NA,NA,NA,NA,"",NA,"",""
"482","GF6_B8_D91","40.01 (11/14/09)","B","0.529","GF6","GF6","G5","1","N708","S505","stool","B_3_8","F","yes",NA,"91","","meropenem/probenecid","14",NA,"aftermero","aftermero","E. coli","0","no","",3721394,1457927,"39.17690521","",NA,NA,NA,NA,NA,"",NA,"",""
"503","Gn3_B13_Cwash","","B","","gnoto3","","","","","","colon","B13","M","yes",NA,"","","meropenem/probenecid","13","3","aftermero","aftermero",NA,NA,"no","",746268,129377,"17.33653326","",NA,NA,NA,NA,NA,"",NA,"",""
"627","GF2_A1_d37","40.01 (11/14/09)","B","21","GF2","GF2/3 1","H7","5","N712","S519","stool","A1",NA,"yes",NA,"37","","meropenem","19",NA,"aftermero","aftermeroafter","C. rodentium","3","no","",4895974,4141183,"84.58343529","",NA,NA,NA,NA,NA,"",NA,"",""
"628","GF2_A1_d39","40.01 (11/14/09)","B","19.7","GF2","GF2_1","F6","3","N704","S530","stool","A1",NA,"yes",NA,"39","","meropenem","21",NA,"aftermero","aftermeroafter","C. rodentium","5","no","",1314821,1040696,"79.15115442","",NA,NA,NA,NA,NA,"",NA,"",""
"629","GF2_A1_day41","40.01 (11/14/09)","B","22.8","GF2","GF2_2","D4","6","N706","S528","stool","A1",NA,"yes",NA,"41","","meropenem","23",NA,"aftermero","aftermeroafter","C. rodentium","7","no","",548204,461105,"84.11193643","",NA,NA,NA,NA,NA,"",NA,"",""
"630","GF2_A1_day42","40.01 (11/14/09)","B","0.979","GF2","GF2/3 1","H12","5","N706","S524","stool","A1",NA,"yes",NA,"42","","meropenem","24",NA,"aftermero","aftermeroafter","C. rodentium","8","no","",1502009,946132,"62.99110059","",NA,NA,NA,NA,NA,"",NA,"",""
"631","GF2_A1_day44","40.01 (11/14/09)","B","2.91","GF2","Anna's plate 4","C5","4","N702","S505","stool","A1",NA,"yes",NA,"44","","meropenem","26",NA,"aftermero","aftermeroafter","C. rodentium","10","no","",1550595,952966,"61.45808544","",NA,NA,NA,NA,NA,"",NA,"",""
"632","GF2_A2_Colon","40.01 (11/14/09)","B","6.19","GF2","GF2_2","A7","6","N703","S531","colon","A2",NA,"yes",NA,"45","","meropenem","27",NA,"aftermero","aftermeroafter","C. rodentium","11","no","",3465307,1364111,"39.3647951","",NA,NA,NA,NA,NA,"",NA,"",""
"633","GF2_A2_d36","40.01 (11/14/09)","B","5.3","GF2","GF2_1","E10","3","N815","S534","stool","A2",NA,"yes",NA,"36","","meropenem","18",NA,"aftermero","aftermeroafter","C. rodentium","2","no","",852431,722702,"84.78129022","",NA,NA,NA,NA,NA,"",NA,"",""
"634","GF2_A2_D37","40.01 (11/14/09)","B","5.33","GF2","GF2_1","F2","3","N711","S526","stool","A2",NA,"yes",NA,"37","","meropenem","19",NA,"aftermero","aftermeroafter","C. rodentium","3","no","",577285,340521,"58.98663572","",NA,NA,NA,NA,NA,"",NA,"",""
"635","GF2_A2_d39","40.01 (11/14/09)","B","24.4","GF2","GF2_1","F7","3","N815","S531","stool","A2",NA,"yes",NA,"39","","meropenem","21",NA,"aftermero","aftermeroafter","C. rodentium","5","no","",1276546,1095670,"85.83082787","",NA,NA,NA,NA,NA,"",NA,"",""
"636","GF2_A2_day41","40.01 (11/14/09)","B","23.5","GF2","GF2_2","D5","6","N706","S529","stool","A2",NA,"yes",NA,"41","","meropenem","23",NA,"aftermero","aftermeroafter","C. rodentium","7","no","",637041,532161,"83.53638149","",NA,NA,NA,NA,NA,"",NA,"",""
"637","GF2_A2_day42","40.01 (11/14/09)","B","22.5","GF2","Anna's plate 4","C1","4","N702","S501","stool","A2",NA,"yes",NA,"42","","meropenem","24",NA,"aftermero","aftermeroafter","C. rodentium","8","no","",2232136,1912370,"85.67443919","",NA,NA,NA,NA,NA,"",NA,"",""
"638","GF2_A2_day44","40.01 (11/14/09)","B","36.9","GF2","Anna's plate 4","C6","4","N815","S506","stool","A2",NA,"yes",NA,"44","","meropenem","26",NA,"aftermero","aftermeroafter","C. rodentium","10","no","",1802622,1481304,"82.17496513","",NA,NA,NA,NA,NA,"",NA,"",""
"639","GF2_A3_Colon","40.01 (11/14/09)","B","11.3","GF2","GF2_2","A8","6","N815","S532","colon","A3",NA,"yes",NA,"45","","meropenem","27",NA,"aftermero","aftermeroafter","C. rodentium","11","no","",2434629,929883,"38.19403285","",NA,NA,NA,NA,NA,"",NA,"",""
"640","GF2_A3_d37","40.01 (11/14/09)","B","33.5","GF2","GF2_1","F3","3","N712","S527","stool","A3",NA,"yes",NA,"37","","meropenem","19",NA,"aftermero","aftermeroafter","C. rodentium","3","no","",837009,721426,"86.19094896","",NA,NA,NA,NA,NA,"",NA,"",""
"641","GF2_A3_d39","40.01 (11/14/09)","B","19.7","GF2","GF2_1","F8","3","N711","S532","stool","A3",NA,"yes",NA,"39","","meropenem","21",NA,"aftermero","aftermeroafter","C. rodentium","5","no","",767206,598456,"78.00460372","",NA,NA,NA,NA,NA,"",NA,"",""
"642","GF2_A3_day41","40.01 (11/14/09)","B","64.7","GF2","Anna's plate 4","D7","4","N706","S507","stool","A3",NA,"yes",NA,"41","","meropenem","23",NA,"aftermero","aftermeroafter","C. rodentium","7","no","",1693032,1402349,"82.83062576","",NA,NA,NA,NA,NA,"",NA,"",""
"644","GF2_A4_Colon","40.01 (11/14/09)","B","16.4","GF2","GF2_2","A9","6","N703","S533","colon","A4",NA,"yes",NA,"45","","meropenem","27",NA,"aftermero","aftermeroafter","C. rodentium","11","no","",2717513,763280,"28.08744613","",NA,NA,NA,NA,NA,"",NA,"",""
"645","GF2_A4_d36","40.01 (11/14/09)","B","18.9","GF2","GF2/3 1","H5","5","N815","S617","stool","A4",NA,"yes",NA,"36","","meropenem","18",NA,"aftermero","aftermeroafter","C. rodentium","2","no","",1199668,1024795,"85.42321709","",NA,NA,NA,NA,NA,"",NA,"",""
"646","GF2_A4_d37","40.01 (11/14/09)","B","21.3","GF2","GF2_1","F4","3","N712","S528","stool","A4",NA,"yes",NA,"37","","meropenem","19",NA,"aftermero","aftermeroafter","C. rodentium","3","no","",1901055,1609817,"84.68019074","",NA,NA,NA,NA,NA,"",NA,"",""
"647","GF2_A4_D39","40.01 (11/14/09)","B","24.1","GF2","GF2_1","F9","3","N815","S533","stool","A4",NA,"yes",NA,"39","","meropenem","21",NA,"aftermero","aftermeroafter","C. rodentium","5","no","",643345,433365,"67.36121366","",NA,NA,NA,NA,NA,"",NA,"",""
"648","GF2_A4_day41","40.01 (11/14/09)","B","46.7","GF2","Anna's plate 4","D8","4","N702","S508","stool","A4",NA,"yes",NA,"41","","meropenem","23",NA,"aftermero","aftermeroafter","C. rodentium","7","no","",1555296,1344063,"86.41846954","",NA,NA,NA,NA,NA,"",NA,"",""
"649","GF2_A4_day42","40.01 (11/14/09)","B","17.6","GF2","Anna's plate 4","C3","4","N712","S503","stool","A4",NA,"yes",NA,"42","","meropenem","24",NA,"aftermero","aftermeroafter","C. rodentium","8","no","",1612136,1241398,"77.00330493","",NA,NA,NA,NA,NA,"",NA,"",""
"650","GF2_A4_day44","40.01 (11/14/09)","B","6.5","GF2","Anna's plate 4","C7","4","N704","S507","stool","A4",NA,"yes",NA,"44","","meropenem","26",NA,"aftermero","aftermeroafter","C. rodentium","10","no","",1747712,1136130,"65.00670591","",NA,NA,NA,NA,NA,"",NA,"",""
"651","GF2_A5_Colon","40.01 (11/14/09)","B","12.1","GF2","GF2_2","A10","6","N711","S534","colon","A5",NA,"yes",NA,"45","","meropenem","27",NA,"aftermero","aftermeroafter","C. rodentium","11","no","",1602871,651684,"40.65729557","",NA,NA,NA,NA,NA,"",NA,"",""
"652","GF2_A5_d39","40.01 (11/14/09)","B","33.1","GF2","GF2_1","F10","3","N712","S534","stool","A5",NA,"yes",NA,"39","","meropenem","21",NA,"aftermero","aftermeroafter","C. rodentium","5","no","",1214368,984337,"81.05755422","",NA,NA,NA,NA,NA,"",NA,"",""
"653","GF2_A5_day42","40.01 (11/14/09)","B","19.4","GF2","Anna's plate 4","C4","4","N706","S504","stool","A5",NA,"yes",NA,"42","","meropenem","24",NA,"aftermero","aftermeroafter","C. rodentium","8","no","",178648,66691,"37.33095249","",NA,NA,NA,NA,NA,"",NA,"",""
"654","GF2_A6_Colon","40.01 (11/14/09)","B","6.67","GF2","Anna's plate 4","D3","4","N702","S503","colon","A6",NA,"yes",NA,"45","","meropenem","27",NA,"aftermero","aftermeroafter","C. rodentium","11","no","",1308059,295562,"22.59546397","",NA,NA,NA,NA,NA,"",NA,"",""
"655","GF2_A6_d36","40.01 (11/14/09)","B","66.4","GF2","GF2/3 1","H6","5","N815","S618","stool","A6",NA,"yes",NA,"36","","meropenem","18",NA,"aftermero","aftermeroafter","C. rodentium","2","no","",1420537,1304453,"91.82816076","",NA,NA,NA,NA,NA,"",NA,"",""
"656","GF2_A6_d37","40.01 (11/14/09)","B","19.6","GF2","GF2_1","F5","3","N712","S529","stool","A6",NA,"yes",NA,"37","","meropenem","19",NA,"aftermero","aftermeroafter","C. rodentium","3","no","",1498217,1300074,"86.77474625","",NA,NA,NA,NA,NA,"",NA,"",""
"657","GF2_A6_D39","40.01 (11/14/09)","B","12.3","GF2","GF2_1","F11","3","N704","S535","stool","A6",NA,"yes",NA,"39","","meropenem","21",NA,"aftermero","aftermeroafter","C. rodentium","5","no","",572561,406955,"71.0762696","",NA,NA,NA,NA,NA,"",NA,"",""
"658","GF2_A6_day44","40.01 (11/14/09)","B","53.8","GF2","Anna's plate 4","C8","4","N701","S508","stool","A6",NA,"yes",NA,"44","","meropenem","26",NA,"aftermero","aftermeroafter","C. rodentium","10","no","",1932692,1689169,"87.39980297","",NA,NA,NA,NA,NA,"",NA,"",""
"659","GF2_colon_A1_day45","40.01 (11/14/09)","B","13.2","GF2","GF2_1","H12","3","N712","S536","colon","A1",NA,"yes",NA,"45","","meropenem","27",NA,"aftermero","aftermeroafter","C. rodentium","11","no","",1161057,472873,"40.72780234","",NA,NA,NA,NA,NA,"",NA,"",""
"679","GF4_B3_d42","40.01 (11/14/09)","B","11.8","GF4","GF4_DNA","D1","5","N713","S613","stool","B3","F","yes",NA,"42","","meropenem/probenecid","17",NA,"aftermero","aftermeroafter","E. coli","3","no","",999267,896667,"89.7324739","",NA,NA,NA,NA,NA,"",NA,"",""
"680","GF4_B3_d43","40.01 (11/14/09)","B","11.739","GF4","GF4_DNA","D3","5","N709","S615","stool","B3","F","yes",NA,"43","","meropenem/probenecid","18",NA,"aftermero","aftermeroafter","E. coli","4","no","",1155284,1071239,"92.72516541","",NA,NA,NA,NA,NA,"",NA,"",""
"681","GF4_B3_d44","40.01 (11/14/09)","B","26.294","GF4","GF4_DNA","D8","5","N711","S620","stool","B3","F","yes",NA,"44","","meropenem/probenecid","19",NA,"aftermero","aftermeroafter","E. coli","5","no","",1499531,1369720,"91.34322665","",NA,NA,NA,NA,NA,"",NA,"",""
"682","GF4_B3_d46","40.01 (11/14/09)","B","9.248","GF4","GF4_DNA","E1","5","N709","S613","stool","B3","F","yes",NA,"46","","meropenem/probenecid","21",NA,"aftermero","aftermeroafter","E. coli","7","no","",1108571,906479,"81.7700445","",NA,NA,NA,NA,NA,"",NA,"",""
"683","GF4_B3_LI","40.01 (11/14/09)","B","2.75","GF4","GF4_DNA","E8","5","N815","S620","colon","B3","F","yes",NA,"51","","meropenem/probenecid","26",NA,"aftermero","aftermeroafter","E. coli","12","no","",1237376,1081456,"87.39914141","",NA,NA,NA,NA,NA,"",NA,"",""
"684","GF4_B3_SI","40.01 (11/14/09)","B","1.021","GF4","GF4_DNA","E7","5","N815","S519","SI","B3","F","yes",NA,"51","","meropenem/probenecid","26",NA,"aftermero","aftermeroafter","E. coli","12","no","",1347165,894205,"66.37679868","",NA,NA,NA,NA,NA,"",NA,"",""
"685","GF5_A1_COLON_190815","40.01 (11/14/09)","B","1.816","GF5","GF5","H2","9","N821","S526","colon","A_3_1","F","yes",NA,"97","","meropenem/probenecid","28",NA,"aftermero","aftermeroafter","E. coli","14","no","",411991,732132,"177.7058237","",NA,NA,NA,NA,NA,"",NA,"",""
"686","GF5_A1_D88","40.01 (11/14/09)","B","10.252","GF5","GF5","F6","9","N821","S530","stool","A_3_1","F","yes",NA,"88","","meropenem/probenecid","19",NA,"aftermero","aftermeroafter","E. coli","5","no","",1009383,908950,"90.05006028","",NA,NA,NA,NA,NA,"",NA,"",""
"687","GF5_A7_COLON_190815","40.01 (11/14/09)","B","8.915","GF5","GF5","H3","9","N822","S527","colon","A_3_7","F","yes",NA,"97","","meropenem/probenecid","28",NA,"aftermero","aftermeroafter","E. coli","14","no","",2046823,1635497,"79.90417344","",NA,NA,NA,NA,NA,"",NA,"",""
"688","GF5_A7_D84","40.01 (11/14/09)","B","12.919","GF5","GF5","G8","9","N824","S532","stool","A_3_7","F","yes",NA,"84","","meropenem/probenecid","15",NA,"aftermero","aftermeroafter","E. coli","1","no","",1470035,1351463,"91.9340696","",NA,NA,NA,NA,NA,"",NA,"",""
"689","GF5_A7_D87","40.01 (11/14/09)","B","3.47","GF5","GF5","G12","9","N818","S536","stool","A_3_7","F","yes",NA,"87","","meropenem/probenecid","18",NA,"aftermero","aftermeroafter","E. coli","4","no","",1802398,1633238,"90.61472549","",NA,NA,NA,NA,NA,"",NA,"",""
"690","GF5_A8_COLON_190815","40.01 (11/14/09)","B","7.77","GF5","GF5","H4","9","N818","S528","colon","A_3_8","F","yes",NA,"97","","meropenem/probenecid","28",NA,"aftermero","aftermeroafter","E. coli","14","no","",1420232,1249394,"87.97112021","",NA,NA,NA,NA,NA,"",NA,"",""
"691","GF5_A8_D87","40.01 (11/14/09)","B","34.06","GF5","GF5","H1","9","N818","S525","stool","A_3_8","F","yes",NA,"87","","meropenem/probenecid","18",NA,"aftermero","aftermeroafter","E. coli","4","no","",1368634,1130743,"82.61836254","",NA,NA,NA,NA,NA,"",NA,"",""
"693","GF6_B1_D93","40.01 (11/14/09)","B","0.137","GF6","GF6","H1","1","N702","S501","stool","B_3_1","M","yes",NA,"93","","meropenem/probenecid","16",NA,"aftermero","aftermeroafter","E. coli","3","no","should be d94",2997552,1156992,"38.59789588","",NA,NA,NA,NA,NA,"",NA,"",""
"696","GF6_B3_D93","40.01 (11/14/09)","B","5.157","GF6","GF6","G12","1","N706","S512","stool","B_3_3","M","yes",NA,"93","","meropenem/probenecid","16",NA,"aftermero","aftermeroafter","E. coli","3","no","should be d94",2294746,1006410,"43.85714149","",NA,NA,NA,NA,NA,"",NA,"",""
"698","GF6_B4_D93","40.01 (11/14/09)","B","9.546","GF6","GF6","G11","1","N707","S611","stool","B_3_4","M","yes",NA,"93","","meropenem/probenecid","16",NA,"aftermero","aftermeroafter","E. coli","3","no","should be d94",1885700,827995,"43.9091584","",NA,NA,NA,NA,NA,"",NA,"",""
"701","GF6_B6_D93","40.01 (11/14/09)","B","4.147","GF6","GF6","H3","1","N706","S503","stool","B_3_6","M","yes",NA,"93","","meropenem/probenecid","16",NA,"aftermero","aftermeroafter","E. coli","3","no","should be d94",2684516,1025425,"38.19776079","",NA,NA,NA,NA,NA,"",NA,"",""
"703","GF6_B7_D93","40.01 (11/14/09)","B","5.448","GF6","GF6","H2","1","N703","S502","stool","B_3_7","F","yes",NA,"93","","meropenem/probenecid","16",NA,"aftermero","aftermeroafter","E. coli","3","no","should be d94",3880662,1575896,"40.60894765","",NA,NA,NA,NA,NA,"",NA,"",""
"734","gnoto1_BM1_d20_colon","40.01 (11/14/09)","B","13","gnoto1","3","F2","7","AM-F0643","AM-R0663","colon","BM1","F","yes",NA,"20","","meropenem","20",NA,"aftermero","aftermeroafter","E. coli","7","no","",870744,418282,"48.03731062","",NA,NA,NA,NA,NA,"",NA,"",""
"735","gnoto1_BM2_d20_colon","40.01 (11/14/09)","B","14.3","gnoto1","3","F3","7","AM-F0644","AM-R0664","colon","BM2","F","yes",NA,"20","","meropenem","20",NA,"aftermero","aftermeroafter","E. coli","7","no","",1489638,876908,"58.86718787","",NA,NA,NA,NA,NA,"",NA,"",""
"736","gnoto1_BM3_d20_colon","40.01 (11/14/09)","B","13.7","gnoto1","3","F4","7","AM-F0649","AM-R0665","colon","BM3","M","yes",NA,"20","","meropenem","20",NA,"aftermero","aftermeroafter","E. coli","7","no","",768729,410931,"53.45589928","",NA,NA,NA,NA,NA,"",NA,"",""
"737","gnoto1_BM4_d20_colon","40.01 (11/14/09)","B","3.86","gnoto1","3","F5","7","AM-F0652","AM-R0666","colon","BM4","M","yes",NA,"20","","meropenem","20",NA,"aftermero","aftermeroafter","E. coli","7","no","",2568419,834301,"32.4830567","",NA,NA,NA,NA,NA,"",NA,"",""
"738","gnoto1_BM5_d20_colon","40.01 (11/14/09)","B","8.39","gnoto1","3","F6","7","AM-F0653","AM-R0667","colon","BM5","M","yes",NA,"20","","meropenem","20",NA,"aftermero","aftermeroafter","E. coli","7","no","",1941549,1344220,"69.23441026","",NA,NA,NA,NA,NA,"",NA,"",""
"739","gnoto2_BM1_d20_colon","40.01 (11/14/09)","B","40.7","gnoto2","3","H11","7","AM-F0681","AM-R0696","colon","BM1","M","yes",NA,"20","","meropenem","20",NA,"aftermero","aftermeroafter","E. coli","7","no","",746130,467529,"62.66052833","",NA,NA,NA,NA,NA,"",NA,"",""
"740","gnoto2_BM2_d20_colon","40.01 (11/14/09)","B","1.62","gnoto2","3","H12","7","AM-F0682","AM-R0697","colon","BM2","M","yes",NA,"20","","meropenem","20",NA,"aftermero","aftermeroafter","E. coli","7","no","",383860,67505,"17.58583859","",NA,NA,NA,NA,NA,"",NA,"",""
"741","gnoto2_BM3_d20_colon","40.01 (11/14/09)","B","47.5","gnoto2","4","A1","8","AM-F0683","AM-R0698","colon","BM3","M","yes",NA,"20","","meropenem","20",NA,"aftermero","aftermeroafter","E. coli","7","no","",1406401,511563,"36.37390758","",NA,NA,NA,NA,NA,"",NA,"",""
"742","gnoto2_BM4_d20_colon","40.01 (11/14/09)","B","34.3","gnoto2","4","A2","8","AM-F0684","AM-R0699","colon","BM4","F","yes",NA,"20","","meropenem","20",NA,"aftermero","aftermeroafter","E. coli","7","no","",1962854,376784,"19.19572215","",NA,NA,NA,NA,NA,"",NA,"",""
"743","gnoto2_BM5_d20_colon","40.01 (11/14/09)","B","34.5","gnoto2","4","A3","8","AM-F0685","AM-R0700","colon","BM5","F","yes",NA,"20","","meropenem","20",NA,"aftermero","aftermeroafter","E. coli","7","no","",1092545,404797,"37.05083086","",NA,NA,NA,NA,NA,"",NA,"",""
"744","gnoto2_BM6_d20_colon","40.01 (11/14/09)","B","38.7","gnoto2","4","A4","8","AM-F0686","AM-R0701","colon","BM6","M","yes",NA,"20","","meropenem","20",NA,"aftermero","aftermeroafter","E. coli","7","no","",1343232,554830,"41.30559725","",NA,NA,NA,NA,NA,"",NA,"",""
"745","gnoto2_BM7_d20_colon","40.01 (11/14/09)","B","23.9","gnoto2","4","A5","8","AM-F0687","AM-R0702","colon","BM7","M","yes",NA,"20","","meropenem","20",NA,"aftermero","aftermeroafter","E. coli","7","no","",688316,324292,"47.11382563","",NA,NA,NA,NA,NA,"",NA,"",""
"761","GF2_B1_day32","40.01 (11/14/09)","B","31.1","GF2","GF2/3 1","G11","5","N701","S523","stool","B1",NA,"yes",NA,"32","","PBS","15","5","afterPBS","afterPBS","C. rodentium","-1","no","",1312737,842099,"64.14834045","",NA,NA,NA,NA,NA,"",NA,"",""
"762","GF2_B4_day32","40.01 (11/14/09)","B","26.9","GF2","GF2/3 1","G12","5","N815","S524","stool","B4",NA,"no","26","32","","PBS","15","5","afterPBS","afterPBS","C. rodentium","-1","no","",1517977,968178,"63.78080827","",NA,NA,NA,NA,NA,"",NA,"",""
"770","GF6_A1_COLON_D54","40.01 (11/14/09)","B","43.735","GF6","GF6","B5","1","N701","S505","colon","A_1_1","M","yes",NA,"54","","PBS","13","3","afterPBS","afterPBS",NA,NA,"no","",4798478,108700,"2.265301623","",NA,NA,NA,NA,NA,"",NA,"",""
"772","GF6_A4_COLON_D54","40.01 (11/14/09)","B","31.685","GF6","GF6","B8","1","N701","S508","colon","A_1_4","M","yes",NA,"54","","PBS","13","3","afterPBS","afterPBS",NA,NA,"no","",6211578,51261,"0.825249236","",NA,NA,NA,NA,NA,"",NA,"",""
"775","GF6_B3_D66","40.01 (11/14/09)","B","15.665","GF6","GF6","D1","1","N701","S501","stool","B_2_3","M","yes",NA,"66","","PBS","15","3","afterPBS","afterPBS",NA,NA,"no","",41450866,887810,"2.141837037","",NA,NA,NA,NA,NA,"",NA,"",""
"777","GF6_B7_D66","40.01 (11/14/09)","B","23.017","GF6","GF6","D5","1","N702","S505","stool","B_2_7","F","yes",NA,"66","","PBS","15","3","afterPBS","afterPBS",NA,NA,"no","",4427018,87081,"1.967035146","",NA,NA,NA,NA,NA,"",NA,"",""
"781","Gn3_BP7_Cwash","","B","","gnoto3","","","","AM-F0645","","colon","BP7","F","yes",NA,"","","PBS","13","3","afterPBS","afterPBS",NA,NA,"no","",5492504,96024,"1.748273647","",NA,NA,NA,NA,NA,"",NA,"",""
"782","Gn3_BP8_Cwash","","B","","gnoto3","","","","AM-F0668","","colon","BP8","M","yes",NA,"","","PBS","13","3","afterPBS","afterPBS",NA,NA,"no","",2856816,51965,"1.818983092","",NA,NA,NA,NA,NA,"",NA,"",""
"826","GF2_B1_d34","40.01 (11/14/09)","B","17.2","GF2","GF2/3 1","H2","5","N707","S514","stool","B1",NA,"yes",NA,"34","","PBS","17",NA,"afterPBS","afterPBSafter","C. rodentium","1","no","",1543416,1389873,"90.05174237","",NA,NA,NA,NA,NA,"",NA,"",""
"827","GF2_B1_d35","40.01 (11/14/09)","B","38.1","GF2","GF2_1","E5","3","N711","S529","stool","B1",NA,"yes",NA,"35","","PBS","18",NA,"afterPBS","afterPBSafter","C. rodentium","2","no","",610528,545362,"89.32628807","",NA,NA,NA,NA,NA,"",NA,"",""
"828","GF2_B1_day37","40.01 (11/14/09)","B","41.9","GF2","GF2_2","C6","6","N702","S530","stool","B1",NA,"yes",NA,"37","","PBS","20",NA,"afterPBS","afterPBSafter","C. rodentium","4","no","",768362,681271,"88.66536867","",NA,NA,NA,NA,NA,"",NA,"",""
"829","GF2_B1_day41","40.01 (11/14/09)","B","76.7","GF2","GF2_1","G2","3","N703","S526","stool","B1",NA,"yes",NA,"41","","PBS","24",NA,"afterPBS","afterPBSafter","C. rodentium","8","no","",547928,484114,"88.3535793","",NA,NA,NA,NA,NA,"",NA,"",""
"830","GF2_B1_day44","40.01 (11/14/09)","B","90.8","GF2","Anna's plate 4","C9","4","N703","S509","stool","B1",NA,"yes",NA,"44","","PBS","27",NA,"afterPBS","afterPBSafter","C. rodentium","11","no","",1587913,1339932,"84.38321243","",NA,NA,NA,NA,NA,"",NA,"",""
"831","GF2_B2_d35","40.01 (11/14/09)","B","14","GF2","GF2/3 1","H4","5","N711","S616","stool","B2",NA,"yes",NA,"35","","PBS","18",NA,"afterPBS","afterPBSafter","C. rodentium","2","no","",1689496,1519500,"89.93806437","",NA,NA,NA,NA,NA,"",NA,"",""
"832","GF2_B2_day37","40.01 (11/14/09)","B","26.4","GF2","GF2_2","C7","6","N702","S531","stool","B2",NA,"yes",NA,"37","","PBS","20",NA,"afterPBS","afterPBSafter","C. rodentium","4","no","",545917,489453,"89.65703578","",NA,NA,NA,NA,NA,"",NA,"",""
"833","GF2_B2_day41","40.01 (11/14/09)","B","85.5","GF2","GF2/3 1","H10","5","N711","S622","stool","B2",NA,"yes",NA,"41","","PBS","24",NA,"afterPBS","afterPBSafter","C. rodentium","8","no","",1899913,1699908,"89.47293902","",NA,NA,NA,NA,NA,"",NA,"",""
"834","GF2_B2_day44","40.01 (11/14/09)","B","1.08","GF2","Anna's plate 4","C10","4","N711","S610","stool","B2",NA,"yes",NA,"44","","PBS","27",NA,"afterPBS","afterPBSafter","C. rodentium","11","no","",1543646,1101626,"71.36519642","",NA,NA,NA,NA,NA,"",NA,"",""
"835","GF2_B3_d35","40.01 (11/14/09)","B","10.7","GF2","GF2_1","E7","3","N707","S531","stool","B3",NA,"yes",NA,"35","","PBS","18",NA,"afterPBS","afterPBSafter","C. rodentium","2","no","",674639,612606,"90.80500831","",NA,NA,NA,NA,NA,"",NA,"",""
"836","GF2_B3_day37","40.01 (11/14/09)","B","39.9","GF2","GF2_2","C8","6","N815","S532","stool","B3",NA,"yes",NA,"37","","PBS","20",NA,"afterPBS","afterPBSafter","C. rodentium","4","no","",551626,493962,"89.54654059","",NA,NA,NA,NA,NA,"",NA,"",""
"837","GF2_B3_day41","40.01 (11/14/09)","B","63.8","GF2","GF2_1","G4","3","N703","S528","stool","B3",NA,"yes",NA,"41","","PBS","24",NA,"afterPBS","afterPBSafter","C. rodentium","8","no","",548651,481158,"87.69837292","",NA,NA,NA,NA,NA,"",NA,"",""
"838","GF2_B3_day44","40.01 (11/14/09)","B","0.557","GF2","Anna's plate 4","C11","4","N815","S611","stool","B3",NA,"yes",NA,"44","","PBS","27",NA,"afterPBS","afterPBSafter","C. rodentium","11","no","",1475002,1229714,"83.37032763","",NA,NA,NA,NA,NA,"",NA,"",""
"839","GF2_B4_d35","40.01 (11/14/09)","B","9.55","GF2","GF2_1","E8","3","N711","S532","stool","B4",NA,"no","26","35","","PBS","18",NA,"afterPBS","afterPBSafter","C. rodentium","2","no","",806944,727588,"90.16586033","",NA,NA,NA,NA,NA,"",NA,"",""
"840","GF2_B4_day37","40.01 (11/14/09)","B","34.5","GF2","GF2_2","C9","6","N702","S533","stool","B4",NA,"no","26","37","","PBS","20",NA,"afterPBS","afterPBSafter","C. rodentium","4","no","",550869,496123,"90.06188404","",NA,NA,NA,NA,NA,"",NA,"",""
"841","GF2_B4_day41","40.01 (11/14/09)","B","17.8","GF2","GF2_1","G5","3","N703","S529","stool","B4",NA,"no","26","41","","PBS","24",NA,"afterPBS","afterPBSafter","C. rodentium","8","no","",524495,240858,"45.92188677","",NA,NA,NA,NA,NA,"",NA,"",""
"842","GF2_B5_d34","40.01 (11/14/09)","B","6.78","GF2","GF2/3 1","H3","5","N703","S615","stool","B5",NA,"yes",NA,"34","","PBS","17",NA,"afterPBS","afterPBSafter","C. rodentium","1","no","",1443452,1308576,"90.65601073","",NA,NA,NA,NA,NA,"",NA,"",""
"843","GF2_B5_d35","40.01 (11/14/09)","B","53.2","GF2","GF2_1","E9","3","N711","S533","stool","B5",NA,"yes",NA,"35","","PBS","18",NA,"afterPBS","afterPBSafter","C. rodentium","2","no","",708675,636571,"89.82551946","",NA,NA,NA,NA,NA,"",NA,"",""
"844","GF2_B5_day37","40.01 (11/14/09)","B","49.5","GF2","GF2_2","C10","6","N712","S534","stool","B5",NA,"yes",NA,"37","","PBS","20",NA,"afterPBS","afterPBSafter","C. rodentium","4","no","",533088,458574,"86.02219521","",NA,NA,NA,NA,NA,"",NA,"",""
"845","GF2_B5_day41","40.01 (11/14/09)","B","67.7","GF2","GF2/3 1","H11","5","N708","S523","stool","B5",NA,"yes",NA,"41","","PBS","24",NA,"afterPBS","afterPBSafter","C. rodentium","8","no","",1202380,1079212,"89.75631664","",NA,NA,NA,NA,NA,"",NA,"",""
"847","GF2_colon_B1_day44","40.01 (11/14/09)","B","18.2","GF2","Anna's plate 4","C12","4","","S512","colon","B1",NA,"yes",NA,"44","","PBS","27",NA,"afterPBS","afterPBSafter","C. rodentium","11","no","",1750220,243432,"13.90865148","",NA,NA,NA,NA,NA,"",NA,"",""
"848","GF2_colon_B2_day44","40.01 (11/14/09)","B","16.7","GF2","Anna's plate 4","D1","4","","S501","colon","B2",NA,"yes",NA,"44","","PBS","27",NA,"afterPBS","afterPBSafter","C. rodentium","11","no","",6159921,1209597,"19.63656677","",NA,NA,NA,NA,NA,"",NA,"",""
"849","GF2_colon_B3_day44","40.01 (11/14/09)","B","5.75","GF2","GF2_1","H10","3","","S534","colon","B3",NA,"yes",NA,"44","","PBS","27",NA,"afterPBS","afterPBSafter","C. rodentium","11","no","had day 44 in original id name",563930,317590,"56.31727342","",NA,NA,NA,NA,NA,"",NA,"",""
"850","GF2_colon_B5_day44","40.01 (11/14/09)","B","9.84","GF2","Anna's plate 4","D2","4","","S535","colon","B5",NA,"yes",NA,"44","","PBS","27",NA,"afterPBS","afterPBSafter","C. rodentium","11","no","",1763876,666175,"37.76767755","",NA,NA,NA,NA,NA,"",NA,"",""
"873","gnoto1_BP1_d20_colon","40.01 (11/14/09)","B","5.1","gnoto1","3","F11","7","AM-F0654","AM-R0672","colon","BP1","F","yes",NA,"20","","PBS","20",NA,"afterPBS","afterPBSafter","E. coli","7","no","",1703079,772663,"45.36859418","",NA,NA,NA,NA,NA,"",NA,"",""
"874","gnoto1_BP2_d20_colon","40.01 (11/14/09)","B","11.2","gnoto1","3","F12","7","AM-F0691","AM-R0673","colon","BP2","F","yes",NA,"20","","PBS","20",NA,"afterPBS","afterPBSafter","E. coli","7","no","",1977733,700640,"35.42642005","",NA,NA,NA,NA,NA,"",NA,"",""
"875","gnoto1_BP3_d20_colon","40.01 (11/14/09)","B","4.75","gnoto1","3","G1","7","AM-F0692","AM-R0674","colon","BP3","F","yes",NA,"20","","PBS","20",NA,"afterPBS","afterPBSafter","E. coli","7","no","",1021708,460409,"45.06267936","",NA,NA,NA,NA,NA,"",NA,"",""
"876","gnoto1_BP4_d20_colon","40.01 (11/14/09)","B","9.75","gnoto1","3","G2","7","AM-F0693","AM-R0675","colon","BP4","M","yes",NA,"20","","PBS","20",NA,"afterPBS","afterPBSafter","E. coli","7","no","",1156715,697332,"60.28555003","",NA,NA,NA,NA,NA,"",NA,"",""
"877","gnoto2_BP1_d20_colon","40.01 (11/14/09)","B","26","gnoto2","4","A6","8","AM-F0705","AM-R0703","colon","BP1","M","yes",NA,"20","","PBS","20",NA,"afterPBS","afterPBSafter","E. coli","7","no","",1358318,369361,"27.19252782","",NA,NA,NA,NA,NA,"",NA,"",""
"878","gnoto2_BP2_d20_colon","40.01 (11/14/09)","B","48.5","gnoto2","4","A7","8","AM-F0706","AM-R0704","colon","BP2","F","yes",NA,"20","","PBS","20",NA,"afterPBS","afterPBSafter","E. coli","7","no","",1080074,251031,"23.2420186","",NA,NA,NA,NA,NA,"",NA,"",""
"879","gnoto2_BP4_d20_colon","40.01 (11/14/09)","B","64.4","gnoto2","4","A8","8","AM-F0677","AM-R0705","colon","BP4","F","yes",NA,"20","","PBS","20",NA,"afterPBS","afterPBSafter","E. coli","7","no","",1254816,309365,"24.65421225","",NA,NA,NA,NA,NA,"",NA,"",""
"880","gnoto2_BP5_d20_colon","40.01 (11/14/09)","B","25.6","gnoto2","4","A9","8","AM-F0531","AM-R0706","colon","BP5","M","yes",NA,"20","","PBS","20",NA,"afterPBS","afterPBSafter","E. coli","7","no","",1265056,593418,"46.90843725","",NA,NA,NA,NA,NA,"",NA,"",""
"881","gnoto2_BP6_d20_colon","40.01 (11/14/09)","B","22.4","gnoto2","4","A10","8","AM-F0533","AM-R0707","colon","BP6","F","yes",NA,"20","","PBS","20",NA,"afterPBS","afterPBSafter","E. coli","7","no","",1711117,284176,"16.60763116","",NA,NA,NA,NA,NA,"",NA,"",""
"896","GF11_C1_d74_colon","40.01 (11/14/09)","B","4.22","GF11","2","A9","6","AM-F0515","AM-R0514","colon","C_2_1","F","yes",NA,"74","","probenecid","13","3","afterpro","afterpro",NA,NA,"no","",971830,175433,"18.05181976","9.6",NA,NA,NA,NA,NA,"B02",1,"AM-F0039","AM-R0039"
"897","GF11_C2_d74_colon","40.01 (11/14/09)","B","1.09","GF11","2","A10","6","AM-F0516","AM-R0515","colon","C_2_2","F","yes",NA,"74","","probenecid","13","3","afterpro","afterpro",NA,NA,"no","",447918,361677,"80.74625266","7.3",NA,NA,NA,NA,NA,"B03",1,"AM-F0040","AM-R0040"
"898","GF11_C3_d74_colon","40.01 (11/14/09)","B","3.86","GF11","2","A11","6","N707","AM-R0516","colon","C_2_3","F","yes",NA,"74","","probenecid","13","3","afterpro","afterpro",NA,NA,"no","",1271339,93317,"7.340056429","",NA,NA,NA,NA,NA,"",NA,"",""
"899","GF11_C4_d74_colon","40.01 (11/14/09)","B","2.35","GF11","2","A12","6","AM-F0498","AM-R0517","colon","C_2_4","M","yes",NA,"74","","probenecid","13","3","afterpro","afterpro",NA,NA,"no","",1320174,51290,"3.885093935","",NA,NA,NA,NA,NA,"",NA,"",""
"900","GF11_C5_d74_colon","40.01 (11/14/09)","B","2.07","GF11","2","B1","6","AM-F0506","AM-R0518","colon","C_2_5","F","yes",NA,"74","","probenecid","13","3","afterpro","afterpro",NA,NA,"no","",230833,951221,"412.0818947","23",NA,NA,NA,NA,NA,"B04",1,"AM-F0041","AM-R0041"
"901","GF11_C6_d74_colon","40.01 (11/14/09)","B","1.09","GF11","2","B2","6","AM-F0650","AM-R0519","colon","C_2_6","M","yes",NA,"74","","probenecid","13","3","afterpro","afterpro",NA,NA,"no","",1207257,444083,"36.78446263","",NA,NA,NA,NA,NA,"",NA,"",""
"922","GF4_C1_d39","40.01 (11/14/09)","B","2.26","GF4","GF4_DNA","C8","5","N713","S620","stool","C1","M","yes",NA,"39","","probenecid","14",NA,"afterpro","afterpro","E. coli","0","no","",1643029,1409343,"85.77712262","",NA,NA,NA,NA,NA,"",NA,"",""
"923","GF4_C2_d38","40.01 (11/14/09)","B","2.61","GF4","GF4_DNA","C4","5","N814","S616","stool","C2","F","yes",NA,"38","","probenecid","13","3","afterpro","afterpro","E. coli","-1","no","",2210050,1790753,"81.02771431","",NA,NA,NA,NA,NA,"",NA,"",""
"924","GF4_C2_d39","40.01 (11/14/09)","B","3.562","GF4","GF4_DNA","C9","5","N814","S621","stool","C2","F","yes",NA,"39","","probenecid","14",NA,"afterpro","afterpro","E. coli","0","no","",35372,1203082,"3401.226959","",NA,NA,NA,NA,NA,"",NA,"",""
"925","GF4_C3_d38","40.01 (11/14/09)","B","6.303","GF4","GF4_DNA","C5","5","N713","S617","stool","C3","M","yes",NA,"38","","probenecid","13","3","afterpro","afterpro","E. coli","-1","no","",1636265,494566,"30.22529969","",NA,NA,NA,NA,NA,"",NA,"",""
"926","GF4_C4_D39","40.01 (11/14/09)","B","1.857","GF4","GF4_DNA","C10","5","N814","S622","stool","C4",NA,"no","15","39","","probenecid","14",NA,"afterpro","afterpro","E. coli","0","no","",2396035,1068811,"44.60748695","",NA,NA,NA,NA,NA,"",NA,"",""
"928","GF5_B1_D82","40.01 (11/14/09)","B","0.089","GF5","GF5","F12","9","N824","S536","stool","B_3_1","M","yes",NA,"82","","probenecid","13","3","afterpro","afterpro","E. coli","-1","no","",1284093,650603,"50.66634582","",NA,NA,NA,NA,NA,"",NA,"",""
"930","GF5_B3_D82","40.01 (11/14/09)","B","0.395","GF5","GF5","G1","9","N824","S525","stool","B_3_3","M","yes",NA,"82","","probenecid","13","3","afterpro","afterpro","E. coli","-1","no","",930732,740251,"79.53428054","",NA,NA,NA,NA,NA,"",NA,"",""
"931","GF5_B3_D83","40.01 (11/14/09)","B","2.21","GF5","GF5","G7","9","N821","S531","stool","B_3_3","M","yes",NA,"83","","probenecid","14",NA,"afterpro","afterpro","E. coli","0","no","",944423,734079,"77.72777664","",NA,NA,NA,NA,NA,"",NA,"",""
"932","GF5_B7_D82","40.01 (11/14/09)","B","1.118","GF5","GF5","G2","9","N824","S526","stool","B_3_7","F","yes",NA,"82","","probenecid","13","3","afterpro","afterpro","E. coli","-1","no","",1712448,1590734,"92.89239732","",NA,NA,NA,NA,NA,"",NA,"",""
"933","GF5_C1_COLON_190628","40.01 (11/14/09)","B","4.019","GF5","GF5","D4","9","N824","S528","colon","C_1_1","M","yes",NA,"49","","probenecid","13","3","afterpro","afterpro",NA,NA,"no","",1766718,947773,"53.64596953","",NA,NA,NA,NA,NA,"",NA,"",""
"934","GF5_C3_COLON_190628","40.01 (11/14/09)","B","1.68","GF5","GF5","D5","9","N818","S529","colon","C_1_3","M","yes",NA,"49","","probenecid","13","3","afterpro","afterpro",NA,NA,"no","",1458394,97664,"6.696681418","",NA,NA,NA,NA,NA,"",NA,"",""
"935","GF5_C4_COLON_190628","40.01 (11/14/09)","B","5.032","GF5","GF5","D6","9","N717","S530","colon","C_1_4","F","yes",NA,"49","","probenecid","13","3","afterpro","afterpro",NA,NA,"no","",2435100,505814,"20.77179582","",NA,NA,NA,NA,NA,"",NA,"",""
"936","GF5_C5_COLON_190628","40.01 (11/14/09)","B","0.44","GF5","GF5","D7","9","N702","S531","colon","C_1_5","F","yes",NA,"49","","probenecid","13","3","afterpro","afterpro",NA,NA,"no","",1946486,176443,"9.064694018","",NA,NA,NA,NA,NA,"",NA,"",""
"937","GF6_A2_COLON_D54","40.01 (11/14/09)","B","36.086","GF6","GF6","B6","1","N702","S506","colon","A_1_2","F","yes",NA,"54","","probenecid","13","3","afterpro","afterpro",NA,NA,"no","",2148336,85810,"3.994254158","",NA,NA,NA,NA,NA,"",NA,"",""
"938","GF6_A5_D90","40.01 (11/14/09)","B","2.316","GF6","GF6","F4","1","N708","S504","stool","A_3_5","F","yes",NA,"90","","probenecid","13","3","afterpro","afterpro","E. coli","-1","no","",2071442,735110,"35.48783891","",NA,NA,NA,NA,NA,"",NA,"",""
"939","GF6_A5_D91","40.01 (11/14/09)","B","1.192","GF6","GF6","F9","1","N705","S509","stool","A_3_5","F","yes",NA,"91","","probenecid","14",NA,"afterpro","afterpro","E. coli","0","no","",18956856,4522727,"23.85800156","",NA,NA,NA,NA,NA,"",NA,"",""
"940","GF6_A6_COLON_D54","40.01 (11/14/09)","B","1.084","GF6","GF6","B9","1","N705","S509","colon","A_1_6","F","yes",NA,"54","","probenecid","13","3","afterpro","afterpro",NA,NA,"no","",5483390,628996,"11.47093313","",NA,NA,NA,NA,NA,"",NA,"",""
"941","GF6_A6_D91","40.01 (11/14/09)","B","2.985","GF6","GF6","F10","1","N701","S610","stool","A_3_6","F","yes",NA,"91","","probenecid","14","3","afterpro","afterpro","E. coli","0","no","",12631608,3111833,"24.63528792","",NA,NA,NA,NA,NA,"",NA,"",""
"942","GF6_A8_COLON_D54","40.01 (11/14/09)","B","0.49","GF6","GF6","B10","1","N706","S610","colon","A_1_8","F","yes",NA,"54","","probenecid","13","3","afterpro","afterpro",NA,NA,"no","",4518478,217722,"4.818480913","",NA,NA,NA,NA,NA,"",NA,"",""
"943","GF6_A8_D91","40.01 (11/14/09)","B","7.37","GF6","GF6","F11","1","N703","S611","stool","A_3_8","M","yes",NA,"91","","probenecid","14",NA,"afterpro","afterpro","E. coli","0","no","",2052486,716329,"34.90055474","",NA,NA,NA,NA,NA,"",NA,"",""
"944","GF6_B2_D66","40.01 (11/14/09)","B","6.465","GF6","GF6","C12","1","N704","S512","stool","B_2_2","M","yes",NA,"66","","probenecid","15","3","afterpro","afterpro",NA,NA,"no","",2146470,115612,"5.386145625","",NA,NA,NA,NA,NA,"",NA,"",""
"946","GF6_B6_D66","40.01 (11/14/09)","B","20.688","GF6","GF6","D3","1","N701","S503","stool","B_2_6","M","yes",NA,"66","","probenecid","15","3","afterpro","afterpro",NA,NA,"no","",2295860,144682,"6.301865096","",NA,NA,NA,NA,NA,"",NA,"",""
"947","GF6_B8_D66","40.01 (11/14/09)","B","5.77","GF6","GF6","D6","1","N708","S506","stool","B_2_8","M","yes",NA,"66","","probenecid","15","3","afterpro","afterpro",NA,NA,"no","",2340278,218056,"9.317525525","",NA,NA,NA,NA,NA,"",NA,"",""
"948","GF6_B9_D66","40.01 (11/14/09)","B","3.896","GF6","GF6","D7","1","","S507","stool","B_2_9","M","yes",NA,"66","","probenecid","15","3","afterpro","afterpro",NA,NA,"no","",15715152,607765,"3.867382256","",NA,NA,NA,NA,NA,"",NA,"",""
"996","GF4_C1_d43","40.01 (11/14/09)","B","23.048","GF4","GF4_DNA","D4","5","N709","S616","stool","C1","M","yes",NA,"43","","probenecid","18",NA,"afterpro","afterproafter","E. coli","4","no","",1541817,865289,"56.12138146","",NA,NA,NA,NA,NA,"",NA,"",""
"997","GF4_C1_d46","40.01 (11/14/09)","B","8.657","GF4","GF4_DNA","E2","5","N710","S514","stool","C1","M","yes",NA,"46","","probenecid","21",NA,"afterpro","afterproafter","E. coli","7","no","",1700978,1508737,"88.69820774","",NA,NA,NA,NA,NA,"",NA,"",""
"998","GF4_C1_LI","40.01 (11/14/09)","B","0.734","GF4","GF4_DNA","E11","5","N710","S523","colon","C1","M","yes",NA,"51","","probenecid","26",NA,"afterpro","afterproafter","E. coli","12","no","",2112253,424994,"20.12041171","",NA,NA,NA,NA,NA,"",NA,"",""
"1000","GF4_C1_SI","40.01 (11/14/09)","B","0.529","GF4","GF4_DNA","E10","5","N711","S622","SI","C1","M","yes",NA,"51","","probenecid","26",NA,"afterpro","afterproafter","E. coli","12","no","",238707,165411,"69.29457452","",NA,NA,NA,NA,NA,"",NA,"",""
"1001","GF4_C2_d43","40.01 (11/14/09)","B","24.046","GF4","GF4_DNA","D5","5","N709","S617","stool","C2","F","yes",NA,"43","","probenecid","18",NA,"afterpro","afterproafter","E. coli","4","no","",1864107,1585771,"85.06866827","",NA,NA,NA,NA,NA,"",NA,"",""
"1002","GF4_C2_d45","40.01 (11/14/09)","B","12.987","GF4","GF4_DNA","D10","5","N710","S622","stool","C2","F","yes",NA,"45","","probenecid","20",NA,"afterpro","afterproafter","E. coli","6","no","",1025218,956087,"93.25694633","",NA,NA,NA,NA,NA,"",NA,"",""
"1003","GF4_C2_d46","40.01 (11/14/09)","B","1.362","GF4","GF4_DNA","E3","5","N711","S615","stool","C2","F","yes",NA,"46","","probenecid","21",NA,"afterpro","afterproafter","E. coli","7","no","",2144664,1812014,"84.48941186","",NA,NA,NA,NA,NA,"",NA,"",""
"1004","GF4_C2_LI","40.01 (11/14/09)","B","0.705","GF4","GF4_DNA","F2","5","N712","S514","colon","C2","F","yes",NA,"51","","probenecid","26",NA,"afterpro","afterproafter","E. coli","12","no","",919680,714717,"77.71366127","",NA,NA,NA,NA,NA,"",NA,"",""
"1005","GF4_C2_SI","40.01 (11/14/09)","B","0.315","GF4","GF4_DNA","F1","5","N712","S613","SI","C2","F","yes",NA,"51","","probenecid","26",NA,"afterpro","afterproafter","E. coli","12","no","",245730,78204,"31.82517397","",NA,NA,NA,NA,NA,"",NA,"",""
"1006","GF4_C3_d42","40.01 (11/14/09)","B","34.332","GF4","GF4_DNA","D2","5","N814","S514","stool","C3","M","yes",NA,"42","","probenecid","17",NA,"afterpro","afterproafter","E. coli","3","no","",1162411,1067319,"91.81941671","",NA,NA,NA,NA,NA,"",NA,"",""
"1007","GF4_C3_d43","40.01 (11/14/09)","B","29.727","GF4","GF4_DNA","D6","5","N814","S618","stool","C3","M","yes",NA,"43","","probenecid","18",NA,"afterpro","afterproafter","E. coli","4","no","",1913606,1770237,"92.50791438","",NA,NA,NA,NA,NA,"",NA,"",""
"1008","GF4_C3_d44","40.01 (11/14/09)","B","27.931","GF4","GF4_DNA","D9","5","N709","S621","stool","C3","M","yes",NA,"44","","probenecid","19",NA,"afterpro","afterproafter","E. coli","5","no","",1178531,1072961,"91.04223818","",NA,NA,NA,NA,NA,"",NA,"",""
"1009","GF4_C3_d45","40.01 (11/14/09)","B","6.42","GF4","GF4_DNA","D11","5","N710","S523","stool","C3","M","yes",NA,"45","","probenecid","20",NA,"afterpro","afterproafter","E. coli","6","no","",1768146,1629872,"92.17971819","",NA,NA,NA,NA,NA,"",NA,"",""
"1010","GF4_C3_d46","40.01 (11/14/09)","B","1.725","GF4","GF4_DNA","E4","5","N711","S616","stool","C3","M","yes",NA,"46","","probenecid","21",NA,"afterpro","afterproafter","E. coli","7","no","",1156310,1004319,"86.85551452","",NA,NA,NA,NA,NA,"",NA,"",""
"1011","GF4_C3_LI","40.01 (11/14/09)","B","2.333","GF4","GF4_DNA","F5","5","N711","S617","colon","C3","M","yes",NA,"51","","probenecid","26",NA,"afterpro","afterproafter","E. coli","12","no","",1277832,625424,"48.94414915","",NA,NA,NA,NA,NA,"",NA,"",""
"1012","GF4_C3_SI","40.01 (11/14/09)","B","0.608","GF4","GF4_DNA","F4","5","N712","S616","SI","C3","M","yes",NA,"51","","probenecid","26",NA,"afterpro","afterproafter","E. coli","12","no","",845320,644130,"76.19954573","",NA,NA,NA,NA,NA,"",NA,"",""
"1013","GF4_C5_d43","40.01 (11/14/09)","B","9.211","GF4","GF4_DNA","D7","5","N814","S519","stool","C5","F","yes",NA,"43","","probenecid","18",NA,"afterpro","afterproafter","E. coli","4","no","",3734047,3354131,"89.82562351","",NA,NA,NA,NA,NA,"",NA,"",""
"1014","GF4_C5_d45","40.01 (11/14/09)","B","13.423","GF4","GF4_DNA","D12","5","N815","S524","stool","C5","F","yes",NA,"45","","probenecid","20",NA,"afterpro","afterproafter","E. coli","6","no","",1144926,1074817,"93.87654748","",NA,NA,NA,NA,NA,"",NA,"",""
"1015","GF4_C5_d46","40.01 (11/14/09)","B","8.49","GF4","GF4_DNA","E5","5","N815","S617","stool","C5","F","yes",NA,"46","","probenecid","21",NA,"afterpro","afterproafter","E. coli","7","no","",1464275,816770,"55.77982278","",NA,NA,NA,NA,NA,"",NA,"",""
"1016","GF4_C5_LI","40.01 (11/14/09)","B","1.57","GF4","GF4_DNA","F9","5","N814","S621","colon","C5","F","yes",NA,"51","","probenecid","26",NA,"afterpro","afterproafter","E. coli","12","no","",1503950,1229429,"81.74666711","",NA,NA,NA,NA,NA,"",NA,"",""
"1019","GF5_B1_COLON_190815","40.01 (11/14/09)","B","3.542","GF5","GF5","H5","9","N821","S529","colon","B_3_1","M","yes",NA,"97","","probenecid","28",NA,"afterpro","afterproafter","E. coli","14","no","",1432946,1297695,"90.56133309","",NA,NA,NA,NA,NA,"",NA,"",""
"1020","GF5_B1_D84","40.01 (11/14/09)","B","0.699","GF5","GF5","G9","9","N824","S533","stool","B_3_1","M","yes",NA,"84","","probenecid","15",NA,"afterpro","afterproafter","E. coli","1","no","",1209177,923877,"76.4054394","",NA,NA,NA,NA,NA,"",NA,"",""
"1021","GF5_B3_COLON_190815","40.01 (11/14/09)","B","2.161","GF5","GF5","H6","9","N821","S530","colon","B_3_3","M","yes",NA,"97","","probenecid","28",NA,"afterpro","afterproafter","E. coli","14","no","",1826148,1658484,"90.81870692","",NA,NA,NA,NA,NA,"",NA,"",""
"1022","GF5_B6_COLON_190815","40.01 (11/14/09)","B","1.385","GF5","GF5","H7","9","N822","S531","colon","B_3_6","F","yes",NA,"97","","probenecid","28",NA,"afterpro","afterproafter","E. coli","14","no","",2232886,1895286,"84.88055369","",NA,NA,NA,NA,NA,"",NA,"",""
"1023","GF5_B6_D84","40.01 (11/14/09)","B","2.8","GF5","GF5","G10","9","N823","S534","stool","B_3_6","F","yes",NA,"84","","probenecid","15",NA,"afterpro","afterproafter","E. coli","1","no","",1946424,1804105,"92.68818099","",NA,NA,NA,NA,NA,"",NA,"",""
"1024","GF5_B7_COLON_190815","40.01 (11/14/09)","B","2.603","GF5","GF5","H8","9","N819","S532","colon","B_3_7","F","yes",NA,"97","","probenecid","28",NA,"afterpro","afterproafter","E. coli","14","no","",777308,270787,"34.83651268","",NA,NA,NA,NA,NA,"",NA,"",""
"1026","GF5_C1_COLON_190815","40.01 (11/14/09)","B","1","GF5","GF5","H9","9","N717","S533","colon","C_3_1","M","yes",NA,"97","","probenecid","28",NA,"afterpro","afterproafter","E. coli","14","no","",2352375,68244,"2.90106807","",NA,NA,NA,NA,NA,"",NA,"",""
"1030","GF6_A2_D93","40.01 (11/14/09)","B","8.003","GF6","GF6","G8","1","N702","S508","stool","A_3_2","F","yes",NA,"93","","probenecid","16",NA,"afterpro","afterproafter","E. coli","3","no","should be d94",2042148,902139,"44.17598529","",NA,NA,NA,NA,NA,"",NA,"",""
"1032","GF6_A4_D93","40.01 (11/14/09)","B","4.239","GF6","GF6","G9","1","N706","S509","stool","A_3_4","F","yes",NA,"93","","probenecid","16",NA,"afterpro","afterproafter","E. coli","3","no","should be d94",5778050,2567245,"44.43099316","",NA,NA,NA,NA,NA,"",NA,"",""
"1036","GF6_A8_D93","40.01 (11/14/09)","B","9.123","GF6","GF6","G10","1","N703","S610","stool","A_3_8","M","yes",NA,"93","","probenecid","16",NA,"afterpro","afterproafter","E. coli","3","no","should be d94",5172492,2351369,"45.45911332","",NA,NA,NA,NA,NA,"",NA,"",""
"1110","GF20_d127_a2","40.01 (11/14/09)","B","1.79","GF20","","F04","3","AM-F0281","AM-R0281","colon","a2","M","yes",NA,"127","","vancomycin/probenecid","13","3","aftervanc","aftervanc",NA,NA,"no","",2058841,149216,"7.247572785","",NA,NA,NA,NA,NA,"",NA,"",""
"1111","GF20_d127_a3","40.01 (11/14/09)","B","1.23","GF20","","F05","3","AM-F0282","AM-R0282","colon","a3","M","yes",NA,"127","","vancomycin/probenecid","13","3","aftervanc","aftervanc",NA,NA,"no","",194637,56717,"29.13988604","",NA,NA,NA,NA,NA,"",NA,"",""
"1114","GF20_d127_a6","40.01 (11/14/09)","B","2.57","GF20","","F08","3","AM-F0285","AM-R0285","colon","a6","F","yes",NA,"127","","vancomycin/probenecid","13","3","aftervanc","aftervanc",NA,NA,"no","",184431,65021,"35.25491918","",NA,NA,NA,NA,NA,"",NA,"",""
"1115","GF20_d127_a7","40.01 (11/14/09)","B","5.8","GF20","","F10","3","AM-F0287","AM-R0287","colon","a7","F","yes",NA,"127","","vancomycin/probenecid","13","3","aftervanc","aftervanc",NA,NA,"no","",3969567,144343,"3.636240426","",NA,NA,NA,NA,NA,"",NA,"",""
"1117","GF20_d127_a9","40.01 (11/14/09)","B","4.06","GF20","","F11","3","AM-F0288","AM-R0288","colon","a9","F","yes",NA,"127","","vancomycin/probenecid","13","3","aftervanc","aftervanc",NA,NA,"no","",3894633,170877,"4.387499413","",NA,NA,NA,NA,NA,"",NA,"",""
"1120","GF20_d164_b1","40.01 (11/14/09)","B","4.349","GF20","","G08","3","AM-F0297","AM-R0297","colon","b1","M","yes",NA,"164","","vancomycin/probenecid","13","3","aftervanc","aftervanc",NA,NA,"no","",152359,230518,"151.299234","",NA,NA,NA,NA,NA,"",NA,"",""
"1121","GF20_d164_b2","40.01 (11/14/09)","B","3.918","GF20","","G09","3","AM-F0298","AM-R0298","colon","b2","F","yes",NA,"164","","vancomycin/probenecid","13","3","aftervanc","aftervanc",NA,NA,"no","",164590,79589,"48.3559147","",NA,NA,NA,NA,NA,"",NA,"",""
"1122","GF20_d164_b3","40.01 (11/14/09)","B","2.105","GF20","","G10","3","AM-F0299","AM-R0299","colon","b3","F","yes",NA,"164","","vancomycin/probenecid","13","3","aftervanc","aftervanc",NA,NA,"no","",5818287,123940,"2.13018024","",NA,NA,NA,NA,NA,"",NA,"",""
"1123","GF20_d164_b4","40.01 (11/14/09)","B","1.295","GF20","","G11","3","AM-F0300","AM-R0300","colon","b4","F","yes",NA,"164","","vancomycin/probenecid","13","3","aftervanc","aftervanc",NA,NA,"no","",1013023,99050,"9.777665463","",NA,NA,NA,NA,NA,"",NA,"",""
"1124","GF20_d164_b5","40.01 (11/14/09)","B","3.449","GF20","","G12","3","AM-F0301","AM-R0301","colon","b5","F","yes",NA,"164","","vancomycin/probenecid","13","3","aftervanc","aftervanc",NA,NA,"no","",168899,305998,"181.1721798","",NA,NA,NA,NA,NA,"",NA,"",""
"1125","GF20_d164_b6","40.01 (11/14/09)","B","4.017","GF20","","H01","3","AM-F0302","AM-R0302","colon","b6","M","yes",NA,"164","","vancomycin/probenecid","13","3","aftervanc","aftervanc",NA,NA,"no","",241266,110873,"45.95467244","",NA,NA,NA,NA,NA,"",NA,"",""
"1126","GF20_d164_b7","40.01 (11/14/09)","B","3.161","GF20","","H02","3","AM-F0303","AM-R0303","colon","b7","F","yes",NA,"164","","vancomycin/probenecid","13","3","aftervanc","aftervanc",NA,NA,"no","",2947783,170108,"5.770709716","",NA,NA,NA,NA,NA,"",NA,"",""
"1127","GF20_d164_b8","40.01 (11/14/09)","B","5.737","GF20","","H03","3","AM-F0304","AM-R0304","colon","b8","F","yes",NA,"164","","vancomycin/probenecid","13","3","aftervanc","aftervanc",NA,NA,"no","",3526309,129483,"3.67191304","",NA,NA,NA,NA,NA,"",NA,"",""
"1129","GF20_d170_c1","40.01 (11/14/09)","B","3.055","GF20","","H06","3","AM-F0307","AM-R0307","colon","c1","M","yes",NA,"170","","vancomycin/probenecid","13","3","aftervanc","aftervanc",NA,NA,"no","",62139,76939,"123.8175703","",NA,NA,NA,NA,NA,"",NA,"",""
"1130","GF20_d170_c2","40.01 (11/14/09)","B","1.922","GF20","","H07","3","AM-F0308","AM-R0308","colon","c2","M","yes",NA,"170","","vancomycin/probenecid","13","3","aftervanc","aftervanc",NA,NA,"no","",7583,107586,"1418.778847","",NA,NA,NA,NA,NA,"",NA,"",""
"1131","GF20_d170_c5","40.01 (11/14/09)","B","1.051","GF20","","H08","3","AM-F0309","AM-R0309","colon","c5","F","yes",NA,"170","","vancomycin/probenecid","13","3","aftervanc","aftervanc",NA,NA,"no","",313390,53569,"17.093398","",NA,NA,NA,NA,NA,"",NA,"",""
"1132","GF20_d170_c6","40.01 (11/14/09)","B","2.316","GF20","","H09","3","AM-F0310","AM-R0310","colon","c6","F","yes",NA,"170","","vancomycin/probenecid","13","3","aftervanc","aftervanc",NA,NA,"no","",188056,114725,"61.00576424","",NA,NA,NA,NA,NA,"",NA,"",""
"1133","GF20_d170_c7","40.01 (11/14/09)","B","2.384","GF20","","H10","3","AM-F0311","AM-R0311","colon","c7","M","yes",NA,"170","","vancomycin/probenecid","13","3","aftervanc","aftervanc",NA,NA,"no","",465851,253078,"54.32595401","",NA,NA,NA,NA,NA,"",NA,"",""
"1134","GF20_d170_c8","40.01 (11/14/09)","B","1.102","GF20","","H11","3","AM-F0312","AM-R0312","colon","c8","M","yes",NA,"170","","vancomycin/probenecid","13","3","aftervanc","aftervanc",NA,NA,"no","",278336,120419,"43.26389687","",NA,NA,NA,NA,NA,"",NA,"",""
"1135","GF20_d170_c9","40.01 (11/14/09)","B","0.448","GF20","","H12","3","AM-F0313","AM-R0313","colon","c9","M","yes",NA,"170","","vancomycin/probenecid","13","3","aftervanc","aftervanc",NA,NA,"no","",332,248851,"74955.12048","",NA,NA,NA,NA,NA,"",NA,"",""
"1137","GF20_d36_a2","40.01 (11/14/09)","B","1.417","GF20","","D04","3","AM-F0257","AM-R0257","colon","a2","M","yes",NA,"36","","vancomycin/probenecid","13","3","aftervanc","aftervanc",NA,NA,"no","",2952039,229113,"7.761177952","",NA,NA,NA,NA,NA,"",NA,"",""
"1138","GF20_d36_a3","40.01 (11/14/09)","B","4.698","GF20","","D03","3","AM-F0256","AM-R0256","colon","a3","M","yes",NA,"36","","vancomycin/probenecid","13","3","aftervanc","aftervanc",NA,NA,"no","",236559,80437,"34.00293373","",NA,NA,NA,NA,NA,"",NA,"",""
"1139","GF20_d36_a4","40.01 (11/14/09)","B","3.05","GF20","","D02","3","AM-F0255","AM-R0255","colon","a4","M","yes",NA,"36","","vancomycin/probenecid","13","3","aftervanc","aftervanc",NA,NA,"no","",782782,106217,"13.56916741","",NA,NA,NA,NA,NA,"",NA,"",""
"1140","GF20_d36_a5","40.01 (11/14/09)","B","4.204","GF20","","C07","3","AM-F0248","AM-R0248","colon","a5","F","yes",NA,"36","","vancomycin/probenecid","13","3","aftervanc","aftervanc",NA,NA,"no","",1027048,53279,"5.187586169","",NA,NA,NA,NA,NA,"",NA,"",""
"1241","gnoto1_BA1_d10","40.01 (11/14/09)","B","13.4","gnoto1","3","D8","7","AM-F0670","AM-R0645","stool","BA1","F","yes",NA,"10","","ampicillin","10","0","beforeamp","beforeamp","E. coli","-3","no","",1163831,404463,"34.75272613","",NA,NA,NA,NA,NA,"",NA,"",""
"1242","gnoto1_BA2_d10","40.01 (11/14/09)","B","23.1","gnoto1","3","D9","7","AM-F0671","AM-R0646","stool","BA2","M","yes",NA,"10","","ampicillin","10","0","beforeamp","beforeamp","E. coli","-3","no","",2228611,1726261,"77.45905409","",NA,NA,NA,NA,NA,"",NA,"",""
"1243","gnoto1_BA3_d10","40.01 (11/14/09)","B","33.3","gnoto1","3","D10","7","AM-F0663","AM-R0647","stool","BA3","M","yes",NA,"10","","ampicillin","10","0","beforeamp","beforeamp","E. coli","-3","no","",2591455,1756405,"67.77678949","",NA,NA,NA,NA,NA,"",NA,"",""
"1244","gnoto1_BA4_d10","40.01 (11/14/09)","B","16.7","gnoto1","3","D11","7","AM-F0664","AM-R0648","stool","BA4","M","yes",NA,"10","","ampicillin","10","0","beforeamp","beforeamp","E. coli","-3","no","",1459169,1159648,"79.4731796","",NA,NA,NA,NA,NA,"",NA,"",""
"1245","gnoto2_BA1_d10","40.01 (11/14/09)","B","12.5","gnoto2","3","H6","7","AM-F0710","AM-R0691","stool","BA1","F","yes",NA,"10","","ampicillin","10","0","beforeamp","beforeamp","E. coli","-3","no","",2161547,1588213,"73.47575602","",NA,NA,NA,NA,NA,"",NA,"",""
"1246","gnoto2_BA2_d10","40.01 (11/14/09)","B","2.66","gnoto2","3","H7","7","AM-F0695","AM-R0692","stool","BA2","M","yes",NA,"10","","ampicillin","10","0","beforeamp","beforeamp","E. coli","-3","no","",1549645,403713,"26.05196674","",NA,NA,NA,NA,NA,"",NA,"",""
"1247","gnoto2_BA3_d10","40.01 (11/14/09)","B","7.44","gnoto2","3","H8","7","AM-F0712","AM-R0693","stool","BA3","M","yes",NA,"10","","ampicillin","10","0","beforeamp","beforeamp","E. coli","-3","no","",1774408,1343204,"75.69871191","",NA,NA,NA,NA,NA,"",NA,"",""
"1248","gnoto2_BA4_d10","40.01 (11/14/09)","B","11.8","gnoto2","3","H9","7","AM-F0678","AM-R0694","stool","BA4",NA,"no","12","10","","ampicillin","10","0","beforeamp","beforeamp","E. coli","-3","no","",1972152,1320393,"66.95188809","",NA,NA,NA,NA,NA,"",NA,"",""
"1249","gnoto2_BA5_d10","40.01 (11/14/09)","B","1.96","gnoto2","3","H10","7","AM-F0696","AM-R0695","stool","BA5","F","yes",NA,"10","","ampicillin","10","0","beforeamp","beforeamp","E. coli","-3","no","",1394205,803788,"57.65206695","",NA,NA,NA,NA,NA,"",NA,"",""
"1344","GF11_B1_d71","40.01 (11/14/09)","B","LOW","GF11","1","G7","5","AM-F0507","AM-R0488","stool","B_2_1","M","no","11.66","71","","ampicillin/gentamicin/probenecid","10","0","beforeampgent","beforeampgent",NA,NA,"no","",916087,226693,"24.74579379","",NA,NA,NA,NA,NA,"",NA,"",""
"1345","GF11_B2_d71","40.01 (11/14/09)","B","1.83","GF11","1","G8","5","N706","AM-R0489","stool","B_2_2","M","yes",NA,"71","","ampicillin/gentamicin/probenecid","10","0","beforeampgent","beforeampgent",NA,NA,"no","",1133079,365339,"32.24302983","",NA,NA,NA,NA,NA,"",NA,"",""
"1346","GF11_B3_d71","40.01 (11/14/09)","B","8.98","GF11","1","G9","5","N707","AM-R0490","stool","B_2_3","F","no","11.33","71","","ampicillin/gentamicin/probenecid","10","0","beforeampgent","beforeampgent",NA,NA,"no","",1251448,172907,"13.8165549","",NA,NA,NA,NA,NA,"",NA,"",""
"1347","GF11_B5_d71","40.01 (11/14/09)","B","1.98","GF11","1","G10","5","AM-F0526","AM-R0491","stool","B_2_5","M","yes",NA,"71","","ampicillin/gentamicin/probenecid","10","0","beforeampgent","beforeampgent",NA,NA,"no","",1587698,437227,"27.53842355","",NA,NA,NA,NA,NA,"",NA,"",""
"1348","GF11_B6_d71","40.01 (11/14/09)","B","3.94","GF11","1","G11","5","AM-F0513","AM-R0492","stool","B_2_6","M","no","11.33","71","","ampicillin/gentamicin/probenecid","10","0","beforeampgent","beforeampgent",NA,NA,"no","",1144759,488184,"42.64513317","",NA,NA,NA,NA,NA,"",NA,"",""
"1349","GF11_B7_d71","40.01 (11/14/09)","B","6.89","GF11","1","G12","5","N707","AM-R0493","stool","B_2_7","M","yes",NA,"71","","ampicillin/gentamicin/probenecid","10","0","beforeampgent","beforeampgent",NA,NA,"no","",1355259,399183,"29.45436998","",NA,NA,NA,NA,NA,"",NA,"",""
"1443","GF2_A1_day28","40.01 (11/14/09)","B","4.87","GF2","GF2_1","B3","3","N712","S527","stool","A1",NA,"yes",NA,"28","","meropenem","10","0","beforemero","beforemero","C. rodentium","-6","no","",782716,367040,"46.89312599","",NA,NA,NA,NA,NA,"",NA,"",""
"1444","GF2_A2_day28","40.01 (11/14/09)","B","4.69","GF2","GF2_1","B4","3","N816","S528","stool","A2",NA,"yes",NA,"28","","meropenem","10","0","beforemero","beforemero","C. rodentium","-6","no","",752991,307179,"40.79451149","",NA,NA,NA,NA,NA,"",NA,"",""
"1446","GF2_A4_day28","40.01 (11/14/09)","B","24.1","GF2","GF2_1","B6","3","N712","S530","stool","A4",NA,"yes",NA,"28","","meropenem","10","0","beforemero","beforemero","C. rodentium","-6","no","",858443,447452,"52.12367041","",NA,NA,NA,NA,NA,"",NA,"",""
"1448","GF2_A6_day28","40.01 (11/14/09)","B","2.63","GF2","GF2_1","B8","3","N711","S532","stool","A6",NA,"yes",NA,"28","","meropenem","10","0","beforemero","beforemero","C. rodentium","-6","no","",948354,667382,"70.37266675","",NA,NA,NA,NA,NA,"",NA,"",""
"1449","GF20_d33_b2","40.01 (11/14/09)","B","1.9","GF20","","E02","3","AM-F0267","AM-R0267","stool","b2",NA,"no","11","33","","meropenem/probenecid","10","0","beforemero","beforemero",NA,NA,"no","",824941,641941,"77.81659537","",NA,NA,NA,NA,NA,"",NA,"",""
"1450","GF20_d33_b3","40.01 (11/14/09)","B","1.82","GF20","","E01","3","AM-F0266","AM-R0266","stool","b3","F","yes",NA,"33","","meropenem/probenecid","10","0","beforemero","beforemero",NA,NA,"no","",414997,190387,"45.87671718","",NA,NA,NA,NA,NA,"",NA,"",""
"1451","GF20_d33_b4","40.01 (11/14/09)","B","5.645","GF20","","D12","3","AM-F0265","AM-R0265","stool","b4","M","yes",NA,"33","","meropenem/probenecid","10","0","beforemero","beforemero",NA,NA,"no","",4371572,2242389,"51.29479739","",NA,NA,NA,NA,NA,"",NA,"",""
"1477","GF4_B1_D35","40.01 (11/14/09)","B","1.378","GF4","GF4_DNA","A3","5","N709","S615","stool","B1",NA,"no","14","35","","meropenem/probenecid","10","0","beforemero","beforemero","E. coli","-4","no","",909452,132424,"14.56085643","",NA,NA,NA,NA,NA,"",NA,"",""
"1478","GF4_B2_d35","40.01 (11/14/09)","B","1.355","GF4","GF4_DNA","A4","5","N711","S616","stool","B2",NA,"no","14","35","","meropenem/probenecid","10","0","beforemero","beforemero","E. coli","-4","no","",1348560,398812,"29.57317435","",NA,NA,NA,NA,NA,"",NA,"",""
"1479","GF4_B3_d35","40.01 (11/14/09)","B","1.251","GF4","GF4_DNA","A5","5","N712","S617","stool","B3","F","yes",NA,"35","","meropenem/probenecid","10","0","beforemero","beforemero","E. coli","-4","no","",1559596,409584,"26.26218585","",NA,NA,NA,NA,NA,"",NA,"",""
"1480","GF4_B4_d35","40.01 (11/14/09)","B","2.269","GF4","GF4_DNA","A6","5","N815","S618","stool","B4",NA,"no","15","35","","meropenem/probenecid","10","0","beforemero","beforemero","E. coli","-4","no","",943711,283851,"30.07817012","",NA,NA,NA,NA,NA,"",NA,"",""
"1481","GF4_B5_d35","40.01 (11/14/09)","B","1.03","GF4","GF4_DNA","A7","5","N710","S519","stool","B5",NA,"no","12","35","","meropenem/probenecid","10","0","beforemero","beforemero","E. coli","-4","no","",1281848,569824,"44.45332052","",NA,NA,NA,NA,NA,"",NA,"",""
"1482","GF5_A1_D46","40.01 (11/14/09)","B","5.662","GF5","GF5","A1","9","N822","S525","stool","A_1_1","M","yes",NA,"46","","meropenem/probenecid","10","0","beforemero","beforemero",NA,NA,"no","",3526647,933281,"26.463692","",NA,NA,NA,NA,NA,"",NA,"",""
"1483","GF5_A1_D79","40.01 (11/14/09)","B","1.73","GF5","GF5","D8","9","N822","S532","stool","A_3_1","F","yes",NA,"79","","meropenem/probenecid","10","0","beforemero","beforemero","E. coli","-4","no","",457954,185905,"40.59468855","",NA,NA,NA,NA,NA,"",NA,"",""
"1484","GF5_A2_D46","40.01 (11/14/09)","B","1.753","GF5","GF5","A2","9","N717","S526","stool","A_1_2","M","yes",NA,"46","","meropenem/probenecid","10","0","beforemero","beforemero",NA,NA,"no","",4200112,2244627,"53.44207488","",NA,NA,NA,NA,NA,"",NA,"",""
"1485","GF5_A2_D79","40.01 (11/14/09)","B","0.395","GF5","GF5","D9","9","N820","S533","stool","A_3_2",NA,"yes",NA,"79","","meropenem/probenecid","10","0","beforemero","beforemero","E. coli","-4","no","",2817645,91630,"3.252006552","",NA,NA,NA,NA,NA,"",NA,"",""
"1486","GF5_A3_D46","40.01 (11/14/09)","B","0.683","GF5","GF5","A3","9","N820","S527","stool","A_1_3","M","yes",NA,"46","","meropenem/probenecid","10","0","beforemero","beforemero",NA,NA,"no","",3053899,1722899,"56.41637133","",NA,NA,NA,NA,NA,"",NA,"",""
"1487","GF5_A4_D46","40.01 (11/14/09)","B","5.438","GF5","GF5","A4","9","N820","S528","stool","A_1_4","M","yes",NA,"46","","meropenem/probenecid","10","0","beforemero","beforemero",NA,NA,"no","",3163415,1787074,"56.49192408","",NA,NA,NA,NA,NA,"",NA,"",""
"1489","GF5_A5_D46","40.01 (11/14/09)","B","0.578","GF5","GF5","A5","9","N822","S529","stool","A_1_5",NA,"no","12","46","","meropenem/probenecid","10","0","beforemero","beforemero",NA,NA,"no","",6429732,4920799,"76.53194565","",NA,NA,NA,NA,NA,"",NA,"",""
"1491","GF5_A7_D46","40.01 (11/14/09)","B","2.52","GF5","GF5","A6","9","N823","S530","stool","A_1_7","F","yes",NA,"46","","meropenem/probenecid","10","0","beforemero","beforemero",NA,NA,"no","",2561160,592427,"23.13119836","",NA,NA,NA,NA,NA,"",NA,"",""
"1492","GF5_A7_D79","40.01 (11/14/09)","B","6.477","GF5","GF5","D12","9","N823","S536","stool","A_3_7","F","yes",NA,"79","","meropenem/probenecid","10","0","beforemero","beforemero","E. coli","-4","no","",2090072,1045472,"50.02086053","",NA,NA,NA,NA,NA,"",NA,"",""
"1493","GF5_A8_D79","40.01 (11/14/09)","B","1.37","GF5","GF5","E1","9","N818","S525","stool","A_3_8","F","yes",NA,"79","","meropenem/probenecid","10","0","beforemero","beforemero","E. coli","-4","no","",4340455,1149496,"26.48330647","",NA,NA,NA,NA,NA,"",NA,"",""
"1495","GF6_B2_D87","40.01 (11/14/09)","B","6.694","GF6","GF6","E3","1","N705","S503","stool","B_3_2","F","yes",NA,"87","","meropenem/probenecid","10","0","beforemero","beforemero","E. coli","-4","no","",2461884,231707,"9.411775697","",NA,NA,NA,NA,NA,"",NA,"",""
"1496","GF6_B3_D87","40.01 (11/14/09)","B","7.712","GF6","GF6","E4","1","N703","S504","stool","B_3_3","M","yes",NA,"87","","meropenem/probenecid","10","0","beforemero","beforemero","E. coli","-4","no","",2501046,587059,"23.47253909","",NA,NA,NA,NA,NA,"",NA,"",""
"1497","GF6_B4_D87","40.01 (11/14/09)","B","9.365","GF6","GF6","E5","1","N704","S505","stool","B_3_4","M","yes",NA,"87","","meropenem/probenecid","10","0","beforemero","beforemero","E. coli","-4","no","",2115706,484597,"22.90474196","",NA,NA,NA,NA,NA,"",NA,"",""
"1499","GF6_B6_D87","40.01 (11/14/09)","B","5.703","GF6","GF6","E7","1","N703","S507","stool","B_3_6","M","yes",NA,"87","","meropenem/probenecid","10","0","beforemero","beforemero","E. coli","-4","no","",2610316,72469,"2.776253909","",NA,NA,NA,NA,NA,"",NA,"",""
"1500","GF6_B7_D87","40.01 (11/14/09)","B","8.321","GF6","GF6","E8","1","N703","S508","stool","B_3_7","F","yes",NA,"87","","meropenem/probenecid","10","0","beforemero","beforemero","E. coli","-4","no","",2486270,635631,"25.56564653","",NA,NA,NA,NA,NA,"",NA,"",""
"1520","gnoto1_BM1_d10","40.01 (11/14/09)","B","16.6","gnoto1","3","D3","7","AM-F0665","AM-R0640","stool","BM1","F","yes",NA,"10","","meropenem","10","0","beforemero","beforemero","E. coli","-3","no","",1220226,513406,"42.07466486","",NA,NA,NA,NA,NA,"",NA,"",""
"1521","gnoto1_BM2_d10","40.01 (11/14/09)","B","14","gnoto1","3","D4","7","AM-F0666","AM-R0641","stool","BM2","F","yes",NA,"10","","meropenem","10","0","beforemero","beforemero","E. coli","-3","no","",1453989,914165,"62.87289656","",NA,NA,NA,NA,NA,"",NA,"",""
"1522","gnoto1_BM3_d10","40.01 (11/14/09)","B","10.4","gnoto1","3","D5","7","AM-F0667","AM-R0642","stool","BM3","M","yes",NA,"10","","meropenem","10","0","beforemero","beforemero","E. coli","-3","no","",1796942,1050639,"58.46816425","",NA,NA,NA,NA,NA,"",NA,"",""
"1523","gnoto1_BM4_d10","40.01 (11/14/09)","B","13.3","gnoto1","3","D6","7","AM-F0672","AM-R0643","stool","BM4","M","yes",NA,"10","","meropenem","10","0","beforemero","beforemero","E. coli","-3","no","",1818439,1207933,"66.42691891","",NA,NA,NA,NA,NA,"",NA,"",""
"1524","gnoto1_BM5_d10","40.01 (11/14/09)","B","20.2","gnoto1","3","D7","7","AM-F0673","AM-R0644","stool","BM5","M","yes",NA,"10","","meropenem","10","0","beforemero","beforemero","E. coli","-3","no","",1421118,963438,"67.79437035","",NA,NA,NA,NA,NA,"",NA,"",""
"1525","gnoto2_BM1_d10","40.01 (11/14/09)","B","31.7","gnoto2","3","G5","7","AM-F0698","AM-R0678","stool","BM1","M","yes",NA,"10","","meropenem","10","0","beforemero","beforemero","E. coli","-3","no","",1649938,1256324,"76.14370964","",NA,NA,NA,NA,NA,"",NA,"",""
"1526","gnoto2_BM2_d10","40.01 (11/14/09)","B","25.8","gnoto2","3","G6","7","AM-F0699","AM-R0679","stool","BM2","M","yes",NA,"10","","meropenem","10","0","beforemero","beforemero","E. coli","-3","no","",1376293,1003453,"72.90983824","",NA,NA,NA,NA,NA,"",NA,"",""
"1527","gnoto2_BM3_d10","40.01 (11/14/09)","B","21.7","gnoto2","3","G7","7","AM-F0700","AM-R0680","stool","BM3","M","yes",NA,"10","","meropenem","10","0","beforemero","beforemero","E. coli","-3","no","",1109740,808560,"72.86030962","",NA,NA,NA,NA,NA,"",NA,"",""
"1528","gnoto2_BM4_d10","40.01 (11/14/09)","B","13.1","gnoto2","3","G8","7","AM-F0701","AM-R0681","stool","BM4","F","yes",NA,"10","","meropenem","10","0","beforemero","beforemero","E. coli","-3","no","",2124671,487839,"22.96068427","",NA,NA,NA,NA,NA,"",NA,"",""
"1529","gnoto2_BM5_d10","40.01 (11/14/09)","B","13.9","gnoto2","3","G9","7","AM-F0702","AM-R0682","stool","BM5","F","yes",NA,"10","","meropenem","10","0","beforemero","beforemero","E. coli","-3","no","",1885069,859191,"45.578756","",NA,NA,NA,NA,NA,"",NA,"",""
"1530","gnoto2_BM6_d10","40.01 (11/14/09)","B","9.76","gnoto2","3","G10","7","AM-F0703","AM-R0683","stool","BM6","M","yes",NA,"10","","meropenem","10","0","beforemero","beforemero","E. coli","-3","no","",6075722,4184713,"68.87597885","",NA,NA,NA,NA,NA,"",NA,"",""
"1539","Gn3_B1_Stool","","B","","gnoto3","","","","","","stool","B1","M","no","11","","","meropenem/probenecid","10","0","beforemero","beforemero",NA,NA,"no","",170399,77026,"45.20331692","",NA,NA,NA,NA,NA,"",NA,"",""
"1540","Gn3_B13_Stool","","B","","gnoto3","","","","","","stool","B13","M","no","11","","","meropenem/probenecid","10","0","beforemero","beforemero",NA,NA,"no","",2383740,1235946,"51.84902716","",NA,NA,NA,NA,NA,"",NA,"",""
"1541","Gn3_B14_Stool","","B","","gnoto3","","","","","","stool","B14","M","no","11","","","meropenem/probenecid","10","0","beforemero","beforemero",NA,NA,"no","",1256683,833425,"66.3194298","",NA,NA,NA,NA,NA,"",NA,"",""
"1542","Gn3_B15_Stool","","B","","gnoto3","","","","","","stool","B15","F","no","11","","","meropenem/probenecid","10","0","beforemero","beforemero",NA,NA,"no","",8178353,3912833,"47.84377735","",NA,NA,NA,NA,NA,"",NA,"",""
"1543","Gn3_B2_Stool","","B","","gnoto3","","","","","","stool","B3","M","yes",NA,"","","meropenem/probenecid","10","0","beforemero","beforemero",NA,NA,"no","",2979119,498731,"16.74088883","",NA,NA,NA,NA,NA,"",NA,"",""
"1544","Gn3_B3_Stool","","B","","gnoto3","","","","","","stool","B3","F","yes",NA,"","","meropenem/probenecid","10","0","beforemero","beforemero",NA,NA,"no","",7757510,2790653,"35.97356626","",NA,NA,NA,NA,NA,"",NA,"",""
"1545","Gn3_B4_Stool","","B","","gnoto3","","","","","","stool","B4","F","yes",NA,"","","meropenem/probenecid","10","0","beforemero","beforemero",NA,NA,"no","",1407557,151445,"10.75942218","",NA,NA,NA,NA,NA,"",NA,"",""
"1645","GF2_B2_day27","40.01 (11/14/09)","B","5.21","GF2","GF2_1","A11","3","N711","S535","stool","B2",NA,"yes",NA,"27","","PBS","10","0","beforePBS","beforePBS","C. rodentium","-6","no","",782383,161903,"20.69357335","",NA,NA,NA,NA,NA,"",NA,"",""
"1646","GF2_B3_day27","40.01 (11/14/09)","B","6.25","GF2","GF2_1","A12","3","N711","S536","stool","B3",NA,"yes",NA,"27","","PBS","10","0","beforePBS","beforePBS","C. rodentium","-6","no","",2232760,1047556,"46.91753704","",NA,NA,NA,NA,NA,"",NA,"",""
"1647","GF2_B4_day27","40.01 (11/14/09)","B","3.79","GF2","GF2_1","B1","3","N707","S525","stool","B4",NA,"no","26","27","","PBS","10","0","beforePBS","beforePBS","C. rodentium","-6","no","",1398628,417204,"29.82951864","",NA,NA,NA,NA,NA,"",NA,"",""
"1648","GF2_B5_day27","40.01 (11/14/09)","B","8.29","GF2","GF2/3 1","G1","5","N711","S613","stool","B5",NA,"yes",NA,"27","","PBS","10","0","beforePBS","beforePBS","C. rodentium","-6","no","",1369693,579284,"42.29298098","",NA,NA,NA,NA,NA,"",NA,"",""
"1654","GF6_A3_D51","40.01 (11/14/09)","B","1.392","GF6","GF6","A5","1","N702","S505","stool","A_1_3","M","yes",NA,"51","","PBS","10","0","beforePBS","beforePBS",NA,NA,"no","",2829664,264146,"9.334889231","",NA,NA,NA,NA,NA,"",NA,"",""
"1655","GF6_A4_D51","40.01 (11/14/09)","B","1.019","GF6","GF6","A6","1","N704","S506","stool","A_1_4","M","yes",NA,"51","","PBS","10","0","beforePBS","beforePBS",NA,NA,"no","",2392970,213813,"8.935047243","",NA,NA,NA,NA,NA,"",NA,"",""
"1656","GF6_B1_D63","40.01 (11/14/09)","B","9.865","GF6","GF6","B11","1","N706","S611","stool","B_2_1","F","yes",NA,"63","","PBS","12","0","beforePBS","beforePBS",NA,NA,"no","",6826112,71414,"1.046188518","",NA,NA,NA,NA,NA,"",NA,"",""
"1657","GF6_B10_D63","40.01 (11/14/09)","B","1.425","GF6","GF6","C6","1","N703","S506","stool","B_2_10","F","yes",NA,"63","","PBS","12","0","beforePBS","beforePBS",NA,NA,"no","",2553146,368072,"14.41641019","",NA,NA,NA,NA,NA,"",NA,"",""
"1658","GF6_B3_D63","40.01 (11/14/09)","B","1.012","GF6","GF6","C1","1","N707","S501","stool","B_2_3","M","yes",NA,"63","","PBS","12","0","beforePBS","beforePBS",NA,NA,"no","",2365928,282793,"11.9527306","",NA,NA,NA,NA,NA,"",NA,"",""
"1659","GF6_B7_D63","40.01 (11/14/09)","B","3.237","GF6","GF6","C2","1","N708","S502","stool","B_2_7","F","yes",NA,"63","","PBS","12","0","beforePBS","beforePBS",NA,NA,"no","",3683018,212371,"5.766222158","",NA,NA,NA,NA,NA,"",NA,"",""
"1664","gnoto1_BP1_d10","40.01 (11/14/09)","B","9.43","gnoto1","3","D12","7","AM-F0674","AM-R0649","stool","BP1","F","yes",NA,"10","","PBS","10","0","beforePBS","beforePBS","E. coli","-3","no","",2168838,1405930,"64.82411319","",NA,NA,NA,NA,NA,"",NA,"",""
"1665","gnoto1_BP2_d10","40.01 (11/14/09)","B","1.77","gnoto1","3","E3","7","AM-F0675","AM-R0652","stool","BP2","F","yes",NA,"10","","PBS","10","0","beforePBS","beforePBS","E. coli","-3","no","",1236461,379274,"30.67415794","",NA,NA,NA,NA,NA,"",NA,"",""
"1666","gnoto1_BP3_d10","40.01 (11/14/09)","B","9.7","gnoto1","3","E4","7","AM-F0708","AM-R0653","stool","BP3","F","yes",NA,"10","","PBS","10","0","beforePBS","beforePBS","E. coli","-3","no","",1402582,857595,"61.14401867","",NA,NA,NA,NA,NA,"",NA,"",""
"1667","gnoto1_BP4_d10","40.01 (11/14/09)","B","7.95","gnoto1","3","E5","7","AM-F0709","AM-R0654","stool","BP4","M","yes",NA,"10","","PBS","10","0","beforePBS","beforePBS","E. coli","-3","no","",1410114,699290,"49.59102597","",NA,NA,NA,NA,NA,"",NA,"",""
"1668","gnoto2_BP1_d10","40.01 (11/14/09)","B","3.21","gnoto2","3","G12","7","AM-F0688","AM-R0685","stool","BP1","M","yes",NA,"10","","PBS","10","0","beforePBS","beforePBS","E. coli","-3","no","",1484231,665705,"44.85184584","",NA,NA,NA,NA,NA,"",NA,"",""
"1669","gnoto2_BP2_d10","40.01 (11/14/09)","B","5.73","gnoto2","3","H1","7","AM-F0689","AM-R0686","stool","BP2","F","yes",NA,"10","","PBS","10","0","beforePBS","beforePBS","E. coli","-3","no","",1558373,920465,"59.06576923","",NA,NA,NA,NA,NA,"",NA,"",""
"1670","gnoto2_BP3_d10","40.01 (11/14/09)","B","4.1","gnoto2","3","H2","7","AM-F0690","AM-R0687","stool","BP3",NA,"no","13","10","","PBS","10","0","beforePBS","beforePBS","E. coli","-3","no","",1167965,448610,"38.40954138","",NA,NA,NA,NA,NA,"",NA,"",""
"1671","gnoto2_BP4_d10","40.01 (11/14/09)","B","16.3","gnoto2","3","H3","7","AM-F0707","AM-R0688","stool","BP4","F","yes",NA,"10","","PBS","10","0","beforePBS","beforePBS","E. coli","-3","no","",1921201,1390190,"72.36046619","",NA,NA,NA,NA,NA,"",NA,"",""
"1672","gnoto2_BP5_d10","40.01 (11/14/09)","B","6.65","gnoto2","3","H4","7","AM-F0530","AM-R0689","stool","BP5","M","yes",NA,"10","","PBS","10","0","beforePBS","beforePBS","E. coli","-3","no","",2084189,940671,"45.1336707","",NA,NA,NA,NA,NA,"",NA,"",""
"1673","gnoto2_BP6_d10","40.01 (11/14/09)","B","7.34","gnoto2","3","H5","7","AM-F0532","AM-R0690","stool","BP6","F","yes",NA,"10","","PBS","10","0","beforePBS","beforePBS","E. coli","-3","no","",1747095,554447,"31.73536642","",NA,NA,NA,NA,NA,"",NA,"",""
"1697","GF11_C1_d71","40.01 (11/14/09)","B","4.48","GF11","1","H1","5","AM-F0501","AM-R0494","stool","C_2_1","F","yes",NA,"71","","probenecid","10","0","beforepro","beforepro",NA,NA,"no","",656177,250005,"38.1002382","",NA,NA,NA,NA,NA,"",NA,"",""
"1698","GF11_C2_d71","40.01 (11/14/09)","B","5.06","GF11","1","H2","5","N707","AM-R0495","stool","C_2_2","F","yes",NA,"71","","probenecid","10","0","beforepro","beforepro",NA,NA,"no","",1003527,226983,"22.61852446","",NA,NA,NA,NA,NA,"",NA,"",""
"1699","GF11_C3_d71","40.01 (11/14/09)","B","6.2","GF11","1","H3","5","AM-F0517","AM-R0496","stool","C_2_3","F","yes",NA,"71","","probenecid","10","0","beforepro","beforepro",NA,NA,"no","",1375785,394965,"28.70833742","",NA,NA,NA,NA,NA,"",NA,"",""
"1701","GF11_C6_d71","40.01 (11/14/09)","B","1.5","GF11","1","H5","5","N706","AM-R0498","stool","C_2_6","M","yes",NA,"71","","probenecid","10","0","beforepro","beforepro",NA,NA,"no","",1357990,567354,"41.77895272","",NA,NA,NA,NA,NA,"",NA,"",""
"1702","GF11_C7_d71","40.01 (11/14/09)","B","1.89","GF11","1","H6","5","AM-F0581","AM-R0499","stool","C_2_7","M","no","11.33","71","","probenecid","10","0","beforepro","beforepro",NA,NA,"no","",1337256,618561,"46.25598988","",NA,NA,NA,NA,NA,"",NA,"",""
"1732","GF4_C3_d35","40.01 (11/14/09)","B","6.24","GF4","GF4_DNA","A9","5","N712","S621","stool","C3","M","yes",NA,"35","","probenecid","10","0","beforepro","beforepro","E. coli","-4","no","",1666708,321009,"19.26006235","",NA,NA,NA,NA,NA,"",NA,"",""
"1733","GF4_C4_d35","40.01 (11/14/09)","B","1.337","GF4","GF4_DNA","A10","5","N712","S622","stool","C4",NA,"no","15","35","","probenecid","10","0","beforepro","beforepro","E. coli","-4","no","",1117449,451256,"40.38269308","",NA,NA,NA,NA,NA,"",NA,"",""
"1734","GF5_B2_D79","40.01 (11/14/09)","B","0.806","GF5","GF5","E2","9","N823","S526","stool","B_3_2",NA,"yes",NA,"79","","probenecid","10","0","beforepro","beforepro","E. coli","-4","no","",2685794,112766,"4.198609424","",NA,NA,NA,NA,NA,"",NA,"",""
"1735","GF5_B3_D79","40.01 (11/14/09)","B","1.23","GF5","GF5","E3","9","N821","S527","stool","B_3_3","M","yes",NA,"79","","probenecid","10","0","beforepro","beforepro","E. coli","-4","no","",2802591,1124112,"40.10974131","",NA,NA,NA,NA,NA,"",NA,"",""
"1736","GF5_B4_D79","40.01 (11/14/09)","B","LOW","GF5","GF5","E4","9","N823","S528","stool","B_3_4",NA,"yes",NA,"79","","probenecid","10","0","beforepro","beforepro","E. coli","-4","no","",1903395,233760,"12.28121331","",NA,NA,NA,NA,NA,"",NA,"",""
"1737","GF5_B5_D79","40.01 (11/14/09)","B","1.49","GF5","GF5","E5","9","N824","S529","stool","B_3_5",NA,"yes",NA,"79","","probenecid","10","0","beforepro","beforepro","E. coli","-4","no","",2856760,98493,"3.447716994","",NA,NA,NA,NA,NA,"",NA,"",""
"1738","GF5_B6_D79","40.01 (11/14/09)","B","3.503","GF5","GF5","E6","9","N823","S530","stool","B_3_6","F","yes",NA,"79","","probenecid","10","0","beforepro","beforepro","E. coli","-4","no","",3115608,651207,"20.90144203","",NA,NA,NA,NA,NA,"",NA,"",""
"1739","GF5_B7_D79","40.01 (11/14/09)","B","3.975","GF5","GF5","E7","9","N819","S531","stool","B_3_7","F","yes",NA,"79","","probenecid","10","0","beforepro","beforepro","E. coli","-4","no","",2411776,581723,"24.120109","",NA,NA,NA,NA,NA,"",NA,"",""
"1740","GF5_C1_D46","40.01 (11/14/09)","B","6.409","GF5","GF5","A7","9","N820","S531","stool","C_1_1","M","yes",NA,"46","","probenecid","10","0","beforepro","beforepro",NA,NA,"no","",1595638,989823,"62.03305512","",NA,NA,NA,NA,NA,"",NA,"",""
"1741","GF5_C2_D46","40.01 (11/14/09)","B","16.503","GF5","GF5","A8","9","N717","S532","stool","C_1_2",NA,"no","10.66","46","","probenecid","10","0","beforepro","beforepro",NA,NA,"no","",1229822,499352,"40.60359955","",NA,NA,NA,NA,NA,"",NA,"",""
"1742","GF5_C3_D46","40.01 (11/14/09)","B","0.303","GF5","GF5","A9","9","N818","S533","stool","C_1_3","M","yes",NA,"46","","probenecid","10","0","beforepro","beforepro",NA,NA,"no","",2421643,1312358,"54.19287649","",NA,NA,NA,NA,NA,"",NA,"",""
"1743","GF5_C4_D46","40.01 (11/14/09)","B","2.89","GF5","GF5","A10","9","N819","S534","stool","C_1_4","F","yes",NA,"46","","probenecid","10","0","beforepro","beforepro",NA,NA,"no","",1451993,768489,"52.92649482","",NA,NA,NA,NA,NA,"",NA,"",""
"1744","GF5_C6_D46","40.01 (11/14/09)","B","3.896","GF5","GF5","A11","9","N701","S535","stool","C_1_6",NA,"no","11","46","","probenecid","10","0","beforepro","beforepro",NA,NA,"no","",1006198,220566,"21.92073528","",NA,NA,NA,NA,NA,"",NA,"",""
"1745","GF6_A1_D87","40.01 (11/14/09)","B","0.729","GF6","GF6","A2","1","N701","S502","stool","A_3_1","M","no","11.33","87","","probenecid","10","0","beforepro","beforepro","E. coli","-4","no","",1223735,167068,"13.65230217","",NA,NA,NA,NA,NA,"",NA,"",""
"1747","GF6_A2_D87","40.01 (11/14/09)","B","4.399","GF6","GF6","D12","1","N701","S512","stool","A_3_2","F","yes",NA,"87","","probenecid","10","0","beforepro","beforepro","E. coli","-4","no","",4172892,788375,"18.89277269","",NA,NA,NA,NA,NA,"",NA,"",""
"1748","GF6_A3_D87","40.01 (11/14/09)","B","0.829","GF6","GF6","D11","1","N707","S611","stool","A_3_3",NA,"no","11","87","","probenecid","10","0","beforepro","beforepro","E. coli","-4","no","",979930,311955,"31.83441674","",NA,NA,NA,NA,NA,"",NA,"",""
"1749","GF6_A5_D51","40.01 (11/14/09)","B","0.874","GF6","GF6","A8","1","N702","S508","stool","A_1_5","F","no","11","51","","probenecid","10","0","beforepro","beforepro",NA,NA,"no","",2058896,90402,"4.39079973","",NA,NA,NA,NA,NA,"",NA,"",""
"1750","GF6_A5_D87","40.01 (11/14/09)","B","9.554","GF6","GF6","D10","1","N702","S610","stool","A_3_5","F","yes",NA,"87","","probenecid","10","0","beforepro","beforepro","E. coli","-4","no","",11659328,131842,"1.130785582","",NA,NA,NA,NA,NA,"",NA,"",""
"1751","GF6_A6_D87","40.01 (11/14/09)","B","1.662","GF6","GF6","H4","1","N702","S504","stool","A_3_6","F","yes",NA,"87","","probenecid","10","0","beforepro","beforepro","E. coli","-4","no","",3686826,285551,"7.745171592","",NA,NA,NA,NA,NA,"",NA,"",""
"1752","GF6_A7_D87","40.01 (11/14/09)","B","4.788","GF6","GF6","E1","1","N702","S501","stool","A_3_7",NA,"yes",NA,"87","","probenecid","10","0","beforepro","beforepro","E. coli","-5","no","",2371760,92471,"3.898834621","",NA,NA,NA,NA,NA,"",NA,"",""
"1753","GF6_A8_D51","40.01 (11/14/09)","B","1.153","GF6","GF6","A7","1","N707","S507","stool","A_1_8","F","yes",NA,"51","","probenecid","10","0","beforepro","beforepro",NA,NA,"no","",2223708,257036,"11.55889172","",NA,NA,NA,NA,NA,"",NA,"",""
"1754","GF6_B2_D63","40.01 (11/14/09)","B","1.118","GF6","GF6","B12","1","N703","S512","stool","B_2_2","M","yes",NA,"63","","probenecid","12","0","beforepro","beforepro",NA,NA,"no","",1764772,181669,"10.29419098","",NA,NA,NA,NA,NA,"",NA,"",""
"1755","GF6_B6_D63","40.01 (11/14/09)","B","1.481","GF6","GF6","C3","1","N707","S503","stool","B_2_6","M","yes",NA,"63","","probenecid","12","0","beforepro","beforepro",NA,NA,"no","",4671900,593143,"12.69596952","",NA,NA,NA,NA,NA,"",NA,"",""
"1756","GF6_B8_D63","40.01 (11/14/09)","B","1.656","GF6","GF6","C4","1","N701","S504","stool","B_2_8","M","yes",NA,"63","","probenecid","12","0","beforepro","beforepro",NA,NA,"no","",2329098,582008,"24.9885578","",NA,NA,NA,NA,NA,"",NA,"",""
"1850","GF20_d161_b2","40.01 (11/14/09)","B","2.858","GF20","","C08","3","AM-F0249","AM-R0249","stool","b2","F","yes",NA,"161","","vancomycin/probenecid","10","0","beforevanc","beforevanc",NA,NA,"no","",3156060,1618663,"51.28745968","",NA,NA,NA,NA,NA,"",NA,"",""
"1851","GF20_d161_b4","40.01 (11/14/09)","B","6.186","GF20","","C09","3","AM-F0250","AM-R0250","stool","b4","F","yes",NA,"161","","vancomycin/probenecid","10","0","beforevanc","beforevanc",NA,NA,"no","",4354710,2206869,"50.67774892","",NA,NA,NA,NA,NA,"",NA,"",""
"1852","GF20_d161_b6","40.01 (11/14/09)","B","8.07","GF20","","E07","3","AM-F0272","AM-R0272","stool","b6","M","yes",NA,"161","","vancomycin/probenecid","10","0","beforevanc","beforevanc",NA,NA,"no","",1730705,1175620,"67.92723197","",1730705,1175620,67.93,NA,NA,"",NA,"",""
"1853","GF20_d161_b8","40.01 (11/14/09)","B","8.62","GF20","","E08","3","AM-F0273","AM-R0273","stool","b8","M","yes",NA,"161","","vancomycin/probenecid","10","0","beforevanc","beforevanc",NA,NA,"no","",3280221,1994382,"60.80023267","",NA,NA,NA,NA,NA,"",NA,"",""
"1854","GF20_d33_a3","40.01 (11/14/09)","B","2.51","GF20","","E05","3","AM-F0270","AM-R0270","stool","a3","M","yes",NA,"33","","vancomycin/probenecid","10","0","beforevanc","beforevanc",NA,NA,"no","",2407647,1665895,"69.1918292","",NA,NA,NA,NA,NA,"",NA,"",""
"1855","GF20_d33_a4","40.01 (11/14/09)","B","2.64","GF20","","E04","3","AM-F0269","AM-R0269","stool","a4","M","yes",NA,"33","","vancomycin/probenecid","10","0","beforevanc","beforevanc",NA,NA,"no","",1063752,760218,"71.46571757","",NA,NA,NA,NA,NA,"",NA,"",""
"1856","GF20_d33_a5","40.01 (11/14/09)","B","1.68","GF20","","E03","3","AM-F0268","AM-R0268","stool","a5","F","yes",NA,"33","","vancomycin/probenecid","10","0","beforevanc","beforevanc",NA,NA,"no","",6499487,5115575,"78.70736567","",NA,NA,NA,NA,NA,"",NA,"",""
"1857","Gn3_B5_Stool","","B","","gnoto3","","","","","","stool","B5","M","yes",NA,"","","vancomycin/probenecid","10","0","beforevanc","beforevanc",NA,NA,"no","",2467656,1526607,"61.86466023","",NA,NA,NA,NA,NA,"",NA,"",""
"1858","Gn3_B6_Stool","","B","","gnoto3","","","","","","stool","B6","F","yes",NA,"","","vancomycin/probenecid","10","0","beforevanc","beforevanc",NA,NA,"no","",2658862,1300976,"48.92980531","",NA,NA,NA,NA,NA,"",NA,"",""
"1973","GF11_B2_d73","40.01 (11/14/09)","B","10.9","GF11","2","A2","6","N707","AM-R0507","stool","B_2_2","M","yes",NA,"73","","ampicillin/gentamicin/probenecid","12","2","duringampgent","duringampgent",NA,NA,"no","",1337872,62396,"4.663824342","",NA,NA,NA,NA,NA,"",NA,"",""
"1975","GF11_B4_d72","40.01 (11/14/09)","B","3.3","GF11","1","H7","5","N706","AM-R0500","stool","B_2_4","F","yes",NA,"72","","ampicillin/gentamicin/probenecid","11","1","duringampgent","duringampgent",NA,NA,"no","",1111789,401243,"36.08985158","",NA,NA,NA,NA,NA,"",NA,"",""
"1976","GF11_B4_d73","40.01 (11/14/09)","B","5.79","GF11","2","A3","6","N707","AM-R0508","stool","B_2_4","F","yes",NA,"73","","ampicillin/gentamicin/probenecid","12","2","duringampgent","duringampgent",NA,NA,"no","",1318598,58863,"4.464059554","",NA,NA,NA,NA,NA,"",NA,"",""
"2032","GF2_A1_day29","40.01 (11/14/09)","B","5.56","GF2","GF2_1","C1","3","N816","S525","stool","A1",NA,"yes",NA,"29","","meropenem","11","1","duringmero","duringmero","C. rodentium","-5","no","",2683020,1365785,"50.90476403","",NA,NA,NA,NA,NA,"",NA,"",""
"2033","GF2_A1_day30","40.01 (11/14/09)","B","5.94","GF2","GF2_1","C12","3","N711","S536","stool","A1",NA,"yes",NA,"30","","meropenem","12","2","duringmero","duringmero","C. rodentium","-4","no","",3581946,571351,"15.95085465","",NA,NA,NA,NA,NA,"",NA,"",""
"2034","GF2_A1_day31","40.01 (11/14/09)","B","3.38","GF2","Anna's plate 4","D4","4","N709","S504","stool","A1",NA,"yes",NA,"31","","meropenem","13","3","duringmero","duringmero","C. rodentium","-3","no","",1063232,348638,"32.79039758","",NA,NA,NA,NA,NA,"",NA,"",""
"2035","GF2_A1_day32","40.01 (11/14/09)","B","9.94","GF2","GF2_1","D5","3","N705","S529","stool","A1",NA,"yes",NA,"32","","meropenem","14","4","duringmero","duringmero","C. rodentium","-2","no","",528869,203115,"38.40554088","",NA,NA,NA,NA,NA,"",NA,"",""
"2036","GF2_A2_day29","40.01 (11/14/09)","B","4.62","GF2","GF2_1","C2","3","N712","S526","stool","A2",NA,"yes",NA,"29","","meropenem","11","1","duringmero","duringmero","C. rodentium","-5","no","",2472867,1224102,"49.50132781","",NA,NA,NA,NA,NA,"",NA,"",""
"2037","GF2_A2_day30","40.01 (11/14/09)","B","10.2","GF2","GF2/3 1","G4","5","N711","S616","stool","A2",NA,"yes",NA,"30","","meropenem","12","2","duringmero","duringmero","C. rodentium","-4","no","",1221915,970709,"79.44161419","",NA,NA,NA,NA,NA,"",NA,"",""
"2038","GF2_A2_day31","40.01 (11/14/09)","B","3.8","GF2","GF2_2","C12","6","N711","S536","stool","A2",NA,"yes",NA,"31","","meropenem","13","3","duringmero","duringmero","C. rodentium","-3","no","",731359,418947,"57.28335879","",NA,NA,NA,NA,NA,"",NA,"",""
"2039","GF2_A2_day32","40.01 (11/14/09)","B","17.9","GF2","GF2/3 1","G8","5","N709","S620","stool","A2",NA,"yes",NA,"32","","meropenem","14","4","duringmero","duringmero","C. rodentium","-2","no","",1282524,201146,"15.68360514","",NA,NA,NA,NA,NA,"",NA,"",""
"2040","GF2_A3_day30","40.01 (11/14/09)","B","8.69","GF2","GF2/3 1","G5","5","N816","S617","stool","A3",NA,"yes",NA,"30","","meropenem","12","2","duringmero","duringmero","C. rodentium","-5","no","",1709661,908290,"53.12690645","",NA,NA,NA,NA,NA,"",NA,"",""
"2041","GF2_A3_day32","40.01 (11/14/09)","B","5.73","GF2","GF2/3 1","G9","5","N706","S621","stool","A3",NA,"yes",NA,"32","","meropenem","14","4","duringmero","duringmero","C. rodentium","-3","no","",1216017,401933,"33.05323856","",NA,NA,NA,NA,NA,"",NA,"",""
"2042","GF2_A4_day29","40.01 (11/14/09)","B","5.42","GF2","GF2_1","C3","3","N707","S527","stool","A4",NA,"yes",NA,"29","","meropenem","11","1","duringmero","duringmero","C. rodentium","-5","no","",1646076,1101346,"66.90736029","",NA,NA,NA,NA,NA,"",NA,"",""
"2043","GF2_A4_day30","40.01 (11/14/09)","B","7.51","GF2","GF2/3 1","G6","5","N711","S618","stool","A4",NA,"yes",NA,"30","","meropenem","12","2","duringmero","duringmero","C. rodentium","-4","no","",1345736,593772,"44.12247276","",NA,NA,NA,NA,NA,"",NA,"",""
"2044","GF2_A4_day31","40.01 (11/14/09)","B","2.98","GF2","GF2_2","D1","6","N709","S525","stool","A4",NA,"yes",NA,"31","","meropenem","13","3","duringmero","duringmero","C. rodentium","-3","no","",578536,198444,"34.30106337","",NA,NA,NA,NA,NA,"",NA,"",""
"2045","GF2_A4_day32","40.01 (11/14/09)","B","22","GF2","GF2/3 1","G10","5","N706","S622","stool","A4",NA,"yes",NA,"32","","meropenem","14","4","duringmero","duringmero","C. rodentium","-2","no","",1574332,746644,"47.42608294","",NA,NA,NA,NA,NA,"",NA,"",""
"2046","GF2_A5_day31","40.01 (11/14/09)","B","3.93","GF2","Anna's plate 4","D5","4","N816","S505","stool","A5",NA,"yes",NA,"31","","meropenem","13","3","duringmero","duringmero","C. rodentium","-3","no","",1508699,506405,"33.5656748","",NA,NA,NA,NA,NA,"",NA,"",""
"2047","GF2_A5_day32","40.01 (11/14/09)","B","3.5","GF2","GF2_1","D9","3","N706","S533","stool","A5",NA,"yes",NA,"32","","meropenem","14","4","duringmero","duringmero","C. rodentium","-2","no","",608115,174921,"28.76446067","",NA,NA,NA,NA,NA,"",NA,"",""
"2048","GF2_A6_day29","40.01 (11/14/09)","B","3.15","GF2","GF2_1","C4","3","N816","S528","stool","A6",NA,"yes",NA,"29","","meropenem","11","1","duringmero","duringmero","C. rodentium","-5","no","",2647233,1822139,"68.83183309","",NA,NA,NA,NA,NA,"",NA,"",""
"2049","GF2_A6_day30","40.01 (11/14/09)","B","7.04","GF2","GF2/3 1","G7","5","N701","S519","stool","A6",NA,"yes",NA,"30","","meropenem","12","2","duringmero","duringmero","C. rodentium","-4","no","",1494105,943703,"63.16175905","",NA,NA,NA,NA,NA,"",NA,"",""
"2050","GF2_A6_day31","40.01 (11/14/09)","B","11.5","GF2","Anna's plate 4","D6","4","N711","S506","stool","A6",NA,"yes",NA,"31","","meropenem","13","3","duringmero","duringmero","C. rodentium","-3","no","",1629522,719951,"44.18172937","",NA,NA,NA,NA,NA,"",NA,"",""
"2051","GF2_A6_day32","40.01 (11/14/09)","B","12.2","GF2","GF2_1","D10","3","N701","S534","stool","A6",NA,"yes",NA,"32","","meropenem","14","4","duringmero","duringmero","C. rodentium","-2","no","",675475,135528,"20.06410304","",NA,NA,NA,NA,NA,"",NA,"",""
"2053","GF20_d34_b3","40.01 (11/14/09)","B","8.505","GF20","","D09","3","AM-F0262","AM-R0262","stool","b3","F","yes",NA,"34","","meropenem/probenecid","11","1","duringmero","duringmero",NA,NA,"no","",6458659,3524773,"54.57437837","",NA,NA,NA,NA,NA,"",NA,"",""
"2056","GF20_d89_b6","40.01 (11/14/09)","B","2.244","GF20","","B11","3","N814","","colon","b6","M","yes",NA,"89","","meropenem/probenecid","11","1","duringmero","duringmero",NA,NA,"no","",2777548,108578,"3.909131363","",NA,NA,NA,NA,NA,"",NA,"",""
"2104","GF4_B1_D36","40.01 (11/14/09)","B","9.821","GF4","GF4_DNA","A11","5","N710","S523","stool","B1",NA,"no","14","36","","meropenem/probenecid","11","1","duringmero","duringmero","E. coli","-3","no","",2889737,286363,"9.909656138","",NA,NA,NA,NA,NA,"",NA,"",""
"2108","GF4_B3_d36","40.01 (11/14/09)","B","1.22","GF4","GF4_DNA","B1","5","N712","S613","stool","B3","F","yes",NA,"36","","meropenem/probenecid","11","1","duringmero","duringmero","E. coli","-3","no","",1472140,603157,"40.97144293","",NA,NA,NA,NA,NA,"",NA,"",""
"2109","GF4_B3_d37","40.01 (11/14/09)","B","4.19","GF4","GF4_DNA","B8","5","N713","S620","stool","B3","F","yes",NA,"37","","meropenem/probenecid","12","2","duringmero","duringmero","E. coli","-2","no","",1537908,178775,"11.62455752","",NA,NA,NA,NA,NA,"",NA,"",""
"2110","GF5_A1_D47","40.01 (11/14/09)","B","34.4","GF5","GF5","A12","9","N822","S536","stool","A_1_1","M","yes",NA,"47","","meropenem/probenecid","11","1","duringmero","duringmero",NA,NA,"no","",1268323,927031,"73.09108169","",NA,NA,NA,NA,NA,"",NA,"",""
"2111","GF5_A1_D48","40.01 (11/14/09)","B","2.8","GF5","GF5","B5","9","N823","S529","stool","A_1_1","M","yes",NA,"48","","meropenem/probenecid","12","2","duringmero","duringmero",NA,NA,"no","",2867567,57222,"1.995489556","",NA,NA,NA,NA,NA,"",NA,"",""
"2112","GF5_A1_D80","40.01 (11/14/09)","B","5.405","GF5","GF5","E8","9","N819","S532","stool","A_3_1","F","yes",NA,"80","","meropenem/probenecid","11","1","duringmero","duringmero","E. coli","-3","no","",3288135,207746,"6.318049593","",NA,NA,NA,NA,NA,"",NA,"",""
"2113","GF5_A1_D81","40.01 (11/14/09)","B","2.362","GF5","GF5","F5","9","N717","S529","stool","A_3_1","F","yes",NA,"81","","meropenem/probenecid","12","2","duringmero","duringmero","E. coli","-2","no","",1983338,699602,"35.27396742","",NA,NA,NA,NA,NA,"",NA,"",""
"2114","GF5_A2_D48","40.01 (11/14/09)","B","LOW","GF5","GF5","B6","9","N821","S530","stool","A_1_2","M","yes",NA,"48","","meropenem/probenecid","12","2","duringmero","duringmero",NA,NA,"no","",499110,263901,"52.87431628","",NA,NA,NA,NA,NA,"",NA,"",""
"2120","GF5_A6_D81","40.01 (11/14/09)","B","1.249","GF5","GF5","F7","9","N820","S531","stool","A_3_6",NA,"yes",NA,"81","","meropenem/probenecid","12","2","duringmero","duringmero","E. coli","-2","no","",1434111,120620,"8.410785497","",NA,NA,NA,NA,NA,"",NA,"",""
"2121","GF5_A7_D80","40.01 (11/14/09)","B","0.065","GF5","GF5","E12","9","N823","S536","stool","A_3_7","F","yes",NA,"80","","meropenem/probenecid","11","1","duringmero","duringmero","E. coli","-3","no","",2166896,457311,"21.10442772","",NA,NA,NA,NA,NA,"",NA,"",""
"2122","GF5_A7_D81","40.01 (11/14/09)","B","0.215","GF5","GF5","F8","9","N824","S532","stool","A_3_7","F","yes",NA,"81","","meropenem/probenecid","12","2","duringmero","duringmero","E. coli","-2","no","",1808511,174960,"9.674256889","",NA,NA,NA,NA,NA,"",NA,"",""
"2123","GF6_B1_D89","40.01 (11/14/09)","B","0.317","GF6","GF6","E12","1","N704","S512","stool","B_3_1","M","yes",NA,"89","","meropenem/probenecid","12","2","duringmero","duringmero","E. coli","-2","no","",2533988,371405,"14.65693602","",NA,NA,NA,NA,NA,"",NA,"",""
"2124","GF6_B2_D89","40.01 (11/14/09)","B","0.74","GF6","GF6","F1","1","N706","S501","stool","B_3_2","F","yes",NA,"89","","meropenem/probenecid","12","2","duringmero","duringmero","E. coli","-2","no","",4979008,302738,"6.080287479","",NA,NA,NA,NA,NA,"",NA,"",""
"2125","GF6_B3_D89","40.01 (11/14/09)","B","0.686","GF6","GF6","F2","1","N704","S502","stool","B_3_3","M","yes",NA,"89","","meropenem/probenecid","12","2","duringmero","duringmero","E. coli","-2","no","",2780674,158291,"5.692540729","",NA,NA,NA,NA,NA,"",NA,"",""
"2126","GF6_B4_D89","40.01 (11/14/09)","B","1.03","GF6","GF6","F3","1","N705","S503","stool","B_3_4","M","yes",NA,"89","","meropenem/probenecid","12","2","duringmero","duringmero","E. coli","-2","no","",2156174,735456,"34.10930658","",NA,NA,NA,NA,NA,"",NA,"",""
"2152","Gn3_B14_Cwash","","B","","gnoto3","","","","","","colon","B14","M","no","11","","","meropenem/probenecid","11","1","duringmero","duringmero",NA,NA,"no","",884184,108250,"12.24292681","",NA,NA,NA,NA,NA,"",NA,"",""
"2153","Gn3_B15_Cwash","","B","","gnoto3","","","","","","colon","B15","F","no","11","","","meropenem/probenecid","11","1","duringmero","duringmero",NA,NA,"no","",514893,71568,"13.8995869","",NA,NA,NA,NA,NA,"",NA,"",""
"2154","Gn3_B16_Cwash","","B","","gnoto3","","","","","","colon","B16","M","no","11","","","meropenem/probenecid","11","1","duringmero","duringmero",NA,NA,"no","",11842736,82593,"0.697414854","",NA,NA,NA,NA,NA,"",NA,"",""
"2179","GF2_B1_day29","40.01 (11/14/09)","B","33.4","GF2","GF2/3 1","G3","5","N816","S615","stool","B1",NA,"yes",NA,"29","","PBS","12","2","duringPBS","duringPBS","C. rodentium","-4","no","",2611495,1665836,"63.78859619","",NA,NA,NA,NA,NA,"",NA,"",""
"2180","GF2_B2_day28","40.01 (11/14/09)","B","7.48","GF2","GF2_1","B9","3","N816","S533","stool","B2",NA,"yes",NA,"28","","PBS","11","1","duringPBS","duringPBS","C. rodentium","-5","no","",643736,243046,"37.75553954","",NA,NA,NA,NA,NA,"",NA,"",""
"2181","GF2_B2_day29","40.01 (11/14/09)","B","7.47","GF2","GF2_1","C7","3","N711","S531","stool","B2",NA,"yes",NA,"29","","PBS","12","2","duringPBS","duringPBS","C. rodentium","-4","no","",778915,408371,"52.42818536","",NA,NA,NA,NA,NA,"",NA,"",""
"2182","GF2_B2_day30","40.01 (11/14/09)","B","7.05","GF2","GF2_1","C10","3","N705","S534","stool","B2",NA,"yes",NA,"30","","PBS","13","3","duringPBS","duringPBS","C. rodentium","-3","no","",1216173,1002749,"82.45118088","",NA,NA,NA,NA,NA,"",NA,"",""
"2183","GF2_B2_day31","40.01 (11/14/09)","B","25.6","GF2","GF2_2","C2","6","N701","S526","stool","B2",NA,"yes",NA,"31","","PBS","14","4","duringPBS","duringPBS","C. rodentium","-2","no","",879730,520913,"59.21282666","",NA,NA,NA,NA,NA,"",NA,"",""
"2184","GF2_B3_day28","40.01 (11/14/09)","B","23.9","GF2","GF2_1","B10","3","N705","S534","stool","B3",NA,"yes",NA,"28","","PBS","11","1","duringPBS","duringPBS","C. rodentium","-5","no","",1825561,502502,"27.52589478","",NA,NA,NA,NA,NA,"",NA,"",""
"2185","GF2_B3_day31","40.01 (11/14/09)","B","13.6","GF2","GF2_2","C3","6","N702","S527","stool","B3",NA,"yes",NA,"31","","PBS","14","4","duringPBS","duringPBS","C. rodentium","-2","no","",915314,749572,"81.89233422","",NA,NA,NA,NA,NA,"",NA,"",""
"2186","GF2_B4_day28","40.01 (11/14/09)","B","9","GF2","GF2/3 1","G2","5","N816","S514","stool","B4",NA,"no","26","28","","PBS","11","1","duringPBS","duringPBS","C. rodentium","-5","no","",1164049,774040,"66.49548258","",NA,NA,NA,NA,NA,"",NA,"",""
"2187","GF2_B4_day29","40.01 (11/14/09)","B","14.1","GF2","GF2_1","C8","3","N705","S532","stool","B4",NA,"no","26","29","","PBS","12","2","duringPBS","duringPBS","C. rodentium","-4","no","",1877210,833898,"44.42220103","",NA,NA,NA,NA,NA,"",NA,"",""
"2188","GF2_B5_day28","40.01 (11/14/09)","B","27.5","GF2","GF2_1","B12","3","N816","S536","stool","B5",NA,"yes",NA,"28","","PBS","11","1","duringPBS","duringPBS","C. rodentium","-5","no","",1593694,613415,"38.49013675","",NA,NA,NA,NA,NA,"",NA,"",""
"2189","GF2_B5_day29","40.01 (11/14/09)","B","33.2","GF2","GF2_1","C9","3","N708","S533","stool","B5",NA,"yes",NA,"29","","PBS","12","2","duringPBS","duringPBS","C. rodentium","-4","no","",1553262,789108,"50.80327723","",NA,NA,NA,NA,NA,"",NA,"",""
"2190","GF2_B5_day30","40.01 (11/14/09)","B","16.8","GF2","GF2_1","C11","3","N708","S535","stool","B5",NA,"yes",NA,"30","","PBS","13","3","duringPBS","duringPBS","C. rodentium","-3","no","",930433,754677,"81.11030026","",NA,NA,NA,NA,NA,"",NA,"",""
"2191","GF2_B5_day31","40.01 (11/14/09)","B","22.8","GF2","GF2_2","C4","6","N711","S528","stool","B5",NA,"yes",NA,"31","","PBS","14","4","duringPBS","duringPBS","C. rodentium","-2","no","",1485749,1150464,"77.43326766","",NA,NA,NA,NA,NA,"",NA,"",""
"2204","GF6_A1_D53","40.01 (11/14/09)","B","0.729","GF6","GF6","A12","1","N701","S512","stool","A_1_1","M","yes",NA,"53","","PBS","12","2","duringPBS","duringPBS",NA,NA,"no","",2663890,716242,"26.88707116","",NA,NA,NA,NA,NA,"",NA,"",""
"2205","GF6_A3_D52","40.01 (11/14/09)","B","1.519","GF6","GF6","A10","1","N701","S610","stool","A_1_3","M","yes",NA,"52","","PBS","11","1","duringPBS","duringPBS",NA,NA,"no","",4860090,807441,"16.61370468","",NA,NA,NA,NA,NA,"",NA,"",""
"2206","GF6_A3_D53","40.01 (11/14/09)","B","3.163","GF6","GF6","B1","1","N702","S501","stool","A_1_3","M","yes",NA,"53","","PBS","12","2","duringPBS","duringPBS",NA,NA,"no","",1756464,445598,"25.36903688","",NA,NA,NA,NA,NA,"",NA,"",""
"2207","GF6_A4_D53","40.01 (11/14/09)","B","4.404","GF6","GF6","B2","1","N706","S502","stool","A_1_4","M","yes",NA,"53","","PBS","12","2","duringPBS","duringPBS",NA,NA,"no","",2475454,836032,"33.7728756","",NA,NA,NA,NA,NA,"",NA,"",""
"2208","GF6_B1_D64","40.01 (11/14/09)","B","3.953","GF6","GF6","C7","1","N708","S507","stool","B_2_1","F","yes",NA,"64","","PBS","13","1","duringPBS","duringPBS",NA,NA,"no","",5365722,599145,"11.16615807","",NA,NA,NA,NA,NA,"",NA,"",""
"2209","GF6_B10_D64","40.01 (11/14/09)","B","1.741","GF6","GF6","C10","1","N705","S610","stool","B_2_10","F","yes",NA,"64","","PBS","13","1","duringPBS","duringPBS",NA,NA,"no","",2111866,608144,"28.79652402","",NA,NA,NA,NA,NA,"",NA,"",""
"2210","GF6_B4_D64","40.01 (11/14/09)","B","2.387","GF6","GF6","C8","1","N707","S508","stool","B_2_4","F","yes",NA,"64","","PBS","13","1","duringPBS","duringPBS",NA,NA,"no","",2412690,682023,"28.26815712","",NA,NA,NA,NA,NA,"",NA,"",""
"2225","GF11_C2_d72","40.01 (11/14/09)","B","7.89","GF11","1","H8","5","AM-F0496","AM-R0501","stool","C_2_2","F","yes",NA,"72","","probenecid","11","1","duringpro","duringpro",NA,NA,"no","",1144727,179293,"15.66251167","",NA,NA,NA,NA,NA,"",NA,"",""
"2226","GF11_C5_d72","40.01 (11/14/09)","B","5.79","GF11","1","H9","5","AM-F0499","AM-R0502","stool","C_2_5","F","yes",NA,"72","","probenecid","11","1","duringpro","duringpro",NA,NA,"no","",1531572,388551,"25.36942436","",NA,NA,NA,NA,NA,"",NA,"",""
"2227","GF11_C6_d72","40.01 (11/14/09)","B","3.55","GF11","1","H10","5","AM-F0735","AM-R0503","stool","C_2_6","M","yes",NA,"72","","probenecid","11","1","duringpro","duringpro",NA,NA,"no","",1264923,549460,"43.43821719","",NA,NA,NA,NA,NA,"",NA,"",""
"2228","GF11_C7_d72_colon","40.01 (11/14/09)","B","3.39","GF11","2","A1","6","AM-F0736","AM-R0506","colon","C_2_7","M","no","11.33","72","","probenecid","11","1","duringpro","duringpro",NA,NA,"no","",934227,140535,"15.04291783","",NA,NA,NA,NA,NA,"",NA,"",""
"2248","GF4_C1_d36","40.01 (11/14/09)","B","3.044","GF4","GF4_DNA","B2","5","N713","S514","stool","C1","M","yes",NA,"36","","probenecid","11","1","duringpro","duringpro","E. coli","-3","no","",1108778,641862,"57.88913561","",NA,NA,NA,NA,NA,"",NA,"",""
"2249","GF4_C1_D37","40.01 (11/14/09)","B","2.804","GF4","GF4_DNA","B10","5","N713","S622","stool","C1","M","yes",NA,"37","","probenecid","12","2","duringpro","duringpro","E. coli","-2","no","",2699028,183965,"6.815972269","",NA,NA,NA,NA,NA,"",NA,"",""
"2250","GF4_C2_D36","40.01 (11/14/09)","B","1.461","GF4","GF4_DNA","B3","5","N712","S615","stool","C2","F","yes",NA,"36","","probenecid","11","1","duringpro","duringpro","E. coli","-3","no","",526762,322730,"61.26675804","",NA,NA,NA,NA,NA,"",NA,"",""
"2251","GF4_C2_d37","40.01 (11/14/09)","B","2.137","GF4","GF4_DNA","B11","5","N713","S523","stool","C2","F","yes",NA,"37","","probenecid","12","2","duringpro","duringpro","E. coli","-2","no","",2134922,1855880,"86.92963958","",NA,NA,NA,NA,NA,"",NA,"",""
"2252","GF4_C3_d36","40.01 (11/14/09)","B","26.46","GF4","GF4_DNA","B4","5","N712","S616","stool","C3","M","yes",NA,"36","","probenecid","11","1","duringpro","duringpro","E. coli","-3","no","",1059584,816005,"77.01182728","",NA,NA,NA,NA,NA,"",NA,"",""
"2253","GF4_C4_d36","40.01 (11/14/09)","B","7.539","GF4","GF4_DNA","B5","5","N713","S617","stool","C4",NA,"no","15","36","","probenecid","11","1","duringpro","duringpro","E. coli","-3","no","",1068815,467809,"43.76894037","",NA,NA,NA,NA,NA,"",NA,"",""
"2254","GF4_C4_d37","40.01 (11/14/09)","B","0.378","GF4","GF4_DNA","C1","5","N814","S613","stool","C4",NA,"no","15","37","","probenecid","12","2","duringpro","duringpro","E. coli","-2","no","",1116297,521046,"46.67628776","",NA,NA,NA,NA,NA,"",NA,"",""
"2255","GF5_B1_D80","40.01 (11/14/09)","B","14.567","GF5","GF5","F1","9","N822","S525","stool","B_3_1","M","yes",NA,"80","","probenecid","11","1","duringpro","duringpro","E. coli","-3","no","",620990,962596,"155.0099035","",NA,NA,NA,NA,NA,"",NA,"",""
"2257","GF5_B3_D81","40.01 (11/14/09)","B","3.312","GF5","GF5","H12","9","N822","S536","stool","B_3_3","M","yes",NA,"81","","probenecid","12","2","duringpro","duringpro","E. coli","-2","no","",1032729,909804,"88.09707096","",NA,NA,NA,NA,NA,"",NA,"",""
"2259","GF5_B7_D80","40.01 (11/14/09)","B","9.35","GF5","GF5","F4","9","N820","S528","stool","B_3_7","F","yes",NA,"80","","probenecid","11","1","duringpro","duringpro","E. coli","-3","no","",1198327,426085,"35.55665524","",NA,NA,NA,NA,NA,"",NA,"",""
"2260","GF5_C1_D47","40.01 (11/14/09)","B","12.079","GF5","GF5","B2","9","N824","S526","stool","C_1_1","M","yes",NA,"47","","probenecid","11","1","duringpro","duringpro",NA,NA,"no","",1078309,721646,"66.92385949","",NA,NA,NA,NA,NA,"",NA,"",""
"2261","GF5_C1_D48","40.01 (11/14/09)","B","7.36","GF5","GF5","B8","9","N717","S532","stool","C_1_1","M","yes",NA,"48","","probenecid","12","2","duringpro","duringpro",NA,NA,"no","",2151774,790149,"36.72081733","",NA,NA,NA,NA,NA,"",NA,"",""
"2262","GF5_C4_D47","40.01 (11/14/09)","B","3.695","GF5","GF5","B3","9","N819","S527","stool","C_1_4","F","yes",NA,"47","","probenecid","11","1","duringpro","duringpro",NA,NA,"no","",752158,94826,"12.60719157","",NA,NA,NA,NA,NA,"",NA,"",""
"2263","GF5_C5_D47","40.01 (11/14/09)","B","4.094","GF5","GF5","B4","9","N707","S528","stool","C_1_5","F","yes",NA,"47","","probenecid","11","1","duringpro","duringpro",NA,NA,"no","",1521519,96721,"6.356870995","",NA,NA,NA,NA,NA,"",NA,"",""
"2264","GF6_A1_COLON_D88","40.01 (11/14/09)","B","1.77","GF6","GF6","G7","1","N702","S507","colon","A_3_1",NA,"no","11.33","88","","probenecid","11","1","duringpro","duringpro",NA,NA,"no","",5196534,156704,"3.015548441","",NA,NA,NA,NA,NA,"",NA,"",""
"2267","GF6_A3_COLON_D88","40.01 (11/14/09)","B","39.2","GF6","GF6","G6","1","N701","S506","colon","A_3_3",NA,"no","11","88","","probenecid","11","1","duringpro","duringpro",NA,NA,"no","",4993212,65036,"1.302488258","",NA,NA,NA,NA,NA,"",NA,"",""
"2268","GF6_A6_D53","40.01 (11/14/09)","B","2.038","GF6","GF6","B3","1","N701","S503","stool","A_1_6","F","yes",NA,"53","","probenecid","12","2","duringpro","duringpro",NA,NA,"no","",2362538,167481,"7.089028833","",NA,NA,NA,NA,NA,"",NA,"",""
"2269","GF6_A6_D88","40.01 (11/14/09)","B","24.399","GF6","GF6","E10","1","N701","S610","stool","A_3_6","F","yes",NA,"88","","probenecid","11","1","duringpro","duringpro","E. coli","-3","no","",1770708,68833,"3.88731513","",NA,NA,NA,NA,NA,"",NA,"",""
"2270","GF6_A8_D52","40.01 (11/14/09)","B","6.222","GF6","GF6","A11","1","N708","S611","stool","A_1_8","F","yes",NA,"52","","probenecid","11","1","duringpro","duringpro",NA,NA,"no","",4287040,263049,"6.135911958","",NA,NA,NA,NA,NA,"",NA,"",""
"2271","GF6_A8_D53","40.01 (11/14/09)","B","1.109","GF6","GF6","B4","1","N701","S504","stool","A_1_8","F","yes",NA,"53","","probenecid","12","2","duringpro","duringpro",NA,NA,"no","",6020786,858990,"14.2670741","",NA,NA,NA,NA,NA,"",NA,"",""
"2272","GF6_A8_D89","40.01 (11/14/09)","B","8.676","GF6","GF6","E11","1","N702","S611","stool","A_3_8","M","yes",NA,"89","","probenecid","12","2","duringpro","duringpro","E. coli","-2","no","",2434116,1015419,"41.71613021","",NA,NA,NA,NA,NA,"",NA,"",""
"2273","GF6_B6_D64","40.01 (11/14/09)","B","0.854","GF6","GF6","C9","1","N708","S509","stool","B_2_6","M","yes",NA,"64","","probenecid","13","1","duringpro","duringpro",NA,NA,"no","",10289860,2156205,"20.95465828","",NA,NA,NA,NA,NA,"",NA,"",""
"2323","GF20_d140_c8","40.01 (11/14/09)","B","7.911","GF20","","G06","3","AM-F0295","AM-R0295","colon","c8","M","no","11","140","","vancomycin/probenecid","13","3","duringvanc","duringvanc",NA,NA,"no","",238872,102430,"42.88070598","",NA,NA,NA,NA,NA,"",NA,"",""
"2324","GF20_d34_a2","40.01 (11/14/09)","B","1.615","GF20","","D11","3","AM-F0264","AM-R0264","stool","a2","M","yes",NA,"34","","vancomycin/probenecid","11","1","duringvanc","duringvanc",NA,NA,"no","",1814806,1330390,"73.30756015","",NA,NA,NA,NA,NA,"",NA,"",""
"2325","GF20_d34_a4","40.01 (11/14/09)","B","16.866","GF20","","D10","3","AM-F0263","AM-R0263","stool","a4","M","yes",NA,"34","","vancomycin/probenecid","11","1","duringvanc","duringvanc",NA,NA,"no","",1494324,1167863,"78.15326529","",NA,NA,NA,NA,NA,"",NA,"",""
"2326","GF20_d35_a2","40.01 (11/14/09)","B","9.202","GF20","","D08","3","AM-F0261","AM-R0261","stool","a2","M","yes",NA,"35","","vancomycin/probenecid","12","2","duringvanc","duringvanc",NA,NA,"no","",5159544,802415,"15.55205266","",NA,NA,NA,NA,NA,"",NA,"",""
"2327","GF20_d35_a3","40.01 (11/14/09)","B","17.22","GF20","","D07","3","AM-F0260","AM-R0260","stool","a3","M","yes",NA,"35","","vancomycin/probenecid","12","2","duringvanc","duringvanc",NA,NA,"no","",4537739,3196320,"70.4386039","",4537739,3196320,70.44,NA,NA,"",NA,"",""
"2328","GF20_d89_b2","40.01 (11/14/09)","B","1.599","GF20","","B07","3","AM-F0236","AM-R0236","colon","b2","M","yes",NA,"89","","vancomycin/probenecid","11","1","duringvanc","duringvanc",NA,NA,"no","",217935,171207,"78.55874458","",NA,NA,NA,NA,NA,"",NA,"",""
"2888","GF11_B1_d105_colon","40.01 (11/14/09)","B","6.06","GF11","2","B3","6","N707","AM-R0520","colon","B_3_1","M","yes",NA,"105","","none","21",NA,"none","none",NA,NA,"no","",83838,789350,"941.518166","4.4",NA,NA,NA,NA,NA,"A12",1,"AM-F0037","AM-R0037"
"2889","GF11_B2_d105_colon","40.01 (11/14/09)","B","LOW","GF11","2","B4","6","N708","AM-R0521","colon","B_3_2","M","yes",NA,"105","","none","21",NA,"none","none",NA,NA,"no","",612033,181738,"29.69415048","",NA,NA,NA,NA,NA,"",NA,"",""
"2890","GF11_B3_d105_colon","40.01 (11/14/09)","B","LOW","GF11","2","B5","6","N708","AM-R0522","colon","B_3_3","F","yes",NA,"105","","none","21",NA,"none","none",NA,NA,"no","",1113514,361049,"32.42428923","",NA,NA,NA,NA,NA,"",NA,"",""
"2891","GF11_B4_d105_colon","40.01 (11/14/09)","B","LOW","GF11","2","B6","6","AM-F0511","AM-R0523","colon","B_3_4","F","yes",NA,"105","","none","21",NA,"none","none",NA,NA,"no","",1561101,376866,"24.14103892","",NA,NA,NA,NA,NA,"",NA,"",""
"2892","GF11_B5_d105_colon","40.01 (11/14/09)","B","2.81","GF11","2","B7","6","AM-F0525","AM-R0524","colon","B_3_5","M","yes",NA,"105","","none","21",NA,"none","none",NA,NA,"no","",817334,530990,"64.96609709","",NA,NA,NA,NA,NA,"",NA,"",""
"2893","GF11_B6_d105_colon","40.01 (11/14/09)","B","3.41","GF11","2","B8","6","AM-F0509","AM-R0525","colon","B_3_6","F","yes",NA,"105","","none","21",NA,"none","none",NA,NA,"no","",1226590,538844,"43.93024564","",NA,NA,NA,NA,NA,"",NA,"",""
"2894","GF11_B7_d105_colon","40.01 (11/14/09)","B","LOW","GF11","2","B9","6","N708","AM-R0526","colon","B_3_7","M","yes",NA,"105","","none","21",NA,"none","none",NA,NA,"no","",1432697,451300,"31.50003106","",NA,NA,NA,NA,NA,"",NA,"",""
"2895","GF11_B8_d105_colon","40.01 (11/14/09)","B","2.12","GF11","2","B10","6","N708","AM-R0527","colon","B_3_8","F","yes",NA,"105","","none","21",NA,"none","none",NA,NA,"no","",1120644,496698,"44.32255025","",NA,NA,NA,NA,NA,"",NA,"",""
